ISO-10303-21;
HEADER;
FILE_DESCRIPTION((''),'2;1');
FILE_NAME('C-2480803-1','2024-01-19T02:54:08',('workeradm'),(
'TE Connectivity Ltd.'),'CREO PARAMETRIC BY PTC INC, 2021072',
'CREO PARAMETRIC BY PTC INC, 2021072','');
FILE_SCHEMA(('AUTOMOTIVE_DESIGN { 1 0 10303 214 1 1 1 1 }'));
ENDSEC;
DATA;
#134=DIRECTION('',(0.E0,1.E0,0.E0));
#135=VECTOR('',#134,1.000000000003E-1);
#136=CARTESIAN_POINT('',(1.422107815468E0,-1.381444498698E0,-5.75E0));
#137=LINE('',#136,#135);
#138=DIRECTION('',(-1.E0,0.E0,0.E0));
#139=VECTOR('',#138,4.221078154680E-1);
#140=CARTESIAN_POINT('',(1.422107815468E0,-1.281444498698E0,-5.75E0));
#141=LINE('',#140,#139);
#142=DIRECTION('',(-1.E0,0.E0,0.E0));
#143=VECTOR('',#142,2.E0);
#144=CARTESIAN_POINT('',(1.E0,-1.281444498698E0,-5.75E0));
#145=LINE('',#144,#143);
#146=DIRECTION('',(0.E0,1.E0,0.E0));
#147=VECTOR('',#146,1.000000000003E-1);
#148=CARTESIAN_POINT('',(-1.E0,-1.381444498698E0,-5.75E0));
#149=LINE('',#148,#147);
#150=DIRECTION('',(-1.E0,5.245187000785E-13,5.526443500357E-14));
#151=VECTOR('',#150,4.5E-1);
#152=CARTESIAN_POINT('',(-1.E0,-1.381444498698E0,-5.75E0));
#153=LINE('',#152,#151);
#154=DIRECTION('',(-1.E0,0.E0,0.E0));
#155=VECTOR('',#154,2.9E0);
#156=CARTESIAN_POINT('',(1.45E0,-1.28E0,-5.75E0));
#157=LINE('',#156,#155);
#158=CARTESIAN_POINT('',(-1.45E0,-1.28E0,-6.05E0));
#159=DIRECTION('',(0.E0,-1.E0,0.E0));
#160=DIRECTION('',(0.E0,0.E0,1.E0));
#161=AXIS2_PLACEMENT_3D('',#158,#159,#160);
#163=DIRECTION('',(0.E0,0.E0,-1.E0));
#164=VECTOR('',#163,7.E-2);
#165=CARTESIAN_POINT('',(-1.75E0,-1.28E0,-6.05E0));
#166=LINE('',#165,#164);
#167=DIRECTION('',(-1.E0,0.E0,0.E0));
#168=VECTOR('',#167,1.595E0);
#169=CARTESIAN_POINT('',(-1.75E0,-1.28E0,-6.12E0));
#170=LINE('',#169,#168);
#171=DIRECTION('',(0.E0,0.E0,-1.E0));
#172=VECTOR('',#171,1.8E-1);
#173=CARTESIAN_POINT('',(-3.345E0,-1.28E0,-6.12E0));
#174=LINE('',#173,#172);
#175=DIRECTION('',(0.E0,0.E0,-1.E0));
#176=VECTOR('',#175,2.E-1);
#177=CARTESIAN_POINT('',(-3.345E0,-1.28E0,-6.3E0));
#178=LINE('',#177,#176);
#179=DIRECTION('',(-1.E0,0.E0,0.E0));
#180=VECTOR('',#179,5.599999999999E-1);
#181=CARTESIAN_POINT('',(-3.345E0,-1.28E0,-6.5E0));
#182=LINE('',#181,#180);
#183=DIRECTION('',(1.E0,0.E0,0.E0));
#184=VECTOR('',#183,7.81E0);
#185=CARTESIAN_POINT('',(-3.905E0,-1.28E0,-5.65E0));
#186=LINE('',#185,#184);
#187=DIRECTION('',(-1.E0,0.E0,0.E0));
#188=VECTOR('',#187,5.6E-1);
#189=CARTESIAN_POINT('',(3.905E0,-1.28E0,-6.5E0));
#190=LINE('',#189,#188);
#191=DIRECTION('',(0.E0,0.E0,1.E0));
#192=VECTOR('',#191,1.8E-1);
#193=CARTESIAN_POINT('',(3.345E0,-1.28E0,-6.3E0));
#194=LINE('',#193,#192);
#195=DIRECTION('',(-1.E0,0.E0,0.E0));
#196=VECTOR('',#195,1.595E0);
#197=CARTESIAN_POINT('',(3.345E0,-1.28E0,-6.12E0));
#198=LINE('',#197,#196);
#199=DIRECTION('',(0.E0,0.E0,1.E0));
#200=VECTOR('',#199,7.E-2);
#201=CARTESIAN_POINT('',(1.75E0,-1.28E0,-6.12E0));
#202=LINE('',#201,#200);
#203=CARTESIAN_POINT('',(1.45E0,-1.28E0,-6.05E0));
#204=DIRECTION('',(0.E0,-1.E0,0.E0));
#205=DIRECTION('',(1.E0,0.E0,0.E0));
#206=AXIS2_PLACEMENT_3D('',#203,#204,#205);
#208=DIRECTION('',(-1.943054408896E-13,-1.E0,-1.318921780584E-13));
#209=VECTOR('',#208,1.885555013019E-1);
#210=CARTESIAN_POINT('',(-1.45E0,-1.381444498698E0,-5.75E0));
#211=LINE('',#210,#209);
#212=DIRECTION('',(0.E0,1.E0,0.E0));
#213=VECTOR('',#212,2.9E-1);
#214=CARTESIAN_POINT('',(-1.75E0,-1.57E0,-6.05E0));
#215=LINE('',#214,#213);
#216=DIRECTION('',(1.532179915543E-13,-1.E0,2.451487864869E-13));
#217=VECTOR('',#216,1.014444986981E-1);
#218=CARTESIAN_POINT('',(-1.45E0,-1.28E0,-5.75E0));
#219=LINE('',#218,#217);
#220=DIRECTION('',(1.E0,0.E0,0.E0));
#221=VECTOR('',#220,5.550102051444E0);
#222=CARTESIAN_POINT('',(-2.775282429847E0,-1.581444498698E0,-5.75E0));
#223=LINE('',#222,#221);
#224=DIRECTION('',(-1.E0,1.659276140633E-14,0.E0));
#225=VECTOR('',#224,1.324819621597E0);
#226=CARTESIAN_POINT('',(2.774819621597E0,-1.381444498698E0,-5.75E0));
#227=LINE('',#226,#225);
#228=DIRECTION('',(-1.E0,0.E0,0.E0));
#229=VECTOR('',#228,2.9E0);
#230=CARTESIAN_POINT('',(1.45E0,-1.57E0,-5.75E0));
#231=LINE('',#230,#229);
#232=DIRECTION('',(-1.E0,-1.390624503405E-14,0.E0));
#233=VECTOR('',#232,1.325282429847E0);
#234=CARTESIAN_POINT('',(-1.45E0,-1.381444498698E0,-5.75E0));
#235=LINE('',#234,#233);
#236=CARTESIAN_POINT('',(-2.775282429847E0,-1.581444498698E0,-5.55E0));
#237=DIRECTION('',(0.E0,1.E0,0.E0));
#238=DIRECTION('',(0.E0,0.E0,-1.E0));
#239=AXIS2_PLACEMENT_3D('',#236,#237,#238);
#241=CARTESIAN_POINT('',(-3.020231404125E0,-1.581444498698E0,-5.8E0));
#242=DIRECTION('',(0.E0,-1.E0,0.E0));
#243=DIRECTION('',(6.998542125281E-1,0.E0,7.142857139875E-1));
#244=AXIS2_PLACEMENT_3D('',#241,#242,#243);
#246=CARTESIAN_POINT('',(3.019768595875E0,-1.581444498698E0,-5.8E0));
#247=DIRECTION('',(0.E0,-1.E0,0.E0));
#248=DIRECTION('',(0.E0,0.E0,1.E0));
#249=AXIS2_PLACEMENT_3D('',#246,#247,#248);
#251=CARTESIAN_POINT('',(2.774819621597E0,-1.581444498698E0,-5.55E0));
#252=DIRECTION('',(0.E0,1.E0,0.E0));
#253=DIRECTION('',(6.998542122245E-1,0.E0,-7.142857142850E-1));
#254=AXIS2_PLACEMENT_3D('',#251,#252,#253);
#256=DIRECTION('',(8.517194324970E-8,-1.E0,-6.389494573424E-8));
#257=VECTOR('',#256,2.190476284011E-1);
#258=CARTESIAN_POINT('',(-2.915253307403E0,-1.362396870297E0,
-5.692857112739E0));
#259=LINE('',#258,#257);
#260=DIRECTION('',(2.442490654176E-14,1.E0,1.554312234476E-13));
#261=VECTOR('',#260,1.999999999999E-1);
#262=CARTESIAN_POINT('',(-2.775282429847E0,-1.581444498698E0,-5.75E0));
#263=LINE('',#262,#261);
#264=CARTESIAN_POINT('',(-2.775282429847E0,-1.381444498698E0,-5.75E0));
#265=CARTESIAN_POINT('',(-2.793185149896E0,-1.381444498698E0,-5.75E0));
#266=CARTESIAN_POINT('',(-2.827445252838E0,-1.379864887134E0,
-5.745261165033E0));
#267=CARTESIAN_POINT('',(-2.874037870005E0,-1.373566507595E0,
-5.726366027651E0));
#268=CARTESIAN_POINT('',(-2.902251013811E0,-1.366643403071E0,
-5.705596711061E0));
#269=CARTESIAN_POINT('',(-2.915253307403E0,-1.362396870297E0,
-5.692857112739E0));
#271=DIRECTION('',(-1.522591576629E-14,-1.E0,0.E0));
#272=VECTOR('',#271,2.333333333332E-1);
#273=CARTESIAN_POINT('',(-3.020231404125E0,-1.348111165365E0,-5.65E0));
#274=LINE('',#273,#272);
#275=CARTESIAN_POINT('',(-2.915253307403E0,-1.362396870297E0,
-5.692857112739E0));
#276=CARTESIAN_POINT('',(-2.925017949877E0,-1.359207752890E0,
-5.683289760519E0));
#277=CARTESIAN_POINT('',(-2.946211495788E0,-1.354015041786E0,
-5.667711630223E0));
#278=CARTESIAN_POINT('',(-2.980990560256E0,-1.349310481406E0,
-5.653597947849E0));
#279=CARTESIAN_POINT('',(-3.006752808405E0,-1.348111165365E0,-5.65E0));
#280=CARTESIAN_POINT('',(-3.020231404125E0,-1.348111165365E0,-5.65E0));
#282=CARTESIAN_POINT('',(-3.905E0,-1.03E0,-5.65E0));
#283=DIRECTION('',(0.E0,0.E0,-1.E0));
#284=DIRECTION('',(-1.801225835152E-12,-1.E0,0.E0));
#285=AXIS2_PLACEMENT_3D('',#282,#283,#284);
#287=CARTESIAN_POINT('',(-3.170231404125E0,-2.814444986981E-1,-5.65E0));
#288=DIRECTION('',(0.E0,0.E0,1.E0));
#289=DIRECTION('',(-7.005042484023E-1,-7.136482312529E-1,0.E0));
#290=AXIS2_PLACEMENT_3D('',#287,#288,#289);
#292=DIRECTION('',(1.E0,2.960594732295E-13,0.E0));
#293=VECTOR('',#292,1.500000000020E-1);
#294=CARTESIAN_POINT('',(-3.170231404127E0,-1.581444498698E0,-5.65E0));
#295=LINE('',#294,#293);
#296=DIRECTION('',(1.E0,-2.990200679619E-13,0.E0));
#297=VECTOR('',#296,1.500000000019E-1);
#298=CARTESIAN_POINT('',(3.019768595875E0,-1.581444498698E0,-5.65E0));
#299=LINE('',#298,#297);
#300=CARTESIAN_POINT('',(3.169768595875E0,-2.814444986981E-1,-5.65E0));
#301=DIRECTION('',(0.E0,0.E0,1.E0));
#302=DIRECTION('',(2.964807886376E-12,-1.E0,0.E0));
#303=AXIS2_PLACEMENT_3D('',#300,#301,#302);
#305=CARTESIAN_POINT('',(3.905E0,-1.03E0,-5.65E0));
#306=DIRECTION('',(0.E0,0.E0,-1.E0));
#307=DIRECTION('',(7.007288580114E-1,-7.134276890828E-1,0.E0));
#308=AXIS2_PLACEMENT_3D('',#305,#306,#307);
#310=CARTESIAN_POINT('',(-3.170231404125E0,-2.814444986981E-1,-5.65E0));
#311=DIRECTION('',(0.E0,0.E0,1.E0));
#312=DIRECTION('',(-1.E0,0.E0,0.E0));
#313=AXIS2_PLACEMENT_3D('',#310,#311,#312);
#315=CARTESIAN_POINT('',(-3.905E0,-1.03E0,-5.65E0));
#316=DIRECTION('',(0.E0,0.E0,-1.E0));
#317=DIRECTION('',(-7.005042484036E-1,-7.136482312516E-1,0.E0));
#318=AXIS2_PLACEMENT_3D('',#315,#316,#317);
#320=DIRECTION('',(0.E0,1.E0,0.E0));
#321=VECTOR('',#320,1.335E0);
#322=CARTESIAN_POINT('',(-4.155E0,-1.03E0,-5.65E0));
#323=LINE('',#322,#321);
#324=DIRECTION('',(0.E0,-1.E0,0.E0));
#325=VECTOR('',#324,1.335E0);
#326=CARTESIAN_POINT('',(4.155E0,3.05E-1,-5.65E0));
#327=LINE('',#326,#325);
#328=CARTESIAN_POINT('',(3.905E0,-1.03E0,-5.65E0));
#329=DIRECTION('',(0.E0,0.E0,-1.E0));
#330=DIRECTION('',(1.E0,-1.413091865743E-12,0.E0));
#331=AXIS2_PLACEMENT_3D('',#328,#329,#330);
#333=CARTESIAN_POINT('',(3.169768595875E0,-2.814444986981E-1,-5.65E0));
#334=DIRECTION('',(0.E0,0.E0,1.E0));
#335=DIRECTION('',(7.007288580117E-1,-7.134276890825E-1,0.E0));
#336=AXIS2_PLACEMENT_3D('',#333,#334,#335);
#338=DIRECTION('',(2.356285101675E-13,0.E0,-1.E0));
#339=VECTOR('',#338,8.5E-1);
#340=CARTESIAN_POINT('',(-3.905E0,-1.28E0,-5.65E0));
#341=LINE('',#340,#339);
#342=DIRECTION('',(0.E0,-5.433562096989E-14,1.E0));
#343=VECTOR('',#342,8.5E-1);
#344=CARTESIAN_POINT('',(-4.155E0,-1.03E0,-6.5E0));
#345=LINE('',#344,#343);
#346=CARTESIAN_POINT('',(-3.170231404125E0,2.785555013019E-1,-6.5E0));
#347=DIRECTION('',(0.E0,0.E0,-1.E0));
#348=DIRECTION('',(-9.854440623394E-1,1.7E-1,0.E0));
#349=AXIS2_PLACEMENT_3D('',#346,#347,#348);
#351=CARTESIAN_POINT('',(-3.18E0,3.05E-1,-6.5E0));
#352=DIRECTION('',(0.E0,0.E0,1.E0));
#353=DIRECTION('',(-7.452682872553E-1,6.667647111325E-1,0.E0));
#354=AXIS2_PLACEMENT_3D('',#351,#352,#353);
#356=CARTESIAN_POINT('',(-3.905E0,-1.03E0,-6.5E0));
#357=DIRECTION('',(0.E0,0.E0,1.E0));
#358=DIRECTION('',(-1.E0,7.993605777301E-14,0.E0));
#359=AXIS2_PLACEMENT_3D('',#356,#357,#358);
#361=CARTESIAN_POINT('',(-3.170231404125E0,2.785555013019E-1,-6.5E0));
#362=DIRECTION('',(0.E0,0.E0,-1.E0));
#363=DIRECTION('',(-1.747685958750E-1,9.846095357531E-1,0.E0));
#364=AXIS2_PLACEMENT_3D('',#361,#362,#363);
#366=CARTESIAN_POINT('',(-3.170231404125E0,2.785555013019E-1,-6.5E0));
#367=DIRECTION('',(0.E0,0.E0,1.E0));
#368=DIRECTION('',(3.068041547312E-11,1.E0,0.E0));
#369=AXIS2_PLACEMENT_3D('',#366,#367,#368);
#371=DIRECTION('',(-1.E0,-1.183803170930E-13,0.E0));
#372=VECTOR('',#371,3.033926224274E-1);
#373=CARTESIAN_POINT('',(-4.155675466464E0,4.485555013019E-1,-6.5E0));
#374=LINE('',#373,#372);
#375=DIRECTION('',(1.E0,0.E0,0.E0));
#376=VECTOR('',#375,3.E-1);
#377=CARTESIAN_POINT('',(-4.470231404125E0,2.485555013019E-1,-6.7E0));
#378=LINE('',#377,#376);
#379=DIRECTION('',(0.E0,0.E0,-1.E0));
#380=VECTOR('',#379,6.594643462471E0);
#381=CARTESIAN_POINT('',(-4.470231404125E0,2.785555013019E-1,0.E0));
#382=LINE('',#381,#380);
#383=CARTESIAN_POINT('',(-4.470231404125E0,2.785555013019E-1,
-6.594643462471E0));
#384=CARTESIAN_POINT('',(-4.470231404125E0,2.875419481483E-1,
-6.580143214079E0));
#385=CARTESIAN_POINT('',(-4.470058731367E0,3.085363149535E-1,
-6.554204680744E0));
#386=CARTESIAN_POINT('',(-4.468512516104E0,3.505036626091E-1,
-6.523072188337E0));
#387=CARTESIAN_POINT('',(-4.464970015780E0,3.988213547170E-1,
-6.504110055428E0));
#388=CARTESIAN_POINT('',(-4.461293424360E0,4.316843602024E-1,-6.5E0));
#389=CARTESIAN_POINT('',(-4.459068088892E0,4.485555013019E-1,-6.5E0));
#391=DIRECTION('',(2.351623169698E-13,0.E0,1.E0));
#392=VECTOR('',#391,6.5E0);
#393=CARTESIAN_POINT('',(-3.170231404085E0,1.578555501302E0,-6.5E0));
#394=LINE('',#393,#392);
#395=DIRECTION('',(0.E0,0.E0,-1.E0));
#396=VECTOR('',#395,1.35E0);
#397=CARTESIAN_POINT('',(-4.470231404125E0,-6.514444986981E-1,-6.2E0));
#398=LINE('',#397,#396);
#399=DIRECTION('',(0.E0,1.E0,0.E0));
#400=VECTOR('',#399,9.E-1);
#401=CARTESIAN_POINT('',(-4.470231404125E0,-6.514444986981E-1,-7.55E0));
#402=LINE('',#401,#400);
#403=DIRECTION('',(0.E0,0.E0,1.E0));
#404=VECTOR('',#403,8.5E-1);
#405=CARTESIAN_POINT('',(-4.470231404125E0,2.485555013019E-1,-7.55E0));
#406=LINE('',#405,#404);
#407=CARTESIAN_POINT('',(-4.470231404125E0,4.485555013019E-1,-6.7E0));
#408=DIRECTION('',(-1.E0,0.E0,0.E0));
#409=DIRECTION('',(0.E0,-1.E0,0.E0));
#410=AXIS2_PLACEMENT_3D('',#407,#408,#409);
#412=DIRECTION('',(0.E0,-1.E0,0.E0));
#413=VECTOR('',#412,5.6E-1);
#414=CARTESIAN_POINT('',(-4.470231404125E0,2.785555013019E-1,0.E0));
#415=LINE('',#414,#413);
#416=DIRECTION('',(0.E0,1.E0,0.E0));
#417=VECTOR('',#416,5.E-2);
#418=CARTESIAN_POINT('',(-4.470231404125E0,-2.814444986981E-1,-5.65E0));
#419=LINE('',#418,#417);
#420=CARTESIAN_POINT('',(-4.470231404125E0,-2.314444986981E-1,-5.8E0));
#421=DIRECTION('',(-1.E0,0.E0,0.E0));
#422=DIRECTION('',(0.E0,-4.644432986349E-14,1.E0));
#423=AXIS2_PLACEMENT_3D('',#420,#421,#422);
#425=DIRECTION('',(0.E0,0.E0,-1.E0));
#426=VECTOR('',#425,5.000000000007E-2);
#427=CARTESIAN_POINT('',(-4.470231404125E0,-8.144449869811E-2,-5.8E0));
#428=LINE('',#427,#426);
#429=CARTESIAN_POINT('',(-4.470231404125E0,-2.314444986981E-1,-5.85E0));
#430=DIRECTION('',(-1.E0,0.E0,0.E0));
#431=DIRECTION('',(0.E0,1.E0,-1.190159082398E-12));
#432=AXIS2_PLACEMENT_3D('',#429,#430,#431);
#434=DIRECTION('',(0.E0,-1.E0,0.E0));
#435=VECTOR('',#434,2.2E-1);
#436=CARTESIAN_POINT('',(-4.470231404125E0,-2.314444986981E-1,-6.E0));
#437=LINE('',#436,#435);
#438=CARTESIAN_POINT('',(-4.470231404125E0,-4.514444986981E-1,-6.2E0));
#439=DIRECTION('',(1.E0,0.E0,0.E0));
#440=DIRECTION('',(0.E0,0.E0,1.E0));
#441=AXIS2_PLACEMENT_3D('',#438,#439,#440);
#443=DIRECTION('',(0.E0,-1.E0,0.E0));
#444=VECTOR('',#443,9.E-1);
#445=CARTESIAN_POINT('',(-4.170231404125E0,2.485555013019E-1,-7.55E0));
#446=LINE('',#445,#444);
#447=DIRECTION('',(0.E0,0.E0,1.E0));
#448=VECTOR('',#447,1.35E0);
#449=CARTESIAN_POINT('',(-4.170231404125E0,-6.514444986981E-1,-7.55E0));
#450=LINE('',#449,#448);
#451=CARTESIAN_POINT('',(-4.170231404125E0,-4.514444986981E-1,-6.2E0));
#452=DIRECTION('',(-1.E0,0.E0,0.E0));
#453=DIRECTION('',(0.E0,-1.E0,0.E0));
#454=AXIS2_PLACEMENT_3D('',#451,#452,#453);
#456=DIRECTION('',(0.E0,1.E0,0.E0));
#457=VECTOR('',#456,2.2E-1);
#458=CARTESIAN_POINT('',(-4.170231404125E0,-4.514444986981E-1,-6.E0));
#459=LINE('',#458,#457);
#460=CARTESIAN_POINT('',(-4.170231404125E0,-2.314444986981E-1,-5.85E0));
#461=DIRECTION('',(1.E0,0.E0,0.E0));
#462=DIRECTION('',(0.E0,-5.606626274357E-14,-1.E0));
#463=AXIS2_PLACEMENT_3D('',#460,#461,#462);
#465=DIRECTION('',(0.E0,0.E0,1.E0));
#466=VECTOR('',#465,5.000000000007E-2);
#467=CARTESIAN_POINT('',(-4.170231404125E0,-8.144449869811E-2,-5.85E0));
#468=LINE('',#467,#466);
#469=CARTESIAN_POINT('',(-4.170231404125E0,-2.314444986981E-1,-5.8E0));
#470=DIRECTION('',(1.E0,0.E0,0.E0));
#471=DIRECTION('',(0.E0,1.E0,1.184237892934E-12));
#472=AXIS2_PLACEMENT_3D('',#469,#470,#471);
#474=DIRECTION('',(0.E0,-1.E0,0.E0));
#475=VECTOR('',#474,5.1E-1);
#476=CARTESIAN_POINT('',(-4.170231404125E0,2.785555013019E-1,-5.65E0));
#477=LINE('',#476,#475);
#478=DIRECTION('',(1.551373666809E-13,3.318540420162E-7,-9.999999999999E-1));
#479=VECTOR('',#478,9.446430759135E-1);
#480=CARTESIAN_POINT('',(-4.170231404125E0,2.785555013019E-1,-5.65E0));
#481=LINE('',#480,#479);
#482=CARTESIAN_POINT('',(-4.170231404125E0,4.485555013019E-1,-6.7E0));
#483=DIRECTION('',(1.E0,0.E0,0.E0));
#484=DIRECTION('',(0.E0,-8.5E-1,5.267826876427E-1));
#485=AXIS2_PLACEMENT_3D('',#482,#483,#484);
#487=DIRECTION('',(0.E0,0.E0,-1.E0));
#488=VECTOR('',#487,8.5E-1);
#489=CARTESIAN_POINT('',(-4.170231404125E0,2.485555013019E-1,-6.7E0));
#490=LINE('',#489,#488);
#491=DIRECTION('',(0.E0,-1.E0,0.E0));
#492=VECTOR('',#491,5.6E-1);
#493=CARTESIAN_POINT('',(-4.170231404125E0,2.785555013019E-1,-4.85E0));
#494=LINE('',#493,#492);
#495=DIRECTION('',(-8.967216753123E-8,-8.423851393574E-8,1.E0));
#496=VECTOR('',#495,4.650001024401E0);
#497=CARTESIAN_POINT('',(-4.170231404125E0,-2.814444986981E-1,-4.85E0));
#498=LINE('',#497,#496);
#499=DIRECTION('',(1.009720159756E-7,1.E0,-2.778315027726E-7));
#500=VECTOR('',#499,5.600027031579E-1);
#501=CARTESIAN_POINT('',(-4.170231821101E0,-2.814448904073E-1,
-1.999989755987E-1));
#502=LINE('',#501,#500);
#503=DIRECTION('',(7.751204336499E-8,-4.970856600296E-7,-9.999999999999E-1));
#504=VECTOR('',#503,4.650000868815E0);
#505=CARTESIAN_POINT('',(-4.170231764556E0,2.785578127506E-1,
-1.999991311851E-1));
#506=LINE('',#505,#504);
#507=DIRECTION('',(1.E0,0.E0,0.E0));
#508=VECTOR('',#507,3.E-1);
#509=CARTESIAN_POINT('',(-4.470231404125E0,-6.514444986981E-1,-7.55E0));
#510=LINE('',#509,#508);
#511=DIRECTION('',(1.E0,0.E0,0.E0));
#512=VECTOR('',#511,3.E-1);
#513=CARTESIAN_POINT('',(-4.470231404125E0,2.485555013019E-1,-7.55E0));
#514=LINE('',#513,#512);
#515=DIRECTION('',(1.E0,0.E0,0.E0));
#516=VECTOR('',#515,3.E-1);
#517=CARTESIAN_POINT('',(-4.470231404125E0,-4.514444986981E-1,-6.E0));
#518=LINE('',#517,#516);
#519=DIRECTION('',(-1.E0,0.E0,0.E0));
#520=VECTOR('',#519,3.E-1);
#521=CARTESIAN_POINT('',(-4.170231404125E0,-6.514444986981E-1,-6.2E0));
#522=LINE('',#521,#520);
#523=DIRECTION('',(-1.E0,-1.362798762727E-13,0.E0));
#524=VECTOR('',#523,3.E-1);
#525=CARTESIAN_POINT('',(-4.170231404125E0,-2.314444986981E-1,-6.E0));
#526=LINE('',#525,#524);
#527=DIRECTION('',(1.E0,0.E0,1.421085471520E-13));
#528=VECTOR('',#527,3.E-1);
#529=CARTESIAN_POINT('',(-4.470231404125E0,-8.144449869811E-2,-5.85E0));
#530=LINE('',#529,#528);
#531=DIRECTION('',(1.E0,-1.008452580701E-13,0.E0));
#532=VECTOR('',#531,3.E-1);
#533=CARTESIAN_POINT('',(-4.470231404125E0,-2.314444986981E-1,-5.65E0));
#534=LINE('',#533,#532);
#535=DIRECTION('',(-1.E0,0.E0,-1.361873576874E-13));
#536=VECTOR('',#535,3.E-1);
#537=CARTESIAN_POINT('',(-4.170231404125E0,-8.144449869811E-2,-5.8E0));
#538=LINE('',#537,#536);
#539=CARTESIAN_POINT('',(-3.170231404125E0,2.785555013019E-1,-4.85E0));
#540=DIRECTION('',(0.E0,0.E0,1.E0));
#541=DIRECTION('',(1.016964290557E-12,1.E0,0.E0));
#542=AXIS2_PLACEMENT_3D('',#539,#540,#541);
#544=CARTESIAN_POINT('',(-3.170231404125E0,2.785555013019E-1,-5.65E0));
#545=DIRECTION('',(0.E0,0.E0,1.E0));
#546=DIRECTION('',(-7.363820123986E-1,6.765659848202E-1,0.E0));
#547=AXIS2_PLACEMENT_3D('',#544,#545,#546);
#549=DIRECTION('',(-8.184836915172E-6,-1.095738119587E-5,-9.999999999065E-1));
#550=VECTOR('',#549,8.500000000795E-1);
#551=CARTESIAN_POINT('',(-3.906612824169E0,9.551220803486E-1,-5.65E0));
#552=LINE('',#551,#550);
#553=CARTESIAN_POINT('',(-4.155675466464E0,4.485555013019E-1,-6.5E0));
#554=CARTESIAN_POINT('',(-4.158578349440E0,4.317282731116E-1,-6.5E0));
#555=CARTESIAN_POINT('',(-4.163372956020E0,3.989042524188E-1,
-6.504096831464E0));
#556=CARTESIAN_POINT('',(-4.167986053081E0,3.506536827864E-1,
-6.522988601543E0));
#557=CARTESIAN_POINT('',(-4.170007185395E0,3.085745486259E-1,
-6.554154287916E0));
#558=CARTESIAN_POINT('',(-4.170231395662E0,2.875542528925E-1,
-6.580123478800E0));
#559=CARTESIAN_POINT('',(-4.170231404125E0,2.785558147855E-1,
-6.594643075913E0));
#561=CARTESIAN_POINT('',(-3.05E0,-3.E-1,-4.85E0));
#562=DIRECTION('',(0.E0,0.E0,1.E0));
#563=DIRECTION('',(-1.E0,3.386180225107E-14,0.E0));
#564=AXIS2_PLACEMENT_3D('',#561,#562,#563);
#566=CARTESIAN_POINT('',(3.05E0,-3.E-1,-4.85E0));
#567=DIRECTION('',(0.E0,0.E0,1.E0));
#568=DIRECTION('',(0.E0,-1.E0,0.E0));
#569=AXIS2_PLACEMENT_3D('',#566,#567,#568);
#571=DIRECTION('',(0.E0,1.E0,0.E0));
#572=VECTOR('',#571,6.000000000002E-1);
#573=CARTESIAN_POINT('',(3.35E0,-3.000000000001E-1,-4.85E0));
#574=LINE('',#573,#572);
#575=CARTESIAN_POINT('',(3.05E0,3.E-1,-4.85E0));
#576=DIRECTION('',(0.E0,0.E0,1.E0));
#577=DIRECTION('',(1.E0,-3.386180225107E-14,0.E0));
#578=AXIS2_PLACEMENT_3D('',#575,#576,#577);
#580=DIRECTION('',(-1.E0,0.E0,0.E0));
#581=VECTOR('',#580,6.1E0);
#582=CARTESIAN_POINT('',(3.05E0,6.E-1,-4.85E0));
#583=LINE('',#582,#581);
#584=CARTESIAN_POINT('',(-3.05E0,3.E-1,-4.85E0));
#585=DIRECTION('',(0.E0,0.E0,1.E0));
#586=DIRECTION('',(0.E0,1.E0,0.E0));
#587=AXIS2_PLACEMENT_3D('',#584,#585,#586);
#589=DIRECTION('',(0.E0,-1.E0,0.E0));
#590=VECTOR('',#589,6.000000000011E-1);
#591=CARTESIAN_POINT('',(-3.35E0,3.000000000006E-1,-4.85E0));
#592=LINE('',#591,#590);
#593=DIRECTION('',(-1.E0,0.E0,0.E0));
#594=VECTOR('',#593,2.E0);
#595=CARTESIAN_POINT('',(1.E0,-1.281444498698E0,-5.65E0));
#596=LINE('',#595,#594);
#597=DIRECTION('',(0.E0,0.E0,-1.E0));
#598=VECTOR('',#597,1.E-1);
#599=CARTESIAN_POINT('',(-1.E0,-1.281444498698E0,-5.65E0));
#600=LINE('',#599,#598);
#601=DIRECTION('',(0.E0,0.E0,1.E0));
#602=VECTOR('',#601,1.E-1);
#603=CARTESIAN_POINT('',(1.422107815468E0,-1.281444498698E0,-5.75E0));
#604=LINE('',#603,#602);
#605=DIRECTION('',(-1.E0,0.E0,0.E0));
#606=VECTOR('',#605,4.221078154680E-1);
#607=CARTESIAN_POINT('',(1.422107815468E0,-1.281444498698E0,-5.65E0));
#608=LINE('',#607,#606);
#609=DIRECTION('',(-1.E0,0.E0,0.E0));
#610=VECTOR('',#609,6.340000000001E0);
#611=CARTESIAN_POINT('',(3.169768595875E0,-1.281444498698E0,-4.85E0));
#612=LINE('',#611,#610);
#613=DIRECTION('',(4.824740758213E-8,-7.274582036563E-8,1.E0));
#614=VECTOR('',#613,4.650000802352E0);
#615=CARTESIAN_POINT('',(3.169768595875E0,-1.281444498698E0,-4.85E0));
#616=LINE('',#615,#614);
#617=DIRECTION('',(3.289925638116E-7,8.718292092100E-8,-9.999999999999E-1));
#618=VECTOR('',#617,4.650000989963E0);
#619=CARTESIAN_POINT('',(-3.170232933941E0,-1.281444904099E0,
-1.999990100373E-1));
#620=LINE('',#619,#618);
#621=DIRECTION('',(0.E0,-1.E0,0.E0));
#622=VECTOR('',#621,6.666666666677E-2);
#623=CARTESIAN_POINT('',(-1.E0,-1.281444498698E0,-5.65E0));
#624=LINE('',#623,#622);
#625=DIRECTION('',(-1.E0,0.E0,0.E0));
#626=VECTOR('',#625,2.020231404125E0);
#627=CARTESIAN_POINT('',(-1.E0,-1.348111165365E0,-5.65E0));
#628=LINE('',#627,#626);
#629=DIRECTION('',(0.E0,-3.162277660186E-1,-9.486832980499E-1));
#630=VECTOR('',#629,1.054092553390E-1);
#631=CARTESIAN_POINT('',(-1.E0,-1.348111165365E0,-5.65E0));
#632=LINE('',#631,#630);
#633=DIRECTION('',(0.E0,-1.E0,0.E0));
#634=VECTOR('',#633,6.666666666677E-2);
#635=CARTESIAN_POINT('',(1.422107815468E0,-1.281444498698E0,-5.65E0));
#636=LINE('',#635,#634);
#637=DIRECTION('',(-1.E0,0.E0,0.E0));
#638=VECTOR('',#637,1.597660780407E0);
#639=CARTESIAN_POINT('',(3.019768595875E0,-1.348111165365E0,-5.65E0));
#640=LINE('',#639,#638);
#641=DIRECTION('',(0.E0,-3.162277660186E-1,-9.486832980499E-1));
#642=VECTOR('',#641,1.054092553390E-1);
#643=CARTESIAN_POINT('',(1.422107815468E0,-1.348111165365E0,-5.65E0));
#644=LINE('',#643,#642);
#645=DIRECTION('',(1.E0,8.183720912975E-12,8.279250729080E-13));
#646=VECTOR('',#645,2.789218453198E-2);
#647=CARTESIAN_POINT('',(1.422107815468E0,-1.381444498698E0,-5.75E0));
#648=LINE('',#647,#646);
#649=DIRECTION('',(1.487698852998E-13,-1.E0,-1.421085471521E-13));
#650=VECTOR('',#649,1.999999999999E-1);
#651=CARTESIAN_POINT('',(2.774819621597E0,-1.381444498698E0,-5.75E0));
#652=LINE('',#651,#650);
#653=CARTESIAN_POINT('',(2.914790463653E0,-1.362396879778E0,-5.692857143238E0));
#654=CARTESIAN_POINT('',(2.895604235712E0,-1.368663075549E0,-5.711655730553E0));
#655=CARTESIAN_POINT('',(2.852713070714E0,-1.377822898529E0,-5.739135199492E0));
#656=CARTESIAN_POINT('',(2.802401562012E0,-1.381444498698E0,-5.75E0));
#657=CARTESIAN_POINT('',(2.774819621597E0,-1.381444498698E0,-5.75E0));
#659=CARTESIAN_POINT('',(3.019768595875E0,-1.348111165365E0,-5.65E0));
#660=CARTESIAN_POINT('',(2.978395684869E0,-1.348111165365E0,-5.65E0));
#661=CARTESIAN_POINT('',(2.943569805641E0,-1.352997585975E0,-5.664659261832E0));
#662=CARTESIAN_POINT('',(2.914790463653E0,-1.362396879778E0,-5.692857143238E0));
#664=DIRECTION('',(5.916962574069E-10,-1.E0,5.801260922872E-10));
#665=VECTOR('',#664,2.190476189740E-1);
#666=CARTESIAN_POINT('',(2.914790463844E0,-1.362396879724E0,-5.692857143050E0));
#667=LINE('',#666,#665);
#668=DIRECTION('',(1.522591576630E-14,1.E0,0.E0));
#669=VECTOR('',#668,2.333333333332E-1);
#670=CARTESIAN_POINT('',(3.019768595875E0,-1.581444498698E0,-5.65E0));
#671=LINE('',#670,#669);
#672=CARTESIAN_POINT('',(3.169768595875E0,-2.814444986981E-1,-4.85E0));
#673=DIRECTION('',(0.E0,0.E0,1.E0));
#674=DIRECTION('',(1.014299755298E-12,-1.E0,0.E0));
#675=AXIS2_PLACEMENT_3D('',#672,#673,#674);
#677=CARTESIAN_POINT('',(4.169768595875E0,4.485555013019E-1,-6.7E0));
#678=DIRECTION('',(-1.E0,0.E0,0.E0));
#679=DIRECTION('',(0.E0,-1.E0,0.E0));
#680=AXIS2_PLACEMENT_3D('',#677,#678,#679);
#682=DIRECTION('',(0.E0,1.E0,0.E0));
#683=VECTOR('',#682,5.1E-1);
#684=CARTESIAN_POINT('',(4.169768595875E0,-2.314444986981E-1,-5.65E0));
#685=LINE('',#684,#683);
#686=CARTESIAN_POINT('',(4.169768595875E0,-2.314444986981E-1,-5.8E0));
#687=DIRECTION('',(-1.E0,0.E0,0.E0));
#688=DIRECTION('',(0.E0,0.E0,1.E0));
#689=AXIS2_PLACEMENT_3D('',#686,#687,#688);
#691=DIRECTION('',(0.E0,0.E0,-1.E0));
#692=VECTOR('',#691,4.999999999999E-2);
#693=CARTESIAN_POINT('',(4.169768595875E0,-8.144449869811E-2,-5.8E0));
#694=LINE('',#693,#692);
#695=CARTESIAN_POINT('',(4.169768595875E0,-2.314444986981E-1,-5.85E0));
#696=DIRECTION('',(-1.E0,0.E0,0.E0));
#697=DIRECTION('',(0.E0,1.E0,-1.190159082398E-12));
#698=AXIS2_PLACEMENT_3D('',#695,#696,#697);
#700=CARTESIAN_POINT('',(4.169768595875E0,-4.514444986981E-1,-6.2E0));
#701=DIRECTION('',(1.E0,0.E0,0.E0));
#702=DIRECTION('',(0.E0,0.E0,1.E0));
#703=AXIS2_PLACEMENT_3D('',#700,#701,#702);
#705=DIRECTION('',(0.E0,1.E0,0.E0));
#706=VECTOR('',#705,5.6E-1);
#707=CARTESIAN_POINT('',(4.169768595875E0,-2.814444986981E-1,-4.85E0));
#708=LINE('',#707,#706);
#709=DIRECTION('',(3.787444663013E-12,-1.E0,-8.285035200342E-13));
#710=VECTOR('',#709,5.600002785404E-1);
#711=CARTESIAN_POINT('',(4.169768936608E0,2.785555908562E-1,
-1.999991905108E-1));
#712=LINE('',#711,#710);
#713=DIRECTION('',(-7.327627560226E-8,4.064216522869E-8,-1.E0));
#714=VECTOR('',#713,4.650000809489E0);
#715=CARTESIAN_POINT('',(4.169768936610E0,-2.814446876842E-1,
-1.999991905113E-1));
#716=LINE('',#715,#714);
#717=DIRECTION('',(0.E0,-1.E0,0.E0));
#718=VECTOR('',#717,9.E-1);
#719=CARTESIAN_POINT('',(4.169768595875E0,2.485555013019E-1,-7.55E0));
#720=LINE('',#719,#718);
#721=DIRECTION('',(0.E0,1.E0,0.E0));
#722=VECTOR('',#721,9.E-1);
#723=CARTESIAN_POINT('',(4.469768595875E0,-6.514444986981E-1,-7.55E0));
#724=LINE('',#723,#722);
#725=DIRECTION('',(-1.E0,0.E0,0.E0));
#726=VECTOR('',#725,3.E-1);
#727=CARTESIAN_POINT('',(4.469768595875E0,2.485555013019E-1,-7.55E0));
#728=LINE('',#727,#726);
#729=DIRECTION('',(0.E0,0.E0,-1.E0));
#730=VECTOR('',#729,1.35E0);
#731=CARTESIAN_POINT('',(4.469768595875E0,-6.514444986981E-1,-6.2E0));
#732=LINE('',#731,#730);
#733=DIRECTION('',(-1.E0,0.E0,0.E0));
#734=VECTOR('',#733,3.E-1);
#735=CARTESIAN_POINT('',(4.469768595875E0,-6.514444986981E-1,-7.55E0));
#736=LINE('',#735,#734);
#737=DIRECTION('',(0.E0,0.E0,1.E0));
#738=VECTOR('',#737,1.35E0);
#739=CARTESIAN_POINT('',(4.169768595875E0,-6.514444986981E-1,-7.55E0));
#740=LINE('',#739,#738);
#741=CARTESIAN_POINT('',(4.469768595875E0,-4.514444986981E-1,-6.2E0));
#742=DIRECTION('',(-1.E0,0.E0,0.E0));
#743=DIRECTION('',(0.E0,-1.E0,0.E0));
#744=AXIS2_PLACEMENT_3D('',#741,#742,#743);
#746=CARTESIAN_POINT('',(4.469768595875E0,-2.314444986981E-1,-5.85E0));
#747=DIRECTION('',(1.E0,0.E0,0.E0));
#748=DIRECTION('',(0.E0,0.E0,-1.E0));
#749=AXIS2_PLACEMENT_3D('',#746,#747,#748);
#751=DIRECTION('',(0.E0,0.E0,1.E0));
#752=VECTOR('',#751,5.000000000007E-2);
#753=CARTESIAN_POINT('',(4.469768595875E0,-8.144449869811E-2,-5.85E0));
#754=LINE('',#753,#752);
#755=CARTESIAN_POINT('',(4.469768595875E0,-2.314444986981E-1,-5.8E0));
#756=DIRECTION('',(1.E0,0.E0,0.E0));
#757=DIRECTION('',(0.E0,1.E0,1.202001461328E-12));
#758=AXIS2_PLACEMENT_3D('',#755,#756,#757);
#760=DIRECTION('',(0.E0,-1.E0,0.E0));
#761=VECTOR('',#760,4.999999999996E-2);
#762=CARTESIAN_POINT('',(4.469768595875E0,-2.314444986981E-1,-5.65E0));
#763=LINE('',#762,#761);
#764=CARTESIAN_POINT('',(4.469768595875E0,4.485555013019E-1,-6.7E0));
#765=DIRECTION('',(1.E0,0.E0,0.E0));
#766=DIRECTION('',(0.E0,-8.5E-1,5.267826876427E-1));
#767=AXIS2_PLACEMENT_3D('',#764,#765,#766);
#769=DIRECTION('',(0.E0,0.E0,-1.E0));
#770=VECTOR('',#769,8.5E-1);
#771=CARTESIAN_POINT('',(4.169768595875E0,2.485555013019E-1,-6.7E0));
#772=LINE('',#771,#770);
#773=DIRECTION('',(0.E0,0.E0,1.E0));
#774=VECTOR('',#773,8.5E-1);
#775=CARTESIAN_POINT('',(4.469768595875E0,2.485555013019E-1,-7.55E0));
#776=LINE('',#775,#774);
#777=DIRECTION('',(-1.E0,1.178314129952E-13,0.E0));
#778=VECTOR('',#777,3.033926224274E-1);
#779=CARTESIAN_POINT('',(4.458605280642E0,4.485555013019E-1,-6.5E0));
#780=LINE('',#779,#778);
#781=DIRECTION('',(1.E0,0.E0,0.E0));
#782=VECTOR('',#781,3.E-1);
#783=CARTESIAN_POINT('',(4.169768595875E0,2.485555013019E-1,-6.7E0));
#784=LINE('',#783,#782);
#785=CARTESIAN_POINT('',(3.169768595875E0,2.785555013019E-1,-6.5E0));
#786=DIRECTION('',(0.E0,0.E0,1.E0));
#787=DIRECTION('',(9.914128344358E-1,1.307692307692E-1,0.E0));
#788=AXIS2_PLACEMENT_3D('',#785,#786,#787);
#790=CARTESIAN_POINT('',(3.169768595875E0,2.785555013019E-1,-6.5E0));
#791=DIRECTION('',(0.E0,0.E0,-1.E0));
#792=DIRECTION('',(-4.636314304030E-6,9.999999999893E-1,0.E0));
#793=AXIS2_PLACEMENT_3D('',#790,#791,#792);
#795=CARTESIAN_POINT('',(3.905E0,-1.03E0,-6.5E0));
#796=DIRECTION('',(0.E0,0.E0,1.E0));
#797=DIRECTION('',(0.E0,-1.E0,0.E0));
#798=AXIS2_PLACEMENT_3D('',#795,#796,#797);
#800=DIRECTION('',(0.E0,1.E0,0.E0));
#801=VECTOR('',#800,1.335E0);
#802=CARTESIAN_POINT('',(4.155E0,-1.03E0,-6.5E0));
#803=LINE('',#802,#801);
#804=CARTESIAN_POINT('',(3.18E0,3.05E-1,-6.5E0));
#805=DIRECTION('',(0.E0,0.E0,1.E0));
#806=DIRECTION('',(1.E0,0.E0,0.E0));
#807=AXIS2_PLACEMENT_3D('',#804,#805,#806);
#809=CARTESIAN_POINT('',(3.169768595875E0,2.785555013019E-1,-6.5E0));
#810=DIRECTION('',(0.E0,0.E0,-1.E0));
#811=DIRECTION('',(7.537860515455E-1,6.571199194176E-1,0.E0));
#812=AXIS2_PLACEMENT_3D('',#809,#810,#811);
#814=CARTESIAN_POINT('',(4.458605280642E0,4.485555013019E-1,-6.5E0));
#815=CARTESIAN_POINT('',(4.460853672795E0,4.315095584239E-1,-6.5E0));
#816=CARTESIAN_POINT('',(4.464540070423E0,3.984603918359E-1,-6.504199222598E0));
#817=CARTESIAN_POINT('',(4.468041883564E0,3.505037000888E-1,-6.523147848407E0));
#818=CARTESIAN_POINT('',(4.469582069794E0,3.091155284624E-1,-6.553675989475E0));
#819=CARTESIAN_POINT('',(4.469768595875E0,2.877189767879E-1,-6.579857566227E0));
#820=CARTESIAN_POINT('',(4.469768595875E0,2.785555013019E-1,-6.594643462471E0));
#822=DIRECTION('',(0.E0,0.E0,1.E0));
#823=VECTOR('',#822,6.594643462471E0);
#824=CARTESIAN_POINT('',(4.469768595875E0,2.785555013019E-1,-6.594643462471E0));
#825=LINE('',#824,#823);
#826=DIRECTION('',(-1.E0,0.E0,1.973311104424E-11));
#827=VECTOR('',#826,6.340000000003E0);
#828=CARTESIAN_POINT('',(3.169768595877E0,-1.581444498698E0,
-4.871078355488E-10));
#829=LINE('',#828,#827);
#830=CARTESIAN_POINT('',(-3.170231404125E0,-2.814444986981E-1,0.E0));
#831=DIRECTION('',(0.E0,0.E0,-1.E0));
#832=DIRECTION('',(-2.631399371904E-12,-1.E0,0.E0));
#833=AXIS2_PLACEMENT_3D('',#830,#831,#832);
#835=CARTESIAN_POINT('',(-3.170231404125E0,2.785555013019E-1,0.E0));
#836=DIRECTION('',(0.E0,0.E0,-1.E0));
#837=DIRECTION('',(-1.E0,0.E0,0.E0));
#838=AXIS2_PLACEMENT_3D('',#835,#836,#837);
#840=CARTESIAN_POINT('',(3.169768595875E0,2.785555013019E-1,0.E0));
#841=DIRECTION('',(0.E0,0.E0,-1.E0));
#842=DIRECTION('',(7.983904136101E-11,1.E0,0.E0));
#843=AXIS2_PLACEMENT_3D('',#840,#841,#842);
#845=DIRECTION('',(0.E0,-1.E0,0.E0));
#846=VECTOR('',#845,5.6E-1);
#847=CARTESIAN_POINT('',(4.469768595875E0,2.785555013019E-1,0.E0));
#848=LINE('',#847,#846);
#849=CARTESIAN_POINT('',(3.169768595875E0,-2.814444986981E-1,0.E0));
#850=DIRECTION('',(0.E0,0.E0,-1.E0));
#851=DIRECTION('',(1.E0,0.E0,0.E0));
#852=AXIS2_PLACEMENT_3D('',#849,#850,#851);
#854=CARTESIAN_POINT('',(3.169768595875E0,-2.814444986981E-1,
7.460698725481E-14));
#855=DIRECTION('',(0.E0,0.E0,1.E0));
#856=DIRECTION('',(5.581724407194E-6,-9.999999999844E-1,0.E0));
#857=AXIS2_PLACEMENT_3D('',#854,#855,#856);
#859=DIRECTION('',(-6.826205965284E-12,1.E0,-3.961731796383E-14));
#860=VECTOR('',#859,5.600065303963E-1);
#861=CARTESIAN_POINT('',(4.319768730371E0,-2.814488108782E-1,
2.356320258357E-8));
#862=LINE('',#861,#860);
#863=CARTESIAN_POINT('',(3.169768595875E0,2.785555013019E-1,
1.075362021652E-12));
#864=DIRECTION('',(0.E0,0.E0,1.E0));
#865=DIRECTION('',(9.999999999901E-1,4.449924418608E-6,0.E0));
#866=AXIS2_PLACEMENT_3D('',#863,#864,#865);
#868=DIRECTION('',(-1.E0,5.691202619418E-14,-6.398079170386E-14));
#869=VECTOR('',#868,6.340004163129E0);
#870=CARTESIAN_POINT('',(3.169771053226E0,1.428555635793E0,2.356292816882E-8));
#871=LINE('',#870,#869);
#872=CARTESIAN_POINT('',(-3.170231404125E0,2.785555013019E-1,
7.460698725481E-14));
#873=DIRECTION('',(0.E0,0.E0,1.E0));
#874=DIRECTION('',(-3.171064696635E-6,9.999999999950E-1,0.E0));
#875=AXIS2_PLACEMENT_3D('',#872,#873,#874);
#877=DIRECTION('',(4.693751393050E-11,-1.E0,-5.438532864533E-12));
#878=VECTOR('',#877,5.600134760002E-1);
#879=CARTESIAN_POINT('',(-4.320231520686E0,2.785658993236E-1,
1.451988895784E-8));
#880=LINE('',#879,#878);
#881=CARTESIAN_POINT('',(-3.170231404125E0,-2.814444986981E-1,
7.638334409421E-14));
#882=DIRECTION('',(0.E0,0.E0,1.E0));
#883=DIRECTION('',(-9.999999999863E-1,-5.243319070490E-6,0.E0));
#884=AXIS2_PLACEMENT_3D('',#881,#882,#883);
#886=DIRECTION('',(0.E0,0.E0,1.E0));
#887=VECTOR('',#886,5.65E0);
#888=CARTESIAN_POINT('',(-4.470231404125E0,-2.814444986981E-1,-5.65E0));
#889=LINE('',#888,#887);
#890=DIRECTION('',(-2.955354741846E-14,0.E0,-1.E0));
#891=VECTOR('',#890,5.649999999638E0);
#892=CARTESIAN_POINT('',(-3.170231404127E0,-1.581444498698E0,
-3.619999115282E-10));
#893=LINE('',#892,#891);
#894=CARTESIAN_POINT('',(-8.502314041251E-1,1.578555501302E0,-6.25E0));
#895=DIRECTION('',(0.E0,1.E0,0.E0));
#896=DIRECTION('',(-1.E0,0.E0,1.292003541190E-11));
#897=AXIS2_PLACEMENT_3D('',#894,#895,#896);
#899=DIRECTION('',(1.E0,0.E0,-7.038557223358E-12));
#900=VECTOR('',#899,1.699998918882E0);
#901=CARTESIAN_POINT('',(-8.502314228554E-1,1.578555501302E0,-6.1E0));
#902=LINE('',#901,#900);
#903=CARTESIAN_POINT('',(8.497685958749E-1,1.578555501302E0,-6.25E0));
#904=DIRECTION('',(0.E0,1.E0,0.E0));
#905=DIRECTION('',(0.E0,0.E0,1.E0));
#906=AXIS2_PLACEMENT_3D('',#903,#904,#905);
#908=DIRECTION('',(4.440892098541E-13,0.E0,-1.E0));
#909=VECTOR('',#908,9.999999999909E-2);
#910=CARTESIAN_POINT('',(9.997685958749E-1,1.578555501302E0,-6.25E0));
#911=LINE('',#910,#909);
#912=CARTESIAN_POINT('',(1.149768595875E0,1.578555501302E0,-6.35E0));
#913=DIRECTION('',(0.E0,-1.E0,0.E0));
#914=DIRECTION('',(-1.E0,0.E0,1.256476404402E-11));
#915=AXIS2_PLACEMENT_3D('',#912,#913,#914);
#917=DIRECTION('',(1.E0,-1.447997957970E-11,0.E0));
#918=VECTOR('',#917,2.019980036019E0);
#919=CARTESIAN_POINT('',(1.149768595874E0,1.578555501302E0,-6.5E0));
#920=LINE('',#919,#918);
#921=DIRECTION('',(2.047400872494E-6,-2.025730011081E-14,9.999999999979E-1));
#922=VECTOR('',#921,6.500000000014E0);
#923=CARTESIAN_POINT('',(3.169748631893E0,1.578555501273E0,-6.5E0));
#924=LINE('',#923,#922);
#925=DIRECTION('',(-1.E0,4.606449749547E-12,0.E0));
#926=VECTOR('',#925,6.339993344082E0);
#927=CARTESIAN_POINT('',(3.169761939999E0,1.578555501273E0,0.E0));
#928=LINE('',#927,#926);
#929=DIRECTION('',(1.E0,2.209453742120E-14,0.E0));
#930=VECTOR('',#929,2.019999999960E0);
#931=CARTESIAN_POINT('',(-3.170231404085E0,1.578555501302E0,-6.5E0));
#932=LINE('',#931,#930);
#933=CARTESIAN_POINT('',(-1.150231404125E0,1.578555501302E0,-6.35E0));
#934=DIRECTION('',(0.E0,-1.E0,0.E0));
#935=DIRECTION('',(0.E0,0.E0,-1.E0));
#936=AXIS2_PLACEMENT_3D('',#933,#934,#935);
#938=DIRECTION('',(-4.440892098455E-13,0.E0,1.E0));
#939=VECTOR('',#938,1.000000000010E-1);
#940=CARTESIAN_POINT('',(-1.000231404125E0,1.578555501302E0,-6.35E0));
#941=LINE('',#940,#939);
#942=DIRECTION('',(-3.774758283726E-14,-1.E0,-3.996802888651E-13));
#943=VECTOR('',#942,3.E-1);
#944=CARTESIAN_POINT('',(-1.000231404125E0,1.578555501302E0,-6.249999999999E0));
#945=LINE('',#944,#943);
#946=CARTESIAN_POINT('',(-8.560522768036E-1,1.278555501302E0,
-6.100040330079E0));
#947=CARTESIAN_POINT('',(-8.722013326245E-1,1.278555501302E0,
-6.100689344755E0));
#948=CARTESIAN_POINT('',(-9.018665094921E-1,1.278555501302E0,
-6.106768679372E0));
#949=CARTESIAN_POINT('',(-9.428597436931E-1,1.278555501302E0,
-6.129007066061E0));
#950=CARTESIAN_POINT('',(-9.748415891707E-1,1.278555501302E0,
-6.162331175378E0));
#951=CARTESIAN_POINT('',(-9.954584493774E-1,1.278555501302E0,
-6.204121277404E0));
#952=CARTESIAN_POINT('',(-1.000231404125E0,1.278555501302E0,-6.234151679068E0));
#953=CARTESIAN_POINT('',(-1.000231404125E0,1.278555501302E0,-6.249999999999E0));
#955=DIRECTION('',(4.463096558948E-13,0.E0,-1.E0));
#956=VECTOR('',#955,1.000000000010E-1);
#957=CARTESIAN_POINT('',(-1.000231404125E0,1.278555501302E0,-6.249999999999E0));
#958=LINE('',#957,#956);
#959=CARTESIAN_POINT('',(-1.150231404125E0,1.278555501302E0,-6.35E0));
#960=DIRECTION('',(0.E0,1.E0,0.E0));
#961=DIRECTION('',(1.E0,0.E0,-6.987003568308E-13));
#962=AXIS2_PLACEMENT_3D('',#959,#960,#961);
#964=DIRECTION('',(-1.E0,-3.484562309716E-14,0.E0));
#965=VECTOR('',#964,2.019999457750E0);
#966=CARTESIAN_POINT('',(-1.150231404125E0,1.278555503047E0,-6.5E0));
#967=LINE('',#966,#965);
#968=DIRECTION('',(-9.002167200563E-7,-4.361666583462E-9,9.999999999996E-1));
#969=VECTOR('',#968,4.000000000002E-1);
#970=CARTESIAN_POINT('',(-3.170230861875E0,1.278555503047E0,-6.5E0));
#971=LINE('',#970,#969);
#972=DIRECTION('',(1.269598868456E-5,9.999999999194E-1,1.992130852314E-11));
#973=VECTOR('',#972,3.003647077986E-1);
#974=CARTESIAN_POINT('',(8.497636826001E-1,1.278190793528E0,-6.100000000018E0));
#975=LINE('',#974,#973);
#976=DIRECTION('',(-9.100176670920E-8,-1.E0,0.E0));
#977=VECTOR('',#976,3.003640758287E-1);
#978=CARTESIAN_POINT('',(-8.502314228554E-1,1.578555501302E0,-6.1E0));
#979=LINE('',#978,#977);
#980=CARTESIAN_POINT('',(-8.560522768036E-1,1.278555501302E0,
-6.100040330079E0));
#981=CARTESIAN_POINT('',(-8.550310886239E-1,1.278554559139E0,
-6.100040330079E0));
#982=CARTESIAN_POINT('',(-8.533164112106E-1,1.278492938553E0,
-6.099979834961E0));
#983=CARTESIAN_POINT('',(-8.512196931304E-1,1.278311841479E0,-6.1E0));
#984=CARTESIAN_POINT('',(-8.502314501891E-1,1.278191425473E0,-6.1E0));
#986=DIRECTION('',(-9.999999998481E-1,-3.003223302E-14,1.742738130700E-5));
#987=VECTOR('',#986,2.314178945510E0);
#988=CARTESIAN_POINT('',(-8.560522768036E-1,1.278555501302E0,
-6.100040330079E0));
#989=LINE('',#988,#987);
#990=CARTESIAN_POINT('',(-3.170231404125E0,2.785555013019E-1,-6.1E0));
#991=DIRECTION('',(0.E0,0.E0,1.E0));
#992=DIRECTION('',(4.987006363422E-10,1.E0,0.E0));
#993=AXIS2_PLACEMENT_3D('',#990,#991,#992);
#995=DIRECTION('',(0.E0,-1.E0,0.E0));
#996=VECTOR('',#995,1.333165037055E0);
#997=CARTESIAN_POINT('',(-3.345E0,1.263165037055E0,-6.1E0));
#998=LINE('',#997,#996);
#999=DIRECTION('',(1.E0,0.E0,0.E0));
#1000=VECTOR('',#999,3.975E-1);
#1001=CARTESIAN_POINT('',(-3.345E0,-7.E-2,-6.1E0));
#1002=LINE('',#1001,#1000);
#1003=DIRECTION('',(1.E0,0.E0,0.E0));
#1004=VECTOR('',#1003,5.E-1);
#1005=CARTESIAN_POINT('',(-2.9475E0,7.5E-2,-6.1E0));
#1006=LINE('',#1005,#1004);
#1007=DIRECTION('',(0.E0,-1.E0,0.E0));
#1008=VECTOR('',#1007,1.45E-1);
#1009=CARTESIAN_POINT('',(-2.4475E0,7.5E-2,-6.1E0));
#1010=LINE('',#1009,#1008);
#1011=DIRECTION('',(1.E0,0.E0,0.E0));
#1012=VECTOR('',#1011,7.E-1);
#1013=CARTESIAN_POINT('',(-2.4475E0,-7.E-2,-6.1E0));
#1014=LINE('',#1013,#1012);
#1015=DIRECTION('',(1.E0,0.E0,0.E0));
#1016=VECTOR('',#1015,5.003260806100E-1);
#1017=CARTESIAN_POINT('',(-1.7475E0,7.5E-2,-6.1E0));
#1018=LINE('',#1017,#1016);
#1019=DIRECTION('',(0.E0,-1.E0,0.E0));
#1020=VECTOR('',#1019,1.45E-1);
#1021=CARTESIAN_POINT('',(-1.247173919390E0,7.5E-2,-6.1E0));
#1022=LINE('',#1021,#1020);
#1023=DIRECTION('',(1.E0,0.E0,0.E0));
#1024=VECTOR('',#1023,4.965386078282E-1);
#1025=CARTESIAN_POINT('',(-1.247173919390E0,-7.E-2,-6.1E0));
#1026=LINE('',#1025,#1024);
#1027=DIRECTION('',(1.E0,0.E0,0.E0));
#1028=VECTOR('',#1027,5.031353115618E-1);
#1029=CARTESIAN_POINT('',(-7.506353115618E-1,7.5E-2,-6.1E0));
#1030=LINE('',#1029,#1028);
#1031=DIRECTION('',(0.E0,-1.E0,0.E0));
#1032=VECTOR('',#1031,1.45E-1);
#1033=CARTESIAN_POINT('',(-2.475E-1,7.5E-2,-6.1E0));
#1034=LINE('',#1033,#1032);
#1035=DIRECTION('',(1.E0,0.E0,0.E0));
#1036=VECTOR('',#1035,5.E-1);
#1037=CARTESIAN_POINT('',(-2.475E-1,-7.E-2,-6.1E0));
#1038=LINE('',#1037,#1036);
#1039=DIRECTION('',(1.E0,0.E0,0.E0));
#1040=VECTOR('',#1039,5.031353115618E-1);
#1041=CARTESIAN_POINT('',(2.525E-1,7.5E-2,-6.1E0));
#1042=LINE('',#1041,#1040);
#1043=DIRECTION('',(0.E0,-1.E0,0.E0));
#1044=VECTOR('',#1043,1.45E-1);
#1045=CARTESIAN_POINT('',(7.556353115618E-1,7.5E-2,-6.1E0));
#1046=LINE('',#1045,#1044);
#1047=DIRECTION('',(1.E0,0.E0,0.E0));
#1048=VECTOR('',#1047,4.965386078282E-1);
#1049=CARTESIAN_POINT('',(7.556353115618E-1,-7.E-2,-6.1E0));
#1050=LINE('',#1049,#1048);
#1051=DIRECTION('',(1.E0,0.E0,0.E0));
#1052=VECTOR('',#1051,5.003260806100E-1);
#1053=CARTESIAN_POINT('',(1.252173919390E0,7.5E-2,-6.1E0));
#1054=LINE('',#1053,#1052);
#1055=DIRECTION('',(0.E0,-1.E0,0.E0));
#1056=VECTOR('',#1055,1.45E-1);
#1057=CARTESIAN_POINT('',(1.7525E0,7.5E-2,-6.1E0));
#1058=LINE('',#1057,#1056);
#1059=DIRECTION('',(1.E0,0.E0,0.E0));
#1060=VECTOR('',#1059,7.E-1);
#1061=CARTESIAN_POINT('',(1.7525E0,-7.E-2,-6.1E0));
#1062=LINE('',#1061,#1060);
#1063=DIRECTION('',(1.E0,0.E0,0.E0));
#1064=VECTOR('',#1063,5.E-1);
#1065=CARTESIAN_POINT('',(2.4525E0,7.5E-2,-6.1E0));
#1066=LINE('',#1065,#1064);
#1067=DIRECTION('',(0.E0,-1.E0,0.E0));
#1068=VECTOR('',#1067,1.45E-1);
#1069=CARTESIAN_POINT('',(2.9525E0,7.5E-2,-6.1E0));
#1070=LINE('',#1069,#1068);
#1071=DIRECTION('',(1.E0,0.E0,0.E0));
#1072=VECTOR('',#1071,3.925E-1);
#1073=CARTESIAN_POINT('',(2.9525E0,-7.E-2,-6.1E0));
#1074=LINE('',#1073,#1072);
#1075=DIRECTION('',(0.E0,1.E0,0.E0));
#1076=VECTOR('',#1075,1.333082776195E0);
#1077=CARTESIAN_POINT('',(3.345E0,-7.E-2,-6.1E0));
#1078=LINE('',#1077,#1076);
#1079=CARTESIAN_POINT('',(3.169768595875E0,2.785555013019E-1,-6.1E0));
#1080=DIRECTION('',(0.E0,0.E0,1.E0));
#1081=DIRECTION('',(1.752314041250E-1,9.845272748931E-1,0.E0));
#1082=AXIS2_PLACEMENT_3D('',#1079,#1080,#1081);
#1084=DIRECTION('',(-9.999999998481E-1,1.806732066776E-13,-1.742738713560E-5));
#1085=VECTOR('',#1084,2.314178171531E0);
#1086=CARTESIAN_POINT('',(3.169767620158E0,1.278555501302E0,-6.1E0));
#1087=LINE('',#1086,#1085);
#1088=CARTESIAN_POINT('',(8.555894489775E-1,1.278555501302E0,
-6.100040330079E0));
#1089=CARTESIAN_POINT('',(8.545673272908E-1,1.278554565476E0,
-6.100040330079E0));
#1090=CARTESIAN_POINT('',(8.528498227826E-1,1.278492746166E0,
-6.099979834952E0));
#1091=CARTESIAN_POINT('',(8.507531933435E-1,1.278311476387E0,
-6.100000000018E0));
#1092=CARTESIAN_POINT('',(8.497636826001E-1,1.278190793528E0,
-6.100000000018E0));
#1094=DIRECTION('',(-3.700743415417E-14,1.E0,3.996802888651E-13));
#1095=VECTOR('',#1094,3.E-1);
#1096=CARTESIAN_POINT('',(9.997685958749E-1,1.278555501302E0,-6.25E0));
#1097=LINE('',#1096,#1095);
#1098=DIRECTION('',(-4.286447121654E-6,8.723333721958E-9,-9.999999999908E-1));
#1099=VECTOR('',#1098,4.000000000037E-1);
#1100=CARTESIAN_POINT('',(3.169767620158E0,1.278555501302E0,-6.1E0));
#1101=LINE('',#1100,#1099);
#1102=DIRECTION('',(-1.E0,2.065457268927E-13,0.E0));
#1103=VECTOR('',#1102,2.019997309704E0);
#1104=CARTESIAN_POINT('',(3.169765905579E0,1.278555504791E0,-6.5E0));
#1105=LINE('',#1104,#1103);
#1106=CARTESIAN_POINT('',(1.149768595875E0,1.278555501302E0,-6.35E0));
#1107=DIRECTION('',(0.E0,1.E0,0.E0));
#1108=DIRECTION('',(0.E0,0.E0,-1.E0));
#1109=AXIS2_PLACEMENT_3D('',#1106,#1107,#1108);
#1111=DIRECTION('',(-4.440892098522E-13,0.E0,1.E0));
#1112=VECTOR('',#1111,9.999999999952E-2);
#1113=CARTESIAN_POINT('',(9.997685958749E-1,1.278555501302E0,-6.35E0));
#1114=LINE('',#1113,#1112);
#1115=CARTESIAN_POINT('',(9.997685958749E-1,1.278555501302E0,-6.25E0));
#1116=CARTESIAN_POINT('',(9.997685958749E-1,1.278555501302E0,
-6.234149358898E0));
#1117=CARTESIAN_POINT('',(9.949942446100E-1,1.278555501302E0,
-6.204115532714E0));
#1118=CARTESIAN_POINT('',(9.743739010928E-1,1.278555501302E0,
-6.162323978874E0));
#1119=CARTESIAN_POINT('',(9.423899420075E-1,1.278555501302E0,
-6.129001901404E0));
#1120=CARTESIAN_POINT('',(9.013980131726E-1,1.278555501302E0,
-6.106767052455E0));
#1121=CARTESIAN_POINT('',(8.717362149894E-1,1.278555501302E0,
-6.100689252730E0));
#1122=CARTESIAN_POINT('',(8.555894489775E-1,1.278555501302E0,
-6.100040330079E0));
#1124=DIRECTION('',(0.E0,0.E0,-1.E0));
#1125=VECTOR('',#1124,4.E-1);
#1126=CARTESIAN_POINT('',(3.345E0,1.263082776195E0,-6.1E0));
#1127=LINE('',#1126,#1125);
#1128=DIRECTION('',(0.E0,0.E0,-1.E0));
#1129=VECTOR('',#1128,2.E-1);
#1130=CARTESIAN_POINT('',(3.345E0,-7.E-2,-6.1E0));
#1131=LINE('',#1130,#1129);
#1132=DIRECTION('',(0.E0,-1.E0,0.E0));
#1133=VECTOR('',#1132,1.21E0);
#1134=CARTESIAN_POINT('',(3.345E0,-7.E-2,-6.3E0));
#1135=LINE('',#1134,#1133);
#1136=DIRECTION('',(0.E0,0.E0,-1.E0));
#1137=VECTOR('',#1136,2.E-1);
#1138=CARTESIAN_POINT('',(3.345E0,-1.28E0,-6.3E0));
#1139=LINE('',#1138,#1137);
#1140=DIRECTION('',(0.E0,1.E0,0.E0));
#1141=VECTOR('',#1140,2.543082776195E0);
#1142=CARTESIAN_POINT('',(3.345E0,-1.28E0,-6.5E0));
#1143=LINE('',#1142,#1141);
#1144=DIRECTION('',(0.E0,0.E0,-1.E0));
#1145=VECTOR('',#1144,1.957594684533E-1);
#1146=CARTESIAN_POINT('',(2.9525E0,7.5E-2,-6.1E0));
#1147=LINE('',#1146,#1145);
#1148=CARTESIAN_POINT('',(2.9525E0,-1.75E-1,-6.295759468453E0));
#1149=DIRECTION('',(-1.E0,0.E0,0.E0));
#1150=DIRECTION('',(0.E0,1.E0,0.E0));
#1151=AXIS2_PLACEMENT_3D('',#1148,#1149,#1150);
#1153=DIRECTION('',(0.E0,-1.E0,0.E0));
#1154=VECTOR('',#1153,1.495E0);
#1155=CARTESIAN_POINT('',(2.9525E0,-1.75E-1,-6.545759468453E0));
#1156=LINE('',#1155,#1154);
#1157=DIRECTION('',(0.E0,0.E0,1.E0));
#1158=VECTOR('',#1157,1.5E-1);
#1159=CARTESIAN_POINT('',(2.9525E0,-1.67E0,-6.545759468453E0));
#1160=LINE('',#1159,#1158);
#1161=DIRECTION('',(0.E0,1.E0,0.E0));
#1162=VECTOR('',#1161,1.495E0);
#1163=CARTESIAN_POINT('',(2.9525E0,-1.67E0,-6.395759468453E0));
#1164=LINE('',#1163,#1162);
#1165=CARTESIAN_POINT('',(2.9525E0,-1.75E-1,-6.295759468453E0));
#1166=DIRECTION('',(1.E0,0.E0,0.E0));
#1167=DIRECTION('',(0.E0,0.E0,-1.E0));
#1168=AXIS2_PLACEMENT_3D('',#1165,#1166,#1167);
#1170=DIRECTION('',(0.E0,0.E0,1.E0));
#1171=VECTOR('',#1170,2.E-1);
#1172=CARTESIAN_POINT('',(2.9525E0,-7.E-2,-6.3E0));
#1173=LINE('',#1172,#1171);
#1174=DIRECTION('',(0.E0,0.E0,-1.E0));
#1175=VECTOR('',#1174,1.957594684533E-1);
#1176=CARTESIAN_POINT('',(2.4525E0,7.5E-2,-6.1E0));
#1177=LINE('',#1176,#1175);
#1178=DIRECTION('',(0.E0,-1.E0,0.E0));
#1179=VECTOR('',#1178,1.45E-1);
#1180=CARTESIAN_POINT('',(2.4525E0,7.5E-2,-6.1E0));
#1181=LINE('',#1180,#1179);
#1182=DIRECTION('',(0.E0,-1.E0,-1.744964579404E-13));
#1183=VECTOR('',#1182,5.089950994900E-3);
#1184=CARTESIAN_POINT('',(2.4525E0,-7.E-2,-6.3E0));
#1185=LINE('',#1184,#1183);
#1186=CARTESIAN_POINT('',(2.4525E0,-1.75E-1,-6.295759468453E0));
#1187=DIRECTION('',(-1.E0,0.E0,0.E0));
#1188=DIRECTION('',(0.E0,9.991004900510E-1,-4.240531546699E-2));
#1189=AXIS2_PLACEMENT_3D('',#1186,#1187,#1188);
#1191=CARTESIAN_POINT('',(2.4525E0,-1.75E-1,-6.295759468453E0));
#1192=DIRECTION('',(1.E0,0.E0,0.E0));
#1193=DIRECTION('',(0.E0,0.E0,-1.E0));
#1194=AXIS2_PLACEMENT_3D('',#1191,#1192,#1193);
#1196=DIRECTION('',(0.E0,0.E0,1.E0));
#1197=VECTOR('',#1196,2.E-1);
#1198=CARTESIAN_POINT('',(2.4525E0,-7.E-2,-6.3E0));
#1199=LINE('',#1198,#1197);
#1200=CARTESIAN_POINT('',(1.7525E0,-1.75E-1,-6.295759468453E0));
#1201=DIRECTION('',(-1.E0,0.E0,0.E0));
#1202=DIRECTION('',(0.E0,1.E0,0.E0));
#1203=AXIS2_PLACEMENT_3D('',#1200,#1201,#1202);
#1205=DIRECTION('',(0.E0,-1.E0,0.E0));
#1206=VECTOR('',#1205,1.495E0);
#1207=CARTESIAN_POINT('',(1.7525E0,-1.75E-1,-6.545759468453E0));
#1208=LINE('',#1207,#1206);
#1209=DIRECTION('',(0.E0,0.E0,1.E0));
#1210=VECTOR('',#1209,1.5E-1);
#1211=CARTESIAN_POINT('',(1.7525E0,-1.67E0,-6.545759468453E0));
#1212=LINE('',#1211,#1210);
#1213=DIRECTION('',(0.E0,1.E0,0.E0));
#1214=VECTOR('',#1213,1.495E0);
#1215=CARTESIAN_POINT('',(1.7525E0,-1.67E0,-6.395759468453E0));
#1216=LINE('',#1215,#1214);
#1217=CARTESIAN_POINT('',(1.7525E0,-1.75E-1,-6.295759468453E0));
#1218=DIRECTION('',(1.E0,0.E0,0.E0));
#1219=DIRECTION('',(0.E0,1.054711873394E-14,-1.E0));
#1220=AXIS2_PLACEMENT_3D('',#1217,#1218,#1219);
#1222=DIRECTION('',(0.E0,0.E0,1.E0));
#1223=VECTOR('',#1222,2.E-1);
#1224=CARTESIAN_POINT('',(1.7525E0,-7.E-2,-6.3E0));
#1225=LINE('',#1224,#1223);
#1226=DIRECTION('',(0.E0,0.E0,-1.E0));
#1227=VECTOR('',#1226,1.957594684533E-1);
#1228=CARTESIAN_POINT('',(1.252173919390E0,7.5E-2,-6.1E0));
#1229=LINE('',#1228,#1227);
#1230=DIRECTION('',(0.E0,0.E0,1.E0));
#1231=VECTOR('',#1230,1.957594684533E-1);
#1232=CARTESIAN_POINT('',(1.7525E0,7.5E-2,-6.295759468453E0));
#1233=LINE('',#1232,#1231);
#1234=DIRECTION('',(0.E0,-1.E0,0.E0));
#1235=VECTOR('',#1234,1.45E-1);
#1236=CARTESIAN_POINT('',(1.252173919390E0,7.5E-2,-6.1E0));
#1237=LINE('',#1236,#1235);
#1238=DIRECTION('',(0.E0,-1.E0,-1.744964579404E-13));
#1239=VECTOR('',#1238,5.089950994900E-3);
#1240=CARTESIAN_POINT('',(1.252173919390E0,-7.E-2,-6.3E0));
#1241=LINE('',#1240,#1239);
#1242=CARTESIAN_POINT('',(1.252173919390E0,-1.75E-1,-6.295759468453E0));
#1243=DIRECTION('',(-1.E0,0.E0,0.E0));
#1244=DIRECTION('',(0.E0,9.991004900510E-1,-4.240531546699E-2));
#1245=AXIS2_PLACEMENT_3D('',#1242,#1243,#1244);
#1247=DIRECTION('',(0.E0,-1.E0,0.E0));
#1248=VECTOR('',#1247,1.495E0);
#1249=CARTESIAN_POINT('',(1.252173919390E0,-1.75E-1,-6.395759468453E0));
#1250=LINE('',#1249,#1248);
#1251=DIRECTION('',(0.E0,0.E0,-1.E0));
#1252=VECTOR('',#1251,1.5E-1);
#1253=CARTESIAN_POINT('',(1.252173919390E0,-1.67E0,-6.395759468453E0));
#1254=LINE('',#1253,#1252);
#1255=DIRECTION('',(0.E0,1.E0,0.E0));
#1256=VECTOR('',#1255,1.495E0);
#1257=CARTESIAN_POINT('',(1.252173919390E0,-1.67E0,-6.545759468453E0));
#1258=LINE('',#1257,#1256);
#1259=CARTESIAN_POINT('',(1.252173919390E0,-1.75E-1,-6.295759468453E0));
#1260=DIRECTION('',(1.E0,0.E0,0.E0));
#1261=DIRECTION('',(0.E0,0.E0,-1.E0));
#1262=AXIS2_PLACEMENT_3D('',#1259,#1260,#1261);
#1264=DIRECTION('',(0.E0,0.E0,1.E0));
#1265=VECTOR('',#1264,2.E-1);
#1266=CARTESIAN_POINT('',(1.252173919390E0,-7.E-2,-6.3E0));
#1267=LINE('',#1266,#1265);
#1268=CARTESIAN_POINT('',(7.556353115618E-1,-1.75E-1,-6.295759468453E0));
#1269=DIRECTION('',(-1.E0,0.E0,0.E0));
#1270=DIRECTION('',(0.E0,1.E0,0.E0));
#1271=AXIS2_PLACEMENT_3D('',#1268,#1269,#1270);
#1273=DIRECTION('',(0.E0,-1.E0,0.E0));
#1274=VECTOR('',#1273,1.495E0);
#1275=CARTESIAN_POINT('',(7.556353115618E-1,-1.75E-1,-6.545759468453E0));
#1276=LINE('',#1275,#1274);
#1277=DIRECTION('',(0.E0,0.E0,1.E0));
#1278=VECTOR('',#1277,1.5E-1);
#1279=CARTESIAN_POINT('',(7.556353115618E-1,-1.67E0,-6.545759468453E0));
#1280=LINE('',#1279,#1278);
#1281=DIRECTION('',(0.E0,1.E0,0.E0));
#1282=VECTOR('',#1281,1.495E0);
#1283=CARTESIAN_POINT('',(7.556353115618E-1,-1.67E0,-6.395759468453E0));
#1284=LINE('',#1283,#1282);
#1285=CARTESIAN_POINT('',(7.556353115618E-1,-1.75E-1,-6.295759468453E0));
#1286=DIRECTION('',(1.E0,0.E0,0.E0));
#1287=DIRECTION('',(0.E0,0.E0,-1.E0));
#1288=AXIS2_PLACEMENT_3D('',#1285,#1286,#1287);
#1290=DIRECTION('',(0.E0,0.E0,1.E0));
#1291=VECTOR('',#1290,2.E-1);
#1292=CARTESIAN_POINT('',(7.556353115618E-1,-7.E-2,-6.3E0));
#1293=LINE('',#1292,#1291);
#1294=DIRECTION('',(0.E0,0.E0,-1.E0));
#1295=VECTOR('',#1294,1.957594684533E-1);
#1296=CARTESIAN_POINT('',(2.525E-1,7.5E-2,-6.1E0));
#1297=LINE('',#1296,#1295);
#1298=DIRECTION('',(0.E0,0.E0,1.E0));
#1299=VECTOR('',#1298,1.957594684533E-1);
#1300=CARTESIAN_POINT('',(7.556353115618E-1,7.5E-2,-6.295759468453E0));
#1301=LINE('',#1300,#1299);
#1302=DIRECTION('',(0.E0,-1.E0,0.E0));
#1303=VECTOR('',#1302,1.45E-1);
#1304=CARTESIAN_POINT('',(2.525E-1,7.5E-2,-6.1E0));
#1305=LINE('',#1304,#1303);
#1306=DIRECTION('',(0.E0,-1.E0,-1.744964579404E-13));
#1307=VECTOR('',#1306,5.089950994900E-3);
#1308=CARTESIAN_POINT('',(2.525E-1,-7.E-2,-6.3E0));
#1309=LINE('',#1308,#1307);
#1310=CARTESIAN_POINT('',(2.525E-1,-1.75E-1,-6.295759468453E0));
#1311=DIRECTION('',(-1.E0,0.E0,0.E0));
#1312=DIRECTION('',(0.E0,9.991004900510E-1,-4.240531546699E-2));
#1313=AXIS2_PLACEMENT_3D('',#1310,#1311,#1312);
#1315=DIRECTION('',(0.E0,-1.E0,0.E0));
#1316=VECTOR('',#1315,1.495E0);
#1317=CARTESIAN_POINT('',(2.525E-1,-1.75E-1,-6.395759468453E0));
#1318=LINE('',#1317,#1316);
#1319=DIRECTION('',(0.E0,0.E0,-1.E0));
#1320=VECTOR('',#1319,1.5E-1);
#1321=CARTESIAN_POINT('',(2.525E-1,-1.67E0,-6.395759468453E0));
#1322=LINE('',#1321,#1320);
#1323=DIRECTION('',(0.E0,1.E0,0.E0));
#1324=VECTOR('',#1323,1.495E0);
#1325=CARTESIAN_POINT('',(2.525E-1,-1.67E0,-6.545759468453E0));
#1326=LINE('',#1325,#1324);
#1327=CARTESIAN_POINT('',(2.525E-1,-1.75E-1,-6.295759468453E0));
#1328=DIRECTION('',(1.E0,0.E0,0.E0));
#1329=DIRECTION('',(0.E0,0.E0,-1.E0));
#1330=AXIS2_PLACEMENT_3D('',#1327,#1328,#1329);
#1332=DIRECTION('',(0.E0,0.E0,1.E0));
#1333=VECTOR('',#1332,2.E-1);
#1334=CARTESIAN_POINT('',(2.525E-1,-7.E-2,-6.3E0));
#1335=LINE('',#1334,#1333);
#1336=CARTESIAN_POINT('',(-2.475E-1,-1.75E-1,-6.295759468453E0));
#1337=DIRECTION('',(-1.E0,0.E0,0.E0));
#1338=DIRECTION('',(0.E0,1.E0,0.E0));
#1339=AXIS2_PLACEMENT_3D('',#1336,#1337,#1338);
#1341=DIRECTION('',(0.E0,-1.E0,0.E0));
#1342=VECTOR('',#1341,1.495E0);
#1343=CARTESIAN_POINT('',(-2.475E-1,-1.75E-1,-6.545759468453E0));
#1344=LINE('',#1343,#1342);
#1345=DIRECTION('',(0.E0,0.E0,1.E0));
#1346=VECTOR('',#1345,1.5E-1);
#1347=CARTESIAN_POINT('',(-2.475E-1,-1.67E0,-6.545759468453E0));
#1348=LINE('',#1347,#1346);
#1349=DIRECTION('',(0.E0,1.E0,0.E0));
#1350=VECTOR('',#1349,1.495E0);
#1351=CARTESIAN_POINT('',(-2.475E-1,-1.67E0,-6.395759468453E0));
#1352=LINE('',#1351,#1350);
#1353=CARTESIAN_POINT('',(-2.475E-1,-1.75E-1,-6.295759468453E0));
#1354=DIRECTION('',(1.E0,0.E0,0.E0));
#1355=DIRECTION('',(0.E0,0.E0,-1.E0));
#1356=AXIS2_PLACEMENT_3D('',#1353,#1354,#1355);
#1358=DIRECTION('',(0.E0,0.E0,1.E0));
#1359=VECTOR('',#1358,2.E-1);
#1360=CARTESIAN_POINT('',(-2.475E-1,-7.E-2,-6.3E0));
#1361=LINE('',#1360,#1359);
#1362=DIRECTION('',(0.E0,0.E0,1.E0));
#1363=VECTOR('',#1362,1.957594684533E-1);
#1364=CARTESIAN_POINT('',(-2.475E-1,7.5E-2,-6.295759468453E0));
#1365=LINE('',#1364,#1363);
#1366=DIRECTION('',(0.E0,-1.E0,0.E0));
#1367=VECTOR('',#1366,1.45E-1);
#1368=CARTESIAN_POINT('',(-7.506353115618E-1,7.5E-2,-6.1E0));
#1369=LINE('',#1368,#1367);
#1370=DIRECTION('',(0.E0,-1.E0,-1.744964579404E-13));
#1371=VECTOR('',#1370,5.089950994900E-3);
#1372=CARTESIAN_POINT('',(-7.506353115618E-1,-7.E-2,-6.3E0));
#1373=LINE('',#1372,#1371);
#1374=CARTESIAN_POINT('',(-7.506353115618E-1,-1.75E-1,-6.295759468453E0));
#1375=DIRECTION('',(-1.E0,0.E0,0.E0));
#1376=DIRECTION('',(0.E0,9.991004900510E-1,-4.240531546699E-2));
#1377=AXIS2_PLACEMENT_3D('',#1374,#1375,#1376);
#1379=DIRECTION('',(0.E0,-1.E0,0.E0));
#1380=VECTOR('',#1379,1.495E0);
#1381=CARTESIAN_POINT('',(-7.506353115618E-1,-1.75E-1,-6.395759468453E0));
#1382=LINE('',#1381,#1380);
#1383=DIRECTION('',(0.E0,0.E0,-1.E0));
#1384=VECTOR('',#1383,1.5E-1);
#1385=CARTESIAN_POINT('',(-7.506353115618E-1,-1.67E0,-6.395759468453E0));
#1386=LINE('',#1385,#1384);
#1387=DIRECTION('',(0.E0,1.E0,0.E0));
#1388=VECTOR('',#1387,1.495E0);
#1389=CARTESIAN_POINT('',(-7.506353115618E-1,-1.67E0,-6.545759468453E0));
#1390=LINE('',#1389,#1388);
#1391=CARTESIAN_POINT('',(-7.506353115618E-1,-1.75E-1,-6.295759468453E0));
#1392=DIRECTION('',(1.E0,0.E0,0.E0));
#1393=DIRECTION('',(0.E0,0.E0,-1.E0));
#1394=AXIS2_PLACEMENT_3D('',#1391,#1392,#1393);
#1396=DIRECTION('',(0.E0,0.E0,1.E0));
#1397=VECTOR('',#1396,1.957594684533E-1);
#1398=CARTESIAN_POINT('',(-7.506353115618E-1,7.5E-2,-6.295759468453E0));
#1399=LINE('',#1398,#1397);
#1400=DIRECTION('',(0.E0,0.E0,1.E0));
#1401=VECTOR('',#1400,2.E-1);
#1402=CARTESIAN_POINT('',(-7.506353115618E-1,-7.E-2,-6.3E0));
#1403=LINE('',#1402,#1401);
#1404=CARTESIAN_POINT('',(-1.247173919390E0,-1.75E-1,-6.295759468453E0));
#1405=DIRECTION('',(-1.E0,0.E0,0.E0));
#1406=DIRECTION('',(0.E0,1.E0,0.E0));
#1407=AXIS2_PLACEMENT_3D('',#1404,#1405,#1406);
#1409=DIRECTION('',(0.E0,-1.E0,0.E0));
#1410=VECTOR('',#1409,1.495E0);
#1411=CARTESIAN_POINT('',(-1.247173919390E0,-1.75E-1,-6.545759468453E0));
#1412=LINE('',#1411,#1410);
#1413=DIRECTION('',(0.E0,0.E0,1.E0));
#1414=VECTOR('',#1413,1.5E-1);
#1415=CARTESIAN_POINT('',(-1.247173919390E0,-1.67E0,-6.545759468453E0));
#1416=LINE('',#1415,#1414);
#1417=DIRECTION('',(0.E0,1.E0,0.E0));
#1418=VECTOR('',#1417,1.495E0);
#1419=CARTESIAN_POINT('',(-1.247173919390E0,-1.67E0,-6.395759468453E0));
#1420=LINE('',#1419,#1418);
#1421=CARTESIAN_POINT('',(-1.247173919390E0,-1.75E-1,-6.295759468453E0));
#1422=DIRECTION('',(1.E0,0.E0,0.E0));
#1423=DIRECTION('',(0.E0,1.054711873394E-14,-1.E0));
#1424=AXIS2_PLACEMENT_3D('',#1421,#1422,#1423);
#1426=DIRECTION('',(0.E0,0.E0,1.E0));
#1427=VECTOR('',#1426,2.E-1);
#1428=CARTESIAN_POINT('',(-1.247173919390E0,-7.E-2,-6.3E0));
#1429=LINE('',#1428,#1427);
#1430=DIRECTION('',(0.E0,0.E0,-1.E0));
#1431=VECTOR('',#1430,1.957594684533E-1);
#1432=CARTESIAN_POINT('',(-1.7475E0,7.5E-2,-6.1E0));
#1433=LINE('',#1432,#1431);
#1434=DIRECTION('',(0.E0,0.E0,1.E0));
#1435=VECTOR('',#1434,1.957594684533E-1);
#1436=CARTESIAN_POINT('',(-1.247173919390E0,7.5E-2,-6.295759468453E0));
#1437=LINE('',#1436,#1435);
#1438=DIRECTION('',(0.E0,-1.E0,0.E0));
#1439=VECTOR('',#1438,1.45E-1);
#1440=CARTESIAN_POINT('',(-1.7475E0,7.5E-2,-6.1E0));
#1441=LINE('',#1440,#1439);
#1442=DIRECTION('',(0.E0,-1.E0,-3.489929158807E-13));
#1443=VECTOR('',#1442,5.089950994900E-3);
#1444=CARTESIAN_POINT('',(-1.7475E0,-7.E-2,-6.3E0));
#1445=LINE('',#1444,#1443);
#1446=CARTESIAN_POINT('',(-1.7475E0,-1.75E-1,-6.295759468453E0));
#1447=DIRECTION('',(-1.E0,0.E0,0.E0));
#1448=DIRECTION('',(0.E0,9.991004900510E-1,-4.240531546700E-2));
#1449=AXIS2_PLACEMENT_3D('',#1446,#1447,#1448);
#1451=DIRECTION('',(0.E0,-1.E0,0.E0));
#1452=VECTOR('',#1451,1.495E0);
#1453=CARTESIAN_POINT('',(-1.7475E0,-1.75E-1,-6.395759468453E0));
#1454=LINE('',#1453,#1452);
#1455=DIRECTION('',(0.E0,0.E0,-1.E0));
#1456=VECTOR('',#1455,1.5E-1);
#1457=CARTESIAN_POINT('',(-1.7475E0,-1.67E0,-6.395759468453E0));
#1458=LINE('',#1457,#1456);
#1459=DIRECTION('',(0.E0,1.E0,0.E0));
#1460=VECTOR('',#1459,1.495E0);
#1461=CARTESIAN_POINT('',(-1.7475E0,-1.67E0,-6.545759468453E0));
#1462=LINE('',#1461,#1460);
#1463=CARTESIAN_POINT('',(-1.7475E0,-1.75E-1,-6.295759468453E0));
#1464=DIRECTION('',(1.E0,0.E0,0.E0));
#1465=DIRECTION('',(0.E0,0.E0,-1.E0));
#1466=AXIS2_PLACEMENT_3D('',#1463,#1464,#1465);
#1468=DIRECTION('',(0.E0,0.E0,1.E0));
#1469=VECTOR('',#1468,2.E-1);
#1470=CARTESIAN_POINT('',(-1.7475E0,-7.E-2,-6.3E0));
#1471=LINE('',#1470,#1469);
#1472=DIRECTION('',(0.E0,0.E0,-1.E0));
#1473=VECTOR('',#1472,1.957594684533E-1);
#1474=CARTESIAN_POINT('',(-2.4475E0,7.5E-2,-6.1E0));
#1475=LINE('',#1474,#1473);
#1476=CARTESIAN_POINT('',(-2.4475E0,-1.75E-1,-6.295759468453E0));
#1477=DIRECTION('',(-1.E0,0.E0,0.E0));
#1478=DIRECTION('',(0.E0,1.E0,0.E0));
#1479=AXIS2_PLACEMENT_3D('',#1476,#1477,#1478);
#1481=DIRECTION('',(0.E0,-1.E0,0.E0));
#1482=VECTOR('',#1481,1.495E0);
#1483=CARTESIAN_POINT('',(-2.4475E0,-1.75E-1,-6.545759468453E0));
#1484=LINE('',#1483,#1482);
#1485=DIRECTION('',(0.E0,0.E0,1.E0));
#1486=VECTOR('',#1485,1.5E-1);
#1487=CARTESIAN_POINT('',(-2.4475E0,-1.67E0,-6.545759468453E0));
#1488=LINE('',#1487,#1486);
#1489=DIRECTION('',(0.E0,1.E0,0.E0));
#1490=VECTOR('',#1489,1.495E0);
#1491=CARTESIAN_POINT('',(-2.4475E0,-1.67E0,-6.395759468453E0));
#1492=LINE('',#1491,#1490);
#1493=CARTESIAN_POINT('',(-2.4475E0,-1.75E-1,-6.295759468453E0));
#1494=DIRECTION('',(1.E0,0.E0,0.E0));
#1495=DIRECTION('',(0.E0,0.E0,-1.E0));
#1496=AXIS2_PLACEMENT_3D('',#1493,#1494,#1495);
#1498=DIRECTION('',(0.E0,0.E0,1.E0));
#1499=VECTOR('',#1498,2.E-1);
#1500=CARTESIAN_POINT('',(-2.4475E0,-7.E-2,-6.3E0));
#1501=LINE('',#1500,#1499);
#1502=DIRECTION('',(0.E0,-1.E0,0.E0));
#1503=VECTOR('',#1502,1.45E-1);
#1504=CARTESIAN_POINT('',(-2.9475E0,7.5E-2,-6.1E0));
#1505=LINE('',#1504,#1503);
#1506=DIRECTION('',(0.E0,-1.E0,-1.744964579404E-13));
#1507=VECTOR('',#1506,5.089950994900E-3);
#1508=CARTESIAN_POINT('',(-2.9475E0,-7.E-2,-6.3E0));
#1509=LINE('',#1508,#1507);
#1510=CARTESIAN_POINT('',(-2.9475E0,-1.75E-1,-6.295759468453E0));
#1511=DIRECTION('',(-1.E0,0.E0,0.E0));
#1512=DIRECTION('',(0.E0,9.991004900510E-1,-4.240531546699E-2));
#1513=AXIS2_PLACEMENT_3D('',#1510,#1511,#1512);
#1515=DIRECTION('',(0.E0,-1.E0,0.E0));
#1516=VECTOR('',#1515,1.495E0);
#1517=CARTESIAN_POINT('',(-2.9475E0,-1.75E-1,-6.395759468453E0));
#1518=LINE('',#1517,#1516);
#1519=DIRECTION('',(0.E0,0.E0,-1.E0));
#1520=VECTOR('',#1519,1.5E-1);
#1521=CARTESIAN_POINT('',(-2.9475E0,-1.67E0,-6.395759468453E0));
#1522=LINE('',#1521,#1520);
#1523=DIRECTION('',(0.E0,1.E0,0.E0));
#1524=VECTOR('',#1523,1.495E0);
#1525=CARTESIAN_POINT('',(-2.9475E0,-1.67E0,-6.545759468453E0));
#1526=LINE('',#1525,#1524);
#1527=CARTESIAN_POINT('',(-2.9475E0,-1.75E-1,-6.295759468453E0));
#1528=DIRECTION('',(1.E0,0.E0,0.E0));
#1529=DIRECTION('',(0.E0,0.E0,-1.E0));
#1530=AXIS2_PLACEMENT_3D('',#1527,#1528,#1529);
#1532=DIRECTION('',(0.E0,0.E0,1.E0));
#1533=VECTOR('',#1532,1.957594684533E-1);
#1534=CARTESIAN_POINT('',(-2.9475E0,7.5E-2,-6.295759468453E0));
#1535=LINE('',#1534,#1533);
#1536=DIRECTION('',(0.E0,0.E0,1.E0));
#1537=VECTOR('',#1536,2.E-1);
#1538=CARTESIAN_POINT('',(-2.9475E0,-7.E-2,-6.3E0));
#1539=LINE('',#1538,#1537);
#1540=DIRECTION('',(0.E0,0.E0,-1.E0));
#1541=VECTOR('',#1540,2.E-1);
#1542=CARTESIAN_POINT('',(-3.345E0,-7.E-2,-6.1E0));
#1543=LINE('',#1542,#1541);
#1544=DIRECTION('',(0.E0,-1.E0,0.E0));
#1545=VECTOR('',#1544,2.543165037055E0);
#1546=CARTESIAN_POINT('',(-3.345E0,1.263165037055E0,-6.5E0));
#1547=LINE('',#1546,#1545);
#1548=DIRECTION('',(0.E0,0.E0,1.E0));
#1549=VECTOR('',#1548,4.E-1);
#1550=CARTESIAN_POINT('',(-3.345E0,1.263165037055E0,-6.5E0));
#1551=LINE('',#1550,#1549);
#1552=DIRECTION('',(-1.E0,0.E0,0.E0));
#1553=VECTOR('',#1552,7.E-1);
#1554=CARTESIAN_POINT('',(-1.7475E0,-7.E-2,-6.3E0));
#1555=LINE('',#1554,#1553);
#1556=DIRECTION('',(0.E0,-1.E0,0.E0));
#1557=VECTOR('',#1556,5.089950994900E-3);
#1558=CARTESIAN_POINT('',(-2.4475E0,-7.E-2,-6.3E0));
#1559=LINE('',#1558,#1557);
#1560=DIRECTION('',(-1.E0,0.E0,0.E0));
#1561=VECTOR('',#1560,3.975E-1);
#1562=CARTESIAN_POINT('',(-2.9475E0,-7.E-2,-6.3E0));
#1563=LINE('',#1562,#1561);
#1564=DIRECTION('',(0.E0,-1.E0,0.E0));
#1565=VECTOR('',#1564,1.21E0);
#1566=CARTESIAN_POINT('',(-3.345E0,-7.E-2,-6.3E0));
#1567=LINE('',#1566,#1565);
#1568=DIRECTION('',(1.E0,0.E0,0.E0));
#1569=VECTOR('',#1568,6.69E0);
#1570=CARTESIAN_POINT('',(-3.345E0,-1.57E0,-6.3E0));
#1571=LINE('',#1570,#1569);
#1572=DIRECTION('',(0.E0,1.E0,0.E0));
#1573=VECTOR('',#1572,2.9E-1);
#1574=CARTESIAN_POINT('',(3.345E0,-1.57E0,-6.3E0));
#1575=LINE('',#1574,#1573);
#1576=DIRECTION('',(-1.E0,0.E0,0.E0));
#1577=VECTOR('',#1576,3.925E-1);
#1578=CARTESIAN_POINT('',(3.345E0,-7.E-2,-6.3E0));
#1579=LINE('',#1578,#1577);
#1580=DIRECTION('',(0.E0,-1.E0,0.E0));
#1581=VECTOR('',#1580,5.089950994900E-3);
#1582=CARTESIAN_POINT('',(2.9525E0,-7.E-2,-6.3E0));
#1583=LINE('',#1582,#1581);
#1584=DIRECTION('',(-1.E0,0.E0,0.E0));
#1585=VECTOR('',#1584,7.E-1);
#1586=CARTESIAN_POINT('',(2.4525E0,-7.E-2,-6.3E0));
#1587=LINE('',#1586,#1585);
#1588=DIRECTION('',(0.E0,-1.E0,0.E0));
#1589=VECTOR('',#1588,5.089950994900E-3);
#1590=CARTESIAN_POINT('',(1.7525E0,-7.E-2,-6.3E0));
#1591=LINE('',#1590,#1589);
#1592=DIRECTION('',(-1.E0,0.E0,0.E0));
#1593=VECTOR('',#1592,4.965386078282E-1);
#1594=CARTESIAN_POINT('',(1.252173919390E0,-7.E-2,-6.3E0));
#1595=LINE('',#1594,#1593);
#1596=DIRECTION('',(0.E0,-1.E0,0.E0));
#1597=VECTOR('',#1596,5.089950994900E-3);
#1598=CARTESIAN_POINT('',(7.556353115618E-1,-7.E-2,-6.3E0));
#1599=LINE('',#1598,#1597);
#1600=DIRECTION('',(-1.E0,0.E0,0.E0));
#1601=VECTOR('',#1600,5.E-1);
#1602=CARTESIAN_POINT('',(2.525E-1,-7.E-2,-6.3E0));
#1603=LINE('',#1602,#1601);
#1604=DIRECTION('',(0.E0,-1.E0,0.E0));
#1605=VECTOR('',#1604,5.089950994900E-3);
#1606=CARTESIAN_POINT('',(-2.475E-1,-7.E-2,-6.3E0));
#1607=LINE('',#1606,#1605);
#1608=DIRECTION('',(-1.E0,0.E0,0.E0));
#1609=VECTOR('',#1608,4.965386078282E-1);
#1610=CARTESIAN_POINT('',(-7.506353115618E-1,-7.E-2,-6.3E0));
#1611=LINE('',#1610,#1609);
#1612=DIRECTION('',(0.E0,-1.E0,0.E0));
#1613=VECTOR('',#1612,5.089950994900E-3);
#1614=CARTESIAN_POINT('',(-1.247173919390E0,-7.E-2,-6.3E0));
#1615=LINE('',#1614,#1613);
#1616=DIRECTION('',(1.E0,0.E0,0.E0));
#1617=VECTOR('',#1616,5.E-1);
#1618=CARTESIAN_POINT('',(-2.9475E0,-7.508995099490E-2,-6.3E0));
#1619=LINE('',#1618,#1617);
#1620=DIRECTION('',(-1.E0,0.E0,0.E0));
#1621=VECTOR('',#1620,5.E-1);
#1622=CARTESIAN_POINT('',(-2.4475E0,-1.75E-1,-6.395759468453E0));
#1623=LINE('',#1622,#1621);
#1624=DIRECTION('',(-1.E0,0.E0,0.E0));
#1625=VECTOR('',#1624,5.E-1);
#1626=CARTESIAN_POINT('',(-2.4475E0,-1.67E0,-6.395759468453E0));
#1627=LINE('',#1626,#1625);
#1628=DIRECTION('',(-1.E0,0.E0,0.E0));
#1629=VECTOR('',#1628,5.E-1);
#1630=CARTESIAN_POINT('',(-2.4475E0,-1.67E0,-6.545759468453E0));
#1631=LINE('',#1630,#1629);
#1632=DIRECTION('',(-1.E0,0.E0,0.E0));
#1633=VECTOR('',#1632,5.E-1);
#1634=CARTESIAN_POINT('',(-2.4475E0,7.5E-2,-6.295759468453E0));
#1635=LINE('',#1634,#1633);
#1636=DIRECTION('',(1.E0,0.E0,0.E0));
#1637=VECTOR('',#1636,5.E-1);
#1638=CARTESIAN_POINT('',(-2.9475E0,-1.75E-1,-6.545759468453E0));
#1639=LINE('',#1638,#1637);
#1640=DIRECTION('',(0.E0,1.E0,0.E0));
#1641=VECTOR('',#1640,2.9E-1);
#1642=CARTESIAN_POINT('',(-3.345E0,-1.57E0,-6.3E0));
#1643=LINE('',#1642,#1641);
#1644=DIRECTION('',(0.E0,-1.E0,0.E0));
#1645=VECTOR('',#1644,2.9E-1);
#1646=CARTESIAN_POINT('',(-3.345E0,-1.28E0,-6.12E0));
#1647=LINE('',#1646,#1645);
#1648=DIRECTION('',(0.E0,0.E0,-1.E0));
#1649=VECTOR('',#1648,1.8E-1);
#1650=CARTESIAN_POINT('',(-3.345E0,-1.57E0,-6.12E0));
#1651=LINE('',#1650,#1649);
#1652=DIRECTION('',(0.E0,-1.E0,0.E0));
#1653=VECTOR('',#1652,2.9E-1);
#1654=CARTESIAN_POINT('',(-1.75E0,-1.28E0,-6.12E0));
#1655=LINE('',#1654,#1653);
#1656=CARTESIAN_POINT('',(1.45E0,-1.57E0,-6.05E0));
#1657=DIRECTION('',(0.E0,1.E0,0.E0));
#1658=DIRECTION('',(0.E0,0.E0,1.E0));
#1659=AXIS2_PLACEMENT_3D('',#1656,#1657,#1658);
#1661=DIRECTION('',(0.E0,0.E0,-1.E0));
#1662=VECTOR('',#1661,7.E-2);
#1663=CARTESIAN_POINT('',(1.75E0,-1.57E0,-6.05E0));
#1664=LINE('',#1663,#1662);
#1665=DIRECTION('',(1.E0,0.E0,0.E0));
#1666=VECTOR('',#1665,1.595E0);
#1667=CARTESIAN_POINT('',(1.75E0,-1.57E0,-6.12E0));
#1668=LINE('',#1667,#1666);
#1669=DIRECTION('',(0.E0,0.E0,-1.E0));
#1670=VECTOR('',#1669,1.8E-1);
#1671=CARTESIAN_POINT('',(3.345E0,-1.57E0,-6.12E0));
#1672=LINE('',#1671,#1670);
#1673=DIRECTION('',(1.E0,0.E0,0.E0));
#1674=VECTOR('',#1673,1.595E0);
#1675=CARTESIAN_POINT('',(-3.345E0,-1.57E0,-6.12E0));
#1676=LINE('',#1675,#1674);
#1677=DIRECTION('',(0.E0,0.E0,1.E0));
#1678=VECTOR('',#1677,7.E-2);
#1679=CARTESIAN_POINT('',(-1.75E0,-1.57E0,-6.12E0));
#1680=LINE('',#1679,#1678);
#1681=CARTESIAN_POINT('',(-1.45E0,-1.57E0,-6.05E0));
#1682=DIRECTION('',(0.E0,1.E0,0.E0));
#1683=DIRECTION('',(-1.E0,0.E0,0.E0));
#1684=AXIS2_PLACEMENT_3D('',#1681,#1682,#1683);
#1686=DIRECTION('',(-8.243261128650E-14,1.E0,1.224713081971E-13));
#1687=VECTOR('',#1686,1.885555013019E-1);
#1688=CARTESIAN_POINT('',(1.45E0,-1.57E0,-5.75E0));
#1689=LINE('',#1688,#1687);
#1690=DIRECTION('',(3.611566943780E-13,1.E0,-2.276381588807E-13));
#1691=VECTOR('',#1690,1.014444986981E-1);
#1692=CARTESIAN_POINT('',(1.45E0,-1.381444498698E0,-5.75E0));
#1693=LINE('',#1692,#1691);
#1694=DIRECTION('',(0.E0,-1.E0,0.E0));
#1695=VECTOR('',#1694,2.9E-1);
#1696=CARTESIAN_POINT('',(1.75E0,-1.28E0,-6.05E0));
#1697=LINE('',#1696,#1695);
#1698=DIRECTION('',(0.E0,-1.E0,0.E0));
#1699=VECTOR('',#1698,2.9E-1);
#1700=CARTESIAN_POINT('',(1.75E0,-1.28E0,-6.12E0));
#1701=LINE('',#1700,#1699);
#1702=DIRECTION('',(0.E0,-1.E0,0.E0));
#1703=VECTOR('',#1702,2.9E-1);
#1704=CARTESIAN_POINT('',(3.345E0,-1.28E0,-6.12E0));
#1705=LINE('',#1704,#1703);
#1706=DIRECTION('',(1.E0,0.E0,0.E0));
#1707=VECTOR('',#1706,5.E-1);
#1708=CARTESIAN_POINT('',(2.4525E0,-7.508995099490E-2,-6.3E0));
#1709=LINE('',#1708,#1707);
#1710=DIRECTION('',(-1.E0,0.E0,0.E0));
#1711=VECTOR('',#1710,5.E-1);
#1712=CARTESIAN_POINT('',(2.9525E0,-1.75E-1,-6.395759468453E0));
#1713=LINE('',#1712,#1711);
#1714=DIRECTION('',(-1.E0,0.E0,0.E0));
#1715=VECTOR('',#1714,5.E-1);
#1716=CARTESIAN_POINT('',(2.9525E0,-1.67E0,-6.395759468453E0));
#1717=LINE('',#1716,#1715);
#1718=DIRECTION('',(0.E0,1.E0,0.E0));
#1719=VECTOR('',#1718,1.495E0);
#1720=CARTESIAN_POINT('',(2.4525E0,-1.67E0,-6.395759468453E0));
#1721=LINE('',#1720,#1719);
#1722=DIRECTION('',(-1.E0,0.E0,0.E0));
#1723=VECTOR('',#1722,5.E-1);
#1724=CARTESIAN_POINT('',(2.9525E0,-1.67E0,-6.545759468453E0));
#1725=LINE('',#1724,#1723);
#1726=DIRECTION('',(0.E0,0.E0,1.E0));
#1727=VECTOR('',#1726,1.5E-1);
#1728=CARTESIAN_POINT('',(2.4525E0,-1.67E0,-6.545759468453E0));
#1729=LINE('',#1728,#1727);
#1730=DIRECTION('',(0.E0,-1.E0,0.E0));
#1731=VECTOR('',#1730,1.495E0);
#1732=CARTESIAN_POINT('',(2.4525E0,-1.75E-1,-6.545759468453E0));
#1733=LINE('',#1732,#1731);
#1734=DIRECTION('',(-1.E0,0.E0,0.E0));
#1735=VECTOR('',#1734,5.E-1);
#1736=CARTESIAN_POINT('',(2.9525E0,7.5E-2,-6.295759468453E0));
#1737=LINE('',#1736,#1735);
#1738=DIRECTION('',(1.E0,0.E0,0.E0));
#1739=VECTOR('',#1738,5.E-1);
#1740=CARTESIAN_POINT('',(2.4525E0,-1.75E-1,-6.545759468453E0));
#1741=LINE('',#1740,#1739);
#1742=DIRECTION('',(1.E0,0.E0,0.E0));
#1743=VECTOR('',#1742,5.003260806100E-1);
#1744=CARTESIAN_POINT('',(1.252173919390E0,-7.508995099490E-2,-6.3E0));
#1745=LINE('',#1744,#1743);
#1746=DIRECTION('',(-1.E0,0.E0,0.E0));
#1747=VECTOR('',#1746,5.003260806100E-1);
#1748=CARTESIAN_POINT('',(1.7525E0,-1.75E-1,-6.395759468453E0));
#1749=LINE('',#1748,#1747);
#1750=DIRECTION('',(-1.E0,0.E0,0.E0));
#1751=VECTOR('',#1750,5.003260806100E-1);
#1752=CARTESIAN_POINT('',(1.7525E0,-1.67E0,-6.395759468453E0));
#1753=LINE('',#1752,#1751);
#1754=DIRECTION('',(-1.E0,0.E0,0.E0));
#1755=VECTOR('',#1754,5.003260806100E-1);
#1756=CARTESIAN_POINT('',(1.7525E0,-1.67E0,-6.545759468453E0));
#1757=LINE('',#1756,#1755);
#1758=DIRECTION('',(-1.E0,0.E0,0.E0));
#1759=VECTOR('',#1758,5.003260806100E-1);
#1760=CARTESIAN_POINT('',(1.7525E0,7.5E-2,-6.295759468453E0));
#1761=LINE('',#1760,#1759);
#1762=DIRECTION('',(1.E0,0.E0,0.E0));
#1763=VECTOR('',#1762,5.003260806100E-1);
#1764=CARTESIAN_POINT('',(1.252173919390E0,-1.75E-1,-6.545759468453E0));
#1765=LINE('',#1764,#1763);
#1766=DIRECTION('',(1.E0,0.E0,0.E0));
#1767=VECTOR('',#1766,5.031353115618E-1);
#1768=CARTESIAN_POINT('',(2.525E-1,-7.508995099490E-2,-6.3E0));
#1769=LINE('',#1768,#1767);
#1770=DIRECTION('',(-1.E0,0.E0,0.E0));
#1771=VECTOR('',#1770,5.031353115618E-1);
#1772=CARTESIAN_POINT('',(7.556353115618E-1,-1.75E-1,-6.395759468453E0));
#1773=LINE('',#1772,#1771);
#1774=DIRECTION('',(-1.E0,0.E0,0.E0));
#1775=VECTOR('',#1774,5.031353115618E-1);
#1776=CARTESIAN_POINT('',(7.556353115618E-1,-1.67E0,-6.395759468453E0));
#1777=LINE('',#1776,#1775);
#1778=DIRECTION('',(-1.E0,0.E0,0.E0));
#1779=VECTOR('',#1778,5.031353115618E-1);
#1780=CARTESIAN_POINT('',(7.556353115618E-1,-1.67E0,-6.545759468453E0));
#1781=LINE('',#1780,#1779);
#1782=DIRECTION('',(-1.E0,0.E0,0.E0));
#1783=VECTOR('',#1782,5.031353115618E-1);
#1784=CARTESIAN_POINT('',(7.556353115618E-1,7.5E-2,-6.295759468453E0));
#1785=LINE('',#1784,#1783);
#1786=DIRECTION('',(1.E0,0.E0,0.E0));
#1787=VECTOR('',#1786,5.031353115618E-1);
#1788=CARTESIAN_POINT('',(2.525E-1,-1.75E-1,-6.545759468453E0));
#1789=LINE('',#1788,#1787);
#1790=DIRECTION('',(1.E0,0.E0,0.E0));
#1791=VECTOR('',#1790,5.031353115618E-1);
#1792=CARTESIAN_POINT('',(-7.506353115618E-1,-7.508995099490E-2,-6.3E0));
#1793=LINE('',#1792,#1791);
#1794=DIRECTION('',(-1.E0,0.E0,0.E0));
#1795=VECTOR('',#1794,5.031353115618E-1);
#1796=CARTESIAN_POINT('',(-2.475E-1,-1.75E-1,-6.395759468453E0));
#1797=LINE('',#1796,#1795);
#1798=DIRECTION('',(1.E0,0.E0,0.E0));
#1799=VECTOR('',#1798,5.031353115618E-1);
#1800=CARTESIAN_POINT('',(-7.506353115618E-1,-1.67E0,-6.395759468453E0));
#1801=LINE('',#1800,#1799);
#1802=DIRECTION('',(1.E0,0.E0,0.E0));
#1803=VECTOR('',#1802,5.031353115618E-1);
#1804=CARTESIAN_POINT('',(-7.506353115618E-1,-1.67E0,-6.545759468453E0));
#1805=LINE('',#1804,#1803);
#1806=DIRECTION('',(-1.E0,0.E0,0.E0));
#1807=VECTOR('',#1806,5.031353115618E-1);
#1808=CARTESIAN_POINT('',(-2.475E-1,7.5E-2,-6.295759468453E0));
#1809=LINE('',#1808,#1807);
#1810=DIRECTION('',(1.E0,0.E0,0.E0));
#1811=VECTOR('',#1810,5.031353115618E-1);
#1812=CARTESIAN_POINT('',(-7.506353115618E-1,-1.75E-1,-6.545759468453E0));
#1813=LINE('',#1812,#1811);
#1814=DIRECTION('',(1.E0,0.E0,0.E0));
#1815=VECTOR('',#1814,5.003260806100E-1);
#1816=CARTESIAN_POINT('',(-1.7475E0,-7.508995099490E-2,-6.3E0));
#1817=LINE('',#1816,#1815);
#1818=DIRECTION('',(-1.E0,0.E0,0.E0));
#1819=VECTOR('',#1818,5.003260806100E-1);
#1820=CARTESIAN_POINT('',(-1.247173919390E0,-1.75E-1,-6.395759468453E0));
#1821=LINE('',#1820,#1819);
#1822=DIRECTION('',(1.E0,0.E0,0.E0));
#1823=VECTOR('',#1822,5.003260806100E-1);
#1824=CARTESIAN_POINT('',(-1.7475E0,-1.67E0,-6.395759468453E0));
#1825=LINE('',#1824,#1823);
#1826=DIRECTION('',(1.E0,0.E0,0.E0));
#1827=VECTOR('',#1826,5.003260806100E-1);
#1828=CARTESIAN_POINT('',(-1.7475E0,-1.67E0,-6.545759468453E0));
#1829=LINE('',#1828,#1827);
#1830=DIRECTION('',(-1.E0,0.E0,0.E0));
#1831=VECTOR('',#1830,5.003260806100E-1);
#1832=CARTESIAN_POINT('',(-1.247173919390E0,7.5E-2,-6.295759468453E0));
#1833=LINE('',#1832,#1831);
#1834=DIRECTION('',(1.E0,0.E0,0.E0));
#1835=VECTOR('',#1834,5.003260806100E-1);
#1836=CARTESIAN_POINT('',(-1.7475E0,-1.75E-1,-6.545759468453E0));
#1837=LINE('',#1836,#1835);
#1838=DIRECTION('',(-1.666814853690E-12,1.E0,0.E0));
#1839=VECTOR('',#1838,2.999999965108E-1);
#1840=CARTESIAN_POINT('',(1.149768595875E0,1.278555504791E0,-6.5E0));
#1841=LINE('',#1840,#1839);
#1842=DIRECTION('',(3.700743415417E-14,-1.E0,-1.817805165653E-12));
#1843=VECTOR('',#1842,3.E-1);
#1844=CARTESIAN_POINT('',(9.997685958749E-1,1.578555501302E0,
-6.349999999999E0));
#1845=LINE('',#1844,#1843);
#1846=DIRECTION('',(3.626728547109E-14,1.E0,3.493501784154E-13));
#1847=VECTOR('',#1846,3.E-1);
#1848=CARTESIAN_POINT('',(-1.000231404125E0,1.278555501302E0,-6.35E0));
#1849=LINE('',#1848,#1847);
#1850=DIRECTION('',(-1.939189560956E-13,-1.E0,0.E0));
#1851=VECTOR('',#1850,2.999999982553E-1);
#1852=CARTESIAN_POINT('',(-1.150231404125E0,1.578555501302E0,-6.5E0));
#1853=LINE('',#1852,#1851);
#1854=DIRECTION('',(-7.443406756890E-14,0.E0,1.E0));
#1855=VECTOR('',#1854,5.649999999513E0);
#1856=CARTESIAN_POINT('',(3.169768595877E0,-1.581444498698E0,-5.65E0));
#1857=LINE('',#1856,#1855);
#1858=DIRECTION('',(0.E0,0.E0,-1.E0));
#1859=VECTOR('',#1858,5.65E0);
#1860=CARTESIAN_POINT('',(4.469768595875E0,-2.814444986981E-1,0.E0));
#1861=LINE('',#1860,#1859);
#1862=DIRECTION('',(-1.E0,-4.097149541230E-10,1.864463827694E-10));
#1863=VECTOR('',#1862,6.340009751124E0);
#1864=CARTESIAN_POINT('',(3.169771671480E0,-1.431444609546E0,
1.229138034871E-8));
#1865=LINE('',#1864,#1863);
#1866=DIRECTION('',(2.058289076716E-5,6.000011273303E-1,-7.999991542363E-1));
#1867=VECTOR('',#1866,2.499990436886E-1);
#1868=CARTESIAN_POINT('',(-3.170238079644E0,-1.431444612143E0,
1.347345223353E-8));
#1869=LINE('',#1868,#1867);
#1870=DIRECTION('',(1.E0,1.058872664798E-8,-2.959162730746E-8));
#1871=VECTOR('',#1870,6.340001754167E0);
#1872=CARTESIAN_POINT('',(-3.170232933941E0,-1.281444904099E0,
-1.999990100373E-1));
#1873=LINE('',#1872,#1871);
#1874=DIRECTION('',(1.140505243158E-5,-6.000009346831E-1,7.999992989055E-1));
#1875=VECTOR('',#1874,2.499992315159E-1);
#1876=CARTESIAN_POINT('',(3.169768820226E0,-1.281444836966E0,
-1.999991976483E-1));
#1877=LINE('',#1876,#1875);
#1878=CARTESIAN_POINT('',(-3.170231404125E0,-2.814444986981E-1,
-1.999989184681E-1));
#1879=DIRECTION('',(0.E0,0.E0,1.E0));
#1880=DIRECTION('',(-1.E0,-5.184253550634E-8,0.E0));
#1881=AXIS2_PLACEMENT_3D('',#1878,#1879,#1880);
#1883=CARTESIAN_POINT('',(-3.170231404125E0,-2.814444986981E-1,-4.85E0));
#1884=DIRECTION('',(0.E0,0.E0,1.E0));
#1885=DIRECTION('',(-1.E0,0.E0,0.E0));
#1886=AXIS2_PLACEMENT_3D('',#1883,#1884,#1885);
#1888=DIRECTION('',(6.000010156273E-1,-3.234639899098E-5,-7.999992376246E-1));
#1889=VECTOR('',#1888,2.499991703728E-1);
#1890=CARTESIAN_POINT('',(-4.320231520686E0,2.785658993236E-1,
1.451988895784E-8));
#1891=LINE('',#1890,#1889);
#1892=DIRECTION('',(-6.000011698179E-1,-1.074511978318E-5,7.999991225631E-1));
#1893=VECTOR('',#1892,2.499990118424E-1);
#1894=CARTESIAN_POINT('',(-4.170231821101E0,-2.814448904073E-1,
-1.999989755987E-1));
#1895=LINE('',#1894,#1893);
#1896=CARTESIAN_POINT('',(-3.170231404125E0,2.785555013019E-1,
-1.999991323321E-1));
#1897=DIRECTION('',(0.E0,0.E0,1.E0));
#1898=DIRECTION('',(6.627997459978E-8,1.E0,0.E0));
#1899=AXIS2_PLACEMENT_3D('',#1896,#1897,#1898);
#1901=DIRECTION('',(-1.027907990987E-5,-6.000009812237E-1,-7.999992640152E-1));
#1902=VECTOR('',#1901,2.499992472932E-1);
#1903=CARTESIAN_POINT('',(3.169771053226E0,1.428555635793E0,2.356292816882E-8));
#1904=LINE('',#1903,#1902);
#1905=DIRECTION('',(-6.394233327686E-6,6.000009812430E-1,7.999992640413E-1));
#1906=VECTOR('',#1905,2.499992472854E-1);
#1907=CARTESIAN_POINT('',(-3.170231511349E0,1.278555842112E0,
-1.999991902767E-1));
#1908=LINE('',#1907,#1906);
#1909=CARTESIAN_POINT('',(3.169768595875E0,2.785555013019E-1,
-1.999991323311E-1));
#1910=DIRECTION('',(0.E0,0.E0,1.E0));
#1911=DIRECTION('',(1.E0,0.E0,0.E0));
#1912=AXIS2_PLACEMENT_3D('',#1909,#1910,#1911);
#1914=CARTESIAN_POINT('',(3.169768595875E0,2.785555013019E-1,-4.85E0));
#1915=DIRECTION('',(0.E0,0.E0,1.E0));
#1916=DIRECTION('',(1.E0,0.E0,0.E0));
#1917=AXIS2_PLACEMENT_3D('',#1914,#1915,#1916);
#1919=DIRECTION('',(-7.327581967074E-8,-1.925898836055E-8,-1.E0));
#1920=VECTOR('',#1919,4.650000809489E0);
#1921=CARTESIAN_POINT('',(4.169768936608E0,2.785555908562E-1,
-1.999991905108E-1));
#1922=LINE('',#1921,#1920);
#1923=CARTESIAN_POINT('',(3.169768595875E0,2.785555013019E-1,-5.65E0));
#1924=DIRECTION('',(0.E0,0.E0,1.E0));
#1925=DIRECTION('',(1.E0,0.E0,0.E0));
#1926=AXIS2_PLACEMENT_3D('',#1923,#1924,#1925);
#1928=DIRECTION('',(0.E0,0.E0,-1.E0));
#1929=VECTOR('',#1928,9.446434624715E-1);
#1930=CARTESIAN_POINT('',(4.169768595875E0,2.785555013019E-1,-5.65E0));
#1931=LINE('',#1930,#1929);
#1932=CARTESIAN_POINT('',(4.169768595875E0,2.785555013019E-1,
-6.594643462471E0));
#1933=CARTESIAN_POINT('',(4.169768595875E0,2.875540520098E-1,
-6.580123683669E0));
#1934=CARTESIAN_POINT('',(4.169544389303E0,3.085736159019E-1,
-6.554155356642E0));
#1935=CARTESIAN_POINT('',(4.167523350450E0,3.506521887774E-1,
-6.522989397858E0));
#1936=CARTESIAN_POINT('',(4.162910313832E0,3.989029686314E-1,
-6.504097101360E0));
#1937=CARTESIAN_POINT('',(4.158115631197E0,4.317277513676E-1,-6.5E0));
#1938=CARTESIAN_POINT('',(4.155212658214E0,4.485555013019E-1,-6.5E0));
#1940=DIRECTION('',(1.E0,0.E0,0.E0));
#1941=VECTOR('',#1940,6.339999999999E0);
#1942=CARTESIAN_POINT('',(-3.170231404125E0,1.278555501302E0,-4.85E0));
#1943=LINE('',#1942,#1941);
#1944=DIRECTION('',(-2.305907827460E-8,7.329255762521E-8,1.E0));
#1945=VECTOR('',#1944,4.650000809723E0);
#1946=CARTESIAN_POINT('',(-3.170231404125E0,1.278555501302E0,-4.85E0));
#1947=LINE('',#1946,#1945);
#1948=DIRECTION('',(1.E0,-3.870020325598E-14,1.057426141906E-13));
#1949=VECTOR('',#1948,6.339999994813E0);
#1950=CARTESIAN_POINT('',(-3.170231511349E0,1.278555842112E0,
-1.999991902767E-1));
#1951=LINE('',#1950,#1949);
#1952=DIRECTION('',(2.417441185553E-8,-7.329250481202E-8,-1.E0));
#1953=VECTOR('',#1952,4.650000809724E0);
#1954=CARTESIAN_POINT('',(3.169768483464E0,1.278555842112E0,
-1.999991902760E-1));
#1955=LINE('',#1954,#1953);
#1956=CARTESIAN_POINT('',(3.18E0,3.05E-1,-5.65E0));
#1957=DIRECTION('',(0.E0,0.E0,1.E0));
#1958=DIRECTION('',(1.E0,0.E0,0.E0));
#1959=AXIS2_PLACEMENT_3D('',#1956,#1957,#1958);
#1961=DIRECTION('',(1.946945611267E-9,-2.640734820356E-9,-1.E0));
#1962=VECTOR('',#1961,8.5E-1);
#1963=CARTESIAN_POINT('',(3.923554645200E0,9.356754236218E-1,-5.65E0));
#1964=LINE('',#1963,#1962);
#1965=DIRECTION('',(0.E0,0.E0,1.E0));
#1966=VECTOR('',#1965,8.5E-1);
#1967=CARTESIAN_POINT('',(4.155E0,3.05E-1,-6.5E0));
#1968=LINE('',#1967,#1966);
#1969=DIRECTION('',(0.E0,1.891297576067E-13,-1.E0));
#1970=VECTOR('',#1969,8.5E-1);
#1971=CARTESIAN_POINT('',(4.155E0,-1.03E0,-5.65E0));
#1972=LINE('',#1971,#1970);
#1973=DIRECTION('',(5.851528412142E-14,0.E0,1.E0));
#1974=VECTOR('',#1973,8.5E-1);
#1975=CARTESIAN_POINT('',(3.905E0,-1.28E0,-6.5E0));
#1976=LINE('',#1975,#1974);
#1977=DIRECTION('',(-6.000009809265E-1,1.649282558281E-5,-7.999992641342E-1));
#1978=VECTOR('',#1977,2.499992475505E-1);
#1979=CARTESIAN_POINT('',(4.319768730371E0,-2.814488108782E-1,
2.356320258357E-8));
#1980=LINE('',#1979,#1978);
#1981=DIRECTION('',(6.000009809829E-1,8.514673224891E-6,7.999992642166E-1));
#1982=VECTOR('',#1981,2.499992475242E-1);
#1983=CARTESIAN_POINT('',(4.169768936608E0,2.785555908562E-1,
-1.999991905108E-1));
#1984=LINE('',#1983,#1982);
#1985=CARTESIAN_POINT('',(3.169768595875E0,-2.814444986981E-1,
-1.999991323321E-1));
#1986=DIRECTION('',(0.E0,0.E0,1.E0));
#1987=DIRECTION('',(-7.908787313941E-8,-1.E0,0.E0));
#1988=AXIS2_PLACEMENT_3D('',#1985,#1986,#1987);
#1990=DIRECTION('',(-1.E0,0.E0,0.E0));
#1991=VECTOR('',#1990,3.E-1);
#1992=CARTESIAN_POINT('',(4.469768595875E0,-6.514444986981E-1,-6.2E0));
#1993=LINE('',#1992,#1991);
#1994=DIRECTION('',(1.E0,0.E0,0.E0));
#1995=VECTOR('',#1994,3.E-1);
#1996=CARTESIAN_POINT('',(4.169768595875E0,-4.514444986981E-1,-6.E0));
#1997=LINE('',#1996,#1995);
#1998=DIRECTION('',(0.E0,1.E0,0.E0));
#1999=VECTOR('',#1998,2.2E-1);
#2000=CARTESIAN_POINT('',(4.169768595875E0,-4.514444986981E-1,-6.E0));
#2001=LINE('',#2000,#1999);
#2002=DIRECTION('',(0.E0,-1.E0,0.E0));
#2003=VECTOR('',#2002,2.2E-1);
#2004=CARTESIAN_POINT('',(4.469768595875E0,-2.314444986981E-1,-6.E0));
#2005=LINE('',#2004,#2003);
#2006=DIRECTION('',(1.E0,0.E0,1.450691418844E-13));
#2007=VECTOR('',#2006,3.E-1);
#2008=CARTESIAN_POINT('',(4.169768595875E0,-8.144449869811E-2,-5.85E0));
#2009=LINE('',#2008,#2007);
#2010=DIRECTION('',(-1.E0,-1.474746251044E-13,0.E0));
#2011=VECTOR('',#2010,3.E-1);
#2012=CARTESIAN_POINT('',(4.469768595875E0,-2.314444986981E-1,-6.E0));
#2013=LINE('',#2012,#2011);
#2014=DIRECTION('',(1.E0,-2.436014353198E-13,0.E0));
#2015=VECTOR('',#2014,3.E-1);
#2016=CARTESIAN_POINT('',(4.169768595875E0,-2.314444986981E-1,-5.65E0));
#2017=LINE('',#2016,#2015);
#2018=DIRECTION('',(-1.E0,0.E0,-4.204044519914E-13));
#2019=VECTOR('',#2018,3.E-1);
#2020=CARTESIAN_POINT('',(4.469768595875E0,-8.144449869811E-2,-5.8E0));
#2021=LINE('',#2020,#2019);
#2022=CARTESIAN_POINT('',(-3.292889329303E0,-4.760817245217E-1,
-3.276081724522E0));
#2023=CARTESIAN_POINT('',(-3.266280408434E0,-5.127864021992E-1,
-3.312786402199E0));
#2024=CARTESIAN_POINT('',(-3.216590201882E0,-5.565309312276E-1,
-3.356530931227E0));
#2025=CARTESIAN_POINT('',(-3.130567619934E0,-5.919828511440E-1,
-3.391982851144E0));
#2026=CARTESIAN_POINT('',(-3.079165482153E0,-5.999999999999E-1,-3.4E0));
#2027=CARTESIAN_POINT('',(-3.050000000001E0,-6.E-1,-3.4E0));
#2029=DIRECTION('',(3.053496153245E-13,3.414892889537E-14,-1.E0));
#2030=VECTOR('',#2029,1.45E0);
#2031=CARTESIAN_POINT('',(-3.05E0,-6.E-1,-3.4E0));
#2032=LINE('',#2031,#2030);
#2033=DIRECTION('',(0.E0,-1.223634019740E-12,1.E0));
#2034=VECTOR('',#2033,1.528873239436E0);
#2035=CARTESIAN_POINT('',(-3.35E0,-3.000000000006E-1,-4.85E0));
#2036=LINE('',#2035,#2034);
#2037=DIRECTION('',(1.E0,0.E0,3.593785513238E-14));
#2038=VECTOR('',#2037,1.73E0);
#2039=CARTESIAN_POINT('',(-1.1125E0,-3.199999999999E-1,-3.12E0));
#2040=LINE('',#2039,#2038);
#2041=DIRECTION('',(1.E0,-6.702457519033E-14,-2.434266779919E-13));
#2042=VECTOR('',#2041,2.7E-1);
#2043=CARTESIAN_POINT('',(6.175E-1,-3.499999999999E-1,-3.15E0));
#2044=LINE('',#2043,#2042);
#2045=DIRECTION('',(1.E0,3.882637259391E-14,0.E0));
#2046=VECTOR('',#2045,2.2075E0);
#2047=CARTESIAN_POINT('',(8.875E-1,-3.199999999999E-1,-3.12E0));
#2048=LINE('',#2047,#2046);
#2049=DIRECTION('',(6.675279506679E-1,-5.265009188397E-1,-5.265009188388E-1));
#2050=VECTOR('',#2049,2.964510011984E-1);
#2051=CARTESIAN_POINT('',(3.095E0,-3.199999999998E-1,-3.12E0));
#2052=LINE('',#2051,#2050);
#2053=CARTESIAN_POINT('',(3.292889329304E0,-4.760817245215E-1,
-3.276081724521E0));
#2054=CARTESIAN_POINT('',(3.266280408434E0,-5.127864021995E-1,
-3.312786402199E0));
#2055=CARTESIAN_POINT('',(3.216590201881E0,-5.565309312283E-1,
-3.356530931228E0));
#2056=CARTESIAN_POINT('',(3.130567619932E0,-5.919828511446E-1,
-3.391982851144E0));
#2057=CARTESIAN_POINT('',(3.079165482150E0,-6.000000000002E-1,-3.4E0));
#2058=CARTESIAN_POINT('',(3.049999999998E0,-6.E-1,-3.4E0));
#2060=DIRECTION('',(6.675279506683E-1,5.265009188390E-1,5.265009188389E-1));
#2061=VECTOR('',#2060,2.964510011987E-1);
#2062=CARTESIAN_POINT('',(-3.292889329304E0,-4.760817245217E-1,
-3.276081724522E0));
#2063=LINE('',#2062,#2061);
#2064=DIRECTION('',(1.E0,-1.857337812961E-13,3.134747363647E-13));
#2065=VECTOR('',#2064,2.125E-1);
#2066=CARTESIAN_POINT('',(-3.095E0,-3.199999999999E-1,-3.12E0));
#2067=LINE('',#2066,#2065);
#2068=DIRECTION('',(1.E0,2.138207306685E-14,-1.809252336426E-13));
#2069=VECTOR('',#2068,2.7E-1);
#2070=CARTESIAN_POINT('',(-2.8825E0,-3.5E-1,-3.15E0));
#2071=LINE('',#2070,#2069);
#2072=DIRECTION('',(1.E0,0.E0,5.054673933253E-14));
#2073=VECTOR('',#2072,1.23E0);
#2074=CARTESIAN_POINT('',(-2.6125E0,-3.199999999999E-1,-3.12E0));
#2075=LINE('',#2074,#2073);
#2076=DIRECTION('',(1.E0,2.138207306685E-14,-1.809252336426E-13));
#2077=VECTOR('',#2076,2.7E-1);
#2078=CARTESIAN_POINT('',(-1.3825E0,-3.5E-1,-3.15E0));
#2079=LINE('',#2078,#2077);
#2080=DIRECTION('',(0.E0,-7.071067811869E-1,-7.071067811862E-1));
#2081=VECTOR('',#2080,4.242640687123E-2);
#2082=CARTESIAN_POINT('',(-1.1125E0,-3.199999999999E-1,-3.12E0));
#2083=LINE('',#2082,#2081);
#2084=DIRECTION('',(0.E0,-2.553831443870E-14,1.E0));
#2085=VECTOR('',#2084,2.030181567951E0);
#2086=CARTESIAN_POINT('',(-1.1125E0,-3.499999999999E-1,-3.15E0));
#2087=LINE('',#2086,#2085);
#2088=CARTESIAN_POINT('',(-1.1125E0,-1.45E-1,-1.119818432049E0));
#2089=DIRECTION('',(-1.E0,0.E0,0.E0));
#2090=DIRECTION('',(0.E0,-1.E0,0.E0));
#2091=AXIS2_PLACEMENT_3D('',#2088,#2089,#2090);
#2093=DIRECTION('',(0.E0,6.454931004309E-14,-1.E0));
#2094=VECTOR('',#2093,2.106952350471E0);
#2095=CARTESIAN_POINT('',(-1.1125E0,-3.2E-1,-1.013047649529E0));
#2096=LINE('',#2095,#2094);
#2097=DIRECTION('',(0.E0,7.071067811869E-1,7.071067811862E-1));
#2098=VECTOR('',#2097,4.242640687125E-2);
#2099=CARTESIAN_POINT('',(-1.3825E0,-3.5E-1,-3.15E0));
#2100=LINE('',#2099,#2098);
#2101=CARTESIAN_POINT('',(-1.3825E0,-1.45E-1,-1.119818432049E0));
#2102=DIRECTION('',(1.E0,0.E0,0.E0));
#2103=DIRECTION('',(0.E0,-8.536585365854E-1,5.208330854649E-1));
#2104=AXIS2_PLACEMENT_3D('',#2101,#2102,#2103);
#2106=DIRECTION('',(0.E0,2.914758371698E-14,-1.E0));
#2107=VECTOR('',#2106,2.030181567951E0);
#2108=CARTESIAN_POINT('',(-1.3825E0,-3.5E-1,-1.119818432049E0));
#2109=LINE('',#2108,#2107);
#2110=DIRECTION('',(0.E0,6.802706878827E-14,-1.E0));
#2111=VECTOR('',#2110,2.106952350471E0);
#2112=CARTESIAN_POINT('',(-1.3825E0,-3.2E-1,-1.013047649529E0));
#2113=LINE('',#2112,#2111);
#2114=DIRECTION('',(0.E0,5.434987721482E-14,-1.E0));
#2115=VECTOR('',#2114,2.088694769617E0);
#2116=CARTESIAN_POINT('',(-2.8825E0,-3.2E-1,-1.031305230383E0));
#2117=LINE('',#2116,#2115);
#2118=DIRECTION('',(0.E0,-8.905695652160E-14,1.E0));
#2119=VECTOR('',#2118,1.561421356237E0);
#2120=CARTESIAN_POINT('',(-3.095E0,-3.199999999999E-1,-3.12E0));
#2121=LINE('',#2120,#2119);
#2122=CARTESIAN_POINT('',(-3.195E0,-3.2E-1,-1.558578643763E0));
#2123=DIRECTION('',(0.E0,-1.E0,0.E0));
#2124=DIRECTION('',(1.E0,0.E0,6.661338147751E-13));
#2125=AXIS2_PLACEMENT_3D('',#2122,#2123,#2124);
#2127=DIRECTION('',(-1.E0,0.E0,0.E0));
#2128=VECTOR('',#2127,1.5E-1);
#2129=CARTESIAN_POINT('',(-3.195E0,-3.2E-1,-1.458578643763E0));
#2130=LINE('',#2129,#2128);
#2131=DIRECTION('',(-4.517650176850E-13,0.E0,1.E0));
#2132=VECTOR('',#2131,5.160798779108E-1);
#2133=CARTESIAN_POINT('',(-3.345E0,-3.2E-1,-1.458578643763E0));
#2134=LINE('',#2133,#2132);
#2135=DIRECTION('',(3.799288542784E-1,-4.958270974711E-14,9.250157110486E-1));
#2136=VECTOR('',#2135,4.243157831420E-1);
#2137=CARTESIAN_POINT('',(-3.345E0,-3.2E-1,-9.424987658522E-1));
#2138=LINE('',#2137,#2136);
#2139=DIRECTION('',(1.E0,0.E0,0.E0));
#2140=VECTOR('',#2139,6.367580381318E0);
#2141=CARTESIAN_POINT('',(-3.183790190659E0,-3.2E-1,-5.5E-1));
#2142=LINE('',#2141,#2140);
#2143=DIRECTION('',(3.799288542785E-1,4.958270974718E-14,-9.250157110485E-1));
#2144=VECTOR('',#2143,4.243157831414E-1);
#2145=CARTESIAN_POINT('',(3.183790190659E0,-3.2E-1,-5.5E-1));
#2146=LINE('',#2145,#2144);
#2147=DIRECTION('',(-3.072002120255E-13,-1.021849444763E-14,-1.E0));
#2148=VECTOR('',#2147,5.160798779114E-1);
#2149=CARTESIAN_POINT('',(3.345E0,-3.2E-1,-9.424987658516E-1));
#2150=LINE('',#2149,#2148);
#2151=DIRECTION('',(-1.E0,0.E0,0.E0));
#2152=VECTOR('',#2151,1.5E-1);
#2153=CARTESIAN_POINT('',(3.345E0,-3.2E-1,-1.458578643763E0));
#2154=LINE('',#2153,#2152);
#2155=CARTESIAN_POINT('',(3.195E0,-3.2E-1,-1.558578643763E0));
#2156=DIRECTION('',(0.E0,-1.E0,0.E0));
#2157=DIRECTION('',(1.776356839400E-14,0.E0,1.E0));
#2158=AXIS2_PLACEMENT_3D('',#2155,#2156,#2157);
#2160=DIRECTION('',(3.299195834413E-14,1.098902405622E-13,-1.E0));
#2161=VECTOR('',#2160,1.561421356237E0);
#2162=CARTESIAN_POINT('',(3.095E0,-3.2E-1,-1.558578643763E0));
#2163=LINE('',#2162,#2161);
#2164=DIRECTION('',(0.E0,8.051954211265E-14,-1.E0));
#2165=VECTOR('',#2164,1.783509250889E0);
#2166=CARTESIAN_POINT('',(6.175E-1,-3.2E-1,-1.336490749111E0));
#2167=LINE('',#2166,#2165);
#2168=DIRECTION('',(1.E0,0.E0,9.375216652390E-14));
#2169=VECTOR('',#2168,2.7E-1);
#2170=CARTESIAN_POINT('',(-1.3825E0,-3.2E-1,-1.013047649529E0));
#2171=LINE('',#2170,#2169);
#2172=DIRECTION('',(-1.E0,-4.810966440042E-14,-5.246831775636E-13));
#2173=VECTOR('',#2172,2.7E-1);
#2174=CARTESIAN_POINT('',(-1.1125E0,-3.5E-1,-1.119818432049E0));
#2175=LINE('',#2174,#2173);
#2176=DIRECTION('',(0.E0,-7.071067811869E-1,-7.071067811862E-1));
#2177=VECTOR('',#2176,4.242640687123E-2);
#2178=CARTESIAN_POINT('',(-2.6125E0,-3.199999999999E-1,-3.12E0));
#2179=LINE('',#2178,#2177);
#2180=DIRECTION('',(0.E0,-2.557785340976E-14,1.E0));
#2181=VECTOR('',#2180,2.027043255718E0);
#2182=CARTESIAN_POINT('',(-2.6125E0,-3.499999999999E-1,-3.15E0));
#2183=LINE('',#2182,#2181);
#2184=CARTESIAN_POINT('',(-2.6125E0,-1.95E-1,-1.122956744282E0));
#2185=DIRECTION('',(-1.E0,0.E0,0.E0));
#2186=DIRECTION('',(0.E0,-1.E0,0.E0));
#2187=AXIS2_PLACEMENT_3D('',#2184,#2185,#2186);
#2189=DIRECTION('',(0.E0,4.815744621675E-14,-1.E0));
#2190=VECTOR('',#2189,2.088694769617E0);
#2191=CARTESIAN_POINT('',(-2.6125E0,-3.2E-1,-1.031305230383E0));
#2192=LINE('',#2191,#2190);
#2193=DIRECTION('',(0.E0,7.071067811868E-1,7.071067811863E-1));
#2194=VECTOR('',#2193,4.242640687125E-2);
#2195=CARTESIAN_POINT('',(-2.8825E0,-3.5E-1,-3.15E0));
#2196=LINE('',#2195,#2194);
#2197=CARTESIAN_POINT('',(-2.8825E0,-1.95E-1,-1.122956744282E0));
#2198=DIRECTION('',(1.E0,0.E0,0.E0));
#2199=DIRECTION('',(0.E0,-8.064516129032E-1,5.913000896718E-1));
#2200=AXIS2_PLACEMENT_3D('',#2197,#2198,#2199);
#2202=DIRECTION('',(0.E0,2.919271063684E-14,-1.E0));
#2203=VECTOR('',#2202,2.027043255718E0);
#2204=CARTESIAN_POINT('',(-2.8825E0,-3.5E-1,-1.122956744282E0));
#2205=LINE('',#2204,#2203);
#2206=DIRECTION('',(1.E0,2.076528249762E-14,7.977158028788E-14));
#2207=VECTOR('',#2206,2.7E-1);
#2208=CARTESIAN_POINT('',(-2.8825E0,-3.2E-1,-1.031305230383E0));
#2209=LINE('',#2208,#2207);
#2210=DIRECTION('',(-1.E0,-4.810966440042E-14,-4.539578589578E-13));
#2211=VECTOR('',#2210,2.7E-1);
#2212=CARTESIAN_POINT('',(-2.6125E0,-3.5E-1,-1.122956744282E0));
#2213=LINE('',#2212,#2211);
#2214=DIRECTION('',(2.983724378682E-14,1.E0,4.302114220424E-14));
#2215=VECTOR('',#2214,6.399999999997E-1);
#2216=CARTESIAN_POINT('',(-3.095E0,-3.199999999999E-1,-3.12E0));
#2217=LINE('',#2216,#2215);
#2218=DIRECTION('',(0.E0,0.E0,-1.E0));
#2219=VECTOR('',#2218,1.914213562370E-1);
#2220=CARTESIAN_POINT('',(-3.095E0,7.5E-2,-1.558578643763E0));
#2221=LINE('',#2220,#2219);
#2222=DIRECTION('',(0.E0,1.E0,0.E0));
#2223=VECTOR('',#2222,1.5E-1);
#2224=CARTESIAN_POINT('',(-3.095E0,-7.5E-2,-1.75E0));
#2225=LINE('',#2224,#2223);
#2226=DIRECTION('',(0.E0,-1.E0,0.E0));
#2227=VECTOR('',#2226,1.5E-1);
#2228=CARTESIAN_POINT('',(-3.195E0,7.5E-2,-1.65E0));
#2229=LINE('',#2228,#2227);
#2230=DIRECTION('',(-1.E0,0.E0,0.E0));
#2231=VECTOR('',#2230,1.5E-1);
#2232=CARTESIAN_POINT('',(-3.195E0,7.5E-2,-1.458578643763E0));
#2233=LINE('',#2232,#2231);
#2234=DIRECTION('',(0.E0,0.E0,-1.E0));
#2235=VECTOR('',#2234,1.114213562370E-1);
#2236=CARTESIAN_POINT('',(-3.345E0,7.5E-2,-1.458578643763E0));
#2237=LINE('',#2236,#2235);
#2238=CARTESIAN_POINT('',(-3.265E0,7.5E-2,-1.57E0));
#2239=DIRECTION('',(0.E0,-1.E0,0.E0));
#2240=DIRECTION('',(-1.E0,0.E0,2.220446049250E-14));
#2241=AXIS2_PLACEMENT_3D('',#2238,#2239,#2240);
#2243=DIRECTION('',(1.E0,0.E0,0.E0));
#2244=VECTOR('',#2243,7.E-2);
#2245=CARTESIAN_POINT('',(-3.265E0,7.5E-2,-1.65E0));
#2246=LINE('',#2245,#2244);
#2247=CARTESIAN_POINT('',(-3.195E0,7.5E-2,-1.75E0));
#2248=DIRECTION('',(0.E0,1.E0,0.E0));
#2249=DIRECTION('',(-2.664535259100E-14,0.E0,1.E0));
#2250=AXIS2_PLACEMENT_3D('',#2247,#2248,#2249);
#2252=CARTESIAN_POINT('',(-3.195E0,7.5E-2,-1.558578643763E0));
#2253=DIRECTION('',(0.E0,-1.E0,0.E0));
#2254=DIRECTION('',(1.E0,0.E0,9.992007221626E-14));
#2255=AXIS2_PLACEMENT_3D('',#2252,#2253,#2254);
#2257=DIRECTION('',(-1.E0,0.E0,0.E0));
#2258=VECTOR('',#2257,1.5E-1);
#2259=CARTESIAN_POINT('',(-3.195E0,3.2E-1,-1.458578643763E0));
#2260=LINE('',#2259,#2258);
#2261=DIRECTION('',(-2.718913529694E-14,-1.E0,0.E0));
#2262=VECTOR('',#2261,2.45E-1);
#2263=CARTESIAN_POINT('',(-3.345E0,3.2E-1,-1.458578643763E0));
#2264=LINE('',#2263,#2262);
#2265=DIRECTION('',(4.894044353450E-14,1.E0,-3.543650633702E-13));
#2266=VECTOR('',#2265,2.45E-1);
#2267=CARTESIAN_POINT('',(-3.095E0,7.5E-2,-1.558578643763E0));
#2268=LINE('',#2267,#2266);
#2269=DIRECTION('',(0.E0,-1.E0,0.E0));
#2270=VECTOR('',#2269,2.45E-1);
#2271=CARTESIAN_POINT('',(-3.195E0,3.2E-1,-1.458578643763E0));
#2272=LINE('',#2271,#2270);
#2273=DIRECTION('',(0.E0,-5.023922292238E-14,-1.E0));
#2274=VECTOR('',#2273,1.773423085461E0);
#2275=CARTESIAN_POINT('',(-6.125E-1,3.2E-1,-1.346576914539E0));
#2276=LINE('',#2275,#2274);
#2277=DIRECTION('',(1.E0,0.E0,-3.568115616714E-14));
#2278=VECTOR('',#2277,1.73E0);
#2279=CARTESIAN_POINT('',(-6.125E-1,3.199999999999E-1,-3.12E0));
#2280=LINE('',#2279,#2278);
#2281=DIRECTION('',(0.E0,-4.293983466344E-14,-1.E0));
#2282=VECTOR('',#2281,2.096866185043E0);
#2283=CARTESIAN_POINT('',(1.3875E0,3.2E-1,-1.023133814957E0));
#2284=LINE('',#2283,#2282);
#2285=DIRECTION('',(1.E0,0.E0,-5.039053075033E-14));
#2286=VECTOR('',#2285,1.225E0);
#2287=CARTESIAN_POINT('',(1.3875E0,3.199999999999E-1,-3.12E0));
#2288=LINE('',#2287,#2286);
#2289=DIRECTION('',(0.E0,-4.188603267888E-14,-1.E0));
#2290=VECTOR('',#2289,2.103235646102E0);
#2291=CARTESIAN_POINT('',(2.8825E0,3.2E-1,-1.016764353898E0));
#2292=LINE('',#2291,#2290);
#2293=DIRECTION('',(1.E0,-3.085113863723E-13,-2.737679364252E-13));
#2294=VECTOR('',#2293,2.125E-1);
#2295=CARTESIAN_POINT('',(2.8825E0,3.199999999999E-1,-3.12E0));
#2296=LINE('',#2295,#2294);
#2297=DIRECTION('',(-2.332190158809E-14,1.082548633167E-13,1.E0));
#2298=VECTOR('',#2297,1.561421356237E0);
#2299=CARTESIAN_POINT('',(3.095E0,3.199999999998E-1,-3.12E0));
#2300=LINE('',#2299,#2298);
#2301=CARTESIAN_POINT('',(3.195E0,3.2E-1,-1.558578643763E0));
#2302=DIRECTION('',(0.E0,1.E0,0.E0));
#2303=DIRECTION('',(-1.E0,0.E0,-5.924150059400E-12));
#2304=AXIS2_PLACEMENT_3D('',#2301,#2302,#2303);
#2306=DIRECTION('',(1.E0,0.E0,0.E0));
#2307=VECTOR('',#2306,1.5E-1);
#2308=CARTESIAN_POINT('',(3.195E0,3.2E-1,-1.458578643763E0));
#2309=LINE('',#2308,#2307);
#2310=DIRECTION('',(3.734590812861E-13,0.E0,1.E0));
#2311=VECTOR('',#2310,5.160798779111E-1);
#2312=CARTESIAN_POINT('',(3.345E0,3.2E-1,-1.458578643763E0));
#2313=LINE('',#2312,#2311);
#2314=DIRECTION('',(-3.799288542785E-1,4.958270974714E-14,9.250157110486E-1));
#2315=VECTOR('',#2314,4.243157831417E-1);
#2316=CARTESIAN_POINT('',(3.345E0,3.2E-1,-9.424987658519E-1));
#2317=LINE('',#2316,#2315);
#2318=DIRECTION('',(-1.E0,0.E0,0.E0));
#2319=VECTOR('',#2318,6.367580381318E0);
#2320=CARTESIAN_POINT('',(3.183790190659E0,3.2E-1,-5.5E-1));
#2321=LINE('',#2320,#2319);
#2322=DIRECTION('',(-3.799288542784E-1,-4.958270974716E-14,-9.250157110486E-1));
#2323=VECTOR('',#2322,4.243157831415E-1);
#2324=CARTESIAN_POINT('',(-3.183790190659E0,3.2E-1,-5.5E-1));
#2325=LINE('',#2324,#2323);
#2326=DIRECTION('',(3.846456436287E-13,1.021849444763E-14,-1.E0));
#2327=VECTOR('',#2326,5.160798779112E-1);
#2328=CARTESIAN_POINT('',(-3.345E0,3.2E-1,-9.424987658518E-1));
#2329=LINE('',#2328,#2327);
#2330=CARTESIAN_POINT('',(-3.195E0,3.2E-1,-1.558578643763E0));
#2331=DIRECTION('',(0.E0,1.E0,0.E0));
#2332=DIRECTION('',(0.E0,0.E0,1.E0));
#2333=AXIS2_PLACEMENT_3D('',#2330,#2331,#2332);
#2335=DIRECTION('',(0.E0,-9.222105597487E-14,-1.E0));
#2336=VECTOR('',#2335,1.561421356237E0);
#2337=CARTESIAN_POINT('',(-3.095E0,3.2E-1,-1.558578643763E0));
#2338=LINE('',#2337,#2336);
#2339=DIRECTION('',(1.E0,2.744822573876E-14,0.E0));
#2340=VECTOR('',#2339,2.2125E0);
#2341=CARTESIAN_POINT('',(-3.095E0,3.199999999998E-1,-3.12E0));
#2342=LINE('',#2341,#2340);
#2343=CARTESIAN_POINT('',(-6.125E-1,9.5E-2,-1.466576914539E0));
#2344=DIRECTION('',(-1.E0,0.E0,0.E0));
#2345=DIRECTION('',(0.E0,8.823529411763E-1,4.705882352945E-1));
#2346=AXIS2_PLACEMENT_3D('',#2343,#2344,#2345);
#2348=DIRECTION('',(0.E0,-7.071067811869E-1,7.071067811862E-1));
#2349=VECTOR('',#2348,4.242640687123E-2);
#2350=CARTESIAN_POINT('',(-6.125E-1,3.499999999999E-1,-3.15E0));
#2351=LINE('',#2350,#2349);
#2352=DIRECTION('',(-1.E0,2.035408878479E-14,-2.138207306685E-14));
#2353=VECTOR('',#2352,2.7E-1);
#2354=CARTESIAN_POINT('',(-6.125E-1,3.2E-1,-1.346576914539E0));
#2355=LINE('',#2354,#2353);
#2356=DIRECTION('',(1.E0,-4.810966440042E-14,5.863622344872E-13));
#2357=VECTOR('',#2356,2.7E-1);
#2358=CARTESIAN_POINT('',(-8.825E-1,3.5E-1,-1.466576914539E0));
#2359=LINE('',#2358,#2357);
#2360=DIRECTION('',(0.E0,-4.920626693706E-14,-1.E0));
#2361=VECTOR('',#2360,1.773423085461E0);
#2362=CARTESIAN_POINT('',(-8.825E-1,3.2E-1,-1.346576914539E0));
#2363=LINE('',#2362,#2361);
#2364=DIRECTION('',(0.E0,7.071067811867E-1,-7.071067811864E-1));
#2365=VECTOR('',#2364,4.242640687127E-2);
#2366=CARTESIAN_POINT('',(-8.825E-1,3.199999999999E-1,-3.12E0));
#2367=LINE('',#2366,#2365);
#2368=CARTESIAN_POINT('',(-8.825E-1,9.5E-2,-1.466576914539E0));
#2369=DIRECTION('',(1.E0,0.E0,0.E0));
#2370=DIRECTION('',(0.E0,1.E0,-1.864303918214E-12));
#2371=AXIS2_PLACEMENT_3D('',#2368,#2369,#2370);
#2373=DIRECTION('',(-1.E0,1.044432030573E-13,-3.848773152034E-13));
#2374=VECTOR('',#2373,2.7E-1);
#2375=CARTESIAN_POINT('',(-6.125E-1,3.499999999999E-1,-3.15E0));
#2376=LINE('',#2375,#2374);
#2377=CARTESIAN_POINT('',(-3.292889329303E0,4.760817245217E-1,
-3.276081724522E0));
#2378=CARTESIAN_POINT('',(-3.266280408433E0,5.127864022E-1,-3.312786402200E0));
#2379=CARTESIAN_POINT('',(-3.216590201880E0,5.565309312290E-1,
-3.356530931229E0));
#2380=CARTESIAN_POINT('',(-3.130567619930E0,5.919828511451E-1,
-3.391982851145E0));
#2381=CARTESIAN_POINT('',(-3.079165482148E0,6.000000000004E-1,-3.4E0));
#2382=CARTESIAN_POINT('',(-3.049999999995E0,6.E-1,-3.4E0));
#2384=DIRECTION('',(1.E0,0.E0,0.E0));
#2385=VECTOR('',#2384,6.099999999997E0);
#2386=CARTESIAN_POINT('',(-3.049999999998E0,6.000000000001E-1,-3.4E0));
#2387=LINE('',#2386,#2385);
#2388=DIRECTION('',(-1.E0,-2.138207306685E-14,-1.809252336426E-13));
#2389=VECTOR('',#2388,2.7E-1);
#2390=CARTESIAN_POINT('',(1.3875E0,3.5E-1,-3.15E0));
#2391=LINE('',#2390,#2389);
#2392=DIRECTION('',(0.E0,3.983399732753E-14,1.E0));
#2393=VECTOR('',#2392,1.683423085461E0);
#2394=CARTESIAN_POINT('',(-6.125E-1,3.499999999999E-1,-3.15E0));
#2395=LINE('',#2394,#2393);
#2396=DIRECTION('',(0.E0,-3.083177773282E-14,-1.E0));
#2397=VECTOR('',#2396,1.683423085461E0);
#2398=CARTESIAN_POINT('',(-8.825E-1,3.5E-1,-1.466576914539E0));
#2399=LINE('',#2398,#2397);
#2400=CARTESIAN_POINT('',(-3.292889329303E0,-4.760817245217E-1,
-3.276081724521E0));
#2401=CARTESIAN_POINT('',(-3.311045531011E0,-4.510368331944E-1,
-3.290402108967E0));
#2402=CARTESIAN_POINT('',(-3.338843073803E0,-3.967061965178E-1,
-3.312326931451E0));
#2403=CARTESIAN_POINT('',(-3.35E0,-3.340876466329E-1,-3.321126760564E0));
#2404=CARTESIAN_POINT('',(-3.35E0,-3.000000000042E-1,-3.321126760564E0));
#2406=DIRECTION('',(0.E0,1.E0,0.E0));
#2407=VECTOR('',#2406,6.000000000049E-1);
#2408=CARTESIAN_POINT('',(-3.35E0,-3.000000000024E-1,-3.321126760564E0));
#2409=LINE('',#2408,#2407);
#2410=CARTESIAN_POINT('',(-3.35E0,3.E-1,-3.321126760564E0));
#2411=CARTESIAN_POINT('',(-3.35E0,3.340876466295E-1,-3.321126760564E0));
#2412=CARTESIAN_POINT('',(-3.338843073804E0,3.967061965159E-1,
-3.312326931451E0));
#2413=CARTESIAN_POINT('',(-3.311045531011E0,4.510368331938E-1,
-3.290402108967E0));
#2414=CARTESIAN_POINT('',(-3.292889329303E0,4.760817245216E-1,
-3.276081724521E0));
#2416=DIRECTION('',(6.675279506683E-1,-5.265009188390E-1,5.265009188389E-1));
#2417=VECTOR('',#2416,2.964510011988E-1);
#2418=CARTESIAN_POINT('',(-3.292889329304E0,4.760817245217E-1,
-3.276081724522E0));
#2419=LINE('',#2418,#2417);
#2420=DIRECTION('',(0.E0,-1.221891209944E-12,-1.E0));
#2421=VECTOR('',#2420,1.528873239436E0);
#2422=CARTESIAN_POINT('',(-3.35E0,3.000000000024E-1,-3.321126760564E0));
#2423=LINE('',#2422,#2421);
#2424=DIRECTION('',(1.389846092620E-12,4.563399466735E-14,1.E0));
#2425=VECTOR('',#2424,1.45E0);
#2426=CARTESIAN_POINT('',(-3.05E0,6.E-1,-4.85E0));
#2427=LINE('',#2426,#2425);
#2428=CARTESIAN_POINT('',(3.292889329304E0,4.760817245215E-1,
-3.276081724522E0));
#2429=CARTESIAN_POINT('',(3.266280408434E0,5.127864021997E-1,
-3.312786402200E0));
#2430=CARTESIAN_POINT('',(3.216590201880E0,5.565309312286E-1,
-3.356530931228E0));
#2431=CARTESIAN_POINT('',(3.130567619931E0,5.919828511448E-1,
-3.391982851145E0));
#2432=CARTESIAN_POINT('',(3.079165482150E0,6.000000000003E-1,-3.4E0));
#2433=CARTESIAN_POINT('',(3.049999999997E0,6.E-1,-3.4E0));
#2435=DIRECTION('',(8.413193513504E-13,-4.563399466735E-14,-1.E0));
#2436=VECTOR('',#2435,1.45E0);
#2437=CARTESIAN_POINT('',(3.049999999999E0,6.000000000001E-1,-3.4E0));
#2438=LINE('',#2437,#2436);
#2439=DIRECTION('',(0.E0,3.027405850448E-12,1.E0));
#2440=VECTOR('',#2439,1.528873239436E0);
#2441=CARTESIAN_POINT('',(3.35E0,3.000000000001E-1,-4.85E0));
#2442=LINE('',#2441,#2440);
#2443=DIRECTION('',(0.E0,1.E0,0.E0));
#2444=VECTOR('',#2443,6.000000000095E-1);
#2445=CARTESIAN_POINT('',(3.35E0,-3.000000000047E-1,-3.321126760564E0));
#2446=LINE('',#2445,#2444);
#2447=DIRECTION('',(0.E0,3.025808274802E-12,-1.E0));
#2448=VECTOR('',#2447,1.528873239436E0);
#2449=CARTESIAN_POINT('',(3.35E0,-3.000000000047E-1,-3.321126760564E0));
#2450=LINE('',#2449,#2448);
#2451=DIRECTION('',(-6.125368411725E-13,-3.414892889536E-14,1.E0));
#2452=VECTOR('',#2451,1.45E0);
#2453=CARTESIAN_POINT('',(3.05E0,-6.E-1,-4.85E0));
#2454=LINE('',#2453,#2452);
#2455=CARTESIAN_POINT('',(3.292889329304E0,-4.760817245214E-1,
-3.276081724522E0));
#2456=CARTESIAN_POINT('',(3.311045531010E0,-4.510368331950E-1,
-3.290402108966E0));
#2457=CARTESIAN_POINT('',(3.338843073802E0,-3.967061965204E-1,
-3.312326931450E0));
#2458=CARTESIAN_POINT('',(3.349999999999E0,-3.340876466378E-1,
-3.321126760563E0));
#2459=CARTESIAN_POINT('',(3.35E0,-3.000000000104E-1,-3.321126760564E0));
#2461=DIRECTION('',(1.E0,0.E0,1.106582949135E-14));
#2462=VECTOR('',#2461,6.099999999999E0);
#2463=CARTESIAN_POINT('',(-3.05E0,-6.E-1,-3.4E0));
#2464=LINE('',#2463,#2462);
#2465=DIRECTION('',(-1.E0,0.E0,0.E0));
#2466=VECTOR('',#2465,6.1E0);
#2467=CARTESIAN_POINT('',(3.05E0,-6.E-1,-4.85E0));
#2468=LINE('',#2467,#2466);
#2469=DIRECTION('',(-2.428612866369E-14,1.E0,0.E0));
#2470=VECTOR('',#2469,6.399999999996E-1);
#2471=CARTESIAN_POINT('',(3.095E0,-3.199999999998E-1,-3.12E0));
#2472=LINE('',#2471,#2470);
#2473=DIRECTION('',(6.675279506689E-1,5.265009188388E-1,-5.265009188384E-1));
#2474=VECTOR('',#2473,2.964510011980E-1);
#2475=CARTESIAN_POINT('',(3.095E0,3.199999999998E-1,-3.12E0));
#2476=LINE('',#2475,#2474);
#2477=CARTESIAN_POINT('',(3.292889329304E0,4.760817245214E-1,
-3.276081724522E0));
#2478=CARTESIAN_POINT('',(3.311045531010E0,4.510368331951E-1,
-3.290402108966E0));
#2479=CARTESIAN_POINT('',(3.338843073802E0,3.967061965205E-1,
-3.312326931450E0));
#2480=CARTESIAN_POINT('',(3.349999999999E0,3.340876466379E-1,
-3.321126760563E0));
#2481=CARTESIAN_POINT('',(3.35E0,3.000000000104E-1,-3.321126760564E0));
#2483=DIRECTION('',(0.E0,0.E0,1.E0));
#2484=VECTOR('',#2483,1.914213562371E-1);
#2485=CARTESIAN_POINT('',(3.095E0,7.5E-2,-1.75E0));
#2486=LINE('',#2485,#2484);
#2487=CARTESIAN_POINT('',(3.195E0,7.5E-2,-1.75E0));
#2488=DIRECTION('',(0.E0,1.E0,0.E0));
#2489=DIRECTION('',(-1.E0,0.E0,1.110223024625E-14));
#2490=AXIS2_PLACEMENT_3D('',#2487,#2488,#2489);
#2492=DIRECTION('',(1.E0,0.E0,0.E0));
#2493=VECTOR('',#2492,7.E-2);
#2494=CARTESIAN_POINT('',(3.195E0,7.5E-2,-1.65E0));
#2495=LINE('',#2494,#2493);
#2496=CARTESIAN_POINT('',(3.265E0,7.5E-2,-1.57E0));
#2497=DIRECTION('',(0.E0,-1.E0,0.E0));
#2498=DIRECTION('',(-6.661338147751E-14,0.E0,-1.E0));
#2499=AXIS2_PLACEMENT_3D('',#2496,#2497,#2498);
#2501=DIRECTION('',(-8.369915536673E-14,0.E0,1.E0));
#2502=VECTOR('',#2501,1.114213562370E-1);
#2503=CARTESIAN_POINT('',(3.345E0,7.5E-2,-1.57E0));
#2504=LINE('',#2503,#2502);
#2505=DIRECTION('',(-1.E0,0.E0,0.E0));
#2506=VECTOR('',#2505,1.5E-1);
#2507=CARTESIAN_POINT('',(3.345E0,7.5E-2,-1.458578643763E0));
#2508=LINE('',#2507,#2506);
#2509=CARTESIAN_POINT('',(3.195E0,7.5E-2,-1.558578643763E0));
#2510=DIRECTION('',(0.E0,-1.E0,0.E0));
#2511=DIRECTION('',(-5.773159728051E-14,0.E0,1.E0));
#2512=AXIS2_PLACEMENT_3D('',#2509,#2510,#2511);
#2514=DIRECTION('',(0.E0,-1.E0,0.E0));
#2515=VECTOR('',#2514,1.5E-1);
#2516=CARTESIAN_POINT('',(3.095E0,7.5E-2,-1.75E0));
#2517=LINE('',#2516,#2515);
#2518=DIRECTION('',(0.E0,1.E0,0.E0));
#2519=VECTOR('',#2518,1.5E-1);
#2520=CARTESIAN_POINT('',(3.195E0,-7.5E-2,-1.65E0));
#2521=LINE('',#2520,#2519);
#2522=DIRECTION('',(0.E0,0.E0,1.E0));
#2523=VECTOR('',#2522,1.914213562370E-1);
#2524=CARTESIAN_POINT('',(3.095E0,-7.5E-2,-1.75E0));
#2525=LINE('',#2524,#2523);
#2526=CARTESIAN_POINT('',(3.195E0,-7.5E-2,-1.558578643763E0));
#2527=DIRECTION('',(0.E0,1.E0,0.E0));
#2528=DIRECTION('',(-1.E0,0.E0,8.215650382226E-14));
#2529=AXIS2_PLACEMENT_3D('',#2526,#2527,#2528);
#2531=DIRECTION('',(0.E0,0.E0,-1.E0));
#2532=VECTOR('',#2531,1.114213562370E-1);
#2533=CARTESIAN_POINT('',(3.345E0,-7.5E-2,-1.458578643763E0));
#2534=LINE('',#2533,#2532);
#2535=CARTESIAN_POINT('',(3.265E0,-7.5E-2,-1.57E0));
#2536=DIRECTION('',(0.E0,1.E0,0.E0));
#2537=DIRECTION('',(1.E0,0.E0,2.220446049250E-14));
#2538=AXIS2_PLACEMENT_3D('',#2535,#2536,#2537);
#2540=DIRECTION('',(-1.E0,0.E0,0.E0));
#2541=VECTOR('',#2540,7.E-2);
#2542=CARTESIAN_POINT('',(3.265E0,-7.5E-2,-1.65E0));
#2543=LINE('',#2542,#2541);
#2544=CARTESIAN_POINT('',(3.195E0,-7.5E-2,-1.75E0));
#2545=DIRECTION('',(0.E0,-1.E0,0.E0));
#2546=DIRECTION('',(2.664535259100E-14,0.E0,1.E0));
#2547=AXIS2_PLACEMENT_3D('',#2544,#2545,#2546);
#2549=DIRECTION('',(0.E0,-1.E0,1.885113380588E-13));
#2550=VECTOR('',#2549,2.45E-1);
#2551=CARTESIAN_POINT('',(3.095E0,-7.5E-2,-1.558578643763E0));
#2552=LINE('',#2551,#2550);
#2553=DIRECTION('',(0.E0,1.E0,0.E0));
#2554=VECTOR('',#2553,2.45E-1);
#2555=CARTESIAN_POINT('',(3.195E0,-3.2E-1,-1.458578643763E0));
#2556=LINE('',#2555,#2554);
#2557=DIRECTION('',(-1.E0,0.E0,0.E0));
#2558=VECTOR('',#2557,1.5E-1);
#2559=CARTESIAN_POINT('',(3.345E0,-7.5E-2,-1.458578643763E0));
#2560=LINE('',#2559,#2558);
#2561=DIRECTION('',(2.356391725735E-14,1.E0,0.E0));
#2562=VECTOR('',#2561,2.45E-1);
#2563=CARTESIAN_POINT('',(3.345E0,-3.2E-1,-1.458578643763E0));
#2564=LINE('',#2563,#2562);
#2565=DIRECTION('',(-1.179611963664E-14,1.E0,-5.094882848944E-13));
#2566=VECTOR('',#2565,6.4E-1);
#2567=CARTESIAN_POINT('',(3.345E0,-3.2E-1,-9.424987658516E-1));
#2568=LINE('',#2567,#2566);
#2569=DIRECTION('',(-1.721978568806E-13,1.E0,0.E0));
#2570=VECTOR('',#2569,2.45E-1);
#2571=CARTESIAN_POINT('',(3.345E0,7.5E-2,-1.458578643763E0));
#2572=LINE('',#2571,#2570);
#2573=DIRECTION('',(0.E0,1.E0,0.E0));
#2574=VECTOR('',#2573,2.45E-1);
#2575=CARTESIAN_POINT('',(3.195E0,7.5E-2,-1.458578643763E0));
#2576=LINE('',#2575,#2574);
#2577=DIRECTION('',(0.E0,-1.E0,1.080314975799E-12));
#2578=VECTOR('',#2577,2.45E-1);
#2579=CARTESIAN_POINT('',(3.095E0,3.2E-1,-1.558578643763E0));
#2580=LINE('',#2579,#2578);
#2581=DIRECTION('',(1.184237892933E-14,-1.E0,0.E0));
#2582=VECTOR('',#2581,1.5E-1);
#2583=CARTESIAN_POINT('',(3.265E0,7.5E-2,-1.65E0));
#2584=LINE('',#2583,#2582);
#2585=DIRECTION('',(0.E0,1.E0,4.588921835117E-14));
#2586=VECTOR('',#2585,1.5E-1);
#2587=CARTESIAN_POINT('',(3.345E0,-7.5E-2,-1.57E0));
#2588=LINE('',#2587,#2586);
#2589=DIRECTION('',(-2.789033747076E-1,6.790481969557E-1,6.790481969551E-1));
#2590=VECTOR('',#2589,2.208974277121E-1);
#2591=CARTESIAN_POINT('',(3.183790190659E0,-3.2E-1,-5.5E-1));
#2592=LINE('',#2591,#2590);
#2593=DIRECTION('',(2.612289469707E-14,1.E0,-1.338798353225E-14));
#2594=VECTOR('',#2593,3.399999999999E-1);
#2595=CARTESIAN_POINT('',(3.122181152606E0,-1.7E-1,-4.000000000001E-1));
#2596=LINE('',#2595,#2594);
#2597=DIRECTION('',(2.789033747070E-1,6.790481969558E-1,-6.790481969552E-1));
#2598=VECTOR('',#2597,2.208974277121E-1);
#2599=CARTESIAN_POINT('',(3.122181152606E0,1.699999999999E-1,
-4.000000000001E-1));
#2600=LINE('',#2599,#2598);
#2601=DIRECTION('',(1.E0,0.E0,0.E0));
#2602=VECTOR('',#2601,6.244362305212E0);
#2603=CARTESIAN_POINT('',(-3.122181152606E0,-1.7E-1,-4.000000000001E-1));
#2604=LINE('',#2603,#2602);
#2605=DIRECTION('',(2.789033747069E-1,6.790481969558E-1,6.790481969552E-1));
#2606=VECTOR('',#2605,2.208974277120E-1);
#2607=CARTESIAN_POINT('',(-3.183790190659E0,-3.2E-1,-5.5E-1));
#2608=LINE('',#2607,#2606);
#2609=DIRECTION('',(2.612289469706E-14,1.E0,0.E0));
#2610=VECTOR('',#2609,3.4E-1);
#2611=CARTESIAN_POINT('',(-3.122181152606E0,-1.7E-1,-4.000000000001E-1));
#2612=LINE('',#2611,#2610);
#2613=DIRECTION('',(1.E0,0.E0,0.E0));
#2614=VECTOR('',#2613,6.244362305212E0);
#2615=CARTESIAN_POINT('',(-3.122181152606E0,1.7E-1,-4.000000000001E-1));
#2616=LINE('',#2615,#2614);
#2617=DIRECTION('',(0.E0,1.E0,5.979591821692E-13));
#2618=VECTOR('',#2617,6.4E-1);
#2619=CARTESIAN_POINT('',(-3.345E0,-3.2E-1,-9.424987658522E-1));
#2620=LINE('',#2619,#2618);
#2621=DIRECTION('',(2.789033747076E-1,-6.790481969557E-1,6.790481969551E-1));
#2622=VECTOR('',#2621,2.208974277121E-1);
#2623=CARTESIAN_POINT('',(-3.183790190659E0,3.2E-1,-5.5E-1));
#2624=LINE('',#2623,#2622);
#2625=DIRECTION('',(-1.E0,0.E0,0.E0));
#2626=VECTOR('',#2625,1.5E-1);
#2627=CARTESIAN_POINT('',(-3.195E0,-7.5E-2,-1.458578643763E0));
#2628=LINE('',#2627,#2626);
#2629=DIRECTION('',(1.595095937421E-13,-1.E0,0.E0));
#2630=VECTOR('',#2629,2.45E-1);
#2631=CARTESIAN_POINT('',(-3.345E0,-7.5E-2,-1.458578643763E0));
#2632=LINE('',#2631,#2630);
#2633=CARTESIAN_POINT('',(-3.195E0,-7.5E-2,-1.558578643763E0));
#2634=DIRECTION('',(0.E0,1.E0,0.E0));
#2635=DIRECTION('',(0.E0,0.E0,1.E0));
#2636=AXIS2_PLACEMENT_3D('',#2633,#2634,#2635);
#2638=DIRECTION('',(0.E0,0.E0,-1.E0));
#2639=VECTOR('',#2638,1.914213562370E-1);
#2640=CARTESIAN_POINT('',(-3.095E0,-7.5E-2,-1.558578643763E0));
#2641=LINE('',#2640,#2639);
#2642=CARTESIAN_POINT('',(-3.195E0,-7.5E-2,-1.75E0));
#2643=DIRECTION('',(0.E0,-1.E0,0.E0));
#2644=DIRECTION('',(1.E0,0.E0,1.110223024625E-14));
#2645=AXIS2_PLACEMENT_3D('',#2642,#2643,#2644);
#2647=DIRECTION('',(-1.E0,0.E0,0.E0));
#2648=VECTOR('',#2647,7.E-2);
#2649=CARTESIAN_POINT('',(-3.195E0,-7.5E-2,-1.65E0));
#2650=LINE('',#2649,#2648);
#2651=CARTESIAN_POINT('',(-3.265E0,-7.5E-2,-1.57E0));
#2652=DIRECTION('',(0.E0,1.E0,0.E0));
#2653=DIRECTION('',(7.771561172376E-14,0.E0,-1.E0));
#2654=AXIS2_PLACEMENT_3D('',#2651,#2652,#2653);
#2656=DIRECTION('',(8.369915536673E-14,0.E0,1.E0));
#2657=VECTOR('',#2656,1.114213562370E-1);
#2658=CARTESIAN_POINT('',(-3.345E0,-7.5E-2,-1.57E0));
#2659=LINE('',#2658,#2657);
#2660=DIRECTION('',(0.E0,-1.E0,0.E0));
#2661=VECTOR('',#2660,2.45E-1);
#2662=CARTESIAN_POINT('',(-3.195E0,-7.5E-2,-1.458578643763E0));
#2663=LINE('',#2662,#2661);
#2664=DIRECTION('',(0.E0,1.E0,-1.132880637373E-13));
#2665=VECTOR('',#2664,2.45E-1);
#2666=CARTESIAN_POINT('',(-3.095E0,-3.2E-1,-1.558578643763E0));
#2667=LINE('',#2666,#2665);
#2668=DIRECTION('',(-1.776356839400E-14,1.E0,0.E0));
#2669=VECTOR('',#2668,1.5E-1);
#2670=CARTESIAN_POINT('',(-3.265E0,-7.5E-2,-1.65E0));
#2671=LINE('',#2670,#2669);
#2672=DIRECTION('',(0.E0,-1.E0,5.181040781584E-14));
#2673=VECTOR('',#2672,1.5E-1);
#2674=CARTESIAN_POINT('',(-3.345E0,7.5E-2,-1.57E0));
#2675=LINE('',#2674,#2673);
#2676=CARTESIAN_POINT('',(2.8825E0,9.5E-2,-1.136764353898E0));
#2677=DIRECTION('',(-1.E0,0.E0,0.E0));
#2678=DIRECTION('',(0.E0,8.823529411763E-1,4.705882352945E-1));
#2679=AXIS2_PLACEMENT_3D('',#2676,#2677,#2678);
#2681=DIRECTION('',(0.E0,-2.578085009657E-14,-1.E0));
#2682=VECTOR('',#2681,2.013235646102E0);
#2683=CARTESIAN_POINT('',(2.8825E0,3.5E-1,-1.136764353898E0));
#2684=LINE('',#2683,#2682);
#2685=DIRECTION('',(0.E0,-7.071067811866E-1,7.071067811865E-1));
#2686=VECTOR('',#2685,4.242640687128E-2);
#2687=CARTESIAN_POINT('',(2.8825E0,3.5E-1,-3.15E0));
#2688=LINE('',#2687,#2686);
#2689=DIRECTION('',(-1.E0,0.E0,3.125072217463E-14));
#2690=VECTOR('',#2689,2.7E-1);
#2691=CARTESIAN_POINT('',(2.8825E0,3.2E-1,-1.016764353898E0));
#2692=LINE('',#2691,#2690);
#2693=DIRECTION('',(1.E0,4.810966440042E-14,-5.871846219129E-13));
#2694=VECTOR('',#2693,2.7E-1);
#2695=CARTESIAN_POINT('',(2.6125E0,3.5E-1,-1.136764353898E0));
#2696=LINE('',#2695,#2694);
#2697=DIRECTION('',(0.E0,-3.916753150312E-14,-1.E0));
#2698=VECTOR('',#2697,2.103235646102E0);
#2699=CARTESIAN_POINT('',(2.6125E0,3.2E-1,-1.016764353898E0));
#2700=LINE('',#2699,#2698);
#2701=DIRECTION('',(0.E0,7.071067811865E-1,-7.071067811865E-1));
#2702=VECTOR('',#2701,4.242640687127E-2);
#2703=CARTESIAN_POINT('',(2.6125E0,3.199999999999E-1,-3.12E0));
#2704=LINE('',#2703,#2702);
#2705=DIRECTION('',(0.E0,2.216877377288E-14,1.E0));
#2706=VECTOR('',#2705,2.013235646102E0);
#2707=CARTESIAN_POINT('',(2.6125E0,3.5E-1,-3.15E0));
#2708=LINE('',#2707,#2706);
#2709=CARTESIAN_POINT('',(2.6125E0,9.5E-2,-1.136764353898E0));
#2710=DIRECTION('',(1.E0,0.E0,0.E0));
#2711=DIRECTION('',(0.E0,1.E0,0.E0));
#2712=AXIS2_PLACEMENT_3D('',#2709,#2710,#2711);
#2714=DIRECTION('',(1.E0,2.138207306685E-14,1.825700084939E-13));
#2715=VECTOR('',#2714,2.7E-1);
#2716=CARTESIAN_POINT('',(2.6125E0,3.5E-1,-3.15E0));
#2717=LINE('',#2716,#2715);
#2718=CARTESIAN_POINT('',(1.3875E0,9.5E-2,-1.143133814957E0));
#2719=DIRECTION('',(-1.E0,0.E0,0.E0));
#2720=DIRECTION('',(0.E0,8.823529411763E-1,4.705882352945E-1));
#2721=AXIS2_PLACEMENT_3D('',#2718,#2719,#2720);
#2723=DIRECTION('',(0.E0,-2.948621470308E-14,-1.E0));
#2724=VECTOR('',#2723,2.006866185043E0);
#2725=CARTESIAN_POINT('',(1.3875E0,3.5E-1,-1.143133814957E0));
#2726=LINE('',#2725,#2724);
#2727=DIRECTION('',(0.E0,-7.071067811867E-1,7.071067811864E-1));
#2728=VECTOR('',#2727,4.242640687127E-2);
#2729=CARTESIAN_POINT('',(1.3875E0,3.5E-1,-3.15E0));
#2730=LINE('',#2729,#2728);
#2731=DIRECTION('',(-1.E0,0.E0,1.233581138472E-14));
#2732=VECTOR('',#2731,2.7E-1);
#2733=CARTESIAN_POINT('',(1.3875E0,3.2E-1,-1.023133814957E0));
#2734=LINE('',#2733,#2732);
#2735=DIRECTION('',(1.E0,4.810966440042E-14,-5.871846219129E-13));
#2736=VECTOR('',#2735,2.7E-1);
#2737=CARTESIAN_POINT('',(1.1175E0,3.5E-1,-1.143133814957E0));
#2738=LINE('',#2737,#2736);
#2739=DIRECTION('',(0.E0,-3.944534750217E-14,-1.E0));
#2740=VECTOR('',#2739,2.096866185043E0);
#2741=CARTESIAN_POINT('',(1.1175E0,3.2E-1,-1.023133814957E0));
#2742=LINE('',#2741,#2740);
#2743=DIRECTION('',(0.E0,7.071067811867E-1,-7.071067811864E-1));
#2744=VECTOR('',#2743,4.242640687125E-2);
#2745=CARTESIAN_POINT('',(1.1175E0,3.199999999999E-1,-3.12E0));
#2746=LINE('',#2745,#2744);
#2747=DIRECTION('',(0.E0,2.583501363290E-14,1.E0));
#2748=VECTOR('',#2747,2.006866185043E0);
#2749=CARTESIAN_POINT('',(1.1175E0,3.499999999999E-1,-3.15E0));
#2750=LINE('',#2749,#2748);
#2751=CARTESIAN_POINT('',(1.1175E0,9.5E-2,-1.143133814957E0));
#2752=DIRECTION('',(1.E0,0.E0,0.E0));
#2753=DIRECTION('',(0.E0,1.E0,0.E0));
#2754=AXIS2_PLACEMENT_3D('',#2751,#2752,#2753);
#2756=DIRECTION('',(0.E0,-7.071067811868E-1,-7.071067811863E-1));
#2757=VECTOR('',#2756,4.242640687127E-2);
#2758=CARTESIAN_POINT('',(8.875E-1,-3.199999999999E-1,-3.12E0));
#2759=LINE('',#2758,#2757);
#2760=CARTESIAN_POINT('',(8.875E-1,-1.45E-1,-1.443261531631E0));
#2761=DIRECTION('',(-1.E0,0.E0,0.E0));
#2762=DIRECTION('',(0.E0,-1.E0,-2.073138408910E-12));
#2763=AXIS2_PLACEMENT_3D('',#2760,#2761,#2762);
#2765=DIRECTION('',(0.E0,8.104866163948E-14,-1.E0));
#2766=VECTOR('',#2765,1.783509250889E0);
#2767=CARTESIAN_POINT('',(8.875E-1,-3.2E-1,-1.336490749111E0));
#2768=LINE('',#2767,#2766);
#2769=DIRECTION('',(0.E0,-3.337033893523E-14,1.E0));
#2770=VECTOR('',#2769,1.706738468369E0);
#2771=CARTESIAN_POINT('',(6.175E-1,-3.499999999999E-1,-3.15E0));
#2772=LINE('',#2771,#2770);
#2773=DIRECTION('',(0.E0,3.041059152480E-14,-1.E0));
#2774=VECTOR('',#2773,1.706738468369E0);
#2775=CARTESIAN_POINT('',(8.875E-1,-3.5E-1,-1.443261531631E0));
#2776=LINE('',#2775,#2774);
#2777=DIRECTION('',(0.E0,7.071067811868E-1,7.071067811863E-1));
#2778=VECTOR('',#2777,4.242640687124E-2);
#2779=CARTESIAN_POINT('',(6.175E-1,-3.499999999999E-1,-3.15E0));
#2780=LINE('',#2779,#2778);
#2781=CARTESIAN_POINT('',(6.175E-1,-1.45E-1,-1.443261531631E0));
#2782=DIRECTION('',(1.E0,0.E0,0.E0));
#2783=DIRECTION('',(0.E0,-8.536585365854E-1,5.208330854649E-1));
#2784=AXIS2_PLACEMENT_3D('',#2781,#2782,#2783);
#2786=DIRECTION('',(1.E0,0.E0,9.292977909825E-14));
#2787=VECTOR('',#2786,2.7E-1);
#2788=CARTESIAN_POINT('',(6.175E-1,-3.2E-1,-1.336490749111E0));
#2789=LINE('',#2788,#2787);
#2790=DIRECTION('',(-1.E0,4.810966440042E-14,5.238607901379E-13));
#2791=VECTOR('',#2790,2.7E-1);
#2792=CARTESIAN_POINT('',(8.875E-1,-3.5E-1,-1.443261531631E0));
#2793=LINE('',#2792,#2791);
#2794=CARTESIAN_POINT('',(-3.18E0,3.05E-1,-5.65E0));
#2795=DIRECTION('',(0.E0,0.E0,1.E0));
#2796=DIRECTION('',(-7.452445293393E-1,6.667912653071E-1,0.E0));
#2797=AXIS2_PLACEMENT_3D('',#2794,#2795,#2796);
#2799=DIRECTION('',(0.E0,1.880848418188E-14,-1.E0));
#2800=VECTOR('',#2799,8.5E-1);
#2801=CARTESIAN_POINT('',(-4.155E0,3.05E-1,-5.65E0));
#2802=LINE('',#2801,#2800);
#2803=DIRECTION('',(0.E0,1.E0,0.E0));
#2804=VECTOR('',#2803,1.335E0);
#2805=CARTESIAN_POINT('',(-4.155E0,-1.03E0,-6.5E0));
#2806=LINE('',#2805,#2804);
#2807=CARTESIAN_POINT('',(-1.45E0,-1.28E0,-5.75E0));
#2808=CARTESIAN_POINT('',(-1.45E0,-1.381444498698E0,-5.75E0));
#2809=VERTEX_POINT('',#2807);
#2810=VERTEX_POINT('',#2808);
#2811=CARTESIAN_POINT('',(1.45E0,-1.381444498698E0,-5.75E0));
#2812=CARTESIAN_POINT('',(1.45E0,-1.28E0,-5.75E0));
#2813=VERTEX_POINT('',#2811);
#2814=VERTEX_POINT('',#2812);
#2815=CARTESIAN_POINT('',(-1.45E0,-1.57E0,-5.75E0));
#2816=VERTEX_POINT('',#2815);
#2817=CARTESIAN_POINT('',(-2.775282429847E0,-1.381444498698E0,-5.75E0));
#2818=VERTEX_POINT('',#2817);
#2819=CARTESIAN_POINT('',(-2.775282429847E0,-1.581444498698E0,-5.75E0));
#2820=VERTEX_POINT('',#2819);
#2821=CARTESIAN_POINT('',(1.45E0,-1.57E0,-5.75E0));
#2822=CARTESIAN_POINT('',(1.75E0,-1.57E0,-6.05E0));
#2823=VERTEX_POINT('',#2821);
#2824=VERTEX_POINT('',#2822);
#2825=CARTESIAN_POINT('',(1.75E0,-1.57E0,-6.12E0));
#2826=VERTEX_POINT('',#2825);
#2827=CARTESIAN_POINT('',(3.345E0,-1.57E0,-6.12E0));
#2828=VERTEX_POINT('',#2827);
#2829=CARTESIAN_POINT('',(3.345E0,-1.57E0,-6.3E0));
#2830=VERTEX_POINT('',#2829);
#2831=CARTESIAN_POINT('',(-3.345E0,-1.57E0,-6.3E0));
#2832=VERTEX_POINT('',#2831);
#2833=CARTESIAN_POINT('',(-3.345E0,-1.57E0,-6.12E0));
#2834=VERTEX_POINT('',#2833);
#2835=CARTESIAN_POINT('',(-1.75E0,-1.57E0,-6.12E0));
#2836=VERTEX_POINT('',#2835);
#2837=CARTESIAN_POINT('',(-1.75E0,-1.57E0,-6.05E0));
#2838=VERTEX_POINT('',#2837);
#2839=CARTESIAN_POINT('',(2.774819621597E0,-1.381444498698E0,-5.75E0));
#2840=CARTESIAN_POINT('',(2.774819621597E0,-1.581444498698E0,-5.75E0));
#2841=VERTEX_POINT('',#2839);
#2842=VERTEX_POINT('',#2840);
#2843=VERTEX_POINT('',#653);
#2844=CARTESIAN_POINT('',(2.914790464042E0,-1.581444498698E0,
-5.692857142857E0));
#2845=VERTEX_POINT('',#2844);
#2846=CARTESIAN_POINT('',(3.169768595877E0,-1.581444498698E0,-5.65E0));
#2847=CARTESIAN_POINT('',(3.169768595877E0,-1.581444498698E0,
-4.871081316082E-10));
#2848=VERTEX_POINT('',#2846);
#2849=VERTEX_POINT('',#2847);
#2850=CARTESIAN_POINT('',(3.019768595875E0,-1.581444498698E0,-5.65E0));
#2851=VERTEX_POINT('',#2850);
#2852=CARTESIAN_POINT('',(3.169768516787E0,-1.281445346583E0,
-1.999991323321E-1));
#2853=CARTESIAN_POINT('',(4.169769443760E0,-2.814444986981E-1,
-1.999991323321E-1));
#2854=VERTEX_POINT('',#2852);
#2855=VERTEX_POINT('',#2853);
#2856=CARTESIAN_POINT('',(4.169768595875E0,-4.514444986981E-1,-6.E0));
#2857=CARTESIAN_POINT('',(4.169768595875E0,-6.514444986981E-1,-6.2E0));
#2858=VERTEX_POINT('',#2856);
#2859=VERTEX_POINT('',#2857);
#2860=CARTESIAN_POINT('',(4.169768595875E0,2.485555013019E-1,-6.7E0));
#2861=CARTESIAN_POINT('',(4.169768595875E0,2.785555013019E-1,
-6.594643462471E0));
#2862=VERTEX_POINT('',#2860);
#2863=VERTEX_POINT('',#2861);
#2864=CARTESIAN_POINT('',(4.169768936608E0,2.785555908562E-1,
-1.999991905108E-1));
#2865=VERTEX_POINT('',#2864);
#2866=CARTESIAN_POINT('',(4.169768595875E0,-8.144449869811E-2,-5.8E0));
#2867=CARTESIAN_POINT('',(4.169768595875E0,-8.144449869811E-2,-5.85E0));
#2868=VERTEX_POINT('',#2866);
#2869=VERTEX_POINT('',#2867);
#2870=CARTESIAN_POINT('',(4.169768595875E0,-2.314444986982E-1,-6.E0));
#2871=VERTEX_POINT('',#2870);
#2872=CARTESIAN_POINT('',(4.469768595875E0,-6.514444986981E-1,-6.2E0));
#2873=CARTESIAN_POINT('',(4.469768595875E0,-4.514444986981E-1,-6.E0));
#2874=VERTEX_POINT('',#2872);
#2875=VERTEX_POINT('',#2873);
#2876=CARTESIAN_POINT('',(4.469768595875E0,-2.314444986981E-1,-6.E0));
#2877=VERTEX_POINT('',#2876);
#2878=CARTESIAN_POINT('',(4.469768595875E0,-8.144449869810E-2,-5.85E0));
#2879=VERTEX_POINT('',#2878);
#2880=CARTESIAN_POINT('',(4.469768595875E0,-8.144449869811E-2,-5.8E0));
#2881=VERTEX_POINT('',#2880);
#2882=CARTESIAN_POINT('',(4.469768595875E0,-2.314444986982E-1,-5.65E0));
#2883=VERTEX_POINT('',#2882);
#2884=CARTESIAN_POINT('',(4.469768595875E0,-2.814444986981E-1,-5.65E0));
#2885=VERTEX_POINT('',#2884);
#2886=CARTESIAN_POINT('',(4.469768595875E0,-2.814444986981E-1,0.E0));
#2887=VERTEX_POINT('',#2886);
#2888=CARTESIAN_POINT('',(4.469768595875E0,2.785555013019E-1,0.E0));
#2889=VERTEX_POINT('',#2888);
#2890=CARTESIAN_POINT('',(4.469768595875E0,2.785555013019E-1,
-6.594643462471E0));
#2891=VERTEX_POINT('',#2890);
#2892=CARTESIAN_POINT('',(4.469768595875E0,2.485555013019E-1,-6.7E0));
#2893=VERTEX_POINT('',#2892);
#2894=CARTESIAN_POINT('',(4.155E0,-1.03E0,-5.65E0));
#2895=CARTESIAN_POINT('',(4.080182214503E0,-1.208356922271E0,-5.65E0));
#2896=VERTEX_POINT('',#2894);
#2897=VERTEX_POINT('',#2895);
#2898=CARTESIAN_POINT('',(3.905E0,-1.28E0,-5.65E0));
#2899=VERTEX_POINT('',#2898);
#2900=CARTESIAN_POINT('',(4.155E0,-1.03E0,-6.5E0));
#2901=VERTEX_POINT('',#2900);
#2902=CARTESIAN_POINT('',(3.905E0,-1.28E0,-6.5E0));
#2903=VERTEX_POINT('',#2902);
#2904=CARTESIAN_POINT('',(3.345E0,-1.28E0,-6.5E0));
#2905=VERTEX_POINT('',#2904);
#2906=CARTESIAN_POINT('',(3.345E0,-1.28E0,-6.3E0));
#2907=VERTEX_POINT('',#2906);
#2908=CARTESIAN_POINT('',(3.345E0,-1.28E0,-6.12E0));
#2909=VERTEX_POINT('',#2908);
#2910=CARTESIAN_POINT('',(1.75E0,-1.28E0,-6.12E0));
#2911=VERTEX_POINT('',#2910);
#2912=CARTESIAN_POINT('',(1.75E0,-1.28E0,-6.05E0));
#2913=VERTEX_POINT('',#2912);
#2914=CARTESIAN_POINT('',(-1.75E0,-1.28E0,-6.05E0));
#2915=VERTEX_POINT('',#2914);
#2916=CARTESIAN_POINT('',(-1.75E0,-1.28E0,-6.12E0));
#2917=VERTEX_POINT('',#2916);
#2918=CARTESIAN_POINT('',(-3.345E0,-1.28E0,-6.12E0));
#2919=VERTEX_POINT('',#2918);
#2920=CARTESIAN_POINT('',(-3.345E0,-1.28E0,-6.3E0));
#2921=VERTEX_POINT('',#2920);
#2922=CARTESIAN_POINT('',(-3.345E0,-1.28E0,-6.5E0));
#2923=VERTEX_POINT('',#2922);
#2924=CARTESIAN_POINT('',(-3.905E0,-1.28E0,-6.5E0));
#2925=VERTEX_POINT('',#2924);
#2926=CARTESIAN_POINT('',(-3.905E0,-1.28E0,-5.65E0));
#2927=VERTEX_POINT('',#2926);
#2928=CARTESIAN_POINT('',(-4.080126062101E0,-1.208412057813E0,-5.65E0));
#2929=VERTEX_POINT('',#2928);
#2930=CARTESIAN_POINT('',(-3.170231404129E0,-1.581444498698E0,-5.65E0));
#2931=VERTEX_POINT('',#2930);
#2932=CARTESIAN_POINT('',(-3.020231404125E0,-1.581444498698E0,-5.65E0));
#2933=VERTEX_POINT('',#2932);
#2934=CARTESIAN_POINT('',(-4.155E0,-1.03E0,-5.65E0));
#2935=VERTEX_POINT('',#2934);
#2936=CARTESIAN_POINT('',(-4.155E0,-1.03E0,-6.5E0));
#2937=VERTEX_POINT('',#2936);
#2938=CARTESIAN_POINT('',(-4.470231404125E0,-2.814444986981E-1,-5.65E0));
#2939=VERTEX_POINT('',#2938);
#2940=CARTESIAN_POINT('',(-4.470231404125E0,-2.314444986981E-1,-5.65E0));
#2941=VERTEX_POINT('',#2940);
#2942=CARTESIAN_POINT('',(-4.470231404125E0,-2.814444986981E-1,0.E0));
#2943=VERTEX_POINT('',#2942);
#2944=CARTESIAN_POINT('',(-3.170231404128E0,-1.581444498698E0,0.E0));
#2945=VERTEX_POINT('',#2944);
#2946=CARTESIAN_POINT('',(-4.470231404125E0,2.485555013019E-1,-6.7E0));
#2947=CARTESIAN_POINT('',(-4.470231404125E0,2.785555013019E-1,
-6.594643462471E0));
#2948=VERTEX_POINT('',#2946);
#2949=VERTEX_POINT('',#2947);
#2950=CARTESIAN_POINT('',(-4.470231404125E0,2.785555013019E-1,0.E0));
#2951=VERTEX_POINT('',#2950);
#2952=CARTESIAN_POINT('',(-4.470231404125E0,-8.144449869810E-2,-5.8E0));
#2953=VERTEX_POINT('',#2952);
#2954=CARTESIAN_POINT('',(-4.470231404125E0,-8.144449869811E-2,-5.85E0));
#2955=VERTEX_POINT('',#2954);
#2956=CARTESIAN_POINT('',(-4.470231404125E0,-2.314444986982E-1,-6.E0));
#2957=VERTEX_POINT('',#2956);
#2958=CARTESIAN_POINT('',(-4.470231404125E0,-4.514444986981E-1,-6.E0));
#2959=VERTEX_POINT('',#2958);
#2960=CARTESIAN_POINT('',(-4.470231404125E0,-6.514444986981E-1,-6.2E0));
#2961=VERTEX_POINT('',#2960);
#2962=CARTESIAN_POINT('',(-4.170231404125E0,-6.514444986981E-1,-6.2E0));
#2963=VERTEX_POINT('',#2962);
#2964=CARTESIAN_POINT('',(-4.170231404125E0,-4.514444986981E-1,-6.E0));
#2965=VERTEX_POINT('',#2964);
#2966=CARTESIAN_POINT('',(-4.170231404125E0,-2.314444986981E-1,-6.E0));
#2967=VERTEX_POINT('',#2966);
#2968=CARTESIAN_POINT('',(-4.170231404125E0,-8.144449869810E-2,-5.85E0));
#2969=VERTEX_POINT('',#2968);
#2970=CARTESIAN_POINT('',(-4.170231404125E0,-8.144449869811E-2,-5.8E0));
#2971=VERTEX_POINT('',#2970);
#2972=CARTESIAN_POINT('',(-4.170231821101E0,-2.814448904073E-1,
-1.999989755987E-1));
#2973=CARTESIAN_POINT('',(-4.170231764556E0,2.785578127506E-1,
-1.999991311851E-1));
#2974=VERTEX_POINT('',#2972);
#2975=VERTEX_POINT('',#2973);
#2976=CARTESIAN_POINT('',(-4.170231404125E0,2.785555013019E-1,
-6.594643462471E0));
#2977=CARTESIAN_POINT('',(-4.170231404125E0,2.485555013019E-1,-6.7E0));
#2978=VERTEX_POINT('',#2976);
#2979=VERTEX_POINT('',#2977);
#2980=CARTESIAN_POINT('',(-4.155E0,3.05E-1,-6.5E0));
#2981=VERTEX_POINT('',#2980);
#2982=CARTESIAN_POINT('',(-4.155675466464E0,4.485555013019E-1,-6.5E0));
#2983=CARTESIAN_POINT('',(-4.459068088892E0,4.485555013019E-1,-6.5E0));
#2984=VERTEX_POINT('',#2982);
#2985=VERTEX_POINT('',#2983);
#2986=CARTESIAN_POINT('',(-3.906636890583E0,9.550959358032E-1,-6.5E0));
#2987=VERTEX_POINT('',#2986);
#2988=CARTESIAN_POINT('',(-3.345E0,1.263165037055E0,-6.5E0));
#2989=VERTEX_POINT('',#2988);
#2990=CARTESIAN_POINT('',(-3.170230682816E0,1.278555501302E0,-6.5E0));
#2991=VERTEX_POINT('',#2990);
#2992=CARTESIAN_POINT('',(-1.150231404125E0,1.278555503047E0,-6.5E0));
#2993=VERTEX_POINT('',#2992);
#2994=CARTESIAN_POINT('',(-1.150231404125E0,1.578555501302E0,-6.5E0));
#2995=VERTEX_POINT('',#2994);
#2996=CARTESIAN_POINT('',(-3.170231404085E0,1.578555501302E0,-6.5E0));
#2997=VERTEX_POINT('',#2996);
#2998=CARTESIAN_POINT('',(-3.170231404083E0,1.578555501302E0,0.E0));
#2999=VERTEX_POINT('',#2998);
#3000=CARTESIAN_POINT('',(9.997685958749E-1,1.578555501302E0,-6.25E0));
#3001=CARTESIAN_POINT('',(9.997685958749E-1,1.578555501302E0,
-6.349999999999E0));
#3002=VERTEX_POINT('',#3000);
#3003=VERTEX_POINT('',#3001);
#3004=CARTESIAN_POINT('',(1.149768595874E0,1.578555501302E0,-6.5E0));
#3005=VERTEX_POINT('',#3004);
#3006=CARTESIAN_POINT('',(3.169748631893E0,1.578555501273E0,-6.5E0));
#3007=VERTEX_POINT('',#3006);
#3008=CARTESIAN_POINT('',(3.169761939999E0,1.578555501273E0,0.E0));
#3009=VERTEX_POINT('',#3008);
#3010=CARTESIAN_POINT('',(-1.000231404125E0,1.578555501302E0,-6.35E0));
#3011=VERTEX_POINT('',#3010);
#3012=CARTESIAN_POINT('',(-1.000231404125E0,1.578555501302E0,
-6.249999999999E0));
#3013=VERTEX_POINT('',#3012);
#3014=CARTESIAN_POINT('',(3.169767620158E0,1.278555501302E0,-6.1E0));
#3015=CARTESIAN_POINT('',(3.169765905579E0,1.278555504791E0,-6.5E0));
#3016=VERTEX_POINT('',#3014);
#3017=VERTEX_POINT('',#3015);
#3018=CARTESIAN_POINT('',(1.149768595875E0,1.278555504791E0,-6.5E0));
#3019=VERTEX_POINT('',#3018);
#3020=CARTESIAN_POINT('',(9.997685958750E-1,1.278555501302E0,-6.35E0));
#3021=VERTEX_POINT('',#3020);
#3022=CARTESIAN_POINT('',(9.997685958749E-1,1.278555501302E0,-6.25E0));
#3023=VERTEX_POINT('',#3022);
#3024=VERTEX_POINT('',#1122);
#3025=CARTESIAN_POINT('',(-3.170231403626E0,1.278555501302E0,-6.1E0));
#3026=CARTESIAN_POINT('',(-3.345E0,1.263165037055E0,-6.1E0));
#3027=VERTEX_POINT('',#3025);
#3028=VERTEX_POINT('',#3026);
#3029=CARTESIAN_POINT('',(-3.345E0,-7.E-2,-6.1E0));
#3030=VERTEX_POINT('',#3029);
#3031=CARTESIAN_POINT('',(-2.9475E0,-7.E-2,-6.1E0));
#3032=VERTEX_POINT('',#3031);
#3033=CARTESIAN_POINT('',(-2.9475E0,7.5E-2,-6.1E0));
#3034=VERTEX_POINT('',#3033);
#3035=CARTESIAN_POINT('',(-2.4475E0,7.5E-2,-6.1E0));
#3036=VERTEX_POINT('',#3035);
#3037=CARTESIAN_POINT('',(-2.4475E0,-7.E-2,-6.1E0));
#3038=VERTEX_POINT('',#3037);
#3039=CARTESIAN_POINT('',(-1.7475E0,-7.E-2,-6.1E0));
#3040=VERTEX_POINT('',#3039);
#3041=CARTESIAN_POINT('',(-1.7475E0,7.5E-2,-6.1E0));
#3042=VERTEX_POINT('',#3041);
#3043=CARTESIAN_POINT('',(-1.247173919390E0,7.5E-2,-6.1E0));
#3044=VERTEX_POINT('',#3043);
#3045=CARTESIAN_POINT('',(-1.247173919390E0,-7.E-2,-6.1E0));
#3046=VERTEX_POINT('',#3045);
#3047=CARTESIAN_POINT('',(-7.506353115618E-1,-7.E-2,-6.1E0));
#3048=VERTEX_POINT('',#3047);
#3049=CARTESIAN_POINT('',(-7.506353115618E-1,7.5E-2,-6.1E0));
#3050=VERTEX_POINT('',#3049);
#3051=CARTESIAN_POINT('',(-2.475E-1,7.5E-2,-6.1E0));
#3052=VERTEX_POINT('',#3051);
#3053=CARTESIAN_POINT('',(-2.475E-1,-7.E-2,-6.1E0));
#3054=VERTEX_POINT('',#3053);
#3055=CARTESIAN_POINT('',(2.525E-1,-7.E-2,-6.1E0));
#3056=VERTEX_POINT('',#3055);
#3057=CARTESIAN_POINT('',(2.525E-1,7.5E-2,-6.1E0));
#3058=VERTEX_POINT('',#3057);
#3059=CARTESIAN_POINT('',(7.556353115618E-1,7.5E-2,-6.1E0));
#3060=VERTEX_POINT('',#3059);
#3061=CARTESIAN_POINT('',(7.556353115618E-1,-7.E-2,-6.1E0));
#3062=VERTEX_POINT('',#3061);
#3063=CARTESIAN_POINT('',(1.252173919390E0,-7.E-2,-6.1E0));
#3064=VERTEX_POINT('',#3063);
#3065=CARTESIAN_POINT('',(1.252173919390E0,7.5E-2,-6.1E0));
#3066=VERTEX_POINT('',#3065);
#3067=CARTESIAN_POINT('',(1.7525E0,7.5E-2,-6.1E0));
#3068=VERTEX_POINT('',#3067);
#3069=CARTESIAN_POINT('',(1.7525E0,-7.E-2,-6.1E0));
#3070=VERTEX_POINT('',#3069);
#3071=CARTESIAN_POINT('',(2.4525E0,-7.E-2,-6.1E0));
#3072=VERTEX_POINT('',#3071);
#3073=CARTESIAN_POINT('',(2.4525E0,7.5E-2,-6.1E0));
#3074=VERTEX_POINT('',#3073);
#3075=CARTESIAN_POINT('',(2.9525E0,7.5E-2,-6.1E0));
#3076=VERTEX_POINT('',#3075);
#3077=CARTESIAN_POINT('',(2.9525E0,-7.E-2,-6.1E0));
#3078=VERTEX_POINT('',#3077);
#3079=CARTESIAN_POINT('',(3.345E0,-7.E-2,-6.1E0));
#3080=VERTEX_POINT('',#3079);
#3081=CARTESIAN_POINT('',(3.345E0,1.263082776195E0,-6.1E0));
#3082=VERTEX_POINT('',#3081);
#3083=VERTEX_POINT('',#946);
#3084=VERTEX_POINT('',#953);
#3085=CARTESIAN_POINT('',(-1.000231404125E0,1.278555501302E0,-6.35E0));
#3086=VERTEX_POINT('',#3085);
#3087=CARTESIAN_POINT('',(8.497636826001E-1,1.278190793528E0,
-6.100000000018E0));
#3088=CARTESIAN_POINT('',(8.497674960270E-1,1.578555501302E0,
-6.100000000012E0));
#3089=VERTEX_POINT('',#3087);
#3090=VERTEX_POINT('',#3088);
#3091=CARTESIAN_POINT('',(4.458605280642E0,4.485555013019E-1,-6.5E0));
#3092=CARTESIAN_POINT('',(4.155212658214E0,4.485555013019E-1,-6.5E0));
#3093=VERTEX_POINT('',#3091);
#3094=VERTEX_POINT('',#3092);
#3095=CARTESIAN_POINT('',(3.345E0,1.263082776195E0,-6.5E0));
#3096=VERTEX_POINT('',#3095);
#3097=CARTESIAN_POINT('',(4.155E0,3.05E-1,-6.5E0));
#3098=VERTEX_POINT('',#3097);
#3099=CARTESIAN_POINT('',(3.923554647420E0,9.356754207193E-1,-6.5E0));
#3100=VERTEX_POINT('',#3099);
#3101=CARTESIAN_POINT('',(3.169768174772E0,1.278556349179E0,
-1.999991323311E-1));
#3102=VERTEX_POINT('',#3101);
#3103=CARTESIAN_POINT('',(-3.35E0,-3.E-1,-4.85E0));
#3104=CARTESIAN_POINT('',(-3.05E0,-6.E-1,-4.85E0));
#3105=VERTEX_POINT('',#3103);
#3106=VERTEX_POINT('',#3104);
#3107=CARTESIAN_POINT('',(3.05E0,-6.E-1,-4.85E0));
#3108=VERTEX_POINT('',#3107);
#3109=CARTESIAN_POINT('',(3.35E0,-3.E-1,-4.85E0));
#3110=VERTEX_POINT('',#3109);
#3111=CARTESIAN_POINT('',(3.35E0,3.000000000001E-1,-4.85E0));
#3112=VERTEX_POINT('',#3111);
#3113=CARTESIAN_POINT('',(3.05E0,6.E-1,-4.85E0));
#3114=VERTEX_POINT('',#3113);
#3115=CARTESIAN_POINT('',(-3.05E0,6.E-1,-4.85E0));
#3116=VERTEX_POINT('',#3115);
#3117=CARTESIAN_POINT('',(-3.35E0,3.E-1,-4.85E0));
#3118=VERTEX_POINT('',#3117);
#3119=CARTESIAN_POINT('',(-3.170231511349E0,1.278555842112E0,
-1.999991902767E-1));
#3120=VERTEX_POINT('',#3119);
#3121=CARTESIAN_POINT('',(-4.320231520686E0,2.785658993236E-1,
1.451988895784E-8));
#3122=VERTEX_POINT('',#3121);
#3123=CARTESIAN_POINT('',(-3.170235050850E0,1.428555728024E0,
7.460698725481E-14));
#3124=VERTEX_POINT('',#3123);
#3125=CARTESIAN_POINT('',(-4.320231520659E0,-2.814475766766E-1,
1.451684331077E-8));
#3126=VERTEX_POINT('',#3125);
#3127=CARTESIAN_POINT('',(-3.170232143559E0,-1.281445506980E0,
-1.999989184681E-1));
#3128=VERTEX_POINT('',#3127);
#3129=CARTESIAN_POINT('',(-3.170238079644E0,-1.431444612143E0,
1.347345223353E-8));
#3130=VERTEX_POINT('',#3129);
#3131=CARTESIAN_POINT('',(-2.915253272246E0,-1.581444498698E0,
-5.692857142902E0));
#3132=VERTEX_POINT('',#3131);
#3133=CARTESIAN_POINT('',(-2.915253307403E0,-1.362396870297E0,
-5.692857112739E0));
#3134=VERTEX_POINT('',#3133);
#3135=CARTESIAN_POINT('',(3.169775014859E0,-1.431444725415E0,
7.460698725481E-14));
#3136=CARTESIAN_POINT('',(4.319768822570E0,-2.814541361380E-1,
7.460698725481E-14));
#3137=VERTEX_POINT('',#3135);
#3138=VERTEX_POINT('',#3136);
#3139=CARTESIAN_POINT('',(4.319768730367E0,2.785577195181E-1,
2.356318039761E-8));
#3140=VERTEX_POINT('',#3139);
#3141=CARTESIAN_POINT('',(3.169773962393E0,1.428555728016E0,
1.075362021652E-12));
#3142=VERTEX_POINT('',#3141);
#3143=VERTEX_POINT('',#2022);
#3144=VERTEX_POINT('',#2027);
#3145=CARTESIAN_POINT('',(-3.35E0,-3.000000000024E-1,-3.321126760564E0));
#3146=VERTEX_POINT('',#3145);
#3147=CARTESIAN_POINT('',(-1.1125E0,-3.199999999999E-1,-3.12E0));
#3148=CARTESIAN_POINT('',(-1.1125E0,-3.499999999999E-1,-3.15E0));
#3149=VERTEX_POINT('',#3147);
#3150=VERTEX_POINT('',#3148);
#3151=CARTESIAN_POINT('',(6.175E-1,-3.199999999999E-1,-3.12E0));
#3152=VERTEX_POINT('',#3151);
#3153=CARTESIAN_POINT('',(6.175E-1,-3.499999999999E-1,-3.15E0));
#3154=VERTEX_POINT('',#3153);
#3155=CARTESIAN_POINT('',(8.875E-1,-3.5E-1,-3.15E0));
#3156=VERTEX_POINT('',#3155);
#3157=CARTESIAN_POINT('',(8.875E-1,-3.199999999999E-1,-3.12E0));
#3158=VERTEX_POINT('',#3157);
#3159=CARTESIAN_POINT('',(3.095E0,-3.199999999998E-1,-3.12E0));
#3160=VERTEX_POINT('',#3159);
#3161=CARTESIAN_POINT('',(3.292889329303E0,-4.760817245217E-1,
-3.276081724522E0));
#3162=VERTEX_POINT('',#3161);
#3163=VERTEX_POINT('',#2058);
#3164=CARTESIAN_POINT('',(-3.095E0,-3.199999999999E-1,-3.12E0));
#3165=VERTEX_POINT('',#3164);
#3166=CARTESIAN_POINT('',(-2.8825E0,-3.199999999999E-1,-3.12E0));
#3167=VERTEX_POINT('',#3166);
#3168=CARTESIAN_POINT('',(-2.8825E0,-3.5E-1,-3.15E0));
#3169=VERTEX_POINT('',#3168);
#3170=CARTESIAN_POINT('',(-2.6125E0,-3.499999999999E-1,-3.15E0));
#3171=VERTEX_POINT('',#3170);
#3172=CARTESIAN_POINT('',(-2.6125E0,-3.199999999999E-1,-3.12E0));
#3173=VERTEX_POINT('',#3172);
#3174=CARTESIAN_POINT('',(-1.3825E0,-3.199999999999E-1,-3.12E0));
#3175=VERTEX_POINT('',#3174);
#3176=CARTESIAN_POINT('',(-1.3825E0,-3.5E-1,-3.15E0));
#3177=VERTEX_POINT('',#3176);
#3178=CARTESIAN_POINT('',(-1.1125E0,-3.5E-1,-1.119818432049E0));
#3179=VERTEX_POINT('',#3178);
#3180=CARTESIAN_POINT('',(-1.1125E0,-3.2E-1,-1.013047649529E0));
#3181=VERTEX_POINT('',#3180);
#3182=CARTESIAN_POINT('',(-1.3825E0,-3.5E-1,-1.119818432049E0));
#3183=VERTEX_POINT('',#3182);
#3184=CARTESIAN_POINT('',(-1.3825E0,-3.2E-1,-1.013047649529E0));
#3185=VERTEX_POINT('',#3184);
#3186=CARTESIAN_POINT('',(-2.6125E0,-3.2E-1,-1.031305230383E0));
#3187=VERTEX_POINT('',#3186);
#3188=CARTESIAN_POINT('',(-2.8825E0,-3.2E-1,-1.031305230383E0));
#3189=VERTEX_POINT('',#3188);
#3190=CARTESIAN_POINT('',(-3.095E0,-3.2E-1,-1.558578643763E0));
#3191=VERTEX_POINT('',#3190);
#3192=CARTESIAN_POINT('',(-3.195E0,-3.2E-1,-1.458578643763E0));
#3193=VERTEX_POINT('',#3192);
#3194=CARTESIAN_POINT('',(-3.345E0,-3.2E-1,-1.458578643763E0));
#3195=VERTEX_POINT('',#3194);
#3196=CARTESIAN_POINT('',(-3.345E0,-3.2E-1,-9.424987658522E-1));
#3197=VERTEX_POINT('',#3196);
#3198=CARTESIAN_POINT('',(-3.183790190659E0,-3.2E-1,-5.5E-1));
#3199=VERTEX_POINT('',#3198);
#3200=CARTESIAN_POINT('',(3.183790190659E0,-3.2E-1,-5.5E-1));
#3201=VERTEX_POINT('',#3200);
#3202=CARTESIAN_POINT('',(3.345E0,-3.2E-1,-9.424987658516E-1));
#3203=VERTEX_POINT('',#3202);
#3204=CARTESIAN_POINT('',(3.345E0,-3.2E-1,-1.458578643763E0));
#3205=VERTEX_POINT('',#3204);
#3206=CARTESIAN_POINT('',(3.195E0,-3.2E-1,-1.458578643763E0));
#3207=VERTEX_POINT('',#3206);
#3208=CARTESIAN_POINT('',(3.095E0,-3.2E-1,-1.558578643763E0));
#3209=VERTEX_POINT('',#3208);
#3210=CARTESIAN_POINT('',(8.875E-1,-3.2E-1,-1.336490749111E0));
#3211=VERTEX_POINT('',#3210);
#3212=CARTESIAN_POINT('',(6.175E-1,-3.2E-1,-1.336490749111E0));
#3213=VERTEX_POINT('',#3212);
#3214=CARTESIAN_POINT('',(-2.6125E0,-3.5E-1,-1.122956744282E0));
#3215=VERTEX_POINT('',#3214);
#3216=CARTESIAN_POINT('',(-2.8825E0,-3.5E-1,-1.122956744282E0));
#3217=VERTEX_POINT('',#3216);
#3218=CARTESIAN_POINT('',(-3.095E0,-7.5E-2,-1.75E0));
#3219=CARTESIAN_POINT('',(-3.095E0,7.5E-2,-1.75E0));
#3220=VERTEX_POINT('',#3218);
#3221=VERTEX_POINT('',#3219);
#3222=CARTESIAN_POINT('',(-3.095E0,-7.5E-2,-1.558578643763E0));
#3223=VERTEX_POINT('',#3222);
#3224=CARTESIAN_POINT('',(-3.095E0,3.199999999998E-1,-3.12E0));
#3225=VERTEX_POINT('',#3224);
#3226=CARTESIAN_POINT('',(-3.095E0,3.2E-1,-1.558578643763E0));
#3227=VERTEX_POINT('',#3226);
#3228=CARTESIAN_POINT('',(-3.095E0,7.5E-2,-1.558578643763E0));
#3229=VERTEX_POINT('',#3228);
#3230=CARTESIAN_POINT('',(-3.195E0,7.5E-2,-1.65E0));
#3231=VERTEX_POINT('',#3230);
#3232=CARTESIAN_POINT('',(-3.195E0,-7.5E-2,-1.65E0));
#3233=VERTEX_POINT('',#3232);
#3234=CARTESIAN_POINT('',(-3.195E0,7.5E-2,-1.458578643763E0));
#3235=CARTESIAN_POINT('',(-3.345E0,7.5E-2,-1.458578643763E0));
#3236=VERTEX_POINT('',#3234);
#3237=VERTEX_POINT('',#3235);
#3238=CARTESIAN_POINT('',(-3.345E0,7.5E-2,-1.57E0));
#3239=VERTEX_POINT('',#3238);
#3240=CARTESIAN_POINT('',(-3.265E0,7.5E-2,-1.65E0));
#3241=VERTEX_POINT('',#3240);
#3242=CARTESIAN_POINT('',(-3.195E0,3.2E-1,-1.458578643763E0));
#3243=VERTEX_POINT('',#3242);
#3244=CARTESIAN_POINT('',(-3.345E0,3.2E-1,-1.458578643763E0));
#3245=VERTEX_POINT('',#3244);
#3246=CARTESIAN_POINT('',(-6.125E-1,3.2E-1,-1.346576914539E0));
#3247=CARTESIAN_POINT('',(-6.125E-1,3.199999999999E-1,-3.12E0));
#3248=VERTEX_POINT('',#3246);
#3249=VERTEX_POINT('',#3247);
#3250=CARTESIAN_POINT('',(1.1175E0,3.199999999999E-1,-3.12E0));
#3251=VERTEX_POINT('',#3250);
#3252=CARTESIAN_POINT('',(1.1175E0,3.2E-1,-1.023133814957E0));
#3253=VERTEX_POINT('',#3252);
#3254=CARTESIAN_POINT('',(1.3875E0,3.2E-1,-1.023133814957E0));
#3255=VERTEX_POINT('',#3254);
#3256=CARTESIAN_POINT('',(1.3875E0,3.199999999999E-1,-3.12E0));
#3257=VERTEX_POINT('',#3256);
#3258=CARTESIAN_POINT('',(2.6125E0,3.199999999999E-1,-3.12E0));
#3259=VERTEX_POINT('',#3258);
#3260=CARTESIAN_POINT('',(2.6125E0,3.2E-1,-1.016764353898E0));
#3261=VERTEX_POINT('',#3260);
#3262=CARTESIAN_POINT('',(2.8825E0,3.2E-1,-1.016764353898E0));
#3263=VERTEX_POINT('',#3262);
#3264=CARTESIAN_POINT('',(2.8825E0,3.199999999999E-1,-3.12E0));
#3265=VERTEX_POINT('',#3264);
#3266=CARTESIAN_POINT('',(3.095E0,3.199999999998E-1,-3.12E0));
#3267=VERTEX_POINT('',#3266);
#3268=CARTESIAN_POINT('',(3.095E0,3.2E-1,-1.558578643763E0));
#3269=VERTEX_POINT('',#3268);
#3270=CARTESIAN_POINT('',(3.195E0,3.2E-1,-1.458578643763E0));
#3271=VERTEX_POINT('',#3270);
#3272=CARTESIAN_POINT('',(3.345E0,3.2E-1,-1.458578643763E0));
#3273=VERTEX_POINT('',#3272);
#3274=CARTESIAN_POINT('',(3.345E0,3.2E-1,-9.424987658519E-1));
#3275=VERTEX_POINT('',#3274);
#3276=CARTESIAN_POINT('',(3.183790190659E0,3.2E-1,-5.5E-1));
#3277=VERTEX_POINT('',#3276);
#3278=CARTESIAN_POINT('',(-3.183790190659E0,3.2E-1,-5.5E-1));
#3279=VERTEX_POINT('',#3278);
#3280=CARTESIAN_POINT('',(-3.345E0,3.2E-1,-9.424987658518E-1));
#3281=VERTEX_POINT('',#3280);
#3282=CARTESIAN_POINT('',(-8.825E-1,3.199999999999E-1,-3.12E0));
#3283=VERTEX_POINT('',#3282);
#3284=CARTESIAN_POINT('',(-8.825E-1,3.2E-1,-1.346576914539E0));
#3285=VERTEX_POINT('',#3284);
#3286=CARTESIAN_POINT('',(-6.125E-1,3.5E-1,-1.466576914539E0));
#3287=VERTEX_POINT('',#3286);
#3288=CARTESIAN_POINT('',(-6.125E-1,3.499999999999E-1,-3.15E0));
#3289=VERTEX_POINT('',#3288);
#3290=CARTESIAN_POINT('',(-8.825E-1,3.5E-1,-1.466576914539E0));
#3291=VERTEX_POINT('',#3290);
#3292=CARTESIAN_POINT('',(-8.825E-1,3.5E-1,-3.15E0));
#3293=VERTEX_POINT('',#3292);
#3294=CARTESIAN_POINT('',(-3.292889329304E0,4.760817245217E-1,
-3.276081724522E0));
#3295=VERTEX_POINT('',#3294);
#3296=VERTEX_POINT('',#2382);
#3297=CARTESIAN_POINT('',(3.049999999999E0,6.000000000001E-1,-3.4E0));
#3298=VERTEX_POINT('',#3297);
#3299=VERTEX_POINT('',#2428);
#3300=CARTESIAN_POINT('',(2.8825E0,3.5E-1,-3.15E0));
#3301=VERTEX_POINT('',#3300);
#3302=CARTESIAN_POINT('',(2.6125E0,3.5E-1,-3.15E0));
#3303=VERTEX_POINT('',#3302);
#3304=CARTESIAN_POINT('',(1.3875E0,3.5E-1,-3.15E0));
#3305=VERTEX_POINT('',#3304);
#3306=CARTESIAN_POINT('',(1.1175E0,3.499999999999E-1,-3.15E0));
#3307=VERTEX_POINT('',#3306);
#3308=CARTESIAN_POINT('',(-3.35E0,3.000000000024E-1,-3.321126760564E0));
#3309=VERTEX_POINT('',#3308);
#3310=CARTESIAN_POINT('',(3.35E0,3.000000000047E-1,-3.321126760564E0));
#3311=VERTEX_POINT('',#3310);
#3312=CARTESIAN_POINT('',(3.35E0,-3.000000000047E-1,-3.321126760564E0));
#3313=VERTEX_POINT('',#3312);
#3314=CARTESIAN_POINT('',(3.095E0,7.5E-2,-1.75E0));
#3315=CARTESIAN_POINT('',(3.095E0,7.5E-2,-1.558578643763E0));
#3316=VERTEX_POINT('',#3314);
#3317=VERTEX_POINT('',#3315);
#3318=CARTESIAN_POINT('',(3.095E0,-7.5E-2,-1.558578643763E0));
#3319=VERTEX_POINT('',#3318);
#3320=CARTESIAN_POINT('',(3.095E0,-7.5E-2,-1.75E0));
#3321=VERTEX_POINT('',#3320);
#3322=CARTESIAN_POINT('',(3.195E0,7.5E-2,-1.65E0));
#3323=VERTEX_POINT('',#3322);
#3324=CARTESIAN_POINT('',(3.265E0,7.5E-2,-1.65E0));
#3325=VERTEX_POINT('',#3324);
#3326=CARTESIAN_POINT('',(3.345E0,7.5E-2,-1.57E0));
#3327=VERTEX_POINT('',#3326);
#3328=CARTESIAN_POINT('',(3.345E0,7.5E-2,-1.458578643763E0));
#3329=VERTEX_POINT('',#3328);
#3330=CARTESIAN_POINT('',(3.195E0,7.5E-2,-1.458578643763E0));
#3331=VERTEX_POINT('',#3330);
#3332=CARTESIAN_POINT('',(3.195E0,-7.5E-2,-1.65E0));
#3333=VERTEX_POINT('',#3332);
#3334=CARTESIAN_POINT('',(3.195E0,-7.5E-2,-1.458578643763E0));
#3335=VERTEX_POINT('',#3334);
#3336=CARTESIAN_POINT('',(3.345E0,-7.5E-2,-1.458578643763E0));
#3337=VERTEX_POINT('',#3336);
#3338=CARTESIAN_POINT('',(3.345E0,-7.5E-2,-1.57E0));
#3339=VERTEX_POINT('',#3338);
#3340=CARTESIAN_POINT('',(3.265E0,-7.5E-2,-1.65E0));
#3341=VERTEX_POINT('',#3340);
#3342=CARTESIAN_POINT('',(3.122181152606E0,-1.7E-1,-4.000000000001E-1));
#3343=VERTEX_POINT('',#3342);
#3344=CARTESIAN_POINT('',(3.122181152606E0,1.699999999999E-1,
-4.000000000001E-1));
#3345=VERTEX_POINT('',#3344);
#3346=CARTESIAN_POINT('',(-3.122181152606E0,-1.7E-1,-4.000000000001E-1));
#3347=VERTEX_POINT('',#3346);
#3348=CARTESIAN_POINT('',(-3.122181152606E0,1.7E-1,-4.000000000001E-1));
#3349=VERTEX_POINT('',#3348);
#3350=CARTESIAN_POINT('',(-3.345E0,-7.5E-2,-1.458578643763E0));
#3351=VERTEX_POINT('',#3350);
#3352=CARTESIAN_POINT('',(-3.345E0,-7.5E-2,-1.57E0));
#3353=VERTEX_POINT('',#3352);
#3354=CARTESIAN_POINT('',(-3.195E0,-7.5E-2,-1.458578643763E0));
#3355=VERTEX_POINT('',#3354);
#3356=CARTESIAN_POINT('',(-3.265E0,-7.5E-2,-1.65E0));
#3357=VERTEX_POINT('',#3356);
#3358=CARTESIAN_POINT('',(2.8825E0,3.5E-1,-1.136764353898E0));
#3359=VERTEX_POINT('',#3358);
#3360=CARTESIAN_POINT('',(2.6125E0,3.5E-1,-1.136764353898E0));
#3361=VERTEX_POINT('',#3360);
#3362=CARTESIAN_POINT('',(1.3875E0,3.5E-1,-1.143133814957E0));
#3363=VERTEX_POINT('',#3362);
#3364=CARTESIAN_POINT('',(1.1175E0,3.5E-1,-1.143133814957E0));
#3365=VERTEX_POINT('',#3364);
#3366=CARTESIAN_POINT('',(8.875E-1,-3.5E-1,-1.443261531631E0));
#3367=VERTEX_POINT('',#3366);
#3368=CARTESIAN_POINT('',(6.175E-1,-3.5E-1,-1.443261531631E0));
#3369=VERTEX_POINT('',#3368);
#3370=CARTESIAN_POINT('',(3.345E0,-7.E-2,-6.3E0));
#3371=VERTEX_POINT('',#3370);
#3372=CARTESIAN_POINT('',(2.9525E0,-7.E-2,-6.3E0));
#3373=VERTEX_POINT('',#3372);
#3374=CARTESIAN_POINT('',(2.9525E0,7.5E-2,-6.295759468453E0));
#3375=VERTEX_POINT('',#3374);
#3376=CARTESIAN_POINT('',(2.9525E0,-1.75E-1,-6.545759468453E0));
#3377=VERTEX_POINT('',#3376);
#3378=CARTESIAN_POINT('',(2.9525E0,-1.67E0,-6.545759468453E0));
#3379=VERTEX_POINT('',#3378);
#3380=CARTESIAN_POINT('',(2.9525E0,-1.67E0,-6.395759468453E0));
#3381=VERTEX_POINT('',#3380);
#3382=CARTESIAN_POINT('',(2.9525E0,-1.75E-1,-6.395759468453E0));
#3383=VERTEX_POINT('',#3382);
#3384=CARTESIAN_POINT('',(2.9525E0,-7.508995099490E-2,-6.3E0));
#3385=VERTEX_POINT('',#3384);
#3386=CARTESIAN_POINT('',(2.4525E0,7.5E-2,-6.295759468453E0));
#3387=VERTEX_POINT('',#3386);
#3388=CARTESIAN_POINT('',(2.4525E0,-7.E-2,-6.3E0));
#3389=VERTEX_POINT('',#3388);
#3390=CARTESIAN_POINT('',(2.4525E0,-7.508995099490E-2,-6.3E0));
#3391=VERTEX_POINT('',#3390);
#3392=CARTESIAN_POINT('',(2.4525E0,-1.75E-1,-6.395759468453E0));
#3393=VERTEX_POINT('',#3392);
#3394=CARTESIAN_POINT('',(2.4525E0,-1.67E0,-6.395759468453E0));
#3395=VERTEX_POINT('',#3394);
#3396=CARTESIAN_POINT('',(2.4525E0,-1.67E0,-6.545759468453E0));
#3397=VERTEX_POINT('',#3396);
#3398=CARTESIAN_POINT('',(2.4525E0,-1.75E-1,-6.545759468453E0));
#3399=VERTEX_POINT('',#3398);
#3400=CARTESIAN_POINT('',(1.7525E0,-7.E-2,-6.3E0));
#3401=VERTEX_POINT('',#3400);
#3402=CARTESIAN_POINT('',(1.7525E0,7.5E-2,-6.295759468453E0));
#3403=VERTEX_POINT('',#3402);
#3404=CARTESIAN_POINT('',(1.7525E0,-1.75E-1,-6.545759468453E0));
#3405=VERTEX_POINT('',#3404);
#3406=CARTESIAN_POINT('',(1.7525E0,-1.67E0,-6.545759468453E0));
#3407=VERTEX_POINT('',#3406);
#3408=CARTESIAN_POINT('',(1.7525E0,-1.67E0,-6.395759468453E0));
#3409=VERTEX_POINT('',#3408);
#3410=CARTESIAN_POINT('',(1.7525E0,-1.75E-1,-6.395759468453E0));
#3411=VERTEX_POINT('',#3410);
#3412=CARTESIAN_POINT('',(1.7525E0,-7.508995099490E-2,-6.3E0));
#3413=VERTEX_POINT('',#3412);
#3414=CARTESIAN_POINT('',(1.252173919390E0,7.5E-2,-6.295759468453E0));
#3415=VERTEX_POINT('',#3414);
#3416=CARTESIAN_POINT('',(1.252173919390E0,-7.E-2,-6.3E0));
#3417=VERTEX_POINT('',#3416);
#3418=CARTESIAN_POINT('',(1.252173919390E0,-7.508995099490E-2,-6.3E0));
#3419=VERTEX_POINT('',#3418);
#3420=CARTESIAN_POINT('',(1.252173919390E0,-1.75E-1,-6.395759468453E0));
#3421=VERTEX_POINT('',#3420);
#3422=CARTESIAN_POINT('',(1.252173919390E0,-1.67E0,-6.395759468453E0));
#3423=VERTEX_POINT('',#3422);
#3424=CARTESIAN_POINT('',(1.252173919390E0,-1.67E0,-6.545759468453E0));
#3425=VERTEX_POINT('',#3424);
#3426=CARTESIAN_POINT('',(1.252173919390E0,-1.75E-1,-6.545759468453E0));
#3427=VERTEX_POINT('',#3426);
#3428=CARTESIAN_POINT('',(7.556353115618E-1,-7.E-2,-6.3E0));
#3429=VERTEX_POINT('',#3428);
#3430=CARTESIAN_POINT('',(7.556353115618E-1,7.5E-2,-6.295759468453E0));
#3431=VERTEX_POINT('',#3430);
#3432=CARTESIAN_POINT('',(7.556353115618E-1,-1.75E-1,-6.545759468453E0));
#3433=VERTEX_POINT('',#3432);
#3434=CARTESIAN_POINT('',(7.556353115618E-1,-1.67E0,-6.545759468453E0));
#3435=VERTEX_POINT('',#3434);
#3436=CARTESIAN_POINT('',(7.556353115618E-1,-1.67E0,-6.395759468453E0));
#3437=VERTEX_POINT('',#3436);
#3438=CARTESIAN_POINT('',(7.556353115618E-1,-1.75E-1,-6.395759468453E0));
#3439=VERTEX_POINT('',#3438);
#3440=CARTESIAN_POINT('',(7.556353115618E-1,-7.508995099490E-2,-6.3E0));
#3441=VERTEX_POINT('',#3440);
#3442=CARTESIAN_POINT('',(2.525E-1,7.5E-2,-6.295759468453E0));
#3443=VERTEX_POINT('',#3442);
#3444=CARTESIAN_POINT('',(2.525E-1,-7.E-2,-6.3E0));
#3445=VERTEX_POINT('',#3444);
#3446=CARTESIAN_POINT('',(2.525E-1,-7.508995099490E-2,-6.3E0));
#3447=VERTEX_POINT('',#3446);
#3448=CARTESIAN_POINT('',(2.525E-1,-1.75E-1,-6.395759468453E0));
#3449=VERTEX_POINT('',#3448);
#3450=CARTESIAN_POINT('',(2.525E-1,-1.67E0,-6.395759468453E0));
#3451=VERTEX_POINT('',#3450);
#3452=CARTESIAN_POINT('',(2.525E-1,-1.67E0,-6.545759468453E0));
#3453=VERTEX_POINT('',#3452);
#3454=CARTESIAN_POINT('',(2.525E-1,-1.75E-1,-6.545759468453E0));
#3455=VERTEX_POINT('',#3454);
#3456=CARTESIAN_POINT('',(-2.475E-1,-7.E-2,-6.3E0));
#3457=VERTEX_POINT('',#3456);
#3458=CARTESIAN_POINT('',(-2.475E-1,7.5E-2,-6.295759468453E0));
#3459=VERTEX_POINT('',#3458);
#3460=CARTESIAN_POINT('',(-2.475E-1,-1.75E-1,-6.545759468453E0));
#3461=VERTEX_POINT('',#3460);
#3462=CARTESIAN_POINT('',(-2.475E-1,-1.67E0,-6.545759468453E0));
#3463=VERTEX_POINT('',#3462);
#3464=CARTESIAN_POINT('',(-2.475E-1,-1.67E0,-6.395759468453E0));
#3465=VERTEX_POINT('',#3464);
#3466=CARTESIAN_POINT('',(-2.475E-1,-1.75E-1,-6.395759468453E0));
#3467=VERTEX_POINT('',#3466);
#3468=CARTESIAN_POINT('',(-2.475E-1,-7.508995099490E-2,-6.3E0));
#3469=VERTEX_POINT('',#3468);
#3470=CARTESIAN_POINT('',(-7.506353115618E-1,7.5E-2,-6.295759468453E0));
#3471=VERTEX_POINT('',#3470);
#3472=CARTESIAN_POINT('',(-7.506353115618E-1,-7.E-2,-6.3E0));
#3473=VERTEX_POINT('',#3472);
#3474=CARTESIAN_POINT('',(-7.506353115618E-1,-7.508995099490E-2,-6.3E0));
#3475=VERTEX_POINT('',#3474);
#3476=CARTESIAN_POINT('',(-7.506353115618E-1,-1.75E-1,-6.395759468453E0));
#3477=VERTEX_POINT('',#3476);
#3478=CARTESIAN_POINT('',(-7.506353115618E-1,-1.67E0,-6.395759468453E0));
#3479=VERTEX_POINT('',#3478);
#3480=CARTESIAN_POINT('',(-7.506353115618E-1,-1.67E0,-6.545759468453E0));
#3481=VERTEX_POINT('',#3480);
#3482=CARTESIAN_POINT('',(-7.506353115618E-1,-1.75E-1,-6.545759468453E0));
#3483=VERTEX_POINT('',#3482);
#3484=CARTESIAN_POINT('',(-1.247173919390E0,-7.E-2,-6.3E0));
#3485=VERTEX_POINT('',#3484);
#3486=CARTESIAN_POINT('',(-1.247173919390E0,7.5E-2,-6.295759468453E0));
#3487=VERTEX_POINT('',#3486);
#3488=CARTESIAN_POINT('',(-1.247173919390E0,-1.75E-1,-6.545759468453E0));
#3489=VERTEX_POINT('',#3488);
#3490=CARTESIAN_POINT('',(-1.247173919390E0,-1.67E0,-6.545759468453E0));
#3491=VERTEX_POINT('',#3490);
#3492=CARTESIAN_POINT('',(-1.247173919390E0,-1.67E0,-6.395759468453E0));
#3493=VERTEX_POINT('',#3492);
#3494=CARTESIAN_POINT('',(-1.247173919390E0,-1.75E-1,-6.395759468453E0));
#3495=VERTEX_POINT('',#3494);
#3496=CARTESIAN_POINT('',(-1.247173919390E0,-7.508995099490E-2,-6.3E0));
#3497=VERTEX_POINT('',#3496);
#3498=CARTESIAN_POINT('',(-1.7475E0,7.5E-2,-6.295759468453E0));
#3499=VERTEX_POINT('',#3498);
#3500=CARTESIAN_POINT('',(-1.7475E0,-7.E-2,-6.3E0));
#3501=VERTEX_POINT('',#3500);
#3502=CARTESIAN_POINT('',(-1.7475E0,-7.508995099490E-2,-6.3E0));
#3503=VERTEX_POINT('',#3502);
#3504=CARTESIAN_POINT('',(-1.7475E0,-1.75E-1,-6.395759468453E0));
#3505=VERTEX_POINT('',#3504);
#3506=CARTESIAN_POINT('',(-1.7475E0,-1.67E0,-6.395759468453E0));
#3507=VERTEX_POINT('',#3506);
#3508=CARTESIAN_POINT('',(-1.7475E0,-1.67E0,-6.545759468453E0));
#3509=VERTEX_POINT('',#3508);
#3510=CARTESIAN_POINT('',(-1.7475E0,-1.75E-1,-6.545759468453E0));
#3511=VERTEX_POINT('',#3510);
#3512=CARTESIAN_POINT('',(-2.4475E0,-7.E-2,-6.3E0));
#3513=VERTEX_POINT('',#3512);
#3514=CARTESIAN_POINT('',(-2.4475E0,7.5E-2,-6.295759468453E0));
#3515=VERTEX_POINT('',#3514);
#3516=CARTESIAN_POINT('',(-2.4475E0,-1.75E-1,-6.545759468453E0));
#3517=VERTEX_POINT('',#3516);
#3518=CARTESIAN_POINT('',(-2.4475E0,-1.67E0,-6.545759468453E0));
#3519=VERTEX_POINT('',#3518);
#3520=CARTESIAN_POINT('',(-2.4475E0,-1.67E0,-6.395759468453E0));
#3521=VERTEX_POINT('',#3520);
#3522=CARTESIAN_POINT('',(-2.4475E0,-1.75E-1,-6.395759468453E0));
#3523=VERTEX_POINT('',#3522);
#3524=CARTESIAN_POINT('',(-2.4475E0,-7.508995099490E-2,-6.3E0));
#3525=VERTEX_POINT('',#3524);
#3526=CARTESIAN_POINT('',(-2.9475E0,7.5E-2,-6.295759468453E0));
#3527=VERTEX_POINT('',#3526);
#3528=CARTESIAN_POINT('',(-2.9475E0,-7.E-2,-6.3E0));
#3529=VERTEX_POINT('',#3528);
#3530=CARTESIAN_POINT('',(-2.9475E0,-7.508995099490E-2,-6.3E0));
#3531=VERTEX_POINT('',#3530);
#3532=CARTESIAN_POINT('',(-2.9475E0,-1.75E-1,-6.395759468453E0));
#3533=VERTEX_POINT('',#3532);
#3534=CARTESIAN_POINT('',(-2.9475E0,-1.67E0,-6.395759468453E0));
#3535=VERTEX_POINT('',#3534);
#3536=CARTESIAN_POINT('',(-2.9475E0,-1.67E0,-6.545759468453E0));
#3537=VERTEX_POINT('',#3536);
#3538=CARTESIAN_POINT('',(-2.9475E0,-1.75E-1,-6.545759468453E0));
#3539=VERTEX_POINT('',#3538);
#3540=CARTESIAN_POINT('',(-3.345E0,-7.E-2,-6.3E0));
#3541=VERTEX_POINT('',#3540);
#3542=CARTESIAN_POINT('',(-8.502314228554E-1,1.578555501302E0,-6.1E0));
#3543=CARTESIAN_POINT('',(-8.502314501891E-1,1.278191425473E0,-6.1E0));
#3544=VERTEX_POINT('',#3542);
#3545=VERTEX_POINT('',#3543);
#3546=CARTESIAN_POINT('',(1.422107815468E0,-1.381444498698E0,-5.75E0));
#3547=CARTESIAN_POINT('',(1.422107815468E0,-1.281444498698E0,-5.75E0));
#3548=VERTEX_POINT('',#3546);
#3549=VERTEX_POINT('',#3547);
#3550=CARTESIAN_POINT('',(-1.E0,-1.381444498698E0,-5.75E0));
#3551=CARTESIAN_POINT('',(-1.E0,-1.281444498698E0,-5.75E0));
#3552=VERTEX_POINT('',#3550);
#3553=VERTEX_POINT('',#3551);
#3554=CARTESIAN_POINT('',(3.019768595875E0,-1.348111165365E0,-5.65E0));
#3555=CARTESIAN_POINT('',(1.422107815468E0,-1.348111165365E0,-5.65E0));
#3556=VERTEX_POINT('',#3554);
#3557=VERTEX_POINT('',#3555);
#3558=CARTESIAN_POINT('',(3.169768595875E0,-1.281444498698E0,-4.85E0));
#3559=CARTESIAN_POINT('',(-3.170231404125E0,-1.281444498698E0,-4.85E0));
#3560=VERTEX_POINT('',#3558);
#3561=VERTEX_POINT('',#3559);
#3562=CARTESIAN_POINT('',(4.169768595875E0,-2.814444986981E-1,-4.85E0));
#3563=VERTEX_POINT('',#3562);
#3564=CARTESIAN_POINT('',(4.169768595875E0,2.785555013019E-1,-4.85E0));
#3565=VERTEX_POINT('',#3564);
#3566=CARTESIAN_POINT('',(4.169768595875E0,-2.314444986981E-1,-5.65E0));
#3567=CARTESIAN_POINT('',(4.169768595875E0,2.785555013019E-1,-5.65E0));
#3568=VERTEX_POINT('',#3566);
#3569=VERTEX_POINT('',#3567);
#3570=CARTESIAN_POINT('',(-4.170231404125E0,2.785555013019E-1,-4.85E0));
#3571=CARTESIAN_POINT('',(-4.170231404125E0,-2.814444986981E-1,-4.85E0));
#3572=VERTEX_POINT('',#3570);
#3573=VERTEX_POINT('',#3571);
#3574=CARTESIAN_POINT('',(-4.170231404125E0,2.785555013019E-1,-5.65E0));
#3575=CARTESIAN_POINT('',(-4.170231404125E0,-2.314444986981E-1,-5.65E0));
#3576=VERTEX_POINT('',#3574);
#3577=VERTEX_POINT('',#3575);
#3578=CARTESIAN_POINT('',(3.169768595874E0,1.278555501302E0,-4.85E0));
#3579=VERTEX_POINT('',#3578);
#3580=CARTESIAN_POINT('',(3.923554641941E0,9.356754270049E-1,-5.65E0));
#3581=VERTEX_POINT('',#3580);
#3582=CARTESIAN_POINT('',(4.155E0,3.05E-1,-5.65E0));
#3583=VERTEX_POINT('',#3582);
#3584=CARTESIAN_POINT('',(-3.170231404125E0,1.278555501302E0,-4.85E0));
#3585=VERTEX_POINT('',#3584);
#3586=CARTESIAN_POINT('',(-3.906613416524E0,9.551214861221E-1,-5.65E0));
#3587=VERTEX_POINT('',#3586);
#3588=CARTESIAN_POINT('',(-1.E0,-1.348111165365E0,-5.65E0));
#3589=CARTESIAN_POINT('',(-3.020231404125E0,-1.348111165365E0,-5.65E0));
#3590=VERTEX_POINT('',#3588);
#3591=VERTEX_POINT('',#3589);
#3592=CARTESIAN_POINT('',(-4.155E0,3.05E-1,-5.65E0));
#3593=VERTEX_POINT('',#3592);
#3594=CARTESIAN_POINT('',(1.422107815468E0,-1.281444498698E0,-5.65E0));
#3595=VERTEX_POINT('',#3594);
#3596=CARTESIAN_POINT('',(-1.E0,-1.281444498698E0,-5.65E0));
#3597=VERTEX_POINT('',#3596);
#3598=CARTESIAN_POINT('',(1.E0,-1.281444498698E0,-5.65E0));
#3599=VERTEX_POINT('',#3598);
#3600=CARTESIAN_POINT('',(1.E0,-1.281444498698E0,-5.75E0));
#3601=VERTEX_POINT('',#3600);
#3602=CARTESIAN_POINT('',(4.469768595875E0,2.485555013019E-1,-7.55E0));
#3603=CARTESIAN_POINT('',(4.169768595875E0,2.485555013019E-1,-7.55E0));
#3604=VERTEX_POINT('',#3602);
#3605=VERTEX_POINT('',#3603);
#3606=CARTESIAN_POINT('',(-4.470231404125E0,2.485555013019E-1,-7.55E0));
#3607=CARTESIAN_POINT('',(-4.170231404125E0,2.485555013019E-1,-7.55E0));
#3608=VERTEX_POINT('',#3606);
#3609=VERTEX_POINT('',#3607);
#3610=CARTESIAN_POINT('',(4.469768595875E0,-6.514444986981E-1,-7.55E0));
#3611=CARTESIAN_POINT('',(4.169768595875E0,-6.514444986981E-1,-7.55E0));
#3612=VERTEX_POINT('',#3610);
#3613=VERTEX_POINT('',#3611);
#3614=CARTESIAN_POINT('',(-4.470231404125E0,-6.514444986981E-1,-7.55E0));
#3615=CARTESIAN_POINT('',(-4.170231404125E0,-6.514444986981E-1,-7.55E0));
#3616=VERTEX_POINT('',#3614);
#3617=VERTEX_POINT('',#3615);
#3618=CARTESIAN_POINT('',(0.E0,-1.245E0,-5.75E0));
#3619=DIRECTION('',(0.E0,0.E0,1.E0));
#3620=DIRECTION('',(-1.E0,0.E0,0.E0));
#3621=AXIS2_PLACEMENT_3D('',#3618,#3619,#3620);
#3622=PLANE('',#3621);
#3624=ORIENTED_EDGE('',*,*,#3623,.F.);
#3626=ORIENTED_EDGE('',*,*,#3625,.F.);
#3628=ORIENTED_EDGE('',*,*,#3627,.F.);
#3630=ORIENTED_EDGE('',*,*,#3629,.T.);
#3632=ORIENTED_EDGE('',*,*,#3631,.T.);
#3634=ORIENTED_EDGE('',*,*,#3633,.T.);
#3636=ORIENTED_EDGE('',*,*,#3635,.F.);
#3638=ORIENTED_EDGE('',*,*,#3637,.T.);
#3640=ORIENTED_EDGE('',*,*,#3639,.F.);
#3641=EDGE_LOOP('',(#3624,#3626,#3628,#3630,#3632,#3634,#3636,#3638,#3640));
#3642=FACE_OUTER_BOUND('',#3641,.F.);
#3644=CARTESIAN_POINT('',(0.E0,-1.28E0,-5.779999672138E0));
#3645=DIRECTION('',(0.E0,-1.E0,0.E0));
#3646=DIRECTION('',(0.E0,0.E0,-1.E0));
#3647=AXIS2_PLACEMENT_3D('',#3644,#3645,#3646);
#3648=PLANE('',#3647);
#3649=ORIENTED_EDGE('',*,*,#3623,.T.);
#3651=ORIENTED_EDGE('',*,*,#3650,.T.);
#3653=ORIENTED_EDGE('',*,*,#3652,.T.);
#3655=ORIENTED_EDGE('',*,*,#3654,.T.);
#3657=ORIENTED_EDGE('',*,*,#3656,.T.);
#3659=ORIENTED_EDGE('',*,*,#3658,.T.);
#3661=ORIENTED_EDGE('',*,*,#3660,.T.);
#3663=ORIENTED_EDGE('',*,*,#3662,.F.);
#3665=ORIENTED_EDGE('',*,*,#3664,.T.);
#3667=ORIENTED_EDGE('',*,*,#3666,.F.);
#3669=ORIENTED_EDGE('',*,*,#3668,.T.);
#3671=ORIENTED_EDGE('',*,*,#3670,.F.);
#3673=ORIENTED_EDGE('',*,*,#3672,.T.);
#3675=ORIENTED_EDGE('',*,*,#3674,.T.);
#3677=ORIENTED_EDGE('',*,*,#3676,.T.);
#3679=ORIENTED_EDGE('',*,*,#3678,.T.);
#3680=EDGE_LOOP('',(#3649,#3651,#3653,#3655,#3657,#3659,#3661,#3663,#3665,#3667,
#3669,#3671,#3673,#3675,#3677,#3679));
#3681=FACE_OUTER_BOUND('',#3680,.F.);
#3683=CARTESIAN_POINT('',(-1.45E0,-1.267147030849E0,-6.05E0));
#3684=DIRECTION('',(0.E0,-1.E0,0.E0));
#3685=DIRECTION('',(0.E0,0.E0,1.E0));
#3686=AXIS2_PLACEMENT_3D('',#3683,#3684,#3685);
#3687=CYLINDRICAL_SURFACE('',#3686,3.E-1);
#3689=ORIENTED_EDGE('',*,*,#3688,.T.);
#3691=ORIENTED_EDGE('',*,*,#3690,.F.);
#3693=ORIENTED_EDGE('',*,*,#3692,.T.);
#3694=ORIENTED_EDGE('',*,*,#3650,.F.);
#3695=ORIENTED_EDGE('',*,*,#3639,.T.);
#3696=EDGE_LOOP('',(#3689,#3691,#3693,#3694,#3695));
#3697=FACE_OUTER_BOUND('',#3696,.F.);
#3699=CARTESIAN_POINT('',(-1.560420906885E0,-1.481444498698E0,-5.75E0));
#3700=DIRECTION('',(0.E0,0.E0,1.E0));
#3701=DIRECTION('',(1.E0,0.E0,0.E0));
#3702=AXIS2_PLACEMENT_3D('',#3699,#3700,#3701);
#3703=PLANE('',#3702);
#3705=ORIENTED_EDGE('',*,*,#3704,.T.);
#3707=ORIENTED_EDGE('',*,*,#3706,.F.);
#3709=ORIENTED_EDGE('',*,*,#3708,.T.);
#3711=ORIENTED_EDGE('',*,*,#3710,.F.);
#3713=ORIENTED_EDGE('',*,*,#3712,.T.);
#3714=ORIENTED_EDGE('',*,*,#3688,.F.);
#3716=ORIENTED_EDGE('',*,*,#3715,.T.);
#3718=ORIENTED_EDGE('',*,*,#3717,.F.);
#3719=EDGE_LOOP('',(#3705,#3707,#3709,#3711,#3713,#3714,#3716,#3718));
#3720=FACE_OUTER_BOUND('',#3719,.F.);
#3722=CARTESIAN_POINT('',(1.422104605976E0,-1.581444498698E0,-2.875E0));
#3723=DIRECTION('',(0.E0,-1.E0,0.E0));
#3724=DIRECTION('',(0.E0,0.E0,-1.E0));
#3725=AXIS2_PLACEMENT_3D('',#3722,#3723,#3724);
#3726=PLANE('',#3725);
#3727=ORIENTED_EDGE('',*,*,#3704,.F.);
#3729=ORIENTED_EDGE('',*,*,#3728,.T.);
#3731=ORIENTED_EDGE('',*,*,#3730,.T.);
#3733=ORIENTED_EDGE('',*,*,#3732,.F.);
#3735=ORIENTED_EDGE('',*,*,#3734,.F.);
#3737=ORIENTED_EDGE('',*,*,#3736,.F.);
#3739=ORIENTED_EDGE('',*,*,#3738,.F.);
#3741=ORIENTED_EDGE('',*,*,#3740,.F.);
#3743=ORIENTED_EDGE('',*,*,#3742,.T.);
#3745=ORIENTED_EDGE('',*,*,#3744,.T.);
#3746=EDGE_LOOP('',(#3727,#3729,#3731,#3733,#3735,#3737,#3739,#3741,#3743,
#3745));
#3747=FACE_OUTER_BOUND('',#3746,.F.);
#3749=CARTESIAN_POINT('',(-2.775282429847E0,-1.347852023240E0,-5.55E0));
#3750=DIRECTION('',(0.E0,-1.E0,0.E0));
#3751=DIRECTION('',(0.E0,0.E0,-1.E0));
#3752=AXIS2_PLACEMENT_3D('',#3749,#3750,#3751);
#3753=CYLINDRICAL_SURFACE('',#3752,2.E-1);
#3755=ORIENTED_EDGE('',*,*,#3754,.T.);
#3756=ORIENTED_EDGE('',*,*,#3728,.F.);
#3757=ORIENTED_EDGE('',*,*,#3717,.T.);
#3759=ORIENTED_EDGE('',*,*,#3758,.T.);
#3760=EDGE_LOOP('',(#3755,#3756,#3757,#3759));
#3761=FACE_OUTER_BOUND('',#3760,.F.);
#3763=CARTESIAN_POINT('',(-3.020231404125E0,-1.333566308954E0,-5.8E0));
#3764=DIRECTION('',(0.E0,-1.E0,0.E0));
#3765=DIRECTION('',(0.E0,0.E0,-1.E0));
#3766=AXIS2_PLACEMENT_3D('',#3763,#3764,#3765);
#3767=CYLINDRICAL_SURFACE('',#3766,1.5E-1);
#3769=ORIENTED_EDGE('',*,*,#3768,.T.);
#3770=ORIENTED_EDGE('',*,*,#3730,.F.);
#3771=ORIENTED_EDGE('',*,*,#3754,.F.);
#3773=ORIENTED_EDGE('',*,*,#3772,.T.);
#3774=EDGE_LOOP('',(#3769,#3770,#3771,#3773));
#3775=FACE_OUTER_BOUND('',#3774,.F.);
#3777=CARTESIAN_POINT('',(3.744768595875E0,-9.064444986981E-1,-5.65E0));
#3778=DIRECTION('',(0.E0,0.E0,1.E0));
#3779=DIRECTION('',(1.E0,0.E0,0.E0));
#3780=AXIS2_PLACEMENT_3D('',#3777,#3778,#3779);
#3781=PLANE('',#3780);
#3782=ORIENTED_EDGE('',*,*,#3664,.F.);
#3784=ORIENTED_EDGE('',*,*,#3783,.T.);
#3786=ORIENTED_EDGE('',*,*,#3785,.T.);
#3787=ORIENTED_EDGE('',*,*,#3732,.T.);
#3788=ORIENTED_EDGE('',*,*,#3768,.F.);
#3790=ORIENTED_EDGE('',*,*,#3789,.F.);
#3792=ORIENTED_EDGE('',*,*,#3791,.F.);
#3794=ORIENTED_EDGE('',*,*,#3793,.F.);
#3796=ORIENTED_EDGE('',*,*,#3795,.F.);
#3798=ORIENTED_EDGE('',*,*,#3797,.T.);
#3800=ORIENTED_EDGE('',*,*,#3799,.F.);
#3802=ORIENTED_EDGE('',*,*,#3801,.F.);
#3803=ORIENTED_EDGE('',*,*,#3740,.T.);
#3805=ORIENTED_EDGE('',*,*,#3804,.T.);
#3807=ORIENTED_EDGE('',*,*,#3806,.T.);
#3808=EDGE_LOOP('',(#3782,#3784,#3786,#3787,#3788,#3790,#3792,#3794,#3796,#3798,
#3800,#3802,#3803,#3805,#3807));
#3809=FACE_OUTER_BOUND('',#3808,.F.);
#3811=CARTESIAN_POINT('',(3.744768595875E0,-9.064444986981E-1,-5.65E0));
#3812=DIRECTION('',(0.E0,0.E0,1.E0));
#3813=DIRECTION('',(1.E0,0.E0,0.E0));
#3814=AXIS2_PLACEMENT_3D('',#3811,#3812,#3813);
#3815=PLANE('',#3814);
#3817=ORIENTED_EDGE('',*,*,#3816,.T.);
#3819=ORIENTED_EDGE('',*,*,#3818,.F.);
#3821=ORIENTED_EDGE('',*,*,#3820,.F.);
#3823=ORIENTED_EDGE('',*,*,#3822,.T.);
#3825=ORIENTED_EDGE('',*,*,#3824,.T.);
#3827=ORIENTED_EDGE('',*,*,#3826,.T.);
#3829=ORIENTED_EDGE('',*,*,#3828,.F.);
#3831=ORIENTED_EDGE('',*,*,#3830,.T.);
#3832=EDGE_LOOP('',(#3817,#3819,#3821,#3823,#3825,#3827,#3829,#3831));
#3833=FACE_OUTER_BOUND('',#3832,.F.);
#3835=CARTESIAN_POINT('',(3.744768595875E0,-9.064444986981E-1,-5.65E0));
#3836=DIRECTION('',(0.E0,0.E0,1.E0));
#3837=DIRECTION('',(1.E0,0.E0,0.E0));
#3838=AXIS2_PLACEMENT_3D('',#3835,#3836,#3837);
#3839=PLANE('',#3838);
#3841=ORIENTED_EDGE('',*,*,#3840,.F.);
#3843=ORIENTED_EDGE('',*,*,#3842,.T.);
#3845=ORIENTED_EDGE('',*,*,#3844,.T.);
#3847=ORIENTED_EDGE('',*,*,#3846,.F.);
#3849=ORIENTED_EDGE('',*,*,#3848,.T.);
#3851=ORIENTED_EDGE('',*,*,#3850,.T.);
#3853=ORIENTED_EDGE('',*,*,#3852,.T.);
#3855=ORIENTED_EDGE('',*,*,#3854,.F.);
#3856=EDGE_LOOP('',(#3841,#3843,#3845,#3847,#3849,#3851,#3853,#3855));
#3857=FACE_OUTER_BOUND('',#3856,.F.);
#3859=CARTESIAN_POINT('',(-3.905E0,-1.03E0,-6.517E0));
#3860=DIRECTION('',(0.E0,0.E0,1.E0));
#3861=DIRECTION('',(-1.E0,0.E0,0.E0));
#3862=AXIS2_PLACEMENT_3D('',#3859,#3860,#3861);
#3863=CYLINDRICAL_SURFACE('',#3862,2.5E-1);
#3864=ORIENTED_EDGE('',*,*,#3824,.F.);
#3865=ORIENTED_EDGE('',*,*,#3783,.F.);
#3866=ORIENTED_EDGE('',*,*,#3662,.T.);
#3868=ORIENTED_EDGE('',*,*,#3867,.F.);
#3870=ORIENTED_EDGE('',*,*,#3869,.T.);
#3871=EDGE_LOOP('',(#3864,#3865,#3866,#3868,#3870));
#3872=FACE_OUTER_BOUND('',#3871,.F.);
#3874=CARTESIAN_POINT('',(-3.75E0,-7.031478658500E-3,-6.5E0));
#3875=DIRECTION('',(0.E0,0.E0,1.E0));
#3876=DIRECTION('',(-1.E0,0.E0,0.E0));
#3877=AXIS2_PLACEMENT_3D('',#3874,#3875,#3876);
#3878=PLANE('',#3877);
#3880=ORIENTED_EDGE('',*,*,#3879,.F.);
#3882=ORIENTED_EDGE('',*,*,#3881,.T.);
#3884=ORIENTED_EDGE('',*,*,#3883,.T.);
#3886=ORIENTED_EDGE('',*,*,#3885,.F.);
#3887=ORIENTED_EDGE('',*,*,#3867,.T.);
#3888=ORIENTED_EDGE('',*,*,#3660,.F.);
#3890=ORIENTED_EDGE('',*,*,#3889,.F.);
#3892=ORIENTED_EDGE('',*,*,#3891,.T.);
#3894=ORIENTED_EDGE('',*,*,#3893,.F.);
#3896=ORIENTED_EDGE('',*,*,#3895,.F.);
#3898=ORIENTED_EDGE('',*,*,#3897,.F.);
#3900=ORIENTED_EDGE('',*,*,#3899,.T.);
#3901=EDGE_LOOP('',(#3880,#3882,#3884,#3886,#3887,#3888,#3890,#3892,#3894,#3896,
#3898,#3900));
#3902=FACE_OUTER_BOUND('',#3901,.F.);
#3904=CARTESIAN_POINT('',(-1.612441540413E1,4.485555013019E-1,-6.7E0));
#3905=DIRECTION('',(1.E0,0.E0,0.E0));
#3906=DIRECTION('',(0.E0,0.E0,1.E0));
#3907=AXIS2_PLACEMENT_3D('',#3904,#3905,#3906);
#3908=CYLINDRICAL_SURFACE('',#3907,2.E-1);
#3909=ORIENTED_EDGE('',*,*,#3879,.T.);
#3911=ORIENTED_EDGE('',*,*,#3910,.F.);
#3913=ORIENTED_EDGE('',*,*,#3912,.F.);
#3915=ORIENTED_EDGE('',*,*,#3914,.T.);
#3917=ORIENTED_EDGE('',*,*,#3916,.F.);
#3919=ORIENTED_EDGE('',*,*,#3918,.F.);
#3920=EDGE_LOOP('',(#3909,#3911,#3913,#3915,#3917,#3919));
#3921=FACE_OUTER_BOUND('',#3920,.F.);
#3923=CARTESIAN_POINT('',(-3.170231404125E0,2.785555013019E-1,1.308E-1));
#3924=DIRECTION('',(0.E0,0.E0,-1.E0));
#3925=DIRECTION('',(-1.E0,0.E0,0.E0));
#3926=AXIS2_PLACEMENT_3D('',#3923,#3924,#3925);
#3927=CYLINDRICAL_SURFACE('',#3926,1.3E0);
#3929=ORIENTED_EDGE('',*,*,#3928,.T.);
#3930=ORIENTED_EDGE('',*,*,#3910,.T.);
#3931=ORIENTED_EDGE('',*,*,#3899,.F.);
#3933=ORIENTED_EDGE('',*,*,#3932,.T.);
#3935=ORIENTED_EDGE('',*,*,#3934,.F.);
#3936=EDGE_LOOP('',(#3929,#3930,#3931,#3933,#3935));
#3937=FACE_OUTER_BOUND('',#3936,.F.);
#3939=CARTESIAN_POINT('',(-4.470231404125E0,-2.614444986981E-1,-3.775E0));
#3940=DIRECTION('',(-1.E0,0.E0,0.E0));
#3941=DIRECTION('',(0.E0,0.E0,1.E0));
#3942=AXIS2_PLACEMENT_3D('',#3939,#3940,#3941);
#3943=PLANE('',#3942);
#3945=ORIENTED_EDGE('',*,*,#3944,.T.);
#3947=ORIENTED_EDGE('',*,*,#3946,.T.);
#3949=ORIENTED_EDGE('',*,*,#3948,.T.);
#3950=ORIENTED_EDGE('',*,*,#3912,.T.);
#3951=ORIENTED_EDGE('',*,*,#3928,.F.);
#3953=ORIENTED_EDGE('',*,*,#3952,.T.);
#3955=ORIENTED_EDGE('',*,*,#3954,.F.);
#3956=ORIENTED_EDGE('',*,*,#3820,.T.);
#3958=ORIENTED_EDGE('',*,*,#3957,.T.);
#3960=ORIENTED_EDGE('',*,*,#3959,.T.);
#3962=ORIENTED_EDGE('',*,*,#3961,.T.);
#3964=ORIENTED_EDGE('',*,*,#3963,.T.);
#3966=ORIENTED_EDGE('',*,*,#3965,.T.);
#3967=EDGE_LOOP('',(#3945,#3947,#3949,#3950,#3951,#3953,#3955,#3956,#3958,#3960,
#3962,#3964,#3966));
#3968=FACE_OUTER_BOUND('',#3967,.F.);
#3970=CARTESIAN_POINT('',(-4.320231404125E0,-6.514444986981E-1,-6.775E0));
#3971=DIRECTION('',(0.E0,-1.E0,0.E0));
#3972=DIRECTION('',(0.E0,0.E0,-1.E0));
#3973=AXIS2_PLACEMENT_3D('',#3970,#3971,#3972);
#3974=PLANE('',#3973);
#3976=ORIENTED_EDGE('',*,*,#3975,.F.);
#3978=ORIENTED_EDGE('',*,*,#3977,.F.);
#3979=ORIENTED_EDGE('',*,*,#3944,.F.);
#3981=ORIENTED_EDGE('',*,*,#3980,.F.);
#3982=EDGE_LOOP('',(#3976,#3978,#3979,#3981));
#3983=FACE_OUTER_BOUND('',#3982,.F.);
#3985=CARTESIAN_POINT('',(-4.170231404125E0,-2.614445004119E-1,
-3.874999312489E0));
#3986=DIRECTION('',(-1.E0,0.E0,0.E0));
#3987=DIRECTION('',(0.E0,0.E0,-1.E0));
#3988=AXIS2_PLACEMENT_3D('',#3985,#3986,#3987);
#3989=PLANE('',#3988);
#3991=ORIENTED_EDGE('',*,*,#3990,.T.);
#3992=ORIENTED_EDGE('',*,*,#3975,.T.);
#3994=ORIENTED_EDGE('',*,*,#3993,.T.);
#3996=ORIENTED_EDGE('',*,*,#3995,.T.);
#3998=ORIENTED_EDGE('',*,*,#3997,.T.);
#4000=ORIENTED_EDGE('',*,*,#3999,.T.);
#4002=ORIENTED_EDGE('',*,*,#4001,.T.);
#4003=ORIENTED_EDGE('',*,*,#3816,.F.);
#4005=ORIENTED_EDGE('',*,*,#4004,.T.);
#4006=ORIENTED_EDGE('',*,*,#3916,.T.);
#4008=ORIENTED_EDGE('',*,*,#4007,.T.);
#4009=EDGE_LOOP('',(#3991,#3992,#3994,#3996,#3998,#4000,#4002,#4003,#4005,#4006,
#4008));
#4010=FACE_OUTER_BOUND('',#4009,.F.);
#4012=CARTESIAN_POINT('',(-4.170231404125E0,-2.614445004119E-1,
-3.874999312489E0));
#4013=DIRECTION('',(-1.E0,0.E0,0.E0));
#4014=DIRECTION('',(0.E0,0.E0,-1.E0));
#4015=AXIS2_PLACEMENT_3D('',#4012,#4013,#4014);
#4016=PLANE('',#4015);
#4018=ORIENTED_EDGE('',*,*,#4017,.T.);
#4020=ORIENTED_EDGE('',*,*,#4019,.T.);
#4022=ORIENTED_EDGE('',*,*,#4021,.T.);
#4024=ORIENTED_EDGE('',*,*,#4023,.T.);
#4025=EDGE_LOOP('',(#4018,#4020,#4022,#4024));
#4026=FACE_OUTER_BOUND('',#4025,.F.);
#4028=CARTESIAN_POINT('',(-4.320231404125E0,-3.014444986981E-1,-7.55E0));
#4029=DIRECTION('',(0.E0,0.E0,1.E0));
#4030=DIRECTION('',(0.E0,1.E0,0.E0));
#4031=AXIS2_PLACEMENT_3D('',#4028,#4029,#4030);
#4032=PLANE('',#4031);
#4033=ORIENTED_EDGE('',*,*,#3990,.F.);
#4035=ORIENTED_EDGE('',*,*,#4034,.F.);
#4036=ORIENTED_EDGE('',*,*,#3946,.F.);
#4037=ORIENTED_EDGE('',*,*,#3977,.T.);
#4038=EDGE_LOOP('',(#4033,#4035,#4036,#4037));
#4039=FACE_OUTER_BOUND('',#4038,.F.);
#4041=CARTESIAN_POINT('',(-4.320231404125E0,2.485555013019E-1,-7.025E0));
#4042=DIRECTION('',(0.E0,-1.E0,0.E0));
#4043=DIRECTION('',(0.E0,0.E0,1.E0));
#4044=AXIS2_PLACEMENT_3D('',#4041,#4042,#4043);
#4045=PLANE('',#4044);
#4046=ORIENTED_EDGE('',*,*,#3948,.F.);
#4047=ORIENTED_EDGE('',*,*,#4034,.T.);
#4048=ORIENTED_EDGE('',*,*,#4007,.F.);
#4049=ORIENTED_EDGE('',*,*,#3914,.F.);
#4050=EDGE_LOOP('',(#4046,#4047,#4048,#4049));
#4051=FACE_OUTER_BOUND('',#4050,.F.);
#4053=CARTESIAN_POINT('',(1.458916844279E1,-4.514444986981E-1,-6.2E0));
#4054=DIRECTION('',(-1.E0,0.E0,0.E0));
#4055=DIRECTION('',(0.E0,-1.E0,0.E0));
#4056=AXIS2_PLACEMENT_3D('',#4053,#4054,#4055);
#4057=CYLINDRICAL_SURFACE('',#4056,2.E-1);
#4058=ORIENTED_EDGE('',*,*,#3965,.F.);
#4060=ORIENTED_EDGE('',*,*,#4059,.T.);
#4061=ORIENTED_EDGE('',*,*,#3993,.F.);
#4062=ORIENTED_EDGE('',*,*,#3980,.T.);
#4063=EDGE_LOOP('',(#4058,#4060,#4061,#4062));
#4064=FACE_OUTER_BOUND('',#4063,.F.);
#4066=CARTESIAN_POINT('',(-4.320231404125E0,-4.164444986981E-1,-6.E0));
#4067=DIRECTION('',(0.E0,0.E0,1.E0));
#4068=DIRECTION('',(1.E0,0.E0,0.E0));
#4069=AXIS2_PLACEMENT_3D('',#4066,#4067,#4068);
#4070=PLANE('',#4069);
#4071=ORIENTED_EDGE('',*,*,#4059,.F.);
#4072=ORIENTED_EDGE('',*,*,#3963,.F.);
#4074=ORIENTED_EDGE('',*,*,#4073,.F.);
#4075=ORIENTED_EDGE('',*,*,#3995,.F.);
#4076=EDGE_LOOP('',(#4071,#4072,#4074,#4075));
#4077=FACE_OUTER_BOUND('',#4076,.F.);
#4079=CARTESIAN_POINT('',(-4.484776260536E0,-2.314444986981E-1,-5.85E0));
#4080=DIRECTION('',(1.E0,0.E0,0.E0));
#4081=DIRECTION('',(0.E0,0.E0,-1.E0));
#4082=AXIS2_PLACEMENT_3D('',#4079,#4080,#4081);
#4083=CYLINDRICAL_SURFACE('',#4082,1.5E-1);
#4084=ORIENTED_EDGE('',*,*,#3997,.F.);
#4085=ORIENTED_EDGE('',*,*,#4073,.T.);
#4086=ORIENTED_EDGE('',*,*,#3961,.F.);
#4088=ORIENTED_EDGE('',*,*,#4087,.T.);
#4089=EDGE_LOOP('',(#4084,#4085,#4086,#4088));
#4090=FACE_OUTER_BOUND('',#4089,.F.);
#4092=CARTESIAN_POINT('',(-4.320231404125E0,-8.144449869811E-2,-5.825E0));
#4093=DIRECTION('',(0.E0,-1.E0,0.E0));
#4094=DIRECTION('',(0.E0,0.E0,-1.E0));
#4095=AXIS2_PLACEMENT_3D('',#4092,#4093,#4094);
#4096=PLANE('',#4095);
#4097=ORIENTED_EDGE('',*,*,#3999,.F.);
#4098=ORIENTED_EDGE('',*,*,#4087,.F.);
#4099=ORIENTED_EDGE('',*,*,#3959,.F.);
#4101=ORIENTED_EDGE('',*,*,#4100,.F.);
#4102=EDGE_LOOP('',(#4097,#4098,#4099,#4101));
#4103=FACE_OUTER_BOUND('',#4102,.F.);
#4105=CARTESIAN_POINT('',(-4.155686547715E0,-2.314444986981E-1,-5.8E0));
#4106=DIRECTION('',(-1.E0,0.E0,0.E0));
#4107=DIRECTION('',(0.E0,0.E0,1.E0));
#4108=AXIS2_PLACEMENT_3D('',#4105,#4106,#4107);
#4109=CYLINDRICAL_SURFACE('',#4108,1.5E-1);
#4110=ORIENTED_EDGE('',*,*,#3818,.T.);
#4111=ORIENTED_EDGE('',*,*,#4001,.F.);
#4112=ORIENTED_EDGE('',*,*,#4100,.T.);
#4113=ORIENTED_EDGE('',*,*,#3957,.F.);
#4114=EDGE_LOOP('',(#4110,#4111,#4112,#4113));
#4115=FACE_OUTER_BOUND('',#4114,.F.);
#4117=CARTESIAN_POINT('',(-3.170231404125E0,2.785555013019E-1,
-6.666800019975E0));
#4118=DIRECTION('',(0.E0,0.E0,1.E0));
#4119=DIRECTION('',(1.E0,0.E0,0.E0));
#4120=AXIS2_PLACEMENT_3D('',#4117,#4118,#4119);
#4121=CYLINDRICAL_SURFACE('',#4120,1.E0);
#4123=ORIENTED_EDGE('',*,*,#4122,.T.);
#4124=ORIENTED_EDGE('',*,*,#4023,.F.);
#4126=ORIENTED_EDGE('',*,*,#4125,.F.);
#4128=ORIENTED_EDGE('',*,*,#4127,.F.);
#4129=EDGE_LOOP('',(#4123,#4124,#4126,#4128));
#4130=FACE_OUTER_BOUND('',#4129,.F.);
#4132=CARTESIAN_POINT('',(-3.170231404125E0,2.785555013019E-1,
-6.666800019975E0));
#4133=DIRECTION('',(0.E0,0.E0,1.E0));
#4134=DIRECTION('',(1.E0,0.E0,0.E0));
#4135=AXIS2_PLACEMENT_3D('',#4132,#4133,#4134);
#4136=CYLINDRICAL_SURFACE('',#4135,1.E0);
#4137=ORIENTED_EDGE('',*,*,#3830,.F.);
#4139=ORIENTED_EDGE('',*,*,#4138,.T.);
#4140=ORIENTED_EDGE('',*,*,#3881,.F.);
#4141=ORIENTED_EDGE('',*,*,#3918,.T.);
#4142=ORIENTED_EDGE('',*,*,#4004,.F.);
#4143=EDGE_LOOP('',(#4137,#4139,#4140,#4141,#4142));
#4144=FACE_OUTER_BOUND('',#4143,.F.);
#4146=CARTESIAN_POINT('',(4.500400062621E-12,5.E-3,-4.85E0));
#4147=DIRECTION('',(0.E0,0.E0,1.E0));
#4148=DIRECTION('',(-1.E0,0.E0,0.E0));
#4149=AXIS2_PLACEMENT_3D('',#4146,#4147,#4148);
#4150=PLANE('',#4149);
#4152=ORIENTED_EDGE('',*,*,#4151,.T.);
#4154=ORIENTED_EDGE('',*,*,#4153,.F.);
#4155=ORIENTED_EDGE('',*,*,#4017,.F.);
#4156=ORIENTED_EDGE('',*,*,#4122,.F.);
#4158=ORIENTED_EDGE('',*,*,#4157,.T.);
#4160=ORIENTED_EDGE('',*,*,#4159,.F.);
#4162=ORIENTED_EDGE('',*,*,#4161,.F.);
#4164=ORIENTED_EDGE('',*,*,#4163,.F.);
#4165=EDGE_LOOP('',(#4152,#4154,#4155,#4156,#4158,#4160,#4162,#4164));
#4166=FACE_OUTER_BOUND('',#4165,.F.);
#4168=ORIENTED_EDGE('',*,*,#4167,.T.);
#4170=ORIENTED_EDGE('',*,*,#4169,.F.);
#4172=ORIENTED_EDGE('',*,*,#4171,.T.);
#4174=ORIENTED_EDGE('',*,*,#4173,.T.);
#4176=ORIENTED_EDGE('',*,*,#4175,.T.);
#4178=ORIENTED_EDGE('',*,*,#4177,.T.);
#4180=ORIENTED_EDGE('',*,*,#4179,.T.);
#4182=ORIENTED_EDGE('',*,*,#4181,.T.);
#4183=EDGE_LOOP('',(#4168,#4170,#4172,#4174,#4176,#4178,#4180,#4182));
#4184=FACE_BOUND('',#4183,.F.);
#4186=CARTESIAN_POINT('',(1.422104603768E0,-1.281444498698E0,
-2.824999518835E0));
#4187=DIRECTION('',(0.E0,-1.E0,0.E0));
#4188=DIRECTION('',(0.E0,0.E0,1.E0));
#4189=AXIS2_PLACEMENT_3D('',#4186,#4187,#4188);
#4190=PLANE('',#4189);
#4191=ORIENTED_EDGE('',*,*,#3793,.T.);
#4193=ORIENTED_EDGE('',*,*,#4192,.T.);
#4194=ORIENTED_EDGE('',*,*,#3633,.F.);
#4195=ORIENTED_EDGE('',*,*,#3631,.F.);
#4197=ORIENTED_EDGE('',*,*,#4196,.T.);
#4198=ORIENTED_EDGE('',*,*,#3795,.T.);
#4199=EDGE_LOOP('',(#4191,#4193,#4194,#4195,#4197,#4198));
#4200=FACE_OUTER_BOUND('',#4199,.F.);
#4202=CARTESIAN_POINT('',(1.422104603768E0,-1.281444498698E0,
-2.824999518835E0));
#4203=DIRECTION('',(0.E0,-1.E0,0.E0));
#4204=DIRECTION('',(0.E0,0.E0,1.E0));
#4205=AXIS2_PLACEMENT_3D('',#4202,#4203,#4204);
#4206=PLANE('',#4205);
#4207=ORIENTED_EDGE('',*,*,#4151,.F.);
#4209=ORIENTED_EDGE('',*,*,#4208,.T.);
#4211=ORIENTED_EDGE('',*,*,#4210,.F.);
#4213=ORIENTED_EDGE('',*,*,#4212,.T.);
#4214=EDGE_LOOP('',(#4207,#4209,#4211,#4213));
#4215=FACE_OUTER_BOUND('',#4214,.F.);
#4217=CARTESIAN_POINT('',(-1.E0,-1.581444498698E0,0.E0));
#4218=DIRECTION('',(-1.E0,0.E0,0.E0));
#4219=DIRECTION('',(0.E0,0.E0,-1.E0));
#4220=AXIS2_PLACEMENT_3D('',#4217,#4218,#4219);
#4221=PLANE('',#4220);
#4222=ORIENTED_EDGE('',*,*,#3791,.T.);
#4224=ORIENTED_EDGE('',*,*,#4223,.T.);
#4225=ORIENTED_EDGE('',*,*,#3635,.T.);
#4226=ORIENTED_EDGE('',*,*,#4192,.F.);
#4227=EDGE_LOOP('',(#4222,#4224,#4225,#4226));
#4228=FACE_OUTER_BOUND('',#4227,.F.);
#4230=CARTESIAN_POINT('',(-1.757895394024E0,-1.331444498698E0,-5.6E0));
#4231=DIRECTION('',(0.E0,-9.486832980499E-1,3.162277660186E-1));
#4232=DIRECTION('',(-1.E0,0.E0,0.E0));
#4233=AXIS2_PLACEMENT_3D('',#4230,#4231,#4232);
#4234=PLANE('',#4233);
#4235=ORIENTED_EDGE('',*,*,#3789,.T.);
#4236=ORIENTED_EDGE('',*,*,#3772,.F.);
#4237=ORIENTED_EDGE('',*,*,#3758,.F.);
#4238=ORIENTED_EDGE('',*,*,#3715,.F.);
#4239=ORIENTED_EDGE('',*,*,#3637,.F.);
#4240=ORIENTED_EDGE('',*,*,#4223,.F.);
#4241=EDGE_LOOP('',(#4235,#4236,#4237,#4238,#4239,#4240));
#4242=FACE_OUTER_BOUND('',#4241,.F.);
#4244=CARTESIAN_POINT('',(1.422107815468E0,-1.581444498698E0,-5.75E0));
#4245=DIRECTION('',(1.E0,0.E0,0.E0));
#4246=DIRECTION('',(0.E0,0.E0,1.E0));
#4247=AXIS2_PLACEMENT_3D('',#4244,#4245,#4246);
#4248=PLANE('',#4247);
#4249=ORIENTED_EDGE('',*,*,#3797,.F.);
#4250=ORIENTED_EDGE('',*,*,#4196,.F.);
#4251=ORIENTED_EDGE('',*,*,#3629,.F.);
#4253=ORIENTED_EDGE('',*,*,#4252,.F.);
#4254=EDGE_LOOP('',(#4249,#4250,#4251,#4253));
#4255=FACE_OUTER_BOUND('',#4254,.F.);
#4257=CARTESIAN_POINT('',(1.422104603768E0,-1.331444498698E0,-5.6E0));
#4258=DIRECTION('',(0.E0,-9.486832980499E-1,3.162277660186E-1));
#4259=DIRECTION('',(-1.E0,0.E0,0.E0));
#4260=AXIS2_PLACEMENT_3D('',#4257,#4258,#4259);
#4261=PLANE('',#4260);
#4262=ORIENTED_EDGE('',*,*,#3799,.T.);
#4263=ORIENTED_EDGE('',*,*,#4252,.T.);
#4264=ORIENTED_EDGE('',*,*,#3627,.T.);
#4265=ORIENTED_EDGE('',*,*,#3708,.F.);
#4267=ORIENTED_EDGE('',*,*,#4266,.F.);
#4269=ORIENTED_EDGE('',*,*,#4268,.F.);
#4270=EDGE_LOOP('',(#4262,#4263,#4264,#4265,#4267,#4269));
#4271=FACE_OUTER_BOUND('',#4270,.F.);
#4273=CARTESIAN_POINT('',(2.774819621597E0,-1.347852023240E0,-5.55E0));
#4274=DIRECTION('',(0.E0,-1.E0,0.E0));
#4275=DIRECTION('',(0.E0,0.E0,-1.E0));
#4276=AXIS2_PLACEMENT_3D('',#4273,#4274,#4275);
#4277=CYLINDRICAL_SURFACE('',#4276,2.E-1);
#4278=ORIENTED_EDGE('',*,*,#3706,.T.);
#4279=ORIENTED_EDGE('',*,*,#3744,.F.);
#4281=ORIENTED_EDGE('',*,*,#4280,.F.);
#4282=ORIENTED_EDGE('',*,*,#4266,.T.);
#4283=EDGE_LOOP('',(#4278,#4279,#4281,#4282));
#4284=FACE_OUTER_BOUND('',#4283,.F.);
#4286=CARTESIAN_POINT('',(3.019768595875E0,-1.333566308954E0,-5.8E0));
#4287=DIRECTION('',(0.E0,-1.E0,0.E0));
#4288=DIRECTION('',(0.E0,0.E0,-1.E0));
#4289=AXIS2_PLACEMENT_3D('',#4286,#4287,#4288);
#4290=CYLINDRICAL_SURFACE('',#4289,1.5E-1);
#4291=ORIENTED_EDGE('',*,*,#4268,.T.);
#4292=ORIENTED_EDGE('',*,*,#4280,.T.);
#4293=ORIENTED_EDGE('',*,*,#3742,.F.);
#4294=ORIENTED_EDGE('',*,*,#3801,.T.);
#4295=EDGE_LOOP('',(#4291,#4292,#4293,#4294));
#4296=FACE_OUTER_BOUND('',#4295,.F.);
#4298=CARTESIAN_POINT('',(3.169768595875E0,-2.814444986981E-1,
-5.555000017353E0));
#4299=DIRECTION('',(0.E0,0.E0,1.E0));
#4300=DIRECTION('',(1.E0,0.E0,0.E0));
#4301=AXIS2_PLACEMENT_3D('',#4298,#4299,#4300);
#4302=CYLINDRICAL_SURFACE('',#4301,1.E0);
#4303=ORIENTED_EDGE('',*,*,#4163,.T.);
#4305=ORIENTED_EDGE('',*,*,#4304,.F.);
#4307=ORIENTED_EDGE('',*,*,#4306,.F.);
#4308=ORIENTED_EDGE('',*,*,#4208,.F.);
#4309=EDGE_LOOP('',(#4303,#4305,#4307,#4308));
#4310=FACE_OUTER_BOUND('',#4309,.F.);
#4312=CARTESIAN_POINT('',(4.169768595875E0,-2.614444986981E-1,
-3.874999542500E0));
#4313=DIRECTION('',(-1.E0,0.E0,0.E0));
#4314=DIRECTION('',(0.E0,0.E0,1.E0));
#4315=AXIS2_PLACEMENT_3D('',#4312,#4313,#4314);
#4316=PLANE('',#4315);
#4318=ORIENTED_EDGE('',*,*,#4317,.F.);
#4320=ORIENTED_EDGE('',*,*,#4319,.F.);
#4322=ORIENTED_EDGE('',*,*,#4321,.T.);
#4324=ORIENTED_EDGE('',*,*,#4323,.F.);
#4325=ORIENTED_EDGE('',*,*,#3842,.F.);
#4327=ORIENTED_EDGE('',*,*,#4326,.T.);
#4329=ORIENTED_EDGE('',*,*,#4328,.T.);
#4331=ORIENTED_EDGE('',*,*,#4330,.T.);
#4333=ORIENTED_EDGE('',*,*,#4332,.F.);
#4335=ORIENTED_EDGE('',*,*,#4334,.T.);
#4337=ORIENTED_EDGE('',*,*,#4336,.F.);
#4338=EDGE_LOOP('',(#4318,#4320,#4322,#4324,#4325,#4327,#4329,#4331,#4333,#4335,
#4337));
#4339=FACE_OUTER_BOUND('',#4338,.F.);
#4341=CARTESIAN_POINT('',(4.169768595875E0,-2.614444986981E-1,
-3.874999542500E0));
#4342=DIRECTION('',(-1.E0,0.E0,0.E0));
#4343=DIRECTION('',(0.E0,0.E0,1.E0));
#4344=AXIS2_PLACEMENT_3D('',#4341,#4342,#4343);
#4345=PLANE('',#4344);
#4346=ORIENTED_EDGE('',*,*,#4161,.T.);
#4348=ORIENTED_EDGE('',*,*,#4347,.F.);
#4350=ORIENTED_EDGE('',*,*,#4349,.T.);
#4351=ORIENTED_EDGE('',*,*,#4304,.T.);
#4352=EDGE_LOOP('',(#4346,#4348,#4350,#4351));
#4353=FACE_OUTER_BOUND('',#4352,.F.);
#4355=CARTESIAN_POINT('',(4.319768595875E0,-3.014444986981E-1,-7.55E0));
#4356=DIRECTION('',(0.E0,0.E0,1.E0));
#4357=DIRECTION('',(0.E0,1.E0,0.E0));
#4358=AXIS2_PLACEMENT_3D('',#4355,#4356,#4357);
#4359=PLANE('',#4358);
#4360=ORIENTED_EDGE('',*,*,#4317,.T.);
#4362=ORIENTED_EDGE('',*,*,#4361,.F.);
#4364=ORIENTED_EDGE('',*,*,#4363,.T.);
#4366=ORIENTED_EDGE('',*,*,#4365,.T.);
#4367=EDGE_LOOP('',(#4360,#4362,#4364,#4366));
#4368=FACE_OUTER_BOUND('',#4367,.F.);
#4370=CARTESIAN_POINT('',(4.319768595875E0,-6.514444986981E-1,-6.775E0));
#4371=DIRECTION('',(0.E0,-1.E0,0.E0));
#4372=DIRECTION('',(0.E0,0.E0,-1.E0));
#4373=AXIS2_PLACEMENT_3D('',#4370,#4371,#4372);
#4374=PLANE('',#4373);
#4376=ORIENTED_EDGE('',*,*,#4375,.T.);
#4377=ORIENTED_EDGE('',*,*,#4361,.T.);
#4378=ORIENTED_EDGE('',*,*,#4336,.T.);
#4380=ORIENTED_EDGE('',*,*,#4379,.F.);
#4381=EDGE_LOOP('',(#4376,#4377,#4378,#4380));
#4382=FACE_OUTER_BOUND('',#4381,.F.);
#4384=CARTESIAN_POINT('',(4.469768595875E0,-2.614444986981E-1,-3.775E0));
#4385=DIRECTION('',(-1.E0,0.E0,0.E0));
#4386=DIRECTION('',(0.E0,0.E0,-1.E0));
#4387=AXIS2_PLACEMENT_3D('',#4384,#4385,#4386);
#4388=PLANE('',#4387);
#4390=ORIENTED_EDGE('',*,*,#4389,.F.);
#4391=ORIENTED_EDGE('',*,*,#4363,.F.);
#4392=ORIENTED_EDGE('',*,*,#4375,.F.);
#4394=ORIENTED_EDGE('',*,*,#4393,.T.);
#4396=ORIENTED_EDGE('',*,*,#4395,.F.);
#4398=ORIENTED_EDGE('',*,*,#4397,.T.);
#4400=ORIENTED_EDGE('',*,*,#4399,.T.);
#4402=ORIENTED_EDGE('',*,*,#4401,.T.);
#4403=ORIENTED_EDGE('',*,*,#3854,.T.);
#4405=ORIENTED_EDGE('',*,*,#4404,.F.);
#4407=ORIENTED_EDGE('',*,*,#4406,.F.);
#4409=ORIENTED_EDGE('',*,*,#4408,.F.);
#4411=ORIENTED_EDGE('',*,*,#4410,.T.);
#4412=EDGE_LOOP('',(#4390,#4391,#4392,#4394,#4396,#4398,#4400,#4402,#4403,#4405,
#4407,#4409,#4411));
#4413=FACE_OUTER_BOUND('',#4412,.F.);
#4415=CARTESIAN_POINT('',(4.319768595875E0,2.485555013019E-1,-7.025E0));
#4416=DIRECTION('',(0.E0,-1.E0,0.E0));
#4417=DIRECTION('',(0.E0,0.E0,1.E0));
#4418=AXIS2_PLACEMENT_3D('',#4415,#4416,#4417);
#4419=PLANE('',#4418);
#4420=ORIENTED_EDGE('',*,*,#4319,.T.);
#4421=ORIENTED_EDGE('',*,*,#4365,.F.);
#4422=ORIENTED_EDGE('',*,*,#4389,.T.);
#4424=ORIENTED_EDGE('',*,*,#4423,.F.);
#4425=EDGE_LOOP('',(#4420,#4421,#4422,#4424));
#4426=FACE_OUTER_BOUND('',#4425,.F.);
#4428=CARTESIAN_POINT('',(-1.612441540413E1,4.485555013019E-1,-6.7E0));
#4429=DIRECTION('',(1.E0,0.E0,0.E0));
#4430=DIRECTION('',(0.E0,0.E0,1.E0));
#4431=AXIS2_PLACEMENT_3D('',#4428,#4429,#4430);
#4432=CYLINDRICAL_SURFACE('',#4431,2.E-1);
#4434=ORIENTED_EDGE('',*,*,#4433,.T.);
#4436=ORIENTED_EDGE('',*,*,#4435,.F.);
#4437=ORIENTED_EDGE('',*,*,#4321,.F.);
#4438=ORIENTED_EDGE('',*,*,#4423,.T.);
#4439=ORIENTED_EDGE('',*,*,#4410,.F.);
#4441=ORIENTED_EDGE('',*,*,#4440,.F.);
#4442=EDGE_LOOP('',(#4434,#4436,#4437,#4438,#4439,#4441));
#4443=FACE_OUTER_BOUND('',#4442,.F.);
#4445=CARTESIAN_POINT('',(3.75E0,-7.031478658500E-3,-6.5E0));
#4446=DIRECTION('',(0.E0,0.E0,1.E0));
#4447=DIRECTION('',(-1.E0,0.E0,0.E0));
#4448=AXIS2_PLACEMENT_3D('',#4445,#4446,#4447);
#4449=PLANE('',#4448);
#4450=ORIENTED_EDGE('',*,*,#4433,.F.);
#4452=ORIENTED_EDGE('',*,*,#4451,.T.);
#4454=ORIENTED_EDGE('',*,*,#4453,.F.);
#4456=ORIENTED_EDGE('',*,*,#4455,.F.);
#4458=ORIENTED_EDGE('',*,*,#4457,.F.);
#4460=ORIENTED_EDGE('',*,*,#4459,.T.);
#4462=ORIENTED_EDGE('',*,*,#4461,.F.);
#4463=ORIENTED_EDGE('',*,*,#3668,.F.);
#4465=ORIENTED_EDGE('',*,*,#4464,.T.);
#4467=ORIENTED_EDGE('',*,*,#4466,.T.);
#4469=ORIENTED_EDGE('',*,*,#4468,.T.);
#4471=ORIENTED_EDGE('',*,*,#4470,.T.);
#4472=EDGE_LOOP('',(#4450,#4452,#4454,#4456,#4458,#4460,#4462,#4463,#4465,#4467,
#4469,#4471));
#4473=FACE_OUTER_BOUND('',#4472,.F.);
#4475=CARTESIAN_POINT('',(3.169768595875E0,2.785555013019E-1,1.308E-1));
#4476=DIRECTION('',(0.E0,0.E0,-1.E0));
#4477=DIRECTION('',(-1.E0,0.E0,0.E0));
#4478=AXIS2_PLACEMENT_3D('',#4475,#4476,#4477);
#4479=CYLINDRICAL_SURFACE('',#4478,1.3E0);
#4480=ORIENTED_EDGE('',*,*,#4451,.F.);
#4481=ORIENTED_EDGE('',*,*,#4440,.T.);
#4482=ORIENTED_EDGE('',*,*,#4408,.T.);
#4484=ORIENTED_EDGE('',*,*,#4483,.F.);
#4486=ORIENTED_EDGE('',*,*,#4485,.F.);
#4487=EDGE_LOOP('',(#4480,#4481,#4482,#4484,#4486));
#4488=FACE_OUTER_BOUND('',#4487,.F.);
#4490=CARTESIAN_POINT('',(-2.31404125E-4,-1.444498698050E-3,0.E0));
#4491=DIRECTION('',(0.E0,0.E0,1.E0));
#4492=DIRECTION('',(1.E0,0.E0,0.E0));
#4493=AXIS2_PLACEMENT_3D('',#4490,#4491,#4492);
#4494=PLANE('',#4493);
#4495=ORIENTED_EDGE('',*,*,#3736,.T.);
#4497=ORIENTED_EDGE('',*,*,#4496,.T.);
#4498=ORIENTED_EDGE('',*,*,#3952,.F.);
#4499=ORIENTED_EDGE('',*,*,#3934,.T.);
#4501=ORIENTED_EDGE('',*,*,#4500,.F.);
#4502=ORIENTED_EDGE('',*,*,#4483,.T.);
#4503=ORIENTED_EDGE('',*,*,#4406,.T.);
#4505=ORIENTED_EDGE('',*,*,#4504,.T.);
#4506=EDGE_LOOP('',(#4495,#4497,#4498,#4499,#4501,#4502,#4503,#4505));
#4507=FACE_OUTER_BOUND('',#4506,.F.);
#4509=ORIENTED_EDGE('',*,*,#4508,.F.);
#4511=ORIENTED_EDGE('',*,*,#4510,.T.);
#4513=ORIENTED_EDGE('',*,*,#4512,.T.);
#4515=ORIENTED_EDGE('',*,*,#4514,.T.);
#4517=ORIENTED_EDGE('',*,*,#4516,.T.);
#4519=ORIENTED_EDGE('',*,*,#4518,.T.);
#4521=ORIENTED_EDGE('',*,*,#4520,.T.);
#4523=ORIENTED_EDGE('',*,*,#4522,.T.);
#4524=EDGE_LOOP('',(#4509,#4511,#4513,#4515,#4517,#4519,#4521,#4523));
#4525=FACE_BOUND('',#4524,.F.);
#4527=CARTESIAN_POINT('',(-3.170231404125E0,-2.814444986981E-1,1.13E-1));
#4528=DIRECTION('',(0.E0,0.E0,-1.E0));
#4529=DIRECTION('',(-1.E0,0.E0,0.E0));
#4530=AXIS2_PLACEMENT_3D('',#4527,#4528,#4529);
#4531=CYLINDRICAL_SURFACE('',#4530,1.3E0);
#4532=ORIENTED_EDGE('',*,*,#3822,.F.);
#4533=ORIENTED_EDGE('',*,*,#3954,.T.);
#4534=ORIENTED_EDGE('',*,*,#4496,.F.);
#4535=ORIENTED_EDGE('',*,*,#3734,.T.);
#4536=ORIENTED_EDGE('',*,*,#3785,.F.);
#4537=EDGE_LOOP('',(#4532,#4533,#4534,#4535,#4536));
#4538=FACE_OUTER_BOUND('',#4537,.F.);
#4540=CARTESIAN_POINT('',(-2.314041065007E-4,1.578555501302E0,-3.25E0));
#4541=DIRECTION('',(0.E0,-1.E0,0.E0));
#4542=DIRECTION('',(0.E0,0.E0,1.E0));
#4543=AXIS2_PLACEMENT_3D('',#4540,#4541,#4542);
#4544=PLANE('',#4543);
#4546=ORIENTED_EDGE('',*,*,#4545,.T.);
#4548=ORIENTED_EDGE('',*,*,#4547,.T.);
#4550=ORIENTED_EDGE('',*,*,#4549,.T.);
#4552=ORIENTED_EDGE('',*,*,#4551,.T.);
#4554=ORIENTED_EDGE('',*,*,#4553,.T.);
#4555=ORIENTED_EDGE('',*,*,#4453,.T.);
#4556=ORIENTED_EDGE('',*,*,#4485,.T.);
#4557=ORIENTED_EDGE('',*,*,#4500,.T.);
#4558=ORIENTED_EDGE('',*,*,#3932,.F.);
#4559=ORIENTED_EDGE('',*,*,#3897,.T.);
#4561=ORIENTED_EDGE('',*,*,#4560,.T.);
#4563=ORIENTED_EDGE('',*,*,#4562,.T.);
#4564=EDGE_LOOP('',(#4546,#4548,#4550,#4552,#4554,#4555,#4556,#4557,#4558,#4559,
#4561,#4563));
#4565=FACE_OUTER_BOUND('',#4564,.F.);
#4567=CARTESIAN_POINT('',(-8.502314041251E-1,1.593100357712E0,-6.25E0));
#4568=DIRECTION('',(0.E0,-1.E0,0.E0));
#4569=DIRECTION('',(0.E0,0.E0,-1.E0));
#4570=AXIS2_PLACEMENT_3D('',#4567,#4568,#4569);
#4571=CYLINDRICAL_SURFACE('',#4570,1.5E-1);
#4572=ORIENTED_EDGE('',*,*,#4545,.F.);
#4574=ORIENTED_EDGE('',*,*,#4573,.T.);
#4576=ORIENTED_EDGE('',*,*,#4575,.F.);
#4578=ORIENTED_EDGE('',*,*,#4577,.T.);
#4580=ORIENTED_EDGE('',*,*,#4579,.F.);
#4581=EDGE_LOOP('',(#4572,#4574,#4576,#4578,#4580));
#4582=FACE_OUTER_BOUND('',#4581,.F.);
#4584=CARTESIAN_POINT('',(-1.000231404125E0,1.428555501302E0,-6.3E0));
#4585=DIRECTION('',(-1.E0,0.E0,0.E0));
#4586=DIRECTION('',(0.E0,0.E0,-1.E0));
#4587=AXIS2_PLACEMENT_3D('',#4584,#4585,#4586);
#4588=PLANE('',#4587);
#4590=ORIENTED_EDGE('',*,*,#4589,.F.);
#4591=ORIENTED_EDGE('',*,*,#4573,.F.);
#4592=ORIENTED_EDGE('',*,*,#4562,.F.);
#4594=ORIENTED_EDGE('',*,*,#4593,.F.);
#4595=EDGE_LOOP('',(#4590,#4591,#4592,#4594));
#4596=FACE_OUTER_BOUND('',#4595,.F.);
#4598=CARTESIAN_POINT('',(-2.314023904995E-4,1.278555501302E0,
-3.349999535387E0));
#4599=DIRECTION('',(0.E0,-1.E0,0.E0));
#4600=DIRECTION('',(0.E0,0.E0,-1.E0));
#4601=AXIS2_PLACEMENT_3D('',#4598,#4599,#4600);
#4602=PLANE('',#4601);
#4604=ORIENTED_EDGE('',*,*,#4603,.F.);
#4605=ORIENTED_EDGE('',*,*,#4575,.T.);
#4606=ORIENTED_EDGE('',*,*,#4589,.T.);
#4608=ORIENTED_EDGE('',*,*,#4607,.T.);
#4609=ORIENTED_EDGE('',*,*,#3893,.T.);
#4611=ORIENTED_EDGE('',*,*,#4610,.T.);
#4612=EDGE_LOOP('',(#4604,#4605,#4606,#4608,#4609,#4611));
#4613=FACE_OUTER_BOUND('',#4612,.F.);
#4615=CARTESIAN_POINT('',(-1.332266629550E-14,6.05E-1,-6.1E0));
#4616=DIRECTION('',(0.E0,0.E0,1.E0));
#4617=DIRECTION('',(1.E0,0.E0,0.E0));
#4618=AXIS2_PLACEMENT_3D('',#4615,#4616,#4617);
#4619=PLANE('',#4618);
#4621=ORIENTED_EDGE('',*,*,#4620,.T.);
#4622=ORIENTED_EDGE('',*,*,#4547,.F.);
#4623=ORIENTED_EDGE('',*,*,#4579,.T.);
#4624=ORIENTED_EDGE('',*,*,#4577,.F.);
#4625=ORIENTED_EDGE('',*,*,#4603,.T.);
#4627=ORIENTED_EDGE('',*,*,#4626,.T.);
#4629=ORIENTED_EDGE('',*,*,#4628,.T.);
#4631=ORIENTED_EDGE('',*,*,#4630,.T.);
#4633=ORIENTED_EDGE('',*,*,#4632,.F.);
#4635=ORIENTED_EDGE('',*,*,#4634,.T.);
#4637=ORIENTED_EDGE('',*,*,#4636,.T.);
#4639=ORIENTED_EDGE('',*,*,#4638,.T.);
#4641=ORIENTED_EDGE('',*,*,#4640,.F.);
#4643=ORIENTED_EDGE('',*,*,#4642,.T.);
#4645=ORIENTED_EDGE('',*,*,#4644,.T.);
#4647=ORIENTED_EDGE('',*,*,#4646,.T.);
#4649=ORIENTED_EDGE('',*,*,#4648,.F.);
#4651=ORIENTED_EDGE('',*,*,#4650,.T.);
#4653=ORIENTED_EDGE('',*,*,#4652,.T.);
#4655=ORIENTED_EDGE('',*,*,#4654,.T.);
#4657=ORIENTED_EDGE('',*,*,#4656,.F.);
#4659=ORIENTED_EDGE('',*,*,#4658,.T.);
#4661=ORIENTED_EDGE('',*,*,#4660,.T.);
#4663=ORIENTED_EDGE('',*,*,#4662,.T.);
#4665=ORIENTED_EDGE('',*,*,#4664,.F.);
#4667=ORIENTED_EDGE('',*,*,#4666,.T.);
#4669=ORIENTED_EDGE('',*,*,#4668,.T.);
#4671=ORIENTED_EDGE('',*,*,#4670,.T.);
#4673=ORIENTED_EDGE('',*,*,#4672,.F.);
#4675=ORIENTED_EDGE('',*,*,#4674,.T.);
#4677=ORIENTED_EDGE('',*,*,#4676,.T.);
#4679=ORIENTED_EDGE('',*,*,#4678,.T.);
#4681=ORIENTED_EDGE('',*,*,#4680,.T.);
#4683=ORIENTED_EDGE('',*,*,#4682,.T.);
#4685=ORIENTED_EDGE('',*,*,#4684,.T.);
#4687=ORIENTED_EDGE('',*,*,#4686,.T.);
#4688=EDGE_LOOP('',(#4621,#4622,#4623,#4624,#4625,#4627,#4629,#4631,#4633,#4635,
#4637,#4639,#4641,#4643,#4645,#4647,#4649,#4651,#4653,#4655,#4657,#4659,#4661,
#4663,#4665,#4667,#4669,#4671,#4673,#4675,#4677,#4679,#4681,#4683,#4685,#4687));
#4689=FACE_OUTER_BOUND('',#4688,.F.);
#4691=CARTESIAN_POINT('',(8.497685958749E-1,1.593100357712E0,-6.25E0));
#4692=DIRECTION('',(0.E0,-1.E0,0.E0));
#4693=DIRECTION('',(0.E0,0.E0,-1.E0));
#4694=AXIS2_PLACEMENT_3D('',#4691,#4692,#4693);
#4695=CYLINDRICAL_SURFACE('',#4694,1.5E-1);
#4696=ORIENTED_EDGE('',*,*,#4549,.F.);
#4697=ORIENTED_EDGE('',*,*,#4620,.F.);
#4698=ORIENTED_EDGE('',*,*,#4686,.F.);
#4700=ORIENTED_EDGE('',*,*,#4699,.F.);
#4702=ORIENTED_EDGE('',*,*,#4701,.T.);
#4703=EDGE_LOOP('',(#4696,#4697,#4698,#4700,#4702));
#4704=FACE_OUTER_BOUND('',#4703,.F.);
#4706=CARTESIAN_POINT('',(-2.314023904995E-4,1.278555501302E0,
-3.349999535387E0));
#4707=DIRECTION('',(0.E0,-1.E0,0.E0));
#4708=DIRECTION('',(0.E0,0.E0,-1.E0));
#4709=AXIS2_PLACEMENT_3D('',#4706,#4707,#4708);
#4710=PLANE('',#4709);
#4711=ORIENTED_EDGE('',*,*,#4684,.F.);
#4713=ORIENTED_EDGE('',*,*,#4712,.T.);
#4714=ORIENTED_EDGE('',*,*,#4457,.T.);
#4716=ORIENTED_EDGE('',*,*,#4715,.T.);
#4718=ORIENTED_EDGE('',*,*,#4717,.T.);
#4719=ORIENTED_EDGE('',*,*,#4699,.T.);
#4720=EDGE_LOOP('',(#4711,#4713,#4714,#4716,#4718,#4719));
#4721=FACE_OUTER_BOUND('',#4720,.F.);
#4723=CARTESIAN_POINT('',(3.169768595875E0,2.785555013019E-1,
-6.666800017353E0));
#4724=DIRECTION('',(0.E0,0.E0,1.E0));
#4725=DIRECTION('',(1.E0,0.E0,0.E0));
#4726=AXIS2_PLACEMENT_3D('',#4723,#4724,#4725);
#4727=CYLINDRICAL_SURFACE('',#4726,1.E0);
#4728=ORIENTED_EDGE('',*,*,#4682,.F.);
#4730=ORIENTED_EDGE('',*,*,#4729,.T.);
#4731=ORIENTED_EDGE('',*,*,#4459,.F.);
#4732=ORIENTED_EDGE('',*,*,#4712,.F.);
#4733=EDGE_LOOP('',(#4728,#4730,#4731,#4732));
#4734=FACE_OUTER_BOUND('',#4733,.F.);
#4736=CARTESIAN_POINT('',(3.345E0,-7.031478658500E-3,-6.3E0));
#4737=DIRECTION('',(-1.E0,0.E0,0.E0));
#4738=DIRECTION('',(0.E0,0.E0,1.E0));
#4739=AXIS2_PLACEMENT_3D('',#4736,#4737,#4738);
#4740=PLANE('',#4739);
#4741=ORIENTED_EDGE('',*,*,#4729,.F.);
#4742=ORIENTED_EDGE('',*,*,#4680,.F.);
#4744=ORIENTED_EDGE('',*,*,#4743,.T.);
#4746=ORIENTED_EDGE('',*,*,#4745,.T.);
#4747=ORIENTED_EDGE('',*,*,#3670,.T.);
#4748=ORIENTED_EDGE('',*,*,#4461,.T.);
#4749=EDGE_LOOP('',(#4741,#4742,#4744,#4746,#4747,#4748));
#4750=FACE_OUTER_BOUND('',#4749,.F.);
#4752=CARTESIAN_POINT('',(0.E0,-7.E-2,-6.2E0));
#4753=DIRECTION('',(0.E0,-1.E0,0.E0));
#4754=DIRECTION('',(0.E0,0.E0,-1.E0));
#4755=AXIS2_PLACEMENT_3D('',#4752,#4753,#4754);
#4756=PLANE('',#4755);
#4758=ORIENTED_EDGE('',*,*,#4757,.F.);
#4760=ORIENTED_EDGE('',*,*,#4759,.F.);
#4761=ORIENTED_EDGE('',*,*,#4743,.F.);
#4762=ORIENTED_EDGE('',*,*,#4678,.F.);
#4763=EDGE_LOOP('',(#4758,#4760,#4761,#4762));
#4764=FACE_OUTER_BOUND('',#4763,.F.);
#4766=CARTESIAN_POINT('',(2.9525E0,-8.016730112497E-1,-6.045529922493E0));
#4767=DIRECTION('',(-1.E0,0.E0,0.E0));
#4768=DIRECTION('',(0.E0,-1.E0,0.E0));
#4769=AXIS2_PLACEMENT_3D('',#4766,#4767,#4768);
#4770=PLANE('',#4769);
#4771=ORIENTED_EDGE('',*,*,#4676,.F.);
#4773=ORIENTED_EDGE('',*,*,#4772,.T.);
#4775=ORIENTED_EDGE('',*,*,#4774,.T.);
#4777=ORIENTED_EDGE('',*,*,#4776,.T.);
#4779=ORIENTED_EDGE('',*,*,#4778,.T.);
#4781=ORIENTED_EDGE('',*,*,#4780,.T.);
#4783=ORIENTED_EDGE('',*,*,#4782,.T.);
#4785=ORIENTED_EDGE('',*,*,#4784,.F.);
#4786=ORIENTED_EDGE('',*,*,#4757,.T.);
#4787=EDGE_LOOP('',(#4771,#4773,#4775,#4777,#4779,#4781,#4783,#4785,#4786));
#4788=FACE_OUTER_BOUND('',#4787,.F.);
#4790=CARTESIAN_POINT('',(2.7025E0,7.5E-2,-6.092955268312E0));
#4791=DIRECTION('',(0.E0,-1.E0,0.E0));
#4792=DIRECTION('',(0.E0,0.E0,1.E0));
#4793=AXIS2_PLACEMENT_3D('',#4790,#4791,#4792);
#4794=PLANE('',#4793);
#4795=ORIENTED_EDGE('',*,*,#4674,.F.);
#4797=ORIENTED_EDGE('',*,*,#4796,.T.);
#4799=ORIENTED_EDGE('',*,*,#4798,.F.);
#4800=ORIENTED_EDGE('',*,*,#4772,.F.);
#4801=EDGE_LOOP('',(#4795,#4797,#4799,#4800));
#4802=FACE_OUTER_BOUND('',#4801,.F.);
#4804=CARTESIAN_POINT('',(2.4525E0,-8.069911495437E-1,-6.070359249506E0));
#4805=DIRECTION('',(-1.E0,0.E0,0.E0));
#4806=DIRECTION('',(0.E0,1.E0,0.E0));
#4807=AXIS2_PLACEMENT_3D('',#4804,#4805,#4806);
#4808=PLANE('',#4807);
#4809=ORIENTED_EDGE('',*,*,#4672,.T.);
#4811=ORIENTED_EDGE('',*,*,#4810,.F.);
#4813=ORIENTED_EDGE('',*,*,#4812,.T.);
#4815=ORIENTED_EDGE('',*,*,#4814,.T.);
#4817=ORIENTED_EDGE('',*,*,#4816,.F.);
#4819=ORIENTED_EDGE('',*,*,#4818,.F.);
#4821=ORIENTED_EDGE('',*,*,#4820,.F.);
#4823=ORIENTED_EDGE('',*,*,#4822,.T.);
#4824=ORIENTED_EDGE('',*,*,#4796,.F.);
#4825=EDGE_LOOP('',(#4809,#4811,#4813,#4815,#4817,#4819,#4821,#4823,#4824));
#4826=FACE_OUTER_BOUND('',#4825,.F.);
#4828=CARTESIAN_POINT('',(0.E0,-7.E-2,-6.2E0));
#4829=DIRECTION('',(0.E0,-1.E0,0.E0));
#4830=DIRECTION('',(0.E0,0.E0,-1.E0));
#4831=AXIS2_PLACEMENT_3D('',#4828,#4829,#4830);
#4832=PLANE('',#4831);
#4834=ORIENTED_EDGE('',*,*,#4833,.F.);
#4836=ORIENTED_EDGE('',*,*,#4835,.F.);
#4837=ORIENTED_EDGE('',*,*,#4810,.T.);
#4838=ORIENTED_EDGE('',*,*,#4670,.F.);
#4839=EDGE_LOOP('',(#4834,#4836,#4837,#4838));
#4840=FACE_OUTER_BOUND('',#4839,.F.);
#4842=CARTESIAN_POINT('',(1.7525E0,-8.75E-1,-5.984248181881E0));
#4843=DIRECTION('',(-1.E0,0.E0,0.E0));
#4844=DIRECTION('',(0.E0,-1.E0,0.E0));
#4845=AXIS2_PLACEMENT_3D('',#4842,#4843,#4844);
#4846=PLANE('',#4845);
#4847=ORIENTED_EDGE('',*,*,#4668,.F.);
#4849=ORIENTED_EDGE('',*,*,#4848,.F.);
#4851=ORIENTED_EDGE('',*,*,#4850,.T.);
#4853=ORIENTED_EDGE('',*,*,#4852,.T.);
#4855=ORIENTED_EDGE('',*,*,#4854,.T.);
#4857=ORIENTED_EDGE('',*,*,#4856,.T.);
#4859=ORIENTED_EDGE('',*,*,#4858,.T.);
#4861=ORIENTED_EDGE('',*,*,#4860,.F.);
#4862=ORIENTED_EDGE('',*,*,#4833,.T.);
#4863=EDGE_LOOP('',(#4847,#4849,#4851,#4853,#4855,#4857,#4859,#4861,#4862));
#4864=FACE_OUTER_BOUND('',#4863,.F.);
#4866=CARTESIAN_POINT('',(1.46E0,7.5E-2,-5.096195117134E0));
#4867=DIRECTION('',(0.E0,-1.E0,0.E0));
#4868=DIRECTION('',(-1.E0,0.E0,0.E0));
#4869=AXIS2_PLACEMENT_3D('',#4866,#4867,#4868);
#4870=PLANE('',#4869);
#4871=ORIENTED_EDGE('',*,*,#4666,.F.);
#4873=ORIENTED_EDGE('',*,*,#4872,.T.);
#4875=ORIENTED_EDGE('',*,*,#4874,.F.);
#4876=ORIENTED_EDGE('',*,*,#4848,.T.);
#4877=EDGE_LOOP('',(#4871,#4873,#4875,#4876));
#4878=FACE_OUTER_BOUND('',#4877,.F.);
#4880=CARTESIAN_POINT('',(1.252173919390E0,-8.75E-1,-5.993228837710E0));
#4881=DIRECTION('',(-1.E0,0.E0,0.E0));
#4882=DIRECTION('',(0.E0,1.E0,0.E0));
#4883=AXIS2_PLACEMENT_3D('',#4880,#4881,#4882);
#4884=PLANE('',#4883);
#4885=ORIENTED_EDGE('',*,*,#4664,.T.);
#4887=ORIENTED_EDGE('',*,*,#4886,.F.);
#4889=ORIENTED_EDGE('',*,*,#4888,.T.);
#4891=ORIENTED_EDGE('',*,*,#4890,.T.);
#4893=ORIENTED_EDGE('',*,*,#4892,.T.);
#4895=ORIENTED_EDGE('',*,*,#4894,.T.);
#4897=ORIENTED_EDGE('',*,*,#4896,.T.);
#4899=ORIENTED_EDGE('',*,*,#4898,.T.);
#4900=ORIENTED_EDGE('',*,*,#4872,.F.);
#4901=EDGE_LOOP('',(#4885,#4887,#4889,#4891,#4893,#4895,#4897,#4899,#4900));
#4902=FACE_OUTER_BOUND('',#4901,.F.);
#4904=CARTESIAN_POINT('',(0.E0,-7.E-2,-6.2E0));
#4905=DIRECTION('',(0.E0,-1.E0,0.E0));
#4906=DIRECTION('',(0.E0,0.E0,-1.E0));
#4907=AXIS2_PLACEMENT_3D('',#4904,#4905,#4906);
#4908=PLANE('',#4907);
#4909=ORIENTED_EDGE('',*,*,#4886,.T.);
#4910=ORIENTED_EDGE('',*,*,#4662,.F.);
#4912=ORIENTED_EDGE('',*,*,#4911,.F.);
#4914=ORIENTED_EDGE('',*,*,#4913,.F.);
#4915=EDGE_LOOP('',(#4909,#4910,#4912,#4914));
#4916=FACE_OUTER_BOUND('',#4915,.F.);
#4918=CARTESIAN_POINT('',(7.556353115618E-1,-8.75E-1,-5.948585403987E0));
#4919=DIRECTION('',(-1.E0,0.E0,0.E0));
#4920=DIRECTION('',(0.E0,1.E0,0.E0));
#4921=AXIS2_PLACEMENT_3D('',#4918,#4919,#4920);
#4922=PLANE('',#4921);
#4923=ORIENTED_EDGE('',*,*,#4660,.F.);
#4925=ORIENTED_EDGE('',*,*,#4924,.F.);
#4927=ORIENTED_EDGE('',*,*,#4926,.T.);
#4929=ORIENTED_EDGE('',*,*,#4928,.T.);
#4931=ORIENTED_EDGE('',*,*,#4930,.T.);
#4933=ORIENTED_EDGE('',*,*,#4932,.T.);
#4935=ORIENTED_EDGE('',*,*,#4934,.T.);
#4937=ORIENTED_EDGE('',*,*,#4936,.F.);
#4938=ORIENTED_EDGE('',*,*,#4911,.T.);
#4939=EDGE_LOOP('',(#4923,#4925,#4927,#4929,#4931,#4933,#4935,#4937,#4938));
#4940=FACE_OUTER_BOUND('',#4939,.F.);
#4942=CARTESIAN_POINT('',(5.7E-1,7.5E-2,-5.084537425681E0));
#4943=DIRECTION('',(0.E0,-1.E0,0.E0));
#4944=DIRECTION('',(-1.E0,0.E0,0.E0));
#4945=AXIS2_PLACEMENT_3D('',#4942,#4943,#4944);
#4946=PLANE('',#4945);
#4947=ORIENTED_EDGE('',*,*,#4658,.F.);
#4949=ORIENTED_EDGE('',*,*,#4948,.T.);
#4951=ORIENTED_EDGE('',*,*,#4950,.F.);
#4952=ORIENTED_EDGE('',*,*,#4924,.T.);
#4953=EDGE_LOOP('',(#4947,#4949,#4951,#4952));
#4954=FACE_OUTER_BOUND('',#4953,.F.);
#4956=CARTESIAN_POINT('',(2.525E-1,-8.75E-1,-5.368353837790E0));
#4957=DIRECTION('',(-1.E0,0.E0,0.E0));
#4958=DIRECTION('',(0.E0,0.E0,1.E0));
#4959=AXIS2_PLACEMENT_3D('',#4956,#4957,#4958);
#4960=PLANE('',#4959);
#4961=ORIENTED_EDGE('',*,*,#4656,.T.);
#4963=ORIENTED_EDGE('',*,*,#4962,.F.);
#4965=ORIENTED_EDGE('',*,*,#4964,.T.);
#4967=ORIENTED_EDGE('',*,*,#4966,.T.);
#4969=ORIENTED_EDGE('',*,*,#4968,.T.);
#4971=ORIENTED_EDGE('',*,*,#4970,.T.);
#4973=ORIENTED_EDGE('',*,*,#4972,.T.);
#4975=ORIENTED_EDGE('',*,*,#4974,.T.);
#4976=ORIENTED_EDGE('',*,*,#4948,.F.);
#4977=EDGE_LOOP('',(#4961,#4963,#4965,#4967,#4969,#4971,#4973,#4975,#4976));
#4978=FACE_OUTER_BOUND('',#4977,.F.);
#4980=CARTESIAN_POINT('',(0.E0,-7.E-2,-6.2E0));
#4981=DIRECTION('',(0.E0,-1.E0,0.E0));
#4982=DIRECTION('',(0.E0,0.E0,-1.E0));
#4983=AXIS2_PLACEMENT_3D('',#4980,#4981,#4982);
#4984=PLANE('',#4983);
#4986=ORIENTED_EDGE('',*,*,#4985,.F.);
#4988=ORIENTED_EDGE('',*,*,#4987,.F.);
#4989=ORIENTED_EDGE('',*,*,#4962,.T.);
#4990=ORIENTED_EDGE('',*,*,#4654,.F.);
#4991=EDGE_LOOP('',(#4986,#4988,#4989,#4990));
#4992=FACE_OUTER_BOUND('',#4991,.F.);
#4994=CARTESIAN_POINT('',(-2.475E-1,-8.75E-1,-5.368353837790E0));
#4995=DIRECTION('',(-1.E0,0.E0,0.E0));
#4996=DIRECTION('',(0.E0,0.E0,-1.E0));
#4997=AXIS2_PLACEMENT_3D('',#4994,#4995,#4996);
#4998=PLANE('',#4997);
#4999=ORIENTED_EDGE('',*,*,#4652,.F.);
#5001=ORIENTED_EDGE('',*,*,#5000,.F.);
#5003=ORIENTED_EDGE('',*,*,#5002,.T.);
#5005=ORIENTED_EDGE('',*,*,#5004,.T.);
#5007=ORIENTED_EDGE('',*,*,#5006,.T.);
#5009=ORIENTED_EDGE('',*,*,#5008,.T.);
#5011=ORIENTED_EDGE('',*,*,#5010,.T.);
#5013=ORIENTED_EDGE('',*,*,#5012,.F.);
#5014=ORIENTED_EDGE('',*,*,#4985,.T.);
#5015=EDGE_LOOP('',(#4999,#5001,#5003,#5005,#5007,#5009,#5011,#5013,#5014));
#5016=FACE_OUTER_BOUND('',#5015,.F.);
#5018=CARTESIAN_POINT('',(-5.65E-1,7.5E-2,-5.096195117134E0));
#5019=DIRECTION('',(0.E0,-1.E0,0.E0));
#5020=DIRECTION('',(-1.E0,0.E0,0.E0));
#5021=AXIS2_PLACEMENT_3D('',#5018,#5019,#5020);
#5022=PLANE('',#5021);
#5023=ORIENTED_EDGE('',*,*,#4650,.F.);
#5025=ORIENTED_EDGE('',*,*,#5024,.F.);
#5027=ORIENTED_EDGE('',*,*,#5026,.F.);
#5028=ORIENTED_EDGE('',*,*,#5000,.T.);
#5029=EDGE_LOOP('',(#5023,#5025,#5027,#5028));
#5030=FACE_OUTER_BOUND('',#5029,.F.);
#5032=CARTESIAN_POINT('',(-7.506353115618E-1,-8.75E-1,-5.948585403987E0));
#5033=DIRECTION('',(-1.E0,0.E0,0.E0));
#5034=DIRECTION('',(0.E0,0.E0,-1.E0));
#5035=AXIS2_PLACEMENT_3D('',#5032,#5033,#5034);
#5036=PLANE('',#5035);
#5037=ORIENTED_EDGE('',*,*,#4648,.T.);
#5039=ORIENTED_EDGE('',*,*,#5038,.F.);
#5041=ORIENTED_EDGE('',*,*,#5040,.T.);
#5043=ORIENTED_EDGE('',*,*,#5042,.T.);
#5045=ORIENTED_EDGE('',*,*,#5044,.T.);
#5047=ORIENTED_EDGE('',*,*,#5046,.T.);
#5049=ORIENTED_EDGE('',*,*,#5048,.T.);
#5051=ORIENTED_EDGE('',*,*,#5050,.T.);
#5052=ORIENTED_EDGE('',*,*,#5024,.T.);
#5053=EDGE_LOOP('',(#5037,#5039,#5041,#5043,#5045,#5047,#5049,#5051,#5052));
#5054=FACE_OUTER_BOUND('',#5053,.F.);
#5056=CARTESIAN_POINT('',(0.E0,-7.E-2,-6.2E0));
#5057=DIRECTION('',(0.E0,-1.E0,0.E0));
#5058=DIRECTION('',(0.E0,0.E0,-1.E0));
#5059=AXIS2_PLACEMENT_3D('',#5056,#5057,#5058);
#5060=PLANE('',#5059);
#5062=ORIENTED_EDGE('',*,*,#5061,.F.);
#5064=ORIENTED_EDGE('',*,*,#5063,.F.);
#5065=ORIENTED_EDGE('',*,*,#5038,.T.);
#5066=ORIENTED_EDGE('',*,*,#4646,.F.);
#5067=EDGE_LOOP('',(#5062,#5064,#5065,#5066));
#5068=FACE_OUTER_BOUND('',#5067,.F.);
#5070=CARTESIAN_POINT('',(-1.247173919390E0,-8.75E-1,-5.993228837710E0));
#5071=DIRECTION('',(-1.E0,0.E0,0.E0));
#5072=DIRECTION('',(0.E0,0.E0,-1.E0));
#5073=AXIS2_PLACEMENT_3D('',#5070,#5071,#5072);
#5074=PLANE('',#5073);
#5075=ORIENTED_EDGE('',*,*,#4644,.F.);
#5077=ORIENTED_EDGE('',*,*,#5076,.F.);
#5079=ORIENTED_EDGE('',*,*,#5078,.T.);
#5081=ORIENTED_EDGE('',*,*,#5080,.T.);
#5083=ORIENTED_EDGE('',*,*,#5082,.T.);
#5085=ORIENTED_EDGE('',*,*,#5084,.T.);
#5087=ORIENTED_EDGE('',*,*,#5086,.T.);
#5089=ORIENTED_EDGE('',*,*,#5088,.F.);
#5090=ORIENTED_EDGE('',*,*,#5061,.T.);
#5091=EDGE_LOOP('',(#5075,#5077,#5079,#5081,#5083,#5085,#5087,#5089,#5090));
#5092=FACE_OUTER_BOUND('',#5091,.F.);
#5094=CARTESIAN_POINT('',(-1.455E0,7.5E-2,-5.084537425681E0));
#5095=DIRECTION('',(0.E0,-1.E0,0.E0));
#5096=DIRECTION('',(-1.E0,0.E0,0.E0));
#5097=AXIS2_PLACEMENT_3D('',#5094,#5095,#5096);
#5098=PLANE('',#5097);
#5099=ORIENTED_EDGE('',*,*,#4642,.F.);
#5101=ORIENTED_EDGE('',*,*,#5100,.T.);
#5103=ORIENTED_EDGE('',*,*,#5102,.F.);
#5104=ORIENTED_EDGE('',*,*,#5076,.T.);
#5105=EDGE_LOOP('',(#5099,#5101,#5103,#5104));
#5106=FACE_OUTER_BOUND('',#5105,.F.);
#5108=CARTESIAN_POINT('',(-1.7475E0,-8.75E-1,-5.984248181881E0));
#5109=DIRECTION('',(-1.E0,0.E0,0.E0));
#5110=DIRECTION('',(0.E0,0.E0,1.E0));
#5111=AXIS2_PLACEMENT_3D('',#5108,#5109,#5110);
#5112=PLANE('',#5111);
#5113=ORIENTED_EDGE('',*,*,#4640,.T.);
#5115=ORIENTED_EDGE('',*,*,#5114,.F.);
#5117=ORIENTED_EDGE('',*,*,#5116,.T.);
#5119=ORIENTED_EDGE('',*,*,#5118,.T.);
#5121=ORIENTED_EDGE('',*,*,#5120,.T.);
#5123=ORIENTED_EDGE('',*,*,#5122,.T.);
#5125=ORIENTED_EDGE('',*,*,#5124,.T.);
#5127=ORIENTED_EDGE('',*,*,#5126,.T.);
#5128=ORIENTED_EDGE('',*,*,#5100,.F.);
#5129=EDGE_LOOP('',(#5113,#5115,#5117,#5119,#5121,#5123,#5125,#5127,#5128));
#5130=FACE_OUTER_BOUND('',#5129,.F.);
#5132=CARTESIAN_POINT('',(0.E0,-7.E-2,-6.2E0));
#5133=DIRECTION('',(0.E0,-1.E0,0.E0));
#5134=DIRECTION('',(0.E0,0.E0,-1.E0));
#5135=AXIS2_PLACEMENT_3D('',#5132,#5133,#5134);
#5136=PLANE('',#5135);
#5137=ORIENTED_EDGE('',*,*,#5114,.T.);
#5138=ORIENTED_EDGE('',*,*,#4638,.F.);
#5140=ORIENTED_EDGE('',*,*,#5139,.F.);
#5142=ORIENTED_EDGE('',*,*,#5141,.F.);
#5143=EDGE_LOOP('',(#5137,#5138,#5140,#5142));
#5144=FACE_OUTER_BOUND('',#5143,.F.);
#5146=CARTESIAN_POINT('',(-2.4475E0,-8.069149341107E-1,-6.070097002181E0));
#5147=DIRECTION('',(-1.E0,0.E0,0.E0));
#5148=DIRECTION('',(0.E0,0.E0,-1.E0));
#5149=AXIS2_PLACEMENT_3D('',#5146,#5147,#5148);
#5150=PLANE('',#5149);
#5151=ORIENTED_EDGE('',*,*,#4636,.F.);
#5153=ORIENTED_EDGE('',*,*,#5152,.T.);
#5155=ORIENTED_EDGE('',*,*,#5154,.T.);
#5157=ORIENTED_EDGE('',*,*,#5156,.T.);
#5159=ORIENTED_EDGE('',*,*,#5158,.T.);
#5161=ORIENTED_EDGE('',*,*,#5160,.T.);
#5163=ORIENTED_EDGE('',*,*,#5162,.T.);
#5165=ORIENTED_EDGE('',*,*,#5164,.F.);
#5166=ORIENTED_EDGE('',*,*,#5139,.T.);
#5167=EDGE_LOOP('',(#5151,#5153,#5155,#5157,#5159,#5161,#5163,#5165,#5166));
#5168=FACE_OUTER_BOUND('',#5167,.F.);
#5170=CARTESIAN_POINT('',(-2.6975E0,7.5E-2,-6.092955268312E0));
#5171=DIRECTION('',(0.E0,-1.E0,0.E0));
#5172=DIRECTION('',(0.E0,0.E0,1.E0));
#5173=AXIS2_PLACEMENT_3D('',#5170,#5171,#5172);
#5174=PLANE('',#5173);
#5175=ORIENTED_EDGE('',*,*,#4634,.F.);
#5177=ORIENTED_EDGE('',*,*,#5176,.F.);
#5179=ORIENTED_EDGE('',*,*,#5178,.F.);
#5180=ORIENTED_EDGE('',*,*,#5152,.F.);
#5181=EDGE_LOOP('',(#5175,#5177,#5179,#5180));
#5182=FACE_OUTER_BOUND('',#5181,.F.);
#5184=CARTESIAN_POINT('',(-2.9475E0,-8.016730112497E-1,-6.045529922493E0));
#5185=DIRECTION('',(-1.E0,0.E0,0.E0));
#5186=DIRECTION('',(0.E0,0.E0,1.E0));
#5187=AXIS2_PLACEMENT_3D('',#5184,#5185,#5186);
#5188=PLANE('',#5187);
#5189=ORIENTED_EDGE('',*,*,#4632,.T.);
#5191=ORIENTED_EDGE('',*,*,#5190,.F.);
#5193=ORIENTED_EDGE('',*,*,#5192,.T.);
#5195=ORIENTED_EDGE('',*,*,#5194,.T.);
#5197=ORIENTED_EDGE('',*,*,#5196,.T.);
#5199=ORIENTED_EDGE('',*,*,#5198,.T.);
#5201=ORIENTED_EDGE('',*,*,#5200,.T.);
#5203=ORIENTED_EDGE('',*,*,#5202,.T.);
#5204=ORIENTED_EDGE('',*,*,#5176,.T.);
#5205=EDGE_LOOP('',(#5189,#5191,#5193,#5195,#5197,#5199,#5201,#5203,#5204));
#5206=FACE_OUTER_BOUND('',#5205,.F.);
#5208=CARTESIAN_POINT('',(0.E0,-7.E-2,-6.2E0));
#5209=DIRECTION('',(0.E0,-1.E0,0.E0));
#5210=DIRECTION('',(0.E0,0.E0,-1.E0));
#5211=AXIS2_PLACEMENT_3D('',#5208,#5209,#5210);
#5212=PLANE('',#5211);
#5213=ORIENTED_EDGE('',*,*,#5190,.T.);
#5214=ORIENTED_EDGE('',*,*,#4630,.F.);
#5216=ORIENTED_EDGE('',*,*,#5215,.T.);
#5218=ORIENTED_EDGE('',*,*,#5217,.F.);
#5219=EDGE_LOOP('',(#5213,#5214,#5216,#5218));
#5220=FACE_OUTER_BOUND('',#5219,.F.);
#5222=CARTESIAN_POINT('',(-3.345E0,-7.031478658500E-3,-6.3E0));
#5223=DIRECTION('',(-1.E0,0.E0,0.E0));
#5224=DIRECTION('',(0.E0,-1.E0,0.E0));
#5225=AXIS2_PLACEMENT_3D('',#5222,#5223,#5224);
#5226=PLANE('',#5225);
#5228=ORIENTED_EDGE('',*,*,#5227,.F.);
#5229=ORIENTED_EDGE('',*,*,#3889,.T.);
#5230=ORIENTED_EDGE('',*,*,#3658,.F.);
#5232=ORIENTED_EDGE('',*,*,#5231,.F.);
#5233=ORIENTED_EDGE('',*,*,#5215,.F.);
#5234=ORIENTED_EDGE('',*,*,#4628,.F.);
#5235=EDGE_LOOP('',(#5228,#5229,#5230,#5232,#5233,#5234));
#5236=FACE_OUTER_BOUND('',#5235,.F.);
#5238=CARTESIAN_POINT('',(-3.170231404125E0,2.785555013019E-1,
-6.666800019975E0));
#5239=DIRECTION('',(0.E0,0.E0,1.E0));
#5240=DIRECTION('',(1.E0,0.E0,0.E0));
#5241=AXIS2_PLACEMENT_3D('',#5238,#5239,#5240);
#5242=CYLINDRICAL_SURFACE('',#5241,1.E0);
#5243=ORIENTED_EDGE('',*,*,#4626,.F.);
#5244=ORIENTED_EDGE('',*,*,#4610,.F.);
#5245=ORIENTED_EDGE('',*,*,#3891,.F.);
#5246=ORIENTED_EDGE('',*,*,#5227,.T.);
#5247=EDGE_LOOP('',(#5243,#5244,#5245,#5246));
#5248=FACE_OUTER_BOUND('',#5247,.F.);
#5250=CARTESIAN_POINT('',(0.E0,-8.2E-1,-6.3E0));
#5251=DIRECTION('',(0.E0,0.E0,1.E0));
#5252=DIRECTION('',(1.E0,0.E0,0.E0));
#5253=AXIS2_PLACEMENT_3D('',#5250,#5251,#5252);
#5254=PLANE('',#5253);
#5255=ORIENTED_EDGE('',*,*,#5116,.F.);
#5256=ORIENTED_EDGE('',*,*,#5141,.T.);
#5257=ORIENTED_EDGE('',*,*,#5164,.T.);
#5259=ORIENTED_EDGE('',*,*,#5258,.F.);
#5260=ORIENTED_EDGE('',*,*,#5192,.F.);
#5261=ORIENTED_EDGE('',*,*,#5217,.T.);
#5262=ORIENTED_EDGE('',*,*,#5231,.T.);
#5264=ORIENTED_EDGE('',*,*,#5263,.F.);
#5266=ORIENTED_EDGE('',*,*,#5265,.T.);
#5268=ORIENTED_EDGE('',*,*,#5267,.T.);
#5269=ORIENTED_EDGE('',*,*,#4745,.F.);
#5270=ORIENTED_EDGE('',*,*,#4759,.T.);
#5271=ORIENTED_EDGE('',*,*,#4784,.T.);
#5273=ORIENTED_EDGE('',*,*,#5272,.F.);
#5274=ORIENTED_EDGE('',*,*,#4812,.F.);
#5275=ORIENTED_EDGE('',*,*,#4835,.T.);
#5276=ORIENTED_EDGE('',*,*,#4860,.T.);
#5278=ORIENTED_EDGE('',*,*,#5277,.F.);
#5279=ORIENTED_EDGE('',*,*,#4888,.F.);
#5280=ORIENTED_EDGE('',*,*,#4913,.T.);
#5281=ORIENTED_EDGE('',*,*,#4936,.T.);
#5283=ORIENTED_EDGE('',*,*,#5282,.F.);
#5284=ORIENTED_EDGE('',*,*,#4964,.F.);
#5285=ORIENTED_EDGE('',*,*,#4987,.T.);
#5286=ORIENTED_EDGE('',*,*,#5012,.T.);
#5288=ORIENTED_EDGE('',*,*,#5287,.F.);
#5289=ORIENTED_EDGE('',*,*,#5040,.F.);
#5290=ORIENTED_EDGE('',*,*,#5063,.T.);
#5291=ORIENTED_EDGE('',*,*,#5088,.T.);
#5293=ORIENTED_EDGE('',*,*,#5292,.F.);
#5294=EDGE_LOOP('',(#5255,#5256,#5257,#5259,#5260,#5261,#5262,#5264,#5266,#5268,
#5269,#5270,#5271,#5273,#5274,#5275,#5276,#5278,#5279,#5280,#5281,#5283,#5284,
#5285,#5286,#5288,#5289,#5290,#5291,#5293));
#5295=FACE_OUTER_BOUND('',#5294,.F.);
#5297=CARTESIAN_POINT('',(-2.4375E0,-1.75E-1,-6.295759468453E0));
#5298=DIRECTION('',(-1.E0,0.E0,0.E0));
#5299=DIRECTION('',(0.E0,0.E0,-1.E0));
#5300=AXIS2_PLACEMENT_3D('',#5297,#5298,#5299);
#5301=CYLINDRICAL_SURFACE('',#5300,1.E-1);
#5302=ORIENTED_EDGE('',*,*,#5258,.T.);
#5303=ORIENTED_EDGE('',*,*,#5162,.F.);
#5305=ORIENTED_EDGE('',*,*,#5304,.T.);
#5306=ORIENTED_EDGE('',*,*,#5194,.F.);
#5307=EDGE_LOOP('',(#5302,#5303,#5305,#5306));
#5308=FACE_OUTER_BOUND('',#5307,.F.);
#5310=CARTESIAN_POINT('',(-2.6975E0,-1.E0,-6.395759468453E0));
#5311=DIRECTION('',(0.E0,0.E0,1.E0));
#5312=DIRECTION('',(-1.E0,0.E0,0.E0));
#5313=AXIS2_PLACEMENT_3D('',#5310,#5311,#5312);
#5314=PLANE('',#5313);
#5315=ORIENTED_EDGE('',*,*,#5160,.F.);
#5317=ORIENTED_EDGE('',*,*,#5316,.T.);
#5318=ORIENTED_EDGE('',*,*,#5196,.F.);
#5319=ORIENTED_EDGE('',*,*,#5304,.F.);
#5320=EDGE_LOOP('',(#5315,#5317,#5318,#5319));
#5321=FACE_OUTER_BOUND('',#5320,.F.);
#5323=CARTESIAN_POINT('',(-2.6975E0,-1.67E0,-6.470759468453E0));
#5324=DIRECTION('',(0.E0,-1.E0,0.E0));
#5325=DIRECTION('',(0.E0,0.E0,-1.E0));
#5326=AXIS2_PLACEMENT_3D('',#5323,#5324,#5325);
#5327=PLANE('',#5326);
#5328=ORIENTED_EDGE('',*,*,#5158,.F.);
#5330=ORIENTED_EDGE('',*,*,#5329,.T.);
#5331=ORIENTED_EDGE('',*,*,#5198,.F.);
#5332=ORIENTED_EDGE('',*,*,#5316,.F.);
#5333=EDGE_LOOP('',(#5328,#5330,#5331,#5332));
#5334=FACE_OUTER_BOUND('',#5333,.F.);
#5336=CARTESIAN_POINT('',(-2.6975E0,-1.E0,-6.545759468453E0));
#5337=DIRECTION('',(0.E0,0.E0,1.E0));
#5338=DIRECTION('',(1.E0,0.E0,0.E0));
#5339=AXIS2_PLACEMENT_3D('',#5336,#5337,#5338);
#5340=PLANE('',#5339);
#5341=ORIENTED_EDGE('',*,*,#5156,.F.);
#5343=ORIENTED_EDGE('',*,*,#5342,.F.);
#5344=ORIENTED_EDGE('',*,*,#5200,.F.);
#5345=ORIENTED_EDGE('',*,*,#5329,.F.);
#5346=EDGE_LOOP('',(#5341,#5343,#5344,#5345));
#5347=FACE_OUTER_BOUND('',#5346,.F.);
#5349=CARTESIAN_POINT('',(-2.4375E0,-1.75E-1,-6.295759468453E0));
#5350=DIRECTION('',(-1.E0,0.E0,0.E0));
#5351=DIRECTION('',(0.E0,0.E0,-1.E0));
#5352=AXIS2_PLACEMENT_3D('',#5349,#5350,#5351);
#5353=CYLINDRICAL_SURFACE('',#5352,2.5E-1);
#5354=ORIENTED_EDGE('',*,*,#5154,.F.);
#5355=ORIENTED_EDGE('',*,*,#5178,.T.);
#5356=ORIENTED_EDGE('',*,*,#5202,.F.);
#5357=ORIENTED_EDGE('',*,*,#5342,.T.);
#5358=EDGE_LOOP('',(#5354,#5355,#5356,#5357));
#5359=FACE_OUTER_BOUND('',#5358,.F.);
#5361=CARTESIAN_POINT('',(-3.345E0,-1.425E0,-6.21E0));
#5362=DIRECTION('',(-1.E0,0.E0,0.E0));
#5363=DIRECTION('',(0.E0,0.E0,1.E0));
#5364=AXIS2_PLACEMENT_3D('',#5361,#5362,#5363);
#5365=PLANE('',#5364);
#5366=ORIENTED_EDGE('',*,*,#5263,.T.);
#5367=ORIENTED_EDGE('',*,*,#3656,.F.);
#5369=ORIENTED_EDGE('',*,*,#5368,.T.);
#5371=ORIENTED_EDGE('',*,*,#5370,.T.);
#5372=EDGE_LOOP('',(#5366,#5367,#5369,#5371));
#5373=FACE_OUTER_BOUND('',#5372,.F.);
#5375=CARTESIAN_POINT('',(-2.5475E0,-1.425E0,-6.12E0));
#5376=DIRECTION('',(0.E0,0.E0,1.E0));
#5377=DIRECTION('',(1.E0,0.E0,0.E0));
#5378=AXIS2_PLACEMENT_3D('',#5375,#5376,#5377);
#5379=PLANE('',#5378);
#5381=ORIENTED_EDGE('',*,*,#5380,.F.);
#5382=ORIENTED_EDGE('',*,*,#5368,.F.);
#5383=ORIENTED_EDGE('',*,*,#3654,.F.);
#5385=ORIENTED_EDGE('',*,*,#5384,.T.);
#5386=EDGE_LOOP('',(#5381,#5382,#5383,#5385));
#5387=FACE_OUTER_BOUND('',#5386,.F.);
#5389=CARTESIAN_POINT('',(0.E0,-1.57E0,-6.025E0));
#5390=DIRECTION('',(0.E0,-1.E0,0.E0));
#5391=DIRECTION('',(0.E0,0.E0,1.E0));
#5392=AXIS2_PLACEMENT_3D('',#5389,#5390,#5391);
#5393=PLANE('',#5392);
#5394=ORIENTED_EDGE('',*,*,#3712,.F.);
#5396=ORIENTED_EDGE('',*,*,#5395,.T.);
#5398=ORIENTED_EDGE('',*,*,#5397,.T.);
#5400=ORIENTED_EDGE('',*,*,#5399,.T.);
#5402=ORIENTED_EDGE('',*,*,#5401,.T.);
#5403=ORIENTED_EDGE('',*,*,#5265,.F.);
#5404=ORIENTED_EDGE('',*,*,#5370,.F.);
#5405=ORIENTED_EDGE('',*,*,#5380,.T.);
#5407=ORIENTED_EDGE('',*,*,#5406,.T.);
#5408=ORIENTED_EDGE('',*,*,#3690,.T.);
#5409=EDGE_LOOP('',(#5394,#5396,#5398,#5400,#5402,#5403,#5404,#5405,#5407,
#5408));
#5410=FACE_OUTER_BOUND('',#5409,.F.);
#5412=CARTESIAN_POINT('',(1.45E0,-1.267147030849E0,-6.05E0));
#5413=DIRECTION('',(0.E0,-1.E0,0.E0));
#5414=DIRECTION('',(0.E0,0.E0,1.E0));
#5415=AXIS2_PLACEMENT_3D('',#5412,#5413,#5414);
#5416=CYLINDRICAL_SURFACE('',#5415,3.E-1);
#5417=ORIENTED_EDGE('',*,*,#3710,.T.);
#5418=ORIENTED_EDGE('',*,*,#3625,.T.);
#5419=ORIENTED_EDGE('',*,*,#3678,.F.);
#5421=ORIENTED_EDGE('',*,*,#5420,.T.);
#5422=ORIENTED_EDGE('',*,*,#5395,.F.);
#5423=EDGE_LOOP('',(#5417,#5418,#5419,#5421,#5422));
#5424=FACE_OUTER_BOUND('',#5423,.F.);
#5426=CARTESIAN_POINT('',(1.75E0,-1.425E0,-6.085E0));
#5427=DIRECTION('',(-1.E0,0.E0,0.E0));
#5428=DIRECTION('',(0.E0,0.E0,1.E0));
#5429=AXIS2_PLACEMENT_3D('',#5426,#5427,#5428);
#5430=PLANE('',#5429);
#5431=ORIENTED_EDGE('',*,*,#5397,.F.);
#5432=ORIENTED_EDGE('',*,*,#5420,.F.);
#5433=ORIENTED_EDGE('',*,*,#3676,.F.);
#5435=ORIENTED_EDGE('',*,*,#5434,.T.);
#5436=EDGE_LOOP('',(#5431,#5432,#5433,#5435));
#5437=FACE_OUTER_BOUND('',#5436,.F.);
#5439=CARTESIAN_POINT('',(2.5475E0,-1.425E0,-6.12E0));
#5440=DIRECTION('',(0.E0,0.E0,1.E0));
#5441=DIRECTION('',(1.E0,0.E0,0.E0));
#5442=AXIS2_PLACEMENT_3D('',#5439,#5440,#5441);
#5443=PLANE('',#5442);
#5444=ORIENTED_EDGE('',*,*,#5399,.F.);
#5445=ORIENTED_EDGE('',*,*,#5434,.F.);
#5446=ORIENTED_EDGE('',*,*,#3674,.F.);
#5448=ORIENTED_EDGE('',*,*,#5447,.T.);
#5449=EDGE_LOOP('',(#5444,#5445,#5446,#5448));
#5450=FACE_OUTER_BOUND('',#5449,.F.);
#5452=CARTESIAN_POINT('',(3.345E0,-1.425E0,-6.21E0));
#5453=DIRECTION('',(-1.E0,0.E0,0.E0));
#5454=DIRECTION('',(0.E0,0.E0,-1.E0));
#5455=AXIS2_PLACEMENT_3D('',#5452,#5453,#5454);
#5456=PLANE('',#5455);
#5457=ORIENTED_EDGE('',*,*,#5267,.F.);
#5458=ORIENTED_EDGE('',*,*,#5401,.F.);
#5459=ORIENTED_EDGE('',*,*,#5447,.F.);
#5460=ORIENTED_EDGE('',*,*,#3672,.F.);
#5461=EDGE_LOOP('',(#5457,#5458,#5459,#5460));
#5462=FACE_OUTER_BOUND('',#5461,.F.);
#5464=CARTESIAN_POINT('',(-1.75E0,-1.425E0,-6.085E0));
#5465=DIRECTION('',(-1.E0,0.E0,0.E0));
#5466=DIRECTION('',(0.E0,0.E0,-1.E0));
#5467=AXIS2_PLACEMENT_3D('',#5464,#5465,#5466);
#5468=PLANE('',#5467);
#5469=ORIENTED_EDGE('',*,*,#3652,.F.);
#5470=ORIENTED_EDGE('',*,*,#3692,.F.);
#5471=ORIENTED_EDGE('',*,*,#5406,.F.);
#5472=ORIENTED_EDGE('',*,*,#5384,.F.);
#5473=EDGE_LOOP('',(#5469,#5470,#5471,#5472));
#5474=FACE_OUTER_BOUND('',#5473,.F.);
#5476=CARTESIAN_POINT('',(2.9625E0,-1.75E-1,-6.295759468453E0));
#5477=DIRECTION('',(-1.E0,0.E0,0.E0));
#5478=DIRECTION('',(0.E0,-1.E0,0.E0));
#5479=AXIS2_PLACEMENT_3D('',#5476,#5477,#5478);
#5480=CYLINDRICAL_SURFACE('',#5479,1.E-1);
#5481=ORIENTED_EDGE('',*,*,#5272,.T.);
#5482=ORIENTED_EDGE('',*,*,#4782,.F.);
#5484=ORIENTED_EDGE('',*,*,#5483,.T.);
#5485=ORIENTED_EDGE('',*,*,#4814,.F.);
#5486=EDGE_LOOP('',(#5481,#5482,#5484,#5485));
#5487=FACE_OUTER_BOUND('',#5486,.F.);
#5489=CARTESIAN_POINT('',(2.7025E0,-1.E0,-6.395759468453E0));
#5490=DIRECTION('',(0.E0,0.E0,1.E0));
#5491=DIRECTION('',(0.E0,-1.E0,0.E0));
#5492=AXIS2_PLACEMENT_3D('',#5489,#5490,#5491);
#5493=PLANE('',#5492);
#5494=ORIENTED_EDGE('',*,*,#4780,.F.);
#5496=ORIENTED_EDGE('',*,*,#5495,.T.);
#5497=ORIENTED_EDGE('',*,*,#4816,.T.);
#5498=ORIENTED_EDGE('',*,*,#5483,.F.);
#5499=EDGE_LOOP('',(#5494,#5496,#5497,#5498));
#5500=FACE_OUTER_BOUND('',#5499,.F.);
#5502=CARTESIAN_POINT('',(2.7025E0,-1.67E0,-6.470759468453E0));
#5503=DIRECTION('',(0.E0,-1.E0,0.E0));
#5504=DIRECTION('',(0.E0,0.E0,-1.E0));
#5505=AXIS2_PLACEMENT_3D('',#5502,#5503,#5504);
#5506=PLANE('',#5505);
#5507=ORIENTED_EDGE('',*,*,#4778,.F.);
#5509=ORIENTED_EDGE('',*,*,#5508,.T.);
#5510=ORIENTED_EDGE('',*,*,#4818,.T.);
#5511=ORIENTED_EDGE('',*,*,#5495,.F.);
#5512=EDGE_LOOP('',(#5507,#5509,#5510,#5511));
#5513=FACE_OUTER_BOUND('',#5512,.F.);
#5515=CARTESIAN_POINT('',(2.7025E0,-1.E0,-6.545759468453E0));
#5516=DIRECTION('',(0.E0,0.E0,1.E0));
#5517=DIRECTION('',(0.E0,1.E0,0.E0));
#5518=AXIS2_PLACEMENT_3D('',#5515,#5516,#5517);
#5519=PLANE('',#5518);
#5520=ORIENTED_EDGE('',*,*,#4776,.F.);
#5522=ORIENTED_EDGE('',*,*,#5521,.F.);
#5523=ORIENTED_EDGE('',*,*,#4820,.T.);
#5524=ORIENTED_EDGE('',*,*,#5508,.F.);
#5525=EDGE_LOOP('',(#5520,#5522,#5523,#5524));
#5526=FACE_OUTER_BOUND('',#5525,.F.);
#5528=CARTESIAN_POINT('',(2.4425E0,-1.75E-1,-6.295759468453E0));
#5529=DIRECTION('',(1.E0,0.E0,0.E0));
#5530=DIRECTION('',(0.E0,1.E0,0.E0));
#5531=AXIS2_PLACEMENT_3D('',#5528,#5529,#5530);
#5532=CYLINDRICAL_SURFACE('',#5531,2.5E-1);
#5533=ORIENTED_EDGE('',*,*,#4774,.F.);
#5534=ORIENTED_EDGE('',*,*,#4798,.T.);
#5535=ORIENTED_EDGE('',*,*,#4822,.F.);
#5536=ORIENTED_EDGE('',*,*,#5521,.T.);
#5537=EDGE_LOOP('',(#5533,#5534,#5535,#5536));
#5538=FACE_OUTER_BOUND('',#5537,.F.);
#5540=CARTESIAN_POINT('',(1.762506521612E0,-1.75E-1,-6.295759468453E0));
#5541=DIRECTION('',(-1.E0,0.E0,0.E0));
#5542=DIRECTION('',(0.E0,-1.E0,0.E0));
#5543=AXIS2_PLACEMENT_3D('',#5540,#5541,#5542);
#5544=CYLINDRICAL_SURFACE('',#5543,1.E-1);
#5545=ORIENTED_EDGE('',*,*,#5277,.T.);
#5546=ORIENTED_EDGE('',*,*,#4858,.F.);
#5548=ORIENTED_EDGE('',*,*,#5547,.T.);
#5549=ORIENTED_EDGE('',*,*,#4890,.F.);
#5550=EDGE_LOOP('',(#5545,#5546,#5548,#5549));
#5551=FACE_OUTER_BOUND('',#5550,.F.);
#5553=CARTESIAN_POINT('',(1.502336959695E0,-1.E0,-6.395759468453E0));
#5554=DIRECTION('',(0.E0,0.E0,1.E0));
#5555=DIRECTION('',(0.E0,-1.E0,0.E0));
#5556=AXIS2_PLACEMENT_3D('',#5553,#5554,#5555);
#5557=PLANE('',#5556);
#5558=ORIENTED_EDGE('',*,*,#4856,.F.);
#5560=ORIENTED_EDGE('',*,*,#5559,.T.);
#5561=ORIENTED_EDGE('',*,*,#4892,.F.);
#5562=ORIENTED_EDGE('',*,*,#5547,.F.);
#5563=EDGE_LOOP('',(#5558,#5560,#5561,#5562));
#5564=FACE_OUTER_BOUND('',#5563,.F.);
#5566=CARTESIAN_POINT('',(1.502336959695E0,-1.67E0,-6.470759468453E0));
#5567=DIRECTION('',(0.E0,-1.E0,0.E0));
#5568=DIRECTION('',(0.E0,0.E0,-1.E0));
#5569=AXIS2_PLACEMENT_3D('',#5566,#5567,#5568);
#5570=PLANE('',#5569);
#5571=ORIENTED_EDGE('',*,*,#4854,.F.);
#5573=ORIENTED_EDGE('',*,*,#5572,.T.);
#5574=ORIENTED_EDGE('',*,*,#4894,.F.);
#5575=ORIENTED_EDGE('',*,*,#5559,.F.);
#5576=EDGE_LOOP('',(#5571,#5573,#5574,#5575));
#5577=FACE_OUTER_BOUND('',#5576,.F.);
#5579=CARTESIAN_POINT('',(1.502336959695E0,-1.E0,-6.545759468453E0));
#5580=DIRECTION('',(0.E0,0.E0,1.E0));
#5581=DIRECTION('',(0.E0,1.E0,0.E0));
#5582=AXIS2_PLACEMENT_3D('',#5579,#5580,#5581);
#5583=PLANE('',#5582);
#5584=ORIENTED_EDGE('',*,*,#4852,.F.);
#5586=ORIENTED_EDGE('',*,*,#5585,.F.);
#5587=ORIENTED_EDGE('',*,*,#4896,.F.);
#5588=ORIENTED_EDGE('',*,*,#5572,.F.);
#5589=EDGE_LOOP('',(#5584,#5586,#5587,#5588));
#5590=FACE_OUTER_BOUND('',#5589,.F.);
#5592=CARTESIAN_POINT('',(1.762506521612E0,-1.75E-1,-6.295759468453E0));
#5593=DIRECTION('',(-1.E0,0.E0,0.E0));
#5594=DIRECTION('',(0.E0,-1.E0,0.E0));
#5595=AXIS2_PLACEMENT_3D('',#5592,#5593,#5594);
#5596=CYLINDRICAL_SURFACE('',#5595,2.5E-1);
#5597=ORIENTED_EDGE('',*,*,#4850,.F.);
#5598=ORIENTED_EDGE('',*,*,#4874,.T.);
#5599=ORIENTED_EDGE('',*,*,#4898,.F.);
#5600=ORIENTED_EDGE('',*,*,#5585,.T.);
#5601=EDGE_LOOP('',(#5597,#5598,#5599,#5600));
#5602=FACE_OUTER_BOUND('',#5601,.F.);
#5604=CARTESIAN_POINT('',(7.656980177930E-1,-1.75E-1,-6.295759468453E0));
#5605=DIRECTION('',(-1.E0,0.E0,0.E0));
#5606=DIRECTION('',(0.E0,0.E0,-1.E0));
#5607=AXIS2_PLACEMENT_3D('',#5604,#5605,#5606);
#5608=CYLINDRICAL_SURFACE('',#5607,1.E-1);
#5609=ORIENTED_EDGE('',*,*,#5282,.T.);
#5610=ORIENTED_EDGE('',*,*,#4934,.F.);
#5612=ORIENTED_EDGE('',*,*,#5611,.T.);
#5613=ORIENTED_EDGE('',*,*,#4966,.F.);
#5614=EDGE_LOOP('',(#5609,#5610,#5612,#5613));
#5615=FACE_OUTER_BOUND('',#5614,.F.);
#5617=CARTESIAN_POINT('',(5.040676557809E-1,-1.E0,-6.395759468453E0));
#5618=DIRECTION('',(0.E0,0.E0,1.E0));
#5619=DIRECTION('',(-1.E0,0.E0,0.E0));
#5620=AXIS2_PLACEMENT_3D('',#5617,#5618,#5619);
#5621=PLANE('',#5620);
#5623=ORIENTED_EDGE('',*,*,#5622,.T.);
#5624=ORIENTED_EDGE('',*,*,#4968,.F.);
#5625=ORIENTED_EDGE('',*,*,#5611,.F.);
#5626=ORIENTED_EDGE('',*,*,#4932,.F.);
#5627=EDGE_LOOP('',(#5623,#5624,#5625,#5626));
#5628=FACE_OUTER_BOUND('',#5627,.F.);
#5630=CARTESIAN_POINT('',(5.040676557809E-1,-1.67E0,-6.470759468453E0));
#5631=DIRECTION('',(0.E0,-1.E0,0.E0));
#5632=DIRECTION('',(0.E0,0.E0,-1.E0));
#5633=AXIS2_PLACEMENT_3D('',#5630,#5631,#5632);
#5634=PLANE('',#5633);
#5636=ORIENTED_EDGE('',*,*,#5635,.T.);
#5637=ORIENTED_EDGE('',*,*,#4970,.F.);
#5638=ORIENTED_EDGE('',*,*,#5622,.F.);
#5639=ORIENTED_EDGE('',*,*,#4930,.F.);
#5640=EDGE_LOOP('',(#5636,#5637,#5638,#5639));
#5641=FACE_OUTER_BOUND('',#5640,.F.);
#5643=CARTESIAN_POINT('',(5.040676557809E-1,-1.E0,-6.545759468453E0));
#5644=DIRECTION('',(0.E0,0.E0,1.E0));
#5645=DIRECTION('',(1.E0,0.E0,0.E0));
#5646=AXIS2_PLACEMENT_3D('',#5643,#5644,#5645);
#5647=PLANE('',#5646);
#5649=ORIENTED_EDGE('',*,*,#5648,.F.);
#5650=ORIENTED_EDGE('',*,*,#4972,.F.);
#5651=ORIENTED_EDGE('',*,*,#5635,.F.);
#5652=ORIENTED_EDGE('',*,*,#4928,.F.);
#5653=EDGE_LOOP('',(#5649,#5650,#5651,#5652));
#5654=FACE_OUTER_BOUND('',#5653,.F.);
#5656=CARTESIAN_POINT('',(7.656980177930E-1,-1.75E-1,-6.295759468453E0));
#5657=DIRECTION('',(-1.E0,0.E0,0.E0));
#5658=DIRECTION('',(0.E0,0.E0,-1.E0));
#5659=AXIS2_PLACEMENT_3D('',#5656,#5657,#5658);
#5660=CYLINDRICAL_SURFACE('',#5659,2.5E-1);
#5661=ORIENTED_EDGE('',*,*,#4950,.T.);
#5662=ORIENTED_EDGE('',*,*,#4974,.F.);
#5663=ORIENTED_EDGE('',*,*,#5648,.T.);
#5664=ORIENTED_EDGE('',*,*,#4926,.F.);
#5665=EDGE_LOOP('',(#5661,#5662,#5663,#5664));
#5666=FACE_OUTER_BOUND('',#5665,.F.);
#5668=CARTESIAN_POINT('',(-2.374372937688E-1,-1.75E-1,-6.295759468453E0));
#5669=DIRECTION('',(-1.E0,0.E0,0.E0));
#5670=DIRECTION('',(0.E0,0.E0,-1.E0));
#5671=AXIS2_PLACEMENT_3D('',#5668,#5669,#5670);
#5672=CYLINDRICAL_SURFACE('',#5671,1.E-1);
#5673=ORIENTED_EDGE('',*,*,#5287,.T.);
#5674=ORIENTED_EDGE('',*,*,#5010,.F.);
#5676=ORIENTED_EDGE('',*,*,#5675,.T.);
#5677=ORIENTED_EDGE('',*,*,#5042,.F.);
#5678=EDGE_LOOP('',(#5673,#5674,#5676,#5677));
#5679=FACE_OUTER_BOUND('',#5678,.F.);
#5681=CARTESIAN_POINT('',(-4.990676557809E-1,-1.E0,-6.395759468453E0));
#5682=DIRECTION('',(0.E0,0.E0,1.E0));
#5683=DIRECTION('',(-1.E0,0.E0,0.E0));
#5684=AXIS2_PLACEMENT_3D('',#5681,#5682,#5683);
#5685=PLANE('',#5684);
#5686=ORIENTED_EDGE('',*,*,#5008,.F.);
#5688=ORIENTED_EDGE('',*,*,#5687,.F.);
#5689=ORIENTED_EDGE('',*,*,#5044,.F.);
#5690=ORIENTED_EDGE('',*,*,#5675,.F.);
#5691=EDGE_LOOP('',(#5686,#5688,#5689,#5690));
#5692=FACE_OUTER_BOUND('',#5691,.F.);
#5694=CARTESIAN_POINT('',(-4.990676557809E-1,-1.67E0,-6.470759468453E0));
#5695=DIRECTION('',(0.E0,-1.E0,0.E0));
#5696=DIRECTION('',(0.E0,0.E0,-1.E0));
#5697=AXIS2_PLACEMENT_3D('',#5694,#5695,#5696);
#5698=PLANE('',#5697);
#5699=ORIENTED_EDGE('',*,*,#5006,.F.);
#5701=ORIENTED_EDGE('',*,*,#5700,.F.);
#5702=ORIENTED_EDGE('',*,*,#5046,.F.);
#5703=ORIENTED_EDGE('',*,*,#5687,.T.);
#5704=EDGE_LOOP('',(#5699,#5701,#5702,#5703));
#5705=FACE_OUTER_BOUND('',#5704,.F.);
#5707=CARTESIAN_POINT('',(-4.990676557809E-1,-1.E0,-6.545759468453E0));
#5708=DIRECTION('',(0.E0,0.E0,1.E0));
#5709=DIRECTION('',(1.E0,0.E0,0.E0));
#5710=AXIS2_PLACEMENT_3D('',#5707,#5708,#5709);
#5711=PLANE('',#5710);
#5712=ORIENTED_EDGE('',*,*,#5004,.F.);
#5714=ORIENTED_EDGE('',*,*,#5713,.F.);
#5715=ORIENTED_EDGE('',*,*,#5048,.F.);
#5716=ORIENTED_EDGE('',*,*,#5700,.T.);
#5717=EDGE_LOOP('',(#5712,#5714,#5715,#5716));
#5718=FACE_OUTER_BOUND('',#5717,.F.);
#5720=CARTESIAN_POINT('',(-2.374372937688E-1,-1.75E-1,-6.295759468453E0));
#5721=DIRECTION('',(-1.E0,0.E0,0.E0));
#5722=DIRECTION('',(0.E0,0.E0,-1.E0));
#5723=AXIS2_PLACEMENT_3D('',#5720,#5721,#5722);
#5724=CYLINDRICAL_SURFACE('',#5723,2.5E-1);
#5725=ORIENTED_EDGE('',*,*,#5002,.F.);
#5726=ORIENTED_EDGE('',*,*,#5026,.T.);
#5727=ORIENTED_EDGE('',*,*,#5050,.F.);
#5728=ORIENTED_EDGE('',*,*,#5713,.T.);
#5729=EDGE_LOOP('',(#5725,#5726,#5727,#5728));
#5730=FACE_OUTER_BOUND('',#5729,.F.);
#5732=CARTESIAN_POINT('',(-1.237167397778E0,-1.75E-1,-6.295759468453E0));
#5733=DIRECTION('',(-1.E0,0.E0,0.E0));
#5734=DIRECTION('',(0.E0,0.E0,-1.E0));
#5735=AXIS2_PLACEMENT_3D('',#5732,#5733,#5734);
#5736=CYLINDRICAL_SURFACE('',#5735,1.E-1);
#5737=ORIENTED_EDGE('',*,*,#5292,.T.);
#5738=ORIENTED_EDGE('',*,*,#5086,.F.);
#5740=ORIENTED_EDGE('',*,*,#5739,.T.);
#5741=ORIENTED_EDGE('',*,*,#5118,.F.);
#5742=EDGE_LOOP('',(#5737,#5738,#5740,#5741));
#5743=FACE_OUTER_BOUND('',#5742,.F.);
#5745=CARTESIAN_POINT('',(-1.497336959695E0,-1.E0,-6.395759468453E0));
#5746=DIRECTION('',(0.E0,0.E0,1.E0));
#5747=DIRECTION('',(-1.E0,0.E0,0.E0));
#5748=AXIS2_PLACEMENT_3D('',#5745,#5746,#5747);
#5749=PLANE('',#5748);
#5750=ORIENTED_EDGE('',*,*,#5084,.F.);
#5752=ORIENTED_EDGE('',*,*,#5751,.F.);
#5753=ORIENTED_EDGE('',*,*,#5120,.F.);
#5754=ORIENTED_EDGE('',*,*,#5739,.F.);
#5755=EDGE_LOOP('',(#5750,#5752,#5753,#5754));
#5756=FACE_OUTER_BOUND('',#5755,.F.);
#5758=CARTESIAN_POINT('',(-1.497336959695E0,-1.67E0,-6.470759468453E0));
#5759=DIRECTION('',(0.E0,-1.E0,0.E0));
#5760=DIRECTION('',(0.E0,0.E0,-1.E0));
#5761=AXIS2_PLACEMENT_3D('',#5758,#5759,#5760);
#5762=PLANE('',#5761);
#5763=ORIENTED_EDGE('',*,*,#5082,.F.);
#5765=ORIENTED_EDGE('',*,*,#5764,.F.);
#5766=ORIENTED_EDGE('',*,*,#5122,.F.);
#5767=ORIENTED_EDGE('',*,*,#5751,.T.);
#5768=EDGE_LOOP('',(#5763,#5765,#5766,#5767));
#5769=FACE_OUTER_BOUND('',#5768,.F.);
#5771=CARTESIAN_POINT('',(-1.497336959695E0,-1.E0,-6.545759468453E0));
#5772=DIRECTION('',(0.E0,0.E0,1.E0));
#5773=DIRECTION('',(1.E0,0.E0,0.E0));
#5774=AXIS2_PLACEMENT_3D('',#5771,#5772,#5773);
#5775=PLANE('',#5774);
#5776=ORIENTED_EDGE('',*,*,#5080,.F.);
#5778=ORIENTED_EDGE('',*,*,#5777,.F.);
#5779=ORIENTED_EDGE('',*,*,#5124,.F.);
#5780=ORIENTED_EDGE('',*,*,#5764,.T.);
#5781=EDGE_LOOP('',(#5776,#5778,#5779,#5780));
#5782=FACE_OUTER_BOUND('',#5781,.F.);
#5784=CARTESIAN_POINT('',(-1.237167397778E0,-1.75E-1,-6.295759468453E0));
#5785=DIRECTION('',(-1.E0,0.E0,0.E0));
#5786=DIRECTION('',(0.E0,0.E0,-1.E0));
#5787=AXIS2_PLACEMENT_3D('',#5784,#5785,#5786);
#5788=CYLINDRICAL_SURFACE('',#5787,2.5E-1);
#5789=ORIENTED_EDGE('',*,*,#5078,.F.);
#5790=ORIENTED_EDGE('',*,*,#5102,.T.);
#5791=ORIENTED_EDGE('',*,*,#5126,.F.);
#5792=ORIENTED_EDGE('',*,*,#5777,.T.);
#5793=EDGE_LOOP('',(#5789,#5790,#5791,#5792));
#5794=FACE_OUTER_BOUND('',#5793,.F.);
#5796=CARTESIAN_POINT('',(1.149768595875E0,1.264010644891E0,-6.35E0));
#5797=DIRECTION('',(0.E0,1.E0,0.E0));
#5798=DIRECTION('',(0.E0,0.E0,1.E0));
#5799=AXIS2_PLACEMENT_3D('',#5796,#5797,#5798);
#5800=CYLINDRICAL_SURFACE('',#5799,1.5E-1);
#5801=ORIENTED_EDGE('',*,*,#4715,.F.);
#5802=ORIENTED_EDGE('',*,*,#4455,.T.);
#5803=ORIENTED_EDGE('',*,*,#4553,.F.);
#5805=ORIENTED_EDGE('',*,*,#5804,.T.);
#5806=EDGE_LOOP('',(#5801,#5802,#5803,#5805));
#5807=FACE_OUTER_BOUND('',#5806,.F.);
#5809=CARTESIAN_POINT('',(9.997685958749E-1,1.428555501302E0,-6.3E0));
#5810=DIRECTION('',(-1.E0,0.E0,0.E0));
#5811=DIRECTION('',(0.E0,0.E0,1.E0));
#5812=AXIS2_PLACEMENT_3D('',#5809,#5810,#5811);
#5813=PLANE('',#5812);
#5814=ORIENTED_EDGE('',*,*,#4551,.F.);
#5815=ORIENTED_EDGE('',*,*,#4701,.F.);
#5816=ORIENTED_EDGE('',*,*,#4717,.F.);
#5817=ORIENTED_EDGE('',*,*,#5804,.F.);
#5818=EDGE_LOOP('',(#5814,#5815,#5816,#5817));
#5819=FACE_OUTER_BOUND('',#5818,.F.);
#5821=CARTESIAN_POINT('',(-1.150231404125E0,1.264010644891E0,-6.35E0));
#5822=DIRECTION('',(0.E0,1.E0,0.E0));
#5823=DIRECTION('',(0.E0,0.E0,1.E0));
#5824=AXIS2_PLACEMENT_3D('',#5821,#5822,#5823);
#5825=CYLINDRICAL_SURFACE('',#5824,1.5E-1);
#5826=ORIENTED_EDGE('',*,*,#4607,.F.);
#5827=ORIENTED_EDGE('',*,*,#4593,.T.);
#5828=ORIENTED_EDGE('',*,*,#4560,.F.);
#5829=ORIENTED_EDGE('',*,*,#3895,.T.);
#5830=EDGE_LOOP('',(#5826,#5827,#5828,#5829));
#5831=FACE_OUTER_BOUND('',#5830,.F.);
#5833=CARTESIAN_POINT('',(3.169768595875E0,-2.814444986981E-1,1.13E-1));
#5834=DIRECTION('',(0.E0,0.E0,-1.E0));
#5835=DIRECTION('',(-1.E0,0.E0,0.E0));
#5836=AXIS2_PLACEMENT_3D('',#5833,#5834,#5835);
#5837=CYLINDRICAL_SURFACE('',#5836,1.3E0);
#5838=ORIENTED_EDGE('',*,*,#3804,.F.);
#5839=ORIENTED_EDGE('',*,*,#3738,.T.);
#5840=ORIENTED_EDGE('',*,*,#4504,.F.);
#5841=ORIENTED_EDGE('',*,*,#4404,.T.);
#5842=ORIENTED_EDGE('',*,*,#3852,.F.);
#5843=EDGE_LOOP('',(#5838,#5839,#5840,#5841,#5842));
#5844=FACE_OUTER_BOUND('',#5843,.F.);
#5846=CARTESIAN_POINT('',(1.422104300108E0,-1.356444680256E0,
-9.999975792300E-2));
#5847=DIRECTION('',(0.E0,-8.000000000009E-1,-5.999999999989E-1));
#5848=DIRECTION('',(0.E0,-5.999999999989E-1,8.000000000009E-1));
#5849=AXIS2_PLACEMENT_3D('',#5846,#5847,#5848);
#5850=PLANE('',#5849);
#5851=ORIENTED_EDGE('',*,*,#4508,.T.);
#5853=ORIENTED_EDGE('',*,*,#5852,.T.);
#5854=ORIENTED_EDGE('',*,*,#4210,.T.);
#5856=ORIENTED_EDGE('',*,*,#5855,.T.);
#5857=EDGE_LOOP('',(#5851,#5853,#5854,#5856));
#5858=FACE_OUTER_BOUND('',#5857,.F.);
#5860=CARTESIAN_POINT('',(-3.170231404125E0,-2.814444986981E-1,
-9.999945923400E-2));
#5861=DIRECTION('',(0.E0,0.E0,1.E0));
#5862=DIRECTION('',(1.E0,0.E0,0.E0));
#5863=AXIS2_PLACEMENT_3D('',#5860,#5861,#5862);
#5864=CONICAL_SURFACE('',#5863,1.075000617473E0,3.686990306022E1);
#5866=ORIENTED_EDGE('',*,*,#5865,.T.);
#5867=ORIENTED_EDGE('',*,*,#5852,.F.);
#5868=ORIENTED_EDGE('',*,*,#4522,.F.);
#5870=ORIENTED_EDGE('',*,*,#5869,.F.);
#5871=EDGE_LOOP('',(#5866,#5867,#5868,#5870));
#5872=FACE_OUTER_BOUND('',#5871,.F.);
#5874=CARTESIAN_POINT('',(-3.170231404125E0,-2.814444986981E-1,
-5.555000036755E0));
#5875=DIRECTION('',(0.E0,0.E0,1.E0));
#5876=DIRECTION('',(1.E0,0.E0,0.E0));
#5877=AXIS2_PLACEMENT_3D('',#5874,#5875,#5876);
#5878=CYLINDRICAL_SURFACE('',#5877,1.E0);
#5879=ORIENTED_EDGE('',*,*,#4153,.T.);
#5880=ORIENTED_EDGE('',*,*,#4212,.F.);
#5881=ORIENTED_EDGE('',*,*,#5865,.F.);
#5882=ORIENTED_EDGE('',*,*,#4019,.F.);
#5883=EDGE_LOOP('',(#5879,#5880,#5881,#5882));
#5884=FACE_OUTER_BOUND('',#5883,.F.);
#5886=CARTESIAN_POINT('',(-4.245231606928E0,-1.443060220800E-3,
-9.999972959600E-2));
#5887=DIRECTION('',(-7.999999999991E-1,0.E0,-6.000000000011E-1));
#5888=DIRECTION('',(6.000000000011E-1,0.E0,-7.999999999991E-1));
#5889=AXIS2_PLACEMENT_3D('',#5886,#5887,#5888);
#5890=PLANE('',#5889);
#5892=ORIENTED_EDGE('',*,*,#5891,.T.);
#5893=ORIENTED_EDGE('',*,*,#4021,.F.);
#5894=ORIENTED_EDGE('',*,*,#5869,.T.);
#5895=ORIENTED_EDGE('',*,*,#4520,.F.);
#5896=EDGE_LOOP('',(#5892,#5893,#5894,#5895));
#5897=FACE_OUTER_BOUND('',#5896,.F.);
#5899=CARTESIAN_POINT('',(-3.170231404125E0,2.785555013019E-1,
-9.999956616600E-2));
#5900=DIRECTION('',(0.E0,0.E0,1.E0));
#5901=DIRECTION('',(1.E0,0.E0,0.E0));
#5902=AXIS2_PLACEMENT_3D('',#5899,#5900,#5901);
#5903=CONICAL_SURFACE('',#5902,1.075000537303E0,3.686990307305E1);
#5904=ORIENTED_EDGE('',*,*,#4125,.T.);
#5905=ORIENTED_EDGE('',*,*,#5891,.F.);
#5906=ORIENTED_EDGE('',*,*,#4518,.F.);
#5908=ORIENTED_EDGE('',*,*,#5907,.F.);
#5909=EDGE_LOOP('',(#5904,#5905,#5906,#5908));
#5910=FACE_OUTER_BOUND('',#5909,.F.);
#5912=CARTESIAN_POINT('',(-2.316109995014E-4,1.353555772848E0,
-9.999963793800E-2));
#5913=DIRECTION('',(0.E0,-7.999999999991E-1,6.000000000011E-1));
#5914=DIRECTION('',(0.E0,-6.000000000011E-1,-7.999999999991E-1));
#5915=AXIS2_PLACEMENT_3D('',#5912,#5913,#5914);
#5916=PLANE('',#5915);
#5918=ORIENTED_EDGE('',*,*,#5917,.T.);
#5920=ORIENTED_EDGE('',*,*,#5919,.F.);
#5921=ORIENTED_EDGE('',*,*,#5907,.T.);
#5922=ORIENTED_EDGE('',*,*,#4516,.F.);
#5923=EDGE_LOOP('',(#5918,#5920,#5921,#5922));
#5924=FACE_OUTER_BOUND('',#5923,.F.);
#5926=CARTESIAN_POINT('',(3.169768595875E0,2.785555013019E-1,
-9.999956616500E-2));
#5927=DIRECTION('',(0.E0,0.E0,1.E0));
#5928=DIRECTION('',(1.E0,0.E0,0.E0));
#5929=AXIS2_PLACEMENT_3D('',#5926,#5927,#5928);
#5930=CONICAL_SURFACE('',#5929,1.075000537302E0,3.686990307305E1);
#5932=ORIENTED_EDGE('',*,*,#5931,.T.);
#5933=ORIENTED_EDGE('',*,*,#5917,.F.);
#5934=ORIENTED_EDGE('',*,*,#4514,.F.);
#5936=ORIENTED_EDGE('',*,*,#5935,.F.);
#5937=EDGE_LOOP('',(#5932,#5933,#5934,#5936));
#5938=FACE_OUTER_BOUND('',#5937,.F.);
#5940=CARTESIAN_POINT('',(3.169768595875E0,2.785555013019E-1,
-6.666800017353E0));
#5941=DIRECTION('',(0.E0,0.E0,1.E0));
#5942=DIRECTION('',(1.E0,0.E0,0.E0));
#5943=AXIS2_PLACEMENT_3D('',#5940,#5941,#5942);
#5944=CYLINDRICAL_SURFACE('',#5943,1.E0);
#5945=ORIENTED_EDGE('',*,*,#4159,.T.);
#5947=ORIENTED_EDGE('',*,*,#5946,.F.);
#5948=ORIENTED_EDGE('',*,*,#5931,.F.);
#5949=ORIENTED_EDGE('',*,*,#4347,.T.);
#5950=EDGE_LOOP('',(#5945,#5947,#5948,#5949));
#5951=FACE_OUTER_BOUND('',#5950,.F.);
#5953=CARTESIAN_POINT('',(3.169768595875E0,2.785555013019E-1,
-6.666800017353E0));
#5954=DIRECTION('',(0.E0,0.E0,1.E0));
#5955=DIRECTION('',(1.E0,0.E0,0.E0));
#5956=AXIS2_PLACEMENT_3D('',#5953,#5954,#5955);
#5957=CYLINDRICAL_SURFACE('',#5956,1.E0);
#5958=ORIENTED_EDGE('',*,*,#3844,.F.);
#5959=ORIENTED_EDGE('',*,*,#4323,.T.);
#5960=ORIENTED_EDGE('',*,*,#4435,.T.);
#5961=ORIENTED_EDGE('',*,*,#4470,.F.);
#5963=ORIENTED_EDGE('',*,*,#5962,.F.);
#5964=EDGE_LOOP('',(#5958,#5959,#5960,#5961,#5963));
#5965=FACE_OUTER_BOUND('',#5964,.F.);
#5967=CARTESIAN_POINT('',(-2.314023904995E-4,1.278555501302E0,
-3.349999535387E0));
#5968=DIRECTION('',(0.E0,-1.E0,0.E0));
#5969=DIRECTION('',(0.E0,0.E0,-1.E0));
#5970=AXIS2_PLACEMENT_3D('',#5967,#5968,#5969);
#5971=PLANE('',#5970);
#5972=ORIENTED_EDGE('',*,*,#4157,.F.);
#5973=ORIENTED_EDGE('',*,*,#4127,.T.);
#5974=ORIENTED_EDGE('',*,*,#5919,.T.);
#5975=ORIENTED_EDGE('',*,*,#5946,.T.);
#5976=EDGE_LOOP('',(#5972,#5973,#5974,#5975));
#5977=FACE_OUTER_BOUND('',#5976,.F.);
#5979=CARTESIAN_POINT('',(3.18E0,3.05E-1,-6.529E0));
#5980=DIRECTION('',(0.E0,0.E0,1.E0));
#5981=DIRECTION('',(-1.E0,0.E0,0.E0));
#5982=AXIS2_PLACEMENT_3D('',#5979,#5980,#5981);
#5983=CYLINDRICAL_SURFACE('',#5982,9.75E-1);
#5984=ORIENTED_EDGE('',*,*,#3846,.T.);
#5985=ORIENTED_EDGE('',*,*,#5962,.T.);
#5986=ORIENTED_EDGE('',*,*,#4468,.F.);
#5988=ORIENTED_EDGE('',*,*,#5987,.T.);
#5989=EDGE_LOOP('',(#5984,#5985,#5986,#5988));
#5990=FACE_OUTER_BOUND('',#5989,.F.);
#5992=CARTESIAN_POINT('',(4.155E0,-3.625E-1,-5.775E0));
#5993=DIRECTION('',(-1.E0,0.E0,0.E0));
#5994=DIRECTION('',(0.E0,0.E0,-1.E0));
#5995=AXIS2_PLACEMENT_3D('',#5992,#5993,#5994);
#5996=PLANE('',#5995);
#5997=ORIENTED_EDGE('',*,*,#3848,.F.);
#5998=ORIENTED_EDGE('',*,*,#5987,.F.);
#5999=ORIENTED_EDGE('',*,*,#4466,.F.);
#6001=ORIENTED_EDGE('',*,*,#6000,.F.);
#6002=EDGE_LOOP('',(#5997,#5998,#5999,#6001));
#6003=FACE_OUTER_BOUND('',#6002,.F.);
#6005=CARTESIAN_POINT('',(3.905E0,-1.03E0,-6.517E0));
#6006=DIRECTION('',(0.E0,0.E0,1.E0));
#6007=DIRECTION('',(-1.E0,0.E0,0.E0));
#6008=AXIS2_PLACEMENT_3D('',#6005,#6006,#6007);
#6009=CYLINDRICAL_SURFACE('',#6008,2.5E-1);
#6010=ORIENTED_EDGE('',*,*,#3806,.F.);
#6011=ORIENTED_EDGE('',*,*,#3850,.F.);
#6012=ORIENTED_EDGE('',*,*,#6000,.T.);
#6013=ORIENTED_EDGE('',*,*,#4464,.F.);
#6014=ORIENTED_EDGE('',*,*,#3666,.T.);
#6015=EDGE_LOOP('',(#6010,#6011,#6012,#6013,#6014));
#6016=FACE_OUTER_BOUND('',#6015,.F.);
#6018=CARTESIAN_POINT('',(4.244768870388E0,-1.444614082650E-3,
-9.999963398300E-2));
#6019=DIRECTION('',(-8.000000000009E-1,0.E0,5.999999999989E-1));
#6020=DIRECTION('',(5.999999999989E-1,0.E0,8.000000000009E-1));
#6021=AXIS2_PLACEMENT_3D('',#6018,#6019,#6020);
#6022=PLANE('',#6021);
#6024=ORIENTED_EDGE('',*,*,#6023,.T.);
#6025=ORIENTED_EDGE('',*,*,#4349,.F.);
#6026=ORIENTED_EDGE('',*,*,#5935,.T.);
#6027=ORIENTED_EDGE('',*,*,#4512,.F.);
#6028=EDGE_LOOP('',(#6024,#6025,#6026,#6027));
#6029=FACE_OUTER_BOUND('',#6028,.F.);
#6031=CARTESIAN_POINT('',(3.169768595875E0,-2.814444986981E-1,
-9.999956616600E-2));
#6032=DIRECTION('',(0.E0,0.E0,1.E0));
#6033=DIRECTION('',(1.E0,0.E0,0.E0));
#6034=AXIS2_PLACEMENT_3D('',#6031,#6032,#6033);
#6035=CONICAL_SURFACE('',#6034,1.075000537310E0,3.686990307305E1);
#6036=ORIENTED_EDGE('',*,*,#4306,.T.);
#6037=ORIENTED_EDGE('',*,*,#6023,.F.);
#6038=ORIENTED_EDGE('',*,*,#4510,.F.);
#6039=ORIENTED_EDGE('',*,*,#5855,.F.);
#6040=EDGE_LOOP('',(#6036,#6037,#6038,#6039));
#6041=FACE_OUTER_BOUND('',#6040,.F.);
#6043=CARTESIAN_POINT('',(-1.612452322541E1,-4.514444986981E-1,-6.2E0));
#6044=DIRECTION('',(1.E0,0.E0,0.E0));
#6045=DIRECTION('',(0.E0,0.E0,1.E0));
#6046=AXIS2_PLACEMENT_3D('',#6043,#6044,#6045);
#6047=CYLINDRICAL_SURFACE('',#6046,2.E-1);
#6048=ORIENTED_EDGE('',*,*,#4393,.F.);
#6049=ORIENTED_EDGE('',*,*,#4379,.T.);
#6050=ORIENTED_EDGE('',*,*,#4334,.F.);
#6052=ORIENTED_EDGE('',*,*,#6051,.T.);
#6053=EDGE_LOOP('',(#6048,#6049,#6050,#6052));
#6054=FACE_OUTER_BOUND('',#6053,.F.);
#6056=CARTESIAN_POINT('',(4.319768595875E0,-4.164444986981E-1,-6.E0));
#6057=DIRECTION('',(0.E0,0.E0,1.E0));
#6058=DIRECTION('',(1.E0,0.E0,0.E0));
#6059=AXIS2_PLACEMENT_3D('',#6056,#6057,#6058);
#6060=PLANE('',#6059);
#6061=ORIENTED_EDGE('',*,*,#6051,.F.);
#6062=ORIENTED_EDGE('',*,*,#4332,.T.);
#6064=ORIENTED_EDGE('',*,*,#6063,.F.);
#6065=ORIENTED_EDGE('',*,*,#4395,.T.);
#6066=EDGE_LOOP('',(#6061,#6062,#6064,#6065));
#6067=FACE_OUTER_BOUND('',#6066,.F.);
#6069=CARTESIAN_POINT('',(4.484313452285E0,-2.314444986981E-1,-5.85E0));
#6070=DIRECTION('',(-1.E0,0.E0,0.E0));
#6071=DIRECTION('',(0.E0,0.E0,1.E0));
#6072=AXIS2_PLACEMENT_3D('',#6069,#6070,#6071);
#6073=CYLINDRICAL_SURFACE('',#6072,1.5E-1);
#6074=ORIENTED_EDGE('',*,*,#4330,.F.);
#6076=ORIENTED_EDGE('',*,*,#6075,.T.);
#6077=ORIENTED_EDGE('',*,*,#4397,.F.);
#6078=ORIENTED_EDGE('',*,*,#6063,.T.);
#6079=EDGE_LOOP('',(#6074,#6076,#6077,#6078));
#6080=FACE_OUTER_BOUND('',#6079,.F.);
#6082=CARTESIAN_POINT('',(4.319768595875E0,-8.144449869811E-2,-5.825E0));
#6083=DIRECTION('',(0.E0,-1.E0,0.E0));
#6084=DIRECTION('',(0.E0,0.E0,-1.E0));
#6085=AXIS2_PLACEMENT_3D('',#6082,#6083,#6084);
#6086=PLANE('',#6085);
#6087=ORIENTED_EDGE('',*,*,#4328,.F.);
#6089=ORIENTED_EDGE('',*,*,#6088,.F.);
#6090=ORIENTED_EDGE('',*,*,#4399,.F.);
#6091=ORIENTED_EDGE('',*,*,#6075,.F.);
#6092=EDGE_LOOP('',(#6087,#6089,#6090,#6091));
#6093=FACE_OUTER_BOUND('',#6092,.F.);
#6095=CARTESIAN_POINT('',(4.484313452285E0,-2.314444986981E-1,-5.8E0));
#6096=DIRECTION('',(-1.E0,0.E0,0.E0));
#6097=DIRECTION('',(0.E0,0.E0,1.E0));
#6098=AXIS2_PLACEMENT_3D('',#6095,#6096,#6097);
#6099=CYLINDRICAL_SURFACE('',#6098,1.5E-1);
#6100=ORIENTED_EDGE('',*,*,#4326,.F.);
#6101=ORIENTED_EDGE('',*,*,#3840,.T.);
#6102=ORIENTED_EDGE('',*,*,#4401,.F.);
#6103=ORIENTED_EDGE('',*,*,#6088,.T.);
#6104=EDGE_LOOP('',(#6100,#6101,#6102,#6103));
#6105=FACE_OUTER_BOUND('',#6104,.F.);
#6107=CARTESIAN_POINT('',(-3.05E0,-3.E-1,-3.244603359012E0));
#6108=DIRECTION('',(0.E0,0.E0,-1.E0));
#6109=DIRECTION('',(1.E0,0.E0,0.E0));
#6110=AXIS2_PLACEMENT_3D('',#6107,#6108,#6109);
#6111=CYLINDRICAL_SURFACE('',#6110,3.E-1);
#6113=ORIENTED_EDGE('',*,*,#6112,.T.);
#6115=ORIENTED_EDGE('',*,*,#6114,.T.);
#6116=ORIENTED_EDGE('',*,*,#4167,.F.);
#6118=ORIENTED_EDGE('',*,*,#6117,.T.);
#6120=ORIENTED_EDGE('',*,*,#6119,.F.);
#6121=EDGE_LOOP('',(#6113,#6115,#6116,#6118,#6120));
#6122=FACE_OUTER_BOUND('',#6121,.F.);
#6124=CARTESIAN_POINT('',(0.E0,-4.6E-1,-3.26E0));
#6125=DIRECTION('',(0.E0,-7.071067811858E-1,7.071067811873E-1));
#6126=DIRECTION('',(0.E0,7.071067811873E-1,7.071067811858E-1));
#6127=AXIS2_PLACEMENT_3D('',#6124,#6125,#6126);
#6128=PLANE('',#6127);
#6130=ORIENTED_EDGE('',*,*,#6129,.F.);
#6132=ORIENTED_EDGE('',*,*,#6131,.T.);
#6134=ORIENTED_EDGE('',*,*,#6133,.F.);
#6136=ORIENTED_EDGE('',*,*,#6135,.T.);
#6138=ORIENTED_EDGE('',*,*,#6137,.F.);
#6140=ORIENTED_EDGE('',*,*,#6139,.T.);
#6142=ORIENTED_EDGE('',*,*,#6141,.T.);
#6144=ORIENTED_EDGE('',*,*,#6143,.T.);
#6146=ORIENTED_EDGE('',*,*,#6145,.F.);
#6147=ORIENTED_EDGE('',*,*,#6112,.F.);
#6149=ORIENTED_EDGE('',*,*,#6148,.T.);
#6151=ORIENTED_EDGE('',*,*,#6150,.T.);
#6153=ORIENTED_EDGE('',*,*,#6152,.F.);
#6155=ORIENTED_EDGE('',*,*,#6154,.T.);
#6157=ORIENTED_EDGE('',*,*,#6156,.F.);
#6159=ORIENTED_EDGE('',*,*,#6158,.T.);
#6161=ORIENTED_EDGE('',*,*,#6160,.F.);
#6163=ORIENTED_EDGE('',*,*,#6162,.T.);
#6164=EDGE_LOOP('',(#6130,#6132,#6134,#6136,#6138,#6140,#6142,#6144,#6146,#6147,
#6149,#6151,#6153,#6155,#6157,#6159,#6161,#6163));
#6165=FACE_OUTER_BOUND('',#6164,.F.);
#6167=CARTESIAN_POINT('',(-1.1125E0,-1.35E-1,-2.740266951313E0));
#6168=DIRECTION('',(-1.E0,0.E0,0.E0));
#6169=DIRECTION('',(0.E0,0.E0,-1.E0));
#6170=AXIS2_PLACEMENT_3D('',#6167,#6168,#6169);
#6171=PLANE('',#6170);
#6172=ORIENTED_EDGE('',*,*,#6129,.T.);
#6174=ORIENTED_EDGE('',*,*,#6173,.T.);
#6176=ORIENTED_EDGE('',*,*,#6175,.T.);
#6178=ORIENTED_EDGE('',*,*,#6177,.T.);
#6179=EDGE_LOOP('',(#6172,#6174,#6176,#6178));
#6180=FACE_OUTER_BOUND('',#6179,.F.);
#6182=CARTESIAN_POINT('',(-1.259368660456E0,-3.5E-1,-2.325E0));
#6183=DIRECTION('',(0.E0,-1.E0,0.E0));
#6184=DIRECTION('',(0.E0,0.E0,1.E0));
#6185=AXIS2_PLACEMENT_3D('',#6182,#6183,#6184);
#6186=PLANE('',#6185);
#6187=ORIENTED_EDGE('',*,*,#6162,.F.);
#6189=ORIENTED_EDGE('',*,*,#6188,.F.);
#6191=ORIENTED_EDGE('',*,*,#6190,.F.);
#6192=ORIENTED_EDGE('',*,*,#6173,.F.);
#6193=EDGE_LOOP('',(#6187,#6189,#6191,#6192));
#6194=FACE_OUTER_BOUND('',#6193,.F.);
#6196=CARTESIAN_POINT('',(-1.3825E0,-1.35E-1,-1.981612300448E0));
#6197=DIRECTION('',(-1.E0,0.E0,0.E0));
#6198=DIRECTION('',(0.E0,1.E0,0.E0));
#6199=AXIS2_PLACEMENT_3D('',#6196,#6197,#6198);
#6200=PLANE('',#6199);
#6201=ORIENTED_EDGE('',*,*,#6160,.T.);
#6203=ORIENTED_EDGE('',*,*,#6202,.F.);
#6205=ORIENTED_EDGE('',*,*,#6204,.T.);
#6206=ORIENTED_EDGE('',*,*,#6188,.T.);
#6207=EDGE_LOOP('',(#6201,#6203,#6205,#6206));
#6208=FACE_OUTER_BOUND('',#6207,.F.);
#6210=CARTESIAN_POINT('',(0.E0,-3.2E-1,-1.835E0));
#6211=DIRECTION('',(0.E0,-1.E0,0.E0));
#6212=DIRECTION('',(0.E0,0.E0,1.E0));
#6213=AXIS2_PLACEMENT_3D('',#6210,#6211,#6212);
#6214=PLANE('',#6213);
#6215=ORIENTED_EDGE('',*,*,#6177,.F.);
#6217=ORIENTED_EDGE('',*,*,#6216,.F.);
#6218=ORIENTED_EDGE('',*,*,#6202,.T.);
#6219=ORIENTED_EDGE('',*,*,#6158,.F.);
#6221=ORIENTED_EDGE('',*,*,#6220,.F.);
#6223=ORIENTED_EDGE('',*,*,#6222,.F.);
#6225=ORIENTED_EDGE('',*,*,#6224,.T.);
#6226=ORIENTED_EDGE('',*,*,#6150,.F.);
#6228=ORIENTED_EDGE('',*,*,#6227,.T.);
#6230=ORIENTED_EDGE('',*,*,#6229,.T.);
#6232=ORIENTED_EDGE('',*,*,#6231,.T.);
#6234=ORIENTED_EDGE('',*,*,#6233,.T.);
#6236=ORIENTED_EDGE('',*,*,#6235,.T.);
#6238=ORIENTED_EDGE('',*,*,#6237,.T.);
#6240=ORIENTED_EDGE('',*,*,#6239,.T.);
#6242=ORIENTED_EDGE('',*,*,#6241,.T.);
#6244=ORIENTED_EDGE('',*,*,#6243,.T.);
#6246=ORIENTED_EDGE('',*,*,#6245,.T.);
#6248=ORIENTED_EDGE('',*,*,#6247,.T.);
#6249=ORIENTED_EDGE('',*,*,#6139,.F.);
#6251=ORIENTED_EDGE('',*,*,#6250,.F.);
#6253=ORIENTED_EDGE('',*,*,#6252,.F.);
#6255=ORIENTED_EDGE('',*,*,#6254,.T.);
#6256=ORIENTED_EDGE('',*,*,#6131,.F.);
#6257=EDGE_LOOP('',(#6215,#6217,#6218,#6219,#6221,#6223,#6225,#6226,#6228,#6230,
#6232,#6234,#6236,#6238,#6240,#6242,#6244,#6246,#6248,#6249,#6251,#6253,#6255,
#6256));
#6258=FACE_OUTER_BOUND('',#6257,.F.);
#6260=CARTESIAN_POINT('',(-1.104907843949E0,-1.45E-1,-1.119818432049E0));
#6261=DIRECTION('',(-1.E0,0.E0,0.E0));
#6262=DIRECTION('',(0.E0,0.E0,-1.E0));
#6263=AXIS2_PLACEMENT_3D('',#6260,#6261,#6262);
#6264=CYLINDRICAL_SURFACE('',#6263,2.05E-1);
#6265=ORIENTED_EDGE('',*,*,#6216,.T.);
#6266=ORIENTED_EDGE('',*,*,#6175,.F.);
#6267=ORIENTED_EDGE('',*,*,#6190,.T.);
#6268=ORIENTED_EDGE('',*,*,#6204,.F.);
#6269=EDGE_LOOP('',(#6265,#6266,#6267,#6268));
#6270=FACE_OUTER_BOUND('',#6269,.F.);
#6272=CARTESIAN_POINT('',(-2.6125E0,-6.E-2,-2.215377004381E0));
#6273=DIRECTION('',(-1.E0,0.E0,0.E0));
#6274=DIRECTION('',(0.E0,0.E0,-1.E0));
#6275=AXIS2_PLACEMENT_3D('',#6272,#6273,#6274);
#6276=PLANE('',#6275);
#6277=ORIENTED_EDGE('',*,*,#6156,.T.);
#6279=ORIENTED_EDGE('',*,*,#6278,.T.);
#6281=ORIENTED_EDGE('',*,*,#6280,.T.);
#6282=ORIENTED_EDGE('',*,*,#6220,.T.);
#6283=EDGE_LOOP('',(#6277,#6279,#6281,#6282));
#6284=FACE_OUTER_BOUND('',#6283,.F.);
#6286=CARTESIAN_POINT('',(-2.7475E0,-3.5E-1,-2.294669337903E0));
#6287=DIRECTION('',(0.E0,-1.E0,0.E0));
#6288=DIRECTION('',(0.E0,0.E0,1.E0));
#6289=AXIS2_PLACEMENT_3D('',#6286,#6287,#6288);
#6290=PLANE('',#6289);
#6291=ORIENTED_EDGE('',*,*,#6154,.F.);
#6293=ORIENTED_EDGE('',*,*,#6292,.F.);
#6295=ORIENTED_EDGE('',*,*,#6294,.F.);
#6296=ORIENTED_EDGE('',*,*,#6278,.F.);
#6297=EDGE_LOOP('',(#6291,#6293,#6295,#6296));
#6298=FACE_OUTER_BOUND('',#6297,.F.);
#6300=CARTESIAN_POINT('',(-2.8825E0,-6.E-2,-2.245578895446E0));
#6301=DIRECTION('',(-1.E0,0.E0,0.E0));
#6302=DIRECTION('',(0.E0,1.E0,0.E0));
#6303=AXIS2_PLACEMENT_3D('',#6300,#6301,#6302);
#6304=PLANE('',#6303);
#6305=ORIENTED_EDGE('',*,*,#6152,.T.);
#6306=ORIENTED_EDGE('',*,*,#6224,.F.);
#6308=ORIENTED_EDGE('',*,*,#6307,.T.);
#6309=ORIENTED_EDGE('',*,*,#6292,.T.);
#6310=EDGE_LOOP('',(#6305,#6306,#6308,#6309));
#6311=FACE_OUTER_BOUND('',#6310,.F.);
#6313=CARTESIAN_POINT('',(-2.604752221987E0,-1.95E-1,-1.122956744282E0));
#6314=DIRECTION('',(-1.E0,0.E0,0.E0));
#6315=DIRECTION('',(0.E0,0.E0,-1.E0));
#6316=AXIS2_PLACEMENT_3D('',#6313,#6314,#6315);
#6317=CYLINDRICAL_SURFACE('',#6316,1.55E-1);
#6318=ORIENTED_EDGE('',*,*,#6222,.T.);
#6319=ORIENTED_EDGE('',*,*,#6280,.F.);
#6320=ORIENTED_EDGE('',*,*,#6294,.T.);
#6321=ORIENTED_EDGE('',*,*,#6307,.F.);
#6322=EDGE_LOOP('',(#6318,#6319,#6320,#6321));
#6323=FACE_OUTER_BOUND('',#6322,.F.);
#6325=CARTESIAN_POINT('',(-3.095E0,0.E0,-2.339289321881E0));
#6326=DIRECTION('',(-1.E0,0.E0,0.E0));
#6327=DIRECTION('',(0.E0,0.E0,1.E0));
#6328=AXIS2_PLACEMENT_3D('',#6325,#6326,#6327);
#6329=PLANE('',#6328);
#6331=ORIENTED_EDGE('',*,*,#6330,.F.);
#6333=ORIENTED_EDGE('',*,*,#6332,.F.);
#6335=ORIENTED_EDGE('',*,*,#6334,.F.);
#6336=ORIENTED_EDGE('',*,*,#6227,.F.);
#6338=ORIENTED_EDGE('',*,*,#6337,.T.);
#6340=ORIENTED_EDGE('',*,*,#6339,.F.);
#6342=ORIENTED_EDGE('',*,*,#6341,.F.);
#6344=ORIENTED_EDGE('',*,*,#6343,.T.);
#6345=EDGE_LOOP('',(#6331,#6333,#6335,#6336,#6338,#6340,#6342,#6344));
#6346=FACE_OUTER_BOUND('',#6345,.F.);
#6348=CARTESIAN_POINT('',(-3.195E0,-8.085863159001E-2,-1.75E0));
#6349=DIRECTION('',(0.E0,1.E0,0.E0));
#6350=DIRECTION('',(1.E0,0.E0,0.E0));
#6351=AXIS2_PLACEMENT_3D('',#6348,#6349,#6350);
#6352=CYLINDRICAL_SURFACE('',#6351,1.E-1);
#6353=ORIENTED_EDGE('',*,*,#6330,.T.);
#6355=ORIENTED_EDGE('',*,*,#6354,.F.);
#6357=ORIENTED_EDGE('',*,*,#6356,.T.);
#6359=ORIENTED_EDGE('',*,*,#6358,.F.);
#6360=EDGE_LOOP('',(#6353,#6355,#6357,#6359));
#6361=FACE_OUTER_BOUND('',#6360,.F.);
#6363=CARTESIAN_POINT('',(-2.52E0,7.5E-2,-2.896236508286E0));
#6364=DIRECTION('',(0.E0,-1.E0,0.E0));
#6365=DIRECTION('',(1.E0,0.E0,0.E0));
#6366=AXIS2_PLACEMENT_3D('',#6363,#6364,#6365);
#6367=PLANE('',#6366);
#6369=ORIENTED_EDGE('',*,*,#6368,.T.);
#6371=ORIENTED_EDGE('',*,*,#6370,.T.);
#6373=ORIENTED_EDGE('',*,*,#6372,.T.);
#6375=ORIENTED_EDGE('',*,*,#6374,.T.);
#6376=ORIENTED_EDGE('',*,*,#6354,.T.);
#6377=ORIENTED_EDGE('',*,*,#6343,.F.);
#6379=ORIENTED_EDGE('',*,*,#6378,.T.);
#6380=EDGE_LOOP('',(#6369,#6371,#6373,#6375,#6376,#6377,#6379));
#6381=FACE_OUTER_BOUND('',#6380,.F.);
#6383=CARTESIAN_POINT('',(-3.27E0,0.E0,-1.458578643763E0));
#6384=DIRECTION('',(0.E0,0.E0,1.E0));
#6385=DIRECTION('',(1.E0,0.E0,0.E0));
#6386=AXIS2_PLACEMENT_3D('',#6383,#6384,#6385);
#6387=PLANE('',#6386);
#6388=ORIENTED_EDGE('',*,*,#6368,.F.);
#6390=ORIENTED_EDGE('',*,*,#6389,.F.);
#6392=ORIENTED_EDGE('',*,*,#6391,.T.);
#6394=ORIENTED_EDGE('',*,*,#6393,.T.);
#6395=EDGE_LOOP('',(#6388,#6390,#6392,#6394));
#6396=FACE_OUTER_BOUND('',#6395,.F.);
#6398=CARTESIAN_POINT('',(-3.195E0,3.328529691511E-1,-1.558578643763E0));
#6399=DIRECTION('',(0.E0,-1.E0,0.E0));
#6400=DIRECTION('',(0.E0,0.E0,1.E0));
#6401=AXIS2_PLACEMENT_3D('',#6398,#6399,#6400);
#6402=CYLINDRICAL_SURFACE('',#6401,1.E-1);
#6403=ORIENTED_EDGE('',*,*,#6378,.F.);
#6404=ORIENTED_EDGE('',*,*,#6341,.T.);
#6406=ORIENTED_EDGE('',*,*,#6405,.F.);
#6407=ORIENTED_EDGE('',*,*,#6389,.T.);
#6408=EDGE_LOOP('',(#6403,#6404,#6406,#6407));
#6409=FACE_OUTER_BOUND('',#6408,.F.);
#6411=CARTESIAN_POINT('',(0.E0,3.2E-1,-1.835E0));
#6412=DIRECTION('',(0.E0,-1.E0,0.E0));
#6413=DIRECTION('',(0.E0,0.E0,1.E0));
#6414=AXIS2_PLACEMENT_3D('',#6411,#6412,#6413);
#6415=PLANE('',#6414);
#6417=ORIENTED_EDGE('',*,*,#6416,.T.);
#6419=ORIENTED_EDGE('',*,*,#6418,.T.);
#6421=ORIENTED_EDGE('',*,*,#6420,.F.);
#6423=ORIENTED_EDGE('',*,*,#6422,.F.);
#6425=ORIENTED_EDGE('',*,*,#6424,.T.);
#6427=ORIENTED_EDGE('',*,*,#6426,.T.);
#6429=ORIENTED_EDGE('',*,*,#6428,.F.);
#6431=ORIENTED_EDGE('',*,*,#6430,.F.);
#6433=ORIENTED_EDGE('',*,*,#6432,.T.);
#6435=ORIENTED_EDGE('',*,*,#6434,.T.);
#6437=ORIENTED_EDGE('',*,*,#6436,.T.);
#6439=ORIENTED_EDGE('',*,*,#6438,.T.);
#6441=ORIENTED_EDGE('',*,*,#6440,.T.);
#6443=ORIENTED_EDGE('',*,*,#6442,.T.);
#6445=ORIENTED_EDGE('',*,*,#6444,.T.);
#6447=ORIENTED_EDGE('',*,*,#6446,.T.);
#6449=ORIENTED_EDGE('',*,*,#6448,.T.);
#6451=ORIENTED_EDGE('',*,*,#6450,.T.);
#6452=ORIENTED_EDGE('',*,*,#6391,.F.);
#6453=ORIENTED_EDGE('',*,*,#6405,.T.);
#6454=ORIENTED_EDGE('',*,*,#6339,.T.);
#6456=ORIENTED_EDGE('',*,*,#6455,.T.);
#6458=ORIENTED_EDGE('',*,*,#6457,.F.);
#6460=ORIENTED_EDGE('',*,*,#6459,.F.);
#6461=EDGE_LOOP('',(#6417,#6419,#6421,#6423,#6425,#6427,#6429,#6431,#6433,#6435,
#6437,#6439,#6441,#6443,#6445,#6447,#6449,#6451,#6452,#6453,#6454,#6456,#6458,
#6460));
#6462=FACE_OUTER_BOUND('',#6461,.F.);
#6464=CARTESIAN_POINT('',(-6.125E-1,1.35E-1,-2.086392081480E0));
#6465=DIRECTION('',(-1.E0,0.E0,0.E0));
#6466=DIRECTION('',(0.E0,0.E0,-1.E0));
#6467=AXIS2_PLACEMENT_3D('',#6464,#6465,#6466);
#6468=PLANE('',#6467);
#6469=ORIENTED_EDGE('',*,*,#6416,.F.);
#6471=ORIENTED_EDGE('',*,*,#6470,.T.);
#6473=ORIENTED_EDGE('',*,*,#6472,.F.);
#6475=ORIENTED_EDGE('',*,*,#6474,.T.);
#6476=EDGE_LOOP('',(#6469,#6471,#6473,#6475));
#6477=FACE_OUTER_BOUND('',#6476,.F.);
#6479=CARTESIAN_POINT('',(-8.899654036766E-1,9.5E-2,-1.466576914539E0));
#6480=DIRECTION('',(1.E0,0.E0,0.E0));
#6481=DIRECTION('',(0.E0,0.E0,1.E0));
#6482=AXIS2_PLACEMENT_3D('',#6479,#6480,#6481);
#6483=CYLINDRICAL_SURFACE('',#6482,2.55E-1);
#6484=ORIENTED_EDGE('',*,*,#6459,.T.);
#6486=ORIENTED_EDGE('',*,*,#6485,.F.);
#6488=ORIENTED_EDGE('',*,*,#6487,.T.);
#6489=ORIENTED_EDGE('',*,*,#6470,.F.);
#6490=EDGE_LOOP('',(#6484,#6486,#6488,#6489));
#6491=FACE_OUTER_BOUND('',#6490,.F.);
#6493=CARTESIAN_POINT('',(-8.825E-1,1.35E-1,-2.821341327792E0));
#6494=DIRECTION('',(-1.E0,0.E0,0.E0));
#6495=DIRECTION('',(0.E0,0.E0,1.E0));
#6496=AXIS2_PLACEMENT_3D('',#6493,#6494,#6495);
#6497=PLANE('',#6496);
#6498=ORIENTED_EDGE('',*,*,#6457,.T.);
#6500=ORIENTED_EDGE('',*,*,#6499,.T.);
#6502=ORIENTED_EDGE('',*,*,#6501,.F.);
#6503=ORIENTED_EDGE('',*,*,#6485,.T.);
#6504=EDGE_LOOP('',(#6498,#6500,#6502,#6503));
#6505=FACE_OUTER_BOUND('',#6504,.F.);
#6507=CARTESIAN_POINT('',(0.E0,4.6E-1,-3.26E0));
#6508=DIRECTION('',(0.E0,7.071067811858E-1,7.071067811873E-1));
#6509=DIRECTION('',(0.E0,7.071067811873E-1,-7.071067811858E-1));
#6510=AXIS2_PLACEMENT_3D('',#6507,#6508,#6509);
#6511=PLANE('',#6510);
#6513=ORIENTED_EDGE('',*,*,#6512,.T.);
#6514=ORIENTED_EDGE('',*,*,#6499,.F.);
#6515=ORIENTED_EDGE('',*,*,#6455,.F.);
#6517=ORIENTED_EDGE('',*,*,#6516,.F.);
#6519=ORIENTED_EDGE('',*,*,#6518,.T.);
#6521=ORIENTED_EDGE('',*,*,#6520,.T.);
#6523=ORIENTED_EDGE('',*,*,#6522,.F.);
#6525=ORIENTED_EDGE('',*,*,#6524,.F.);
#6526=ORIENTED_EDGE('',*,*,#6434,.F.);
#6528=ORIENTED_EDGE('',*,*,#6527,.F.);
#6530=ORIENTED_EDGE('',*,*,#6529,.F.);
#6532=ORIENTED_EDGE('',*,*,#6531,.F.);
#6533=ORIENTED_EDGE('',*,*,#6426,.F.);
#6535=ORIENTED_EDGE('',*,*,#6534,.F.);
#6537=ORIENTED_EDGE('',*,*,#6536,.T.);
#6539=ORIENTED_EDGE('',*,*,#6538,.F.);
#6540=ORIENTED_EDGE('',*,*,#6418,.F.);
#6541=ORIENTED_EDGE('',*,*,#6474,.F.);
#6542=EDGE_LOOP('',(#6513,#6514,#6515,#6517,#6519,#6521,#6523,#6525,#6526,#6528,
#6530,#6532,#6533,#6535,#6537,#6539,#6540,#6541));
#6543=FACE_OUTER_BOUND('',#6542,.F.);
#6545=CARTESIAN_POINT('',(-7.414880321088E-1,3.5E-1,-2.486721549791E0));
#6546=DIRECTION('',(0.E0,-1.E0,0.E0));
#6547=DIRECTION('',(1.E0,0.E0,0.E0));
#6548=AXIS2_PLACEMENT_3D('',#6545,#6546,#6547);
#6549=PLANE('',#6548);
#6550=ORIENTED_EDGE('',*,*,#6512,.F.);
#6551=ORIENTED_EDGE('',*,*,#6472,.T.);
#6552=ORIENTED_EDGE('',*,*,#6487,.F.);
#6553=ORIENTED_EDGE('',*,*,#6501,.T.);
#6554=EDGE_LOOP('',(#6550,#6551,#6552,#6553));
#6555=FACE_OUTER_BOUND('',#6554,.F.);
#6557=CARTESIAN_POINT('',(-3.2225E0,0.E0,-3.220563380282E0));
#6558=DIRECTION('',(-6.192856662777E-1,0.E0,7.851657554574E-1));
#6559=DIRECTION('',(-7.851657554574E-1,0.E0,-6.192856662777E-1));
#6560=AXIS2_PLACEMENT_3D('',#6557,#6558,#6559);
#6561=PLANE('',#6560);
#6562=ORIENTED_EDGE('',*,*,#6119,.T.);
#6564=ORIENTED_EDGE('',*,*,#6563,.T.);
#6566=ORIENTED_EDGE('',*,*,#6565,.T.);
#6567=ORIENTED_EDGE('',*,*,#6516,.T.);
#6568=ORIENTED_EDGE('',*,*,#6337,.F.);
#6569=ORIENTED_EDGE('',*,*,#6148,.F.);
#6570=EDGE_LOOP('',(#6562,#6564,#6566,#6567,#6568,#6569));
#6571=FACE_OUTER_BOUND('',#6570,.F.);
#6573=CARTESIAN_POINT('',(-3.35E0,0.E0,-4.085563380281E0));
#6574=DIRECTION('',(-1.E0,0.E0,0.E0));
#6575=DIRECTION('',(0.E0,0.E0,-1.E0));
#6576=AXIS2_PLACEMENT_3D('',#6573,#6574,#6575);
#6577=PLANE('',#6576);
#6578=ORIENTED_EDGE('',*,*,#6117,.F.);
#6579=ORIENTED_EDGE('',*,*,#4181,.F.);
#6581=ORIENTED_EDGE('',*,*,#6580,.F.);
#6582=ORIENTED_EDGE('',*,*,#6563,.F.);
#6583=EDGE_LOOP('',(#6578,#6579,#6581,#6582));
#6584=FACE_OUTER_BOUND('',#6583,.F.);
#6586=CARTESIAN_POINT('',(-3.05E0,3.E-1,-3.244603359012E0));
#6587=DIRECTION('',(0.E0,0.E0,-1.E0));
#6588=DIRECTION('',(1.E0,0.E0,0.E0));
#6589=AXIS2_PLACEMENT_3D('',#6586,#6587,#6588);
#6590=CYLINDRICAL_SURFACE('',#6589,3.E-1);
#6591=ORIENTED_EDGE('',*,*,#6580,.T.);
#6592=ORIENTED_EDGE('',*,*,#4179,.F.);
#6594=ORIENTED_EDGE('',*,*,#6593,.T.);
#6595=ORIENTED_EDGE('',*,*,#6518,.F.);
#6596=ORIENTED_EDGE('',*,*,#6565,.F.);
#6597=EDGE_LOOP('',(#6591,#6592,#6594,#6595,#6596));
#6598=FACE_OUTER_BOUND('',#6597,.F.);
#6600=CARTESIAN_POINT('',(0.E0,6.E-1,-4.125E0));
#6601=DIRECTION('',(0.E0,-1.E0,0.E0));
#6602=DIRECTION('',(0.E0,0.E0,1.E0));
#6603=AXIS2_PLACEMENT_3D('',#6600,#6601,#6602);
#6604=PLANE('',#6603);
#6606=ORIENTED_EDGE('',*,*,#6605,.F.);
#6607=ORIENTED_EDGE('',*,*,#6520,.F.);
#6608=ORIENTED_EDGE('',*,*,#6593,.F.);
#6609=ORIENTED_EDGE('',*,*,#4177,.F.);
#6610=EDGE_LOOP('',(#6606,#6607,#6608,#6609));
#6611=FACE_OUTER_BOUND('',#6610,.F.);
#6613=CARTESIAN_POINT('',(3.05E0,3.E-1,-3.244603359012E0));
#6614=DIRECTION('',(0.E0,0.E0,-1.E0));
#6615=DIRECTION('',(1.E0,0.E0,0.E0));
#6616=AXIS2_PLACEMENT_3D('',#6613,#6614,#6615);
#6617=CYLINDRICAL_SURFACE('',#6616,3.E-1);
#6618=ORIENTED_EDGE('',*,*,#6522,.T.);
#6619=ORIENTED_EDGE('',*,*,#6605,.T.);
#6620=ORIENTED_EDGE('',*,*,#4175,.F.);
#6622=ORIENTED_EDGE('',*,*,#6621,.T.);
#6624=ORIENTED_EDGE('',*,*,#6623,.F.);
#6625=EDGE_LOOP('',(#6618,#6619,#6620,#6622,#6624));
#6626=FACE_OUTER_BOUND('',#6625,.F.);
#6628=CARTESIAN_POINT('',(3.35E0,0.E0,-4.085563380281E0));
#6629=DIRECTION('',(-1.E0,0.E0,0.E0));
#6630=DIRECTION('',(0.E0,0.E0,-1.E0));
#6631=AXIS2_PLACEMENT_3D('',#6628,#6629,#6630);
#6632=PLANE('',#6631);
#6634=ORIENTED_EDGE('',*,*,#6633,.F.);
#6636=ORIENTED_EDGE('',*,*,#6635,.T.);
#6637=ORIENTED_EDGE('',*,*,#6621,.F.);
#6638=ORIENTED_EDGE('',*,*,#4173,.F.);
#6639=EDGE_LOOP('',(#6634,#6636,#6637,#6638));
#6640=FACE_OUTER_BOUND('',#6639,.F.);
#6642=CARTESIAN_POINT('',(3.05E0,-3.E-1,-3.244603359012E0));
#6643=DIRECTION('',(0.E0,0.E0,-1.E0));
#6644=DIRECTION('',(1.E0,0.E0,0.E0));
#6645=AXIS2_PLACEMENT_3D('',#6642,#6643,#6644);
#6646=CYLINDRICAL_SURFACE('',#6645,3.E-1);
#6647=ORIENTED_EDGE('',*,*,#6633,.T.);
#6648=ORIENTED_EDGE('',*,*,#4171,.F.);
#6650=ORIENTED_EDGE('',*,*,#6649,.T.);
#6651=ORIENTED_EDGE('',*,*,#6143,.F.);
#6653=ORIENTED_EDGE('',*,*,#6652,.T.);
#6654=EDGE_LOOP('',(#6647,#6648,#6650,#6651,#6653));
#6655=FACE_OUTER_BOUND('',#6654,.F.);
#6657=CARTESIAN_POINT('',(0.E0,-6.E-1,-4.125E0));
#6658=DIRECTION('',(0.E0,-1.E0,0.E0));
#6659=DIRECTION('',(0.E0,0.E0,1.E0));
#6660=AXIS2_PLACEMENT_3D('',#6657,#6658,#6659);
#6661=PLANE('',#6660);
#6662=ORIENTED_EDGE('',*,*,#6145,.T.);
#6663=ORIENTED_EDGE('',*,*,#6649,.F.);
#6664=ORIENTED_EDGE('',*,*,#4169,.T.);
#6665=ORIENTED_EDGE('',*,*,#6114,.F.);
#6666=EDGE_LOOP('',(#6662,#6663,#6664,#6665));
#6667=FACE_OUTER_BOUND('',#6666,.F.);
#6669=CARTESIAN_POINT('',(3.2225E0,0.E0,-3.220563380282E0));
#6670=DIRECTION('',(6.192856662777E-1,0.E0,7.851657554574E-1));
#6671=DIRECTION('',(-7.851657554574E-1,0.E0,6.192856662777E-1));
#6672=AXIS2_PLACEMENT_3D('',#6669,#6670,#6671);
#6673=PLANE('',#6672);
#6674=ORIENTED_EDGE('',*,*,#6141,.F.);
#6676=ORIENTED_EDGE('',*,*,#6675,.T.);
#6677=ORIENTED_EDGE('',*,*,#6524,.T.);
#6678=ORIENTED_EDGE('',*,*,#6623,.T.);
#6679=ORIENTED_EDGE('',*,*,#6635,.F.);
#6680=ORIENTED_EDGE('',*,*,#6652,.F.);
#6681=EDGE_LOOP('',(#6674,#6676,#6677,#6678,#6679,#6680));
#6682=FACE_OUTER_BOUND('',#6681,.F.);
#6684=CARTESIAN_POINT('',(3.095E0,0.E0,-2.339289321881E0));
#6685=DIRECTION('',(-1.E0,0.E0,0.E0));
#6686=DIRECTION('',(0.E0,0.E0,-1.E0));
#6687=AXIS2_PLACEMENT_3D('',#6684,#6685,#6686);
#6688=PLANE('',#6687);
#6690=ORIENTED_EDGE('',*,*,#6689,.T.);
#6692=ORIENTED_EDGE('',*,*,#6691,.F.);
#6693=ORIENTED_EDGE('',*,*,#6436,.F.);
#6694=ORIENTED_EDGE('',*,*,#6675,.F.);
#6695=ORIENTED_EDGE('',*,*,#6247,.F.);
#6697=ORIENTED_EDGE('',*,*,#6696,.F.);
#6699=ORIENTED_EDGE('',*,*,#6698,.F.);
#6701=ORIENTED_EDGE('',*,*,#6700,.F.);
#6702=EDGE_LOOP('',(#6690,#6692,#6693,#6694,#6695,#6697,#6699,#6701));
#6703=FACE_OUTER_BOUND('',#6702,.F.);
#6705=CARTESIAN_POINT('',(2.57E0,7.500000000001E-2,-2.896236508286E0));
#6706=DIRECTION('',(0.E0,-1.E0,0.E0));
#6707=DIRECTION('',(-1.E0,0.E0,0.E0));
#6708=AXIS2_PLACEMENT_3D('',#6705,#6706,#6707);
#6709=PLANE('',#6708);
#6710=ORIENTED_EDGE('',*,*,#6689,.F.);
#6712=ORIENTED_EDGE('',*,*,#6711,.T.);
#6714=ORIENTED_EDGE('',*,*,#6713,.T.);
#6716=ORIENTED_EDGE('',*,*,#6715,.T.);
#6718=ORIENTED_EDGE('',*,*,#6717,.T.);
#6720=ORIENTED_EDGE('',*,*,#6719,.T.);
#6722=ORIENTED_EDGE('',*,*,#6721,.T.);
#6723=EDGE_LOOP('',(#6710,#6712,#6714,#6716,#6718,#6720,#6722));
#6724=FACE_OUTER_BOUND('',#6723,.F.);
#6726=CARTESIAN_POINT('',(3.195E0,8.081917211530E-2,-1.75E0));
#6727=DIRECTION('',(0.E0,-1.E0,0.E0));
#6728=DIRECTION('',(-1.E0,0.E0,0.E0));
#6729=AXIS2_PLACEMENT_3D('',#6726,#6727,#6728);
#6730=CYLINDRICAL_SURFACE('',#6729,1.E-1);
#6731=ORIENTED_EDGE('',*,*,#6700,.T.);
#6733=ORIENTED_EDGE('',*,*,#6732,.F.);
#6735=ORIENTED_EDGE('',*,*,#6734,.T.);
#6736=ORIENTED_EDGE('',*,*,#6711,.F.);
#6737=EDGE_LOOP('',(#6731,#6733,#6735,#6736));
#6738=FACE_OUTER_BOUND('',#6737,.F.);
#6740=CARTESIAN_POINT('',(2.57E0,-7.5E-2,-2.896236508286E0));
#6741=DIRECTION('',(0.E0,-1.E0,0.E0));
#6742=DIRECTION('',(-1.E0,0.E0,0.E0));
#6743=AXIS2_PLACEMENT_3D('',#6740,#6741,#6742);
#6744=PLANE('',#6743);
#6745=ORIENTED_EDGE('',*,*,#6698,.T.);
#6747=ORIENTED_EDGE('',*,*,#6746,.T.);
#6749=ORIENTED_EDGE('',*,*,#6748,.F.);
#6751=ORIENTED_EDGE('',*,*,#6750,.T.);
#6753=ORIENTED_EDGE('',*,*,#6752,.T.);
#6755=ORIENTED_EDGE('',*,*,#6754,.T.);
#6756=ORIENTED_EDGE('',*,*,#6732,.T.);
#6757=EDGE_LOOP('',(#6745,#6747,#6749,#6751,#6753,#6755,#6756));
#6758=FACE_OUTER_BOUND('',#6757,.F.);
#6760=CARTESIAN_POINT('',(3.195E0,3.328529691511E-1,-1.558578643763E0));
#6761=DIRECTION('',(0.E0,-1.E0,0.E0));
#6762=DIRECTION('',(0.E0,0.E0,1.E0));
#6763=AXIS2_PLACEMENT_3D('',#6760,#6761,#6762);
#6764=CYLINDRICAL_SURFACE('',#6763,1.E-1);
#6765=ORIENTED_EDGE('',*,*,#6746,.F.);
#6766=ORIENTED_EDGE('',*,*,#6696,.T.);
#6767=ORIENTED_EDGE('',*,*,#6245,.F.);
#6769=ORIENTED_EDGE('',*,*,#6768,.T.);
#6770=EDGE_LOOP('',(#6765,#6766,#6767,#6769));
#6771=FACE_OUTER_BOUND('',#6770,.F.);
#6773=CARTESIAN_POINT('',(3.27E0,0.E0,-1.458578643763E0));
#6774=DIRECTION('',(0.E0,0.E0,1.E0));
#6775=DIRECTION('',(1.E0,0.E0,0.E0));
#6776=AXIS2_PLACEMENT_3D('',#6773,#6774,#6775);
#6777=PLANE('',#6776);
#6778=ORIENTED_EDGE('',*,*,#6748,.T.);
#6779=ORIENTED_EDGE('',*,*,#6768,.F.);
#6780=ORIENTED_EDGE('',*,*,#6243,.F.);
#6782=ORIENTED_EDGE('',*,*,#6781,.T.);
#6783=EDGE_LOOP('',(#6778,#6779,#6780,#6782));
#6784=FACE_OUTER_BOUND('',#6783,.F.);
#6786=CARTESIAN_POINT('',(3.345E0,0.E0,-1.200538704808E0));
#6787=DIRECTION('',(-1.E0,0.E0,0.E0));
#6788=DIRECTION('',(0.E0,0.E0,1.E0));
#6789=AXIS2_PLACEMENT_3D('',#6786,#6787,#6788);
#6790=PLANE('',#6789);
#6792=ORIENTED_EDGE('',*,*,#6791,.F.);
#6793=ORIENTED_EDGE('',*,*,#6717,.F.);
#6795=ORIENTED_EDGE('',*,*,#6794,.F.);
#6796=ORIENTED_EDGE('',*,*,#6750,.F.);
#6797=ORIENTED_EDGE('',*,*,#6781,.F.);
#6798=ORIENTED_EDGE('',*,*,#6241,.F.);
#6800=ORIENTED_EDGE('',*,*,#6799,.T.);
#6801=ORIENTED_EDGE('',*,*,#6442,.F.);
#6802=EDGE_LOOP('',(#6792,#6793,#6795,#6796,#6797,#6798,#6800,#6801));
#6803=FACE_OUTER_BOUND('',#6802,.F.);
#6805=CARTESIAN_POINT('',(3.27E0,0.E0,-1.458578643763E0));
#6806=DIRECTION('',(0.E0,0.E0,1.E0));
#6807=DIRECTION('',(1.E0,0.E0,0.E0));
#6808=AXIS2_PLACEMENT_3D('',#6805,#6806,#6807);
#6809=PLANE('',#6808);
#6810=ORIENTED_EDGE('',*,*,#6719,.F.);
#6811=ORIENTED_EDGE('',*,*,#6791,.T.);
#6812=ORIENTED_EDGE('',*,*,#6440,.F.);
#6814=ORIENTED_EDGE('',*,*,#6813,.F.);
#6815=EDGE_LOOP('',(#6810,#6811,#6812,#6814));
#6816=FACE_OUTER_BOUND('',#6815,.F.);
#6818=CARTESIAN_POINT('',(3.195E0,3.328529691511E-1,-1.558578643763E0));
#6819=DIRECTION('',(0.E0,-1.E0,0.E0));
#6820=DIRECTION('',(0.E0,0.E0,1.E0));
#6821=AXIS2_PLACEMENT_3D('',#6818,#6819,#6820);
#6822=CYLINDRICAL_SURFACE('',#6821,1.E-1);
#6823=ORIENTED_EDGE('',*,*,#6721,.F.);
#6824=ORIENTED_EDGE('',*,*,#6813,.T.);
#6825=ORIENTED_EDGE('',*,*,#6438,.F.);
#6826=ORIENTED_EDGE('',*,*,#6691,.T.);
#6827=EDGE_LOOP('',(#6823,#6824,#6825,#6826));
#6828=FACE_OUTER_BOUND('',#6827,.F.);
#6830=CARTESIAN_POINT('',(3.265E0,8.081917211530E-2,-1.57E0));
#6831=DIRECTION('',(0.E0,-1.E0,0.E0));
#6832=DIRECTION('',(-1.E0,0.E0,0.E0));
#6833=AXIS2_PLACEMENT_3D('',#6830,#6831,#6832);
#6834=CYLINDRICAL_SURFACE('',#6833,8.E-2);
#6835=ORIENTED_EDGE('',*,*,#6715,.F.);
#6837=ORIENTED_EDGE('',*,*,#6836,.T.);
#6838=ORIENTED_EDGE('',*,*,#6752,.F.);
#6839=ORIENTED_EDGE('',*,*,#6794,.T.);
#6840=EDGE_LOOP('',(#6835,#6837,#6838,#6839));
#6841=FACE_OUTER_BOUND('',#6840,.F.);
#6843=CARTESIAN_POINT('',(3.23E0,0.E0,-1.65E0));
#6844=DIRECTION('',(0.E0,0.E0,1.E0));
#6845=DIRECTION('',(0.E0,1.E0,0.E0));
#6846=AXIS2_PLACEMENT_3D('',#6843,#6844,#6845);
#6847=PLANE('',#6846);
#6848=ORIENTED_EDGE('',*,*,#6713,.F.);
#6849=ORIENTED_EDGE('',*,*,#6734,.F.);
#6850=ORIENTED_EDGE('',*,*,#6754,.F.);
#6851=ORIENTED_EDGE('',*,*,#6836,.F.);
#6852=EDGE_LOOP('',(#6848,#6849,#6850,#6851));
#6853=FACE_OUTER_BOUND('',#6852,.F.);
#6855=CARTESIAN_POINT('',(3.233590576303E0,0.E0,-6.712493829260E-1));
#6856=DIRECTION('',(-9.250157110482E-1,0.E0,-3.799288542792E-1));
#6857=DIRECTION('',(-3.799288542792E-1,0.E0,9.250157110482E-1));
#6858=AXIS2_PLACEMENT_3D('',#6855,#6856,#6857);
#6859=PLANE('',#6858);
#6861=ORIENTED_EDGE('',*,*,#6860,.T.);
#6863=ORIENTED_EDGE('',*,*,#6862,.T.);
#6865=ORIENTED_EDGE('',*,*,#6864,.T.);
#6866=ORIENTED_EDGE('',*,*,#6444,.F.);
#6867=ORIENTED_EDGE('',*,*,#6799,.F.);
#6868=ORIENTED_EDGE('',*,*,#6239,.F.);
#6869=EDGE_LOOP('',(#6861,#6863,#6865,#6866,#6867,#6868));
#6870=FACE_OUTER_BOUND('',#6869,.F.);
#6872=CARTESIAN_POINT('',(0.E0,-2.45E-1,-4.75E-1));
#6873=DIRECTION('',(0.E0,-7.071067811861E-1,7.071067811870E-1));
#6874=DIRECTION('',(0.E0,7.071067811870E-1,7.071067811861E-1));
#6875=AXIS2_PLACEMENT_3D('',#6872,#6873,#6874);
#6876=PLANE('',#6875);
#6878=ORIENTED_EDGE('',*,*,#6877,.T.);
#6879=ORIENTED_EDGE('',*,*,#6860,.F.);
#6880=ORIENTED_EDGE('',*,*,#6237,.F.);
#6882=ORIENTED_EDGE('',*,*,#6881,.T.);
#6883=EDGE_LOOP('',(#6878,#6879,#6880,#6882));
#6884=FACE_OUTER_BOUND('',#6883,.F.);
#6886=CARTESIAN_POINT('',(0.E0,0.E0,-4.E-1));
#6887=DIRECTION('',(0.E0,0.E0,1.E0));
#6888=DIRECTION('',(1.E0,0.E0,0.E0));
#6889=AXIS2_PLACEMENT_3D('',#6886,#6887,#6888);
#6890=PLANE('',#6889);
#6892=ORIENTED_EDGE('',*,*,#6891,.T.);
#6894=ORIENTED_EDGE('',*,*,#6893,.T.);
#6895=ORIENTED_EDGE('',*,*,#6862,.F.);
#6896=ORIENTED_EDGE('',*,*,#6877,.F.);
#6897=EDGE_LOOP('',(#6892,#6894,#6895,#6896));
#6898=FACE_OUTER_BOUND('',#6897,.F.);
#6900=CARTESIAN_POINT('',(-3.233590576303E0,0.E0,-6.712493829260E-1));
#6901=DIRECTION('',(-9.250157110482E-1,0.E0,3.799288542792E-1));
#6902=DIRECTION('',(-3.799288542792E-1,0.E0,-9.250157110482E-1));
#6903=AXIS2_PLACEMENT_3D('',#6900,#6901,#6902);
#6904=PLANE('',#6903);
#6905=ORIENTED_EDGE('',*,*,#6881,.F.);
#6906=ORIENTED_EDGE('',*,*,#6235,.F.);
#6908=ORIENTED_EDGE('',*,*,#6907,.T.);
#6909=ORIENTED_EDGE('',*,*,#6448,.F.);
#6911=ORIENTED_EDGE('',*,*,#6910,.T.);
#6912=ORIENTED_EDGE('',*,*,#6891,.F.);
#6913=EDGE_LOOP('',(#6905,#6906,#6908,#6909,#6911,#6912));
#6914=FACE_OUTER_BOUND('',#6913,.F.);
#6916=CARTESIAN_POINT('',(-3.345E0,0.E0,-1.200538704808E0));
#6917=DIRECTION('',(-1.E0,0.E0,0.E0));
#6918=DIRECTION('',(0.E0,0.E0,-1.E0));
#6919=AXIS2_PLACEMENT_3D('',#6916,#6917,#6918);
#6920=PLANE('',#6919);
#6922=ORIENTED_EDGE('',*,*,#6921,.F.);
#6924=ORIENTED_EDGE('',*,*,#6923,.F.);
#6926=ORIENTED_EDGE('',*,*,#6925,.F.);
#6927=ORIENTED_EDGE('',*,*,#6370,.F.);
#6928=ORIENTED_EDGE('',*,*,#6393,.F.);
#6929=ORIENTED_EDGE('',*,*,#6450,.F.);
#6930=ORIENTED_EDGE('',*,*,#6907,.F.);
#6931=ORIENTED_EDGE('',*,*,#6233,.F.);
#6932=EDGE_LOOP('',(#6922,#6924,#6926,#6927,#6928,#6929,#6930,#6931));
#6933=FACE_OUTER_BOUND('',#6932,.F.);
#6935=CARTESIAN_POINT('',(-3.27E0,0.E0,-1.458578643763E0));
#6936=DIRECTION('',(0.E0,0.E0,1.E0));
#6937=DIRECTION('',(1.E0,0.E0,0.E0));
#6938=AXIS2_PLACEMENT_3D('',#6935,#6936,#6937);
#6939=PLANE('',#6938);
#6941=ORIENTED_EDGE('',*,*,#6940,.T.);
#6942=ORIENTED_EDGE('',*,*,#6921,.T.);
#6943=ORIENTED_EDGE('',*,*,#6231,.F.);
#6945=ORIENTED_EDGE('',*,*,#6944,.F.);
#6946=EDGE_LOOP('',(#6941,#6942,#6943,#6945));
#6947=FACE_OUTER_BOUND('',#6946,.F.);
#6949=CARTESIAN_POINT('',(-2.52E0,-7.5E-2,-2.896236508286E0));
#6950=DIRECTION('',(0.E0,-1.E0,0.E0));
#6951=DIRECTION('',(1.E0,0.E0,0.E0));
#6952=AXIS2_PLACEMENT_3D('',#6949,#6950,#6951);
#6953=PLANE('',#6952);
#6954=ORIENTED_EDGE('',*,*,#6940,.F.);
#6956=ORIENTED_EDGE('',*,*,#6955,.T.);
#6957=ORIENTED_EDGE('',*,*,#6332,.T.);
#6958=ORIENTED_EDGE('',*,*,#6358,.T.);
#6960=ORIENTED_EDGE('',*,*,#6959,.T.);
#6962=ORIENTED_EDGE('',*,*,#6961,.T.);
#6963=ORIENTED_EDGE('',*,*,#6923,.T.);
#6964=EDGE_LOOP('',(#6954,#6956,#6957,#6958,#6960,#6962,#6963));
#6965=FACE_OUTER_BOUND('',#6964,.F.);
#6967=CARTESIAN_POINT('',(-3.195E0,3.328529691511E-1,-1.558578643763E0));
#6968=DIRECTION('',(0.E0,-1.E0,0.E0));
#6969=DIRECTION('',(0.E0,0.E0,1.E0));
#6970=AXIS2_PLACEMENT_3D('',#6967,#6968,#6969);
#6971=CYLINDRICAL_SURFACE('',#6970,1.E-1);
#6972=ORIENTED_EDGE('',*,*,#6955,.F.);
#6973=ORIENTED_EDGE('',*,*,#6944,.T.);
#6974=ORIENTED_EDGE('',*,*,#6229,.F.);
#6975=ORIENTED_EDGE('',*,*,#6334,.T.);
#6976=EDGE_LOOP('',(#6972,#6973,#6974,#6975));
#6977=FACE_OUTER_BOUND('',#6976,.F.);
#6979=CARTESIAN_POINT('',(-3.23E0,0.E0,-1.65E0));
#6980=DIRECTION('',(0.E0,0.E0,1.E0));
#6981=DIRECTION('',(0.E0,-1.E0,0.E0));
#6982=AXIS2_PLACEMENT_3D('',#6979,#6980,#6981);
#6983=PLANE('',#6982);
#6984=ORIENTED_EDGE('',*,*,#6959,.F.);
#6985=ORIENTED_EDGE('',*,*,#6356,.F.);
#6986=ORIENTED_EDGE('',*,*,#6374,.F.);
#6988=ORIENTED_EDGE('',*,*,#6987,.F.);
#6989=EDGE_LOOP('',(#6984,#6985,#6986,#6988));
#6990=FACE_OUTER_BOUND('',#6989,.F.);
#6992=CARTESIAN_POINT('',(-3.265E0,-8.085863159001E-2,-1.57E0));
#6993=DIRECTION('',(0.E0,1.E0,0.E0));
#6994=DIRECTION('',(1.E0,0.E0,0.E0));
#6995=AXIS2_PLACEMENT_3D('',#6992,#6993,#6994);
#6996=CYLINDRICAL_SURFACE('',#6995,8.E-2);
#6997=ORIENTED_EDGE('',*,*,#6961,.F.);
#6998=ORIENTED_EDGE('',*,*,#6987,.T.);
#6999=ORIENTED_EDGE('',*,*,#6372,.F.);
#7000=ORIENTED_EDGE('',*,*,#6925,.T.);
#7001=EDGE_LOOP('',(#6997,#6998,#6999,#7000));
#7002=FACE_OUTER_BOUND('',#7001,.F.);
#7004=CARTESIAN_POINT('',(0.E0,2.45E-1,-4.75E-1));
#7005=DIRECTION('',(0.E0,7.071067811861E-1,7.071067811870E-1));
#7006=DIRECTION('',(0.E0,7.071067811870E-1,-7.071067811861E-1));
#7007=AXIS2_PLACEMENT_3D('',#7004,#7005,#7006);
#7008=PLANE('',#7007);
#7009=ORIENTED_EDGE('',*,*,#6446,.F.);
#7010=ORIENTED_EDGE('',*,*,#6864,.F.);
#7011=ORIENTED_EDGE('',*,*,#6893,.F.);
#7012=ORIENTED_EDGE('',*,*,#6910,.F.);
#7013=EDGE_LOOP('',(#7009,#7010,#7011,#7012));
#7014=FACE_OUTER_BOUND('',#7013,.F.);
#7016=CARTESIAN_POINT('',(2.8825E0,2.1E-1,-2.006383955393E0));
#7017=DIRECTION('',(-1.E0,0.E0,0.E0));
#7018=DIRECTION('',(0.E0,-1.E0,0.E0));
#7019=AXIS2_PLACEMENT_3D('',#7016,#7017,#7018);
#7020=PLANE('',#7019);
#7021=ORIENTED_EDGE('',*,*,#6432,.F.);
#7023=ORIENTED_EDGE('',*,*,#7022,.T.);
#7025=ORIENTED_EDGE('',*,*,#7024,.T.);
#7026=ORIENTED_EDGE('',*,*,#6527,.T.);
#7027=EDGE_LOOP('',(#7021,#7023,#7025,#7026));
#7028=FACE_OUTER_BOUND('',#7027,.F.);
#7030=CARTESIAN_POINT('',(2.890208071882E0,9.5E-2,-1.136764353898E0));
#7031=DIRECTION('',(-1.E0,0.E0,0.E0));
#7032=DIRECTION('',(0.E0,-1.E0,0.E0));
#7033=AXIS2_PLACEMENT_3D('',#7030,#7031,#7032);
#7034=CYLINDRICAL_SURFACE('',#7033,2.55E-1);
#7035=ORIENTED_EDGE('',*,*,#6430,.T.);
#7037=ORIENTED_EDGE('',*,*,#7036,.F.);
#7039=ORIENTED_EDGE('',*,*,#7038,.T.);
#7040=ORIENTED_EDGE('',*,*,#7022,.F.);
#7041=EDGE_LOOP('',(#7035,#7037,#7039,#7040));
#7042=FACE_OUTER_BOUND('',#7041,.F.);
#7044=CARTESIAN_POINT('',(2.6125E0,2.1E-1,-2.171994827432E0));
#7045=DIRECTION('',(-1.E0,0.E0,0.E0));
#7046=DIRECTION('',(0.E0,0.E0,1.E0));
#7047=AXIS2_PLACEMENT_3D('',#7044,#7045,#7046);
#7048=PLANE('',#7047);
#7049=ORIENTED_EDGE('',*,*,#6428,.T.);
#7050=ORIENTED_EDGE('',*,*,#6531,.T.);
#7052=ORIENTED_EDGE('',*,*,#7051,.T.);
#7053=ORIENTED_EDGE('',*,*,#7036,.T.);
#7054=EDGE_LOOP('',(#7049,#7050,#7052,#7053));
#7055=FACE_OUTER_BOUND('',#7054,.F.);
#7057=CARTESIAN_POINT('',(2.751402523566E0,3.5E-1,-2.308759181331E0));
#7058=DIRECTION('',(0.E0,-1.E0,0.E0));
#7059=DIRECTION('',(-1.E0,0.E0,0.E0));
#7060=AXIS2_PLACEMENT_3D('',#7057,#7058,#7059);
#7061=PLANE('',#7060);
#7062=ORIENTED_EDGE('',*,*,#6529,.T.);
#7063=ORIENTED_EDGE('',*,*,#7024,.F.);
#7064=ORIENTED_EDGE('',*,*,#7038,.F.);
#7065=ORIENTED_EDGE('',*,*,#7051,.F.);
#7066=EDGE_LOOP('',(#7062,#7063,#7064,#7065));
#7067=FACE_OUTER_BOUND('',#7066,.F.);
#7069=CARTESIAN_POINT('',(1.3875E0,1.35E-1,-1.981612300448E0));
#7070=DIRECTION('',(-1.E0,0.E0,0.E0));
#7071=DIRECTION('',(0.E0,-1.E0,0.E0));
#7072=AXIS2_PLACEMENT_3D('',#7069,#7070,#7071);
#7073=PLANE('',#7072);
#7074=ORIENTED_EDGE('',*,*,#6424,.F.);
#7076=ORIENTED_EDGE('',*,*,#7075,.T.);
#7078=ORIENTED_EDGE('',*,*,#7077,.T.);
#7079=ORIENTED_EDGE('',*,*,#6534,.T.);
#7080=EDGE_LOOP('',(#7074,#7076,#7078,#7079));
#7081=FACE_OUTER_BOUND('',#7080,.F.);
#7083=CARTESIAN_POINT('',(1.109804335668E0,9.5E-2,-1.143133814957E0));
#7084=DIRECTION('',(1.E0,0.E0,0.E0));
#7085=DIRECTION('',(0.E0,0.E0,1.E0));
#7086=AXIS2_PLACEMENT_3D('',#7083,#7084,#7085);
#7087=CYLINDRICAL_SURFACE('',#7086,2.55E-1);
#7088=ORIENTED_EDGE('',*,*,#6422,.T.);
#7090=ORIENTED_EDGE('',*,*,#7089,.F.);
#7092=ORIENTED_EDGE('',*,*,#7091,.T.);
#7093=ORIENTED_EDGE('',*,*,#7075,.F.);
#7094=EDGE_LOOP('',(#7088,#7090,#7092,#7093));
#7095=FACE_OUTER_BOUND('',#7094,.F.);
#7097=CARTESIAN_POINT('',(1.1175E0,1.35E-1,-2.740266951313E0));
#7098=DIRECTION('',(-1.E0,0.E0,0.E0));
#7099=DIRECTION('',(0.E0,0.E0,1.E0));
#7100=AXIS2_PLACEMENT_3D('',#7097,#7098,#7099);
#7101=PLANE('',#7100);
#7102=ORIENTED_EDGE('',*,*,#6420,.T.);
#7103=ORIENTED_EDGE('',*,*,#6538,.T.);
#7105=ORIENTED_EDGE('',*,*,#7104,.T.);
#7106=ORIENTED_EDGE('',*,*,#7089,.T.);
#7107=EDGE_LOOP('',(#7102,#7103,#7105,#7106));
#7108=FACE_OUTER_BOUND('',#7107,.F.);
#7110=CARTESIAN_POINT('',(1.259994514388E0,3.5E-1,-2.325E0));
#7111=DIRECTION('',(0.E0,-1.E0,0.E0));
#7112=DIRECTION('',(1.E0,0.E0,0.E0));
#7113=AXIS2_PLACEMENT_3D('',#7110,#7111,#7112);
#7114=PLANE('',#7113);
#7115=ORIENTED_EDGE('',*,*,#6536,.F.);
#7116=ORIENTED_EDGE('',*,*,#7077,.F.);
#7117=ORIENTED_EDGE('',*,*,#7091,.F.);
#7118=ORIENTED_EDGE('',*,*,#7104,.F.);
#7119=EDGE_LOOP('',(#7115,#7116,#7117,#7118));
#7120=FACE_OUTER_BOUND('',#7119,.F.);
#7122=CARTESIAN_POINT('',(8.875E-1,-1.35E-1,-2.821341327793E0));
#7123=DIRECTION('',(-1.E0,0.E0,0.E0));
#7124=DIRECTION('',(0.E0,0.E0,-1.E0));
#7125=AXIS2_PLACEMENT_3D('',#7122,#7123,#7124);
#7126=PLANE('',#7125);
#7127=ORIENTED_EDGE('',*,*,#6137,.T.);
#7129=ORIENTED_EDGE('',*,*,#7128,.F.);
#7131=ORIENTED_EDGE('',*,*,#7130,.T.);
#7132=ORIENTED_EDGE('',*,*,#6250,.T.);
#7133=EDGE_LOOP('',(#7127,#7129,#7131,#7132));
#7134=FACE_OUTER_BOUND('',#7133,.F.);
#7136=CARTESIAN_POINT('',(7.425587353586E-1,-3.5E-1,-2.486721549791E0));
#7137=DIRECTION('',(0.E0,-1.E0,0.E0));
#7138=DIRECTION('',(0.E0,0.E0,1.E0));
#7139=AXIS2_PLACEMENT_3D('',#7136,#7137,#7138);
#7140=PLANE('',#7139);
#7141=ORIENTED_EDGE('',*,*,#6135,.F.);
#7143=ORIENTED_EDGE('',*,*,#7142,.T.);
#7145=ORIENTED_EDGE('',*,*,#7144,.F.);
#7146=ORIENTED_EDGE('',*,*,#7128,.T.);
#7147=EDGE_LOOP('',(#7141,#7143,#7145,#7146));
#7148=FACE_OUTER_BOUND('',#7147,.F.);
#7150=CARTESIAN_POINT('',(6.175E-1,-1.35E-1,-2.086392081480E0));
#7151=DIRECTION('',(-1.E0,0.E0,0.E0));
#7152=DIRECTION('',(0.E0,-1.E0,0.E0));
#7153=AXIS2_PLACEMENT_3D('',#7150,#7151,#7152);
#7154=PLANE('',#7153);
#7155=ORIENTED_EDGE('',*,*,#6133,.T.);
#7156=ORIENTED_EDGE('',*,*,#6254,.F.);
#7158=ORIENTED_EDGE('',*,*,#7157,.T.);
#7159=ORIENTED_EDGE('',*,*,#7142,.F.);
#7160=EDGE_LOOP('',(#7155,#7156,#7158,#7159));
#7161=FACE_OUTER_BOUND('',#7160,.F.);
#7163=CARTESIAN_POINT('',(8.948586572182E-1,-1.45E-1,-1.443261531631E0));
#7164=DIRECTION('',(-1.E0,0.E0,0.E0));
#7165=DIRECTION('',(0.E0,0.E0,-1.E0));
#7166=AXIS2_PLACEMENT_3D('',#7163,#7164,#7165);
#7167=CYLINDRICAL_SURFACE('',#7166,2.05E-1);
#7168=ORIENTED_EDGE('',*,*,#6252,.T.);
#7169=ORIENTED_EDGE('',*,*,#7130,.F.);
#7170=ORIENTED_EDGE('',*,*,#7144,.T.);
#7171=ORIENTED_EDGE('',*,*,#7157,.F.);
#7172=EDGE_LOOP('',(#7168,#7169,#7170,#7171));
#7173=FACE_OUTER_BOUND('',#7172,.F.);
#7175=CARTESIAN_POINT('',(-3.18E0,3.05E-1,-6.529E0));
#7176=DIRECTION('',(0.E0,0.E0,1.E0));
#7177=DIRECTION('',(-1.E0,0.E0,0.E0));
#7178=AXIS2_PLACEMENT_3D('',#7175,#7176,#7177);
#7179=CYLINDRICAL_SURFACE('',#7178,9.75E-1);
#7180=ORIENTED_EDGE('',*,*,#3828,.T.);
#7182=ORIENTED_EDGE('',*,*,#7181,.T.);
#7183=ORIENTED_EDGE('',*,*,#3883,.F.);
#7184=ORIENTED_EDGE('',*,*,#4138,.F.);
#7185=EDGE_LOOP('',(#7180,#7182,#7183,#7184));
#7186=FACE_OUTER_BOUND('',#7185,.F.);
#7188=CARTESIAN_POINT('',(-4.155E0,-3.625E-1,-5.775000000005E0));
#7189=DIRECTION('',(-1.E0,0.E0,0.E0));
#7190=DIRECTION('',(0.E0,0.E0,1.E0));
#7191=AXIS2_PLACEMENT_3D('',#7188,#7189,#7190);
#7192=PLANE('',#7191);
#7193=ORIENTED_EDGE('',*,*,#3826,.F.);
#7194=ORIENTED_EDGE('',*,*,#3869,.F.);
#7195=ORIENTED_EDGE('',*,*,#3885,.T.);
#7196=ORIENTED_EDGE('',*,*,#7181,.F.);
#7197=EDGE_LOOP('',(#7193,#7194,#7195,#7196));
#7198=FACE_OUTER_BOUND('',#7197,.F.);
#7204=PLANE_ANGLE_MEASURE_WITH_UNIT(PLANE_ANGLE_MEASURE(1.745329251994E-2),
#7203);
#7205=(CONVERSION_BASED_UNIT('DEGREE',#7204)NAMED_UNIT(*)PLANE_ANGLE_UNIT());
#7207=UNCERTAINTY_MEASURE_WITH_UNIT(LENGTH_MEASURE(1.E-3),#7202,
'distance_accuracy_value',
'Maximum model space distance between geometric entities at asserted connectivities');
#7210=APPLICATION_CONTEXT('automotive_design');
#7211=APPLICATION_PROTOCOL_DEFINITION('international standard',
'automotive_design',2001,#7210);
#7212=PRODUCT_DEFINITION_CONTEXT('part definition',#7210,'design');
#7213=PRODUCT_CONTEXT('',#7210,'mechanical');
#7214=PRODUCT('C-2480803-1','C-2480803-1','NOT SPECIFIED',(#7213));
#7215=PRODUCT_DEFINITION_FORMATION('1','LAST_VERSION',#7214);
#7223=DERIVED_UNIT_ELEMENT(#7222,2.E0);
#7224=DERIVED_UNIT((#7223));
#7225=MEASURE_REPRESENTATION_ITEM('surface area measure',AREA_MEASURE(
3.851018067148E2),#7224);
#7230=DERIVED_UNIT_ELEMENT(#7229,3.E0);
#7231=DERIVED_UNIT((#7230));
#7232=MEASURE_REPRESENTATION_ITEM('volume measure',VOLUME_MEASURE(
9.340181181752E1),#7231);
#7236=CARTESIAN_POINT('centre point',(-6.237068320732E-5,-6.681080454184E-3,
-3.904133982946E0));
#7241=DERIVED_UNIT_ELEMENT(#7240,2.E0);
#7242=DERIVED_UNIT((#7241));
#7243=MEASURE_REPRESENTATION_ITEM('surface area measure',AREA_MEASURE(
3.851018067148E2),#7242);
#7248=DERIVED_UNIT_ELEMENT(#7247,3.E0);
#7249=DERIVED_UNIT((#7248));
#7250=MEASURE_REPRESENTATION_ITEM('volume measure',VOLUME_MEASURE(
9.340181181752E1),#7249);
#7254=CARTESIAN_POINT('centre point',(-6.237068320732E-5,-6.681080454184E-3,
-3.904133982946E0));
#7259=PRODUCT_RELATED_PRODUCT_CATEGORY('part','',(#7214));
#1=DRAUGHTING_PRE_DEFINED_COLOUR('black');
#2=COLOUR_RGB('',0.E0,0.E0,3.6E-1);
#3=COLOUR_RGB('',0.E0,0.E0,4.8E-1);
#4=DRAUGHTING_PRE_DEFINED_COLOUR('blue');
#5=COLOUR_RGB('',0.E0,5.8824E-2,4.58824E-1);
#6=COLOUR_RGB('',0.E0,1.80392E-1,4.78431E-1);
#7=COLOUR_RGB('',0.E0,3.6E-1,9.E-2);
#8=COLOUR_RGB('',0.E0,3.6E-1,2.7E-1);
#9=COLOUR_RGB('',0.E0,5.6E-1,6.4E-1);
#10=COLOUR_RGB('',0.E0,5.8E-1,8.E-1);
#11=COLOUR_RGB('',0.E0,7.1E-1,6.6E-1);
#12=COLOUR_RGB('',0.E0,7.13E-1,0.E0);
#13=COLOUR_RGB('',0.E0,9.5E-1,8.4E-1);
#14=DRAUGHTING_PRE_DEFINED_COLOUR('green');
#15=DRAUGHTING_PRE_DEFINED_COLOUR('cyan');
#16=COLOUR_RGB('',1.1765E-2,1.9608E-2,3.9216E-2);
#17=COLOUR_RGB('',4.E-2,0.E0,1.6E-1);
#18=COLOUR_RGB('',3.9216E-2,2.19608E-1,1.21569E-1);
#19=COLOUR_RGB('',3.9216E-2,3.60784E-1,2.E-1);
#20=COLOUR_RGB('',5.098E-2,7.0588E-2,1.01961E-1);
#21=COLOUR_RGB('',9.E-2,0.E0,1.2E-1);
#22=COLOUR_RGB('',9.0196E-2,1.60784E-1,1.09804E-1);
#23=COLOUR_RGB('',9.0196E-2,3.80392E-1,6.70588E-1);
#24=COLOUR_RGB('',1.E-1,0.E0,2.5E-1);
#25=COLOUR_RGB('',1.01961E-1,4.78431E-1,3.88235E-1);
#26=COLOUR_RGB('',1.09804E-1,1.4902E-1,9.0196E-2);
#27=COLOUR_RGB('',1.4902E-1,3.09804E-1,5.29412E-1);
#28=COLOUR_RGB('',1.4902E-1,4.E-1,1.60784E-1);
#29=COLOUR_RGB('',1.6E-1,3.2E-2,0.E0);
#30=COLOUR_RGB('',1.60784E-1,4.5098E-1,7.21569E-1);
#31=COLOUR_RGB('',1.6E-1,4.6E-1,6.5E-1);
#32=COLOUR_RGB('',1.6E-1,1.E0,1.6E-1);
#33=COLOUR_RGB('',2.E-1,3.2E-2,0.E0);
#34=COLOUR_RGB('',2.11765E-1,4.11765E-1,1.4902E-1);
#35=COLOUR_RGB('',2.39216E-1,2.39216E-1,2.31373E-1);
#36=COLOUR_RGB('',2.39216E-1,2.70588E-1,1.80392E-1);
#37=COLOUR_RGB('',2.5098E-1,2.90196E-1,3.29412E-1);
#38=COLOUR_RGB('',2.90196E-1,4.31373E-1,2.E-1);
#39=COLOUR_RGB('',3.1E-1,3.1E-1,5.6E-1);
#40=COLOUR_RGB('',3.09804E-1,6.58824E-1,2.E-1);
#41=COLOUR_RGB('',3.2E-1,1.5E-1,0.E0);
#42=COLOUR_RGB('',3.60784E-1,3.1373E-2,1.68627E-1);
#43=COLOUR_RGB('',3.68627E-1,2.E-1,1.21569E-1);
#44=COLOUR_RGB('',3.88235E-1,2.39216E-1,6.11765E-1);
#45=COLOUR_RGB('',4.E-1,4.E-1,4.E-1);
#46=COLOUR_RGB('',4.11765E-1,5.8824E-2,7.8431E-2);
#47=COLOUR_RGB('',4.11765E-1,3.29412E-1,2.19608E-1);
#48=COLOUR_RGB('',4.2E-1,4.2E-1,1.E0);
#49=COLOUR_RGB('',4.4E-1,8.5E-1,1.E0);
#50=COLOUR_RGB('',4.58824E-1,4.5098E-1,3.09804E-1);
#51=COLOUR_RGB('',4.70588E-1,5.09804E-1,5.4902E-1);
#52=COLOUR_RGB('',4.78431E-1,4.90196E-1,4.58824E-1);
#53=COLOUR_RGB('',4.90196E-1,3.60784E-1,2.19608E-1);
#54=COLOUR_RGB('',4.9E-1,4.9E-1,0.E0);
#55=COLOUR_RGB('',4.9E-1,1.E0,0.E0);
#56=COLOUR_RGB('',5.E-1,0.E0,0.E0);
#57=COLOUR_RGB('',5.E-1,0.E0,2.3E-1);
#58=COLOUR_RGB('',5.E-1,5.E-1,5.E-1);
#59=COLOUR_RGB('',5.21569E-1,2.19608E-1,1.68627E-1);
#60=COLOUR_RGB('',5.3E-1,0.E0,0.E0);
#61=COLOUR_RGB('',5.29412E-1,5.80392E-1,6.5098E-1);
#62=COLOUR_RGB('',5.4E-1,0.E0,4.4E-1);
#63=COLOUR_RGB('',5.5E-1,3.E-1,0.E0);
#64=COLOUR_RGB('',5.6E-1,1.E-1,5.E-2);
#65=COLOUR_RGB('',5.60784E-1,5.80392E-1,6.19608E-1);
#66=COLOUR_RGB('',5.68627E-1,5.8824E-2,4.E-1);
#67=COLOUR_RGB('',5.8E-1,2.2E-1,1.E-2);
#68=COLOUR_RGB('',5.88235E-1,1.21569E-1,1.09804E-1);
#69=COLOUR_RGB('',6.E-1,6.E-1,6.E-1);
#70=COLOUR_RGB('',6.11765E-1,5.60784E-1,3.80392E-1);
#71=COLOUR_RGB('',6.11765E-1,6.11765E-1,6.5098E-1);
#72=COLOUR_RGB('',6.2E-1,0.E0,5.5E-1);
#73=COLOUR_RGB('',6.19608E-1,6.39216E-1,6.90196E-1);
#74=COLOUR_RGB('',6.35294E-1,6.86275E-1,7.4902E-1);
#75=COLOUR_RGB('',6.4E-1,0.E0,2.5E-1);
#76=COLOUR_RGB('',6.4E-1,1.E-2,0.E0);
#77=COLOUR_RGB('',6.39216E-1,5.4902E-1,4.78431E-1);
#78=COLOUR_RGB('',6.5098E-1,6.70588E-1,7.09804E-1);
#79=COLOUR_RGB('',6.70588E-1,1.21569E-1,1.09804E-1);
#80=COLOUR_RGB('',6.78431E-1,4.78431E-1,3.09804E-1);
#81=COLOUR_RGB('',6.8E-1,7.5E-1,1.E0);
#82=COLOUR_RGB('',7.09804E-1,7.0588E-2,2.E-1);
#83=COLOUR_RGB('',7.1E-1,3.1E-1,0.E0);
#84=COLOUR_RGB('',7.2E-1,7.2E-1,7.2E-1);
#85=COLOUR_RGB('',7.29412E-1,7.41176E-1,7.29412E-1);
#86=COLOUR_RGB('',7.41176E-1,7.29412E-1,6.70588E-1);
#87=COLOUR_RGB('',7.4E-1,1.E0,2.6E-1);
#88=COLOUR_RGB('',7.5E-1,3.E-2,0.E0);
#89=COLOUR_RGB('',7.4902E-1,8.90196E-1,7.29412E-1);
#90=COLOUR_RGB('',7.6E-1,0.E0,4.7E-1);
#91=COLOUR_RGB('',7.80392E-1,9.0196E-2,7.0588E-2);
#92=COLOUR_RGB('',7.88235E-1,2.19608E-1,5.4902E-1);
#93=COLOUR_RGB('',8.1E-1,4.E-2,0.E0);
#94=COLOUR_RGB('',8.1E-1,6.1E-1,0.E0);
#95=COLOUR_RGB('',8.2E-1,4.E-2,6.6E-1);
#96=COLOUR_RGB('',8.31373E-1,8.5098E-1,8.58824E-1);
#97=COLOUR_RGB('',8.5098E-1,7.29412E-1,5.4902E-1);
#98=COLOUR_RGB('',8.5E-1,8.5E-1,8.5E-1);
#99=COLOUR_RGB('',8.78431E-1,3.68627E-1,1.21569E-1);
#100=COLOUR_RGB('',8.784E-1,9.49E-1,1.E0);
#101=COLOUR_RGB('',8.90196E-1,5.88235E-1,1.41176E-1);
#102=COLOUR_RGB('',9.E-1,1.E0,0.E0);
#103=COLOUR_RGB('',9.09804E-1,6.11765E-1,7.09804E-1);
#104=COLOUR_RGB('',9.37E-1,7.85E-1,0.E0);
#105=COLOUR_RGB('',9.41176E-1,9.29412E-1,9.01961E-1);
#106=COLOUR_RGB('',9.5E-1,2.2E-1,8.1E-1);
#107=COLOUR_RGB('',9.6E-1,3.7E-1,3.E-1);
#108=COLOUR_RGB('',9.6E-1,7.1E-1,3.75E-1);
#109=COLOUR_RGB('',9.80392E-1,1.E0,1.E0);
#110=COLOUR_RGB('',9.88235E-1,1.09804E-1,7.8431E-2);
#111=COLOUR_RGB('',9.88235E-1,7.21569E-1,1.29412E-1);
#112=COLOUR_RGB('',9.88235E-1,9.21569E-1,8.E-1);
#113=DRAUGHTING_PRE_DEFINED_COLOUR('red');
#114=COLOUR_RGB('',1.E0,0.E0,6.1E-1);
#115=COLOUR_RGB('',1.E0,4.E-2,0.E0);
#116=COLOUR_RGB('',1.E0,2.3E-1,0.E0);
#117=COLOUR_RGB('',1.E0,3.5E-1,5.2E-1);
#118=COLOUR_RGB('',1.E0,3.6E-1,0.E0);
#119=COLOUR_RGB('',1.E0,3.88235E-1,2.11765E-1);
#120=COLOUR_RGB('',1.E0,4.9E-1,3.7E-1);
#121=COLOUR_RGB('',1.E0,5.E-1,0.E0);
#122=COLOUR_RGB('',1.E0,5.6E-1,7.8E-1);
#123=COLOUR_RGB('',1.E0,6.4E-1,4.9E-1);
#124=COLOUR_RGB('',1.E0,6.7E-1,0.E0);
#125=COLOUR_RGB('',1.E0,7.6E-1,6.5E-1);
#126=COLOUR_RGB('',1.E0,8.39216E-1,3.01961E-1);
#127=COLOUR_RGB('',1.E0,8.6E-1,4.E-2);
#128=COLOUR_RGB('',1.E0,9.60784E-1,2.58824E-1);
#129=COLOUR_RGB('',1.E0,9.60784E-1,8.90196E-1);
#130=COLOUR_RGB('',1.E0,9.8E-1,7.2E-1);
#131=DRAUGHTING_PRE_DEFINED_COLOUR('yellow');
#132=COLOUR_RGB('',1.E0,1.E0,3.9216E-2);
#133=DRAUGHTING_PRE_DEFINED_COLOUR('white');
#162=CIRCLE('',#161,3.E-1);
#207=CIRCLE('',#206,3.E-1);
#240=CIRCLE('',#239,2.E-1);
#245=CIRCLE('',#244,1.5E-1);
#250=CIRCLE('',#249,1.5E-1);
#255=CIRCLE('',#254,2.E-1);
#270=B_SPLINE_CURVE_WITH_KNOTS('',3,(#264,#265,#266,#267,#268,#269),
.UNSPECIFIED.,.F.,.F.,(4,1,1,4),(0.E0,3.333333333333E-1,6.666666666667E-1,1.E0),
.UNSPECIFIED.);
#281=B_SPLINE_CURVE_WITH_KNOTS('',3,(#275,#276,#277,#278,#279,#280),
.UNSPECIFIED.,.F.,.F.,(4,1,1,4),(0.E0,3.333333333333E-1,6.666666666667E-1,1.E0),
.UNSPECIFIED.);
#286=CIRCLE('',#285,2.5E-1);
#291=CIRCLE('',#290,1.3E0);
#304=CIRCLE('',#303,1.3E0);
#309=CIRCLE('',#308,2.5E-1);
#314=CIRCLE('',#313,1.3E0);
#319=CIRCLE('',#318,2.5E-1);
#332=CIRCLE('',#331,2.5E-1);
#337=CIRCLE('',#336,1.3E0);
#350=CIRCLE('',#349,1.E0);
#355=CIRCLE('',#354,9.75E-1);
#360=CIRCLE('',#359,2.5E-1);
#365=CIRCLE('',#364,1.E0);
#370=CIRCLE('',#369,1.3E0);
#390=B_SPLINE_CURVE_WITH_KNOTS('',3,(#383,#384,#385,#386,#387,#388,#389),
.UNSPECIFIED.,.F.,.F.,(4,1,1,1,4),(0.E0,2.5E-1,5.E-1,7.5E-1,1.E0),
.UNSPECIFIED.);
#411=CIRCLE('',#410,2.E-1);
#424=CIRCLE('',#423,1.5E-1);
#433=CIRCLE('',#432,1.5E-1);
#442=CIRCLE('',#441,2.E-1);
#455=CIRCLE('',#454,2.E-1);
#464=CIRCLE('',#463,1.5E-1);
#473=CIRCLE('',#472,1.5E-1);
#486=CIRCLE('',#485,2.E-1);
#543=CIRCLE('',#542,1.E0);
#548=CIRCLE('',#547,1.E0);
#560=B_SPLINE_CURVE_WITH_KNOTS('',3,(#553,#554,#555,#556,#557,#558,#559),
.UNSPECIFIED.,.F.,.F.,(4,1,1,1,4),(0.E0,2.5E-1,5.E-1,7.5E-1,1.E0),
.UNSPECIFIED.);
#565=CIRCLE('',#564,3.E-1);
#570=CIRCLE('',#569,3.E-1);
#579=CIRCLE('',#578,3.E-1);
#588=CIRCLE('',#587,3.E-1);
#658=B_SPLINE_CURVE_WITH_KNOTS('',3,(#653,#654,#655,#656,#657),.UNSPECIFIED.,
.F.,.F.,(4,1,4),(0.E0,5.E-1,1.E0),.UNSPECIFIED.);
#663=B_SPLINE_CURVE_WITH_KNOTS('',3,(#659,#660,#661,#662),.UNSPECIFIED.,.F.,.F.,
(4,4),(0.E0,1.E0),.UNSPECIFIED.);
#676=CIRCLE('',#675,1.E0);
#681=CIRCLE('',#680,2.E-1);
#690=CIRCLE('',#689,1.5E-1);
#699=CIRCLE('',#698,1.5E-1);
#704=CIRCLE('',#703,2.E-1);
#745=CIRCLE('',#744,2.E-1);
#750=CIRCLE('',#749,1.5E-1);
#759=CIRCLE('',#758,1.5E-1);
#768=CIRCLE('',#767,2.E-1);
#789=CIRCLE('',#788,1.3E0);
#794=CIRCLE('',#793,1.E0);
#799=CIRCLE('',#798,2.5E-1);
#808=CIRCLE('',#807,9.75E-1);
#813=CIRCLE('',#812,1.E0);
#821=B_SPLINE_CURVE_WITH_KNOTS('',3,(#814,#815,#816,#817,#818,#819,#820),
.UNSPECIFIED.,.F.,.F.,(4,1,1,1,4),(0.E0,2.5E-1,5.E-1,7.5E-1,1.E0),
.UNSPECIFIED.);
#834=CIRCLE('',#833,1.3E0);
#839=CIRCLE('',#838,1.3E0);
#844=CIRCLE('',#843,1.3E0);
#853=CIRCLE('',#852,1.3E0);
#858=CIRCLE('',#857,1.150000226735E0);
#867=CIRCLE('',#866,1.150000226727E0);
#876=CIRCLE('',#875,1.150000226728E0);
#885=CIRCLE('',#884,1.150000226664E0);
#898=CIRCLE('',#897,1.5E-1);
#907=CIRCLE('',#906,1.5E-1);
#916=CIRCLE('',#915,1.5E-1);
#937=CIRCLE('',#936,1.5E-1);
#954=B_SPLINE_CURVE_WITH_KNOTS('',3,(#946,#947,#948,#949,#950,#951,#952,#953),
.UNSPECIFIED.,.F.,.F.,(4,1,1,1,1,4),(0.E0,2.E-1,4.E-1,6.E-1,8.E-1,1.E0),
.UNSPECIFIED.);
#963=CIRCLE('',#962,1.5E-1);
#985=B_SPLINE_CURVE_WITH_KNOTS('',3,(#980,#981,#982,#983,#984),.UNSPECIFIED.,
.F.,.F.,(4,1,4),(0.E0,5.E-1,1.E0),.UNSPECIFIED.);
#994=CIRCLE('',#993,1.E0);
#1083=CIRCLE('',#1082,1.E0);
#1093=B_SPLINE_CURVE_WITH_KNOTS('',3,(#1088,#1089,#1090,#1091,#1092),
.UNSPECIFIED.,.F.,.F.,(4,1,4),(0.E0,5.E-1,1.E0),.UNSPECIFIED.);
#1110=CIRCLE('',#1109,1.5E-1);
#1123=B_SPLINE_CURVE_WITH_KNOTS('',3,(#1115,#1116,#1117,#1118,#1119,#1120,#1121,
#1122),.UNSPECIFIED.,.F.,.F.,(4,1,1,1,1,4),(0.E0,2.E-1,4.E-1,6.E-1,8.E-1,1.E0),
.UNSPECIFIED.);
#1152=CIRCLE('',#1151,2.5E-1);
#1169=CIRCLE('',#1168,1.E-1);
#1190=CIRCLE('',#1189,1.E-1);
#1195=CIRCLE('',#1194,2.5E-1);
#1204=CIRCLE('',#1203,2.5E-1);
#1221=CIRCLE('',#1220,1.E-1);
#1246=CIRCLE('',#1245,1.E-1);
#1263=CIRCLE('',#1262,2.5E-1);
#1272=CIRCLE('',#1271,2.5E-1);
#1289=CIRCLE('',#1288,1.E-1);
#1314=CIRCLE('',#1313,1.E-1);
#1331=CIRCLE('',#1330,2.5E-1);
#1340=CIRCLE('',#1339,2.5E-1);
#1357=CIRCLE('',#1356,1.E-1);
#1378=CIRCLE('',#1377,1.E-1);
#1395=CIRCLE('',#1394,2.5E-1);
#1408=CIRCLE('',#1407,2.5E-1);
#1425=CIRCLE('',#1424,1.E-1);
#1450=CIRCLE('',#1449,1.E-1);
#1467=CIRCLE('',#1466,2.5E-1);
#1480=CIRCLE('',#1479,2.5E-1);
#1497=CIRCLE('',#1496,1.E-1);
#1514=CIRCLE('',#1513,1.E-1);
#1531=CIRCLE('',#1530,2.5E-1);
#1660=CIRCLE('',#1659,3.E-1);
#1685=CIRCLE('',#1684,3.E-1);
#1882=CIRCLE('',#1881,1.000001008282E0);
#1887=CIRCLE('',#1886,1.E0);
#1900=CIRCLE('',#1899,1.000000847878E0);
#1913=CIRCLE('',#1912,1.000000847877E0);
#1918=CIRCLE('',#1917,1.E0);
#1927=CIRCLE('',#1926,1.E0);
#1939=B_SPLINE_CURVE_WITH_KNOTS('',3,(#1932,#1933,#1934,#1935,#1936,#1937,
#1938),.UNSPECIFIED.,.F.,.F.,(4,1,1,1,4),(0.E0,2.5E-1,5.E-1,7.5E-1,1.E0),
.UNSPECIFIED.);
#1960=CIRCLE('',#1959,9.75E-1);
#1989=CIRCLE('',#1988,1.000000847885E0);
#2028=B_SPLINE_CURVE_WITH_KNOTS('',3,(#2022,#2023,#2024,#2025,#2026,#2027),
.UNSPECIFIED.,.F.,.F.,(4,1,1,4),(0.E0,5.E-1,7.5E-1,1.E0),.UNSPECIFIED.);
#2059=B_SPLINE_CURVE_WITH_KNOTS('',3,(#2053,#2054,#2055,#2056,#2057,#2058),
.UNSPECIFIED.,.F.,.F.,(4,1,1,4),(0.E0,5.E-1,7.5E-1,1.E0),.UNSPECIFIED.);
#2092=CIRCLE('',#2091,2.05E-1);
#2105=CIRCLE('',#2104,2.05E-1);
#2126=CIRCLE('',#2125,1.E-1);
#2159=CIRCLE('',#2158,1.E-1);
#2188=CIRCLE('',#2187,1.55E-1);
#2201=CIRCLE('',#2200,1.55E-1);
#2242=CIRCLE('',#2241,8.E-2);
#2251=CIRCLE('',#2250,1.E-1);
#2256=CIRCLE('',#2255,1.E-1);
#2305=CIRCLE('',#2304,1.E-1);
#2334=CIRCLE('',#2333,1.E-1);
#2347=CIRCLE('',#2346,2.55E-1);
#2372=CIRCLE('',#2371,2.55E-1);
#2383=B_SPLINE_CURVE_WITH_KNOTS('',3,(#2377,#2378,#2379,#2380,#2381,#2382),
.UNSPECIFIED.,.F.,.F.,(4,1,1,4),(0.E0,5.E-1,7.5E-1,1.E0),.UNSPECIFIED.);
#2405=B_SPLINE_CURVE_WITH_KNOTS('',3,(#2400,#2401,#2402,#2403,#2404),
.UNSPECIFIED.,.F.,.F.,(4,1,4),(0.E0,5.E-1,1.E0),.UNSPECIFIED.);
#2415=B_SPLINE_CURVE_WITH_KNOTS('',3,(#2410,#2411,#2412,#2413,#2414),
.UNSPECIFIED.,.F.,.F.,(4,1,4),(0.E0,5.E-1,1.E0),.UNSPECIFIED.);
#2434=B_SPLINE_CURVE_WITH_KNOTS('',3,(#2428,#2429,#2430,#2431,#2432,#2433),
.UNSPECIFIED.,.F.,.F.,(4,1,1,4),(0.E0,5.E-1,7.5E-1,1.E0),.UNSPECIFIED.);
#2460=B_SPLINE_CURVE_WITH_KNOTS('',3,(#2455,#2456,#2457,#2458,#2459),
.UNSPECIFIED.,.F.,.F.,(4,1,4),(0.E0,5.E-1,1.E0),.UNSPECIFIED.);
#2482=B_SPLINE_CURVE_WITH_KNOTS('',3,(#2477,#2478,#2479,#2480,#2481),
.UNSPECIFIED.,.F.,.F.,(4,1,4),(0.E0,5.E-1,1.E0),.UNSPECIFIED.);
#2491=CIRCLE('',#2490,1.E-1);
#2500=CIRCLE('',#2499,8.E-2);
#2513=CIRCLE('',#2512,1.E-1);
#2530=CIRCLE('',#2529,1.E-1);
#2539=CIRCLE('',#2538,8.E-2);
#2548=CIRCLE('',#2547,1.E-1);
#2637=CIRCLE('',#2636,1.E-1);
#2646=CIRCLE('',#2645,1.E-1);
#2655=CIRCLE('',#2654,8.E-2);
#2680=CIRCLE('',#2679,2.55E-1);
#2713=CIRCLE('',#2712,2.55E-1);
#2722=CIRCLE('',#2721,2.55E-1);
#2755=CIRCLE('',#2754,2.55E-1);
#2764=CIRCLE('',#2763,2.05E-1);
#2785=CIRCLE('',#2784,2.05E-1);
#2798=CIRCLE('',#2797,9.75E-1);
#3623=EDGE_CURVE('',#2814,#2809,#157,.T.);
#3625=EDGE_CURVE('',#2813,#2814,#1693,.T.);
#3627=EDGE_CURVE('',#3548,#2813,#648,.T.);
#3629=EDGE_CURVE('',#3548,#3549,#137,.T.);
#3631=EDGE_CURVE('',#3549,#3601,#141,.T.);
#3633=EDGE_CURVE('',#3601,#3553,#145,.T.);
#3635=EDGE_CURVE('',#3552,#3553,#149,.T.);
#3637=EDGE_CURVE('',#3552,#2810,#153,.T.);
#3639=EDGE_CURVE('',#2809,#2810,#219,.T.);
#3643=ADVANCED_FACE('',(#3642),#3622,.T.);
#3650=EDGE_CURVE('',#2809,#2915,#162,.T.);
#3652=EDGE_CURVE('',#2915,#2917,#166,.T.);
#3654=EDGE_CURVE('',#2917,#2919,#170,.T.);
#3656=EDGE_CURVE('',#2919,#2921,#174,.T.);
#3658=EDGE_CURVE('',#2921,#2923,#178,.T.);
#3660=EDGE_CURVE('',#2923,#2925,#182,.T.);
#3662=EDGE_CURVE('',#2927,#2925,#341,.T.);
#3664=EDGE_CURVE('',#2927,#2899,#186,.T.);
#3666=EDGE_CURVE('',#2903,#2899,#1976,.T.);
#3668=EDGE_CURVE('',#2903,#2905,#190,.T.);
#3670=EDGE_CURVE('',#2907,#2905,#1139,.T.);
#3672=EDGE_CURVE('',#2907,#2909,#194,.T.);
#3674=EDGE_CURVE('',#2909,#2911,#198,.T.);
#3676=EDGE_CURVE('',#2911,#2913,#202,.T.);
#3678=EDGE_CURVE('',#2913,#2814,#207,.T.);
#3682=ADVANCED_FACE('',(#3681),#3648,.T.);
#3688=EDGE_CURVE('',#2810,#2816,#211,.T.);
#3690=EDGE_CURVE('',#2838,#2816,#1685,.T.);
#3692=EDGE_CURVE('',#2838,#2915,#215,.T.);
#3698=ADVANCED_FACE('',(#3697),#3687,.T.);
#3704=EDGE_CURVE('',#2820,#2842,#223,.T.);
#3706=EDGE_CURVE('',#2841,#2842,#652,.T.);
#3708=EDGE_CURVE('',#2841,#2813,#227,.T.);
#3710=EDGE_CURVE('',#2823,#2813,#1689,.T.);
#3712=EDGE_CURVE('',#2823,#2816,#231,.T.);
#3715=EDGE_CURVE('',#2810,#2818,#235,.T.);
#3717=EDGE_CURVE('',#2820,#2818,#263,.T.);
#3721=ADVANCED_FACE('',(#3720),#3703,.F.);
#3728=EDGE_CURVE('',#2820,#3132,#240,.T.);
#3730=EDGE_CURVE('',#3132,#2933,#245,.T.);
#3732=EDGE_CURVE('',#2931,#2933,#295,.T.);
#3734=EDGE_CURVE('',#2945,#2931,#893,.T.);
#3736=EDGE_CURVE('',#2849,#2945,#829,.T.);
#3738=EDGE_CURVE('',#2848,#2849,#1857,.T.);
#3740=EDGE_CURVE('',#2851,#2848,#299,.T.);
#3742=EDGE_CURVE('',#2851,#2845,#250,.T.);
#3744=EDGE_CURVE('',#2845,#2842,#255,.T.);
#3748=ADVANCED_FACE('',(#3747),#3726,.T.);
#3754=EDGE_CURVE('',#3134,#3132,#259,.T.);
#3758=EDGE_CURVE('',#2818,#3134,#270,.T.);
#3762=ADVANCED_FACE('',(#3761),#3753,.T.);
#3768=EDGE_CURVE('',#3591,#2933,#274,.T.);
#3772=EDGE_CURVE('',#3134,#3591,#281,.T.);
#3776=ADVANCED_FACE('',(#3775),#3767,.F.);
#3783=EDGE_CURVE('',#2927,#2929,#286,.T.);
#3785=EDGE_CURVE('',#2929,#2931,#291,.T.);
#3789=EDGE_CURVE('',#3590,#3591,#628,.T.);
#3791=EDGE_CURVE('',#3597,#3590,#624,.T.);
#3793=EDGE_CURVE('',#3599,#3597,#596,.T.);
#3795=EDGE_CURVE('',#3595,#3599,#608,.T.);
#3797=EDGE_CURVE('',#3595,#3557,#636,.T.);
#3799=EDGE_CURVE('',#3556,#3557,#640,.T.);
#3801=EDGE_CURVE('',#2851,#3556,#671,.T.);
#3804=EDGE_CURVE('',#2848,#2897,#304,.T.);
#3806=EDGE_CURVE('',#2897,#2899,#309,.T.);
#3810=ADVANCED_FACE('',(#3809),#3781,.F.);
#3816=EDGE_CURVE('',#3576,#3577,#477,.T.);
#3818=EDGE_CURVE('',#2941,#3577,#534,.T.);
#3820=EDGE_CURVE('',#2939,#2941,#419,.T.);
#3822=EDGE_CURVE('',#2939,#2929,#314,.T.);
#3824=EDGE_CURVE('',#2929,#2935,#319,.T.);
#3826=EDGE_CURVE('',#2935,#3593,#323,.T.);
#3828=EDGE_CURVE('',#3587,#3593,#2798,.T.);
#3830=EDGE_CURVE('',#3587,#3576,#548,.T.);
#3834=ADVANCED_FACE('',(#3833),#3815,.F.);
#3840=EDGE_CURVE('',#3568,#2883,#2017,.T.);
#3842=EDGE_CURVE('',#3568,#3569,#685,.T.);
#3844=EDGE_CURVE('',#3569,#3581,#1927,.T.);
#3846=EDGE_CURVE('',#3583,#3581,#1960,.T.);
#3848=EDGE_CURVE('',#3583,#2896,#327,.T.);
#3850=EDGE_CURVE('',#2896,#2897,#332,.T.);
#3852=EDGE_CURVE('',#2897,#2885,#337,.T.);
#3854=EDGE_CURVE('',#2883,#2885,#763,.T.);
#3858=ADVANCED_FACE('',(#3857),#3839,.F.);
#3867=EDGE_CURVE('',#2937,#2925,#360,.T.);
#3869=EDGE_CURVE('',#2937,#2935,#345,.T.);
#3873=ADVANCED_FACE('',(#3872),#3863,.T.);
#3879=EDGE_CURVE('',#2984,#2985,#374,.T.);
#3881=EDGE_CURVE('',#2984,#2987,#350,.T.);
#3883=EDGE_CURVE('',#2987,#2981,#355,.T.);
#3885=EDGE_CURVE('',#2937,#2981,#2806,.T.);
#3889=EDGE_CURVE('',#2989,#2923,#1547,.T.);
#3891=EDGE_CURVE('',#2989,#2991,#365,.T.);
#3893=EDGE_CURVE('',#2993,#2991,#967,.T.);
#3895=EDGE_CURVE('',#2995,#2993,#1853,.T.);
#3897=EDGE_CURVE('',#2997,#2995,#932,.T.);
#3899=EDGE_CURVE('',#2997,#2985,#370,.T.);
#3903=ADVANCED_FACE('',(#3902),#3878,.F.);
#3910=EDGE_CURVE('',#2949,#2985,#390,.T.);
#3912=EDGE_CURVE('',#2948,#2949,#411,.T.);
#3914=EDGE_CURVE('',#2948,#2979,#378,.T.);
#3916=EDGE_CURVE('',#2978,#2979,#486,.T.);
#3918=EDGE_CURVE('',#2984,#2978,#560,.T.);
#3922=ADVANCED_FACE('',(#3921),#3908,.F.);
#3928=EDGE_CURVE('',#2951,#2949,#382,.T.);
#3932=EDGE_CURVE('',#2997,#2999,#394,.T.);
#3934=EDGE_CURVE('',#2951,#2999,#839,.T.);
#3938=ADVANCED_FACE('',(#3937),#3927,.T.);
#3944=EDGE_CURVE('',#2961,#3616,#398,.T.);
#3946=EDGE_CURVE('',#3616,#3608,#402,.T.);
#3948=EDGE_CURVE('',#3608,#2948,#406,.T.);
#3952=EDGE_CURVE('',#2951,#2943,#415,.T.);
#3954=EDGE_CURVE('',#2939,#2943,#889,.T.);
#3957=EDGE_CURVE('',#2941,#2953,#424,.T.);
#3959=EDGE_CURVE('',#2953,#2955,#428,.T.);
#3961=EDGE_CURVE('',#2955,#2957,#433,.T.);
#3963=EDGE_CURVE('',#2957,#2959,#437,.T.);
#3965=EDGE_CURVE('',#2959,#2961,#442,.T.);
#3969=ADVANCED_FACE('',(#3968),#3943,.T.);
#3975=EDGE_CURVE('',#3617,#2963,#450,.T.);
#3977=EDGE_CURVE('',#3616,#3617,#510,.T.);
#3980=EDGE_CURVE('',#2963,#2961,#522,.T.);
#3984=ADVANCED_FACE('',(#3983),#3974,.T.);
#3990=EDGE_CURVE('',#3609,#3617,#446,.T.);
#3993=EDGE_CURVE('',#2963,#2965,#455,.T.);
#3995=EDGE_CURVE('',#2965,#2967,#459,.T.);
#3997=EDGE_CURVE('',#2967,#2969,#464,.T.);
#3999=EDGE_CURVE('',#2969,#2971,#468,.T.);
#4001=EDGE_CURVE('',#2971,#3577,#473,.T.);
#4004=EDGE_CURVE('',#3576,#2978,#481,.T.);
#4007=EDGE_CURVE('',#2979,#3609,#490,.T.);
#4011=ADVANCED_FACE('',(#4010),#3989,.F.);
#4017=EDGE_CURVE('',#3572,#3573,#494,.T.);
#4019=EDGE_CURVE('',#3573,#2974,#498,.T.);
#4021=EDGE_CURVE('',#2974,#2975,#502,.T.);
#4023=EDGE_CURVE('',#2975,#3572,#506,.T.);
#4027=ADVANCED_FACE('',(#4026),#4016,.F.);
#4034=EDGE_CURVE('',#3608,#3609,#514,.T.);
#4040=ADVANCED_FACE('',(#4039),#4032,.F.);
#4052=ADVANCED_FACE('',(#4051),#4045,.F.);
#4059=EDGE_CURVE('',#2959,#2965,#518,.T.);
#4065=ADVANCED_FACE('',(#4064),#4057,.T.);
#4073=EDGE_CURVE('',#2967,#2957,#526,.T.);
#4078=ADVANCED_FACE('',(#4077),#4070,.T.);
#4087=EDGE_CURVE('',#2955,#2969,#530,.T.);
#4091=ADVANCED_FACE('',(#4090),#4083,.F.);
#4100=EDGE_CURVE('',#2971,#2953,#538,.T.);
#4104=ADVANCED_FACE('',(#4103),#4096,.T.);
#4116=ADVANCED_FACE('',(#4115),#4109,.F.);
#4122=EDGE_CURVE('',#3585,#3572,#543,.T.);
#4125=EDGE_CURVE('',#3120,#2975,#1900,.T.);
#4127=EDGE_CURVE('',#3585,#3120,#1947,.T.);
#4131=ADVANCED_FACE('',(#4130),#4121,.F.);
#4138=EDGE_CURVE('',#3587,#2987,#552,.T.);
#4145=ADVANCED_FACE('',(#4144),#4136,.F.);
#4151=EDGE_CURVE('',#3560,#3561,#612,.T.);
#4153=EDGE_CURVE('',#3573,#3561,#1887,.T.);
#4157=EDGE_CURVE('',#3585,#3579,#1943,.T.);
#4159=EDGE_CURVE('',#3565,#3579,#1918,.T.);
#4161=EDGE_CURVE('',#3563,#3565,#708,.T.);
#4163=EDGE_CURVE('',#3560,#3563,#676,.T.);
#4167=EDGE_CURVE('',#3105,#3106,#565,.T.);
#4169=EDGE_CURVE('',#3108,#3106,#2468,.T.);
#4171=EDGE_CURVE('',#3108,#3110,#570,.T.);
#4173=EDGE_CURVE('',#3110,#3112,#574,.T.);
#4175=EDGE_CURVE('',#3112,#3114,#579,.T.);
#4177=EDGE_CURVE('',#3114,#3116,#583,.T.);
#4179=EDGE_CURVE('',#3116,#3118,#588,.T.);
#4181=EDGE_CURVE('',#3118,#3105,#592,.T.);
#4185=ADVANCED_FACE('',(#4166,#4184),#4150,.T.);
#4192=EDGE_CURVE('',#3597,#3553,#600,.T.);
#4196=EDGE_CURVE('',#3549,#3595,#604,.T.);
#4201=ADVANCED_FACE('',(#4200),#4190,.F.);
#4208=EDGE_CURVE('',#3560,#2854,#616,.T.);
#4210=EDGE_CURVE('',#3128,#2854,#1873,.T.);
#4212=EDGE_CURVE('',#3128,#3561,#620,.T.);
#4216=ADVANCED_FACE('',(#4215),#4206,.F.);
#4223=EDGE_CURVE('',#3590,#3552,#632,.T.);
#4229=ADVANCED_FACE('',(#4228),#4221,.T.);
#4243=ADVANCED_FACE('',(#4242),#4234,.F.);
#4252=EDGE_CURVE('',#3557,#3548,#644,.T.);
#4256=ADVANCED_FACE('',(#4255),#4248,.T.);
#4266=EDGE_CURVE('',#2843,#2841,#658,.T.);
#4268=EDGE_CURVE('',#3556,#2843,#663,.T.);
#4272=ADVANCED_FACE('',(#4271),#4261,.F.);
#4280=EDGE_CURVE('',#2843,#2845,#667,.T.);
#4285=ADVANCED_FACE('',(#4284),#4277,.T.);
#4297=ADVANCED_FACE('',(#4296),#4290,.F.);
#4304=EDGE_CURVE('',#2855,#3563,#716,.T.);
#4306=EDGE_CURVE('',#2854,#2855,#1989,.T.);
#4311=ADVANCED_FACE('',(#4310),#4302,.F.);
#4317=EDGE_CURVE('',#3605,#3613,#720,.T.);
#4319=EDGE_CURVE('',#2862,#3605,#772,.T.);
#4321=EDGE_CURVE('',#2862,#2863,#681,.T.);
#4323=EDGE_CURVE('',#3569,#2863,#1931,.T.);
#4326=EDGE_CURVE('',#3568,#2868,#690,.T.);
#4328=EDGE_CURVE('',#2868,#2869,#694,.T.);
#4330=EDGE_CURVE('',#2869,#2871,#699,.T.);
#4332=EDGE_CURVE('',#2858,#2871,#2001,.T.);
#4334=EDGE_CURVE('',#2858,#2859,#704,.T.);
#4336=EDGE_CURVE('',#3613,#2859,#740,.T.);
#4340=ADVANCED_FACE('',(#4339),#4316,.T.);
#4347=EDGE_CURVE('',#2865,#3565,#1922,.T.);
#4349=EDGE_CURVE('',#2865,#2855,#712,.T.);
#4354=ADVANCED_FACE('',(#4353),#4345,.T.);
#4361=EDGE_CURVE('',#3612,#3613,#736,.T.);
#4363=EDGE_CURVE('',#3612,#3604,#724,.T.);
#4365=EDGE_CURVE('',#3604,#3605,#728,.T.);
#4369=ADVANCED_FACE('',(#4368),#4359,.F.);
#4375=EDGE_CURVE('',#2874,#3612,#732,.T.);
#4379=EDGE_CURVE('',#2874,#2859,#1993,.T.);
#4383=ADVANCED_FACE('',(#4382),#4374,.T.);
#4389=EDGE_CURVE('',#3604,#2893,#776,.T.);
#4393=EDGE_CURVE('',#2874,#2875,#745,.T.);
#4395=EDGE_CURVE('',#2877,#2875,#2005,.T.);
#4397=EDGE_CURVE('',#2877,#2879,#750,.T.);
#4399=EDGE_CURVE('',#2879,#2881,#754,.T.);
#4401=EDGE_CURVE('',#2881,#2883,#759,.T.);
#4404=EDGE_CURVE('',#2887,#2885,#1861,.T.);
#4406=EDGE_CURVE('',#2889,#2887,#848,.T.);
#4408=EDGE_CURVE('',#2891,#2889,#825,.T.);
#4410=EDGE_CURVE('',#2891,#2893,#768,.T.);
#4414=ADVANCED_FACE('',(#4413),#4388,.F.);
#4423=EDGE_CURVE('',#2862,#2893,#784,.T.);
#4427=ADVANCED_FACE('',(#4426),#4419,.F.);
#4433=EDGE_CURVE('',#3093,#3094,#780,.T.);
#4435=EDGE_CURVE('',#2863,#3094,#1939,.T.);
#4440=EDGE_CURVE('',#3093,#2891,#821,.T.);
#4444=ADVANCED_FACE('',(#4443),#4432,.F.);
#4451=EDGE_CURVE('',#3093,#3007,#789,.T.);
#4453=EDGE_CURVE('',#3005,#3007,#920,.T.);
#4455=EDGE_CURVE('',#3019,#3005,#1841,.T.);
#4457=EDGE_CURVE('',#3017,#3019,#1105,.T.);
#4459=EDGE_CURVE('',#3017,#3096,#794,.T.);
#4461=EDGE_CURVE('',#2905,#3096,#1143,.T.);
#4464=EDGE_CURVE('',#2903,#2901,#799,.T.);
#4466=EDGE_CURVE('',#2901,#3098,#803,.T.);
#4468=EDGE_CURVE('',#3098,#3100,#808,.T.);
#4470=EDGE_CURVE('',#3100,#3094,#813,.T.);
#4474=ADVANCED_FACE('',(#4473),#4449,.F.);
#4483=EDGE_CURVE('',#3009,#2889,#844,.T.);
#4485=EDGE_CURVE('',#3007,#3009,#924,.T.);
#4489=ADVANCED_FACE('',(#4488),#4479,.T.);
#4496=EDGE_CURVE('',#2945,#2943,#834,.T.);
#4500=EDGE_CURVE('',#3009,#2999,#928,.T.);
#4504=EDGE_CURVE('',#2887,#2849,#853,.T.);
#4508=EDGE_CURVE('',#3137,#3130,#1865,.T.);
#4510=EDGE_CURVE('',#3137,#3138,#858,.T.);
#4512=EDGE_CURVE('',#3138,#3140,#862,.T.);
#4514=EDGE_CURVE('',#3140,#3142,#867,.T.);
#4516=EDGE_CURVE('',#3142,#3124,#871,.T.);
#4518=EDGE_CURVE('',#3124,#3122,#876,.T.);
#4520=EDGE_CURVE('',#3122,#3126,#880,.T.);
#4522=EDGE_CURVE('',#3126,#3130,#885,.T.);
#4526=ADVANCED_FACE('',(#4507,#4525),#4494,.T.);
#4539=ADVANCED_FACE('',(#4538),#4531,.T.);
#4545=EDGE_CURVE('',#3013,#3544,#898,.T.);
#4547=EDGE_CURVE('',#3544,#3090,#902,.T.);
#4549=EDGE_CURVE('',#3090,#3002,#907,.T.);
#4551=EDGE_CURVE('',#3002,#3003,#911,.T.);
#4553=EDGE_CURVE('',#3003,#3005,#916,.T.);
#4560=EDGE_CURVE('',#2995,#3011,#937,.T.);
#4562=EDGE_CURVE('',#3011,#3013,#941,.T.);
#4566=ADVANCED_FACE('',(#4565),#4544,.F.);
#4573=EDGE_CURVE('',#3013,#3084,#945,.T.);
#4575=EDGE_CURVE('',#3083,#3084,#954,.T.);
#4577=EDGE_CURVE('',#3083,#3545,#985,.T.);
#4579=EDGE_CURVE('',#3544,#3545,#979,.T.);
#4583=ADVANCED_FACE('',(#4582),#4571,.F.);
#4589=EDGE_CURVE('',#3084,#3086,#958,.T.);
#4593=EDGE_CURVE('',#3086,#3011,#1849,.T.);
#4597=ADVANCED_FACE('',(#4596),#4588,.F.);
#4603=EDGE_CURVE('',#3083,#3027,#989,.T.);
#4607=EDGE_CURVE('',#3086,#2993,#963,.T.);
#4610=EDGE_CURVE('',#2991,#3027,#971,.T.);
#4614=ADVANCED_FACE('',(#4613),#4602,.T.);
#4620=EDGE_CURVE('',#3089,#3090,#975,.T.);
#4626=EDGE_CURVE('',#3027,#3028,#994,.T.);
#4628=EDGE_CURVE('',#3028,#3030,#998,.T.);
#4630=EDGE_CURVE('',#3030,#3032,#1002,.T.);
#4632=EDGE_CURVE('',#3034,#3032,#1505,.T.);
#4634=EDGE_CURVE('',#3034,#3036,#1006,.T.);
#4636=EDGE_CURVE('',#3036,#3038,#1010,.T.);
#4638=EDGE_CURVE('',#3038,#3040,#1014,.T.);
#4640=EDGE_CURVE('',#3042,#3040,#1441,.T.);
#4642=EDGE_CURVE('',#3042,#3044,#1018,.T.);
#4644=EDGE_CURVE('',#3044,#3046,#1022,.T.);
#4646=EDGE_CURVE('',#3046,#3048,#1026,.T.);
#4648=EDGE_CURVE('',#3050,#3048,#1369,.T.);
#4650=EDGE_CURVE('',#3050,#3052,#1030,.T.);
#4652=EDGE_CURVE('',#3052,#3054,#1034,.T.);
#4654=EDGE_CURVE('',#3054,#3056,#1038,.T.);
#4656=EDGE_CURVE('',#3058,#3056,#1305,.T.);
#4658=EDGE_CURVE('',#3058,#3060,#1042,.T.);
#4660=EDGE_CURVE('',#3060,#3062,#1046,.T.);
#4662=EDGE_CURVE('',#3062,#3064,#1050,.T.);
#4664=EDGE_CURVE('',#3066,#3064,#1237,.T.);
#4666=EDGE_CURVE('',#3066,#3068,#1054,.T.);
#4668=EDGE_CURVE('',#3068,#3070,#1058,.T.);
#4670=EDGE_CURVE('',#3070,#3072,#1062,.T.);
#4672=EDGE_CURVE('',#3074,#3072,#1181,.T.);
#4674=EDGE_CURVE('',#3074,#3076,#1066,.T.);
#4676=EDGE_CURVE('',#3076,#3078,#1070,.T.);
#4678=EDGE_CURVE('',#3078,#3080,#1074,.T.);
#4680=EDGE_CURVE('',#3080,#3082,#1078,.T.);
#4682=EDGE_CURVE('',#3082,#3016,#1083,.T.);
#4684=EDGE_CURVE('',#3016,#3024,#1087,.T.);
#4686=EDGE_CURVE('',#3024,#3089,#1093,.T.);
#4690=ADVANCED_FACE('',(#4689),#4619,.F.);
#4699=EDGE_CURVE('',#3023,#3024,#1123,.T.);
#4701=EDGE_CURVE('',#3023,#3002,#1097,.T.);
#4705=ADVANCED_FACE('',(#4704),#4695,.F.);
#4712=EDGE_CURVE('',#3016,#3017,#1101,.T.);
#4715=EDGE_CURVE('',#3019,#3021,#1110,.T.);
#4717=EDGE_CURVE('',#3021,#3023,#1114,.T.);
#4722=ADVANCED_FACE('',(#4721),#4710,.T.);
#4729=EDGE_CURVE('',#3082,#3096,#1127,.T.);
#4735=ADVANCED_FACE('',(#4734),#4727,.F.);
#4743=EDGE_CURVE('',#3080,#3371,#1131,.T.);
#4745=EDGE_CURVE('',#3371,#2907,#1135,.T.);
#4751=ADVANCED_FACE('',(#4750),#4740,.T.);
#4757=EDGE_CURVE('',#3373,#3078,#1173,.T.);
#4759=EDGE_CURVE('',#3371,#3373,#1579,.T.);
#4765=ADVANCED_FACE('',(#4764),#4756,.F.);
#4772=EDGE_CURVE('',#3076,#3375,#1147,.T.);
#4774=EDGE_CURVE('',#3375,#3377,#1152,.T.);
#4776=EDGE_CURVE('',#3377,#3379,#1156,.T.);
#4778=EDGE_CURVE('',#3379,#3381,#1160,.T.);
#4780=EDGE_CURVE('',#3381,#3383,#1164,.T.);
#4782=EDGE_CURVE('',#3383,#3385,#1169,.T.);
#4784=EDGE_CURVE('',#3373,#3385,#1583,.T.);
#4789=ADVANCED_FACE('',(#4788),#4770,.F.);
#4796=EDGE_CURVE('',#3074,#3387,#1177,.T.);
#4798=EDGE_CURVE('',#3375,#3387,#1737,.T.);
#4803=ADVANCED_FACE('',(#4802),#4794,.F.);
#4810=EDGE_CURVE('',#3389,#3072,#1199,.T.);
#4812=EDGE_CURVE('',#3389,#3391,#1185,.T.);
#4814=EDGE_CURVE('',#3391,#3393,#1190,.T.);
#4816=EDGE_CURVE('',#3395,#3393,#1721,.T.);
#4818=EDGE_CURVE('',#3397,#3395,#1729,.T.);
#4820=EDGE_CURVE('',#3399,#3397,#1733,.T.);
#4822=EDGE_CURVE('',#3399,#3387,#1195,.T.);
#4827=ADVANCED_FACE('',(#4826),#4808,.T.);
#4833=EDGE_CURVE('',#3401,#3070,#1225,.T.);
#4835=EDGE_CURVE('',#3389,#3401,#1587,.T.);
#4841=ADVANCED_FACE('',(#4840),#4832,.F.);
#4848=EDGE_CURVE('',#3403,#3068,#1233,.T.);
#4850=EDGE_CURVE('',#3403,#3405,#1204,.T.);
#4852=EDGE_CURVE('',#3405,#3407,#1208,.T.);
#4854=EDGE_CURVE('',#3407,#3409,#1212,.T.);
#4856=EDGE_CURVE('',#3409,#3411,#1216,.T.);
#4858=EDGE_CURVE('',#3411,#3413,#1221,.T.);
#4860=EDGE_CURVE('',#3401,#3413,#1591,.T.);
#4865=ADVANCED_FACE('',(#4864),#4846,.F.);
#4872=EDGE_CURVE('',#3066,#3415,#1229,.T.);
#4874=EDGE_CURVE('',#3403,#3415,#1761,.T.);
#4879=ADVANCED_FACE('',(#4878),#4870,.F.);
#4886=EDGE_CURVE('',#3417,#3064,#1267,.T.);
#4888=EDGE_CURVE('',#3417,#3419,#1241,.T.);
#4890=EDGE_CURVE('',#3419,#3421,#1246,.T.);
#4892=EDGE_CURVE('',#3421,#3423,#1250,.T.);
#4894=EDGE_CURVE('',#3423,#3425,#1254,.T.);
#4896=EDGE_CURVE('',#3425,#3427,#1258,.T.);
#4898=EDGE_CURVE('',#3427,#3415,#1263,.T.);
#4903=ADVANCED_FACE('',(#4902),#4884,.T.);
#4911=EDGE_CURVE('',#3429,#3062,#1293,.T.);
#4913=EDGE_CURVE('',#3417,#3429,#1595,.T.);
#4917=ADVANCED_FACE('',(#4916),#4908,.F.);
#4924=EDGE_CURVE('',#3431,#3060,#1301,.T.);
#4926=EDGE_CURVE('',#3431,#3433,#1272,.T.);
#4928=EDGE_CURVE('',#3433,#3435,#1276,.T.);
#4930=EDGE_CURVE('',#3435,#3437,#1280,.T.);
#4932=EDGE_CURVE('',#3437,#3439,#1284,.T.);
#4934=EDGE_CURVE('',#3439,#3441,#1289,.T.);
#4936=EDGE_CURVE('',#3429,#3441,#1599,.T.);
#4941=ADVANCED_FACE('',(#4940),#4922,.F.);
#4948=EDGE_CURVE('',#3058,#3443,#1297,.T.);
#4950=EDGE_CURVE('',#3431,#3443,#1785,.T.);
#4955=ADVANCED_FACE('',(#4954),#4946,.F.);
#4962=EDGE_CURVE('',#3445,#3056,#1335,.T.);
#4964=EDGE_CURVE('',#3445,#3447,#1309,.T.);
#4966=EDGE_CURVE('',#3447,#3449,#1314,.T.);
#4968=EDGE_CURVE('',#3449,#3451,#1318,.T.);
#4970=EDGE_CURVE('',#3451,#3453,#1322,.T.);
#4972=EDGE_CURVE('',#3453,#3455,#1326,.T.);
#4974=EDGE_CURVE('',#3455,#3443,#1331,.T.);
#4979=ADVANCED_FACE('',(#4978),#4960,.T.);
#4985=EDGE_CURVE('',#3457,#3054,#1361,.T.);
#4987=EDGE_CURVE('',#3445,#3457,#1603,.T.);
#4993=ADVANCED_FACE('',(#4992),#4984,.F.);
#5000=EDGE_CURVE('',#3459,#3052,#1365,.T.);
#5002=EDGE_CURVE('',#3459,#3461,#1340,.T.);
#5004=EDGE_CURVE('',#3461,#3463,#1344,.T.);
#5006=EDGE_CURVE('',#3463,#3465,#1348,.T.);
#5008=EDGE_CURVE('',#3465,#3467,#1352,.T.);
#5010=EDGE_CURVE('',#3467,#3469,#1357,.T.);
#5012=EDGE_CURVE('',#3457,#3469,#1607,.T.);
#5017=ADVANCED_FACE('',(#5016),#4998,.F.);
#5024=EDGE_CURVE('',#3471,#3050,#1399,.T.);
#5026=EDGE_CURVE('',#3459,#3471,#1809,.T.);
#5031=ADVANCED_FACE('',(#5030),#5022,.F.);
#5038=EDGE_CURVE('',#3473,#3048,#1403,.T.);
#5040=EDGE_CURVE('',#3473,#3475,#1373,.T.);
#5042=EDGE_CURVE('',#3475,#3477,#1378,.T.);
#5044=EDGE_CURVE('',#3477,#3479,#1382,.T.);
#5046=EDGE_CURVE('',#3479,#3481,#1386,.T.);
#5048=EDGE_CURVE('',#3481,#3483,#1390,.T.);
#5050=EDGE_CURVE('',#3483,#3471,#1395,.T.);
#5055=ADVANCED_FACE('',(#5054),#5036,.T.);
#5061=EDGE_CURVE('',#3485,#3046,#1429,.T.);
#5063=EDGE_CURVE('',#3473,#3485,#1611,.T.);
#5069=ADVANCED_FACE('',(#5068),#5060,.F.);
#5076=EDGE_CURVE('',#3487,#3044,#1437,.T.);
#5078=EDGE_CURVE('',#3487,#3489,#1408,.T.);
#5080=EDGE_CURVE('',#3489,#3491,#1412,.T.);
#5082=EDGE_CURVE('',#3491,#3493,#1416,.T.);
#5084=EDGE_CURVE('',#3493,#3495,#1420,.T.);
#5086=EDGE_CURVE('',#3495,#3497,#1425,.T.);
#5088=EDGE_CURVE('',#3485,#3497,#1615,.T.);
#5093=ADVANCED_FACE('',(#5092),#5074,.F.);
#5100=EDGE_CURVE('',#3042,#3499,#1433,.T.);
#5102=EDGE_CURVE('',#3487,#3499,#1833,.T.);
#5107=ADVANCED_FACE('',(#5106),#5098,.F.);
#5114=EDGE_CURVE('',#3501,#3040,#1471,.T.);
#5116=EDGE_CURVE('',#3501,#3503,#1445,.T.);
#5118=EDGE_CURVE('',#3503,#3505,#1450,.T.);
#5120=EDGE_CURVE('',#3505,#3507,#1454,.T.);
#5122=EDGE_CURVE('',#3507,#3509,#1458,.T.);
#5124=EDGE_CURVE('',#3509,#3511,#1462,.T.);
#5126=EDGE_CURVE('',#3511,#3499,#1467,.T.);
#5131=ADVANCED_FACE('',(#5130),#5112,.T.);
#5139=EDGE_CURVE('',#3513,#3038,#1501,.T.);
#5141=EDGE_CURVE('',#3501,#3513,#1555,.T.);
#5145=ADVANCED_FACE('',(#5144),#5136,.F.);
#5152=EDGE_CURVE('',#3036,#3515,#1475,.T.);
#5154=EDGE_CURVE('',#3515,#3517,#1480,.T.);
#5156=EDGE_CURVE('',#3517,#3519,#1484,.T.);
#5158=EDGE_CURVE('',#3519,#3521,#1488,.T.);
#5160=EDGE_CURVE('',#3521,#3523,#1492,.T.);
#5162=EDGE_CURVE('',#3523,#3525,#1497,.T.);
#5164=EDGE_CURVE('',#3513,#3525,#1559,.T.);
#5169=ADVANCED_FACE('',(#5168),#5150,.F.);
#5176=EDGE_CURVE('',#3527,#3034,#1535,.T.);
#5178=EDGE_CURVE('',#3515,#3527,#1635,.T.);
#5183=ADVANCED_FACE('',(#5182),#5174,.F.);
#5190=EDGE_CURVE('',#3529,#3032,#1539,.T.);
#5192=EDGE_CURVE('',#3529,#3531,#1509,.T.);
#5194=EDGE_CURVE('',#3531,#3533,#1514,.T.);
#5196=EDGE_CURVE('',#3533,#3535,#1518,.T.);
#5198=EDGE_CURVE('',#3535,#3537,#1522,.T.);
#5200=EDGE_CURVE('',#3537,#3539,#1526,.T.);
#5202=EDGE_CURVE('',#3539,#3527,#1531,.T.);
#5207=ADVANCED_FACE('',(#5206),#5188,.T.);
#5215=EDGE_CURVE('',#3030,#3541,#1543,.T.);
#5217=EDGE_CURVE('',#3529,#3541,#1563,.T.);
#5221=ADVANCED_FACE('',(#5220),#5212,.F.);
#5227=EDGE_CURVE('',#2989,#3028,#1551,.T.);
#5231=EDGE_CURVE('',#3541,#2921,#1567,.T.);
#5237=ADVANCED_FACE('',(#5236),#5226,.F.);
#5249=ADVANCED_FACE('',(#5248),#5242,.F.);
#5258=EDGE_CURVE('',#3531,#3525,#1619,.T.);
#5263=EDGE_CURVE('',#2832,#2921,#1643,.T.);
#5265=EDGE_CURVE('',#2832,#2830,#1571,.T.);
#5267=EDGE_CURVE('',#2830,#2907,#1575,.T.);
#5272=EDGE_CURVE('',#3391,#3385,#1709,.T.);
#5277=EDGE_CURVE('',#3419,#3413,#1745,.T.);
#5282=EDGE_CURVE('',#3447,#3441,#1769,.T.);
#5287=EDGE_CURVE('',#3475,#3469,#1793,.T.);
#5292=EDGE_CURVE('',#3503,#3497,#1817,.T.);
#5296=ADVANCED_FACE('',(#5295),#5254,.F.);
#5304=EDGE_CURVE('',#3523,#3533,#1623,.T.);
#5309=ADVANCED_FACE('',(#5308),#5301,.F.);
#5316=EDGE_CURVE('',#3521,#3535,#1627,.T.);
#5322=ADVANCED_FACE('',(#5321),#5314,.T.);
#5329=EDGE_CURVE('',#3519,#3537,#1631,.T.);
#5335=ADVANCED_FACE('',(#5334),#5327,.T.);
#5342=EDGE_CURVE('',#3539,#3517,#1639,.T.);
#5348=ADVANCED_FACE('',(#5347),#5340,.F.);
#5360=ADVANCED_FACE('',(#5359),#5353,.T.);
#5368=EDGE_CURVE('',#2919,#2834,#1647,.T.);
#5370=EDGE_CURVE('',#2834,#2832,#1651,.T.);
#5374=ADVANCED_FACE('',(#5373),#5365,.T.);
#5380=EDGE_CURVE('',#2834,#2836,#1676,.T.);
#5384=EDGE_CURVE('',#2917,#2836,#1655,.T.);
#5388=ADVANCED_FACE('',(#5387),#5379,.T.);
#5395=EDGE_CURVE('',#2823,#2824,#1660,.T.);
#5397=EDGE_CURVE('',#2824,#2826,#1664,.T.);
#5399=EDGE_CURVE('',#2826,#2828,#1668,.T.);
#5401=EDGE_CURVE('',#2828,#2830,#1672,.T.);
#5406=EDGE_CURVE('',#2836,#2838,#1680,.T.);
#5411=ADVANCED_FACE('',(#5410),#5393,.T.);
#5420=EDGE_CURVE('',#2913,#2824,#1697,.T.);
#5425=ADVANCED_FACE('',(#5424),#5416,.T.);
#5434=EDGE_CURVE('',#2911,#2826,#1701,.T.);
#5438=ADVANCED_FACE('',(#5437),#5430,.F.);
#5447=EDGE_CURVE('',#2909,#2828,#1705,.T.);
#5451=ADVANCED_FACE('',(#5450),#5443,.T.);
#5463=ADVANCED_FACE('',(#5462),#5456,.F.);
#5475=ADVANCED_FACE('',(#5474),#5468,.T.);
#5483=EDGE_CURVE('',#3383,#3393,#1713,.T.);
#5488=ADVANCED_FACE('',(#5487),#5480,.F.);
#5495=EDGE_CURVE('',#3381,#3395,#1717,.T.);
#5501=ADVANCED_FACE('',(#5500),#5493,.T.);
#5508=EDGE_CURVE('',#3379,#3397,#1725,.T.);
#5514=ADVANCED_FACE('',(#5513),#5506,.T.);
#5521=EDGE_CURVE('',#3399,#3377,#1741,.T.);
#5527=ADVANCED_FACE('',(#5526),#5519,.F.);
#5539=ADVANCED_FACE('',(#5538),#5532,.T.);
#5547=EDGE_CURVE('',#3411,#3421,#1749,.T.);
#5552=ADVANCED_FACE('',(#5551),#5544,.F.);
#5559=EDGE_CURVE('',#3409,#3423,#1753,.T.);
#5565=ADVANCED_FACE('',(#5564),#5557,.T.);
#5572=EDGE_CURVE('',#3407,#3425,#1757,.T.);
#5578=ADVANCED_FACE('',(#5577),#5570,.T.);
#5585=EDGE_CURVE('',#3427,#3405,#1765,.T.);
#5591=ADVANCED_FACE('',(#5590),#5583,.F.);
#5603=ADVANCED_FACE('',(#5602),#5596,.T.);
#5611=EDGE_CURVE('',#3439,#3449,#1773,.T.);
#5616=ADVANCED_FACE('',(#5615),#5608,.F.);
#5622=EDGE_CURVE('',#3437,#3451,#1777,.T.);
#5629=ADVANCED_FACE('',(#5628),#5621,.T.);
#5635=EDGE_CURVE('',#3435,#3453,#1781,.T.);
#5642=ADVANCED_FACE('',(#5641),#5634,.T.);
#5648=EDGE_CURVE('',#3455,#3433,#1789,.T.);
#5655=ADVANCED_FACE('',(#5654),#5647,.F.);
#5667=ADVANCED_FACE('',(#5666),#5660,.T.);
#5675=EDGE_CURVE('',#3467,#3477,#1797,.T.);
#5680=ADVANCED_FACE('',(#5679),#5672,.F.);
#5687=EDGE_CURVE('',#3479,#3465,#1801,.T.);
#5693=ADVANCED_FACE('',(#5692),#5685,.T.);
#5700=EDGE_CURVE('',#3481,#3463,#1805,.T.);
#5706=ADVANCED_FACE('',(#5705),#5698,.T.);
#5713=EDGE_CURVE('',#3483,#3461,#1813,.T.);
#5719=ADVANCED_FACE('',(#5718),#5711,.F.);
#5731=ADVANCED_FACE('',(#5730),#5724,.T.);
#5739=EDGE_CURVE('',#3495,#3505,#1821,.T.);
#5744=ADVANCED_FACE('',(#5743),#5736,.F.);
#5751=EDGE_CURVE('',#3507,#3493,#1825,.T.);
#5757=ADVANCED_FACE('',(#5756),#5749,.T.);
#5764=EDGE_CURVE('',#3509,#3491,#1829,.T.);
#5770=ADVANCED_FACE('',(#5769),#5762,.T.);
#5777=EDGE_CURVE('',#3511,#3489,#1837,.T.);
#5783=ADVANCED_FACE('',(#5782),#5775,.F.);
#5795=ADVANCED_FACE('',(#5794),#5788,.T.);
#5804=EDGE_CURVE('',#3003,#3021,#1845,.T.);
#5808=ADVANCED_FACE('',(#5807),#5800,.T.);
#5820=ADVANCED_FACE('',(#5819),#5813,.T.);
#5832=ADVANCED_FACE('',(#5831),#5825,.T.);
#5845=ADVANCED_FACE('',(#5844),#5837,.T.);
#5852=EDGE_CURVE('',#3130,#3128,#1869,.T.);
#5855=EDGE_CURVE('',#2854,#3137,#1877,.T.);
#5859=ADVANCED_FACE('',(#5858),#5850,.F.);
#5865=EDGE_CURVE('',#2974,#3128,#1882,.T.);
#5869=EDGE_CURVE('',#2974,#3126,#1895,.T.);
#5873=ADVANCED_FACE('',(#5872),#5864,.F.);
#5885=ADVANCED_FACE('',(#5884),#5878,.F.);
#5891=EDGE_CURVE('',#3122,#2975,#1891,.T.);
#5898=ADVANCED_FACE('',(#5897),#5890,.F.);
#5907=EDGE_CURVE('',#3120,#3124,#1908,.T.);
#5911=ADVANCED_FACE('',(#5910),#5903,.F.);
#5917=EDGE_CURVE('',#3142,#3102,#1904,.T.);
#5919=EDGE_CURVE('',#3120,#3102,#1951,.T.);
#5925=ADVANCED_FACE('',(#5924),#5916,.T.);
#5931=EDGE_CURVE('',#2865,#3102,#1913,.T.);
#5935=EDGE_CURVE('',#2865,#3140,#1984,.T.);
#5939=ADVANCED_FACE('',(#5938),#5930,.F.);
#5946=EDGE_CURVE('',#3102,#3579,#1955,.T.);
#5952=ADVANCED_FACE('',(#5951),#5944,.F.);
#5962=EDGE_CURVE('',#3581,#3100,#1964,.T.);
#5966=ADVANCED_FACE('',(#5965),#5957,.F.);
#5978=ADVANCED_FACE('',(#5977),#5971,.T.);
#5987=EDGE_CURVE('',#3098,#3583,#1968,.T.);
#5991=ADVANCED_FACE('',(#5990),#5983,.T.);
#6000=EDGE_CURVE('',#2896,#2901,#1972,.T.);
#6004=ADVANCED_FACE('',(#6003),#5996,.F.);
#6017=ADVANCED_FACE('',(#6016),#6009,.T.);
#6023=EDGE_CURVE('',#3138,#2855,#1980,.T.);
#6030=ADVANCED_FACE('',(#6029),#6022,.T.);
#6042=ADVANCED_FACE('',(#6041),#6035,.F.);
#6051=EDGE_CURVE('',#2858,#2875,#1997,.T.);
#6055=ADVANCED_FACE('',(#6054),#6047,.T.);
#6063=EDGE_CURVE('',#2877,#2871,#2013,.T.);
#6068=ADVANCED_FACE('',(#6067),#6060,.T.);
#6075=EDGE_CURVE('',#2869,#2879,#2009,.T.);
#6081=ADVANCED_FACE('',(#6080),#6073,.F.);
#6088=EDGE_CURVE('',#2881,#2868,#2021,.T.);
#6094=ADVANCED_FACE('',(#6093),#6086,.T.);
#6106=ADVANCED_FACE('',(#6105),#6099,.F.);
#6112=EDGE_CURVE('',#3143,#3144,#2028,.T.);
#6114=EDGE_CURVE('',#3144,#3106,#2032,.T.);
#6117=EDGE_CURVE('',#3105,#3146,#2036,.T.);
#6119=EDGE_CURVE('',#3143,#3146,#2405,.T.);
#6123=ADVANCED_FACE('',(#6122),#6111,.T.);
#6129=EDGE_CURVE('',#3149,#3150,#2083,.T.);
#6131=EDGE_CURVE('',#3149,#3152,#2040,.T.);
#6133=EDGE_CURVE('',#3154,#3152,#2780,.T.);
#6135=EDGE_CURVE('',#3154,#3156,#2044,.T.);
#6137=EDGE_CURVE('',#3158,#3156,#2759,.T.);
#6139=EDGE_CURVE('',#3158,#3160,#2048,.T.);
#6141=EDGE_CURVE('',#3160,#3162,#2052,.T.);
#6143=EDGE_CURVE('',#3162,#3163,#2059,.T.);
#6145=EDGE_CURVE('',#3144,#3163,#2464,.T.);
#6148=EDGE_CURVE('',#3143,#3165,#2063,.T.);
#6150=EDGE_CURVE('',#3165,#3167,#2067,.T.);
#6152=EDGE_CURVE('',#3169,#3167,#2196,.T.);
#6154=EDGE_CURVE('',#3169,#3171,#2071,.T.);
#6156=EDGE_CURVE('',#3173,#3171,#2179,.T.);
#6158=EDGE_CURVE('',#3173,#3175,#2075,.T.);
#6160=EDGE_CURVE('',#3177,#3175,#2100,.T.);
#6162=EDGE_CURVE('',#3177,#3150,#2079,.T.);
#6166=ADVANCED_FACE('',(#6165),#6128,.T.);
#6173=EDGE_CURVE('',#3150,#3179,#2087,.T.);
#6175=EDGE_CURVE('',#3179,#3181,#2092,.T.);
#6177=EDGE_CURVE('',#3181,#3149,#2096,.T.);
#6181=ADVANCED_FACE('',(#6180),#6171,.F.);
#6188=EDGE_CURVE('',#3183,#3177,#2109,.T.);
#6190=EDGE_CURVE('',#3179,#3183,#2175,.T.);
#6195=ADVANCED_FACE('',(#6194),#6186,.T.);
#6202=EDGE_CURVE('',#3185,#3175,#2113,.T.);
#6204=EDGE_CURVE('',#3185,#3183,#2105,.T.);
#6209=ADVANCED_FACE('',(#6208),#6200,.T.);
#6216=EDGE_CURVE('',#3185,#3181,#2171,.T.);
#6220=EDGE_CURVE('',#3187,#3173,#2192,.T.);
#6222=EDGE_CURVE('',#3189,#3187,#2209,.T.);
#6224=EDGE_CURVE('',#3189,#3167,#2117,.T.);
#6227=EDGE_CURVE('',#3165,#3191,#2121,.T.);
#6229=EDGE_CURVE('',#3191,#3193,#2126,.T.);
#6231=EDGE_CURVE('',#3193,#3195,#2130,.T.);
#6233=EDGE_CURVE('',#3195,#3197,#2134,.T.);
#6235=EDGE_CURVE('',#3197,#3199,#2138,.T.);
#6237=EDGE_CURVE('',#3199,#3201,#2142,.T.);
#6239=EDGE_CURVE('',#3201,#3203,#2146,.T.);
#6241=EDGE_CURVE('',#3203,#3205,#2150,.T.);
#6243=EDGE_CURVE('',#3205,#3207,#2154,.T.);
#6245=EDGE_CURVE('',#3207,#3209,#2159,.T.);
#6247=EDGE_CURVE('',#3209,#3160,#2163,.T.);
#6250=EDGE_CURVE('',#3211,#3158,#2768,.T.);
#6252=EDGE_CURVE('',#3213,#3211,#2789,.T.);
#6254=EDGE_CURVE('',#3213,#3152,#2167,.T.);
#6259=ADVANCED_FACE('',(#6258),#6214,.T.);
#6271=ADVANCED_FACE('',(#6270),#6264,.T.);
#6278=EDGE_CURVE('',#3171,#3215,#2183,.T.);
#6280=EDGE_CURVE('',#3215,#3187,#2188,.T.);
#6285=ADVANCED_FACE('',(#6284),#6276,.F.);
#6292=EDGE_CURVE('',#3217,#3169,#2205,.T.);
#6294=EDGE_CURVE('',#3215,#3217,#2213,.T.);
#6299=ADVANCED_FACE('',(#6298),#6290,.T.);
#6307=EDGE_CURVE('',#3189,#3217,#2201,.T.);
#6312=ADVANCED_FACE('',(#6311),#6304,.T.);
#6324=ADVANCED_FACE('',(#6323),#6317,.T.);
#6330=EDGE_CURVE('',#3220,#3221,#2225,.T.);
#6332=EDGE_CURVE('',#3223,#3220,#2641,.T.);
#6334=EDGE_CURVE('',#3191,#3223,#2667,.T.);
#6337=EDGE_CURVE('',#3165,#3225,#2217,.T.);
#6339=EDGE_CURVE('',#3227,#3225,#2338,.T.);
#6341=EDGE_CURVE('',#3229,#3227,#2268,.T.);
#6343=EDGE_CURVE('',#3229,#3221,#2221,.T.);
#6347=ADVANCED_FACE('',(#6346),#6329,.T.);
#6354=EDGE_CURVE('',#3231,#3221,#2251,.T.);
#6356=EDGE_CURVE('',#3231,#3233,#2229,.T.);
#6358=EDGE_CURVE('',#3220,#3233,#2646,.T.);
#6362=ADVANCED_FACE('',(#6361),#6352,.F.);
#6368=EDGE_CURVE('',#3236,#3237,#2233,.T.);
#6370=EDGE_CURVE('',#3237,#3239,#2237,.T.);
#6372=EDGE_CURVE('',#3239,#3241,#2242,.T.);
#6374=EDGE_CURVE('',#3241,#3231,#2246,.T.);
#6378=EDGE_CURVE('',#3229,#3236,#2256,.T.);
#6382=ADVANCED_FACE('',(#6381),#6367,.F.);
#6389=EDGE_CURVE('',#3243,#3236,#2272,.T.);
#6391=EDGE_CURVE('',#3243,#3245,#2260,.T.);
#6393=EDGE_CURVE('',#3245,#3237,#2264,.T.);
#6397=ADVANCED_FACE('',(#6396),#6387,.F.);
#6405=EDGE_CURVE('',#3243,#3227,#2334,.T.);
#6410=ADVANCED_FACE('',(#6409),#6402,.F.);
#6416=EDGE_CURVE('',#3248,#3249,#2276,.T.);
#6418=EDGE_CURVE('',#3249,#3251,#2280,.T.);
#6420=EDGE_CURVE('',#3253,#3251,#2742,.T.);
#6422=EDGE_CURVE('',#3255,#3253,#2734,.T.);
#6424=EDGE_CURVE('',#3255,#3257,#2284,.T.);
#6426=EDGE_CURVE('',#3257,#3259,#2288,.T.);
#6428=EDGE_CURVE('',#3261,#3259,#2700,.T.);
#6430=EDGE_CURVE('',#3263,#3261,#2692,.T.);
#6432=EDGE_CURVE('',#3263,#3265,#2292,.T.);
#6434=EDGE_CURVE('',#3265,#3267,#2296,.T.);
#6436=EDGE_CURVE('',#3267,#3269,#2300,.T.);
#6438=EDGE_CURVE('',#3269,#3271,#2305,.T.);
#6440=EDGE_CURVE('',#3271,#3273,#2309,.T.);
#6442=EDGE_CURVE('',#3273,#3275,#2313,.T.);
#6444=EDGE_CURVE('',#3275,#3277,#2317,.T.);
#6446=EDGE_CURVE('',#3277,#3279,#2321,.T.);
#6448=EDGE_CURVE('',#3279,#3281,#2325,.T.);
#6450=EDGE_CURVE('',#3281,#3245,#2329,.T.);
#6455=EDGE_CURVE('',#3225,#3283,#2342,.T.);
#6457=EDGE_CURVE('',#3285,#3283,#2363,.T.);
#6459=EDGE_CURVE('',#3248,#3285,#2355,.T.);
#6463=ADVANCED_FACE('',(#6462),#6415,.F.);
#6470=EDGE_CURVE('',#3248,#3287,#2347,.T.);
#6472=EDGE_CURVE('',#3289,#3287,#2395,.T.);
#6474=EDGE_CURVE('',#3289,#3249,#2351,.T.);
#6478=ADVANCED_FACE('',(#6477),#6468,.F.);
#6485=EDGE_CURVE('',#3291,#3285,#2372,.T.);
#6487=EDGE_CURVE('',#3291,#3287,#2359,.T.);
#6492=ADVANCED_FACE('',(#6491),#6483,.T.);
#6499=EDGE_CURVE('',#3283,#3293,#2367,.T.);
#6501=EDGE_CURVE('',#3291,#3293,#2399,.T.);
#6506=ADVANCED_FACE('',(#6505),#6497,.T.);
#6512=EDGE_CURVE('',#3289,#3293,#2376,.T.);
#6516=EDGE_CURVE('',#3295,#3225,#2419,.T.);
#6518=EDGE_CURVE('',#3295,#3296,#2383,.T.);
#6520=EDGE_CURVE('',#3296,#3298,#2387,.T.);
#6522=EDGE_CURVE('',#3299,#3298,#2434,.T.);
#6524=EDGE_CURVE('',#3267,#3299,#2476,.T.);
#6527=EDGE_CURVE('',#3301,#3265,#2688,.T.);
#6529=EDGE_CURVE('',#3303,#3301,#2717,.T.);
#6531=EDGE_CURVE('',#3259,#3303,#2704,.T.);
#6534=EDGE_CURVE('',#3305,#3257,#2730,.T.);
#6536=EDGE_CURVE('',#3305,#3307,#2391,.T.);
#6538=EDGE_CURVE('',#3251,#3307,#2746,.T.);
#6544=ADVANCED_FACE('',(#6543),#6511,.T.);
#6556=ADVANCED_FACE('',(#6555),#6549,.F.);
#6563=EDGE_CURVE('',#3146,#3309,#2409,.T.);
#6565=EDGE_CURVE('',#3309,#3295,#2415,.T.);
#6572=ADVANCED_FACE('',(#6571),#6561,.T.);
#6580=EDGE_CURVE('',#3309,#3118,#2423,.T.);
#6585=ADVANCED_FACE('',(#6584),#6577,.T.);
#6593=EDGE_CURVE('',#3116,#3296,#2427,.T.);
#6599=ADVANCED_FACE('',(#6598),#6590,.T.);
#6605=EDGE_CURVE('',#3298,#3114,#2438,.T.);
#6612=ADVANCED_FACE('',(#6611),#6604,.F.);
#6621=EDGE_CURVE('',#3112,#3311,#2442,.T.);
#6623=EDGE_CURVE('',#3299,#3311,#2482,.T.);
#6627=ADVANCED_FACE('',(#6626),#6617,.T.);
#6633=EDGE_CURVE('',#3313,#3110,#2450,.T.);
#6635=EDGE_CURVE('',#3313,#3311,#2446,.T.);
#6641=ADVANCED_FACE('',(#6640),#6632,.F.);
#6649=EDGE_CURVE('',#3108,#3163,#2454,.T.);
#6652=EDGE_CURVE('',#3162,#3313,#2460,.T.);
#6656=ADVANCED_FACE('',(#6655),#6646,.T.);
#6668=ADVANCED_FACE('',(#6667),#6661,.T.);
#6675=EDGE_CURVE('',#3160,#3267,#2472,.T.);
#6683=ADVANCED_FACE('',(#6682),#6673,.T.);
#6689=EDGE_CURVE('',#3316,#3317,#2486,.T.);
#6691=EDGE_CURVE('',#3269,#3317,#2580,.T.);
#6696=EDGE_CURVE('',#3319,#3209,#2552,.T.);
#6698=EDGE_CURVE('',#3321,#3319,#2525,.T.);
#6700=EDGE_CURVE('',#3316,#3321,#2517,.T.);
#6704=ADVANCED_FACE('',(#6703),#6688,.F.);
#6711=EDGE_CURVE('',#3316,#3323,#2491,.T.);
#6713=EDGE_CURVE('',#3323,#3325,#2495,.T.);
#6715=EDGE_CURVE('',#3325,#3327,#2500,.T.);
#6717=EDGE_CURVE('',#3327,#3329,#2504,.T.);
#6719=EDGE_CURVE('',#3329,#3331,#2508,.T.);
#6721=EDGE_CURVE('',#3331,#3317,#2513,.T.);
#6725=ADVANCED_FACE('',(#6724),#6709,.F.);
#6732=EDGE_CURVE('',#3333,#3321,#2548,.T.);
#6734=EDGE_CURVE('',#3333,#3323,#2521,.T.);
#6739=ADVANCED_FACE('',(#6738),#6730,.F.);
#6746=EDGE_CURVE('',#3319,#3335,#2530,.T.);
#6748=EDGE_CURVE('',#3337,#3335,#2560,.T.);
#6750=EDGE_CURVE('',#3337,#3339,#2534,.T.);
#6752=EDGE_CURVE('',#3339,#3341,#2539,.T.);
#6754=EDGE_CURVE('',#3341,#3333,#2543,.T.);
#6759=ADVANCED_FACE('',(#6758),#6744,.T.);
#6768=EDGE_CURVE('',#3207,#3335,#2556,.T.);
#6772=ADVANCED_FACE('',(#6771),#6764,.F.);
#6781=EDGE_CURVE('',#3205,#3337,#2564,.T.);
#6785=ADVANCED_FACE('',(#6784),#6777,.F.);
#6791=EDGE_CURVE('',#3329,#3273,#2572,.T.);
#6794=EDGE_CURVE('',#3339,#3327,#2588,.T.);
#6799=EDGE_CURVE('',#3203,#3275,#2568,.T.);
#6804=ADVANCED_FACE('',(#6803),#6790,.F.);
#6813=EDGE_CURVE('',#3331,#3271,#2576,.T.);
#6817=ADVANCED_FACE('',(#6816),#6809,.F.);
#6829=ADVANCED_FACE('',(#6828),#6822,.F.);
#6836=EDGE_CURVE('',#3325,#3341,#2584,.T.);
#6842=ADVANCED_FACE('',(#6841),#6834,.T.);
#6854=ADVANCED_FACE('',(#6853),#6847,.F.);
#6860=EDGE_CURVE('',#3201,#3343,#2592,.T.);
#6862=EDGE_CURVE('',#3343,#3345,#2596,.T.);
#6864=EDGE_CURVE('',#3345,#3277,#2600,.T.);
#6871=ADVANCED_FACE('',(#6870),#6859,.F.);
#6877=EDGE_CURVE('',#3347,#3343,#2604,.T.);
#6881=EDGE_CURVE('',#3199,#3347,#2608,.T.);
#6885=ADVANCED_FACE('',(#6884),#6876,.T.);
#6891=EDGE_CURVE('',#3347,#3349,#2612,.T.);
#6893=EDGE_CURVE('',#3349,#3345,#2616,.T.);
#6899=ADVANCED_FACE('',(#6898),#6890,.T.);
#6907=EDGE_CURVE('',#3197,#3281,#2620,.T.);
#6910=EDGE_CURVE('',#3279,#3349,#2624,.T.);
#6915=ADVANCED_FACE('',(#6914),#6904,.T.);
#6921=EDGE_CURVE('',#3351,#3195,#2632,.T.);
#6923=EDGE_CURVE('',#3353,#3351,#2659,.T.);
#6925=EDGE_CURVE('',#3239,#3353,#2675,.T.);
#6934=ADVANCED_FACE('',(#6933),#6920,.T.);
#6940=EDGE_CURVE('',#3355,#3351,#2628,.T.);
#6944=EDGE_CURVE('',#3355,#3193,#2663,.T.);
#6948=ADVANCED_FACE('',(#6947),#6939,.F.);
#6955=EDGE_CURVE('',#3355,#3223,#2637,.T.);
#6959=EDGE_CURVE('',#3233,#3357,#2650,.T.);
#6961=EDGE_CURVE('',#3357,#3353,#2655,.T.);
#6966=ADVANCED_FACE('',(#6965),#6953,.T.);
#6978=ADVANCED_FACE('',(#6977),#6971,.F.);
#6987=EDGE_CURVE('',#3357,#3241,#2671,.T.);
#6991=ADVANCED_FACE('',(#6990),#6983,.F.);
#7003=ADVANCED_FACE('',(#7002),#6996,.T.);
#7015=ADVANCED_FACE('',(#7014),#7008,.T.);
#7022=EDGE_CURVE('',#3263,#3359,#2680,.T.);
#7024=EDGE_CURVE('',#3359,#3301,#2684,.T.);
#7029=ADVANCED_FACE('',(#7028),#7020,.F.);
#7036=EDGE_CURVE('',#3361,#3261,#2713,.T.);
#7038=EDGE_CURVE('',#3361,#3359,#2696,.T.);
#7043=ADVANCED_FACE('',(#7042),#7034,.T.);
#7051=EDGE_CURVE('',#3303,#3361,#2708,.T.);
#7056=ADVANCED_FACE('',(#7055),#7048,.T.);
#7068=ADVANCED_FACE('',(#7067),#7061,.F.);
#7075=EDGE_CURVE('',#3255,#3363,#2722,.T.);
#7077=EDGE_CURVE('',#3363,#3305,#2726,.T.);
#7082=ADVANCED_FACE('',(#7081),#7073,.F.);
#7089=EDGE_CURVE('',#3365,#3253,#2755,.T.);
#7091=EDGE_CURVE('',#3365,#3363,#2738,.T.);
#7096=ADVANCED_FACE('',(#7095),#7087,.T.);
#7104=EDGE_CURVE('',#3307,#3365,#2750,.T.);
#7109=ADVANCED_FACE('',(#7108),#7101,.T.);
#7121=ADVANCED_FACE('',(#7120),#7114,.F.);
#7128=EDGE_CURVE('',#3367,#3156,#2776,.T.);
#7130=EDGE_CURVE('',#3367,#3211,#2764,.T.);
#7135=ADVANCED_FACE('',(#7134),#7126,.F.);
#7142=EDGE_CURVE('',#3154,#3369,#2772,.T.);
#7144=EDGE_CURVE('',#3367,#3369,#2793,.T.);
#7149=ADVANCED_FACE('',(#7148),#7140,.T.);
#7157=EDGE_CURVE('',#3213,#3369,#2785,.T.);
#7162=ADVANCED_FACE('',(#7161),#7154,.T.);
#7174=ADVANCED_FACE('',(#7173),#7167,.T.);
#7181=EDGE_CURVE('',#3593,#2981,#2802,.T.);
#7187=ADVANCED_FACE('',(#7186),#7179,.T.);
#7199=ADVANCED_FACE('',(#7198),#7192,.T.);
#7200=CLOSED_SHELL('',(#3643,#3682,#3698,#3721,#3748,#3762,#3776,#3810,#3834,
#3858,#3873,#3903,#3922,#3938,#3969,#3984,#4011,#4027,#4040,#4052,#4065,#4078,
#4091,#4104,#4116,#4131,#4145,#4185,#4201,#4216,#4229,#4243,#4256,#4272,#4285,
#4297,#4311,#4340,#4354,#4369,#4383,#4414,#4427,#4444,#4474,#4489,#4526,#4539,
#4566,#4583,#4597,#4614,#4690,#4705,#4722,#4735,#4751,#4765,#4789,#4803,#4827,
#4841,#4865,#4879,#4903,#4917,#4941,#4955,#4979,#4993,#5017,#5031,#5055,#5069,
#5093,#5107,#5131,#5145,#5169,#5183,#5207,#5221,#5237,#5249,#5296,#5309,#5322,
#5335,#5348,#5360,#5374,#5388,#5411,#5425,#5438,#5451,#5463,#5475,#5488,#5501,
#5514,#5527,#5539,#5552,#5565,#5578,#5591,#5603,#5616,#5629,#5642,#5655,#5667,
#5680,#5693,#5706,#5719,#5731,#5744,#5757,#5770,#5783,#5795,#5808,#5820,#5832,
#5845,#5859,#5873,#5885,#5898,#5911,#5925,#5939,#5952,#5966,#5978,#5991,#6004,
#6017,#6030,#6042,#6055,#6068,#6081,#6094,#6106,#6123,#6166,#6181,#6195,#6209,
#6259,#6271,#6285,#6299,#6312,#6324,#6347,#6362,#6382,#6397,#6410,#6463,#6478,
#6492,#6506,#6544,#6556,#6572,#6585,#6599,#6612,#6627,#6641,#6656,#6668,#6683,
#6704,#6725,#6739,#6759,#6772,#6785,#6804,#6817,#6829,#6842,#6854,#6871,#6885,
#6899,#6915,#6934,#6948,#6966,#6978,#6991,#7003,#7015,#7029,#7043,#7056,#7068,
#7082,#7096,#7109,#7121,#7135,#7149,#7162,#7174,#7187,#7199));
#7201=MANIFOLD_SOLID_BREP('',#7200);
#7202=(LENGTH_UNIT()NAMED_UNIT(*)SI_UNIT(.MILLI.,.METRE.));
#7203=(NAMED_UNIT(*)PLANE_ANGLE_UNIT()SI_UNIT($,.RADIAN.));
#7206=(NAMED_UNIT(*)SI_UNIT($,.STERADIAN.)SOLID_ANGLE_UNIT());
#7208=(GEOMETRIC_REPRESENTATION_CONTEXT(3)GLOBAL_UNCERTAINTY_ASSIGNED_CONTEXT((
#7207))GLOBAL_UNIT_ASSIGNED_CONTEXT((#7202,#7205,#7206))REPRESENTATION_CONTEXT(
'ID1','3'));
#7209=ADVANCED_BREP_SHAPE_REPRESENTATION('',(#7201),#7208);
#7216=PRODUCT_DEFINITION('part definition','',#7215,#7212);
#7217=PRODUCT_DEFINITION_SHAPE('','SHAPE FOR C-2480803-1.',#7216);
#7218=SHAPE_ASPECT('','solid data associated with C-2480803-1',#7217,.F.);
#7219=PROPERTY_DEFINITION('',
'shape for solid data with which properties are associated',#7218);
#7220=SHAPE_REPRESENTATION('',(#7201),#7208);
#7221=SHAPE_DEFINITION_REPRESENTATION(#7219,#7220);
#7222=(LENGTH_UNIT()NAMED_UNIT(*)SI_UNIT(.MILLI.,.METRE.));
#7226=PROPERTY_DEFINITION('geometric validation property','area of C-2480803-1',
#7218);
#7227=REPRESENTATION('surface area',(#7225),#7208);
#7228=PROPERTY_DEFINITION_REPRESENTATION(#7226,#7227);
#7229=(LENGTH_UNIT()NAMED_UNIT(*)SI_UNIT(.MILLI.,.METRE.));
#7233=PROPERTY_DEFINITION('geometric validation property',
'volume of C-2480803-1',#7218);
#7234=REPRESENTATION('volume',(#7232),#7208);
#7235=PROPERTY_DEFINITION_REPRESENTATION(#7233,#7234);
#7237=PROPERTY_DEFINITION('geometric validation property',
'centroid of C-2480803-1',#7218);
#7238=REPRESENTATION('centroid',(#7236),#7208);
#7239=PROPERTY_DEFINITION_REPRESENTATION(#7237,#7238);
#7240=(LENGTH_UNIT()NAMED_UNIT(*)SI_UNIT(.MILLI.,.METRE.));
#7244=PROPERTY_DEFINITION('geometric validation property','area of C-2480803-1',
#7217);
#7245=REPRESENTATION('surface area',(#7243),#7208);
#7246=PROPERTY_DEFINITION_REPRESENTATION(#7244,#7245);
#7247=(LENGTH_UNIT()NAMED_UNIT(*)SI_UNIT(.MILLI.,.METRE.));
#7251=PROPERTY_DEFINITION('geometric validation property',
'volume of C-2480803-1',#7217);
#7252=REPRESENTATION('volume',(#7250),#7208);
#7253=PROPERTY_DEFINITION_REPRESENTATION(#7251,#7252);
#7255=PROPERTY_DEFINITION('geometric validation property',
'centroid of C-2480803-1',#7217);
#7256=REPRESENTATION('centroid',(#7254),#7208);
#7257=PROPERTY_DEFINITION_REPRESENTATION(#7255,#7256);
#7258=SHAPE_DEFINITION_REPRESENTATION(#7217,#7209);
ENDSEC;
END-ISO-10303-21;
