ISO-10303-21;
HEADER;
FILE_DESCRIPTION (( 'STEP AP214' ),
    '1' );
FILE_NAME ('HFCG-3000+.STEP',
    '2025-02-24T02:15:19',
    ( '' ),
    ( '' ),
    'SwSTEP 2.0',
    'SolidWorks 2023',
    '' );
FILE_SCHEMA (( 'AUTOMOTIVE_DESIGN' ));
ENDSEC;

DATA;
#1 =( LENGTH_UNIT ( ) NAMED_UNIT ( * ) SI_UNIT ( .MILLI., .METRE. ) );
#2 =( GEOMETRIC_REPRESENTATION_CONTEXT ( 3 ) GLOBAL_UNCERTAINTY_ASSIGNED_CONTEXT ( ( #1052 ) ) GLOBAL_UNIT_ASSIGNED_CONTEXT ( ( #4719, #660, #2227 ) ) REPRESENTATION_CONTEXT ( 'NONE', 'WORKASPACE' ) );
#3 = FACE_OUTER_BOUND ( 'NONE', #3125, .T. ) ;
#4 = ORIENTED_EDGE ( 'NONE', *, *, #2207, .F. ) ;
#5 =( GEOMETRIC_REPRESENTATION_CONTEXT ( 3 ) GLOBAL_UNCERTAINTY_ASSIGNED_CONTEXT ( ( #4091 ) ) GLOBAL_UNIT_ASSIGNED_CONTEXT ( ( #2784, #313, #723 ) ) REPRESENTATION_CONTEXT ( 'NONE', 'WORKASPACE' ) );
#6 = STYLED_ITEM ( 'NONE', ( #3763 ), #2145 ) ;
#7 = VECTOR ( 'NONE', #1822, 1000.000000000000000 ) ;
#8 =( NAMED_UNIT ( * ) SI_UNIT ( $, .STERADIAN. ) SOLID_ANGLE_UNIT ( ) );
#9 = PLANE ( 'NONE',  #1865 ) ;
#10 = COLOUR_RGB ( '',0.9607843137254902244, 0.9607843137254902244, 0.9607843137254902244 ) ;
#11 =( NAMED_UNIT ( * ) SI_UNIT ( $, .STERADIAN. ) SOLID_ANGLE_UNIT ( ) );
#12 = FILL_AREA_STYLE ('',( #871 ) ) ;
#13 = VECTOR ( 'NONE', #4099, 1000.000000000000000 ) ;
#14 = ORIENTED_EDGE ( 'NONE', *, *, #2630, .F. ) ;
#15 = CARTESIAN_POINT ( 'NONE',  ( 0.7999999999999993783, -5.421010862427525128E-16, 0.000000000000000000 ) ) ;
#16 = CARTESIAN_POINT ( 'NONE',  ( -0.7999999999999999334, -0.6250000000000000000, 1.010000000000000009 ) ) ;
#17 = SURFACE_STYLE_FILL_AREA ( #3664 ) ;
#18 = DIRECTION ( 'NONE',  ( 0.000000000000000000, -0.000000000000000000, -1.000000000000000000 ) ) ;
#19 = MECHANICAL_DESIGN_GEOMETRIC_PRESENTATION_REPRESENTATION (  '', ( #4287 ), #3412 ) ;
#20 = DIRECTION ( 'NONE',  ( 0.000000000000000000, 0.000000000000000000, 1.000000000000000000 ) ) ;
#21 = SURFACE_STYLE_FILL_AREA ( #2102 ) ;
#22 = EDGE_CURVE ( 'NONE', #4079, #3551, #2550, .T. ) ;
#23 = EDGE_LOOP ( 'NONE', ( #2017, #3130, #1690, #123 ) ) ;
#24 = DIRECTION ( 'NONE',  ( 1.000000000000000000, 0.000000000000000000, 0.000000000000000000 ) ) ;
#25 = CARTESIAN_POINT ( 'NONE',  ( -0.5000000000000002220, 0.3250000000000000111, 1.040000000000000036 ) ) ;
#26 = VECTOR ( 'NONE', #4485, 1000.000000000000000 ) ;
#27 = PLANE ( 'NONE',  #1352 ) ;
#28 =( LENGTH_UNIT ( ) NAMED_UNIT ( * ) SI_UNIT ( .MILLI., .METRE. ) );
#29 = PRESENTATION_STYLE_ASSIGNMENT (( #1299 ) ) ;
#30 = VERTEX_POINT ( 'NONE', #527 ) ;
#31 = DIRECTION ( 'NONE',  ( -1.084202172485503842E-15, -1.000000000000000000, 0.000000000000000000 ) ) ;
#32 = SURFACE_SIDE_STYLE ('',( #386 ) ) ;
#33 = SURFACE_STYLE_FILL_AREA ( #119 ) ;
#34 = UNCERTAINTY_MEASURE_WITH_UNIT (LENGTH_MEASURE( 1.000000000000000082E-05 ), #378, 'distance_accuracy_value', 'NONE');
#35 = SURFACE_SIDE_STYLE ('',( #4536 ) ) ;
#36 = ORIENTED_EDGE ( 'NONE', *, *, #3667, .F. ) ;
#37 =( NAMED_UNIT ( * ) PLANE_ANGLE_UNIT ( ) SI_UNIT ( $, .RADIAN. ) );
#38 = PRESENTATION_STYLE_ASSIGNMENT (( #1286 ) ) ;
#39 =( NAMED_UNIT ( * ) SI_UNIT ( $, .STERADIAN. ) SOLID_ANGLE_UNIT ( ) );
#40 = ORIENTED_EDGE ( 'NONE', *, *, #2107, .T. ) ;
#41 = FILL_AREA_STYLE ('',( #2848 ) ) ;
#42 = ADVANCED_FACE ( 'NONE', ( #4122 ), #3327, .T. ) ;
#43 = DIRECTION ( 'NONE',  ( 0.000000000000000000, 0.000000000000000000, 1.000000000000000000 ) ) ;
#44 = DIRECTION ( 'NONE',  ( 1.000000000000000000, 3.614007241618351729E-16, 0.000000000000000000 ) ) ;
#45 = DIRECTION ( 'NONE',  ( 1.000000000000000000, 1.084202172485503842E-15, -0.000000000000000000 ) ) ;
#46 = CARTESIAN_POINT ( 'NONE',  ( 0.8000000000000000444, 0.6250000000000001110, 1.010000000000000009 ) ) ;
#47 = VERTEX_POINT ( 'NONE', #3115 ) ;
#48 = LINE ( 'NONE', #287, #2306 ) ;
#49 = ADVANCED_FACE ( 'NONE', ( #1950 ), #3177, .T. ) ;
#50 = ADVANCED_FACE ( 'NONE', ( #783 ), #9, .T. ) ;
#51 = SURFACE_STYLE_FILL_AREA ( #449 ) ;
#52 = UNCERTAINTY_MEASURE_WITH_UNIT (LENGTH_MEASURE( 1.000000000000000082E-05 ), #1, 'distance_accuracy_value', 'NONE');
#53 = EDGE_LOOP ( 'NONE', ( #301, #1792, #2524, #2837 ) ) ;
#54 = CARTESIAN_POINT ( 'NONE',  ( 0.4999999999999993339, 0.5949999999999999734, 1.010000000000000009 ) ) ;
#55 = EDGE_LOOP ( 'NONE', ( #3262, #215, #2742, #3786 ) ) ;
#56 = FILL_AREA_STYLE_COLOUR ( '', #2627 ) ;
#57 = EDGE_CURVE ( 'NONE', #958, #4294, #4494, .T. ) ;
#58 = DIRECTION ( 'NONE',  ( 1.000000000000000000, 0.000000000000000000, -0.000000000000000000 ) ) ;
#59 = ORIENTED_EDGE ( 'NONE', *, *, #1645, .T. ) ;
#60 = DIRECTION ( 'NONE',  ( -1.807003620809172906E-16, 1.000000000000000000, 0.000000000000000000 ) ) ;
#61 = FACE_OUTER_BOUND ( 'NONE', #1654, .T. ) ;
#62 = SURFACE_STYLE_FILL_AREA ( #1679 ) ;
#63 = ORIENTED_EDGE ( 'NONE', *, *, #369, .F. ) ;
#64 = CARTESIAN_POINT ( 'NONE',  ( 0.9700000000000000844, -0.6250000000000001110, 1.010000000000000009 ) ) ;
#65 = DIRECTION ( 'NONE',  ( -1.000000000000000000, -3.162256336416055421E-16, -0.000000000000000000 ) ) ;
#66 = CARTESIAN_POINT ( 'NONE',  ( 0.4999999999999993339, 0.6250000000000000000, 1.010000000000000009 ) ) ;
#67 = PRESENTATION_LAYER_ASSIGNMENT (  '', '', ( #1678 ) ) ;
#68 = STYLED_ITEM ( 'NONE', ( #2331 ), #1473 ) ;
#69 = DIRECTION ( 'NONE',  ( -1.000000000000000000, -1.445602896647339114E-15, 0.000000000000000000 ) ) ;
#70 = PRESENTATION_STYLE_ASSIGNMENT (( #3720 ) ) ;
#71 = EDGE_LOOP ( 'NONE', ( #4377, #1405, #4319, #1707 ) ) ;
#72 = FACE_OUTER_BOUND ( 'NONE', #3797, .T. ) ;
#73 = PRESENTATION_LAYER_ASSIGNMENT (  '', '', ( #233 ) ) ;
#74 = PLANE ( 'NONE',  #1444 ) ;
#75 = CARTESIAN_POINT ( 'NONE',  ( 0.4999999999999993339, 0.5949999999999999734, 1.040000000000000036 ) ) ;
#76 = VECTOR ( 'NONE', #4080, 1000.000000000000000 ) ;
#77 = ORIENTED_EDGE ( 'NONE', *, *, #4074, .T. ) ;
#78 = PLANE ( 'NONE',  #1968 ) ;
#79 = ORIENTED_EDGE ( 'NONE', *, *, #2586, .F. ) ;
#80 = EDGE_CURVE ( 'NONE', #4515, #3707, #811, .T. ) ;
#81 = STYLED_ITEM ( 'NONE', ( #29 ), #3600 ) ;
#82 = CIRCLE ( 'NONE', #756, 0.03000000000000007869 ) ;
#83 = CARTESIAN_POINT ( 'NONE',  ( -0.4999999999999998890, -0.5950000000000001954, 1.040000000000000036 ) ) ;
#84 = UNCERTAINTY_MEASURE_WITH_UNIT (LENGTH_MEASURE( 1.000000000000000082E-05 ), #670, 'distance_accuracy_value', 'NONE');
#85 = CARTESIAN_POINT ( 'NONE',  ( -1.000000000000000000, 0.6249999999999998890, 0.03000000000000007869 ) ) ;
#86 = CLOSED_SHELL ( 'NONE', ( #4490, #1403, #1709, #116, #4249, #4142, #2764, #2650, #2187, #5247, #42, #2267, #151, #501, #3495, #4628, #2696, #4380, #5217, #1389, #2497, #978, #5187, #5145, #1055, #4438, #1880, #1315, #703, #3174, #93, #150, #3103, #1000, #2730, #4994, #4243, #1340, #1710, #3398, #3033, #1382, #2244, #3981, #924, #2212, #5185, #1980, #1547, #5100, #2156, #4759, #1867, #3074, #50, #4143, #2555, #1245, #835, #5092, #4060, #798, #2347, #3784, #2915, #94, #3116 ) ) ;
#87 = EDGE_LOOP ( 'NONE', ( #2075, #2256, #4332, #2023, #1773, #1486 ) ) ;
#88 = PRESENTATION_LAYER_ASSIGNMENT (  '', '', ( #5156 ) ) ;
#89 = AXIS2_PLACEMENT_3D ( 'NONE', #4912, #1943, #3144 ) ;
#90 = MECHANICAL_DESIGN_GEOMETRIC_PRESENTATION_REPRESENTATION (  '', ( #325 ), #1098 ) ;
#91 = MECHANICAL_DESIGN_GEOMETRIC_PRESENTATION_REPRESENTATION (  '', ( #508 ), #2139 ) ;
#92 = VERTEX_POINT ( 'NONE', #2003 ) ;
#93 = ADVANCED_FACE ( 'NONE', ( #3627 ), #5310, .T. ) ;
#94 = ADVANCED_FACE ( 'NONE', ( #3363 ), #458, .F. ) ;
#95 =( NAMED_UNIT ( * ) SI_UNIT ( $, .STERADIAN. ) SOLID_ANGLE_UNIT ( ) );
#96 = STYLED_ITEM ( 'NONE', ( #3986 ), #4060 ) ;
#97 = COLOUR_RGB ( '',0.8431372549019607865, 0.8431372549019607865, 0.8431372549019607865 ) ;
#98 = STYLED_ITEM ( 'NONE', ( #3515 ), #1978 ) ;
#99 =( LENGTH_UNIT ( ) NAMED_UNIT ( * ) SI_UNIT ( .MILLI., .METRE. ) );
#100 = EDGE_LOOP ( 'NONE', ( #2103, #733, #1185 ) ) ;
#101 = CARTESIAN_POINT ( 'NONE',  ( 0.1500000000000001887, 0.5949999999999999734, 0.03000000000000007869 ) ) ;
#102 = MECHANICAL_DESIGN_GEOMETRIC_PRESENTATION_REPRESENTATION (  '', ( #5248 ), #2801 ) ;
#103 =( NAMED_UNIT ( * ) PLANE_ANGLE_UNIT ( ) SI_UNIT ( $, .RADIAN. ) );
#104 = STYLED_ITEM ( 'NONE', ( #2065 ), #2915 ) ;
#105 = CARTESIAN_POINT ( 'NONE',  ( 0.5000000000000000000, -0.3250000000000000666, 0.000000000000000000 ) ) ;
#106 = CARTESIAN_POINT ( 'NONE',  ( 0.1500000000000000777, 0.5950000000000001954, 0.000000000000000000 ) ) ;
#107 =( GEOMETRIC_REPRESENTATION_CONTEXT ( 3 ) GLOBAL_UNCERTAINTY_ASSIGNED_CONTEXT ( ( #4121 ) ) GLOBAL_UNIT_ASSIGNED_CONTEXT ( ( #3060, #2603, #1066 ) ) REPRESENTATION_CONTEXT ( 'NONE', 'WORKASPACE' ) );
#108 = AXIS2_PLACEMENT_3D ( 'NONE', #337, #1222, #1938 ) ;
#109 =( NAMED_UNIT ( * ) SI_UNIT ( $, .STERADIAN. ) SOLID_ANGLE_UNIT ( ) );
#110 =( NAMED_UNIT ( * ) SI_UNIT ( $, .STERADIAN. ) SOLID_ANGLE_UNIT ( ) );
#111 = VECTOR ( 'NONE', #5305, 1000.000000000000000 ) ;
#112 = CYLINDRICAL_SURFACE ( 'NONE', #1922, 0.02999999999999999889 ) ;
#113 = CARTESIAN_POINT ( 'NONE',  ( 0.9700000000000000844, -0.5950000000000001954, 1.010000000000000009 ) ) ;
#114 = UNCERTAINTY_MEASURE_WITH_UNIT (LENGTH_MEASURE( 1.000000000000000082E-05 ), #3778, 'distance_accuracy_value', 'NONE');
#115 = ORIENTED_EDGE ( 'NONE', *, *, #3340, .F. ) ;
#116 = ADVANCED_FACE ( 'NONE', ( #61 ), #510, .T. ) ;
#117 = ORIENTED_EDGE ( 'NONE', *, *, #80, .F. ) ;
#118 = CARTESIAN_POINT ( 'NONE',  ( -0.8000000000000001554, 0.3250000000000000111, 0.000000000000000000 ) ) ;
#119 = FILL_AREA_STYLE ('',( #3687 ) ) ;
#120 = SURFACE_SIDE_STYLE ('',( #4235 ) ) ;
#121 = FACE_OUTER_BOUND ( 'NONE', #2177, .T. ) ;
#122 = ORIENTED_EDGE ( 'NONE', *, *, #3990, .F. ) ;
#123 = ORIENTED_EDGE ( 'NONE', *, *, #229, .F. ) ;
#124 = FILL_AREA_STYLE ('',( #2159 ) ) ;
#125 =( NAMED_UNIT ( * ) SI_UNIT ( $, .STERADIAN. ) SOLID_ANGLE_UNIT ( ) );
#126 = EDGE_CURVE ( 'NONE', #801, #1506, #3794, .T. ) ;
#127 = CARTESIAN_POINT ( 'NONE',  ( -0.7999999999999999334, 0.000000000000000000, 1.040000000000000036 ) ) ;
#128 = ORIENTED_EDGE ( 'NONE', *, *, #1381, .T. ) ;
#129 = FILL_AREA_STYLE_COLOUR ( '', #4820 ) ;
#130 = LINE ( 'NONE', #902, #4476 ) ;
#131 = EDGE_CURVE ( 'NONE', #3224, #2792, #4758, .T. ) ;
#132 = SURFACE_STYLE_FILL_AREA ( #566 ) ;
#133 = FILL_AREA_STYLE_COLOUR ( '', #2847 ) ;
#134 = SURFACE_STYLE_FILL_AREA ( #909 ) ;
#135 =( NAMED_UNIT ( * ) SI_UNIT ( $, .STERADIAN. ) SOLID_ANGLE_UNIT ( ) );
#136 = ORIENTED_EDGE ( 'NONE', *, *, #4510, .F. ) ;
#137 = FILL_AREA_STYLE ('',( #426 ) ) ;
#138 = DIRECTION ( 'NONE',  ( 0.000000000000000000, 0.000000000000000000, 1.000000000000000000 ) ) ;
#139 = UNCERTAINTY_MEASURE_WITH_UNIT (LENGTH_MEASURE( 1.000000000000000082E-05 ), #4367, 'distance_accuracy_value', 'NONE');
#140 = ORIENTED_EDGE ( 'NONE', *, *, #4175, .T. ) ;
#141 = ORIENTED_EDGE ( 'NONE', *, *, #977, .T. ) ;
#142 =( NAMED_UNIT ( * ) PLANE_ANGLE_UNIT ( ) SI_UNIT ( $, .RADIAN. ) );
#143 = PRESENTATION_LAYER_ASSIGNMENT (  '', '', ( #2939 ) ) ;
#144 =( LENGTH_UNIT ( ) NAMED_UNIT ( * ) SI_UNIT ( .MILLI., .METRE. ) );
#145 =( NAMED_UNIT ( * ) SI_UNIT ( $, .STERADIAN. ) SOLID_ANGLE_UNIT ( ) );
#146 = DIRECTION ( 'NONE',  ( 3.614007241618351729E-16, -1.000000000000000000, 0.000000000000000000 ) ) ;
#147 = ORIENTED_EDGE ( 'NONE', *, *, #4791, .F. ) ;
#148 = EDGE_CURVE ( 'NONE', #2930, #4780, #5175, .T. ) ;
#149 =( NAMED_UNIT ( * ) PLANE_ANGLE_UNIT ( ) SI_UNIT ( $, .RADIAN. ) );
#150 = ADVANCED_FACE ( 'NONE', ( #5075 ), #4698, .T. ) ;
#151 = ADVANCED_FACE ( 'NONE', ( #3436 ), #2274, .T. ) ;
#152 = SURFACE_STYLE_USAGE ( .BOTH. , #5036 ) ;
#153 = DIRECTION ( 'NONE',  ( 1.000000000000000000, 0.000000000000000000, -0.000000000000000000 ) ) ;
#154 = LINE ( 'NONE', #3041, #1020 ) ;
#155 = ORIENTED_EDGE ( 'NONE', *, *, #3675, .T. ) ;
#156 = PRESENTATION_LAYER_ASSIGNMENT (  '', '', ( #4435 ) ) ;
#157 = PRESENTATION_STYLE_ASSIGNMENT (( #1747 ) ) ;
#158 = AXIS2_PLACEMENT_3D ( 'NONE', #5115, #1380, #3355 ) ;
#159 = FILL_AREA_STYLE_COLOUR ( '', #3923 ) ;
#160 = ORIENTED_EDGE ( 'NONE', *, *, #4082, .T. ) ;
#161 = AXIS2_PLACEMENT_3D ( 'NONE', #3266, #2108, #4528 ) ;
#162 =( NAMED_UNIT ( * ) SI_UNIT ( $, .STERADIAN. ) SOLID_ANGLE_UNIT ( ) );
#163 = MECHANICAL_DESIGN_GEOMETRIC_PRESENTATION_REPRESENTATION (  '', ( #2711 ), #846 ) ;
#164 = SURFACE_STYLE_FILL_AREA ( #3811 ) ;
#165 = FILL_AREA_STYLE ('',( #3894 ) ) ;
#166 = CIRCLE ( 'NONE', #2788, 0.02999999999999997113 ) ;
#167 = AXIS2_PLACEMENT_3D ( 'NONE', #4242, #146, #5146 ) ;
#168 = ORIENTED_EDGE ( 'NONE', *, *, #2180, .T. ) ;
#169 = PRESENTATION_LAYER_ASSIGNMENT (  '', '', ( #2700 ) ) ;
#170 = FACE_OUTER_BOUND ( 'NONE', #3302, .T. ) ;
#171 = PLANE ( 'NONE',  #5338 ) ;
#172 = VECTOR ( 'NONE', #729, 1000.000000000000000 ) ;
#173 = DIRECTION ( 'NONE',  ( 0.000000000000000000, 0.000000000000000000, -1.000000000000000000 ) ) ;
#174 = CIRCLE ( 'NONE', #1785, 0.02999999999999997113 ) ;
#175 = CIRCLE ( 'NONE', #1275, 0.02999999999999999889 ) ;
#176 = MECHANICAL_DESIGN_GEOMETRIC_PRESENTATION_REPRESENTATION (  '', ( #98 ), #1276 ) ;
#177 = MECHANICAL_DESIGN_GEOMETRIC_PRESENTATION_REPRESENTATION (  '', ( #2475 ), #4745 ) ;
#178 = CIRCLE ( 'NONE', #407, 0.02999999999999997113 ) ;
#179 = CIRCLE ( 'NONE', #1964, 0.02999999999999997113 ) ;
#180 = VECTOR ( 'NONE', #4078, 1000.000000000000000 ) ;
#181 = DIRECTION ( 'NONE',  ( 0.000000000000000000, 1.000000000000000000, 0.000000000000000000 ) ) ;
#182 = AXIS2_PLACEMENT_3D ( 'NONE', #2469, #2378, #3635 ) ;
#183 = CARTESIAN_POINT ( 'NONE',  ( 0.4999999999999993339, 0.6250000000000000000, -0.4242640687119291210 ) ) ;
#184 = SURFACE_STYLE_USAGE ( .BOTH. , #1767 ) ;
#185 = EDGE_CURVE ( 'NONE', #190, #3684, #3414, .T. ) ;
#186 = DIRECTION ( 'NONE',  ( 0.000000000000000000, 0.000000000000000000, -1.000000000000000000 ) ) ;
#187 = COLOUR_RGB ( '',1.000000000000000000, 0.000000000000000000, 0.000000000000000000 ) ;
#188 = EDGE_CURVE ( 'NONE', #4312, #2291, #3086, .T. ) ;
#189 =( GEOMETRIC_REPRESENTATION_CONTEXT ( 3 ) GLOBAL_UNCERTAINTY_ASSIGNED_CONTEXT ( ( #893 ) ) GLOBAL_UNIT_ASSIGNED_CONTEXT ( ( #2411, #4054, #2012 ) ) REPRESENTATION_CONTEXT ( 'NONE', 'WORKASPACE' ) );
#190 = VERTEX_POINT ( 'NONE', #5141 ) ;
#191 = SPHERICAL_SURFACE ( 'NONE', #4081, 0.02999999999999999889 ) ;
#192 = FACE_OUTER_BOUND ( 'NONE', #2011, .T. ) ;
#193 = VERTEX_POINT ( 'NONE', #4321 ) ;
#194 = CARTESIAN_POINT ( 'NONE',  ( 0.1500000000000000777, -0.5950000000000001954, 1.040000000000000036 ) ) ;
#195 = ORIENTED_EDGE ( 'NONE', *, *, #2106, .F. ) ;
#196 =( GEOMETRIC_REPRESENTATION_CONTEXT ( 3 ) GLOBAL_UNCERTAINTY_ASSIGNED_CONTEXT ( ( #4941 ) ) GLOBAL_UNIT_ASSIGNED_CONTEXT ( ( #1579, #4136, #5291 ) ) REPRESENTATION_CONTEXT ( 'NONE', 'WORKASPACE' ) );
#197 = PRESENTATION_STYLE_ASSIGNMENT (( #2583 ) ) ;
#198 = CARTESIAN_POINT ( 'NONE',  ( -0.1499999999999999667, 0.000000000000000000, 1.040000000000000036 ) ) ;
#199 = VERTEX_POINT ( 'NONE', #637 ) ;
#200 =( LENGTH_UNIT ( ) NAMED_UNIT ( * ) SI_UNIT ( .MILLI., .METRE. ) );
#201 = CARTESIAN_POINT ( 'NONE',  ( -2.168404344971008868E-16, -0.1500000000000001055, 1.030000000000000027 ) ) ;
#202 = LINE ( 'NONE', #271, #2966 ) ;
#203 = EDGE_CURVE ( 'NONE', #4838, #3354, #3488, .T. ) ;
#204 = FILL_AREA_STYLE_COLOUR ( '', #2232 ) ;
#205 = SURFACE_STYLE_FILL_AREA ( #2860 ) ;
#206 = DIRECTION ( 'NONE',  ( -1.000000000000000000, 0.000000000000000000, 0.000000000000000000 ) ) ;
#207 = DIRECTION ( 'NONE',  ( 0.000000000000000000, 0.000000000000000000, 1.000000000000000000 ) ) ;
#208 = DIRECTION ( 'NONE',  ( 1.000000000000000000, -0.000000000000000000, -0.000000000000000000 ) ) ;
#209 = ORIENTED_EDGE ( 'NONE', *, *, #4378, .T. ) ;
#210 = SURFACE_STYLE_USAGE ( .BOTH. , #1011 ) ;
#211 = PLANE ( 'NONE',  #595 ) ;
#212 = VERTEX_POINT ( 'NONE', #2340 ) ;
#213 = CARTESIAN_POINT ( 'NONE',  ( -0.6000000000000001998, 0.1499999999999999112, 1.030000000000000027 ) ) ;
#214 = FILL_AREA_STYLE_COLOUR ( '', #3152 ) ;
#215 = ORIENTED_EDGE ( 'NONE', *, *, #4068, .F. ) ;
#216 = SURFACE_STYLE_USAGE ( .BOTH. , #3658 ) ;
#217 = CARTESIAN_POINT ( 'NONE',  ( -0.5000000000000005551, -5.421010862427525128E-16, -0.4242640687119291210 ) ) ;
#218 = PRESENTATION_STYLE_ASSIGNMENT (( #4681 ) ) ;
#219 = PRESENTATION_STYLE_ASSIGNMENT (( #1511 ) ) ;
#220 = ADVANCED_FACE ( 'NONE', ( #697 ), #4400, .T. ) ;
#221 = SURFACE_SIDE_STYLE ('',( #2255 ) ) ;
#222 = ORIENTED_EDGE ( 'NONE', *, *, #2642, .T. ) ;
#223 = CARTESIAN_POINT ( 'NONE',  ( 0.9700000000000000844, -0.5950000000000001954, 0.03000000000000007869 ) ) ;
#224 = CARTESIAN_POINT ( 'NONE',  ( 0.9700000000000000844, -0.5950000000000001954, 1.010000000000000009 ) ) ;
#225 = CARTESIAN_POINT ( 'NONE',  ( -0.1499999999999997446, -1.156482317317870936E-15, 0.000000000000000000 ) ) ;
#226 = ORIENTED_EDGE ( 'NONE', *, *, #3731, .T. ) ;
#227 = DIRECTION ( 'NONE',  ( 0.000000000000000000, -0.000000000000000000, -1.000000000000000000 ) ) ;
#228 =( GEOMETRIC_REPRESENTATION_CONTEXT ( 3 ) GLOBAL_UNCERTAINTY_ASSIGNED_CONTEXT ( ( #2824 ) ) GLOBAL_UNIT_ASSIGNED_CONTEXT ( ( #1925, #3157, #4429 ) ) REPRESENTATION_CONTEXT ( 'NONE', 'WORKASPACE' ) );
#229 = EDGE_CURVE ( 'NONE', #338, #2514, #2084, .T. ) ;
#230 =( NAMED_UNIT ( * ) SI_UNIT ( $, .STERADIAN. ) SOLID_ANGLE_UNIT ( ) );
#231 = ORIENTED_EDGE ( 'NONE', *, *, #1533, .F. ) ;
#232 = CARTESIAN_POINT ( 'NONE',  ( -0.6000000000000001998, -0.1500000000000000777, 1.040000000000000036 ) ) ;
#233 = STYLED_ITEM ( 'NONE', ( #1828 ), #4204 ) ;
#234 = SURFACE_STYLE_FILL_AREA ( #5224 ) ;
#235 = CARTESIAN_POINT ( 'NONE',  ( 0.1500000000000000777, -0.6250000000000001110, 0.02999999999999997113 ) ) ;
#236 = PRESENTATION_LAYER_ASSIGNMENT (  '', '', ( #2539 ) ) ;
#237 =( LENGTH_UNIT ( ) NAMED_UNIT ( * ) SI_UNIT ( .MILLI., .METRE. ) );
#238 = VERTEX_POINT ( 'NONE', #1510 ) ;
#239 = EDGE_CURVE ( 'NONE', #2605, #2628, #3108, .T. ) ;
#240 = DIRECTION ( 'NONE',  ( 1.000000000000000000, 0.000000000000000000, 0.000000000000000000 ) ) ;
#241 = VECTOR ( 'NONE', #642, 1000.000000000000000 ) ;
#242 = SURFACE_STYLE_USAGE ( .BOTH. , #3521 ) ;
#243 = PLANE ( 'NONE',  #1456 ) ;
#244 = PRESENTATION_STYLE_ASSIGNMENT (( #4703 ) ) ;
#245 = COLOUR_RGB ( '',0.9607843137254902244, 0.9607843137254902244, 0.9607843137254902244 ) ;
#246 = VECTOR ( 'NONE', #4147, 1000.000000000000000 ) ;
#247 = DIRECTION ( 'NONE',  ( -3.614007241618351729E-16, 1.000000000000000000, 0.000000000000000000 ) ) ;
#248 = MECHANICAL_DESIGN_GEOMETRIC_PRESENTATION_REPRESENTATION (  '', ( #4191 ), #1022 ) ;
#249 = VECTOR ( 'NONE', #2568, 1000.000000000000000 ) ;
#250 = AXIS2_PLACEMENT_3D ( 'NONE', #4132, #2029, #457 ) ;
#251 = DIRECTION ( 'NONE',  ( 0.000000000000000000, 0.000000000000000000, 1.000000000000000000 ) ) ;
#252 = VECTOR ( 'NONE', #3456, 1000.000000000000000 ) ;
#253 = MECHANICAL_DESIGN_GEOMETRIC_PRESENTATION_REPRESENTATION (  '', ( #3753 ), #1876 ) ;
#254 = CARTESIAN_POINT ( 'NONE',  ( 1.000000000000000000, -0.6250000000000001110, 0.03000000000000007869 ) ) ;
#255 = PRESENTATION_LAYER_ASSIGNMENT (  '', '', ( #4369 ) ) ;
#256 = COLOUR_RGB ( '',0.8431372549019607865, 0.8431372549019607865, 0.8431372549019607865 ) ;
#257 = ORIENTED_EDGE ( 'NONE', *, *, #1668, .T. ) ;
#258 =( GEOMETRIC_REPRESENTATION_CONTEXT ( 3 ) GLOBAL_UNCERTAINTY_ASSIGNED_CONTEXT ( ( #3275 ) ) GLOBAL_UNIT_ASSIGNED_CONTEXT ( ( #2419, #2836, #4006 ) ) REPRESENTATION_CONTEXT ( 'NONE', 'WORKASPACE' ) );
#259 = SURFACE_STYLE_USAGE ( .BOTH. , #3919 ) ;
#260 = FILL_AREA_STYLE ('',( #4365 ) ) ;
#261 = ORIENTED_EDGE ( 'NONE', *, *, #4657, .T. ) ;
#262 = SPHERICAL_SURFACE ( 'NONE', #2380, 0.02999999999999999889 ) ;
#263 = ORIENTED_EDGE ( 'NONE', *, *, #4965, .T. ) ;
#264 =( GEOMETRIC_REPRESENTATION_CONTEXT ( 3 ) GLOBAL_UNCERTAINTY_ASSIGNED_CONTEXT ( ( #362 ) ) GLOBAL_UNIT_ASSIGNED_CONTEXT ( ( #3597, #3957, #777 ) ) REPRESENTATION_CONTEXT ( 'NONE', 'WORKASPACE' ) );
#265 = FILL_AREA_STYLE ('',( #662 ) ) ;
#266 = LINE ( 'NONE', #2704, #4100 ) ;
#267 = ORIENTED_EDGE ( 'NONE', *, *, #4657, .F. ) ;
#268 = MECHANICAL_DESIGN_GEOMETRIC_PRESENTATION_REPRESENTATION (  '', ( #1896 ), #4389 ) ;
#269 =( NAMED_UNIT ( * ) SI_UNIT ( $, .STERADIAN. ) SOLID_ANGLE_UNIT ( ) );
#270 = SURFACE_STYLE_FILL_AREA ( #3493 ) ;
#271 = CARTESIAN_POINT ( 'NONE',  ( 1.174552353525963794E-16, -0.3249999999999998446, 0.000000000000000000 ) ) ;
#272 = EDGE_CURVE ( 'NONE', #1939, #2094, #4374, .T. ) ;
#273 = CARTESIAN_POINT ( 'NONE',  ( 0.000000000000000000, -0.5950000000000001954, 1.010000000000000009 ) ) ;
#274 = ORIENTED_EDGE ( 'NONE', *, *, #607, .T. ) ;
#275 = FILL_AREA_STYLE_COLOUR ( '', #2895 ) ;
#276 = DIRECTION ( 'NONE',  ( 0.000000000000000000, -1.000000000000000000, 0.000000000000000000 ) ) ;
#277 = CARTESIAN_POINT ( 'NONE',  ( -0.7999999999999999334, -0.6250000000000000000, -0.4242640687119291210 ) ) ;
#278 = EDGE_CURVE ( 'NONE', #2072, #2934, #1782, .T. ) ;
#279 = ORIENTED_EDGE ( 'NONE', *, *, #1411, .F. ) ;
#280 = CARTESIAN_POINT ( 'NONE',  ( -0.7999999999999999334, -0.6250000000000001110, 0.03000000000000007869 ) ) ;
#281 = DIRECTION ( 'NONE',  ( 0.000000000000000000, 0.000000000000000000, 1.000000000000000000 ) ) ;
#282 = ORIENTED_EDGE ( 'NONE', *, *, #3675, .F. ) ;
#283 = SURFACE_STYLE_USAGE ( .BOTH. , #1045 ) ;
#284 = VERTEX_POINT ( 'NONE', #4420 ) ;
#285 = DIRECTION ( 'NONE',  ( -0.000000000000000000, 1.000000000000000000, 0.000000000000000000 ) ) ;
#286 =( LENGTH_UNIT ( ) NAMED_UNIT ( * ) SI_UNIT ( .MILLI., .METRE. ) );
#287 = CARTESIAN_POINT ( 'NONE',  ( 0.000000000000000000, -0.5950000000000001954, 1.040000000000000036 ) ) ;
#288 = DIRECTION ( 'NONE',  ( 0.000000000000000000, 0.000000000000000000, 1.000000000000000000 ) ) ;
#289 = EDGE_CURVE ( 'NONE', #391, #4515, #4282, .T. ) ;
#290 = CARTESIAN_POINT ( 'NONE',  ( -0.1499999999999997446, -1.156482317317870936E-15, -0.4242640687119291210 ) ) ;
#291 = ORIENTED_EDGE ( 'NONE', *, *, #4517, .T. ) ;
#292 = CARTESIAN_POINT ( 'NONE',  ( 0.9700000000000000844, 0.5949999999999999734, 0.000000000000000000 ) ) ;
#293 = FILL_AREA_STYLE ('',( #3464 ) ) ;
#294 = MECHANICAL_DESIGN_GEOMETRIC_PRESENTATION_REPRESENTATION (  '', ( #3530 ), #500 ) ;
#295 =( LENGTH_UNIT ( ) NAMED_UNIT ( * ) SI_UNIT ( .MILLI., .METRE. ) );
#296 = EDGE_CURVE ( 'NONE', #4603, #3864, #5165, .T. ) ;
#297 = EDGE_CURVE ( 'NONE', #1932, #1852, #2729, .T. ) ;
#298 =( LENGTH_UNIT ( ) NAMED_UNIT ( * ) SI_UNIT ( .MILLI., .METRE. ) );
#299 = EDGE_CURVE ( 'NONE', #1362, #3864, #48, .T. ) ;
#300 = EDGE_CURVE ( 'NONE', #92, #5192, #1278, .T. ) ;
#301 = ORIENTED_EDGE ( 'NONE', *, *, #1835, .T. ) ;
#302 = CARTESIAN_POINT ( 'NONE',  ( 0.000000000000000000, -0.5950000000000001954, 1.010000000000000009 ) ) ;
#303 =( NAMED_UNIT ( * ) SI_UNIT ( $, .STERADIAN. ) SOLID_ANGLE_UNIT ( ) );
#304 = FILL_AREA_STYLE ('',( #4000 ) ) ;
#305 = ORIENTED_EDGE ( 'NONE', *, *, #4627, .T. ) ;
#306 = CARTESIAN_POINT ( 'NONE',  ( -0.4999999999999998890, -0.6250000000000001110, -0.4242640687119291210 ) ) ;
#307 = ORIENTED_EDGE ( 'NONE', *, *, #2328, .F. ) ;
#308 = SURFACE_SIDE_STYLE ('',( #1137 ) ) ;
#309 = DIRECTION ( 'NONE',  ( 0.000000000000000000, 0.000000000000000000, -1.000000000000000000 ) ) ;
#310 = CARTESIAN_POINT ( 'NONE',  ( -2.168404344971008868E-16, -0.1500000000000001055, 1.030000000000000027 ) ) ;
#311 = APPLICATION_CONTEXT ( 'automotive_design' ) ;
#312 = ORIENTED_EDGE ( 'NONE', *, *, #4034, .T. ) ;
#313 =( NAMED_UNIT ( * ) PLANE_ANGLE_UNIT ( ) SI_UNIT ( $, .RADIAN. ) );
#314 =( GEOMETRIC_REPRESENTATION_CONTEXT ( 3 ) GLOBAL_UNCERTAINTY_ASSIGNED_CONTEXT ( ( #3523 ) ) GLOBAL_UNIT_ASSIGNED_CONTEXT ( ( #3746, #3343, #3817 ) ) REPRESENTATION_CONTEXT ( 'NONE', 'WORKASPACE' ) );
#315 = DIRECTION ( 'NONE',  ( -1.000000000000000000, -1.445602896647339114E-15, 0.000000000000000000 ) ) ;
#316 = ORIENTED_EDGE ( 'NONE', *, *, #3990, .T. ) ;
#317 = CARTESIAN_POINT ( 'NONE',  ( -0.8000000000000005995, 0.6250000000000000000, 1.010000000000000009 ) ) ;
#318 = STYLED_ITEM ( 'NONE', ( #1827 ), #1320 ) ;
#319 = STYLED_ITEM ( 'NONE', ( #2856 ), #5247 ) ;
#320 = SURFACE_SIDE_STYLE ('',( #3987 ) ) ;
#321 = VECTOR ( 'NONE', #1162, 1000.000000000000000 ) ;
#322 = DIRECTION ( 'NONE',  ( 1.000000000000000000, -4.517509052022935347E-17, 0.000000000000000000 ) ) ;
#323 = COLOUR_RGB ( '',0.8431372549019607865, 0.8431372549019607865, 0.8431372549019607865 ) ;
#324 = COLOUR_RGB ( '',0.8431372549019607865, 0.8431372549019607865, 0.8431372549019607865 ) ;
#325 = STYLED_ITEM ( 'NONE', ( #4523 ), #2396 ) ;
#326 = FILL_AREA_STYLE_COLOUR ( '', #2365 ) ;
#327 = VECTOR ( 'NONE', #5286, 1000.000000000000000 ) ;
#328 = ORIENTED_EDGE ( 'NONE', *, *, #822, .T. ) ;
#329 = DIRECTION ( 'NONE',  ( -3.614007241618339896E-16, 1.000000000000000000, 0.000000000000000000 ) ) ;
#330 =( GEOMETRIC_REPRESENTATION_CONTEXT ( 3 ) GLOBAL_UNCERTAINTY_ASSIGNED_CONTEXT ( ( #2407 ) ) GLOBAL_UNIT_ASSIGNED_CONTEXT ( ( #808, #3358, #3733 ) ) REPRESENTATION_CONTEXT ( 'NONE', 'WORKASPACE' ) );
#331 = CARTESIAN_POINT ( 'NONE',  ( 0.8000000000000000444, 0.6250000000000001110, -0.4242640687119291210 ) ) ;
#332 =( NAMED_UNIT ( * ) SI_UNIT ( $, .STERADIAN. ) SOLID_ANGLE_UNIT ( ) );
#333 =( GEOMETRIC_REPRESENTATION_CONTEXT ( 3 ) GLOBAL_UNCERTAINTY_ASSIGNED_CONTEXT ( ( #4727 ) ) GLOBAL_UNIT_ASSIGNED_CONTEXT ( ( #3017, #3723, #5111 ) ) REPRESENTATION_CONTEXT ( 'NONE', 'WORKASPACE' ) );
#334 = EDGE_LOOP ( 'NONE', ( #4843, #3055, #3689, #920 ) ) ;
#335 =( NAMED_UNIT ( * ) PLANE_ANGLE_UNIT ( ) SI_UNIT ( $, .RADIAN. ) );
#336 = PRESENTATION_LAYER_ASSIGNMENT (  '', '', ( #2305 ) ) ;
#337 = CARTESIAN_POINT ( 'NONE',  ( -2.168404344971008868E-16, -0.1500000000000001055, 1.030000000000000027 ) ) ;
#338 = VERTEX_POINT ( 'NONE', #1549 ) ;
#339 = CARTESIAN_POINT ( 'NONE',  ( 0.6499999999999998002, -0.5950000000000004174, 1.040000000000000036 ) ) ;
#340 = FILL_AREA_STYLE_COLOUR ( '', #1190 ) ;
#341 =( NAMED_UNIT ( * ) SI_UNIT ( $, .STERADIAN. ) SOLID_ANGLE_UNIT ( ) );
#342 = DIRECTION ( 'NONE',  ( 1.445602896647339114E-15, -1.000000000000000000, 0.000000000000000000 ) ) ;
#343 = VERTEX_POINT ( 'NONE', #3171 ) ;
#344 = VECTOR ( 'NONE', #2821, 1000.000000000000000 ) ;
#345 = DIRECTION ( 'NONE',  ( 1.000000000000000000, 1.084202172485503842E-15, -0.000000000000000000 ) ) ;
#346 = DIRECTION ( 'NONE',  ( 0.000000000000000000, 0.000000000000000000, 1.000000000000000000 ) ) ;
#347 = DIRECTION ( 'NONE',  ( 1.000000000000000000, 0.000000000000000000, -0.000000000000000000 ) ) ;
#348 = DIRECTION ( 'NONE',  ( 1.084202172485503842E-15, 1.000000000000000000, 0.000000000000000000 ) ) ;
#349 = STYLED_ITEM ( 'NONE', ( #1071 ), #3198 ) ;
#350 = ORIENTED_EDGE ( 'NONE', *, *, #3554, .F. ) ;
#351 = CARTESIAN_POINT ( 'NONE',  ( -0.1500000000000006051, 0.5950000000000000844, 0.000000000000000000 ) ) ;
#352 = CARTESIAN_POINT ( 'NONE',  ( -0.7999999999999999334, -0.6250000000000000000, 0.02999999999999997113 ) ) ;
#353 = FILL_AREA_STYLE ('',( #2760 ) ) ;
#354 = DIRECTION ( 'NONE',  ( -1.000000000000000000, -3.162256336416055421E-16, 0.000000000000000000 ) ) ;
#355 = VECTOR ( 'NONE', #4026, 1000.000000000000000 ) ;
#356 = UNCERTAINTY_MEASURE_WITH_UNIT (LENGTH_MEASURE( 1.000000000000000082E-05 ), #2819, 'distance_accuracy_value', 'NONE');
#357 = DIRECTION ( 'NONE',  ( -1.000000000000000000, -3.162256336416055914E-16, 0.000000000000000000 ) ) ;
#358 = PRESENTATION_STYLE_ASSIGNMENT (( #4115 ) ) ;
#359 = ORIENTED_EDGE ( 'NONE', *, *, #3821, .F. ) ;
#360 = SURFACE_SIDE_STYLE ('',( #3678 ) ) ;
#361 = PLANE ( 'NONE',  #1188 ) ;
#362 = UNCERTAINTY_MEASURE_WITH_UNIT (LENGTH_MEASURE( 1.000000000000000082E-05 ), #3597, 'distance_accuracy_value', 'NONE');
#363 = EDGE_LOOP ( 'NONE', ( #4007, #4953, #3499, #4397 ) ) ;
#364 = VERTEX_POINT ( 'NONE', #2749 ) ;
#365 = SURFACE_SIDE_STYLE ('',( #776 ) ) ;
#366 = CARTESIAN_POINT ( 'NONE',  ( -0.6000000000000001998, 0.1499999999999999112, 1.040000000000000036 ) ) ;
#367 = DIRECTION ( 'NONE',  ( -0.000000000000000000, -0.000000000000000000, 1.000000000000000000 ) ) ;
#368 = ORIENTED_EDGE ( 'NONE', *, *, #5025, .F. ) ;
#369 = EDGE_CURVE ( 'NONE', #1233, #1989, #2056, .T. ) ;
#370 = DIRECTION ( 'NONE',  ( -0.000000000000000000, 1.000000000000000000, 0.000000000000000000 ) ) ;
#371 = PRESENTATION_STYLE_ASSIGNMENT (( #2789 ) ) ;
#372 = DIRECTION ( 'NONE',  ( 1.000000000000000000, 0.000000000000000000, 0.000000000000000000 ) ) ;
#373 = ORIENTED_EDGE ( 'NONE', *, *, #625, .F. ) ;
#374 = DIRECTION ( 'NONE',  ( 1.000000000000000000, -3.614007241618347785E-16, 0.000000000000000000 ) ) ;
#375 = SURFACE_SIDE_STYLE ('',( #1987 ) ) ;
#376 = EDGE_LOOP ( 'NONE', ( #3179, #3511, #2567, #1384 ) ) ;
#377 = DIRECTION ( 'NONE',  ( -1.084202172485503842E-15, 1.000000000000000000, 0.000000000000000000 ) ) ;
#378 =( LENGTH_UNIT ( ) NAMED_UNIT ( * ) SI_UNIT ( .MILLI., .METRE. ) );
#379 = SURFACE_STYLE_FILL_AREA ( #2079 ) ;
#380 = ORIENTED_EDGE ( 'NONE', *, *, #4682, .T. ) ;
#381 =( NAMED_UNIT ( * ) SI_UNIT ( $, .STERADIAN. ) SOLID_ANGLE_UNIT ( ) );
#382 = VERTEX_POINT ( 'NONE', #1642 ) ;
#383 = DIRECTION ( 'NONE',  ( -1.000000000000000000, -0.000000000000000000, -0.000000000000000000 ) ) ;
#384 = VERTEX_POINT ( 'NONE', #3263 ) ;
#385 = CARTESIAN_POINT ( 'NONE',  ( -0.9700000000000000844, -0.5950000000000001954, 1.040000000000000036 ) ) ;
#386 = SURFACE_STYLE_FILL_AREA ( #4939 ) ;
#387 = DIRECTION ( 'NONE',  ( 0.000000000000000000, 0.000000000000000000, 1.000000000000000000 ) ) ;
#388 = UNCERTAINTY_MEASURE_WITH_UNIT (LENGTH_MEASURE( 1.000000000000000082E-05 ), #3094, 'distance_accuracy_value', 'NONE');
#389 = EDGE_CURVE ( 'NONE', #5326, #828, #4955, .T. ) ;
#390 = CARTESIAN_POINT ( 'NONE',  ( 0.4999999999999997780, 0.3250000000000000111, -0.4242640687119291210 ) ) ;
#391 = VERTEX_POINT ( 'NONE', #467 ) ;
#392 = SURFACE_STYLE_FILL_AREA ( #1201 ) ;
#393 = DIRECTION ( 'NONE',  ( 3.614007241618351729E-16, -1.000000000000000000, 0.000000000000000000 ) ) ;
#394 = FILL_AREA_STYLE ('',( #4070 ) ) ;
#395 = ADVANCED_FACE ( 'NONE', ( #3803 ), #74, .T. ) ;
#396 = LINE ( 'NONE', #254, #1607 ) ;
#397 = EDGE_CURVE ( 'NONE', #554, #3857, #2557, .T. ) ;
#398 = ORIENTED_EDGE ( 'NONE', *, *, #565, .F. ) ;
#399 = LINE ( 'NONE', #15, #3686 ) ;
#400 = STYLED_ITEM ( 'NONE', ( #4265 ), #4142 ) ;
#401 = DIRECTION ( 'NONE',  ( -1.000000000000000000, 0.000000000000000000, 0.000000000000000000 ) ) ;
#402 = PLANE ( 'NONE',  #1024 ) ;
#403 = DIRECTION ( 'NONE',  ( -1.000000000000000000, -0.000000000000000000, -0.000000000000000000 ) ) ;
#404 = AXIS2_PLACEMENT_3D ( 'NONE', #651, #5274, #281 ) ;
#405 = AXIS2_PLACEMENT_3D ( 'NONE', #3388, #903, #44 ) ;
#406 = CARTESIAN_POINT ( 'NONE',  ( -0.6000000000000001998, 0.1499999999999999112, 1.030000000000000027 ) ) ;
#407 = AXIS2_PLACEMENT_3D ( 'NONE', #1750, #2598, #947 ) ;
#408 = FACE_OUTER_BOUND ( 'NONE', #4529, .T. ) ;
#409 = ORIENTED_EDGE ( 'NONE', *, *, #3729, .T. ) ;
#410 =( NAMED_UNIT ( * ) PLANE_ANGLE_UNIT ( ) SI_UNIT ( $, .RADIAN. ) );
#411 = CARTESIAN_POINT ( 'NONE',  ( 0.1500000000000000777, -0.5950000000000001954, 1.010000000000000009 ) ) ;
#412 = VECTOR ( 'NONE', #5107, 1000.000000000000000 ) ;
#413 = CARTESIAN_POINT ( 'NONE',  ( -1.000000000000000000, -0.5950000000000001954, 0.03000000000000007869 ) ) ;
#414 = MECHANICAL_DESIGN_GEOMETRIC_PRESENTATION_REPRESENTATION (  '', ( #2700 ), #2619 ) ;
#415 = CYLINDRICAL_SURFACE ( 'NONE', #1425, 0.03000000000000007869 ) ;
#416 = UNCERTAINTY_MEASURE_WITH_UNIT (LENGTH_MEASURE( 1.000000000000000082E-05 ), #3448, 'distance_accuracy_value', 'NONE');
#417 = VERTEX_POINT ( 'NONE', #4664 ) ;
#418 = FACE_OUTER_BOUND ( 'NONE', #551, .T. ) ;
#419 = MECHANICAL_DESIGN_GEOMETRIC_PRESENTATION_REPRESENTATION (  '', ( #3657 ), #1784 ) ;
#420 = SURFACE_STYLE_FILL_AREA ( #1545 ) ;
#421 = VERTEX_POINT ( 'NONE', #2972 ) ;
#422 = SURFACE_SIDE_STYLE ('',( #3685 ) ) ;
#423 = AXIS2_PLACEMENT_3D ( 'NONE', #2258, #3869, #2707 ) ;
#424 = VECTOR ( 'NONE', #4234, 1000.000000000000000 ) ;
#425 =( NAMED_UNIT ( * ) PLANE_ANGLE_UNIT ( ) SI_UNIT ( $, .RADIAN. ) );
#426 = FILL_AREA_STYLE_COLOUR ( '', #4756 ) ;
#427 = CIRCLE ( 'NONE', #1532, 0.02999999999999997113 ) ;
#428 = EDGE_CURVE ( 'NONE', #2628, #4632, #4227, .T. ) ;
#429 = FILL_AREA_STYLE ('',( #1627 ) ) ;
#430 = COLOUR_RGB ( '',0.9607843137254902244, 0.9607843137254902244, 0.9607843137254902244 ) ;
#431 = EDGE_LOOP ( 'NONE', ( #3380, #4263, #4221 ) ) ;
#432 = AXIS2_PLACEMENT_3D ( 'NONE', #4928, #1637, #3609 ) ;
#433 = CARTESIAN_POINT ( 'NONE',  ( 0.9700000000000000844, -0.5950000000000001954, 0.02999999999999999889 ) ) ;
#434 =( NAMED_UNIT ( * ) PLANE_ANGLE_UNIT ( ) SI_UNIT ( $, .RADIAN. ) );
#435 = SURFACE_STYLE_FILL_AREA ( #12 ) ;
#436 = AXIS2_PLACEMENT_3D ( 'NONE', #4578, #1304, #4174 ) ;
#437 = ORIENTED_EDGE ( 'NONE', *, *, #3027, .F. ) ;
#438 = FILL_AREA_STYLE ('',( #4522 ) ) ;
#439 = ADVANCED_FACE ( 'NONE', ( #1723 ), #932, .T. ) ;
#440 = CARTESIAN_POINT ( 'NONE',  ( 0.7999999999999997113, -0.3250000000000000111, 0.000000000000000000 ) ) ;
#441 =( GEOMETRIC_REPRESENTATION_CONTEXT ( 3 ) GLOBAL_UNCERTAINTY_ASSIGNED_CONTEXT ( ( #2388 ) ) GLOBAL_UNIT_ASSIGNED_CONTEXT ( ( #4488, #2067, #3207 ) ) REPRESENTATION_CONTEXT ( 'NONE', 'WORKASPACE' ) );
#442 = ADVANCED_FACE ( 'NONE', ( #1344 ), #2999, .T. ) ;
#443 =( NAMED_UNIT ( * ) PLANE_ANGLE_UNIT ( ) SI_UNIT ( $, .RADIAN. ) );
#444 = AXIS2_PLACEMENT_3D ( 'NONE', #5315, #4860, #374 ) ;
#445 = ORIENTED_EDGE ( 'NONE', *, *, #1028, .F. ) ;
#446 = DIRECTION ( 'NONE',  ( -1.000000000000000000, -3.614007241618339896E-16, 0.000000000000000000 ) ) ;
#447 = EDGE_CURVE ( 'NONE', #2354, #4983, #3394, .T. ) ;
#448 = SURFACE_STYLE_USAGE ( .BOTH. , #4896 ) ;
#449 = FILL_AREA_STYLE ('',( #1241 ) ) ;
#450 = PRESENTATION_STYLE_ASSIGNMENT (( #4506 ) ) ;
#451 = CARTESIAN_POINT ( 'NONE',  ( -0.7999999999999999334, -0.5950000000000000844, 0.000000000000000000 ) ) ;
#452 = ORIENTED_EDGE ( 'NONE', *, *, #3068, .F. ) ;
#453 = DIRECTION ( 'NONE',  ( 1.000000000000000000, 0.000000000000000000, 0.000000000000000000 ) ) ;
#454 = CARTESIAN_POINT ( 'NONE',  ( -0.9700000000000000844, 0.6249999999999998890, 1.010000000000000009 ) ) ;
#455 = EDGE_LOOP ( 'NONE', ( #580, #2251, #4072, #3994, #3959, #577 ) ) ;
#456 = PRESENTATION_STYLE_ASSIGNMENT (( #4213 ) ) ;
#457 = DIRECTION ( 'NONE',  ( 0.000000000000000000, -1.000000000000000000, 0.000000000000000000 ) ) ;
#458 = PLANE ( 'NONE',  #3752 ) ;
#459 =( NAMED_UNIT ( * ) PLANE_ANGLE_UNIT ( ) SI_UNIT ( $, .RADIAN. ) );
#460 = ORIENTED_EDGE ( 'NONE', *, *, #3812, .T. ) ;
#461 = PRESENTATION_STYLE_ASSIGNMENT (( #3369 ) ) ;
#462 = ADVANCED_FACE ( 'NONE', ( #4787 ), #5160, .T. ) ;
#463 = EDGE_CURVE ( 'NONE', #809, #3617, #427, .T. ) ;
#464 = CARTESIAN_POINT ( 'NONE',  ( -0.4999999999999998890, -0.6250000000000001110, 1.010000000000000009 ) ) ;
#465 = PLANE ( 'NONE',  #684 ) ;
#466 = EDGE_LOOP ( 'NONE', ( #4064, #2659, #1647, #2623 ) ) ;
#467 = CARTESIAN_POINT ( 'NONE',  ( -0.4999999999999998890, -0.6250000000000001110, 1.010000000000000009 ) ) ;
#468 = CARTESIAN_POINT ( 'NONE',  ( -2.710505431213761085E-16, 0.1500000000000001055, 1.030000000000000027 ) ) ;
#469 = EDGE_CURVE ( 'NONE', #1289, #4603, #1476, .T. ) ;
#470 = SURFACE_STYLE_FILL_AREA ( #2480 ) ;
#471 = EDGE_CURVE ( 'NONE', #2221, #2502, #1106, .T. ) ;
#472 = ORIENTED_EDGE ( 'NONE', *, *, #4674, .T. ) ;
#473 = SURFACE_SIDE_STYLE ('',( #4572 ) ) ;
#474 = CARTESIAN_POINT ( 'NONE',  ( -0.8000000000000005995, 0.5949999999999999734, 1.010000000000000009 ) ) ;
#475 = ORIENTED_EDGE ( 'NONE', *, *, #4315, .T. ) ;
#476 = LINE ( 'NONE', #2949, #4809 ) ;
#477 = CARTESIAN_POINT ( 'NONE',  ( 0.7999999999999997113, -0.3250000000000000111, 1.040000000000000036 ) ) ;
#478 = ORIENTED_EDGE ( 'NONE', *, *, #3526, .T. ) ;
#479 = SURFACE_STYLE_FILL_AREA ( #2452 ) ;
#480 = ORIENTED_EDGE ( 'NONE', *, *, #3265, .F. ) ;
#481 = SURFACE_SIDE_STYLE ('',( #4996 ) ) ;
#482 = FILL_AREA_STYLE_COLOUR ( '', #1353 ) ;
#483 = ORIENTED_EDGE ( 'NONE', *, *, #3193, .T. ) ;
#484 = CARTESIAN_POINT ( 'NONE',  ( -1.000000000000000000, 0.5950000000000000844, 0.03000000000000007869 ) ) ;
#485 = LINE ( 'NONE', #3798, #2957 ) ;
#486 = VECTOR ( 'NONE', #4949, 1000.000000000000000 ) ;
#487 = LINE ( 'NONE', #406, #1179 ) ;
#488 =( LENGTH_UNIT ( ) NAMED_UNIT ( * ) SI_UNIT ( .MILLI., .METRE. ) );
#489 = PRESENTATION_LAYER_ASSIGNMENT (  '', '', ( #5142 ) ) ;
#490 = DIRECTION ( 'NONE',  ( -1.000000000000000000, -3.614007241618351729E-16, 0.000000000000000000 ) ) ;
#491 = CIRCLE ( 'NONE', #4803, 0.02999999999999997113 ) ;
#492 =( GEOMETRIC_REPRESENTATION_CONTEXT ( 3 ) GLOBAL_UNCERTAINTY_ASSIGNED_CONTEXT ( ( #4859 ) ) GLOBAL_UNIT_ASSIGNED_CONTEXT ( ( #525, #968, #135 ) ) REPRESENTATION_CONTEXT ( 'NONE', 'WORKASPACE' ) );
#493 = SURFACE_STYLE_FILL_AREA ( #3681 ) ;
#494 = FILL_AREA_STYLE_COLOUR ( '', #1172 ) ;
#495 = CARTESIAN_POINT ( 'NONE',  ( 1.299999999999999822, 0.5950000000000004174, 1.010000000000000009 ) ) ;
#496 = ORIENTED_EDGE ( 'NONE', *, *, #2207, .T. ) ;
#497 = CARTESIAN_POINT ( 'NONE',  ( 0.5000000000000000000, -0.6250000000000000000, 1.010000000000000009 ) ) ;
#498 =( GEOMETRIC_REPRESENTATION_CONTEXT ( 3 ) GLOBAL_UNCERTAINTY_ASSIGNED_CONTEXT ( ( #416 ) ) GLOBAL_UNIT_ASSIGNED_CONTEXT ( ( #3448, #2284, #4747 ) ) REPRESENTATION_CONTEXT ( 'NONE', 'WORKASPACE' ) );
#499 = MECHANICAL_DESIGN_GEOMETRIC_PRESENTATION_REPRESENTATION (  '', ( #2543 ), #1857 ) ;
#500 =( GEOMETRIC_REPRESENTATION_CONTEXT ( 3 ) GLOBAL_UNCERTAINTY_ASSIGNED_CONTEXT ( ( #139 ) ) GLOBAL_UNIT_ASSIGNED_CONTEXT ( ( #4367, #335, #1622 ) ) REPRESENTATION_CONTEXT ( 'NONE', 'WORKASPACE' ) );
#501 = ADVANCED_FACE ( 'NONE', ( #2646 ), #3502, .T. ) ;
#502 = AXIS2_PLACEMENT_3D ( 'NONE', #3629, #4023, #626 ) ;
#503 = FACE_OUTER_BOUND ( 'NONE', #3206, .T. ) ;
#504 = EDGE_CURVE ( 'NONE', #4232, #4484, #1003, .T. ) ;
#505 = FACE_OUTER_BOUND ( 'NONE', #3189, .T. ) ;
#506 = ORIENTED_EDGE ( 'NONE', *, *, #4875, .F. ) ;
#507 = VECTOR ( 'NONE', #1611, 1000.000000000000000 ) ;
#508 = STYLED_ITEM ( 'NONE', ( #2002 ), #1842 ) ;
#509 = ORIENTED_EDGE ( 'NONE', *, *, #369, .T. ) ;
#510 = PLANE ( 'NONE',  #3481 ) ;
#511 =( GEOMETRIC_REPRESENTATION_CONTEXT ( 3 ) GLOBAL_UNCERTAINTY_ASSIGNED_CONTEXT ( ( #2639 ) ) GLOBAL_UNIT_ASSIGNED_CONTEXT ( ( #4154, #434, #4615 ) ) REPRESENTATION_CONTEXT ( 'NONE', 'WORKASPACE' ) );
#512 = EDGE_CURVE ( 'NONE', #2796, #338, #687, .T. ) ;
#513 = COLOUR_RGB ( '',0.8431372549019607865, 0.8431372549019607865, 0.8431372549019607865 ) ;
#514 = AXIS2_PLACEMENT_3D ( 'NONE', #1629, #4943, #5264 ) ;
#515 = COLOUR_RGB ( '',0.9607843137254902244, 0.9607843137254902244, 0.9607843137254902244 ) ;
#516 = PRESENTATION_STYLE_ASSIGNMENT (( #5026 ) ) ;
#517 = VERTEX_POINT ( 'NONE', #1846 ) ;
#518 = DIRECTION ( 'NONE',  ( -1.084202172485503842E-15, 1.000000000000000000, 0.000000000000000000 ) ) ;
#519 = VECTOR ( 'NONE', #3592, 1000.000000000000000 ) ;
#520 = SURFACE_STYLE_FILL_AREA ( #3748 ) ;
#521 = SURFACE_SIDE_STYLE ('',( #2994 ) ) ;
#522 = VECTOR ( 'NONE', #784, 1000.000000000000000 ) ;
#523 = SPHERICAL_SURFACE ( 'NONE', #4614, 0.02999999999999999889 ) ;
#524 = FILL_AREA_STYLE_COLOUR ( '', #5002 ) ;
#525 =( LENGTH_UNIT ( ) NAMED_UNIT ( * ) SI_UNIT ( .MILLI., .METRE. ) );
#526 = SURFACE_SIDE_STYLE ('',( #2193 ) ) ;
#527 = CARTESIAN_POINT ( 'NONE',  ( 0.1500000000000000777, 0.6250000000000001110, 0.03000000000000007869 ) ) ;
#528 = DIRECTION ( 'NONE',  ( 1.000000000000000000, -3.614007241618347785E-16, 0.000000000000000000 ) ) ;
#529 = ORIENTED_EDGE ( 'NONE', *, *, #2580, .T. ) ;
#530 = LINE ( 'NONE', #3833, #1766 ) ;
#531 = DIRECTION ( 'NONE',  ( 1.000000000000000000, -1.084202172485503842E-15, 0.000000000000000000 ) ) ;
#532 = CIRCLE ( 'NONE', #1553, 0.02999999999999997113 ) ;
#533 = DIRECTION ( 'NONE',  ( -0.000000000000000000, -0.000000000000000000, 1.000000000000000000 ) ) ;
#534 = VERTEX_POINT ( 'NONE', #706 ) ;
#535 = EDGE_CURVE ( 'NONE', #537, #4484, #2765, .T. ) ;
#536 = EDGE_CURVE ( 'NONE', #983, #1130, #4475, .T. ) ;
#537 = VERTEX_POINT ( 'NONE', #2436 ) ;
#538 = CARTESIAN_POINT ( 'NONE',  ( 0.1500000000000000777, -0.6250000000000001110, 1.010000000000000009 ) ) ;
#539 = FILL_AREA_STYLE_COLOUR ( '', #4911 ) ;
#540 = FILL_AREA_STYLE_COLOUR ( '', #4921 ) ;
#541 = SURFACE_STYLE_FILL_AREA ( #2459 ) ;
#542 = ORIENTED_EDGE ( 'NONE', *, *, #731, .T. ) ;
#543 = EDGE_CURVE ( 'NONE', #2813, #2532, #4823, .T. ) ;
#544 =( LENGTH_UNIT ( ) NAMED_UNIT ( * ) SI_UNIT ( .MILLI., .METRE. ) );
#545 = FILL_AREA_STYLE ('',( #877 ) ) ;
#546 = SURFACE_STYLE_USAGE ( .BOTH. , #2519 ) ;
#547 = CARTESIAN_POINT ( 'NONE',  ( -0.4999999999999998890, 0.5950000000000001954, 0.02999999999999997113 ) ) ;
#548 = CARTESIAN_POINT ( 'NONE',  ( -1.000000000000000000, -0.6250000000000001110, 1.010000000000000009 ) ) ;
#549 = FILL_AREA_STYLE ('',( #3000 ) ) ;
#550 = CARTESIAN_POINT ( 'NONE',  ( 0.7999999999999993783, 5.421010862427525128E-16, 0.000000000000000000 ) ) ;
#551 = EDGE_LOOP ( 'NONE', ( #5023, #5173, #398, #445 ) ) ;
#552 = SURFACE_STYLE_USAGE ( .BOTH. , #3332 ) ;
#553 = SURFACE_STYLE_USAGE ( .BOTH. , #120 ) ;
#554 = VERTEX_POINT ( 'NONE', #4031 ) ;
#555 = FACE_OUTER_BOUND ( 'NONE', #3087, .T. ) ;
#556 = ORIENTED_EDGE ( 'NONE', *, *, #5003, .F. ) ;
#557 = DIRECTION ( 'NONE',  ( 0.000000000000000000, 0.000000000000000000, -1.000000000000000000 ) ) ;
#558 = PRESENTATION_STYLE_ASSIGNMENT (( #3845 ) ) ;
#559 = PRESENTATION_STYLE_ASSIGNMENT (( #2658 ) ) ;
#560 = ORIENTED_EDGE ( 'NONE', *, *, #4406, .F. ) ;
#561 = PRESENTATION_STYLE_ASSIGNMENT (( #959 ) ) ;
#562 =( NAMED_UNIT ( * ) SI_UNIT ( $, .STERADIAN. ) SOLID_ANGLE_UNIT ( ) );
#563 = SURFACE_SIDE_STYLE ('',( #1904 ) ) ;
#564 = EDGE_CURVE ( 'NONE', #2792, #284, #5168, .T. ) ;
#565 = EDGE_CURVE ( 'NONE', #3453, #1870, #1368, .T. ) ;
#566 = FILL_AREA_STYLE ('',( #1396 ) ) ;
#567 = DIRECTION ( 'NONE',  ( 0.000000000000000000, -1.000000000000000000, 0.000000000000000000 ) ) ;
#568 =( NAMED_UNIT ( * ) SI_UNIT ( $, .STERADIAN. ) SOLID_ANGLE_UNIT ( ) );
#569 = UNCERTAINTY_MEASURE_WITH_UNIT (LENGTH_MEASURE( 1.000000000000000082E-05 ), #4329, 'distance_accuracy_value', 'NONE');
#570 = DIRECTION ( 'NONE',  ( -0.000000000000000000, 0.000000000000000000, -1.000000000000000000 ) ) ;
#571 = MECHANICAL_DESIGN_GEOMETRIC_PRESENTATION_REPRESENTATION (  '', ( #3122 ), #314 ) ;
#572 = EDGE_LOOP ( 'NONE', ( #5266, #4714, #5218, #1855 ) ) ;
#573 = PLANE ( 'NONE',  #4442 ) ;
#574 = PRESENTATION_LAYER_ASSIGNMENT (  '', '', ( #2868 ) ) ;
#575 =( NAMED_UNIT ( * ) SI_UNIT ( $, .STERADIAN. ) SOLID_ANGLE_UNIT ( ) );
#576 = CARTESIAN_POINT ( 'NONE',  ( -0.1500000000000006051, 0.5950000000000000844, 0.02999999999999997113 ) ) ;
#577 = ORIENTED_EDGE ( 'NONE', *, *, #3274, .T. ) ;
#578 = VECTOR ( 'NONE', #3190, 1000.000000000000000 ) ;
#579 = DIRECTION ( 'NONE',  ( 1.084202172485503842E-15, 1.000000000000000000, 0.000000000000000000 ) ) ;
#580 = ORIENTED_EDGE ( 'NONE', *, *, #148, .F. ) ;
#581 = PRESENTATION_LAYER_ASSIGNMENT (  '', '', ( #2873 ) ) ;
#582 = FILL_AREA_STYLE ('',( #2601 ) ) ;
#583 = EDGE_CURVE ( 'NONE', #3447, #3743, #4056, .T. ) ;
#584 = SURFACE_SIDE_STYLE ('',( #3457 ) ) ;
#585 = MECHANICAL_DESIGN_GEOMETRIC_PRESENTATION_REPRESENTATION (  '', ( #4537 ), #2047 ) ;
#586 = AXIS2_PLACEMENT_3D ( 'NONE', #5059, #570, #1349 ) ;
#587 = CARTESIAN_POINT ( 'NONE',  ( -0.5000000000000002220, 0.3250000000000000111, 0.000000000000000000 ) ) ;
#588 = EDGE_LOOP ( 'NONE', ( #4959, #5069, #3760, #4496 ) ) ;
#589 = AXIS2_PLACEMENT_3D ( 'NONE', #4353, #247, #1526 ) ;
#590 = SURFACE_STYLE_FILL_AREA ( #1313 ) ;
#591 = PRESENTATION_STYLE_ASSIGNMENT (( #4325 ) ) ;
#592 = DIRECTION ( 'NONE',  ( 1.084202172485503842E-15, 1.000000000000000000, 0.000000000000000000 ) ) ;
#593 = STYLED_ITEM ( 'NONE', ( #4991 ), #4994 ) ;
#594 = STYLED_ITEM ( 'NONE', ( #717 ), #1980 ) ;
#595 = AXIS2_PLACEMENT_3D ( 'NONE', #3082, #1971, #692 ) ;
#596 = VECTOR ( 'NONE', #4237, 1000.000000000000000 ) ;
#597 = AXIS2_PLACEMENT_3D ( 'NONE', #1798, #905, #2591 ) ;
#598 = SURFACE_STYLE_FILL_AREA ( #4704 ) ;
#599 = EDGE_CURVE ( 'NONE', #2360, #3320, #794, .T. ) ;
#600 = DIRECTION ( 'NONE',  ( 1.445602896647339114E-15, -1.000000000000000000, 0.000000000000000000 ) ) ;
#601 = SURFACE_STYLE_USAGE ( .BOTH. , #3016 ) ;
#602 = CIRCLE ( 'NONE', #5009, 0.03000000000000007869 ) ;
#603 = DIRECTION ( 'NONE',  ( -0.000000000000000000, 1.000000000000000000, -0.000000000000000000 ) ) ;
#604 = STYLED_ITEM ( 'NONE', ( #4411 ), #3103 ) ;
#605 = DIRECTION ( 'NONE',  ( 0.000000000000000000, 0.000000000000000000, -1.000000000000000000 ) ) ;
#606 = DIRECTION ( 'NONE',  ( 0.000000000000000000, 0.000000000000000000, -1.000000000000000000 ) ) ;
#607 = EDGE_CURVE ( 'NONE', #4683, #3806, #1966, .T. ) ;
#608 = ORIENTED_EDGE ( 'NONE', *, *, #1251, .F. ) ;
#609 = CARTESIAN_POINT ( 'NONE',  ( -0.9700000000000000844, -0.6250000000000001110, 1.040000000000000036 ) ) ;
#610 = COLOUR_RGB ( '',0.9607843137254902244, 0.9607843137254902244, 0.9607843137254902244 ) ;
#611 = VECTOR ( 'NONE', #3013, 1000.000000000000000 ) ;
#612 = SURFACE_SIDE_STYLE ('',( #4289 ) ) ;
#613 = PRESENTATION_STYLE_ASSIGNMENT (( #4293 ) ) ;
#614 = ORIENTED_EDGE ( 'NONE', *, *, #1908, .T. ) ;
#615 = SURFACE_SIDE_STYLE ('',( #2226 ) ) ;
#616 = DIRECTION ( 'NONE',  ( 1.445602896647339114E-15, -1.000000000000000000, 0.000000000000000000 ) ) ;
#617 = FILL_AREA_STYLE ('',( #1366 ) ) ;
#618 = ORIENTED_EDGE ( 'NONE', *, *, #2421, .F. ) ;
#619 = CYLINDRICAL_SURFACE ( 'NONE', #4015, 0.02999999999999997113 ) ;
#620 = DIRECTION ( 'NONE',  ( 1.000000000000000000, 1.807003620809173153E-16, -0.000000000000000000 ) ) ;
#621 =( LENGTH_UNIT ( ) NAMED_UNIT ( * ) SI_UNIT ( .MILLI., .METRE. ) );
#622 = DIRECTION ( 'NONE',  ( 1.084202172485503842E-15, 1.000000000000000000, 0.000000000000000000 ) ) ;
#623 = DIRECTION ( 'NONE',  ( 0.000000000000000000, 0.000000000000000000, -1.000000000000000000 ) ) ;
#624 = DIRECTION ( 'NONE',  ( -3.614007241618339896E-16, 1.000000000000000000, 0.000000000000000000 ) ) ;
#625 = EDGE_CURVE ( 'NONE', #1603, #1578, #3260, .T. ) ;
#626 = DIRECTION ( 'NONE',  ( 0.000000000000000000, -0.000000000000000000, -1.000000000000000000 ) ) ;
#627 = PLANE ( 'NONE',  #5328 ) ;
#628 = LINE ( 'NONE', #3475, #3134 ) ;
#629 = EDGE_LOOP ( 'NONE', ( #4238, #77, #4521, #1917 ) ) ;
#630 = EDGE_CURVE ( 'NONE', #517, #2341, #4200, .T. ) ;
#631 = EDGE_CURVE ( 'NONE', #193, #4079, #4112, .T. ) ;
#632 = FILL_AREA_STYLE ('',( #1482 ) ) ;
#633 =( LENGTH_UNIT ( ) NAMED_UNIT ( * ) SI_UNIT ( .MILLI., .METRE. ) );
#634 = LINE ( 'NONE', #2287, #2168 ) ;
#635 =( NAMED_UNIT ( * ) SI_UNIT ( $, .STERADIAN. ) SOLID_ANGLE_UNIT ( ) );
#636 = ORIENTED_EDGE ( 'NONE', *, *, #4216, .T. ) ;
#637 = CARTESIAN_POINT ( 'NONE',  ( -0.6000000000000001998, -0.1500000000000000777, 1.030000000000000027 ) ) ;
#638 = DIRECTION ( 'NONE',  ( 0.000000000000000000, 1.000000000000000000, -0.000000000000000000 ) ) ;
#639 = ORIENTED_EDGE ( 'NONE', *, *, #447, .F. ) ;
#640 = DIRECTION ( 'NONE',  ( 0.000000000000000000, -1.000000000000000000, 0.000000000000000000 ) ) ;
#641 = MECHANICAL_DESIGN_GEOMETRIC_PRESENTATION_REPRESENTATION (  '', ( #2939 ), #4153 ) ;
#642 = DIRECTION ( 'NONE',  ( -1.807003620809172906E-16, 1.000000000000000000, 0.000000000000000000 ) ) ;
#643 = UNCERTAINTY_MEASURE_WITH_UNIT (LENGTH_MEASURE( 1.000000000000000082E-05 ), #2855, 'distance_accuracy_value', 'NONE');
#644 = LINE ( 'NONE', #752, #172 ) ;
#645 = SURFACE_SIDE_STYLE ('',( #4328 ) ) ;
#646 = CARTESIAN_POINT ( 'NONE',  ( -0.8000000000000005995, 0.6250000000000000000, -0.4242640687119291210 ) ) ;
#647 = EDGE_CURVE ( 'NONE', #30, #4683, #4643, .T. ) ;
#648 = DIRECTION ( 'NONE',  ( 1.000000000000000000, 1.084202172485503842E-15, -0.000000000000000000 ) ) ;
#649 = ORIENTED_EDGE ( 'NONE', *, *, #4335, .T. ) ;
#650 = CARTESIAN_POINT ( 'NONE',  ( -0.7999999999999999334, -0.5950000000000000844, 1.040000000000000036 ) ) ;
#651 = CARTESIAN_POINT ( 'NONE',  ( 0.000000000000000000, 0.5949999999999999734, 1.010000000000000009 ) ) ;
#652 = DIRECTION ( 'NONE',  ( 0.000000000000000000, 0.000000000000000000, -1.000000000000000000 ) ) ;
#653 = COLOUR_RGB ( '',0.9607843137254902244, 0.9607843137254902244, 0.9607843137254902244 ) ;
#654 = LINE ( 'NONE', #2290, #3324 ) ;
#655 = ORIENTED_EDGE ( 'NONE', *, *, #1741, .F. ) ;
#656 = ADVANCED_FACE ( 'NONE', ( #954 ), #2990, .T. ) ;
#657 = PRESENTATION_STYLE_ASSIGNMENT (( #1859 ) ) ;
#658 = EDGE_CURVE ( 'NONE', #4967, #1233, #3866, .T. ) ;
#659 = SURFACE_STYLE_FILL_AREA ( #2253 ) ;
#660 =( NAMED_UNIT ( * ) PLANE_ANGLE_UNIT ( ) SI_UNIT ( $, .RADIAN. ) );
#661 = STYLED_ITEM ( 'NONE', ( #4288 ), #4249 ) ;
#662 = FILL_AREA_STYLE_COLOUR ( '', #868 ) ;
#663 = STYLED_ITEM ( 'NONE', ( #461 ), #1606 ) ;
#664 = STYLED_ITEM ( 'NONE', ( #157 ), #1245 ) ;
#665 = VERTEX_POINT ( 'NONE', #5121 ) ;
#666 = COLOUR_RGB ( '',0.9607843137254902244, 0.9607843137254902244, 0.9607843137254902244 ) ;
#667 = STYLED_ITEM ( 'NONE', ( #244 ), #1709 ) ;
#668 = DIRECTION ( 'NONE',  ( -1.000000000000000000, 0.000000000000000000, 0.000000000000000000 ) ) ;
#669 = EDGE_CURVE ( 'NONE', #4780, #2792, #1813, .T. ) ;
#670 =( LENGTH_UNIT ( ) NAMED_UNIT ( * ) SI_UNIT ( .MILLI., .METRE. ) );
#671 = AXIS2_PLACEMENT_3D ( 'NONE', #1376, #4707, #2595 ) ;
#672 = MECHANICAL_DESIGN_GEOMETRIC_PRESENTATION_REPRESENTATION (  '', ( #2289 ), #4449 ) ;
#673 =( GEOMETRIC_REPRESENTATION_CONTEXT ( 3 ) GLOBAL_UNCERTAINTY_ASSIGNED_CONTEXT ( ( #1780 ) ) GLOBAL_UNIT_ASSIGNED_CONTEXT ( ( #5267, #4471, #876 ) ) REPRESENTATION_CONTEXT ( 'NONE', 'WORKASPACE' ) );
#674 = COLOUR_RGB ( '',0.8431372549019607865, 0.8431372549019607865, 0.8431372549019607865 ) ;
#675 =( GEOMETRIC_REPRESENTATION_CONTEXT ( 3 ) GLOBAL_UNCERTAINTY_ASSIGNED_CONTEXT ( ( #5207 ) ) GLOBAL_UNIT_ASSIGNED_CONTEXT ( ( #1085, #5223, #4978 ) ) REPRESENTATION_CONTEXT ( 'NONE', 'WORKASPACE' ) );
#676 = DIRECTION ( 'NONE',  ( 1.000000000000000000, -0.000000000000000000, -0.000000000000000000 ) ) ;
#677 = COLOUR_RGB ( '',0.9607843137254902244, 0.9607843137254902244, 0.9607843137254902244 ) ;
#678 = CARTESIAN_POINT ( 'NONE',  ( -0.4999999999999998890, 0.5949999999999999734, 0.03000000000000007869 ) ) ;
#679 = MECHANICAL_DESIGN_GEOMETRIC_PRESENTATION_REPRESENTATION (  '', ( #2976 ), #4547 ) ;
#680 = CYLINDRICAL_SURFACE ( 'NONE', #2161, 0.02999999999999997113 ) ;
#681 = VECTOR ( 'NONE', #4738, 1000.000000000000000 ) ;
#682 = CIRCLE ( 'NONE', #1280, 0.02999999999999997113 ) ;
#683 = MECHANICAL_DESIGN_GEOMETRIC_PRESENTATION_REPRESENTATION (  '', ( #1617 ), #4195 ) ;
#684 = AXIS2_PLACEMENT_3D ( 'NONE', #3422, #181, #2917 ) ;
#685 = APPLICATION_PROTOCOL_DEFINITION ( 'draft international standard', 'automotive_design', 1998, #311 ) ;
#686 = SURFACE_STYLE_FILL_AREA ( #5191 ) ;
#687 = CIRCLE ( 'NONE', #5087, 0.03000000000000007869 ) ;
#688 = ORIENTED_EDGE ( 'NONE', *, *, #131, .T. ) ;
#689 = PRESENTATION_STYLE_ASSIGNMENT (( #3508 ) ) ;
#690 =( GEOMETRIC_REPRESENTATION_CONTEXT ( 3 ) GLOBAL_UNCERTAINTY_ASSIGNED_CONTEXT ( ( #2531 ) ) GLOBAL_UNIT_ASSIGNED_CONTEXT ( ( #1727, #915, #1649 ) ) REPRESENTATION_CONTEXT ( 'NONE', 'WORKASPACE' ) );
#691 = COLOUR_RGB ( '',0.9607843137254902244, 0.9607843137254902244, 0.9607843137254902244 ) ;
#692 = DIRECTION ( 'NONE',  ( 0.000000000000000000, -0.000000000000000000, 1.000000000000000000 ) ) ;
#693 = ORIENTED_EDGE ( 'NONE', *, *, #3346, .F. ) ;
#694 = CARTESIAN_POINT ( 'NONE',  ( 0.9700000000000000844, -0.5950000000000001954, 1.040000000000000036 ) ) ;
#695 = VERTEX_POINT ( 'NONE', #235 ) ;
#696 = LINE ( 'NONE', #3955, #2239 ) ;
#697 = FACE_OUTER_BOUND ( 'NONE', #455, .T. ) ;
#698 = CARTESIAN_POINT ( 'NONE',  ( 0.4999999999999997780, 0.3250000000000000111, 1.040000000000000036 ) ) ;
#699 = ORIENTED_EDGE ( 'NONE', *, *, #4627, .F. ) ;
#700 = SURFACE_STYLE_FILL_AREA ( #1494 ) ;
#701 =( NAMED_UNIT ( * ) PLANE_ANGLE_UNIT ( ) SI_UNIT ( $, .RADIAN. ) );
#702 = EDGE_CURVE ( 'NONE', #2669, #3694, #2631, .T. ) ;
#703 = ADVANCED_FACE ( 'NONE', ( #4240 ), #1464, .T. ) ;
#704 = FILL_AREA_STYLE ('',( #4386 ) ) ;
#705 = LINE ( 'NONE', #1581, #4874 ) ;
#706 = CARTESIAN_POINT ( 'NONE',  ( 0.5000000000000000000, -0.5950000000000000844, 1.040000000000000036 ) ) ;
#707 = ORIENTED_EDGE ( 'NONE', *, *, #131, .F. ) ;
#708 = SURFACE_SIDE_STYLE ('',( #3552 ) ) ;
#709 = MANIFOLD_SOLID_BREP ( 'LPattern3[4]', #3313 ) ;
#710 = PRESENTATION_STYLE_ASSIGNMENT (( #259 ) ) ;
#711 =( LENGTH_UNIT ( ) NAMED_UNIT ( * ) SI_UNIT ( .MILLI., .METRE. ) );
#712 = ORIENTED_EDGE ( 'NONE', *, *, #914, .F. ) ;
#713 = CARTESIAN_POINT ( 'NONE',  ( 1.299999999999999822, -0.5950000000000004174, 0.000000000000000000 ) ) ;
#714 = CYLINDRICAL_SURFACE ( 'NONE', #3489, 0.02999999999999997113 ) ;
#715 = VERTEX_POINT ( 'NONE', #1838 ) ;
#716 = FILL_AREA_STYLE ('',( #2727 ) ) ;
#717 = PRESENTATION_STYLE_ASSIGNMENT (( #3056 ) ) ;
#718 = CARTESIAN_POINT ( 'NONE',  ( -0.5000000000000002220, -0.3250000000000000111, -0.4242640687119291210 ) ) ;
#719 =( NAMED_UNIT ( * ) PLANE_ANGLE_UNIT ( ) SI_UNIT ( $, .RADIAN. ) );
#720 = SURFACE_SIDE_STYLE ('',( #2323 ) ) ;
#721 = EDGE_LOOP ( 'NONE', ( #3184, #4394, #2723, #3973, #4618, #3619 ) ) ;
#722 = MANIFOLD_SOLID_BREP ( 'Cut-Extrude2', #86 ) ;
#723 =( NAMED_UNIT ( * ) SI_UNIT ( $, .STERADIAN. ) SOLID_ANGLE_UNIT ( ) );
#724 = DIRECTION ( 'NONE',  ( 0.000000000000000000, 1.000000000000000000, 0.000000000000000000 ) ) ;
#725 = UNCERTAINTY_MEASURE_WITH_UNIT (LENGTH_MEASURE( 1.000000000000000082E-05 ), #4585, 'distance_accuracy_value', 'NONE');
#726 =( LENGTH_UNIT ( ) NAMED_UNIT ( * ) SI_UNIT ( .MILLI., .METRE. ) );
#727 = VERTEX_POINT ( 'NONE', #3813 ) ;
#728 = MECHANICAL_DESIGN_GEOMETRIC_PRESENTATION_REPRESENTATION (  '', ( #5298 ), #1326 ) ;
#729 = DIRECTION ( 'NONE',  ( -1.000000000000000000, -3.614007241618339896E-16, 0.000000000000000000 ) ) ;
#730 = DIRECTION ( 'NONE',  ( 1.000000000000000000, 0.000000000000000000, 0.000000000000000000 ) ) ;
#731 = EDGE_CURVE ( 'NONE', #2072, #828, #3668, .T. ) ;
#732 =( NAMED_UNIT ( * ) PLANE_ANGLE_UNIT ( ) SI_UNIT ( $, .RADIAN. ) );
#733 = ORIENTED_EDGE ( 'NONE', *, *, #463, .T. ) ;
#734 = FACE_OUTER_BOUND ( 'NONE', #2352, .T. ) ;
#735 = LINE ( 'NONE', #331, #1515 ) ;
#736 = EDGE_LOOP ( 'NONE', ( #3612, #4570, #1350, #2835 ) ) ;
#737 = SURFACE_STYLE_USAGE ( .BOTH. , #4417 ) ;
#738 = ORIENTED_EDGE ( 'NONE', *, *, #3461, .T. ) ;
#739 = CARTESIAN_POINT ( 'NONE',  ( -0.4999999999999998890, -0.5950000000000001954, 0.03000000000000007869 ) ) ;
#740 = FILL_AREA_STYLE_COLOUR ( '', #256 ) ;
#741 = PLANE ( 'NONE',  #2486 ) ;
#742 = ORIENTED_EDGE ( 'NONE', *, *, #535, .F. ) ;
#743 = LINE ( 'NONE', #1250, #1030 ) ;
#744 = EDGE_CURVE ( 'NONE', #2669, #364, #1571, .T. ) ;
#745 = SURFACE_SIDE_STYLE ('',( #3690 ) ) ;
#746 = CARTESIAN_POINT ( 'NONE',  ( 1.300000000000000044, 0.3250000000000000111, 0.000000000000000000 ) ) ;
#747 = DIRECTION ( 'NONE',  ( -0.000000000000000000, -0.000000000000000000, 1.000000000000000000 ) ) ;
#748 =( GEOMETRIC_REPRESENTATION_CONTEXT ( 3 ) GLOBAL_UNCERTAINTY_ASSIGNED_CONTEXT ( ( #1445 ) ) GLOBAL_UNIT_ASSIGNED_CONTEXT ( ( #4772, #4792, #3999 ) ) REPRESENTATION_CONTEXT ( 'NONE', 'WORKASPACE' ) );
#749 = EDGE_LOOP ( 'NONE', ( #4900, #3438, #2929, #4796 ) ) ;
#750 = UNCERTAINTY_MEASURE_WITH_UNIT (LENGTH_MEASURE( 1.000000000000000082E-05 ), #4129, 'distance_accuracy_value', 'NONE');
#751 = CARTESIAN_POINT ( 'NONE',  ( -0.6000000000000001998, -0.1500000000000000777, 1.030000000000000027 ) ) ;
#752 = CARTESIAN_POINT ( 'NONE',  ( 0.1500000000000000777, 0.6250000000000001110, 0.02999999999999997113 ) ) ;
#753 =( NAMED_UNIT ( * ) PLANE_ANGLE_UNIT ( ) SI_UNIT ( $, .RADIAN. ) );
#754 = MECHANICAL_DESIGN_GEOMETRIC_PRESENTATION_REPRESENTATION (  '', ( #2613 ), #2032 ) ;
#755 = PRESENTATION_LAYER_ASSIGNMENT (  '', '', ( #319 ) ) ;
#756 = AXIS2_PLACEMENT_3D ( 'NONE', #2204, #1067, #3384 ) ;
#757 = VECTOR ( 'NONE', #4708, 1000.000000000000000 ) ;
#758 = EDGE_CURVE ( 'NONE', #3280, #1603, #4910, .T. ) ;
#759 = APPLICATION_PROTOCOL_DEFINITION ( 'draft international standard', 'automotive_design', 1998, #2751 ) ;
#760 = MECHANICAL_DESIGN_GEOMETRIC_PRESENTATION_REPRESENTATION (  '', ( #593 ), #330 ) ;
#761 = EDGE_CURVE ( 'NONE', #3507, #1249, #602, .T. ) ;
#762 = VECTOR ( 'NONE', #2202, 1000.000000000000000 ) ;
#763 =( LENGTH_UNIT ( ) NAMED_UNIT ( * ) SI_UNIT ( .MILLI., .METRE. ) );
#764 = ORIENTED_EDGE ( 'NONE', *, *, #3429, .F. ) ;
#765 = VECTOR ( 'NONE', #4295, 1000.000000000000000 ) ;
#766 =( GEOMETRIC_REPRESENTATION_CONTEXT ( 3 ) GLOBAL_UNCERTAINTY_ASSIGNED_CONTEXT ( ( #1558 ) ) GLOBAL_UNIT_ASSIGNED_CONTEXT ( ( #3969, #4793, #4868 ) ) REPRESENTATION_CONTEXT ( 'NONE', 'WORKASPACE' ) );
#767 = MECHANICAL_DESIGN_GEOMETRIC_PRESENTATION_REPRESENTATION (  '', ( #2376 ), #5 ) ;
#768 = MANIFOLD_SOLID_BREP ( 'LPattern3[3]', #2787 ) ;
#769 = EDGE_CURVE ( 'NONE', #382, #3913, #1981, .T. ) ;
#770 = ORIENTED_EDGE ( 'NONE', *, *, #4215, .F. ) ;
#771 = CARTESIAN_POINT ( 'NONE',  ( 0.5000000000000000000, -0.6250000000000000000, 0.02999999999999997113 ) ) ;
#772 = SURFACE_SIDE_STYLE ('',( #420 ) ) ;
#773 = ORIENTED_EDGE ( 'NONE', *, *, #4886, .F. ) ;
#774 = CARTESIAN_POINT ( 'NONE',  ( -1.000000000000000000, -0.5950000000000001954, 1.010000000000000009 ) ) ;
#775 = MECHANICAL_DESIGN_GEOMETRIC_PRESENTATION_REPRESENTATION (  '', ( #2563 ), #107 ) ;
#776 = SURFACE_STYLE_FILL_AREA ( #2358 ) ;
#777 =( NAMED_UNIT ( * ) SI_UNIT ( $, .STERADIAN. ) SOLID_ANGLE_UNIT ( ) );
#778 = MECHANICAL_DESIGN_GEOMETRIC_PRESENTATION_REPRESENTATION (  '', ( #5167 ), #690 ) ;
#779 = CARTESIAN_POINT ( 'NONE',  ( -0.1499999999999999667, -0.3250000000000000666, 0.000000000000000000 ) ) ;
#780 = EDGE_LOOP ( 'NONE', ( #2098, #2534, #5320, #608 ) ) ;
#781 = DIRECTION ( 'NONE',  ( 1.000000000000000000, 3.614007241618339896E-16, -0.000000000000000000 ) ) ;
#782 = LINE ( 'NONE', #2095, #327 ) ;
#783 = FACE_OUTER_BOUND ( 'NONE', #572, .T. ) ;
#784 = DIRECTION ( 'NONE',  ( 1.445602896647339114E-15, -1.000000000000000000, 0.000000000000000000 ) ) ;
#785 = CARTESIAN_POINT ( 'NONE',  ( -0.1500000000000001887, 0.3250000000000000111, -0.4242640687119291210 ) ) ;
#786 =( GEOMETRIC_REPRESENTATION_CONTEXT ( 3 ) GLOBAL_UNCERTAINTY_ASSIGNED_CONTEXT ( ( #4150 ) ) GLOBAL_UNIT_ASSIGNED_CONTEXT ( ( #4381, #2638, #4782 ) ) REPRESENTATION_CONTEXT ( 'NONE', 'WORKASPACE' ) );
#787 = ORIENTED_EDGE ( 'NONE', *, *, #4884, .F. ) ;
#788 = CARTESIAN_POINT ( 'NONE',  ( -0.1500000000000006051, 0.5949999999999999734, 0.03000000000000007869 ) ) ;
#789 = SURFACE_STYLE_FILL_AREA ( #4470 ) ;
#790 = CARTESIAN_POINT ( 'NONE',  ( 0.9700000000000000844, 0.000000000000000000, 1.040000000000000036 ) ) ;
#791 = ORIENTED_EDGE ( 'NONE', *, *, #2839, .F. ) ;
#792 =( NAMED_UNIT ( * ) SI_UNIT ( $, .STERADIAN. ) SOLID_ANGLE_UNIT ( ) );
#793 = AXIS2_PLACEMENT_3D ( 'NONE', #2653, #5028, #3311 ) ;
#794 = LINE ( 'NONE', #2412, #2805 ) ;
#795 = CARTESIAN_POINT ( 'NONE',  ( 0.5000000000000000000, -0.3250000000000000666, -0.4242640687119291210 ) ) ;
#796 = DIRECTION ( 'NONE',  ( 0.000000000000000000, -1.000000000000000000, -0.000000000000000000 ) ) ;
#797 = VERTEX_POINT ( 'NONE', #310 ) ;
#798 = ADVANCED_FACE ( 'NONE', ( #3191 ), #741, .F. ) ;
#799 = MANIFOLD_SOLID_BREP ( 'Boss-Extrude3', #4644 ) ;
#800 = CARTESIAN_POINT ( 'NONE',  ( 1.000000000000000000, -0.6250000000000001110, 1.010000000000000009 ) ) ;
#801 = VERTEX_POINT ( 'NONE', #861 ) ;
#802 = CARTESIAN_POINT ( 'NONE',  ( 0.5000000000000000000, -0.6250000000000000000, 1.010000000000000009 ) ) ;
#803 = FILL_AREA_STYLE_COLOUR ( '', #4748 ) ;
#804 = ORIENTED_EDGE ( 'NONE', *, *, #807, .F. ) ;
#805 = ADVANCED_FACE ( 'NONE', ( #2487 ), #4207, .T. ) ;
#806 = DIRECTION ( 'NONE',  ( 0.000000000000000000, 0.000000000000000000, 1.000000000000000000 ) ) ;
#807 = EDGE_CURVE ( 'NONE', #695, #1870, #4513, .T. ) ;
#808 =( LENGTH_UNIT ( ) NAMED_UNIT ( * ) SI_UNIT ( .MILLI., .METRE. ) );
#809 = VERTEX_POINT ( 'NONE', #3273 ) ;
#810 = CARTESIAN_POINT ( 'NONE',  ( 0.000000000000000000, -0.5950000000000001954, 1.040000000000000036 ) ) ;
#811 = LINE ( 'NONE', #4382, #4813 ) ;
#812 = FACE_OUTER_BOUND ( 'NONE', #2552, .T. ) ;
#813 = CARTESIAN_POINT ( 'NONE',  ( 0.1499999999999997446, 0.3250000000000000111, 0.000000000000000000 ) ) ;
#814 = ORIENTED_EDGE ( 'NONE', *, *, #4694, .F. ) ;
#815 = DIRECTION ( 'NONE',  ( -1.000000000000000000, -3.162256336416055914E-16, 0.000000000000000000 ) ) ;
#816 = VERTEX_POINT ( 'NONE', #477 ) ;
#817 = CARTESIAN_POINT ( 'NONE',  ( 0.8000000000000000444, 0.5950000000000001954, 0.02999999999999997113 ) ) ;
#818 = DIRECTION ( 'NONE',  ( 0.000000000000000000, 0.000000000000000000, 1.000000000000000000 ) ) ;
#819 = CARTESIAN_POINT ( 'NONE',  ( 0.1499999999999994116, 5.421010862427525128E-16, 0.000000000000000000 ) ) ;
#820 = ORIENTED_EDGE ( 'NONE', *, *, #3729, .F. ) ;
#821 = COLOUR_RGB ( '',0.8431372549019607865, 0.8431372549019607865, 0.8431372549019607865 ) ;
#822 = EDGE_CURVE ( 'NONE', #1728, #3195, #2927, .T. ) ;
#823 =( LENGTH_UNIT ( ) NAMED_UNIT ( * ) SI_UNIT ( .MILLI., .METRE. ) );
#824 = CARTESIAN_POINT ( 'NONE',  ( -0.7999999999999999334, -0.3250000000000000666, -0.4242640687119291210 ) ) ;
#825 = CARTESIAN_POINT ( 'NONE',  ( 0.000000000000000000, -0.5950000000000001954, 1.010000000000000009 ) ) ;
#826 = DIRECTION ( 'NONE',  ( -1.000000000000000000, -0.000000000000000000, -0.000000000000000000 ) ) ;
#827 = DIRECTION ( 'NONE',  ( -1.084202172485503842E-15, 1.000000000000000000, 0.000000000000000000 ) ) ;
#828 = VERTEX_POINT ( 'NONE', #4606 ) ;
#829 = DIRECTION ( 'NONE',  ( 1.000000000000000000, 0.000000000000000000, -0.000000000000000000 ) ) ;
#830 = DIRECTION ( 'NONE',  ( 1.000000000000000000, -0.000000000000000000, -0.000000000000000000 ) ) ;
#831 = UNCERTAINTY_MEASURE_WITH_UNIT (LENGTH_MEASURE( 1.000000000000000082E-05 ), #1446, 'distance_accuracy_value', 'NONE');
#832 = LINE ( 'NONE', #390, #5157 ) ;
#833 = ORIENTED_EDGE ( 'NONE', *, *, #2732, .T. ) ;
#834 = ADVANCED_FACE ( 'NONE', ( #505 ), #2150, .T. ) ;
#835 = ADVANCED_FACE ( 'NONE', ( #3194 ), #4426, .F. ) ;
#836 = FILL_AREA_STYLE_COLOUR ( '', #2147 ) ;
#837 = CARTESIAN_POINT ( 'NONE',  ( -0.9700000000000000844, 0.000000000000000000, 1.040000000000000036 ) ) ;
#838 = CARTESIAN_POINT ( 'NONE',  ( 0.1500000000000000777, 0.6250000000000001110, 1.010000000000000009 ) ) ;
#839 = ORIENTED_EDGE ( 'NONE', *, *, #1169, .F. ) ;
#840 = AXIS2_PLACEMENT_3D ( 'NONE', #2960, #1369, #1026 ) ;
#841 = FACE_OUTER_BOUND ( 'NONE', #3286, .T. ) ;
#842 = CARTESIAN_POINT ( 'NONE',  ( -0.4999999999999998890, 0.6250000000000001110, 1.010000000000000009 ) ) ;
#843 = DIRECTION ( 'NONE',  ( 3.614007241618351532E-15, 1.000000000000000000, 0.000000000000000000 ) ) ;
#844 = MECHANICAL_DESIGN_GEOMETRIC_PRESENTATION_REPRESENTATION (  '', ( #2871 ), #2964 ) ;
#845 = AXIS2_PLACEMENT_3D ( 'NONE', #413, #886, #207 ) ;
#846 =( GEOMETRIC_REPRESENTATION_CONTEXT ( 3 ) GLOBAL_UNCERTAINTY_ASSIGNED_CONTEXT ( ( #1910 ) ) GLOBAL_UNIT_ASSIGNED_CONTEXT ( ( #1238, #4526, #3700 ) ) REPRESENTATION_CONTEXT ( 'NONE', 'WORKASPACE' ) );
#847 = ORIENTED_EDGE ( 'NONE', *, *, #4963, .F. ) ;
#848 = SURFACE_STYLE_USAGE ( .BOTH. , #1663 ) ;
#849 = PRESENTATION_LAYER_ASSIGNMENT (  '', '', ( #4004 ) ) ;
#850 = PRESENTATION_LAYER_ASSIGNMENT (  '', '', ( #2543 ) ) ;
#851 = VECTOR ( 'NONE', #1419, 1000.000000000000000 ) ;
#852 = COLOUR_RGB ( '',0.8431372549019607865, 0.8431372549019607865, 0.8431372549019607865 ) ;
#853 = PRESENTATION_LAYER_ASSIGNMENT (  '', '', ( #2468 ) ) ;
#854 = CIRCLE ( 'NONE', #1267, 0.02999999999999999889 ) ;
#855 = FILL_AREA_STYLE_COLOUR ( '', #1171 ) ;
#856 = ORIENTED_EDGE ( 'NONE', *, *, #2180, .F. ) ;
#857 =( NAMED_UNIT ( * ) PLANE_ANGLE_UNIT ( ) SI_UNIT ( $, .RADIAN. ) );
#858 = DIRECTION ( 'NONE',  ( -1.000000000000000000, -3.614007241618339896E-16, 0.000000000000000000 ) ) ;
#859 = ORIENTED_EDGE ( 'NONE', *, *, #2942, .F. ) ;
#860 = PRESENTATION_LAYER_ASSIGNMENT (  '', '', ( #98 ) ) ;
#861 = CARTESIAN_POINT ( 'NONE',  ( 0.5000000000000000000, -0.3250000000000000666, 0.000000000000000000 ) ) ;
#862 = STYLED_ITEM ( 'NONE', ( #5014 ), #439 ) ;
#863 = PLANE ( 'NONE',  #2304 ) ;
#864 = AXIS2_PLACEMENT_3D ( 'NONE', #2722, #1913, #1078 ) ;
#865 = ORIENTED_EDGE ( 'NONE', *, *, #2461, .T. ) ;
#866 = CIRCLE ( 'NONE', #1033, 0.03000000000000007869 ) ;
#867 = PRESENTATION_LAYER_ASSIGNMENT (  '', '', ( #6 ) ) ;
#868 = COLOUR_RGB ( '',0.8431372549019607865, 0.8431372549019607865, 0.8431372549019607865 ) ;
#869 = LINE ( 'NONE', #3176, #950 ) ;
#870 = EDGE_CURVE ( 'NONE', #1465, #4256, #2845, .T. ) ;
#871 = FILL_AREA_STYLE_COLOUR ( '', #2467 ) ;
#872 =( GEOMETRIC_REPRESENTATION_CONTEXT ( 3 ) GLOBAL_UNCERTAINTY_ASSIGNED_CONTEXT ( ( #3243 ) ) GLOBAL_UNIT_ASSIGNED_CONTEXT ( ( #1331, #918, #1671 ) ) REPRESENTATION_CONTEXT ( 'NONE', 'WORKASPACE' ) );
#873 = VERTEX_POINT ( 'NONE', #4049 ) ;
#874 = DIRECTION ( 'NONE',  ( 1.807003620809175766E-15, -1.000000000000000000, 0.000000000000000000 ) ) ;
#875 = VECTOR ( 'NONE', #962, 1000.000000000000000 ) ;
#876 =( NAMED_UNIT ( * ) SI_UNIT ( $, .STERADIAN. ) SOLID_ANGLE_UNIT ( ) );
#877 = FILL_AREA_STYLE_COLOUR ( '', #2961 ) ;
#878 = AXIS2_PLACEMENT_3D ( 'NONE', #4776, #3927, #1083 ) ;
#879 = COLOUR_RGB ( '',0.9607843137254902244, 0.9607843137254902244, 0.9607843137254902244 ) ;
#880 = LINE ( 'NONE', #1214, #2703 ) ;
#881 = CARTESIAN_POINT ( 'NONE',  ( -2.710505431213761085E-16, 0.1500000000000001055, 1.040000000000000036 ) ) ;
#882 = VECTOR ( 'NONE', #1166, 1000.000000000000000 ) ;
#883 = ORIENTED_EDGE ( 'NONE', *, *, #1800, .F. ) ;
#884 = DIRECTION ( 'NONE',  ( 0.000000000000000000, 1.000000000000000000, 0.000000000000000000 ) ) ;
#885 = DIRECTION ( 'NONE',  ( 1.445602896647339114E-15, -1.000000000000000000, 0.000000000000000000 ) ) ;
#886 = DIRECTION ( 'NONE',  ( -1.000000000000000000, 0.000000000000000000, 0.000000000000000000 ) ) ;
#887 = SURFACE_STYLE_USAGE ( .BOTH. , #4935 ) ;
#888 = SURFACE_SIDE_STYLE ('',( #493 ) ) ;
#889 = ORIENTED_EDGE ( 'NONE', *, *, #1717, .T. ) ;
#890 = SURFACE_STYLE_USAGE ( .BOTH. , #3807 ) ;
#891 = SURFACE_SIDE_STYLE ('',( #2113 ) ) ;
#892 = PRODUCT_DEFINITION_CONTEXT ( 'detailed design', #2751, 'design' ) ;
#893 = UNCERTAINTY_MEASURE_WITH_UNIT (LENGTH_MEASURE( 1.000000000000000082E-05 ), #2411, 'distance_accuracy_value', 'NONE');
#894 = DIRECTION ( 'NONE',  ( 0.000000000000000000, 1.000000000000000000, 0.000000000000000000 ) ) ;
#895 = ORIENTED_EDGE ( 'NONE', *, *, #278, .F. ) ;
#896 = SURFACE_STYLE_USAGE ( .BOTH. , #4178 ) ;
#897 = SURFACE_STYLE_FILL_AREA ( #124 ) ;
#898 = DIRECTION ( 'NONE',  ( -1.000000000000000000, -3.614007241618339896E-16, 0.000000000000000000 ) ) ;
#899 = ORIENTED_EDGE ( 'NONE', *, *, #565, .T. ) ;
#900 = LINE ( 'NONE', #3745, #1377 ) ;
#901 = CARTESIAN_POINT ( 'NONE',  ( 0.8000000000000000444, 0.6250000000000001110, 1.010000000000000009 ) ) ;
#902 = CARTESIAN_POINT ( 'NONE',  ( -0.1499999999999999667, -0.6250000000000000000, -0.4242640687119291210 ) ) ;
#903 = DIRECTION ( 'NONE',  ( 3.614007241618351729E-16, -1.000000000000000000, 0.000000000000000000 ) ) ;
#904 = SURFACE_STYLE_USAGE ( .BOTH. , #5011 ) ;
#905 = DIRECTION ( 'NONE',  ( 0.000000000000000000, -1.000000000000000000, 0.000000000000000000 ) ) ;
#906 = EDGE_CURVE ( 'NONE', #2817, #3694, #3603, .T. ) ;
#907 = EDGE_CURVE ( 'NONE', #3359, #3024, #2403, .T. ) ;
#908 = VERTEX_POINT ( 'NONE', #1575 ) ;
#909 = FILL_AREA_STYLE ('',( #524 ) ) ;
#910 = CARTESIAN_POINT ( 'NONE',  ( -0.9700000000000000844, -0.5950000000000001954, 1.010000000000000009 ) ) ;
#911 = UNCERTAINTY_MEASURE_WITH_UNIT (LENGTH_MEASURE( 1.000000000000000082E-05 ), #3964, 'distance_accuracy_value', 'NONE');
#912 = ORIENTED_EDGE ( 'NONE', *, *, #2316, .F. ) ;
#913 = SURFACE_STYLE_USAGE ( .BOTH. , #473 ) ;
#914 = EDGE_CURVE ( 'NONE', #4484, #3857, #4919, .T. ) ;
#915 =( NAMED_UNIT ( * ) PLANE_ANGLE_UNIT ( ) SI_UNIT ( $, .RADIAN. ) );
#916 = EDGE_LOOP ( 'NONE', ( #2828, #1815, #4290, #3021 ) ) ;
#917 = LINE ( 'NONE', #2527, #1258 ) ;
#918 =( NAMED_UNIT ( * ) PLANE_ANGLE_UNIT ( ) SI_UNIT ( $, .RADIAN. ) );
#919 = EDGE_LOOP ( 'NONE', ( #3926, #1164, #36 ) ) ;
#920 = ORIENTED_EDGE ( 'NONE', *, *, #428, .F. ) ;
#921 = LINE ( 'NONE', #1754, #4010 ) ;
#922 = ORIENTED_EDGE ( 'NONE', *, *, #4701, .T. ) ;
#923 = SURFACE_STYLE_FILL_AREA ( #1290 ) ;
#924 = ADVANCED_FACE ( 'NONE', ( #812 ), #2431, .T. ) ;
#925 =( NAMED_UNIT ( * ) PLANE_ANGLE_UNIT ( ) SI_UNIT ( $, .RADIAN. ) );
#926 =( LENGTH_UNIT ( ) NAMED_UNIT ( * ) SI_UNIT ( .MILLI., .METRE. ) );
#927 = PRESENTATION_STYLE_ASSIGNMENT (( #3777 ) ) ;
#928 =( NAMED_UNIT ( * ) PLANE_ANGLE_UNIT ( ) SI_UNIT ( $, .RADIAN. ) );
#929 = CARTESIAN_POINT ( 'NONE',  ( 0.4999999999999997780, 0.3250000000000000111, 1.040000000000000036 ) ) ;
#930 = SURFACE_SIDE_STYLE ('',( #1319 ) ) ;
#931 = VECTOR ( 'NONE', #1902, 1000.000000000000000 ) ;
#932 = PLANE ( 'NONE',  #3322 ) ;
#933 = VECTOR ( 'NONE', #2938, 1000.000000000000000 ) ;
#934 = EDGE_CURVE ( 'NONE', #3533, #1603, #4755, .T. ) ;
#936 = EDGE_CURVE ( 'NONE', #193, #4451, #2321, .T. ) ;
#935 = VECTOR ( 'NONE', #4938, 1000.000000000000000 ) ;
#937 = PRESENTATION_STYLE_ASSIGNMENT (( #3373 ) ) ;
#938 = DIRECTION ( 'NONE',  ( 0.000000000000000000, 0.000000000000000000, 1.000000000000000000 ) ) ;
#939 = ORIENTED_EDGE ( 'NONE', *, *, #3452, .T. ) ;
#940 = CARTESIAN_POINT ( 'NONE',  ( -2.710505431213761085E-16, 0.1500000000000001055, 1.040000000000000036 ) ) ;
#941 = ORIENTED_EDGE ( 'NONE', *, *, #4894, .F. ) ;
#942 = DIRECTION ( 'NONE',  ( 1.000000000000000000, 0.000000000000000000, 0.000000000000000000 ) ) ;
#943 = STYLED_ITEM ( 'NONE', ( #4481 ), #1340 ) ;
#944 = PRESENTATION_LAYER_ASSIGNMENT (  '', '', ( #2220 ) ) ;
#945 =( NAMED_UNIT ( * ) PLANE_ANGLE_UNIT ( ) SI_UNIT ( $, .RADIAN. ) );
#946 = AXIS2_PLACEMENT_3D ( 'NONE', #3419, #2428, #4878 ) ;
#947 = DIRECTION ( 'NONE',  ( -9.035018104045878829E-16, 1.000000000000000000, 0.000000000000000000 ) ) ;
#948 = ORIENTED_EDGE ( 'NONE', *, *, #3859, .F. ) ;
#949 = COLOUR_RGB ( '',0.8431372549019607865, 0.8431372549019607865, 0.8431372549019607865 ) ;
#950 = VECTOR ( 'NONE', #346, 1000.000000000000000 ) ;
#951 = CARTESIAN_POINT ( 'NONE',  ( -2.168404344971008868E-16, -0.1500000000000001055, 1.040000000000000036 ) ) ;
#952 = EDGE_LOOP ( 'NONE', ( #472, #496, #3187, #5278, #3673, #1751 ) ) ;
#953 = DIRECTION ( 'NONE',  ( 1.000000000000000000, -1.084202172485503842E-15, 0.000000000000000000 ) ) ;
#954 = FACE_OUTER_BOUND ( 'NONE', #3111, .T. ) ;
#955 = VECTOR ( 'NONE', #4371, 1000.000000000000000 ) ;
#956 = MECHANICAL_DESIGN_GEOMETRIC_PRESENTATION_REPRESENTATION (  '', ( #4916 ), #4016 ) ;
#957 = SURFACE_STYLE_USAGE ( .BOTH. , #1232 ) ;
#958 = VERTEX_POINT ( 'NONE', #3974 ) ;
#959 = SURFACE_STYLE_USAGE ( .BOTH. , #4650 ) ;
#960 = DIRECTION ( 'NONE',  ( -1.000000000000000000, 0.000000000000000000, 0.000000000000000000 ) ) ;
#961 = CIRCLE ( 'NONE', #3932, 0.02999999999999999889 ) ;
#962 = DIRECTION ( 'NONE',  ( 0.000000000000000000, -1.000000000000000000, 0.000000000000000000 ) ) ;
#963 = CARTESIAN_POINT ( 'NONE',  ( -1.000000000000000000, 0.6249999999999998890, 0.03000000000000007869 ) ) ;
#964 = VECTOR ( 'NONE', #322, 1000.000000000000000 ) ;
#965 = CARTESIAN_POINT ( 'NONE',  ( 0.8000000000000000444, -0.6250000000000001110, 0.02999999999999997113 ) ) ;
#966 = AXIS2_PLACEMENT_3D ( 'NONE', #1949, #1903, #724 ) ;
#967 =( LENGTH_UNIT ( ) NAMED_UNIT ( * ) SI_UNIT ( .MILLI., .METRE. ) );
#968 =( NAMED_UNIT ( * ) PLANE_ANGLE_UNIT ( ) SI_UNIT ( $, .RADIAN. ) );
#969 = UNCERTAINTY_MEASURE_WITH_UNIT (LENGTH_MEASURE( 1.000000000000000082E-05 ), #4041, 'distance_accuracy_value', 'NONE');
#970 = VECTOR ( 'NONE', #3225, 1000.000000000000000 ) ;
#971 = LINE ( 'NONE', #4230, #1522 ) ;
#972 = ORIENTED_EDGE ( 'NONE', *, *, #4671, .T. ) ;
#973 = FILL_AREA_STYLE_COLOUR ( '', #2688 ) ;
#974 = CYLINDRICAL_SURFACE ( 'NONE', #404, 0.03000000000000007869 ) ;
#975 = DIRECTION ( 'NONE',  ( 0.000000000000000000, 0.000000000000000000, -1.000000000000000000 ) ) ;
#976 = VERTEX_POINT ( 'NONE', #1461 ) ;
#977 = EDGE_CURVE ( 'NONE', #4839, #4775, #3085, .T. ) ;
#978 = ADVANCED_FACE ( 'NONE', ( #4797 ), #2339, .F. ) ;
#979 = DIRECTION ( 'NONE',  ( 1.000000000000000000, 0.000000000000000000, 0.000000000000000000 ) ) ;
#980 = DIRECTION ( 'NONE',  ( 0.000000000000000000, 0.000000000000000000, 1.000000000000000000 ) ) ;
#981 = SURFACE_SIDE_STYLE ('',( #62 ) ) ;
#982 = SURFACE_SIDE_STYLE ('',( #3814 ) ) ;
#983 = VERTEX_POINT ( 'NONE', #4373 ) ;
#984 = CARTESIAN_POINT ( 'NONE',  ( -0.1499999999999999667, -0.6250000000000000000, 1.010000000000000009 ) ) ;
#985 = DIRECTION ( 'NONE',  ( 1.000000000000000000, -0.000000000000000000, 0.000000000000000000 ) ) ;
#986 = FILL_AREA_STYLE_COLOUR ( '', #3557 ) ;
#987 = CARTESIAN_POINT ( 'NONE',  ( 1.000000000000000000, 0.5949999999999999734, 0.000000000000000000 ) ) ;
#988 = EDGE_CURVE ( 'NONE', #4527, #4881, #696, .T. ) ;
#989 = EDGE_LOOP ( 'NONE', ( #2489, #1667, #3432, #1563 ) ) ;
#990 = SURFACE_STYLE_FILL_AREA ( #1774 ) ;
#991 = UNCERTAINTY_MEASURE_WITH_UNIT (LENGTH_MEASURE( 1.000000000000000082E-05 ), #3535, 'distance_accuracy_value', 'NONE');
#992 =( NAMED_UNIT ( * ) PLANE_ANGLE_UNIT ( ) SI_UNIT ( $, .RADIAN. ) );
#993 = ORIENTED_EDGE ( 'NONE', *, *, #4274, .F. ) ;
#994 = EDGE_LOOP ( 'NONE', ( #1716, #4638, #4038, #5062 ) ) ;
#995 = SURFACE_SIDE_STYLE ('',( #897 ) ) ;
#996 = DIRECTION ( 'NONE',  ( 1.000000000000000000, 0.000000000000000000, 0.000000000000000000 ) ) ;
#997 = EDGE_LOOP ( 'NONE', ( #4834, #4324, #480, #3375 ) ) ;
#998 =( LENGTH_UNIT ( ) NAMED_UNIT ( * ) SI_UNIT ( .MILLI., .METRE. ) );
#999 = VECTOR ( 'NONE', #354, 1000.000000000000000 ) ;
#1000 = ADVANCED_FACE ( 'NONE', ( #1548 ), #2776, .T. ) ;
#1001 = CARTESIAN_POINT ( 'NONE',  ( 0.9700000000000000844, 0.5949999999999999734, 0.02999999999999999889 ) ) ;
#1002 = FILL_AREA_STYLE_COLOUR ( '', #4514 ) ;
#1003 = LINE ( 'NONE', #4388, #7 ) ;
#1004 = COLOUR_RGB ( '',0.8431372549019607865, 0.8431372549019607865, 0.8431372549019607865 ) ;
#1005 = SPHERICAL_SURFACE ( 'NONE', #4891, 0.02999999999999999889 ) ;
#1006 = LINE ( 'NONE', #2616, #4993 ) ;
#1007 = AXIS2_PLACEMENT_3D ( 'NONE', #2652, #3047, #2985 ) ;
#1008 = ORIENTED_EDGE ( 'NONE', *, *, #2316, .T. ) ;
#1009 = DIRECTION ( 'NONE',  ( 0.000000000000000000, 0.000000000000000000, -1.000000000000000000 ) ) ;
#1010 = VECTOR ( 'NONE', #3614, 1000.000000000000000 ) ;
#1011 = SURFACE_SIDE_STYLE ('',( #4314 ) ) ;
#1012 = AXIS2_PLACEMENT_3D ( 'NONE', #2609, #5127, #2280 ) ;
#1013 = DIRECTION ( 'NONE',  ( -1.000000000000000000, -1.445602896647339114E-15, 0.000000000000000000 ) ) ;
#1014 = DIRECTION ( 'NONE',  ( 0.000000000000000000, 0.000000000000000000, 1.000000000000000000 ) ) ;
#1015 = ORIENTED_EDGE ( 'NONE', *, *, #1717, .F. ) ;
#1016 = AXIS2_PLACEMENT_3D ( 'NONE', #3308, #3254, #2536 ) ;
#1017 =( NAMED_UNIT ( * ) SI_UNIT ( $, .STERADIAN. ) SOLID_ANGLE_UNIT ( ) );
#1018 = SURFACE_STYLE_USAGE ( .BOTH. , #584 ) ;
#1019 = CLOSED_SHELL ( 'NONE', ( #49, #1978, #2396, #4393, #2301, #805, #656, #4267 ) ) ;
#1020 = VECTOR ( 'NONE', #2574, 1000.000000000000000 ) ;
#1021 = LINE ( 'NONE', #198, #4184 ) ;
#1022 =( GEOMETRIC_REPRESENTATION_CONTEXT ( 3 ) GLOBAL_UNCERTAINTY_ASSIGNED_CONTEXT ( ( #4806 ) ) GLOBAL_UNIT_ASSIGNED_CONTEXT ( ( #4345, #3934, #4401 ) ) REPRESENTATION_CONTEXT ( 'NONE', 'WORKASPACE' ) );
#1023 = ORIENTED_EDGE ( 'NONE', *, *, #2158, .T. ) ;
#1024 = AXIS2_PLACEMENT_3D ( 'NONE', #1758, #2099, #1793 ) ;
#1025 = AXIS2_PLACEMENT_3D ( 'NONE', #1285, #3810, #1788 ) ;
#1026 = DIRECTION ( 'NONE',  ( 0.000000000000000000, 0.000000000000000000, 1.000000000000000000 ) ) ;
#1027 = DIRECTION ( 'NONE',  ( 0.000000000000000000, 0.000000000000000000, 1.000000000000000000 ) ) ;
#1028 = EDGE_CURVE ( 'NONE', #3857, #3453, #3137, .T. ) ;
#1029 = AXIS2_PLACEMENT_3D ( 'NONE', #2903, #4580, #894 ) ;
#1030 = VECTOR ( 'NONE', #2363, 1000.000000000000000 ) ;
#1031 = COLOUR_RGB ( '',0.8431372549019607865, 0.8431372549019607865, 0.8431372549019607865 ) ;
#1032 = UNCERTAINTY_MEASURE_WITH_UNIT (LENGTH_MEASURE( 1.000000000000000082E-05 ), #5058, 'distance_accuracy_value', 'NONE');
#1033 = AXIS2_PLACEMENT_3D ( 'NONE', #3953, #383, #1135 ) ;
#1034 = PRESENTATION_LAYER_ASSIGNMENT (  '', '', ( #2633 ) ) ;
#1035 = FACE_OUTER_BOUND ( 'NONE', #2335, .T. ) ;
#1036 = STYLED_ITEM ( 'NONE', ( #558 ), #703 ) ;
#1037 = EDGE_CURVE ( 'NONE', #4346, #1552, #5323, .T. ) ;
#1038 =( NAMED_UNIT ( * ) SI_UNIT ( $, .STERADIAN. ) SOLID_ANGLE_UNIT ( ) );
#1039 = AXIS2_PLACEMENT_3D ( 'NONE', #4123, #2643, #1416 ) ;
#1040 =( GEOMETRIC_REPRESENTATION_CONTEXT ( 3 ) GLOBAL_UNCERTAINTY_ASSIGNED_CONTEXT ( ( #2744 ) ) GLOBAL_UNIT_ASSIGNED_CONTEXT ( ( #1247, #4254, #2736 ) ) REPRESENTATION_CONTEXT ( 'NONE', 'WORKASPACE' ) );
#1041 = ORIENTED_EDGE ( 'NONE', *, *, #3006, .T. ) ;
#1042 = LINE ( 'NONE', #1333, #2538 ) ;
#1043 = PRESENTATION_STYLE_ASSIGNMENT (( #4751 ) ) ;
#1044 = FACE_OUTER_BOUND ( 'NONE', #3450, .T. ) ;
#1045 = SURFACE_SIDE_STYLE ('',( #4753 ) ) ;
#1046 = ORIENTED_EDGE ( 'NONE', *, *, #870, .T. ) ;
#1047 = DIRECTION ( 'NONE',  ( -0.000000000000000000, 1.000000000000000000, -0.000000000000000000 ) ) ;
#1048 = MECHANICAL_DESIGN_GEOMETRIC_PRESENTATION_REPRESENTATION (  '', ( #4840 ), #4387 ) ;
#1049 = SURFACE_STYLE_FILL_AREA ( #3382 ) ;
#1050 = VERTEX_POINT ( 'NONE', #774 ) ;
#1051 = SURFACE_SIDE_STYLE ('',( #5204 ) ) ;
#1052 = UNCERTAINTY_MEASURE_WITH_UNIT (LENGTH_MEASURE( 1.000000000000000082E-05 ), #4719, 'distance_accuracy_value', 'NONE');
#1053 =( NAMED_UNIT ( * ) SI_UNIT ( $, .STERADIAN. ) SOLID_ANGLE_UNIT ( ) );
#1054 = SURFACE_SIDE_STYLE ('',( #2682 ) ) ;
#1055 = ADVANCED_FACE ( 'NONE', ( #4125 ), #4065, .T. ) ;
#1056 = FACE_OUTER_BOUND ( 'NONE', #1680, .T. ) ;
#1057 = ORIENTED_EDGE ( 'NONE', *, *, #1576, .T. ) ;
#1058 = DIRECTION ( 'NONE',  ( 1.000000000000000000, -0.000000000000000000, 0.000000000000000000 ) ) ;
#1059 = EDGE_CURVE ( 'NONE', #1465, #2216, #4511, .T. ) ;
#1060 = DIRECTION ( 'NONE',  ( 1.000000000000000000, -1.084202172485503842E-15, -0.000000000000000000 ) ) ;
#1061 = CYLINDRICAL_SURFACE ( 'NONE', #5006, 0.02999999999999999889 ) ;
#1062 = EDGE_LOOP ( 'NONE', ( #4904, #1008, #1732, #2651 ) ) ;
#1063 = FILL_AREA_STYLE_COLOUR ( '', #4837 ) ;
#1064 = CARTESIAN_POINT ( 'NONE',  ( 1.300000000000000044, 0.000000000000000000, 1.040000000000000036 ) ) ;
#1065 = SURFACE_STYLE_USAGE ( .BOTH. , #4777 ) ;
#1066 =( NAMED_UNIT ( * ) SI_UNIT ( $, .STERADIAN. ) SOLID_ANGLE_UNIT ( ) );
#1067 = DIRECTION ( 'NONE',  ( -0.000000000000000000, 1.000000000000000000, -0.000000000000000000 ) ) ;
#1068 = ORIENTED_EDGE ( 'NONE', *, *, #4334, .T. ) ;
#1069 = CARTESIAN_POINT ( 'NONE',  ( -0.7999999999999999334, -0.6250000000000000000, 0.02999999999999997113 ) ) ;
#1070 = FILL_AREA_STYLE_COLOUR ( '', #949 ) ;
#1071 = PRESENTATION_STYLE_ASSIGNMENT (( #4726 ) ) ;
#1072 = FACE_OUTER_BOUND ( 'NONE', #4722, .T. ) ;
#1073 = PRESENTATION_STYLE_ASSIGNMENT (( #2666 ) ) ;
#1074 = LINE ( 'NONE', #4427, #4095 ) ;
#1075 = ORIENTED_EDGE ( 'NONE', *, *, #397, .T. ) ;
#1076 =( LENGTH_UNIT ( ) NAMED_UNIT ( * ) SI_UNIT ( .MILLI., .METRE. ) );
#1077 = EDGE_CURVE ( 'NONE', #4346, #3084, #3295, .T. ) ;
#1078 = DIRECTION ( 'NONE',  ( 1.445602896647339114E-15, -1.000000000000000000, 0.000000000000000000 ) ) ;
#1079 = ORIENTED_EDGE ( 'NONE', *, *, #5120, .F. ) ;
#1080 = VECTOR ( 'NONE', #1257, 1000.000000000000000 ) ;
#1081 = DIRECTION ( 'NONE',  ( 1.000000000000000000, 0.000000000000000000, 0.000000000000000000 ) ) ;
#1082 = ORIENTED_EDGE ( 'NONE', *, *, #1801, .F. ) ;
#1083 = DIRECTION ( 'NONE',  ( 0.000000000000000000, -0.000000000000000000, -1.000000000000000000 ) ) ;
#1084 = FILL_AREA_STYLE_COLOUR ( '', #515 ) ;
#1085 =( LENGTH_UNIT ( ) NAMED_UNIT ( * ) SI_UNIT ( .MILLI., .METRE. ) );
#1086 = EDGE_CURVE ( 'NONE', #3806, #727, #2447, .T. ) ;
#1087 = PRESENTATION_LAYER_ASSIGNMENT (  '', '', ( #4434 ) ) ;
#1088 = ADVANCED_FACE ( 'NONE', ( #1651 ), #3271, .T. ) ;
#1089 = DIRECTION ( 'NONE',  ( 1.000000000000000000, -3.614007241618347785E-16, 0.000000000000000000 ) ) ;
#1090 =( GEOMETRIC_REPRESENTATION_CONTEXT ( 3 ) GLOBAL_UNCERTAINTY_ASSIGNED_CONTEXT ( ( #3785 ) ) GLOBAL_UNIT_ASSIGNED_CONTEXT ( ( #4575, #2173, #2197 ) ) REPRESENTATION_CONTEXT ( 'NONE', 'WORKASPACE' ) );
#1091 = VERTEX_POINT ( 'NONE', #3728 ) ;
#1092 = PRESENTATION_LAYER_ASSIGNMENT (  '', '', ( #1963 ) ) ;
#1093 = CIRCLE ( 'NONE', #3905, 0.03000000000000007869 ) ;
#1094 = CARTESIAN_POINT ( 'NONE',  ( -0.1500000000000006051, 0.5950000000000000844, 1.010000000000000009 ) ) ;
#1095 = AXIS2_PLACEMENT_3D ( 'NONE', #5287, #1520, #2429 ) ;
#1096 = CIRCLE ( 'NONE', #3997, 0.03000000000000007869 ) ;
#1097 = AXIS2_PLACEMENT_3D ( 'NONE', #2493, #2933, #4134 ) ;
#1098 =( GEOMETRIC_REPRESENTATION_CONTEXT ( 3 ) GLOBAL_UNCERTAINTY_ASSIGNED_CONTEXT ( ( #2116 ) ) GLOBAL_UNIT_ASSIGNED_CONTEXT ( ( #4138, #753, #2607 ) ) REPRESENTATION_CONTEXT ( 'NONE', 'WORKASPACE' ) );
#1099 = AXIS2_PLACEMENT_3D ( 'NONE', #2073, #4018, #2491 ) ;
#1100 = VECTOR ( 'NONE', #4118, 1000.000000000000000 ) ;
#1101 = CARTESIAN_POINT ( 'NONE',  ( 0.6499999999999998002, 0.5950000000000004174, 0.000000000000000000 ) ) ;
#1102 = AXIS2_PLACEMENT_3D ( 'NONE', #5306, #4876, #1156 ) ;
#1103 = MECHANICAL_DESIGN_GEOMETRIC_PRESENTATION_REPRESENTATION (  '', ( #3221 ), #4742 ) ;
#1104 = PRESENTATION_LAYER_ASSIGNMENT (  '', '', ( #4743 ) ) ;
#1105 = DIRECTION ( 'NONE',  ( -1.000000000000000000, 0.000000000000000000, 0.000000000000000000 ) ) ;
#1106 = LINE ( 'NONE', #1909, #4553 ) ;
#1107 = AXIS2_PLACEMENT_3D ( 'NONE', #4352, #3181, #2281 ) ;
#1108 =( GEOMETRIC_REPRESENTATION_CONTEXT ( 3 ) GLOBAL_UNCERTAINTY_ASSIGNED_CONTEXT ( ( #4608 ) ) GLOBAL_UNIT_ASSIGNED_CONTEXT ( ( #2955, #1308, #3410 ) ) REPRESENTATION_CONTEXT ( 'NONE', 'WORKASPACE' ) );
#1109 = PRESENTATION_LAYER_ASSIGNMENT (  '', '', ( #3310 ) ) ;
#1110 = AXIS2_PLACEMENT_3D ( 'NONE', #2829, #4501, #2044 ) ;
#1111 = ORIENTED_EDGE ( 'NONE', *, *, #3371, .T. ) ;
#1112 = DIRECTION ( 'NONE',  ( 0.000000000000000000, -1.000000000000000000, 0.000000000000000000 ) ) ;
#1113 = COLOUR_RGB ( '',0.8431372549019607865, 0.8431372549019607865, 0.8431372549019607865 ) ;
#1114 = STYLED_ITEM ( 'NONE', ( #1653 ), #834 ) ;
#1115 = DIRECTION ( 'NONE',  ( 1.000000000000000000, -3.614007241618347785E-16, 0.000000000000000000 ) ) ;
#1116 = DIRECTION ( 'NONE',  ( -1.000000000000000000, 0.000000000000000000, 0.000000000000000000 ) ) ;
#1117 = ORIENTED_EDGE ( 'NONE', *, *, #2839, .T. ) ;
#1118 = DIRECTION ( 'NONE',  ( -0.000000000000000000, -0.000000000000000000, 1.000000000000000000 ) ) ;
#1119 = DIRECTION ( 'NONE',  ( 1.445602896647339114E-15, -1.000000000000000000, 0.000000000000000000 ) ) ;
#1120 = VERTEX_POINT ( 'NONE', #1702 ) ;
#1121 = MECHANICAL_DESIGN_GEOMETRIC_PRESENTATION_REPRESENTATION (  '', ( #2490 ), #2719 ) ;
#1122 = FILL_AREA_STYLE ('',( #1262 ) ) ;
#1123 =( NAMED_UNIT ( * ) SI_UNIT ( $, .STERADIAN. ) SOLID_ANGLE_UNIT ( ) );
#1124 = VERTEX_POINT ( 'NONE', #3331 ) ;
#1125 = EDGE_CURVE ( 'NONE', #199, #3106, #476, .T. ) ;
#1126 = EDGE_LOOP ( 'NONE', ( #1239, #2117, #655, #3734 ) ) ;
#1127 = UNCERTAINTY_MEASURE_WITH_UNIT (LENGTH_MEASURE( 1.000000000000000082E-05 ), #5281, 'distance_accuracy_value', 'NONE');
#1128 = VERTEX_POINT ( 'NONE', #3401 ) ;
#1129 = CARTESIAN_POINT ( 'NONE',  ( 0.5000000000000000000, -0.3250000000000000666, 1.040000000000000036 ) ) ;
#1130 = VERTEX_POINT ( 'NONE', #497 ) ;
#1131 = SURFACE_STYLE_USAGE ( .BOTH. , #1912 ) ;
#1132 =( NAMED_UNIT ( * ) PLANE_ANGLE_UNIT ( ) SI_UNIT ( $, .RADIAN. ) );
#1133 = EDGE_LOOP ( 'NONE', ( #3379, #3491, #5040, #3164 ) ) ;
#1134 = LINE ( 'NONE', #3534, #1831 ) ;
#1135 = DIRECTION ( 'NONE',  ( 0.000000000000000000, 0.000000000000000000, -1.000000000000000000 ) ) ;
#1136 = EDGE_LOOP ( 'NONE', ( #2398, #3954, #791, #4892 ) ) ;
#1137 = SURFACE_STYLE_FILL_AREA ( #716 ) ;
#1138 = DIRECTION ( 'NONE',  ( -1.000000000000000000, -1.084202172485503842E-15, -0.000000000000000000 ) ) ;
#1139 = CARTESIAN_POINT ( 'NONE',  ( -0.8000000000000005995, 0.6250000000000000000, -0.4242640687119291210 ) ) ;
#1140 = ORIENTED_EDGE ( 'NONE', *, *, #3073, .F. ) ;
#1141 = DIRECTION ( 'NONE',  ( 1.000000000000000000, -0.000000000000000000, -0.000000000000000000 ) ) ;
#1142 = FACE_OUTER_BOUND ( 'NONE', #3230, .T. ) ;
#1143 = FILL_AREA_STYLE_COLOUR ( '', #323 ) ;
#1144 = ORIENTED_EDGE ( 'NONE', *, *, #758, .T. ) ;
#1145 = CARTESIAN_POINT ( 'NONE',  ( -2.710505431213761085E-16, 0.1500000000000001055, 1.030000000000000027 ) ) ;
#1146 = CARTESIAN_POINT ( 'NONE',  ( -0.6000000000000001998, -0.1500000000000000777, 1.030000000000000027 ) ) ;
#1147 = PRESENTATION_STYLE_ASSIGNMENT (( #5268 ) ) ;
#1148 = EDGE_CURVE ( 'NONE', #4451, #1153, #4693, .T. ) ;
#1149 = UNCERTAINTY_MEASURE_WITH_UNIT (LENGTH_MEASURE( 1.000000000000000082E-05 ), #2112, 'distance_accuracy_value', 'NONE');
#1150 = ORIENTED_EDGE ( 'NONE', *, *, #1931, .F. ) ;
#1151 = FILL_AREA_STYLE ('',( #2353 ) ) ;
#1152 = LINE ( 'NONE', #468, #76 ) ;
#1153 = VERTEX_POINT ( 'NONE', #3761 ) ;
#1154 = LINE ( 'NONE', #771, #26 ) ;
#1155 = ORIENTED_EDGE ( 'NONE', *, *, #977, .F. ) ;
#1156 = DIRECTION ( 'NONE',  ( 0.000000000000000000, 0.000000000000000000, 1.000000000000000000 ) ) ;
#1157 = ORIENTED_EDGE ( 'NONE', *, *, #3704, .F. ) ;
#1158 = CARTESIAN_POINT ( 'NONE',  ( 1.000000000000000000, 0.5950000000000000844, 1.040000000000000036 ) ) ;
#1159 =( GEOMETRIC_REPRESENTATION_CONTEXT ( 3 ) GLOBAL_UNCERTAINTY_ASSIGNED_CONTEXT ( ( #2038 ) ) GLOBAL_UNIT_ASSIGNED_CONTEXT ( ( #2660, #3868, #269 ) ) REPRESENTATION_CONTEXT ( 'NONE', 'WORKASPACE' ) );
#1160 = CARTESIAN_POINT ( 'NONE',  ( 1.000000000000000000, 0.5949999999999999734, 0.000000000000000000 ) ) ;
#1161 = DIRECTION ( 'NONE',  ( -1.000000000000000000, -1.445602896647339114E-15, 0.000000000000000000 ) ) ;
#1162 = DIRECTION ( 'NONE',  ( -1.000000000000000000, -0.000000000000000000, -0.000000000000000000 ) ) ;
#1163 = VECTOR ( 'NONE', #5112, 1000.000000000000000 ) ;
#1164 = ORIENTED_EDGE ( 'NONE', *, *, #630, .T. ) ;
#1165 = UNCERTAINTY_MEASURE_WITH_UNIT (LENGTH_MEASURE( 1.000000000000000082E-05 ), #711, 'distance_accuracy_value', 'NONE');
#1166 = DIRECTION ( 'NONE',  ( 1.000000000000000000, 0.000000000000000000, 0.000000000000000000 ) ) ;
#1167 = FILL_AREA_STYLE_COLOUR ( '', #5060 ) ;
#1168 = DIRECTION ( 'NONE',  ( 0.000000000000000000, 0.000000000000000000, 1.000000000000000000 ) ) ;
#1169 = EDGE_CURVE ( 'NONE', #5252, #4316, #4205, .T. ) ;
#1170 = PRESENTATION_LAYER_ASSIGNMENT (  '', '', ( #2871 ) ) ;
#1171 = COLOUR_RGB ( '',1.000000000000000000, 0.000000000000000000, 0.000000000000000000 ) ;
#1172 = COLOUR_RGB ( '',0.8431372549019607865, 0.8431372549019607865, 0.8431372549019607865 ) ;
#1173 = DIRECTION ( 'NONE',  ( 0.000000000000000000, -1.000000000000000000, 0.000000000000000000 ) ) ;
#1174 = STYLED_ITEM ( 'NONE', ( #2122 ), #4759 ) ;
#1175 = AXIS2_PLACEMENT_3D ( 'NONE', #678, #3944, #1883 ) ;
#1176 = CARTESIAN_POINT ( 'NONE',  ( 0.6499999999999998002, -0.5950000000000004174, 0.000000000000000000 ) ) ;
#1177 = PRODUCT_DEFINITION_SHAPE ( 'NONE', 'NONE',  #3611 ) ;
#1178 = STYLED_ITEM ( 'NONE', ( #2327 ), #50 ) ;
#1179 = VECTOR ( 'NONE', #4162, 1000.000000000000000 ) ;
#1180 = VECTOR ( 'NONE', #2233, 1000.000000000000000 ) ;
#1181 = DIRECTION ( 'NONE',  ( 0.000000000000000000, 1.000000000000000000, 0.000000000000000000 ) ) ;
#1182 = AXIS2_PLACEMENT_3D ( 'NONE', #1596, #3252, #1229 ) ;
#1183 = DIRECTION ( 'NONE',  ( -1.084202172485503842E-15, 1.000000000000000000, 0.000000000000000000 ) ) ;
#1184 = EDGE_CURVE ( 'NONE', #1091, #199, #917, .T. ) ;
#1185 = ORIENTED_EDGE ( 'NONE', *, *, #4231, .F. ) ;
#1186 = LINE ( 'NONE', #2807, #4247 ) ;
#1187 = PRESENTATION_LAYER_ASSIGNMENT (  '', '', ( #4012 ) ) ;
#1188 = AXIS2_PLACEMENT_3D ( 'NONE', #5194, #3615, #652 ) ;
#1189 = VECTOR ( 'NONE', #3808, 1000.000000000000000 ) ;
#1190 = COLOUR_RGB ( '',0.8431372549019607865, 0.8431372549019607865, 0.8431372549019607865 ) ;
#1191 = LINE ( 'NONE', #4956, #1010 ) ;
#1192 = DIRECTION ( 'NONE',  ( -1.000000000000000000, 0.000000000000000000, 0.000000000000000000 ) ) ;
#1193 = AXIS2_PLACEMENT_3D ( 'NONE', #2854, #3956, #4847 ) ;
#1194 = ORIENTED_EDGE ( 'NONE', *, *, #2942, .T. ) ;
#1195 = CIRCLE ( 'NONE', #1039, 0.02999999999999997113 ) ;
#1196 = CARTESIAN_POINT ( 'NONE',  ( -1.000000000000000000, 0.5950000000000000844, 1.010000000000000009 ) ) ;
#1197 = ORIENTED_EDGE ( 'NONE', *, *, #1028, .T. ) ;
#1198 = CARTESIAN_POINT ( 'NONE',  ( 0.4999999999999993339, 0.6250000000000000000, 1.010000000000000009 ) ) ;
#1199 = ORIENTED_EDGE ( 'NONE', *, *, #2877, .F. ) ;
#1200 = PRESENTATION_LAYER_ASSIGNMENT (  '', '', ( #5095 ) ) ;
#1201 = FILL_AREA_STYLE ('',( #4493 ) ) ;
#1202 = PRESENTATION_LAYER_ASSIGNMENT (  '', '', ( #349 ) ) ;
#1203 = DIRECTION ( 'NONE',  ( -0.000000000000000000, 1.000000000000000000, -0.000000000000000000 ) ) ;
#1204 = FILL_AREA_STYLE ('',( #3218 ) ) ;
#1205 = CARTESIAN_POINT ( 'NONE',  ( -0.1499999999999999667, -0.3250000000000000666, 1.040000000000000036 ) ) ;
#1206 = FACE_OUTER_BOUND ( 'NONE', #989, .T. ) ;
#1207 = VERTEX_POINT ( 'NONE', #4670 ) ;
#1208 = DIRECTION ( 'NONE',  ( 1.000000000000000000, 1.445602896647339114E-15, 0.000000000000000000 ) ) ;
#1209 = LINE ( 'NONE', #790, #1862 ) ;
#1210 = ORIENTED_EDGE ( 'NONE', *, *, #2785, .T. ) ;
#1211 = DIRECTION ( 'NONE',  ( 1.000000000000000000, 1.445602896647339114E-15, 0.000000000000000000 ) ) ;
#1212 = COLOUR_RGB ( '',0.9607843137254902244, 0.9607843137254902244, 0.9607843137254902244 ) ;
#1213 = CARTESIAN_POINT ( 'NONE',  ( -0.6000000000000001998, -0.1500000000000000777, 1.040000000000000036 ) ) ;
#1214 = CARTESIAN_POINT ( 'NONE',  ( 0.1500000000000000777, -0.6250000000000001110, 1.040000000000000036 ) ) ;
#1215 = DIRECTION ( 'NONE',  ( 0.000000000000000000, 0.000000000000000000, 1.000000000000000000 ) ) ;
#1216 = EDGE_LOOP ( 'NONE', ( #3400, #1805, #506, #4117, #889, #4413 ) ) ;
#1217 = DIRECTION ( 'NONE',  ( 0.000000000000000000, 1.000000000000000000, 0.000000000000000000 ) ) ;
#1218 = EDGE_CURVE ( 'NONE', #1120, #3255, #4172, .T. ) ;
#1219 = CARTESIAN_POINT ( 'NONE',  ( -0.7999999999999997113, -1.156482317317870936E-15, 1.040000000000000036 ) ) ;
#1220 = VERTEX_POINT ( 'NONE', #4233 ) ;
#1221 = CARTESIAN_POINT ( 'NONE',  ( -0.8000000000000001554, 0.3250000000000000111, -0.4242640687119291210 ) ) ;
#1222 = DIRECTION ( 'NONE',  ( 1.000000000000000000, 1.807003620809173153E-16, 0.000000000000000000 ) ) ;
#1223 = ORIENTED_EDGE ( 'NONE', *, *, #936, .F. ) ;
#1224 =( NAMED_UNIT ( * ) PLANE_ANGLE_UNIT ( ) SI_UNIT ( $, .RADIAN. ) );
#1225 =( LENGTH_UNIT ( ) NAMED_UNIT ( * ) SI_UNIT ( .MILLI., .METRE. ) );
#1226 = EDGE_CURVE ( 'NONE', #2094, #1386, #1329, .T. ) ;
#1227 = EDGE_LOOP ( 'NONE', ( #3641, #5108, #5134, #649 ) ) ;
#1228 = FACE_OUTER_BOUND ( 'NONE', #4244, .T. ) ;
#1229 = DIRECTION ( 'NONE',  ( 1.000000000000000000, -3.614007241618347785E-16, 0.000000000000000000 ) ) ;
#1230 = FILL_AREA_STYLE ('',( #539 ) ) ;
#1231 = CARTESIAN_POINT ( 'NONE',  ( 0.6500000000000000222, 0.000000000000000000, 1.040000000000000036 ) ) ;
#1232 = SURFACE_SIDE_STYLE ('',( #541 ) ) ;
#1233 = VERTEX_POINT ( 'NONE', #2553 ) ;
#1234 = UNCERTAINTY_MEASURE_WITH_UNIT (LENGTH_MEASURE( 1.000000000000000082E-05 ), #1892, 'distance_accuracy_value', 'NONE');
#1235 = FACE_OUTER_BOUND ( 'NONE', #1483, .T. ) ;
#1236 = AXIS2_PLACEMENT_3D ( 'NONE', #1691, #5089, #3722 ) ;
#1237 = FILL_AREA_STYLE ('',( #4952 ) ) ;
#1238 =( LENGTH_UNIT ( ) NAMED_UNIT ( * ) SI_UNIT ( .MILLI., .METRE. ) );
#1239 = ORIENTED_EDGE ( 'NONE', *, *, #5051, .F. ) ;
#1240 = COLOUR_RGB ( '',0.9607843137254902244, 0.9607843137254902244, 0.9607843137254902244 ) ;
#1241 = FILL_AREA_STYLE_COLOUR ( '', #2129 ) ;
#1242 = EDGE_LOOP ( 'NONE', ( #3593, #3335, #2392, #4487 ) ) ;
#1243 = ORIENTED_EDGE ( 'NONE', *, *, #4850, .T. ) ;
#1244 = EDGE_CURVE ( 'NONE', #4033, #4316, #530, .T. ) ;
#1245 = ADVANCED_FACE ( 'NONE', ( #3787 ), #573, .F. ) ;
#1246 =( LENGTH_UNIT ( ) NAMED_UNIT ( * ) SI_UNIT ( .MILLI., .METRE. ) );
#1247 =( LENGTH_UNIT ( ) NAMED_UNIT ( * ) SI_UNIT ( .MILLI., .METRE. ) );
#1248 = SPHERICAL_SURFACE ( 'NONE', #2136, 0.02999999999999999889 ) ;
#1249 = VERTEX_POINT ( 'NONE', #650 ) ;
#1250 = CARTESIAN_POINT ( 'NONE',  ( 1.299999999999999822, 0.5950000000000004174, 1.040000000000000036 ) ) ;
#1251 = EDGE_CURVE ( 'NONE', #238, #809, #2248, .T. ) ;
#1252 = PLANE ( 'NONE',  #4817 ) ;
#1253 = COLOUR_RGB ( '',0.8431372549019607865, 0.8431372549019607865, 0.8431372549019607865 ) ;
#1254 = EDGE_LOOP ( 'NONE', ( #4696, #4937, #1079, #2846 ) ) ;
#1255 = DIRECTION ( 'NONE',  ( 1.000000000000000000, 0.000000000000000000, 0.000000000000000000 ) ) ;
#1256 = AXIS2_PLACEMENT_3D ( 'NONE', #2257, #4781, #640 ) ;
#1257 = DIRECTION ( 'NONE',  ( -1.000000000000000000, 3.614007241618347785E-16, -0.000000000000000000 ) ) ;
#1258 = VECTOR ( 'NONE', #5041, 1000.000000000000000 ) ;
#1259 = DIRECTION ( 'NONE',  ( -1.000000000000000000, -3.614007241618339896E-16, 0.000000000000000000 ) ) ;
#1260 =( GEOMETRIC_REPRESENTATION_CONTEXT ( 3 ) GLOBAL_UNCERTAINTY_ASSIGNED_CONTEXT ( ( #1582 ) ) GLOBAL_UNIT_ASSIGNED_CONTEXT ( ( #3376, #1778, #2414 ) ) REPRESENTATION_CONTEXT ( 'NONE', 'WORKASPACE' ) );
#1261 = ORIENTED_EDGE ( 'NONE', *, *, #988, .T. ) ;
#1262 = FILL_AREA_STYLE_COLOUR ( '', #2142 ) ;
#1263 = AXIS2_PLACEMENT_3D ( 'NONE', #5271, #4863, #357 ) ;
#1264 = VECTOR ( 'NONE', #2264, 1000.000000000000000 ) ;
#1265 =( NAMED_UNIT ( * ) SI_UNIT ( $, .STERADIAN. ) SOLID_ANGLE_UNIT ( ) );
#1266 = MECHANICAL_DESIGN_GEOMETRIC_PRESENTATION_REPRESENTATION (  '', ( #3392 ), #2368 ) ;
#1267 = AXIS2_PLACEMENT_3D ( 'NONE', #433, #1203, #2454 ) ;
#1268 = SURFACE_SIDE_STYLE ('',( #2892 ) ) ;
#1269 = ORIENTED_EDGE ( 'NONE', *, *, #512, .T. ) ;
#1270 = DIRECTION ( 'NONE',  ( 0.000000000000000000, -0.000000000000000000, -1.000000000000000000 ) ) ;
#1271 = MECHANICAL_DESIGN_GEOMETRIC_PRESENTATION_REPRESENTATION (  '', ( #4457 ), #511 ) ;
#1272 = CARTESIAN_POINT ( 'NONE',  ( -0.1499999999999999667, -0.6250000000000000000, 0.02999999999999997113 ) ) ;
#1273 = ORIENTED_EDGE ( 'NONE', *, *, #4769, .F. ) ;
#1274 = PRESENTATION_STYLE_ASSIGNMENT (( #2898 ) ) ;
#1275 = AXIS2_PLACEMENT_3D ( 'NONE', #3541, #668, #1027 ) ;
#1276 =( GEOMETRIC_REPRESENTATION_CONTEXT ( 3 ) GLOBAL_UNCERTAINTY_ASSIGNED_CONTEXT ( ( #1804 ) ) GLOBAL_UNIT_ASSIGNED_CONTEXT ( ( #4718, #3928, #4757 ) ) REPRESENTATION_CONTEXT ( 'NONE', 'WORKASPACE' ) );
#1277 = LINE ( 'NONE', #5042, #1704 ) ;
#1278 = CIRCLE ( 'NONE', #1962, 0.02999999999999997113 ) ;
#1279 = LINE ( 'NONE', #2865, #4734 ) ;
#1280 = AXIS2_PLACEMENT_3D ( 'NONE', #576, #1013, #5068 ) ;
#1281 = ORIENTED_EDGE ( 'NONE', *, *, #126, .T. ) ;
#1282 =( GEOMETRIC_REPRESENTATION_CONTEXT ( 3 ) GLOBAL_UNCERTAINTY_ASSIGNED_CONTEXT ( ( #1358 ) ) GLOBAL_UNIT_ASSIGNED_CONTEXT ( ( #4318, #3054, #635 ) ) REPRESENTATION_CONTEXT ( 'NONE', 'WORKASPACE' ) );
#1283 = LINE ( 'NONE', #2906, #2554 ) ;
#1284 = VECTOR ( 'NONE', #2800, 1000.000000000000000 ) ;
#1285 = CARTESIAN_POINT ( 'NONE',  ( -0.9700000000000000844, -0.5950000000000001954, 0.02999999999999999889 ) ) ;
#1286 = SURFACE_STYLE_USAGE ( .BOTH. , #3655 ) ;
#1287 = PRESENTATION_LAYER_ASSIGNMENT (  '', '', ( #604 ) ) ;
#1288 = DIRECTION ( 'NONE',  ( 0.000000000000000000, 1.000000000000000000, -0.000000000000000000 ) ) ;
#1289 = VERTEX_POINT ( 'NONE', #280 ) ;
#1290 = FILL_AREA_STYLE ('',( #5171 ) ) ;
#1291 = FILL_AREA_STYLE ('',( #2166 ) ) ;
#1292 = VECTOR ( 'NONE', #2272, 1000.000000000000000 ) ;
#1293 = DIRECTION ( 'NONE',  ( 0.000000000000000000, -1.000000000000000000, 0.000000000000000000 ) ) ;
#1294 = FILL_AREA_STYLE ('',( #204 ) ) ;
#1295 = CIRCLE ( 'NONE', #4303, 0.02999999999999997113 ) ;
#1296 = ORIENTED_EDGE ( 'NONE', *, *, #289, .F. ) ;
#1297 =( LENGTH_UNIT ( ) NAMED_UNIT ( * ) SI_UNIT ( .MILLI., .METRE. ) );
#1298 = VERTEX_POINT ( 'NONE', #4313 ) ;
#1299 = SURFACE_STYLE_USAGE ( .BOTH. , #4601 ) ;
#1300 = DIRECTION ( 'NONE',  ( 0.000000000000000000, 0.000000000000000000, 1.000000000000000000 ) ) ;
#1301 = ORIENTED_EDGE ( 'NONE', *, *, #1833, .T. ) ;
#1302 = DIRECTION ( 'NONE',  ( -1.084202172485503842E-15, 1.000000000000000000, 0.000000000000000000 ) ) ;
#1303 =( NAMED_UNIT ( * ) SI_UNIT ( $, .STERADIAN. ) SOLID_ANGLE_UNIT ( ) );
#1304 = DIRECTION ( 'NONE',  ( -1.000000000000000000, 0.000000000000000000, 0.000000000000000000 ) ) ;
#1305 = EDGE_CURVE ( 'NONE', #2514, #2813, #5193, .T. ) ;
#1306 =( NAMED_UNIT ( * ) PLANE_ANGLE_UNIT ( ) SI_UNIT ( $, .RADIAN. ) );
#1307 = ORIENTED_EDGE ( 'NONE', *, *, #3878, .F. ) ;
#1308 =( NAMED_UNIT ( * ) PLANE_ANGLE_UNIT ( ) SI_UNIT ( $, .RADIAN. ) );
#1309 = VERTEX_POINT ( 'NONE', #3967 ) ;
#1310 = SURFACE_SIDE_STYLE ('',( #2931 ) ) ;
#1311 = SURFACE_SIDE_STYLE ('',( #435 ) ) ;
#1312 = ORIENTED_EDGE ( 'NONE', *, *, #1555, .T. ) ;
#1313 = FILL_AREA_STYLE ('',( #2606 ) ) ;
#1314 = PRESENTATION_STYLE_ASSIGNMENT (( #2962 ) ) ;
#1315 = ADVANCED_FACE ( 'NONE', ( #4819 ), #4284, .T. ) ;
#1316 = CARTESIAN_POINT ( 'NONE',  ( 1.299999999999999822, -0.5950000000000004174, 1.040000000000000036 ) ) ;
#1317 = FILL_AREA_STYLE ('',( #5035 ) ) ;
#1318 = SURFACE_STYLE_USAGE ( .BOTH. , #3780 ) ;
#1319 = SURFACE_STYLE_FILL_AREA ( #2998 ) ;
#1320 = ADVANCED_FACE ( 'NONE', ( #5135 ), #4710, .T. ) ;
#1321 =( NAMED_UNIT ( * ) PLANE_ANGLE_UNIT ( ) SI_UNIT ( $, .RADIAN. ) );
#1322 = LINE ( 'NONE', #548, #1163 ) ;
#1323 = PRESENTATION_STYLE_ASSIGNMENT (( #3804 ) ) ;
#1324 =( NAMED_UNIT ( * ) SI_UNIT ( $, .STERADIAN. ) SOLID_ANGLE_UNIT ( ) );
#1325 = FILL_AREA_STYLE_COLOUR ( '', #1768 ) ;
#1326 =( GEOMETRIC_REPRESENTATION_CONTEXT ( 3 ) GLOBAL_UNCERTAINTY_ASSIGNED_CONTEXT ( ( #4958 ) ) GLOBAL_UNIT_ASSIGNED_CONTEXT ( ( #4164, #2134, #4977 ) ) REPRESENTATION_CONTEXT ( 'NONE', 'WORKASPACE' ) );
#1327 = DIRECTION ( 'NONE',  ( 0.000000000000000000, -1.000000000000000000, 0.000000000000000000 ) ) ;
#1328 = EDGE_LOOP ( 'NONE', ( #4156, #5072, #1572, #5166 ) ) ;
#1329 = LINE ( 'NONE', #4633, #5152 ) ;
#1330 = FACE_OUTER_BOUND ( 'NONE', #4124, .T. ) ;
#1331 =( LENGTH_UNIT ( ) NAMED_UNIT ( * ) SI_UNIT ( .MILLI., .METRE. ) );
#1332 = PRESENTATION_LAYER_ASSIGNMENT (  '', '', ( #2195 ) ) ;
#1333 = CARTESIAN_POINT ( 'NONE',  ( -0.7999999999999999334, -0.3250000000000000666, -0.4242640687119291210 ) ) ;
#1334 = EDGE_LOOP ( 'NONE', ( #4800, #1600, #1580, #4185 ) ) ;
#1335 = CARTESIAN_POINT ( 'NONE',  ( 0.6500000000000000222, 0.3250000000000000111, 0.000000000000000000 ) ) ;
#1336 = ORIENTED_EDGE ( 'NONE', *, *, #1442, .T. ) ;
#1337 = ORIENTED_EDGE ( 'NONE', *, *, #1806, .T. ) ;
#1338 =( NAMED_UNIT ( * ) SI_UNIT ( $, .STERADIAN. ) SOLID_ANGLE_UNIT ( ) );
#1339 = MECHANICAL_DESIGN_GEOMETRIC_PRESENTATION_REPRESENTATION (  '', ( #400 ), #2449 ) ;
#1340 = ADVANCED_FACE ( 'NONE', ( #734 ), #2383, .T. ) ;
#1341 =( LENGTH_UNIT ( ) NAMED_UNIT ( * ) SI_UNIT ( .MILLI., .METRE. ) );
#1342 = SURFACE_STYLE_FILL_AREA ( #2169 ) ;
#1343 = MECHANICAL_DESIGN_GEOMETRIC_PRESENTATION_REPRESENTATION (  '', ( #233 ), #1851 ) ;
#1344 = FACE_OUTER_BOUND ( 'NONE', #1126, .T. ) ;
#1345 = PRESENTATION_LAYER_ASSIGNMENT (  '', '', ( #2613 ) ) ;
#1346 = ADVANCED_FACE ( 'NONE', ( #3185 ), #2474, .T. ) ;
#1347 = CIRCLE ( 'NONE', #4180, 0.02999999999999997113 ) ;
#1348 = EDGE_CURVE ( 'NONE', #2354, #30, #2440, .T. ) ;
#1349 = DIRECTION ( 'NONE',  ( 1.000000000000000000, 0.000000000000000000, 0.000000000000000000 ) ) ;
#1350 = ORIENTED_EDGE ( 'NONE', *, *, #807, .T. ) ;
#1351 = CARTESIAN_POINT ( 'NONE',  ( 0.8000000000000000444, -0.6250000000000001110, -0.4242640687119291210 ) ) ;
#1352 = AXIS2_PLACEMENT_3D ( 'NONE', #4691, #938, #153 ) ;
#1353 = COLOUR_RGB ( '',0.8431372549019607865, 0.8431372549019607865, 0.8431372549019607865 ) ;
#1354 = CYLINDRICAL_SURFACE ( 'NONE', #4731, 0.02999999999999997113 ) ;
#1355 = PRESENTATION_LAYER_ASSIGNMENT (  '', '', ( #325 ) ) ;
#1356 = COLOUR_RGB ( '',0.8431372549019607865, 0.8431372549019607865, 0.8431372549019607865 ) ;
#1357 = LINE ( 'NONE', #2620, #2124 ) ;
#1358 = UNCERTAINTY_MEASURE_WITH_UNIT (LENGTH_MEASURE( 1.000000000000000082E-05 ), #4318, 'distance_accuracy_value', 'NONE');
#1359 = VECTOR ( 'NONE', #1941, 1000.000000000000000 ) ;
#1360 = AXIS2_PLACEMENT_3D ( 'NONE', #4744, #3881, #3911 ) ;
#1361 = CARTESIAN_POINT ( 'NONE',  ( 0.1499999999999997446, 0.3250000000000000111, -0.4242640687119291210 ) ) ;
#1362 = VERTEX_POINT ( 'NONE', #4893 ) ;
#1363 = AXIS2_PLACEMENT_3D ( 'NONE', #3906, #1886, #3036 ) ;
#1364 =( GEOMETRIC_REPRESENTATION_CONTEXT ( 3 ) GLOBAL_UNCERTAINTY_ASSIGNED_CONTEXT ( ( #3582 ) ) GLOBAL_UNIT_ASSIGNED_CONTEXT ( ( #633, #5300, #332 ) ) REPRESENTATION_CONTEXT ( 'NONE', 'WORKASPACE' ) );
#1365 = PRESENTATION_LAYER_ASSIGNMENT (  '', '', ( #1617 ) ) ;
#1366 = FILL_AREA_STYLE_COLOUR ( '', #852 ) ;
#1367 = ORIENTED_EDGE ( 'NONE', *, *, #4241, .F. ) ;
#1368 = CIRCLE ( 'NONE', #3236, 0.02999999999999997113 ) ;
#1369 = DIRECTION ( 'NONE',  ( -1.000000000000000000, 0.000000000000000000, 0.000000000000000000 ) ) ;
#1370 = LINE ( 'NONE', #5030, #2223 ) ;
#1371 = VECTOR ( 'NONE', #1119, 1000.000000000000000 ) ;
#1372 =( GEOMETRIC_REPRESENTATION_CONTEXT ( 3 ) GLOBAL_UNCERTAINTY_ASSIGNED_CONTEXT ( ( #4169 ) ) GLOBAL_UNIT_ASSIGNED_CONTEXT ( ( #1899, #2750, #341 ) ) REPRESENTATION_CONTEXT ( 'NONE', 'WORKASPACE' ) );
#1373 = EDGE_CURVE ( 'NONE', #4515, #2172, #1186, .T. ) ;
#1374 = FACE_OUTER_BOUND ( 'NONE', #4135, .T. ) ;
#1375 = CARTESIAN_POINT ( 'NONE',  ( -0.1499999999999999667, -0.5950000000000000844, 1.010000000000000009 ) ) ;
#1376 = CARTESIAN_POINT ( 'NONE',  ( 0.9699999999999999734, 0.5949999999999999734, 1.010000000000000009 ) ) ;
#1377 = VECTOR ( 'NONE', #1014, 1000.000000000000000 ) ;
#1378 = DIRECTION ( 'NONE',  ( 0.000000000000000000, 1.000000000000000000, 0.000000000000000000 ) ) ;
#1379 = VERTEX_POINT ( 'NONE', #3239 ) ;
#1380 = DIRECTION ( 'NONE',  ( -4.517509052022936580E-17, -1.000000000000000000, 0.000000000000000000 ) ) ;
#1381 = EDGE_CURVE ( 'NONE', #4294, #2354, #3529, .T. ) ;
#1382 = ADVANCED_FACE ( 'NONE', ( #4624 ), #523, .T. ) ;
#1383 = DIRECTION ( 'NONE',  ( 1.445602896647339114E-15, -1.000000000000000000, 0.000000000000000000 ) ) ;
#1384 = ORIENTED_EDGE ( 'NONE', *, *, #1576, .F. ) ;
#1385 = LINE ( 'NONE', #2694, #955 ) ;
#1386 = VERTEX_POINT ( 'NONE', #2105 ) ;
#1387 = FACE_OUTER_BOUND ( 'NONE', #5147, .T. ) ;
#1388 = DIRECTION ( 'NONE',  ( 0.000000000000000000, 0.000000000000000000, 1.000000000000000000 ) ) ;
#1389 = ADVANCED_FACE ( 'NONE', ( #72 ), #112, .T. ) ;
#1390 = CARTESIAN_POINT ( 'NONE',  ( -0.1500000000000001887, 0.3250000000000000111, 1.040000000000000036 ) ) ;
#1391 = ORIENTED_EDGE ( 'NONE', *, *, #583, .T. ) ;
#1392 = DIRECTION ( 'NONE',  ( -3.614007241618351729E-16, 1.000000000000000000, 0.000000000000000000 ) ) ;
#1393 = LINE ( 'NONE', #3344, #249 ) ;
#1394 = CARTESIAN_POINT ( 'NONE',  ( -0.9700000000000000844, 0.5950000000000000844, 1.040000000000000036 ) ) ;
#1395 = FACE_OUTER_BOUND ( 'NONE', #2196, .T. ) ;
#1396 = FILL_AREA_STYLE_COLOUR ( '', #5007 ) ;
#1397 = FACE_OUTER_BOUND ( 'NONE', #1508, .T. ) ;
#1398 = CARTESIAN_POINT ( 'NONE',  ( -0.8000000000000001554, 0.3250000000000000111, 0.000000000000000000 ) ) ;
#1399 = ORIENTED_EDGE ( 'NONE', *, *, #5177, .F. ) ;
#1400 = COLOUR_RGB ( '',0.9607843137254902244, 0.9607843137254902244, 0.9607843137254902244 ) ;
#1401 = SURFACE_STYLE_USAGE ( .BOTH. , #4713 ) ;
#1402 = ADVANCED_FACE ( 'NONE', ( #1374 ), #3348, .T. ) ;
#1403 = ADVANCED_FACE ( 'NONE', ( #1397 ), #3423, .F. ) ;
#1404 =( NAMED_UNIT ( * ) PLANE_ANGLE_UNIT ( ) SI_UNIT ( $, .RADIAN. ) );
#1405 = ORIENTED_EDGE ( 'NONE', *, *, #296, .T. ) ;
#1406 = AXIS2_PLACEMENT_3D ( 'NONE', #2644, #3904, #251 ) ;
#1407 =( NAMED_UNIT ( * ) PLANE_ANGLE_UNIT ( ) SI_UNIT ( $, .RADIAN. ) );
#1408 = SURFACE_STYLE_FILL_AREA ( #265 ) ;
#1409 = DIRECTION ( 'NONE',  ( -1.000000000000000000, 0.000000000000000000, -0.000000000000000000 ) ) ;
#1410 = ORIENTED_EDGE ( 'NONE', *, *, #185, .T. ) ;
#1411 = EDGE_CURVE ( 'NONE', #2426, #2677, #4307, .T. ) ;
#1412 = ADVANCED_FACE ( 'NONE', ( #4705 ), #5210, .T. ) ;
#1413 = FACE_OUTER_BOUND ( 'NONE', #3642, .T. ) ;
#1414 = UNCERTAINTY_MEASURE_WITH_UNIT (LENGTH_MEASURE( 1.000000000000000082E-05 ), #28, 'distance_accuracy_value', 'NONE');
#1415 = SURFACE_STYLE_USAGE ( .BOTH. , #3439 ) ;
#1416 = DIRECTION ( 'NONE',  ( 0.000000000000000000, -1.000000000000000000, 0.000000000000000000 ) ) ;
#1417 = FILL_AREA_STYLE ('',( #1449 ) ) ;
#1418 =( NAMED_UNIT ( * ) SI_UNIT ( $, .STERADIAN. ) SOLID_ANGLE_UNIT ( ) );
#1419 = DIRECTION ( 'NONE',  ( -1.000000000000000000, -3.614007241618351729E-16, 0.000000000000000000 ) ) ;
#1420 = COLOUR_RGB ( '',0.8431372549019607865, 0.8431372549019607865, 0.8431372549019607865 ) ;
#1421 = VERTEX_POINT ( 'NONE', #1885 ) ;
#1422 = MECHANICAL_DESIGN_GEOMETRIC_PRESENTATION_REPRESENTATION (  '', ( #2460 ), #5073 ) ;
#1423 = DIRECTION ( 'NONE',  ( -1.084202172485503842E-15, -1.000000000000000000, 0.000000000000000000 ) ) ;
#1424 = EDGE_CURVE ( 'NONE', #3434, #212, #2104, .T. ) ;
#1425 = AXIS2_PLACEMENT_3D ( 'NONE', #5333, #1192, #4898 ) ;
#1426 = ORIENTED_EDGE ( 'NONE', *, *, #1373, .F. ) ;
#1427 = CARTESIAN_POINT ( 'NONE',  ( -0.5000000000000005551, 5.421010862427525128E-16, -0.4242640687119291210 ) ) ;
#1428 = SURFACE_SIDE_STYLE ('',( #659 ) ) ;
#1429 = VECTOR ( 'NONE', #3607, 1000.000000000000000 ) ;
#1430 = CARTESIAN_POINT ( 'NONE',  ( 0.1500000000000000777, 0.6250000000000001110, -0.4242640687119291210 ) ) ;
#1431 = FILL_AREA_STYLE ('',( #3931 ) ) ;
#1432 = COLOUR_RGB ( '',0.8431372549019607865, 0.8431372549019607865, 0.8431372549019607865 ) ;
#1433 = CARTESIAN_POINT ( 'NONE',  ( 0.5000000000000000000, 0.000000000000000000, 0.000000000000000000 ) ) ;
#1434 = EDGE_LOOP ( 'NONE', ( #5047, #195, #2485, #2420 ) ) ;
#1435 =( GEOMETRIC_REPRESENTATION_CONTEXT ( 3 ) GLOBAL_UNCERTAINTY_ASSIGNED_CONTEXT ( ( #3505 ) ) GLOBAL_UNIT_ASSIGNED_CONTEXT ( ( #3007, #2582, #162 ) ) REPRESENTATION_CONTEXT ( 'NONE', 'WORKASPACE' ) );
#1436 = CARTESIAN_POINT ( 'NONE',  ( -0.1499999999999999667, 0.000000000000000000, -0.4242640687119291210 ) ) ;
#1437 = FACE_OUTER_BOUND ( 'NONE', #749, .T. ) ;
#1438 = MECHANICAL_DESIGN_GEOMETRIC_PRESENTATION_REPRESENTATION (  '', ( #4012 ), #4194 ) ;
#1439 = CARTESIAN_POINT ( 'NONE',  ( -2.168404344971008868E-16, -0.1500000000000001055, 1.030000000000000027 ) ) ;
#1440 = FILL_AREA_STYLE_COLOUR ( '', #3646 ) ;
#1441 = COLOUR_RGB ( '',0.9607843137254902244, 0.9607843137254902244, 0.9607843137254902244 ) ;
#1442 = EDGE_CURVE ( 'NONE', #364, #2585, #705, .T. ) ;
#1443 = EDGE_CURVE ( 'NONE', #3359, #3365, #2377, .T. ) ;
#1444 = AXIS2_PLACEMENT_3D ( 'NONE', #2520, #3424, #4165 ) ;
#1445 = UNCERTAINTY_MEASURE_WITH_UNIT (LENGTH_MEASURE( 1.000000000000000082E-05 ), #4772, 'distance_accuracy_value', 'NONE');
#1446 =( LENGTH_UNIT ( ) NAMED_UNIT ( * ) SI_UNIT ( .MILLI., .METRE. ) );
#1447 =( NAMED_UNIT ( * ) PLANE_ANGLE_UNIT ( ) SI_UNIT ( $, .RADIAN. ) );
#1448 = PRESENTATION_STYLE_ASSIGNMENT (( #601 ) ) ;
#1449 = FILL_AREA_STYLE_COLOUR ( '', #1031 ) ;
#1450 = EDGE_CURVE ( 'NONE', #3792, #534, #1961, .T. ) ;
#1451 = COLOUR_RGB ( '',0.9607843137254902244, 0.9607843137254902244, 0.9607843137254902244 ) ;
#1452 =( LENGTH_UNIT ( ) NAMED_UNIT ( * ) SI_UNIT ( .MILLI., .METRE. ) );
#1453 = COLOUR_RGB ( '',0.8431372549019607865, 0.8431372549019607865, 0.8431372549019607865 ) ;
#1454 = EDGE_LOOP ( 'NONE', ( #4611, #4877, #639, #2382 ) ) ;
#1455 =( NAMED_UNIT ( * ) PLANE_ANGLE_UNIT ( ) SI_UNIT ( $, .RADIAN. ) );
#1456 = AXIS2_PLACEMENT_3D ( 'NONE', #1439, #620, #2259 ) ;
#1457 = PRESENTATION_STYLE_ASSIGNMENT (( #1781 ) ) ;
#1458 =( NAMED_UNIT ( * ) SI_UNIT ( $, .STERADIAN. ) SOLID_ANGLE_UNIT ( ) );
#1459 = CARTESIAN_POINT ( 'NONE',  ( 0.9700000000000000844, -0.5950000000000001954, 0.000000000000000000 ) ) ;
#1460 = EDGE_LOOP ( 'NONE', ( #1746, #5289, #1367, #4051 ) ) ;
#1461 = CARTESIAN_POINT ( 'NONE',  ( -0.4999999999999998890, 0.6250000000000001110, 1.010000000000000009 ) ) ;
#1462 = VECTOR ( 'NONE', #3840, 1000.000000000000000 ) ;
#1463 = DIRECTION ( 'NONE',  ( 1.000000000000000000, 0.000000000000000000, -0.000000000000000000 ) ) ;
#1464 = CYLINDRICAL_SURFACE ( 'NONE', #3672, 0.03000000000000007869 ) ;
#1465 = VERTEX_POINT ( 'NONE', #4055 ) ;
#1466 = PLANE ( 'NONE',  #3299 ) ;
#1467 = PLANE ( 'NONE',  #1721 ) ;
#1468 = UNCERTAINTY_MEASURE_WITH_UNIT (LENGTH_MEASURE( 1.000000000000000082E-05 ), #967, 'distance_accuracy_value', 'NONE');
#1469 = CARTESIAN_POINT ( 'NONE',  ( -0.4999999999999998890, 0.5950000000000001954, 1.040000000000000036 ) ) ;
#1470 = FILL_AREA_STYLE ('',( #2261 ) ) ;
#1471 = EDGE_CURVE ( 'NONE', #3170, #4312, #3628, .T. ) ;
#1472 = ORIENTED_EDGE ( 'NONE', *, *, #4579, .T. ) ;
#1473 = ADVANCED_FACE ( 'NONE', ( #5269 ), #3608, .T. ) ;
#1474 = CARTESIAN_POINT ( 'NONE',  ( -0.9700000000000000844, -0.5950000000000001954, 0.02999999999999999889 ) ) ;
#1475 =( NAMED_UNIT ( * ) PLANE_ANGLE_UNIT ( ) SI_UNIT ( $, .RADIAN. ) );
#1476 = LINE ( 'NONE', #277, #4662 ) ;
#1477 = LINE ( 'NONE', #3096, #4443 ) ;
#1478 = UNCERTAINTY_MEASURE_WITH_UNIT (LENGTH_MEASURE( 1.000000000000000082E-05 ), #4089, 'distance_accuracy_value', 'NONE');
#1479 = ADVANCED_FACE ( 'NONE', ( #5295 ), #3232, .T. ) ;
#1480 = ORIENTED_EDGE ( 'NONE', *, *, #4841, .T. ) ;
#1481 = CARTESIAN_POINT ( 'NONE',  ( 1.000000000000000000, 0.6249999999999998890, 0.03000000000000007869 ) ) ;
#1482 = FILL_AREA_STYLE_COLOUR ( '', #2211 ) ;
#1483 = EDGE_LOOP ( 'NONE', ( #1657, #282, #1041, #3631 ) ) ;
#1484 = CARTESIAN_POINT ( 'NONE',  ( -1.000000000000000000, -0.5950000000000001954, 0.000000000000000000 ) ) ;
#1485 = DIRECTION ( 'NONE',  ( -3.614007241618351532E-15, -1.000000000000000000, 0.000000000000000000 ) ) ;
#1486 = ORIENTED_EDGE ( 'NONE', *, *, #2877, .T. ) ;
#1487 = CARTESIAN_POINT ( 'NONE',  ( -0.1500000000000006051, 0.6250000000000000000, -0.4242640687119291210 ) ) ;
#1488 = VECTOR ( 'NONE', #1585, 1000.000000000000000 ) ;
#1489 = CARTESIAN_POINT ( 'NONE',  ( -0.4999999999999998890, -0.6250000000000001110, 1.040000000000000036 ) ) ;
#1490 = ORIENTED_EDGE ( 'NONE', *, *, #1184, .F. ) ;
#1491 = SURFACE_STYLE_USAGE ( .BOTH. , #1051 ) ;
#1492 = SURFACE_SIDE_STYLE ('',( #270 ) ) ;
#1493 = AXIS2_PLACEMENT_3D ( 'NONE', #1820, #276, #3035 ) ;
#1494 = FILL_AREA_STYLE ('',( #3113 ) ) ;
#1495 = LINE ( 'NONE', #2208, #1685 ) ;
#1496 = LINE ( 'NONE', #5183, #3143 ) ;
#1497 = SURFACE_STYLE_FILL_AREA ( #2282 ) ;
#1498 = DIRECTION ( 'NONE',  ( 0.000000000000000000, 0.000000000000000000, -1.000000000000000000 ) ) ;
#1499 = SURFACE_SIDE_STYLE ('',( #686 ) ) ;
#1500 = ORIENTED_EDGE ( 'NONE', *, *, #1125, .F. ) ;
#1501 = EDGE_CURVE ( 'NONE', #2141, #2991, #3547, .T. ) ;
#1502 = EDGE_CURVE ( 'NONE', #4312, #212, #3314, .T. ) ;
#1503 = FILL_AREA_STYLE ('',( #1541 ) ) ;
#1504 = DIRECTION ( 'NONE',  ( 0.000000000000000000, 0.000000000000000000, 1.000000000000000000 ) ) ;
#1505 = MECHANICAL_DESIGN_GEOMETRIC_PRESENTATION_REPRESENTATION (  '', ( #1934 ), #1847 ) ;
#1506 = VERTEX_POINT ( 'NONE', #4654 ) ;
#1507 = SURFACE_SIDE_STYLE ('',( #4416 ) ) ;
#1508 = EDGE_LOOP ( 'NONE', ( #4669, #3173, #226, #865 ) ) ;
#1509 =( NAMED_UNIT ( * ) PLANE_ANGLE_UNIT ( ) SI_UNIT ( $, .RADIAN. ) );
#1510 = CARTESIAN_POINT ( 'NONE',  ( -0.9700000000000000844, -0.6250000000000001110, 1.010000000000000009 ) ) ;
#1511 = SURFACE_STYLE_USAGE ( .BOTH. , #1864 ) ;
#1512 = LINE ( 'NONE', #2752, #1958 ) ;
#1513 = PRESENTATION_LAYER_ASSIGNMENT (  '', '', ( #664 ) ) ;
#1514 = VERTEX_POINT ( 'NONE', #440 ) ;
#1515 = VECTOR ( 'NONE', #1970, 1000.000000000000000 ) ;
#1516 = COLOUR_RGB ( '',0.8431372549019607865, 0.8431372549019607865, 0.8431372549019607865 ) ;
#1517 = CARTESIAN_POINT ( 'NONE',  ( -0.7999999999999999334, -0.5950000000000000844, 0.02999999999999997113 ) ) ;
#1518 = PRODUCT ( 'HFCG-3000+', 'HFCG-3000+', '', ( #5190 ) ) ;
#1519 = CARTESIAN_POINT ( 'NONE',  ( 0.000000000000000000, 0.5949999999999999734, 1.040000000000000036 ) ) ;
#1520 = DIRECTION ( 'NONE',  ( 0.000000000000000000, 0.000000000000000000, -1.000000000000000000 ) ) ;
#1521 = COLOUR_RGB ( '',0.9607843137254902244, 0.9607843137254902244, 0.9607843137254902244 ) ;
#1522 = VECTOR ( 'NONE', #2596, 1000.000000000000000 ) ;
#1523 = AXIS2_PLACEMENT_3D ( 'NONE', #4323, #1839, #1409 ) ;
#1524 = ORIENTED_EDGE ( 'NONE', *, *, #4334, .F. ) ;
#1525 = STYLED_ITEM ( 'NONE', ( #218 ), #151 ) ;
#1526 = DIRECTION ( 'NONE',  ( -1.000000000000000000, -3.614007241618351729E-16, 0.000000000000000000 ) ) ;
#1527 = MECHANICAL_DESIGN_GEOMETRIC_PRESENTATION_REPRESENTATION (  '', ( #4997 ), #4008 ) ;
#1528 = PLANE ( 'NONE',  #2565 ) ;
#1529 = PRESENTATION_LAYER_ASSIGNMENT (  '', '', ( #4103 ) ) ;
#1530 = FILL_AREA_STYLE_COLOUR ( '', #4349 ) ;
#1531 = SURFACE_STYLE_FILL_AREA ( #3075 ) ;
#1532 = AXIS2_PLACEMENT_3D ( 'NONE', #1929, #4767, #206 ) ;
#1533 = EDGE_CURVE ( 'NONE', #4775, #3434, #491, .T. ) ;
#1534 = MECHANICAL_DESIGN_GEOMETRIC_PRESENTATION_REPRESENTATION (  '', ( #4369 ), #1108 ) ;
#1535 = DIRECTION ( 'NONE',  ( 1.000000000000000000, 0.000000000000000000, 0.000000000000000000 ) ) ;
#1536 = PLANE ( 'NONE',  #1263 ) ;
#1537 = VECTOR ( 'NONE', #3977, 1000.000000000000000 ) ;
#1538 = ORIENTED_EDGE ( 'NONE', *, *, #1086, .F. ) ;
#1539 = DIRECTION ( 'NONE',  ( 0.000000000000000000, 0.000000000000000000, 1.000000000000000000 ) ) ;
#1540 =( GEOMETRIC_REPRESENTATION_CONTEXT ( 3 ) GLOBAL_UNCERTAINTY_ASSIGNED_CONTEXT ( ( #388 ) ) GLOBAL_UNIT_ASSIGNED_CONTEXT ( ( #3094, #1959, #2310 ) ) REPRESENTATION_CONTEXT ( 'NONE', 'WORKASPACE' ) );
#1541 = FILL_AREA_STYLE_COLOUR ( '', #3386 ) ;
#1542 = PLANE ( 'NONE',  #864 ) ;
#1543 = VERTEX_POINT ( 'NONE', #66 ) ;
#1544 = DIRECTION ( 'NONE',  ( -1.084202172485503842E-15, 1.000000000000000000, 0.000000000000000000 ) ) ;
#1545 = FILL_AREA_STYLE ('',( #2337 ) ) ;
#1546 = ORIENTED_EDGE ( 'NONE', *, *, #297, .F. ) ;
#1547 = ADVANCED_FACE ( 'NONE', ( #3719 ), #1660, .T. ) ;
#1548 = FACE_OUTER_BOUND ( 'NONE', #3950, .T. ) ;
#1549 = CARTESIAN_POINT ( 'NONE',  ( 1.000000000000000000, -0.5950000000000001954, 1.010000000000000009 ) ) ;
#1550 = STYLED_ITEM ( 'NONE', ( #927 ), #3174 ) ;
#1551 = FILL_AREA_STYLE_COLOUR ( '', #2297 ) ;
#1552 = VERTEX_POINT ( 'NONE', #2569 ) ;
#1553 = AXIS2_PLACEMENT_3D ( 'NONE', #5001, #4338, #2624 ) ;
#1554 = LINE ( 'NONE', #4968, #2626 ) ;
#1555 = EDGE_CURVE ( 'NONE', #3637, #1379, #2101, .T. ) ;
#1556 = DIRECTION ( 'NONE',  ( 1.000000000000000000, -3.614007241618347785E-16, 0.000000000000000000 ) ) ;
#1557 = ORIENTED_EDGE ( 'NONE', *, *, #3706, .F. ) ;
#1558 = UNCERTAINTY_MEASURE_WITH_UNIT (LENGTH_MEASURE( 1.000000000000000082E-05 ), #3969, 'distance_accuracy_value', 'NONE');
#1559 = CARTESIAN_POINT ( 'NONE',  ( 0.6500000000000000222, 0.3250000000000000111, -0.4242640687119291210 ) ) ;
#1560 = FACE_OUTER_BOUND ( 'NONE', #1242, .T. ) ;
#1561 = SURFACE_STYLE_USAGE ( .BOTH. , #645 ) ;
#1562 = DIRECTION ( 'NONE',  ( 0.000000000000000000, 0.000000000000000000, 1.000000000000000000 ) ) ;
#1563 = ORIENTED_EDGE ( 'NONE', *, *, #3698, .T. ) ;
#1564 = CARTESIAN_POINT ( 'NONE',  ( 0.9700000000000000844, 0.000000000000000000, 1.010000000000000009 ) ) ;
#1565 = CARTESIAN_POINT ( 'NONE',  ( 0.9700000000000000844, 0.5949999999999999734, 0.02999999999999999889 ) ) ;
#1566 = ORIENTED_EDGE ( 'NONE', *, *, #1608, .T. ) ;
#1567 =( NAMED_UNIT ( * ) PLANE_ANGLE_UNIT ( ) SI_UNIT ( $, .RADIAN. ) );
#1568 = SURFACE_STYLE_USAGE ( .BOTH. , #772 ) ;
#1569 = ORIENTED_EDGE ( 'NONE', *, *, #2932, .F. ) ;
#1570 = SURFACE_SIDE_STYLE ('',( #4964 ) ) ;
#1571 = LINE ( 'NONE', #4043, #1537 ) ;
#1572 = ORIENTED_EDGE ( 'NONE', *, *, #535, .T. ) ;
#1573 = SURFACE_STYLE_USAGE ( .BOTH. , #5285 ) ;
#1574 =( NAMED_UNIT ( * ) SI_UNIT ( $, .STERADIAN. ) SOLID_ANGLE_UNIT ( ) );
#1575 = CARTESIAN_POINT ( 'NONE',  ( 0.7999999999999997113, 0.3250000000000000111, 1.040000000000000036 ) ) ;
#1576 = EDGE_CURVE ( 'NONE', #534, #2360, #2127, .T. ) ;
#1577 = CARTESIAN_POINT ( 'NONE',  ( -1.000000000000000000, -0.5950000000000001954, 0.000000000000000000 ) ) ;
#1578 = VERTEX_POINT ( 'NONE', #2914 ) ;
#1579 =( LENGTH_UNIT ( ) NAMED_UNIT ( * ) SI_UNIT ( .MILLI., .METRE. ) );
#1580 = ORIENTED_EDGE ( 'NONE', *, *, #4596, .F. ) ;
#1581 = CARTESIAN_POINT ( 'NONE',  ( 0.1499999999999997446, 0.3250000000000000111, -0.4242640687119291210 ) ) ;
#1582 = UNCERTAINTY_MEASURE_WITH_UNIT (LENGTH_MEASURE( 1.000000000000000082E-05 ), #3376, 'distance_accuracy_value', 'NONE');
#1583 =( NAMED_UNIT ( * ) SI_UNIT ( $, .STERADIAN. ) SOLID_ANGLE_UNIT ( ) );
#1584 = ORIENTED_EDGE ( 'NONE', *, *, #22, .F. ) ;
#1585 = DIRECTION ( 'NONE',  ( -1.000000000000000000, 0.000000000000000000, 0.000000000000000000 ) ) ;
#1586 = FILL_AREA_STYLE_COLOUR ( '', #3577 ) ;
#1587 = ORIENTED_EDGE ( 'NONE', *, *, #2984, .F. ) ;
#1588 = CARTESIAN_POINT ( 'NONE',  ( 1.300000000000000266, -0.3249999999999998446, 1.040000000000000036 ) ) ;
#1589 = ORIENTED_EDGE ( 'NONE', *, *, #2461, .F. ) ;
#1590 = DIRECTION ( 'NONE',  ( 1.000000000000000000, -3.614007241618347785E-16, 0.000000000000000000 ) ) ;
#1591 = AXIS2_PLACEMENT_3D ( 'NONE', #1559, #3695, #2039 ) ;
#1592 = CARTESIAN_POINT ( 'NONE',  ( 0.4999999999999993339, 0.5950000000000000844, 0.000000000000000000 ) ) ;
#1593 = VERTEX_POINT ( 'NONE', #106 ) ;
#1594 = CYLINDRICAL_SURFACE ( 'NONE', #514, 0.02999999999999999889 ) ;
#1595 = COLOUR_RGB ( '',0.9607843137254902244, 0.9607843137254902244, 0.9607843137254902244 ) ;
#1596 = CARTESIAN_POINT ( 'NONE',  ( -0.1499999999999999667, -0.6250000000000000000, -0.4242640687119291210 ) ) ;
#1597 = FILL_AREA_STYLE_COLOUR ( '', #1432 ) ;
#1598 = DIRECTION ( 'NONE',  ( 0.000000000000000000, 0.000000000000000000, 1.000000000000000000 ) ) ;
#1599 = LINE ( 'NONE', #1577, #321 ) ;
#1600 = ORIENTED_EDGE ( 'NONE', *, *, #5322, .T. ) ;
#1601 = LINE ( 'NONE', #3662, #970 ) ;
#1602 =( LENGTH_UNIT ( ) NAMED_UNIT ( * ) SI_UNIT ( .MILLI., .METRE. ) );
#1603 = VERTEX_POINT ( 'NONE', #4559 ) ;
#1604 = STYLED_ITEM ( 'NONE', ( #1323 ), #5284 ) ;
#1605 = CIRCLE ( 'NONE', #4815, 0.02999999999999999889 ) ;
#1606 = ADVANCED_FACE ( 'NONE', ( #5055 ), #3799, .T. ) ;
#1607 = VECTOR ( 'NONE', #1887, 1000.000000000000000 ) ;
#1608 = EDGE_CURVE ( 'NONE', #976, #2686, #1495, .T. ) ;
#1609 = VECTOR ( 'NONE', #4733, 1000.000000000000000 ) ;
#1610 = VECTOR ( 'NONE', #5202, 1000.000000000000000 ) ;
#1611 = DIRECTION ( 'NONE',  ( 0.000000000000000000, 1.000000000000000000, -0.000000000000000000 ) ) ;
#1612 = PRESENTATION_LAYER_ASSIGNMENT (  '', '', ( #2051 ) ) ;
#1613 = CARTESIAN_POINT ( 'NONE',  ( -0.1499999999999999667, -0.5950000000000001954, 1.040000000000000036 ) ) ;
#1614 = EDGE_LOOP ( 'NONE', ( #1756, #1926, #1301, #2389, #4259, #1955 ) ) ;
#1615 = COLOUR_RGB ( '',0.9607843137254902244, 0.9607843137254902244, 0.9607843137254902244 ) ;
#1616 = AXIS2_PLACEMENT_3D ( 'NONE', #1565, #3558, #2690 ) ;
#1617 = STYLED_ITEM ( 'NONE', ( #456 ), #2667 ) ;
#1618 = COLOUR_RGB ( '',0.8431372549019607865, 0.8431372549019607865, 0.8431372549019607865 ) ;
#1619 = CARTESIAN_POINT ( 'NONE',  ( -2.150334308762913594E-16, 0.5950000000000004174, 1.040000000000000036 ) ) ;
#1620 = PRESENTATION_LAYER_ASSIGNMENT (  '', '', ( #2475 ) ) ;
#1621 =( NAMED_UNIT ( * ) PLANE_ANGLE_UNIT ( ) SI_UNIT ( $, .RADIAN. ) );
#1622 =( NAMED_UNIT ( * ) SI_UNIT ( $, .STERADIAN. ) SOLID_ANGLE_UNIT ( ) );
#1623 = CIRCLE ( 'NONE', #3669, 0.02999999999999999889 ) ;
#1624 = ORIENTED_EDGE ( 'NONE', *, *, #1226, .F. ) ;
#1625 = DIRECTION ( 'NONE',  ( -1.000000000000000000, 0.000000000000000000, 0.000000000000000000 ) ) ;
#1626 =( NAMED_UNIT ( * ) PLANE_ANGLE_UNIT ( ) SI_UNIT ( $, .RADIAN. ) );
#1627 = FILL_AREA_STYLE_COLOUR ( '', #4546 ) ;
#1628 = ORIENTED_EDGE ( 'NONE', *, *, #2684, .F. ) ;
#1629 = CARTESIAN_POINT ( 'NONE',  ( -1.000000000000000000, 0.5949999999999999734, 0.03000000000000007869 ) ) ;
#1630 = FILL_AREA_STYLE_COLOUR ( '', #1615 ) ;
#1631 = VECTOR ( 'NONE', #1255, 1000.000000000000000 ) ;
#1632 = ORIENTED_EDGE ( 'NONE', *, *, #3991, .F. ) ;
#1633 = DIRECTION ( 'NONE',  ( -1.084202172485503842E-15, 1.000000000000000000, 0.000000000000000000 ) ) ;
#1634 = LINE ( 'NONE', #1659, #4801 ) ;
#1635 = SURFACE_SIDE_STYLE ('',( #17 ) ) ;
#1636 =( NAMED_UNIT ( * ) SI_UNIT ( $, .STERADIAN. ) SOLID_ANGLE_UNIT ( ) );
#1637 = DIRECTION ( 'NONE',  ( 1.000000000000000000, -1.084202172485503842E-15, 0.000000000000000000 ) ) ;
#1638 = EDGE_CURVE ( 'NONE', #3365, #3280, #3940, .T. ) ;
#1639 = DIRECTION ( 'NONE',  ( 0.000000000000000000, 0.000000000000000000, 1.000000000000000000 ) ) ;
#1640 = SURFACE_SIDE_STYLE ('',( #21 ) ) ;
#1641 = ORIENTED_EDGE ( 'NONE', *, *, #4216, .F. ) ;
#1642 = CARTESIAN_POINT ( 'NONE',  ( -0.4999999999999998890, -0.6250000000000001110, 0.02999999999999997113 ) ) ;
#1643 = SURFACE_STYLE_USAGE ( .BOTH. , #360 ) ;
#1644 = CARTESIAN_POINT ( 'NONE',  ( 0.4999999999999993339, 0.5950000000000000844, 1.040000000000000036 ) ) ;
#1645 = EDGE_CURVE ( 'NONE', #417, #4079, #2590, .T. ) ;
#1646 = UNCERTAINTY_MEASURE_WITH_UNIT (LENGTH_MEASURE( 1.000000000000000082E-05 ), #3702, 'distance_accuracy_value', 'NONE');
#1647 = ORIENTED_EDGE ( 'NONE', *, *, #4886, .T. ) ;
#1648 = DIRECTION ( 'NONE',  ( -3.614007241618351729E-16, 1.000000000000000000, 0.000000000000000000 ) ) ;
#1649 =( NAMED_UNIT ( * ) SI_UNIT ( $, .STERADIAN. ) SOLID_ANGLE_UNIT ( ) );
#1650 = ORIENTED_EDGE ( 'NONE', *, *, #2982, .F. ) ;
#1651 = FACE_OUTER_BOUND ( 'NONE', #2317, .T. ) ;
#1652 =( NAMED_UNIT ( * ) SI_UNIT ( $, .STERADIAN. ) SOLID_ANGLE_UNIT ( ) );
#1653 = PRESENTATION_STYLE_ASSIGNMENT (( #4634 ) ) ;
#1654 = EDGE_LOOP ( 'NONE', ( #4982, #4679, #4130, #3199, #1046, #820, #4390, #4422, #3536, #1111, #2918, #147, #4460, #1972, #5282, #2924, #478, #3847, #2597, #3633, #305, #141, #155, #5244, #4872, #2144, #328, #1472 ) ) ;
#1655 = FILL_AREA_STYLE ('',( #2755 ) ) ;
#1656 = FACE_OUTER_BOUND ( 'NONE', #1136, .T. ) ;
#1657 = ORIENTED_EDGE ( 'NONE', *, *, #1471, .F. ) ;
#1658 = SURFACE_SIDE_STYLE ('',( #2076 ) ) ;
#1659 = CARTESIAN_POINT ( 'NONE',  ( 1.300000000000000044, 0.3250000000000000111, 1.040000000000000036 ) ) ;
#1660 = PLANE ( 'NONE',  #405 ) ;
#1661 = CARTESIAN_POINT ( 'NONE',  ( 0.5000000000000000000, -0.3250000000000000666, 1.040000000000000036 ) ) ;
#1662 = ORIENTED_EDGE ( 'NONE', *, *, #1736, .T. ) ;
#1663 = SURFACE_SIDE_STYLE ('',( #4566 ) ) ;
#1664 = LINE ( 'NONE', #800, #1942 ) ;
#1665 = ORIENTED_EDGE ( 'NONE', *, *, #2385, .F. ) ;
#1666 = CARTESIAN_POINT ( 'NONE',  ( 0.1499999999999997446, -0.3250000000000000111, -0.4242640687119291210 ) ) ;
#1667 = ORIENTED_EDGE ( 'NONE', *, *, #3888, .T. ) ;
#1668 = EDGE_CURVE ( 'NONE', #797, #3359, #3091, .T. ) ;
#1669 = FACE_OUTER_BOUND ( 'NONE', #588, .T. ) ;
#1670 = EDGE_CURVE ( 'NONE', #3966, #3084, #202, .T. ) ;
#1671 =( NAMED_UNIT ( * ) SI_UNIT ( $, .STERADIAN. ) SOLID_ANGLE_UNIT ( ) );
#1672 = UNCERTAINTY_MEASURE_WITH_UNIT (LENGTH_MEASURE( 1.000000000000000082E-05 ), #3031, 'distance_accuracy_value', 'NONE');
#1673 = DIRECTION ( 'NONE',  ( 0.000000000000000000, -1.000000000000000000, 0.000000000000000000 ) ) ;
#1674 = ORIENTED_EDGE ( 'NONE', *, *, #3942, .T. ) ;
#1675 = FILL_AREA_STYLE_COLOUR ( '', #1441 ) ;
#1676 = CARTESIAN_POINT ( 'NONE',  ( 0.5000000000000000000, 0.000000000000000000, -0.4242640687119291210 ) ) ;
#1677 = PRESENTATION_STYLE_ASSIGNMENT (( #3336 ) ) ;
#1678 = STYLED_ITEM ( 'NONE', ( #1757 ), #4111 ) ;
#1679 = FILL_AREA_STYLE ('',( #540 ) ) ;
#1680 = EDGE_LOOP ( 'NONE', ( #3650, #2283, #618, #4083 ) ) ;
#1681 =( NAMED_UNIT ( * ) SI_UNIT ( $, .STERADIAN. ) SOLID_ANGLE_UNIT ( ) );
#1682 =( GEOMETRIC_REPRESENTATION_CONTEXT ( 3 ) GLOBAL_UNCERTAINTY_ASSIGNED_CONTEXT ( ( #3034 ) ) GLOBAL_UNIT_ASSIGNED_CONTEXT ( ( #3509, #3531, #1854 ) ) REPRESENTATION_CONTEXT ( 'NONE', 'WORKASPACE' ) );
#1683 = DIRECTION ( 'NONE',  ( -1.000000000000000000, 3.614007241618347785E-16, -0.000000000000000000 ) ) ;
#1684 = PRESENTATION_STYLE_ASSIGNMENT (( #2882 ) ) ;
#1685 = VECTOR ( 'NONE', #2640, 1000.000000000000000 ) ;
#1686 = MECHANICAL_DESIGN_GEOMETRIC_PRESENTATION_REPRESENTATION (  '', ( #318 ), #498 ) ;
#1687 = FACE_OUTER_BOUND ( 'NONE', #4431, .T. ) ;
#1688 = LINE ( 'NONE', #3235, #4286 ) ;
#1689 = AXIS2_PLACEMENT_3D ( 'NONE', #4586, #898, #4646 ) ;
#1690 = ORIENTED_EDGE ( 'NONE', *, *, #2768, .F. ) ;
#1691 = CARTESIAN_POINT ( 'NONE',  ( 0.4999999999999993339, 0.5949999999999999734, 0.03000000000000007869 ) ) ;
#1692 = DIRECTION ( 'NONE',  ( -1.000000000000000000, 0.000000000000000000, 0.000000000000000000 ) ) ;
#1693 = VECTOR ( 'NONE', #1850, 1000.000000000000000 ) ;
#1694 = STYLED_ITEM ( 'NONE', ( #3711 ), #5034 ) ;
#1695 = FILL_AREA_STYLE ('',( #2505 ) ) ;
#1696 = MECHANICAL_DESIGN_GEOMETRIC_PRESENTATION_REPRESENTATION (  '', ( #2468 ), #3910 ) ;
#1697 = CIRCLE ( 'NONE', #3046, 0.02999999999999997113 ) ;
#1698 = PRESENTATION_STYLE_ASSIGNMENT (( #5017 ) ) ;
#1699 =( LENGTH_UNIT ( ) NAMED_UNIT ( * ) SI_UNIT ( .MILLI., .METRE. ) );
#1700 = COLOUR_RGB ( '',0.9607843137254902244, 0.9607843137254902244, 0.9607843137254902244 ) ;
#1701 = ORIENTED_EDGE ( 'NONE', *, *, #731, .F. ) ;
#1702 = CARTESIAN_POINT ( 'NONE',  ( 0.8000000000000001554, -0.6250000000000001110, 0.03000000000000007869 ) ) ;
#1703 = COLOUR_RGB ( '',0.9607843137254902244, 0.9607843137254902244, 0.9607843137254902244 ) ;
#1704 = VECTOR ( 'NONE', #1705, 1000.000000000000000 ) ;
#1705 = DIRECTION ( 'NONE',  ( -0.000000000000000000, -0.000000000000000000, 1.000000000000000000 ) ) ;
#1706 = AXIS2_PLACEMENT_3D ( 'NONE', #1375, #1692, #3323 ) ;
#1707 = ORIENTED_EDGE ( 'NONE', *, *, #4963, .T. ) ;
#1708 = VECTOR ( 'NONE', #5302, 1000.000000000000000 ) ;
#1709 = ADVANCED_FACE ( 'NONE', ( #4302, #1072 ), #3069, .F. ) ;
#1710 = ADVANCED_FACE ( 'NONE', ( #1395 ), #5208, .T. ) ;
#1711 = ORIENTED_EDGE ( 'NONE', *, *, #1373, .T. ) ;
#1712 = PRESENTATION_LAYER_ASSIGNMENT (  '', '', ( #2563 ) ) ;
#1713 = SPHERICAL_SURFACE ( 'NONE', #1025, 0.02999999999999999889 ) ;
#1714 = CARTESIAN_POINT ( 'NONE',  ( 0.5000000000000000000, -0.5950000000000000844, 0.02999999999999997113 ) ) ;
#1715 = VECTOR ( 'NONE', #1598, 1000.000000000000000 ) ;
#1716 = ORIENTED_EDGE ( 'NONE', *, *, #3452, .F. ) ;
#1717 = EDGE_CURVE ( 'NONE', #2562, #1120, #3315, .T. ) ;
#1718 =( NAMED_UNIT ( * ) SI_UNIT ( $, .STERADIAN. ) SOLID_ANGLE_UNIT ( ) );
#1719 =( LENGTH_UNIT ( ) NAMED_UNIT ( * ) SI_UNIT ( .MILLI., .METRE. ) );
#1720 = CARTESIAN_POINT ( 'NONE',  ( 0.1500000000000000777, 0.5949999999999999734, 1.040000000000000036 ) ) ;
#1721 = AXIS2_PLACEMENT_3D ( 'NONE', #2326, #4802, #3542 ) ;
#1722 = SURFACE_STYLE_FILL_AREA ( #1763 ) ;
#1723 = FACE_OUTER_BOUND ( 'NONE', #1994, .T. ) ;
#1724 = DIRECTION ( 'NONE',  ( 0.000000000000000000, 0.000000000000000000, -1.000000000000000000 ) ) ;
#1725 = ORIENTED_EDGE ( 'NONE', *, *, #1930, .F. ) ;
#1726 = CYLINDRICAL_SURFACE ( 'NONE', #2618, 0.02999999999999997113 ) ;
#1727 =( LENGTH_UNIT ( ) NAMED_UNIT ( * ) SI_UNIT ( .MILLI., .METRE. ) );
#1728 = VERTEX_POINT ( 'NONE', #4098 ) ;
#1729 = SURFACE_STYLE_FILL_AREA ( #4673 ) ;
#1730 =( LENGTH_UNIT ( ) NAMED_UNIT ( * ) SI_UNIT ( .MILLI., .METRE. ) );
#1731 = UNCERTAINTY_MEASURE_WITH_UNIT (LENGTH_MEASURE( 1.000000000000000082E-05 ), #926, 'distance_accuracy_value', 'NONE');
#1732 = ORIENTED_EDGE ( 'NONE', *, *, #4482, .F. ) ;
#1733 = DIRECTION ( 'NONE',  ( 1.000000000000000000, -0.000000000000000000, 0.000000000000000000 ) ) ;
#1734 = ORIENTED_EDGE ( 'NONE', *, *, #2031, .T. ) ;
#1735 = PRESENTATION_STYLE_ASSIGNMENT (( #2564 ) ) ;
#1736 = EDGE_CURVE ( 'NONE', #1852, #391, #4069, .T. ) ;
#1737 = DIRECTION ( 'NONE',  ( 1.000000000000000000, 3.614007241618339896E-16, -0.000000000000000000 ) ) ;
#1738 = ORIENTED_EDGE ( 'NONE', *, *, #1381, .F. ) ;
#1739 = CARTESIAN_POINT ( 'NONE',  ( -0.5000000000000002220, -0.3250000000000000111, -0.4242640687119291210 ) ) ;
#1740 = SURFACE_SIDE_STYLE ('',( #2165 ) ) ;
#1741 = EDGE_CURVE ( 'NONE', #2426, #3426, #2045, .T. ) ;
#1742 = EDGE_CURVE ( 'NONE', #4451, #417, #4454, .T. ) ;
#1743 = FACE_OUTER_BOUND ( 'NONE', #997, .T. ) ;
#1744 = SURFACE_STYLE_USAGE ( .BOTH. , #930 ) ;
#1745 = CARTESIAN_POINT ( 'NONE',  ( 0.8000000000000000444, -0.6250000000000001110, -0.4242640687119291210 ) ) ;
#1746 = ORIENTED_EDGE ( 'NONE', *, *, #2671, .T. ) ;
#1747 = SURFACE_STYLE_USAGE ( .BOTH. , #2576 ) ;
#1748 = DIRECTION ( 'NONE',  ( 0.000000000000000000, 0.000000000000000000, 1.000000000000000000 ) ) ;
#1749 =( NAMED_UNIT ( * ) SI_UNIT ( $, .STERADIAN. ) SOLID_ANGLE_UNIT ( ) );
#1750 = CARTESIAN_POINT ( 'NONE',  ( 0.1499999999999999667, -0.5950000000000001954, 0.02999999999999997113 ) ) ;
#1751 = ORIENTED_EDGE ( 'NONE', *, *, #4884, .T. ) ;
#1752 = LINE ( 'NONE', #951, #3403 ) ;
#1753 = ORIENTED_EDGE ( 'NONE', *, *, #203, .T. ) ;
#1754 = CARTESIAN_POINT ( 'NONE',  ( 0.000000000000000000, 0.5949999999999999734, 1.040000000000000036 ) ) ;
#1755 = FILL_AREA_STYLE_COLOUR ( '', #1700 ) ;
#1756 = ORIENTED_EDGE ( 'NONE', *, *, #469, .F. ) ;
#1757 = PRESENTATION_STYLE_ASSIGNMENT (( #2992 ) ) ;
#1758 = CARTESIAN_POINT ( 'NONE',  ( 0.5000000000000000000, -0.6250000000000000000, -0.4242640687119291210 ) ) ;
#1759 =( NAMED_UNIT ( * ) PLANE_ANGLE_UNIT ( ) SI_UNIT ( $, .RADIAN. ) );
#1760 = VECTOR ( 'NONE', #4110, 1000.000000000000000 ) ;
#1761 = SURFACE_SIDE_STYLE ('',( #2940 ) ) ;
#1762 = EDGE_CURVE ( 'NONE', #1249, #2111, #2401, .T. ) ;
#1763 = FILL_AREA_STYLE ('',( #3321 ) ) ;
#1764 = PRESENTATION_LAYER_ASSIGNMENT (  '', '', ( #661 ) ) ;
#1765 = FILL_AREA_STYLE ('',( #2593 ) ) ;
#1766 = VECTOR ( 'NONE', #2978, 1000.000000000000000 ) ;
#1767 = SURFACE_SIDE_STYLE ('',( #2572 ) ) ;
#1768 = COLOUR_RGB ( '',0.8431372549019607865, 0.8431372549019607865, 0.8431372549019607865 ) ;
#1769 =( NAMED_UNIT ( * ) PLANE_ANGLE_UNIT ( ) SI_UNIT ( $, .RADIAN. ) );
#1770 = MECHANICAL_DESIGN_GEOMETRIC_PRESENTATION_REPRESENTATION (  '', ( #4981 ), #3555 ) ;
#1771 = DIRECTION ( 'NONE',  ( 1.084202172485503842E-15, 1.000000000000000000, 0.000000000000000000 ) ) ;
#1772 = EDGE_CURVE ( 'NONE', #828, #1362, #2843, .T. ) ;
#1773 = ORIENTED_EDGE ( 'NONE', *, *, #1037, .T. ) ;
#1774 = FILL_AREA_STYLE ('',( #973 ) ) ;
#1775 =( GEOMETRIC_REPRESENTATION_CONTEXT ( 3 ) GLOBAL_UNCERTAINTY_ASSIGNED_CONTEXT ( ( #5054 ) ) GLOBAL_UNIT_ASSIGNED_CONTEXT ( ( #4425, #4019, #1574 ) ) REPRESENTATION_CONTEXT ( 'NONE', 'WORKASPACE' ) );
#1776 = AXIS2_PLACEMENT_3D ( 'NONE', #3425, #3019, #606 ) ;
#1777 = VECTOR ( 'NONE', #2685, 1000.000000000000000 ) ;
#1778 =( NAMED_UNIT ( * ) PLANE_ANGLE_UNIT ( ) SI_UNIT ( $, .RADIAN. ) );
#1779 = SURFACE_STYLE_USAGE ( .BOTH. , #2152 ) ;
#1780 = UNCERTAINTY_MEASURE_WITH_UNIT (LENGTH_MEASURE( 1.000000000000000082E-05 ), #5267, 'distance_accuracy_value', 'NONE');
#1781 = SURFACE_STYLE_USAGE ( .BOTH. , #612 ) ;
#1782 = CIRCLE ( 'NONE', #1193, 0.02999999999999997113 ) ;
#1783 = ORIENTED_EDGE ( 'NONE', *, *, #3068, .T. ) ;
#1784 =( GEOMETRIC_REPRESENTATION_CONTEXT ( 3 ) GLOBAL_UNCERTAINTY_ASSIGNED_CONTEXT ( ( #3333 ) ) GLOBAL_UNIT_ASSIGNED_CONTEXT ( ( #3779, #5056, #5155 ) ) REPRESENTATION_CONTEXT ( 'NONE', 'WORKASPACE' ) );
#1785 = AXIS2_PLACEMENT_3D ( 'NONE', #2397, #4044, #3623 ) ;
#1786 = STYLED_ITEM ( 'NONE', ( #2126 ), #2497 ) ;
#1787 = FILL_AREA_STYLE ('',( #159 ) ) ;
#1788 = DIRECTION ( 'NONE',  ( 3.614007241618348376E-15, 0.000000000000000000, 1.000000000000000000 ) ) ;
#1789 = DIRECTION ( 'NONE',  ( -1.000000000000000000, 0.000000000000000000, 0.000000000000000000 ) ) ;
#1790 = VECTOR ( 'NONE', #1562, 1000.000000000000000 ) ;
#1791 = PRESENTATION_LAYER_ASSIGNMENT (  '', '', ( #2980 ) ) ;
#1792 = ORIENTED_EDGE ( 'NONE', *, *, #2171, .F. ) ;
#1793 = DIRECTION ( 'NONE',  ( 1.000000000000000000, -3.614007241618347785E-16, 0.000000000000000000 ) ) ;
#1794 = MECHANICAL_DESIGN_GEOMETRIC_PRESENTATION_REPRESENTATION (  '', ( #4114 ), #1540 ) ;
#1795 =( NAMED_UNIT ( * ) PLANE_ANGLE_UNIT ( ) SI_UNIT ( $, .RADIAN. ) );
#1796 = CARTESIAN_POINT ( 'NONE',  ( 0.000000000000000000, 0.000000000000000000, 1.040000000000000036 ) ) ;
#1797 = MECHANICAL_DESIGN_GEOMETRIC_PRESENTATION_REPRESENTATION (  '', ( #1888 ), #3677 ) ;
#1798 = CARTESIAN_POINT ( 'NONE',  ( 0.000000000000000000, 0.3250000000000000111, -0.4242640687119291210 ) ) ;
#1799 = VECTOR ( 'NONE', #4419, 1000.000000000000000 ) ;
#1800 = EDGE_CURVE ( 'NONE', #3684, #3320, #869, .T. ) ;
#1801 = EDGE_CURVE ( 'NONE', #3963, #1386, #782, .T. ) ;
#1802 = PRESENTATION_STYLE_ASSIGNMENT (( #184 ) ) ;
#1803 = DIRECTION ( 'NONE',  ( 1.000000000000000000, 0.000000000000000000, -0.000000000000000000 ) ) ;
#1804 = UNCERTAINTY_MEASURE_WITH_UNIT (LENGTH_MEASURE( 1.000000000000000082E-05 ), #4718, 'distance_accuracy_value', 'NONE');
#1805 = ORIENTED_EDGE ( 'NONE', *, *, #2932, .T. ) ;
#1806 = EDGE_CURVE ( 'NONE', #5192, #1309, #4944, .T. ) ;
#1807 = LINE ( 'NONE', #4208, #5230 ) ;
#1808 = FILL_AREA_STYLE_COLOUR ( '', #3483 ) ;
#1809 = LINE ( 'NONE', #3433, #4483 ) ;
#1810 = ORIENTED_EDGE ( 'NONE', *, *, #702, .F. ) ;
#1811 = DIRECTION ( 'NONE',  ( 1.000000000000000000, -3.614007241618347785E-16, 0.000000000000000000 ) ) ;
#1812 =( NAMED_UNIT ( * ) SI_UNIT ( $, .STERADIAN. ) SOLID_ANGLE_UNIT ( ) );
#1813 = LINE ( 'NONE', #4344, #4560 ) ;
#1814 = CARTESIAN_POINT ( 'NONE',  ( -0.1500000000000006051, 0.6250000000000000000, 1.010000000000000009 ) ) ;
#1815 = ORIENTED_EDGE ( 'NONE', *, *, #3340, .T. ) ;
#1816 = FILL_AREA_STYLE ('',( #3776 ) ) ;
#1817 = CARTESIAN_POINT ( 'NONE',  ( -0.8000000000000003775, 0.5949999999999999734, 0.000000000000000000 ) ) ;
#1818 = FILL_AREA_STYLE ('',( #3014 ) ) ;
#1819 = PRESENTATION_STYLE_ASSIGNMENT (( #3852 ) ) ;
#1820 = CARTESIAN_POINT ( 'NONE',  ( -1.000000000000000000, 0.6249999999999998890, 1.040000000000000036 ) ) ;
#1821 = CARTESIAN_POINT ( 'NONE',  ( -0.4999999999999998890, -0.6250000000000001110, 0.000000000000000000 ) ) ;
#1822 = DIRECTION ( 'NONE',  ( -1.000000000000000000, -3.614007241618351729E-16, 0.000000000000000000 ) ) ;
#1823 = FILL_AREA_STYLE ('',( #2137 ) ) ;
#1824 = CARTESIAN_POINT ( 'NONE',  ( -0.5000000000000002220, -0.3250000000000000111, 1.040000000000000036 ) ) ;
#1825 = EDGE_LOOP ( 'NONE', ( #1015, #1628, #5049, #2858 ) ) ;
#1826 = COLOUR_RGB ( '',0.8431372549019607865, 0.8431372549019607865, 0.8431372549019607865 ) ;
#1827 = PRESENTATION_STYLE_ASSIGNMENT (( #5215 ) ) ;
#1828 = PRESENTATION_STYLE_ASSIGNMENT (( #1779 ) ) ;
#1829 = STYLED_ITEM ( 'NONE', ( #1448 ), #1403 ) ;
#1830 = FACE_OUTER_BOUND ( 'NONE', #1614, .T. ) ;
#1831 = VECTOR ( 'NONE', #5219, 1000.000000000000000 ) ;
#1832 = EDGE_LOOP ( 'NONE', ( #3238, #1391, #556, #2277 ) ) ;
#1833 = EDGE_CURVE ( 'NONE', #1207, #3966, #4047, .T. ) ;
#1834 =( NAMED_UNIT ( * ) SI_UNIT ( $, .STERADIAN. ) SOLID_ANGLE_UNIT ( ) );
#1835 = EDGE_CURVE ( 'NONE', #2514, #2733, #854, .T. ) ;
#1836 = LINE ( 'NONE', #232, #4364 ) ;
#1837 =( LENGTH_UNIT ( ) NAMED_UNIT ( * ) SI_UNIT ( .MILLI., .METRE. ) );
#1838 = CARTESIAN_POINT ( 'NONE',  ( 0.1499999999999997446, -0.3250000000000000111, 0.000000000000000000 ) ) ;
#1839 = DIRECTION ( 'NONE',  ( 0.000000000000000000, 0.000000000000000000, -1.000000000000000000 ) ) ;
#1840 = ORIENTED_EDGE ( 'NONE', *, *, #630, .F. ) ;
#1841 = LINE ( 'NONE', #2278, #931 ) ;
#1842 = ADVANCED_FACE ( 'NONE', ( #4917 ), #5309, .T. ) ;
#1843 =( NAMED_UNIT ( * ) PLANE_ANGLE_UNIT ( ) SI_UNIT ( $, .RADIAN. ) );
#1844 =( NAMED_UNIT ( * ) PLANE_ANGLE_UNIT ( ) SI_UNIT ( $, .RADIAN. ) );
#1845 = CARTESIAN_POINT ( 'NONE',  ( 0.8000000000000000444, 0.6250000000000001110, -0.4242640687119291210 ) ) ;
#1846 = CARTESIAN_POINT ( 'NONE',  ( 0.9700000000000000844, 0.5949999999999999734, 1.040000000000000036 ) ) ;
#1847 =( GEOMETRIC_REPRESENTATION_CONTEXT ( 3 ) GLOBAL_UNCERTAINTY_ASSIGNED_CONTEXT ( ( #5232 ) ) GLOBAL_UNIT_ASSIGNED_CONTEXT ( ( #1602, #2826, #4554 ) ) REPRESENTATION_CONTEXT ( 'NONE', 'WORKASPACE' ) );
#1848 = CARTESIAN_POINT ( 'NONE',  ( -0.1499999999999999667, -0.3250000000000000666, 1.040000000000000036 ) ) ;
#1849 = UNCERTAINTY_MEASURE_WITH_UNIT (LENGTH_MEASURE( 1.000000000000000082E-05 ), #1719, 'distance_accuracy_value', 'NONE');
#1850 = DIRECTION ( 'NONE',  ( 0.000000000000000000, 0.000000000000000000, 1.000000000000000000 ) ) ;
#1851 =( GEOMETRIC_REPRESENTATION_CONTEXT ( 3 ) GLOBAL_UNCERTAINTY_ASSIGNED_CONTEXT ( ( #3467 ) ) GLOBAL_UNIT_ASSIGNED_CONTEXT ( ( #3449, #3407, #1749 ) ) REPRESENTATION_CONTEXT ( 'NONE', 'WORKASPACE' ) );
#1852 = VERTEX_POINT ( 'NONE', #4969 ) ;
#1853 = COLOUR_RGB ( '',0.9607843137254902244, 0.9607843137254902244, 0.9607843137254902244 ) ;
#1854 =( NAMED_UNIT ( * ) SI_UNIT ( $, .STERADIAN. ) SOLID_ANGLE_UNIT ( ) );
#1855 = ORIENTED_EDGE ( 'NONE', *, *, #2458, .F. ) ;
#1856 = VECTOR ( 'NONE', #1302, 1000.000000000000000 ) ;
#1857 =( GEOMETRIC_REPRESENTATION_CONTEXT ( 3 ) GLOBAL_UNCERTAINTY_ASSIGNED_CONTEXT ( ( #4468 ) ) GLOBAL_UNIT_ASSIGNED_CONTEXT ( ( #3242, #2086, #3705 ) ) REPRESENTATION_CONTEXT ( 'NONE', 'WORKASPACE' ) );
#1858 = ORIENTED_EDGE ( 'NONE', *, *, #2374, .T. ) ;
#1859 = SURFACE_STYLE_USAGE ( .BOTH. , #5140 ) ;
#1860 = MECHANICAL_DESIGN_GEOMETRIC_PRESENTATION_REPRESENTATION (  '', ( #2220 ), #2292 ) ;
#1861 = DIRECTION ( 'NONE',  ( 1.000000000000000000, 0.000000000000000000, -0.000000000000000000 ) ) ;
#1862 = VECTOR ( 'NONE', #2409, 1000.000000000000000 ) ;
#1863 = DIRECTION ( 'NONE',  ( 0.000000000000000000, 0.000000000000000000, 1.000000000000000000 ) ) ;
#1864 = SURFACE_SIDE_STYLE ('',( #234 ) ) ;
#1865 = AXIS2_PLACEMENT_3D ( 'NONE', #4405, #393, #4879 ) ;
#1866 = AXIS2_PLACEMENT_3D ( 'NONE', #3234, #69, #1293 ) ;
#1867 = ADVANCED_FACE ( 'NONE', ( #1142 ), #1252, .T. ) ;
#1868 = SURFACE_STYLE_USAGE ( .BOTH. , #221 ) ;
#1869 = PRESENTATION_LAYER_ASSIGNMENT (  '', '', ( #4191 ) ) ;
#1870 = VERTEX_POINT ( 'NONE', #538 ) ;
#1871 = PRESENTATION_LAYER_ASSIGNMENT (  '', '', ( #2886 ) ) ;
#1872 = DIRECTION ( 'NONE',  ( 1.000000000000000000, 0.000000000000000000, 0.000000000000000000 ) ) ;
#1873 = DIRECTION ( 'NONE',  ( 1.000000000000000000, -3.614007241618347785E-16, 0.000000000000000000 ) ) ;
#1874 = PRESENTATION_LAYER_ASSIGNMENT (  '', '', ( #1525 ) ) ;
#1875 = PRESENTATION_STYLE_ASSIGNMENT (( #1415 ) ) ;
#1876 =( GEOMETRIC_REPRESENTATION_CONTEXT ( 3 ) GLOBAL_UNCERTAINTY_ASSIGNED_CONTEXT ( ( #2345 ) ) GLOBAL_UNIT_ASSIGNED_CONTEXT ( ( #3861, #3004, #3789 ) ) REPRESENTATION_CONTEXT ( 'NONE', 'WORKASPACE' ) );
#1877 = AXIS2_PLACEMENT_3D ( 'NONE', #2987, #3303, #4995 ) ;
#1878 = MECHANICAL_DESIGN_GEOMETRIC_PRESENTATION_REPRESENTATION (  '', ( #2148 ), #3484 ) ;
#1879 = MECHANICAL_DESIGN_GEOMETRIC_PRESENTATION_REPRESENTATION (  '', ( #2629 ), #333 ) ;
#1880 = ADVANCED_FACE ( 'NONE', ( #5050 ), #1713, .T. ) ;
#1881 = UNCERTAINTY_MEASURE_WITH_UNIT (LENGTH_MEASURE( 1.000000000000000082E-05 ), #237, 'distance_accuracy_value', 'NONE');
#1882 = VECTOR ( 'NONE', #827, 1000.000000000000000 ) ;
#1883 = DIRECTION ( 'NONE',  ( 0.000000000000000000, -1.000000000000000000, 0.000000000000000000 ) ) ;
#1884 = ORIENTED_EDGE ( 'NONE', *, *, #1059, .T. ) ;
#1885 = CARTESIAN_POINT ( 'NONE',  ( 0.1499999999999997446, 0.3250000000000000111, 0.000000000000000000 ) ) ;
#1886 = DIRECTION ( 'NONE',  ( 0.000000000000000000, 0.000000000000000000, 1.000000000000000000 ) ) ;
#1887 = DIRECTION ( 'NONE',  ( 1.000000000000000000, -0.000000000000000000, 0.000000000000000000 ) ) ;
#1888 = STYLED_ITEM ( 'NONE', ( #371 ), #835 ) ;
#1889 = MECHANICAL_DESIGN_GEOMETRIC_PRESENTATION_REPRESENTATION (  '', ( #1550 ), #4210 ) ;
#1890 = ORIENTED_EDGE ( 'NONE', *, *, #1244, .F. ) ;
#1891 = FILL_AREA_STYLE_COLOUR ( '', #4985 ) ;
#1892 =( LENGTH_UNIT ( ) NAMED_UNIT ( * ) SI_UNIT ( .MILLI., .METRE. ) );
#1893 = ORIENTED_EDGE ( 'NONE', *, *, #1742, .F. ) ;
#1894 = CARTESIAN_POINT ( 'NONE',  ( 0.9700000000000000844, -0.5950000000000001954, 0.03000000000000007869 ) ) ;
#1895 = ORIENTED_EDGE ( 'NONE', *, *, #2768, .T. ) ;
#1896 = STYLED_ITEM ( 'NONE', ( #4003 ), #3495 ) ;
#1897 = FACE_OUTER_BOUND ( 'NONE', #55, .T. ) ;
#1898 = DIRECTION ( 'NONE',  ( 0.000000000000000000, 0.000000000000000000, 1.000000000000000000 ) ) ;
#1899 =( LENGTH_UNIT ( ) NAMED_UNIT ( * ) SI_UNIT ( .MILLI., .METRE. ) );
#1900 = DIRECTION ( 'NONE',  ( -0.000000000000000000, -0.000000000000000000, 1.000000000000000000 ) ) ;
#1901 = ORIENTED_EDGE ( 'NONE', *, *, #4315, .F. ) ;
#1902 = DIRECTION ( 'NONE',  ( 0.000000000000000000, 0.000000000000000000, 1.000000000000000000 ) ) ;
#1903 = DIRECTION ( 'NONE',  ( 1.000000000000000000, 1.084202172485503842E-15, -0.000000000000000000 ) ) ;
#1904 = SURFACE_STYLE_FILL_AREA ( #4784 ) ;
#1905 = DIRECTION ( 'NONE',  ( 0.000000000000000000, 1.000000000000000000, 0.000000000000000000 ) ) ;
#1906 = LINE ( 'NONE', #1101, #1609 ) ;
#1907 = ORIENTED_EDGE ( 'NONE', *, *, #3140, .F. ) ;
#1908 = EDGE_CURVE ( 'NONE', #517, #4709, #921, .T. ) ;
#1909 = CARTESIAN_POINT ( 'NONE',  ( 0.8000000000000000444, -0.6250000000000001110, -0.4242640687119291210 ) ) ;
#1910 = UNCERTAINTY_MEASURE_WITH_UNIT (LENGTH_MEASURE( 1.000000000000000082E-05 ), #1238, 'distance_accuracy_value', 'NONE');
#1911 = ORIENTED_EDGE ( 'NONE', *, *, #1806, .F. ) ;
#1912 = SURFACE_SIDE_STYLE ('',( #3480 ) ) ;
#1913 = DIRECTION ( 'NONE',  ( -1.000000000000000000, -1.445602896647339114E-15, 0.000000000000000000 ) ) ;
#1914 = ORIENTED_EDGE ( 'NONE', *, *, #543, .T. ) ;
#1915 =( NAMED_UNIT ( * ) SI_UNIT ( $, .STERADIAN. ) SOLID_ANGLE_UNIT ( ) );
#1916 = DIRECTION ( 'NONE',  ( 0.000000000000000000, 0.000000000000000000, 1.000000000000000000 ) ) ;
#1917 = ORIENTED_EDGE ( 'NONE', *, *, #4068, .T. ) ;
#1918 = DIRECTION ( 'NONE',  ( -1.000000000000000000, -1.084202172485503842E-15, -0.000000000000000000 ) ) ;
#1919 = CARTESIAN_POINT ( 'NONE',  ( -0.7999999999999999334, -0.5950000000000000844, 1.010000000000000009 ) ) ;
#1920 = ORIENTED_EDGE ( 'NONE', *, *, #1638, .F. ) ;
#1921 = FACE_OUTER_BOUND ( 'NONE', #4587, .T. ) ;
#1922 = AXIS2_PLACEMENT_3D ( 'NONE', #2545, #2210, #4197 ) ;
#1923 = LINE ( 'NONE', #4348, #4929 ) ;
#1924 = FILL_AREA_STYLE ('',( #1143 ) ) ;
#1925 =( LENGTH_UNIT ( ) NAMED_UNIT ( * ) SI_UNIT ( .MILLI., .METRE. ) );
#1926 = ORIENTED_EDGE ( 'NONE', *, *, #3622, .F. ) ;
#1927 = CARTESIAN_POINT ( 'NONE',  ( 0.9700000000000000844, -0.5950000000000001954, 1.040000000000000036 ) ) ;
#1928 = DIRECTION ( 'NONE',  ( 0.000000000000000000, -1.000000000000000000, 0.000000000000000000 ) ) ;
#1929 = CARTESIAN_POINT ( 'NONE',  ( -0.9700000000000000844, -0.5950000000000001954, 0.03000000000000007869 ) ) ;
#1930 = EDGE_CURVE ( 'NONE', #3727, #3712, #1697, .T. ) ;
#1931 = EDGE_CURVE ( 'NONE', #2090, #5252, #3793, .T. ) ;
#1932 = VERTEX_POINT ( 'NONE', #3413 ) ;
#1933 = FILL_AREA_STYLE_COLOUR ( '', #3037 ) ;
#1934 = STYLED_ITEM ( 'NONE', ( #5317 ), #4101 ) ;
#1935 = SURFACE_STYLE_USAGE ( .BOTH. , #5275 ) ;
#1936 = COLOUR_RGB ( '',0.8431372549019607865, 0.8431372549019607865, 0.8431372549019607865 ) ;
#1937 = ORIENTED_EDGE ( 'NONE', *, *, #744, .T. ) ;
#1938 = DIRECTION ( 'NONE',  ( -1.807003620809173153E-16, 1.000000000000000000, 0.000000000000000000 ) ) ;
#1939 = VERTEX_POINT ( 'NONE', #2907 ) ;
#1940 = SURFACE_STYLE_USAGE ( .BOTH. , #308 ) ;
#1941 = DIRECTION ( 'NONE',  ( 0.000000000000000000, 0.000000000000000000, -1.000000000000000000 ) ) ;
#1942 = VECTOR ( 'NONE', #2442, 1000.000000000000000 ) ;
#1943 = DIRECTION ( 'NONE',  ( 1.000000000000000000, -1.084202172485503842E-15, -0.000000000000000000 ) ) ;
#1944 = MECHANICAL_DESIGN_GEOMETRIC_PRESENTATION_REPRESENTATION (  '', ( #664 ), #4533 ) ;
#1945 = PRESENTATION_LAYER_ASSIGNMENT (  '', '', ( #1604 ) ) ;
#1946 = ORIENTED_EDGE ( 'NONE', *, *, #4439, .F. ) ;
#1947 = PRESENTATION_LAYER_ASSIGNMENT (  '', '', ( #4270 ) ) ;
#1948 =( NAMED_UNIT ( * ) SI_UNIT ( $, .STERADIAN. ) SOLID_ANGLE_UNIT ( ) );
#1949 = CARTESIAN_POINT ( 'NONE',  ( -0.4999999999999998890, -0.5950000000000001954, 1.010000000000000009 ) ) ;
#1950 = FACE_OUTER_BOUND ( 'NONE', #3154, .T. ) ;
#1951 = PRESENTATION_LAYER_ASSIGNMENT (  '', '', ( #4902 ) ) ;
#1952 = VECTOR ( 'NONE', #3879, 1000.000000000000000 ) ;
#1953 = PRESENTATION_LAYER_ASSIGNMENT (  '', '', ( #4897 ) ) ;
#1954 = AXIS2_PLACEMENT_3D ( 'NONE', #3654, #4424, #4519 ) ;
#1955 = ORIENTED_EDGE ( 'NONE', *, *, #296, .F. ) ;
#1956 = PRESENTATION_LAYER_ASSIGNMENT (  '', '', ( #4457 ) ) ;
#1957 = DIRECTION ( 'NONE',  ( 1.000000000000000000, -1.084202172485503842E-15, 0.000000000000000000 ) ) ;
#1958 = VECTOR ( 'NONE', #1900, 1000.000000000000000 ) ;
#1959 =( NAMED_UNIT ( * ) PLANE_ANGLE_UNIT ( ) SI_UNIT ( $, .RADIAN. ) );
#1960 = AXIS2_PLACEMENT_3D ( 'NONE', #3272, #806, #829 ) ;
#1961 = LINE ( 'NONE', #1129, #2522 ) ;
#1962 = AXIS2_PLACEMENT_3D ( 'NONE', #411, #1918, #3538 ) ;
#1963 = STYLED_ITEM ( 'NONE', ( #3590 ), #5185 ) ;
#1964 = AXIS2_PLACEMENT_3D ( 'NONE', #1894, #5172, #4774 ) ;
#1965 = PRESENTATION_LAYER_ASSIGNMENT (  '', '', ( #2711 ) ) ;
#1966 = CIRCLE ( 'NONE', #3406, 0.02999999999999997113 ) ;
#1967 = ORIENTED_EDGE ( 'NONE', *, *, #3193, .F. ) ;
#1968 = AXIS2_PLACEMENT_3D ( 'NONE', #3119, #3500, #2330 ) ;
#1969 = EDGE_CURVE ( 'NONE', #284, #2817, #4260, .T. ) ;
#1970 = DIRECTION ( 'NONE',  ( -0.000000000000000000, -0.000000000000000000, 1.000000000000000000 ) ) ;
#1971 = DIRECTION ( 'NONE',  ( 0.000000000000000000, 1.000000000000000000, 0.000000000000000000 ) ) ;
#1972 = ORIENTED_EDGE ( 'NONE', *, *, #1148, .T. ) ;
#1973 = SURFACE_STYLE_USAGE ( .BOTH. , #1507 ) ;
#1974 = CARTESIAN_POINT ( 'NONE',  ( 0.7999999999999993783, -5.421010862427525128E-16, 1.040000000000000036 ) ) ;
#1975 = ORIENTED_EDGE ( 'NONE', *, *, #4682, .F. ) ;
#1976 = FILL_AREA_STYLE_COLOUR ( '', #3553 ) ;
#1977 = AXIS2_PLACEMENT_3D ( 'NONE', #4452, #453, #2862 ) ;
#1978 = ADVANCED_FACE ( 'NONE', ( #1387 ), #4697, .T. ) ;
#1979 =( NAMED_UNIT ( * ) SI_UNIT ( $, .STERADIAN. ) SOLID_ANGLE_UNIT ( ) );
#1980 = ADVANCED_FACE ( 'NONE', ( #2322 ), #2728, .F. ) ;
#1981 = LINE ( 'NONE', #3248, #111 ) ;
#1982 = EDGE_LOOP ( 'NONE', ( #14, #475, #2635, #4700 ) ) ;
#1983 = PRESENTATION_LAYER_ASSIGNMENT (  '', '', ( #2995 ) ) ;
#1984 = LINE ( 'NONE', #4853, #2138 ) ;
#1985 = LINE ( 'NONE', #3604, #1777 ) ;
#1986 = ORIENTED_EDGE ( 'NONE', *, *, #564, .T. ) ;
#1987 = SURFACE_STYLE_FILL_AREA ( #2515 ) ;
#1988 = FILL_AREA_STYLE ('',( #2740 ) ) ;
#1989 = VERTEX_POINT ( 'NONE', #3843 ) ;
#1990 = SURFACE_STYLE_FILL_AREA ( #1151 ) ;
#1991 = ADVANCED_FACE ( 'NONE', ( #1897 ), #2273, .T. ) ;
#1992 =( NAMED_UNIT ( * ) PLANE_ANGLE_UNIT ( ) SI_UNIT ( $, .RADIAN. ) );
#1993 = SURFACE_STYLE_FILL_AREA ( #260 ) ;
#1994 = EDGE_LOOP ( 'NONE', ( #368, #509, #168, #79 ) ) ;
#1995 = LINE ( 'NONE', #1484, #2404 ) ;
#1996 = FACE_OUTER_BOUND ( 'NONE', #3005, .T. ) ;
#1997 = ORIENTED_EDGE ( 'NONE', *, *, #389, .F. ) ;
#1998 = CARTESIAN_POINT ( 'NONE',  ( 0.4999999999999997780, 0.3250000000000000111, -0.4242640687119291210 ) ) ;
#1999 = PLANE ( 'NONE',  #2625 ) ;
#2000 = ORIENTED_EDGE ( 'NONE', *, *, #1835, .F. ) ;
#2001 = CARTESIAN_POINT ( 'NONE',  ( 0.1500000000000000777, -0.6250000000000001110, -0.4242640687119291210 ) ) ;
#2002 = PRESENTATION_STYLE_ASSIGNMENT (( #2364 ) ) ;
#2003 = CARTESIAN_POINT ( 'NONE',  ( 0.1500000000000001055, -0.6250000000000001110, 1.010000000000000009 ) ) ;
#2004 = LINE ( 'NONE', #2668, #4816 ) ;
#2005 = EDGE_LOOP ( 'NONE', ( #4948, #5079, #409, #2028, #3985, #1901 ) ) ;
#2006 =( GEOMETRIC_REPRESENTATION_CONTEXT ( 3 ) GLOBAL_UNCERTAINTY_ASSIGNED_CONTEXT ( ( #569 ) ) GLOBAL_UNIT_ASSIGNED_CONTEXT ( ( #4329, #2241, #5186 ) ) REPRESENTATION_CONTEXT ( 'NONE', 'WORKASPACE' ) );
#2007 = CARTESIAN_POINT ( 'NONE',  ( 0.6500000000000000222, 0.3250000000000000111, 1.040000000000000036 ) ) ;
#2008 = EDGE_CURVE ( 'NONE', #3106, #665, #1836, .T. ) ;
#2009 = FILL_AREA_STYLE_COLOUR ( '', #1004 ) ;
#2010 = PLANE ( 'NONE',  #3652 ) ;
#2011 = EDGE_LOOP ( 'NONE', ( #1243, #3246, #291, #1753 ) ) ;
#2012 =( NAMED_UNIT ( * ) SI_UNIT ( $, .STERADIAN. ) SOLID_ANGLE_UNIT ( ) );
#2013 = SURFACE_STYLE_FILL_AREA ( #1988 ) ;
#2014 = DIRECTION ( 'NONE',  ( 1.000000000000000000, -1.084202172485503842E-15, -0.000000000000000000 ) ) ;
#2015 = DIRECTION ( 'NONE',  ( -1.084202172485503842E-15, -1.000000000000000000, 0.000000000000000000 ) ) ;
#2016 = SURFACE_SIDE_STYLE ('',( #379 ) ) ;
#2017 = ORIENTED_EDGE ( 'NONE', *, *, #4412, .F. ) ;
#2018 = CARTESIAN_POINT ( 'NONE',  ( -0.8000000000000005995, 0.6250000000000000000, 0.03000000000000007869 ) ) ;
#2019 = CARTESIAN_POINT ( 'NONE',  ( 0.8000000000000000444, 0.6250000000000001110, 0.02999999999999997113 ) ) ;
#2020 = PRODUCT_RELATED_PRODUCT_CATEGORY ( 'part', '', ( #1518 ) ) ;
#2021 = ORIENTED_EDGE ( 'NONE', *, *, #2421, .T. ) ;
#2022 = FACE_OUTER_BOUND ( 'NONE', #1460, .T. ) ;
#2023 = ORIENTED_EDGE ( 'NONE', *, *, #1077, .F. ) ;
#2024 = SURFACE_STYLE_USAGE ( .BOTH. , #32 ) ;
#2025 = SURFACE_SIDE_STYLE ('',( #2815 ) ) ;
#2026 = AXIS2_PLACEMENT_3D ( 'NONE', #817, #3585, #1928 ) ;
#2027 = SURFACE_STYLE_USAGE ( .BOTH. , #35 ) ;
#2028 = ORIENTED_EDGE ( 'NONE', *, *, #4622, .T. ) ;
#2029 = DIRECTION ( 'NONE',  ( -1.000000000000000000, -1.445602896647339114E-15, 0.000000000000000000 ) ) ;
#2030 = SURFACE_STYLE_FILL_AREA ( #1204 ) ;
#2031 = EDGE_CURVE ( 'NONE', #2141, #2605, #4663, .T. ) ;
#2033 = ADVANCED_FACE ( 'NONE', ( #3893 ), #3568, .T. ) ;
#2032 =( GEOMETRIC_REPRESENTATION_CONTEXT ( 3 ) GLOBAL_UNCERTAINTY_ASSIGNED_CONTEXT ( ( #2506 ) ) GLOBAL_UNIT_ASSIGNED_CONTEXT ( ( #1076, #1455, #3080 ) ) REPRESENTATION_CONTEXT ( 'NONE', 'WORKASPACE' ) );
#2034 = SURFACE_STYLE_FILL_AREA ( #394 ) ;
#2035 = FACE_OUTER_BOUND ( 'NONE', #1454, .T. ) ;
#2036 = COLOUR_RGB ( '',0.9607843137254902244, 0.9607843137254902244, 0.9607843137254902244 ) ;
#2037 = ORIENTED_EDGE ( 'NONE', *, *, #1772, .T. ) ;
#2038 = UNCERTAINTY_MEASURE_WITH_UNIT (LENGTH_MEASURE( 1.000000000000000082E-05 ), #2660, 'distance_accuracy_value', 'NONE');
#2039 = DIRECTION ( 'NONE',  ( 0.000000000000000000, -0.000000000000000000, -1.000000000000000000 ) ) ;
#2040 = FILL_AREA_STYLE_COLOUR ( '', #4735 ) ;
#2041 = STYLED_ITEM ( 'NONE', ( #450 ), #42 ) ;
#2042 = MECHANICAL_DESIGN_GEOMETRIC_PRESENTATION_REPRESENTATION (  '', ( #81 ), #4645 ) ;
#2043 = CARTESIAN_POINT ( 'NONE',  ( -0.1500000000000001887, 0.3250000000000000111, -0.4242640687119291210 ) ) ;
#2044 = DIRECTION ( 'NONE',  ( 0.000000000000000000, 0.000000000000000000, 1.000000000000000000 ) ) ;
#2045 = CIRCLE ( 'NONE', #250, 0.02999999999999997113 ) ;
#2046 = ADVANCED_FACE ( 'NONE', ( #3976 ), #5257, .T. ) ;
#2047 =( GEOMETRIC_REPRESENTATION_CONTEXT ( 3 ) GLOBAL_UNCERTAINTY_ASSIGNED_CONTEXT ( ( #4224 ) ) GLOBAL_UNIT_ASSIGNED_CONTEXT ( ( #3279, #2870, #125 ) ) REPRESENTATION_CONTEXT ( 'NONE', 'WORKASPACE' ) );
#2048 = CIRCLE ( 'NONE', #1102, 0.03000000000000007869 ) ;
#2049 = PRESENTATION_LAYER_ASSIGNMENT (  '', '', ( #1786 ) ) ;
#2050 = CARTESIAN_POINT ( 'NONE',  ( 0.8000000000000001554, 0.5949999999999999734, 0.03000000000000007869 ) ) ;
#2051 = STYLED_ITEM ( 'NONE', ( #2068 ), #2046 ) ;
#2052 =( NAMED_UNIT ( * ) PLANE_ANGLE_UNIT ( ) SI_UNIT ( $, .RADIAN. ) );
#2053 = VERTEX_POINT ( 'NONE', #4126 ) ;
#2054 = FILL_AREA_STYLE_COLOUR ( '', #1826 ) ;
#2055 = AXIS2_PLACEMENT_3D ( 'NONE', #3139, #1138, #5200 ) ;
#2056 = LINE ( 'NONE', #3676, #3233 ) ;
#2057 = MECHANICAL_DESIGN_GEOMETRIC_PRESENTATION_REPRESENTATION (  '', ( #1963 ), #766 ) ;
#2058 = AXIS2_PLACEMENT_3D ( 'NONE', #4582, #1733, #3791 ) ;
#2059 =( GEOMETRIC_REPRESENTATION_CONTEXT ( 3 ) GLOBAL_UNCERTAINTY_ASSIGNED_CONTEXT ( ( #4888 ) ) GLOBAL_UNIT_ASSIGNED_CONTEXT ( ( #763, #2052, #5012 ) ) REPRESENTATION_CONTEXT ( 'NONE', 'WORKASPACE' ) );
#2060 = LINE ( 'NONE', #1619, #2128 ) ;
#2061 = MECHANICAL_DESIGN_GEOMETRIC_PRESENTATION_REPRESENTATION (  '', ( #1036 ), #5090 ) ;
#2062 = DIRECTION ( 'NONE',  ( 1.000000000000000000, -0.000000000000000000, 0.000000000000000000 ) ) ;
#2063 = LINE ( 'NONE', #3328, #4534 ) ;
#2064 = AXIS2_PLACEMENT_3D ( 'NONE', #4148, #5020, #1327 ) ;
#2065 = PRESENTATION_STYLE_ASSIGNMENT (( #737 ) ) ;
#2066 = ORIENTED_EDGE ( 'NONE', *, *, #297, .T. ) ;
#2067 =( NAMED_UNIT ( * ) PLANE_ANGLE_UNIT ( ) SI_UNIT ( $, .RADIAN. ) );
#2068 = PRESENTATION_STYLE_ASSIGNMENT (( #5280 ) ) ;
#2069 = SURFACE_STYLE_USAGE ( .BOTH. , #891 ) ;
#2070 = UNCERTAINTY_MEASURE_WITH_UNIT (LENGTH_MEASURE( 1.000000000000000082E-05 ), #2922, 'distance_accuracy_value', 'NONE');
#2071 = FILL_AREA_STYLE ('',( #2840 ) ) ;
#2072 = VERTEX_POINT ( 'NONE', #454 ) ;
#2073 = CARTESIAN_POINT ( 'NONE',  ( 0.8000000000000001554, -0.5950000000000001954, 0.03000000000000007869 ) ) ;
#2074 = CARTESIAN_POINT ( 'NONE',  ( -0.7999999999999999334, -0.3250000000000000666, 1.040000000000000036 ) ) ;
#2075 = ORIENTED_EDGE ( 'NONE', *, *, #289, .T. ) ;
#2076 = SURFACE_STYLE_FILL_AREA ( #438 ) ;
#2077 = CARTESIAN_POINT ( 'NONE',  ( 1.174552353525963794E-16, -0.3249999999999998446, 1.040000000000000036 ) ) ;
#2078 = CARTESIAN_POINT ( 'NONE',  ( 0.000000000000000000, 0.000000000000000000, 1.030000000000000027 ) ) ;
#2079 = FILL_AREA_STYLE ('',( #2887 ) ) ;
#2080 = ADVANCED_FACE ( 'NONE', ( #1669 ), #2814, .T. ) ;
#2081 = ADVANCED_FACE ( 'NONE', ( #2423 ), #4421, .T. ) ;
#2082 = ORIENTED_EDGE ( 'NONE', *, *, #300, .T. ) ;
#2083 = DIRECTION ( 'NONE',  ( 0.000000000000000000, 0.000000000000000000, -1.000000000000000000 ) ) ;
#2084 = LINE ( 'NONE', #3929, #1359 ) ;
#2085 =( NAMED_UNIT ( * ) PLANE_ANGLE_UNIT ( ) SI_UNIT ( $, .RADIAN. ) );
#2086 =( NAMED_UNIT ( * ) PLANE_ANGLE_UNIT ( ) SI_UNIT ( $, .RADIAN. ) );
#2087 = EDGE_LOOP ( 'NONE', ( #3159, #2948, #5000, #1075, #712, #742 ) ) ;
#2088 = FILL_AREA_STYLE ('',( #494 ) ) ;
#2089 = DIRECTION ( 'NONE',  ( 0.000000000000000000, -1.000000000000000000, 0.000000000000000000 ) ) ;
#2090 = VERTEX_POINT ( 'NONE', #118 ) ;
#2091 = DIRECTION ( 'NONE',  ( 0.000000000000000000, 1.000000000000000000, 0.000000000000000000 ) ) ;
#2092 =( LENGTH_UNIT ( ) NAMED_UNIT ( * ) SI_UNIT ( .MILLI., .METRE. ) );
#2093 = CARTESIAN_POINT ( 'NONE',  ( 1.300000000000000044, 0.000000000000000000, 1.040000000000000036 ) ) ;
#2094 = VERTEX_POINT ( 'NONE', #2950 ) ;
#2095 = CARTESIAN_POINT ( 'NONE',  ( -0.5000000000000002220, 0.3250000000000000111, -0.4242640687119291210 ) ) ;
#2096 = CARTESIAN_POINT ( 'NONE',  ( 0.1500000000000000777, 0.6250000000000001110, -0.4242640687119291210 ) ) ;
#2097 = DIRECTION ( 'NONE',  ( 0.000000000000000000, -0.000000000000000000, 1.000000000000000000 ) ) ;
#2098 = ORIENTED_EDGE ( 'NONE', *, *, #3942, .F. ) ;
#2099 = DIRECTION ( 'NONE',  ( -3.614007241618347785E-16, -1.000000000000000000, 0.000000000000000000 ) ) ;
#2100 = AXIS2_PLACEMENT_3D ( 'NONE', #1564, #1217, #1539 ) ;
#2101 = LINE ( 'NONE', #4975, #933 ) ;
#2102 = FILL_AREA_STYLE ('',( #3671 ) ) ;
#2103 = ORIENTED_EDGE ( 'NONE', *, *, #3097, .F. ) ;
#2104 = CIRCLE ( 'NONE', #4250, 0.02999999999999997113 ) ;
#2105 = CARTESIAN_POINT ( 'NONE',  ( -0.5000000000000002220, 0.3250000000000000111, 1.040000000000000036 ) ) ;
#2106 = EDGE_CURVE ( 'NONE', #3970, #665, #1277, .T. ) ;
#2107 = EDGE_CURVE ( 'NONE', #4709, #47, #3356, .T. ) ;
#2108 = DIRECTION ( 'NONE',  ( 1.000000000000000000, -1.084202172485503842E-15, -0.000000000000000000 ) ) ;
#2109 = SURFACE_STYLE_USAGE ( .BOTH. , #1268 ) ;
#2110 = DIRECTION ( 'NONE',  ( 1.000000000000000000, 1.445602896647339114E-15, 0.000000000000000000 ) ) ;
#2111 = VERTEX_POINT ( 'NONE', #83 ) ;
#2112 =( LENGTH_UNIT ( ) NAMED_UNIT ( * ) SI_UNIT ( .MILLI., .METRE. ) );
#2113 = SURFACE_STYLE_FILL_AREA ( #137 ) ;
#2114 = UNCERTAINTY_MEASURE_WITH_UNIT (LENGTH_MEASURE( 1.000000000000000082E-05 ), #5132, 'distance_accuracy_value', 'NONE');
#2115 = ADVANCED_FACE ( 'NONE', ( #1330 ), #4206, .T. ) ;
#2116 = UNCERTAINTY_MEASURE_WITH_UNIT (LENGTH_MEASURE( 1.000000000000000082E-05 ), #4138, 'distance_accuracy_value', 'NONE');
#2117 = ORIENTED_EDGE ( 'NONE', *, *, #2580, .F. ) ;
#2118 = SURFACE_SIDE_STYLE ('',( #479 ) ) ;
#2119 = ORIENTED_EDGE ( 'NONE', *, *, #1501, .T. ) ;
#2120 = SURFACE_STYLE_FILL_AREA ( #4583 ) ;
#2121 =( NAMED_UNIT ( * ) PLANE_ANGLE_UNIT ( ) SI_UNIT ( $, .RADIAN. ) );
#2122 = PRESENTATION_STYLE_ASSIGNMENT (( #957 ) ) ;
#2123 = ORIENTED_EDGE ( 'NONE', *, *, #2586, .T. ) ;
#2124 = VECTOR ( 'NONE', #138, 1000.000000000000000 ) ;
#2125 =( LENGTH_UNIT ( ) NAMED_UNIT ( * ) SI_UNIT ( .MILLI., .METRE. ) );
#2126 = PRESENTATION_STYLE_ASSIGNMENT (( #4590 ) ) ;
#2127 = LINE ( 'NONE', #1316, #4636 ) ;
#2128 = VECTOR ( 'NONE', #3241, 1000.000000000000000 ) ;
#2129 = COLOUR_RGB ( '',0.9607843137254902244, 0.9607843137254902244, 0.9607843137254902244 ) ;
#2130 = LINE ( 'NONE', #3670, #507 ) ;
#2131 = PLANE ( 'NONE',  #597 ) ;
#2132 =( GEOMETRIC_REPRESENTATION_CONTEXT ( 3 ) GLOBAL_UNCERTAINTY_ASSIGNED_CONTEXT ( ( #3901 ) ) GLOBAL_UNIT_ASSIGNED_CONTEXT ( ( #1452, #3076, #1418 ) ) REPRESENTATION_CONTEXT ( 'NONE', 'WORKASPACE' ) );
#2133 = CIRCLE ( 'NONE', #1175, 0.02999999999999997113 ) ;
#2134 =( NAMED_UNIT ( * ) PLANE_ANGLE_UNIT ( ) SI_UNIT ( $, .RADIAN. ) );
#2135 = CARTESIAN_POINT ( 'NONE',  ( 0.000000000000000000, 0.5949999999999999734, 1.040000000000000036 ) ) ;
#2136 = AXIS2_PLACEMENT_3D ( 'NONE', #4151, #2488, #2450 ) ;
#2137 = FILL_AREA_STYLE_COLOUR ( '', #1853 ) ;
#2138 = VECTOR ( 'NONE', #781, 1000.000000000000000 ) ;
#2139 =( GEOMETRIC_REPRESENTATION_CONTEXT ( 3 ) GLOBAL_UNCERTAINTY_ASSIGNED_CONTEXT ( ( #356 ) ) GLOBAL_UNIT_ASSIGNED_CONTEXT ( ( #2819, #3217, #8 ) ) REPRESENTATION_CONTEXT ( 'NONE', 'WORKASPACE' ) );
#2140 = UNCERTAINTY_MEASURE_WITH_UNIT (LENGTH_MEASURE( 1.000000000000000082E-05 ), #488, 'distance_accuracy_value', 'NONE');
#2141 = VERTEX_POINT ( 'NONE', #4173 ) ;
#2142 = COLOUR_RGB ( '',0.8431372549019607865, 0.8431372549019607865, 0.8431372549019607865 ) ;
#2143 = CARTESIAN_POINT ( 'NONE',  ( -0.7999999999999997113, -1.156482317317870936E-15, 0.000000000000000000 ) ) ;
#2144 = ORIENTED_EDGE ( 'NONE', *, *, #4430, .F. ) ;
#2145 = ADVANCED_FACE ( 'NONE', ( #503 ), #1354, .T. ) ;
#2146 = DIRECTION ( 'NONE',  ( -0.000000000000000000, -0.000000000000000000, 1.000000000000000000 ) ) ;
#2147 = COLOUR_RGB ( '',0.8431372549019607865, 0.8431372549019607865, 0.8431372549019607865 ) ;
#2148 = STYLED_ITEM ( 'NONE', ( #4042 ), #2080 ) ;
#2149 = SURFACE_STYLE_FILL_AREA ( #3788 ) ;
#2150 = PLANE ( 'NONE',  #3496 ) ;
#2151 = COLOUR_RGB ( '',0.9607843137254902244, 0.9607843137254902244, 0.9607843137254902244 ) ;
#2152 = SURFACE_SIDE_STYLE ('',( #3088 ) ) ;
#2153 = ORIENTED_EDGE ( 'NONE', *, *, #599, .T. ) ;
#2154 =( NAMED_UNIT ( * ) PLANE_ANGLE_UNIT ( ) SI_UNIT ( $, .RADIAN. ) );
#2155 = EDGE_LOOP ( 'NONE', ( #738, #5052, #4972, #3459 ) ) ;
#2156 = ADVANCED_FACE ( 'NONE', ( #4503 ), #2766, .F. ) ;
#2157 =( GEOMETRIC_REPRESENTATION_CONTEXT ( 3 ) GLOBAL_UNCERTAINTY_ASSIGNED_CONTEXT ( ( #725 ) ) GLOBAL_UNIT_ASSIGNED_CONTEXT ( ( #4585, #3795, #145 ) ) REPRESENTATION_CONTEXT ( 'NONE', 'WORKASPACE' ) );
#2158 = EDGE_CURVE ( 'NONE', #3024, #3280, #2804, .T. ) ;
#2159 = FILL_AREA_STYLE_COLOUR ( '', #3653 ) ;
#2160 = SURFACE_STYLE_USAGE ( .BOTH. , #1310 ) ;
#2161 = AXIS2_PLACEMENT_3D ( 'NONE', #1927, #3946, #2717 ) ;
#2162 =( NAMED_UNIT ( * ) PLANE_ANGLE_UNIT ( ) SI_UNIT ( $, .RADIAN. ) );
#2163 = STYLED_ITEM ( 'NONE', ( #3107 ), #924 ) ;
#2164 = ORIENTED_EDGE ( 'NONE', *, *, #4965, .F. ) ;
#2165 = SURFACE_STYLE_FILL_AREA ( #2912 ) ;
#2166 = FILL_AREA_STYLE_COLOUR ( '', #2610 ) ;
#2167 = FACE_OUTER_BOUND ( 'NONE', #5179, .T. ) ;
#2168 = VECTOR ( 'NONE', #2269, 1000.000000000000000 ) ;
#2169 = FILL_AREA_STYLE ('',( #133 ) ) ;
#2170 = CARTESIAN_POINT ( 'NONE',  ( -0.4999999999999998890, 0.6250000000000001110, 0.02999999999999997113 ) ) ;
#2171 = EDGE_CURVE ( 'NONE', #2532, #2733, #4141, .T. ) ;
#2172 = VERTEX_POINT ( 'NONE', #1613 ) ;
#2173 =( NAMED_UNIT ( * ) PLANE_ANGLE_UNIT ( ) SI_UNIT ( $, .RADIAN. ) );
#2174 = UNCERTAINTY_MEASURE_WITH_UNIT (LENGTH_MEASURE( 1.000000000000000082E-05 ), #2911, 'distance_accuracy_value', 'NONE');
#2175 = ORIENTED_EDGE ( 'NONE', *, *, #5213, .T. ) ;
#2176 = CARTESIAN_POINT ( 'NONE',  ( -0.1500000000000001887, 0.3250000000000000111, 0.000000000000000000 ) ) ;
#2177 = EDGE_LOOP ( 'NONE', ( #3838, #4564, #460, #4594, #1538, #3815 ) ) ;
#2178 = DIRECTION ( 'NONE',  ( 0.000000000000000000, 1.000000000000000000, 0.000000000000000000 ) ) ;
#2179 = DIRECTION ( 'NONE',  ( -1.000000000000000000, 0.000000000000000000, -0.000000000000000000 ) ) ;
#2180 = EDGE_CURVE ( 'NONE', #1989, #908, #1688, .T. ) ;
#2181 =( NAMED_UNIT ( * ) SI_UNIT ( $, .STERADIAN. ) SOLID_ANGLE_UNIT ( ) );
#2182 = EDGE_CURVE ( 'NONE', #1153, #2738, #2438, .T. ) ;
#2183 = ORIENTED_EDGE ( 'NONE', *, *, #4113, .F. ) ;
#2184 = SURFACE_SIDE_STYLE ('',( #590 ) ) ;
#2185 = FACE_OUTER_BOUND ( 'NONE', #1227, .T. ) ;
#2186 = DIRECTION ( 'NONE',  ( -1.000000000000000000, 0.000000000000000000, 0.000000000000000000 ) ) ;
#2187 = ADVANCED_FACE ( 'NONE', ( #408 ), #465, .F. ) ;
#2188 = CARTESIAN_POINT ( 'NONE',  ( -0.7999999999999999334, -0.3250000000000000666, 0.000000000000000000 ) ) ;
#2189 = CARTESIAN_POINT ( 'NONE',  ( -0.1499999999999997446, -1.156482317317870936E-15, 1.040000000000000036 ) ) ;
#2190 =( LENGTH_UNIT ( ) NAMED_UNIT ( * ) SI_UNIT ( .MILLI., .METRE. ) );
#2191 = DIRECTION ( 'NONE',  ( -1.000000000000000000, -3.614007241618339896E-16, 0.000000000000000000 ) ) ;
#2192 = CARTESIAN_POINT ( 'NONE',  ( 0.8000000000000000444, 0.6250000000000001110, 0.03000000000000007869 ) ) ;
#2193 = SURFACE_STYLE_FILL_AREA ( #549 ) ;
#2194 = LINE ( 'NONE', #987, #3561 ) ;
#2195 = STYLED_ITEM ( 'NONE', ( #4766 ), #1412 ) ;
#2196 = EDGE_LOOP ( 'NONE', ( #1140, #2988, #542, #1997 ) ) ;
#2197 =( NAMED_UNIT ( * ) SI_UNIT ( $, .STERADIAN. ) SOLID_ANGLE_UNIT ( ) );
#2198 = PRESENTATION_STYLE_ASSIGNMENT (( #553 ) ) ;
#2199 = SURFACE_STYLE_FILL_AREA ( #2578 ) ;
#2200 = LINE ( 'NONE', #2270, #2797 ) ;
#2201 = EDGE_LOOP ( 'NONE', ( #1641, #5214, #5336, #1624 ) ) ;
#2202 = DIRECTION ( 'NONE',  ( -0.000000000000000000, -0.000000000000000000, 1.000000000000000000 ) ) ;
#2203 = CARTESIAN_POINT ( 'NONE',  ( -0.1500000000000006051, 0.6250000000000000000, -0.4242640687119291210 ) ) ;
#2204 = CARTESIAN_POINT ( 'NONE',  ( -0.9700000000000000844, -0.5950000000000001954, 1.010000000000000009 ) ) ;
#2205 = ORIENTED_EDGE ( 'NONE', *, *, #4764, .T. ) ;
#2206 = DIRECTION ( 'NONE',  ( 0.000000000000000000, 0.000000000000000000, 1.000000000000000000 ) ) ;
#2207 = EDGE_CURVE ( 'NONE', #2775, #3330, #4593, .T. ) ;
#2208 = CARTESIAN_POINT ( 'NONE',  ( -1.000000000000000000, 0.6249999999999998890, 1.010000000000000009 ) ) ;
#2209 = SURFACE_STYLE_USAGE ( .BOTH. , #2570 ) ;
#2210 = DIRECTION ( 'NONE',  ( 1.000000000000000000, 0.000000000000000000, 0.000000000000000000 ) ) ;
#2211 = COLOUR_RGB ( '',0.8431372549019607865, 0.8431372549019607865, 0.8431372549019607865 ) ;
#2212 = ADVANCED_FACE ( 'NONE', ( #1743 ), #2131, .F. ) ;
#2213 = SURFACE_SIDE_STYLE ('',( #134 ) ) ;
#2214 =( NAMED_UNIT ( * ) PLANE_ANGLE_UNIT ( ) SI_UNIT ( $, .RADIAN. ) );
#2215 = DIRECTION ( 'NONE',  ( -1.000000000000000000, 0.000000000000000000, -0.000000000000000000 ) ) ;
#2216 = VERTEX_POINT ( 'NONE', #929 ) ;
#2217 =( LENGTH_UNIT ( ) NAMED_UNIT ( * ) SI_UNIT ( .MILLI., .METRE. ) );
#2218 = PRESENTATION_LAYER_ASSIGNMENT (  '', '', ( #4537 ) ) ;
#2219 = CIRCLE ( 'NONE', #3478, 0.02999999999999997113 ) ;
#2220 = STYLED_ITEM ( 'NONE', ( #559 ), #4829 ) ;
#2221 = VERTEX_POINT ( 'NONE', #965 ) ;
#2222 = LINE ( 'NONE', #213, #1462 ) ;
#2223 = VECTOR ( 'NONE', #5004, 1000.000000000000000 ) ;
#2224 = PRESENTATION_STYLE_ASSIGNMENT (( #283 ) ) ;
#2225 = ORIENTED_EDGE ( 'NONE', *, *, #564, .F. ) ;
#2226 = SURFACE_STYLE_FILL_AREA ( #582 ) ;
#2227 =( NAMED_UNIT ( * ) SI_UNIT ( $, .STERADIAN. ) SOLID_ANGLE_UNIT ( ) );
#2228 = MECHANICAL_DESIGN_GEOMETRIC_PRESENTATION_REPRESENTATION (  '', ( #862 ), #4017 ) ;
#2229 = SURFACE_STYLE_FILL_AREA ( #165 ) ;
#2230 =( GEOMETRIC_REPRESENTATION_CONTEXT ( 3 ) GLOBAL_UNCERTAINTY_ASSIGNED_CONTEXT ( ( #4409 ) ) GLOBAL_UNIT_ASSIGNED_CONTEXT ( ( #4637, #992, #3884 ) ) REPRESENTATION_CONTEXT ( 'NONE', 'WORKASPACE' ) );
#2231 = VECTOR ( 'NONE', #3205, 1000.000000000000000 ) ;
#2232 = COLOUR_RGB ( '',0.9607843137254902244, 0.9607843137254902244, 0.9607843137254902244 ) ;
#2233 = DIRECTION ( 'NONE',  ( 1.084202172485503842E-15, 1.000000000000000000, 0.000000000000000000 ) ) ;
#2234 = ORIENTED_EDGE ( 'NONE', *, *, #1086, .T. ) ;
#2235 = COLOUR_RGB ( '',0.9607843137254902244, 0.9607843137254902244, 0.9607843137254902244 ) ;
#2236 = AXIS2_PLACEMENT_3D ( 'NONE', #54, #3442, #2089 ) ;
#2237 = CARTESIAN_POINT ( 'NONE',  ( -0.1500000000000003830, 0.5949999999999999734, 0.000000000000000000 ) ) ;
#2238 = SURFACE_SIDE_STYLE ('',( #598 ) ) ;
#2239 = VECTOR ( 'NONE', #285, 1000.000000000000000 ) ;
#2240 = LINE ( 'NONE', #1272, #4665 ) ;
#2241 =( NAMED_UNIT ( * ) PLANE_ANGLE_UNIT ( ) SI_UNIT ( $, .RADIAN. ) );
#2242 = DIRECTION ( 'NONE',  ( 0.000000000000000000, 0.000000000000000000, -1.000000000000000000 ) ) ;
#2243 = FILL_AREA_STYLE_COLOUR ( '', #2612 ) ;
#2244 = ADVANCED_FACE ( 'NONE', ( #2167 ), #2941, .T. ) ;
#2245 = CARTESIAN_POINT ( 'NONE',  ( -0.8000000000000005995, 0.5949999999999999734, 1.040000000000000036 ) ) ;
#2246 = CARTESIAN_POINT ( 'NONE',  ( -0.7999999999999999334, -0.6250000000000000000, -0.4242640687119291210 ) ) ;
#2247 = EDGE_LOOP ( 'NONE', ( #4746, #1557, #261, #1911 ) ) ;
#2248 = LINE ( 'NONE', #609, #4639 ) ;
#2249 = FACE_OUTER_BOUND ( 'NONE', #3624, .T. ) ;
#2250 = PRESENTATION_STYLE_ASSIGNMENT (( #1401 ) ) ;
#2251 = ORIENTED_EDGE ( 'NONE', *, *, #5093, .T. ) ;
#2252 = ORIENTED_EDGE ( 'NONE', *, *, #3497, .F. ) ;
#2253 = FILL_AREA_STYLE ('',( #1084 ) ) ;
#2254 = CARTESIAN_POINT ( 'NONE',  ( -0.8000000000000005995, 0.6250000000000000000, -0.4242640687119291210 ) ) ;
#2255 = SURFACE_STYLE_FILL_AREA ( #4297 ) ;
#2256 = ORIENTED_EDGE ( 'NONE', *, *, #80, .T. ) ;
#2257 = CARTESIAN_POINT ( 'NONE',  ( 0.1500000000000000777, 0.5950000000000001954, 0.02999999999999997113 ) ) ;
#2258 = CARTESIAN_POINT ( 'NONE',  ( 0.7999999999999993783, 5.421010862427525128E-16, -0.4242640687119291210 ) ) ;
#2259 = DIRECTION ( 'NONE',  ( -1.807003620809173153E-16, 1.000000000000000000, 0.000000000000000000 ) ) ;
#2260 = CARTESIAN_POINT ( 'NONE',  ( -0.5000000000000002220, 0.3250000000000000111, 0.000000000000000000 ) ) ;
#2261 = FILL_AREA_STYLE_COLOUR ( '', #2293 ) ;
#2262 = FILL_AREA_STYLE ('',( #3468 ) ) ;
#2263 = DIRECTION ( 'NONE',  ( -0.000000000000000000, -0.000000000000000000, 1.000000000000000000 ) ) ;
#2264 = DIRECTION ( 'NONE',  ( 1.000000000000000000, -0.000000000000000000, 0.000000000000000000 ) ) ;
#2265 = LINE ( 'NONE', #3446, #851 ) ;
#2266 = EDGE_LOOP ( 'NONE', ( #3759, #5227, #257, #5249 ) ) ;
#2267 = ADVANCED_FACE ( 'NONE', ( #4687 ), #2969, .T. ) ;
#2268 = PLANE ( 'NONE',  #4740 ) ;
#2269 = DIRECTION ( 'NONE',  ( 0.000000000000000000, -1.000000000000000000, 0.000000000000000000 ) ) ;
#2270 = CARTESIAN_POINT ( 'NONE',  ( -1.000000000000000000, -0.5950000000000001954, 1.040000000000000036 ) ) ;
#2271 = ORIENTED_EDGE ( 'NONE', *, *, #3141, .T. ) ;
#2272 = DIRECTION ( 'NONE',  ( -1.000000000000000000, -0.000000000000000000, -0.000000000000000000 ) ) ;
#2273 = CYLINDRICAL_SURFACE ( 'NONE', #4656, 0.02999999999999997113 ) ;
#2274 = CYLINDRICAL_SURFACE ( 'NONE', #3049, 0.02999999999999999889 ) ;
#2275 =( NAMED_UNIT ( * ) PLANE_ANGLE_UNIT ( ) SI_UNIT ( $, .RADIAN. ) );
#2276 = LINE ( 'NONE', #587, #1180 ) ;
#2277 = ORIENTED_EDGE ( 'NONE', *, *, #2672, .F. ) ;
#2278 = CARTESIAN_POINT ( 'NONE',  ( 0.8000000000000000444, 0.6250000000000001110, -0.4242640687119291210 ) ) ;
#2279 = SURFACE_STYLE_USAGE ( .BOTH. , #3067 ) ;
#2280 = DIRECTION ( 'NONE',  ( 0.000000000000000000, 0.000000000000000000, 1.000000000000000000 ) ) ;
#2281 = DIRECTION ( 'NONE',  ( -1.000000000000000000, 0.000000000000000000, 0.000000000000000000 ) ) ;
#2282 = FILL_AREA_STYLE ('',( #275 ) ) ;
#2283 = ORIENTED_EDGE ( 'NONE', *, *, #3890, .F. ) ;
#2284 =( NAMED_UNIT ( * ) PLANE_ANGLE_UNIT ( ) SI_UNIT ( $, .RADIAN. ) );
#2285 = PRESENTATION_LAYER_ASSIGNMENT (  '', '', ( #943 ) ) ;
#2286 = CARTESIAN_POINT ( 'NONE',  ( 0.1500000000000000777, -0.5950000000000001954, 1.040000000000000036 ) ) ;
#2287 = CARTESIAN_POINT ( 'NONE',  ( -0.7999999999999999334, -0.3250000000000000666, 1.040000000000000036 ) ) ;
#2288 =( GEOMETRIC_REPRESENTATION_CONTEXT ( 3 ) GLOBAL_UNCERTAINTY_ASSIGNED_CONTEXT ( ( #2530 ) ) GLOBAL_UNIT_ASSIGNED_CONTEXT ( ( #4199, #1769, #2945 ) ) REPRESENTATION_CONTEXT ( 'NONE', 'WORKASPACE' ) );
#2289 = STYLED_ITEM ( 'NONE', ( #2525 ), #3630 ) ;
#2290 = CARTESIAN_POINT ( 'NONE',  ( -0.7999999999999999334, -0.3250000000000000666, 0.000000000000000000 ) ) ;
#2291 = VERTEX_POINT ( 'NONE', #317 ) ;
#2292 =( GEOMETRIC_REPRESENTATION_CONTEXT ( 3 ) GLOBAL_UNCERTAINTY_ASSIGNED_CONTEXT ( ( #1881 ) ) GLOBAL_UNIT_ASSIGNED_CONTEXT ( ( #237, #3009, #4779 ) ) REPRESENTATION_CONTEXT ( 'NONE', 'WORKASPACE' ) );
#2293 = COLOUR_RGB ( '',0.9607843137254902244, 0.9607843137254902244, 0.9607843137254902244 ) ;
#2294 = CARTESIAN_POINT ( 'NONE',  ( 0.5000000000000000000, -0.3250000000000000666, -0.4242640687119291210 ) ) ;
#2295 = SURFACE_SIDE_STYLE ('',( #1408 ) ) ;
#2296 = AXIS2_PLACEMENT_3D ( 'NONE', #4304, #4226, #622 ) ;
#2297 = COLOUR_RGB ( '',0.8431372549019607865, 0.8431372549019607865, 0.8431372549019607865 ) ;
#2298 = ORIENTED_EDGE ( 'NONE', *, *, #2348, .T. ) ;
#2299 =( GEOMETRIC_REPRESENTATION_CONTEXT ( 3 ) GLOBAL_UNCERTAINTY_ASSIGNED_CONTEXT ( ( #1731 ) ) GLOBAL_UNIT_ASSIGNED_CONTEXT ( ( #926, #3718, #562 ) ) REPRESENTATION_CONTEXT ( 'NONE', 'WORKASPACE' ) );
#2300 = PRESENTATION_LAYER_ASSIGNMENT (  '', '', ( #594 ) ) ;
#2301 = ADVANCED_FACE ( 'NONE', ( #2716 ), #2309, .T. ) ;
#2302 = SURFACE_STYLE_FILL_AREA ( #4347 ) ;
#2303 = FACE_OUTER_BOUND ( 'NONE', #2432, .T. ) ;
#2304 = AXIS2_PLACEMENT_3D ( 'NONE', #2093, #3301, #58 ) ;
#2305 = STYLED_ITEM ( 'NONE', ( #613 ), #2730 ) ;
#2306 = VECTOR ( 'NONE', #5254, 1000.000000000000000 ) ;
#2307 = UNCERTAINTY_MEASURE_WITH_UNIT (LENGTH_MEASURE( 1.000000000000000082E-05 ), #99, 'distance_accuracy_value', 'NONE');
#2308 = FILL_AREA_STYLE ('',( #3117 ) ) ;
#2309 = PLANE ( 'NONE',  #589 ) ;
#2310 =( NAMED_UNIT ( * ) SI_UNIT ( $, .STERADIAN. ) SOLID_ANGLE_UNIT ( ) );
#2311 = MECHANICAL_DESIGN_GEOMETRIC_PRESENTATION_REPRESENTATION (  '', ( #4667 ), #1372 ) ;
#2312 = DIRECTION ( 'NONE',  ( 0.000000000000000000, 0.000000000000000000, 1.000000000000000000 ) ) ;
#2313 =( GEOMETRIC_REPRESENTATION_CONTEXT ( 3 ) GLOBAL_UNCERTAINTY_ASSIGNED_CONTEXT ( ( #3186 ) ) GLOBAL_UNIT_ASSIGNED_CONTEXT ( ( #5253, #2697, #1834 ) ) REPRESENTATION_CONTEXT ( 'NONE', 'WORKASPACE' ) );
#2314 = VECTOR ( 'NONE', #4161, 1000.000000000000000 ) ;
#2315 = ORIENTED_EDGE ( 'NONE', *, *, #669, .T. ) ;
#2316 = EDGE_CURVE ( 'NONE', #3309, #1593, #1906, .T. ) ;
#2317 = EDGE_LOOP ( 'NONE', ( #373, #4214, #4480, #2271 ) ) ;
#2318 = DIRECTION ( 'NONE',  ( 0.000000000000000000, -0.000000000000000000, -1.000000000000000000 ) ) ;
#2319 = FILL_AREA_STYLE ('',( #214 ) ) ;
#2320 = EDGE_LOOP ( 'NONE', ( #3214, #1068, #833, #2946 ) ) ;
#2321 = LINE ( 'NONE', #3889, #1292 ) ;
#2322 = FACE_OUTER_BOUND ( 'NONE', #87, .T. ) ;
#2323 = SURFACE_STYLE_FILL_AREA ( #3572 ) ;
#2324 = ORIENTED_EDGE ( 'NONE', *, *, #4836, .F. ) ;
#2325 = CARTESIAN_POINT ( 'NONE',  ( 1.000000000000000000, -0.5950000000000001954, 0.03000000000000007869 ) ) ;
#2326 = CARTESIAN_POINT ( 'NONE',  ( 0.000000000000000000, 0.000000000000000000, 1.040000000000000036 ) ) ;
#2327 = PRESENTATION_STYLE_ASSIGNMENT (( #2735 ) ) ;
#2328 = EDGE_CURVE ( 'NONE', #1728, #5294, #2133, .T. ) ;
#2329 = SURFACE_STYLE_FILL_AREA ( #2665 ) ;
#2330 = DIRECTION ( 'NONE',  ( -1.084202172485503842E-15, 1.000000000000000000, 0.000000000000000000 ) ) ;
#2331 = PRESENTATION_STYLE_ASSIGNMENT (( #4862 ) ) ;
#2332 = EDGE_CURVE ( 'NONE', #1593, #3224, #3823, .T. ) ;
#2333 = ORIENTED_EDGE ( 'NONE', *, *, #4512, .T. ) ;
#2334 = DIRECTION ( 'NONE',  ( 0.000000000000000000, 1.000000000000000000, 0.000000000000000000 ) ) ;
#2335 = EDGE_LOOP ( 'NONE', ( #3573, #1500, #1490, #3736 ) ) ;
#2336 = DIRECTION ( 'NONE',  ( -1.000000000000000000, 3.614007241618347785E-16, -0.000000000000000000 ) ) ;
#2337 = FILL_AREA_STYLE_COLOUR ( '', #4376 ) ;
#2338 = ORIENTED_EDGE ( 'NONE', *, *, #2762, .F. ) ;
#2339 = PLANE ( 'NONE',  #878 ) ;
#2340 = CARTESIAN_POINT ( 'NONE',  ( -0.9700000000000000844, 0.6249999999999998890, 0.03000000000000007869 ) ) ;
#2341 = VERTEX_POINT ( 'NONE', #3873 ) ;
#2342 = PRESENTATION_STYLE_ASSIGNMENT (( #1573 ) ) ;
#2343 = DIRECTION ( 'NONE',  ( 0.000000000000000000, 0.000000000000000000, 1.000000000000000000 ) ) ;
#2344 = ORIENTED_EDGE ( 'NONE', *, *, #5258, .F. ) ;
#2345 = UNCERTAINTY_MEASURE_WITH_UNIT (LENGTH_MEASURE( 1.000000000000000082E-05 ), #3861, 'distance_accuracy_value', 'NONE');
#2346 = CARTESIAN_POINT ( 'NONE',  ( -0.4999999999999998890, 0.5949999999999999734, 1.040000000000000036 ) ) ;
#2347 = ADVANCED_FACE ( 'NONE', ( #1035 ), #4305, .F. ) ;
#2348 = EDGE_CURVE ( 'NONE', #2053, #3707, #4075, .T. ) ;
#2349 = FILL_AREA_STYLE ('',( #3160 ) ) ;
#2350 =( NAMED_UNIT ( * ) PLANE_ANGLE_UNIT ( ) SI_UNIT ( $, .RADIAN. ) );
#2351 = EDGE_CURVE ( 'NONE', #2677, #1379, #2434, .T. ) ;
#2352 = EDGE_LOOP ( 'NONE', ( #1269, #3168, #1840, #1665 ) ) ;
#2353 = FILL_AREA_STYLE_COLOUR ( '', #4182 ) ;
#2354 = VERTEX_POINT ( 'NONE', #2794 ) ;
#2355 =( GEOMETRIC_REPRESENTATION_CONTEXT ( 3 ) GLOBAL_UNCERTAINTY_ASSIGNED_CONTEXT ( ( #911 ) ) GLOBAL_UNIT_ASSIGNED_CONTEXT ( ( #3964, #4029, #1636 ) ) REPRESENTATION_CONTEXT ( 'NONE', 'WORKASPACE' ) );
#2356 = ORIENTED_EDGE ( 'NONE', *, *, #5322, .F. ) ;
#2357 = AXIS2_PLACEMENT_3D ( 'NONE', #4821, #1115, #4391 ) ;
#2358 = FILL_AREA_STYLE ('',( #740 ) ) ;
#2359 = SURFACE_STYLE_USAGE ( .BOTH. , #4456 ) ;
#2360 = VERTEX_POINT ( 'NONE', #3227 ) ;
#2361 =( GEOMETRIC_REPRESENTATION_CONTEXT ( 3 ) GLOBAL_UNCERTAINTY_ASSIGNED_CONTEXT ( ( #5290 ) ) GLOBAL_UNIT_ASSIGNED_CONTEXT ( ( #3339, #2162, #2181 ) ) REPRESENTATION_CONTEXT ( 'NONE', 'WORKASPACE' ) );
#2362 = VECTOR ( 'NONE', #796, 1000.000000000000000 ) ;
#2363 = DIRECTION ( 'NONE',  ( -1.000000000000000000, -3.614007241618339896E-16, 0.000000000000000000 ) ) ;
#2364 = SURFACE_STYLE_USAGE ( .BOTH. , #745 ) ;
#2365 = COLOUR_RGB ( '',0.9607843137254902244, 0.9607843137254902244, 0.9607843137254902244 ) ;
#2366 = PRESENTATION_LAYER_ASSIGNMENT (  '', '', ( #1694 ) ) ;
#2367 = DIRECTION ( 'NONE',  ( 1.445602896647339114E-15, -1.000000000000000000, 0.000000000000000000 ) ) ;
#2368 =( GEOMETRIC_REPRESENTATION_CONTEXT ( 3 ) GLOBAL_UNCERTAINTY_ASSIGNED_CONTEXT ( ( #4712 ) ) GLOBAL_UNIT_ASSIGNED_CONTEXT ( ( #295, #3158, #4108 ) ) REPRESENTATION_CONTEXT ( 'NONE', 'WORKASPACE' ) );
#2369 = STYLED_ITEM ( 'NONE', ( #1875 ), #1710 ) ;
#2370 = FILL_AREA_STYLE ('',( #4741 ) ) ;
#2371 = ORIENTED_EDGE ( 'NONE', *, *, #2943, .T. ) ;
#2372 = DIRECTION ( 'NONE',  ( 1.000000000000000000, -4.517509052022935347E-17, 0.000000000000000000 ) ) ;
#2373 = VECTOR ( 'NONE', #1388, 1000.000000000000000 ) ;
#2374 = EDGE_CURVE ( 'NONE', #199, #3970, #4028, .T. ) ;
#2375 = DIRECTION ( 'NONE',  ( -1.000000000000000000, 0.000000000000000000, 0.000000000000000000 ) ) ;
#2376 = STYLED_ITEM ( 'NONE', ( #2342 ), #2650 ) ;
#2377 = LINE ( 'NONE', #4524, #999 ) ;
#2378 = DIRECTION ( 'NONE',  ( -0.000000000000000000, 1.000000000000000000, 0.000000000000000000 ) ) ;
#2379 = PRESENTATION_LAYER_ASSIGNMENT (  '', '', ( #5248 ) ) ;
#2380 = AXIS2_PLACEMENT_3D ( 'NONE', #2599, #1916, #1485 ) ;
#2381 = PRESENTATION_LAYER_ASSIGNMENT (  '', '', ( #4667 ) ) ;
#2382 = ORIENTED_EDGE ( 'NONE', *, *, #1348, .T. ) ;
#2383 = CYLINDRICAL_SURFACE ( 'NONE', #2100, 0.03000000000000007869 ) ;
#2384 =( GEOMETRIC_REPRESENTATION_CONTEXT ( 3 ) GLOBAL_UNCERTAINTY_ASSIGNED_CONTEXT ( ( #2901 ) ) GLOBAL_UNIT_ASSIGNED_CONTEXT ( ( #2761, #1447, #4861 ) ) REPRESENTATION_CONTEXT ( 'NONE', 'WORKASPACE' ) );
#2385 = EDGE_CURVE ( 'NONE', #2796, #517, #1209, .T. ) ;
#2386 = ADVANCED_FACE ( 'NONE', ( #1560 ), #2010, .T. ) ;
#2387 = LINE ( 'NONE', #4061, #2689 ) ;
#2388 = UNCERTAINTY_MEASURE_WITH_UNIT (LENGTH_MEASURE( 1.000000000000000082E-05 ), #4488, 'distance_accuracy_value', 'NONE');
#2389 = ORIENTED_EDGE ( 'NONE', *, *, #4215, .T. ) ;
#2390 = CARTESIAN_POINT ( 'NONE',  ( -0.6000000000000001998, -0.1500000000000000777, 1.030000000000000027 ) ) ;
#2391 = PRESENTATION_STYLE_ASSIGNMENT (( #1568 ) ) ;
#2392 = ORIENTED_EDGE ( 'NONE', *, *, #1443, .T. ) ;
#2393 = FILL_AREA_STYLE ('',( #3595 ) ) ;
#2394 =( NAMED_UNIT ( * ) PLANE_ANGLE_UNIT ( ) SI_UNIT ( $, .RADIAN. ) );
#2395 = DIRECTION ( 'NONE',  ( 0.000000000000000000, -1.000000000000000000, 0.000000000000000000 ) ) ;
#2396 = ADVANCED_FACE ( 'NONE', ( #2849 ), #402, .T. ) ;
#2397 = CARTESIAN_POINT ( 'NONE',  ( 0.7999999999999999334, -0.5950000000000001954, 0.02999999999999997113 ) ) ;
#2398 = ORIENTED_EDGE ( 'NONE', *, *, #4549, .T. ) ;
#2399 = AXIS2_PLACEMENT_3D ( 'NONE', #1094, #315, #2710 ) ;
#2400 = CARTESIAN_POINT ( 'NONE',  ( -0.5000000000000002220, -0.3250000000000000111, 0.000000000000000000 ) ) ;
#2401 = LINE ( 'NONE', #4854, #3222 ) ;
#2402 = DIRECTION ( 'NONE',  ( -1.084202172485503842E-15, 1.000000000000000000, 0.000000000000000000 ) ) ;
#2403 = LINE ( 'NONE', #5288, #1715 ) ;
#2404 = VECTOR ( 'NONE', #3169, 1000.000000000000000 ) ;
#2405 = DIRECTION ( 'NONE',  ( -0.000000000000000000, -1.000000000000000000, -0.000000000000000000 ) ) ;
#2406 = ORIENTED_EDGE ( 'NONE', *, *, #4310, .F. ) ;
#2407 = UNCERTAINTY_MEASURE_WITH_UNIT (LENGTH_MEASURE( 1.000000000000000082E-05 ), #808, 'distance_accuracy_value', 'NONE');
#2408 = CARTESIAN_POINT ( 'NONE',  ( 0.4999999999999993339, 0.6250000000000000000, 1.040000000000000036 ) ) ;
#2409 = DIRECTION ( 'NONE',  ( 0.000000000000000000, 1.000000000000000000, 0.000000000000000000 ) ) ;
#2410 = ORIENTED_EDGE ( 'NONE', *, *, #1411, .T. ) ;
#2411 =( LENGTH_UNIT ( ) NAMED_UNIT ( * ) SI_UNIT ( .MILLI., .METRE. ) );
#2412 = CARTESIAN_POINT ( 'NONE',  ( 0.8000000000000000444, -0.6250000000000001110, 1.040000000000000036 ) ) ;
#2413 = DIRECTION ( 'NONE',  ( 1.000000000000000000, 3.614007241618351729E-16, 0.000000000000000000 ) ) ;
#2414 =( NAMED_UNIT ( * ) SI_UNIT ( $, .STERADIAN. ) SOLID_ANGLE_UNIT ( ) );
#2415 = ORIENTED_EDGE ( 'NONE', *, *, #669, .F. ) ;
#2416 = SURFACE_SIDE_STYLE ('',( #2832 ) ) ;
#2417 = DIRECTION ( 'NONE',  ( 0.000000000000000000, 0.000000000000000000, 1.000000000000000000 ) ) ;
#2418 = ORIENTED_EDGE ( 'NONE', *, *, #2182, .F. ) ;
#2419 =( LENGTH_UNIT ( ) NAMED_UNIT ( * ) SI_UNIT ( .MILLI., .METRE. ) );
#2420 = ORIENTED_EDGE ( 'NONE', *, *, #1125, .T. ) ;
#2421 = EDGE_CURVE ( 'NONE', #384, #1091, #4223, .T. ) ;
#2422 = EDGE_CURVE ( 'NONE', #1870, #554, #2588, .T. ) ;
#2423 = FACE_OUTER_BOUND ( 'NONE', #3334, .T. ) ;
#2424 = UNCERTAINTY_MEASURE_WITH_UNIT (LENGTH_MEASURE( 1.000000000000000082E-05 ), #3618, 'distance_accuracy_value', 'NONE');
#2425 = DIRECTION ( 'NONE',  ( 0.000000000000000000, 0.000000000000000000, 1.000000000000000000 ) ) ;
#2426 = VERTEX_POINT ( 'NONE', #4246 ) ;
#2427 = EDGE_CURVE ( 'NONE', #3084, #3707, #1393, .T. ) ;
#2428 = DIRECTION ( 'NONE',  ( -1.000000000000000000, 0.000000000000000000, 0.000000000000000000 ) ) ;
#2429 = DIRECTION ( 'NONE',  ( -1.000000000000000000, 0.000000000000000000, -0.000000000000000000 ) ) ;
#2430 = VECTOR ( 'NONE', #2336, 1000.000000000000000 ) ;
#2431 = PLANE ( 'NONE',  #5015 ) ;
#2432 = EDGE_LOOP ( 'NONE', ( #1144, #2495, #4717, #1023 ) ) ;
#2433 = LINE ( 'NONE', #4073, #1631 ) ;
#2434 = LINE ( 'NONE', #842, #4273 ) ;
#2435 = FILL_AREA_STYLE ('',( #1530 ) ) ;
#2436 = CARTESIAN_POINT ( 'NONE',  ( -0.1499999999999999667, -0.3250000000000000666, 0.000000000000000000 ) ) ;
#2437 = LINE ( 'NONE', #4077, #4361 ) ;
#2438 = LINE ( 'NONE', #3285, #180 ) ;
#2439 = EDGE_LOOP ( 'NONE', ( #3605, #3042, #5013, #1738 ) ) ;
#2440 = LINE ( 'NONE', #5299, #1488 ) ;
#2441 = AXIS2_PLACEMENT_3D ( 'NONE', #2799, #1211, #3197 ) ;
#2442 = DIRECTION ( 'NONE',  ( -0.000000000000000000, -1.000000000000000000, -0.000000000000000000 ) ) ;
#2443 = FACE_OUTER_BOUND ( 'NONE', #994, .T. ) ;
#2444 = UNCERTAINTY_MEASURE_WITH_UNIT (LENGTH_MEASURE( 1.000000000000000082E-05 ), #2217, 'distance_accuracy_value', 'NONE');
#2445 = CARTESIAN_POINT ( 'NONE',  ( -0.5000000000000002220, -0.3250000000000000111, 0.000000000000000000 ) ) ;
#2446 = EDGE_LOOP ( 'NONE', ( #483, #4467, #5314, #4236 ) ) ;
#2447 = LINE ( 'NONE', #4086, #2542 ) ;
#2448 = SURFACE_SIDE_STYLE ('',( #4090 ) ) ;
#2449 =( GEOMETRIC_REPRESENTATION_CONTEXT ( 3 ) GLOBAL_UNCERTAINTY_ASSIGNED_CONTEXT ( ( #3256 ) ) GLOBAL_UNIT_ASSIGNED_CONTEXT ( ( #2125, #925, #5124 ) ) REPRESENTATION_CONTEXT ( 'NONE', 'WORKASPACE' ) );
#2450 = DIRECTION ( 'NONE',  ( -3.614007241618351532E-15, -1.000000000000000000, 0.000000000000000000 ) ) ;
#2451 = ORIENTED_EDGE ( 'NONE', *, *, #769, .F. ) ;
#2452 = FILL_AREA_STYLE ('',( #836 ) ) ;
#2453 = PRESENTATION_LAYER_ASSIGNMENT (  '', '', ( #4805 ) ) ;
#2454 = DIRECTION ( 'NONE',  ( 0.000000000000000000, 0.000000000000000000, -1.000000000000000000 ) ) ;
#2455 = PRESENTATION_LAYER_ASSIGNMENT (  '', '', ( #663 ) ) ;
#2456 = CARTESIAN_POINT ( 'NONE',  ( -0.6000000000000001998, -0.1500000000000000777, 1.030000000000000027 ) ) ;
#2457 = PRESENTATION_LAYER_ASSIGNMENT (  '', '', ( #81 ) ) ;
#2458 = EDGE_CURVE ( 'NONE', #4881, #1128, #1370, .T. ) ;
#2459 = FILL_AREA_STYLE ('',( #482 ) ) ;
#2460 = STYLED_ITEM ( 'NONE', ( #4119 ), #4279 ) ;
#2461 = EDGE_CURVE ( 'NONE', #4025, #4408, #2936, .T. ) ;
#2462 = ORIENTED_EDGE ( 'NONE', *, *, #512, .F. ) ;
#2463 =( GEOMETRIC_REPRESENTATION_CONTEXT ( 3 ) GLOBAL_UNCERTAINTY_ASSIGNED_CONTEXT ( ( #3431 ) ) GLOBAL_UNIT_ASSIGNED_CONTEXT ( ( #3756, #149, #3441 ) ) REPRESENTATION_CONTEXT ( 'NONE', 'WORKASPACE' ) );
#2464 = LINE ( 'NONE', #2408, #355 ) ;
#2465 = MECHANICAL_DESIGN_GEOMETRIC_PRESENTATION_REPRESENTATION (  '', ( #1604 ), #2288 ) ;
#2466 = CIRCLE ( 'NONE', #4189, 0.02999999999999997113 ) ;
#2467 = COLOUR_RGB ( '',0.9607843137254902244, 0.9607843137254902244, 0.9607843137254902244 ) ;
#2468 = STYLED_ITEM ( 'NONE', ( #2739 ), #2301 ) ;
#2469 = CARTESIAN_POINT ( 'NONE',  ( 0.9700000000000000844, 0.5949999999999999734, 0.03000000000000007869 ) ) ;
#2470 =( GEOMETRIC_REPRESENTATION_CONTEXT ( 3 ) GLOBAL_UNCERTAINTY_ASSIGNED_CONTEXT ( ( #3123 ) ) GLOBAL_UNIT_ASSIGNED_CONTEXT ( ( #621, #4728, #4266 ) ) REPRESENTATION_CONTEXT ( 'NONE', 'WORKASPACE' ) );
#2471 = MECHANICAL_DESIGN_GEOMETRIC_PRESENTATION_REPRESENTATION (  '', ( #1786 ), #4363 ) ;
#2472 =( GEOMETRIC_REPRESENTATION_CONTEXT ( 3 ) GLOBAL_UNCERTAINTY_ASSIGNED_CONTEXT ( ( #3610 ) ) GLOBAL_UNIT_ASSIGNED_CONTEXT ( ( #1837, #719, #1017 ) ) REPRESENTATION_CONTEXT ( 'NONE', 'WORKASPACE' ) );
#2473 = ORIENTED_EDGE ( 'NONE', *, *, #2385, .T. ) ;
#2474 = PLANE ( 'NONE',  #3100 ) ;
#2475 = STYLED_ITEM ( 'NONE', ( #1073 ), #462 ) ;
#2476 = DIRECTION ( 'NONE',  ( -0.000000000000000000, -0.000000000000000000, 1.000000000000000000 ) ) ;
#2477 = PRESENTATION_LAYER_ASSIGNMENT (  '', '', ( #3402 ) ) ;
#2478 =( GEOMETRIC_REPRESENTATION_CONTEXT ( 3 ) GLOBAL_UNCERTAINTY_ASSIGNED_CONTEXT ( ( #991 ) ) GLOBAL_UNIT_ASSIGNED_CONTEXT ( ( #3535, #1404, #230 ) ) REPRESENTATION_CONTEXT ( 'NONE', 'WORKASPACE' ) );
#2479 = STYLED_ITEM ( 'NONE', ( #358 ), #2156 ) ;
#2480 = FILL_AREA_STYLE ('',( #855 ) ) ;
#2481 = PRESENTATION_LAYER_ASSIGNMENT (  '', '', ( #3063 ) ) ;
#2482 = CARTESIAN_POINT ( 'NONE',  ( 0.5000000000000000000, -0.6250000000000000000, -0.4242640687119291210 ) ) ;
#2483 = STYLED_ITEM ( 'NONE', ( #2391 ), #2974 ) ;
#2484 = DIRECTION ( 'NONE',  ( 0.000000000000000000, -1.000000000000000000, 0.000000000000000000 ) ) ;
#2485 = ORIENTED_EDGE ( 'NONE', *, *, #2374, .F. ) ;
#2486 = AXIS2_PLACEMENT_3D ( 'NONE', #290, #5225, #4989 ) ;
#2487 = FACE_OUTER_BOUND ( 'NONE', #4105, .T. ) ;
#2488 = DIRECTION ( 'NONE',  ( 2.710505431213763452E-15, -9.795786256852413182E-30, 1.000000000000000000 ) ) ;
#2489 = ORIENTED_EDGE ( 'NONE', *, *, #469, .T. ) ;
#2490 = STYLED_ITEM ( 'NONE', ( #657 ), #978 ) ;
#2491 = DIRECTION ( 'NONE',  ( 0.000000000000000000, 1.000000000000000000, 0.000000000000000000 ) ) ;
#2492 = MANIFOLD_SOLID_BREP ( 'Fillet5', #3043 ) ;
#2493 = CARTESIAN_POINT ( 'NONE',  ( -0.4999999999999998890, 0.5950000000000001954, 1.010000000000000009 ) ) ;
#2494 = MECHANICAL_DESIGN_GEOMETRIC_PRESENTATION_REPRESENTATION (  '', ( #2995 ), #196 ) ;
#2495 = ORIENTED_EDGE ( 'NONE', *, *, #625, .T. ) ;
#2496 = PLANE ( 'NONE',  #5316 ) ;
#2497 = ADVANCED_FACE ( 'NONE', ( #2185 ), #171, .F. ) ;
#2498 = SURFACE_STYLE_FILL_AREA ( #545 ) ;
#2499 = MANIFOLD_SOLID_BREP ( 'LPattern3[2]', #1019 ) ;
#2500 = CARTESIAN_POINT ( 'NONE',  ( 0.8000000000000000444, -0.5950000000000001954, 1.010000000000000009 ) ) ;
#2501 = DIRECTION ( 'NONE',  ( -1.000000000000000000, -3.162256336416055421E-16, 0.000000000000000000 ) ) ;
#2502 = VERTEX_POINT ( 'NONE', #3960 ) ;
#2503 = SURFACE_SIDE_STYLE ('',( #1342 ) ) ;
#2504 = EDGE_CURVE ( 'NONE', #3743, #5139, #175, .T. ) ;
#2505 = FILL_AREA_STYLE_COLOUR ( '', #2036 ) ;
#2506 = UNCERTAINTY_MEASURE_WITH_UNIT (LENGTH_MEASURE( 1.000000000000000082E-05 ), #1076, 'distance_accuracy_value', 'NONE');
#2507 = CARTESIAN_POINT ( 'NONE',  ( -0.7999999999999999334, -0.5950000000000001954, 0.03000000000000007869 ) ) ;
#2508 = ORIENTED_EDGE ( 'NONE', *, *, #1736, .F. ) ;
#2509 = FILL_AREA_STYLE ('',( #3732 ) ) ;
#2510 = LINE ( 'NONE', #85, #2890 ) ;
#2511 = ORIENTED_EDGE ( 'NONE', *, *, #536, .T. ) ;
#2512 = CARTESIAN_POINT ( 'NONE',  ( 0.6499999999999998002, 0.5950000000000004174, 1.040000000000000036 ) ) ;
#2513 = PLANE ( 'NONE',  #167 ) ;
#2514 = VERTEX_POINT ( 'NONE', #2325 ) ;
#2515 = FILL_AREA_STYLE ('',( #2009 ) ) ;
#2516 = ADVANCED_FACE ( 'NONE', ( #1437 ), #619, .T. ) ;
#2517 = CARTESIAN_POINT ( 'NONE',  ( -0.7999999999999999334, -0.5950000000000001954, 1.040000000000000036 ) ) ;
#2518 = ORIENTED_EDGE ( 'NONE', *, *, #1502, .T. ) ;
#2519 = SURFACE_SIDE_STYLE ('',( #1722 ) ) ;
#2520 = CARTESIAN_POINT ( 'NONE',  ( 0.1499999999999997446, 0.3250000000000000111, -0.4242640687119291210 ) ) ;
#2521 = DIRECTION ( 'NONE',  ( 1.084202172485503842E-15, 1.000000000000000000, 0.000000000000000000 ) ) ;
#2522 = VECTOR ( 'NONE', #1173, 1000.000000000000000 ) ;
#2523 = PLANE ( 'NONE',  #2781 ) ;
#2524 = ORIENTED_EDGE ( 'NONE', *, *, #543, .F. ) ;
#2525 = PRESENTATION_STYLE_ASSIGNMENT (( #913 ) ) ;
#2526 = ORIENTED_EDGE ( 'NONE', *, *, #447, .T. ) ;
#2527 = CARTESIAN_POINT ( 'NONE',  ( -0.6000000000000001998, -0.1500000000000000777, 1.030000000000000027 ) ) ;
#2528 = CARTESIAN_POINT ( 'NONE',  ( -0.5000000000000002220, 0.3250000000000000111, -0.4242640687119291210 ) ) ;
#2529 = CARTESIAN_POINT ( 'NONE',  ( 1.000000000000000000, 0.5949999999999999734, 0.000000000000000000 ) ) ;
#2530 = UNCERTAINTY_MEASURE_WITH_UNIT (LENGTH_MEASURE( 1.000000000000000082E-05 ), #4199, 'distance_accuracy_value', 'NONE');
#2531 = UNCERTAINTY_MEASURE_WITH_UNIT (LENGTH_MEASURE( 1.000000000000000082E-05 ), #1727, 'distance_accuracy_value', 'NONE');
#2532 = VERTEX_POINT ( 'NONE', #292 ) ;
#2533 = FILL_AREA_STYLE ('',( #1675 ) ) ;
#2534 = ORIENTED_EDGE ( 'NONE', *, *, #2732, .F. ) ;
#2535 = CARTESIAN_POINT ( 'NONE',  ( 0.8000000000000000444, 0.5950000000000001954, 0.02999999999999997113 ) ) ;
#2536 = DIRECTION ( 'NONE',  ( 1.807003620809175766E-15, -1.000000000000000000, 0.000000000000000000 ) ) ;
#2537 = VERTEX_POINT ( 'NONE', #3065 ) ;
#2538 = VECTOR ( 'NONE', #533, 1000.000000000000000 ) ;
#2539 = STYLED_ITEM ( 'NONE', ( #1684 ), #1547 ) ;
#2540 = MECHANICAL_DESIGN_GEOMETRIC_PRESENTATION_REPRESENTATION (  '', ( #3390 ), #492 ) ;
#2541 = VECTOR ( 'NONE', #985, 1000.000000000000000 ) ;
#2542 = VECTOR ( 'NONE', #31, 1000.000000000000000 ) ;
#2543 = STYLED_ITEM ( 'NONE', ( #3202 ), #5217 ) ;
#2544 = SURFACE_STYLE_USAGE ( .BOTH. , #1761 ) ;
#2545 = CARTESIAN_POINT ( 'NONE',  ( -1.000000000000000000, 0.5949999999999999734, 0.03000000000000007869 ) ) ;
#2546 = CARTESIAN_POINT ( 'NONE',  ( -0.5000000000000002220, -0.3250000000000000111, 1.040000000000000036 ) ) ;
#2547 = MECHANICAL_DESIGN_GEOMETRIC_PRESENTATION_REPRESENTATION (  '', ( #4902 ), #4653 ) ;
#2548 = LINE ( 'NONE', #813, #2965 ) ;
#2549 = VECTOR ( 'NONE', #1683, 1000.000000000000000 ) ;
#2550 = LINE ( 'NONE', #2482, #3132 ) ;
#2551 = PRESENTATION_LAYER_ASSIGNMENT (  '', '', ( #4276 ) ) ;
#2552 = EDGE_LOOP ( 'NONE', ( #1975, #307, #4402, #2866, #1890, #773 ) ) ;
#2553 = CARTESIAN_POINT ( 'NONE',  ( 0.4999999999999997780, 0.3250000000000000111, 0.000000000000000000 ) ) ;
#2554 = VECTOR ( 'NONE', #2867, 1000.000000000000000 ) ;
#2555 = ADVANCED_FACE ( 'NONE', ( #4763 ), #4301, .T. ) ;
#2556 = ADVANCED_FACE ( 'NONE', ( #1921 ), #2661, .T. ) ;
#2557 = CIRCLE ( 'NONE', #1706, 0.03000000000000007869 ) ;
#2558 = DIRECTION ( 'NONE',  ( 0.000000000000000000, -3.614007241618348376E-15, -1.000000000000000000 ) ) ;
#2559 = ORIENTED_EDGE ( 'NONE', *, *, #934, .T. ) ;
#2560 = VECTOR ( 'NONE', #600, 1000.000000000000000 ) ;
#2561 = CYLINDRICAL_SURFACE ( 'NONE', #2058, 0.03000000000000007869 ) ;
#2562 = VERTEX_POINT ( 'NONE', #3278 ) ;
#2563 = STYLED_ITEM ( 'NONE', ( #197 ), #709 ) ;
#2564 = SURFACE_STYLE_USAGE ( .BOTH. , #995 ) ;
#2565 = AXIS2_PLACEMENT_3D ( 'NONE', #2078, #2913, #3345 ) ;
#2566 = COLOUR_RGB ( '',0.9607843137254902244, 0.9607843137254902244, 0.9607843137254902244 ) ;
#2567 = ORIENTED_EDGE ( 'NONE', *, *, #3775, .F. ) ;
#2568 = DIRECTION ( 'NONE',  ( -0.000000000000000000, -0.000000000000000000, 1.000000000000000000 ) ) ;
#2569 = CARTESIAN_POINT ( 'NONE',  ( -0.4999999999999998890, -0.6250000000000001110, 0.03000000000000007869 ) ) ;
#2570 = SURFACE_SIDE_STYLE ('',( #132 ) ) ;
#2571 = PRESENTATION_STYLE_ASSIGNMENT (( #546 ) ) ;
#2572 = SURFACE_STYLE_FILL_AREA ( #3350 ) ;
#2573 = DIRECTION ( 'NONE',  ( -1.000000000000000000, 0.000000000000000000, -0.000000000000000000 ) ) ;
#2574 = DIRECTION ( 'NONE',  ( 1.000000000000000000, -0.000000000000000000, 0.000000000000000000 ) ) ;
#2575 = ORIENTED_EDGE ( 'NONE', *, *, #3228, .T. ) ;
#2576 = SURFACE_SIDE_STYLE ('',( #990 ) ) ;
#2577 = FILL_AREA_STYLE_COLOUR ( '', #1516 ) ;
#2578 = FILL_AREA_STYLE ('',( #3408 ) ) ;
#2579 = ORIENTED_EDGE ( 'NONE', *, *, #3831, .T. ) ;
#2580 = EDGE_CURVE ( 'NONE', #3426, #343, #1984, .T. ) ;
#2581 = SURFACE_STYLE_FILL_AREA ( #2533 ) ;
#2582 =( NAMED_UNIT ( * ) PLANE_ANGLE_UNIT ( ) SI_UNIT ( $, .RADIAN. ) );
#2583 = SURFACE_STYLE_USAGE ( .BOTH. , #2295 ) ;
#2584 = FACE_OUTER_BOUND ( 'NONE', #1832, .T. ) ;
#2585 = VERTEX_POINT ( 'NONE', #4403 ) ;
#2586 = EDGE_CURVE ( 'NONE', #4869, #908, #1554, .T. ) ;
#2587 = EDGE_CURVE ( 'NONE', #2813, #2341, #3599, .T. ) ;
#2588 = LINE ( 'NONE', #984, #2549 ) ;
#2589 = DIRECTION ( 'NONE',  ( 0.000000000000000000, 0.000000000000000000, -1.000000000000000000 ) ) ;
#2590 = LINE ( 'NONE', #4248, #2541 ) ;
#2591 = DIRECTION ( 'NONE',  ( 0.000000000000000000, -0.000000000000000000, -1.000000000000000000 ) ) ;
#2592 = DIRECTION ( 'NONE',  ( 1.000000000000000000, 0.000000000000000000, 0.000000000000000000 ) ) ;
#2593 = FILL_AREA_STYLE_COLOUR ( '', #3663 ) ;
#2594 =( NAMED_UNIT ( * ) SI_UNIT ( $, .STERADIAN. ) SOLID_ANGLE_UNIT ( ) );
#2595 = DIRECTION ( 'NONE',  ( -3.614007241618338910E-15, 0.000000000000000000, -1.000000000000000000 ) ) ;
#2596 = DIRECTION ( 'NONE',  ( -1.000000000000000000, -3.162256336416055421E-16, -0.000000000000000000 ) ) ;
#2597 = ORIENTED_EDGE ( 'NONE', *, *, #1670, .F. ) ;
#2598 = DIRECTION ( 'NONE',  ( 1.000000000000000000, 1.084202172485503842E-15, -0.000000000000000000 ) ) ;
#2599 = CARTESIAN_POINT ( 'NONE',  ( -0.9700000000000000844, 0.5949999999999999734, 1.010000000000000009 ) ) ;
#2600 = ORIENTED_EDGE ( 'NONE', *, *, #3899, .T. ) ;
#2601 = FILL_AREA_STYLE_COLOUR ( '', #1618 ) ;
#2602 = DIRECTION ( 'NONE',  ( -1.000000000000000000, 0.000000000000000000, 0.000000000000000000 ) ) ;
#2603 =( NAMED_UNIT ( * ) PLANE_ANGLE_UNIT ( ) SI_UNIT ( $, .RADIAN. ) );
#2604 = CARTESIAN_POINT ( 'NONE',  ( -0.9700000000000000844, -0.5950000000000001954, 0.000000000000000000 ) ) ;
#2605 = VERTEX_POINT ( 'NONE', #2400 ) ;
#2606 = FILL_AREA_STYLE_COLOUR ( '', #653 ) ;
#2607 =( NAMED_UNIT ( * ) SI_UNIT ( $, .STERADIAN. ) SOLID_ANGLE_UNIT ( ) );
#2608 = CARTESIAN_POINT ( 'NONE',  ( -0.5000000000000002220, 0.3250000000000000111, 1.040000000000000036 ) ) ;
#2609 = CARTESIAN_POINT ( 'NONE',  ( -0.6000000000000001998, 0.1499999999999999112, 1.030000000000000027 ) ) ;
#2610 = COLOUR_RGB ( '',0.9607843137254902244, 0.9607843137254902244, 0.9607843137254902244 ) ;
#2611 = SURFACE_STYLE_FILL_AREA ( #1294 ) ;
#2612 = COLOUR_RGB ( '',0.8431372549019607865, 0.8431372549019607865, 0.8431372549019607865 ) ;
#2613 = STYLED_ITEM ( 'NONE', ( #689 ), #1315 ) ;
#2614 = DIRECTION ( 'NONE',  ( 1.000000000000000000, 0.000000000000000000, 0.000000000000000000 ) ) ;
#2615 = CIRCLE ( 'NONE', #1016, 0.02999999999999997113 ) ;
#2616 = CARTESIAN_POINT ( 'NONE',  ( 0.9699999999999999734, 0.6249999999999998890, 1.040000000000000036 ) ) ;
#2617 = ORIENTED_EDGE ( 'NONE', *, *, #3704, .T. ) ;
#2618 = AXIS2_PLACEMENT_3D ( 'NONE', #3001, #528, #1378 ) ;
#2619 =( GEOMETRIC_REPRESENTATION_CONTEXT ( 3 ) GLOBAL_UNCERTAINTY_ASSIGNED_CONTEXT ( ( #3992 ) ) GLOBAL_UNIT_ASSIGNED_CONTEXT ( ( #4181, #142, #4613 ) ) REPRESENTATION_CONTEXT ( 'NONE', 'WORKASPACE' ) );
#2620 = CARTESIAN_POINT ( 'NONE',  ( -0.8000000000000001554, 0.3250000000000000111, -0.4242640687119291210 ) ) ;
#2621 = UNCERTAINTY_MEASURE_WITH_UNIT (LENGTH_MEASURE( 1.000000000000000082E-05 ), #2754, 'distance_accuracy_value', 'NONE');
#2622 = CARTESIAN_POINT ( 'NONE',  ( -0.7999999999999999334, 0.000000000000000000, -0.4242640687119291210 ) ) ;
#2623 = ORIENTED_EDGE ( 'NONE', *, *, #3294, .F. ) ;
#2624 = DIRECTION ( 'NONE',  ( -1.000000000000000000, 0.000000000000000000, 0.000000000000000000 ) ) ;
#2625 = AXIS2_PLACEMENT_3D ( 'NONE', #1139, #4013, #342 ) ;
#2626 = VECTOR ( 'NONE', #3251, 1000.000000000000000 ) ;
#2627 = COLOUR_RGB ( '',0.8431372549019607865, 0.8431372549019607865, 0.8431372549019607865 ) ;
#2628 = VERTEX_POINT ( 'NONE', #4516 ) ;
#2629 = STYLED_ITEM ( 'NONE', ( #4689 ), #395 ) ;
#2630 = EDGE_CURVE ( 'NONE', #3790, #1298, #3625, .T. ) ;
#2631 = LINE ( 'NONE', #5106, #4749 ) ;
#2632 = CIRCLE ( 'NONE', #1029, 0.02999999999999997113 ) ;
#2633 = STYLED_ITEM ( 'NONE', ( #4163 ), #2244 ) ;
#2634 = CYLINDRICAL_SURFACE ( 'NONE', #4453, 0.02999999999999997113 ) ;
#2635 = ORIENTED_EDGE ( 'NONE', *, *, #1908, .F. ) ;
#2636 = FILL_AREA_STYLE_COLOUR ( '', #1420 ) ;
#2637 = FILL_AREA_STYLE_COLOUR ( '', #2706 ) ;
#2638 =( NAMED_UNIT ( * ) PLANE_ANGLE_UNIT ( ) SI_UNIT ( $, .RADIAN. ) );
#2639 = UNCERTAINTY_MEASURE_WITH_UNIT (LENGTH_MEASURE( 1.000000000000000082E-05 ), #4154, 'distance_accuracy_value', 'NONE');
#2640 = DIRECTION ( 'NONE',  ( 1.000000000000000000, -0.000000000000000000, -0.000000000000000000 ) ) ;
#2641 = AXIS2_PLACEMENT_3D ( 'NONE', #4880, #1161, #2367 ) ;
#2642 = EDGE_CURVE ( 'NONE', #1220, #5276, #743, .T. ) ;
#2643 = DIRECTION ( 'NONE',  ( -1.000000000000000000, -1.445602896647339114E-15, 0.000000000000000000 ) ) ;
#2644 = CARTESIAN_POINT ( 'NONE',  ( -0.1499999999999999667, -0.3250000000000000666, -0.4242640687119291210 ) ) ;
#2645 = VECTOR ( 'NONE', #592, 1000.000000000000000 ) ;
#2646 = FACE_OUTER_BOUND ( 'NONE', #4045, .T. ) ;
#2647 = CARTESIAN_POINT ( 'NONE',  ( 1.000000000000000000, -0.6250000000000001110, 0.03000000000000007869 ) ) ;
#2648 = UNCERTAINTY_MEASURE_WITH_UNIT (LENGTH_MEASURE( 1.000000000000000082E-05 ), #286, 'distance_accuracy_value', 'NONE');
#2649 = CIRCLE ( 'NONE', #2399, 0.02999999999999997113 ) ;
#2650 = ADVANCED_FACE ( 'NONE', ( #5308 ), #1594, .T. ) ;
#2651 = ORIENTED_EDGE ( 'NONE', *, *, #744, .F. ) ;
#2652 = CARTESIAN_POINT ( 'NONE',  ( -0.9700000000000000844, -0.5950000000000001954, 0.03000000000000007869 ) ) ;
#2653 = CARTESIAN_POINT ( 'NONE',  ( -0.4999999999999998890, -0.6250000000000001110, -0.4242640687119291210 ) ) ;
#2654 = ORIENTED_EDGE ( 'NONE', *, *, #4001, .F. ) ;
#2655 =( NAMED_UNIT ( * ) PLANE_ANGLE_UNIT ( ) SI_UNIT ( $, .RADIAN. ) );
#2656 =( NAMED_UNIT ( * ) SI_UNIT ( $, .STERADIAN. ) SOLID_ANGLE_UNIT ( ) );
#2657 = SURFACE_SIDE_STYLE ('',( #1049 ) ) ;
#2658 = SURFACE_STYLE_USAGE ( .BOTH. , #982 ) ;
#2659 = ORIENTED_EDGE ( 'NONE', *, *, #1608, .F. ) ;
#2660 =( LENGTH_UNIT ( ) NAMED_UNIT ( * ) SI_UNIT ( .MILLI., .METRE. ) );
#2661 = PLANE ( 'NONE',  #3574 ) ;
#2662 = FACE_OUTER_BOUND ( 'NONE', #2266, .T. ) ;
#2663 =( NAMED_UNIT ( * ) SI_UNIT ( $, .STERADIAN. ) SOLID_ANGLE_UNIT ( ) );
#2664 = CARTESIAN_POINT ( 'NONE',  ( 0.9699999999999999734, 0.6249999999999998890, 0.03000000000000007869 ) ) ;
#2665 = FILL_AREA_STYLE ('',( #5128 ) ) ;
#2666 = SURFACE_STYLE_USAGE ( .BOTH. , #1054 ) ;
#2667 = ADVANCED_FACE ( 'NONE', ( #1228 ), #2842, .T. ) ;
#2668 = CARTESIAN_POINT ( 'NONE',  ( -0.6000000000000001998, -0.1500000000000000777, 1.040000000000000036 ) ) ;
#2669 = VERTEX_POINT ( 'NONE', #2176 ) ;
#2670 = MECHANICAL_DESIGN_GEOMETRIC_PRESENTATION_REPRESENTATION (  '', ( #2937 ), #4785 ) ;
#2671 = EDGE_CURVE ( 'NONE', #665, #5307, #1752, .T. ) ;
#2672 = EDGE_CURVE ( 'NONE', #715, #537, #4131, .T. ) ;
#2673 = VECTOR ( 'NONE', #3120, 1000.000000000000000 ) ;
#2674 = ORIENTED_EDGE ( 'NONE', *, *, #3731, .F. ) ;
#2675 = FILL_AREA_STYLE ('',( #1063 ) ) ;
#2676 =( LENGTH_UNIT ( ) NAMED_UNIT ( * ) SI_UNIT ( .MILLI., .METRE. ) );
#2677 = VERTEX_POINT ( 'NONE', #3360 ) ;
#2678 = LINE ( 'NONE', #4410, #4739 ) ;
#2679 =( NAMED_UNIT ( * ) SI_UNIT ( $, .STERADIAN. ) SOLID_ANGLE_UNIT ( ) );
#2680 = ORIENTED_EDGE ( 'NONE', *, *, #5177, .T. ) ;
#2681 =( NAMED_UNIT ( * ) SI_UNIT ( $, .STERADIAN. ) SOLID_ANGLE_UNIT ( ) );
#2682 = SURFACE_STYLE_FILL_AREA ( #1417 ) ;
#2683 = MECHANICAL_DESIGN_GEOMETRIC_PRESENTATION_REPRESENTATION (  '', ( #1678 ), #3383 ) ;
#2684 = EDGE_CURVE ( 'NONE', #2733, #2562, #1283, .T. ) ;
#2685 = DIRECTION ( 'NONE',  ( 1.000000000000000000, 3.614007241618351729E-16, 0.000000000000000000 ) ) ;
#2686 = VERTEX_POINT ( 'NONE', #3770 ) ;
#2687 = DIRECTION ( 'NONE',  ( 0.000000000000000000, 0.000000000000000000, -1.000000000000000000 ) ) ;
#2688 = COLOUR_RGB ( '',0.8431372549019607865, 0.8431372549019607865, 0.8431372549019607865 ) ;
#2689 = VECTOR ( 'NONE', #4979, 1000.000000000000000 ) ;
#2690 = DIRECTION ( 'NONE',  ( -3.614007241618351532E-15, 1.000000000000000000, 0.000000000000000000 ) ) ;
#2691 = EDGE_LOOP ( 'NONE', ( #2823, #1674, #847 ) ) ;
#2692 = FILL_AREA_STYLE ('',( #2746 ) ) ;
#2693 =( GEOMETRIC_REPRESENTATION_CONTEXT ( 3 ) GLOBAL_UNCERTAINTY_ASSIGNED_CONTEXT ( ( #2114 ) ) GLOBAL_UNIT_ASSIGNED_CONTEXT ( ( #5132, #2350, #3908 ) ) REPRESENTATION_CONTEXT ( 'NONE', 'WORKASPACE' ) );
#2694 = CARTESIAN_POINT ( 'NONE',  ( 0.1499999999999997446, -0.3250000000000000111, -0.4242640687119291210 ) ) ;
#2695 = ORIENTED_EDGE ( 'NONE', *, *, #1969, .F. ) ;
#2696 = ADVANCED_FACE ( 'NONE', ( #3735 ), #2561, .T. ) ;
#2697 =( NAMED_UNIT ( * ) PLANE_ANGLE_UNIT ( ) SI_UNIT ( $, .RADIAN. ) );
#2698 = MECHANICAL_DESIGN_GEOMETRIC_PRESENTATION_REPRESENTATION (  '', ( #4987 ), #2970 ) ;
#2699 = EDGE_CURVE ( 'NONE', #2537, #1421, #5048, .T. ) ;
#2700 = STYLED_ITEM ( 'NONE', ( #1735 ), #1880 ) ;
#2701 = DIRECTION ( 'NONE',  ( -1.000000000000000000, -1.445602896647339114E-15, 0.000000000000000000 ) ) ;
#2702 = VECTOR ( 'NONE', #3516, 1000.000000000000000 ) ;
#2703 = VECTOR ( 'NONE', #2830, 1000.000000000000000 ) ;
#2704 = CARTESIAN_POINT ( 'NONE',  ( 0.000000000000000000, 0.5949999999999999734, 1.040000000000000036 ) ) ;
#2705 = ORIENTED_EDGE ( 'NONE', *, *, #4857, .F. ) ;
#2706 = COLOUR_RGB ( '',0.8431372549019607865, 0.8431372549019607865, 0.8431372549019607865 ) ;
#2707 = DIRECTION ( 'NONE',  ( -1.084202172485503842E-15, -1.000000000000000000, 0.000000000000000000 ) ) ;
#2708 = PRESENTATION_LAYER_ASSIGNMENT (  '', '', ( #2629 ) ) ;
#2709 = EDGE_CURVE ( 'NONE', #1421, #727, #5071, .T. ) ;
#2710 = DIRECTION ( 'NONE',  ( 1.807003620809175766E-15, -1.000000000000000000, 0.000000000000000000 ) ) ;
#2711 = STYLED_ITEM ( 'NONE', ( #70 ), #2187 ) ;
#2712 = AXIS2_PLACEMENT_3D ( 'NONE', #4076, #403, #4133 ) ;
#2713 = UNCERTAINTY_MEASURE_WITH_UNIT (LENGTH_MEASURE( 1.000000000000000082E-05 ), #544, 'distance_accuracy_value', 'NONE');
#2714 = AXIS2_PLACEMENT_3D ( 'NONE', #474, #2110, #3726 ) ;
#2715 = PLANE ( 'NONE',  #1591 ) ;
#2716 = FACE_OUTER_BOUND ( 'NONE', #4552, .T. ) ;
#2717 = DIRECTION ( 'NONE',  ( -1.000000000000000000, 0.000000000000000000, 0.000000000000000000 ) ) ;
#2718 = SURFACE_STYLE_FILL_AREA ( #2262 ) ;
#2719 =( GEOMETRIC_REPRESENTATION_CONTEXT ( 3 ) GLOBAL_UNCERTAINTY_ASSIGNED_CONTEXT ( ( #4899 ) ) GLOBAL_UNIT_ASSIGNED_CONTEXT ( ( #3454, #2655, #4320 ) ) REPRESENTATION_CONTEXT ( 'NONE', 'WORKASPACE' ) );
#2720 = ORIENTED_EDGE ( 'NONE', *, *, #188, .F. ) ;
#2721 = COLOUR_RGB ( '',0.8431372549019607865, 0.8431372549019607865, 0.8431372549019607865 ) ;
#2722 = CARTESIAN_POINT ( 'NONE',  ( -0.7999999999999997113, -1.156482317317870936E-15, -0.4242640687119291210 ) ) ;
#2723 = ORIENTED_EDGE ( 'NONE', *, *, #658, .T. ) ;
#2724 = CARTESIAN_POINT ( 'NONE',  ( -1.000000000000000000, 0.6249999999999998890, 1.040000000000000036 ) ) ;
#2725 = DIRECTION ( 'NONE',  ( -1.000000000000000000, 0.000000000000000000, 0.000000000000000000 ) ) ;
#2726 = ORIENTED_EDGE ( 'NONE', *, *, #4622, .F. ) ;
#2727 = FILL_AREA_STYLE_COLOUR ( '', #610 ) ;
#2728 = PLANE ( 'NONE',  #3829 ) ;
#2729 = LINE ( 'NONE', #3567, #4198 ) ;
#2730 = ADVANCED_FACE ( 'NONE', ( #555 ), #262, .T. ) ;
#2731 = CARTESIAN_POINT ( 'NONE',  ( -0.7999999999999999334, -0.3250000000000000666, 0.000000000000000000 ) ) ;
#2732 = EDGE_CURVE ( 'NONE', #3617, #1050, #2200, .T. ) ;
#2733 = VERTEX_POINT ( 'NONE', #1459 ) ;
#2734 = FILL_AREA_STYLE_COLOUR ( '', #3396 ) ;
#2735 = SURFACE_STYLE_USAGE ( .BOTH. , #2756 ) ;
#2736 =( NAMED_UNIT ( * ) SI_UNIT ( $, .STERADIAN. ) SOLID_ANGLE_UNIT ( ) );
#2737 = EDGE_CURVE ( 'NONE', #715, #4232, #1385, .T. ) ;
#2738 = VERTEX_POINT ( 'NONE', #5118 ) ;
#2739 = PRESENTATION_STYLE_ASSIGNMENT (( #4327 ) ) ;
#2740 = FILL_AREA_STYLE_COLOUR ( '', #5222 ) ;
#2741 = CARTESIAN_POINT ( 'NONE',  ( 0.1500000000000000777, 0.5949999999999999734, 1.010000000000000009 ) ) ;
#2742 = ORIENTED_EDGE ( 'NONE', *, *, #3228, .F. ) ;
#2743 = DIRECTION ( 'NONE',  ( -1.000000000000000000, 0.000000000000000000, -0.000000000000000000 ) ) ;
#2744 = UNCERTAINTY_MEASURE_WITH_UNIT (LENGTH_MEASURE( 1.000000000000000082E-05 ), #1247, 'distance_accuracy_value', 'NONE');
#2745 = ORIENTED_EDGE ( 'NONE', *, *, #3296, .F. ) ;
#2746 = FILL_AREA_STYLE_COLOUR ( '', #2844 ) ;
#2747 = LINE ( 'NONE', #306, #4020 ) ;
#2748 = ORIENTED_EDGE ( 'NONE', *, *, #3859, .T. ) ;
#2749 = CARTESIAN_POINT ( 'NONE',  ( 0.1499999999999997446, 0.3250000000000000111, 0.000000000000000000 ) ) ;
#2750 =( NAMED_UNIT ( * ) PLANE_ANGLE_UNIT ( ) SI_UNIT ( $, .RADIAN. ) );
#2751 = APPLICATION_CONTEXT ( 'automotive_design' ) ;
#2752 = CARTESIAN_POINT ( 'NONE',  ( -0.1500000000000006051, 0.6250000000000000000, -0.4242640687119291210 ) ) ;
#2753 = ORIENTED_EDGE ( 'NONE', *, *, #2908, .F. ) ;
#2754 =( LENGTH_UNIT ( ) NAMED_UNIT ( * ) SI_UNIT ( .MILLI., .METRE. ) );
#2755 = FILL_AREA_STYLE_COLOUR ( '', #1356 ) ;
#2756 = SURFACE_SIDE_STYLE ('',( #3602 ) ) ;
#2757 = EDGE_LOOP ( 'NONE', ( #3867, #912, #4053, #122 ) ) ;
#2758 = CARTESIAN_POINT ( 'NONE',  ( 0.5000000000000000000, -0.3250000000000000666, 0.000000000000000000 ) ) ;
#2759 = DIRECTION ( 'NONE',  ( -0.000000000000000000, -0.000000000000000000, 1.000000000000000000 ) ) ;
#2760 = FILL_AREA_STYLE_COLOUR ( '', #4649 ) ;
#2761 =( LENGTH_UNIT ( ) NAMED_UNIT ( * ) SI_UNIT ( .MILLI., .METRE. ) );
#2762 = EDGE_CURVE ( 'NONE', #2585, #284, #4258, .T. ) ;
#2763 = PRESENTATION_STYLE_ASSIGNMENT (( #4951 ) ) ;
#2764 = ADVANCED_FACE ( 'NONE', ( #3886 ), #1061, .T. ) ;
#2765 = LINE ( 'NONE', #4433, #3757 ) ;
#2766 = PLANE ( 'NONE',  #5088 ) ;
#2767 = ORIENTED_EDGE ( 'NONE', *, *, #3554, .T. ) ;
#2768 = EDGE_CURVE ( 'NONE', #2514, #4838, #179, .T. ) ;
#2769 = FILL_AREA_STYLE_COLOUR ( '', #3737 ) ;
#2770 = COLOUR_RGB ( '',0.9607843137254902244, 0.9607843137254902244, 0.9607843137254902244 ) ;
#2771 = ORIENTED_EDGE ( 'NONE', *, *, #5213, .F. ) ;
#2772 = FILL_AREA_STYLE ('',( #3083 ) ) ;
#2773 = AXIS2_PLACEMENT_3D ( 'NONE', #2043, #3666, #18 ) ;
#2774 = DIRECTION ( 'NONE',  ( 0.000000000000000000, 0.000000000000000000, 1.000000000000000000 ) ) ;
#2775 = VERTEX_POINT ( 'NONE', #4339 ) ;
#2776 = SPHERICAL_SURFACE ( 'NONE', #1977, 0.02999999999999999889 ) ;
#2777 = CARTESIAN_POINT ( 'NONE',  ( 0.000000000000000000, 0.000000000000000000, 0.000000000000000000 ) ) ;
#2778 = FILL_AREA_STYLE_COLOUR ( '', #4379 ) ;
#2779 = DIRECTION ( 'NONE',  ( -1.000000000000000000, 0.000000000000000000, 0.000000000000000000 ) ) ;
#2780 = STYLED_ITEM ( 'NONE', ( #1274 ), #1088 ) ;
#2781 = AXIS2_PLACEMENT_3D ( 'NONE', #4980, #4168, #2834 ) ;
#2782 = ORIENTED_EDGE ( 'NONE', *, *, #3497, .T. ) ;
#2783 = VECTOR ( 'NONE', #1288, 1000.000000000000000 ) ;
#2784 =( LENGTH_UNIT ( ) NAMED_UNIT ( * ) SI_UNIT ( .MILLI., .METRE. ) );
#2785 = EDGE_CURVE ( 'NONE', #4858, #2991, #654, .T. ) ;
#2786 = DIRECTION ( 'NONE',  ( 1.000000000000000000, -0.000000000000000000, -0.000000000000000000 ) ) ;
#2787 = CLOSED_SHELL ( 'NONE', ( #1346, #2080, #220, #1479, #395, #1320, #4166, #2145 ) ) ;
#2788 = AXIS2_PLACEMENT_3D ( 'NONE', #2050, #5324, #4477 ) ;
#2789 = SURFACE_STYLE_USAGE ( .BOTH. , #3178 ) ;
#2790 = VECTOR ( 'NONE', #4543, 1000.000000000000000 ) ;
#2791 = CARTESIAN_POINT ( 'NONE',  ( -0.5000000000000000000, -0.5950000000000001954, 0.02999999999999997113 ) ) ;
#2792 = VERTEX_POINT ( 'NONE', #5197 ) ;
#2793 = LINE ( 'NONE', #751, #4680 ) ;
#2794 = CARTESIAN_POINT ( 'NONE',  ( 0.4999999999999993339, 0.6250000000000000000, 0.03000000000000007869 ) ) ;
#2795 =( GEOMETRIC_REPRESENTATION_CONTEXT ( 3 ) GLOBAL_UNCERTAINTY_ASSIGNED_CONTEXT ( ( #1165 ) ) GLOBAL_UNIT_ASSIGNED_CONTEXT ( ( #711, #1132, #4336 ) ) REPRESENTATION_CONTEXT ( 'NONE', 'WORKASPACE' ) );
#2796 = VERTEX_POINT ( 'NONE', #694 ) ;
#2797 = VECTOR ( 'NONE', #3105, 1000.000000000000000 ) ;
#2798 = VECTOR ( 'NONE', #4322, 1000.000000000000000 ) ;
#2799 = CARTESIAN_POINT ( 'NONE',  ( -0.8000000000000005995, 0.5949999999999999734, 0.03000000000000007869 ) ) ;
#2800 = DIRECTION ( 'NONE',  ( -1.000000000000000000, 3.614007241618347785E-16, -0.000000000000000000 ) ) ;
#2801 =( GEOMETRIC_REPRESENTATION_CONTEXT ( 3 ) GLOBAL_UNCERTAINTY_ASSIGNED_CONTEXT ( ( #3543 ) ) GLOBAL_UNIT_ASSIGNED_CONTEXT ( ( #3444, #3876, #3163 ) ) REPRESENTATION_CONTEXT ( 'NONE', 'WORKASPACE' ) );
#2802 = EDGE_CURVE ( 'NONE', #1852, #2172, #866, .T. ) ;
#2803 = CARTESIAN_POINT ( 'NONE',  ( -1.000000000000000000, 0.6249999999999998890, 1.010000000000000009 ) ) ;
#2804 = LINE ( 'NONE', #881, #3153 ) ;
#2805 = VECTOR ( 'NONE', #377, 1000.000000000000000 ) ;
#2806 = EDGE_LOOP ( 'NONE', ( #3832, #3661, #4440, #2705, #128, #2526 ) ) ;
#2807 = CARTESIAN_POINT ( 'NONE',  ( 0.000000000000000000, -0.5950000000000001954, 1.040000000000000036 ) ) ;
#2808 = CARTESIAN_POINT ( 'NONE',  ( 0.6500000000000001332, -0.3249999999999998446, 1.040000000000000036 ) ) ;
#2809 = EDGE_CURVE ( 'NONE', #1130, #534, #3834, .T. ) ;
#2810 = ORIENTED_EDGE ( 'NONE', *, *, #3127, .T. ) ;
#2811 = DIRECTION ( 'NONE',  ( 0.000000000000000000, -1.000000000000000000, 0.000000000000000000 ) ) ;
#2812 = CARTESIAN_POINT ( 'NONE',  ( 1.000000000000000000, 0.5949999999999999734, 0.03000000000000007869 ) ) ;
#2813 = VERTEX_POINT ( 'NONE', #2812 ) ;
#2814 = PLANE ( 'NONE',  #1960 ) ;
#2815 = SURFACE_STYLE_FILL_AREA ( #4375 ) ;
#2816 = CARTESIAN_POINT ( 'NONE',  ( 0.8000000000000000444, -0.5950000000000001954, 1.040000000000000036 ) ) ;
#2817 = VERTEX_POINT ( 'NONE', #4827 ) ;
#2818 = MECHANICAL_DESIGN_GEOMETRIC_PRESENTATION_REPRESENTATION (  '', ( #5182 ), #3506 ) ;
#2819 =( LENGTH_UNIT ( ) NAMED_UNIT ( * ) SI_UNIT ( .MILLI., .METRE. ) );
#2820 = DIRECTION ( 'NONE',  ( 0.000000000000000000, 0.000000000000000000, -1.000000000000000000 ) ) ;
#2821 = DIRECTION ( 'NONE',  ( 0.000000000000000000, -1.000000000000000000, 0.000000000000000000 ) ) ;
#2822 = PLANE ( 'NONE',  #3473 ) ;
#2823 = ORIENTED_EDGE ( 'NONE', *, *, #4764, .F. ) ;
#2824 = UNCERTAINTY_MEASURE_WITH_UNIT (LENGTH_MEASURE( 1.000000000000000082E-05 ), #1925, 'distance_accuracy_value', 'NONE');
#2825 = SURFACE_SIDE_STYLE ('',( #3180 ) ) ;
#2826 =( NAMED_UNIT ( * ) PLANE_ANGLE_UNIT ( ) SI_UNIT ( $, .RADIAN. ) );
#2827 = DIRECTION ( 'NONE',  ( 1.000000000000000000, 3.614007241618339896E-16, -0.000000000000000000 ) ) ;
#2828 = ORIENTED_EDGE ( 'NONE', *, *, #4518, .T. ) ;
#2829 = CARTESIAN_POINT ( 'NONE',  ( 0.9700000000000000844, 0.5949999999999999734, 1.010000000000000009 ) ) ;
#2830 = DIRECTION ( 'NONE',  ( -1.084202172485503842E-15, 1.000000000000000000, 0.000000000000000000 ) ) ;
#2831 = ORIENTED_EDGE ( 'NONE', *, *, #758, .F. ) ;
#2832 = SURFACE_STYLE_FILL_AREA ( #4954 ) ;
#2833 = DIRECTION ( 'NONE',  ( 1.445602896647339114E-15, -1.000000000000000000, 0.000000000000000000 ) ) ;
#2834 = DIRECTION ( 'NONE',  ( 0.000000000000000000, -0.000000000000000000, 1.000000000000000000 ) ) ;
#2835 = ORIENTED_EDGE ( 'NONE', *, *, #2422, .T. ) ;
#2836 =( NAMED_UNIT ( * ) PLANE_ANGLE_UNIT ( ) SI_UNIT ( $, .RADIAN. ) );
#2837 = ORIENTED_EDGE ( 'NONE', *, *, #1305, .F. ) ;
#2838 =( NAMED_UNIT ( * ) SI_UNIT ( $, .STERADIAN. ) SOLID_ANGLE_UNIT ( ) );
#2839 = EDGE_CURVE ( 'NONE', #1506, #816, #3562, .T. ) ;
#2840 = FILL_AREA_STYLE_COLOUR ( '', #324 ) ;
#2841 = ORIENTED_EDGE ( 'NONE', *, *, #1450, .F. ) ;
#2842 = PLANE ( 'NONE',  #1877 ) ;
#2843 = LINE ( 'NONE', #837, #3566 ) ;
#2844 = COLOUR_RGB ( '',0.8431372549019607865, 0.8431372549019607865, 0.8431372549019607865 ) ;
#2845 = LINE ( 'NONE', #746, #4030 ) ;
#2846 = ORIENTED_EDGE ( 'NONE', *, *, #3029, .F. ) ;
#2847 = COLOUR_RGB ( '',0.9607843137254902244, 0.9607843137254902244, 0.9607843137254902244 ) ;
#2848 = FILL_AREA_STYLE_COLOUR ( '', #2721 ) ;
#2849 = FACE_OUTER_BOUND ( 'NONE', #363, .T. ) ;
#2850 =( GEOMETRIC_REPRESENTATION_CONTEXT ( 3 ) GLOBAL_UNCERTAINTY_ASSIGNED_CONTEXT ( ( #2920 ) ) GLOBAL_UNIT_ASSIGNED_CONTEXT ( ( #5159, #1475, #3824 ) ) REPRESENTATION_CONTEXT ( 'NONE', 'WORKASPACE' ) );
#2851 = PRESENTATION_STYLE_ASSIGNMENT (( #904 ) ) ;
#2852 = EDGE_LOOP ( 'NONE', ( #2888, #2252, #59, #3952 ) ) ;
#2853 =( NAMED_UNIT ( * ) PLANE_ANGLE_UNIT ( ) SI_UNIT ( $, .RADIAN. ) );
#2854 = CARTESIAN_POINT ( 'NONE',  ( -0.9700000000000000844, 0.5949999999999999734, 1.010000000000000009 ) ) ;
#2855 =( LENGTH_UNIT ( ) NAMED_UNIT ( * ) SI_UNIT ( .MILLI., .METRE. ) );
#2856 = PRESENTATION_STYLE_ASSIGNMENT (( #887 ) ) ;
#2857 = UNCERTAINTY_MEASURE_WITH_UNIT (LENGTH_MEASURE( 1.000000000000000082E-05 ), #2190, 'distance_accuracy_value', 'NONE');
#2858 = ORIENTED_EDGE ( 'NONE', *, *, #4517, .F. ) ;
#2859 = DIRECTION ( 'NONE',  ( -1.000000000000000000, -3.614007241618351729E-16, 0.000000000000000000 ) ) ;
#2860 = FILL_AREA_STYLE ('',( #2896 ) ) ;
#2861 = ORIENTED_EDGE ( 'NONE', *, *, #822, .F. ) ;
#2862 = DIRECTION ( 'NONE',  ( 0.000000000000000000, 0.000000000000000000, -1.000000000000000000 ) ) ;
#2863 =( NAMED_UNIT ( * ) PLANE_ANGLE_UNIT ( ) SI_UNIT ( $, .RADIAN. ) );
#2864 = PRESENTATION_LAYER_ASSIGNMENT (  '', '', ( #3122 ) ) ;
#2865 = CARTESIAN_POINT ( 'NONE',  ( 0.5000000000000000000, -0.6250000000000000000, 1.010000000000000009 ) ) ;
#2866 = ORIENTED_EDGE ( 'NONE', *, *, #3265, .T. ) ;
#2867 = DIRECTION ( 'NONE',  ( -1.000000000000000000, -0.000000000000000000, -0.000000000000000000 ) ) ;
#2868 = STYLED_ITEM ( 'NONE', ( #5169 ), #4267 ) ;
#2869 = FILL_AREA_STYLE_COLOUR ( '', #674 ) ;
#2870 =( NAMED_UNIT ( * ) PLANE_ANGLE_UNIT ( ) SI_UNIT ( $, .RADIAN. ) );
#2871 = STYLED_ITEM ( 'NONE', ( #5279 ), #1055 ) ;
#2872 = LINE ( 'NONE', #3715, #3039 ) ;
#2873 = STYLED_ITEM ( 'NONE', ( #937 ), #4438 ) ;
#2874 = ORIENTED_EDGE ( 'NONE', *, *, #5255, .T. ) ;
#2875 = AXIS2_PLACEMENT_3D ( 'NONE', #1001, #4623, #2997 ) ;
#2876 = SURFACE_STYLE_USAGE ( .BOTH. , #2825 ) ;
#2877 = EDGE_CURVE ( 'NONE', #1552, #391, #2747, .T. ) ;
#2878 = DIRECTION ( 'NONE',  ( 1.000000000000000000, 0.000000000000000000, 0.000000000000000000 ) ) ;
#2879 = VECTOR ( 'NONE', #2786, 1000.000000000000000 ) ;
#2880 = MECHANICAL_DESIGN_GEOMETRIC_PRESENTATION_REPRESENTATION (  '', ( #319 ), #5076 ) ;
#2881 = COLOUR_RGB ( '',0.8431372549019607865, 0.8431372549019607865, 0.8431372549019607865 ) ;
#2882 = SURFACE_STYLE_USAGE ( .BOTH. , #521 ) ;
#2883 = PRESENTATION_LAYER_ASSIGNMENT (  '', '', ( #1174 ) ) ;
#2884 = PRESENTATION_LAYER_ASSIGNMENT (  '', '', ( #4545 ) ) ;
#2885 = MECHANICAL_DESIGN_GEOMETRIC_PRESENTATION_REPRESENTATION (  '', ( #96 ), #228 ) ;
#2886 = STYLED_ITEM ( 'NONE', ( #591 ), #2555 ) ;
#2887 = FILL_AREA_STYLE_COLOUR ( '', #2981 ) ;
#2888 = ORIENTED_EDGE ( 'NONE', *, *, #3706, .T. ) ;
#2889 = PRESENTATION_LAYER_ASSIGNMENT (  '', '', ( #862 ) ) ;
#2890 = VECTOR ( 'NONE', #3767, 1000.000000000000000 ) ;
#2891 =( NAMED_UNIT ( * ) SI_UNIT ( $, .STERADIAN. ) SOLID_ANGLE_UNIT ( ) );
#2892 = SURFACE_STYLE_FILL_AREA ( #3640 ) ;
#2893 = PRESENTATION_LAYER_ASSIGNMENT (  '', '', ( #1036 ) ) ;
#2894 = ORIENTED_EDGE ( 'NONE', *, *, #2642, .F. ) ;
#2895 = COLOUR_RGB ( '',0.9607843137254902244, 0.9607843137254902244, 0.9607843137254902244 ) ;
#2896 = FILL_AREA_STYLE_COLOUR ( '', #10 ) ;
#2897 = ORIENTED_EDGE ( 'NONE', *, *, #4378, .F. ) ;
#2898 = SURFACE_STYLE_USAGE ( .BOTH. , #4984 ) ;
#2899 = VECTOR ( 'NONE', #830, 1000.000000000000000 ) ;
#2900 = UNCERTAINTY_MEASURE_WITH_UNIT (LENGTH_MEASURE( 1.000000000000000082E-05 ), #4666, 'distance_accuracy_value', 'NONE');
#2901 = UNCERTAINTY_MEASURE_WITH_UNIT (LENGTH_MEASURE( 1.000000000000000082E-05 ), #2761, 'distance_accuracy_value', 'NONE');
#2902 = MECHANICAL_DESIGN_GEOMETRIC_PRESENTATION_REPRESENTATION (  '', ( #5170 ), #189 ) ;
#2903 = CARTESIAN_POINT ( 'NONE',  ( -0.4999999999999998890, 0.5950000000000001954, 0.02999999999999997113 ) ) ;
#2904 = EDGE_LOOP ( 'NONE', ( #4846, #1524, #231, #1155 ) ) ;
#2905 = VECTOR ( 'NONE', #1047, 1000.000000000000000 ) ;
#2906 = CARTESIAN_POINT ( 'NONE',  ( -1.000000000000000000, -0.5950000000000001954, 0.000000000000000000 ) ) ;
#2907 = CARTESIAN_POINT ( 'NONE',  ( -0.8000000000000005995, 0.5950000000000000844, 1.040000000000000036 ) ) ;
#2908 = EDGE_CURVE ( 'NONE', #4298, #2216, #3135, .T. ) ;
#2909 = FACE_OUTER_BOUND ( 'NONE', #3486, .T. ) ;
#2910 = ORIENTED_EDGE ( 'NONE', *, *, #1148, .F. ) ;
#2911 =( LENGTH_UNIT ( ) NAMED_UNIT ( * ) SI_UNIT ( .MILLI., .METRE. ) );
#2912 = FILL_AREA_STYLE ('',( #129 ) ) ;
#2913 = DIRECTION ( 'NONE',  ( 0.000000000000000000, 0.000000000000000000, -1.000000000000000000 ) ) ;
#2914 = CARTESIAN_POINT ( 'NONE',  ( -2.168404344971008868E-16, -0.1500000000000001055, 1.040000000000000036 ) ) ;
#2915 = ADVANCED_FACE ( 'NONE', ( #2022 ), #5220, .F. ) ;
#2916 = PLANE ( 'NONE',  #2296 ) ;
#2917 = DIRECTION ( 'NONE',  ( 0.000000000000000000, -0.000000000000000000, 1.000000000000000000 ) ) ;
#2918 = ORIENTED_EDGE ( 'NONE', *, *, #4549, .F. ) ;
#2919 = CARTESIAN_POINT ( 'NONE',  ( -0.5000000000000005551, 5.421010862427525128E-16, 0.000000000000000000 ) ) ;
#2920 = UNCERTAINTY_MEASURE_WITH_UNIT (LENGTH_MEASURE( 1.000000000000000082E-05 ), #5159, 'distance_accuracy_value', 'NONE');
#2921 = ORIENTED_EDGE ( 'NONE', *, *, #658, .F. ) ;
#2922 =( LENGTH_UNIT ( ) NAMED_UNIT ( * ) SI_UNIT ( .MILLI., .METRE. ) );
#2923 = FACE_OUTER_BOUND ( 'NONE', #4641, .T. ) ;
#2924 = ORIENTED_EDGE ( 'NONE', *, *, #988, .F. ) ;
#2925 = CARTESIAN_POINT ( 'NONE',  ( -0.000000000000000000, 0.3250000000000000111, 1.040000000000000036 ) ) ;
#2926 = DIRECTION ( 'NONE',  ( -1.000000000000000000, -3.614007241618339896E-16, 0.000000000000000000 ) ) ;
#2927 = LINE ( 'NONE', #2529, #2899 ) ;
#2928 = SURFACE_STYLE_USAGE ( .BOTH. , #5046 ) ;
#2929 = ORIENTED_EDGE ( 'NONE', *, *, #4512, .F. ) ;
#2930 = VERTEX_POINT ( 'NONE', #3245 ) ;
#2931 = SURFACE_STYLE_FILL_AREA ( #3691 ) ;
#2932 = EDGE_CURVE ( 'NONE', #4914, #816, #4396, .T. ) ;
#2933 = DIRECTION ( 'NONE',  ( 1.000000000000000000, -1.084202172485503842E-15, 0.000000000000000000 ) ) ;
#2934 = VERTEX_POINT ( 'NONE', #1196 ) ;
#2935 = DIRECTION ( 'NONE',  ( 0.000000000000000000, 0.000000000000000000, -1.000000000000000000 ) ) ;
#2936 = LINE ( 'NONE', #3012, #5086 ) ;
#2937 = STYLED_ITEM ( 'NONE', ( #3995 ), #1346 ) ;
#2938 = DIRECTION ( 'NONE',  ( 0.000000000000000000, 0.000000000000000000, 1.000000000000000000 ) ) ;
#2939 = STYLED_ITEM ( 'NONE', ( #4565 ), #1402 ) ;
#2940 = SURFACE_STYLE_FILL_AREA ( #1317 ) ;
#2941 = SPHERICAL_SURFACE ( 'NONE', #2875, 0.02999999999999999889 ) ;
#2942 = EDGE_CURVE ( 'NONE', #3426, #3721, #4871, .T. ) ;
#2943 = EDGE_CURVE ( 'NONE', #2991, #4177, #961, .T. ) ;
#2944 = CARTESIAN_POINT ( 'NONE',  ( 0.9700000000000000844, -0.5950000000000001954, 1.010000000000000009 ) ) ;
#2945 =( NAMED_UNIT ( * ) SI_UNIT ( $, .STERADIAN. ) SOLID_ANGLE_UNIT ( ) );
#2946 = ORIENTED_EDGE ( 'NONE', *, *, #4406, .T. ) ;
#2947 = EDGE_CURVE ( 'NONE', #2605, #4858, #4508, .T. ) ;
#2948 = ORIENTED_EDGE ( 'NONE', *, *, #2504, .T. ) ;
#2949 = CARTESIAN_POINT ( 'NONE',  ( -0.6000000000000001998, -0.1500000000000000777, 1.030000000000000027 ) ) ;
#2950 = CARTESIAN_POINT ( 'NONE',  ( -0.8000000000000001554, 0.3250000000000000111, 1.040000000000000036 ) ) ;
#2951 = FACE_OUTER_BOUND ( 'NONE', #4842, .T. ) ;
#2952 = UNCERTAINTY_MEASURE_WITH_UNIT (LENGTH_MEASURE( 1.000000000000000082E-05 ), #998, 'distance_accuracy_value', 'NONE');
#2953 = PLANE ( 'NONE',  #2979 ) ;
#2954 = ORIENTED_EDGE ( 'NONE', *, *, #3769, .F. ) ;
#2955 =( LENGTH_UNIT ( ) NAMED_UNIT ( * ) SI_UNIT ( .MILLI., .METRE. ) );
#2956 = PRESENTATION_STYLE_ASSIGNMENT (( #3738 ) ) ;
#2957 = VECTOR ( 'NONE', #518, 1000.000000000000000 ) ;
#2958 = ORIENTED_EDGE ( 'NONE', *, *, #3667, .T. ) ;
#2959 = MECHANICAL_DESIGN_GEOMETRIC_PRESENTATION_REPRESENTATION (  '', ( #4434 ), #1159 ) ;
#2960 = CARTESIAN_POINT ( 'NONE',  ( 0.000000000000000000, 0.5949999999999999734, 1.010000000000000009 ) ) ;
#2961 = COLOUR_RGB ( '',1.000000000000000000, 0.000000000000000000, 0.000000000000000000 ) ;
#2962 = SURFACE_STYLE_USAGE ( .BOTH. , #4160 ) ;
#2963 = UNCERTAINTY_MEASURE_WITH_UNIT (LENGTH_MEASURE( 1.000000000000000082E-05 ), #726, 'distance_accuracy_value', 'NONE');
#2964 =( GEOMETRIC_REPRESENTATION_CONTEXT ( 3 ) GLOBAL_UNCERTAINTY_ASSIGNED_CONTEXT ( ( #969 ) ) GLOBAL_UNIT_ASSIGNED_CONTEXT ( ( #4041, #1224, #2838 ) ) REPRESENTATION_CONTEXT ( 'NONE', 'WORKASPACE' ) );
#2965 = VECTOR ( 'NONE', #348, 1000.000000000000000 ) ;
#2966 = VECTOR ( 'NONE', #3465, 1000.000000000000000 ) ;
#2967 = CIRCLE ( 'NONE', #671, 0.03000000000000007869 ) ;
#2968 = PRESENTATION_LAYER_ASSIGNMENT (  '', '', ( #2289 ) ) ;
#2969 = CYLINDRICAL_SURFACE ( 'NONE', #4096, 0.03000000000000007869 ) ;
#2970 =( GEOMETRIC_REPRESENTATION_CONTEXT ( 3 ) GLOBAL_UNCERTAINTY_ASSIGNED_CONTEXT ( ( #2307 ) ) GLOBAL_UNIT_ASSIGNED_CONTEXT ( ( #99, #459, #39 ) ) REPRESENTATION_CONTEXT ( 'NONE', 'WORKASPACE' ) );
#2971 = VECTOR ( 'NONE', #3626, 1000.000000000000000 ) ;
#2972 = CARTESIAN_POINT ( 'NONE',  ( 0.5000000000000000000, -0.5950000000000000844, 0.000000000000000000 ) ) ;
#2973 = AXIS2_PLACEMENT_3D ( 'NONE', #3844, #2602, #3892 ) ;
#2974 = ADVANCED_FACE ( 'NONE', ( #1996 ), #714, .T. ) ;
#2975 = DIRECTION ( 'NONE',  ( 1.000000000000000000, 1.084202172485503842E-15, -0.000000000000000000 ) ) ;
#2976 = STYLED_ITEM ( 'NONE', ( #4725 ), #2499 ) ;
#2977 = ORIENTED_EDGE ( 'NONE', *, *, #188, .T. ) ;
#2978 = DIRECTION ( 'NONE',  ( -1.084202172485503842E-15, -1.000000000000000000, 0.000000000000000000 ) ) ;
#2979 = AXIS2_PLACEMENT_3D ( 'NONE', #4211, #2986, #1423 ) ;
#2980 = STYLED_ITEM ( 'NONE', ( #2224 ), #2764 ) ;
#2981 = COLOUR_RGB ( '',0.8431372549019607865, 0.8431372549019607865, 0.8431372549019607865 ) ;
#2982 = EDGE_CURVE ( 'NONE', #4983, #4298, #3409, .T. ) ;
#2983 = AXIS2_PLACEMENT_3D ( 'NONE', #547, #2191, #3825 ) ;
#2984 = EDGE_CURVE ( 'NONE', #5276, #1543, #1195, .T. ) ;
#2985 = DIRECTION ( 'NONE',  ( 0.000000000000000000, 0.000000000000000000, -1.000000000000000000 ) ) ;
#2986 = DIRECTION ( 'NONE',  ( -1.000000000000000000, 1.084202172485503842E-15, 0.000000000000000000 ) ) ;
#2987 = CARTESIAN_POINT ( 'NONE',  ( 1.300000000000000044, 0.000000000000000000, 0.000000000000000000 ) ) ;
#2988 = ORIENTED_EDGE ( 'NONE', *, *, #4034, .F. ) ;
#2989 = VECTOR ( 'NONE', #616, 1000.000000000000000 ) ;
#2990 = CYLINDRICAL_SURFACE ( 'NONE', #4024, 0.02999999999999997113 ) ;
#2991 = VERTEX_POINT ( 'NONE', #451 ) ;
#2992 = SURFACE_STYLE_USAGE ( .BOTH. , #4620 ) ;
#2993 = SURFACE_STYLE_FILL_AREA ( #5082 ) ;
#2994 = SURFACE_STYLE_FILL_AREA ( #1291 ) ;
#2995 = STYLED_ITEM ( 'NONE', ( #4497 ), #3338 ) ;
#2996 = CYLINDRICAL_SURFACE ( 'NONE', #1107, 0.02999999999999997113 ) ;
#2997 = DIRECTION ( 'NONE',  ( -1.000000000000000000, 0.000000000000000000, 0.000000000000000000 ) ) ;
#2998 = FILL_AREA_STYLE ('',( #4688 ) ) ;
#2999 = CYLINDRICAL_SURFACE ( 'NONE', #2983, 0.02999999999999997113 ) ;
#3000 = FILL_AREA_STYLE_COLOUR ( '', #4986 ) ;
#3001 = CARTESIAN_POINT ( 'NONE',  ( 0.6499999999999998002, -0.5950000000000004174, 1.010000000000000009 ) ) ;
#3002 = ORIENTED_EDGE ( 'NONE', *, *, #239, .T. ) ;
#3003 = UNCERTAINTY_MEASURE_WITH_UNIT (LENGTH_MEASURE( 1.000000000000000082E-05 ), #1699, 'distance_accuracy_value', 'NONE');
#3004 =( NAMED_UNIT ( * ) PLANE_ANGLE_UNIT ( ) SI_UNIT ( $, .RADIAN. ) );
#3005 = EDGE_LOOP ( 'NONE', ( #2654, #4925, #1587, #2894 ) ) ;
#3006 = EDGE_CURVE ( 'NONE', #4775, #212, #1623, .T. ) ;
#3007 =( LENGTH_UNIT ( ) NAMED_UNIT ( * ) SI_UNIT ( .MILLI., .METRE. ) );
#3008 = PRESENTATION_STYLE_ASSIGNMENT (( #1065 ) ) ;
#3009 =( NAMED_UNIT ( * ) PLANE_ANGLE_UNIT ( ) SI_UNIT ( $, .RADIAN. ) );
#3010 = VERTEX_POINT ( 'NONE', #3292 ) ;
#3011 = FACE_OUTER_BOUND ( 'NONE', #1982, .T. ) ;
#3012 = CARTESIAN_POINT ( 'NONE',  ( -1.000000000000000000, 0.6249999999999998890, 0.03000000000000007869 ) ) ;
#3013 = DIRECTION ( 'NONE',  ( 0.000000000000000000, 0.000000000000000000, 1.000000000000000000 ) ) ;
#3014 = FILL_AREA_STYLE_COLOUR ( '', #4908 ) ;
#3015 = DIRECTION ( 'NONE',  ( 1.445602896647339114E-15, -1.000000000000000000, 0.000000000000000000 ) ) ;
#3016 = SURFACE_SIDE_STYLE ('',( #2718 ) ) ;
#3017 =( LENGTH_UNIT ( ) NAMED_UNIT ( * ) SI_UNIT ( .MILLI., .METRE. ) );
#3018 =( NAMED_UNIT ( * ) PLANE_ANGLE_UNIT ( ) SI_UNIT ( $, .RADIAN. ) );
#3019 = DIRECTION ( 'NONE',  ( -1.000000000000000000, -0.000000000000000000, -0.000000000000000000 ) ) ;
#3020 = LINE ( 'NONE', #550, #757 ) ;
#3021 = ORIENTED_EDGE ( 'NONE', *, *, #2699, .F. ) ;
#3022 = DIRECTION ( 'NONE',  ( 1.000000000000000000, 0.000000000000000000, 0.000000000000000000 ) ) ;
#3023 = SURFACE_STYLE_FILL_AREA ( #5116 ) ;
#3024 = VERTEX_POINT ( 'NONE', #940 ) ;
#3025 = CARTESIAN_POINT ( 'NONE',  ( 0.8000000000000000444, -0.6250000000000001110, 0.000000000000000000 ) ) ;
#3026 = SURFACE_SIDE_STYLE ('',( #2229 ) ) ;
#3027 = EDGE_CURVE ( 'NONE', #3170, #2090, #3269, .T. ) ;
#3028 = DIRECTION ( 'NONE',  ( -1.000000000000000000, 0.000000000000000000, -0.000000000000000000 ) ) ;
#3029 = EDGE_CURVE ( 'NONE', #5139, #695, #2240, .T. ) ;
#3030 = ORIENTED_EDGE ( 'NONE', *, *, #2351, .T. ) ;
#3031 =( LENGTH_UNIT ( ) NAMED_UNIT ( * ) SI_UNIT ( .MILLI., .METRE. ) );
#3032 = SURFACE_SIDE_STYLE ('',( #5150 ) ) ;
#3033 = ADVANCED_FACE ( 'NONE', ( #3329 ), #4960, .T. ) ;
#3034 = UNCERTAINTY_MEASURE_WITH_UNIT (LENGTH_MEASURE( 1.000000000000000082E-05 ), #3509, 'distance_accuracy_value', 'NONE');
#3035 = DIRECTION ( 'NONE',  ( 0.000000000000000000, -0.000000000000000000, -1.000000000000000000 ) ) ;
#3036 = DIRECTION ( 'NONE',  ( 1.000000000000000000, 0.000000000000000000, -0.000000000000000000 ) ) ;
#3037 = COLOUR_RGB ( '',0.8431372549019607865, 0.8431372549019607865, 0.8431372549019607865 ) ;
#3038 = SURFACE_SIDE_STYLE ('',( #3471 ) ) ;
#3039 = VECTOR ( 'NONE', #4617, 1000.000000000000000 ) ;
#3040 = COLOUR_RGB ( '',0.8431372549019607865, 0.8431372549019607865, 0.8431372549019607865 ) ;
#3041 = CARTESIAN_POINT ( 'NONE',  ( 1.000000000000000000, -0.6250000000000001110, 0.03000000000000007869 ) ) ;
#3042 = ORIENTED_EDGE ( 'NONE', *, *, #3428, .T. ) ;
#3043 = CLOSED_SHELL ( 'NONE', ( #2046, #2033, #3338, #3437, #4111, #4101, #2516, #1991 ) ) ;
#3044 = VECTOR ( 'NONE', #2413, 1000.000000000000000 ) ;
#3045 = VECTOR ( 'NONE', #367, 1000.000000000000000 ) ;
#3046 = AXIS2_PLACEMENT_3D ( 'NONE', #2535, #953, #2178 ) ;
#3047 = DIRECTION ( 'NONE',  ( 0.000000000000000000, 1.000000000000000000, 0.000000000000000000 ) ) ;
#3048 = SURFACE_SIDE_STYLE ('',( #3023 ) ) ;
#3049 = AXIS2_PLACEMENT_3D ( 'NONE', #4239, #1789, #1863 ) ;
#3050 =( NAMED_UNIT ( * ) PLANE_ANGLE_UNIT ( ) SI_UNIT ( $, .RADIAN. ) );
#3051 = MECHANICAL_DESIGN_GEOMETRIC_PRESENTATION_REPRESENTATION (  '', ( #5250 ), #1364 ) ;
#3052 = PRESENTATION_LAYER_ASSIGNMENT (  '', '', ( #2376 ) ) ;
#3053 =( GEOMETRIC_REPRESENTATION_CONTEXT ( 3 ) GLOBAL_UNCERTAINTY_ASSIGNED_CONTEXT ( ( #2648 ) ) GLOBAL_UNIT_ASSIGNED_CONTEXT ( ( #286, #1509, #2656 ) ) REPRESENTATION_CONTEXT ( 'NONE', 'WORKASPACE' ) );
#3054 =( NAMED_UNIT ( * ) PLANE_ANGLE_UNIT ( ) SI_UNIT ( $, .RADIAN. ) );
#3055 = ORIENTED_EDGE ( 'NONE', *, *, #2947, .T. ) ;
#3056 = SURFACE_STYLE_USAGE ( .BOTH. , #1428 ) ;
#3057 = DIRECTION ( 'NONE',  ( -0.000000000000000000, -0.000000000000000000, 1.000000000000000000 ) ) ;
#3058 = VECTOR ( 'NONE', #490, 1000.000000000000000 ) ;
#3059 = CARTESIAN_POINT ( 'NONE',  ( 0.000000000000000000, 0.000000000000000000, 1.040000000000000036 ) ) ;
#3060 =( LENGTH_UNIT ( ) NAMED_UNIT ( * ) SI_UNIT ( .MILLI., .METRE. ) );
#3061 = PRESENTATION_LAYER_ASSIGNMENT (  '', '', ( #104 ) ) ;
#3062 = ORIENTED_EDGE ( 'NONE', *, *, #4001, .T. ) ;
#3063 = STYLED_ITEM ( 'NONE', ( #3692 ), #656 ) ;
#3064 = DIRECTION ( 'NONE',  ( 0.000000000000000000, 0.000000000000000000, -1.000000000000000000 ) ) ;
#3065 = CARTESIAN_POINT ( 'NONE',  ( -0.1500000000000001887, 0.3250000000000000111, 0.000000000000000000 ) ) ;
#3066 = PRESENTATION_LAYER_ASSIGNMENT (  '', '', ( #5167 ) ) ;
#3067 = SURFACE_SIDE_STYLE ('',( #700 ) ) ;
#3068 = EDGE_CURVE ( 'NONE', #1939, #2677, #3156, .T. ) ;
#3069 = PLANE ( 'NONE',  #4737 ) ;
#3070 = PRESENTATION_LAYER_ASSIGNMENT (  '', '', ( #3240 ) ) ;
#3071 =( NAMED_UNIT ( * ) PLANE_ANGLE_UNIT ( ) SI_UNIT ( $, .RADIAN. ) );
#3072 = CARTESIAN_POINT ( 'NONE',  ( -0.6000000000000001998, -0.1500000000000000777, 1.040000000000000036 ) ) ;
#3073 = EDGE_CURVE ( 'NONE', #2291, #5326, #5091, .T. ) ;
#3074 = ADVANCED_FACE ( 'NONE', ( #2923 ), #78, .F. ) ;
#3075 = FILL_AREA_STYLE ('',( #3548 ) ) ;
#3076 =( NAMED_UNIT ( * ) PLANE_ANGLE_UNIT ( ) SI_UNIT ( $, .RADIAN. ) );
#3077 = COLOUR_RGB ( '',0.9607843137254902244, 0.9607843137254902244, 0.9607843137254902244 ) ;
#3078 = CARTESIAN_POINT ( 'NONE',  ( 0.7999999999999997113, -0.3250000000000000111, 0.000000000000000000 ) ) ;
#3079 = ORIENTED_EDGE ( 'NONE', *, *, #5051, .T. ) ;
#3080 =( NAMED_UNIT ( * ) SI_UNIT ( $, .STERADIAN. ) SOLID_ANGLE_UNIT ( ) );
#3081 = CARTESIAN_POINT ( 'NONE',  ( -0.9700000000000000844, 0.5950000000000000844, 1.010000000000000009 ) ) ;
#3082 = CARTESIAN_POINT ( 'NONE',  ( -1.000000000000000000, -0.6250000000000001110, 1.040000000000000036 ) ) ;
#3083 = FILL_AREA_STYLE_COLOUR ( '', #1212 ) ;
#3084 = VERTEX_POINT ( 'NONE', #3874 ) ;
#3085 = LINE ( 'NONE', #4341, #2905 ) ;
#3086 = LINE ( 'NONE', #2254, #252 ) ;
#3087 = EDGE_LOOP ( 'NONE', ( #5334, #4581, #1701 ) ) ;
#3088 = SURFACE_STYLE_FILL_AREA ( #5148 ) ;
#3089 = SURFACE_STYLE_FILL_AREA ( #5125 ) ;
#3090 = CARTESIAN_POINT ( 'NONE',  ( -0.5000000000000002220, 0.3250000000000000111, -0.4242640687119291210 ) ) ;
#3091 = LINE ( 'NONE', #3900, #241 ) ;
#3092 = FACE_OUTER_BOUND ( 'NONE', #916, .T. ) ;
#3093 = SURFACE_SIDE_STYLE ('',( #2329 ) ) ;
#3094 =( LENGTH_UNIT ( ) NAMED_UNIT ( * ) SI_UNIT ( .MILLI., .METRE. ) );
#3095 = CARTESIAN_POINT ( 'NONE',  ( -0.9700000000000000844, 0.5950000000000000844, 0.03000000000000007869 ) ) ;
#3096 = CARTESIAN_POINT ( 'NONE',  ( 0.000000000000000000, -0.5950000000000001954, 1.040000000000000036 ) ) ;
#3097 = EDGE_CURVE ( 'NONE', #809, #4839, #4561, .T. ) ;
#3098 = PRESENTATION_STYLE_ASSIGNMENT (( #3949 ) ) ;
#3099 = ORIENTED_EDGE ( 'NONE', *, *, #4158, .F. ) ;
#3100 = AXIS2_PLACEMENT_3D ( 'NONE', #3613, #2083, #2743 ) ;
#3101 =( NAMED_UNIT ( * ) SI_UNIT ( $, .STERADIAN. ) SOLID_ANGLE_UNIT ( ) );
#3102 = SURFACE_STYLE_FILL_AREA ( #1503 ) ;
#3103 = ADVANCED_FACE ( 'NONE', ( #3546 ), #680, .T. ) ;
#3104 = EDGE_LOOP ( 'NONE', ( #693, #2579, #1589, #3768 ) ) ;
#3105 = DIRECTION ( 'NONE',  ( -0.000000000000000000, -0.000000000000000000, 1.000000000000000000 ) ) ;
#3106 = VERTEX_POINT ( 'NONE', #3072 ) ;
#3107 = PRESENTATION_STYLE_ASSIGNMENT (( #216 ) ) ;
#3108 = LINE ( 'NONE', #718, #5083 ) ;
#3109 = DIRECTION ( 'NONE',  ( 0.000000000000000000, -1.000000000000000000, 0.000000000000000000 ) ) ;
#3110 = LINE ( 'NONE', #3211, #1610 ) ;
#3111 = EDGE_LOOP ( 'NONE', ( #1399, #350, #2164, #4085 ) ) ;
#3112 = DIRECTION ( 'NONE',  ( 0.000000000000000000, 1.000000000000000000, 0.000000000000000000 ) ) ;
#3113 = FILL_AREA_STYLE_COLOUR ( '', #4036 ) ;
#3114 = ADVANCED_BREP_SHAPE_REPRESENTATION ( 'HFCG-3000+', ( #2492, #4279, #2499, #4257, #768, #709, #722, #799, #4814 ), #2693 ) ;
#3115 = CARTESIAN_POINT ( 'NONE',  ( 0.7999999999999997113, 0.3250000000000000111, 1.040000000000000036 ) ) ;
#3116 = ADVANCED_FACE ( 'NONE', ( #5237 ), #1528, .F. ) ;
#3117 = FILL_AREA_STYLE_COLOUR ( '', #3571 ) ;
#3118 = SURFACE_STYLE_USAGE ( .BOTH. , #5209 ) ;
#3119 = CARTESIAN_POINT ( 'NONE',  ( 0.1499999999999994116, -5.421010862427525128E-16, -0.4242640687119291210 ) ) ;
#3120 = DIRECTION ( 'NONE',  ( 0.000000000000000000, 0.000000000000000000, 1.000000000000000000 ) ) ;
#3121 = SURFACE_STYLE_USAGE ( .BOTH. , #3965 ) ;
#3122 = STYLED_ITEM ( 'NONE', ( #561 ), #4143 ) ;
#3123 = UNCERTAINTY_MEASURE_WITH_UNIT (LENGTH_MEASURE( 1.000000000000000082E-05 ), #621, 'distance_accuracy_value', 'NONE');
#3124 = MECHANICAL_DESIGN_GEOMETRIC_PRESENTATION_REPRESENTATION (  '', ( #4805 ), #1682 ) ;
#3125 = EDGE_LOOP ( 'NONE', ( #2617, #222, #3291, #2123 ) ) ;
#3126 = EDGE_CURVE ( 'NONE', #5139, #554, #130, .T. ) ;
#3127 = EDGE_CURVE ( 'NONE', #3361, #421, #4652, .T. ) ;
#3128 = CARTESIAN_POINT ( 'NONE',  ( 0.7999999999999997113, 0.3250000000000000111, 0.000000000000000000 ) ) ;
#3129 = SURFACE_SIDE_STYLE ('',( #3532 ) ) ;
#3130 = ORIENTED_EDGE ( 'NONE', *, *, #203, .F. ) ;
#3131 = SURFACE_SIDE_STYLE ('',( #3560 ) ) ;
#3132 = VECTOR ( 'NONE', #4201, 1000.000000000000000 ) ;
#3133 = PRODUCT_DEFINITION_FORMATION_WITH_SPECIFIED_SOURCE ( 'ANY', '', #1518, .NOT_KNOWN. ) ;
#3134 = VECTOR ( 'NONE', #2215, 1000.000000000000000 ) ;
#3135 = LINE ( 'NONE', #4486, #1708 ) ;
#3136 = ORIENTED_EDGE ( 'NONE', *, *, #631, .T. ) ;
#3137 = LINE ( 'NONE', #339, #3417 ) ;
#3138 = VECTOR ( 'NONE', #372, 1000.000000000000000 ) ;
#3139 = CARTESIAN_POINT ( 'NONE',  ( -0.4999999999999998890, -0.5950000000000001954, 1.010000000000000009 ) ) ;
#3140 = EDGE_CURVE ( 'NONE', #3320, #3792, #4621, .T. ) ;
#3141 = EDGE_CURVE ( 'NONE', #797, #1578, #3849, .T. ) ;
#3142 = AXIS2_PLACEMENT_3D ( 'NONE', #4544, #4584, #3739 ) ;
#3143 = VECTOR ( 'NONE', #676, 1000.000000000000000 ) ;
#3144 = DIRECTION ( 'NONE',  ( 0.000000000000000000, -1.000000000000000000, 0.000000000000000000 ) ) ;
#3145 = ORIENTED_EDGE ( 'NONE', *, *, #4343, .T. ) ;
#3146 = VECTOR ( 'NONE', #5105, 1000.000000000000000 ) ;
#3147 =( NAMED_UNIT ( * ) SI_UNIT ( $, .STERADIAN. ) SOLID_ANGLE_UNIT ( ) );
#3148 = VECTOR ( 'NONE', #4146, 1000.000000000000000 ) ;
#3149 = DIRECTION ( 'NONE',  ( -1.000000000000000000, 0.000000000000000000, 0.000000000000000000 ) ) ;
#3150 = FILL_AREA_STYLE ('',( #1597 ) ) ;
#3151 = PRESENTATION_LAYER_ASSIGNMENT (  '', '', ( #5250 ) ) ;
#3152 = COLOUR_RGB ( '',0.9607843137254902244, 0.9607843137254902244, 0.9607843137254902244 ) ;
#3153 = VECTOR ( 'NONE', #2501, 1000.000000000000000 ) ;
#3154 = EDGE_LOOP ( 'NONE', ( #3935, #2767, #4692, #2954 ) ) ;
#3155 = UNCERTAINTY_MEASURE_WITH_UNIT (LENGTH_MEASURE( 1.000000000000000082E-05 ), #1730, 'distance_accuracy_value', 'NONE');
#3156 = CIRCLE ( 'NONE', #2064, 0.02999999999999997113 ) ;
#3157 =( NAMED_UNIT ( * ) PLANE_ANGLE_UNIT ( ) SI_UNIT ( $, .RADIAN. ) );
#3158 =( NAMED_UNIT ( * ) PLANE_ANGLE_UNIT ( ) SI_UNIT ( $, .RADIAN. ) );
#3159 = ORIENTED_EDGE ( 'NONE', *, *, #5003, .T. ) ;
#3160 = FILL_AREA_STYLE_COLOUR ( '', #1451 ) ;
#3161 = SURFACE_SIDE_STYLE ('',( #4926 ) ) ;
#3162 = MECHANICAL_DESIGN_GEOMETRIC_PRESENTATION_REPRESENTATION (  '', ( #4474 ), #264 ) ;
#3163 =( NAMED_UNIT ( * ) SI_UNIT ( $, .STERADIAN. ) SOLID_ANGLE_UNIT ( ) );
#3164 = ORIENTED_EDGE ( 'NONE', *, *, #2671, .F. ) ;
#3165 = SURFACE_STYLE_USAGE ( .BOTH. , #4441 ) ;
#3166 = VECTOR ( 'NONE', #3149, 1000.000000000000000 ) ;
#3167 = PRESENTATION_STYLE_ASSIGNMENT (( #4822 ) ) ;
#3168 = ORIENTED_EDGE ( 'NONE', *, *, #4335, .F. ) ;
#3169 = DIRECTION ( 'NONE',  ( -1.000000000000000000, -0.000000000000000000, -0.000000000000000000 ) ) ;
#3170 = VERTEX_POINT ( 'NONE', #1817 ) ;
#3171 = CARTESIAN_POINT ( 'NONE',  ( -0.4999999999999998890, 0.5950000000000001954, 0.000000000000000000 ) ) ;
#3172 = SURFACE_STYLE_USAGE ( .BOTH. , #720 ) ;
#3173 = ORIENTED_EDGE ( 'NONE', *, *, #2630, .T. ) ;
#3174 = ADVANCED_FACE ( 'NONE', ( #1413 ), #5084, .T. ) ;
#3175 = DIRECTION ( 'NONE',  ( -0.000000000000000000, -0.000000000000000000, 1.000000000000000000 ) ) ;
#3176 = CARTESIAN_POINT ( 'NONE',  ( 0.7999999999999997113, -0.3250000000000000111, -0.4242640687119291210 ) ) ;
#3177 = PLANE ( 'NONE',  #1095 ) ;
#3178 = SURFACE_SIDE_STYLE ('',( #4407 ) ) ;
#3179 = ORIENTED_EDGE ( 'NONE', *, *, #2809, .F. ) ;
#3180 = SURFACE_STYLE_FILL_AREA ( #41 ) ;
#3181 = DIRECTION ( 'NONE',  ( 0.000000000000000000, 0.000000000000000000, -1.000000000000000000 ) ) ;
#3182 = PRESENTATION_STYLE_ASSIGNMENT (( #1561 ) ) ;
#3183 = UNCERTAINTY_MEASURE_WITH_UNIT (LENGTH_MEASURE( 1.000000000000000082E-05 ), #1225, 'distance_accuracy_value', 'NONE');
#3184 = ORIENTED_EDGE ( 'NONE', *, *, #3421, .F. ) ;
#3185 = FACE_OUTER_BOUND ( 'NONE', #1062, .T. ) ;
#3186 = UNCERTAINTY_MEASURE_WITH_UNIT (LENGTH_MEASURE( 1.000000000000000082E-05 ), #5253, 'distance_accuracy_value', 'NONE');
#3187 = ORIENTED_EDGE ( 'NONE', *, *, #4518, .F. ) ;
#3188 = DIRECTION ( 'NONE',  ( -1.000000000000000000, 0.000000000000000000, 0.000000000000000000 ) ) ;
#3189 = EDGE_LOOP ( 'NONE', ( #5195, #1197, #4754, #5203 ) ) ;
#3190 = DIRECTION ( 'NONE',  ( -0.000000000000000000, -0.000000000000000000, 1.000000000000000000 ) ) ;
#3191 = FACE_OUTER_BOUND ( 'NONE', #952, .T. ) ;
#3192 = ORIENTED_EDGE ( 'NONE', *, *, #4113, .T. ) ;
#3193 = EDGE_CURVE ( 'NONE', #1386, #4059, #4702, .T. ) ;
#3194 = FACE_OUTER_BOUND ( 'NONE', #2806, .T. ) ;
#3195 = VERTEX_POINT ( 'NONE', #2237 ) ;
#3196 = CARTESIAN_POINT ( 'NONE',  ( -0.1500000000000001887, 0.3250000000000000111, 1.040000000000000036 ) ) ;
#3197 = DIRECTION ( 'NONE',  ( 0.000000000000000000, -1.000000000000000000, 0.000000000000000000 ) ) ;
#3198 = ADVANCED_FACE ( 'NONE', ( #2662 ), #243, .T. ) ;
#3199 = ORIENTED_EDGE ( 'NONE', *, *, #4857, .T. ) ;
#3200 = SURFACE_STYLE_USAGE ( .BOTH. , #2416 ) ;
#3201 = AXIS2_PLACEMENT_3D ( 'NONE', #1739, #1392, #4188 ) ;
#3202 = PRESENTATION_STYLE_ASSIGNMENT (( #2109 ) ) ;
#3203 = EDGE_LOOP ( 'NONE', ( #1566, #787, #3716, #380 ) ) ;
#3204 = SURFACE_STYLE_USAGE ( .BOTH. , #3131 ) ;
#3205 = DIRECTION ( 'NONE',  ( 1.000000000000000000, 3.614007241618351729E-16, 0.000000000000000000 ) ) ;
#3206 = EDGE_LOOP ( 'NONE', ( #2225, #2415, #4629, #2695 ) ) ;
#3207 =( NAMED_UNIT ( * ) SI_UNIT ( $, .STERADIAN. ) SOLID_ANGLE_UNIT ( ) );
#3208 = PRESENTATION_LAYER_ASSIGNMENT (  '', '', ( #4981 ) ) ;
#3209 = DIRECTION ( 'NONE',  ( 0.000000000000000000, 0.000000000000000000, 1.000000000000000000 ) ) ;
#3210 = UNCERTAINTY_MEASURE_WITH_UNIT (LENGTH_MEASURE( 1.000000000000000082E-05 ), #4542, 'distance_accuracy_value', 'NONE');
#3211 = CARTESIAN_POINT ( 'NONE',  ( 0.5000000000000002220, -1.156482317317870936E-15, 0.000000000000000000 ) ) ;
#3212 = AXIS2_PLACEMENT_3D ( 'NONE', #739, #4905, #2091 ) ;
#3213 =( GEOMETRIC_REPRESENTATION_CONTEXT ( 3 ) GLOBAL_UNCERTAINTY_ASSIGNED_CONTEXT ( ( #2900 ) ) GLOBAL_UNIT_ASSIGNED_CONTEXT ( ( #4666, #2214, #568 ) ) REPRESENTATION_CONTEXT ( 'NONE', 'WORKASPACE' ) );
#3214 = ORIENTED_EDGE ( 'NONE', *, *, #3594, .T. ) ;
#3215 = CIRCLE ( 'NONE', #4729, 0.03000000000000007869 ) ;
#3216 = MECHANICAL_DESIGN_GEOMETRIC_PRESENTATION_REPRESENTATION (  '', ( #667 ), #2470 ) ;
#3217 =( NAMED_UNIT ( * ) PLANE_ANGLE_UNIT ( ) SI_UNIT ( $, .RADIAN. ) );
#3218 = FILL_AREA_STYLE_COLOUR ( '', #1521 ) ;
#3219 = MECHANICAL_DESIGN_GEOMETRIC_PRESENTATION_REPRESENTATION (  '', ( #2041 ), #4448 ) ;
#3220 = CARTESIAN_POINT ( 'NONE',  ( -0.1500000000000006051, 0.6250000000000000000, 1.040000000000000036 ) ) ;
#3221 = STYLED_ITEM ( 'NONE', ( #4046 ), #2556 ) ;
#3222 = VECTOR ( 'NONE', #1556, 1000.000000000000000 ) ;
#3223 = SURFACE_STYLE_USAGE ( .BOTH. , #3038 ) ;
#3224 = VERTEX_POINT ( 'NONE', #4326 ) ;
#3225 = DIRECTION ( 'NONE',  ( 1.000000000000000000, -0.000000000000000000, -0.000000000000000000 ) ) ;
#3226 = MECHANICAL_DESIGN_GEOMETRIC_PRESENTATION_REPRESENTATION (  '', ( #4545 ), #675 ) ;
#3227 = CARTESIAN_POINT ( 'NONE',  ( 0.8000000000000000444, -0.5950000000000001954, 1.040000000000000036 ) ) ;
#3228 = EDGE_CURVE ( 'NONE', #2111, #3913, #4479, .T. ) ;
#3229 = COLOUR_RGB ( '',0.9607843137254902244, 0.9607843137254902244, 0.9607843137254902244 ) ;
#3230 = EDGE_LOOP ( 'NONE', ( #1584, #4472, #3277, #1281, #948, #267 ) ) ;
#3231 = PRESENTATION_LAYER_ASSIGNMENT (  '', '', ( #4916 ) ) ;
#3232 = PLANE ( 'NONE',  #2773 ) ;
#3233 = VECTOR ( 'NONE', #24, 1000.000000000000000 ) ;
#3234 = CARTESIAN_POINT ( 'NONE',  ( 0.4999999999999993339, 0.5950000000000000844, 0.02999999999999997113 ) ) ;
#3235 = CARTESIAN_POINT ( 'NONE',  ( 0.7999999999999997113, 0.3250000000000000111, -0.4242640687119291210 ) ) ;
#3236 = AXIS2_PLACEMENT_3D ( 'NONE', #3697, #45, #5296 ) ;
#3237 = EDGE_CURVE ( 'NONE', #1543, #4094, #1923, .T. ) ;
#3238 = ORIENTED_EDGE ( 'NONE', *, *, #3503, .F. ) ;
#3239 = CARTESIAN_POINT ( 'NONE',  ( -0.4999999999999998890, 0.6250000000000001110, 1.010000000000000009 ) ) ;
#3240 = STYLED_ITEM ( 'NONE', ( #4128 ), #805 ) ;
#3241 = DIRECTION ( 'NONE',  ( -1.000000000000000000, -3.614007241618339896E-16, 0.000000000000000000 ) ) ;
#3242 =( LENGTH_UNIT ( ) NAMED_UNIT ( * ) SI_UNIT ( .MILLI., .METRE. ) );
#3243 = UNCERTAINTY_MEASURE_WITH_UNIT (LENGTH_MEASURE( 1.000000000000000082E-05 ), #1331, 'distance_accuracy_value', 'NONE');
#3244 =( NAMED_UNIT ( * ) SI_UNIT ( $, .STERADIAN. ) SOLID_ANGLE_UNIT ( ) );
#3245 = CARTESIAN_POINT ( 'NONE',  ( -0.1500000000000006051, 0.6250000000000000000, 0.02999999999999997113 ) ) ;
#3246 = ORIENTED_EDGE ( 'NONE', *, *, #1218, .F. ) ;
#3247 = CARTESIAN_POINT ( 'NONE',  ( -0.5000000000000005551, -5.421010862427525128E-16, 0.000000000000000000 ) ) ;
#3248 = CARTESIAN_POINT ( 'NONE',  ( -0.4999999999999998890, -0.6250000000000001110, -0.4242640687119291210 ) ) ;
#3249 = SURFACE_STYLE_FILL_AREA ( #429 ) ;
#3250 = ORIENTED_EDGE ( 'NONE', *, *, #599, .F. ) ;
#3251 = DIRECTION ( 'NONE',  ( 1.000000000000000000, 0.000000000000000000, 0.000000000000000000 ) ) ;
#3252 = DIRECTION ( 'NONE',  ( -3.614007241618347785E-16, -1.000000000000000000, 0.000000000000000000 ) ) ;
#3253 = PRESENTATION_STYLE_ASSIGNMENT (( #2160 ) ) ;
#3254 = DIRECTION ( 'NONE',  ( 1.000000000000000000, 1.445602896647339114E-15, 0.000000000000000000 ) ) ;
#3255 = VERTEX_POINT ( 'NONE', #4404 ) ;
#3256 = UNCERTAINTY_MEASURE_WITH_UNIT (LENGTH_MEASURE( 1.000000000000000082E-05 ), #2125, 'distance_accuracy_value', 'NONE');
#3257 = LINE ( 'NONE', #2007, #882 ) ;
#3258 = DIRECTION ( 'NONE',  ( 1.000000000000000000, -3.614007241618347785E-16, 0.000000000000000000 ) ) ;
#3259 = DIRECTION ( 'NONE',  ( -3.162256336416055914E-16, 1.000000000000000000, 0.000000000000000000 ) ) ;
#3260 = LINE ( 'NONE', #1213, #964 ) ;
#3261 = DIRECTION ( 'NONE',  ( 1.000000000000000000, 0.000000000000000000, 0.000000000000000000 ) ) ;
#3262 = ORIENTED_EDGE ( 'NONE', *, *, #761, .F. ) ;
#3263 = CARTESIAN_POINT ( 'NONE',  ( -2.710505431213761085E-16, 0.1500000000000001055, 1.030000000000000027 ) ) ;
#3264 = ADVANCED_FACE ( 'NONE', ( #2303 ), #1467, .T. ) ;
#3265 = EDGE_CURVE ( 'NONE', #4790, #4316, #3982, .T. ) ;
#3266 = CARTESIAN_POINT ( 'NONE',  ( 0.8000000000000000444, 0.5949999999999999734, 1.010000000000000009 ) ) ;
#3267 = ORIENTED_EDGE ( 'NONE', *, *, #2947, .F. ) ;
#3268 = SURFACE_STYLE_FILL_AREA ( #2088 ) ;
#3269 = LINE ( 'NONE', #2143, #2560 ) ;
#3270 = EDGE_LOOP ( 'NONE', ( #3513, #209, #1150, #437, #4864, #2977 ) ) ;
#3271 = PLANE ( 'NONE',  #158 ) ;
#3272 = CARTESIAN_POINT ( 'NONE',  ( 0.6500000000000000222, 0.000000000000000000, 1.040000000000000036 ) ) ;
#3273 = CARTESIAN_POINT ( 'NONE',  ( -0.9700000000000000844, -0.6250000000000001110, 0.03000000000000007869 ) ) ;
#3274 = EDGE_CURVE ( 'NONE', #2817, #4780, #2649, .T. ) ;
#3275 = UNCERTAINTY_MEASURE_WITH_UNIT (LENGTH_MEASURE( 1.000000000000000082E-05 ), #2419, 'distance_accuracy_value', 'NONE');
#3276 =( NAMED_UNIT ( * ) SI_UNIT ( $, .STERADIAN. ) SOLID_ANGLE_UNIT ( ) );
#3277 = ORIENTED_EDGE ( 'NONE', *, *, #4791, .T. ) ;
#3278 = CARTESIAN_POINT ( 'NONE',  ( 0.8000000000000001554, -0.5950000000000001954, 0.000000000000000000 ) ) ;
#3279 =( LENGTH_UNIT ( ) NAMED_UNIT ( * ) SI_UNIT ( .MILLI., .METRE. ) );
#3280 = VERTEX_POINT ( 'NONE', #5229 ) ;
#3281 = AXIS2_PLACEMENT_3D ( 'NONE', #1845, #624, #4355 ) ;
#3282 = SURFACE_STYLE_USAGE ( .BOTH. , #1658 ) ;
#3283 = PRESENTATION_STYLE_ASSIGNMENT (( #4499 ) ) ;
#3284 = CARTESIAN_POINT ( 'NONE',  ( 0.6500000000000001332, -0.3249999999999998446, 0.000000000000000000 ) ) ;
#3285 = CARTESIAN_POINT ( 'NONE',  ( 0.1499999999999997446, -0.3250000000000000111, -0.4242640687119291210 ) ) ;
#3286 = EDGE_LOOP ( 'NONE', ( #1210, #2371, #4600, #4648, #3563, #2344 ) ) ;
#3287 = PRESENTATION_STYLE_ASSIGNMENT (( #4595 ) ) ;
#3288 = PRESENTATION_STYLE_ASSIGNMENT (( #848 ) ) ;
#3289 = FACE_OUTER_BOUND ( 'NONE', #5119, .T. ) ;
#3290 = UNCERTAINTY_MEASURE_WITH_UNIT (LENGTH_MEASURE( 1.000000000000000082E-05 ), #2092, 'distance_accuracy_value', 'NONE');
#3291 = ORIENTED_EDGE ( 'NONE', *, *, #3305, .T. ) ;
#3292 = CARTESIAN_POINT ( 'NONE',  ( -0.1500000000000006051, 0.6250000000000000000, 0.03000000000000007869 ) ) ;
#3293 = ORIENTED_EDGE ( 'NONE', *, *, #2351, .F. ) ;
#3294 = EDGE_CURVE ( 'NONE', #2775, #4033, #3575, .T. ) ;
#3295 = LINE ( 'NONE', #3247, #935 ) ;
#3296 = EDGE_CURVE ( 'NONE', #3195, #3010, #3773, .T. ) ;
#3297 = CARTESIAN_POINT ( 'NONE',  ( -0.4999999999999998890, 0.6250000000000001110, -0.4242640687119291210 ) ) ;
#3298 =( NAMED_UNIT ( * ) SI_UNIT ( $, .STERADIAN. ) SOLID_ANGLE_UNIT ( ) );
#3299 = AXIS2_PLACEMENT_3D ( 'NONE', #3377, #5066, #1383 ) ;
#3300 = MECHANICAL_DESIGN_GEOMETRIC_PRESENTATION_REPRESENTATION (  '', ( #4435 ), #5144 ) ;
#3301 = DIRECTION ( 'NONE',  ( 0.000000000000000000, 0.000000000000000000, 1.000000000000000000 ) ) ;
#3302 = EDGE_LOOP ( 'NONE', ( #1546, #2356, #1261, #4002, #1273, #5272 ) ) ;
#3303 = DIRECTION ( 'NONE',  ( 0.000000000000000000, 0.000000000000000000, -1.000000000000000000 ) ) ;
#3304 = EDGE_CURVE ( 'NONE', #3533, #797, #2793, .T. ) ;
#3305 = EDGE_CURVE ( 'NONE', #5276, #4869, #2464, .T. ) ;
#3306 =( GEOMETRIC_REPRESENTATION_CONTEXT ( 3 ) GLOBAL_UNCERTAINTY_ASSIGNED_CONTEXT ( ( #1849 ) ) GLOBAL_UNIT_ASSIGNED_CONTEXT ( ( #1719, #928, #1338 ) ) REPRESENTATION_CONTEXT ( 'NONE', 'WORKASPACE' ) );
#3307 = AXIS2_PLACEMENT_3D ( 'NONE', #302, #1058, #2687 ) ;
#3308 = CARTESIAN_POINT ( 'NONE',  ( -0.1500000000000006051, 0.5949999999999999734, 1.010000000000000009 ) ) ;
#3309 = VERTEX_POINT ( 'NONE', #351 ) ;
#3310 = STYLED_ITEM ( 'NONE', ( #4272 ), #2212 ) ;
#3311 = DIRECTION ( 'NONE',  ( -1.084202172485503842E-15, 1.000000000000000000, 0.000000000000000000 ) ) ;
#3312 = FILL_AREA_STYLE_COLOUR ( '', #97 ) ;
#3313 = CLOSED_SHELL ( 'NONE', ( #2667, #5034, #4204, #439, #3943, #1402, #1473, #2974 ) ) ;
#3314 = LINE ( 'NONE', #963, #1760 ) ;
#3315 = CIRCLE ( 'NONE', #1099, 0.02999999999999997113 ) ;
#3316 = VECTOR ( 'NONE', #3057, 1000.000000000000000 ) ;
#3317 = VECTOR ( 'NONE', #1673, 1000.000000000000000 ) ;
#3318 = VECTOR ( 'NONE', #3175, 1000.000000000000000 ) ;
#3319 = SURFACE_STYLE_FILL_AREA ( #1237 ) ;
#3320 = VERTEX_POINT ( 'NONE', #3606 ) ;
#3321 = FILL_AREA_STYLE_COLOUR ( '', #1400 ) ;
#3322 = AXIS2_PLACEMENT_3D ( 'NONE', #3372, #567, #5057 ) ;
#3323 = DIRECTION ( 'NONE',  ( 0.000000000000000000, 0.000000000000000000, 1.000000000000000000 ) ) ;
#3324 = VECTOR ( 'NONE', #3925, 1000.000000000000000 ) ;
#3325 = MECHANICAL_DESIGN_GEOMETRIC_PRESENTATION_REPRESENTATION (  '', ( #6 ), #1260 ) ;
#3326 = FACE_OUTER_BOUND ( 'NONE', #466, .T. ) ;
#3327 = CYLINDRICAL_SURFACE ( 'NONE', #5240, 0.03000000000000007869 ) ;
#3328 = CARTESIAN_POINT ( 'NONE',  ( -1.000000000000000000, 0.5950000000000000844, 1.040000000000000036 ) ) ;
#3329 = FACE_OUTER_BOUND ( 'NONE', #53, .T. ) ;
#3330 = VERTEX_POINT ( 'NONE', #3196 ) ;
#3331 = CARTESIAN_POINT ( 'NONE',  ( 0.4999999999999993339, 0.6250000000000000000, 0.02999999999999997113 ) ) ;
#3332 = SURFACE_SIDE_STYLE ('',( #1729 ) ) ;
#3333 = UNCERTAINTY_MEASURE_WITH_UNIT (LENGTH_MEASURE( 1.000000000000000082E-05 ), #3779, 'distance_accuracy_value', 'NONE');
#3334 = EDGE_LOOP ( 'NONE', ( #3528, #3145, #2410, #3030 ) ) ;
#3335 = ORIENTED_EDGE ( 'NONE', *, *, #907, .F. ) ;
#3336 = SURFACE_STYLE_USAGE ( .BOTH. , #481 ) ;
#3337 = DIRECTION ( 'NONE',  ( 1.000000000000000000, -3.614007241618347785E-16, 0.000000000000000000 ) ) ;
#3338 = ADVANCED_FACE ( 'NONE', ( #4973 ), #4882, .T. ) ;
#3339 =( LENGTH_UNIT ( ) NAMED_UNIT ( * ) SI_UNIT ( .MILLI., .METRE. ) );
#3340 = EDGE_CURVE ( 'NONE', #3330, #727, #3257, .T. ) ;
#3341 = PRESENTATION_LAYER_ASSIGNMENT (  '', '', ( #5182 ) ) ;
#3342 = ORIENTED_EDGE ( 'NONE', *, *, #1742, .T. ) ;
#3343 =( NAMED_UNIT ( * ) PLANE_ANGLE_UNIT ( ) SI_UNIT ( $, .RADIAN. ) );
#3344 = CARTESIAN_POINT ( 'NONE',  ( -0.5000000000000002220, -0.3250000000000000111, -0.4242640687119291210 ) ) ;
#3345 = DIRECTION ( 'NONE',  ( -1.000000000000000000, 0.000000000000000000, -0.000000000000000000 ) ) ;
#3346 = EDGE_CURVE ( 'NONE', #873, #2532, #1601, .T. ) ;
#3347 = FACE_OUTER_BOUND ( 'NONE', #4794, .T. ) ;
#3348 = PLANE ( 'NONE',  #3281 ) ;
#3349 = SURFACE_STYLE_FILL_AREA ( #1765 ) ;
#3350 = FILL_AREA_STYLE ('',( #2243 ) ) ;
#3351 = FILL_AREA_STYLE_COLOUR ( '', #3648 ) ;
#3352 = DIRECTION ( 'NONE',  ( 0.000000000000000000, 0.000000000000000000, -1.000000000000000000 ) ) ;
#3353 = DIRECTION ( 'NONE',  ( 0.000000000000000000, -1.000000000000000000, 0.000000000000000000 ) ) ;
#3354 = VERTEX_POINT ( 'NONE', #64 ) ;
#3355 = DIRECTION ( 'NONE',  ( 1.000000000000000000, -4.517509052022936580E-17, 0.000000000000000000 ) ) ;
#3356 = LINE ( 'NONE', #3730, #424 ) ;
#3357 = SURFACE_SIDE_STYLE ('',( #33 ) ) ;
#3358 =( NAMED_UNIT ( * ) PLANE_ANGLE_UNIT ( ) SI_UNIT ( $, .RADIAN. ) );
#3359 = VERTEX_POINT ( 'NONE', #1145 ) ;
#3360 = CARTESIAN_POINT ( 'NONE',  ( -0.8000000000000005995, 0.6250000000000000000, 1.010000000000000009 ) ) ;
#3361 = VERTEX_POINT ( 'NONE', #2758 ) ;
#3362 = SURFACE_SIDE_STYLE ('',( #2120 ) ) ;
#3363 = FACE_OUTER_BOUND ( 'NONE', #1434, .T. ) ;
#3364 = CYLINDRICAL_SURFACE ( 'NONE', #1689, 0.02999999999999997113 ) ;
#3365 = VERTEX_POINT ( 'NONE', #4923 ) ;
#3366 = SURFACE_STYLE_USAGE ( .BOTH. , #2184 ) ;
#3367 =( LENGTH_UNIT ( ) NAMED_UNIT ( * ) SI_UNIT ( .MILLI., .METRE. ) );
#3368 = EDGE_CURVE ( 'NONE', #2090, #4790, #2433, .T. ) ;
#3369 = SURFACE_STYLE_USAGE ( .BOTH. , #4139 ) ;
#3370 = MECHANICAL_DESIGN_GEOMETRIC_PRESENTATION_REPRESENTATION (  '', ( #2195 ), #2850 ) ;
#3371 = EDGE_CURVE ( 'NONE', #2562, #1514, #399, .T. ) ;
#3372 = CARTESIAN_POINT ( 'NONE',  ( 0.4999999999999997780, 0.3250000000000000111, -0.4242640687119291210 ) ) ;
#3373 = SURFACE_STYLE_USAGE ( .BOTH. , #4278 ) ;
#3374 = CARTESIAN_POINT ( 'NONE',  ( -2.710505431213761085E-16, 0.1500000000000001055, 1.040000000000000036 ) ) ;
#3375 = ORIENTED_EDGE ( 'NONE', *, *, #3368, .F. ) ;
#3376 =( LENGTH_UNIT ( ) NAMED_UNIT ( * ) SI_UNIT ( .MILLI., .METRE. ) );
#3377 = CARTESIAN_POINT ( 'NONE',  ( 0.4999999999999993339, 0.6250000000000000000, -0.4242640687119291210 ) ) ;
#3378 = FILL_AREA_STYLE_COLOUR ( '', #513 ) ;
#3379 = ORIENTED_EDGE ( 'NONE', *, *, #2008, .F. ) ;
#3380 = ORIENTED_EDGE ( 'NONE', *, *, #1533, .T. ) ;
#3381 = DIRECTION ( 'NONE',  ( -1.000000000000000000, 0.000000000000000000, 0.000000000000000000 ) ) ;
#3382 = FILL_AREA_STYLE ('',( #1755 ) ) ;
#3383 =( GEOMETRIC_REPRESENTATION_CONTEXT ( 3 ) GLOBAL_UNCERTAINTY_ASSIGNED_CONTEXT ( ( #2713 ) ) GLOBAL_UNIT_ASSIGNED_CONTEXT ( ( #544, #4159, #5029 ) ) REPRESENTATION_CONTEXT ( 'NONE', 'WORKASPACE' ) );
#3384 = DIRECTION ( 'NONE',  ( 0.000000000000000000, 0.000000000000000000, -1.000000000000000000 ) ) ;
#3385 = EDGE_LOOP ( 'NONE', ( #312, #2720, #2518, #4418 ) ) ;
#3386 = COLOUR_RGB ( '',0.8431372549019607865, 0.8431372549019607865, 0.8431372549019607865 ) ;
#3387 = CARTESIAN_POINT ( 'NONE',  ( -0.6000000000000001998, 0.1499999999999999112, 1.030000000000000027 ) ) ;
#3388 = CARTESIAN_POINT ( 'NONE',  ( 1.174552353525963794E-16, -0.3249999999999998446, -0.4242640687119291210 ) ) ;
#3389 = CIRCLE ( 'NONE', #1616, 0.02999999999999997113 ) ;
#3390 = STYLED_ITEM ( 'NONE', ( #1802 ), #4393 ) ;
#3391 = CIRCLE ( 'NONE', #1097, 0.02999999999999997113 ) ;
#3392 = STYLED_ITEM ( 'NONE', ( #4808 ), #2347 ) ;
#3393 = MECHANICAL_DESIGN_GEOMETRIC_PRESENTATION_REPRESENTATION (  '', ( #4193 ), #1435 ) ;
#3394 = LINE ( 'NONE', #183, #681 ) ;
#3395 = DIRECTION ( 'NONE',  ( 1.000000000000000000, 0.000000000000000000, 0.000000000000000000 ) ) ;
#3396 = COLOUR_RGB ( '',0.8431372549019607865, 0.8431372549019607865, 0.8431372549019607865 ) ;
#3397 = COLOUR_RGB ( '',0.8431372549019607865, 0.8431372549019607865, 0.8431372549019607865 ) ;
#3398 = ADVANCED_FACE ( 'NONE', ( #1235 ), #4106, .T. ) ;
#3399 = CIRCLE ( 'NONE', #4107, 0.02999999999999997113 ) ;
#3400 = ORIENTED_EDGE ( 'NONE', *, *, #3796, .T. ) ;
#3401 = CARTESIAN_POINT ( 'NONE',  ( -0.1499999999999999667, -0.3250000000000000666, 1.040000000000000036 ) ) ;
#3402 = STYLED_ITEM ( 'NONE', ( #3167 ), #5187 ) ;
#3403 = VECTOR ( 'NONE', #60, 1000.000000000000000 ) ;
#3404 = VECTOR ( 'NONE', #3015, 1000.000000000000000 ) ;
#3405 = PRESENTATION_STYLE_ASSIGNMENT (( #552 ) ) ;
#3406 = AXIS2_PLACEMENT_3D ( 'NONE', #2741, #2014, #5321 ) ;
#3407 =( NAMED_UNIT ( * ) PLANE_ANGLE_UNIT ( ) SI_UNIT ( $, .RADIAN. ) );
#3408 = FILL_AREA_STYLE_COLOUR ( '', #3229 ) ;
#3409 = CIRCLE ( 'NONE', #2236, 0.02999999999999997113 ) ;
#3410 =( NAMED_UNIT ( * ) SI_UNIT ( $, .STERADIAN. ) SOLID_ANGLE_UNIT ( ) );
#3411 = ORIENTED_EDGE ( 'NONE', *, *, #4439, .T. ) ;
#3412 =( GEOMETRIC_REPRESENTATION_CONTEXT ( 3 ) GLOBAL_UNCERTAINTY_ASSIGNED_CONTEXT ( ( #52 ) ) GLOBAL_UNIT_ASSIGNED_CONTEXT ( ( #1, #1626, #3620 ) ) REPRESENTATION_CONTEXT ( 'NONE', 'WORKASPACE' ) );
#3413 = CARTESIAN_POINT ( 'NONE',  ( -0.1499999999999999667, -0.6250000000000001110, 0.03000000000000007869 ) ) ;
#3414 = LINE ( 'NONE', #3025, #765 ) ;
#3415 = PRESENTATION_LAYER_ASSIGNMENT (  '', '', ( #5170 ) ) ;
#3416 = CARTESIAN_POINT ( 'NONE',  ( 0.4999999999999993339, 0.6250000000000000000, 0.000000000000000000 ) ) ;
#3417 = VECTOR ( 'NONE', #1590, 1000.000000000000000 ) ;
#3418 = EDGE_LOOP ( 'NONE', ( #4144, #263, #1410, #5297, #3250, #5301 ) ) ;
#3419 = CARTESIAN_POINT ( 'NONE',  ( 0.000000000000000000, 0.5949999999999999734, 1.010000000000000009 ) ) ;
#3420 = STYLED_ITEM ( 'NONE', ( #4715 ), #3398 ) ;
#3421 = EDGE_CURVE ( 'NONE', #1124, #1543, #900, .T. ) ;
#3422 = CARTESIAN_POINT ( 'NONE',  ( -1.000000000000000000, -0.6250000000000001110, 1.040000000000000036 ) ) ;
#3423 = PLANE ( 'NONE',  #1493 ) ;
#3424 = DIRECTION ( 'NONE',  ( 1.000000000000000000, -1.084202172485503842E-15, 0.000000000000000000 ) ) ;
#3425 = CARTESIAN_POINT ( 'NONE',  ( -0.1499999999999999667, -0.5950000000000001954, 0.03000000000000007869 ) ) ;
#3426 = VERTEX_POINT ( 'NONE', #4752 ) ;
#3427 =( NAMED_UNIT ( * ) PLANE_ANGLE_UNIT ( ) SI_UNIT ( $, .RADIAN. ) );
#3428 = EDGE_CURVE ( 'NONE', #958, #30, #1295, .T. ) ;
#3429 = EDGE_CURVE ( 'NONE', #2813, #4025, #532, .T. ) ;
#3430 = FILL_AREA_STYLE_COLOUR ( '', #2770 ) ;
#3431 = UNCERTAINTY_MEASURE_WITH_UNIT (LENGTH_MEASURE( 1.000000000000000082E-05 ), #3756, 'distance_accuracy_value', 'NONE');
#3432 = ORIENTED_EDGE ( 'NONE', *, *, #1251, .T. ) ;
#3433 = CARTESIAN_POINT ( 'NONE',  ( -2.168404344971008868E-16, -0.1500000000000001055, 1.040000000000000036 ) ) ;
#3434 = VERTEX_POINT ( 'NONE', #484 ) ;
#3435 = DIRECTION ( 'NONE',  ( 3.614007241618354687E-16, 1.000000000000000000, 0.000000000000000000 ) ) ;
#3436 = FACE_OUTER_BOUND ( 'NONE', #1334, .T. ) ;
#3437 = ADVANCED_FACE ( 'NONE', ( #1044 ), #4157, .T. ) ;
#3438 = ORIENTED_EDGE ( 'NONE', *, *, #1501, .F. ) ;
#3439 = SURFACE_SIDE_STYLE ('',( #3494 ) ) ;
#3440 = MECHANICAL_DESIGN_GEOMETRIC_PRESENTATION_REPRESENTATION (  '', ( #943 ), #4609 ) ;
#3441 =( NAMED_UNIT ( * ) SI_UNIT ( $, .STERADIAN. ) SOLID_ANGLE_UNIT ( ) );
#3442 = DIRECTION ( 'NONE',  ( 1.000000000000000000, 1.445602896647339114E-15, 0.000000000000000000 ) ) ;
#3443 = FILL_AREA_STYLE ('',( #1002 ) ) ;
#3444 =( LENGTH_UNIT ( ) NAMED_UNIT ( * ) SI_UNIT ( .MILLI., .METRE. ) );
#3445 = LINE ( 'NONE', #5131, #5325 ) ;
#3446 = CARTESIAN_POINT ( 'NONE',  ( 0.7999999999999997113, -0.3250000000000000111, 0.000000000000000000 ) ) ;
#3447 = VERTEX_POINT ( 'NONE', #3862 ) ;
#3448 =( LENGTH_UNIT ( ) NAMED_UNIT ( * ) SI_UNIT ( .MILLI., .METRE. ) );
#3449 =( LENGTH_UNIT ( ) NAMED_UNIT ( * ) SI_UNIT ( .MILLI., .METRE. ) );
#3450 = EDGE_LOOP ( 'NONE', ( #2451, #2333, #1734, #3002, #941, #2575 ) ) ;
#3451 = DIRECTION ( 'NONE',  ( -1.807003620809172906E-16, 1.000000000000000000, 0.000000000000000000 ) ) ;
#3452 = EDGE_CURVE ( 'NONE', #3365, #3533, #2222, .T. ) ;
#3453 = VERTEX_POINT ( 'NONE', #194 ) ;
#3454 =( LENGTH_UNIT ( ) NAMED_UNIT ( * ) SI_UNIT ( .MILLI., .METRE. ) );
#3455 = DIRECTION ( 'NONE',  ( 0.000000000000000000, 0.000000000000000000, 1.000000000000000000 ) ) ;
#3456 = DIRECTION ( 'NONE',  ( -0.000000000000000000, -0.000000000000000000, 1.000000000000000000 ) ) ;
#3457 = SURFACE_STYLE_FILL_AREA ( #1431 ) ;
#3458 = CARTESIAN_POINT ( 'NONE',  ( -0.5000000000000002220, 0.3250000000000000111, 0.000000000000000000 ) ) ;
#3459 = ORIENTED_EDGE ( 'NONE', *, *, #428, .T. ) ;
#3460 = EDGE_CURVE ( 'NONE', #1578, #3024, #1809, .T. ) ;
#3461 = EDGE_CURVE ( 'NONE', #4632, #1249, #634, .T. ) ;
#3462 = FILL_AREA_STYLE_COLOUR ( '', #1936 ) ;
#3463 = PRESENTATION_LAYER_ASSIGNMENT (  '', '', ( #1934 ) ) ;
#3464 = FILL_AREA_STYLE_COLOUR ( '', #4299 ) ;
#3465 = DIRECTION ( 'NONE',  ( 1.000000000000000000, 3.614007241618351729E-16, 0.000000000000000000 ) ) ;
#3466 = AXIS2_PLACEMENT_3D ( 'NONE', #1436, #240, #3064 ) ;
#3467 = UNCERTAINTY_MEASURE_WITH_UNIT (LENGTH_MEASURE( 1.000000000000000082E-05 ), #3449, 'distance_accuracy_value', 'NONE');
#3468 = FILL_AREA_STYLE_COLOUR ( '', #1240 ) ;
#3469 = AXIS2_PLACEMENT_3D ( 'NONE', #1745, #2975, #4228 ) ;
#3470 = AXIS2_PLACEMENT_3D ( 'NONE', #4414, #329, #446 ) ;
#3471 = SURFACE_STYLE_FILL_AREA ( #2370 ) ;
#3472 = VECTOR ( 'NONE', #2417, 1000.000000000000000 ) ;
#3473 = AXIS2_PLACEMENT_3D ( 'NONE', #4550, #4520, #2097 ) ;
#3474 =( GEOMETRIC_REPRESENTATION_CONTEXT ( 3 ) GLOBAL_UNCERTAINTY_ASSIGNED_CONTEXT ( ( #4990 ) ) GLOBAL_UNIT_ASSIGNED_CONTEXT ( ( #5184, #3071, #1053 ) ) REPRESENTATION_CONTEXT ( 'NONE', 'WORKASPACE' ) );
#3475 = CARTESIAN_POINT ( 'NONE',  ( -1.000000000000000000, -0.6250000000000001110, 1.010000000000000009 ) ) ;
#3476 = ORIENTED_EDGE ( 'NONE', *, *, #4856, .F. ) ;
#3477 = CLOSED_SHELL ( 'NONE', ( #4829, #834, #1842, #2556, #3587, #1412, #4851, #3630 ) ) ;
#3478 = AXIS2_PLACEMENT_3D ( 'NONE', #2500, #3636, #1181 ) ;
#3479 = VECTOR ( 'NONE', #3028, 1000.000000000000000 ) ;
#3480 = SURFACE_STYLE_FILL_AREA ( #632 ) ;
#3481 = AXIS2_PLACEMENT_3D ( 'NONE', #3772, #4218, #2179 ) ;
#3482 = DIRECTION ( 'NONE',  ( 1.000000000000000000, 0.000000000000000000, 0.000000000000000000 ) ) ;
#3483 = COLOUR_RGB ( '',0.9607843137254902244, 0.9607843137254902244, 0.9607843137254902244 ) ;
#3484 =( GEOMETRIC_REPRESENTATION_CONTEXT ( 3 ) GLOBAL_UNCERTAINTY_ASSIGNED_CONTEXT ( ( #3183 ) ) GLOBAL_UNIT_ASSIGNED_CONTEXT ( ( #1225, #4909, #3710 ) ) REPRESENTATION_CONTEXT ( 'NONE', 'WORKASPACE' ) );
#3485 = DIRECTION ( 'NONE',  ( 0.000000000000000000, 0.000000000000000000, -1.000000000000000000 ) ) ;
#3486 = EDGE_LOOP ( 'NONE', ( #4762, #3293, #452, #2406 ) ) ;
#3487 = SURFACE_STYLE_USAGE ( .BOTH. , #615 ) ;
#3488 = LINE ( 'NONE', #3975, #1100 ) ;
#3489 = AXIS2_PLACEMENT_3D ( 'NONE', #495, #858, #2484 ) ;
#3490 = LINE ( 'NONE', #3846, #3479 ) ;
#3491 = ORIENTED_EDGE ( 'NONE', *, *, #4591, .F. ) ;
#3492 = DIRECTION ( 'NONE',  ( 0.000000000000000000, 0.000000000000000000, -1.000000000000000000 ) ) ;
#3493 = FILL_AREA_STYLE ('',( #2637 ) ) ;
#3494 = SURFACE_STYLE_FILL_AREA ( #1818 ) ;
#3495 = ADVANCED_FACE ( 'NONE', ( #3885 ), #4773, .F. ) ;
#3496 = AXIS2_PLACEMENT_3D ( 'NONE', #1231, #2343, #347 ) ;
#3497 = EDGE_CURVE ( 'NONE', #417, #92, #4824, .T. ) ;
#3498 = CARTESIAN_POINT ( 'NONE',  ( 0.1500000000000000777, 0.5950000000000001954, 0.02999999999999997113 ) ) ;
#3499 = ORIENTED_EDGE ( 'NONE', *, *, #471, .T. ) ;
#3500 = DIRECTION ( 'NONE',  ( 1.000000000000000000, 1.084202172485503842E-15, 0.000000000000000000 ) ) ;
#3501 = MECHANICAL_DESIGN_GEOMETRIC_PRESENTATION_REPRESENTATION (  '', ( #349 ), #786 ) ;
#3502 = CYLINDRICAL_SURFACE ( 'NONE', #3930, 0.02999999999999999889 ) ;
#3503 = EDGE_CURVE ( 'NONE', #3447, #715, #5196, .T. ) ;
#3504 = CARTESIAN_POINT ( 'NONE',  ( -0.7999999999999999334, -0.6250000000000000000, 1.010000000000000009 ) ) ;
#3505 = UNCERTAINTY_MEASURE_WITH_UNIT (LENGTH_MEASURE( 1.000000000000000082E-05 ), #3007, 'distance_accuracy_value', 'NONE');
#3506 =( GEOMETRIC_REPRESENTATION_CONTEXT ( 3 ) GLOBAL_UNCERTAINTY_ASSIGNED_CONTEXT ( ( #2174 ) ) GLOBAL_UNIT_ASSIGNED_CONTEXT ( ( #2911, #4588, #1458 ) ) REPRESENTATION_CONTEXT ( 'NONE', 'WORKASPACE' ) );
#3507 = VERTEX_POINT ( 'NONE', #4447 ) ;
#3508 = SURFACE_STYLE_USAGE ( .BOTH. , #3858 ) ;
#3509 =( LENGTH_UNIT ( ) NAMED_UNIT ( * ) SI_UNIT ( .MILLI., .METRE. ) );
#3510 = CARTESIAN_POINT ( 'NONE',  ( 0.5000000000000000000, -0.5950000000000000844, 0.02999999999999997113 ) ) ;
#3511 = ORIENTED_EDGE ( 'NONE', *, *, #5033, .F. ) ;
#3512 = CARTESIAN_POINT ( 'NONE',  ( 0.1500000000000000777, -0.6250000000000001110, -0.4242640687119291210 ) ) ;
#3513 = ORIENTED_EDGE ( 'NONE', *, *, #3073, .T. ) ;
#3514 = DIRECTION ( 'NONE',  ( -1.000000000000000000, 1.084202172485503842E-15, 0.000000000000000000 ) ) ;
#3515 = PRESENTATION_STYLE_ASSIGNMENT (( #3487 ) ) ;
#3516 = DIRECTION ( 'NONE',  ( 1.445602896647339114E-15, -1.000000000000000000, 0.000000000000000000 ) ) ;
#3517 =( NAMED_UNIT ( * ) SI_UNIT ( $, .STERADIAN. ) SOLID_ANGLE_UNIT ( ) );
#3518 = DIRECTION ( 'NONE',  ( -1.084202172485503842E-15, 1.000000000000000000, 0.000000000000000000 ) ) ;
#3519 = ORIENTED_EDGE ( 'NONE', *, *, #1442, .F. ) ;
#3520 = FILL_AREA_STYLE ('',( #2636 ) ) ;
#3521 = SURFACE_SIDE_STYLE ('',( #3089 ) ) ;
#3522 =( NAMED_UNIT ( * ) PLANE_ANGLE_UNIT ( ) SI_UNIT ( $, .RADIAN. ) );
#3523 = UNCERTAINTY_MEASURE_WITH_UNIT (LENGTH_MEASURE( 1.000000000000000082E-05 ), #3746, 'distance_accuracy_value', 'NONE');
#3524 = DIRECTION ( 'NONE',  ( 1.000000000000000000, -1.084202172485503842E-15, 0.000000000000000000 ) ) ;
#3525 = DIRECTION ( 'NONE',  ( 9.035018104045878829E-16, 1.000000000000000000, 0.000000000000000000 ) ) ;
#3526 = EDGE_CURVE ( 'NONE', #4527, #4346, #1995, .T. ) ;
#3527 = EDGE_CURVE ( 'NONE', #983, #2221, #1154, .T. ) ;
#3528 = ORIENTED_EDGE ( 'NONE', *, *, #1555, .F. ) ;
#3529 = CIRCLE ( 'NONE', #1236, 0.02999999999999997113 ) ;
#3530 = STYLED_ITEM ( 'NONE', ( #3971 ), #3587 ) ;
#3531 =( NAMED_UNIT ( * ) PLANE_ANGLE_UNIT ( ) SI_UNIT ( $, .RADIAN. ) );
#3532 = SURFACE_STYLE_FILL_AREA ( #304 ) ;
#3533 = VERTEX_POINT ( 'NONE', #2390 ) ;
#3534 = CARTESIAN_POINT ( 'NONE',  ( -0.1500000000000006051, 0.6250000000000000000, 0.000000000000000000 ) ) ;
#3535 =( LENGTH_UNIT ( ) NAMED_UNIT ( * ) SI_UNIT ( .MILLI., .METRE. ) );
#3536 = ORIENTED_EDGE ( 'NONE', *, *, #2684, .T. ) ;
#3537 = SURFACE_STYLE_FILL_AREA ( #2675 ) ;
#3538 = DIRECTION ( 'NONE',  ( -9.035018104045878829E-16, 1.000000000000000000, 0.000000000000000000 ) ) ;
#3539 = DIRECTION ( 'NONE',  ( -1.000000000000000000, 0.000000000000000000, 0.000000000000000000 ) ) ;
#3540 = EDGE_LOOP ( 'NONE', ( #4014, #2119, #4359, #3267 ) ) ;
#3541 = CARTESIAN_POINT ( 'NONE',  ( -0.1499999999999999667, -0.5950000000000000844, 0.02999999999999997113 ) ) ;
#3542 = DIRECTION ( 'NONE',  ( 1.000000000000000000, 0.000000000000000000, -0.000000000000000000 ) ) ;
#3543 = UNCERTAINTY_MEASURE_WITH_UNIT (LENGTH_MEASURE( 1.000000000000000082E-05 ), #3444, 'distance_accuracy_value', 'NONE');
#3544 = ORIENTED_EDGE ( 'NONE', *, *, #5120, .T. ) ;
#3545 = ORIENTED_EDGE ( 'NONE', *, *, #3140, .T. ) ;
#3546 = FACE_OUTER_BOUND ( 'NONE', #23, .T. ) ;
#3547 = LINE ( 'NONE', #3750, #1080 ) ;
#3548 = FILL_AREA_STYLE_COLOUR ( '', #2151 ) ;
#3549 = CARTESIAN_POINT ( 'NONE',  ( 0.000000000000000000, 0.000000000000000000, 0.000000000000000000 ) ) ;
#3550 = MECHANICAL_DESIGN_GEOMETRIC_PRESENTATION_REPRESENTATION (  '', ( #2868 ), #748 ) ;
#3551 = VERTEX_POINT ( 'NONE', #802 ) ;
#3552 = SURFACE_STYLE_FILL_AREA ( #4333 ) ;
#3553 = COLOUR_RGB ( '',1.000000000000000000, 0.000000000000000000, 0.000000000000000000 ) ;
#3554 = EDGE_CURVE ( 'NONE', #190, #421, #4844, .T. ) ;
#3555 =( GEOMETRIC_REPRESENTATION_CONTEXT ( 3 ) GLOBAL_UNCERTAINTY_ASSIGNED_CONTEXT ( ( #643 ) ) GLOBAL_UNIT_ASSIGNED_CONTEXT ( ( #2855, #2085, #1265 ) ) REPRESENTATION_CONTEXT ( 'NONE', 'WORKASPACE' ) );
#3556 = EDGE_CURVE ( 'NONE', #3309, #2669, #1134, .T. ) ;
#3557 = COLOUR_RGB ( '',0.9607843137254902244, 0.9607843137254902244, 0.9607843137254902244 ) ;
#3558 = DIRECTION ( 'NONE',  ( 1.000000000000000000, 3.614007241618351532E-15, 0.000000000000000000 ) ) ;
#3559 = ORIENTED_EDGE ( 'NONE', *, *, #4551, .F. ) ;
#3560 = SURFACE_STYLE_FILL_AREA ( #2772 ) ;
#3561 = VECTOR ( 'NONE', #208, 1000.000000000000000 ) ;
#3562 = LINE ( 'NONE', #1588, #2231 ) ;
#3563 = ORIENTED_EDGE ( 'NONE', *, *, #3461, .F. ) ;
#3564 = PRESENTATION_STYLE_ASSIGNMENT (( #1940 ) ) ;
#3565 = PRESENTATION_LAYER_ASSIGNMENT (  '', '', ( #3392 ) ) ;
#3566 = VECTOR ( 'NONE', #4463, 1000.000000000000000 ) ;
#3567 = CARTESIAN_POINT ( 'NONE',  ( -0.1499999999999999667, -0.6250000000000000000, -0.4242640687119291210 ) ) ;
#3568 = PLANE ( 'NONE',  #3918 ) ;
#3569 = SURFACE_STYLE_USAGE ( .BOTH. , #2025 ) ;
#3570 = VECTOR ( 'NONE', #980, 1000.000000000000000 ) ;
#3571 = COLOUR_RGB ( '',0.8431372549019607865, 0.8431372549019607865, 0.8431372549019607865 ) ;
#3572 = FILL_AREA_STYLE ('',( #1551 ) ) ;
#3573 = ORIENTED_EDGE ( 'NONE', *, *, #4591, .T. ) ;
#3574 = AXIS2_PLACEMENT_3D ( 'NONE', #2001, #345, #4423 ) ;
#3575 = LINE ( 'NONE', #1519, #3166 ) ;
#3576 = SURFACE_STYLE_FILL_AREA ( #1924 ) ;
#3577 = COLOUR_RGB ( '',0.9607843137254902244, 0.9607843137254902244, 0.9607843137254902244 ) ;
#3578 = MECHANICAL_DESIGN_GEOMETRIC_PRESENTATION_REPRESENTATION (  '', ( #2305 ), #1282 ) ;
#3579 = MECHANICAL_DESIGN_GEOMETRIC_PRESENTATION_REPRESENTATION (  '', ( #4743 ), #4660 ) ;
#3580 = COLOUR_RGB ( '',0.8431372549019607865, 0.8431372549019607865, 0.8431372549019607865 ) ;
#3581 = ORIENTED_EDGE ( 'NONE', *, *, #4856, .T. ) ;
#3582 = UNCERTAINTY_MEASURE_WITH_UNIT (LENGTH_MEASURE( 1.000000000000000082E-05 ), #633, 'distance_accuracy_value', 'NONE');
#3583 = MECHANICAL_DESIGN_GEOMETRIC_PRESENTATION_REPRESENTATION (  '', ( #2483 ), #4469 ) ;
#3584 = SURFACE_SIDE_STYLE ('',( #1497 ) ) ;
#3585 = DIRECTION ( 'NONE',  ( -1.000000000000000000, -3.614007241618339896E-16, 0.000000000000000000 ) ) ;
#3586 = PRESENTATION_LAYER_ASSIGNMENT (  '', '', ( #1114 ) ) ;
#3587 = ADVANCED_FACE ( 'NONE', ( #4795 ), #4039, .T. ) ;
#3588 = STYLED_ITEM ( 'NONE', ( #3564 ), #1000 ) ;
#3589 = EDGE_LOOP ( 'NONE', ( #2831, #1920, #939, #2559 ) ) ;
#3590 = PRESENTATION_STYLE_ASSIGNMENT (( #1935 ) ) ;
#3591 = ORIENTED_EDGE ( 'NONE', *, *, #2809, .T. ) ;
#3592 = DIRECTION ( 'NONE',  ( -1.000000000000000000, -3.614007241618351729E-16, 0.000000000000000000 ) ) ;
#3593 = ORIENTED_EDGE ( 'NONE', *, *, #2158, .F. ) ;
#3594 = EDGE_CURVE ( 'NONE', #2934, #3434, #2063, .T. ) ;
#3595 = FILL_AREA_STYLE_COLOUR ( '', #245 ) ;
#3596 = FILL_AREA_STYLE ('',( #56 ) ) ;
#3597 =( LENGTH_UNIT ( ) NAMED_UNIT ( * ) SI_UNIT ( .MILLI., .METRE. ) );
#3598 = EDGE_LOOP ( 'NONE', ( #707, #316, #5221, #2315 ) ) ;
#3599 = LINE ( 'NONE', #1158, #3318 ) ;
#3600 = ADVANCED_FACE ( 'NONE', ( #4063 ), #5019, .T. ) ;
#3601 = CARTESIAN_POINT ( 'NONE',  ( -1.000000000000000000, -0.6250000000000001110, 1.010000000000000009 ) ) ;
#3602 = SURFACE_STYLE_FILL_AREA ( #3150 ) ;
#3603 = LINE ( 'NONE', #3220, #522 ) ;
#3604 = CARTESIAN_POINT ( 'NONE',  ( 1.300000000000000266, -0.3249999999999998446, 0.000000000000000000 ) ) ;
#3605 = ORIENTED_EDGE ( 'NONE', *, *, #57, .F. ) ;
#3606 = CARTESIAN_POINT ( 'NONE',  ( 0.7999999999999997113, -0.3250000000000000111, 1.040000000000000036 ) ) ;
#3607 = DIRECTION ( 'NONE',  ( 1.000000000000000000, 3.614007241618351729E-16, 0.000000000000000000 ) ) ;
#3608 = CYLINDRICAL_SURFACE ( 'NONE', #2026, 0.02999999999999997113 ) ;
#3609 = DIRECTION ( 'NONE',  ( 9.035018104045878829E-16, 1.000000000000000000, 0.000000000000000000 ) ) ;
#3610 = UNCERTAINTY_MEASURE_WITH_UNIT (LENGTH_MEASURE( 1.000000000000000082E-05 ), #1837, 'distance_accuracy_value', 'NONE');
#3611 = PRODUCT_DEFINITION ( 'UNKNOWN', '', #3133, #892 ) ;
#3612 = ORIENTED_EDGE ( 'NONE', *, *, #3126, .F. ) ;
#3613 = CARTESIAN_POINT ( 'NONE',  ( 0.6500000000000000222, 0.000000000000000000, 0.000000000000000000 ) ) ;
#3614 = DIRECTION ( 'NONE',  ( 0.000000000000000000, -1.000000000000000000, 0.000000000000000000 ) ) ;
#3615 = DIRECTION ( 'NONE',  ( 1.000000000000000000, 0.000000000000000000, 0.000000000000000000 ) ) ;
#3616 = UNCERTAINTY_MEASURE_WITH_UNIT (LENGTH_MEASURE( 1.000000000000000082E-05 ), #4464, 'distance_accuracy_value', 'NONE');
#3617 = VERTEX_POINT ( 'NONE', #4170 ) ;
#3618 =( LENGTH_UNIT ( ) NAMED_UNIT ( * ) SI_UNIT ( .MILLI., .METRE. ) );
#3619 = ORIENTED_EDGE ( 'NONE', *, *, #2984, .T. ) ;
#3620 =( NAMED_UNIT ( * ) SI_UNIT ( $, .STERADIAN. ) SOLID_ANGLE_UNIT ( ) );
#3621 = STYLED_ITEM ( 'NONE', ( #3287 ), #1382 ) ;
#3622 = EDGE_CURVE ( 'NONE', #1207, #1289, #1605, .T. ) ;
#3623 = DIRECTION ( 'NONE',  ( 0.000000000000000000, 1.000000000000000000, 0.000000000000000000 ) ) ;
#3624 = EDGE_LOOP ( 'NONE', ( #3945, #274, #3476, #1650 ) ) ;
#3625 = LINE ( 'NONE', #3980, #4102 ) ;
#3626 = DIRECTION ( 'NONE',  ( 1.000000000000000000, -0.000000000000000000, 0.000000000000000000 ) ) ;
#3627 = FACE_OUTER_BOUND ( 'NONE', #2904, .T. ) ;
#3628 = CIRCLE ( 'NONE', #2441, 0.02999999999999997113 ) ;
#3629 = CARTESIAN_POINT ( 'NONE',  ( -1.000000000000000000, 0.6249999999999998890, 1.040000000000000036 ) ) ;
#3630 = ADVANCED_FACE ( 'NONE', ( #418 ), #1726, .T. ) ;
#3631 = ORIENTED_EDGE ( 'NONE', *, *, #1502, .F. ) ;
#3632 = SURFACE_STYLE_USAGE ( .BOTH. , #375 ) ;
#3633 = ORIENTED_EDGE ( 'NONE', *, *, #1833, .F. ) ;
#3634 = SURFACE_SIDE_STYLE ('',( #2013 ) ) ;
#3635 = DIRECTION ( 'NONE',  ( 0.000000000000000000, 0.000000000000000000, 1.000000000000000000 ) ) ;
#3636 = DIRECTION ( 'NONE',  ( -1.000000000000000000, -1.084202172485503842E-15, -0.000000000000000000 ) ) ;
#3637 = VERTEX_POINT ( 'NONE', #2170 ) ;
#3638 =( NAMED_UNIT ( * ) SI_UNIT ( $, .STERADIAN. ) SOLID_ANGLE_UNIT ( ) );
#3639 = LINE ( 'NONE', #1219, #4088 ) ;
#3640 = FILL_AREA_STYLE ('',( #1586 ) ) ;
#3641 = ORIENTED_EDGE ( 'NONE', *, *, #229, .T. ) ;
#3642 = EDGE_LOOP ( 'NONE', ( #3774, #5137, #895, #1632 ) ) ;
#3643 = VECTOR ( 'NONE', #5098, 1000.000000000000000 ) ;
#3644 = STYLED_ITEM ( 'NONE', ( #4495 ), #4490 ) ;
#3645 = PRESENTATION_STYLE_ASSIGNMENT (( #2024 ) ) ;
#3646 = COLOUR_RGB ( '',0.9607843137254902244, 0.9607843137254902244, 0.9607843137254902244 ) ;
#3647 = LINE ( 'NONE', #3688, #3317 ) ;
#3648 = COLOUR_RGB ( '',0.9607843137254902244, 0.9607843137254902244, 0.9607843137254902244 ) ;
#3649 = CIRCLE ( 'NONE', #1776, 0.02999999999999999889 ) ;
#3650 = ORIENTED_EDGE ( 'NONE', *, *, #3699, .T. ) ;
#3651 = MECHANICAL_DESIGN_GEOMETRIC_PRESENTATION_REPRESENTATION (  '', ( #1174 ), #2361 ) ;
#3652 = AXIS2_PLACEMENT_3D ( 'NONE', #5319, #3259, #815 ) ;
#3653 = COLOUR_RGB ( '',0.9607843137254902244, 0.9607843137254902244, 0.9607843137254902244 ) ;
#3654 = CARTESIAN_POINT ( 'NONE',  ( 0.1500000000000001887, -0.5950000000000001954, 0.03000000000000007869 ) ) ;
#3655 = SURFACE_SIDE_STYLE ('',( #2030 ) ) ;
#3656 = AXIS2_PLACEMENT_3D ( 'NONE', #1487, #2701, #885 ) ;
#3657 = STYLED_ITEM ( 'NONE', ( #4686 ), #3981 ) ;
#3658 = SURFACE_SIDE_STYLE ('',( #2034 ) ) ;
#3659 = MECHANICAL_DESIGN_GEOMETRIC_PRESENTATION_REPRESENTATION (  '', ( #2051 ), #4280 ) ;
#3660 = CARTESIAN_POINT ( 'NONE',  ( -0.4999999999999998890, -0.5950000000000001954, 1.040000000000000036 ) ) ;
#3661 = ORIENTED_EDGE ( 'NONE', *, *, #2908, .T. ) ;
#3662 = CARTESIAN_POINT ( 'NONE',  ( 1.000000000000000000, 0.5949999999999999734, 0.000000000000000000 ) ) ;
#3663 = COLOUR_RGB ( '',0.8431372549019607865, 0.8431372549019607865, 0.8431372549019607865 ) ;
#3664 = FILL_AREA_STYLE ('',( #2040 ) ) ;
#3665 = AXIS2_PLACEMENT_3D ( 'NONE', #2528, #531, #4576 ) ;
#3666 = DIRECTION ( 'NONE',  ( 0.000000000000000000, -1.000000000000000000, 0.000000000000000000 ) ) ;
#3667 = EDGE_CURVE ( 'NONE', #1298, #2341, #5335, .T. ) ;
#3668 = CIRCLE ( 'NONE', #3836, 0.03000000000000007869 ) ;
#3669 = AXIS2_PLACEMENT_3D ( 'NONE', #4736, #3708, #1300 ) ;
#3670 = CARTESIAN_POINT ( 'NONE',  ( 0.5000000000000000000, 0.000000000000000000, 1.040000000000000036 ) ) ;
#3671 = FILL_AREA_STYLE_COLOUR ( '', #4370 ) ;
#3672 = AXIS2_PLACEMENT_3D ( 'NONE', #5201, #3109, #4778 ) ;
#3673 = ORIENTED_EDGE ( 'NONE', *, *, #3296, .T. ) ;
#3674 =( LENGTH_UNIT ( ) NAMED_UNIT ( * ) SI_UNIT ( .MILLI., .METRE. ) );
#3675 = EDGE_CURVE ( 'NONE', #4775, #3170, #2194, .T. ) ;
#3676 = CARTESIAN_POINT ( 'NONE',  ( 0.4999999999999997780, 0.3250000000000000111, 0.000000000000000000 ) ) ;
#3677 =( GEOMETRIC_REPRESENTATION_CONTEXT ( 3 ) GLOBAL_UNCERTAINTY_ASSIGNED_CONTEXT ( ( #3616 ) ) GLOBAL_UNIT_ASSIGNED_CONTEXT ( ( #4464, #5312, #11 ) ) REPRESENTATION_CONTEXT ( 'NONE', 'WORKASPACE' ) );
#3678 = SURFACE_STYLE_FILL_AREA ( #1695 ) ;
#3679 = LINE ( 'NONE', #824, #3472 ) ;
#3680 = UNCERTAINTY_MEASURE_WITH_UNIT (LENGTH_MEASURE( 1.000000000000000082E-05 ), #3674, 'distance_accuracy_value', 'NONE');
#3681 = FILL_AREA_STYLE ('',( #3351 ) ) ;
#3682 = DIRECTION ( 'NONE',  ( 0.000000000000000000, 0.000000000000000000, -1.000000000000000000 ) ) ;
#3683 =( NAMED_UNIT ( * ) PLANE_ANGLE_UNIT ( ) SI_UNIT ( $, .RADIAN. ) );
#3684 = VERTEX_POINT ( 'NONE', #3078 ) ;
#3685 = SURFACE_STYLE_FILL_AREA ( #2393 ) ;
#3686 = VECTOR ( 'NONE', #1633, 1000.000000000000000 ) ;
#3687 = FILL_AREA_STYLE_COLOUR ( '', #1453 ) ;
#3688 = CARTESIAN_POINT ( 'NONE',  ( -0.1499999999999999667, -0.3250000000000000666, 0.000000000000000000 ) ) ;
#3689 = ORIENTED_EDGE ( 'NONE', *, *, #5258, .T. ) ;
#3690 = SURFACE_STYLE_FILL_AREA ( #1655 ) ;
#3691 = FILL_AREA_STYLE ('',( #1630 ) ) ;
#3692 = PRESENTATION_STYLE_ASSIGNMENT (( #3741 ) ) ;
#3693 = LINE ( 'NONE', #127, #2783 ) ;
#3694 = VERTEX_POINT ( 'NONE', #5133 ) ;
#3695 = DIRECTION ( 'NONE',  ( 0.000000000000000000, -1.000000000000000000, 0.000000000000000000 ) ) ;
#3696 = CARTESIAN_POINT ( 'NONE',  ( -0.9700000000000000844, 0.5949999999999999734, 0.02999999999999999889 ) ) ;
#3697 = CARTESIAN_POINT ( 'NONE',  ( 0.1500000000000000777, -0.5950000000000001954, 1.010000000000000009 ) ) ;
#3698 = EDGE_CURVE ( 'NONE', #809, #1289, #154, .T. ) ;
#3699 = EDGE_CURVE ( 'NONE', #5307, #4446, #971, .T. ) ;
#3700 =( NAMED_UNIT ( * ) SI_UNIT ( $, .STERADIAN. ) SOLID_ANGLE_UNIT ( ) );
#3701 = EDGE_LOOP ( 'NONE', ( #4283, #4179, #5018, #136 ) ) ;
#3702 =( LENGTH_UNIT ( ) NAMED_UNIT ( * ) SI_UNIT ( .MILLI., .METRE. ) );
#3703 = CARTESIAN_POINT ( 'NONE',  ( -0.8000000000000005995, 0.6250000000000000000, 1.040000000000000036 ) ) ;
#3704 = EDGE_CURVE ( 'NONE', #908, #1220, #4668, .T. ) ;
#3705 =( NAMED_UNIT ( * ) SI_UNIT ( $, .STERADIAN. ) SOLID_ANGLE_UNIT ( ) );
#3706 = EDGE_CURVE ( 'NONE', #3551, #92, #628, .T. ) ;
#3707 = VERTEX_POINT ( 'NONE', #1824 ) ;
#3708 = DIRECTION ( 'NONE',  ( 1.000000000000000000, -0.000000000000000000, -0.000000000000000000 ) ) ;
#3709 = ORIENTED_EDGE ( 'NONE', *, *, #4694, .T. ) ;
#3710 =( NAMED_UNIT ( * ) SI_UNIT ( $, .STERADIAN. ) SOLID_ANGLE_UNIT ( ) );
#3711 = PRESENTATION_STYLE_ASSIGNMENT (( #2027 ) ) ;
#3712 = VERTEX_POINT ( 'NONE', #4311 ) ;
#3713 = CARTESIAN_POINT ( 'NONE',  ( -0.7999999999999999334, 0.000000000000000000, 0.000000000000000000 ) ) ;
#3714 = DIRECTION ( 'NONE',  ( -4.517509052022936580E-17, -1.000000000000000000, 0.000000000000000000 ) ) ;
#3715 = CARTESIAN_POINT ( 'NONE',  ( -0.4999999999999998890, 0.6250000000000001110, -0.4242640687119291210 ) ) ;
#3716 = ORIENTED_EDGE ( 'NONE', *, *, #5061, .T. ) ;
#3717 = LINE ( 'NONE', #16, #486 ) ;
#3718 =( NAMED_UNIT ( * ) PLANE_ANGLE_UNIT ( ) SI_UNIT ( $, .RADIAN. ) );
#3719 = FACE_OUTER_BOUND ( 'NONE', #4942, .T. ) ;
#3720 = SURFACE_STYLE_USAGE ( .BOTH. , #1640 ) ;
#3721 = VERTEX_POINT ( 'NONE', #1398 ) ;
#3722 = DIRECTION ( 'NONE',  ( 0.000000000000000000, -1.000000000000000000, 0.000000000000000000 ) ) ;
#3723 =( NAMED_UNIT ( * ) PLANE_ANGLE_UNIT ( ) SI_UNIT ( $, .RADIAN. ) );
#3724 =( NAMED_UNIT ( * ) PLANE_ANGLE_UNIT ( ) SI_UNIT ( $, .RADIAN. ) );
#3725 = ORIENTED_EDGE ( 'NONE', *, *, #2328, .T. ) ;
#3726 = DIRECTION ( 'NONE',  ( 0.000000000000000000, -1.000000000000000000, 0.000000000000000000 ) ) ;
#3727 = VERTEX_POINT ( 'NONE', #5164 ) ;
#3728 = CARTESIAN_POINT ( 'NONE',  ( -0.6000000000000001998, 0.1499999999999999112, 1.030000000000000027 ) ) ;
#3729 = EDGE_CURVE ( 'NONE', #873, #4256, #3020, .T. ) ;
#3730 = CARTESIAN_POINT ( 'NONE',  ( 0.7999999999999993783, 5.421010862427525128E-16, 1.040000000000000036 ) ) ;
#3731 = EDGE_CURVE ( 'NONE', #1298, #4025, #1006, .T. ) ;
#3732 = FILL_AREA_STYLE_COLOUR ( '', #187 ) ;
#3733 =( NAMED_UNIT ( * ) SI_UNIT ( $, .STERADIAN. ) SOLID_ANGLE_UNIT ( ) );
#3734 = ORIENTED_EDGE ( 'NONE', *, *, #4343, .F. ) ;
#3735 = FACE_OUTER_BOUND ( 'NONE', #71, .T. ) ;
#3736 = ORIENTED_EDGE ( 'NONE', *, *, #3890, .T. ) ;
#3737 = COLOUR_RGB ( '',0.8431372549019607865, 0.8431372549019607865, 0.8431372549019607865 ) ;
#3738 = SURFACE_STYLE_USAGE ( .BOTH. , #3362 ) ;
#3739 = DIRECTION ( 'NONE',  ( 0.000000000000000000, 0.000000000000000000, 1.000000000000000000 ) ) ;
#3740 = EDGE_CURVE ( 'NONE', #4177, #3507, #4768, .T. ) ;
#3741 = SURFACE_STYLE_USAGE ( .BOTH. , #981 ) ;
#3742 = MECHANICAL_DESIGN_GEOMETRIC_PRESENTATION_REPRESENTATION (  '', ( #2780 ), #1090 ) ;
#3743 = VERTEX_POINT ( 'NONE', #3805 ) ;
#3744 = AXIS2_PLACEMENT_3D ( 'NONE', #4950, #2375, #1168 ) ;
#3745 = CARTESIAN_POINT ( 'NONE',  ( 0.4999999999999993339, 0.6250000000000000000, -0.4242640687119291210 ) ) ;
#3746 =( LENGTH_UNIT ( ) NAMED_UNIT ( * ) SI_UNIT ( .MILLI., .METRE. ) );
#3747 = MECHANICAL_DESIGN_GEOMETRIC_PRESENTATION_REPRESENTATION (  '', ( #4004 ), #4651 ) ;
#3748 = FILL_AREA_STYLE ('',( #3818 ) ) ;
#3749 = VECTOR ( 'NONE', #2015, 1000.000000000000000 ) ;
#3750 = CARTESIAN_POINT ( 'NONE',  ( -2.150334308762918278E-16, -0.5950000000000004174, -0.000000000000000000 ) ) ;
#3751 = PRESENTATION_LAYER_ASSIGNMENT (  '', '', ( #2976 ) ) ;
#3752 = AXIS2_PLACEMENT_3D ( 'NONE', #2456, #3714, #4945 ) ;
#3753 = STYLED_ITEM ( 'NONE', ( #2250 ), #5100 ) ;
#3754 = PRESENTATION_LAYER_ASSIGNMENT (  '', '', ( #3917 ) ) ;
#3755 = AXIS2_PLACEMENT_3D ( 'NONE', #1064, #3455, #1861 ) ;
#3756 =( LENGTH_UNIT ( ) NAMED_UNIT ( * ) SI_UNIT ( .MILLI., .METRE. ) );
#3757 = VECTOR ( 'NONE', #818, 1000.000000000000000 ) ;
#3758 = MECHANICAL_DESIGN_GEOMETRIC_PRESENTATION_REPRESENTATION (  '', ( #104 ), #258 ) ;
#3759 = ORIENTED_EDGE ( 'NONE', *, *, #3460, .F. ) ;
#3760 = ORIENTED_EDGE ( 'NONE', *, *, #906, .T. ) ;
#3761 = CARTESIAN_POINT ( 'NONE',  ( 0.1499999999999997446, -0.3250000000000000111, 0.000000000000000000 ) ) ;
#3762 = MECHANICAL_DESIGN_GEOMETRIC_PRESENTATION_REPRESENTATION (  '', ( #3240 ), #872 ) ;
#3763 = PRESENTATION_STYLE_ASSIGNMENT (( #890 ) ) ;
#3764 = SURFACE_STYLE_USAGE ( .BOTH. , #2448 ) ;
#3765 = DIRECTION ( 'NONE',  ( -1.807003620809172906E-16, 1.000000000000000000, 0.000000000000000000 ) ) ;
#3766 = UNCERTAINTY_MEASURE_WITH_UNIT (LENGTH_MEASURE( 1.000000000000000082E-05 ), #200, 'distance_accuracy_value', 'NONE');
#3767 = DIRECTION ( 'NONE',  ( -1.000000000000000000, 0.000000000000000000, 0.000000000000000000 ) ) ;
#3768 = ORIENTED_EDGE ( 'NONE', *, *, #5153, .F. ) ;
#3769 = EDGE_CURVE ( 'NONE', #3684, #3361, #2265, .T. ) ;
#3770 = CARTESIAN_POINT ( 'NONE',  ( -0.1500000000000006051, 0.6250000000000000000, 1.010000000000000009 ) ) ;
#3771 = ORIENTED_EDGE ( 'NONE', *, *, #1244, .T. ) ;
#3772 = CARTESIAN_POINT ( 'NONE',  ( 0.000000000000000000, 0.000000000000000000, 0.000000000000000000 ) ) ;
#3773 = CIRCLE ( 'NONE', #4217, 0.02999999999999997113 ) ;
#3774 = ORIENTED_EDGE ( 'NONE', *, *, #1424, .F. ) ;
#3775 = EDGE_CURVE ( 'NONE', #2360, #2502, #4732, .T. ) ;
#3776 = FILL_AREA_STYLE_COLOUR ( '', #1253 ) ;
#3777 = SURFACE_STYLE_USAGE ( .BOTH. , #5053 ) ;
#3778 =( LENGTH_UNIT ( ) NAMED_UNIT ( * ) SI_UNIT ( .MILLI., .METRE. ) );
#3779 =( LENGTH_UNIT ( ) NAMED_UNIT ( * ) SI_UNIT ( .MILLI., .METRE. ) );
#3780 = SURFACE_SIDE_STYLE ('',( #2611 ) ) ;
#3781 = DIRECTION ( 'NONE',  ( 1.000000000000000000, -4.517509052022935347E-17, 0.000000000000000000 ) ) ;
#3782 =( NAMED_UNIT ( * ) SI_UNIT ( $, .STERADIAN. ) SOLID_ANGLE_UNIT ( ) );
#3783 = PLANE ( 'NONE',  #3469 ) ;
#3784 = ADVANCED_FACE ( 'NONE', ( #1056 ), #1536, .F. ) ;
#3785 = UNCERTAINTY_MEASURE_WITH_UNIT (LENGTH_MEASURE( 1.000000000000000082E-05 ), #4575, 'distance_accuracy_value', 'NONE');
#3786 = ORIENTED_EDGE ( 'NONE', *, *, #1762, .F. ) ;
#3787 = FACE_OUTER_BOUND ( 'NONE', #3896, .T. ) ;
#3788 = FILL_AREA_STYLE ('',( #2577 ) ) ;
#3789 =( NAMED_UNIT ( * ) SI_UNIT ( $, .STERADIAN. ) SOLID_ANGLE_UNIT ( ) );
#3790 = VERTEX_POINT ( 'NONE', #46 ) ;
#3791 = DIRECTION ( 'NONE',  ( 0.000000000000000000, 0.000000000000000000, -1.000000000000000000 ) ) ;
#3792 = VERTEX_POINT ( 'NONE', #1661 ) ;
#3793 = LINE ( 'NONE', #5074, #762 ) ;
#3794 = LINE ( 'NONE', #2294, #3316 ) ;
#3795 =( NAMED_UNIT ( * ) PLANE_ANGLE_UNIT ( ) SI_UNIT ( $, .RADIAN. ) );
#3796 = EDGE_CURVE ( 'NONE', #3255, #4914, #2219, .T. ) ;
#3797 = EDGE_LOOP ( 'NONE', ( #2745, #2861, #3725, #5097 ) ) ;
#3798 = CARTESIAN_POINT ( 'NONE',  ( 0.1499999999999994116, -5.421010862427525128E-16, 1.040000000000000036 ) ) ;
#3799 = PLANE ( 'NONE',  #1012 ) ;
#3800 = PRESENTATION_LAYER_ASSIGNMENT (  '', '', ( #1829 ) ) ;
#3801 =( NAMED_UNIT ( * ) PLANE_ANGLE_UNIT ( ) SI_UNIT ( $, .RADIAN. ) );
#3802 =( NAMED_UNIT ( * ) SI_UNIT ( $, .STERADIAN. ) SOLID_ANGLE_UNIT ( ) );
#3803 = FACE_OUTER_BOUND ( 'NONE', #5021, .T. ) ;
#3804 = SURFACE_STYLE_USAGE ( .BOTH. , #526 ) ;
#3805 = CARTESIAN_POINT ( 'NONE',  ( -0.1499999999999999667, -0.5950000000000000844, 0.000000000000000000 ) ) ;
#3806 = VERTEX_POINT ( 'NONE', #1720 ) ;
#3807 = SURFACE_SIDE_STYLE ('',( #2149 ) ) ;
#3808 = DIRECTION ( 'NONE',  ( 1.000000000000000000, 0.000000000000000000, 0.000000000000000000 ) ) ;
#3809 = ORIENTED_EDGE ( 'NONE', *, *, #3698, .F. ) ;
#3810 = DIRECTION ( 'NONE',  ( 0.000000000000000000, 1.000000000000000000, -0.000000000000000000 ) ) ;
#3811 = FILL_AREA_STYLE ('',( #3865 ) ) ;
#3812 = EDGE_CURVE ( 'NONE', #958, #1421, #4562, .T. ) ;
#3813 = CARTESIAN_POINT ( 'NONE',  ( 0.1499999999999997446, 0.3250000000000000111, 1.040000000000000036 ) ) ;
#3814 = SURFACE_STYLE_FILL_AREA ( #617 ) ;
#3815 = ORIENTED_EDGE ( 'NONE', *, *, #607, .F. ) ;
#3816 = CIRCLE ( 'NONE', #4720, 0.02999999999999999889 ) ;
#3817 =( NAMED_UNIT ( * ) SI_UNIT ( $, .STERADIAN. ) SOLID_ANGLE_UNIT ( ) );
#3818 = FILL_AREA_STYLE_COLOUR ( '', #879 ) ;
#3819 = VECTOR ( 'NONE', #4604, 1000.000000000000000 ) ;
#3820 = MECHANICAL_DESIGN_GEOMETRIC_PRESENTATION_REPRESENTATION (  '', ( #5156 ), #4539 ) ;
#3821 = EDGE_CURVE ( 'NONE', #1124, #4967, #5241, .T. ) ;
#3822 = EDGE_CURVE ( 'NONE', #4881, #1153, #4931, .T. ) ;
#3823 = CIRCLE ( 'NONE', #4186, 0.02999999999999997113 ) ;
#3824 =( NAMED_UNIT ( * ) SI_UNIT ( $, .STERADIAN. ) SOLID_ANGLE_UNIT ( ) );
#3825 = DIRECTION ( 'NONE',  ( 0.000000000000000000, -1.000000000000000000, 0.000000000000000000 ) ) ;
#3826 = PRESENTATION_LAYER_ASSIGNMENT (  '', '', ( #96 ) ) ;
#3827 = VECTOR ( 'NONE', #3518, 1000.000000000000000 ) ;
#3828 = PRESENTATION_LAYER_ASSIGNMENT (  '', '', ( #3221 ) ) ;
#3829 = AXIS2_PLACEMENT_3D ( 'NONE', #217, #4399, #4342 ) ;
#3830 = UNCERTAINTY_MEASURE_WITH_UNIT (LENGTH_MEASURE( 1.000000000000000082E-05 ), #4885, 'distance_accuracy_value', 'NONE');
#3831 = EDGE_CURVE ( 'NONE', #873, #4408, #166, .T. ) ;
#3832 = ORIENTED_EDGE ( 'NONE', *, *, #2982, .T. ) ;
#3833 = CARTESIAN_POINT ( 'NONE',  ( -0.5000000000000005551, 5.421010862427525128E-16, 1.040000000000000036 ) ) ;
#3834 = CIRCLE ( 'NONE', #4557, 0.03000000000000007869 ) ;
#3835 = MECHANICAL_DESIGN_GEOMETRIC_PRESENTATION_REPRESENTATION (  '', ( #2479 ), #2059 ) ;
#3836 = AXIS2_PLACEMENT_3D ( 'NONE', #5143, #4066, #387 ) ;
#3837 = CARTESIAN_POINT ( 'NONE',  ( -0.1499999999999999667, -0.6250000000000000000, 0.02999999999999997113 ) ) ;
#3838 = ORIENTED_EDGE ( 'NONE', *, *, #647, .F. ) ;
#3839 = PRESENTATION_LAYER_ASSIGNMENT (  '', '', ( #4114 ) ) ;
#3840 = DIRECTION ( 'NONE',  ( 0.000000000000000000, -1.000000000000000000, 0.000000000000000000 ) ) ;
#3841 = ORIENTED_EDGE ( 'NONE', *, *, #2348, .F. ) ;
#3842 = PRESENTATION_LAYER_ASSIGNMENT (  '', '', ( #4474 ) ) ;
#3843 = CARTESIAN_POINT ( 'NONE',  ( 0.7999999999999997113, 0.3250000000000000111, 0.000000000000000000 ) ) ;
#3844 = CARTESIAN_POINT ( 'NONE',  ( -1.000000000000000000, -0.5950000000000001954, 0.03000000000000007869 ) ) ;
#3845 = SURFACE_STYLE_USAGE ( .BOTH. , #3026 ) ;
#3846 = CARTESIAN_POINT ( 'NONE',  ( -1.000000000000000000, -0.6250000000000001110, 1.010000000000000009 ) ) ;
#3847 = ORIENTED_EDGE ( 'NONE', *, *, #1077, .T. ) ;
#3848 = CARTESIAN_POINT ( 'NONE',  ( 1.000000000000000000, -0.6250000000000001110, 1.040000000000000036 ) ) ;
#3849 = LINE ( 'NONE', #201, #611 ) ;
#3850 = DIRECTION ( 'NONE',  ( -1.000000000000000000, 0.000000000000000000, -0.000000000000000000 ) ) ;
#3851 = MECHANICAL_DESIGN_GEOMETRIC_PRESENTATION_REPRESENTATION (  '', ( #3420 ), #5270 ) ;
#3852 = SURFACE_STYLE_USAGE ( .BOTH. , #2238 ) ;
#3853 = DIRECTION ( 'NONE',  ( 0.000000000000000000, 0.000000000000000000, -1.000000000000000000 ) ) ;
#3854 =( NAMED_UNIT ( * ) PLANE_ANGLE_UNIT ( ) SI_UNIT ( $, .RADIAN. ) );
#3855 = DIRECTION ( 'NONE',  ( -0.000000000000000000, 0.000000000000000000, 1.000000000000000000 ) ) ;
#3856 = CARTESIAN_POINT ( 'NONE',  ( 0.000000000000000000, 0.000000000000000000, 0.000000000000000000 ) ) ;
#3857 = VERTEX_POINT ( 'NONE', #4502 ) ;
#3858 = SURFACE_SIDE_STYLE ('',( #5245 ) ) ;
#3859 = EDGE_CURVE ( 'NONE', #1309, #1506, #2130, .T. ) ;
#3860 = FILL_AREA_STYLE ('',( #4711 ) ) ;
#3861 =( LENGTH_UNIT ( ) NAMED_UNIT ( * ) SI_UNIT ( .MILLI., .METRE. ) );
#3862 = CARTESIAN_POINT ( 'NONE',  ( 0.1500000000000000777, -0.5950000000000001954, 0.000000000000000000 ) ) ;
#3863 = CARTESIAN_POINT ( 'NONE',  ( 0.1499999999999997446, 0.3250000000000000111, 1.040000000000000036 ) ) ;
#3864 = VERTEX_POINT ( 'NONE', #2517 ) ;
#3865 = FILL_AREA_STYLE_COLOUR ( '', #5161 ) ;
#3866 = LINE ( 'NONE', #3416, #2989 ) ;
#3867 = ORIENTED_EDGE ( 'NONE', *, *, #2332, .F. ) ;
#3868 =( NAMED_UNIT ( * ) PLANE_ANGLE_UNIT ( ) SI_UNIT ( $, .RADIAN. ) );
#3869 = DIRECTION ( 'NONE',  ( -1.000000000000000000, 1.084202172485503842E-15, 0.000000000000000000 ) ) ;
#3870 = PRESENTATION_STYLE_ASSIGNMENT (( #2279 ) ) ;
#3871 =( LENGTH_UNIT ( ) NAMED_UNIT ( * ) SI_UNIT ( .MILLI., .METRE. ) );
#3872 = CARTESIAN_POINT ( 'NONE',  ( -2.168404344971008868E-16, -0.1500000000000001055, 1.030000000000000027 ) ) ;
#3873 = CARTESIAN_POINT ( 'NONE',  ( 1.000000000000000000, 0.5949999999999999734, 1.010000000000000009 ) ) ;
#3874 = CARTESIAN_POINT ( 'NONE',  ( -0.5000000000000002220, -0.3250000000000000111, 0.000000000000000000 ) ) ;
#3875 = SURFACE_STYLE_FILL_AREA ( #3443 ) ;
#3876 =( NAMED_UNIT ( * ) PLANE_ANGLE_UNIT ( ) SI_UNIT ( $, .RADIAN. ) );
#3877 = PRESENTATION_LAYER_ASSIGNMENT (  '', '', ( #3621 ) ) ;
#3878 = EDGE_CURVE ( 'NONE', #3453, #4232, #880, .T. ) ;
#3879 = DIRECTION ( 'NONE',  ( 1.445602896647339114E-15, -1.000000000000000000, 0.000000000000000000 ) ) ;
#3880 = SHAPE_DEFINITION_REPRESENTATION ( #1177, #3114 ) ;
#3881 = DIRECTION ( 'NONE',  ( 1.000000000000000000, 1.084202172485503842E-15, -0.000000000000000000 ) ) ;
#3882 = ORIENTED_EDGE ( 'NONE', *, *, #389, .T. ) ;
#3883 =( NAMED_UNIT ( * ) PLANE_ANGLE_UNIT ( ) SI_UNIT ( $, .RADIAN. ) );
#3884 =( NAMED_UNIT ( * ) SI_UNIT ( $, .STERADIAN. ) SOLID_ANGLE_UNIT ( ) );
#3885 = FACE_OUTER_BOUND ( 'NONE', #3203, .T. ) ;
#3886 = FACE_OUTER_BOUND ( 'NONE', #2439, .T. ) ;
#3887 = ORIENTED_EDGE ( 'NONE', *, *, #3622, .T. ) ;
#3888 = EDGE_CURVE ( 'NONE', #4603, #238, #2437, .T. ) ;
#3889 = CARTESIAN_POINT ( 'NONE',  ( -1.000000000000000000, -0.5950000000000001954, 0.000000000000000000 ) ) ;
#3890 = EDGE_CURVE ( 'NONE', #1091, #4446, #487, .T. ) ;
#3891 = CARTESIAN_POINT ( 'NONE',  ( -2.150334308762918278E-16, -0.5950000000000004174, 1.010000000000000009 ) ) ;
#3892 = DIRECTION ( 'NONE',  ( 0.000000000000000000, 0.000000000000000000, 1.000000000000000000 ) ) ;
#3893 = FACE_OUTER_BOUND ( 'NONE', #2155, .T. ) ;
#3894 = FILL_AREA_STYLE_COLOUR ( '', #2235 ) ;
#3895 = FILL_AREA_STYLE_COLOUR ( '', #4906 ) ;
#3896 = EDGE_LOOP ( 'NONE', ( #1884, #160, #2726, #4372 ) ) ;
#3897 = CYLINDRICAL_SURFACE ( 'NONE', #1256, 0.02999999999999997113 ) ;
#3898 = DIRECTION ( 'NONE',  ( 0.000000000000000000, 0.000000000000000000, 1.000000000000000000 ) ) ;
#3899 = EDGE_CURVE ( 'NONE', #3361, #3792, #4525, .T. ) ;
#3900 = CARTESIAN_POINT ( 'NONE',  ( -2.168404344971008868E-16, -0.1500000000000001055, 1.030000000000000027 ) ) ;
#3901 = UNCERTAINTY_MEASURE_WITH_UNIT (LENGTH_MEASURE( 1.000000000000000082E-05 ), #1452, 'distance_accuracy_value', 'NONE');
#3902 = MECHANICAL_DESIGN_GEOMETRIC_PRESENTATION_REPRESENTATION (  '', ( #2539 ), #5067 ) ;
#3903 = SURFACE_STYLE_USAGE ( .BOTH. , #3584 ) ;
#3904 = DIRECTION ( 'NONE',  ( -1.000000000000000000, 0.000000000000000000, 0.000000000000000000 ) ) ;
#3905 = AXIS2_PLACEMENT_3D ( 'NONE', #3081, #4867, #3968 ) ;
#3906 = CARTESIAN_POINT ( 'NONE',  ( 0.000000000000000000, 0.000000000000000000, 1.040000000000000036 ) ) ;
#3907 = LINE ( 'NONE', #2647, #1264 ) ;
#3908 =( NAMED_UNIT ( * ) SI_UNIT ( $, .STERADIAN. ) SOLID_ANGLE_UNIT ( ) );
#3909 = MECHANICAL_DESIGN_GEOMETRIC_PRESENTATION_REPRESENTATION (  '', ( #3644 ), #2132 ) ;
#3910 =( GEOMETRIC_REPRESENTATION_CONTEXT ( 3 ) GLOBAL_UNCERTAINTY_ASSIGNED_CONTEXT ( ( #831 ) ) GLOBAL_UNIT_ASSIGNED_CONTEXT ( ( #1446, #1844, #2679 ) ) REPRESENTATION_CONTEXT ( 'NONE', 'WORKASPACE' ) );
#3911 = DIRECTION ( 'NONE',  ( 0.000000000000000000, 1.000000000000000000, 0.000000000000000000 ) ) ;
#3912 = PRESENTATION_LAYER_ASSIGNMENT (  '', '', ( #667 ) ) ;
#3913 = VERTEX_POINT ( 'NONE', #464 ) ;
#3914 = FILL_AREA_STYLE ('',( #1891 ) ) ;
#3915 = PRESENTATION_LAYER_ASSIGNMENT (  '', '', ( #2041 ) ) ;
#3916 = VECTOR ( 'NONE', #4057, 1000.000000000000000 ) ;
#3917 = STYLED_ITEM ( 'NONE', ( #1314 ), #2492 ) ;
#3918 = AXIS2_PLACEMENT_3D ( 'NONE', #3059, #288, #1463 ) ;
#3919 = SURFACE_SIDE_STYLE ('',( #3102 ) ) ;
#3920 = LINE ( 'NONE', #2019, #4556 ) ;
#3921 = MECHANICAL_DESIGN_GEOMETRIC_PRESENTATION_REPRESENTATION (  '', ( #1525 ), #2 ) ;
#3922 = CARTESIAN_POINT ( 'NONE',  ( -1.000000000000000000, 0.5949999999999999734, 0.03000000000000007869 ) ) ;
#3923 = COLOUR_RGB ( '',0.9607843137254902244, 0.9607843137254902244, 0.9607843137254902244 ) ;
#3924 = AXIS2_PLACEMENT_3D ( 'NONE', #3297, #5064, #2926 ) ;
#3925 = DIRECTION ( 'NONE',  ( 0.000000000000000000, -1.000000000000000000, 0.000000000000000000 ) ) ;
#3926 = ORIENTED_EDGE ( 'NONE', *, *, #5292, .T. ) ;
#3927 = DIRECTION ( 'NONE',  ( 0.000000000000000000, -1.000000000000000000, 0.000000000000000000 ) ) ;
#3928 =( NAMED_UNIT ( * ) PLANE_ANGLE_UNIT ( ) SI_UNIT ( $, .RADIAN. ) );
#3929 = CARTESIAN_POINT ( 'NONE',  ( 1.000000000000000000, -0.5950000000000001954, 1.040000000000000036 ) ) ;
#3930 = AXIS2_PLACEMENT_3D ( 'NONE', #5130, #5211, #5188 ) ;
#3931 = FILL_AREA_STYLE_COLOUR ( '', #691 ) ;
#3932 = AXIS2_PLACEMENT_3D ( 'NONE', #4936, #2725, #2774 ) ;
#3933 = EDGE_CURVE ( 'NONE', #4683, #4983, #4889, .T. ) ;
#3934 =( NAMED_UNIT ( * ) PLANE_ANGLE_UNIT ( ) SI_UNIT ( $, .RADIAN. ) );
#3935 = ORIENTED_EDGE ( 'NONE', *, *, #185, .F. ) ;
#3936 = MECHANICAL_DESIGN_GEOMETRIC_PRESENTATION_REPRESENTATION (  '', ( #3063 ), #2157 ) ;
#3937 = FACE_OUTER_BOUND ( 'NONE', #2757, .T. ) ;
#3938 = SURFACE_SIDE_STYLE ('',( #2302 ) ) ;
#3939 = DIRECTION ( 'NONE',  ( -0.000000000000000000, -0.000000000000000000, 1.000000000000000000 ) ) ;
#3940 = LINE ( 'NONE', #4685, #4724 ) ;
#3941 = MECHANICAL_DESIGN_GEOMETRIC_PRESENTATION_REPRESENTATION (  '', ( #2163 ), #2313 ) ;
#3942 = EDGE_CURVE ( 'NONE', #1050, #238, #2466, .T. ) ;
#3943 = ADVANCED_FACE ( 'NONE', ( #1687 ), #2916, .T. ) ;
#3944 = DIRECTION ( 'NONE',  ( 1.000000000000000000, -1.084202172485503842E-15, -0.000000000000000000 ) ) ;
#3945 = ORIENTED_EDGE ( 'NONE', *, *, #3933, .F. ) ;
#3946 = DIRECTION ( 'NONE',  ( 0.000000000000000000, 0.000000000000000000, -1.000000000000000000 ) ) ;
#3947 = UNCERTAINTY_MEASURE_WITH_UNIT (LENGTH_MEASURE( 1.000000000000000082E-05 ), #3871, 'distance_accuracy_value', 'NONE');
#3948 = VECTOR ( 'NONE', #1544, 1000.000000000000000 ) ;
#3949 = SURFACE_STYLE_USAGE ( .BOTH. , #1499 ) ;
#3950 = EDGE_LOOP ( 'NONE', ( #5231, #4933, #2462 ) ) ;
#3951 = FACE_OUTER_BOUND ( 'NONE', #376, .T. ) ;
#3952 = ORIENTED_EDGE ( 'NONE', *, *, #22, .T. ) ;
#3953 = CARTESIAN_POINT ( 'NONE',  ( -0.1499999999999999667, -0.5950000000000001954, 1.010000000000000009 ) ) ;
#3954 = ORIENTED_EDGE ( 'NONE', *, *, #4875, .T. ) ;
#3955 = CARTESIAN_POINT ( 'NONE',  ( -0.1499999999999999667, 0.000000000000000000, 0.000000000000000000 ) ) ;
#3956 = DIRECTION ( 'NONE',  ( 0.000000000000000000, -0.000000000000000000, 1.000000000000000000 ) ) ;
#3957 =( NAMED_UNIT ( * ) PLANE_ANGLE_UNIT ( ) SI_UNIT ( $, .RADIAN. ) );
#3958 = PRESENTATION_STYLE_ASSIGNMENT (( #3172 ) ) ;
#3959 = ORIENTED_EDGE ( 'NONE', *, *, #906, .F. ) ;
#3960 = CARTESIAN_POINT ( 'NONE',  ( 0.8000000000000000444, -0.6250000000000001110, 1.010000000000000009 ) ) ;
#3961 =( NAMED_UNIT ( * ) SI_UNIT ( $, .STERADIAN. ) SOLID_ANGLE_UNIT ( ) );
#3962 = SURFACE_STYLE_FILL_AREA ( #2308 ) ;
#3963 = VERTEX_POINT ( 'NONE', #2260 ) ;
#3964 =( LENGTH_UNIT ( ) NAMED_UNIT ( * ) SI_UNIT ( .MILLI., .METRE. ) );
#3965 = SURFACE_SIDE_STYLE ('',( #1531 ) ) ;
#3966 = VERTEX_POINT ( 'NONE', #2188 ) ;
#3967 = CARTESIAN_POINT ( 'NONE',  ( 0.5000000000000000000, -0.5950000000000001954, 1.040000000000000036 ) ) ;
#3968 = DIRECTION ( 'NONE',  ( 0.000000000000000000, -3.614007241618338910E-15, 1.000000000000000000 ) ) ;
#3969 =( LENGTH_UNIT ( ) NAMED_UNIT ( * ) SI_UNIT ( .MILLI., .METRE. ) );
#3970 = VERTEX_POINT ( 'NONE', #3872 ) ;
#3971 = PRESENTATION_STYLE_ASSIGNMENT (( #1973 ) ) ;
#3972 = FILL_AREA_STYLE ('',( #803 ) ) ;
#3973 = ORIENTED_EDGE ( 'NONE', *, *, #5025, .T. ) ;
#3974 = CARTESIAN_POINT ( 'NONE',  ( 0.1500000000000000777, 0.5949999999999999734, 0.000000000000000000 ) ) ;
#3975 = CARTESIAN_POINT ( 'NONE',  ( 0.9699999999999999734, -0.6250000000000001110, 1.040000000000000036 ) ) ;
#3976 = FACE_OUTER_BOUND ( 'NONE', #3540, .T. ) ;
#3977 = DIRECTION ( 'NONE',  ( 1.000000000000000000, 0.000000000000000000, 0.000000000000000000 ) ) ;
#3978 = DIRECTION ( 'NONE',  ( 0.000000000000000000, 1.000000000000000000, 0.000000000000000000 ) ) ;
#3979 = ORIENTED_EDGE ( 'NONE', *, *, #4241, .T. ) ;
#3980 = CARTESIAN_POINT ( 'NONE',  ( -1.000000000000000000, 0.6249999999999998890, 1.010000000000000009 ) ) ;
#3981 = ADVANCED_FACE ( 'NONE', ( #3347 ), #2996, .T. ) ;
#3982 = LINE ( 'NONE', #3090, #4220 ) ;
#3983 = UNCERTAINTY_MEASURE_WITH_UNIT (LENGTH_MEASURE( 1.000000000000000082E-05 ), #2676, 'distance_accuracy_value', 'NONE');
#3984 =( NAMED_UNIT ( * ) SI_UNIT ( $, .STERADIAN. ) SOLID_ANGLE_UNIT ( ) );
#3985 = ORIENTED_EDGE ( 'NONE', *, *, #2107, .F. ) ;
#3986 = PRESENTATION_STYLE_ASSIGNMENT (( #4384 ) ) ;
#3987 = SURFACE_STYLE_FILL_AREA ( #2349 ) ;
#3988 = CARTESIAN_POINT ( 'NONE',  ( 0.5000000000000000000, -0.6250000000000000000, -0.4242640687119291210 ) ) ;
#3989 = CIRCLE ( 'NONE', #1007, 0.02999999999999999889 ) ;
#3990 = EDGE_CURVE ( 'NONE', #3224, #2930, #644, .T. ) ;
#3991 = EDGE_CURVE ( 'NONE', #212, #2072, #2678, .T. ) ;
#3992 = UNCERTAINTY_MEASURE_WITH_UNIT (LENGTH_MEASURE( 1.000000000000000082E-05 ), #4181, 'distance_accuracy_value', 'NONE');
#3993 = MECHANICAL_DESIGN_GEOMETRIC_PRESENTATION_REPRESENTATION (  '', ( #2873 ), #4723 ) ;
#3994 = ORIENTED_EDGE ( 'NONE', *, *, #702, .T. ) ;
#3995 = PRESENTATION_STYLE_ASSIGNMENT (( #3200 ) ) ;
#3996 = PRESENTATION_LAYER_ASSIGNMENT (  '', '', ( #318 ) ) ;
#3997 = AXIS2_PLACEMENT_3D ( 'NONE', #113, #1803, #1724 ) ;
#3998 = VECTOR ( 'NONE', #1737, 1000.000000000000000 ) ;
#3999 =( NAMED_UNIT ( * ) SI_UNIT ( $, .STERADIAN. ) SOLID_ANGLE_UNIT ( ) );
#4000 = FILL_AREA_STYLE_COLOUR ( '', #430 ) ;
#4001 = EDGE_CURVE ( 'NONE', #4094, #1220, #3399, .T. ) ;
#4002 = ORIENTED_EDGE ( 'NONE', *, *, #2458, .T. ) ;
#4003 = PRESENTATION_STYLE_ASSIGNMENT (( #3204 ) ) ;
#4004 = STYLED_ITEM ( 'NONE', ( #4048 ), #49 ) ;
#4005 = VECTOR ( 'NONE', #1771, 1000.000000000000000 ) ;
#4006 =( NAMED_UNIT ( * ) SI_UNIT ( $, .STERADIAN. ) SOLID_ANGLE_UNIT ( ) );
#4007 = ORIENTED_EDGE ( 'NONE', *, *, #536, .F. ) ;
#4008 =( GEOMETRIC_REPRESENTATION_CONTEXT ( 3 ) GLOBAL_UNCERTAINTY_ASSIGNED_CONTEXT ( ( #1127 ) ) GLOBAL_UNIT_ASSIGNED_CONTEXT ( ( #5281, #4833, #1123 ) ) REPRESENTATION_CONTEXT ( 'NONE', 'WORKASPACE' ) );
#4009 = VECTOR ( 'NONE', #65, 1000.000000000000000 ) ;
#4010 = VECTOR ( 'NONE', #3381, 1000.000000000000000 ) ;
#4011 = PRESENTATION_STYLE_ASSIGNMENT (( #2359 ) ) ;
#4012 = STYLED_ITEM ( 'NONE', ( #3008 ), #150 ) ;
#4013 = DIRECTION ( 'NONE',  ( -1.000000000000000000, -1.445602896647339114E-15, 0.000000000000000000 ) ) ;
#4014 = ORIENTED_EDGE ( 'NONE', *, *, #2031, .F. ) ;
#4015 = AXIS2_PLACEMENT_3D ( 'NONE', #1517, #1873, #3112 ) ;
#4016 =( GEOMETRIC_REPRESENTATION_CONTEXT ( 3 ) GLOBAL_UNCERTAINTY_ASSIGNED_CONTEXT ( ( #1478 ) ) GLOBAL_UNIT_ASSIGNED_CONTEXT ( ( #4089, #425, #1652 ) ) REPRESENTATION_CONTEXT ( 'NONE', 'WORKASPACE' ) );
#4017 =( GEOMETRIC_REPRESENTATION_CONTEXT ( 3 ) GLOBAL_UNCERTAINTY_ASSIGNED_CONTEXT ( ( #1468 ) ) GLOBAL_UNIT_ASSIGNED_CONTEXT ( ( #967, #1321, #3782 ) ) REPRESENTATION_CONTEXT ( 'NONE', 'WORKASPACE' ) );
#4018 = DIRECTION ( 'NONE',  ( -1.000000000000000000, -1.084202172485503842E-15, -0.000000000000000000 ) ) ;
#4019 =( NAMED_UNIT ( * ) PLANE_ANGLE_UNIT ( ) SI_UNIT ( $, .RADIAN. ) );
#4020 = VECTOR ( 'NONE', #5277, 1000.000000000000000 ) ;
#4021 = MECHANICAL_DESIGN_GEOMETRIC_PRESENTATION_REPRESENTATION (  '', ( #2633 ), #2463 ) ;
#4022 = DIRECTION ( 'NONE',  ( 1.000000000000000000, 0.000000000000000000, 0.000000000000000000 ) ) ;
#4023 = DIRECTION ( 'NONE',  ( 0.000000000000000000, -1.000000000000000000, 0.000000000000000000 ) ) ;
#4024 = AXIS2_PLACEMENT_3D ( 'NONE', #1714, #3337, #4616 ) ;
#4025 = VERTEX_POINT ( 'NONE', #2664 ) ;
#4026 = DIRECTION ( 'NONE',  ( 1.445602896647339114E-15, -1.000000000000000000, 0.000000000000000000 ) ) ;
#4027 = MECHANICAL_DESIGN_GEOMETRIC_PRESENTATION_REPRESENTATION (  '', ( #604 ), #2384 ) ;
#4028 = LINE ( 'NONE', #1146, #4445 ) ;
#4029 =( NAMED_UNIT ( * ) PLANE_ANGLE_UNIT ( ) SI_UNIT ( $, .RADIAN. ) );
#4030 = VECTOR ( 'NONE', #4022, 1000.000000000000000 ) ;
#4031 = CARTESIAN_POINT ( 'NONE',  ( -0.1499999999999999667, -0.6250000000000000000, 1.010000000000000009 ) ) ;
#4032 = AXIS2_PLACEMENT_3D ( 'NONE', #1394, #2589, #2186 ) ;
#4033 = VERTEX_POINT ( 'NONE', #2346 ) ;
#4034 = EDGE_CURVE ( 'NONE', #2072, #2291, #1496, .T. ) ;
#4035 = CARTESIAN_POINT ( 'NONE',  ( -0.4999999999999998890, -0.5950000000000001954, 0.000000000000000000 ) ) ;
#4036 = COLOUR_RGB ( '',1.000000000000000000, 0.000000000000000000, 0.000000000000000000 ) ;
#4037 = FACE_OUTER_BOUND ( 'NONE', #3270, .T. ) ;
#4038 = ORIENTED_EDGE ( 'NONE', *, *, #1668, .F. ) ;
#4039 = PLANE ( 'NONE',  #4810 ) ;
#4040 = ORIENTED_EDGE ( 'NONE', *, *, #299, .T. ) ;
#4041 =( LENGTH_UNIT ( ) NAMED_UNIT ( * ) SI_UNIT ( .MILLI., .METRE. ) );
#4042 = PRESENTATION_STYLE_ASSIGNMENT (( #4848 ) ) ;
#4043 = CARTESIAN_POINT ( 'NONE',  ( -0.1500000000000001887, 0.3250000000000000111, 0.000000000000000000 ) ) ;
#4044 = DIRECTION ( 'NONE',  ( 1.000000000000000000, 1.084202172485503842E-15, -0.000000000000000000 ) ) ;
#4045 = EDGE_LOOP ( 'NONE', ( #1893, #1223, #3136, #5114 ) ) ;
#4046 = PRESENTATION_STYLE_ASSIGNMENT (( #4097 ) ) ;
#4047 = LINE ( 'NONE', #3713, #4358 ) ;
#4048 = PRESENTATION_STYLE_ASSIGNMENT (( #4918 ) ) ;
#4049 = CARTESIAN_POINT ( 'NONE',  ( 0.8000000000000000444, 0.5949999999999999734, 0.000000000000000000 ) ) ;
#4050 = CARTESIAN_POINT ( 'NONE',  ( -0.1499999999999999667, -0.5950000000000001954, 0.000000000000000000 ) ) ;
#4051 = ORIENTED_EDGE ( 'NONE', *, *, #2106, .T. ) ;
#4052 = CARTESIAN_POINT ( 'NONE',  ( 0.5000000000000000000, -0.6250000000000001110, 0.03000000000000007869 ) ) ;
#4053 = ORIENTED_EDGE ( 'NONE', *, *, #5093, .F. ) ;
#4054 =( NAMED_UNIT ( * ) PLANE_ANGLE_UNIT ( ) SI_UNIT ( $, .RADIAN. ) );
#4055 = CARTESIAN_POINT ( 'NONE',  ( 0.4999999999999997780, 0.3250000000000000111, 0.000000000000000000 ) ) ;
#4056 = LINE ( 'NONE', #1176, #1284 ) ;
#4057 = DIRECTION ( 'NONE',  ( 1.000000000000000000, -0.000000000000000000, -0.000000000000000000 ) ) ;
#4058 = CARTESIAN_POINT ( 'NONE',  ( 0.6499999999999998002, 0.5950000000000004174, 1.010000000000000009 ) ) ;
#4059 = VERTEX_POINT ( 'NONE', #1469 ) ;
#4060 = ADVANCED_FACE ( 'NONE', ( #3092 ), #2715, .F. ) ;
#4061 = CARTESIAN_POINT ( 'NONE',  ( -0.4999999999999998890, 0.6250000000000001110, 0.02999999999999997113 ) ) ;
#4062 = ORIENTED_EDGE ( 'NONE', *, *, #4082, .F. ) ;
#4063 = FACE_OUTER_BOUND ( 'NONE', #2201, .T. ) ;
#4064 = ORIENTED_EDGE ( 'NONE', *, *, #4674, .F. ) ;
#4065 = CYLINDRICAL_SURFACE ( 'NONE', #4354, 0.02999999999999997113 ) ;
#4066 = DIRECTION ( 'NONE',  ( 1.000000000000000000, -0.000000000000000000, -0.000000000000000000 ) ) ;
#4067 = ORIENTED_EDGE ( 'NONE', *, *, #4841, .F. ) ;
#4068 = EDGE_CURVE ( 'NONE', #3913, #3507, #3717, .T. ) ;
#4069 = LINE ( 'NONE', #3601, #2790 ) ;
#4070 = FILL_AREA_STYLE_COLOUR ( '', #2566 ) ;
#4071 = DIRECTION ( 'NONE',  ( 1.000000000000000000, -0.000000000000000000, 0.000000000000000000 ) ) ;
#4072 = ORIENTED_EDGE ( 'NONE', *, *, #3556, .T. ) ;
#4073 = CARTESIAN_POINT ( 'NONE',  ( 0.000000000000000000, 0.3250000000000000111, 0.000000000000000000 ) ) ;
#4074 = EDGE_CURVE ( 'NONE', #4177, #382, #4589, .T. ) ;
#4075 = LINE ( 'NONE', #2077, #1429 ) ;
#4076 = CARTESIAN_POINT ( 'NONE',  ( 0.5000000000000000000, -0.5950000000000001954, 0.03000000000000007869 ) ) ;
#4077 = CARTESIAN_POINT ( 'NONE',  ( -1.000000000000000000, -0.6250000000000001110, 1.010000000000000009 ) ) ;
#4078 = DIRECTION ( 'NONE',  ( -0.000000000000000000, -0.000000000000000000, 1.000000000000000000 ) ) ;
#4079 = VERTEX_POINT ( 'NONE', #4052 ) ;
#4080 = DIRECTION ( 'NONE',  ( -0.000000000000000000, -0.000000000000000000, 1.000000000000000000 ) ) ;
#4081 = AXIS2_PLACEMENT_3D ( 'NONE', #4750, #3022, #2558 ) ;
#4082 = EDGE_CURVE ( 'NONE', #2216, #47, #1634, .T. ) ;
#4083 = ORIENTED_EDGE ( 'NONE', *, *, #4309, .T. ) ;
#4084 = DIRECTION ( 'NONE',  ( 0.000000000000000000, 0.000000000000000000, 1.000000000000000000 ) ) ;
#4085 = ORIENTED_EDGE ( 'NONE', *, *, #3527, .F. ) ;
#4086 = CARTESIAN_POINT ( 'NONE',  ( 0.1499999999999994116, 5.421010862427525128E-16, 1.040000000000000036 ) ) ;
#4087 = AXIS2_PLACEMENT_3D ( 'NONE', #3510, #1116, #1504 ) ;
#4088 = VECTOR ( 'NONE', #2833, 1000.000000000000000 ) ;
#4089 =( LENGTH_UNIT ( ) NAMED_UNIT ( * ) SI_UNIT ( .MILLI., .METRE. ) );
#4090 = SURFACE_STYLE_FILL_AREA ( #2509 ) ;
#4091 = UNCERTAINTY_MEASURE_WITH_UNIT (LENGTH_MEASURE( 1.000000000000000082E-05 ), #2784, 'distance_accuracy_value', 'NONE');
#4092 = PRESENTATION_LAYER_ASSIGNMENT (  '', '', ( #1178 ) ) ;
#4093 = PRESENTATION_LAYER_ASSIGNMENT (  '', '', ( #4183 ) ) ;
#4094 = VERTEX_POINT ( 'NONE', #901 ) ;
#4095 = VECTOR ( 'NONE', #747, 1000.000000000000000 ) ;
#4096 = AXIS2_PLACEMENT_3D ( 'NONE', #273, #4385, #623 ) ;
#4097 = SURFACE_STYLE_USAGE ( .BOTH. , #3938 ) ;
#4098 = CARTESIAN_POINT ( 'NONE',  ( -0.4999999999999998890, 0.5949999999999999734, 0.000000000000000000 ) ) ;
#4099 = DIRECTION ( 'NONE',  ( -0.000000000000000000, -0.000000000000000000, 1.000000000000000000 ) ) ;
#4100 = VECTOR ( 'NONE', #2779, 1000.000000000000000 ) ;
#4101 = ADVANCED_FACE ( 'NONE', ( #841 ), #2496, .T. ) ;
#4102 = VECTOR ( 'NONE', #1141, 1000.000000000000000 ) ;
#4103 = STYLED_ITEM ( 'NONE', ( #219 ), #2033 ) ;
#4104 = CARTESIAN_POINT ( 'NONE',  ( 1.299999999999999822, 0.5950000000000004174, 0.000000000000000000 ) ) ;
#4105 = EDGE_LOOP ( 'NONE', ( #2810, #2680, #2511, #3591, #2841, #4149 ) ) ;
#4106 = CYLINDRICAL_SURFACE ( 'NONE', #4577, 0.02999999999999999889 ) ;
#4107 = AXIS2_PLACEMENT_3D ( 'NONE', #5234, #3524, #1905 ) ;
#4108 =( NAMED_UNIT ( * ) SI_UNIT ( $, .STERADIAN. ) SOLID_ANGLE_UNIT ( ) );
#4109 = MECHANICAL_DESIGN_GEOMETRIC_PRESENTATION_REPRESENTATION (  '', ( #3402 ), #2795 ) ;
#4110 = DIRECTION ( 'NONE',  ( -1.000000000000000000, 0.000000000000000000, 0.000000000000000000 ) ) ;
#4111 = ADVANCED_FACE ( 'NONE', ( #4137 ), #4883, .T. ) ;
#4112 = CIRCLE ( 'NONE', #2712, 0.02999999999999999889 ) ;
#4113 = EDGE_CURVE ( 'NONE', #5192, #2738, #485, .T. ) ;
#4114 = STYLED_ITEM ( 'NONE', ( #3182 ), #3074 ) ;
#4115 = SURFACE_STYLE_USAGE ( .BOTH. , #2016 ) ;
#4116 = COLOUR_RGB ( '',0.8431372549019607865, 0.8431372549019607865, 0.8431372549019607865 ) ;
#4117 = ORIENTED_EDGE ( 'NONE', *, *, #3371, .F. ) ;
#4118 = DIRECTION ( 'NONE',  ( -0.000000000000000000, -0.000000000000000000, 1.000000000000000000 ) ) ;
#4119 = PRESENTATION_STYLE_ASSIGNMENT (( #448 ) ) ;
#4120 = SURFACE_SIDE_STYLE ('',( #470 ) ) ;
#4121 = UNCERTAINTY_MEASURE_WITH_UNIT (LENGTH_MEASURE( 1.000000000000000082E-05 ), #3060, 'distance_accuracy_value', 'NONE');
#4122 = FACE_OUTER_BOUND ( 'NONE', #4253, .T. ) ;
#4123 = CARTESIAN_POINT ( 'NONE',  ( 0.4999999999999993339, 0.5950000000000000844, 1.010000000000000009 ) ) ;
#4124 = EDGE_LOOP ( 'NONE', ( #1480, #3079, #1312, #972, #1967, #1082 ) ) ;
#4125 = FACE_OUTER_BOUND ( 'NONE', #780, .T. ) ;
#4126 = CARTESIAN_POINT ( 'NONE',  ( -0.7999999999999999334, -0.3250000000000000666, 1.040000000000000036 ) ) ;
#4127 = PRESENTATION_LAYER_ASSIGNMENT (  '', '', ( #3420 ) ) ;
#4128 = PRESENTATION_STYLE_ASSIGNMENT (( #2069 ) ) ;
#4129 =( LENGTH_UNIT ( ) NAMED_UNIT ( * ) SI_UNIT ( .MILLI., .METRE. ) );
#4130 = ORIENTED_EDGE ( 'NONE', *, *, #57, .T. ) ;
#4131 = LINE ( 'NONE', #4612, #4915 ) ;
#4132 = CARTESIAN_POINT ( 'NONE',  ( -0.8000000000000005995, 0.5950000000000000844, 0.02999999999999997113 ) ) ;
#4133 = DIRECTION ( 'NONE',  ( 0.000000000000000000, 0.000000000000000000, -1.000000000000000000 ) ) ;
#4134 = DIRECTION ( 'NONE',  ( 0.000000000000000000, 1.000000000000000000, 0.000000000000000000 ) ) ;
#4135 = EDGE_LOOP ( 'NONE', ( #3099, #2175, #4500, #4509 ) ) ;
#4136 =( NAMED_UNIT ( * ) PLANE_ANGLE_UNIT ( ) SI_UNIT ( $, .RADIAN. ) );
#4137 = FACE_OUTER_BOUND ( 'NONE', #334, .T. ) ;
#4138 =( LENGTH_UNIT ( ) NAMED_UNIT ( * ) SI_UNIT ( .MILLI., .METRE. ) );
#4139 = SURFACE_SIDE_STYLE ('',( #2498 ) ) ;
#4140 = DIRECTION ( 'NONE',  ( -1.000000000000000000, 0.000000000000000000, -0.000000000000000000 ) ) ;
#4141 = LINE ( 'NONE', #4478, #2362 ) ;
#4142 = ADVANCED_FACE ( 'NONE', ( #3011 ), #5081, .T. ) ;
#4143 = ADVANCED_FACE ( 'NONE', ( #170 ), #4222, .T. ) ;
#4144 = ORIENTED_EDGE ( 'NONE', *, *, #471, .F. ) ;
#4145 =( NAMED_UNIT ( * ) PLANE_ANGLE_UNIT ( ) SI_UNIT ( $, .RADIAN. ) );
#4146 = DIRECTION ( 'NONE',  ( -1.000000000000000000, 0.000000000000000000, 0.000000000000000000 ) ) ;
#4147 = DIRECTION ( 'NONE',  ( 1.000000000000000000, 3.614007241618351729E-16, 0.000000000000000000 ) ) ;
#4148 = CARTESIAN_POINT ( 'NONE',  ( -0.8000000000000005995, 0.5950000000000000844, 1.010000000000000009 ) ) ;
#4149 = ORIENTED_EDGE ( 'NONE', *, *, #3899, .F. ) ;
#4150 = UNCERTAINTY_MEASURE_WITH_UNIT (LENGTH_MEASURE( 1.000000000000000082E-05 ), #4381, 'distance_accuracy_value', 'NONE');
#4151 = CARTESIAN_POINT ( 'NONE',  ( -0.9700000000000000844, 0.5949999999999999734, 0.02999999999999999889 ) ) ;
#4152 = ORIENTED_EDGE ( 'NONE', *, *, #2587, .F. ) ;
#4153 =( GEOMETRIC_REPRESENTATION_CONTEXT ( 3 ) GLOBAL_UNCERTAINTY_ASSIGNED_CONTEXT ( ( #2857 ) ) GLOBAL_UNIT_ASSIGNED_CONTEXT ( ( #2190, #3854, #2681 ) ) REPRESENTATION_CONTEXT ( 'NONE', 'WORKASPACE' ) );
#4154 =( LENGTH_UNIT ( ) NAMED_UNIT ( * ) SI_UNIT ( .MILLI., .METRE. ) );
#4155 = DIRECTION ( 'NONE',  ( 0.000000000000000000, 0.000000000000000000, -1.000000000000000000 ) ) ;
#4156 = ORIENTED_EDGE ( 'NONE', *, *, #2737, .F. ) ;
#4157 = PLANE ( 'NONE',  #793 ) ;
#4158 = EDGE_CURVE ( 'NONE', #3712, #4094, #1841, .T. ) ;
#4159 =( NAMED_UNIT ( * ) PLANE_ANGLE_UNIT ( ) SI_UNIT ( $, .RADIAN. ) );
#4160 = SURFACE_SIDE_STYLE ('',( #2993 ) ) ;
#4161 = DIRECTION ( 'NONE',  ( -1.000000000000000000, -3.614007241618351729E-16, 0.000000000000000000 ) ) ;
#4162 = DIRECTION ( 'NONE',  ( -0.000000000000000000, -0.000000000000000000, 1.000000000000000000 ) ) ;
#4163 = PRESENTATION_STYLE_ASSIGNMENT (( #2209 ) ) ;
#4164 =( LENGTH_UNIT ( ) NAMED_UNIT ( * ) SI_UNIT ( .MILLI., .METRE. ) );
#4165 = DIRECTION ( 'NONE',  ( 1.084202172485503842E-15, 1.000000000000000000, 0.000000000000000000 ) ) ;
#4166 = ADVANCED_FACE ( 'NONE', ( #3937 ), #3897, .T. ) ;
#4167 = CARTESIAN_POINT ( 'NONE',  ( -0.6000000000000001998, 0.1499999999999999112, 1.040000000000000036 ) ) ;
#4168 = DIRECTION ( 'NONE',  ( 0.000000000000000000, 1.000000000000000000, 0.000000000000000000 ) ) ;
#4169 = UNCERTAINTY_MEASURE_WITH_UNIT (LENGTH_MEASURE( 1.000000000000000082E-05 ), #1899, 'distance_accuracy_value', 'NONE');
#4170 = CARTESIAN_POINT ( 'NONE',  ( -1.000000000000000000, -0.5950000000000001954, 0.03000000000000007869 ) ) ;
#4171 = ORIENTED_EDGE ( 'NONE', *, *, #1450, .T. ) ;
#4172 = LINE ( 'NONE', #1351, #3643 ) ;
#4173 = CARTESIAN_POINT ( 'NONE',  ( -0.4999999999999998890, -0.5950000000000001954, 0.000000000000000000 ) ) ;
#4174 = DIRECTION ( 'NONE',  ( 0.000000000000000000, 0.000000000000000000, 1.000000000000000000 ) ) ;
#4175 = EDGE_CURVE ( 'NONE', #4838, #2733, #3816, .T. ) ;
#4176 = FACE_OUTER_BOUND ( 'NONE', #431, .T. ) ;
#4177 = VERTEX_POINT ( 'NONE', #1069 ) ;
#4178 = SURFACE_SIDE_STYLE ('',( #2581 ) ) ;
#4179 = ORIENTED_EDGE ( 'NONE', *, *, #4850, .F. ) ;
#4180 = AXIS2_PLACEMENT_3D ( 'NONE', #2944, #3855, #3395 ) ;
#4181 =( LENGTH_UNIT ( ) NAMED_UNIT ( * ) SI_UNIT ( .MILLI., .METRE. ) );
#4182 = COLOUR_RGB ( '',0.9607843137254902244, 0.9607843137254902244, 0.9607843137254902244 ) ;
#4183 = STYLED_ITEM ( 'NONE', ( #1698 ), #5283 ) ;
#4184 = VECTOR ( 'NONE', #638, 1000.000000000000000 ) ;
#4185 = ORIENTED_EDGE ( 'NONE', *, *, #1037, .F. ) ;
#4186 = AXIS2_PLACEMENT_3D ( 'NONE', #3498, #1957, #3525 ) ;
#4187 = PRESENTATION_STYLE_ASSIGNMENT (( #4292 ) ) ;
#4188 = DIRECTION ( 'NONE',  ( -1.000000000000000000, -3.614007241618351729E-16, 0.000000000000000000 ) ) ;
#4189 = AXIS2_PLACEMENT_3D ( 'NONE', #4592, #1639, #3261 ) ;
#4190 = DIRECTION ( 'NONE',  ( 1.000000000000000000, -3.614007241618347785E-16, 0.000000000000000000 ) ) ;
#4191 = STYLED_ITEM ( 'NONE', ( #5178 ), #4851 ) ;
#4192 = MECHANICAL_DESIGN_GEOMETRIC_PRESENTATION_REPRESENTATION (  '', ( #2886 ), #4998 ) ;
#4193 = STYLED_ITEM ( 'NONE', ( #2956 ), #1867 ) ;
#4194 =( GEOMETRIC_REPRESENTATION_CONTEXT ( 3 ) GLOBAL_UNCERTAINTY_ASSIGNED_CONTEXT ( ( #5109 ) ) GLOBAL_UNIT_ASSIGNED_CONTEXT ( ( #144, #1407, #1812 ) ) REPRESENTATION_CONTEXT ( 'NONE', 'WORKASPACE' ) );
#4195 =( GEOMETRIC_REPRESENTATION_CONTEXT ( 3 ) GLOBAL_UNCERTAINTY_ASSIGNED_CONTEXT ( ( #3210 ) ) GLOBAL_UNIT_ASSIGNED_CONTEXT ( ( #4542, #2154, #5102 ) ) REPRESENTATION_CONTEXT ( 'NONE', 'WORKASPACE' ) );
#4196 = AXIS2_PLACEMENT_3D ( 'NONE', #2777, #4455, #5304 ) ;
#4197 = DIRECTION ( 'NONE',  ( 0.000000000000000000, 0.000000000000000000, -1.000000000000000000 ) ) ;
#4198 = VECTOR ( 'NONE', #2476, 1000.000000000000000 ) ;
#4199 =( LENGTH_UNIT ( ) NAMED_UNIT ( * ) SI_UNIT ( .MILLI., .METRE. ) );
#4200 = CIRCLE ( 'NONE', #1110, 0.03000000000000007869 ) ;
#4201 = DIRECTION ( 'NONE',  ( -0.000000000000000000, -0.000000000000000000, 1.000000000000000000 ) ) ;
#4202 =( NAMED_UNIT ( * ) SI_UNIT ( $, .STERADIAN. ) SOLID_ANGLE_UNIT ( ) );
#4203 = ORIENTED_EDGE ( 'NONE', *, *, #4769, .T. ) ;
#4204 = ADVANCED_FACE ( 'NONE', ( #5180 ), #1466, .T. ) ;
#4205 = LINE ( 'NONE', #2925, #3819 ) ;
#4206 = PLANE ( 'NONE',  #3665 ) ;
#4207 = PLANE ( 'NONE',  #436 ) ;
#4208 = CARTESIAN_POINT ( 'NONE',  ( -2.168404344971008868E-16, -0.1500000000000001055, 1.030000000000000027 ) ) ;
#4209 = UNCERTAINTY_MEASURE_WITH_UNIT (LENGTH_MEASURE( 1.000000000000000082E-05 ), #5117, 'distance_accuracy_value', 'NONE');
#4210 =( GEOMETRIC_REPRESENTATION_CONTEXT ( 3 ) GLOBAL_UNCERTAINTY_ASSIGNED_CONTEXT ( ( #2952 ) ) GLOBAL_UNIT_ASSIGNED_CONTEXT ( ( #998, #1795, #5126 ) ) REPRESENTATION_CONTEXT ( 'NONE', 'WORKASPACE' ) );
#4211 = CARTESIAN_POINT ( 'NONE',  ( 0.1499999999999994116, 5.421010862427525128E-16, -0.4242640687119291210 ) ) ;
#4212 = EDGE_LOOP ( 'NONE', ( #1810, #1937, #1336, #2324 ) ) ;
#4213 = SURFACE_STYLE_USAGE ( .BOTH. , #2118 ) ;
#4214 = ORIENTED_EDGE ( 'NONE', *, *, #934, .F. ) ;
#4215 = EDGE_CURVE ( 'NONE', #3966, #2053, #1042, .T. ) ;
#4216 = EDGE_CURVE ( 'NONE', #3721, #2094, #1357, .T. ) ;
#4217 = AXIS2_PLACEMENT_3D ( 'NONE', #788, #1208, #874 ) ;
#4218 = DIRECTION ( 'NONE',  ( 0.000000000000000000, 0.000000000000000000, -1.000000000000000000 ) ) ;
#4219 = DIRECTION ( 'NONE',  ( -1.000000000000000000, -0.000000000000000000, -0.000000000000000000 ) ) ;
#4220 = VECTOR ( 'NONE', #3939, 1000.000000000000000 ) ;
#4221 = ORIENTED_EDGE ( 'NONE', *, *, #3006, .F. ) ;
#4222 = PLANE ( 'NONE',  #3466 ) ;
#4223 = LINE ( 'NONE', #3387, #4009 ) ;
#4224 = UNCERTAINTY_MEASURE_WITH_UNIT (LENGTH_MEASURE( 1.000000000000000082E-05 ), #3279, 'distance_accuracy_value', 'NONE');
#4225 = AXIS2_PLACEMENT_3D ( 'NONE', #2724, #2811, #2318 ) ;
#4226 = DIRECTION ( 'NONE',  ( 1.000000000000000000, -1.084202172485503842E-15, 0.000000000000000000 ) ) ;
#4227 = LINE ( 'NONE', #2546, #3058 ) ;
#4228 = DIRECTION ( 'NONE',  ( -1.084202172485503842E-15, 1.000000000000000000, 0.000000000000000000 ) ) ;
#4229 = FACE_OUTER_BOUND ( 'NONE', #5024, .T. ) ;
#4230 = CARTESIAN_POINT ( 'NONE',  ( -0.6000000000000001998, 0.1499999999999999112, 1.040000000000000036 ) ) ;
#4231 = EDGE_CURVE ( 'NONE', #4839, #3617, #3989, .T. ) ;
#4232 = VERTEX_POINT ( 'NONE', #4675 ) ;
#4233 = CARTESIAN_POINT ( 'NONE',  ( 0.8000000000000000444, 0.5950000000000001954, 1.040000000000000036 ) ) ;
#4234 = DIRECTION ( 'NONE',  ( -1.084202172485503842E-15, -1.000000000000000000, 0.000000000000000000 ) ) ;
#4235 = SURFACE_STYLE_FILL_AREA ( #4635 ) ;
#4236 = ORIENTED_EDGE ( 'NONE', *, *, #1226, .T. ) ;
#4237 = DIRECTION ( 'NONE',  ( -0.000000000000000000, -0.000000000000000000, 1.000000000000000000 ) ) ;
#4238 = ORIENTED_EDGE ( 'NONE', *, *, #3740, .F. ) ;
#4239 = CARTESIAN_POINT ( 'NONE',  ( -1.000000000000000000, -0.5950000000000001954, 0.03000000000000007869 ) ) ;
#4240 = FACE_OUTER_BOUND ( 'NONE', #4828, .T. ) ;
#4241 = EDGE_CURVE ( 'NONE', #3970, #384, #1807, .T. ) ;
#4242 = CARTESIAN_POINT ( 'NONE',  ( 1.300000000000000266, -0.3249999999999998446, -0.4242640687119291210 ) ) ;
#4243 = ADVANCED_FACE ( 'NONE', ( #2951 ), #191, .T. ) ;
#4244 = EDGE_LOOP ( 'NONE', ( #2921, #3709, #1946, #63 ) ) ;
#4245 = SURFACE_STYLE_FILL_AREA ( #1816 ) ;
#4246 = CARTESIAN_POINT ( 'NONE',  ( -0.8000000000000005995, 0.6250000000000000000, 0.02999999999999997113 ) ) ;
#4247 = VECTOR ( 'NONE', #5327, 1000.000000000000000 ) ;
#4248 = CARTESIAN_POINT ( 'NONE',  ( 1.000000000000000000, -0.6250000000000001110, 0.03000000000000007869 ) ) ;
#4249 = ADVANCED_FACE ( 'NONE', ( #2249 ), #974, .T. ) ;
#4250 = AXIS2_PLACEMENT_3D ( 'NONE', #3095, #1498, #1105 ) ;
#4251 = CARTESIAN_POINT ( 'NONE',  ( -0.4999999999999998890, 0.6250000000000001110, 0.03000000000000007869 ) ) ;
#4252 = CARTESIAN_POINT ( 'NONE',  ( 0.7999999999999997113, 0.3250000000000000111, 1.040000000000000036 ) ) ;
#4253 = EDGE_LOOP ( 'NONE', ( #2508, #4992, #1426, #1296 ) ) ;
#4254 =( NAMED_UNIT ( * ) PLANE_ANGLE_UNIT ( ) SI_UNIT ( $, .RADIAN. ) );
#4255 = FILL_AREA_STYLE ('',( #3378 ) ) ;
#4256 = VERTEX_POINT ( 'NONE', #3128 ) ;
#4257 = MANIFOLD_SOLID_BREP ( 'Fillet6', #5154 ) ;
#4258 = LINE ( 'NONE', #3863, #4659 ) ;
#4259 = ORIENTED_EDGE ( 'NONE', *, *, #4701, .F. ) ;
#4260 = LINE ( 'NONE', #2512, #3146 ) ;
#4261 =( GEOMETRIC_REPRESENTATION_CONTEXT ( 3 ) GLOBAL_UNCERTAINTY_ASSIGNED_CONTEXT ( ( #3155 ) ) GLOBAL_UNIT_ASSIGNED_CONTEXT ( ( #1730, #5044, #575 ) ) REPRESENTATION_CONTEXT ( 'NONE', 'WORKASPACE' ) );
#4262 = LINE ( 'NONE', #1390, #5242 ) ;
#4263 = ORIENTED_EDGE ( 'NONE', *, *, #1424, .T. ) ;
#4264 = PRESENTATION_LAYER_ASSIGNMENT (  '', '', ( #2460 ) ) ;
#4265 = PRESENTATION_STYLE_ASSIGNMENT (( #3366 ) ) ;
#4266 =( NAMED_UNIT ( * ) SI_UNIT ( $, .STERADIAN. ) SOLID_ANGLE_UNIT ( ) );
#4267 = ADVANCED_FACE ( 'NONE', ( #3951 ), #5216, .T. ) ;
#4268 = MECHANICAL_DESIGN_GEOMETRIC_PRESENTATION_REPRESENTATION (  '', ( #4183 ), #3213 ) ;
#4269 = CIRCLE ( 'NONE', #161, 0.02999999999999997113 ) ;
#4270 = STYLED_ITEM ( 'NONE', ( #1819 ), #2267 ) ;
#4271 = VECTOR ( 'NONE', #20, 1000.000000000000000 ) ;
#4272 = PRESENTATION_STYLE_ASSIGNMENT (( #1318 ) ) ;
#4273 = VECTOR ( 'NONE', #2827, 1000.000000000000000 ) ;
#4274 = EDGE_CURVE ( 'NONE', #2934, #828, #1093, .T. ) ;
#4275 = EDGE_CURVE ( 'NONE', #4408, #3790, #735, .T. ) ;
#4276 = STYLED_ITEM ( 'NONE', ( #3253 ), #94 ) ;
#4277 = PRESENTATION_LAYER_ASSIGNMENT (  '', '', ( #593 ) ) ;
#4278 = SURFACE_SIDE_STYLE ('',( #4598 ) ) ;
#4279 = MANIFOLD_SOLID_BREP ( 'LPattern3[1]', #3477 ) ;
#4280 =( GEOMETRIC_REPRESENTATION_CONTEXT ( 3 ) GLOBAL_UNCERTAINTY_ASSIGNED_CONTEXT ( ( #4789 ) ) GLOBAL_UNIT_ASSIGNED_CONTEXT ( ( #1246, #2394, #1979 ) ) REPRESENTATION_CONTEXT ( 'NONE', 'WORKASPACE' ) );
#4281 = DIRECTION ( 'NONE',  ( 0.000000000000000000, 0.000000000000000000, -1.000000000000000000 ) ) ;
#4282 = CIRCLE ( 'NONE', #2055, 0.02999999999999997113 ) ;
#4283 = ORIENTED_EDGE ( 'NONE', *, *, #3796, .F. ) ;
#4284 = CYLINDRICAL_SURFACE ( 'NONE', #3307, 0.03000000000000007869 ) ;
#4285 = COLOUR_RGB ( '',0.9607843137254902244, 0.9607843137254902244, 0.9607843137254902244 ) ;
#4286 = VECTOR ( 'NONE', #1215, 1000.000000000000000 ) ;
#4287 = STYLED_ITEM ( 'NONE', ( #4489 ), #768 ) ;
#4288 = PRESENTATION_STYLE_ASSIGNMENT (( #210 ) ) ;
#4289 = SURFACE_STYLE_FILL_AREA ( #4255 ) ;
#4290 = ORIENTED_EDGE ( 'NONE', *, *, #2709, .F. ) ;
#4291 = AXIS2_PLACEMENT_3D ( 'NONE', #5039, #3353, #3853 ) ;
#4292 = SURFACE_STYLE_USAGE ( .BOTH. , #4317 ) ;
#4293 = SURFACE_STYLE_USAGE ( .BOTH. , #5138 ) ;
#4294 = VERTEX_POINT ( 'NONE', #4934 ) ;
#4295 = DIRECTION ( 'NONE',  ( -1.084202172485503842E-15, 1.000000000000000000, 0.000000000000000000 ) ) ;
#4296 = DIRECTION ( 'NONE',  ( 0.000000000000000000, 0.000000000000000000, 1.000000000000000000 ) ) ;
#4297 = FILL_AREA_STYLE ('',( #3895 ) ) ;
#4298 = VERTEX_POINT ( 'NONE', #75 ) ;
#4299 = COLOUR_RGB ( '',1.000000000000000000, 0.000000000000000000, 0.000000000000000000 ) ;
#4300 = PRESENTATION_STYLE_ASSIGNMENT (( #1491 ) ) ;
#4301 = PLANE ( 'NONE',  #423 ) ;
#4302 = FACE_BOUND ( 'NONE', #1133, .T. ) ;
#4303 = AXIS2_PLACEMENT_3D ( 'NONE', #101, #1060, #4619 ) ;
#4304 = CARTESIAN_POINT ( 'NONE',  ( 0.7999999999999997113, 0.3250000000000000111, -0.4242640687119291210 ) ) ;
#4305 = PLANE ( 'NONE',  #3744 ) ;
#4306 = PRESENTATION_STYLE_ASSIGNMENT (( #4530 ) ) ;
#4307 = LINE ( 'NONE', #646, #2673 ) ;
#4308 = PLANE ( 'NONE',  #502 ) ;
#4309 = EDGE_CURVE ( 'NONE', #384, #5307, #1152, .T. ) ;
#4310 = EDGE_CURVE ( 'NONE', #4059, #1939, #2060, .T. ) ;
#4311 = CARTESIAN_POINT ( 'NONE',  ( 0.8000000000000000444, 0.6250000000000001110, 0.02999999999999997113 ) ) ;
#4312 = VERTEX_POINT ( 'NONE', #2018 ) ;
#4313 = CARTESIAN_POINT ( 'NONE',  ( 0.9699999999999999734, 0.6249999999999998890, 1.010000000000000009 ) ) ;
#4314 = SURFACE_STYLE_FILL_AREA ( #3860 ) ;
#4315 = EDGE_CURVE ( 'NONE', #3790, #4709, #4269, .T. ) ;
#4316 = VERTEX_POINT ( 'NONE', #25 ) ;
#4317 = SURFACE_SIDE_STYLE ('',( #923 ) ) ;
#4318 =( LENGTH_UNIT ( ) NAMED_UNIT ( * ) SI_UNIT ( .MILLI., .METRE. ) );
#4319 = ORIENTED_EDGE ( 'NONE', *, *, #299, .F. ) ;
#4320 =( NAMED_UNIT ( * ) SI_UNIT ( $, .STERADIAN. ) SOLID_ANGLE_UNIT ( ) );
#4321 = CARTESIAN_POINT ( 'NONE',  ( 0.5000000000000000000, -0.5950000000000001954, 0.000000000000000000 ) ) ;
#4322 = DIRECTION ( 'NONE',  ( -1.084202172485503842E-15, 1.000000000000000000, 0.000000000000000000 ) ) ;
#4323 = CARTESIAN_POINT ( 'NONE',  ( 0.6500000000000000222, 0.000000000000000000, 0.000000000000000000 ) ) ;
#4324 = ORIENTED_EDGE ( 'NONE', *, *, #1169, .T. ) ;
#4325 = SURFACE_STYLE_USAGE ( .BOTH. , #1492 ) ;
#4326 = CARTESIAN_POINT ( 'NONE',  ( 0.1500000000000000777, 0.6250000000000001110, 0.02999999999999997113 ) ) ;
#4327 = SURFACE_STYLE_USAGE ( .BOTH. , #3093 ) ;
#4328 = SURFACE_STYLE_FILL_AREA ( #704 ) ;
#4329 =( LENGTH_UNIT ( ) NAMED_UNIT ( * ) SI_UNIT ( .MILLI., .METRE. ) );
#4330 = MECHANICAL_DESIGN_GEOMETRIC_PRESENTATION_REPRESENTATION (  '', ( #1829 ), #2006 ) ;
#4331 = DIRECTION ( 'NONE',  ( -0.000000000000000000, -0.000000000000000000, 1.000000000000000000 ) ) ;
#4332 = ORIENTED_EDGE ( 'NONE', *, *, #2427, .F. ) ;
#4333 = FILL_AREA_STYLE ('',( #1933 ) ) ;
#4334 = EDGE_CURVE ( 'NONE', #3434, #3617, #1191, .T. ) ;
#4335 = EDGE_CURVE ( 'NONE', #2341, #338, #1664, .T. ) ;
#4336 =( NAMED_UNIT ( * ) SI_UNIT ( $, .STERADIAN. ) SOLID_ANGLE_UNIT ( ) );
#4337 = ORIENTED_EDGE ( 'NONE', *, *, #272, .F. ) ;
#4338 = DIRECTION ( 'NONE',  ( -0.000000000000000000, -0.000000000000000000, 1.000000000000000000 ) ) ;
#4339 = CARTESIAN_POINT ( 'NONE',  ( -0.1500000000000006051, 0.5949999999999999734, 1.040000000000000036 ) ) ;
#4340 = ORIENTED_EDGE ( 'NONE', *, *, #1930, .T. ) ;
#4341 = CARTESIAN_POINT ( 'NONE',  ( -0.9700000000000000844, 0.6249999999999998890, 0.000000000000000000 ) ) ;
#4342 = DIRECTION ( 'NONE',  ( -1.084202172485503842E-15, 1.000000000000000000, 0.000000000000000000 ) ) ;
#4343 = EDGE_CURVE ( 'NONE', #3637, #2426, #2387, .T. ) ;
#4344 = CARTESIAN_POINT ( 'NONE',  ( 0.1500000000000000777, 0.6250000000000001110, 1.010000000000000009 ) ) ;
#4345 =( LENGTH_UNIT ( ) NAMED_UNIT ( * ) SI_UNIT ( .MILLI., .METRE. ) );
#4346 = VERTEX_POINT ( 'NONE', #4035 ) ;
#4347 = FILL_AREA_STYLE ('',( #1070 ) ) ;
#4348 = CARTESIAN_POINT ( 'NONE',  ( 0.8000000000000000444, 0.6250000000000001110, 1.010000000000000009 ) ) ;
#4349 = COLOUR_RGB ( '',0.8431372549019607865, 0.8431372549019607865, 0.8431372549019607865 ) ;
#4350 = MECHANICAL_DESIGN_GEOMETRIC_PRESENTATION_REPRESENTATION (  '', ( #661 ), #5065 ) ;
#4351 = UNCERTAINTY_MEASURE_WITH_UNIT (LENGTH_MEASURE( 1.000000000000000082E-05 ), #823, 'distance_accuracy_value', 'NONE');
#4352 = CARTESIAN_POINT ( 'NONE',  ( 0.9699999999999999734, 0.5949999999999999734, 1.040000000000000036 ) ) ;
#4353 = CARTESIAN_POINT ( 'NONE',  ( 0.7999999999999997113, -0.3250000000000000111, -0.4242640687119291210 ) ) ;
#4354 = AXIS2_PLACEMENT_3D ( 'NONE', #385, #5337, #1625 ) ;
#4355 = DIRECTION ( 'NONE',  ( -1.000000000000000000, -3.614007241618339896E-16, 0.000000000000000000 ) ) ;
#4356 = DIRECTION ( 'NONE',  ( 0.000000000000000000, 0.000000000000000000, 1.000000000000000000 ) ) ;
#4357 = AXIS2_PLACEMENT_3D ( 'NONE', #2791, #648, #5189 ) ;
#4358 = VECTOR ( 'NONE', #370, 1000.000000000000000 ) ;
#4359 = ORIENTED_EDGE ( 'NONE', *, *, #2785, .F. ) ;
#4360 =( GEOMETRIC_REPRESENTATION_CONTEXT ( 3 ) GLOBAL_UNCERTAINTY_ASSIGNED_CONTEXT ( ( #4684 ) ) GLOBAL_UNIT_ASSIGNED_CONTEXT ( ( #4970, #2121, #95 ) ) REPRESENTATION_CONTEXT ( 'NONE', 'WORKASPACE' ) );
#4361 = VECTOR ( 'NONE', #4140, 1000.000000000000000 ) ;
#4362 = PRESENTATION_LAYER_ASSIGNMENT (  '', '', ( #4997 ) ) ;
#4363 =( GEOMETRIC_REPRESENTATION_CONTEXT ( 3 ) GLOBAL_UNCERTAINTY_ASSIGNED_CONTEXT ( ( #4535 ) ) GLOBAL_UNIT_ASSIGNED_CONTEXT ( ( #3367, #103, #1718 ) ) REPRESENTATION_CONTEXT ( 'NONE', 'WORKASPACE' ) );
#4364 = VECTOR ( 'NONE', #3781, 1000.000000000000000 ) ;
#4365 = FILL_AREA_STYLE_COLOUR ( '', #4285 ) ;
#4366 = ORIENTED_EDGE ( 'NONE', *, *, #3429, .T. ) ;
#4367 =( LENGTH_UNIT ( ) NAMED_UNIT ( * ) SI_UNIT ( .MILLI., .METRE. ) );
#4368 = CIRCLE ( 'NONE', #4087, 0.02999999999999999889 ) ;
#4369 = STYLED_ITEM ( 'NONE', ( #4640 ), #2696 ) ;
#4370 = COLOUR_RGB ( '',0.9607843137254902244, 0.9607843137254902244, 0.9607843137254902244 ) ;
#4371 = DIRECTION ( 'NONE',  ( 0.000000000000000000, 0.000000000000000000, 1.000000000000000000 ) ) ;
#4372 = ORIENTED_EDGE ( 'NONE', *, *, #870, .F. ) ;
#4373 = CARTESIAN_POINT ( 'NONE',  ( 0.5000000000000000000, -0.6250000000000000000, 0.02999999999999997113 ) ) ;
#4374 = LINE ( 'NONE', #3703, #2702 ) ;
#4375 = FILL_AREA_STYLE ('',( #4832 ) ) ;
#4376 = COLOUR_RGB ( '',0.8431372549019607865, 0.8431372549019607865, 0.8431372549019607865 ) ;
#4377 = ORIENTED_EDGE ( 'NONE', *, *, #3888, .F. ) ;
#4378 = EDGE_CURVE ( 'NONE', #5326, #5252, #3639, .T. ) ;
#4379 = COLOUR_RGB ( '',0.8431372549019607865, 0.8431372549019607865, 0.8431372549019607865 ) ;
#4380 = ADVANCED_FACE ( 'NONE', ( #3289 ), #4568, .T. ) ;
#4381 =( LENGTH_UNIT ( ) NAMED_UNIT ( * ) SI_UNIT ( .MILLI., .METRE. ) );
#4382 = CARTESIAN_POINT ( 'NONE',  ( -0.5000000000000005551, -5.421010862427525128E-16, 1.040000000000000036 ) ) ;
#4383 = VECTOR ( 'NONE', #1748, 1000.000000000000000 ) ;
#4384 = SURFACE_STYLE_USAGE ( .BOTH. , #4807 ) ;
#4385 = DIRECTION ( 'NONE',  ( 1.000000000000000000, -0.000000000000000000, 0.000000000000000000 ) ) ;
#4386 = FILL_AREA_STYLE_COLOUR ( '', #1113 ) ;
#4387 =( GEOMETRIC_REPRESENTATION_CONTEXT ( 3 ) GLOBAL_UNCERTAINTY_ASSIGNED_CONTEXT ( ( #84 ) ) GLOBAL_UNIT_ASSIGNED_CONTEXT ( ( #670, #3522, #3961 ) ) REPRESENTATION_CONTEXT ( 'NONE', 'WORKASPACE' ) );
#4388 = CARTESIAN_POINT ( 'NONE',  ( 0.1499999999999997446, -0.3250000000000000111, 1.040000000000000036 ) ) ;
#4389 =( GEOMETRIC_REPRESENTATION_CONTEXT ( 3 ) GLOBAL_UNCERTAINTY_ASSIGNED_CONTEXT ( ( #5101 ) ) GLOBAL_UNIT_ASSIGNED_CONTEXT ( ( #4870, #1567, #1915 ) ) REPRESENTATION_CONTEXT ( 'NONE', 'WORKASPACE' ) );
#4390 = ORIENTED_EDGE ( 'NONE', *, *, #3346, .T. ) ;
#4391 = DIRECTION ( 'NONE',  ( 0.000000000000000000, 1.000000000000000000, 0.000000000000000000 ) ) ;
#4392 = FACE_OUTER_BOUND ( 'NONE', #2320, .T. ) ;
#4393 = ADVANCED_FACE ( 'NONE', ( #4626 ), #3783, .T. ) ;
#4394 = ORIENTED_EDGE ( 'NONE', *, *, #3821, .T. ) ;
#4395 = CARTESIAN_POINT ( 'NONE',  ( 0.1500000000000000777, -0.6250000000000001110, 0.000000000000000000 ) ) ;
#4396 = LINE ( 'NONE', #1974, #1882 ) ;
#4397 = ORIENTED_EDGE ( 'NONE', *, *, #5033, .T. ) ;
#4398 = CARTESIAN_POINT ( 'NONE',  ( -0.6000000000000001998, -0.1500000000000000777, 1.030000000000000027 ) ) ;
#4399 = DIRECTION ( 'NONE',  ( 1.000000000000000000, 1.084202172485503842E-15, 0.000000000000000000 ) ) ;
#4400 = PLANE ( 'NONE',  #3656 ) ;
#4401 =( NAMED_UNIT ( * ) SI_UNIT ( $, .STERADIAN. ) SOLID_ANGLE_UNIT ( ) );
#4402 = ORIENTED_EDGE ( 'NONE', *, *, #4430, .T. ) ;
#4403 = CARTESIAN_POINT ( 'NONE',  ( 0.1499999999999997446, 0.3250000000000000111, 1.040000000000000036 ) ) ;
#4404 = CARTESIAN_POINT ( 'NONE',  ( 0.8000000000000000444, -0.6250000000000001110, 1.010000000000000009 ) ) ;
#4405 = CARTESIAN_POINT ( 'NONE',  ( 0.6500000000000001332, -0.3249999999999998446, -0.4242640687119291210 ) ) ;
#4406 = EDGE_CURVE ( 'NONE', #1050, #2934, #1322, .T. ) ;
#4407 = SURFACE_STYLE_FILL_AREA ( #4946 ) ;
#4408 = VERTEX_POINT ( 'NONE', #2192 ) ;
#4409 = UNCERTAINTY_MEASURE_WITH_UNIT (LENGTH_MEASURE( 1.000000000000000082E-05 ), #4637, 'distance_accuracy_value', 'NONE');
#4410 = CARTESIAN_POINT ( 'NONE',  ( -0.9700000000000000844, 0.6249999999999998890, 1.040000000000000036 ) ) ;
#4411 = PRESENTATION_STYLE_ASSIGNMENT (( #3903 ) ) ;
#4412 = EDGE_CURVE ( 'NONE', #3354, #338, #1347, .T. ) ;
#4413 = ORIENTED_EDGE ( 'NONE', *, *, #1218, .T. ) ;
#4414 = CARTESIAN_POINT ( 'NONE',  ( 0.1500000000000000777, 0.6250000000000001110, -0.4242640687119291210 ) ) ;
#4415 = ORIENTED_EDGE ( 'NONE', *, *, #3294, .T. ) ;
#4416 = SURFACE_STYLE_FILL_AREA ( #2692 ) ;
#4417 = SURFACE_SIDE_STYLE ('',( #4450 ) ) ;
#4418 = ORIENTED_EDGE ( 'NONE', *, *, #3991, .T. ) ;
#4419 = DIRECTION ( 'NONE',  ( 0.000000000000000000, 0.000000000000000000, 1.000000000000000000 ) ) ;
#4420 = CARTESIAN_POINT ( 'NONE',  ( 0.1500000000000000777, 0.5950000000000001954, 1.040000000000000036 ) ) ;
#4421 = PLANE ( 'NONE',  #3924 ) ;
#4422 = ORIENTED_EDGE ( 'NONE', *, *, #2171, .T. ) ;
#4423 = DIRECTION ( 'NONE',  ( -1.084202172485503842E-15, 1.000000000000000000, 0.000000000000000000 ) ) ;
#4424 = DIRECTION ( 'NONE',  ( -1.000000000000000000, -1.084202172485503842E-15, -0.000000000000000000 ) ) ;
#4425 =( LENGTH_UNIT ( ) NAMED_UNIT ( * ) SI_UNIT ( .MILLI., .METRE. ) );
#4426 = PLANE ( 'NONE',  #2641 ) ;
#4427 = CARTESIAN_POINT ( 'NONE',  ( 0.7999999999999997113, 0.3250000000000000111, -0.4242640687119291210 ) ) ;
#4428 = ORIENTED_EDGE ( 'NONE', *, *, #1741, .T. ) ;
#4429 =( NAMED_UNIT ( * ) SI_UNIT ( $, .STERADIAN. ) SOLID_ANGLE_UNIT ( ) );
#4430 = EDGE_CURVE ( 'NONE', #1728, #4790, #4706, .T. ) ;
#4431 = EDGE_LOOP ( 'NONE', ( #3411, #4340, #4922, #3062, #1157, #856 ) ) ;
#4432 = DIRECTION ( 'NONE',  ( 0.000000000000000000, 0.000000000000000000, 1.000000000000000000 ) ) ;
#4433 = CARTESIAN_POINT ( 'NONE',  ( -0.1499999999999999667, -0.3250000000000000666, -0.4242640687119291210 ) ) ;
#4434 = STYLED_ITEM ( 'NONE', ( #4300 ), #4166 ) ;
#4435 = STYLED_ITEM ( 'NONE', ( #2763 ), #1479 ) ;
#4436 =( LENGTH_UNIT ( ) NAMED_UNIT ( * ) SI_UNIT ( .MILLI., .METRE. ) );
#4437 = DIRECTION ( 'NONE',  ( 0.000000000000000000, -1.000000000000000000, 0.000000000000000000 ) ) ;
#4438 = ADVANCED_FACE ( 'NONE', ( #4690 ), #1005, .T. ) ;
#4439 = EDGE_CURVE ( 'NONE', #1989, #3727, #3445, .T. ) ;
#4440 = ORIENTED_EDGE ( 'NONE', *, *, #1059, .F. ) ;
#4441 = SURFACE_SIDE_STYLE ('',( #1990 ) ) ;
#4442 = AXIS2_PLACEMENT_3D ( 'NONE', #4771, #1112, #227 ) ;
#4443 = VECTOR ( 'NONE', #4071, 1000.000000000000000 ) ;
#4444 = SURFACE_STYLE_FILL_AREA ( #5330 ) ;
#4445 = VECTOR ( 'NONE', #4974, 1000.000000000000000 ) ;
#4446 = VERTEX_POINT ( 'NONE', #4167 ) ;
#4447 = CARTESIAN_POINT ( 'NONE',  ( -0.7999999999999999334, -0.6250000000000000000, 1.010000000000000009 ) ) ;
#4448 =( GEOMETRIC_REPRESENTATION_CONTEXT ( 3 ) GLOBAL_UNCERTAINTY_ASSIGNED_CONTEXT ( ( #1414 ) ) GLOBAL_UNIT_ASSIGNED_CONTEXT ( ( #28, #1621, #1324 ) ) REPRESENTATION_CONTEXT ( 'NONE', 'WORKASPACE' ) );
#4449 =( GEOMETRIC_REPRESENTATION_CONTEXT ( 3 ) GLOBAL_UNCERTAINTY_ASSIGNED_CONTEXT ( ( #3003 ) ) GLOBAL_UNIT_ASSIGNED_CONTEXT ( ( #1699, #4630, #5096 ) ) REPRESENTATION_CONTEXT ( 'NONE', 'WORKASPACE' ) );
#4450 = SURFACE_STYLE_FILL_AREA ( #3972 ) ;
#4451 = VERTEX_POINT ( 'NONE', #5037 ) ;
#4452 = CARTESIAN_POINT ( 'NONE',  ( 0.9700000000000000844, -0.5950000000000001954, 1.010000000000000009 ) ) ;
#4453 = AXIS2_PLACEMENT_3D ( 'NONE', #4799, #1089, #3978 ) ;
#4454 = CIRCLE ( 'NONE', #1954, 0.02999999999999997113 ) ;
#4455 = DIRECTION ( 'NONE',  ( 0.000000000000000000, 0.000000000000000000, -1.000000000000000000 ) ) ;
#4456 = SURFACE_SIDE_STYLE ('',( #5259 ) ) ;
#4457 = STYLED_ITEM ( 'NONE', ( #1677 ), #116 ) ;
#4458 = CARTESIAN_POINT ( 'NONE',  ( 0.7999999999999997113, -0.3250000000000000111, -0.4242640687119291210 ) ) ;
#4459 = MECHANICAL_DESIGN_GEOMETRIC_PRESENTATION_REPRESENTATION (  '', ( #4825 ), #2230 ) ;
#4460 = ORIENTED_EDGE ( 'NONE', *, *, #936, .T. ) ;
#4461 = MECHANICAL_DESIGN_GEOMETRIC_PRESENTATION_REPRESENTATION (  '', ( #594 ), #3053 ) ;
#4462 = AXIS2_PLACEMENT_3D ( 'NONE', #4798, #4830, #309 ) ;
#4463 = DIRECTION ( 'NONE',  ( 0.000000000000000000, -1.000000000000000000, 0.000000000000000000 ) ) ;
#4464 =( LENGTH_UNIT ( ) NAMED_UNIT ( * ) SI_UNIT ( .MILLI., .METRE. ) );
#4465 = LINE ( 'NONE', #785, #5329 ) ;
#4466 = PRESENTATION_LAYER_ASSIGNMENT (  '', '', ( #4287 ) ) ;
#4467 = ORIENTED_EDGE ( 'NONE', *, *, #4310, .T. ) ;
#4468 = UNCERTAINTY_MEASURE_WITH_UNIT (LENGTH_MEASURE( 1.000000000000000082E-05 ), #3242, 'distance_accuracy_value', 'NONE');
#4469 =( GEOMETRIC_REPRESENTATION_CONTEXT ( 3 ) GLOBAL_UNCERTAINTY_ASSIGNED_CONTEXT ( ( #2424 ) ) GLOBAL_UNIT_ASSIGNED_CONTEXT ( ( #3618, #3683, #4202 ) ) REPRESENTATION_CONTEXT ( 'NONE', 'WORKASPACE' ) );
#4470 = FILL_AREA_STYLE ('',( #1167 ) ) ;
#4471 =( NAMED_UNIT ( * ) PLANE_ANGLE_UNIT ( ) SI_UNIT ( $, .RADIAN. ) );
#4472 = ORIENTED_EDGE ( 'NONE', *, *, #631, .F. ) ;
#4473 =( NAMED_UNIT ( * ) PLANE_ANGLE_UNIT ( ) SI_UNIT ( $, .RADIAN. ) );
#4474 = STYLED_ITEM ( 'NONE', ( #4011 ), #798 ) ;
#4475 = LINE ( 'NONE', #3988, #1790 ) ;
#4476 = VECTOR ( 'NONE', #2206, 1000.000000000000000 ) ;
#4477 = DIRECTION ( 'NONE',  ( 0.000000000000000000, -1.000000000000000000, 0.000000000000000000 ) ) ;
#4478 = CARTESIAN_POINT ( 'NONE',  ( 0.9700000000000000844, -0.6250000000000001110, 0.000000000000000000 ) ) ;
#4479 = CIRCLE ( 'NONE', #966, 0.02999999999999997113 ) ;
#4480 = ORIENTED_EDGE ( 'NONE', *, *, #3304, .T. ) ;
#4481 = PRESENTATION_STYLE_ASSIGNMENT (( #3165 ) ) ;
#4482 = EDGE_CURVE ( 'NONE', #364, #1593, #2548, .T. ) ;
#4483 = VECTOR ( 'NONE', #3451, 1000.000000000000000 ) ;
#4484 = VERTEX_POINT ( 'NONE', #1848 ) ;
#4485 = DIRECTION ( 'NONE',  ( 1.000000000000000000, -3.614007241618347785E-16, 0.000000000000000000 ) ) ;
#4486 = CARTESIAN_POINT ( 'NONE',  ( 0.5000000000000002220, -1.156482317317870936E-15, 1.040000000000000036 ) ) ;
#4487 = ORIENTED_EDGE ( 'NONE', *, *, #1638, .T. ) ;
#4488 =( LENGTH_UNIT ( ) NAMED_UNIT ( * ) SI_UNIT ( .MILLI., .METRE. ) );
#4489 = PRESENTATION_STYLE_ASSIGNMENT (( #3569 ) ) ;
#4490 = ADVANCED_FACE ( 'NONE', ( #2035 ), #4308, .F. ) ;
#4491 = FACE_OUTER_BOUND ( 'NONE', #4492, .T. ) ;
#4492 = EDGE_LOOP ( 'NONE', ( #279, #4428, #1194, #636, #4337, #1783 ) ) ;
#4493 = FILL_AREA_STYLE_COLOUR ( '', #1703 ) ;
#4494 = LINE ( 'NONE', #1160, #2879 ) ;
#4495 = PRESENTATION_STYLE_ASSIGNMENT (( #3223 ) ) ;
#4496 = ORIENTED_EDGE ( 'NONE', *, *, #4836, .T. ) ;
#4497 = PRESENTATION_STYLE_ASSIGNMENT (( #2876 ) ) ;
#4498 = CARTESIAN_POINT ( 'NONE',  ( -0.7999999999999999334, -0.3250000000000000666, -0.4242640687119291210 ) ) ;
#4499 = SURFACE_STYLE_USAGE ( .BOTH. , #5293 ) ;
#4500 = ORIENTED_EDGE ( 'NONE', *, *, #3421, .T. ) ;
#4501 = DIRECTION ( 'NONE',  ( 0.000000000000000000, 1.000000000000000000, 0.000000000000000000 ) ) ;
#4502 = CARTESIAN_POINT ( 'NONE',  ( -0.1499999999999999667, -0.5950000000000000844, 1.040000000000000036 ) ) ;
#4503 = FACE_OUTER_BOUND ( 'NONE', #1216, .T. ) ;
#4504 = ORIENTED_EDGE ( 'NONE', *, *, #4510, .T. ) ;
#4505 = CARTESIAN_POINT ( 'NONE',  ( -0.8000000000000001554, 0.3250000000000000111, 1.040000000000000036 ) ) ;
#4506 = SURFACE_STYLE_USAGE ( .BOTH. , #888 ) ;
#4507 = FILL_AREA_STYLE ('',( #1325 ) ) ;
#4508 = LINE ( 'NONE', #2445, #519 ) ;
#4509 = ORIENTED_EDGE ( 'NONE', *, *, #3237, .T. ) ;
#4510 = EDGE_CURVE ( 'NONE', #4914, #2796, #1477, .T. ) ;
#4511 = LINE ( 'NONE', #1998, #578 ) ;
#4512 = EDGE_CURVE ( 'NONE', #382, #2141, #5078, .T. ) ;
#4513 = LINE ( 'NONE', #5043, #4383 ) ;
#4514 = COLOUR_RGB ( '',0.8431372549019607865, 0.8431372549019607865, 0.8431372549019607865 ) ;
#4515 = VERTEX_POINT ( 'NONE', #3660 ) ;
#4516 = CARTESIAN_POINT ( 'NONE',  ( -0.5000000000000002220, -0.3250000000000000111, 1.040000000000000036 ) ) ;
#4517 = EDGE_CURVE ( 'NONE', #1120, #4838, #3907, .T. ) ;
#4518 = EDGE_CURVE ( 'NONE', #2537, #3330, #4465, .T. ) ;
#4519 = DIRECTION ( 'NONE',  ( -9.035018104045878829E-16, 1.000000000000000000, 0.000000000000000000 ) ) ;
#4520 = DIRECTION ( 'NONE',  ( 0.000000000000000000, 1.000000000000000000, 0.000000000000000000 ) ) ;
#4521 = ORIENTED_EDGE ( 'NONE', *, *, #769, .T. ) ;
#4522 = FILL_AREA_STYLE_COLOUR ( '', #3077 ) ;
#4523 = PRESENTATION_STYLE_ASSIGNMENT (( #4555 ) ) ;
#4524 = CARTESIAN_POINT ( 'NONE',  ( -2.710505431213761085E-16, 0.1500000000000001055, 1.030000000000000027 ) ) ;
#4525 = LINE ( 'NONE', #795, #4271 ) ;
#4526 =( NAMED_UNIT ( * ) PLANE_ANGLE_UNIT ( ) SI_UNIT ( $, .RADIAN. ) );
#4527 = VERTEX_POINT ( 'NONE', #4050 ) ;
#4528 = DIRECTION ( 'NONE',  ( 0.000000000000000000, -1.000000000000000000, 0.000000000000000000 ) ) ;
#4529 = EDGE_LOOP ( 'NONE', ( #2066, #1662, #1199, #5027 ) ) ;
#4530 = SURFACE_STYLE_USAGE ( .BOTH. , #4573 ) ;
#4531 = ORIENTED_EDGE ( 'NONE', *, *, #5153, .T. ) ;
#4532 = SURFACE_STYLE_USAGE ( .BOTH. , #422 ) ;
#4533 =( GEOMETRIC_REPRESENTATION_CONTEXT ( 3 ) GLOBAL_UNCERTAINTY_ASSIGNED_CONTEXT ( ( #2444 ) ) GLOBAL_UNIT_ASSIGNED_CONTEXT ( ( #2217, #3427, #3101 ) ) REPRESENTATION_CONTEXT ( 'NONE', 'WORKASPACE' ) );
#4534 = VECTOR ( 'NONE', #3682, 1000.000000000000000 ) ;
#4535 = UNCERTAINTY_MEASURE_WITH_UNIT (LENGTH_MEASURE( 1.000000000000000082E-05 ), #3367, 'distance_accuracy_value', 'NONE');
#4536 = SURFACE_STYLE_FILL_AREA ( #2071 ) ;
#4537 = STYLED_ITEM ( 'NONE', ( #38 ), #93 ) ;
#4538 = ORIENTED_EDGE ( 'NONE', *, *, #1184, .T. ) ;
#4539 =( GEOMETRIC_REPRESENTATION_CONTEXT ( 3 ) GLOBAL_UNCERTAINTY_ASSIGNED_CONTEXT ( ( #4676 ) ) GLOBAL_UNIT_ASSIGNED_CONTEXT ( ( #4436, #732, #1583 ) ) REPRESENTATION_CONTEXT ( 'NONE', 'WORKASPACE' ) );
#4540 = PRESENTATION_LAYER_ASSIGNMENT (  '', '', ( #3644 ) ) ;
#4541 = MECHANICAL_DESIGN_GEOMETRIC_PRESENTATION_REPRESENTATION (  '', ( #2369 ), #5158 ) ;
#4542 =( LENGTH_UNIT ( ) NAMED_UNIT ( * ) SI_UNIT ( .MILLI., .METRE. ) );
#4543 = DIRECTION ( 'NONE',  ( -1.000000000000000000, 0.000000000000000000, -0.000000000000000000 ) ) ;
#4544 = CARTESIAN_POINT ( 'NONE',  ( -0.9700000000000000844, -0.6250000000000001110, 0.03000000000000007869 ) ) ;
#4545 = STYLED_ITEM ( 'NONE', ( #3288 ), #220 ) ;
#4546 = COLOUR_RGB ( '',0.9607843137254902244, 0.9607843137254902244, 0.9607843137254902244 ) ;
#4547 =( GEOMETRIC_REPRESENTATION_CONTEXT ( 3 ) GLOBAL_UNCERTAINTY_ASSIGNED_CONTEXT ( ( #1672 ) ) GLOBAL_UNIT_ASSIGNED_CONTEXT ( ( #3031, #5205, #5149 ) ) REPRESENTATION_CONTEXT ( 'NONE', 'WORKASPACE' ) );
#4548 = MECHANICAL_DESIGN_GEOMETRIC_PRESENTATION_REPRESENTATION (  '', ( #4103 ), #2472 ) ;
#4549 = EDGE_CURVE ( 'NONE', #801, #1514, #1985, .T. ) ;
#4550 = CARTESIAN_POINT ( 'NONE',  ( -1.000000000000000000, -0.6250000000000001110, 1.040000000000000036 ) ) ;
#4551 = EDGE_CURVE ( 'NONE', #3721, #3963, #4920, .T. ) ;
#4552 = EDGE_LOOP ( 'NONE', ( #883, #4770, #2600, #1907 ) ) ;
#4553 = VECTOR ( 'NONE', #2312, 1000.000000000000000 ) ;
#4554 =( NAMED_UNIT ( * ) SI_UNIT ( $, .STERADIAN. ) SOLID_ANGLE_UNIT ( ) );
#4555 = SURFACE_STYLE_USAGE ( .BOTH. , #1635 ) ;
#4556 = VECTOR ( 'NONE', #4957, 1000.000000000000000 ) ;
#4557 = AXIS2_PLACEMENT_3D ( 'NONE', #4845, #3188, #4084 ) ;
#4558 = PRESENTATION_LAYER_ASSIGNMENT (  '', '', ( #2479 ) ) ;
#4559 = CARTESIAN_POINT ( 'NONE',  ( -0.6000000000000001998, -0.1500000000000000777, 1.040000000000000036 ) ) ;
#4560 = VECTOR ( 'NONE', #5176, 1000.000000000000000 ) ;
#4561 = CIRCLE ( 'NONE', #5260, 0.02999999999999999889 ) ;
#4562 = LINE ( 'NONE', #819, #3749 ) ;
#4563 = CARTESIAN_POINT ( 'NONE',  ( 0.7999999999999993783, -5.421010862427525128E-16, -0.4242640687119291210 ) ) ;
#4564 = ORIENTED_EDGE ( 'NONE', *, *, #3428, .F. ) ;
#4565 = PRESENTATION_STYLE_ASSIGNMENT (( #1744 ) ) ;
#4566 = SURFACE_STYLE_FILL_AREA ( #1122 ) ;
#4567 = PRESENTATION_LAYER_ASSIGNMENT (  '', '', ( #3588 ) ) ;
#4568 = CYLINDRICAL_SURFACE ( 'NONE', #845, 0.02999999999999999889 ) ;
#4569 = FACE_OUTER_BOUND ( 'NONE', #2852, .T. ) ;
#4570 = ORIENTED_EDGE ( 'NONE', *, *, #3029, .T. ) ;
#4571 = PRESENTATION_LAYER_ASSIGNMENT (  '', '', ( #1550 ) ) ;
#4572 = SURFACE_STYLE_FILL_AREA ( #4507 ) ;
#4573 = SURFACE_SIDE_STYLE ('',( #205 ) ) ;
#4574 = ORIENTED_EDGE ( 'NONE', *, *, #1670, .T. ) ;
#4575 =( LENGTH_UNIT ( ) NAMED_UNIT ( * ) SI_UNIT ( .MILLI., .METRE. ) );
#4576 = DIRECTION ( 'NONE',  ( 1.084202172485503842E-15, 1.000000000000000000, 0.000000000000000000 ) ) ;
#4577 = AXIS2_PLACEMENT_3D ( 'NONE', #3922, #3482, #2935 ) ;
#4578 = CARTESIAN_POINT ( 'NONE',  ( 0.5000000000000000000, -0.3250000000000000666, -0.4242640687119291210 ) ) ;
#4579 = EDGE_CURVE ( 'NONE', #3195, #2537, #5313, .T. ) ;
#4580 = DIRECTION ( 'NONE',  ( 1.000000000000000000, -1.084202172485503842E-15, 0.000000000000000000 ) ) ;
#4581 = ORIENTED_EDGE ( 'NONE', *, *, #4274, .T. ) ;
#4582 = CARTESIAN_POINT ( 'NONE',  ( 0.000000000000000000, -0.5950000000000001954, 1.010000000000000009 ) ) ;
#4583 = FILL_AREA_STYLE ('',( #2869 ) ) ;
#4584 = DIRECTION ( 'NONE',  ( -0.000000000000000000, 1.000000000000000000, 0.000000000000000000 ) ) ;
#4585 =( LENGTH_UNIT ( ) NAMED_UNIT ( * ) SI_UNIT ( .MILLI., .METRE. ) );
#4586 = CARTESIAN_POINT ( 'NONE',  ( -2.150334308762913594E-16, 0.5950000000000004174, 1.010000000000000009 ) ) ;
#4587 = EDGE_LOOP ( 'NONE', ( #804, #3544, #4976, #5262, #1307, #899 ) ) ;
#4588 =( NAMED_UNIT ( * ) PLANE_ANGLE_UNIT ( ) SI_UNIT ( $, .RADIAN. ) );
#4589 = LINE ( 'NONE', #352, #4631 ) ;
#4590 = SURFACE_STYLE_USAGE ( .BOTH. , #1740 ) ;
#4591 = EDGE_CURVE ( 'NONE', #4446, #3106, #2004, .T. ) ;
#4592 = CARTESIAN_POINT ( 'NONE',  ( -0.9700000000000000844, -0.5950000000000001954, 1.010000000000000009 ) ) ;
#4593 = LINE ( 'NONE', #2189, #3404 ) ;
#4594 = ORIENTED_EDGE ( 'NONE', *, *, #2709, .T. ) ;
#4595 = SURFACE_STYLE_USAGE ( .BOTH. , #2503 ) ;
#4596 = EDGE_CURVE ( 'NONE', #1552, #1932, #396, .T. ) ;
#4597 = SURFACE_STYLE_USAGE ( .BOTH. , #2213 ) ;
#4598 = SURFACE_STYLE_FILL_AREA ( #1823 ) ;
#4599 = LINE ( 'NONE', #2808, #246 ) ;
#4600 = ORIENTED_EDGE ( 'NONE', *, *, #3740, .T. ) ;
#4601 = SURFACE_SIDE_STYLE ('',( #3268 ) ) ;
#4602 = DIRECTION ( 'NONE',  ( 1.000000000000000000, -3.614007241618347785E-16, 0.000000000000000000 ) ) ;
#4603 = VERTEX_POINT ( 'NONE', #3504 ) ;
#4604 = DIRECTION ( 'NONE',  ( 1.000000000000000000, 0.000000000000000000, 0.000000000000000000 ) ) ;
#4605 = FILL_AREA_STYLE_COLOUR ( '', #3397 ) ;
#4606 = CARTESIAN_POINT ( 'NONE',  ( -0.9700000000000000844, 0.5949999999999999734, 1.040000000000000036 ) ) ;
#4607 = UNCERTAINTY_MEASURE_WITH_UNIT (LENGTH_MEASURE( 1.000000000000000082E-05 ), #1297, 'distance_accuracy_value', 'NONE');
#4608 = UNCERTAINTY_MEASURE_WITH_UNIT (LENGTH_MEASURE( 1.000000000000000082E-05 ), #2955, 'distance_accuracy_value', 'NONE');
#4609 =( GEOMETRIC_REPRESENTATION_CONTEXT ( 3 ) GLOBAL_UNCERTAINTY_ASSIGNED_CONTEXT ( ( #3680 ) ) GLOBAL_UNIT_ASSIGNED_CONTEXT ( ( #3674, #410, #5273 ) ) REPRESENTATION_CONTEXT ( 'NONE', 'WORKASPACE' ) );
#4610 = DIRECTION ( 'NONE',  ( -1.000000000000000000, 3.614007241618347785E-16, -0.000000000000000000 ) ) ;
#4611 = ORIENTED_EDGE ( 'NONE', *, *, #647, .T. ) ;
#4612 = CARTESIAN_POINT ( 'NONE',  ( 0.1499999999999997446, -0.3250000000000000111, 0.000000000000000000 ) ) ;
#4613 =( NAMED_UNIT ( * ) SI_UNIT ( $, .STERADIAN. ) SOLID_ANGLE_UNIT ( ) );
#4614 = AXIS2_PLACEMENT_3D ( 'NONE', #4661, #884, #2592 ) ;
#4615 =( NAMED_UNIT ( * ) SI_UNIT ( $, .STERADIAN. ) SOLID_ANGLE_UNIT ( ) );
#4616 = DIRECTION ( 'NONE',  ( 0.000000000000000000, 1.000000000000000000, 0.000000000000000000 ) ) ;
#4617 = DIRECTION ( 'NONE',  ( -0.000000000000000000, -0.000000000000000000, 1.000000000000000000 ) ) ;
#4618 = ORIENTED_EDGE ( 'NONE', *, *, #3305, .F. ) ;
#4619 = DIRECTION ( 'NONE',  ( -9.035018104045878829E-16, -1.000000000000000000, 0.000000000000000000 ) ) ;
#4620 = SURFACE_SIDE_STYLE ('',( #789 ) ) ;
#4621 = LINE ( 'NONE', #5031, #2314 ) ;
#4622 = EDGE_CURVE ( 'NONE', #4256, #47, #1074, .T. ) ;
#4623 = DIRECTION ( 'NONE',  ( 0.000000000000000000, 1.000000000000000000, 0.000000000000000000 ) ) ;
#4624 = FACE_OUTER_BOUND ( 'NONE', #919, .T. ) ;
#4625 = PRESENTATION_LAYER_ASSIGNMENT (  '', '', ( #68 ) ) ;
#4626 = FACE_OUTER_BOUND ( 'NONE', #3418, .T. ) ;
#4627 = EDGE_CURVE ( 'NONE', #1207, #4839, #1599, .T. ) ;
#4628 = ADVANCED_FACE ( 'NONE', ( #1206 ), #2822, .F. ) ;
#4629 = ORIENTED_EDGE ( 'NONE', *, *, #3274, .F. ) ;
#4630 =( NAMED_UNIT ( * ) PLANE_ANGLE_UNIT ( ) SI_UNIT ( $, .RADIAN. ) );
#4631 = VECTOR ( 'NONE', #3258, 1000.000000000000000 ) ;
#4632 = VERTEX_POINT ( 'NONE', #2074 ) ;
#4633 = CARTESIAN_POINT ( 'NONE',  ( -0.8000000000000001554, 0.3250000000000000111, 1.040000000000000036 ) ) ;
#4634 = SURFACE_STYLE_USAGE ( .BOTH. , #3357 ) ;
#4635 = FILL_AREA_STYLE ('',( #3430 ) ) ;
#4636 = VECTOR ( 'NONE', #4190, 1000.000000000000000 ) ;
#4637 =( LENGTH_UNIT ( ) NAMED_UNIT ( * ) SI_UNIT ( .MILLI., .METRE. ) );
#4638 = ORIENTED_EDGE ( 'NONE', *, *, #1443, .F. ) ;
#4639 = VECTOR ( 'NONE', #1009, 1000.000000000000000 ) ;
#4640 = PRESENTATION_STYLE_ASSIGNMENT (( #896 ) ) ;
#4641 = EDGE_LOOP ( 'NONE', ( #2082, #3192, #2418, #2910, #3342, #2782 ) ) ;
#4642 = PRESENTATION_LAYER_ASSIGNMENT (  '', '', ( #3390 ) ) ;
#4643 = LINE ( 'NONE', #2096, #13 ) ;
#4644 = CLOSED_SHELL ( 'NONE', ( #1606, #2386, #3198, #1088, #5283, #3264 ) ) ;
#4645 =( GEOMETRIC_REPRESENTATION_CONTEXT ( 3 ) GLOBAL_UNCERTAINTY_ASSIGNED_CONTEXT ( ( #2070 ) ) GLOBAL_UNIT_ASSIGNED_CONTEXT ( ( #2922, #857, #3244 ) ) REPRESENTATION_CONTEXT ( 'NONE', 'WORKASPACE' ) );
#4646 = DIRECTION ( 'NONE',  ( 3.614007241618346799E-16, -1.000000000000000000, 0.000000000000000000 ) ) ;
#4647 = PRESENTATION_LAYER_ASSIGNMENT (  '', '', ( #4987 ) ) ;
#4648 = ORIENTED_EDGE ( 'NONE', *, *, #761, .T. ) ;
#4649 = COLOUR_RGB ( '',1.000000000000000000, 0.000000000000000000, 0.000000000000000000 ) ;
#4650 = SURFACE_SIDE_STYLE ('',( #4245 ) ) ;
#4651 =( GEOMETRIC_REPRESENTATION_CONTEXT ( 3 ) GLOBAL_UNCERTAINTY_ASSIGNED_CONTEXT ( ( #2963 ) ) GLOBAL_UNIT_ASSIGNED_CONTEXT ( ( #726, #701, #3984 ) ) REPRESENTATION_CONTEXT ( 'NONE', 'WORKASPACE' ) );
#4652 = LINE ( 'NONE', #105, #875 ) ;
#4653 =( GEOMETRIC_REPRESENTATION_CONTEXT ( 3 ) GLOBAL_UNCERTAINTY_ASSIGNED_CONTEXT ( ( #34 ) ) GLOBAL_UNIT_ASSIGNED_CONTEXT ( ( #378, #443, #109 ) ) REPRESENTATION_CONTEXT ( 'NONE', 'WORKASPACE' ) );
#4654 = CARTESIAN_POINT ( 'NONE',  ( 0.5000000000000000000, -0.3250000000000000666, 1.040000000000000036 ) ) ;
#4655 = CIRCLE ( 'NONE', #89, 0.02999999999999997113 ) ;
#4656 = AXIS2_PLACEMENT_3D ( 'NONE', #3891, #1811, #3435 ) ;
#4657 = EDGE_CURVE ( 'NONE', #3551, #1309, #3215, .T. ) ;
#4658 = MECHANICAL_DESIGN_GEOMETRIC_PRESENTATION_REPRESENTATION (  '', ( #1694 ), #5005 ) ;
#4659 = VECTOR ( 'NONE', #579, 1000.000000000000000 ) ;
#4660 =( GEOMETRIC_REPRESENTATION_CONTEXT ( 3 ) GLOBAL_UNCERTAINTY_ASSIGNED_CONTEXT ( ( #1149 ) ) GLOBAL_UNIT_ASSIGNED_CONTEXT ( ( #2112, #945, #1303 ) ) REPRESENTATION_CONTEXT ( 'NONE', 'WORKASPACE' ) );
#4661 = CARTESIAN_POINT ( 'NONE',  ( 0.9700000000000000844, 0.5949999999999999734, 1.010000000000000009 ) ) ;
#4662 = VECTOR ( 'NONE', #2263, 1000.000000000000000 ) ;
#4663 = LINE ( 'NONE', #1821, #2798 ) ;
#4664 = CARTESIAN_POINT ( 'NONE',  ( 0.1500000000000002165, -0.6250000000000001110, 0.03000000000000007869 ) ) ;
#4665 = VECTOR ( 'NONE', #4602, 1000.000000000000000 ) ;
#4666 =( LENGTH_UNIT ( ) NAMED_UNIT ( * ) SI_UNIT ( .MILLI., .METRE. ) );
#4667 = STYLED_ITEM ( 'NONE', ( #4760 ), #722 ) ;
#4668 = LINE ( 'NONE', #4252, #4005 ) ;
#4669 = ORIENTED_EDGE ( 'NONE', *, *, #4275, .T. ) ;
#4670 = CARTESIAN_POINT ( 'NONE',  ( -0.7999999999999999334, -0.5950000000000001954, 0.000000000000000000 ) ) ;
#4671 = EDGE_CURVE ( 'NONE', #1379, #4059, #3391, .T. ) ;
#4672 = MECHANICAL_DESIGN_GEOMETRIC_PRESENTATION_REPRESENTATION (  '', ( #1114 ), #1040 ) ;
#4673 = FILL_AREA_STYLE ('',( #4605 ) ) ;
#4674 = EDGE_CURVE ( 'NONE', #2686, #2775, #2615, .T. ) ;
#4675 = CARTESIAN_POINT ( 'NONE',  ( 0.1499999999999997446, -0.3250000000000000111, 1.040000000000000036 ) ) ;
#4676 = UNCERTAINTY_MEASURE_WITH_UNIT (LENGTH_MEASURE( 1.000000000000000082E-05 ), #4436, 'distance_accuracy_value', 'NONE');
#4677 = DIRECTION ( 'NONE',  ( 1.000000000000000000, 0.000000000000000000, 0.000000000000000000 ) ) ;
#4678 = DIRECTION ( 'NONE',  ( -1.000000000000000000, -3.614007241618351729E-16, 0.000000000000000000 ) ) ;
#4679 = ORIENTED_EDGE ( 'NONE', *, *, #3812, .F. ) ;
#4680 = VECTOR ( 'NONE', #2372, 1000.000000000000000 ) ;
#4681 = SURFACE_STYLE_USAGE ( .BOTH. , #2657 ) ;
#4682 = EDGE_CURVE ( 'NONE', #5294, #976, #2872, .T. ) ;
#4683 = VERTEX_POINT ( 'NONE', #838 ) ;
#4684 = UNCERTAINTY_MEASURE_WITH_UNIT (LENGTH_MEASURE( 1.000000000000000082E-05 ), #4970, 'distance_accuracy_value', 'NONE');
#4685 = CARTESIAN_POINT ( 'NONE',  ( -0.6000000000000001998, 0.1499999999999999112, 1.030000000000000027 ) ) ;
#4686 = PRESENTATION_STYLE_ASSIGNMENT (( #2544 ) ) ;
#4687 = FACE_OUTER_BOUND ( 'NONE', #2247, .T. ) ;
#4688 = FILL_AREA_STYLE_COLOUR ( '', #821 ) ;
#4689 = PRESENTATION_STYLE_ASSIGNMENT (( #4597 ) ) ;
#4690 = FACE_OUTER_BOUND ( 'NONE', #2691, .T. ) ;
#4691 = CARTESIAN_POINT ( 'NONE',  ( 0.000000000000000000, 0.000000000000000000, 1.030000000000000027 ) ) ;
#4692 = ORIENTED_EDGE ( 'NONE', *, *, #3127, .F. ) ;
#4693 = LINE ( 'NONE', #5063, #1856 ) ;
#4694 = EDGE_CURVE ( 'NONE', #4967, #3727, #4999, .T. ) ;
#4695 = SURFACE_STYLE_FILL_AREA ( #1787 ) ;
#4696 = ORIENTED_EDGE ( 'NONE', *, *, #2504, .F. ) ;
#4697 = PLANE ( 'NONE',  #3755 ) ;
#4698 = CYLINDRICAL_SURFACE ( 'NONE', #2973, 0.02999999999999999889 ) ;
#4699 = CARTESIAN_POINT ( 'NONE',  ( 0.9700000000000000844, -0.6250000000000001110, 0.03000000000000007869 ) ) ;
#4700 = ORIENTED_EDGE ( 'NONE', *, *, #5292, .F. ) ;
#4701 = EDGE_CURVE ( 'NONE', #3864, #2053, #3693, .T. ) ;
#4702 = LINE ( 'NONE', #2608, #2645 ) ;
#4703 = SURFACE_STYLE_USAGE ( .BOTH. , #563 ) ;
#4704 = FILL_AREA_STYLE ('',( #986 ) ) ;
#4705 = FACE_OUTER_BOUND ( 'NONE', #2087, .T. ) ;
#4706 = LINE ( 'NONE', #2919, #4811 ) ;
#4707 = DIRECTION ( 'NONE',  ( 1.000000000000000000, 0.000000000000000000, -3.614007241618338910E-15 ) ) ;
#4708 = DIRECTION ( 'NONE',  ( -1.084202172485503842E-15, -1.000000000000000000, 0.000000000000000000 ) ) ;
#4709 = VERTEX_POINT ( 'NONE', #4947 ) ;
#4710 = PLANE ( 'NONE',  #3470 ) ;
#4711 = FILL_AREA_STYLE_COLOUR ( '', #1595 ) ;
#4712 = UNCERTAINTY_MEASURE_WITH_UNIT (LENGTH_MEASURE( 1.000000000000000082E-05 ), #295, 'distance_accuracy_value', 'NONE');
#4713 = SURFACE_SIDE_STYLE ('',( #2199 ) ) ;
#4714 = ORIENTED_EDGE ( 'NONE', *, *, #2182, .T. ) ;
#4715 = PRESENTATION_STYLE_ASSIGNMENT (( #3282 ) ) ;
#4716 = CARTESIAN_POINT ( 'NONE',  ( -1.000000000000000000, 0.5949999999999999734, 0.03000000000000007869 ) ) ;
#4717 = ORIENTED_EDGE ( 'NONE', *, *, #3460, .T. ) ;
#4718 =( LENGTH_UNIT ( ) NAMED_UNIT ( * ) SI_UNIT ( .MILLI., .METRE. ) );
#4719 =( LENGTH_UNIT ( ) NAMED_UNIT ( * ) SI_UNIT ( .MILLI., .METRE. ) );
#4720 = AXIS2_PLACEMENT_3D ( 'NONE', #223, #1872, #3492 ) ;
#4721 = FACE_OUTER_BOUND ( 'NONE', #1254, .T. ) ;
#4722 = EDGE_LOOP ( 'NONE', ( #2234, #115, #4, #4415, #3771, #839, #2897, #3882, #2037, #4040, #922, #2298, #117, #1711, #4203, #2874, #2183, #1337, #2748, #1117, #1569, #4504, #2473, #614, #40, #4062, #2753, #3581 ) ) ;
#4723 =( GEOMETRIC_REPRESENTATION_CONTEXT ( 3 ) GLOBAL_UNCERTAINTY_ASSIGNED_CONTEXT ( ( #1032 ) ) GLOBAL_UNIT_ASSIGNED_CONTEXT ( ( #5058, #3018, #2594 ) ) REPRESENTATION_CONTEXT ( 'NONE', 'WORKASPACE' ) );
#4724 = VECTOR ( 'NONE', #5151, 1000.000000000000000 ) ;
#4725 = PRESENTATION_STYLE_ASSIGNMENT (( #242 ) ) ;
#4726 = SURFACE_STYLE_USAGE ( .BOTH. , #3032 ) ;
#4727 = UNCERTAINTY_MEASURE_WITH_UNIT (LENGTH_MEASURE( 1.000000000000000082E-05 ), #3017, 'distance_accuracy_value', 'NONE');
#4728 =( NAMED_UNIT ( * ) PLANE_ANGLE_UNIT ( ) SI_UNIT ( $, .RADIAN. ) );
#4729 = AXIS2_PLACEMENT_3D ( 'NONE', #4971, #4219, #4155 ) ;
#4730 = ADVANCED_FACE ( 'NONE', ( #2909 ), #3364, .T. ) ;
#4731 = AXIS2_PLACEMENT_3D ( 'NONE', #4058, #1259, #4437 ) ;
#4732 = CIRCLE ( 'NONE', #1360, 0.02999999999999997113 ) ;
#4733 = DIRECTION ( 'NONE',  ( 1.000000000000000000, 3.614007241618339896E-16, -0.000000000000000000 ) ) ;
#4734 = VECTOR ( 'NONE', #4610, 1000.000000000000000 ) ;
#4735 = COLOUR_RGB ( '',0.8431372549019607865, 0.8431372549019607865, 0.8431372549019607865 ) ;
#4736 = CARTESIAN_POINT ( 'NONE',  ( -0.9700000000000000844, 0.5949999999999999734, 0.03000000000000007869 ) ) ;
#4737 = AXIS2_PLACEMENT_3D ( 'NONE', #1796, #173, #3850 ) ;
#4738 = DIRECTION ( 'NONE',  ( -0.000000000000000000, -0.000000000000000000, 1.000000000000000000 ) ) ;
#4739 = VECTOR ( 'NONE', #2759, 1000.000000000000000 ) ;
#4740 = AXIS2_PLACEMENT_3D ( 'NONE', #2622, #4677, #975 ) ;
#4741 = FILL_AREA_STYLE_COLOUR ( '', #666 ) ;
#4742 =( GEOMETRIC_REPRESENTATION_CONTEXT ( 3 ) GLOBAL_UNCERTAINTY_ASSIGNED_CONTEXT ( ( #2621 ) ) GLOBAL_UNIT_ASSIGNED_CONTEXT ( ( #2754, #37, #1948 ) ) REPRESENTATION_CONTEXT ( 'NONE', 'WORKASPACE' ) );
#4743 = STYLED_ITEM ( 'NONE', ( #3405 ), #2115 ) ;
#4744 = CARTESIAN_POINT ( 'NONE',  ( 0.8000000000000000444, -0.5950000000000001954, 1.010000000000000009 ) ) ;
#4745 =( GEOMETRIC_REPRESENTATION_CONTEXT ( 3 ) GLOBAL_UNCERTAINTY_ASSIGNED_CONTEXT ( ( #4783 ) ) GLOBAL_UNIT_ASSIGNED_CONTEXT ( ( #298, #4812, #1038 ) ) REPRESENTATION_CONTEXT ( 'NONE', 'WORKASPACE' ) );
#4746 = ORIENTED_EDGE ( 'NONE', *, *, #300, .F. ) ;
#4747 =( NAMED_UNIT ( * ) SI_UNIT ( $, .STERADIAN. ) SOLID_ANGLE_UNIT ( ) );
#4748 = COLOUR_RGB ( '',0.9607843137254902244, 0.9607843137254902244, 0.9607843137254902244 ) ;
#4749 = VECTOR ( 'NONE', #4296, 1000.000000000000000 ) ;
#4750 = CARTESIAN_POINT ( 'NONE',  ( 0.9700000000000000844, -0.5950000000000001954, 0.02999999999999999889 ) ) ;
#4751 = SURFACE_STYLE_USAGE ( .BOTH. , #3048 ) ;
#4752 = CARTESIAN_POINT ( 'NONE',  ( -0.8000000000000005995, 0.5950000000000000844, 0.000000000000000000 ) ) ;
#4753 = SURFACE_STYLE_FILL_AREA ( #2319 ) ;
#4754 = ORIENTED_EDGE ( 'NONE', *, *, #3878, .T. ) ;
#4755 = LINE ( 'NONE', #4398, #1799 ) ;
#4756 = COLOUR_RGB ( '',0.8431372549019607865, 0.8431372549019607865, 0.8431372549019607865 ) ;
#4757 =( NAMED_UNIT ( * ) SI_UNIT ( $, .STERADIAN. ) SOLID_ANGLE_UNIT ( ) );
#4758 = LINE ( 'NONE', #1430, #2373 ) ;
#4759 = ADVANCED_FACE ( 'NONE', ( #1656 ), #2513, .T. ) ;
#4760 = PRESENTATION_STYLE_ASSIGNMENT (( #1018 ) ) ;
#4761 = LINE ( 'NONE', #1433, #412 ) ;
#4762 = ORIENTED_EDGE ( 'NONE', *, *, #4671, .F. ) ;
#4763 = FACE_OUTER_BOUND ( 'NONE', #2005, .T. ) ;
#4764 = EDGE_CURVE ( 'NONE', #1050, #1362, #82, .T. ) ;
#4765 = VECTOR ( 'NONE', #1118, 1000.000000000000000 ) ;
#4766 = PRESENTATION_STYLE_ASSIGNMENT (( #5110 ) ) ;
#4767 = DIRECTION ( 'NONE',  ( -0.000000000000000000, -0.000000000000000000, -1.000000000000000000 ) ) ;
#4768 = LINE ( 'NONE', #2246, #1693 ) ;
#4769 = EDGE_CURVE ( 'NONE', #2172, #1128, #1021, .T. ) ;
#4770 = ORIENTED_EDGE ( 'NONE', *, *, #3769, .T. ) ;
#4771 = CARTESIAN_POINT ( 'NONE',  ( 1.300000000000000044, 0.3250000000000000111, -0.4242640687119291210 ) ) ;
#4772 =( LENGTH_UNIT ( ) NAMED_UNIT ( * ) SI_UNIT ( .MILLI., .METRE. ) );
#4773 = PLANE ( 'NONE',  #4225 ) ;
#4774 = DIRECTION ( 'NONE',  ( -1.000000000000000000, 0.000000000000000000, 0.000000000000000000 ) ) ;
#4775 = VERTEX_POINT ( 'NONE', #5077 ) ;
#4776 = CARTESIAN_POINT ( 'NONE',  ( -1.000000000000000000, 0.6249999999999998890, 1.040000000000000036 ) ) ;
#4777 = SURFACE_SIDE_STYLE ('',( #164 ) ) ;
#4778 = DIRECTION ( 'NONE',  ( 0.000000000000000000, 0.000000000000000000, -1.000000000000000000 ) ) ;
#4779 =( NAMED_UNIT ( * ) SI_UNIT ( $, .STERADIAN. ) SOLID_ANGLE_UNIT ( ) );
#4780 = VERTEX_POINT ( 'NONE', #1814 ) ;
#4781 = DIRECTION ( 'NONE',  ( -1.000000000000000000, -3.614007241618339896E-16, 0.000000000000000000 ) ) ;
#4782 =( NAMED_UNIT ( * ) SI_UNIT ( $, .STERADIAN. ) SOLID_ANGLE_UNIT ( ) );
#4783 = UNCERTAINTY_MEASURE_WITH_UNIT (LENGTH_MEASURE( 1.000000000000000082E-05 ), #298, 'distance_accuracy_value', 'NONE');
#4784 = FILL_AREA_STYLE ('',( #1440 ) ) ;
#4785 =( GEOMETRIC_REPRESENTATION_CONTEXT ( 3 ) GLOBAL_UNCERTAINTY_ASSIGNED_CONTEXT ( ( #1646 ) ) GLOBAL_UNIT_ASSIGNED_CONTEXT ( ( #3702, #2853, #3638 ) ) REPRESENTATION_CONTEXT ( 'NONE', 'WORKASPACE' ) );
#4786 = DIRECTION ( 'NONE',  ( 0.000000000000000000, 0.000000000000000000, 1.000000000000000000 ) ) ;
#4787 = FACE_OUTER_BOUND ( 'NONE', #2446, .T. ) ;
#4788 = CARTESIAN_POINT ( 'NONE',  ( -0.8000000000000001554, 0.3250000000000000111, 0.000000000000000000 ) ) ;
#4789 = UNCERTAINTY_MEASURE_WITH_UNIT (LENGTH_MEASURE( 1.000000000000000082E-05 ), #1246, 'distance_accuracy_value', 'NONE');
#4790 = VERTEX_POINT ( 'NONE', #3458 ) ;
#4791 = EDGE_CURVE ( 'NONE', #193, #801, #4761, .T. ) ;
#4792 =( NAMED_UNIT ( * ) PLANE_ANGLE_UNIT ( ) SI_UNIT ( $, .RADIAN. ) );
#4793 =( NAMED_UNIT ( * ) PLANE_ANGLE_UNIT ( ) SI_UNIT ( $, .RADIAN. ) );
#4794 = EDGE_LOOP ( 'NONE', ( #2958, #4152, #4366, #2674 ) ) ;
#4795 = FACE_OUTER_BOUND ( 'NONE', #1328, .T. ) ;
#4796 = ORIENTED_EDGE ( 'NONE', *, *, #4074, .F. ) ;
#4797 = FACE_OUTER_BOUND ( 'NONE', #3385, .T. ) ;
#4798 = CARTESIAN_POINT ( 'NONE',  ( -0.7999999999999999334, -0.5950000000000001954, 1.010000000000000009 ) ) ;
#4799 = CARTESIAN_POINT ( 'NONE',  ( -0.1499999999999999667, -0.5950000000000000844, 0.02999999999999997113 ) ) ;
#4800 = ORIENTED_EDGE ( 'NONE', *, *, #3526, .F. ) ;
#4801 = VECTOR ( 'NONE', #2878, 1000.000000000000000 ) ;
#4802 = DIRECTION ( 'NONE',  ( 0.000000000000000000, 0.000000000000000000, 1.000000000000000000 ) ) ;
#4803 = AXIS2_PLACEMENT_3D ( 'NONE', #3696, #843, #5008 ) ;
#4804 = SURFACE_SIDE_STYLE ('',( #3576 ) ) ;
#4805 = STYLED_ITEM ( 'NONE', ( #710 ), #4257 ) ;
#4806 = UNCERTAINTY_MEASURE_WITH_UNIT (LENGTH_MEASURE( 1.000000000000000082E-05 ), #4345, 'distance_accuracy_value', 'NONE');
#4807 = SURFACE_SIDE_STYLE ('',( #3962 ) ) ;
#4808 = PRESENTATION_STYLE_ASSIGNMENT (( #3118 ) ) ;
#4809 = VECTOR ( 'NONE', #2146, 1000.000000000000000 ) ;
#4810 = AXIS2_PLACEMENT_3D ( 'NONE', #1666, #1648, #2859 ) ;
#4811 = VECTOR ( 'NONE', #5094, 1000.000000000000000 ) ;
#4812 =( NAMED_UNIT ( * ) PLANE_ANGLE_UNIT ( ) SI_UNIT ( $, .RADIAN. ) );
#4813 = VECTOR ( 'NONE', #2402, 1000.000000000000000 ) ;
#4814 = AXIS2_PLACEMENT_3D ( 'NONE', #3549, #4356, #1535 ) ;
#4815 = AXIS2_PLACEMENT_3D ( 'NONE', #2507, #826, #3352 ) ;
#4816 = VECTOR ( 'NONE', #2405, 1000.000000000000000 ) ;
#4817 = AXIS2_PLACEMENT_3D ( 'NONE', #1676, #979, #557 ) ;
#4818 = EDGE_LOOP ( 'NONE', ( #1725, #814, #359, #2771 ) ) ;
#4819 = FACE_OUTER_BOUND ( 'NONE', #3701, .T. ) ;
#4820 = COLOUR_RGB ( '',0.9607843137254902244, 0.9607843137254902244, 0.9607843137254902244 ) ;
#4821 = CARTESIAN_POINT ( 'NONE',  ( 1.299999999999999822, -0.5950000000000004174, 1.010000000000000009 ) ) ;
#4822 = SURFACE_STYLE_USAGE ( .BOTH. , #3129 ) ;
#4823 = CIRCLE ( 'NONE', #182, 0.02999999999999999889 ) ;
#4824 = LINE ( 'NONE', #3512, #4765 ) ;
#4825 = STYLED_ITEM ( 'NONE', ( #1457 ), #5092 ) ;
#4826 = MECHANICAL_DESIGN_GEOMETRIC_PRESENTATION_REPRESENTATION (  '', ( #2980 ), #2478 ) ;
#4827 = CARTESIAN_POINT ( 'NONE',  ( -0.1500000000000006051, 0.5950000000000000844, 1.040000000000000036 ) ) ;
#4828 = EDGE_LOOP ( 'NONE', ( #2205, #4961, #993, #560 ) ) ;
#4829 = ADVANCED_FACE ( 'NONE', ( #2584 ), #5122, .T. ) ;
#4830 = DIRECTION ( 'NONE',  ( -1.000000000000000000, -0.000000000000000000, -0.000000000000000000 ) ) ;
#4831 = FILL_AREA_STYLE_COLOUR ( '', #5339 ) ;
#4832 = FILL_AREA_STYLE_COLOUR ( '', #3580 ) ;
#4833 =( NAMED_UNIT ( * ) PLANE_ANGLE_UNIT ( ) SI_UNIT ( $, .RADIAN. ) );
#4834 = ORIENTED_EDGE ( 'NONE', *, *, #1931, .T. ) ;
#4835 =( GEOMETRIC_REPRESENTATION_CONTEXT ( 3 ) GLOBAL_UNCERTAINTY_ASSIGNED_CONTEXT ( ( #3290 ) ) GLOBAL_UNIT_ASSIGNED_CONTEXT ( ( #2092, #2863, #3298 ) ) REPRESENTATION_CONTEXT ( 'NONE', 'WORKASPACE' ) );
#4836 = EDGE_CURVE ( 'NONE', #3694, #2585, #4262, .T. ) ;
#4837 = COLOUR_RGB ( '',0.9607843137254902244, 0.9607843137254902244, 0.9607843137254902244 ) ;
#4838 = VERTEX_POINT ( 'NONE', #4699 ) ;
#4839 = VERTEX_POINT ( 'NONE', #2604 ) ;
#4840 = STYLED_ITEM ( 'NONE', ( #3870 ), #3264 ) ;
#4841 = EDGE_CURVE ( 'NONE', #3963, #343, #2276, .T. ) ;
#4842 = EDGE_LOOP ( 'NONE', ( #1895, #140, #2000 ) ) ;
#4843 = ORIENTED_EDGE ( 'NONE', *, *, #239, .F. ) ;
#4844 = LINE ( 'NONE', #713, #2430 ) ;
#4845 = CARTESIAN_POINT ( 'NONE',  ( 0.5000000000000000000, -0.5950000000000000844, 1.010000000000000009 ) ) ;
#4846 = ORIENTED_EDGE ( 'NONE', *, *, #4231, .T. ) ;
#4847 = DIRECTION ( 'NONE',  ( 1.000000000000000000, 0.000000000000000000, 0.000000000000000000 ) ) ;
#4848 = SURFACE_STYLE_USAGE ( .BOTH. , #365 ) ;
#4849 = FILL_AREA_STYLE ('',( #2778 ) ) ;
#4850 = EDGE_CURVE ( 'NONE', #3354, #3255, #3490, .T. ) ;
#4851 = ADVANCED_FACE ( 'NONE', ( #4721 ), #2634, .T. ) ;
#4852 = EDGE_LOOP ( 'NONE', ( #4538, #1858, #3979, #2021 ) ) ;
#4853 = CARTESIAN_POINT ( 'NONE',  ( -2.150334308762913594E-16, 0.5950000000000004174, -0.000000000000000000 ) ) ;
#4854 = CARTESIAN_POINT ( 'NONE',  ( -2.150334308762918278E-16, -0.5950000000000004174, 1.040000000000000036 ) ) ;
#4855 = FILL_AREA_STYLE_COLOUR ( '', #4116 ) ;
#4856 = EDGE_CURVE ( 'NONE', #4298, #3806, #266, .T. ) ;
#4857 = EDGE_CURVE ( 'NONE', #4294, #1465, #3110, .T. ) ;
#4858 = VERTEX_POINT ( 'NONE', #2731 ) ;
#4859 = UNCERTAINTY_MEASURE_WITH_UNIT (LENGTH_MEASURE( 1.000000000000000082E-05 ), #525, 'distance_accuracy_value', 'NONE');
#4860 = DIRECTION ( 'NONE',  ( -3.614007241618347785E-16, -1.000000000000000000, 0.000000000000000000 ) ) ;
#4861 =( NAMED_UNIT ( * ) SI_UNIT ( $, .STERADIAN. ) SOLID_ANGLE_UNIT ( ) );
#4862 = SURFACE_STYLE_USAGE ( .BOTH. , #3634 ) ;
#4863 = DIRECTION ( 'NONE',  ( -3.162256336416055914E-16, 1.000000000000000000, 0.000000000000000000 ) ) ;
#4864 = ORIENTED_EDGE ( 'NONE', *, *, #1471, .T. ) ;
#4865 = PRESENTATION_LAYER_ASSIGNMENT (  '', '', ( #5298 ) ) ;
#4866 = PRESENTATION_LAYER_ASSIGNMENT (  '', '', ( #3530 ) ) ;
#4867 = DIRECTION ( 'NONE',  ( 0.000000000000000000, 1.000000000000000000, 3.614007241618338910E-15 ) ) ;
#4868 =( NAMED_UNIT ( * ) SI_UNIT ( $, .STERADIAN. ) SOLID_ANGLE_UNIT ( ) );
#4869 = VERTEX_POINT ( 'NONE', #698 ) ;
#4870 =( LENGTH_UNIT ( ) NAMED_UNIT ( * ) SI_UNIT ( .MILLI., .METRE. ) );
#4871 = LINE ( 'NONE', #4903, #1371 ) ;
#4872 = ORIENTED_EDGE ( 'NONE', *, *, #3368, .T. ) ;
#4873 = SURFACE_STYLE_FILL_AREA ( #4962 ) ;
#4874 = VECTOR ( 'NONE', #4432, 1000.000000000000000 ) ;
#4875 = EDGE_CURVE ( 'NONE', #1514, #816, #5226, .T. ) ;
#4876 = DIRECTION ( 'NONE',  ( 1.000000000000000000, -0.000000000000000000, -0.000000000000000000 ) ) ;
#4877 = ORIENTED_EDGE ( 'NONE', *, *, #3933, .T. ) ;
#4878 = DIRECTION ( 'NONE',  ( 0.000000000000000000, 0.000000000000000000, 1.000000000000000000 ) ) ;
#4879 = DIRECTION ( 'NONE',  ( 1.000000000000000000, 3.614007241618351729E-16, 0.000000000000000000 ) ) ;
#4880 = CARTESIAN_POINT ( 'NONE',  ( 0.5000000000000002220, -1.156482317317870936E-15, -0.4242640687119291210 ) ) ;
#4881 = VERTEX_POINT ( 'NONE', #779 ) ;
#4882 = PLANE ( 'NONE',  #444 ) ;
#4883 = PLANE ( 'NONE',  #3201 ) ;
#4884 = EDGE_CURVE ( 'NONE', #3010, #2686, #1512, .T. ) ;
#4885 =( LENGTH_UNIT ( ) NAMED_UNIT ( * ) SI_UNIT ( .MILLI., .METRE. ) );
#4886 = EDGE_CURVE ( 'NONE', #976, #4033, #4655, .T. ) ;
#4887 = MECHANICAL_DESIGN_GEOMETRIC_PRESENTATION_REPRESENTATION (  '', ( #5142 ), #4261 ) ;
#4888 = UNCERTAINTY_MEASURE_WITH_UNIT (LENGTH_MEASURE( 1.000000000000000082E-05 ), #763, 'distance_accuracy_value', 'NONE');
#4889 = LINE ( 'NONE', #2803, #3916 ) ;
#4890 = DIRECTION ( 'NONE',  ( 1.000000000000000000, 1.084202172485503842E-15, 0.000000000000000000 ) ) ;
#4891 = AXIS2_PLACEMENT_3D ( 'NONE', #910, #2614, #605 ) ;
#4892 = ORIENTED_EDGE ( 'NONE', *, *, #126, .F. ) ;
#4893 = CARTESIAN_POINT ( 'NONE',  ( -0.9700000000000000844, -0.5950000000000001954, 1.040000000000000036 ) ) ;
#4894 = EDGE_CURVE ( 'NONE', #2111, #2628, #5261, .T. ) ;
#4895 = AXIS2_PLACEMENT_3D ( 'NONE', #1221, #5038, #1270 ) ;
#4896 = SURFACE_SIDE_STYLE ('',( #4444 ) ) ;
#4897 = STYLED_ITEM ( 'NONE', ( #3283 ), #2386 ) ;
#4898 = DIRECTION ( 'NONE',  ( 0.000000000000000000, 0.000000000000000000, 1.000000000000000000 ) ) ;
#4899 = UNCERTAINTY_MEASURE_WITH_UNIT (LENGTH_MEASURE( 1.000000000000000082E-05 ), #3454, 'distance_accuracy_value', 'NONE');
#4900 = ORIENTED_EDGE ( 'NONE', *, *, #2943, .F. ) ;
#4901 = MECHANICAL_DESIGN_GEOMETRIC_PRESENTATION_REPRESENTATION (  '', ( #1178 ), #1775 ) ;
#4902 = STYLED_ITEM ( 'NONE', ( #2851 ), #3943 ) ;
#4903 = CARTESIAN_POINT ( 'NONE',  ( -0.8000000000000005995, 0.6250000000000000000, 0.000000000000000000 ) ) ;
#4904 = ORIENTED_EDGE ( 'NONE', *, *, #3556, .F. ) ;
#4905 = DIRECTION ( 'NONE',  ( -1.000000000000000000, -1.084202172485503842E-15, -0.000000000000000000 ) ) ;
#4906 = COLOUR_RGB ( '',0.8431372549019607865, 0.8431372549019607865, 0.8431372549019607865 ) ;
#4907 = MECHANICAL_DESIGN_GEOMETRIC_PRESENTATION_REPRESENTATION (  '', ( #3917 ), #2299 ) ;
#4908 = COLOUR_RGB ( '',0.9607843137254902244, 0.9607843137254902244, 0.9607843137254902244 ) ;
#4909 =( NAMED_UNIT ( * ) PLANE_ANGLE_UNIT ( ) SI_UNIT ( $, .RADIAN. ) );
#4910 = LINE ( 'NONE', #366, #5256 ) ;
#4911 = COLOUR_RGB ( '',0.9607843137254902244, 0.9607843137254902244, 0.9607843137254902244 ) ;
#4912 = CARTESIAN_POINT ( 'NONE',  ( -0.4999999999999998890, 0.5949999999999999734, 1.010000000000000009 ) ) ;
#4913 = PRESENTATION_LAYER_ASSIGNMENT (  '', '', ( #3753 ) ) ;
#4914 = VERTEX_POINT ( 'NONE', #2816 ) ;
#4915 = VECTOR ( 'NONE', #4678, 1000.000000000000000 ) ;
#4916 = STYLED_ITEM ( 'NONE', ( #3645 ), #2081 ) ;
#4917 = FACE_OUTER_BOUND ( 'NONE', #736, .T. ) ;
#4918 = SURFACE_STYLE_USAGE ( .BOTH. , #4804 ) ;
#4919 = LINE ( 'NONE', #1205, #344 ) ;
#4920 = LINE ( 'NONE', #4788, #3138 ) ;
#4921 = COLOUR_RGB ( '',0.8431372549019607865, 0.8431372549019607865, 0.8431372549019607865 ) ;
#4922 = ORIENTED_EDGE ( 'NONE', *, *, #4158, .T. ) ;
#4923 = CARTESIAN_POINT ( 'NONE',  ( -0.6000000000000001998, 0.1499999999999999112, 1.030000000000000027 ) ) ;
#4924 = SURFACE_STYLE_FILL_AREA ( #353 ) ;
#4925 = ORIENTED_EDGE ( 'NONE', *, *, #3237, .F. ) ;
#4926 = SURFACE_STYLE_FILL_AREA ( #2435 ) ;
#4927 = PRESENTATION_LAYER_ASSIGNMENT (  '', '', ( #1888 ) ) ;
#4928 = CARTESIAN_POINT ( 'NONE',  ( 0.1500000000000000777, 0.5950000000000001954, 1.010000000000000009 ) ) ;
#4929 = VECTOR ( 'NONE', #5206, 1000.000000000000000 ) ;
#4930 = ADVANCED_FACE ( 'NONE', ( #4491 ), #1999, .T. ) ;
#4931 = LINE ( 'NONE', #3284, #3044 ) ;
#4932 = PRESENTATION_LAYER_ASSIGNMENT (  '', '', ( #1896 ) ) ;
#4933 = ORIENTED_EDGE ( 'NONE', *, *, #4412, .T. ) ;
#4934 = CARTESIAN_POINT ( 'NONE',  ( 0.4999999999999995559, 0.5949999999999999734, 0.000000000000000000 ) ) ;
#4935 = SURFACE_SIDE_STYLE ('',( #51 ) ) ;
#4936 = CARTESIAN_POINT ( 'NONE',  ( -0.7999999999999999334, -0.5950000000000000844, 0.02999999999999997113 ) ) ;
#4937 = ORIENTED_EDGE ( 'NONE', *, *, #583, .F. ) ;
#4938 = DIRECTION ( 'NONE',  ( -1.084202172485503842E-15, 1.000000000000000000, 0.000000000000000000 ) ) ;
#4939 = FILL_AREA_STYLE ('',( #340 ) ) ;
#4940 = PRESENTATION_STYLE_ASSIGNMENT (( #3764 ) ) ;
#4941 = UNCERTAINTY_MEASURE_WITH_UNIT (LENGTH_MEASURE( 1.000000000000000082E-05 ), #1579, 'distance_accuracy_value', 'NONE');
#4942 = EDGE_LOOP ( 'NONE', ( #4574, #5123, #3841, #770 ) ) ;
#4943 = DIRECTION ( 'NONE',  ( 1.000000000000000000, 0.000000000000000000, 0.000000000000000000 ) ) ;
#4944 = LINE ( 'NONE', #810, #2971 ) ;
#4945 = DIRECTION ( 'NONE',  ( 1.000000000000000000, -4.517509052022936580E-17, 0.000000000000000000 ) ) ;
#4946 = FILL_AREA_STYLE ('',( #4855 ) ) ;
#4947 = CARTESIAN_POINT ( 'NONE',  ( 0.8000000000000000444, 0.5949999999999999734, 1.040000000000000036 ) ) ;
#4948 = ORIENTED_EDGE ( 'NONE', *, *, #4275, .F. ) ;
#4949 = DIRECTION ( 'NONE',  ( -1.000000000000000000, 3.614007241618347785E-16, -0.000000000000000000 ) ) ;
#4950 = CARTESIAN_POINT ( 'NONE',  ( -0.6000000000000001998, -0.1500000000000000777, 1.030000000000000027 ) ) ;
#4951 = SURFACE_STYLE_USAGE ( .BOTH. , #3161 ) ;
#4952 = FILL_AREA_STYLE_COLOUR ( '', #2881 ) ;
#4953 = ORIENTED_EDGE ( 'NONE', *, *, #3527, .T. ) ;
#4954 = FILL_AREA_STYLE ('',( #2054 ) ) ;
#4955 = LINE ( 'NONE', #2135, #3148 ) ;
#4956 = CARTESIAN_POINT ( 'NONE',  ( -1.000000000000000000, -0.6250000000000001110, 0.03000000000000007869 ) ) ;
#4957 = DIRECTION ( 'NONE',  ( -1.000000000000000000, -3.614007241618339896E-16, 0.000000000000000000 ) ) ;
#4958 = UNCERTAINTY_MEASURE_WITH_UNIT (LENGTH_MEASURE( 1.000000000000000082E-05 ), #4164, 'distance_accuracy_value', 'NONE');
#4959 = ORIENTED_EDGE ( 'NONE', *, *, #2762, .T. ) ;
#4960 = CYLINDRICAL_SURFACE ( 'NONE', #4291, 0.02999999999999999889 ) ;
#4961 = ORIENTED_EDGE ( 'NONE', *, *, #1772, .F. ) ;
#4962 = FILL_AREA_STYLE ('',( #1976 ) ) ;
#4963 = EDGE_CURVE ( 'NONE', #1362, #238, #2048, .T. ) ;
#4964 = SURFACE_STYLE_FILL_AREA ( #3596 ) ;
#4965 = EDGE_CURVE ( 'NONE', #2221, #190, #174, .T. ) ;
#4966 =( GEOMETRIC_REPRESENTATION_CONTEXT ( 3 ) GLOBAL_UNCERTAINTY_ASSIGNED_CONTEXT ( ( #2140 ) ) GLOBAL_UNIT_ASSIGNED_CONTEXT ( ( #488, #4145, #3802 ) ) REPRESENTATION_CONTEXT ( 'NONE', 'WORKASPACE' ) );
#4967 = VERTEX_POINT ( 'NONE', #1592 ) ;
#4968 = CARTESIAN_POINT ( 'NONE',  ( 0.4999999999999997780, 0.3250000000000000111, 1.040000000000000036 ) ) ;
#4969 = CARTESIAN_POINT ( 'NONE',  ( -0.1499999999999999667, -0.6250000000000000000, 1.010000000000000009 ) ) ;
#4970 =( LENGTH_UNIT ( ) NAMED_UNIT ( * ) SI_UNIT ( .MILLI., .METRE. ) );
#4971 = CARTESIAN_POINT ( 'NONE',  ( 0.5000000000000000000, -0.5950000000000001954, 1.010000000000000009 ) ) ;
#4972 = ORIENTED_EDGE ( 'NONE', *, *, #4894, .T. ) ;
#4973 = FACE_OUTER_BOUND ( 'NONE', #629, .T. ) ;
#4974 = DIRECTION ( 'NONE',  ( 1.000000000000000000, -4.517509052022935347E-17, 0.000000000000000000 ) ) ;
#4975 = CARTESIAN_POINT ( 'NONE',  ( -0.4999999999999998890, 0.6250000000000001110, -0.4242640687119291210 ) ) ;
#4976 = ORIENTED_EDGE ( 'NONE', *, *, #3503, .T. ) ;
#4977 =( NAMED_UNIT ( * ) SI_UNIT ( $, .STERADIAN. ) SOLID_ANGLE_UNIT ( ) );
#4978 =( NAMED_UNIT ( * ) SI_UNIT ( $, .STERADIAN. ) SOLID_ANGLE_UNIT ( ) );
#4979 = DIRECTION ( 'NONE',  ( -1.000000000000000000, -3.614007241618339896E-16, 0.000000000000000000 ) ) ;
#4980 = CARTESIAN_POINT ( 'NONE',  ( -1.000000000000000000, -0.6250000000000001110, 1.040000000000000036 ) ) ;
#4981 = STYLED_ITEM ( 'NONE', ( #5016 ), #4380 ) ;
#4982 = ORIENTED_EDGE ( 'NONE', *, *, #2699, .T. ) ;
#4983 = VERTEX_POINT ( 'NONE', #1198 ) ;
#4984 = SURFACE_SIDE_STYLE ('',( #4873 ) ) ;
#4985 = COLOUR_RGB ( '',0.9607843137254902244, 0.9607843137254902244, 0.9607843137254902244 ) ;
#4986 = COLOUR_RGB ( '',0.8431372549019607865, 0.8431372549019607865, 0.8431372549019607865 ) ;
#4987 = STYLED_ITEM ( 'NONE', ( #516 ), #4628 ) ;
#4988 = MECHANICAL_DESIGN_GEOMETRIC_PRESENTATION_REPRESENTATION (  '', ( #4270 ), #3474 ) ;
#4989 = DIRECTION ( 'NONE',  ( 1.445602896647339114E-15, -1.000000000000000000, 0.000000000000000000 ) ) ;
#4990 = UNCERTAINTY_MEASURE_WITH_UNIT (LENGTH_MEASURE( 1.000000000000000082E-05 ), #5184, 'distance_accuracy_value', 'NONE');
#4991 = PRESENTATION_STYLE_ASSIGNMENT (( #2928 ) ) ;
#4992 = ORIENTED_EDGE ( 'NONE', *, *, #2802, .T. ) ;
#4993 = VECTOR ( 'NONE', #4281, 1000.000000000000000 ) ;
#4994 = ADVANCED_FACE ( 'NONE', ( #4176 ), #1248, .T. ) ;
#4995 = DIRECTION ( 'NONE',  ( -1.000000000000000000, 0.000000000000000000, -0.000000000000000000 ) ) ;
#4996 = SURFACE_STYLE_FILL_AREA ( #1230 ) ;
#4997 = STYLED_ITEM ( 'NONE', ( #3958 ), #4930 ) ;
#4998 =( GEOMETRIC_REPRESENTATION_CONTEXT ( 3 ) GLOBAL_UNCERTAINTY_ASSIGNED_CONTEXT ( ( #3766 ) ) GLOBAL_UNIT_ASSIGNED_CONTEXT ( ( #200, #5181, #3147 ) ) REPRESENTATION_CONTEXT ( 'NONE', 'WORKASPACE' ) );
#4999 = LINE ( 'NONE', #4104, #3998 ) ;
#5000 = ORIENTED_EDGE ( 'NONE', *, *, #3126, .T. ) ;
#5001 = CARTESIAN_POINT ( 'NONE',  ( 0.9699999999999999734, 0.5949999999999999734, 0.03000000000000007869 ) ) ;
#5002 = COLOUR_RGB ( '',0.8431372549019607865, 0.8431372549019607865, 0.8431372549019607865 ) ;
#5003 = EDGE_CURVE ( 'NONE', #537, #3743, #3647, .T. ) ;
#5004 = DIRECTION ( 'NONE',  ( -0.000000000000000000, -0.000000000000000000, 1.000000000000000000 ) ) ;
#5005 =( GEOMETRIC_REPRESENTATION_CONTEXT ( 3 ) GLOBAL_UNCERTAINTY_ASSIGNED_CONTEXT ( ( #750 ) ) GLOBAL_UNIT_ASSIGNED_CONTEXT ( ( #4129, #1306, #3276 ) ) REPRESENTATION_CONTEXT ( 'NONE', 'WORKASPACE' ) );
#5006 = AXIS2_PLACEMENT_3D ( 'NONE', #4716, #1081, #3485 ) ;
#5007 = COLOUR_RGB ( '',0.9607843137254902244, 0.9607843137254902244, 0.9607843137254902244 ) ;
#5008 = DIRECTION ( 'NONE',  ( -1.000000000000000000, 3.614007241618351532E-15, 0.000000000000000000 ) ) ;
#5009 = AXIS2_PLACEMENT_3D ( 'NONE', #1919, #3539, #3209 ) ;
#5010 = PRESENTATION_LAYER_ASSIGNMENT (  '', '', ( #2483 ) ) ;
#5011 = SURFACE_SIDE_STYLE ('',( #3319 ) ) ;
#5012 =( NAMED_UNIT ( * ) SI_UNIT ( $, .STERADIAN. ) SOLID_ANGLE_UNIT ( ) );
#5013 = ORIENTED_EDGE ( 'NONE', *, *, #1348, .F. ) ;
#5014 = PRESENTATION_STYLE_ASSIGNMENT (( #152 ) ) ;
#5015 = AXIS2_PLACEMENT_3D ( 'NONE', #1427, #3514, #5199 ) ;
#5016 = PRESENTATION_STYLE_ASSIGNMENT (( #1643 ) ) ;
#5017 = SURFACE_STYLE_USAGE ( .BOTH. , #4120 ) ;
#5018 = ORIENTED_EDGE ( 'NONE', *, *, #5311, .F. ) ;
#5019 = PLANE ( 'NONE',  #4895 ) ;
#5020 = DIRECTION ( 'NONE',  ( -1.000000000000000000, -1.445602896647339114E-15, 0.000000000000000000 ) ) ;
#5021 = EDGE_LOOP ( 'NONE', ( #5303, #5103, #688, #1986, #2338, #3519 ) ) ;
#5022 = COLOUR_RGB ( '',0.8431372549019607865, 0.8431372549019607865, 0.8431372549019607865 ) ;
#5023 = ORIENTED_EDGE ( 'NONE', *, *, #397, .F. ) ;
#5024 = EDGE_LOOP ( 'NONE', ( #859, #529, #4067, #3559 ) ) ;
#5025 = EDGE_CURVE ( 'NONE', #1233, #4869, #832, .T. ) ;
#5026 = SURFACE_STYLE_USAGE ( .BOTH. , #1311 ) ;
#5027 = ORIENTED_EDGE ( 'NONE', *, *, #4596, .T. ) ;
#5028 = DIRECTION ( 'NONE',  ( 1.000000000000000000, 1.084202172485503842E-15, -0.000000000000000000 ) ) ;
#5029 =( NAMED_UNIT ( * ) SI_UNIT ( $, .STERADIAN. ) SOLID_ANGLE_UNIT ( ) );
#5030 = CARTESIAN_POINT ( 'NONE',  ( -0.1499999999999999667, -0.3250000000000000666, -0.4242640687119291210 ) ) ;
#5031 = CARTESIAN_POINT ( 'NONE',  ( 0.7999999999999997113, -0.3250000000000000111, 1.040000000000000036 ) ) ;
#5032 =( NAMED_UNIT ( * ) SI_UNIT ( $, .STERADIAN. ) SOLID_ANGLE_UNIT ( ) );
#5033 = EDGE_CURVE ( 'NONE', #2502, #1130, #1279, .T. ) ;
#5034 = ADVANCED_FACE ( 'NONE', ( #3 ), #863, .T. ) ;
#5035 = FILL_AREA_STYLE_COLOUR ( '', #677 ) ;
#5036 = SURFACE_SIDE_STYLE ('',( #3349 ) ) ;
#5037 = CARTESIAN_POINT ( 'NONE',  ( 0.1500000000000001887, -0.5950000000000001954, 0.000000000000000000 ) ) ;
#5038 = DIRECTION ( 'NONE',  ( 0.000000000000000000, -1.000000000000000000, 0.000000000000000000 ) ) ;
#5039 = CARTESIAN_POINT ( 'NONE',  ( 0.9700000000000000844, -0.6250000000000001110, 0.03000000000000007869 ) ) ;
#5040 = ORIENTED_EDGE ( 'NONE', *, *, #3699, .F. ) ;
#5041 = DIRECTION ( 'NONE',  ( -0.000000000000000000, -1.000000000000000000, -0.000000000000000000 ) ) ;
#5042 = CARTESIAN_POINT ( 'NONE',  ( -2.168404344971008868E-16, -0.1500000000000001055, 1.030000000000000027 ) ) ;
#5043 = CARTESIAN_POINT ( 'NONE',  ( 0.1500000000000000777, -0.6250000000000001110, -0.4242640687119291210 ) ) ;
#5044 =( NAMED_UNIT ( * ) PLANE_ANGLE_UNIT ( ) SI_UNIT ( $, .RADIAN. ) );
#5045 = PRESENTATION_LAYER_ASSIGNMENT (  '', '', ( #2937 ) ) ;
#5046 = SURFACE_SIDE_STYLE ('',( #3249 ) ) ;
#5047 = ORIENTED_EDGE ( 'NONE', *, *, #2008, .T. ) ;
#5048 = LINE ( 'NONE', #1335, #1189 ) ;
#5049 = ORIENTED_EDGE ( 'NONE', *, *, #4175, .F. ) ;
#5050 = FACE_OUTER_BOUND ( 'NONE', #100, .T. ) ;
#5051 = EDGE_CURVE ( 'NONE', #343, #3637, #2632, .T. ) ;
#5052 = ORIENTED_EDGE ( 'NONE', *, *, #1762, .T. ) ;
#5053 = SURFACE_SIDE_STYLE ('',( #520 ) ) ;
#5054 = UNCERTAINTY_MEASURE_WITH_UNIT (LENGTH_MEASURE( 1.000000000000000082E-05 ), #4425, 'distance_accuracy_value', 'NONE');
#5055 = FACE_OUTER_BOUND ( 'NONE', #3589, .T. ) ;
#5056 =( NAMED_UNIT ( * ) PLANE_ANGLE_UNIT ( ) SI_UNIT ( $, .RADIAN. ) );
#5057 = DIRECTION ( 'NONE',  ( 0.000000000000000000, -0.000000000000000000, -1.000000000000000000 ) ) ;
#5058 =( LENGTH_UNIT ( ) NAMED_UNIT ( * ) SI_UNIT ( .MILLI., .METRE. ) );
#5059 = CARTESIAN_POINT ( 'NONE',  ( 0.9700000000000000844, 0.5949999999999999734, 1.010000000000000009 ) ) ;
#5060 = COLOUR_RGB ( '',0.8431372549019607865, 0.8431372549019607865, 0.8431372549019607865 ) ;
#5061 = EDGE_CURVE ( 'NONE', #3010, #5294, #2510, .T. ) ;
#5062 = ORIENTED_EDGE ( 'NONE', *, *, #3304, .F. ) ;
#5063 = CARTESIAN_POINT ( 'NONE',  ( 0.1499999999999994116, -5.421010862427525128E-16, 0.000000000000000000 ) ) ;
#5064 = DIRECTION ( 'NONE',  ( -3.614007241618339896E-16, 1.000000000000000000, 0.000000000000000000 ) ) ;
#5065 =( GEOMETRIC_REPRESENTATION_CONTEXT ( 3 ) GLOBAL_UNCERTAINTY_ASSIGNED_CONTEXT ( ( #1234 ) ) GLOBAL_UNIT_ASSIGNED_CONTEXT ( ( #1892, #3883, #303 ) ) REPRESENTATION_CONTEXT ( 'NONE', 'WORKASPACE' ) );
#5066 = DIRECTION ( 'NONE',  ( -1.000000000000000000, -1.445602896647339114E-15, 0.000000000000000000 ) ) ;
#5067 =( GEOMETRIC_REPRESENTATION_CONTEXT ( 3 ) GLOBAL_UNCERTAINTY_ASSIGNED_CONTEXT ( ( #114 ) ) GLOBAL_UNIT_ASSIGNED_CONTEXT ( ( #3778, #1759, #5032 ) ) REPRESENTATION_CONTEXT ( 'NONE', 'WORKASPACE' ) );
#5068 = DIRECTION ( 'NONE',  ( 1.807003620809175766E-15, -1.000000000000000000, 0.000000000000000000 ) ) ;
#5069 = ORIENTED_EDGE ( 'NONE', *, *, #1969, .T. ) ;
#5070 = VECTOR ( 'NONE', #2334, 1000.000000000000000 ) ;
#5071 = LINE ( 'NONE', #1361, #596 ) ;
#5072 = ORIENTED_EDGE ( 'NONE', *, *, #2672, .T. ) ;
#5073 =( GEOMETRIC_REPRESENTATION_CONTEXT ( 3 ) GLOBAL_UNCERTAINTY_ASSIGNED_CONTEXT ( ( #4351 ) ) GLOBAL_UNIT_ASSIGNED_CONTEXT ( ( #823, #1992, #2891 ) ) REPRESENTATION_CONTEXT ( 'NONE', 'WORKASPACE' ) );
#5074 = CARTESIAN_POINT ( 'NONE',  ( -0.8000000000000001554, 0.3250000000000000111, -0.4242640687119291210 ) ) ;
#5075 = FACE_OUTER_BOUND ( 'NONE', #1825, .T. ) ;
#5076 =( GEOMETRIC_REPRESENTATION_CONTEXT ( 3 ) GLOBAL_UNCERTAINTY_ASSIGNED_CONTEXT ( ( #4607 ) ) GLOBAL_UNIT_ASSIGNED_CONTEXT ( ( #1297, #3724, #381 ) ) REPRESENTATION_CONTEXT ( 'NONE', 'WORKASPACE' ) );
#5077 = CARTESIAN_POINT ( 'NONE',  ( -0.9700000000000000844, 0.5949999999999999734, 0.000000000000000000 ) ) ;
#5078 = CIRCLE ( 'NONE', #4357, 0.02999999999999997113 ) ;
#5079 = ORIENTED_EDGE ( 'NONE', *, *, #3831, .F. ) ;
#5080 = PRESENTATION_LAYER_ASSIGNMENT (  '', '', ( #4193 ) ) ;
#5081 = CYLINDRICAL_SURFACE ( 'NONE', #840, 0.03000000000000007869 ) ;
#5082 = FILL_AREA_STYLE ('',( #3312 ) ) ;
#5083 = VECTOR ( 'NONE', #1898, 1000.000000000000000 ) ;
#5084 = CYLINDRICAL_SURFACE ( 'NONE', #4032, 0.02999999999999997113 ) ;
#5085 = PRESENTATION_LAYER_ASSIGNMENT (  '', '', ( #3657 ) ) ;
#5086 = VECTOR ( 'NONE', #960, 1000.000000000000000 ) ;
#5087 = AXIS2_PLACEMENT_3D ( 'NONE', #224, #603, #2242 ) ;
#5088 = AXIS2_PLACEMENT_3D ( 'NONE', #4563, #4890, #1183 ) ;
#5089 = DIRECTION ( 'NONE',  ( 1.000000000000000000, 1.445602896647339114E-15, 0.000000000000000000 ) ) ;
#5090 =( GEOMETRIC_REPRESENTATION_CONTEXT ( 3 ) GLOBAL_UNCERTAINTY_ASSIGNED_CONTEXT ( ( #3983 ) ) GLOBAL_UNIT_ASSIGNED_CONTEXT ( ( #2676, #2275, #3517 ) ) REPRESENTATION_CONTEXT ( 'NONE', 'WORKASPACE' ) );
#5091 = CIRCLE ( 'NONE', #2714, 0.02999999999999997113 ) ;
#5092 = ADVANCED_FACE ( 'NONE', ( #121 ), #2953, .T. ) ;
#5093 = EDGE_CURVE ( 'NONE', #2930, #3309, #682, .T. ) ;
#5094 = DIRECTION ( 'NONE',  ( -1.084202172485503842E-15, -1.000000000000000000, 0.000000000000000000 ) ) ;
#5095 = STYLED_ITEM ( 'NONE', ( #4940 ), #799 ) ;
#5096 =( NAMED_UNIT ( * ) SI_UNIT ( $, .STERADIAN. ) SOLID_ANGLE_UNIT ( ) );
#5097 = ORIENTED_EDGE ( 'NONE', *, *, #5061, .F. ) ;
#5098 = DIRECTION ( 'NONE',  ( -0.000000000000000000, -0.000000000000000000, 1.000000000000000000 ) ) ;
#5099 = PRESENTATION_LAYER_ASSIGNMENT (  '', '', ( #2490 ) ) ;
#5100 = ADVANCED_FACE ( 'NONE', ( #1830 ), #2268, .T. ) ;
#5101 = UNCERTAINTY_MEASURE_WITH_UNIT (LENGTH_MEASURE( 1.000000000000000082E-05 ), #4870, 'distance_accuracy_value', 'NONE');
#5102 =( NAMED_UNIT ( * ) SI_UNIT ( $, .STERADIAN. ) SOLID_ANGLE_UNIT ( ) );
#5103 = ORIENTED_EDGE ( 'NONE', *, *, #2332, .T. ) ;
#5104 = PRESENTATION_LAYER_ASSIGNMENT (  '', '', ( #4840 ) ) ;
#5105 = DIRECTION ( 'NONE',  ( -1.000000000000000000, -3.614007241618339896E-16, 0.000000000000000000 ) ) ;
#5106 = CARTESIAN_POINT ( 'NONE',  ( -0.1500000000000001887, 0.3250000000000000111, -0.4242640687119291210 ) ) ;
#5107 = DIRECTION ( 'NONE',  ( -0.000000000000000000, 1.000000000000000000, 0.000000000000000000 ) ) ;
#5108 = ORIENTED_EDGE ( 'NONE', *, *, #1305, .T. ) ;
#5109 = UNCERTAINTY_MEASURE_WITH_UNIT (LENGTH_MEASURE( 1.000000000000000082E-05 ), #144, 'distance_accuracy_value', 'NONE');
#5110 = SURFACE_STYLE_USAGE ( .BOTH. , #5129 ) ;
#5111 =( NAMED_UNIT ( * ) SI_UNIT ( $, .STERADIAN. ) SOLID_ANGLE_UNIT ( ) );
#5112 = DIRECTION ( 'NONE',  ( -0.000000000000000000, 1.000000000000000000, -0.000000000000000000 ) ) ;
#5113 = UNCERTAINTY_MEASURE_WITH_UNIT (LENGTH_MEASURE( 1.000000000000000082E-05 ), #1341, 'distance_accuracy_value', 'NONE');
#5114 = ORIENTED_EDGE ( 'NONE', *, *, #1645, .F. ) ;
#5115 = CARTESIAN_POINT ( 'NONE',  ( -0.6000000000000001998, -0.1500000000000000777, 1.030000000000000027 ) ) ;
#5116 = FILL_AREA_STYLE ('',( #1808 ) ) ;
#5117 =( LENGTH_UNIT ( ) NAMED_UNIT ( * ) SI_UNIT ( .MILLI., .METRE. ) );
#5118 = CARTESIAN_POINT ( 'NONE',  ( 0.1499999999999997446, -0.3250000000000000111, 1.040000000000000036 ) ) ;
#5119 = EDGE_LOOP ( 'NONE', ( #699, #3887, #3809, #5198 ) ) ;
#5120 = EDGE_CURVE ( 'NONE', #695, #3447, #178, .T. ) ;
#5121 = CARTESIAN_POINT ( 'NONE',  ( -2.168404344971008868E-16, -0.1500000000000001055, 1.040000000000000036 ) ) ;
#5122 = PLANE ( 'NONE',  #1523 ) ;
#5123 = ORIENTED_EDGE ( 'NONE', *, *, #2427, .T. ) ;
#5124 =( NAMED_UNIT ( * ) SI_UNIT ( $, .STERADIAN. ) SOLID_ANGLE_UNIT ( ) );
#5125 = FILL_AREA_STYLE ('',( #2734 ) ) ;
#5126 =( NAMED_UNIT ( * ) SI_UNIT ( $, .STERADIAN. ) SOLID_ANGLE_UNIT ( ) );
#5127 = DIRECTION ( 'NONE',  ( -1.000000000000000000, 0.000000000000000000, 0.000000000000000000 ) ) ;
#5128 = FILL_AREA_STYLE_COLOUR ( '', #3040 ) ;
#5129 = SURFACE_SIDE_STYLE ('',( #3875 ) ) ;
#5130 = CARTESIAN_POINT ( 'NONE',  ( -1.000000000000000000, -0.5950000000000001954, 0.03000000000000007869 ) ) ;
#5131 = CARTESIAN_POINT ( 'NONE',  ( 0.7999999999999997113, 0.3250000000000000111, 0.000000000000000000 ) ) ;
#5132 =( LENGTH_UNIT ( ) NAMED_UNIT ( * ) SI_UNIT ( .MILLI., .METRE. ) );
#5133 = CARTESIAN_POINT ( 'NONE',  ( -0.1500000000000001887, 0.3250000000000000111, 1.040000000000000036 ) ) ;
#5134 = ORIENTED_EDGE ( 'NONE', *, *, #2587, .T. ) ;
#5135 = FACE_OUTER_BOUND ( 'NONE', #3598, .T. ) ;
#5136 = PRESENTATION_LAYER_ASSIGNMENT (  '', '', ( #400 ) ) ;
#5137 = ORIENTED_EDGE ( 'NONE', *, *, #3594, .F. ) ;
#5138 = SURFACE_SIDE_STYLE ('',( #4695 ) ) ;
#5139 = VERTEX_POINT ( 'NONE', #3837 ) ;
#5140 = SURFACE_SIDE_STYLE ('',( #3537 ) ) ;
#5141 = CARTESIAN_POINT ( 'NONE',  ( 0.8000000000000000444, -0.5950000000000001954, 0.000000000000000000 ) ) ;
#5142 = STYLED_ITEM ( 'NONE', ( #2198 ), #4243 ) ;
#5143 = CARTESIAN_POINT ( 'NONE',  ( -0.9700000000000000844, 0.5949999999999999734, 1.010000000000000009 ) ) ;
#5144 =( GEOMETRIC_REPRESENTATION_CONTEXT ( 3 ) GLOBAL_UNCERTAINTY_ASSIGNED_CONTEXT ( ( #3830 ) ) GLOBAL_UNIT_ASSIGNED_CONTEXT ( ( #4885, #4473, #792 ) ) REPRESENTATION_CONTEXT ( 'NONE', 'WORKASPACE' ) );
#5145 = ADVANCED_FACE ( 'NONE', ( #192 ), #211, .F. ) ;
#5146 = DIRECTION ( 'NONE',  ( 1.000000000000000000, 3.614007241618351729E-16, 0.000000000000000000 ) ) ;
#5147 = EDGE_LOOP ( 'NONE', ( #4171, #1057, #2153, #3545 ) ) ;
#5148 = FILL_AREA_STYLE ('',( #3462 ) ) ;
#5149 =( NAMED_UNIT ( * ) SI_UNIT ( $, .STERADIAN. ) SOLID_ANGLE_UNIT ( ) );
#5150 = SURFACE_STYLE_FILL_AREA ( #293 ) ;
#5151 = DIRECTION ( 'NONE',  ( 0.000000000000000000, 0.000000000000000000, 1.000000000000000000 ) ) ;
#5152 = VECTOR ( 'NONE', #942, 1000.000000000000000 ) ;
#5153 = EDGE_CURVE ( 'NONE', #2532, #4025, #3389, .T. ) ;
#5154 = CLOSED_SHELL ( 'NONE', ( #5284, #462, #4930, #3600, #2115, #2081, #442, #4730 ) ) ;
#5155 =( NAMED_UNIT ( * ) SI_UNIT ( $, .STERADIAN. ) SOLID_ANGLE_UNIT ( ) );
#5156 = STYLED_ITEM ( 'NONE', ( #3098 ), #3784 ) ;
#5157 = VECTOR ( 'NONE', #2425, 1000.000000000000000 ) ;
#5158 =( GEOMETRIC_REPRESENTATION_CONTEXT ( 3 ) GLOBAL_UNCERTAINTY_ASSIGNED_CONTEXT ( ( #3947 ) ) GLOBAL_UNIT_ASSIGNED_CONTEXT ( ( #3871, #1843, #2663 ) ) REPRESENTATION_CONTEXT ( 'NONE', 'WORKASPACE' ) );
#5159 =( LENGTH_UNIT ( ) NAMED_UNIT ( * ) SI_UNIT ( .MILLI., .METRE. ) );
#5160 = PLANE ( 'NONE',  #1363 ) ;
#5161 = COLOUR_RGB ( '',0.9607843137254902244, 0.9607843137254902244, 0.9607843137254902244 ) ;
#5162 = PRESENTATION_LAYER_ASSIGNMENT (  '', '', ( #4825 ) ) ;
#5163 = PRESENTATION_LAYER_ASSIGNMENT (  '', '', ( #2148 ) ) ;
#5164 = CARTESIAN_POINT ( 'NONE',  ( 0.8000000000000000444, 0.5950000000000001954, 0.000000000000000000 ) ) ;
#5165 = CIRCLE ( 'NONE', #4462, 0.03000000000000007869 ) ;
#5166 = ORIENTED_EDGE ( 'NONE', *, *, #504, .F. ) ;
#5167 = STYLED_ITEM ( 'NONE', ( #4306 ), #3033 ) ;
#5168 = CIRCLE ( 'NONE', #432, 0.02999999999999997113 ) ;
#5169 = PRESENTATION_STYLE_ASSIGNMENT (( #1131 ) ) ;
#5170 = STYLED_ITEM ( 'NONE', ( #1147 ), #3116 ) ;
#5171 = FILL_AREA_STYLE_COLOUR ( '', #5022 ) ;
#5172 = DIRECTION ( 'NONE',  ( 0.000000000000000000, 0.000000000000000000, -1.000000000000000000 ) ) ;
#5173 = ORIENTED_EDGE ( 'NONE', *, *, #2422, .F. ) ;
#5174 = PRESENTATION_LAYER_ASSIGNMENT (  '', '', ( #2163 ) ) ;
#5175 = LINE ( 'NONE', #2203, #3570 ) ;
#5176 = DIRECTION ( 'NONE',  ( 1.000000000000000000, 3.614007241618339896E-16, -0.000000000000000000 ) ) ;
#5177 = EDGE_CURVE ( 'NONE', #421, #983, #4368, .T. ) ;
#5178 = PRESENTATION_STYLE_ASSIGNMENT (( #1868 ) ) ;
#5179 = EDGE_LOOP ( 'NONE', ( #1914, #4531, #764 ) ) ;
#5180 = FACE_OUTER_BOUND ( 'NONE', #721, .T. ) ;
#5181 =( NAMED_UNIT ( * ) PLANE_ANGLE_UNIT ( ) SI_UNIT ( $, .RADIAN. ) );
#5182 = STYLED_ITEM ( 'NONE', ( #4187 ), #3437 ) ;
#5183 = CARTESIAN_POINT ( 'NONE',  ( -1.000000000000000000, 0.6249999999999998890, 1.010000000000000009 ) ) ;
#5184 =( LENGTH_UNIT ( ) NAMED_UNIT ( * ) SI_UNIT ( .MILLI., .METRE. ) );
#5185 = ADVANCED_FACE ( 'NONE', ( #4037 ), #1542, .F. ) ;
#5186 =( NAMED_UNIT ( * ) SI_UNIT ( $, .STERADIAN. ) SOLID_ANGLE_UNIT ( ) );
#5187 = ADVANCED_FACE ( 'NONE', ( #4392 ), #361, .F. ) ;
#5188 = DIRECTION ( 'NONE',  ( 0.000000000000000000, 0.000000000000000000, 1.000000000000000000 ) ) ;
#5189 = DIRECTION ( 'NONE',  ( 0.000000000000000000, 1.000000000000000000, 0.000000000000000000 ) ) ;
#5190 = PRODUCT_CONTEXT ( 'NONE', #311, 'mechanical' ) ;
#5191 = FILL_AREA_STYLE ('',( #326 ) ) ;
#5192 = VERTEX_POINT ( 'NONE', #2286 ) ;
#5193 = LINE ( 'NONE', #1481, #5070 ) ;
#5194 = CARTESIAN_POINT ( 'NONE',  ( -1.000000000000000000, -0.6250000000000001110, 1.040000000000000036 ) ) ;
#5195 = ORIENTED_EDGE ( 'NONE', *, *, #914, .T. ) ;
#5196 = LINE ( 'NONE', #4395, #3948 ) ;
#5197 = CARTESIAN_POINT ( 'NONE',  ( 0.1500000000000000777, 0.6250000000000001110, 1.010000000000000009 ) ) ;
#5198 = ORIENTED_EDGE ( 'NONE', *, *, #3097, .T. ) ;
#5199 = DIRECTION ( 'NONE',  ( -1.084202172485503842E-15, -1.000000000000000000, 0.000000000000000000 ) ) ;
#5200 = DIRECTION ( 'NONE',  ( 0.000000000000000000, 1.000000000000000000, 0.000000000000000000 ) ) ;
#5201 = CARTESIAN_POINT ( 'NONE',  ( -0.9700000000000000844, 0.000000000000000000, 1.010000000000000009 ) ) ;
#5202 = DIRECTION ( 'NONE',  ( 1.445602896647339114E-15, -1.000000000000000000, 0.000000000000000000 ) ) ;
#5203 = ORIENTED_EDGE ( 'NONE', *, *, #504, .T. ) ;
#5204 = SURFACE_STYLE_FILL_AREA ( #3520 ) ;
#5205 =( NAMED_UNIT ( * ) PLANE_ANGLE_UNIT ( ) SI_UNIT ( $, .RADIAN. ) );
#5206 = DIRECTION ( 'NONE',  ( 1.000000000000000000, 3.614007241618339896E-16, -0.000000000000000000 ) ) ;
#5207 = UNCERTAINTY_MEASURE_WITH_UNIT (LENGTH_MEASURE( 1.000000000000000082E-05 ), #1085, 'distance_accuracy_value', 'NONE');
#5208 = CYLINDRICAL_SURFACE ( 'NONE', #946, 0.03000000000000007869 ) ;
#5209 = SURFACE_SIDE_STYLE ('',( #5235 ) ) ;
#5210 = PLANE ( 'NONE',  #1406 ) ;
#5211 = DIRECTION ( 'NONE',  ( -1.000000000000000000, 0.000000000000000000, 0.000000000000000000 ) ) ;
#5212 = MECHANICAL_DESIGN_GEOMETRIC_PRESENTATION_REPRESENTATION (  '', ( #3621 ), #4966 ) ;
#5213 = EDGE_CURVE ( 'NONE', #3712, #1124, #3920, .T. ) ;
#5214 = ORIENTED_EDGE ( 'NONE', *, *, #4551, .T. ) ;
#5215 = SURFACE_STYLE_USAGE ( .BOTH. , #708 ) ;
#5216 = CYLINDRICAL_SURFACE ( 'NONE', #2357, 0.02999999999999997113 ) ;
#5217 = ADVANCED_FACE ( 'NONE', ( #3326 ), #415, .T. ) ;
#5218 = ORIENTED_EDGE ( 'NONE', *, *, #5255, .F. ) ;
#5219 = DIRECTION ( 'NONE',  ( 1.445602896647339114E-15, -1.000000000000000000, 0.000000000000000000 ) ) ;
#5220 = PLANE ( 'NONE',  #108 ) ;
#5221 = ORIENTED_EDGE ( 'NONE', *, *, #148, .T. ) ;
#5222 = COLOUR_RGB ( '',0.8431372549019607865, 0.8431372549019607865, 0.8431372549019607865 ) ;
#5223 =( NAMED_UNIT ( * ) PLANE_ANGLE_UNIT ( ) SI_UNIT ( $, .RADIAN. ) );
#5224 = FILL_AREA_STYLE ('',( #4831 ) ) ;
#5225 = DIRECTION ( 'NONE',  ( -1.000000000000000000, -1.445602896647339114E-15, 0.000000000000000000 ) ) ;
#5226 = LINE ( 'NONE', #4458, #3045 ) ;
#5227 = ORIENTED_EDGE ( 'NONE', *, *, #3141, .F. ) ;
#5228 = DIRECTION ( 'NONE',  ( -1.000000000000000000, 0.000000000000000000, 0.000000000000000000 ) ) ;
#5229 = CARTESIAN_POINT ( 'NONE',  ( -0.6000000000000001998, 0.1499999999999999112, 1.040000000000000036 ) ) ;
#5230 = VECTOR ( 'NONE', #3765, 1000.000000000000000 ) ;
#5231 = ORIENTED_EDGE ( 'NONE', *, *, #5311, .T. ) ;
#5232 = UNCERTAINTY_MEASURE_WITH_UNIT (LENGTH_MEASURE( 1.000000000000000082E-05 ), #1602, 'distance_accuracy_value', 'NONE');
#5233 = MECHANICAL_DESIGN_GEOMETRIC_PRESENTATION_REPRESENTATION (  '', ( #663 ), #3306 ) ;
#5234 = CARTESIAN_POINT ( 'NONE',  ( 0.8000000000000000444, 0.5950000000000001954, 1.010000000000000009 ) ) ;
#5235 = SURFACE_STYLE_FILL_AREA ( #1470 ) ;
#5236 = PRESENTATION_LAYER_ASSIGNMENT (  '', '', ( #2780 ) ) ;
#5237 = FACE_OUTER_BOUND ( 'NONE', #4852, .T. ) ;
#5238 = MECHANICAL_DESIGN_GEOMETRIC_PRESENTATION_REPRESENTATION (  '', ( #3310 ), #5251 ) ;
#5239 = PRESENTATION_STYLE_ASSIGNMENT (( #3121 ) ) ;
#5240 = AXIS2_PLACEMENT_3D ( 'NONE', #825, #2062, #2820 ) ;
#5241 = CIRCLE ( 'NONE', #1866, 0.02999999999999997113 ) ;
#5242 = VECTOR ( 'NONE', #996, 1000.000000000000000 ) ;
#5243 = PRESENTATION_LAYER_ASSIGNMENT (  '', '', ( #508 ) ) ;
#5244 = ORIENTED_EDGE ( 'NONE', *, *, #3027, .T. ) ;
#5245 = SURFACE_STYLE_FILL_AREA ( #3914 ) ;
#5246 = MECHANICAL_DESIGN_GEOMETRIC_PRESENTATION_REPRESENTATION (  '', ( #4276 ), #4360 ) ;
#5247 = ADVANCED_FACE ( 'NONE', ( #4569 ), #2523, .F. ) ;
#5248 = STYLED_ITEM ( 'NONE', ( #5239 ), #501 ) ;
#5249 = ORIENTED_EDGE ( 'NONE', *, *, #907, .T. ) ;
#5250 = STYLED_ITEM ( 'NONE', ( #1043 ), #5145 ) ;
#5251 =( GEOMETRIC_REPRESENTATION_CONTEXT ( 3 ) GLOBAL_UNCERTAINTY_ASSIGNED_CONTEXT ( ( #5113 ) ) GLOBAL_UNIT_ASSIGNED_CONTEXT ( ( #1341, #3801, #110 ) ) REPRESENTATION_CONTEXT ( 'NONE', 'WORKASPACE' ) );
#5252 = VERTEX_POINT ( 'NONE', #4505 ) ;
#5253 =( LENGTH_UNIT ( ) NAMED_UNIT ( * ) SI_UNIT ( .MILLI., .METRE. ) );
#5254 = DIRECTION ( 'NONE',  ( 1.000000000000000000, -0.000000000000000000, 0.000000000000000000 ) ) ;
#5255 = EDGE_CURVE ( 'NONE', #1128, #2738, #4599, .T. ) ;
#5256 = VECTOR ( 'NONE', #2395, 1000.000000000000000 ) ;
#5257 = PLANE ( 'NONE',  #4196 ) ;
#5258 = EDGE_CURVE ( 'NONE', #4858, #4632, #3679, .T. ) ;
#5259 = SURFACE_STYLE_FILL_AREA ( #4849 ) ;
#5260 = AXIS2_PLACEMENT_3D ( 'NONE', #1474, #730, #4786 ) ;
#5261 = LINE ( 'NONE', #1489, #3827 ) ;
#5262 = ORIENTED_EDGE ( 'NONE', *, *, #2737, .T. ) ;
#5263 = MECHANICAL_DESIGN_GEOMETRIC_PRESENTATION_REPRESENTATION (  '', ( #5095 ), #4835 ) ;
#5264 = DIRECTION ( 'NONE',  ( 0.000000000000000000, 0.000000000000000000, -1.000000000000000000 ) ) ;
#5265 = MECHANICAL_DESIGN_GEOMETRIC_PRESENTATION_REPRESENTATION (  '', ( #3588 ), #441 ) ;
#5266 = ORIENTED_EDGE ( 'NONE', *, *, #3822, .T. ) ;
#5267 =( LENGTH_UNIT ( ) NAMED_UNIT ( * ) SI_UNIT ( .MILLI., .METRE. ) );
#5268 = SURFACE_STYLE_USAGE ( .BOTH. , #320 ) ;
#5269 = FACE_OUTER_BOUND ( 'NONE', #4818, .T. ) ;
#5270 =( GEOMETRIC_REPRESENTATION_CONTEXT ( 3 ) GLOBAL_UNCERTAINTY_ASSIGNED_CONTEXT ( ( #4209 ) ) GLOBAL_UNIT_ASSIGNED_CONTEXT ( ( #5117, #3050, #1681 ) ) REPRESENTATION_CONTEXT ( 'NONE', 'WORKASPACE' ) );
#5271 = CARTESIAN_POINT ( 'NONE',  ( -0.6000000000000001998, 0.1499999999999999112, 1.030000000000000027 ) ) ;
#5272 = ORIENTED_EDGE ( 'NONE', *, *, #2802, .F. ) ;
#5273 =( NAMED_UNIT ( * ) SI_UNIT ( $, .STERADIAN. ) SOLID_ANGLE_UNIT ( ) );
#5274 = DIRECTION ( 'NONE',  ( -1.000000000000000000, 0.000000000000000000, 0.000000000000000000 ) ) ;
#5275 = SURFACE_SIDE_STYLE ('',( #1993 ) ) ;
#5276 = VERTEX_POINT ( 'NONE', #1644 ) ;
#5277 = DIRECTION ( 'NONE',  ( -0.000000000000000000, -0.000000000000000000, 1.000000000000000000 ) ) ;
#5278 = ORIENTED_EDGE ( 'NONE', *, *, #4579, .F. ) ;
#5279 = PRESENTATION_STYLE_ASSIGNMENT (( #4532 ) ) ;
#5280 = SURFACE_STYLE_USAGE ( .BOTH. , #1570 ) ;
#5281 =( LENGTH_UNIT ( ) NAMED_UNIT ( * ) SI_UNIT ( .MILLI., .METRE. ) );
#5282 = ORIENTED_EDGE ( 'NONE', *, *, #3822, .F. ) ;
#5283 = ADVANCED_FACE ( 'NONE', ( #2443 ), #27, .F. ) ;
#5284 = ADVANCED_FACE ( 'NONE', ( #4229 ), #627, .T. ) ;
#5285 = SURFACE_SIDE_STYLE ('',( #392 ) ) ;
#5286 = DIRECTION ( 'NONE',  ( 0.000000000000000000, 0.000000000000000000, 1.000000000000000000 ) ) ;
#5287 = CARTESIAN_POINT ( 'NONE',  ( 1.300000000000000044, 0.000000000000000000, 0.000000000000000000 ) ) ;
#5288 = CARTESIAN_POINT ( 'NONE',  ( -2.710505431213761085E-16, 0.1500000000000001055, 1.030000000000000027 ) ) ;
#5289 = ORIENTED_EDGE ( 'NONE', *, *, #4309, .F. ) ;
#5290 = UNCERTAINTY_MEASURE_WITH_UNIT (LENGTH_MEASURE( 1.000000000000000082E-05 ), #3339, 'distance_accuracy_value', 'NONE');
#5291 =( NAMED_UNIT ( * ) SI_UNIT ( $, .STERADIAN. ) SOLID_ANGLE_UNIT ( ) );
#5292 = EDGE_CURVE ( 'NONE', #1298, #517, #2967, .T. ) ;
#5293 = SURFACE_SIDE_STYLE ('',( #4924 ) ) ;
#5294 = VERTEX_POINT ( 'NONE', #4251 ) ;
#5295 = FACE_OUTER_BOUND ( 'NONE', #4212, .T. ) ;
#5296 = DIRECTION ( 'NONE',  ( -9.035018104045878829E-16, 1.000000000000000000, 0.000000000000000000 ) ) ;
#5297 = ORIENTED_EDGE ( 'NONE', *, *, #1800, .T. ) ;
#5298 = STYLED_ITEM ( 'NONE', ( #2571 ), #1389 ) ;
#5299 = CARTESIAN_POINT ( 'NONE',  ( -1.000000000000000000, 0.6249999999999998890, 0.03000000000000007869 ) ) ;
#5300 =( NAMED_UNIT ( * ) PLANE_ANGLE_UNIT ( ) SI_UNIT ( $, .RADIAN. ) );
#5301 = ORIENTED_EDGE ( 'NONE', *, *, #3775, .T. ) ;
#5302 = DIRECTION ( 'NONE',  ( 1.445602896647339114E-15, -1.000000000000000000, 0.000000000000000000 ) ) ;
#5303 = ORIENTED_EDGE ( 'NONE', *, *, #4482, .T. ) ;
#5304 = DIRECTION ( 'NONE',  ( -1.000000000000000000, 0.000000000000000000, -0.000000000000000000 ) ) ;
#5305 = DIRECTION ( 'NONE',  ( 0.000000000000000000, 0.000000000000000000, 1.000000000000000000 ) ) ;
#5306 = CARTESIAN_POINT ( 'NONE',  ( -0.9700000000000000844, -0.5950000000000001954, 1.010000000000000009 ) ) ;
#5307 = VERTEX_POINT ( 'NONE', #3374 ) ;
#5308 = FACE_OUTER_BOUND ( 'NONE', #3104, .T. ) ;
#5309 = PLANE ( 'NONE',  #1182 ) ;
#5310 = CYLINDRICAL_SURFACE ( 'NONE', #3142, 0.02999999999999999889 ) ;
#5311 = EDGE_CURVE ( 'NONE', #2796, #3354, #1096, .T. ) ;
#5312 =( NAMED_UNIT ( * ) PLANE_ANGLE_UNIT ( ) SI_UNIT ( $, .RADIAN. ) );
#5313 = LINE ( 'NONE', #225, #1952 ) ;
#5314 = ORIENTED_EDGE ( 'NONE', *, *, #272, .T. ) ;
#5315 = CARTESIAN_POINT ( 'NONE',  ( -0.7999999999999999334, -0.6250000000000000000, -0.4242640687119291210 ) ) ;
#5316 = AXIS2_PLACEMENT_3D ( 'NONE', #4498, #401, #43 ) ;
#5317 = PRESENTATION_STYLE_ASSIGNMENT (( #3632 ) ) ;
#5318 = MECHANICAL_DESIGN_GEOMETRIC_PRESENTATION_REPRESENTATION (  '', ( #68 ), #2355 ) ;
#5319 = CARTESIAN_POINT ( 'NONE',  ( -2.710505431213761085E-16, 0.1500000000000001055, 1.030000000000000027 ) ) ;
#5320 = ORIENTED_EDGE ( 'NONE', *, *, #463, .F. ) ;
#5321 = DIRECTION ( 'NONE',  ( -9.035018104045878829E-16, -1.000000000000000000, 0.000000000000000000 ) ) ;
#5322 = EDGE_CURVE ( 'NONE', #4527, #1932, #3649, .T. ) ;
#5323 = CIRCLE ( 'NONE', #3212, 0.02999999999999997113 ) ;
#5324 = DIRECTION ( 'NONE',  ( 1.000000000000000000, -1.084202172485503842E-15, -0.000000000000000000 ) ) ;
#5325 = VECTOR ( 'NONE', #2521, 1000.000000000000000 ) ;
#5326 = VERTEX_POINT ( 'NONE', #2245 ) ;
#5327 = DIRECTION ( 'NONE',  ( 1.000000000000000000, -0.000000000000000000, 0.000000000000000000 ) ) ;
#5328 = AXIS2_PLACEMENT_3D ( 'NONE', #3856, #186, #2573 ) ;
#5329 = VECTOR ( 'NONE', #4331, 1000.000000000000000 ) ;
#5330 = FILL_AREA_STYLE ('',( #2769 ) ) ;
#5331 = MECHANICAL_DESIGN_GEOMETRIC_PRESENTATION_REPRESENTATION (  '', ( #4897 ), #673 ) ;
#5332 = PRESENTATION_LAYER_ASSIGNMENT (  '', '', ( #2369 ) ) ;
#5333 = CARTESIAN_POINT ( 'NONE',  ( 0.000000000000000000, 0.5949999999999999734, 1.010000000000000009 ) ) ;
#5334 = ORIENTED_EDGE ( 'NONE', *, *, #278, .T. ) ;
#5335 = CIRCLE ( 'NONE', #586, 0.02999999999999997113 ) ;
#5336 = ORIENTED_EDGE ( 'NONE', *, *, #1801, .T. ) ;
#5337 = DIRECTION ( 'NONE',  ( 0.000000000000000000, 0.000000000000000000, -1.000000000000000000 ) ) ;
#5338 = AXIS2_PLACEMENT_3D ( 'NONE', #3848, #5228, #3898 ) ;
#5339 = COLOUR_RGB ( '',0.8431372549019607865, 0.8431372549019607865, 0.8431372549019607865 ) ;
ENDSEC;
END-ISO-10303-21;
