ISO-10303-21;
HEADER;
FILE_DESCRIPTION (( 'STEP AP214' ),
    '1' );
FILE_NAME ('BFCN-5100+.STEP',
    '2023-09-25T09:44:36',
    ( '' ),
    ( '' ),
    'SwSTEP 2.0',
    'SolidWorks 2021',
    '' );
FILE_SCHEMA (( 'AUTOMOTIVE_DESIGN' ));
ENDSEC;

DATA;
#1 = EDGE_CURVE ( 'NONE', #3720, #3248, #3241, .T. ) ;
#2 = VERTEX_POINT ( 'NONE', #3274 ) ;
#3 = FILL_AREA_STYLE ('',( #1641 ) ) ;
#4 = ORIENTED_EDGE ( 'NONE', *, *, #3493, .F. ) ;
#5 = VERTEX_POINT ( 'NONE', #4242 ) ;
#6 = VERTEX_POINT ( 'NONE', #2225 ) ;
#7 = DIRECTION ( 'NONE',  ( 0.000000000000000000, 0.000000000000000000, 1.000000000000000000 ) ) ;
#8 = ORIENTED_EDGE ( 'NONE', *, *, #82, .F. ) ;
#9 = FILL_AREA_STYLE ('',( #2300 ) ) ;
#10 = FACE_OUTER_BOUND ( 'NONE', #3906, .T. ) ;
#11 = CARTESIAN_POINT ( 'NONE',  ( -1.269999999999999130, 0.000000000000000000, -0.7999999999999999334 ) ) ;
#12 = SURFACE_STYLE_USAGE ( .BOTH. , #1986 ) ;
#13 = UNCERTAINTY_MEASURE_WITH_UNIT (LENGTH_MEASURE( 1.000000000000000082E-05 ), #2085, 'distance_accuracy_value', 'NONE');
#14 = CARTESIAN_POINT ( 'NONE',  ( 0.000000000000000000, 0.9399999999999999467, 0.000000000000000000 ) ) ;
#15 = ORIENTED_EDGE ( 'NONE', *, *, #2004, .T. ) ;
#16 =( LENGTH_UNIT ( ) NAMED_UNIT ( * ) SI_UNIT ( .MILLI., .METRE. ) );
#17 = CARTESIAN_POINT ( 'NONE',  ( -0.7099999999999994094, 0.9399999999999999467, -0.7999999999999999334 ) ) ;
#18 = MECHANICAL_DESIGN_GEOMETRIC_PRESENTATION_REPRESENTATION (  '', ( #234 ), #1630 ) ;
#19 = EDGE_CURVE ( 'NONE', #958, #2578, #294, .T. ) ;
#20 = LINE ( 'NONE', #3306, #4042 ) ;
#21 = ORIENTED_EDGE ( 'NONE', *, *, #2874, .F. ) ;
#22 = COLOUR_RGB ( '',1.000000000000000000, 1.000000000000000000, 1.000000000000000000 ) ;
#23 = DIRECTION ( 'NONE',  ( 1.000000000000000000, 0.000000000000000000, 0.000000000000000000 ) ) ;
#24 =( NAMED_UNIT ( * ) SI_UNIT ( $, .STERADIAN. ) SOLID_ANGLE_UNIT ( ) );
#25 = ORIENTED_EDGE ( 'NONE', *, *, #639, .T. ) ;
#26 = PRESENTATION_LAYER_ASSIGNMENT (  '', '', ( #4017 ) ) ;
#27 = EDGE_CURVE ( 'NONE', #1622, #738, #315, .T. ) ;
#28 = ORIENTED_EDGE ( 'NONE', *, *, #4085, .T. ) ;
#29 =( GEOMETRIC_REPRESENTATION_CONTEXT ( 3 ) GLOBAL_UNCERTAINTY_ASSIGNED_CONTEXT ( ( #929 ) ) GLOBAL_UNIT_ASSIGNED_CONTEXT ( ( #16, #3811, #147 ) ) REPRESENTATION_CONTEXT ( 'NONE', 'WORKASPACE' ) );
#30 = DIRECTION ( 'NONE',  ( -1.000000000000000000, -0.000000000000000000, -0.000000000000000000 ) ) ;
#31 =( GEOMETRIC_REPRESENTATION_CONTEXT ( 3 ) GLOBAL_UNCERTAINTY_ASSIGNED_CONTEXT ( ( #3225 ) ) GLOBAL_UNIT_ASSIGNED_CONTEXT ( ( #3981, #2478, #2809 ) ) REPRESENTATION_CONTEXT ( 'NONE', 'WORKASPACE' ) );
#32 =( NAMED_UNIT ( * ) SI_UNIT ( $, .STERADIAN. ) SOLID_ANGLE_UNIT ( ) );
#33 = CARTESIAN_POINT ( 'NONE',  ( -1.300000000000000933, 0.000000000000000000, 0.2550000000000000044 ) ) ;
#34 =( GEOMETRIC_REPRESENTATION_CONTEXT ( 3 ) GLOBAL_UNCERTAINTY_ASSIGNED_CONTEXT ( ( #103 ) ) GLOBAL_UNIT_ASSIGNED_CONTEXT ( ( #1356, #975, #4260 ) ) REPRESENTATION_CONTEXT ( 'NONE', 'WORKASPACE' ) );
#35 = CARTESIAN_POINT ( 'NONE',  ( 1.600000000000001199, 0.9399999999999999467, -0.8000000000000001554 ) ) ;
#36 = FILL_AREA_STYLE_COLOUR ( '', #3212 ) ;
#37 = STYLED_ITEM ( 'NONE', ( #3747 ), #3178 ) ;
#38 = LINE ( 'NONE', #2682, #444 ) ;
#39 = PRESENTATION_LAYER_ASSIGNMENT (  '', '', ( #724 ) ) ;
#40 = ADVANCED_FACE ( 'NONE', ( #1337 ), #1930, .T. ) ;
#41 = VECTOR ( 'NONE', #782, 1000.000000000000000 ) ;
#42 = ORIENTED_EDGE ( 'NONE', *, *, #233, .F. ) ;
#43 = PRESENTATION_LAYER_ASSIGNMENT (  '', '', ( #3963 ) ) ;
#44 = PRESENTATION_LAYER_ASSIGNMENT (  '', '', ( #3964 ) ) ;
#45 = CARTESIAN_POINT ( 'NONE',  ( -1.599999999999999423, 0.000000000000000000, -0.8000000000000001554 ) ) ;
#46 =( NAMED_UNIT ( * ) SI_UNIT ( $, .STERADIAN. ) SOLID_ANGLE_UNIT ( ) );
#47 = VERTEX_POINT ( 'NONE', #2299 ) ;
#48 =( GEOMETRIC_REPRESENTATION_CONTEXT ( 3 ) GLOBAL_UNCERTAINTY_ASSIGNED_CONTEXT ( ( #3512 ) ) GLOBAL_UNIT_ASSIGNED_CONTEXT ( ( #4228, #2873, #3146 ) ) REPRESENTATION_CONTEXT ( 'NONE', 'WORKASPACE' ) );
#49 = EDGE_CURVE ( 'NONE', #336, #429, #3214, .T. ) ;
#50 = ORIENTED_EDGE ( 'NONE', *, *, #4106, .F. ) ;
#51 = SURFACE_STYLE_USAGE ( .BOTH. , #3329 ) ;
#52 = FILL_AREA_STYLE_COLOUR ( '', #736 ) ;
#53 = VECTOR ( 'NONE', #4230, 1000.000000000000000 ) ;
#54 = DIRECTION ( 'NONE',  ( -0.000000000000000000, 1.000000000000000000, -0.000000000000000000 ) ) ;
#55 =( NAMED_UNIT ( * ) PLANE_ANGLE_UNIT ( ) SI_UNIT ( $, .RADIAN. ) );
#56 = CARTESIAN_POINT ( 'NONE',  ( -1.300000000000000933, 0.000000000000000000, -0.2550000000000000044 ) ) ;
#57 = FILL_AREA_STYLE_COLOUR ( '', #3694 ) ;
#58 = FILL_AREA_STYLE ('',( #2078 ) ) ;
#59 = ORIENTED_EDGE ( 'NONE', *, *, #1392, .F. ) ;
#60 = FILL_AREA_STYLE ('',( #657 ) ) ;
#61 = ADVANCED_FACE ( 'NONE', ( #3612, #1979 ), #4212, .T. ) ;
#62 = CARTESIAN_POINT ( 'NONE',  ( -1.269999999999999352, 0.000000000000000000, -0.5000000000000000000 ) ) ;
#63 = UNCERTAINTY_MEASURE_WITH_UNIT (LENGTH_MEASURE( 1.000000000000000082E-05 ), #1443, 'distance_accuracy_value', 'NONE');
#64 = PRESENTATION_STYLE_ASSIGNMENT (( #755 ) ) ;
#65 = ORIENTED_EDGE ( 'NONE', *, *, #3795, .T. ) ;
#66 =( NAMED_UNIT ( * ) SI_UNIT ( $, .STERADIAN. ) SOLID_ANGLE_UNIT ( ) );
#67 = VERTEX_POINT ( 'NONE', #3976 ) ;
#68 = CARTESIAN_POINT ( 'NONE',  ( -0.2799999999999990274, 0.9399999999999999467, 0.7999999999999999334 ) ) ;
#69 = CARTESIAN_POINT ( 'NONE',  ( -0.7099999999999994094, 0.000000000000000000, 0.4999999999999998890 ) ) ;
#70 = EDGE_CURVE ( 'NONE', #1241, #1700, #1069, .T. ) ;
#71 =( NAMED_UNIT ( * ) SI_UNIT ( $, .STERADIAN. ) SOLID_ANGLE_UNIT ( ) );
#72 = PRESENTATION_STYLE_ASSIGNMENT (( #3049 ) ) ;
#73 = PRESENTATION_STYLE_ASSIGNMENT (( #3340 ) ) ;
#74 = ORIENTED_EDGE ( 'NONE', *, *, #4050, .F. ) ;
#75 = CARTESIAN_POINT ( 'NONE',  ( 1.600000000000000977, -4.000000000000000000, 0.2550000000000000044 ) ) ;
#76 =( LENGTH_UNIT ( ) NAMED_UNIT ( * ) SI_UNIT ( .MILLI., .METRE. ) );
#77 = PLANE ( 'NONE',  #1516 ) ;
#78 = VERTEX_POINT ( 'NONE', #69 ) ;
#79 =( NAMED_UNIT ( * ) SI_UNIT ( $, .STERADIAN. ) SOLID_ANGLE_UNIT ( ) );
#80 = ORIENTED_EDGE ( 'NONE', *, *, #214, .T. ) ;
#81 = PRESENTATION_STYLE_ASSIGNMENT (( #2443 ) ) ;
#82 = EDGE_CURVE ( 'NONE', #3498, #491, #1737, .T. ) ;
#83 = ORIENTED_EDGE ( 'NONE', *, *, #510, .F. ) ;
#84 = SURFACE_STYLE_USAGE ( .BOTH. , #1119 ) ;
#85 = LINE ( 'NONE', #2043, #4120 ) ;
#86 = SURFACE_STYLE_FILL_AREA ( #690 ) ;
#87 = CARTESIAN_POINT ( 'NONE',  ( 0.2800000000000008593, 0.000000000000000000, 0.7999999999999999334 ) ) ;
#88 = PRESENTATION_LAYER_ASSIGNMENT (  '', '', ( #1417 ) ) ;
#89 = EDGE_CURVE ( 'NONE', #4214, #3740, #2364, .T. ) ;
#90 = DIRECTION ( 'NONE',  ( 1.000000000000000000, 0.000000000000000000, 1.936075308009828431E-16 ) ) ;
#91 =( NAMED_UNIT ( * ) SI_UNIT ( $, .STERADIAN. ) SOLID_ANGLE_UNIT ( ) );
#92 = FILL_AREA_STYLE_COLOUR ( '', #3125 ) ;
#93 = VECTOR ( 'NONE', #1177, 1000.000000000000000 ) ;
#94 = ORIENTED_EDGE ( 'NONE', *, *, #2508, .F. ) ;
#95 = PLANE ( 'NONE',  #1372 ) ;
#96 = VECTOR ( 'NONE', #1179, 1000.000000000000000 ) ;
#97 = COLOUR_RGB ( '',0.7529411764705882248, 0.7529411764705882248, 0.7529411764705882248 ) ;
#98 = PRESENTATION_LAYER_ASSIGNMENT (  '', '', ( #3757 ) ) ;
#99 = EDGE_CURVE ( 'NONE', #712, #2288, #1775, .T. ) ;
#100 = EDGE_LOOP ( 'NONE', ( #1031, #2691, #3738, #1836 ) ) ;
#101 = STYLED_ITEM ( 'NONE', ( #3242 ), #3388 ) ;
#102 = PRESENTATION_LAYER_ASSIGNMENT (  '', '', ( #2458 ) ) ;
#103 = UNCERTAINTY_MEASURE_WITH_UNIT (LENGTH_MEASURE( 1.000000000000000082E-05 ), #1356, 'distance_accuracy_value', 'NONE');
#104 = ORIENTED_EDGE ( 'NONE', *, *, #3262, .F. ) ;
#105 = COLOUR_RGB ( '',0.7529411764705882248, 0.7529411764705882248, 0.7529411764705882248 ) ;
#106 = FILL_AREA_STYLE ('',( #4084 ) ) ;
#107 = STYLED_ITEM ( 'NONE', ( #2468 ), #2819 ) ;
#108 = ORIENTED_EDGE ( 'NONE', *, *, #1980, .F. ) ;
#109 =( GEOMETRIC_REPRESENTATION_CONTEXT ( 3 ) GLOBAL_UNCERTAINTY_ASSIGNED_CONTEXT ( ( #269 ) ) GLOBAL_UNIT_ASSIGNED_CONTEXT ( ( #3765, #1780, #71 ) ) REPRESENTATION_CONTEXT ( 'NONE', 'WORKASPACE' ) );
#110 = FACE_OUTER_BOUND ( 'NONE', #4005, .T. ) ;
#111 =( NAMED_UNIT ( * ) PLANE_ANGLE_UNIT ( ) SI_UNIT ( $, .RADIAN. ) );
#112 = EDGE_CURVE ( 'NONE', #2852, #2854, #2695, .T. ) ;
#113 = FACE_OUTER_BOUND ( 'NONE', #1188, .T. ) ;
#114 = VECTOR ( 'NONE', #411, 1000.000000000000000 ) ;
#115 = FILL_AREA_STYLE ('',( #1425 ) ) ;
#116 = COLOUR_RGB ( '',0.7529411764705882248, 0.7529411764705882248, 0.7529411764705882248 ) ;
#117 = FACE_OUTER_BOUND ( 'NONE', #771, .T. ) ;
#118 = AXIS2_PLACEMENT_3D ( 'NONE', #1019, #4237, #960 ) ;
#119 = DIRECTION ( 'NONE',  ( 0.000000000000000000, 0.000000000000000000, 1.000000000000000000 ) ) ;
#120 = CARTESIAN_POINT ( 'NONE',  ( -0.7099999999999994094, -4.000000000000000000, -0.7999999999999999334 ) ) ;
#121 = DIRECTION ( 'NONE',  ( -1.000000000000000000, 0.000000000000000000, 1.936075308009829417E-16 ) ) ;
#122 = DIRECTION ( 'NONE',  ( 0.000000000000000000, 0.000000000000000000, 1.000000000000000000 ) ) ;
#123 = ORIENTED_EDGE ( 'NONE', *, *, #4191, .F. ) ;
#124 = LINE ( 'NONE', #3435, #268 ) ;
#125 = CARTESIAN_POINT ( 'NONE',  ( -1.269999999999999352, 0.000000000000000000, -0.5000000000000000000 ) ) ;
#126 = CARTESIAN_POINT ( 'NONE',  ( 1.600000000000000977, 0.9399999999999999467, 0.2550000000000000044 ) ) ;
#127 = VECTOR ( 'NONE', #3913, 1000.000000000000000 ) ;
#128 = VECTOR ( 'NONE', #615, 1000.000000000000000 ) ;
#129 = PLANE ( 'NONE',  #677 ) ;
#130 = CARTESIAN_POINT ( 'NONE',  ( 1.300000000000000933, 0.9399999999999999467, -0.2550000000000000044 ) ) ;
#131 = ORIENTED_EDGE ( 'NONE', *, *, #3870, .F. ) ;
#132 = SURFACE_STYLE_FILL_AREA ( #2800 ) ;
#133 = ORIENTED_EDGE ( 'NONE', *, *, #1523, .F. ) ;
#134 = VECTOR ( 'NONE', #1276, 1000.000000000000000 ) ;
#135 = CARTESIAN_POINT ( 'NONE',  ( -0.7099999999999994094, 0.9399999999999999467, -0.7999999999999999334 ) ) ;
#136 = SURFACE_SIDE_STYLE ('',( #495 ) ) ;
#137 = LINE ( 'NONE', #3048, #263 ) ;
#138 =( LENGTH_UNIT ( ) NAMED_UNIT ( * ) SI_UNIT ( .MILLI., .METRE. ) );
#139 = LINE ( 'NONE', #4071, #3416 ) ;
#140 = VERTEX_POINT ( 'NONE', #4019 ) ;
#141 = FACE_OUTER_BOUND ( 'NONE', #3936, .T. ) ;
#142 = DIRECTION ( 'NONE',  ( 1.000000000000000000, 0.000000000000000000, -0.000000000000000000 ) ) ;
#143 = VERTEX_POINT ( 'NONE', #2325 ) ;
#144 = ADVANCED_FACE ( 'NONE', ( #714 ), #3999, .F. ) ;
#145 = SURFACE_STYLE_USAGE ( .BOTH. , #3473 ) ;
#146 = PRESENTATION_STYLE_ASSIGNMENT (( #2997 ) ) ;
#147 =( NAMED_UNIT ( * ) SI_UNIT ( $, .STERADIAN. ) SOLID_ANGLE_UNIT ( ) );
#148 = FACE_OUTER_BOUND ( 'NONE', #2169, .T. ) ;
#149 = ADVANCED_FACE ( 'NONE', ( #113 ), #3382, .T. ) ;
#150 = SURFACE_SIDE_STYLE ('',( #2439 ) ) ;
#151 = ORIENTED_EDGE ( 'NONE', *, *, #1980, .T. ) ;
#152 = ORIENTED_EDGE ( 'NONE', *, *, #1108, .F. ) ;
#153 = DIRECTION ( 'NONE',  ( 0.000000000000000000, 1.000000000000000000, 0.000000000000000000 ) ) ;
#154 = FILL_AREA_STYLE_COLOUR ( '', #3291 ) ;
#155 = DIRECTION ( 'NONE',  ( -0.000000000000000000, 0.000000000000000000, 1.000000000000000000 ) ) ;
#156 = VECTOR ( 'NONE', #654, 1000.000000000000000 ) ;
#157 = SURFACE_STYLE_USAGE ( .BOTH. , #3779 ) ;
#158 = EDGE_CURVE ( 'NONE', #4107, #640, #1121, .T. ) ;
#159 = VECTOR ( 'NONE', #340, 1000.000000000000000 ) ;
#160 = CARTESIAN_POINT ( 'NONE',  ( 0.7100000000000011857, 0.9399999999999999467, 0.7999999999999999334 ) ) ;
#161 = LINE ( 'NONE', #1192, #4241 ) ;
#162 = ORIENTED_EDGE ( 'NONE', *, *, #759, .F. ) ;
#163 = FILL_AREA_STYLE_COLOUR ( '', #1299 ) ;
#164 = SURFACE_STYLE_FILL_AREA ( #2526 ) ;
#165 = LINE ( 'NONE', #787, #1406 ) ;
#166 = VERTEX_POINT ( 'NONE', #2187 ) ;
#167 =( NAMED_UNIT ( * ) PLANE_ANGLE_UNIT ( ) SI_UNIT ( $, .RADIAN. ) );
#168 = DIRECTION ( 'NONE',  ( -1.000000000000000000, -0.000000000000000000, -0.000000000000000000 ) ) ;
#169 = CARTESIAN_POINT ( 'NONE',  ( 0.7100000000000009637, 0.9399999999999999467, 0.5000000000000000000 ) ) ;
#170 = LINE ( 'NONE', #4032, #1503 ) ;
#171 = EDGE_CURVE ( 'NONE', #574, #2663, #3503, .T. ) ;
#172 = STYLED_ITEM ( 'NONE', ( #3598 ), #1965 ) ;
#173 = ORIENTED_EDGE ( 'NONE', *, *, #940, .T. ) ;
#174 = STYLED_ITEM ( 'NONE', ( #2794 ), #3020 ) ;
#175 = VECTOR ( 'NONE', #2076, 1000.000000000000000 ) ;
#176 = PLANE ( 'NONE',  #3832 ) ;
#177 = EDGE_LOOP ( 'NONE', ( #8, #4060, #1889, #273 ) ) ;
#178 =( GEOMETRIC_REPRESENTATION_CONTEXT ( 3 ) GLOBAL_UNCERTAINTY_ASSIGNED_CONTEXT ( ( #912 ) ) GLOBAL_UNIT_ASSIGNED_CONTEXT ( ( #1074, #748, #2853 ) ) REPRESENTATION_CONTEXT ( 'NONE', 'WORKASPACE' ) );
#179 =( GEOMETRIC_REPRESENTATION_CONTEXT ( 3 ) GLOBAL_UNCERTAINTY_ASSIGNED_CONTEXT ( ( #2355 ) ) GLOBAL_UNIT_ASSIGNED_CONTEXT ( ( #1839, #2748, #91 ) ) REPRESENTATION_CONTEXT ( 'NONE', 'WORKASPACE' ) );
#180 = VERTEX_POINT ( 'NONE', #3455 ) ;
#181 = DIRECTION ( 'NONE',  ( 0.000000000000000000, -0.000000000000000000, 1.000000000000000000 ) ) ;
#182 = FILL_AREA_STYLE ('',( #3139 ) ) ;
#183 = PRESENTATION_LAYER_ASSIGNMENT (  '', '', ( #1718 ) ) ;
#184 = DIRECTION ( 'NONE',  ( 0.000000000000000000, 1.000000000000000000, 0.000000000000000000 ) ) ;
#185 = VECTOR ( 'NONE', #3348, 1000.000000000000000 ) ;
#186 = FILL_AREA_STYLE_COLOUR ( '', #1585 ) ;
#187 = PRESENTATION_LAYER_ASSIGNMENT (  '', '', ( #3903 ) ) ;
#188 =( GEOMETRIC_REPRESENTATION_CONTEXT ( 3 ) GLOBAL_UNCERTAINTY_ASSIGNED_CONTEXT ( ( #2403 ) ) GLOBAL_UNIT_ASSIGNED_CONTEXT ( ( #3774, #2083, #3088 ) ) REPRESENTATION_CONTEXT ( 'NONE', 'WORKASPACE' ) );
#189 = CARTESIAN_POINT ( 'NONE',  ( 1.270000000000001128, 0.000000000000000000, -0.7999999999999999334 ) ) ;
#190 = MECHANICAL_DESIGN_GEOMETRIC_PRESENTATION_REPRESENTATION (  '', ( #3361 ), #2822 ) ;
#191 = ORIENTED_EDGE ( 'NONE', *, *, #3171, .F. ) ;
#192 = DIRECTION ( 'NONE',  ( -0.000000000000000000, -0.000000000000000000, -1.000000000000000000 ) ) ;
#193 =( GEOMETRIC_REPRESENTATION_CONTEXT ( 3 ) GLOBAL_UNCERTAINTY_ASSIGNED_CONTEXT ( ( #552 ) ) GLOBAL_UNIT_ASSIGNED_CONTEXT ( ( #3097, #111, #1066 ) ) REPRESENTATION_CONTEXT ( 'NONE', 'WORKASPACE' ) );
#194 = ORIENTED_EDGE ( 'NONE', *, *, #2910, .F. ) ;
#195 = CARTESIAN_POINT ( 'NONE',  ( -0.2799999999999990274, 0.9399999999999999467, -0.7999999999999999334 ) ) ;
#196 =( NAMED_UNIT ( * ) PLANE_ANGLE_UNIT ( ) SI_UNIT ( $, .RADIAN. ) );
#197 = CARTESIAN_POINT ( 'NONE',  ( -1.269999999999999352, 0.000000000000000000, -0.5000000000000000000 ) ) ;
#198 =( GEOMETRIC_REPRESENTATION_CONTEXT ( 3 ) GLOBAL_UNCERTAINTY_ASSIGNED_CONTEXT ( ( #1509 ) ) GLOBAL_UNIT_ASSIGNED_CONTEXT ( ( #4087, #1773, #1065 ) ) REPRESENTATION_CONTEXT ( 'NONE', 'WORKASPACE' ) );
#199 = DIRECTION ( 'NONE',  ( 0.000000000000000000, 1.000000000000000000, 0.000000000000000000 ) ) ;
#200 = PRESENTATION_LAYER_ASSIGNMENT (  '', '', ( #2062 ) ) ;
#201 =( NAMED_UNIT ( * ) SI_UNIT ( $, .STERADIAN. ) SOLID_ANGLE_UNIT ( ) );
#202 = ORIENTED_EDGE ( 'NONE', *, *, #531, .T. ) ;
#203 = EDGE_CURVE ( 'NONE', #817, #2818, #4122, .T. ) ;
#204 = LINE ( 'NONE', #1540, #3083 ) ;
#205 = CARTESIAN_POINT ( 'NONE',  ( 0.2800000000000008593, 0.9399999999999999467, -0.7999999999999999334 ) ) ;
#206 = UNCERTAINTY_MEASURE_WITH_UNIT (LENGTH_MEASURE( 1.000000000000000082E-05 ), #1162, 'distance_accuracy_value', 'NONE');
#207 = ORIENTED_EDGE ( 'NONE', *, *, #1746, .F. ) ;
#208 = EDGE_LOOP ( 'NONE', ( #2213, #2031, #2891, #4190 ) ) ;
#209 = EDGE_CURVE ( 'NONE', #2080, #3751, #2503, .T. ) ;
#210 = DIRECTION ( 'NONE',  ( -0.000000000000000000, 0.000000000000000000, -1.000000000000000000 ) ) ;
#211 = CARTESIAN_POINT ( 'NONE',  ( -1.269999999999999352, 0.9399999999999999467, -0.5000000000000000000 ) ) ;
#212 = CARTESIAN_POINT ( 'NONE',  ( 0.2800000000000008593, 0.9399999999999999467, 0.4999999999999998890 ) ) ;
#213 = FILL_AREA_STYLE ('',( #2914 ) ) ;
#214 = EDGE_CURVE ( 'NONE', #2818, #2801, #3808, .T. ) ;
#215 = CARTESIAN_POINT ( 'NONE',  ( -0.7099999999999994094, 0.000000000000000000, -0.7999999999999999334 ) ) ;
#216 = EDGE_LOOP ( 'NONE', ( #324, #3988, #4252, #173 ) ) ;
#217 =( NAMED_UNIT ( * ) SI_UNIT ( $, .STERADIAN. ) SOLID_ANGLE_UNIT ( ) );
#218 = COLOUR_RGB ( '',1.000000000000000000, 1.000000000000000000, 1.000000000000000000 ) ;
#219 = FILL_AREA_STYLE_COLOUR ( '', #1339 ) ;
#220 = ORIENTED_EDGE ( 'NONE', *, *, #171, .F. ) ;
#221 = DIRECTION ( 'NONE',  ( 1.000000000000000000, 0.000000000000000000, 0.000000000000000000 ) ) ;
#222 = SURFACE_STYLE_FILL_AREA ( #3881 ) ;
#223 = DIRECTION ( 'NONE',  ( 0.000000000000000000, 0.000000000000000000, -1.000000000000000000 ) ) ;
#224 = CARTESIAN_POINT ( 'NONE',  ( 0.000000000000000000, 0.000000000000000000, 0.000000000000000000 ) ) ;
#225 = PLANE ( 'NONE',  #2250 ) ;
#226 = ORIENTED_EDGE ( 'NONE', *, *, #3393, .F. ) ;
#227 = UNCERTAINTY_MEASURE_WITH_UNIT (LENGTH_MEASURE( 1.000000000000000082E-05 ), #2462, 'distance_accuracy_value', 'NONE');
#228 = PRESENTATION_STYLE_ASSIGNMENT (( #1625 ) ) ;
#229 = ORIENTED_EDGE ( 'NONE', *, *, #3968, .F. ) ;
#230 = LINE ( 'NONE', #2173, #3013 ) ;
#231 = PRESENTATION_STYLE_ASSIGNMENT (( #1564 ) ) ;
#232 = PRESENTATION_STYLE_ASSIGNMENT (( #3253 ) ) ;
#233 = EDGE_CURVE ( 'NONE', #3740, #3534, #1198, .T. ) ;
#234 = STYLED_ITEM ( 'NONE', ( #3032 ), #984 ) ;
#235 = CARTESIAN_POINT ( 'NONE',  ( 0.1388232159864901949, 0.8399999999999999689, 0.2800000000000000266 ) ) ;
#236 = EDGE_LOOP ( 'NONE', ( #3798, #709, #1603, #3871 ) ) ;
#237 = FACE_OUTER_BOUND ( 'NONE', #1835, .T. ) ;
#238 = STYLED_ITEM ( 'NONE', ( #786 ), #1204 ) ;
#239 = ORIENTED_EDGE ( 'NONE', *, *, #2795, .F. ) ;
#240 = FILL_AREA_STYLE_COLOUR ( '', #332 ) ;
#241 = CARTESIAN_POINT ( 'NONE',  ( 1.300000000000000933, 0.9399999999999999467, -0.2550000000000000044 ) ) ;
#242 = DIRECTION ( 'NONE',  ( -0.000000000000000000, -1.000000000000000000, -0.000000000000000000 ) ) ;
#243 = DIRECTION ( 'NONE',  ( -0.000000000000000000, 0.000000000000000000, -1.000000000000000000 ) ) ;
#244 = UNCERTAINTY_MEASURE_WITH_UNIT (LENGTH_MEASURE( 1.000000000000000082E-05 ), #1271, 'distance_accuracy_value', 'NONE');
#245 = VECTOR ( 'NONE', #1916, 1000.000000000000000 ) ;
#246 = VERTEX_POINT ( 'NONE', #467 ) ;
#247 = LINE ( 'NONE', #3549, #245 ) ;
#248 = EDGE_CURVE ( 'NONE', #2922, #3153, #124, .T. ) ;
#249 = VERTEX_POINT ( 'NONE', #1129 ) ;
#250 = MECHANICAL_DESIGN_GEOMETRIC_PRESENTATION_REPRESENTATION (  '', ( #2116 ), #2661 ) ;
#251 = CARTESIAN_POINT ( 'NONE',  ( 0.2800000000000008593, -4.000000000000000000, 0.7999999999999999334 ) ) ;
#252 = PRESENTATION_STYLE_ASSIGNMENT (( #4205 ) ) ;
#253 = PLANE ( 'NONE',  #3595 ) ;
#254 = PRESENTATION_LAYER_ASSIGNMENT (  '', '', ( #512 ) ) ;
#255 = PLANE ( 'NONE',  #1435 ) ;
#256 =( GEOMETRIC_REPRESENTATION_CONTEXT ( 3 ) GLOBAL_UNCERTAINTY_ASSIGNED_CONTEXT ( ( #2251 ) ) GLOBAL_UNIT_ASSIGNED_CONTEXT ( ( #2899, #1550, #4213 ) ) REPRESENTATION_CONTEXT ( 'NONE', 'WORKASPACE' ) );
#257 = EDGE_CURVE ( 'NONE', #427, #3451, #1873, .T. ) ;
#258 = DIRECTION ( 'NONE',  ( 1.000000000000000000, -0.000000000000000000, -0.000000000000000000 ) ) ;
#259 = CARTESIAN_POINT ( 'NONE',  ( 0.1388232159864901949, 0.9399999999999999467, -0.2800000000000000266 ) ) ;
#260 = MECHANICAL_DESIGN_GEOMETRIC_PRESENTATION_REPRESENTATION (  '', ( #4116 ), #2604 ) ;
#261 =( NAMED_UNIT ( * ) SI_UNIT ( $, .STERADIAN. ) SOLID_ANGLE_UNIT ( ) );
#262 = ORIENTED_EDGE ( 'NONE', *, *, #2160, .T. ) ;
#263 = VECTOR ( 'NONE', #1823, 1000.000000000000000 ) ;
#264 = SURFACE_SIDE_STYLE ('',( #2592 ) ) ;
#265 = FACE_OUTER_BOUND ( 'NONE', #2256, .T. ) ;
#266 = VECTOR ( 'NONE', #30, 1000.000000000000000 ) ;
#267 = ORIENTED_EDGE ( 'NONE', *, *, #3600, .T. ) ;
#268 = VECTOR ( 'NONE', #485, 1000.000000000000000 ) ;
#269 = UNCERTAINTY_MEASURE_WITH_UNIT (LENGTH_MEASURE( 1.000000000000000082E-05 ), #3765, 'distance_accuracy_value', 'NONE');
#270 = SURFACE_STYLE_USAGE ( .BOTH. , #1935 ) ;
#271 = EDGE_CURVE ( 'NONE', #1626, #166, #2483, .T. ) ;
#272 = LINE ( 'NONE', #2842, #2743 ) ;
#273 = ORIENTED_EDGE ( 'NONE', *, *, #2315, .F. ) ;
#274 = CARTESIAN_POINT ( 'NONE',  ( 0.2800000000000008593, 0.000000000000000000, 0.000000000000000000 ) ) ;
#275 = PRESENTATION_STYLE_ASSIGNMENT (( #917 ) ) ;
#276 = SURFACE_SIDE_STYLE ('',( #3237 ) ) ;
#277 = FILL_AREA_STYLE ('',( #3238 ) ) ;
#278 = SURFACE_SIDE_STYLE ('',( #1261 ) ) ;
#279 = PLANE ( 'NONE',  #2060 ) ;
#280 = LINE ( 'NONE', #3213, #580 ) ;
#281 = DIRECTION ( 'NONE',  ( 0.000000000000000000, 1.000000000000000000, 0.000000000000000000 ) ) ;
#282 = PRESENTATION_STYLE_ASSIGNMENT (( #3615 ) ) ;
#283 = PLANE ( 'NONE',  #2831 ) ;
#284 = SURFACE_STYLE_USAGE ( .BOTH. , #1575 ) ;
#285 = CARTESIAN_POINT ( 'NONE',  ( 1.600000000000000977, 0.000000000000000000, -0.2550000000000000044 ) ) ;
#286 = EDGE_CURVE ( 'NONE', #684, #1275, #1532, .T. ) ;
#287 = DIRECTION ( 'NONE',  ( 0.000000000000000000, 1.000000000000000000, 0.000000000000000000 ) ) ;
#288 =( NAMED_UNIT ( * ) SI_UNIT ( $, .STERADIAN. ) SOLID_ANGLE_UNIT ( ) );
#289 = ADVANCED_FACE ( 'NONE', ( #3731 ), #95, .T. ) ;
#290 = CARTESIAN_POINT ( 'NONE',  ( -0.2799999999999990274, 0.000000000000000000, 0.7999999999999999334 ) ) ;
#291 = SURFACE_SIDE_STYLE ('',( #3189 ) ) ;
#292 = LINE ( 'NONE', #1714, #1659 ) ;
#293 = CARTESIAN_POINT ( 'NONE',  ( -1.300000000000000933, 0.9399999999999999467, 0.2550000000000000044 ) ) ;
#294 = LINE ( 'NONE', #2611, #1102 ) ;
#295 = ADVANCED_FACE ( 'NONE', ( #1439 ), #1506, .T. ) ;
#296 = LINE ( 'NONE', #2569, #669 ) ;
#297 = LINE ( 'NONE', #3836, #651 ) ;
#298 = CARTESIAN_POINT ( 'NONE',  ( -1.269999999999999352, 0.9399999999999999467, 0.5000000000000000000 ) ) ;
#299 = DIRECTION ( 'NONE',  ( 0.000000000000000000, 0.000000000000000000, 1.000000000000000000 ) ) ;
#300 = COLOUR_RGB ( '',0.7529411764705882248, 0.7529411764705882248, 0.7529411764705882248 ) ;
#301 = ORIENTED_EDGE ( 'NONE', *, *, #271, .F. ) ;
#302 = AXIS2_PLACEMENT_3D ( 'NONE', #708, #3672, #3308 ) ;
#303 = ADVANCED_FACE ( 'NONE', ( #2901 ), #283, .F. ) ;
#304 =( LENGTH_UNIT ( ) NAMED_UNIT ( * ) SI_UNIT ( .MILLI., .METRE. ) );
#305 = EDGE_LOOP ( 'NONE', ( #556, #833, #1572, #687 ) ) ;
#306 = COLOUR_RGB ( '',0.7529411764705882248, 0.7529411764705882248, 0.7529411764705882248 ) ;
#307 = ORIENTED_EDGE ( 'NONE', *, *, #2265, .T. ) ;
#308 = CARTESIAN_POINT ( 'NONE',  ( 0.2800000000000008593, 0.9399999999999999467, 0.4999999999999998890 ) ) ;
#309 = LINE ( 'NONE', #3288, #1061 ) ;
#310 = COLOUR_RGB ( '',0.7529411764705882248, 0.7529411764705882248, 0.7529411764705882248 ) ;
#311 = CARTESIAN_POINT ( 'NONE',  ( -0.7099999999999994094, 0.9399999999999999467, 0.7999999999999999334 ) ) ;
#312 = COLOUR_RGB ( '',0.7529411764705882248, 0.7529411764705882248, 0.7529411764705882248 ) ;
#313 = CARTESIAN_POINT ( 'NONE',  ( 1.168823215986490194, 0.8399999999999999689, -0.2800000000000000266 ) ) ;
#314 = COLOUR_RGB ( '',0.7921568627450980005, 0.8196078431372548767, 0.9333333333333333481 ) ;
#315 = LINE ( 'NONE', #1617, #1668 ) ;
#316 = EDGE_CURVE ( 'NONE', #2422, #958, #3525, .T. ) ;
#317 = DIRECTION ( 'NONE',  ( -1.936075308009829417E-16, 0.000000000000000000, 1.000000000000000000 ) ) ;
#318 =( GEOMETRIC_REPRESENTATION_CONTEXT ( 3 ) GLOBAL_UNCERTAINTY_ASSIGNED_CONTEXT ( ( #3885 ) ) GLOBAL_UNIT_ASSIGNED_CONTEXT ( ( #2387, #55, #1383 ) ) REPRESENTATION_CONTEXT ( 'NONE', 'WORKASPACE' ) );
#319 = STYLED_ITEM ( 'NONE', ( #232 ), #2639 ) ;
#320 = FILL_AREA_STYLE_COLOUR ( '', #733 ) ;
#321 = DIRECTION ( 'NONE',  ( -7.228014483236698528E-16, 0.000000000000000000, 1.000000000000000000 ) ) ;
#322 = STYLED_ITEM ( 'NONE', ( #667 ), #2740 ) ;
#323 = FILL_AREA_STYLE_COLOUR ( '', #2118 ) ;
#324 = ORIENTED_EDGE ( 'NONE', *, *, #3078, .T. ) ;
#325 = CARTESIAN_POINT ( 'NONE',  ( 0.7100000000000009637, -4.000000000000000000, -0.5000000000000000000 ) ) ;
#326 = PRODUCT ( 'BFCN-5100+', 'BFCN-5100+', '', ( #1294 ) ) ;
#327 =( GEOMETRIC_REPRESENTATION_CONTEXT ( 3 ) GLOBAL_UNCERTAINTY_ASSIGNED_CONTEXT ( ( #357 ) ) GLOBAL_UNIT_ASSIGNED_CONTEXT ( ( #1113, #863, #1487 ) ) REPRESENTATION_CONTEXT ( 'NONE', 'WORKASPACE' ) );
#328 = EDGE_CURVE ( 'NONE', #645, #2041, #4215, .T. ) ;
#329 = CARTESIAN_POINT ( 'NONE',  ( 1.270000000000001128, 0.9399999999999999467, -0.7999999999999999334 ) ) ;
#330 = SURFACE_SIDE_STYLE ('',( #1955 ) ) ;
#331 = ORIENTED_EDGE ( 'NONE', *, *, #2153, .F. ) ;
#332 = COLOUR_RGB ( '',0.7529411764705882248, 0.7529411764705882248, 0.7529411764705882248 ) ;
#333 = ORIENTED_EDGE ( 'NONE', *, *, #1480, .F. ) ;
#334 = SURFACE_SIDE_STYLE ('',( #1316 ) ) ;
#335 = SURFACE_STYLE_FILL_AREA ( #351 ) ;
#336 = VERTEX_POINT ( 'NONE', #3195 ) ;
#337 = SURFACE_STYLE_USAGE ( .BOTH. , #1982 ) ;
#338 = EDGE_CURVE ( 'NONE', #2852, #2663, #2590, .T. ) ;
#339 = CARTESIAN_POINT ( 'NONE',  ( 1.600000000000001199, 0.9399999999999999467, -0.8000000000000001554 ) ) ;
#340 = DIRECTION ( 'NONE',  ( 0.000000000000000000, 0.000000000000000000, 1.000000000000000000 ) ) ;
#341 =( NAMED_UNIT ( * ) SI_UNIT ( $, .STERADIAN. ) SOLID_ANGLE_UNIT ( ) );
#342 = EDGE_LOOP ( 'NONE', ( #4014, #1734, #1137, #637, #1500, #3328, #3080, #162, #2620, #3996, #2900, #1953, #1912, #3024, #2408, #3174, #3033, #2536, #1673, #1529, #1587, #2373, #504, #4134, #1389, #915, #3372, #525, #4011, #3342, #756, #4007, #3422, #3367, #1166, #74 ) ) ;
#343 = FACE_OUTER_BOUND ( 'NONE', #3523, .T. ) ;
#344 = FILL_AREA_STYLE_COLOUR ( '', #2294 ) ;
#345 = DIRECTION ( 'NONE',  ( 1.000000000000000000, 0.000000000000000000, 1.936075308009828431E-16 ) ) ;
#346 = EDGE_CURVE ( 'NONE', #427, #931, #1946, .T. ) ;
#347 = PLANE ( 'NONE',  #3271 ) ;
#348 = ORIENTED_EDGE ( 'NONE', *, *, #1437, .F. ) ;
#349 = VERTEX_POINT ( 'NONE', #3258 ) ;
#350 = CARTESIAN_POINT ( 'NONE',  ( -1.269999999999999352, 0.9399999999999999467, -0.5000000000000000000 ) ) ;
#351 = FILL_AREA_STYLE ('',( #1978 ) ) ;
#352 = EDGE_CURVE ( 'NONE', #914, #3791, #296, .T. ) ;
#353 = FACE_OUTER_BOUND ( 'NONE', #2962, .T. ) ;
#354 = LINE ( 'NONE', #3916, #2131 ) ;
#355 = SURFACE_STYLE_FILL_AREA ( #2367 ) ;
#356 = LINE ( 'NONE', #1386, #3414 ) ;
#357 = UNCERTAINTY_MEASURE_WITH_UNIT (LENGTH_MEASURE( 1.000000000000000082E-05 ), #1113, 'distance_accuracy_value', 'NONE');
#358 = CARTESIAN_POINT ( 'NONE',  ( 1.600000000000000977, 0.000000000000000000, 0.2550000000000000044 ) ) ;
#359 = FILL_AREA_STYLE ('',( #3319 ) ) ;
#360 =( NAMED_UNIT ( * ) SI_UNIT ( $, .STERADIAN. ) SOLID_ANGLE_UNIT ( ) );
#361 = MECHANICAL_DESIGN_GEOMETRIC_PRESENTATION_REPRESENTATION (  '', ( #1897 ), #1693 ) ;
#362 = ORIENTED_EDGE ( 'NONE', *, *, #3668, .F. ) ;
#363 = PRESENTATION_LAYER_ASSIGNMENT (  '', '', ( #2170 ) ) ;
#364 = DIRECTION ( 'NONE',  ( -1.000000000000000000, 0.000000000000000000, 1.936075308009829417E-16 ) ) ;
#365 = PRESENTATION_STYLE_ASSIGNMENT (( #1445 ) ) ;
#366 = ORIENTED_EDGE ( 'NONE', *, *, #3286, .F. ) ;
#367 = VECTOR ( 'NONE', #896, 1000.000000000000000 ) ;
#368 = VERTEX_POINT ( 'NONE', #926 ) ;
#369 = VECTOR ( 'NONE', #2960, 1000.000000000000000 ) ;
#370 = DIRECTION ( 'NONE',  ( 1.000000000000000000, 0.000000000000000000, -0.000000000000000000 ) ) ;
#371 = VECTOR ( 'NONE', #299, 1000.000000000000000 ) ;
#372 =( NAMED_UNIT ( * ) PLANE_ANGLE_UNIT ( ) SI_UNIT ( $, .RADIAN. ) );
#373 = MECHANICAL_DESIGN_GEOMETRIC_PRESENTATION_REPRESENTATION (  '', ( #3228 ), #2886 ) ;
#374 = EDGE_CURVE ( 'NONE', #1745, #2844, #1636, .T. ) ;
#375 = PRESENTATION_LAYER_ASSIGNMENT (  '', '', ( #2523 ) ) ;
#376 = FACE_OUTER_BOUND ( 'NONE', #3396, .T. ) ;
#377 = FILL_AREA_STYLE ('',( #186 ) ) ;
#378 = MECHANICAL_DESIGN_GEOMETRIC_PRESENTATION_REPRESENTATION (  '', ( #1427 ), #2994 ) ;
#379 = CARTESIAN_POINT ( 'NONE',  ( 1.168823215986490194, 0.8399999999999999689, -0.2800000000000000266 ) ) ;
#380 = MECHANICAL_DESIGN_GEOMETRIC_PRESENTATION_REPRESENTATION (  '', ( #2879 ), #3824 ) ;
#381 = ORIENTED_EDGE ( 'NONE', *, *, #3520, .T. ) ;
#382 =( GEOMETRIC_REPRESENTATION_CONTEXT ( 3 ) GLOBAL_UNCERTAINTY_ASSIGNED_CONTEXT ( ( #3249 ) ) GLOBAL_UNIT_ASSIGNED_CONTEXT ( ( #2327, #1692, #32 ) ) REPRESENTATION_CONTEXT ( 'NONE', 'WORKASPACE' ) );
#383 = COLOUR_RGB ( '',0.7529411764705882248, 0.7529411764705882248, 0.7529411764705882248 ) ;
#384 = SURFACE_STYLE_FILL_AREA ( #2622 ) ;
#385 = VECTOR ( 'NONE', #1181, 1000.000000000000000 ) ;
#386 =( NAMED_UNIT ( * ) PLANE_ANGLE_UNIT ( ) SI_UNIT ( $, .RADIAN. ) );
#387 = SURFACE_STYLE_USAGE ( .BOTH. , #3325 ) ;
#388 = ORIENTED_EDGE ( 'NONE', *, *, #328, .F. ) ;
#389 = FILL_AREA_STYLE ('',( #3607 ) ) ;
#390 = MECHANICAL_DESIGN_GEOMETRIC_PRESENTATION_REPRESENTATION (  '', ( #3233 ), #2951 ) ;
#391 = VERTEX_POINT ( 'NONE', #3835 ) ;
#392 = PRESENTATION_LAYER_ASSIGNMENT (  '', '', ( #2134 ) ) ;
#393 = CARTESIAN_POINT ( 'NONE',  ( -1.269999999999999130, 0.000000000000000000, 0.7999999999999999334 ) ) ;
#394 =( GEOMETRIC_REPRESENTATION_CONTEXT ( 3 ) GLOBAL_UNCERTAINTY_ASSIGNED_CONTEXT ( ( #4201 ) ) GLOBAL_UNIT_ASSIGNED_CONTEXT ( ( #2517, #3518, #2291 ) ) REPRESENTATION_CONTEXT ( 'NONE', 'WORKASPACE' ) );
#395 =( NAMED_UNIT ( * ) SI_UNIT ( $, .STERADIAN. ) SOLID_ANGLE_UNIT ( ) );
#396 = CARTESIAN_POINT ( 'NONE',  ( 0.1388232159864901949, 0.8399999999999999689, -0.2800000000000000266 ) ) ;
#397 = DIRECTION ( 'NONE',  ( 1.000000000000000000, 0.000000000000000000, -0.000000000000000000 ) ) ;
#398 = DIRECTION ( 'NONE',  ( -0.000000000000000000, 1.000000000000000000, -0.000000000000000000 ) ) ;
#399 = SURFACE_STYLE_USAGE ( .BOTH. , #2457 ) ;
#400 = PLANE ( 'NONE',  #2233 ) ;
#401 = ORIENTED_EDGE ( 'NONE', *, *, #1114, .T. ) ;
#402 = FILL_AREA_STYLE_COLOUR ( '', #3057 ) ;
#403 = FACE_OUTER_BOUND ( 'NONE', #2790, .T. ) ;
#404 = EDGE_CURVE ( 'NONE', #249, #4080, #3915, .T. ) ;
#405 = UNCERTAINTY_MEASURE_WITH_UNIT (LENGTH_MEASURE( 1.000000000000000082E-05 ), #1566, 'distance_accuracy_value', 'NONE');
#406 = ORIENTED_EDGE ( 'NONE', *, *, #2216, .T. ) ;
#407 = DIRECTION ( 'NONE',  ( 1.000000000000000000, -0.000000000000000000, 1.936075308009829417E-16 ) ) ;
#408 = EDGE_CURVE ( 'NONE', #2288, #813, #1219, .T. ) ;
#409 = VERTEX_POINT ( 'NONE', #3616 ) ;
#410 = FILL_AREA_STYLE_COLOUR ( '', #3084 ) ;
#411 = DIRECTION ( 'NONE',  ( 1.000000000000000000, 0.000000000000000000, 0.000000000000000000 ) ) ;
#412 = SURFACE_STYLE_FILL_AREA ( #4018 ) ;
#413 = FILL_AREA_STYLE_COLOUR ( '', #2135 ) ;
#414 = CARTESIAN_POINT ( 'NONE',  ( 0.7100000000000011857, 0.000000000000000000, -0.7999999999999999334 ) ) ;
#415 = PLANE ( 'NONE',  #3942 ) ;
#416 = ADVANCED_FACE ( 'NONE', ( #10 ), #3297, .F. ) ;
#417 = CARTESIAN_POINT ( 'NONE',  ( 0.1388232159864901949, 0.8399999999999999689, -0.2800000000000000266 ) ) ;
#418 = CARTESIAN_POINT ( 'NONE',  ( 0.7100000000000009637, 0.000000000000000000, 0.5000000000000000000 ) ) ;
#419 = PLANE ( 'NONE',  #4110 ) ;
#420 = LINE ( 'NONE', #4055, #4232 ) ;
#421 = ORIENTED_EDGE ( 'NONE', *, *, #1936, .F. ) ;
#422 = SURFACE_SIDE_STYLE ('',( #1486 ) ) ;
#423 = ORIENTED_EDGE ( 'NONE', *, *, #158, .T. ) ;
#424 =( GEOMETRIC_REPRESENTATION_CONTEXT ( 3 ) GLOBAL_UNCERTAINTY_ASSIGNED_CONTEXT ( ( #1567 ) ) GLOBAL_UNIT_ASSIGNED_CONTEXT ( ( #76, #2309, #1082 ) ) REPRESENTATION_CONTEXT ( 'NONE', 'WORKASPACE' ) );
#425 = ADVANCED_FACE ( 'NONE', ( #353 ), #2955, .F. ) ;
#426 = FILL_AREA_STYLE ('',( #3353 ) ) ;
#427 = VERTEX_POINT ( 'NONE', #3682 ) ;
#428 = CARTESIAN_POINT ( 'NONE',  ( 0.2800000000000008593, 0.9399999999999999467, -0.4999999999999998890 ) ) ;
#429 = VERTEX_POINT ( 'NONE', #717 ) ;
#430 = CARTESIAN_POINT ( 'NONE',  ( 0.7100000000000011857, 0.000000000000000000, 0.7999999999999999334 ) ) ;
#431 =( NAMED_UNIT ( * ) PLANE_ANGLE_UNIT ( ) SI_UNIT ( $, .RADIAN. ) );
#432 = AXIS2_PLACEMENT_3D ( 'NONE', #3513, #472, #617 ) ;
#433 = PRESENTATION_STYLE_ASSIGNMENT (( #4047 ) ) ;
#434 = EDGE_CURVE ( 'NONE', #2128, #1997, #2051, .T. ) ;
#435 = LINE ( 'NONE', #2746, #3280 ) ;
#436 = STYLED_ITEM ( 'NONE', ( #3011 ), #1999 ) ;
#437 = FILL_AREA_STYLE ('',( #3452 ) ) ;
#438 =( NAMED_UNIT ( * ) PLANE_ANGLE_UNIT ( ) SI_UNIT ( $, .RADIAN. ) );
#439 = LINE ( 'NONE', #3770, #2644 ) ;
#440 = VECTOR ( 'NONE', #1477, 1000.000000000000000 ) ;
#441 = ORIENTED_EDGE ( 'NONE', *, *, #1867, .F. ) ;
#442 = SURFACE_STYLE_FILL_AREA ( #834 ) ;
#443 = LINE ( 'NONE', #1790, #2306 ) ;
#444 = VECTOR ( 'NONE', #1029, 1000.000000000000000 ) ;
#445 = SURFACE_STYLE_USAGE ( .BOTH. , #422 ) ;
#446 = AXIS2_PLACEMENT_3D ( 'NONE', #3400, #3707, #1755 ) ;
#447 = AXIS2_PLACEMENT_3D ( 'NONE', #4224, #2925, #3818 ) ;
#448 = UNCERTAINTY_MEASURE_WITH_UNIT (LENGTH_MEASURE( 1.000000000000000082E-05 ), #3457, 'distance_accuracy_value', 'NONE');
#449 =( NAMED_UNIT ( * ) SI_UNIT ( $, .STERADIAN. ) SOLID_ANGLE_UNIT ( ) );
#450 = DIRECTION ( 'NONE',  ( -0.000000000000000000, -0.000000000000000000, -1.000000000000000000 ) ) ;
#451 = VERTEX_POINT ( 'NONE', #4023 ) ;
#452 = COLOUR_RGB ( '',0.7529411764705882248, 0.7529411764705882248, 0.7529411764705882248 ) ;
#453 = SURFACE_SIDE_STYLE ('',( #776 ) ) ;
#454 = PRESENTATION_LAYER_ASSIGNMENT (  '', '', ( #1789 ) ) ;
#455 = ORIENTED_EDGE ( 'NONE', *, *, #3520, .F. ) ;
#456 = MECHANICAL_DESIGN_GEOMETRIC_PRESENTATION_REPRESENTATION (  '', ( #1862 ), #1168 ) ;
#457 = SURFACE_STYLE_FILL_AREA ( #3931 ) ;
#458 = VECTOR ( 'NONE', #1864, 1000.000000000000000 ) ;
#459 = DIRECTION ( 'NONE',  ( 0.000000000000000000, 0.000000000000000000, 1.000000000000000000 ) ) ;
#460 = ADVANCED_FACE ( 'NONE', ( #4263 ), #1321, .F. ) ;
#461 = VECTOR ( 'NONE', #854, 1000.000000000000000 ) ;
#462 = LINE ( 'NONE', #1146, #2261 ) ;
#463 = DIRECTION ( 'NONE',  ( 1.000000000000000000, 0.000000000000000000, 0.000000000000000000 ) ) ;
#464 = ORIENTED_EDGE ( 'NONE', *, *, #408, .F. ) ;
#465 = DIRECTION ( 'NONE',  ( 0.000000000000000000, -0.000000000000000000, 1.000000000000000000 ) ) ;
#466 = ORIENTED_EDGE ( 'NONE', *, *, #4220, .T. ) ;
#467 = CARTESIAN_POINT ( 'NONE',  ( -1.269999999999999130, 0.000000000000000000, 0.7999999999999999334 ) ) ;
#468 = LINE ( 'NONE', #4146, #1349 ) ;
#469 = DIRECTION ( 'NONE',  ( 1.000000000000000000, 0.000000000000000000, 0.000000000000000000 ) ) ;
#470 = AXIS2_PLACEMENT_3D ( 'NONE', #1208, #3517, #210 ) ;
#471 = PLANE ( 'NONE',  #1662 ) ;
#472 = DIRECTION ( 'NONE',  ( 0.000000000000000000, 0.000000000000000000, 1.000000000000000000 ) ) ;
#473 = ORIENTED_EDGE ( 'NONE', *, *, #2910, .T. ) ;
#474 = ADVANCED_FACE ( 'NONE', ( #1140 ), #1818, .T. ) ;
#475 = ORIENTED_EDGE ( 'NONE', *, *, #3243, .F. ) ;
#476 = VECTOR ( 'NONE', #3269, 1000.000000000000000 ) ;
#477 = DIRECTION ( 'NONE',  ( -1.000000000000000000, 0.000000000000000000, 0.000000000000000000 ) ) ;
#478 = PLANE ( 'NONE',  #758 ) ;
#479 = EDGE_CURVE ( 'NONE', #4111, #738, #3138, .T. ) ;
#480 = LINE ( 'NONE', #1148, #1581 ) ;
#481 = VERTEX_POINT ( 'NONE', #2070 ) ;
#482 = DIRECTION ( 'NONE',  ( -1.000000000000000000, -0.000000000000000000, 1.936075308009828431E-16 ) ) ;
#483 = FACE_OUTER_BOUND ( 'NONE', #3656, .T. ) ;
#484 = VERTEX_POINT ( 'NONE', #430 ) ;
#485 = DIRECTION ( 'NONE',  ( 1.000000000000000000, 0.000000000000000000, 1.936075308009829170E-16 ) ) ;
#486 =( NAMED_UNIT ( * ) PLANE_ANGLE_UNIT ( ) SI_UNIT ( $, .RADIAN. ) );
#487 = UNCERTAINTY_MEASURE_WITH_UNIT (LENGTH_MEASURE( 1.000000000000000082E-05 ), #3561, 'distance_accuracy_value', 'NONE');
#488 = ORIENTED_EDGE ( 'NONE', *, *, #3078, .F. ) ;
#489 = SURFACE_SIDE_STYLE ('',( #2820 ) ) ;
#490 = PRESENTATION_STYLE_ASSIGNMENT (( #1858 ) ) ;
#491 = VERTEX_POINT ( 'NONE', #2137 ) ;
#492 = PRESENTATION_LAYER_ASSIGNMENT (  '', '', ( #234 ) ) ;
#493 = ORIENTED_EDGE ( 'NONE', *, *, #1670, .F. ) ;
#494 = CARTESIAN_POINT ( 'NONE',  ( -1.300000000000000933, 0.000000000000000000, 0.2550000000000000044 ) ) ;
#495 = SURFACE_STYLE_FILL_AREA ( #4089 ) ;
#496 = AXIS2_PLACEMENT_3D ( 'NONE', #1051, #3938, #681 ) ;
#497 = PRESENTATION_STYLE_ASSIGNMENT (( #3012 ) ) ;
#498 = SURFACE_STYLE_FILL_AREA ( #4158 ) ;
#499 = PRESENTATION_LAYER_ASSIGNMENT (  '', '', ( #1763 ) ) ;
#500 = LINE ( 'NONE', #1103, #995 ) ;
#501 = ORIENTED_EDGE ( 'NONE', *, *, #1132, .F. ) ;
#502 = SURFACE_STYLE_USAGE ( .BOTH. , #1501 ) ;
#503 = EDGE_CURVE ( 'NONE', #3567, #817, #3116, .T. ) ;
#504 = ORIENTED_EDGE ( 'NONE', *, *, #3912, .F. ) ;
#505 = CARTESIAN_POINT ( 'NONE',  ( -1.269999999999999352, -4.000000000000000000, 0.5000000000000000000 ) ) ;
#506 = PRESENTATION_LAYER_ASSIGNMENT (  '', '', ( #3686 ) ) ;
#507 = CARTESIAN_POINT ( 'NONE',  ( -0.2799999999999990274, 0.000000000000000000, 0.7999999999999999334 ) ) ;
#508 = DIRECTION ( 'NONE',  ( 0.000000000000000000, -0.000000000000000000, 1.000000000000000000 ) ) ;
#509 = DIRECTION ( 'NONE',  ( 0.000000000000000000, 1.000000000000000000, -0.000000000000000000 ) ) ;
#510 = EDGE_CURVE ( 'NONE', #768, #1139, #4112, .T. ) ;
#511 = ORIENTED_EDGE ( 'NONE', *, *, #1631, .F. ) ;
#512 = STYLED_ITEM ( 'NONE', ( #2636 ), #3126 ) ;
#513 = FILL_AREA_STYLE ('',( #683 ) ) ;
#514 = ORIENTED_EDGE ( 'NONE', *, *, #1214, .F. ) ;
#515 = DIRECTION ( 'NONE',  ( 0.000000000000000000, 0.000000000000000000, 1.000000000000000000 ) ) ;
#516 = FILL_AREA_STYLE_COLOUR ( '', #2708 ) ;
#517 = DIRECTION ( 'NONE',  ( 0.000000000000000000, 1.000000000000000000, 0.000000000000000000 ) ) ;
#518 = PRESENTATION_LAYER_ASSIGNMENT (  '', '', ( #3228 ) ) ;
#519 = FACE_OUTER_BOUND ( 'NONE', #3459, .T. ) ;
#520 = PLANE ( 'NONE',  #1291 ) ;
#521 = ORIENTED_EDGE ( 'NONE', *, *, #203, .F. ) ;
#522 = PRESENTATION_LAYER_ASSIGNMENT (  '', '', ( #2544 ) ) ;
#523 = CARTESIAN_POINT ( 'NONE',  ( 1.600000000000000977, 0.9399999999999999467, -0.2550000000000000044 ) ) ;
#524 = VECTOR ( 'NONE', #3293, 1000.000000000000000 ) ;
#525 = ORIENTED_EDGE ( 'NONE', *, *, #1533, .F. ) ;
#526 = CARTESIAN_POINT ( 'NONE',  ( -1.599999999999999423, 0.9399999999999999467, 0.7999999999999999334 ) ) ;
#527 = DIRECTION ( 'NONE',  ( -1.000000000000000000, 0.000000000000000000, 7.228014483236698528E-16 ) ) ;
#528 = MECHANICAL_DESIGN_GEOMETRIC_PRESENTATION_REPRESENTATION (  '', ( #601 ), #1095 ) ;
#529 =( GEOMETRIC_REPRESENTATION_CONTEXT ( 3 ) GLOBAL_UNCERTAINTY_ASSIGNED_CONTEXT ( ( #2511 ) ) GLOBAL_UNIT_ASSIGNED_CONTEXT ( ( #558, #843, #2157 ) ) REPRESENTATION_CONTEXT ( 'NONE', 'WORKASPACE' ) );
#530 = ORIENTED_EDGE ( 'NONE', *, *, #2065, .T. ) ;
#531 = EDGE_CURVE ( 'NONE', #78, #1645, #1421, .T. ) ;
#532 = STYLED_ITEM ( 'NONE', ( #1071 ), #425 ) ;
#533 = SURFACE_STYLE_FILL_AREA ( #606 ) ;
#534 = AXIS2_PLACEMENT_3D ( 'NONE', #3760, #2138, #3488 ) ;
#535 = EDGE_LOOP ( 'NONE', ( #423, #2552, #1582, #842 ) ) ;
#536 = PRESENTATION_STYLE_ASSIGNMENT (( #3799 ) ) ;
#537 = DIRECTION ( 'NONE',  ( -0.000000000000000000, -1.000000000000000000, -0.000000000000000000 ) ) ;
#538 = FILL_AREA_STYLE_COLOUR ( '', #97 ) ;
#539 = UNCERTAINTY_MEASURE_WITH_UNIT (LENGTH_MEASURE( 1.000000000000000082E-05 ), #981, 'distance_accuracy_value', 'NONE');
#540 = CARTESIAN_POINT ( 'NONE',  ( -0.2799999999999995826, 0.000000000000000000, -2.023844055306272560E-16 ) ) ;
#541 = ORIENTED_EDGE ( 'NONE', *, *, #3887, .F. ) ;
#542 = DIRECTION ( 'NONE',  ( 0.000000000000000000, 0.000000000000000000, -1.000000000000000000 ) ) ;
#543 =( GEOMETRIC_REPRESENTATION_CONTEXT ( 3 ) GLOBAL_UNCERTAINTY_ASSIGNED_CONTEXT ( ( #1366 ) ) GLOBAL_UNIT_ASSIGNED_CONTEXT ( ( #806, #1820, #3118 ) ) REPRESENTATION_CONTEXT ( 'NONE', 'WORKASPACE' ) );
#544 = ORIENTED_EDGE ( 'NONE', *, *, #214, .F. ) ;
#545 = DIRECTION ( 'NONE',  ( -1.000000000000000000, -0.000000000000000000, -0.000000000000000000 ) ) ;
#546 = ADVANCED_FACE ( 'NONE', ( #110 ), #1454, .F. ) ;
#547 =( NAMED_UNIT ( * ) SI_UNIT ( $, .STERADIAN. ) SOLID_ANGLE_UNIT ( ) );
#548 = CARTESIAN_POINT ( 'NONE',  ( -1.599999999999999423, 0.9399999999999999467, 0.7999999999999999334 ) ) ;
#549 = CARTESIAN_POINT ( 'NONE',  ( 1.300000000000000933, 0.9399999999999999467, -0.2550000000000000044 ) ) ;
#550 = DIRECTION ( 'NONE',  ( 1.000000000000000000, 0.000000000000000000, 0.000000000000000000 ) ) ;
#551 = EDGE_LOOP ( 'NONE', ( #3268, #1918, #4083, #3797 ) ) ;
#552 = UNCERTAINTY_MEASURE_WITH_UNIT (LENGTH_MEASURE( 1.000000000000000082E-05 ), #3097, 'distance_accuracy_value', 'NONE');
#553 = DIRECTION ( 'NONE',  ( 0.000000000000000000, 0.000000000000000000, -1.000000000000000000 ) ) ;
#554 = SURFACE_STYLE_USAGE ( .BOTH. , #2600 ) ;
#555 = EDGE_CURVE ( 'NONE', #4080, #3498, #230, .T. ) ;
#556 = ORIENTED_EDGE ( 'NONE', *, *, #1054, .F. ) ;
#557 = CARTESIAN_POINT ( 'NONE',  ( -1.269999999999999352, 0.000000000000000000, -0.5000000000000000000 ) ) ;
#558 =( LENGTH_UNIT ( ) NAMED_UNIT ( * ) SI_UNIT ( .MILLI., .METRE. ) );
#559 = DIRECTION ( 'NONE',  ( -1.000000000000000000, 0.000000000000000000, 1.936075308009828431E-16 ) ) ;
#560 = SURFACE_STYLE_USAGE ( .BOTH. , #1547 ) ;
#561 = STYLED_ITEM ( 'NONE', ( #1032 ), #1123 ) ;
#562 = LINE ( 'NONE', #4161, #1966 ) ;
#563 = ORIENTED_EDGE ( 'NONE', *, *, #2399, .F. ) ;
#564 = CARTESIAN_POINT ( 'NONE',  ( 1.270000000000001128, 0.9399999999999999467, 0.7999999999999999334 ) ) ;
#565 = COLOUR_RGB ( '',0.7529411764705882248, 0.7529411764705882248, 0.7529411764705882248 ) ;
#566 = VERTEX_POINT ( 'NONE', #4138 ) ;
#567 = PRESENTATION_STYLE_ASSIGNMENT (( #284 ) ) ;
#568 =( LENGTH_UNIT ( ) NAMED_UNIT ( * ) SI_UNIT ( .MILLI., .METRE. ) );
#569 = DIRECTION ( 'NONE',  ( 0.000000000000000000, 1.000000000000000000, 0.000000000000000000 ) ) ;
#570 = STYLED_ITEM ( 'NONE', ( #275 ), #1441 ) ;
#571 = LINE ( 'NONE', #1556, #2806 ) ;
#572 = UNCERTAINTY_MEASURE_WITH_UNIT (LENGTH_MEASURE( 1.000000000000000082E-05 ), #2939, 'distance_accuracy_value', 'NONE');
#573 =( GEOMETRIC_REPRESENTATION_CONTEXT ( 3 ) GLOBAL_UNCERTAINTY_ASSIGNED_CONTEXT ( ( #572 ) ) GLOBAL_UNIT_ASSIGNED_CONTEXT ( ( #2939, #3205, #3531 ) ) REPRESENTATION_CONTEXT ( 'NONE', 'WORKASPACE' ) );
#574 = VERTEX_POINT ( 'NONE', #1562 ) ;
#575 = CARTESIAN_POINT ( 'NONE',  ( -1.300000000000000933, 0.9399999999999999467, 0.2550000000000000044 ) ) ;
#576 = VECTOR ( 'NONE', #199, 1000.000000000000000 ) ;
#577 = SURFACE_STYLE_FILL_AREA ( #1288 ) ;
#578 = ORIENTED_EDGE ( 'NONE', *, *, #338, .T. ) ;
#579 = ORIENTED_EDGE ( 'NONE', *, *, #3980, .F. ) ;
#580 = VECTOR ( 'NONE', #2587, 1000.000000000000000 ) ;
#581 = FILL_AREA_STYLE_COLOUR ( '', #4168 ) ;
#582 = PLANE ( 'NONE',  #2333 ) ;
#583 =( NAMED_UNIT ( * ) PLANE_ANGLE_UNIT ( ) SI_UNIT ( $, .RADIAN. ) );
#584 = CARTESIAN_POINT ( 'NONE',  ( -1.600000000000000977, 0.000000000000000000, -0.2550000000000000044 ) ) ;
#585 = VECTOR ( 'NONE', #2546, 1000.000000000000000 ) ;
#586 =( NAMED_UNIT ( * ) PLANE_ANGLE_UNIT ( ) SI_UNIT ( $, .RADIAN. ) );
#587 = PRESENTATION_LAYER_ASSIGNMENT (  '', '', ( #101 ) ) ;
#588 = FILL_AREA_STYLE ('',( #3876 ) ) ;
#589 = SURFACE_SIDE_STYLE ('',( #3557 ) ) ;
#590 = EDGE_CURVE ( 'NONE', #972, #3720, #2867, .T. ) ;
#591 =( NAMED_UNIT ( * ) SI_UNIT ( $, .STERADIAN. ) SOLID_ANGLE_UNIT ( ) );
#592 = CARTESIAN_POINT ( 'NONE',  ( -1.599999999999999423, 0.9399999999999999467, -0.8000000000000001554 ) ) ;
#593 = PLANE ( 'NONE',  #772 ) ;
#594 =( NAMED_UNIT ( * ) SI_UNIT ( $, .STERADIAN. ) SOLID_ANGLE_UNIT ( ) );
#595 = PRESENTATION_LAYER_ASSIGNMENT (  '', '', ( #3767 ) ) ;
#596 =( NAMED_UNIT ( * ) PLANE_ANGLE_UNIT ( ) SI_UNIT ( $, .RADIAN. ) );
#597 = SURFACE_STYLE_FILL_AREA ( #2882 ) ;
#598 = EDGE_CURVE ( 'NONE', #760, #2419, #2829, .T. ) ;
#599 = VECTOR ( 'NONE', #762, 1000.000000000000000 ) ;
#600 = PRESENTATION_LAYER_ASSIGNMENT (  '', '', ( #2545 ) ) ;
#601 = STYLED_ITEM ( 'NONE', ( #2072 ), #61 ) ;
#602 = UNCERTAINTY_MEASURE_WITH_UNIT (LENGTH_MEASURE( 1.000000000000000082E-05 ), #1194, 'distance_accuracy_value', 'NONE');
#603 = PLANE ( 'NONE',  #3814 ) ;
#604 =( LENGTH_UNIT ( ) NAMED_UNIT ( * ) SI_UNIT ( .MILLI., .METRE. ) );
#605 = PRESENTATION_LAYER_ASSIGNMENT (  '', '', ( #3975 ) ) ;
#606 = FILL_AREA_STYLE ('',( #2576 ) ) ;
#607 = ORIENTED_EDGE ( 'NONE', *, *, #1533, .T. ) ;
#608 = EDGE_CURVE ( 'NONE', #2780, #246, #1863, .T. ) ;
#609 = DIRECTION ( 'NONE',  ( 1.000000000000000000, 0.000000000000000000, -0.000000000000000000 ) ) ;
#610 = CARTESIAN_POINT ( 'NONE',  ( -0.7099999999999994094, 0.000000000000000000, -0.7999999999999999334 ) ) ;
#611 = SURFACE_SIDE_STYLE ('',( #2627 ) ) ;
#612 = ORIENTED_EDGE ( 'NONE', *, *, #1894, .F. ) ;
#613 = DIRECTION ( 'NONE',  ( -7.228014483236698528E-16, 0.000000000000000000, 1.000000000000000000 ) ) ;
#614 = ADVANCED_FACE ( 'NONE', ( #2973 ), #2017, .T. ) ;
#615 = DIRECTION ( 'NONE',  ( -1.000000000000000000, 0.000000000000000000, 0.000000000000000000 ) ) ;
#616 = CARTESIAN_POINT ( 'NONE',  ( 1.300000000000000933, 0.9399999999999999467, 0.2550000000000000044 ) ) ;
#617 = DIRECTION ( 'NONE',  ( 1.000000000000000000, 0.000000000000000000, -0.000000000000000000 ) ) ;
#618 = SURFACE_SIDE_STYLE ('',( #384 ) ) ;
#619 = ORIENTED_EDGE ( 'NONE', *, *, #827, .F. ) ;
#620 = EDGE_CURVE ( 'NONE', #3851, #78, #2667, .T. ) ;
#621 = DIRECTION ( 'NONE',  ( 1.000000000000000000, 0.000000000000000000, 0.000000000000000000 ) ) ;
#622 = CARTESIAN_POINT ( 'NONE',  ( -0.7099999999999994094, 0.000000000000000000, -0.7999999999999999334 ) ) ;
#623 = DIRECTION ( 'NONE',  ( 1.000000000000000000, 0.000000000000000000, 1.936075308009829170E-16 ) ) ;
#624 = FACE_OUTER_BOUND ( 'NONE', #208, .T. ) ;
#625 = VECTOR ( 'NONE', #537, 1000.000000000000000 ) ;
#626 = CARTESIAN_POINT ( 'NONE',  ( 1.270000000000001128, 0.000000000000000000, -0.4999999999999998890 ) ) ;
#627 = LINE ( 'NONE', #2934, #2539 ) ;
#628 = DIRECTION ( 'NONE',  ( -1.000000000000000000, 0.000000000000000000, 0.000000000000000000 ) ) ;
#629 =( GEOMETRIC_REPRESENTATION_CONTEXT ( 3 ) GLOBAL_UNCERTAINTY_ASSIGNED_CONTEXT ( ( #2497 ) ) GLOBAL_UNIT_ASSIGNED_CONTEXT ( ( #3337, #3317, #3010 ) ) REPRESENTATION_CONTEXT ( 'NONE', 'WORKASPACE' ) );
#630 = ADVANCED_FACE ( 'NONE', ( #732 ), #2688, .F. ) ;
#631 = ORIENTED_EDGE ( 'NONE', *, *, #3399, .F. ) ;
#632 = STYLED_ITEM ( 'NONE', ( #4149 ), #1514 ) ;
#633 = EDGE_CURVE ( 'NONE', #3665, #1468, #1414, .T. ) ;
#634 = MECHANICAL_DESIGN_GEOMETRIC_PRESENTATION_REPRESENTATION (  '', ( #1417 ), #4174 ) ;
#635 = LINE ( 'NONE', #4204, #2371 ) ;
#636 = VECTOR ( 'NONE', #1131, 1000.000000000000000 ) ;
#637 = ORIENTED_EDGE ( 'NONE', *, *, #4178, .F. ) ;
#638 = FILL_AREA_STYLE ('',( #2976 ) ) ;
#639 = EDGE_CURVE ( 'NONE', #3451, #985, #1087, .T. ) ;
#640 = VERTEX_POINT ( 'NONE', #3716 ) ;
#641 = DIRECTION ( 'NONE',  ( 0.000000000000000000, 0.000000000000000000, -1.000000000000000000 ) ) ;
#642 = VECTOR ( 'NONE', #3193, 1000.000000000000000 ) ;
#643 = VECTOR ( 'NONE', #1211, 1000.000000000000000 ) ;
#644 = SURFACE_STYLE_USAGE ( .BOTH. , #1398 ) ;
#645 = VERTEX_POINT ( 'NONE', #1767 ) ;
#646 = PLANE ( 'NONE',  #3564 ) ;
#647 =( GEOMETRIC_REPRESENTATION_CONTEXT ( 3 ) GLOBAL_UNCERTAINTY_ASSIGNED_CONTEXT ( ( #862 ) ) GLOBAL_UNIT_ASSIGNED_CONTEXT ( ( #2093, #372, #4000 ) ) REPRESENTATION_CONTEXT ( 'NONE', 'WORKASPACE' ) );
#648 = AXIS2_PLACEMENT_3D ( 'NONE', #1062, #2625, #2378 ) ;
#649 =( LENGTH_UNIT ( ) NAMED_UNIT ( * ) SI_UNIT ( .MILLI., .METRE. ) );
#650 = EDGE_CURVE ( 'NONE', #3115, #2419, #664, .T. ) ;
#651 = VECTOR ( 'NONE', #907, 1000.000000000000000 ) ;
#652 = UNCERTAINTY_MEASURE_WITH_UNIT (LENGTH_MEASURE( 1.000000000000000082E-05 ), #2512, 'distance_accuracy_value', 'NONE');
#653 = DIRECTION ( 'NONE',  ( 0.000000000000000000, 1.000000000000000000, -0.000000000000000000 ) ) ;
#654 = DIRECTION ( 'NONE',  ( 7.228014483236698528E-16, 0.000000000000000000, 1.000000000000000000 ) ) ;
#655 = MECHANICAL_DESIGN_GEOMETRIC_PRESENTATION_REPRESENTATION (  '', ( #1592 ), #2889 ) ;
#656 = ORIENTED_EDGE ( 'NONE', *, *, #2917, .T. ) ;
#657 = FILL_AREA_STYLE_COLOUR ( '', #1906 ) ;
#658 = AXIS2_PLACEMENT_3D ( 'NONE', #1120, #1819, #1455 ) ;
#659 = PLANE ( 'NONE',  #3004 ) ;
#660 = VECTOR ( 'NONE', #3159, 1000.000000000000000 ) ;
#661 = VECTOR ( 'NONE', #181, 1000.000000000000000 ) ;
#662 =( GEOMETRIC_REPRESENTATION_CONTEXT ( 3 ) GLOBAL_UNCERTAINTY_ASSIGNED_CONTEXT ( ( #1851 ) ) GLOBAL_UNIT_ASSIGNED_CONTEXT ( ( #3772, #167, #3154 ) ) REPRESENTATION_CONTEXT ( 'NONE', 'WORKASPACE' ) );
#663 = ADVANCED_FACE ( 'NONE', ( #2109 ), #471, .T. ) ;
#664 = LINE ( 'NONE', #1994, #1798 ) ;
#665 = FILL_AREA_STYLE ('',( #581 ) ) ;
#666 = ORIENTED_EDGE ( 'NONE', *, *, #1001, .F. ) ;
#667 = PRESENTATION_STYLE_ASSIGNMENT (( #1733 ) ) ;
#668 = ORIENTED_EDGE ( 'NONE', *, *, #3262, .T. ) ;
#669 = VECTOR ( 'NONE', #3880, 1000.000000000000000 ) ;
#670 = FILL_AREA_STYLE ('',( #3611 ) ) ;
#671 = SURFACE_SIDE_STYLE ('',( #3027 ) ) ;
#672 = PRESENTATION_LAYER_ASSIGNMENT (  '', '', ( #4059 ) ) ;
#673 = FILL_AREA_STYLE_COLOUR ( '', #3172 ) ;
#674 = DIRECTION ( 'NONE',  ( -0.000000000000000000, 1.000000000000000000, -0.000000000000000000 ) ) ;
#675 = CARTESIAN_POINT ( 'NONE',  ( 0.000000000000000000, 0.9399999999999999467, 0.000000000000000000 ) ) ;
#676 = CARTESIAN_POINT ( 'NONE',  ( -0.7099999999999994094, 0.000000000000000000, -0.4999999999999998890 ) ) ;
#677 = AXIS2_PLACEMENT_3D ( 'NONE', #2774, #4081, #1136 ) ;
#678 = ORIENTED_EDGE ( 'NONE', *, *, #1039, .T. ) ;
#679 = MECHANICAL_DESIGN_GEOMETRIC_PRESENTATION_REPRESENTATION (  '', ( #3922 ), #1106 ) ;
#680 = DIRECTION ( 'NONE',  ( -0.000000000000000000, 1.000000000000000000, -0.000000000000000000 ) ) ;
#681 = DIRECTION ( 'NONE',  ( 1.000000000000000000, 0.000000000000000000, 1.936075308009829417E-16 ) ) ;
#682 = FACE_OUTER_BOUND ( 'NONE', #3926, .T. ) ;
#683 = FILL_AREA_STYLE_COLOUR ( '', #1284 ) ;
#684 = VERTEX_POINT ( 'NONE', #2438 ) ;
#685 = SURFACE_STYLE_USAGE ( .BOTH. , #1038 ) ;
#686 = EDGE_CURVE ( 'NONE', #924, #2801, #3775, .T. ) ;
#687 = ORIENTED_EDGE ( 'NONE', *, *, #3785, .T. ) ;
#688 = APPLICATION_CONTEXT ( 'automotive_design' ) ;
#689 = LINE ( 'NONE', #3005, #524 ) ;
#690 = FILL_AREA_STYLE ('',( #413 ) ) ;
#691 =( LENGTH_UNIT ( ) NAMED_UNIT ( * ) SI_UNIT ( .MILLI., .METRE. ) );
#692 =( LENGTH_UNIT ( ) NAMED_UNIT ( * ) SI_UNIT ( .MILLI., .METRE. ) );
#693 = DIRECTION ( 'NONE',  ( -7.228014483236698528E-16, 0.000000000000000000, 1.000000000000000000 ) ) ;
#694 = DIRECTION ( 'NONE',  ( 0.000000000000000000, 1.000000000000000000, 0.000000000000000000 ) ) ;
#695 = CARTESIAN_POINT ( 'NONE',  ( 0.7100000000000011857, 0.000000000000000000, 0.7999999999999999334 ) ) ;
#696 =( NAMED_UNIT ( * ) SI_UNIT ( $, .STERADIAN. ) SOLID_ANGLE_UNIT ( ) );
#697 = CARTESIAN_POINT ( 'NONE',  ( -0.7099999999999994094, 0.9399999999999999467, 0.7999999999999999334 ) ) ;
#698 = EDGE_LOOP ( 'NONE', ( #1675, #964, #3605, #3133 ) ) ;
#699 = CARTESIAN_POINT ( 'NONE',  ( 0.2800000000000008593, 0.000000000000000000, -0.4999999999999998890 ) ) ;
#700 = DIRECTION ( 'NONE',  ( 0.000000000000000000, 0.000000000000000000, -1.000000000000000000 ) ) ;
#701 =( GEOMETRIC_REPRESENTATION_CONTEXT ( 3 ) GLOBAL_UNCERTAINTY_ASSIGNED_CONTEXT ( ( #3190 ) ) GLOBAL_UNIT_ASSIGNED_CONTEXT ( ( #2970, #1391, #2703 ) ) REPRESENTATION_CONTEXT ( 'NONE', 'WORKASPACE' ) );
#702 = PLANE ( 'NONE',  #3892 ) ;
#703 = EDGE_LOOP ( 'NONE', ( #2823, #1531, #2568, #4261 ) ) ;
#704 = COLOUR_RGB ( '',0.7529411764705882248, 0.7529411764705882248, 0.7529411764705882248 ) ;
#705 = UNCERTAINTY_MEASURE_WITH_UNIT (LENGTH_MEASURE( 1.000000000000000082E-05 ), #1472, 'distance_accuracy_value', 'NONE');
#706 = FILL_AREA_STYLE ('',( #2434 ) ) ;
#707 = FILL_AREA_STYLE ('',( #2064 ) ) ;
#708 = CARTESIAN_POINT ( 'NONE',  ( 0.000000000000000000, 0.000000000000000000, 0.000000000000000000 ) ) ;
#709 = ORIENTED_EDGE ( 'NONE', *, *, #479, .T. ) ;
#710 = MECHANICAL_DESIGN_GEOMETRIC_PRESENTATION_REPRESENTATION (  '', ( #4017 ), #2650 ) ;
#711 = LINE ( 'NONE', #1351, #1300 ) ;
#712 = VERTEX_POINT ( 'NONE', #3440 ) ;
#713 = LINE ( 'NONE', #3380, #1369 ) ;
#714 = FACE_OUTER_BOUND ( 'NONE', #2105, .T. ) ;
#715 = MECHANICAL_DESIGN_GEOMETRIC_PRESENTATION_REPRESENTATION (  '', ( #2445 ), #2245 ) ;
#716 = PLANE ( 'NONE',  #2191 ) ;
#717 = CARTESIAN_POINT ( 'NONE',  ( 0.1388232159864901949, 0.9399999999999999467, 0.2800000000000000266 ) ) ;
#718 = DIRECTION ( 'NONE',  ( -1.000000000000000000, 0.000000000000000000, 1.936075308009829417E-16 ) ) ;
#719 = COLOUR_RGB ( '',0.7921568627450980005, 0.8196078431372548767, 0.9333333333333333481 ) ;
#720 = DIRECTION ( 'NONE',  ( -1.000000000000000000, 0.000000000000000000, -7.228014483236698528E-16 ) ) ;
#721 = EDGE_CURVE ( 'NONE', #1700, #4111, #204, .T. ) ;
#722 = SURFACE_SIDE_STYLE ('',( #1661 ) ) ;
#723 = STYLED_ITEM ( 'NONE', ( #3123 ), #3310 ) ;
#724 = STYLED_ITEM ( 'NONE', ( #73 ), #2548 ) ;
#725 = VERTEX_POINT ( 'NONE', #2840 ) ;
#726 = COLOUR_RGB ( '',1.000000000000000000, 1.000000000000000000, 1.000000000000000000 ) ;
#727 = PRESENTATION_STYLE_ASSIGNMENT (( #4006 ) ) ;
#728 = FILL_AREA_STYLE ('',( #1726 ) ) ;
#729 = ADVANCED_FACE ( 'NONE', ( #4148 ), #129, .F. ) ;
#730 = SURFACE_SIDE_STYLE ('',( #2754 ) ) ;
#731 = ORIENTED_EDGE ( 'NONE', *, *, #3071, .F. ) ;
#732 = FACE_OUTER_BOUND ( 'NONE', #4151, .T. ) ;
#733 = COLOUR_RGB ( '',1.000000000000000000, 1.000000000000000000, 1.000000000000000000 ) ;
#734 = ORIENTED_EDGE ( 'NONE', *, *, #3841, .F. ) ;
#735 = CARTESIAN_POINT ( 'NONE',  ( -1.269999999999999796, 0.000000000000000000, 9.179578393710605523E-16 ) ) ;
#736 = COLOUR_RGB ( '',1.000000000000000000, 1.000000000000000000, 1.000000000000000000 ) ;
#737 = EDGE_CURVE ( 'NONE', #2768, #2814, #3234, .T. ) ;
#738 = VERTEX_POINT ( 'NONE', #329 ) ;
#739 = STYLED_ITEM ( 'NONE', ( #365 ), #630 ) ;
#740 = CARTESIAN_POINT ( 'NONE',  ( 1.168823215986490194, 0.9399999999999999467, -0.2800000000000000266 ) ) ;
#741 = MECHANICAL_DESIGN_GEOMETRIC_PRESENTATION_REPRESENTATION (  '', ( #2062 ), #2762 ) ;
#742 = DIRECTION ( 'NONE',  ( -7.228014483236698528E-16, 0.000000000000000000, 1.000000000000000000 ) ) ;
#743 = SURFACE_STYLE_USAGE ( .BOTH. , #2741 ) ;
#744 = UNCERTAINTY_MEASURE_WITH_UNIT (LENGTH_MEASURE( 1.000000000000000082E-05 ), #1446, 'distance_accuracy_value', 'NONE');
#745 = DIRECTION ( 'NONE',  ( -0.000000000000000000, -0.000000000000000000, -1.000000000000000000 ) ) ;
#746 = LINE ( 'NONE', #1563, #777 ) ;
#747 = CARTESIAN_POINT ( 'NONE',  ( -0.2799999999999990274, 0.000000000000000000, -0.7999999999999999334 ) ) ;
#748 =( NAMED_UNIT ( * ) PLANE_ANGLE_UNIT ( ) SI_UNIT ( $, .RADIAN. ) );
#749 = EDGE_CURVE ( 'NONE', #2292, #1267, #2602, .T. ) ;
#750 = DIRECTION ( 'NONE',  ( -1.000000000000000000, 0.000000000000000000, 0.000000000000000000 ) ) ;
#751 = VERTEX_POINT ( 'NONE', #1610 ) ;
#752 = LINE ( 'NONE', #2989, #1145 ) ;
#753 = DIRECTION ( 'NONE',  ( 0.000000000000000000, 0.000000000000000000, -1.000000000000000000 ) ) ;
#754 = UNCERTAINTY_MEASURE_WITH_UNIT (LENGTH_MEASURE( 1.000000000000000082E-05 ), #2430, 'distance_accuracy_value', 'NONE');
#755 = SURFACE_STYLE_USAGE ( .BOTH. , #2341 ) ;
#756 = ORIENTED_EDGE ( 'NONE', *, *, #479, .F. ) ;
#757 = CARTESIAN_POINT ( 'NONE',  ( -0.2799999999999991940, 0.9399999999999999467, -0.5000000000000000000 ) ) ;
#758 = AXIS2_PLACEMENT_3D ( 'NONE', #2869, #155, #1495 ) ;
#759 = EDGE_CURVE ( 'NONE', #2854, #905, #1313, .T. ) ;
#760 = VERTEX_POINT ( 'NONE', #2257 ) ;
#761 = SURFACE_SIDE_STYLE ('',( #826 ) ) ;
#762 = DIRECTION ( 'NONE',  ( 7.228014483236698528E-16, -0.000000000000000000, 1.000000000000000000 ) ) ;
#763 = SURFACE_SIDE_STYLE ('',( #4046 ) ) ;
#764 = SURFACE_STYLE_FILL_AREA ( #3099 ) ;
#765 = LINE ( 'NONE', #557, #2929 ) ;
#766 = DIRECTION ( 'NONE',  ( -0.000000000000000000, 1.000000000000000000, -0.000000000000000000 ) ) ;
#767 =( NAMED_UNIT ( * ) SI_UNIT ( $, .STERADIAN. ) SOLID_ANGLE_UNIT ( ) );
#768 = VERTEX_POINT ( 'NONE', #308 ) ;
#769 = DIRECTION ( 'NONE',  ( 0.000000000000000000, 1.000000000000000000, 0.000000000000000000 ) ) ;
#770 = FILL_AREA_STYLE_COLOUR ( '', #1236 ) ;
#771 = EDGE_LOOP ( 'NONE', ( #4029, #25, #2501, #2172 ) ) ;
#772 = AXIS2_PLACEMENT_3D ( 'NONE', #4231, #2481, #2787 ) ;
#773 = CARTESIAN_POINT ( 'NONE',  ( 1.168823215986490194, 0.8399999999999999689, -0.2800000000000000266 ) ) ;
#774 = EDGE_CURVE ( 'NONE', #1319, #2922, #1648, .T. ) ;
#775 = VERTEX_POINT ( 'NONE', #290 ) ;
#776 = SURFACE_STYLE_FILL_AREA ( #3739 ) ;
#777 = VECTOR ( 'NONE', #2414, 1000.000000000000000 ) ;
#778 = ORIENTED_EDGE ( 'NONE', *, *, #3870, .T. ) ;
#779 =( NAMED_UNIT ( * ) SI_UNIT ( $, .STERADIAN. ) SOLID_ANGLE_UNIT ( ) );
#780 = DIRECTION ( 'NONE',  ( -1.000000000000000000, 0.000000000000000000, -0.000000000000000000 ) ) ;
#781 = EDGE_CURVE ( 'NONE', #2885, #2993, #3908, .T. ) ;
#782 = DIRECTION ( 'NONE',  ( 0.000000000000000000, 1.000000000000000000, 0.000000000000000000 ) ) ;
#783 = VECTOR ( 'NONE', #2253, 1000.000000000000000 ) ;
#784 = CARTESIAN_POINT ( 'NONE',  ( -0.7099999999999994094, 0.000000000000000000, 0.7999999999999999334 ) ) ;
#785 = LINE ( 'NONE', #2161, #1153 ) ;
#786 = PRESENTATION_STYLE_ASSIGNMENT (( #4073 ) ) ;
#787 = CARTESIAN_POINT ( 'NONE',  ( 1.168823215986490194, 0.9399999999999999467, 0.2800000000000000266 ) ) ;
#788 = VECTOR ( 'NONE', #1944, 1000.000000000000000 ) ;
#789 = ORIENTED_EDGE ( 'NONE', *, *, #49, .F. ) ;
#790 = CARTESIAN_POINT ( 'NONE',  ( 1.270000000000001128, 0.000000000000000000, 0.7999999999999999334 ) ) ;
#791 = SURFACE_STYLE_FILL_AREA ( #706 ) ;
#792 = FACE_OUTER_BOUND ( 'NONE', #3443, .T. ) ;
#793 = PRESENTATION_LAYER_ASSIGNMENT (  '', '', ( #1427 ) ) ;
#794 = VECTOR ( 'NONE', #2504, 1000.000000000000000 ) ;
#795 = SURFACE_SIDE_STYLE ('',( #3439 ) ) ;
#796 =( GEOMETRIC_REPRESENTATION_CONTEXT ( 3 ) GLOBAL_UNCERTAINTY_ASSIGNED_CONTEXT ( ( #1057 ) ) GLOBAL_UNIT_ASSIGNED_CONTEXT ( ( #3570, #1254, #3231 ) ) REPRESENTATION_CONTEXT ( 'NONE', 'WORKASPACE' ) );
#797 = SURFACE_STYLE_USAGE ( .BOTH. , #3737 ) ;
#798 = DIRECTION ( 'NONE',  ( -1.000000000000000000, 0.000000000000000000, 1.936075308009829417E-16 ) ) ;
#799 = ORIENTED_EDGE ( 'NONE', *, *, #590, .F. ) ;
#800 = AXIS2_PLACEMENT_3D ( 'NONE', #1144, #517, #1866 ) ;
#801 = SURFACE_SIDE_STYLE ('',( #2779 ) ) ;
#802 = EDGE_CURVE ( 'NONE', #3720, #1939, #3874, .T. ) ;
#803 = VERTEX_POINT ( 'NONE', #2336 ) ;
#804 = STYLED_ITEM ( 'NONE', ( #2302 ), #3753 ) ;
#805 =( NAMED_UNIT ( * ) PLANE_ANGLE_UNIT ( ) SI_UNIT ( $, .RADIAN. ) );
#806 =( LENGTH_UNIT ( ) NAMED_UNIT ( * ) SI_UNIT ( .MILLI., .METRE. ) );
#807 = PRESENTATION_LAYER_ASSIGNMENT (  '', '', ( #1727 ) ) ;
#808 =( LENGTH_UNIT ( ) NAMED_UNIT ( * ) SI_UNIT ( .MILLI., .METRE. ) );
#809 = VECTOR ( 'NONE', #153, 1000.000000000000000 ) ;
#810 = STYLED_ITEM ( 'NONE', ( #1109 ), #295 ) ;
#811 = LINE ( 'NONE', #2141, #1794 ) ;
#812 = LINE ( 'NONE', #3051, #1776 ) ;
#813 = VERTEX_POINT ( 'NONE', #17 ) ;
#814 = SURFACE_STYLE_USAGE ( .BOTH. , #1463 ) ;
#815 = FILL_AREA_STYLE ('',( #219 ) ) ;
#816 = LINE ( 'NONE', #1759, #3045 ) ;
#817 = VERTEX_POINT ( 'NONE', #1593 ) ;
#818 = FILL_AREA_STYLE_COLOUR ( '', #3272 ) ;
#819 = FILL_AREA_STYLE ('',( #2875 ) ) ;
#820 = SURFACE_STYLE_USAGE ( .BOTH. , #730 ) ;
#821 = AXIS2_PLACEMENT_3D ( 'NONE', #2473, #3721, #2713 ) ;
#822 = FILL_AREA_STYLE_COLOUR ( '', #3636 ) ;
#823 = CARTESIAN_POINT ( 'NONE',  ( -1.599999999999999423, 0.9399999999999999467, -0.8000000000000001554 ) ) ;
#824 = ORIENTED_EDGE ( 'NONE', *, *, #112, .T. ) ;
#825 = EDGE_LOOP ( 'NONE', ( #2810, #4065, #307, #1771 ) ) ;
#826 = SURFACE_STYLE_FILL_AREA ( #4015 ) ;
#827 = EDGE_CURVE ( 'NONE', #2, #1700, #1612, .T. ) ;
#828 =( NAMED_UNIT ( * ) SI_UNIT ( $, .STERADIAN. ) SOLID_ANGLE_UNIT ( ) );
#829 = CARTESIAN_POINT ( 'NONE',  ( 0.2800000000000008593, 0.9399999999999999467, -0.7999999999999999334 ) ) ;
#830 = CARTESIAN_POINT ( 'NONE',  ( -0.7099999999999994094, 0.000000000000000000, -0.7999999999999999334 ) ) ;
#831 = VERTEX_POINT ( 'NONE', #4207 ) ;
#832 = LINE ( 'NONE', #3541, #642 ) ;
#833 = ORIENTED_EDGE ( 'NONE', *, *, #2234, .F. ) ;
#834 = FILL_AREA_STYLE ('',( #3787 ) ) ;
#835 =( LENGTH_UNIT ( ) NAMED_UNIT ( * ) SI_UNIT ( .MILLI., .METRE. ) );
#836 = UNCERTAINTY_MEASURE_WITH_UNIT (LENGTH_MEASURE( 1.000000000000000082E-05 ), #1097, 'distance_accuracy_value', 'NONE');
#837 = PRESENTATION_LAYER_ASSIGNMENT (  '', '', ( #1043 ) ) ;
#838 = VERTEX_POINT ( 'NONE', #2990 ) ;
#839 = DIRECTION ( 'NONE',  ( -0.000000000000000000, 1.000000000000000000, 0.000000000000000000 ) ) ;
#840 = CARTESIAN_POINT ( 'NONE',  ( 0.1388232159864901949, 0.9399999999999999467, 0.2800000000000000266 ) ) ;
#841 = ORIENTED_EDGE ( 'NONE', *, *, #2440, .T. ) ;
#842 = ORIENTED_EDGE ( 'NONE', *, *, #1132, .T. ) ;
#843 =( NAMED_UNIT ( * ) PLANE_ANGLE_UNIT ( ) SI_UNIT ( $, .RADIAN. ) );
#844 = PRESENTATION_LAYER_ASSIGNMENT (  '', '', ( #3477 ) ) ;
#845 = PRESENTATION_STYLE_ASSIGNMENT (( #157 ) ) ;
#846 = MECHANICAL_DESIGN_GEOMETRIC_PRESENTATION_REPRESENTATION (  '', ( #986 ), #2796 ) ;
#847 = SURFACE_STYLE_FILL_AREA ( #588 ) ;
#848 = LINE ( 'NONE', #3255, #1352 ) ;
#849 = VERTEX_POINT ( 'NONE', #2221 ) ;
#850 = MECHANICAL_DESIGN_GEOMETRIC_PRESENTATION_REPRESENTATION (  '', ( #3686 ), #29 ) ;
#851 =( NAMED_UNIT ( * ) PLANE_ANGLE_UNIT ( ) SI_UNIT ( $, .RADIAN. ) );
#852 = VERTEX_POINT ( 'NONE', #2660 ) ;
#853 = ADVANCED_FACE ( 'NONE', ( #2894 ), #2013, .T. ) ;
#854 = DIRECTION ( 'NONE',  ( 0.000000000000000000, 0.000000000000000000, -1.000000000000000000 ) ) ;
#855 = FILL_AREA_STYLE ('',( #1269 ) ) ;
#856 = VECTOR ( 'NONE', #569, 1000.000000000000000 ) ;
#857 = DIRECTION ( 'NONE',  ( -1.000000000000000000, -0.000000000000000000, 1.936075308009829170E-16 ) ) ;
#858 = DIRECTION ( 'NONE',  ( 1.000000000000000000, -0.000000000000000000, 0.000000000000000000 ) ) ;
#859 = CARTESIAN_POINT ( 'NONE',  ( 1.270000000000001128, 0.000000000000000000, -0.4999999999999998890 ) ) ;
#860 = ORIENTED_EDGE ( 'NONE', *, *, #1712, .F. ) ;
#861 = COLOUR_RGB ( '',1.000000000000000000, 1.000000000000000000, 1.000000000000000000 ) ;
#862 = UNCERTAINTY_MEASURE_WITH_UNIT (LENGTH_MEASURE( 1.000000000000000082E-05 ), #2093, 'distance_accuracy_value', 'NONE');
#863 =( NAMED_UNIT ( * ) PLANE_ANGLE_UNIT ( ) SI_UNIT ( $, .RADIAN. ) );
#864 = EDGE_CURVE ( 'NONE', #409, #2068, #3573, .T. ) ;
#865 = DIRECTION ( 'NONE',  ( -0.000000000000000000, -1.000000000000000000, -0.000000000000000000 ) ) ;
#866 = VECTOR ( 'NONE', #902, 1000.000000000000000 ) ;
#867 = VECTOR ( 'NONE', #2612, 1000.000000000000000 ) ;
#868 = COLOUR_RGB ( '',0.7921568627450980005, 0.8196078431372548767, 0.9333333333333333481 ) ;
#869 = ORIENTED_EDGE ( 'NONE', *, *, #2283, .F. ) ;
#870 = STYLED_ITEM ( 'NONE', ( #2971 ), #876 ) ;
#871 = SURFACE_SIDE_STYLE ('',( #3402 ) ) ;
#872 = MECHANICAL_DESIGN_GEOMETRIC_PRESENTATION_REPRESENTATION (  '', ( #3963 ), #3284 ) ;
#873 = COLOUR_RGB ( '',0.7529411764705882248, 0.7529411764705882248, 0.7529411764705882248 ) ;
#874 = DIRECTION ( 'NONE',  ( 0.000000000000000000, 1.000000000000000000, 0.000000000000000000 ) ) ;
#875 =( NAMED_UNIT ( * ) PLANE_ANGLE_UNIT ( ) SI_UNIT ( $, .RADIAN. ) );
#876 = ADVANCED_FACE ( 'NONE', ( #3650 ), #253, .T. ) ;
#877 = MECHANICAL_DESIGN_GEOMETRIC_PRESENTATION_REPRESENTATION (  '', ( #3632 ), #109 ) ;
#878 = DIRECTION ( 'NONE',  ( 0.000000000000000000, 0.000000000000000000, -1.000000000000000000 ) ) ;
#879 = LINE ( 'NONE', #3893, #3347 ) ;
#880 = AXIS2_PLACEMENT_3D ( 'NONE', #1493, #1041, #3117 ) ;
#881 = ORIENTED_EDGE ( 'NONE', *, *, #1265, .F. ) ;
#882 = STYLED_ITEM ( 'NONE', ( #2023 ), #149 ) ;
#883 = ORIENTED_EDGE ( 'NONE', *, *, #434, .T. ) ;
#884 = CARTESIAN_POINT ( 'NONE',  ( -1.599999999999999423, 0.9399999999999999467, -0.8000000000000001554 ) ) ;
#885 = FACE_OUTER_BOUND ( 'NONE', #1310, .T. ) ;
#886 = DIRECTION ( 'NONE',  ( 0.000000000000000000, 0.000000000000000000, -1.000000000000000000 ) ) ;
#887 = PRESENTATION_LAYER_ASSIGNMENT (  '', '', ( #601 ) ) ;
#888 =( NAMED_UNIT ( * ) SI_UNIT ( $, .STERADIAN. ) SOLID_ANGLE_UNIT ( ) );
#889 = EDGE_CURVE ( 'NONE', #1797, #3248, #2846, .T. ) ;
#890 = ORIENTED_EDGE ( 'NONE', *, *, #749, .F. ) ;
#891 = CARTESIAN_POINT ( 'NONE',  ( 0.7100000000000009637, 0.000000000000000000, -0.5000000000000000000 ) ) ;
#892 = PRODUCT_DEFINITION_SHAPE ( 'NONE', 'NONE',  #3302 ) ;
#893 = VECTOR ( 'NONE', #1305, 1000.000000000000000 ) ;
#894 = PLANE ( 'NONE',  #1360 ) ;
#895 = ORIENTED_EDGE ( 'NONE', *, *, #2184, .F. ) ;
#896 = DIRECTION ( 'NONE',  ( -1.000000000000000000, 0.000000000000000000, 0.000000000000000000 ) ) ;
#897 = FILL_AREA_STYLE_COLOUR ( '', #1015 ) ;
#898 = DIRECTION ( 'NONE',  ( -1.000000000000000000, 0.000000000000000000, 1.936075308009829170E-16 ) ) ;
#899 = LINE ( 'NONE', #920, #3495 ) ;
#900 = ADVANCED_FACE ( 'NONE', ( #2782 ), #478, .F. ) ;
#901 = PRESENTATION_STYLE_ASSIGNMENT (( #943 ) ) ;
#902 = DIRECTION ( 'NONE',  ( 0.000000000000000000, 1.000000000000000000, 0.000000000000000000 ) ) ;
#903 = VERTEX_POINT ( 'NONE', #1209 ) ;
#904 = LINE ( 'NONE', #3783, #96 ) ;
#905 = VERTEX_POINT ( 'NONE', #3425 ) ;
#906 = SURFACE_STYLE_USAGE ( .BOTH. , #3585 ) ;
#907 = DIRECTION ( 'NONE',  ( -7.228014483236698528E-16, 0.000000000000000000, 1.000000000000000000 ) ) ;
#908 = SURFACE_SIDE_STYLE ('',( #222 ) ) ;
#909 = PLANE ( 'NONE',  #1221 ) ;
#910 =( LENGTH_UNIT ( ) NAMED_UNIT ( * ) SI_UNIT ( .MILLI., .METRE. ) );
#911 = VERTEX_POINT ( 'NONE', #1171 ) ;
#912 = UNCERTAINTY_MEASURE_WITH_UNIT (LENGTH_MEASURE( 1.000000000000000082E-05 ), #1074, 'distance_accuracy_value', 'NONE');
#913 = FILL_AREA_STYLE ('',( #3281 ) ) ;
#914 = VERTEX_POINT ( 'NONE', #3801 ) ;
#915 = ORIENTED_EDGE ( 'NONE', *, *, #2194, .F. ) ;
#916 = ADVANCED_FACE ( 'NONE', ( #2519 ), #1143, .F. ) ;
#917 = SURFACE_STYLE_USAGE ( .BOTH. , #3872 ) ;
#918 = CARTESIAN_POINT ( 'NONE',  ( -1.600000000000000977, 0.9399999999999999467, 0.2550000000000000044 ) ) ;
#919 = FILL_AREA_STYLE_COLOUR ( '', #2941 ) ;
#920 = CARTESIAN_POINT ( 'NONE',  ( 1.600000000000001199, 0.9399999999999999467, -0.8000000000000001554 ) ) ;
#921 = MECHANICAL_DESIGN_GEOMETRIC_PRESENTATION_REPRESENTATION (  '', ( #3398 ), #424 ) ;
#922 = EDGE_CURVE ( 'NONE', #3851, #775, #1865, .T. ) ;
#923 = LINE ( 'NONE', #944, #2735 ) ;
#924 = VERTEX_POINT ( 'NONE', #2203 ) ;
#925 = AXIS2_PLACEMENT_3D ( 'NONE', #3156, #858, #223 ) ;
#926 = CARTESIAN_POINT ( 'NONE',  ( 1.168823215986490194, 0.8399999999999999689, 0.2800000000000000266 ) ) ;
#927 = PRESENTATION_LAYER_ASSIGNMENT (  '', '', ( #3886 ) ) ;
#928 = FILL_AREA_STYLE_COLOUR ( '', #3630 ) ;
#929 = UNCERTAINTY_MEASURE_WITH_UNIT (LENGTH_MEASURE( 1.000000000000000082E-05 ), #16, 'distance_accuracy_value', 'NONE');
#930 = EDGE_CURVE ( 'NONE', #1626, #1275, #3463, .T. ) ;
#931 = VERTEX_POINT ( 'NONE', #1522 ) ;
#932 = AXIS2_PLACEMENT_3D ( 'NONE', #2837, #2130, #3412 ) ;
#933 = MECHANICAL_DESIGN_GEOMETRIC_PRESENTATION_REPRESENTATION (  '', ( #3964 ), #188 ) ;
#934 = ORIENTED_EDGE ( 'NONE', *, *, #3980, .T. ) ;
#935 = DIRECTION ( 'NONE',  ( -1.000000000000000000, 0.000000000000000000, 0.000000000000000000 ) ) ;
#936 = CARTESIAN_POINT ( 'NONE',  ( 0.7100000000000011857, 0.000000000000000000, 0.7999999999999999334 ) ) ;
#937 = VECTOR ( 'NONE', #3664, 1000.000000000000000 ) ;
#938 = DIRECTION ( 'NONE',  ( -1.000000000000000000, 0.000000000000000000, -0.000000000000000000 ) ) ;
#939 = AXIS2_PLACEMENT_3D ( 'NONE', #548, #886, #1892 ) ;
#940 = EDGE_CURVE ( 'NONE', #4107, #2877, #1544, .T. ) ;
#941 = VECTOR ( 'NONE', #1002, 1000.000000000000000 ) ;
#942 = MECHANICAL_DESIGN_GEOMETRIC_PRESENTATION_REPRESENTATION (  '', ( #322 ), #1785 ) ;
#943 = SURFACE_STYLE_USAGE ( .BOTH. , #3073 ) ;
#944 = CARTESIAN_POINT ( 'NONE',  ( -1.300000000000000933, 0.9399999999999999467, -0.2550000000000000044 ) ) ;
#945 = DIRECTION ( 'NONE',  ( -1.000000000000000000, -0.000000000000000000, -0.000000000000000000 ) ) ;
#946 = STYLED_ITEM ( 'NONE', ( #2356 ), #3579 ) ;
#947 = DIRECTION ( 'NONE',  ( 0.000000000000000000, 0.000000000000000000, 1.000000000000000000 ) ) ;
#948 = STYLED_ITEM ( 'NONE', ( #2557 ), #3025 ) ;
#949 =( NAMED_UNIT ( * ) PLANE_ANGLE_UNIT ( ) SI_UNIT ( $, .RADIAN. ) );
#950 = CARTESIAN_POINT ( 'NONE',  ( 1.270000000000001128, -4.000000000000000000, -0.7999999999999999334 ) ) ;
#951 = VECTOR ( 'NONE', #745, 1000.000000000000000 ) ;
#952 = DIRECTION ( 'NONE',  ( 0.000000000000000000, 1.000000000000000000, -0.000000000000000000 ) ) ;
#953 = MECHANICAL_DESIGN_GEOMETRIC_PRESENTATION_REPRESENTATION (  '', ( #1727 ), #193 ) ;
#954 = AXIS2_PLACEMENT_3D ( 'NONE', #4067, #3743, #780 ) ;
#955 = UNCERTAINTY_MEASURE_WITH_UNIT (LENGTH_MEASURE( 1.000000000000000082E-05 ), #3875, 'distance_accuracy_value', 'NONE');
#956 = PLANE ( 'NONE',  #1346 ) ;
#957 = CLOSED_SHELL ( 'NONE', ( #1255, #149, #1814, #2022, #416, #2849 ) ) ;
#958 = VERTEX_POINT ( 'NONE', #1664 ) ;
#959 = DIRECTION ( 'NONE',  ( 1.000000000000000000, 0.000000000000000000, 1.936075308009829170E-16 ) ) ;
#960 = DIRECTION ( 'NONE',  ( 1.000000000000000000, 0.000000000000000000, 0.000000000000000000 ) ) ;
#961 = FILL_AREA_STYLE ('',( #52 ) ) ;
#962 = EDGE_CURVE ( 'NONE', #2993, #47, #2056, .T. ) ;
#963 = SURFACE_SIDE_STYLE ('',( #2002 ) ) ;
#964 = ORIENTED_EDGE ( 'NONE', *, *, #1672, .T. ) ;
#965 = CARTESIAN_POINT ( 'NONE',  ( 0.2800000000000008593, 0.000000000000000000, 0.4999999999999998890 ) ) ;
#966 = FACE_OUTER_BOUND ( 'NONE', #1574, .T. ) ;
#967 = SURFACE_SIDE_STYLE ('',( #2936 ) ) ;
#968 = LINE ( 'NONE', #3956, #3145 ) ;
#969 = ORIENTED_EDGE ( 'NONE', *, *, #1290, .T. ) ;
#970 =( NAMED_UNIT ( * ) SI_UNIT ( $, .STERADIAN. ) SOLID_ANGLE_UNIT ( ) );
#971 = PLANE ( 'NONE',  #1494 ) ;
#972 = VERTEX_POINT ( 'NONE', #2009 ) ;
#973 = CARTESIAN_POINT ( 'NONE',  ( 1.270000000000001128, 0.000000000000000000, -0.4999999999999998890 ) ) ;
#974 = VERTEX_POINT ( 'NONE', #697 ) ;
#975 =( NAMED_UNIT ( * ) PLANE_ANGLE_UNIT ( ) SI_UNIT ( $, .RADIAN. ) );
#976 = PRESENTATION_STYLE_ASSIGNMENT (( #3581 ) ) ;
#977 = CARTESIAN_POINT ( 'NONE',  ( 1.270000000000001128, -4.000000000000000000, 0.4999999999999998890 ) ) ;
#978 = COLOUR_RGB ( '',0.7529411764705882248, 0.7529411764705882248, 0.7529411764705882248 ) ;
#979 = SURFACE_SIDE_STYLE ('',( #3640 ) ) ;
#980 = FILL_AREA_STYLE ('',( #320 ) ) ;
#981 =( LENGTH_UNIT ( ) NAMED_UNIT ( * ) SI_UNIT ( .MILLI., .METRE. ) );
#982 = MECHANICAL_DESIGN_GEOMETRIC_PRESENTATION_REPRESENTATION (  '', ( #2170 ), #2717 ) ;
#983 =( LENGTH_UNIT ( ) NAMED_UNIT ( * ) SI_UNIT ( .MILLI., .METRE. ) );
#984 = ADVANCED_FACE ( 'NONE', ( #2958 ), #400, .T. ) ;
#985 = VERTEX_POINT ( 'NONE', #3385 ) ;
#986 = STYLED_ITEM ( 'NONE', ( #2893 ), #1403 ) ;
#987 = CARTESIAN_POINT ( 'NONE',  ( 0.1388232159864901949, 0.8399999999999999689, -0.2800000000000000266 ) ) ;
#988 = CARTESIAN_POINT ( 'NONE',  ( 1.168823215986490194, 0.8399999999999999689, 0.2800000000000000266 ) ) ;
#989 = DIRECTION ( 'NONE',  ( 0.000000000000000000, 0.000000000000000000, -1.000000000000000000 ) ) ;
#990 = STYLED_ITEM ( 'NONE', ( #3586 ), #1695 ) ;
#991 =( LENGTH_UNIT ( ) NAMED_UNIT ( * ) SI_UNIT ( .MILLI., .METRE. ) );
#992 = FACE_OUTER_BOUND ( 'NONE', #1350, .T. ) ;
#993 = ORIENTED_EDGE ( 'NONE', *, *, #3668, .T. ) ;
#994 = FACE_OUTER_BOUND ( 'NONE', #698, .T. ) ;
#995 = VECTOR ( 'NONE', #4051, 1000.000000000000000 ) ;
#996 = ORIENTED_EDGE ( 'NONE', *, *, #774, .T. ) ;
#997 = SURFACE_STYLE_USAGE ( .BOTH. , #611 ) ;
#998 = MECHANICAL_DESIGN_GEOMETRIC_PRESENTATION_REPRESENTATION (  '', ( #2995 ), #1715 ) ;
#999 = PRESENTATION_LAYER_ASSIGNMENT (  '', '', ( #1357 ) ) ;
#1000 = DIRECTION ( 'NONE',  ( 0.000000000000000000, 0.000000000000000000, 1.000000000000000000 ) ) ;
#1001 = EDGE_CURVE ( 'NONE', #725, #368, #165, .T. ) ;
#1002 = DIRECTION ( 'NONE',  ( -0.000000000000000000, -1.000000000000000000, -0.000000000000000000 ) ) ;
#1003 =( GEOMETRIC_REPRESENTATION_CONTEXT ( 3 ) GLOBAL_UNCERTAINTY_ASSIGNED_CONTEXT ( ( #1731 ) ) GLOBAL_UNIT_ASSIGNED_CONTEXT ( ( #3848, #3206, #2909 ) ) REPRESENTATION_CONTEXT ( 'NONE', 'WORKASPACE' ) );
#1004 = MANIFOLD_SOLID_BREP ( 'Boss-Extrude2[2]', #1093 ) ;
#1005 = MECHANICAL_DESIGN_GEOMETRIC_PRESENTATION_REPRESENTATION (  '', ( #3499 ), #1163 ) ;
#1006 = MECHANICAL_DESIGN_GEOMETRIC_PRESENTATION_REPRESENTATION (  '', ( #1789 ), #1289 ) ;
#1007 = UNCERTAINTY_MEASURE_WITH_UNIT (LENGTH_MEASURE( 1.000000000000000082E-05 ), #4154, 'distance_accuracy_value', 'NONE');
#1008 = DIRECTION ( 'NONE',  ( -1.000000000000000000, -0.000000000000000000, -0.000000000000000000 ) ) ;
#1009 = MECHANICAL_DESIGN_GEOMETRIC_PRESENTATION_REPRESENTATION (  '', ( #3767 ), #3075 ) ;
#1010 = ORIENTED_EDGE ( 'NONE', *, *, #1418, .T. ) ;
#1011 = CARTESIAN_POINT ( 'NONE',  ( 1.600000000000000977, 0.000000000000000000, -0.2550000000000000044 ) ) ;
#1012 = FILL_AREA_STYLE_COLOUR ( '', #2788 ) ;
#1013 = SURFACE_STYLE_USAGE ( .BOTH. , #3854 ) ;
#1014 = EDGE_CURVE ( 'NONE', #2292, #451, #1808, .T. ) ;
#1015 = COLOUR_RGB ( '',0.7529411764705882248, 0.7529411764705882248, 0.7529411764705882248 ) ;
#1016 = PRESENTATION_LAYER_ASSIGNMENT (  '', '', ( #882 ) ) ;
#1017 = SURFACE_STYLE_FILL_AREA ( #1685 ) ;
#1018 = CARTESIAN_POINT ( 'NONE',  ( -0.2799999999999990274, 0.9399999999999999467, 0.7999999999999999334 ) ) ;
#1019 = CARTESIAN_POINT ( 'NONE',  ( 0.000000000000000000, 0.000000000000000000, 0.000000000000000000 ) ) ;
#1020 = ORIENTED_EDGE ( 'NONE', *, *, #1959, .F. ) ;
#1021 = DIRECTION ( 'NONE',  ( -7.228014483236698528E-16, 0.000000000000000000, 1.000000000000000000 ) ) ;
#1022 = ORIENTED_EDGE ( 'NONE', *, *, #1833, .T. ) ;
#1023 = VECTOR ( 'NONE', #4166, 1000.000000000000000 ) ;
#1024 = CARTESIAN_POINT ( 'NONE',  ( 1.270000000000001128, 0.9399999999999999467, -0.4999999999999998890 ) ) ;
#1025 = SURFACE_STYLE_USAGE ( .BOTH. , #3974 ) ;
#1026 = COLOUR_RGB ( '',0.7529411764705882248, 0.7529411764705882248, 0.7529411764705882248 ) ;
#1027 = CARTESIAN_POINT ( 'NONE',  ( -0.2799999999999991940, 0.000000000000000000, 0.5000000000000000000 ) ) ;
#1028 = CARTESIAN_POINT ( 'NONE',  ( 0.2800000000000008593, -4.000000000000000000, 0.4999999999999998890 ) ) ;
#1029 = DIRECTION ( 'NONE',  ( 7.228014483236698528E-16, 0.000000000000000000, 1.000000000000000000 ) ) ;
#1030 =( LENGTH_UNIT ( ) NAMED_UNIT ( * ) SI_UNIT ( .MILLI., .METRE. ) );
#1031 = ORIENTED_EDGE ( 'NONE', *, *, #1840, .F. ) ;
#1032 = PRESENTATION_STYLE_ASSIGNMENT (( #2335 ) ) ;
#1033 =( LENGTH_UNIT ( ) NAMED_UNIT ( * ) SI_UNIT ( .MILLI., .METRE. ) );
#1034 = ORIENTED_EDGE ( 'NONE', *, *, #759, .T. ) ;
#1035 = SURFACE_STYLE_USAGE ( .BOTH. , #2687 ) ;
#1036 = SURFACE_STYLE_USAGE ( .BOTH. , #3392 ) ;
#1037 = EDGE_LOOP ( 'NONE', ( #3551, #2911, #619, #1972 ) ) ;
#1038 = SURFACE_SIDE_STYLE ('',( #2344 ) ) ;
#1039 = EDGE_CURVE ( 'NONE', #2686, #751, #1481, .T. ) ;
#1040 = ORIENTED_EDGE ( 'NONE', *, *, #19, .T. ) ;
#1041 = DIRECTION ( 'NONE',  ( -0.000000000000000000, 0.000000000000000000, -1.000000000000000000 ) ) ;
#1042 =( NAMED_UNIT ( * ) SI_UNIT ( $, .STERADIAN. ) SOLID_ANGLE_UNIT ( ) );
#1043 = STYLED_ITEM ( 'NONE', ( #231 ), #900 ) ;
#1044 = CARTESIAN_POINT ( 'NONE',  ( 0.7100000000000011857, -4.000000000000000000, 0.7999999999999999334 ) ) ;
#1045 = DIRECTION ( 'NONE',  ( 1.000000000000000000, 0.000000000000000000, 0.000000000000000000 ) ) ;
#1046 = SURFACE_SIDE_STYLE ('',( #3464 ) ) ;
#1047 = SURFACE_SIDE_STYLE ('',( #1784 ) ) ;
#1048 = VECTOR ( 'NONE', #1827, 1000.000000000000000 ) ;
#1049 = ORIENTED_EDGE ( 'NONE', *, *, #1903, .T. ) ;
#1050 =( NAMED_UNIT ( * ) SI_UNIT ( $, .STERADIAN. ) SOLID_ANGLE_UNIT ( ) );
#1051 = CARTESIAN_POINT ( 'NONE',  ( -0.2799999999999991940, -4.000000000000000000, -0.5000000000000000000 ) ) ;
#1052 = PRESENTATION_LAYER_ASSIGNMENT (  '', '', ( #238 ) ) ;
#1053 = FILL_AREA_STYLE_COLOUR ( '', #2672 ) ;
#1054 = EDGE_CURVE ( 'NONE', #140, #3588, #2459, .T. ) ;
#1055 = ORIENTED_EDGE ( 'NONE', *, *, #271, .T. ) ;
#1056 = COLOUR_RGB ( '',0.7529411764705882248, 0.7529411764705882248, 0.7529411764705882248 ) ;
#1057 = UNCERTAINTY_MEASURE_WITH_UNIT (LENGTH_MEASURE( 1.000000000000000082E-05 ), #3570, 'distance_accuracy_value', 'NONE');
#1058 = DIRECTION ( 'NONE',  ( 1.000000000000000000, 0.000000000000000000, 1.936075308009829417E-16 ) ) ;
#1059 = FACE_OUTER_BOUND ( 'NONE', #3758, .T. ) ;
#1060 = EDGE_LOOP ( 'NONE', ( #1375, #1330, #4143, #2165 ) ) ;
#1061 = VECTOR ( 'NONE', #1941, 1000.000000000000000 ) ;
#1062 = CARTESIAN_POINT ( 'NONE',  ( -1.599999999999999423, 0.9399999999999999467, -0.8000000000000001554 ) ) ;
#1063 = ORIENTED_EDGE ( 'NONE', *, *, #3377, .T. ) ;
#1064 = COLOUR_RGB ( '',0.7529411764705882248, 0.7529411764705882248, 0.7529411764705882248 ) ;
#1065 =( NAMED_UNIT ( * ) SI_UNIT ( $, .STERADIAN. ) SOLID_ANGLE_UNIT ( ) );
#1066 =( NAMED_UNIT ( * ) SI_UNIT ( $, .STERADIAN. ) SOLID_ANGLE_UNIT ( ) );
#1067 = SURFACE_STYLE_USAGE ( .BOTH. , #3044 ) ;
#1068 = EDGE_CURVE ( 'NONE', #4080, #1139, #420, .T. ) ;
#1069 = LINE ( 'NONE', #3705, #3296 ) ;
#1070 = LINE ( 'NONE', #2696, #4034 ) ;
#1071 = PRESENTATION_STYLE_ASSIGNMENT (( #2026 ) ) ;
#1072 = CARTESIAN_POINT ( 'NONE',  ( 0.000000000000000000, 0.000000000000000000, -0.2550000000000000044 ) ) ;
#1073 = CARTESIAN_POINT ( 'NONE',  ( 0.000000000000000000, 0.9399999999999999467, 0.000000000000000000 ) ) ;
#1074 =( LENGTH_UNIT ( ) NAMED_UNIT ( * ) SI_UNIT ( .MILLI., .METRE. ) );
#1075 = VECTOR ( 'NONE', #857, 1000.000000000000000 ) ;
#1076 = SURFACE_STYLE_FILL_AREA ( #3077 ) ;
#1077 = ORIENTED_EDGE ( 'NONE', *, *, #2619, .F. ) ;
#1078 =( GEOMETRIC_REPRESENTATION_CONTEXT ( 3 ) GLOBAL_UNCERTAINTY_ASSIGNED_CONTEXT ( ( #2305 ) ) GLOBAL_UNIT_ASSIGNED_CONTEXT ( ( #3321, #583, #360 ) ) REPRESENTATION_CONTEXT ( 'NONE', 'WORKASPACE' ) );
#1079 = COLOUR_RGB ( '',0.7529411764705882248, 0.7529411764705882248, 0.7529411764705882248 ) ;
#1080 = MECHANICAL_DESIGN_GEOMETRIC_PRESENTATION_REPRESENTATION (  '', ( #3426 ), #1003 ) ;
#1081 = DIRECTION ( 'NONE',  ( 0.000000000000000000, 0.000000000000000000, -1.000000000000000000 ) ) ;
#1082 =( NAMED_UNIT ( * ) SI_UNIT ( $, .STERADIAN. ) SOLID_ANGLE_UNIT ( ) );
#1083 = FACE_OUTER_BOUND ( 'NONE', #1732, .T. ) ;
#1084 = DIRECTION ( 'NONE',  ( -0.000000000000000000, -0.000000000000000000, -1.000000000000000000 ) ) ;
#1085 = ORIENTED_EDGE ( 'NONE', *, *, #171, .T. ) ;
#1086 = MECHANICAL_DESIGN_GEOMETRIC_PRESENTATION_REPRESENTATION (  '', ( #1165 ), #2464 ) ;
#1087 = LINE ( 'NONE', #4037, #4256 ) ;
#1088 = SURFACE_STYLE_FILL_AREA ( #426 ) ;
#1089 = ORIENTED_EDGE ( 'NONE', *, *, #2586, .T. ) ;
#1090 = FILL_AREA_STYLE_COLOUR ( '', #1920 ) ;
#1091 = VECTOR ( 'NONE', #3391, 1000.000000000000000 ) ;
#1092 = ORIENTED_EDGE ( 'NONE', *, *, #4136, .T. ) ;
#1093 = CLOSED_SHELL ( 'NONE', ( #2956, #2595, #1204, #3482, #1441, #3050 ) ) ;
#1094 = CARTESIAN_POINT ( 'NONE',  ( -0.2799999999999991940, 0.000000000000000000, 0.5000000000000000000 ) ) ;
#1095 =( GEOMETRIC_REPRESENTATION_CONTEXT ( 3 ) GLOBAL_UNCERTAINTY_ASSIGNED_CONTEXT ( ( #1158 ) ) GLOBAL_UNIT_ASSIGNED_CONTEXT ( ( #2092, #431, #395 ) ) REPRESENTATION_CONTEXT ( 'NONE', 'WORKASPACE' ) );
#1096 = MECHANICAL_DESIGN_GEOMETRIC_PRESENTATION_REPRESENTATION (  '', ( #3975 ), #394 ) ;
#1097 =( LENGTH_UNIT ( ) NAMED_UNIT ( * ) SI_UNIT ( .MILLI., .METRE. ) );
#1098 = UNCERTAINTY_MEASURE_WITH_UNIT (LENGTH_MEASURE( 1.000000000000000082E-05 ), #3888, 'distance_accuracy_value', 'NONE');
#1099 = EDGE_CURVE ( 'NONE', #1207, #2472, #439, .T. ) ;
#1100 = SURFACE_STYLE_FILL_AREA ( #1124 ) ;
#1101 = DIRECTION ( 'NONE',  ( -0.000000000000000000, 1.000000000000000000, -0.000000000000000000 ) ) ;
#1102 = VECTOR ( 'NONE', #281, 1000.000000000000000 ) ;
#1103 = CARTESIAN_POINT ( 'NONE',  ( 0.2800000000000008593, 0.000000000000000000, -0.7999999999999999334 ) ) ;
#1104 = MECHANICAL_DESIGN_GEOMETRIC_PRESENTATION_REPRESENTATION (  '', ( #532 ), #4206 ) ;
#1105 = CARTESIAN_POINT ( 'NONE',  ( -1.600000000000000977, -4.000000000000000000, -0.2550000000000000044 ) ) ;
#1106 =( GEOMETRIC_REPRESENTATION_CONTEXT ( 3 ) GLOBAL_UNCERTAINTY_ASSIGNED_CONTEXT ( ( #3934 ) ) GLOBAL_UNIT_ASSIGNED_CONTEXT ( ( #2158, #3098, #2175 ) ) REPRESENTATION_CONTEXT ( 'NONE', 'WORKASPACE' ) );
#1107 =( NAMED_UNIT ( * ) SI_UNIT ( $, .STERADIAN. ) SOLID_ANGLE_UNIT ( ) );
#1108 = EDGE_CURVE ( 'NONE', #1150, #1517, #816, .T. ) ;
#1109 = PRESENTATION_STYLE_ASSIGNMENT (( #4145 ) ) ;
#1110 = DIRECTION ( 'NONE',  ( 0.000000000000000000, 0.000000000000000000, -1.000000000000000000 ) ) ;
#1111 = ORIENTED_EDGE ( 'NONE', *, *, #1371, .T. ) ;
#1112 = UNCERTAINTY_MEASURE_WITH_UNIT (LENGTH_MEASURE( 1.000000000000000082E-05 ), #568, 'distance_accuracy_value', 'NONE');
#1113 =( LENGTH_UNIT ( ) NAMED_UNIT ( * ) SI_UNIT ( .MILLI., .METRE. ) );
#1114 = EDGE_CURVE ( 'NONE', #1997, #1150, #2146, .T. ) ;
#1115 = DIRECTION ( 'NONE',  ( 0.000000000000000000, 0.000000000000000000, -1.000000000000000000 ) ) ;
#1116 = ORIENTED_EDGE ( 'NONE', *, *, #3071, .T. ) ;
#1117 = FILL_AREA_STYLE_COLOUR ( '', #1976 ) ;
#1118 = ORIENTED_EDGE ( 'NONE', *, *, #620, .T. ) ;
#1119 = SURFACE_SIDE_STYLE ('',( #457 ) ) ;
#1120 = CARTESIAN_POINT ( 'NONE',  ( 1.270000000000001128, -4.000000000000000000, -0.7999999999999999334 ) ) ;
#1121 = LINE ( 'NONE', #2115, #4053 ) ;
#1122 = FILL_AREA_STYLE ('',( #3046 ) ) ;
#1123 = ADVANCED_FACE ( 'NONE', ( #2418 ), #3039, .F. ) ;
#1124 = FILL_AREA_STYLE ('',( #2719 ) ) ;
#1125 =( LENGTH_UNIT ( ) NAMED_UNIT ( * ) SI_UNIT ( .MILLI., .METRE. ) );
#1126 = CARTESIAN_POINT ( 'NONE',  ( -1.269999999999999130, 0.9399999999999999467, 0.7999999999999999334 ) ) ;
#1127 = DIRECTION ( 'NONE',  ( 0.000000000000000000, 0.000000000000000000, 1.000000000000000000 ) ) ;
#1128 = EDGE_LOOP ( 'NONE', ( #969, #1471, #3434, #2455 ) ) ;
#1129 = CARTESIAN_POINT ( 'NONE',  ( 0.2800000000000008593, 0.000000000000000000, 0.4999999999999998890 ) ) ;
#1130 = DIRECTION ( 'NONE',  ( 0.000000000000000000, 1.000000000000000000, 0.000000000000000000 ) ) ;
#1131 = DIRECTION ( 'NONE',  ( 0.000000000000000000, 0.000000000000000000, -1.000000000000000000 ) ) ;
#1132 = EDGE_CURVE ( 'NONE', #725, #4107, #2059, .T. ) ;
#1133 = VERTEX_POINT ( 'NONE', #3344 ) ;
#1134 = MANIFOLD_SOLID_BREP ( 'Boss-Extrude3', #3368 ) ;
#1135 = COLOUR_RGB ( '',0.7921568627450980005, 0.8196078431372548767, 0.9333333333333333481 ) ;
#1136 = DIRECTION ( 'NONE',  ( 7.228014483236698528E-16, 0.000000000000000000, 1.000000000000000000 ) ) ;
#1137 = ORIENTED_EDGE ( 'NONE', *, *, #1191, .F. ) ;
#1138 = CARTESIAN_POINT ( 'NONE',  ( -1.599999999999999423, 0.000000000000000000, 0.7999999999999999334 ) ) ;
#1139 = VERTEX_POINT ( 'NONE', #2638 ) ;
#1140 = FACE_OUTER_BOUND ( 'NONE', #1882, .T. ) ;
#1141 = LINE ( 'NONE', #135, #2610 ) ;
#1142 = AXIS2_PLACEMENT_3D ( 'NONE', #251, #621, #3270 ) ;
#1143 = PLANE ( 'NONE',  #534 ) ;
#1144 = CARTESIAN_POINT ( 'NONE',  ( 0.000000000000000000, 0.000000000000000000, 0.000000000000000000 ) ) ;
#1145 = VECTOR ( 'NONE', #2082, 1000.000000000000000 ) ;
#1146 = CARTESIAN_POINT ( 'NONE',  ( -0.7099999999999994094, 0.9399999999999999467, -0.4999999999999998890 ) ) ;
#1147 = FILL_AREA_STYLE ('',( #3726 ) ) ;
#1148 = CARTESIAN_POINT ( 'NONE',  ( 1.300000000000000933, 0.9399999999999999467, 0.2550000000000000044 ) ) ;
#1149 = PRESENTATION_LAYER_ASSIGNMENT (  '', '', ( #172 ) ) ;
#1150 = VERTEX_POINT ( 'NONE', #988 ) ;
#1151 = CARTESIAN_POINT ( 'NONE',  ( -0.7099999999999994094, -4.000000000000000000, -0.4999999999999998890 ) ) ;
#1152 = CARTESIAN_POINT ( 'NONE',  ( -0.7099999999999994094, 0.9399999999999999467, -0.7999999999999999334 ) ) ;
#1153 = VECTOR ( 'NONE', #2454, 1000.000000000000000 ) ;
#1154 = ORIENTED_EDGE ( 'NONE', *, *, #4021, .F. ) ;
#1155 = DIRECTION ( 'NONE',  ( 1.000000000000000000, 0.000000000000000000, 0.000000000000000000 ) ) ;
#1156 = DIRECTION ( 'NONE',  ( -1.000000000000000000, -0.000000000000000000, 1.936075308009829170E-16 ) ) ;
#1157 = PRESENTATION_LAYER_ASSIGNMENT (  '', '', ( #37 ) ) ;
#1158 = UNCERTAINTY_MEASURE_WITH_UNIT (LENGTH_MEASURE( 1.000000000000000082E-05 ), #2092, 'distance_accuracy_value', 'NONE');
#1159 = DIRECTION ( 'NONE',  ( 0.000000000000000000, 0.000000000000000000, -1.000000000000000000 ) ) ;
#1160 = STYLED_ITEM ( 'NONE', ( #282 ), #3338 ) ;
#1161 = ADVANCED_FACE ( 'NONE', ( #3626 ), #593, .F. ) ;
#1162 =( LENGTH_UNIT ( ) NAMED_UNIT ( * ) SI_UNIT ( .MILLI., .METRE. ) );
#1163 =( GEOMETRIC_REPRESENTATION_CONTEXT ( 3 ) GLOBAL_UNCERTAINTY_ASSIGNED_CONTEXT ( ( #1914 ) ) GLOBAL_UNIT_ASSIGNED_CONTEXT ( ( #1173, #1525, #2830 ) ) REPRESENTATION_CONTEXT ( 'NONE', 'WORKASPACE' ) );
#1164 = DIRECTION ( 'NONE',  ( 0.000000000000000000, -0.000000000000000000, 1.000000000000000000 ) ) ;
#1165 = STYLED_ITEM ( 'NONE', ( #3035 ), #2956 ) ;
#1166 = ORIENTED_EDGE ( 'NONE', *, *, #3803, .F. ) ;
#1167 = VERTEX_POINT ( 'NONE', #2164 ) ;
#1168 =( GEOMETRIC_REPRESENTATION_CONTEXT ( 3 ) GLOBAL_UNCERTAINTY_ASSIGNED_CONTEXT ( ( #2907 ) ) GLOBAL_UNIT_ASSIGNED_CONTEXT ( ( #2498, #4159, #2522 ) ) REPRESENTATION_CONTEXT ( 'NONE', 'WORKASPACE' ) );
#1169 = DIRECTION ( 'NONE',  ( -1.000000000000000000, 0.000000000000000000, 1.936075308009829170E-16 ) ) ;
#1170 =( NAMED_UNIT ( * ) PLANE_ANGLE_UNIT ( ) SI_UNIT ( $, .RADIAN. ) );
#1171 = CARTESIAN_POINT ( 'NONE',  ( 0.7100000000000009637, 0.9399999999999999467, -0.5000000000000000000 ) ) ;
#1172 = MECHANICAL_DESIGN_GEOMETRIC_PRESENTATION_REPRESENTATION (  '', ( #2132 ), #529 ) ;
#1173 =( LENGTH_UNIT ( ) NAMED_UNIT ( * ) SI_UNIT ( .MILLI., .METRE. ) );
#1174 = VECTOR ( 'NONE', #54, 1000.000000000000000 ) ;
#1175 = CARTESIAN_POINT ( 'NONE',  ( 1.300000000000000933, 0.000000000000000000, -0.2550000000000000044 ) ) ;
#1176 = ADVANCED_FACE ( 'NONE', ( #1195 ), #4097, .F. ) ;
#1177 = DIRECTION ( 'NONE',  ( -0.000000000000000000, 1.000000000000000000, -0.000000000000000000 ) ) ;
#1178 = ORIENTED_EDGE ( 'NONE', *, *, #1647, .F. ) ;
#1179 = DIRECTION ( 'NONE',  ( -1.000000000000000000, 0.000000000000000000, 1.936075308009829170E-16 ) ) ;
#1180 = ORIENTED_EDGE ( 'NONE', *, *, #2795, .T. ) ;
#1181 = DIRECTION ( 'NONE',  ( 0.000000000000000000, 0.000000000000000000, -1.000000000000000000 ) ) ;
#1182 = CARTESIAN_POINT ( 'NONE',  ( 0.000000000000000000, 0.000000000000000000, 0.000000000000000000 ) ) ;
#1183 = EDGE_LOOP ( 'NONE', ( #3830, #3192, #94, #21 ) ) ;
#1184 = PRESENTATION_STYLE_ASSIGNMENT (( #4132 ) ) ;
#1185 = CARTESIAN_POINT ( 'NONE',  ( 1.168823215986490194, 0.9399999999999999467, -0.2800000000000000266 ) ) ;
#1186 = ORIENTED_EDGE ( 'NONE', *, *, #686, .T. ) ;
#1187 = DIRECTION ( 'NONE',  ( 0.000000000000000000, 1.000000000000000000, 0.000000000000000000 ) ) ;
#1188 = EDGE_LOOP ( 'NONE', ( #59, #3460, #3158, #381 ) ) ;
#1189 = CARTESIAN_POINT ( 'NONE',  ( 0.1388232159864901949, 0.8399999999999999689, -0.2800000000000000266 ) ) ;
#1190 =( NAMED_UNIT ( * ) SI_UNIT ( $, .STERADIAN. ) SOLID_ANGLE_UNIT ( ) );
#1191 = EDGE_CURVE ( 'NONE', #849, #813, #3124, .T. ) ;
#1192 = CARTESIAN_POINT ( 'NONE',  ( 0.2800000000000008593, 0.000000000000000000, -0.7999999999999999334 ) ) ;
#1193 = ORIENTED_EDGE ( 'NONE', *, *, #2216, .F. ) ;
#1194 =( LENGTH_UNIT ( ) NAMED_UNIT ( * ) SI_UNIT ( .MILLI., .METRE. ) );
#1195 = FACE_OUTER_BOUND ( 'NONE', #1060, .T. ) ;
#1196 = ADVANCED_FACE ( 'NONE', ( #1786 ), #2145, .F. ) ;
#1197 = EDGE_LOOP ( 'NONE', ( #2034, #1049, #2701, #799 ) ) ;
#1198 = LINE ( 'NONE', #526, #2896 ) ;
#1199 = CARTESIAN_POINT ( 'NONE',  ( 0.7100000000000009637, 0.9399999999999999467, 0.5000000000000000000 ) ) ;
#1200 =( NAMED_UNIT ( * ) PLANE_ANGLE_UNIT ( ) SI_UNIT ( $, .RADIAN. ) );
#1201 = VERTEX_POINT ( 'NONE', #523 ) ;
#1202 = PRESENTATION_STYLE_ASSIGNMENT (( #797 ) ) ;
#1203 = DIRECTION ( 'NONE',  ( -1.000000000000000000, 0.000000000000000000, 0.000000000000000000 ) ) ;
#1204 = ADVANCED_FACE ( 'NONE', ( #483 ), #3837, .T. ) ;
#1205 = CARTESIAN_POINT ( 'NONE',  ( 0.000000000000000000, 0.9399999999999999467, 0.000000000000000000 ) ) ;
#1206 = VECTOR ( 'NONE', #750, 1000.000000000000000 ) ;
#1207 = VERTEX_POINT ( 'NONE', #3527 ) ;
#1208 = CARTESIAN_POINT ( 'NONE',  ( -0.7099999999999994094, -4.000000000000000000, -0.7999999999999999334 ) ) ;
#1209 = CARTESIAN_POINT ( 'NONE',  ( 0.7100000000000009637, 0.9399999999999999467, 0.5000000000000000000 ) ) ;
#1210 = MECHANICAL_DESIGN_GEOMETRIC_PRESENTATION_REPRESENTATION (  '', ( #3203 ), #2237 ) ;
#1211 = DIRECTION ( 'NONE',  ( 0.000000000000000000, 0.000000000000000000, 1.000000000000000000 ) ) ;
#1212 = VECTOR ( 'NONE', #450, 1000.000000000000000 ) ;
#1213 =( LENGTH_UNIT ( ) NAMED_UNIT ( * ) SI_UNIT ( .MILLI., .METRE. ) );
#1214 = EDGE_CURVE ( 'NONE', #3498, #1512, #3475, .T. ) ;
#1215 = DIRECTION ( 'NONE',  ( -1.000000000000000000, 0.000000000000000000, -7.228014483236698528E-16 ) ) ;
#1216 = ORIENTED_EDGE ( 'NONE', *, *, #3243, .T. ) ;
#1217 = SURFACE_STYLE_USAGE ( .BOTH. , #3151 ) ;
#1218 = ORIENTED_EDGE ( 'NONE', *, *, #1580, .F. ) ;
#1219 = LINE ( 'NONE', #884, #2212 ) ;
#1220 = SURFACE_STYLE_USAGE ( .BOTH. , #3864 ) ;
#1221 = AXIS2_PLACEMENT_3D ( 'NONE', #2229, #2247, #3545 ) ;
#1222 =( NAMED_UNIT ( * ) SI_UNIT ( $, .STERADIAN. ) SOLID_ANGLE_UNIT ( ) );
#1223 = MECHANICAL_DESIGN_GEOMETRIC_PRESENTATION_REPRESENTATION (  '', ( #2523 ), #3691 ) ;
#1224 = ORIENTED_EDGE ( 'NONE', *, *, #4156, .F. ) ;
#1225 = UNCERTAINTY_MEASURE_WITH_UNIT (LENGTH_MEASURE( 1.000000000000000082E-05 ), #1546, 'distance_accuracy_value', 'NONE');
#1226 = VECTOR ( 'NONE', #559, 1000.000000000000000 ) ;
#1227 = DIRECTION ( 'NONE',  ( -0.000000000000000000, 1.000000000000000000, -0.000000000000000000 ) ) ;
#1228 = UNCERTAINTY_MEASURE_WITH_UNIT (LENGTH_MEASURE( 1.000000000000000082E-05 ), #2912, 'distance_accuracy_value', 'NONE');
#1229 = PRESENTATION_STYLE_ASSIGNMENT (( #554 ) ) ;
#1230 = STYLED_ITEM ( 'NONE', ( #3418 ), #2849 ) ;
#1231 = VERTEX_POINT ( 'NONE', #197 ) ;
#1232 = FILL_AREA_STYLE_COLOUR ( '', #116 ) ;
#1233 = CARTESIAN_POINT ( 'NONE',  ( 0.1388232159864901949, 0.8399999999999999689, 0.2800000000000000266 ) ) ;
#1234 = APPLICATION_PROTOCOL_DEFINITION ( 'draft international standard', 'automotive_design', 1998, #688 ) ;
#1235 = AXIS2_PLACEMENT_3D ( 'NONE', #1933, #527, #3245 ) ;
#1236 = COLOUR_RGB ( '',0.7529411764705882248, 0.7529411764705882248, 0.7529411764705882248 ) ;
#1237 = LINE ( 'NONE', #3910, #1649 ) ;
#1238 = PRESENTATION_LAYER_ASSIGNMENT (  '', '', ( #804 ) ) ;
#1239 = DIRECTION ( 'NONE',  ( -0.000000000000000000, 1.000000000000000000, -0.000000000000000000 ) ) ;
#1240 = CARTESIAN_POINT ( 'NONE',  ( 0.2800000000000008593, 0.000000000000000000, -0.4999999999999998890 ) ) ;
#1241 = VERTEX_POINT ( 'NONE', #2836 ) ;
#1242 = DIRECTION ( 'NONE',  ( 7.228014483236698528E-16, 0.000000000000000000, 1.000000000000000000 ) ) ;
#1243 =( GEOMETRIC_REPRESENTATION_CONTEXT ( 3 ) GLOBAL_UNCERTAINTY_ASSIGNED_CONTEXT ( ( #13 ) ) GLOBAL_UNIT_ASSIGNED_CONTEXT ( ( #2085, #386, #2998 ) ) REPRESENTATION_CONTEXT ( 'NONE', 'WORKASPACE' ) );
#1244 = PRESENTATION_LAYER_ASSIGNMENT (  '', '', ( #4125 ) ) ;
#1245 = MECHANICAL_DESIGN_GEOMETRIC_PRESENTATION_REPRESENTATION (  '', ( #882 ), #1602 ) ;
#1246 = ORIENTED_EDGE ( 'NONE', *, *, #774, .F. ) ;
#1247 = CARTESIAN_POINT ( 'NONE',  ( 1.270000000000001128, 0.000000000000000000, 0.000000000000000000 ) ) ;
#1248 = UNCERTAINTY_MEASURE_WITH_UNIT (LENGTH_MEASURE( 1.000000000000000082E-05 ), #2653, 'distance_accuracy_value', 'NONE');
#1249 = EDGE_CURVE ( 'NONE', #249, #768, #3810, .T. ) ;
#1250 = ORIENTED_EDGE ( 'NONE', *, *, #3346, .T. ) ;
#1251 = VECTOR ( 'NONE', #184, 1000.000000000000000 ) ;
#1252 = DIRECTION ( 'NONE',  ( 0.000000000000000000, 0.000000000000000000, -1.000000000000000000 ) ) ;
#1253 = AXIS2_PLACEMENT_3D ( 'NONE', #494, #2382, #1837 ) ;
#1254 =( NAMED_UNIT ( * ) PLANE_ANGLE_UNIT ( ) SI_UNIT ( $, .RADIAN. ) );
#1255 = ADVANCED_FACE ( 'NONE', ( #1083 ), #2652, .T. ) ;
#1256 = ORIENTED_EDGE ( 'NONE', *, *, #1883, .T. ) ;
#1257 = FILL_AREA_STYLE_COLOUR ( '', #2437 ) ;
#1258 = DIRECTION ( 'NONE',  ( 0.000000000000000000, 0.000000000000000000, 1.000000000000000000 ) ) ;
#1259 = DIRECTION ( 'NONE',  ( -0.000000000000000000, 0.000000000000000000, -1.000000000000000000 ) ) ;
#1260 = CARTESIAN_POINT ( 'NONE',  ( 0.7100000000000011857, 0.9399999999999999467, -0.7999999999999999334 ) ) ;
#1261 = SURFACE_STYLE_FILL_AREA ( #3239 ) ;
#1262 = FACE_OUTER_BOUND ( 'NONE', #3386, .T. ) ;
#1263 = SURFACE_STYLE_USAGE ( .BOTH. , #589 ) ;
#1264 = VERTEX_POINT ( 'NONE', #2330 ) ;
#1265 = EDGE_CURVE ( 'NONE', #2419, #368, #3954, .T. ) ;
#1266 = PLANE ( 'NONE',  #1854 ) ;
#1267 = VERTEX_POINT ( 'NONE', #2617 ) ;
#1268 = DIRECTION ( 'NONE',  ( 0.000000000000000000, 0.000000000000000000, -1.000000000000000000 ) ) ;
#1269 = FILL_AREA_STYLE_COLOUR ( '', #452 ) ;
#1270 = DIRECTION ( 'NONE',  ( 0.000000000000000000, 0.000000000000000000, -1.000000000000000000 ) ) ;
#1271 =( LENGTH_UNIT ( ) NAMED_UNIT ( * ) SI_UNIT ( .MILLI., .METRE. ) );
#1272 = VERTEX_POINT ( 'NONE', #56 ) ;
#1273 = UNCERTAINTY_MEASURE_WITH_UNIT (LENGTH_MEASURE( 1.000000000000000082E-05 ), #3592, 'distance_accuracy_value', 'NONE');
#1274 = ADVANCED_FACE ( 'NONE', ( #1363 ), #3979, .F. ) ;
#1275 = VERTEX_POINT ( 'NONE', #3684 ) ;
#1276 = DIRECTION ( 'NONE',  ( -0.000000000000000000, 1.000000000000000000, -0.000000000000000000 ) ) ;
#1277 = CARTESIAN_POINT ( 'NONE',  ( 1.270000000000001128, 0.9399999999999999467, 0.4999999999999998890 ) ) ;
#1278 = STYLED_ITEM ( 'NONE', ( #4075 ), #1004 ) ;
#1279 = FILL_AREA_STYLE_COLOUR ( '', #3438 ) ;
#1280 = DIRECTION ( 'NONE',  ( 0.000000000000000000, 0.000000000000000000, 1.000000000000000000 ) ) ;
#1281 = DIRECTION ( 'NONE',  ( -1.000000000000000000, 0.000000000000000000, 0.000000000000000000 ) ) ;
#1282 = SURFACE_STYLE_USAGE ( .BOTH. , #908 ) ;
#1283 = LINE ( 'NONE', #2593, #3688 ) ;
#1284 = COLOUR_RGB ( '',0.7529411764705882248, 0.7529411764705882248, 0.7529411764705882248 ) ;
#1285 =( NAMED_UNIT ( * ) PLANE_ANGLE_UNIT ( ) SI_UNIT ( $, .RADIAN. ) );
#1286 = CARTESIAN_POINT ( 'NONE',  ( -1.300000000000000933, 0.9399999999999999467, -0.2550000000000000044 ) ) ;
#1287 = AXIS2_PLACEMENT_3D ( 'NONE', #224, #952, #2533 ) ;
#1288 = FILL_AREA_STYLE ('',( #3550 ) ) ;
#1289 =( GEOMETRIC_REPRESENTATION_CONTEXT ( 3 ) GLOBAL_UNCERTAINTY_ASSIGNED_CONTEXT ( ( #2705 ) ) GLOBAL_UNIT_ASSIGNED_CONTEXT ( ( #2905, #1200, #201 ) ) REPRESENTATION_CONTEXT ( 'NONE', 'WORKASPACE' ) );
#1290 = EDGE_CURVE ( 'NONE', #566, #2551, #3933, .T. ) ;
#1291 = AXIS2_PLACEMENT_3D ( 'NONE', #3173, #1215, #3829 ) ;
#1292 = CARTESIAN_POINT ( 'NONE',  ( -1.600000000000000977, 0.9399999999999999467, 0.2550000000000000044 ) ) ;
#1293 = FILL_AREA_STYLE ('',( #1257 ) ) ;
#1294 = PRODUCT_CONTEXT ( 'NONE', #688, 'mechanical' ) ;
#1295 = MECHANICAL_DESIGN_GEOMETRIC_PRESENTATION_REPRESENTATION (  '', ( #1644 ), #2734 ) ;
#1296 = FILL_AREA_STYLE ('',( #538 ) ) ;
#1297 = MECHANICAL_DESIGN_GEOMETRIC_PRESENTATION_REPRESENTATION (  '', ( #1355 ), #179 ) ;
#1298 = EDGE_CURVE ( 'NONE', #3000, #2768, #4265, .T. ) ;
#1299 = COLOUR_RGB ( '',0.7529411764705882248, 0.7529411764705882248, 0.7529411764705882248 ) ;
#1300 = VECTOR ( 'NONE', #2038, 1000.000000000000000 ) ;
#1301 = FACE_OUTER_BOUND ( 'NONE', #3778, .T. ) ;
#1302 = DIRECTION ( 'NONE',  ( 0.000000000000000000, 1.000000000000000000, 0.000000000000000000 ) ) ;
#1303 = SURFACE_STYLE_FILL_AREA ( #3929 ) ;
#1304 = AXIS2_PLACEMENT_3D ( 'NONE', #125, #3109, #2771 ) ;
#1305 = DIRECTION ( 'NONE',  ( 0.000000000000000000, 0.000000000000000000, -1.000000000000000000 ) ) ;
#1306 = LINE ( 'NONE', #1044, #2945 ) ;
#1307 = VECTOR ( 'NONE', #1756, 1000.000000000000000 ) ;
#1308 = CARTESIAN_POINT ( 'NONE',  ( 0.1388232159864901949, 0.8399999999999999689, 0.2800000000000000266 ) ) ;
#1309 = SURFACE_SIDE_STYLE ('',( #2332 ) ) ;
#1310 = EDGE_LOOP ( 'NONE', ( #2370, #4163, #2659, #2709 ) ) ;
#1311 = VECTOR ( 'NONE', #3723, 1000.000000000000000 ) ;
#1312 = PRESENTATION_STYLE_ASSIGNMENT (( #3628 ) ) ;
#1313 = LINE ( 'NONE', #2580, #2908 ) ;
#1314 =( NAMED_UNIT ( * ) PLANE_ANGLE_UNIT ( ) SI_UNIT ( $, .RADIAN. ) );
#1315 = DIRECTION ( 'NONE',  ( 0.000000000000000000, 0.000000000000000000, -1.000000000000000000 ) ) ;
#1316 = SURFACE_STYLE_FILL_AREA ( #4259 ) ;
#1317 = DIRECTION ( 'NONE',  ( -0.000000000000000000, 0.000000000000000000, -1.000000000000000000 ) ) ;
#1318 = EDGE_CURVE ( 'NONE', #3588, #3451, #1660, .T. ) ;
#1319 = VERTEX_POINT ( 'NONE', #11 ) ;
#1320 = SURFACE_STYLE_FILL_AREA ( #9 ) ;
#1321 = PLANE ( 'NONE',  #821 ) ;
#1322 = CARTESIAN_POINT ( 'NONE',  ( -1.600000000000000977, 0.9399999999999999467, -0.2550000000000000044 ) ) ;
#1323 = PRESENTATION_STYLE_ASSIGNMENT (( #3365 ) ) ;
#1324 = SURFACE_STYLE_FILL_AREA ( #1681 ) ;
#1325 =( NAMED_UNIT ( * ) SI_UNIT ( $, .STERADIAN. ) SOLID_ANGLE_UNIT ( ) );
#1326 = ORIENTED_EDGE ( 'NONE', *, *, #4013, .F. ) ;
#1327 =( NAMED_UNIT ( * ) PLANE_ANGLE_UNIT ( ) SI_UNIT ( $, .RADIAN. ) );
#1328 = SURFACE_STYLE_FILL_AREA ( #728 ) ;
#1329 = SURFACE_STYLE_FILL_AREA ( #3987 ) ;
#1330 = ORIENTED_EDGE ( 'NONE', *, *, #1340, .F. ) ;
#1331 = ADVANCED_FACE ( 'NONE', ( #1678 ), #3661, .T. ) ;
#1332 = FILL_AREA_STYLE ('',( #3554 ) ) ;
#1333 = ORIENTED_EDGE ( 'NONE', *, *, #4050, .T. ) ;
#1334 = LINE ( 'NONE', #3967, #4182 ) ;
#1335 = ORIENTED_EDGE ( 'NONE', *, *, #1880, .T. ) ;
#1336 = CARTESIAN_POINT ( 'NONE',  ( -0.2799999999999991940, 0.9399999999999999467, -0.5000000000000000000 ) ) ;
#1337 = FACE_OUTER_BOUND ( 'NONE', #1444, .T. ) ;
#1338 = FACE_OUTER_BOUND ( 'NONE', #1416, .T. ) ;
#1339 = COLOUR_RGB ( '',0.7529411764705882248, 0.7529411764705882248, 0.7529411764705882248 ) ;
#1340 = EDGE_CURVE ( 'NONE', #1997, #429, #2745, .T. ) ;
#1341 = SURFACE_STYLE_USAGE ( .BOTH. , #1364 ) ;
#1342 = EDGE_LOOP ( 'NONE', ( #83, #1870, #1805, #1395 ) ) ;
#1343 = DIRECTION ( 'NONE',  ( 0.000000000000000000, -0.000000000000000000, 1.000000000000000000 ) ) ;
#1344 = CARTESIAN_POINT ( 'NONE',  ( 1.300000000000000933, -4.000000000000000000, 0.2550000000000000044 ) ) ;
#1345 = LINE ( 'NONE', #2337, #185 ) ;
#1346 = AXIS2_PLACEMENT_3D ( 'NONE', #1408, #1725, #1343 ) ;
#1347 = ADVANCED_FACE ( 'NONE', ( #4070 ), #2453, .T. ) ;
#1348 = PRESENTATION_STYLE_ASSIGNMENT (( #387 ) ) ;
#1349 = VECTOR ( 'NONE', #1812, 1000.000000000000000 ) ;
#1350 = EDGE_LOOP ( 'NONE', ( #1246, #3375, #3883, #2704 ) ) ;
#1351 = CARTESIAN_POINT ( 'NONE',  ( 9.680376540049145852E-17, 0.000000000000000000, 0.5000000000000001110 ) ) ;
#1352 = VECTOR ( 'NONE', #1302, 1000.000000000000000 ) ;
#1353 = ORIENTED_EDGE ( 'NONE', *, *, #3717, .T. ) ;
#1354 = STYLED_ITEM ( 'NONE', ( #1405 ), #3235 ) ;
#1355 = STYLED_ITEM ( 'NONE', ( #497 ), #2563 ) ;
#1356 =( LENGTH_UNIT ( ) NAMED_UNIT ( * ) SI_UNIT ( .MILLI., .METRE. ) );
#1357 = STYLED_ITEM ( 'NONE', ( #2904 ), #2495 ) ;
#1358 = DIRECTION ( 'NONE',  ( 0.000000000000000000, 1.000000000000000000, -0.000000000000000000 ) ) ;
#1359 = VECTOR ( 'NONE', #1618, 1000.000000000000000 ) ;
#1360 = AXIS2_PLACEMENT_3D ( 'NONE', #2972, #1728, #1705 ) ;
#1361 = SURFACE_SIDE_STYLE ('',( #2984 ) ) ;
#1362 = SURFACE_STYLE_FILL_AREA ( #980 ) ;
#1363 = FACE_OUTER_BOUND ( 'NONE', #3589, .T. ) ;
#1364 = SURFACE_SIDE_STYLE ('',( #1741 ) ) ;
#1365 = VECTOR ( 'NONE', #1156, 1000.000000000000000 ) ;
#1366 = UNCERTAINTY_MEASURE_WITH_UNIT (LENGTH_MEASURE( 1.000000000000000082E-05 ), #806, 'distance_accuracy_value', 'NONE');
#1367 = DIRECTION ( 'NONE',  ( 0.000000000000000000, 0.000000000000000000, -1.000000000000000000 ) ) ;
#1368 = COLOUR_RGB ( '',1.000000000000000000, 1.000000000000000000, 1.000000000000000000 ) ;
#1369 = VECTOR ( 'NONE', #2804, 1000.000000000000000 ) ;
#1370 =( NAMED_UNIT ( * ) SI_UNIT ( $, .STERADIAN. ) SOLID_ANGLE_UNIT ( ) );
#1371 = EDGE_CURVE ( 'NONE', #2922, #3442, #765, .T. ) ;
#1372 = AXIS2_PLACEMENT_3D ( 'NONE', #3081, #1810, #2770 ) ;
#1373 = UNCERTAINTY_MEASURE_WITH_UNIT (LENGTH_MEASURE( 1.000000000000000082E-05 ), #3526, 'distance_accuracy_value', 'NONE');
#1374 = SURFACE_STYLE_FILL_AREA ( #3992 ) ;
#1375 = ORIENTED_EDGE ( 'NONE', *, *, #49, .T. ) ;
#1376 = FACE_OUTER_BOUND ( 'NONE', #2066, .T. ) ;
#1377 = ADVANCED_FACE ( 'NONE', ( #1757 ), #415, .T. ) ;
#1378 = ORIENTED_EDGE ( 'NONE', *, *, #2275, .T. ) ;
#1379 = VECTOR ( 'NONE', #1268, 1000.000000000000000 ) ;
#1380 =( NAMED_UNIT ( * ) PLANE_ANGLE_UNIT ( ) SI_UNIT ( $, .RADIAN. ) );
#1381 = CARTESIAN_POINT ( 'NONE',  ( -1.599999999999999423, 0.9399999999999999467, -0.8000000000000001554 ) ) ;
#1382 = VECTOR ( 'NONE', #1738, 1000.000000000000000 ) ;
#1383 =( NAMED_UNIT ( * ) SI_UNIT ( $, .STERADIAN. ) SOLID_ANGLE_UNIT ( ) );
#1384 =( NAMED_UNIT ( * ) SI_UNIT ( $, .STERADIAN. ) SOLID_ANGLE_UNIT ( ) );
#1385 = EDGE_CURVE ( 'NONE', #852, #2307, #746, .T. ) ;
#1386 = CARTESIAN_POINT ( 'NONE',  ( -1.269999999999999352, 0.9399999999999999467, 0.5000000000000000000 ) ) ;
#1387 = SURFACE_STYLE_FILL_AREA ( #2721 ) ;
#1388 = LINE ( 'NONE', #1151, #2379 ) ;
#1389 = ORIENTED_EDGE ( 'NONE', *, *, #4123, .T. ) ;
#1390 = SURFACE_STYLE_FILL_AREA ( #60 ) ;
#1391 =( NAMED_UNIT ( * ) PLANE_ANGLE_UNIT ( ) SI_UNIT ( $, .RADIAN. ) );
#1392 = EDGE_CURVE ( 'NONE', #2578, #831, #2868, .T. ) ;
#1393 = ORIENTED_EDGE ( 'NONE', *, *, #1951, .F. ) ;
#1394 = PLANE ( 'NONE',  #648 ) ;
#1395 = ORIENTED_EDGE ( 'NONE', *, *, #1068, .T. ) ;
#1396 = CARTESIAN_POINT ( 'NONE',  ( -0.2799999999999990274, 0.000000000000000000, -0.7999999999999999334 ) ) ;
#1397 = SURFACE_STYLE_USAGE ( .BOTH. , #1474 ) ;
#1398 = SURFACE_SIDE_STYLE ('',( #1691 ) ) ;
#1399 = FILL_AREA_STYLE ('',( #1279 ) ) ;
#1400 = MECHANICAL_DESIGN_GEOMETRIC_PRESENTATION_REPRESENTATION (  '', ( #1043 ), #543 ) ;
#1401 = CARTESIAN_POINT ( 'NONE',  ( -1.269999999999999130, 0.9399999999999999467, 0.7999999999999999334 ) ) ;
#1402 = DIRECTION ( 'NONE',  ( 7.228014483236698528E-16, 0.000000000000000000, 1.000000000000000000 ) ) ;
#1403 = ADVANCED_FACE ( 'NONE', ( #2219 ), #3536, .F. ) ;
#1404 =( NAMED_UNIT ( * ) SI_UNIT ( $, .STERADIAN. ) SOLID_ANGLE_UNIT ( ) );
#1405 = PRESENTATION_STYLE_ASSIGNMENT (( #399 ) ) ;
#1406 = VECTOR ( 'NONE', #2079, 1000.000000000000000 ) ;
#1407 = EDGE_LOOP ( 'NONE', ( #3714, #2155, #2524, #1872 ) ) ;
#1408 = CARTESIAN_POINT ( 'NONE',  ( 0.000000000000000000, 0.9399999999999999467, 0.000000000000000000 ) ) ;
#1409 = AXIS2_PLACEMENT_3D ( 'NONE', #3406, #465, #3076 ) ;
#1410 = CARTESIAN_POINT ( 'NONE',  ( -1.600000000000000977, 0.9399999999999999467, -0.2550000000000000044 ) ) ;
#1411 = ORIENTED_EDGE ( 'NONE', *, *, #4250, .T. ) ;
#1412 = PRESENTATION_LAYER_ASSIGNMENT (  '', '', ( #632 ) ) ;
#1413 = UNCERTAINTY_MEASURE_WITH_UNIT (LENGTH_MEASURE( 1.000000000000000082E-05 ), #3381, 'distance_accuracy_value', 'NONE');
#1414 = LINE ( 'NONE', #2375, #1091 ) ;
#1415 = FILL_AREA_STYLE_COLOUR ( '', #2585 ) ;
#1416 = EDGE_LOOP ( 'NONE', ( #544, #2240, #2295, #1186 ) ) ;
#1417 = STYLED_ITEM ( 'NONE', ( #4126 ), #1814 ) ;
#1418 = EDGE_CURVE ( 'NONE', #1438, #427, #309, .T. ) ;
#1419 = ORIENTED_EDGE ( 'NONE', *, *, #346, .F. ) ;
#1420 = VECTOR ( 'NONE', #2190, 1000.000000000000000 ) ;
#1421 = LINE ( 'NONE', #3067, #2469 ) ;
#1422 = LINE ( 'NONE', #4016, #2892 ) ;
#1423 = SURFACE_STYLE_USAGE ( .BOTH. , #1456 ) ;
#1424 = VECTOR ( 'NONE', #463, 1000.000000000000000 ) ;
#1425 = FILL_AREA_STYLE_COLOUR ( '', #2738 ) ;
#1426 = ADVANCED_FACE ( 'NONE', ( #2290 ), #971, .F. ) ;
#1427 = STYLED_ITEM ( 'NONE', ( #1434 ), #3226 ) ;
#1428 = COLOUR_RGB ( '',0.7529411764705882248, 0.7529411764705882248, 0.7529411764705882248 ) ;
#1429 = PLANE ( 'NONE',  #2676 ) ;
#1430 = COLOUR_RGB ( '',0.7529411764705882248, 0.7529411764705882248, 0.7529411764705882248 ) ;
#1431 = CARTESIAN_POINT ( 'NONE',  ( -0.2799999999999995826, 0.000000000000000000, 2.023844055306272560E-16 ) ) ;
#1432 = CARTESIAN_POINT ( 'NONE',  ( 0.7100000000000006306, 0.000000000000000000, 5.131890283098060895E-16 ) ) ;
#1433 = VECTOR ( 'NONE', #613, 1000.000000000000000 ) ;
#1434 = PRESENTATION_STYLE_ASSIGNMENT (( #4054 ) ) ;
#1435 = AXIS2_PLACEMENT_3D ( 'NONE', #1595, #4157, #2870 ) ;
#1436 = DIRECTION ( 'NONE',  ( 1.000000000000000000, 0.000000000000000000, 0.000000000000000000 ) ) ;
#1437 = EDGE_CURVE ( 'NONE', #1895, #924, #635, .T. ) ;
#1438 = VERTEX_POINT ( 'NONE', #1971 ) ;
#1439 = FACE_OUTER_BOUND ( 'NONE', #551, .T. ) ;
#1440 = COLOUR_RGB ( '',0.7529411764705882248, 0.7529411764705882248, 0.7529411764705882248 ) ;
#1441 = ADVANCED_FACE ( 'NONE', ( #992 ), #1669, .F. ) ;
#1442 =( NAMED_UNIT ( * ) PLANE_ANGLE_UNIT ( ) SI_UNIT ( $, .RADIAN. ) );
#1443 =( LENGTH_UNIT ( ) NAMED_UNIT ( * ) SI_UNIT ( .MILLI., .METRE. ) );
#1444 = EDGE_LOOP ( 'NONE', ( #511, #2424, #2541, #406 ) ) ;
#1445 = SURFACE_STYLE_USAGE ( .BOTH. , #2357 ) ;
#1446 =( LENGTH_UNIT ( ) NAMED_UNIT ( * ) SI_UNIT ( .MILLI., .METRE. ) );
#1447 = STYLED_ITEM ( 'NONE', ( #1735 ), #4114 ) ;
#1448 = EDGE_LOOP ( 'NONE', ( #104, #4131, #4152, #3202 ) ) ;
#1449 = ADVANCED_FACE ( 'NONE', ( #2086 ), #3023, .T. ) ;
#1450 = CARTESIAN_POINT ( 'NONE',  ( 9.680376540049143387E-17, 0.000000000000000000, -0.4999999999999997780 ) ) ;
#1451 = COLOUR_RGB ( '',0.7529411764705882248, 0.7529411764705882248, 0.7529411764705882248 ) ;
#1452 = VECTOR ( 'NONE', #1155, 1000.000000000000000 ) ;
#1453 = ORIENTED_EDGE ( 'NONE', *, *, #3064, .T. ) ;
#1454 = PLANE ( 'NONE',  #470 ) ;
#1455 = DIRECTION ( 'NONE',  ( -0.000000000000000000, 0.000000000000000000, -1.000000000000000000 ) ) ;
#1456 = SURFACE_SIDE_STYLE ('',( #86 ) ) ;
#1457 = DIRECTION ( 'NONE',  ( 0.000000000000000000, 1.000000000000000000, 0.000000000000000000 ) ) ;
#1458 = SURFACE_SIDE_STYLE ('',( #2075 ) ) ;
#1459 = ADVANCED_FACE ( 'NONE', ( #1059 ), #347, .T. ) ;
#1460 = CLOSED_SHELL ( 'NONE', ( #1331, #3613, #1514, #1459, #2775, #663 ) ) ;
#1461 = LINE ( 'NONE', #1431, #2991 ) ;
#1462 = PRESENTATION_LAYER_ASSIGNMENT (  '', '', ( #532 ) ) ;
#1463 = SURFACE_SIDE_STYLE ('',( #1806 ) ) ;
#1464 = DIRECTION ( 'NONE',  ( -0.000000000000000000, 1.000000000000000000, -0.000000000000000000 ) ) ;
#1465 = EDGE_LOOP ( 'NONE', ( #824, #1034, #3113, #3309 ) ) ;
#1466 = CARTESIAN_POINT ( 'NONE',  ( 0.7100000000000011857, 0.9399999999999999467, 0.7999999999999999334 ) ) ;
#1467 = FILL_AREA_STYLE ('',( #1992 ) ) ;
#1468 = VERTEX_POINT ( 'NONE', #3697 ) ;
#1469 = UNCERTAINTY_MEASURE_WITH_UNIT (LENGTH_MEASURE( 1.000000000000000082E-05 ), #4208, 'distance_accuracy_value', 'NONE');
#1470 = CARTESIAN_POINT ( 'NONE',  ( 0.7100000000000011857, -4.000000000000000000, -0.7999999999999999334 ) ) ;
#1471 = ORIENTED_EDGE ( 'NONE', *, *, #2529, .T. ) ;
#1472 =( LENGTH_UNIT ( ) NAMED_UNIT ( * ) SI_UNIT ( .MILLI., .METRE. ) );
#1473 = ORIENTED_EDGE ( 'NONE', *, *, #2199, .T. ) ;
#1474 = SURFACE_SIDE_STYLE ('',( #2447 ) ) ;
#1475 = PRESENTATION_STYLE_ASSIGNMENT (( #3744 ) ) ;
#1476 = SURFACE_SIDE_STYLE ('',( #1100 ) ) ;
#1477 = DIRECTION ( 'NONE',  ( -1.000000000000000000, 0.000000000000000000, 0.000000000000000000 ) ) ;
#1478 = ORIENTED_EDGE ( 'NONE', *, *, #1298, .T. ) ;
#1479 = FILL_AREA_STYLE ('',( #3031 ) ) ;
#1480 = EDGE_CURVE ( 'NONE', #3675, #1272, #2974, .T. ) ;
#1481 = LINE ( 'NONE', #4098, #2168 ) ;
#1482 = ORIENTED_EDGE ( 'NONE', *, *, #2194, .T. ) ;
#1483 = DIRECTION ( 'NONE',  ( -7.228014483236698528E-16, 0.000000000000000000, 1.000000000000000000 ) ) ;
#1484 = LINE ( 'NONE', #3788, #1365 ) ;
#1485 = CARTESIAN_POINT ( 'NONE',  ( 1.270000000000001128, -4.000000000000000000, 0.7999999999999999334 ) ) ;
#1486 = SURFACE_STYLE_FILL_AREA ( #2401 ) ;
#1487 =( NAMED_UNIT ( * ) SI_UNIT ( $, .STERADIAN. ) SOLID_ANGLE_UNIT ( ) );
#1488 = ORIENTED_EDGE ( 'NONE', *, *, #2634, .T. ) ;
#1489 = DIRECTION ( 'NONE',  ( 1.000000000000000000, 0.000000000000000000, 0.000000000000000000 ) ) ;
#1490 = ORIENTED_EDGE ( 'NONE', *, *, #2619, .T. ) ;
#1491 =( NAMED_UNIT ( * ) PLANE_ANGLE_UNIT ( ) SI_UNIT ( $, .RADIAN. ) );
#1492 = EDGE_LOOP ( 'NONE', ( #2729, #3128, #1490, #2218 ) ) ;
#1493 = CARTESIAN_POINT ( 'NONE',  ( -1.300000000000000933, -4.000000000000000000, -0.2550000000000000044 ) ) ;
#1494 = AXIS2_PLACEMENT_3D ( 'NONE', #3236, #2928, #3590 ) ;
#1495 = DIRECTION ( 'NONE',  ( 1.000000000000000000, 0.000000000000000000, 0.000000000000000000 ) ) ;
#1496 = FILL_AREA_STYLE_COLOUR ( '', #105 ) ;
#1497 = PRESENTATION_LAYER_ASSIGNMENT (  '', '', ( #2176 ) ) ;
#1498 = DIRECTION ( 'NONE',  ( 0.000000000000000000, 1.000000000000000000, 0.000000000000000000 ) ) ;
#1499 = PRESENTATION_LAYER_ASSIGNMENT (  '', '', ( #1576 ) ) ;
#1500 = ORIENTED_EDGE ( 'NONE', *, *, #3600, .F. ) ;
#1501 = SURFACE_SIDE_STYLE ('',( #2480 ) ) ;
#1502 =( LENGTH_UNIT ( ) NAMED_UNIT ( * ) SI_UNIT ( .MILLI., .METRE. ) );
#1503 = VECTOR ( 'NONE', #1084, 1000.000000000000000 ) ;
#1504 = STYLED_ITEM ( 'NONE', ( #2046 ), #2428 ) ;
#1505 = ORIENTED_EDGE ( 'NONE', *, *, #2122, .F. ) ;
#1506 = PLANE ( 'NONE',  #3087 ) ;
#1507 = SURFACE_SIDE_STYLE ('',( #791 ) ) ;
#1508 = MECHANICAL_DESIGN_GEOMETRIC_PRESENTATION_REPRESENTATION (  '', ( #37 ), #3822 ) ;
#1509 = UNCERTAINTY_MEASURE_WITH_UNIT (LENGTH_MEASURE( 1.000000000000000082E-05 ), #4087, 'distance_accuracy_value', 'NONE');
#1510 = CARTESIAN_POINT ( 'NONE',  ( -1.269999999999999130, 0.000000000000000000, -0.7999999999999999334 ) ) ;
#1511 = PRESENTATION_LAYER_ASSIGNMENT (  '', '', ( #2812 ) ) ;
#1512 = VERTEX_POINT ( 'NONE', #1018 ) ;
#1513 = VECTOR ( 'NONE', #407, 1000.000000000000000 ) ;
#1514 = ADVANCED_FACE ( 'NONE', ( #2342 ), #3652, .T. ) ;
#1515 = CARTESIAN_POINT ( 'NONE',  ( 0.000000000000000000, 0.000000000000000000, 0.000000000000000000 ) ) ;
#1516 = AXIS2_PLACEMENT_3D ( 'NONE', #1831, #469, #1159 ) ;
#1517 = VERTEX_POINT ( 'NONE', #773 ) ;
#1518 = ORIENTED_EDGE ( 'NONE', *, *, #4021, .T. ) ;
#1519 = PRESENTATION_LAYER_ASSIGNMENT (  '', '', ( #3361 ) ) ;
#1520 = CARTESIAN_POINT ( 'NONE',  ( 1.300000000000000933, 0.000000000000000000, 0.000000000000000000 ) ) ;
#1521 = CARTESIAN_POINT ( 'NONE',  ( -1.269999999999999130, 0.000000000000000000, -0.7999999999999999334 ) ) ;
#1522 = CARTESIAN_POINT ( 'NONE',  ( 1.600000000000000977, 0.000000000000000000, 0.2550000000000000044 ) ) ;
#1523 = EDGE_CURVE ( 'NONE', #3966, #2931, #3776, .T. ) ;
#1524 = VECTOR ( 'NONE', #3657, 1000.000000000000000 ) ;
#1525 =( NAMED_UNIT ( * ) PLANE_ANGLE_UNIT ( ) SI_UNIT ( $, .RADIAN. ) );
#1526 =( GEOMETRIC_REPRESENTATION_CONTEXT ( 3 ) GLOBAL_UNCERTAINTY_ASSIGNED_CONTEXT ( ( #1680 ) ) GLOBAL_UNIT_ASSIGNED_CONTEXT ( ( #991, #3022, #3671 ) ) REPRESENTATION_CONTEXT ( 'NONE', 'WORKASPACE' ) );
#1527 = PRESENTATION_LAYER_ASSIGNMENT (  '', '', ( #810 ) ) ;
#1528 = DIRECTION ( 'NONE',  ( 1.000000000000000000, 0.000000000000000000, 0.000000000000000000 ) ) ;
#1529 = ORIENTED_EDGE ( 'NONE', *, *, #1099, .T. ) ;
#1530 = DIRECTION ( 'NONE',  ( -1.000000000000000000, 0.000000000000000000, 0.000000000000000000 ) ) ;
#1531 = ORIENTED_EDGE ( 'NONE', *, *, #3862, .T. ) ;
#1532 = LINE ( 'NONE', #1466, #1452 ) ;
#1533 = EDGE_CURVE ( 'NONE', #1201, #838, #4133, .T. ) ;
#1534 = DIRECTION ( 'NONE',  ( -1.936075308009829417E-16, 0.000000000000000000, -1.000000000000000000 ) ) ;
#1535 = VECTOR ( 'NONE', #2855, 1000.000000000000000 ) ;
#1536 =( NAMED_UNIT ( * ) SI_UNIT ( $, .STERADIAN. ) SOLID_ANGLE_UNIT ( ) );
#1537 = SURFACE_SIDE_STYLE ('',( #1876 ) ) ;
#1538 = FILL_AREA_STYLE_COLOUR ( '', #2324 ) ;
#1539 = EDGE_LOOP ( 'NONE', ( #3815, #2759, #152, #1116 ) ) ;
#1540 = CARTESIAN_POINT ( 'NONE',  ( 0.7100000000000009637, 0.9399999999999999467, -0.5000000000000000000 ) ) ;
#1541 = EDGE_CURVE ( 'NONE', #4144, #574, #3184, .T. ) ;
#1542 = ORIENTED_EDGE ( 'NONE', *, *, #3991, .F. ) ;
#1543 = FILL_AREA_STYLE ('',( #1232 ) ) ;
#1544 = LINE ( 'NONE', #3519, #625 ) ;
#1545 = LINE ( 'NONE', #1105, #2598 ) ;
#1546 =( LENGTH_UNIT ( ) NAMED_UNIT ( * ) SI_UNIT ( .MILLI., .METRE. ) );
#1547 = SURFACE_SIDE_STYLE ('',( #3538 ) ) ;
#1548 = LINE ( 'NONE', #2224, #2876 ) ;
#1549 = ORIENTED_EDGE ( 'NONE', *, *, #889, .F. ) ;
#1550 =( NAMED_UNIT ( * ) PLANE_ANGLE_UNIT ( ) SI_UNIT ( $, .RADIAN. ) );
#1551 = ORIENTED_EDGE ( 'NONE', *, *, #650, .T. ) ;
#1552 = CARTESIAN_POINT ( 'NONE',  ( 1.600000000000001199, 0.000000000000000000, -0.8000000000000001554 ) ) ;
#1553 = EDGE_CURVE ( 'NONE', #4033, #3481, #3112, .T. ) ;
#1554 =( NAMED_UNIT ( * ) PLANE_ANGLE_UNIT ( ) SI_UNIT ( $, .RADIAN. ) );
#1555 = LINE ( 'NONE', #549, #371 ) ;
#1556 = CARTESIAN_POINT ( 'NONE',  ( -1.600000000000000977, 0.000000000000000000, 0.2550000000000000044 ) ) ;
#1557 = ORIENTED_EDGE ( 'NONE', *, *, #3038, .F. ) ;
#1558 = LINE ( 'NONE', #205, #3606 ) ;
#1559 =( NAMED_UNIT ( * ) PLANE_ANGLE_UNIT ( ) SI_UNIT ( $, .RADIAN. ) );
#1560 = PRESENTATION_LAYER_ASSIGNMENT (  '', '', ( #2926 ) ) ;
#1561 = EDGE_LOOP ( 'NONE', ( #1938, #514, #3227, #3095 ) ) ;
#1562 = CARTESIAN_POINT ( 'NONE',  ( -1.599999999999999423, 0.000000000000000000, -0.8000000000000001554 ) ) ;
#1563 = CARTESIAN_POINT ( 'NONE',  ( -1.599999999999999423, 0.9399999999999999467, 0.7999999999999999334 ) ) ;
#1564 = SURFACE_STYLE_USAGE ( .BOTH. , #4180 ) ;
#1565 =( GEOMETRIC_REPRESENTATION_CONTEXT ( 3 ) GLOBAL_UNCERTAINTY_ASSIGNED_CONTEXT ( ( #2864 ) ) GLOBAL_UNIT_ASSIGNED_CONTEXT ( ( #1125, #1804, #3100 ) ) REPRESENTATION_CONTEXT ( 'NONE', 'WORKASPACE' ) );
#1566 =( LENGTH_UNIT ( ) NAMED_UNIT ( * ) SI_UNIT ( .MILLI., .METRE. ) );
#1567 = UNCERTAINTY_MEASURE_WITH_UNIT (LENGTH_MEASURE( 1.000000000000000082E-05 ), #76, 'distance_accuracy_value', 'NONE');
#1568 = DIRECTION ( 'NONE',  ( -1.000000000000000000, 0.000000000000000000, -7.228014483236698528E-16 ) ) ;
#1569 = AXIS2_PLACEMENT_3D ( 'NONE', #2110, #1795, #798 ) ;
#1570 = CARTESIAN_POINT ( 'NONE',  ( 1.270000000000001128, 0.000000000000000000, -0.4999999999999998890 ) ) ;
#1571 = EDGE_CURVE ( 'NONE', #803, #817, #1558, .T. ) ;
#1572 = ORIENTED_EDGE ( 'NONE', *, *, #2471, .T. ) ;
#1573 = AXIS2_PLACEMENT_3D ( 'NONE', #1702, #3666, #2637 ) ;
#1574 = EDGE_LOOP ( 'NONE', ( #2736, #2712, #3524, #1958 ) ) ;
#1575 = SURFACE_SIDE_STYLE ('',( #3504 ) ) ;
#1576 = STYLED_ITEM ( 'NONE', ( #2635 ), #2014 ) ;
#1577 = CARTESIAN_POINT ( 'NONE',  ( 1.600000000000000977, 0.000000000000000000, -0.2550000000000000044 ) ) ;
#1578 = CARTESIAN_POINT ( 'NONE',  ( -1.300000000000000933, 0.000000000000000000, 0.000000000000000000 ) ) ;
#1579 =( NAMED_UNIT ( * ) PLANE_ANGLE_UNIT ( ) SI_UNIT ( $, .RADIAN. ) );
#1580 = EDGE_CURVE ( 'NONE', #429, #4033, #3090, .T. ) ;
#1581 = VECTOR ( 'NONE', #1528, 1000.000000000000000 ) ;
#1582 = ORIENTED_EDGE ( 'NONE', *, *, #1670, .T. ) ;
#1583 = MECHANICAL_DESIGN_GEOMETRIC_PRESENTATION_REPRESENTATION (  '', ( #512 ), #3489 ) ;
#1584 = UNCERTAINTY_MEASURE_WITH_UNIT (LENGTH_MEASURE( 1.000000000000000082E-05 ), #1213, 'distance_accuracy_value', 'NONE');
#1585 = COLOUR_RGB ( '',0.7921568627450980005, 0.8196078431372548767, 0.9333333333333333481 ) ;
#1586 = FACE_OUTER_BOUND ( 'NONE', #3292, .T. ) ;
#1587 = ORIENTED_EDGE ( 'NONE', *, *, #3780, .F. ) ;
#1588 = COLOUR_RGB ( '',0.7529411764705882248, 0.7529411764705882248, 0.7529411764705882248 ) ;
#1589 = ORIENTED_EDGE ( 'NONE', *, *, #4178, .T. ) ;
#1590 = EDGE_CURVE ( 'NONE', #67, #1241, #2513, .T. ) ;
#1591 =( NAMED_UNIT ( * ) SI_UNIT ( $, .STERADIAN. ) SOLID_ANGLE_UNIT ( ) );
#1592 = STYLED_ITEM ( 'NONE', ( #2570 ), #3660 ) ;
#1593 = CARTESIAN_POINT ( 'NONE',  ( -0.2799999999999990274, 0.9399999999999999467, -0.7999999999999999334 ) ) ;
#1594 = PRESENTATION_LAYER_ASSIGNMENT (  '', '', ( #1165 ) ) ;
#1595 = CARTESIAN_POINT ( 'NONE',  ( -0.2799999999999990274, -4.000000000000000000, -0.7999999999999999334 ) ) ;
#1596 = VECTOR ( 'NONE', #2074, 1000.000000000000000 ) ;
#1597 = FILL_AREA_STYLE ('',( #3877 ) ) ;
#1598 = MECHANICAL_DESIGN_GEOMETRIC_PRESENTATION_REPRESENTATION (  '', ( #1447 ), #1929 ) ;
#1599 = SURFACE_SIDE_STYLE ('',( #1303 ) ) ;
#1600 = CARTESIAN_POINT ( 'NONE',  ( 1.600000000000001199, 0.000000000000000000, 0.2550000000000000044 ) ) ;
#1601 = COLOUR_RGB ( '',0.7529411764705882248, 0.7529411764705882248, 0.7529411764705882248 ) ;
#1602 =( GEOMETRIC_REPRESENTATION_CONTEXT ( 3 ) GLOBAL_UNCERTAINTY_ASSIGNED_CONTEXT ( ( #836 ) ) GLOBAL_UNIT_ASSIGNED_CONTEXT ( ( #1097, #2981, #2675 ) ) REPRESENTATION_CONTEXT ( 'NONE', 'WORKASPACE' ) );
#1603 = ORIENTED_EDGE ( 'NONE', *, *, #3655, .F. ) ;
#1604 = ADVANCED_FACE ( 'NONE', ( #2776 ), #2197, .T. ) ;
#1605 = LINE ( 'NONE', #950, #1720 ) ;
#1606 = SURFACE_SIDE_STYLE ('',( #597 ) ) ;
#1607 = UNCERTAINTY_MEASURE_WITH_UNIT (LENGTH_MEASURE( 1.000000000000000082E-05 ), #2792, 'distance_accuracy_value', 'NONE');
#1608 = EDGE_LOOP ( 'NONE', ( #3251, #612, #1180, #1224 ) ) ;
#1609 = PRESENTATION_LAYER_ASSIGNMENT (  '', '', ( #739 ) ) ;
#1610 = CARTESIAN_POINT ( 'NONE',  ( -0.2799999999999991940, 0.9399999999999999467, -0.5000000000000000000 ) ) ;
#1611 = LINE ( 'NONE', #3462, #2329 ) ;
#1612 = LINE ( 'NONE', #1703, #3103 ) ;
#1613 = PRESENTATION_STYLE_ASSIGNMENT (( #2566 ) ) ;
#1614 = AXIS2_PLACEMENT_3D ( 'NONE', #3252, #3959, #2581 ) ;
#1615 = SURFACE_STYLE_USAGE ( .BOTH. , #1926 ) ;
#1616 = FACE_OUTER_BOUND ( 'NONE', #1037, .T. ) ;
#1617 = CARTESIAN_POINT ( 'NONE',  ( -1.599999999999999423, 0.9399999999999999467, -0.8000000000000001554 ) ) ;
#1618 = DIRECTION ( 'NONE',  ( -0.000000000000000000, 1.000000000000000000, -0.000000000000000000 ) ) ;
#1619 = FILL_AREA_STYLE_COLOUR ( '', #1079 ) ;
#1620 = FILL_AREA_STYLE_COLOUR ( '', #2666 ) ;
#1621 = EDGE_CURVE ( 'NONE', #3290, #911, #4235, .T. ) ;
#1622 = VERTEX_POINT ( 'NONE', #1667 ) ;
#1623 = UNCERTAINTY_MEASURE_WITH_UNIT (LENGTH_MEASURE( 1.000000000000000082E-05 ), #808, 'distance_accuracy_value', 'NONE');
#1624 = DIRECTION ( 'NONE',  ( 1.000000000000000000, 0.000000000000000000, 0.000000000000000000 ) ) ;
#1625 = SURFACE_STYLE_USAGE ( .BOTH. , #1937 ) ;
#1626 = VERTEX_POINT ( 'NONE', #3263 ) ;
#1627 = EDGE_LOOP ( 'NONE', ( #4086, #1092, #2249, #3608 ) ) ;
#1628 = FILL_AREA_STYLE ('',( #919 ) ) ;
#1629 =( NAMED_UNIT ( * ) PLANE_ANGLE_UNIT ( ) SI_UNIT ( $, .RADIAN. ) );
#1630 =( GEOMETRIC_REPRESENTATION_CONTEXT ( 3 ) GLOBAL_UNCERTAINTY_ASSIGNED_CONTEXT ( ( #3644 ) ) GLOBAL_UNIT_ASSIGNED_CONTEXT ( ( #1030, #3983, #1325 ) ) REPRESENTATION_CONTEXT ( 'NONE', 'WORKASPACE' ) );
#1631 = EDGE_CURVE ( 'NONE', #2801, #803, #4202, .T. ) ;
#1632 = PRESENTATION_STYLE_ASSIGNMENT (( #997 ) ) ;
#1633 = PRESENTATION_STYLE_ASSIGNMENT (( #1263 ) ) ;
#1634 = CARTESIAN_POINT ( 'NONE',  ( 0.7100000000000011857, 0.000000000000000000, -0.7999999999999999334 ) ) ;
#1635 = MECHANICAL_DESIGN_GEOMETRIC_PRESENTATION_REPRESENTATION (  '', ( #3335 ), #2515 ) ;
#1636 = LINE ( 'NONE', #1552, #1535 ) ;
#1637 = CARTESIAN_POINT ( 'NONE',  ( -0.2799999999999991940, 0.9399999999999999467, 0.5000000000000000000 ) ) ;
#1638 = SURFACE_STYLE_USAGE ( .BOTH. , #1606 ) ;
#1639 = FILL_AREA_STYLE_COLOUR ( '', #312 ) ;
#1640 = ORIENTED_EDGE ( 'NONE', *, *, #1886, .T. ) ;
#1641 = FILL_AREA_STYLE_COLOUR ( '', #1064 ) ;
#1642 = AXIS2_PLACEMENT_3D ( 'NONE', #675, #694, #3619 ) ;
#1643 = FILL_AREA_STYLE_COLOUR ( '', #4189 ) ;
#1644 = STYLED_ITEM ( 'NONE', ( #2008 ), #3162 ) ;
#1645 = VERTEX_POINT ( 'NONE', #1964 ) ;
#1646 = VECTOR ( 'NONE', #2098, 1000.000000000000000 ) ;
#1647 = EDGE_CURVE ( 'NONE', #2814, #1689, #2561, .T. ) ;
#1648 = LINE ( 'NONE', #3572, #3450 ) ;
#1649 = VECTOR ( 'NONE', #2222, 1000.000000000000000 ) ;
#1650 = VECTOR ( 'NONE', #1130, 1000.000000000000000 ) ;
#1651 = PLANE ( 'NONE',  #880 ) ;
#1652 = EDGE_CURVE ( 'NONE', #1241, #1264, #2923, .T. ) ;
#1653 = DIRECTION ( 'NONE',  ( 1.000000000000000000, 0.000000000000000000, -0.000000000000000000 ) ) ;
#1654 = FILL_AREA_STYLE_COLOUR ( '', #2553 ) ;
#1655 = MECHANICAL_DESIGN_GEOMETRIC_PRESENTATION_REPRESENTATION (  '', ( #804 ), #3431 ) ;
#1656 = SURFACE_STYLE_FILL_AREA ( #3257 ) ;
#1657 =( GEOMETRIC_REPRESENTATION_CONTEXT ( 3 ) GLOBAL_UNCERTAINTY_ASSIGNED_CONTEXT ( ( #63 ) ) GLOBAL_UNIT_ASSIGNED_CONTEXT ( ( #1443, #4219, #888 ) ) REPRESENTATION_CONTEXT ( 'NONE', 'WORKASPACE' ) );
#1658 = LINE ( 'NONE', #2678, #4044 ) ;
#1659 = VECTOR ( 'NONE', #1690, 1000.000000000000000 ) ;
#1660 = LINE ( 'NONE', #3917, #2582 ) ;
#1661 = SURFACE_STYLE_FILL_AREA ( #3279 ) ;
#1662 = AXIS2_PLACEMENT_3D ( 'NONE', #3792, #839, #1857 ) ;
#1663 = SURFACE_SIDE_STYLE ('',( #1324 ) ) ;
#1664 = CARTESIAN_POINT ( 'NONE',  ( 1.270000000000001128, 0.000000000000000000, -0.7999999999999999334 ) ) ;
#1665 = EDGE_CURVE ( 'NONE', #640, #3115, #247, .T. ) ;
#1666 = ORIENTED_EDGE ( 'NONE', *, *, #2339, .T. ) ;
#1667 = CARTESIAN_POINT ( 'NONE',  ( 1.600000000000001199, 0.9399999999999999467, -0.8000000000000001554 ) ) ;
#1668 = VECTOR ( 'NONE', #945, 1000.000000000000000 ) ;
#1669 = PLANE ( 'NONE',  #302 ) ;
#1670 = EDGE_CURVE ( 'NONE', #3115, #725, #3869, .T. ) ;
#1671 = ORIENTED_EDGE ( 'NONE', *, *, #1318, .F. ) ;
#1672 = EDGE_CURVE ( 'NONE', #1267, #1264, #3568, .T. ) ;
#1673 = ORIENTED_EDGE ( 'NONE', *, *, #2684, .F. ) ;
#1674 = SURFACE_STYLE_USAGE ( .BOTH. , #334 ) ;
#1675 = ORIENTED_EDGE ( 'NONE', *, *, #3539, .T. ) ;
#1676 =( LENGTH_UNIT ( ) NAMED_UNIT ( * ) SI_UNIT ( .MILLI., .METRE. ) );
#1677 = DIRECTION ( 'NONE',  ( -1.000000000000000000, 0.000000000000000000, 0.000000000000000000 ) ) ;
#1678 = FACE_OUTER_BOUND ( 'NONE', #1561, .T. ) ;
#1679 =( NAMED_UNIT ( * ) PLANE_ANGLE_UNIT ( ) SI_UNIT ( $, .RADIAN. ) );
#1680 = UNCERTAINTY_MEASURE_WITH_UNIT (LENGTH_MEASURE( 1.000000000000000082E-05 ), #991, 'distance_accuracy_value', 'NONE');
#1681 = FILL_AREA_STYLE ('',( #323 ) ) ;
#1682 = PLANE ( 'NONE',  #2724 ) ;
#1683 = FILL_AREA_STYLE ('',( #344 ) ) ;
#1684 = PRESENTATION_STYLE_ASSIGNMENT (( #2289 ) ) ;
#1685 = FILL_AREA_STYLE ('',( #3374 ) ) ;
#1686 = DIRECTION ( 'NONE',  ( 1.000000000000000000, -0.000000000000000000, 0.000000000000000000 ) ) ;
#1687 = EDGE_LOOP ( 'NONE', ( #1335, #2733, #3042, #3794 ) ) ;
#1688 = DIRECTION ( 'NONE',  ( 1.000000000000000000, -0.000000000000000000, 0.000000000000000000 ) ) ;
#1689 = VERTEX_POINT ( 'NONE', #1286 ) ;
#1690 = DIRECTION ( 'NONE',  ( -1.000000000000000000, 0.000000000000000000, 1.936075308009828431E-16 ) ) ;
#1691 = SURFACE_STYLE_FILL_AREA ( #670 ) ;
#1692 =( NAMED_UNIT ( * ) PLANE_ANGLE_UNIT ( ) SI_UNIT ( $, .RADIAN. ) );
#1693 =( GEOMETRIC_REPRESENTATION_CONTEXT ( 3 ) GLOBAL_UNCERTAINTY_ASSIGNED_CONTEXT ( ( #2848 ) ) GLOBAL_UNIT_ASSIGNED_CONTEXT ( ( #3806, #438, #3748 ) ) REPRESENTATION_CONTEXT ( 'NONE', 'WORKASPACE' ) );
#1694 =( NAMED_UNIT ( * ) PLANE_ANGLE_UNIT ( ) SI_UNIT ( $, .RADIAN. ) );
#1695 = ADVANCED_FACE ( 'NONE', ( #3229 ), #603, .T. ) ;
#1696 = FACE_OUTER_BOUND ( 'NONE', #3842, .T. ) ;
#1697 = AXIS2_PLACEMENT_3D ( 'NONE', #35, #628, #2968 ) ;
#1698 =( NAMED_UNIT ( * ) PLANE_ANGLE_UNIT ( ) SI_UNIT ( $, .RADIAN. ) );
#1699 = SURFACE_SIDE_STYLE ('',( #1744 ) ) ;
#1700 = VERTEX_POINT ( 'NONE', #2599 ) ;
#1701 = PRESENTATION_LAYER_ASSIGNMENT (  '', '', ( #570 ) ) ;
#1702 = CARTESIAN_POINT ( 'NONE',  ( 0.7100000000000009637, -4.000000000000000000, 0.5000000000000000000 ) ) ;
#1703 = CARTESIAN_POINT ( 'NONE',  ( 0.7100000000000009637, -4.000000000000000000, -0.5000000000000000000 ) ) ;
#1704 = ADVANCED_FACE ( 'NONE', ( #1586 ), #956, .T. ) ;
#1705 = DIRECTION ( 'NONE',  ( 0.000000000000000000, -0.000000000000000000, 1.000000000000000000 ) ) ;
#1706 = VERTEX_POINT ( 'NONE', #3713 ) ;
#1707 = VECTOR ( 'NONE', #287, 1000.000000000000000 ) ;
#1708 = FILL_AREA_STYLE_COLOUR ( '', #2535 ) ;
#1709 = ORIENTED_EDGE ( 'NONE', *, *, #2275, .F. ) ;
#1710 = FACE_OUTER_BOUND ( 'NONE', #177, .T. ) ;
#1711 = PRESENTATION_LAYER_ASSIGNMENT (  '', '', ( #2116 ) ) ;
#1712 = EDGE_CURVE ( 'NONE', #931, #2514, #752, .T. ) ;
#1713 = ORIENTED_EDGE ( 'NONE', *, *, #1959, .T. ) ;
#1714 = CARTESIAN_POINT ( 'NONE',  ( 1.270000000000001128, 0.000000000000000000, 0.4999999999999998890 ) ) ;
#1715 =( GEOMETRIC_REPRESENTATION_CONTEXT ( 3 ) GLOBAL_UNCERTAINTY_ASSIGNED_CONTEXT ( ( #3736 ) ) GLOBAL_UNIT_ASSIGNED_CONTEXT ( ( #2710, #2692, #3674 ) ) REPRESENTATION_CONTEXT ( 'NONE', 'WORKASPACE' ) );
#1716 =( LENGTH_UNIT ( ) NAMED_UNIT ( * ) SI_UNIT ( .MILLI., .METRE. ) );
#1717 = SURFACE_STYLE_FILL_AREA ( #115 ) ;
#1718 = STYLED_ITEM ( 'NONE', ( #3007 ), #3421 ) ;
#1719 = DIRECTION ( 'NONE',  ( 0.000000000000000000, -0.000000000000000000, 1.000000000000000000 ) ) ;
#1720 = VECTOR ( 'NONE', #2902, 1000.000000000000000 ) ;
#1721 = AXIS2_PLACEMENT_3D ( 'NONE', #3813, #3224, #243 ) ;
#1722 = EDGE_CURVE ( 'NONE', #1139, #1512, #3305, .T. ) ;
#1723 = PRESENTATION_LAYER_ASSIGNMENT (  '', '', ( #1592 ) ) ;
#1724 = ORIENTED_EDGE ( 'NONE', *, *, #2657, .F. ) ;
#1725 = DIRECTION ( 'NONE',  ( -0.000000000000000000, 1.000000000000000000, 0.000000000000000000 ) ) ;
#1726 = FILL_AREA_STYLE_COLOUR ( '', #1135 ) ;
#1727 = STYLED_ITEM ( 'NONE', ( #3948 ), #4074 ) ;
#1728 = DIRECTION ( 'NONE',  ( 0.000000000000000000, 1.000000000000000000, 0.000000000000000000 ) ) ;
#1729 = ORIENTED_EDGE ( 'NONE', *, *, #352, .F. ) ;
#1730 = MECHANICAL_DESIGN_GEOMETRIC_PRESENTATION_REPRESENTATION (  '', ( #4127 ), #662 ) ;
#1731 = UNCERTAINTY_MEASURE_WITH_UNIT (LENGTH_MEASURE( 1.000000000000000082E-05 ), #3848, 'distance_accuracy_value', 'NONE');
#1732 = EDGE_LOOP ( 'NONE', ( #1724, #455, #1250, #1760 ) ) ;
#1733 = SURFACE_STYLE_USAGE ( .BOTH. , #1973 ) ;
#1734 = ORIENTED_EDGE ( 'NONE', *, *, #408, .T. ) ;
#1735 = PRESENTATION_STYLE_ASSIGNMENT (( #1397 ) ) ;
#1736 = CARTESIAN_POINT ( 'NONE',  ( -0.7099999999999994094, 0.000000000000000000, 0.7999999999999999334 ) ) ;
#1737 = LINE ( 'NONE', #3006, #1311 ) ;
#1738 = DIRECTION ( 'NONE',  ( 0.000000000000000000, 0.000000000000000000, 1.000000000000000000 ) ) ;
#1739 = CARTESIAN_POINT ( 'NONE',  ( 0.2800000000000008593, 0.000000000000000000, 0.7999999999999999334 ) ) ;
#1740 = SURFACE_STYLE_USAGE ( .BOTH. , #1985 ) ;
#1741 = SURFACE_STYLE_FILL_AREA ( #2027 ) ;
#1742 = PRESENTATION_STYLE_ASSIGNMENT (( #2395 ) ) ;
#1743 = PLANE ( 'NONE',  #2183 ) ;
#1744 = SURFACE_STYLE_FILL_AREA ( #359 ) ;
#1745 = VERTEX_POINT ( 'NONE', #1011 ) ;
#1746 = EDGE_CURVE ( 'NONE', #2128, #336, #3387, .T. ) ;
#1747 = EDGE_LOOP ( 'NONE', ( #778, #3354, #3122, #28 ) ) ;
#1748 = FILL_AREA_STYLE ('',( #1415 ) ) ;
#1749 = ADVANCED_FACE ( 'NONE', ( #1761 ), #4030, .F. ) ;
#1750 = ORIENTED_EDGE ( 'NONE', *, *, #3357, .T. ) ;
#1751 = ORIENTED_EDGE ( 'NONE', *, *, #2942, .T. ) ;
#1752 = LINE ( 'NONE', #1774, #3079 ) ;
#1753 = DIRECTION ( 'NONE',  ( 0.000000000000000000, 1.000000000000000000, 0.000000000000000000 ) ) ;
#1754 = EDGE_CURVE ( 'NONE', #924, #6, #2372, .T. ) ;
#1755 = DIRECTION ( 'NONE',  ( 7.228014483236698528E-16, 0.000000000000000000, 1.000000000000000000 ) ) ;
#1756 = DIRECTION ( 'NONE',  ( -7.228014483236698528E-16, 0.000000000000000000, 1.000000000000000000 ) ) ;
#1757 = FACE_OUTER_BOUND ( 'NONE', #3003, .T. ) ;
#1758 = LINE ( 'NONE', #3147, #1911 ) ;
#1759 = CARTESIAN_POINT ( 'NONE',  ( 1.168823215986490194, 0.8399999999999999689, -0.2800000000000000266 ) ) ;
#1760 = ORIENTED_EDGE ( 'NONE', *, *, #1621, .T. ) ;
#1761 = FACE_OUTER_BOUND ( 'NONE', #2642, .T. ) ;
#1762 = FILL_AREA_STYLE_COLOUR ( '', #2979 ) ;
#1763 = STYLED_ITEM ( 'NONE', ( #3278 ), #1331 ) ;
#1764 = ORIENTED_EDGE ( 'NONE', *, *, #257, .F. ) ;
#1765 = VECTOR ( 'NONE', #4173, 1000.000000000000000 ) ;
#1766 = UNCERTAINTY_MEASURE_WITH_UNIT (LENGTH_MEASURE( 1.000000000000000082E-05 ), #2700, 'distance_accuracy_value', 'NONE');
#1767 = CARTESIAN_POINT ( 'NONE',  ( 1.270000000000001128, 0.000000000000000000, 0.7999999999999999334 ) ) ;
#1768 = ORIENTED_EDGE ( 'NONE', *, *, #2728, .F. ) ;
#1769 = VECTOR ( 'NONE', #3601, 1000.000000000000000 ) ;
#1770 = EDGE_CURVE ( 'NONE', #3248, #1706, #3690, .T. ) ;
#1771 = ORIENTED_EDGE ( 'NONE', *, *, #4191, .T. ) ;
#1772 = COLOUR_RGB ( '',0.7529411764705882248, 0.7529411764705882248, 0.7529411764705882248 ) ;
#1773 =( NAMED_UNIT ( * ) PLANE_ANGLE_UNIT ( ) SI_UNIT ( $, .RADIAN. ) );
#1774 = CARTESIAN_POINT ( 'NONE',  ( -0.7099999999999994094, -4.000000000000000000, 0.7999999999999999334 ) ) ;
#1775 = LINE ( 'NONE', #3638, #1174 ) ;
#1776 = VECTOR ( 'NONE', #3746, 1000.000000000000000 ) ;
#1777 = PLANE ( 'NONE',  #446 ) ;
#1778 = VECTOR ( 'NONE', #3918, 1000.000000000000000 ) ;
#1779 = VECTOR ( 'NONE', #1021, 1000.000000000000000 ) ;
#1780 =( NAMED_UNIT ( * ) PLANE_ANGLE_UNIT ( ) SI_UNIT ( $, .RADIAN. ) );
#1781 = STYLED_ITEM ( 'NONE', ( #2385 ), #2467 ) ;
#1782 = DIRECTION ( 'NONE',  ( 1.000000000000000000, 0.000000000000000000, -0.000000000000000000 ) ) ;
#1783 = DIRECTION ( 'NONE',  ( -0.000000000000000000, 0.000000000000000000, -1.000000000000000000 ) ) ;
#1784 = SURFACE_STYLE_FILL_AREA ( #58 ) ;
#1785 =( GEOMETRIC_REPRESENTATION_CONTEXT ( 3 ) GLOBAL_UNCERTAINTY_ASSIGNED_CONTEXT ( ( #4036 ) ) GLOBAL_UNIT_ASSIGNED_CONTEXT ( ( #3634, #2019, #66 ) ) REPRESENTATION_CONTEXT ( 'NONE', 'WORKASPACE' ) );
#1786 = FACE_OUTER_BOUND ( 'NONE', #216, .T. ) ;
#1787 = CARTESIAN_POINT ( 'NONE',  ( -0.2799999999999991940, 0.9399999999999999467, -0.5000000000000000000 ) ) ;
#1788 = COLOUR_RGB ( '',0.7529411764705882248, 0.7529411764705882248, 0.7529411764705882248 ) ;
#1789 = STYLED_ITEM ( 'NONE', ( #2248 ), #3050 ) ;
#1790 = CARTESIAN_POINT ( 'NONE',  ( -0.7099999999999994094, 0.000000000000000000, 0.4999999999999998890 ) ) ;
#1791 = PLANE ( 'NONE',  #1721 ) ;
#1792 = EDGE_CURVE ( 'NONE', #3153, #3323, #2398, .T. ) ;
#1793 = ORIENTED_EDGE ( 'NONE', *, *, #1392, .T. ) ;
#1794 = VECTOR ( 'NONE', #4024, 1000.000000000000000 ) ;
#1795 = DIRECTION ( 'NONE',  ( -1.936075308009829417E-16, 0.000000000000000000, -1.000000000000000000 ) ) ;
#1796 = VECTOR ( 'NONE', #3742, 1000.000000000000000 ) ;
#1797 = VERTEX_POINT ( 'NONE', #3937 ) ;
#1798 = VECTOR ( 'NONE', #3307, 1000.000000000000000 ) ;
#1799 = VECTOR ( 'NONE', #2420, 1000.000000000000000 ) ;
#1800 = ORIENTED_EDGE ( 'NONE', *, *, #922, .F. ) ;
#1801 = PRESENTATION_STYLE_ASSIGNMENT (( #2494 ) ) ;
#1802 = ADVANCED_FACE ( 'NONE', ( #343 ), #1682, .F. ) ;
#1803 = SURFACE_SIDE_STYLE ('',( #1717 ) ) ;
#1804 =( NAMED_UNIT ( * ) PLANE_ANGLE_UNIT ( ) SI_UNIT ( $, .RADIAN. ) );
#1805 = ORIENTED_EDGE ( 'NONE', *, *, #404, .T. ) ;
#1806 = SURFACE_STYLE_FILL_AREA ( #437 ) ;
#1807 = CARTESIAN_POINT ( 'NONE',  ( 0.1388232159864901949, 0.8399999999999999689, -0.2800000000000000266 ) ) ;
#1808 = LINE ( 'NONE', #3407, #3602 ) ;
#1809 = ORIENTED_EDGE ( 'NONE', *, *, #3989, .F. ) ;
#1810 = DIRECTION ( 'NONE',  ( -1.936075308009828924E-16, 0.000000000000000000, -1.000000000000000000 ) ) ;
#1811 = CARTESIAN_POINT ( 'NONE',  ( -0.2799999999999990274, 0.000000000000000000, -0.7999999999999999334 ) ) ;
#1812 = DIRECTION ( 'NONE',  ( 1.000000000000000000, 0.000000000000000000, 0.000000000000000000 ) ) ;
#1813 = LINE ( 'NONE', #2436, #3345 ) ;
#1814 = ADVANCED_FACE ( 'NONE', ( #4058 ), #2485, .T. ) ;
#1815 = EDGE_LOOP ( 'NONE', ( #3326, #666, #493, #1551 ) ) ;
#1816 = DIRECTION ( 'NONE',  ( -0.000000000000000000, 1.000000000000000000, 0.000000000000000000 ) ) ;
#1817 = ORIENTED_EDGE ( 'NONE', *, *, #4250, .F. ) ;
#1818 = PLANE ( 'NONE',  #1253 ) ;
#1819 = DIRECTION ( 'NONE',  ( 1.000000000000000000, 0.000000000000000000, -0.000000000000000000 ) ) ;
#1820 =( NAMED_UNIT ( * ) PLANE_ANGLE_UNIT ( ) SI_UNIT ( $, .RADIAN. ) );
#1821 =( NAMED_UNIT ( * ) SI_UNIT ( $, .STERADIAN. ) SOLID_ANGLE_UNIT ( ) );
#1822 = SURFACE_SIDE_STYLE ('',( #498 ) ) ;
#1823 = DIRECTION ( 'NONE',  ( -1.000000000000000000, 0.000000000000000000, 1.936075308009829417E-16 ) ) ;
#1824 = CARTESIAN_POINT ( 'NONE',  ( 1.270000000000001128, 0.9399999999999999467, -0.4999999999999998890 ) ) ;
#1825 = ORIENTED_EDGE ( 'NONE', *, *, #3266, .T. ) ;
#1826 = FILL_AREA_STYLE ('',( #3468 ) ) ;
#1827 = DIRECTION ( 'NONE',  ( 1.000000000000000000, 0.000000000000000000, 0.000000000000000000 ) ) ;
#1828 = VERTEX_POINT ( 'NONE', #169 ) ;
#1829 = EDGE_CURVE ( 'NONE', #931, #985, #2421, .T. ) ;
#1830 = CARTESIAN_POINT ( 'NONE',  ( -1.269999999999999130, 0.9399999999999999467, 0.7999999999999999334 ) ) ;
#1831 = CARTESIAN_POINT ( 'NONE',  ( 1.270000000000001128, -4.000000000000000000, 0.7999999999999999334 ) ) ;
#1832 = EDGE_LOOP ( 'NONE', ( #3056, #1193, #4233, #3904 ) ) ;
#1833 = EDGE_CURVE ( 'NONE', #1517, #3481, #3732, .T. ) ;
#1834 =( NAMED_UNIT ( * ) SI_UNIT ( $, .STERADIAN. ) SOLID_ANGLE_UNIT ( ) );
#1835 = EDGE_LOOP ( 'NONE', ( #488, #1709, #881, #4255 ) ) ;
#1836 = ORIENTED_EDGE ( 'NONE', *, *, #2234, .T. ) ;
#1837 = DIRECTION ( 'NONE',  ( 0.000000000000000000, 0.000000000000000000, -1.000000000000000000 ) ) ;
#1838 = PRESENTATION_LAYER_ASSIGNMENT (  '', '', ( #986 ) ) ;
#1839 =( LENGTH_UNIT ( ) NAMED_UNIT ( * ) SI_UNIT ( .MILLI., .METRE. ) );
#1840 = EDGE_CURVE ( 'NONE', #985, #140, #2103, .T. ) ;
#1841 = LINE ( 'NONE', #120, #93 ) ;
#1842 =( GEOMETRIC_REPRESENTATION_CONTEXT ( 3 ) GLOBAL_UNCERTAINTY_ASSIGNED_CONTEXT ( ( #2884 ) ) GLOBAL_UNIT_ASSIGNED_CONTEXT ( ( #3662, #3318, #1404 ) ) REPRESENTATION_CONTEXT ( 'NONE', 'WORKASPACE' ) );
#1843 = ORIENTED_EDGE ( 'NONE', *, *, #3101, .T. ) ;
#1844 = PRESENTATION_STYLE_ASSIGNMENT (( #502 ) ) ;
#1845 = PRESENTATION_STYLE_ASSIGNMENT (( #2182 ) ) ;
#1846 = PRESENTATION_LAYER_ASSIGNMENT (  '', '', ( #3143 ) ) ;
#1847 = EDGE_LOOP ( 'NONE', ( #1878, #3256, #860, #1419 ) ) ;
#1848 = DIRECTION ( 'NONE',  ( 0.000000000000000000, 1.000000000000000000, 0.000000000000000000 ) ) ;
#1849 = FILL_AREA_STYLE ('',( #818 ) ) ;
#1850 =( GEOMETRIC_REPRESENTATION_CONTEXT ( 3 ) GLOBAL_UNCERTAINTY_ASSIGNED_CONTEXT ( ( #3990 ) ) GLOBAL_UNIT_ASSIGNED_CONTEXT ( ( #2416, #3030, #3982 ) ) REPRESENTATION_CONTEXT ( 'NONE', 'WORKASPACE' ) );
#1851 = UNCERTAINTY_MEASURE_WITH_UNIT (LENGTH_MEASURE( 1.000000000000000082E-05 ), #3772, 'distance_accuracy_value', 'NONE');
#1852 = DIRECTION ( 'NONE',  ( 0.000000000000000000, 0.000000000000000000, 1.000000000000000000 ) ) ;
#1853 = ADVANCED_FACE ( 'NONE', ( #792 ), #2167, .F. ) ;
#1854 = AXIS2_PLACEMENT_3D ( 'NONE', #2209, #2181, #542 ) ;
#1855 = ORIENTED_EDGE ( 'NONE', *, *, #1936, .T. ) ;
#1856 =( GEOMETRIC_REPRESENTATION_CONTEXT ( 3 ) GLOBAL_UNCERTAINTY_ASSIGNED_CONTEXT ( ( #705 ) ) GLOBAL_UNIT_ASSIGNED_CONTEXT ( ( #1472, #3136, #3093 ) ) REPRESENTATION_CONTEXT ( 'NONE', 'WORKASPACE' ) );
#1857 = DIRECTION ( 'NONE',  ( 0.000000000000000000, -0.000000000000000000, 1.000000000000000000 ) ) ;
#1858 = SURFACE_STYLE_USAGE ( .BOTH. , #150 ) ;
#1859 = VECTOR ( 'NONE', #168, 1000.000000000000000 ) ;
#1860 = AXIS2_PLACEMENT_3D ( 'NONE', #3940, #989, #2310 ) ;
#1861 = ORIENTED_EDGE ( 'NONE', *, *, #2558, .T. ) ;
#1862 = STYLED_ITEM ( 'NONE', ( #901 ), #3919 ) ;
#1863 = LINE ( 'NONE', #3167, #2613 ) ;
#1864 = DIRECTION ( 'NONE',  ( 0.000000000000000000, 1.000000000000000000, 0.000000000000000000 ) ) ;
#1865 = LINE ( 'NONE', #2474, #3018 ) ;
#1866 = DIRECTION ( 'NONE',  ( 0.000000000000000000, -0.000000000000000000, 1.000000000000000000 ) ) ;
#1867 = EDGE_CURVE ( 'NONE', #2588, #684, #3437, .T. ) ;
#1868 = MECHANICAL_DESIGN_GEOMETRIC_PRESENTATION_REPRESENTATION (  '', ( #810 ), #2206 ) ;
#1869 = PRESENTATION_STYLE_ASSIGNMENT (( #1615 ) ) ;
#1870 = ORIENTED_EDGE ( 'NONE', *, *, #1249, .F. ) ;
#1871 = SURFACE_STYLE_FILL_AREA ( #1826 ) ;
#1872 = ORIENTED_EDGE ( 'NONE', *, *, #1867, .T. ) ;
#1873 = LINE ( 'NONE', #3129, #1799 ) ;
#1874 =( NAMED_UNIT ( * ) PLANE_ANGLE_UNIT ( ) SI_UNIT ( $, .RADIAN. ) );
#1875 = FACE_OUTER_BOUND ( 'NONE', #1815, .T. ) ;
#1876 = SURFACE_STYLE_FILL_AREA ( #1849 ) ;
#1877 = DIRECTION ( 'NONE',  ( -1.000000000000000000, 0.000000000000000000, 0.000000000000000000 ) ) ;
#1878 = ORIENTED_EDGE ( 'NONE', *, *, #1418, .F. ) ;
#1879 = UNCERTAINTY_MEASURE_WITH_UNIT (LENGTH_MEASURE( 1.000000000000000082E-05 ), #835, 'distance_accuracy_value', 'NONE');
#1880 = EDGE_CURVE ( 'NONE', #3768, #484, #468, .T. ) ;
#1881 =( NAMED_UNIT ( * ) SI_UNIT ( $, .STERADIAN. ) SOLID_ANGLE_UNIT ( ) );
#1882 = EDGE_LOOP ( 'NONE', ( #1178, #1817, #2752, #2133 ) ) ;
#1883 = EDGE_CURVE ( 'NONE', #2885, #481, #443, .T. ) ;
#1884 = SURFACE_STYLE_FILL_AREA ( #2448 ) ;
#1885 = LINE ( 'NONE', #1277, #1226 ) ;
#1886 = EDGE_CURVE ( 'NONE', #1517, #2128, #2772, .T. ) ;
#1887 = DIRECTION ( 'NONE',  ( 0.000000000000000000, 1.000000000000000000, 0.000000000000000000 ) ) ;
#1888 = ORIENTED_EDGE ( 'NONE', *, *, #3286, .T. ) ;
#1889 = ORIENTED_EDGE ( 'NONE', *, *, #404, .F. ) ;
#1890 = CARTESIAN_POINT ( 'NONE',  ( 1.168823215986490194, 0.9399999999999999467, 0.2800000000000000266 ) ) ;
#1891 =( NAMED_UNIT ( * ) SI_UNIT ( $, .STERADIAN. ) SOLID_ANGLE_UNIT ( ) );
#1892 = DIRECTION ( 'NONE',  ( -1.000000000000000000, 0.000000000000000000, -0.000000000000000000 ) ) ;
#1893 = DIRECTION ( 'NONE',  ( 1.000000000000000000, 0.000000000000000000, 0.000000000000000000 ) ) ;
#1894 = EDGE_CURVE ( 'NONE', #645, #3304, #3110, .T. ) ;
#1895 = VERTEX_POINT ( 'NONE', #2273 ) ;
#1896 = SURFACE_STYLE_FILL_AREA ( #3 ) ;
#1897 = STYLED_ITEM ( 'NONE', ( #1845 ), #1196 ) ;
#1898 = ORIENTED_EDGE ( 'NONE', *, *, #2311, .F. ) ;
#1899 = SURFACE_STYLE_USAGE ( .BOTH. , #871 ) ;
#1900 = CARTESIAN_POINT ( 'NONE',  ( -1.300000000000000933, 0.000000000000000000, 0.2550000000000000044 ) ) ;
#1901 = DIRECTION ( 'NONE',  ( -0.000000000000000000, 1.000000000000000000, -0.000000000000000000 ) ) ;
#1902 = FILL_AREA_STYLE_COLOUR ( '', #1788 ) ;
#1903 = EDGE_CURVE ( 'NONE', #838, #1939, #1555, .T. ) ;
#1904 = DIRECTION ( 'NONE',  ( -0.000000000000000000, 1.000000000000000000, -0.000000000000000000 ) ) ;
#1905 = CARTESIAN_POINT ( 'NONE',  ( 0.2800000000000008593, 0.000000000000000000, -0.4999999999999998890 ) ) ;
#1906 = COLOUR_RGB ( '',0.7529411764705882248, 0.7529411764705882248, 0.7529411764705882248 ) ;
#1907 = ORIENTED_EDGE ( 'NONE', *, *, #2058, .F. ) ;
#1908 = LINE ( 'NONE', #1199, #3629 ) ;
#1909 = DIRECTION ( 'NONE',  ( -0.000000000000000000, 1.000000000000000000, -0.000000000000000000 ) ) ;
#1910 = FILL_AREA_STYLE ('',( #928 ) ) ;
#1911 = VECTOR ( 'NONE', #1783, 1000.000000000000000 ) ;
#1912 = ORIENTED_EDGE ( 'NONE', *, *, #3862, .F. ) ;
#1913 = VECTOR ( 'NONE', #1877, 1000.000000000000000 ) ;
#1914 = UNCERTAINTY_MEASURE_WITH_UNIT (LENGTH_MEASURE( 1.000000000000000082E-05 ), #1173, 'distance_accuracy_value', 'NONE');
#1915 = MECHANICAL_DESIGN_GEOMETRIC_PRESENTATION_REPRESENTATION (  '', ( #724 ), #2807 ) ;
#1916 = DIRECTION ( 'NONE',  ( 0.000000000000000000, 0.000000000000000000, 1.000000000000000000 ) ) ;
#1917 = CARTESIAN_POINT ( 'NONE',  ( 1.168823215986490194, 0.8399999999999999689, -0.2800000000000000266 ) ) ;
#1918 = ORIENTED_EDGE ( 'NONE', *, *, #2147, .F. ) ;
#1919 = AXIS2_PLACEMENT_3D ( 'NONE', #592, #1280, #3334 ) ;
#1920 = COLOUR_RGB ( '',1.000000000000000000, 1.000000000000000000, 1.000000000000000000 ) ;
#1921 = ORIENTED_EDGE ( 'NONE', *, *, #3366, .T. ) ;
#1922 = CARTESIAN_POINT ( 'NONE',  ( 1.300000000000000933, -4.000000000000000000, -0.2550000000000000044 ) ) ;
#1923 = VECTOR ( 'NONE', #3587, 1000.000000000000000 ) ;
#1924 = FACE_OUTER_BOUND ( 'NONE', #825, .T. ) ;
#1925 = VECTOR ( 'NONE', #2452, 1000.000000000000000 ) ;
#1926 = SURFACE_SIDE_STYLE ('',( #847 ) ) ;
#1927 = ADVANCED_FACE ( 'NONE', ( #2857 ), #909, .F. ) ;
#1928 =( NAMED_UNIT ( * ) PLANE_ANGLE_UNIT ( ) SI_UNIT ( $, .RADIAN. ) );
#1929 =( GEOMETRIC_REPRESENTATION_CONTEXT ( 3 ) GLOBAL_UNCERTAINTY_ASSIGNED_CONTEXT ( ( #2597 ) ) GLOBAL_UNIT_ASSIGNED_CONTEXT ( ( #2091, #805, #779 ) ) REPRESENTATION_CONTEXT ( 'NONE', 'WORKASPACE' ) );
#1930 = PLANE ( 'NONE',  #2954 ) ;
#1931 = VECTOR ( 'NONE', #1169, 1000.000000000000000 ) ;
#1932 = SURFACE_STYLE_FILL_AREA ( #3244 ) ;
#1933 = CARTESIAN_POINT ( 'NONE',  ( -0.2799999999999991940, 0.000000000000000000, 0.5000000000000000000 ) ) ;
#1934 = UNCERTAINTY_MEASURE_WITH_UNIT (LENGTH_MEASURE( 1.000000000000000082E-05 ), #3625, 'distance_accuracy_value', 'NONE');
#1935 = SURFACE_SIDE_STYLE ('',( #1896 ) ) ;
#1936 = EDGE_CURVE ( 'NONE', #3751, #2852, #3261, .T. ) ;
#1937 = SURFACE_SIDE_STYLE ('',( #533 ) ) ;
#1938 = ORIENTED_EDGE ( 'NONE', *, *, #2917, .F. ) ;
#1939 = VERTEX_POINT ( 'NONE', #616 ) ;
#1940 = DIRECTION ( 'NONE',  ( -7.228014483236698528E-16, 0.000000000000000000, 1.000000000000000000 ) ) ;
#1941 = DIRECTION ( 'NONE',  ( 0.000000000000000000, 0.000000000000000000, 1.000000000000000000 ) ) ;
#1942 = VECTOR ( 'NONE', #3287, 1000.000000000000000 ) ;
#1943 = DIRECTION ( 'NONE',  ( 1.000000000000000000, 0.000000000000000000, 0.000000000000000000 ) ) ;
#1944 = DIRECTION ( 'NONE',  ( -1.000000000000000000, 0.000000000000000000, 0.000000000000000000 ) ) ;
#1945 = DIRECTION ( 'NONE',  ( 1.000000000000000000, 0.000000000000000000, 1.936075308009829417E-16 ) ) ;
#1946 = LINE ( 'NONE', #3177, #3373 ) ;
#1947 =( NAMED_UNIT ( * ) SI_UNIT ( $, .STERADIAN. ) SOLID_ANGLE_UNIT ( ) );
#1948 = CARTESIAN_POINT ( 'NONE',  ( 1.270000000000001128, -4.000000000000000000, -0.4999999999999998890 ) ) ;
#1949 =( LENGTH_UNIT ( ) NAMED_UNIT ( * ) SI_UNIT ( .MILLI., .METRE. ) );
#1950 = SURFACE_STYLE_USAGE ( .BOTH. , #1309 ) ;
#1951 = EDGE_CURVE ( 'NONE', #2588, #1626, #3563, .T. ) ;
#1952 = PRESENTATION_STYLE_ASSIGNMENT (( #2277 ) ) ;
#1953 = ORIENTED_EDGE ( 'NONE', *, *, #233, .T. ) ;
#1954 = ORIENTED_EDGE ( 'NONE', *, *, #1, .T. ) ;
#1955 = SURFACE_STYLE_FILL_AREA ( #665 ) ;
#1956 = DIRECTION ( 'NONE',  ( -1.000000000000000000, -0.000000000000000000, -0.000000000000000000 ) ) ;
#1957 =( GEOMETRIC_REPRESENTATION_CONTEXT ( 3 ) GLOBAL_UNCERTAINTY_ASSIGNED_CONTEXT ( ( #3825 ) ) GLOBAL_UNIT_ASSIGNED_CONTEXT ( ( #604, #1491, #1821 ) ) REPRESENTATION_CONTEXT ( 'NONE', 'WORKASPACE' ) );
#1958 = ORIENTED_EDGE ( 'NONE', *, *, #4156, .T. ) ;
#1959 = EDGE_CURVE ( 'NONE', #166, #3962, #4218, .T. ) ;
#1960 = VECTOR ( 'NONE', #3441, 1000.000000000000000 ) ;
#1961 = SURFACE_SIDE_STYLE ('',( #2285 ) ) ;
#1962 = FILL_AREA_STYLE_COLOUR ( '', #4239 ) ;
#1963 = VECTOR ( 'NONE', #3016, 1000.000000000000000 ) ;
#1964 = CARTESIAN_POINT ( 'NONE',  ( -0.7099999999999994094, 0.9399999999999999467, 0.4999999999999998890 ) ) ;
#1965 = ADVANCED_FACE ( 'NONE', ( #265 ), #2920, .F. ) ;
#1966 = VECTOR ( 'NONE', #1887, 1000.000000000000000 ) ;
#1967 = CARTESIAN_POINT ( 'NONE',  ( -1.269999999999999352, 0.9399999999999999467, 0.5000000000000000000 ) ) ;
#1968 = MECHANICAL_DESIGN_GEOMETRIC_PRESENTATION_REPRESENTATION (  '', ( #1354 ), #178 ) ;
#1969 = PRESENTATION_LAYER_ASSIGNMENT (  '', '', ( #2252 ) ) ;
#1970 =( GEOMETRIC_REPRESENTATION_CONTEXT ( 3 ) GLOBAL_UNCERTAINTY_ASSIGNED_CONTEXT ( ( #1413 ) ) GLOBAL_UNIT_ASSIGNED_CONTEXT ( ( #3381, #2071, #2856 ) ) REPRESENTATION_CONTEXT ( 'NONE', 'WORKASPACE' ) );
#1971 = CARTESIAN_POINT ( 'NONE',  ( 1.300000000000000933, 0.000000000000000000, -0.2550000000000000044 ) ) ;
#1972 = ORIENTED_EDGE ( 'NONE', *, *, #2558, .F. ) ;
#1973 = SURFACE_SIDE_STYLE ('',( #2963 ) ) ;
#1974 = EDGE_LOOP ( 'NONE', ( #656, #3559, #4099, #2927 ) ) ;
#1975 = STYLED_ITEM ( 'NONE', ( #146 ), #3555 ) ;
#1976 = COLOUR_RGB ( '',0.7529411764705882248, 0.7529411764705882248, 0.7529411764705882248 ) ;
#1977 = CARTESIAN_POINT ( 'NONE',  ( 1.270000000000001128, 0.9399999999999999467, 0.4999999999999998890 ) ) ;
#1978 = FILL_AREA_STYLE_COLOUR ( '', #719 ) ;
#1979 = FACE_OUTER_BOUND ( 'NONE', #342, .T. ) ;
#1980 = EDGE_CURVE ( 'NONE', #3740, #2780, #1283, .T. ) ;
#1981 = VECTOR ( 'NONE', #3725, 1000.000000000000000 ) ;
#1982 = SURFACE_SIDE_STYLE ('',( #1656 ) ) ;
#1983 = FILL_AREA_STYLE_COLOUR ( '', #3303 ) ;
#1984 = FILL_AREA_STYLE ('',( #2366 ) ) ;
#1985 = SURFACE_SIDE_STYLE ('',( #355 ) ) ;
#1986 = SURFACE_SIDE_STYLE ('',( #2986 ) ) ;
#1987 = MECHANICAL_DESIGN_GEOMETRIC_PRESENTATION_REPRESENTATION (  '', ( #3843 ), #327 ) ;
#1988 = VECTOR ( 'NONE', #4100, 1000.000000000000000 ) ;
#1989 = DIRECTION ( 'NONE',  ( 0.000000000000000000, 0.000000000000000000, 1.000000000000000000 ) ) ;
#1990 = ORIENTED_EDGE ( 'NONE', *, *, #3712, .F. ) ;
#1991 =( NAMED_UNIT ( * ) SI_UNIT ( $, .STERADIAN. ) SOLID_ANGLE_UNIT ( ) );
#1992 = FILL_AREA_STYLE_COLOUR ( '', #3157 ) ;
#1993 = ORIENTED_EDGE ( 'NONE', *, *, #608, .T. ) ;
#1994 = CARTESIAN_POINT ( 'NONE',  ( 0.1388232159864901949, 0.9399999999999999467, 0.2800000000000000266 ) ) ;
#1995 = CLOSED_SHELL ( 'NONE', ( #1604, #1347, #3226, #3310, #425, #1704 ) ) ;
#1996 =( NAMED_UNIT ( * ) PLANE_ANGLE_UNIT ( ) SI_UNIT ( $, .RADIAN. ) );
#1997 = VERTEX_POINT ( 'NONE', #4003 ) ;
#1998 = CARTESIAN_POINT ( 'NONE',  ( 1.270000000000001128, 0.000000000000000000, 0.7999999999999999334 ) ) ;
#1999 = ADVANCED_FACE ( 'NONE', ( #376 ), #2969, .T. ) ;
#2000 = ORIENTED_EDGE ( 'NONE', *, *, #248, .T. ) ;
#2001 = CARTESIAN_POINT ( 'NONE',  ( -1.599999999999999423, 0.000000000000000000, -0.8000000000000001554 ) ) ;
#2002 = SURFACE_STYLE_FILL_AREA ( #2347 ) ;
#2003 =( GEOMETRIC_REPRESENTATION_CONTEXT ( 3 ) GLOBAL_UNCERTAINTY_ASSIGNED_CONTEXT ( ( #652 ) ) GLOBAL_UNIT_ASSIGNED_CONTEXT ( ( #2512, #3816, #449 ) ) REPRESENTATION_CONTEXT ( 'NONE', 'WORKASPACE' ) );
#2004 = EDGE_CURVE ( 'NONE', #2509, #2232, #356, .T. ) ;
#2005 = SURFACE_SIDE_STYLE ('',( #2616 ) ) ;
#2006 = CARTESIAN_POINT ( 'NONE',  ( 0.7100000000000011857, 0.000000000000000000, -0.7999999999999999334 ) ) ;
#2007 = DIRECTION ( 'NONE',  ( 7.228014483236698528E-16, 0.000000000000000000, 1.000000000000000000 ) ) ;
#2008 = PRESENTATION_STYLE_ASSIGNMENT (( #2957 ) ) ;
#2009 = CARTESIAN_POINT ( 'NONE',  ( 1.300000000000000933, 0.000000000000000000, -0.2550000000000000044 ) ) ;
#2010 = ORIENTED_EDGE ( 'NONE', *, *, #257, .T. ) ;
#2011 = SURFACE_SIDE_STYLE ('',( #3343 ) ) ;
#2012 = SURFACE_STYLE_FILL_AREA ( #1683 ) ;
#2013 = PLANE ( 'NONE',  #1614 ) ;
#2014 = ADVANCED_FACE ( 'NONE', ( #2393 ), #3643, .T. ) ;
#2015 = ORIENTED_EDGE ( 'NONE', *, *, #3196, .F. ) ;
#2016 =( NAMED_UNIT ( * ) SI_UNIT ( $, .STERADIAN. ) SOLID_ANGLE_UNIT ( ) );
#2017 = PLANE ( 'NONE',  #2061 ) ;
#2018 = VERTEX_POINT ( 'NONE', #3685 ) ;
#2019 =( NAMED_UNIT ( * ) PLANE_ANGLE_UNIT ( ) SI_UNIT ( $, .RADIAN. ) );
#2020 = EDGE_LOOP ( 'NONE', ( #1378, #3941, #501, #2111 ) ) ;
#2021 = FACE_OUTER_BOUND ( 'NONE', #1465, .T. ) ;
#2022 = ADVANCED_FACE ( 'NONE', ( #1696 ), #2303, .T. ) ;
#2023 = PRESENTATION_STYLE_ASSIGNMENT (( #1423 ) ) ;
#2024 = FACE_OUTER_BOUND ( 'NONE', #1407, .T. ) ;
#2025 = PRESENTATION_LAYER_ASSIGNMENT (  '', '', ( #561 ) ) ;
#2026 = SURFACE_STYLE_USAGE ( .BOTH. , #1361 ) ;
#2027 = FILL_AREA_STYLE ('',( #36 ) ) ;
#2028 = VECTOR ( 'NONE', #398, 1000.000000000000000 ) ;
#2029 = PLANE ( 'NONE',  #3141 ) ;
#2030 = CARTESIAN_POINT ( 'NONE',  ( -1.269999999999999352, 0.000000000000000000, 0.5000000000000000000 ) ) ;
#2031 = ORIENTED_EDGE ( 'NONE', *, *, #3655, .T. ) ;
#2032 = MECHANICAL_DESIGN_GEOMETRIC_PRESENTATION_REPRESENTATION (  '', ( #3886 ), #2930 ) ;
#2033 = DIRECTION ( 'NONE',  ( 0.000000000000000000, 0.000000000000000000, -1.000000000000000000 ) ) ;
#2034 = ORIENTED_EDGE ( 'NONE', *, *, #3509, .T. ) ;
#2035 = VECTOR ( 'NONE', #2171, 1000.000000000000000 ) ;
#2036 = DIRECTION ( 'NONE',  ( -0.000000000000000000, 1.000000000000000000, 0.000000000000000000 ) ) ;
#2037 = EDGE_LOOP ( 'NONE', ( #2359, #3516, #2444, #1063 ) ) ;
#2038 = DIRECTION ( 'NONE',  ( -1.000000000000000000, 0.000000000000000000, 1.936075308009828431E-16 ) ) ;
#2039 = MECHANICAL_DESIGN_GEOMETRIC_PRESENTATION_REPRESENTATION (  '', ( #174 ), #1657 ) ;
#2040 = PRESENTATION_LAYER_ASSIGNMENT (  '', '', ( #1504 ) ) ;
#2041 = VERTEX_POINT ( 'NONE', #4117 ) ;
#2042 = PRESENTATION_STYLE_ASSIGNMENT (( #51 ) ) ;
#2043 = CARTESIAN_POINT ( 'NONE',  ( 1.600000000000001199, 0.9399999999999999467, -0.8000000000000001554 ) ) ;
#2044 = COLOUR_RGB ( '',0.7529411764705882248, 0.7529411764705882248, 0.7529411764705882248 ) ;
#2045 = VECTOR ( 'NONE', #3260, 1000.000000000000000 ) ;
#2046 = PRESENTATION_STYLE_ASSIGNMENT (( #2298 ) ) ;
#2047 = PRESENTATION_STYLE_ASSIGNMENT (( #743 ) ) ;
#2048 = MECHANICAL_DESIGN_GEOMETRIC_PRESENTATION_REPRESENTATION (  '', ( #1718 ), #318 ) ;
#2049 =( GEOMETRIC_REPRESENTATION_CONTEXT ( 3 ) GLOBAL_UNCERTAINTY_ASSIGNED_CONTEXT ( ( #2107 ) ) GLOBAL_UNIT_ASSIGNED_CONTEXT ( ( #2890, #1559, #288 ) ) REPRESENTATION_CONTEXT ( 'NONE', 'WORKASPACE' ) );
#2050 = EDGE_CURVE ( 'NONE', #2068, #813, #1841, .T. ) ;
#2051 = LINE ( 'NONE', #396, #1382 ) ;
#2052 = FILL_AREA_STYLE_COLOUR ( '', #704 ) ;
#2053 =( NAMED_UNIT ( * ) SI_UNIT ( $, .STERADIAN. ) SOLID_ANGLE_UNIT ( ) );
#2054 = AXIS2_PLACEMENT_3D ( 'NONE', #2223, #1568, #2871 ) ;
#2055 = DIRECTION ( 'NONE',  ( 0.000000000000000000, 0.000000000000000000, -1.000000000000000000 ) ) ;
#2056 = LINE ( 'NONE', #2030, #156 ) ;
#2057 = PRESENTATION_LAYER_ASSIGNMENT (  '', '', ( #3632 ) ) ;
#2058 = EDGE_CURVE ( 'NONE', #3567, #1895, #3384, .T. ) ;
#2059 = LINE ( 'NONE', #2683, #4008 ) ;
#2060 = AXIS2_PLACEMENT_3D ( 'NONE', #2978, #370, #2280 ) ;
#2061 = AXIS2_PLACEMENT_3D ( 'NONE', #3059, #2036, #3352 ) ;
#2062 = STYLED_ITEM ( 'NONE', ( #2615 ), #303 ) ;
#2063 = UNCERTAINTY_MEASURE_WITH_UNIT (LENGTH_MEASURE( 1.000000000000000082E-05 ), #3301, 'distance_accuracy_value', 'NONE');
#2064 = FILL_AREA_STYLE_COLOUR ( '', #3574 ) ;
#2065 = EDGE_CURVE ( 'NONE', #3665, #775, #1461, .T. ) ;
#2066 = EDGE_LOOP ( 'NONE', ( #2195, #2377, #1055, #1713 ) ) ;
#2067 = DIRECTION ( 'NONE',  ( 7.228014483236698528E-16, -0.000000000000000000, 1.000000000000000000 ) ) ;
#2068 = VERTEX_POINT ( 'NONE', #830 ) ;
#2069 = MECHANICAL_DESIGN_GEOMETRIC_PRESENTATION_REPRESENTATION (  '', ( #2476 ), #3715 ) ;
#2070 = CARTESIAN_POINT ( 'NONE',  ( -0.7099999999999994094, 0.9399999999999999467, 0.4999999999999998890 ) ) ;
#2071 =( NAMED_UNIT ( * ) PLANE_ANGLE_UNIT ( ) SI_UNIT ( $, .RADIAN. ) );
#2072 = PRESENTATION_STYLE_ASSIGNMENT (( #3333 ) ) ;
#2073 = CARTESIAN_POINT ( 'NONE',  ( 1.300000000000000933, 0.000000000000000000, -0.2550000000000000044 ) ) ;
#2074 = DIRECTION ( 'NONE',  ( 0.000000000000000000, 0.000000000000000000, -1.000000000000000000 ) ) ;
#2075 = SURFACE_STYLE_FILL_AREA ( #4179 ) ;
#2076 = DIRECTION ( 'NONE',  ( -7.228014483236698528E-16, 0.000000000000000000, 1.000000000000000000 ) ) ;
#2077 = LINE ( 'NONE', #418, #585 ) ;
#2078 = FILL_AREA_STYLE_COLOUR ( '', #3350 ) ;
#2079 = DIRECTION ( 'NONE',  ( -0.000000000000000000, -1.000000000000000000, -0.000000000000000000 ) ) ;
#2080 = VERTEX_POINT ( 'NONE', #3804 ) ;
#2081 = PRESENTATION_LAYER_ASSIGNMENT (  '', '', ( #3922 ) ) ;
#2082 = DIRECTION ( 'NONE',  ( 0.000000000000000000, 0.000000000000000000, -1.000000000000000000 ) ) ;
#2083 =( NAMED_UNIT ( * ) PLANE_ANGLE_UNIT ( ) SI_UNIT ( $, .RADIAN. ) );
#2084 = EDGE_CURVE ( 'NONE', #3290, #2422, #435, .T. ) ;
#2085 =( LENGTH_UNIT ( ) NAMED_UNIT ( * ) SI_UNIT ( .MILLI., .METRE. ) );
#2086 = FACE_OUTER_BOUND ( 'NONE', #305, .T. ) ;
#2087 = ORIENTED_EDGE ( 'NONE', *, *, #1108, .T. ) ;
#2088 = LINE ( 'NONE', #1450, #1513 ) ;
#2089 = ORIENTED_EDGE ( 'NONE', *, *, #2999, .T. ) ;
#2090 = PRESENTATION_STYLE_ASSIGNMENT (( #4066 ) ) ;
#2091 =( LENGTH_UNIT ( ) NAMED_UNIT ( * ) SI_UNIT ( .MILLI., .METRE. ) );
#2092 =( LENGTH_UNIT ( ) NAMED_UNIT ( * ) SI_UNIT ( .MILLI., .METRE. ) );
#2093 =( LENGTH_UNIT ( ) NAMED_UNIT ( * ) SI_UNIT ( .MILLI., .METRE. ) );
#2094 = UNCERTAINTY_MEASURE_WITH_UNIT (LENGTH_MEASURE( 1.000000000000000082E-05 ), #2689, 'distance_accuracy_value', 'NONE');
#2095 = DIRECTION ( 'NONE',  ( -1.000000000000000000, 0.000000000000000000, 0.000000000000000000 ) ) ;
#2096 = DIRECTION ( 'NONE',  ( 0.000000000000000000, 1.000000000000000000, 0.000000000000000000 ) ) ;
#2097 = EDGE_CURVE ( 'NONE', #2288, #751, #3403, .T. ) ;
#2098 = DIRECTION ( 'NONE',  ( -7.228014483236698528E-16, 0.000000000000000000, 1.000000000000000000 ) ) ;
#2099 = DIRECTION ( 'NONE',  ( -1.936075308009829417E-16, 0.000000000000000000, -1.000000000000000000 ) ) ;
#2100 = MECHANICAL_DESIGN_GEOMETRIC_PRESENTATION_REPRESENTATION (  '', ( #2926 ), #4090 ) ;
#2101 = ORIENTED_EDGE ( 'NONE', *, *, #3393, .T. ) ;
#2102 = CARTESIAN_POINT ( 'NONE',  ( -0.7099999999999994094, 0.000000000000000000, 0.7999999999999999334 ) ) ;
#2103 = LINE ( 'NONE', #126, #636 ) ;
#2104 = VECTOR ( 'NONE', #1848, 1000.000000000000000 ) ;
#2105 = EDGE_LOOP ( 'NONE', ( #2318, #731, #3232, #2977 ) ) ;
#2106 = MECHANICAL_DESIGN_GEOMETRIC_PRESENTATION_REPRESENTATION (  '', ( #570 ), #3480 ) ;
#2107 = UNCERTAINTY_MEASURE_WITH_UNIT (LENGTH_MEASURE( 1.000000000000000082E-05 ), #2890, 'distance_accuracy_value', 'NONE');
#2108 = EDGE_CURVE ( 'NONE', #2564, #3553, #1758, .T. ) ;
#2109 = FACE_OUTER_BOUND ( 'NONE', #1974, .T. ) ;
#2110 = CARTESIAN_POINT ( 'NONE',  ( 0.2800000000000008593, 0.000000000000000000, 0.4999999999999998890 ) ) ;
#2111 = ORIENTED_EDGE ( 'NONE', *, *, #1001, .T. ) ;
#2112 = SURFACE_STYLE_USAGE ( .BOTH. , #453 ) ;
#2113 = EDGE_LOOP ( 'NONE', ( #2276, #3417, #3166, #2396 ) ) ;
#2114 = DIRECTION ( 'NONE',  ( -0.000000000000000000, -0.000000000000000000, -1.000000000000000000 ) ) ;
#2115 = CARTESIAN_POINT ( 'NONE',  ( 1.168823215986490194, 0.9399999999999999467, -0.2800000000000000266 ) ) ;
#2116 = STYLED_ITEM ( 'NONE', ( #3313 ), #2423 ) ;
#2117 = DIRECTION ( 'NONE',  ( -1.000000000000000000, 0.000000000000000000, 0.000000000000000000 ) ) ;
#2118 = COLOUR_RGB ( '',0.7529411764705882248, 0.7529411764705882248, 0.7529411764705882248 ) ;
#2119 = AXIS2_PLACEMENT_3D ( 'NONE', #622, #2606, #938 ) ;
#2120 = LINE ( 'NONE', #1072, #4193 ) ;
#2121 = DIRECTION ( 'NONE',  ( 0.000000000000000000, 1.000000000000000000, -0.000000000000000000 ) ) ;
#2122 = EDGE_CURVE ( 'NONE', #958, #3777, #2415, .T. ) ;
#2123 = CARTESIAN_POINT ( 'NONE',  ( -1.600000000000000977, 0.000000000000000000, 0.2550000000000000044 ) ) ;
#2124 = AXIS2_PLACEMENT_3D ( 'NONE', #3211, #3447, #3856 ) ;
#2125 = FACE_OUTER_BOUND ( 'NONE', #1448, .T. ) ;
#2126 = AXIS2_PLACEMENT_3D ( 'NONE', #1515, #1816, #1164 ) ;
#2127 = SURFACE_STYLE_USAGE ( .BOTH. , #3729 ) ;
#2128 = VERTEX_POINT ( 'NONE', #417 ) ;
#2129 = PRESENTATION_LAYER_ASSIGNMENT (  '', '', ( #3499 ) ) ;
#2130 = DIRECTION ( 'NONE',  ( 0.000000000000000000, 0.000000000000000000, -1.000000000000000000 ) ) ;
#2131 = VECTOR ( 'NONE', #4264, 1000.000000000000000 ) ;
#2132 = STYLED_ITEM ( 'NONE', ( #252 ), #4258 ) ;
#2133 = ORIENTED_EDGE ( 'NONE', *, *, #2311, .T. ) ;
#2134 = STYLED_ITEM ( 'NONE', ( #2090 ), #474 ) ;
#2135 = COLOUR_RGB ( '',0.7529411764705882248, 0.7529411764705882248, 0.7529411764705882248 ) ;
#2136 = EDGE_LOOP ( 'NONE', ( #229, #4109, #993, #4118, #3015, #1861, #2235, #3484, #2489, #3349, #3771, #2528, #1954, #1549, #239, #3786, #2859, #1750, #2574, #1843, #466, #530, #1800, #1118, #2381, #3749, #3026, #3061, #3970, #1855, #578, #220, #1542, #65, #3454, #3653 ) ) ;
#2137 = CARTESIAN_POINT ( 'NONE',  ( 0.2800000000000008593, 0.000000000000000000, 0.7999999999999999334 ) ) ;
#2138 = DIRECTION ( 'NONE',  ( 0.000000000000000000, 0.000000000000000000, -1.000000000000000000 ) ) ;
#2139 =( NAMED_UNIT ( * ) SI_UNIT ( $, .STERADIAN. ) SOLID_ANGLE_UNIT ( ) );
#2140 = EDGE_CURVE ( 'NONE', #1622, #2844, #812, .T. ) ;
#2141 = CARTESIAN_POINT ( 'NONE',  ( -1.269999999999999130, 0.9399999999999999467, -0.7999999999999999334 ) ) ;
#2142 = LINE ( 'NONE', #1824, #3894 ) ;
#2143 = MECHANICAL_DESIGN_GEOMETRIC_PRESENTATION_REPRESENTATION (  '', ( #739 ), #1243 ) ;
#2144 = EDGE_LOOP ( 'NONE', ( #333, #331, #3735, #2343 ) ) ;
#2145 = PLANE ( 'NONE',  #1409 ) ;
#2146 = LINE ( 'NONE', #3453, #1048 ) ;
#2147 = EDGE_CURVE ( 'NONE', #391, #3000, #785, .T. ) ;
#2148 = ORIENTED_EDGE ( 'NONE', *, *, #3833, .F. ) ;
#2149 = LINE ( 'NONE', #4078, #3763 ) ;
#2150 = CARTESIAN_POINT ( 'NONE',  ( 0.7100000000000011857, 0.000000000000000000, 0.7999999999999999334 ) ) ;
#2151 = UNCERTAINTY_MEASURE_WITH_UNIT (LENGTH_MEASURE( 1.000000000000000082E-05 ), #691, 'distance_accuracy_value', 'NONE');
#2152 = CARTESIAN_POINT ( 'NONE',  ( -1.269999999999999352, 0.000000000000000000, 0.5000000000000000000 ) ) ;
#2153 = EDGE_CURVE ( 'NONE', #3066, #3675, #2765, .T. ) ;
#2154 =( NAMED_UNIT ( * ) PLANE_ANGLE_UNIT ( ) SI_UNIT ( $, .RADIAN. ) );
#2155 = ORIENTED_EDGE ( 'NONE', *, *, #2586, .F. ) ;
#2156 = ORIENTED_EDGE ( 'NONE', *, *, #2331, .F. ) ;
#2157 =( NAMED_UNIT ( * ) SI_UNIT ( $, .STERADIAN. ) SOLID_ANGLE_UNIT ( ) );
#2158 =( LENGTH_UNIT ( ) NAMED_UNIT ( * ) SI_UNIT ( .MILLI., .METRE. ) );
#2159 = FILL_AREA_STYLE ('',( #4115 ) ) ;
#2160 = EDGE_CURVE ( 'NONE', #2232, #974, #139, .T. ) ;
#2161 = CARTESIAN_POINT ( 'NONE',  ( -1.600000000000000977, 0.000000000000000000, -0.2550000000000000044 ) ) ;
#2162 = ORIENTED_EDGE ( 'NONE', *, *, #316, .T. ) ;
#2163 = FILL_AREA_STYLE ('',( #163 ) ) ;
#2164 = CARTESIAN_POINT ( 'NONE',  ( -1.300000000000000933, 0.9399999999999999467, 0.2550000000000000044 ) ) ;
#2165 = ORIENTED_EDGE ( 'NONE', *, *, #1746, .T. ) ;
#2166 = DIRECTION ( 'NONE',  ( 1.000000000000000000, 0.000000000000000000, 1.936075308009829170E-16 ) ) ;
#2167 = PLANE ( 'NONE',  #932 ) ;
#2168 = VECTOR ( 'NONE', #3106, 1000.000000000000000 ) ;
#2169 = EDGE_LOOP ( 'NONE', ( #1888, #2089, #2834, #421 ) ) ;
#2170 = STYLED_ITEM ( 'NONE', ( #72 ), #1347 ) ;
#2171 = DIRECTION ( 'NONE',  ( -0.000000000000000000, 1.000000000000000000, -0.000000000000000000 ) ) ;
#2172 = ORIENTED_EDGE ( 'NONE', *, *, #1054, .T. ) ;
#2173 = CARTESIAN_POINT ( 'NONE',  ( -0.2799999999999991940, 0.000000000000000000, 0.5000000000000000000 ) ) ;
#2174 = DIRECTION ( 'NONE',  ( -1.000000000000000000, 0.000000000000000000, 1.936075308009829417E-16 ) ) ;
#2175 =( NAMED_UNIT ( * ) SI_UNIT ( $, .STERADIAN. ) SOLID_ANGLE_UNIT ( ) );
#2176 = STYLED_ITEM ( 'NONE', ( #490 ), #1604 ) ;
#2177 = DIRECTION ( 'NONE',  ( 0.000000000000000000, -0.000000000000000000, 1.000000000000000000 ) ) ;
#2178 = CARTESIAN_POINT ( 'NONE',  ( -0.2799999999999990274, 0.9399999999999999467, 0.7999999999999999334 ) ) ;
#2179 = AXIS2_PLACEMENT_3D ( 'NONE', #747, #2720, #321 ) ;
#2180 = ORIENTED_EDGE ( 'NONE', *, *, #1553, .F. ) ;
#2181 = DIRECTION ( 'NONE',  ( 1.000000000000000000, -0.000000000000000000, 0.000000000000000000 ) ) ;
#2182 = SURFACE_STYLE_USAGE ( .BOTH. , #3469 ) ;
#2183 = AXIS2_PLACEMENT_3D ( 'NONE', #4164, #3879, #1242 ) ;
#2184 = EDGE_CURVE ( 'NONE', #6, #3567, #500, .T. ) ;
#2185 = AXIS2_PLACEMENT_3D ( 'NONE', #313, #1653, #1317 ) ;
#2186 = ORIENTED_EDGE ( 'NONE', *, *, #737, .F. ) ;
#2187 = CARTESIAN_POINT ( 'NONE',  ( 1.270000000000001128, 0.000000000000000000, 0.4999999999999998890 ) ) ;
#2188 = DIRECTION ( 'NONE',  ( -1.000000000000000000, 0.000000000000000000, -0.000000000000000000 ) ) ;
#2189 = CARTESIAN_POINT ( 'NONE',  ( 0.2800000000000008593, 0.000000000000000000, 0.4999999999999998890 ) ) ;
#2190 = DIRECTION ( 'NONE',  ( -0.000000000000000000, 1.000000000000000000, -0.000000000000000000 ) ) ;
#2191 = AXIS2_PLACEMENT_3D ( 'NONE', #2073, #2117, #459 ) ;
#2192 = VECTOR ( 'NONE', #874, 1000.000000000000000 ) ;
#2193 = SURFACE_STYLE_FILL_AREA ( #4129 ) ;
#2194 = EDGE_CURVE ( 'NONE', #1939, #1706, #480, .T. ) ;
#2195 = ORIENTED_EDGE ( 'NONE', *, *, #2965, .F. ) ;
#2196 = AXIS2_PLACEMENT_3D ( 'NONE', #1205, #2198, #3164 ) ;
#2197 = PLANE ( 'NONE',  #432 ) ;
#2198 = DIRECTION ( 'NONE',  ( 0.000000000000000000, 1.000000000000000000, -0.000000000000000000 ) ) ;
#2199 = EDGE_CURVE ( 'NONE', #4039, #2578, #2142, .T. ) ;
#2200 = COLOUR_RGB ( '',0.7529411764705882248, 0.7529411764705882248, 0.7529411764705882248 ) ;
#2201 = DIRECTION ( 'NONE',  ( 7.228014483236698528E-16, 0.000000000000000000, 1.000000000000000000 ) ) ;
#2202 = CARTESIAN_POINT ( 'NONE',  ( -1.269999999999999352, 0.000000000000000000, 0.5000000000000000000 ) ) ;
#2203 = CARTESIAN_POINT ( 'NONE',  ( 0.2800000000000008593, 0.000000000000000000, -0.4999999999999998890 ) ) ;
#2204 = AXIS2_PLACEMENT_3D ( 'NONE', #2706, #4009, #1058 ) ;
#2205 = SURFACE_STYLE_FILL_AREA ( #2159 ) ;
#2206 =( GEOMETRIC_REPRESENTATION_CONTEXT ( 3 ) GLOBAL_UNCERTAINTY_ASSIGNED_CONTEXT ( ( #4128 ) ) GLOBAL_UNIT_ASSIGNED_CONTEXT ( ( #2269, #949, #594 ) ) REPRESENTATION_CONTEXT ( 'NONE', 'WORKASPACE' ) );
#2207 =( NAMED_UNIT ( * ) SI_UNIT ( $, .STERADIAN. ) SOLID_ANGLE_UNIT ( ) );
#2208 = ORIENTED_EDGE ( 'NONE', *, *, #1621, .F. ) ;
#2209 = CARTESIAN_POINT ( 'NONE',  ( -0.7099999999999994094, 0.000000000000000000, 0.7999999999999999334 ) ) ;
#2210 = ORIENTED_EDGE ( 'NONE', *, *, #1672, .F. ) ;
#2211 = DIRECTION ( 'NONE',  ( 0.000000000000000000, 0.000000000000000000, 1.000000000000000000 ) ) ;
#2212 = VECTOR ( 'NONE', #545, 1000.000000000000000 ) ;
#2213 = ORIENTED_EDGE ( 'NONE', *, *, #3092, .T. ) ;
#2214 = UNCERTAINTY_MEASURE_WITH_UNIT (LENGTH_MEASURE( 1.000000000000000082E-05 ), #2236, 'distance_accuracy_value', 'NONE');
#2215 = CARTESIAN_POINT ( 'NONE',  ( 0.1388232159864901949, 0.9399999999999999467, 0.2800000000000000266 ) ) ;
#2216 = EDGE_CURVE ( 'NONE', #6, #803, #161, .T. ) ;
#2217 = CARTESIAN_POINT ( 'NONE',  ( -1.300000000000000933, 0.000000000000000000, -0.2550000000000000044 ) ) ;
#2218 = ORIENTED_EDGE ( 'NONE', *, *, #3627, .T. ) ;
#2219 = FACE_OUTER_BOUND ( 'NONE', #3378, .T. ) ;
#2220 = FILL_AREA_STYLE ('',( #897 ) ) ;
#2221 = CARTESIAN_POINT ( 'NONE',  ( -0.7099999999999994094, 0.9399999999999999467, -0.4999999999999998890 ) ) ;
#2222 = DIRECTION ( 'NONE',  ( -1.000000000000000000, -0.000000000000000000, -0.000000000000000000 ) ) ;
#2223 = CARTESIAN_POINT ( 'NONE',  ( -1.269999999999999130, -4.000000000000000000, -0.7999999999999999334 ) ) ;
#2224 = CARTESIAN_POINT ( 'NONE',  ( 1.168823215986490194, 0.8399999999999999689, 0.2800000000000000266 ) ) ;
#2225 = CARTESIAN_POINT ( 'NONE',  ( 0.2800000000000008593, 0.000000000000000000, -0.7999999999999999334 ) ) ;
#2226 = LINE ( 'NONE', #2525, #3216 ) ;
#2227 = EDGE_LOOP ( 'NONE', ( #883, #401, #2087, #1640 ) ) ;
#2228 =( LENGTH_UNIT ( ) NAMED_UNIT ( * ) SI_UNIT ( .MILLI., .METRE. ) );
#2229 = CARTESIAN_POINT ( 'NONE',  ( -1.269999999999999130, -4.000000000000000000, 0.7999999999999999334 ) ) ;
#2230 = UNCERTAINTY_MEASURE_WITH_UNIT (LENGTH_MEASURE( 1.000000000000000082E-05 ), #2915, 'distance_accuracy_value', 'NONE');
#2231 = ORIENTED_EDGE ( 'NONE', *, *, #3366, .F. ) ;
#2232 = VERTEX_POINT ( 'NONE', #1126 ) ;
#2233 = AXIS2_PLACEMENT_3D ( 'NONE', #2767, #122, #142 ) ;
#2234 = EDGE_CURVE ( 'NONE', #2514, #140, #4142, .T. ) ;
#2235 = ORIENTED_EDGE ( 'NONE', *, *, #2874, .T. ) ;
#2236 =( LENGTH_UNIT ( ) NAMED_UNIT ( * ) SI_UNIT ( .MILLI., .METRE. ) );
#2237 =( GEOMETRIC_REPRESENTATION_CONTEXT ( 3 ) GLOBAL_UNCERTAINTY_ASSIGNED_CONTEXT ( ( #539 ) ) GLOBAL_UNIT_ASSIGNED_CONTEXT ( ( #981, #1694, #3618 ) ) REPRESENTATION_CONTEXT ( 'NONE', 'WORKASPACE' ) );
#2238 = LINE ( 'NONE', #584, #643 ) ;
#2239 = LINE ( 'NONE', #3580, #3953 ) ;
#2240 = ORIENTED_EDGE ( 'NONE', *, *, #3186, .F. ) ;
#2241 = PRESENTATION_LAYER_ASSIGNMENT (  '', '', ( #3889 ) ) ;
#2242 = PLANE ( 'NONE',  #3759 ) ;
#2243 = CARTESIAN_POINT ( 'NONE',  ( -1.600000000000000977, 0.000000000000000000, -0.2550000000000000044 ) ) ;
#2244 = FILL_AREA_STYLE ('',( #1619 ) ) ;
#2245 =( GEOMETRIC_REPRESENTATION_CONTEXT ( 3 ) GLOBAL_UNCERTAINTY_ASSIGNED_CONTEXT ( ( #3867 ) ) GLOBAL_UNIT_ASSIGNED_CONTEXT ( ( #1949, #4195, #2572 ) ) REPRESENTATION_CONTEXT ( 'NONE', 'WORKASPACE' ) );
#2246 = LINE ( 'NONE', #285, #794 ) ;
#2247 = DIRECTION ( 'NONE',  ( -1.000000000000000000, 0.000000000000000000, 7.228014483236698528E-16 ) ) ;
#2248 = PRESENTATION_STYLE_ASSIGNMENT (( #2507 ) ) ;
#2249 = ORIENTED_EDGE ( 'NONE', *, *, #2392, .F. ) ;
#2250 = AXIS2_PLACEMENT_3D ( 'NONE', #3479, #509, #1852 ) ;
#2251 = UNCERTAINTY_MEASURE_WITH_UNIT (LENGTH_MEASURE( 1.000000000000000082E-05 ), #2899, 'distance_accuracy_value', 'NONE');
#2252 = STYLED_ITEM ( 'NONE', ( #1742 ), #2584 ) ;
#2253 = DIRECTION ( 'NONE',  ( 0.000000000000000000, 0.000000000000000000, -1.000000000000000000 ) ) ;
#2254 = PRESENTATION_LAYER_ASSIGNMENT (  '', '', ( #2319 ) ) ;
#2255 = COLOUR_RGB ( '',0.7529411764705882248, 0.7529411764705882248, 0.7529411764705882248 ) ;
#2256 = EDGE_LOOP ( 'NONE', ( #1907, #895, #2964, #348 ) ) ;
#2257 = CARTESIAN_POINT ( 'NONE',  ( 0.1388232159864901949, 0.8399999999999999689, -0.2800000000000000266 ) ) ;
#2258 = PRESENTATION_LAYER_ASSIGNMENT (  '', '', ( #946 ) ) ;
#2259 = DIRECTION ( 'NONE',  ( 0.000000000000000000, 0.000000000000000000, 1.000000000000000000 ) ) ;
#2260 = LINE ( 'NONE', #610, #2192 ) ;
#2261 = VECTOR ( 'NONE', #2413, 1000.000000000000000 ) ;
#2262 = LINE ( 'NONE', #3578, #3907 ) ;
#2263 = CARTESIAN_POINT ( 'NONE',  ( -0.2799999999999990274, 0.9399999999999999467, -0.7999999999999999334 ) ) ;
#2264 = STYLED_ITEM ( 'NONE', ( #2850 ), #3961 ) ;
#2265 = EDGE_CURVE ( 'NONE', #3323, #1319, #2499, .T. ) ;
#2266 = SURFACE_SIDE_STYLE ('',( #1320 ) ) ;
#2267 = MECHANICAL_DESIGN_GEOMETRIC_PRESENTATION_REPRESENTATION (  '', ( #4125 ), #1526 ) ;
#2268 = AXIS2_PLACEMENT_3D ( 'NONE', #2715, #1753, #2412 ) ;
#2269 =( LENGTH_UNIT ( ) NAMED_UNIT ( * ) SI_UNIT ( .MILLI., .METRE. ) );
#2270 = FACE_OUTER_BOUND ( 'NONE', #1128, .T. ) ;
#2271 = LINE ( 'NONE', #1948, #2045 ) ;
#2272 = CLOSED_SHELL ( 'NONE', ( #3410, #1449, #3126, #2863, #2888, #3919 ) ) ;
#2273 = CARTESIAN_POINT ( 'NONE',  ( -0.2799999999999991940, 0.000000000000000000, -0.5000000000000000000 ) ) ;
#2274 = PLANE ( 'NONE',  #3620 ) ;
#2275 = EDGE_CURVE ( 'NONE', #368, #2877, #1548, .T. ) ;
#2276 = ORIENTED_EDGE ( 'NONE', *, *, #922, .T. ) ;
#2277 = SURFACE_STYLE_USAGE ( .BOTH. , #4223 ) ;
#2278 = ORIENTED_EDGE ( 'NONE', *, *, #2440, .F. ) ;
#2279 = ORIENTED_EDGE ( 'NONE', *, *, #1541, .F. ) ;
#2280 = DIRECTION ( 'NONE',  ( -0.000000000000000000, 0.000000000000000000, -1.000000000000000000 ) ) ;
#2281 =( LENGTH_UNIT ( ) NAMED_UNIT ( * ) SI_UNIT ( .MILLI., .METRE. ) );
#2282 = CARTESIAN_POINT ( 'NONE',  ( 0.7100000000000006306, 0.000000000000000000, -5.131890283098060895E-16 ) ) ;
#2283 = EDGE_CURVE ( 'NONE', #1689, #3000, #923, .T. ) ;
#2284 = DIRECTION ( 'NONE',  ( 0.000000000000000000, 0.000000000000000000, 1.000000000000000000 ) ) ;
#2285 = SURFACE_STYLE_FILL_AREA ( #3642 ) ;
#2286 = PRESENTATION_STYLE_ASSIGNMENT (( #2556 ) ) ;
#2287 = FILL_AREA_STYLE ('',( #1639 ) ) ;
#2288 = VERTEX_POINT ( 'NONE', #2263 ) ;
#2289 = SURFACE_STYLE_USAGE ( .BOTH. , #618 ) ;
#2290 = FACE_OUTER_BOUND ( 'NONE', #3533, .T. ) ;
#2291 =( NAMED_UNIT ( * ) SI_UNIT ( $, .STERADIAN. ) SOLID_ANGLE_UNIT ( ) );
#2292 = VERTEX_POINT ( 'NONE', #1240 ) ;
#2293 = PRESENTATION_STYLE_ASSIGNMENT (( #685 ) ) ;
#2294 = COLOUR_RGB ( '',0.7529411764705882248, 0.7529411764705882248, 0.7529411764705882248 ) ;
#2295 = ORIENTED_EDGE ( 'NONE', *, *, #1437, .T. ) ;
#2296 =( NAMED_UNIT ( * ) SI_UNIT ( $, .STERADIAN. ) SOLID_ANGLE_UNIT ( ) );
#2297 = PRESENTATION_LAYER_ASSIGNMENT (  '', '', ( #3203 ) ) ;
#2298 = SURFACE_STYLE_USAGE ( .BOTH. , #963 ) ;
#2299 = CARTESIAN_POINT ( 'NONE',  ( -1.269999999999999130, 0.000000000000000000, 0.7999999999999999334 ) ) ;
#2300 = FILL_AREA_STYLE_COLOUR ( '', #1588 ) ;
#2301 = FILL_AREA_STYLE ('',( #673 ) ) ;
#2302 = PRESENTATION_STYLE_ASSIGNMENT (( #3362 ) ) ;
#2303 = PLANE ( 'NONE',  #2730 ) ;
#2304 = VECTOR ( 'NONE', #1624, 1000.000000000000000 ) ;
#2305 = UNCERTAINTY_MEASURE_WITH_UNIT (LENGTH_MEASURE( 1.000000000000000082E-05 ), #3321, 'distance_accuracy_value', 'NONE');
#2306 = VECTOR ( 'NONE', #3085, 1000.000000000000000 ) ;
#2307 = VERTEX_POINT ( 'NONE', #2178 ) ;
#2308 = FILL_AREA_STYLE ('',( #402 ) ) ;
#2309 =( NAMED_UNIT ( * ) PLANE_ANGLE_UNIT ( ) SI_UNIT ( $, .RADIAN. ) );
#2310 = DIRECTION ( 'NONE',  ( -1.000000000000000000, 0.000000000000000000, -0.000000000000000000 ) ) ;
#2311 = EDGE_CURVE ( 'NONE', #1272, #1689, #848, .T. ) ;
#2312 = VECTOR ( 'NONE', #3645, 1000.000000000000000 ) ;
#2313 = COLOUR_RGB ( '',0.7529411764705882248, 0.7529411764705882248, 0.7529411764705882248 ) ;
#2314 = MECHANICAL_DESIGN_GEOMETRIC_PRESENTATION_REPRESENTATION (  '', ( #3757 ), #3217 ) ;
#2315 = EDGE_CURVE ( 'NONE', #491, #249, #2239, .T. ) ;
#2316 =( NAMED_UNIT ( * ) SI_UNIT ( $, .STERADIAN. ) SOLID_ANGLE_UNIT ( ) );
#2317 = SHAPE_DEFINITION_REPRESENTATION ( #892, #3577 ) ;
#2318 = ORIENTED_EDGE ( 'NONE', *, *, #1580, .T. ) ;
#2319 = STYLED_ITEM ( 'NONE', ( #2047 ), #3410 ) ;
#2320 = MECHANICAL_DESIGN_GEOMETRIC_PRESENTATION_REPRESENTATION (  '', ( #1230 ), #2049 ) ;
#2321 = EDGE_CURVE ( 'NONE', #246, #3534, #2851, .T. ) ;
#2322 = EDGE_LOOP ( 'NONE', ( #579, #50, #3603, #1256 ) ) ;
#2323 = COLOUR_RGB ( '',0.7529411764705882248, 0.7529411764705882248, 0.7529411764705882248 ) ;
#2324 = COLOUR_RGB ( '',0.7529411764705882248, 0.7529411764705882248, 0.7529411764705882248 ) ;
#2325 = CARTESIAN_POINT ( 'NONE',  ( 0.2800000000000008593, 0.9399999999999999467, 0.7999999999999999334 ) ) ;
#2326 = AXIS2_PLACEMENT_3D ( 'NONE', #4167, #4192, #718 ) ;
#2327 =( LENGTH_UNIT ( ) NAMED_UNIT ( * ) SI_UNIT ( .MILLI., .METRE. ) );
#2328 = DIRECTION ( 'NONE',  ( 0.000000000000000000, 0.000000000000000000, -1.000000000000000000 ) ) ;
#2329 = VECTOR ( 'NONE', #2174, 1000.000000000000000 ) ;
#2330 = CARTESIAN_POINT ( 'NONE',  ( 0.2800000000000008593, 0.9399999999999999467, -0.7999999999999999334 ) ) ;
#2331 = EDGE_CURVE ( 'NONE', #1745, #1201, #879, .T. ) ;
#2332 = SURFACE_STYLE_FILL_AREA ( #2287 ) ;
#2333 = AXIS2_PLACEMENT_3D ( 'NONE', #1922, #3873, #1258 ) ;
#2334 = CARTESIAN_POINT ( 'NONE',  ( -0.2799999999999991940, 0.9399999999999999467, 0.5000000000000000000 ) ) ;
#2335 = SURFACE_STYLE_USAGE ( .BOTH. , #3034 ) ;
#2336 = CARTESIAN_POINT ( 'NONE',  ( 0.2800000000000008593, 0.9399999999999999467, -0.7999999999999999334 ) ) ;
#2337 = CARTESIAN_POINT ( 'NONE',  ( -0.2799999999999990274, 0.9399999999999999467, 0.7999999999999999334 ) ) ;
#2338 = ORIENTED_EDGE ( 'NONE', *, *, #99, .F. ) ;
#2339 = EDGE_CURVE ( 'NONE', #4214, #1167, #4186, .T. ) ;
#2340 = DIRECTION ( 'NONE',  ( -0.000000000000000000, 1.000000000000000000, -0.000000000000000000 ) ) ;
#2341 = SURFACE_SIDE_STYLE ('',( #3943 ) ) ;
#2342 = FACE_OUTER_BOUND ( 'NONE', #1342, .T. ) ;
#2343 = ORIENTED_EDGE ( 'NONE', *, *, #3064, .F. ) ;
#2344 = SURFACE_STYLE_FILL_AREA ( #638 ) ;
#2345 = ORIENTED_EDGE ( 'NONE', *, *, #2315, .T. ) ;
#2346 = LINE ( 'NONE', #311, #3161 ) ;
#2347 = FILL_AREA_STYLE ('',( #3677 ) ) ;
#2348 = DIRECTION ( 'NONE',  ( 0.000000000000000000, 0.000000000000000000, 1.000000000000000000 ) ) ;
#2349 = DIRECTION ( 'NONE',  ( 0.000000000000000000, 0.000000000000000000, 1.000000000000000000 ) ) ;
#2350 = FILL_AREA_STYLE ('',( #3300 ) ) ;
#2351 = FACE_OUTER_BOUND ( 'NONE', #1608, .T. ) ;
#2352 = ORIENTED_EDGE ( 'NONE', *, *, #2361, .F. ) ;
#2353 = PRESENTATION_STYLE_ASSIGNMENT (( #3985 ) ) ;
#2354 =( NAMED_UNIT ( * ) PLANE_ANGLE_UNIT ( ) SI_UNIT ( $, .RADIAN. ) );
#2355 = UNCERTAINTY_MEASURE_WITH_UNIT (LENGTH_MEASURE( 1.000000000000000082E-05 ), #1839, 'distance_accuracy_value', 'NONE');
#2356 = PRESENTATION_STYLE_ASSIGNMENT (( #1035 ) ) ;
#2357 = SURFACE_SIDE_STYLE ('',( #1017 ) ) ;
#2358 = PRESENTATION_STYLE_ASSIGNMENT (( #1036 ) ) ;
#2359 = ORIENTED_EDGE ( 'NONE', *, *, #598, .T. ) ;
#2360 = PLANE ( 'NONE',  #3624 ) ;
#2361 = EDGE_CURVE ( 'NONE', #2993, #2509, #562, .T. ) ;
#2362 = ORIENTED_EDGE ( 'NONE', *, *, #503, .F. ) ;
#2363 = FILL_AREA_STYLE ('',( #154 ) ) ;
#2364 = LINE ( 'NONE', #1381, #4200 ) ;
#2365 = FACE_OUTER_BOUND ( 'NONE', #2559, .T. ) ;
#2366 = FILL_AREA_STYLE_COLOUR ( '', #1368 ) ;
#2367 = FILL_AREA_STYLE ('',( #3299 ) ) ;
#2368 =( LENGTH_UNIT ( ) NAMED_UNIT ( * ) SI_UNIT ( .MILLI., .METRE. ) );
#2369 = AXIS2_PLACEMENT_3D ( 'NONE', #2202, #4049, #1402 ) ;
#2370 = ORIENTED_EDGE ( 'NONE', *, *, #1722, .F. ) ;
#2371 = VECTOR ( 'NONE', #959, 1000.000000000000000 ) ;
#2372 = LINE ( 'NONE', #699, #3947 ) ;
#2373 = ORIENTED_EDGE ( 'NONE', *, *, #3266, .F. ) ;
#2374 =( GEOMETRIC_REPRESENTATION_CONTEXT ( 3 ) GLOBAL_UNCERTAINTY_ASSIGNED_CONTEXT ( ( #1934 ) ) GLOBAL_UNIT_ASSIGNED_CONTEXT ( ( #3625, #2725, #1991 ) ) REPRESENTATION_CONTEXT ( 'NONE', 'WORKASPACE' ) );
#2375 = CARTESIAN_POINT ( 'NONE',  ( -0.2799999999999991940, -4.000000000000000000, 0.5000000000000000000 ) ) ;
#2376 =( NAMED_UNIT ( * ) PLANE_ANGLE_UNIT ( ) SI_UNIT ( $, .RADIAN. ) );
#2377 = ORIENTED_EDGE ( 'NONE', *, *, #930, .F. ) ;
#2378 = DIRECTION ( 'NONE',  ( 1.000000000000000000, 0.000000000000000000, -0.000000000000000000 ) ) ;
#2379 = VECTOR ( 'NONE', #766, 1000.000000000000000 ) ;
#2380 = MECHANICAL_DESIGN_GEOMETRIC_PRESENTATION_REPRESENTATION (  '', ( #3143 ), #4031 ) ;
#2381 = ORIENTED_EDGE ( 'NONE', *, *, #3833, .T. ) ;
#2382 = DIRECTION ( 'NONE',  ( 1.000000000000000000, -0.000000000000000000, 0.000000000000000000 ) ) ;
#2383 = DIRECTION ( 'NONE',  ( -0.000000000000000000, -1.000000000000000000, -0.000000000000000000 ) ) ;
#2384 = MECHANICAL_DESIGN_GEOMETRIC_PRESENTATION_REPRESENTATION (  '', ( #3958 ), #3424 ) ;
#2385 = PRESENTATION_STYLE_ASSIGNMENT (( #1067 ) ) ;
#2386 = CARTESIAN_POINT ( 'NONE',  ( 0.1388232159864901949, 0.8399999999999999689, 0.2800000000000000266 ) ) ;
#2387 =( LENGTH_UNIT ( ) NAMED_UNIT ( * ) SI_UNIT ( .MILLI., .METRE. ) );
#2388 = PRESENTATION_LAYER_ASSIGNMENT (  '', '', ( #1230 ) ) ;
#2389 = DIRECTION ( 'NONE',  ( -0.000000000000000000, 1.000000000000000000, 0.000000000000000000 ) ) ;
#2390 = LINE ( 'NONE', #3709, #1596 ) ;
#2391 = PRESENTATION_STYLE_ASSIGNMENT (( #1899 ) ) ;
#2392 = EDGE_CURVE ( 'NONE', #775, #2307, #280, .T. ) ;
#2393 = FACE_OUTER_BOUND ( 'NONE', #2785, .T. ) ;
#2394 =( GEOMETRIC_REPRESENTATION_CONTEXT ( 3 ) GLOBAL_UNCERTAINTY_ASSIGNED_CONTEXT ( ( #1879 ) ) GLOBAL_UNIT_ASSIGNED_CONTEXT ( ( #835, #196, #2016 ) ) REPRESENTATION_CONTEXT ( 'NONE', 'WORKASPACE' ) );
#2395 = SURFACE_STYLE_USAGE ( .BOTH. , #2699 ) ;
#2396 = ORIENTED_EDGE ( 'NONE', *, *, #4170, .F. ) ;
#2397 = PRESENTATION_LAYER_ASSIGNMENT (  '', '', ( #3843 ) ) ;
#2398 = LINE ( 'NONE', #3369, #2518 ) ;
#2399 = EDGE_CURVE ( 'NONE', #3153, #3944, #4229, .T. ) ;
#2400 = COLOUR_RGB ( '',0.7529411764705882248, 0.7529411764705882248, 0.7529411764705882248 ) ;
#2401 = FILL_AREA_STYLE ('',( #1053 ) ) ;
#2402 = ORIENTED_EDGE ( 'NONE', *, *, #3101, .F. ) ;
#2403 = UNCERTAINTY_MEASURE_WITH_UNIT (LENGTH_MEASURE( 1.000000000000000082E-05 ), #3774, 'distance_accuracy_value', 'NONE');
#2404 = DIRECTION ( 'NONE',  ( 1.000000000000000000, 0.000000000000000000, 0.000000000000000000 ) ) ;
#2405 = DIRECTION ( 'NONE',  ( 0.000000000000000000, 0.000000000000000000, -1.000000000000000000 ) ) ;
#2406 = ORIENTED_EDGE ( 'NONE', *, *, #1014, .F. ) ;
#2407 = ADVANCED_FACE ( 'NONE', ( #1616 ), #520, .F. ) ;
#2408 = ORIENTED_EDGE ( 'NONE', *, *, #4064, .F. ) ;
#2409 = AXIS2_PLACEMENT_3D ( 'NONE', #3659, #3315, #2348 ) ;
#2410 = PRESENTATION_STYLE_ASSIGNMENT (( #84 ) ) ;
#2411 = LINE ( 'NONE', #68, #599 ) ;
#2412 = DIRECTION ( 'NONE',  ( 0.000000000000000000, -0.000000000000000000, 1.000000000000000000 ) ) ;
#2413 = DIRECTION ( 'NONE',  ( 0.000000000000000000, 0.000000000000000000, -1.000000000000000000 ) ) ;
#2414 = DIRECTION ( 'NONE',  ( 1.000000000000000000, 0.000000000000000000, 0.000000000000000000 ) ) ;
#2415 = LINE ( 'NONE', #189, #440 ) ;
#2416 =( LENGTH_UNIT ( ) NAMED_UNIT ( * ) SI_UNIT ( .MILLI., .METRE. ) );
#2417 = EDGE_CURVE ( 'NONE', #712, #2686, #3522, .T. ) ;
#2418 = FACE_OUTER_BOUND ( 'NONE', #3502, .T. ) ;
#2419 = VERTEX_POINT ( 'NONE', #235 ) ;
#2420 = DIRECTION ( 'NONE',  ( 0.000000000000000000, 1.000000000000000000, 0.000000000000000000 ) ) ;
#2421 = LINE ( 'NONE', #3789, #4103 ) ;
#2422 = VERTEX_POINT ( 'NONE', #1570 ) ;
#2423 = MANIFOLD_SOLID_BREP ( 'Cut-Extrude2', #4130 ) ;
#2424 = ORIENTED_EDGE ( 'NONE', *, *, #686, .F. ) ;
#2425 = ORIENTED_EDGE ( 'NONE', *, *, #316, .F. ) ;
#2426 = CARTESIAN_POINT ( 'NONE',  ( -1.269999999999999352, 0.9399999999999999467, -0.5000000000000000000 ) ) ;
#2427 = DIRECTION ( 'NONE',  ( -1.000000000000000000, 0.000000000000000000, 0.000000000000000000 ) ) ;
#2428 = MANIFOLD_SOLID_BREP ( 'Boss-Extrude2[3]', #1460 ) ;
#2429 = CARTESIAN_POINT ( 'NONE',  ( 1.600000000000000977, 0.000000000000000000, -0.2550000000000000044 ) ) ;
#2430 =( LENGTH_UNIT ( ) NAMED_UNIT ( * ) SI_UNIT ( .MILLI., .METRE. ) );
#2431 = PRESENTATION_LAYER_ASSIGNMENT (  '', '', ( #1897 ) ) ;
#2432 = ORIENTED_EDGE ( 'NONE', *, *, #2628, .T. ) ;
#2433 = DIRECTION ( 'NONE',  ( 1.000000000000000000, 0.000000000000000000, 0.000000000000000000 ) ) ;
#2434 = FILL_AREA_STYLE_COLOUR ( '', #2323 ) ;
#2435 =( NAMED_UNIT ( * ) SI_UNIT ( $, .STERADIAN. ) SOLID_ANGLE_UNIT ( ) );
#2436 = CARTESIAN_POINT ( 'NONE',  ( 1.270000000000001128, 0.9399999999999999467, 0.7999999999999999334 ) ) ;
#2437 = COLOUR_RGB ( '',0.7529411764705882248, 0.7529411764705882248, 0.7529411764705882248 ) ;
#2438 = CARTESIAN_POINT ( 'NONE',  ( 0.7100000000000011857, 0.9399999999999999467, 0.7999999999999999334 ) ) ;
#2439 = SURFACE_STYLE_FILL_AREA ( #2821 ) ;
#2440 = EDGE_CURVE ( 'NONE', #47, #2232, #3998, .T. ) ;
#2441 = ORIENTED_EDGE ( 'NONE', *, *, #2199, .F. ) ;
#2442 = COLOUR_RGB ( '',0.7529411764705882248, 0.7529411764705882248, 0.7529411764705882248 ) ;
#2443 = SURFACE_STYLE_USAGE ( .BOTH. , #801 ) ;
#2444 = ORIENTED_EDGE ( 'NONE', *, *, #1665, .F. ) ;
#2445 = STYLED_ITEM ( 'NONE', ( #2286 ), #1927 ) ;
#2446 =( NAMED_UNIT ( * ) SI_UNIT ( $, .STERADIAN. ) SOLID_ANGLE_UNIT ( ) );
#2447 = SURFACE_STYLE_FILL_AREA ( #2363 ) ;
#2448 = FILL_AREA_STYLE ('',( #516 ) ) ;
#2449 = MANIFOLD_SOLID_BREP ( 'Boss-Extrude2[7]', #2272 ) ;
#2450 = VECTOR ( 'NONE', #3273, 1000.000000000000000 ) ;
#2451 =( GEOMETRIC_REPRESENTATION_CONTEXT ( 3 ) GLOBAL_UNCERTAINTY_ASSIGNED_CONTEXT ( ( #405 ) ) GLOBAL_UNIT_ASSIGNED_CONTEXT ( ( #1566, #1629, #3210 ) ) REPRESENTATION_CONTEXT ( 'NONE', 'WORKASPACE' ) );
#2452 = DIRECTION ( 'NONE',  ( 7.228014483236698528E-16, -0.000000000000000000, 1.000000000000000000 ) ) ;
#2453 = PLANE ( 'NONE',  #2369 ) ;
#2454 = DIRECTION ( 'NONE',  ( 0.000000000000000000, 1.000000000000000000, 0.000000000000000000 ) ) ;
#2455 = ORIENTED_EDGE ( 'NONE', *, *, #4220, .F. ) ;
#2456 = MECHANICAL_DESIGN_GEOMETRIC_PRESENTATION_REPRESENTATION (  '', ( #101 ), #382 ) ;
#2457 = SURFACE_SIDE_STYLE ('',( #2786 ) ) ;
#2458 = STYLED_ITEM ( 'NONE', ( #228 ), #2863 ) ;
#2459 = LINE ( 'NONE', #2750, #1206 ) ;
#2460 = VERTEX_POINT ( 'NONE', #1736 ) ;
#2461 = ADVANCED_FACE ( 'NONE', ( #3593 ), #2674, .F. ) ;
#2462 =( LENGTH_UNIT ( ) NAMED_UNIT ( * ) SI_UNIT ( .MILLI., .METRE. ) );
#2463 = AXIS2_PLACEMENT_3D ( 'NONE', #2918, #2531, #2188 ) ;
#2464 =( GEOMETRIC_REPRESENTATION_CONTEXT ( 3 ) GLOBAL_UNCERTAINTY_ASSIGNED_CONTEXT ( ( #448 ) ) GLOBAL_UNIT_ASSIGNED_CONTEXT ( ( #3457, #2727, #3692 ) ) REPRESENTATION_CONTEXT ( 'NONE', 'WORKASPACE' ) );
#2465 = PRESENTATION_STYLE_ASSIGNMENT (( #3111 ) ) ;
#2466 = AXIS2_PLACEMENT_3D ( 'NONE', #2783, #3429, #397 ) ;
#2467 = MANIFOLD_SOLID_BREP ( 'Boss-Extrude2[4]', #3582 ) ;
#2468 = PRESENTATION_STYLE_ASSIGNMENT (( #4108 ) ) ;
#2469 = VECTOR ( 'NONE', #2737, 1000.000000000000000 ) ;
#2470 = EDGE_LOOP ( 'NONE', ( #1077, #1020, #4147, #1089 ) ) ;
#2471 = EDGE_CURVE ( 'NONE', #2514, #1438, #2246, .T. ) ;
#2472 = VERTEX_POINT ( 'NONE', #2629 ) ;
#2473 = CARTESIAN_POINT ( 'NONE',  ( -1.300000000000000933, -4.000000000000000000, 0.2550000000000000044 ) ) ;
#2474 = CARTESIAN_POINT ( 'NONE',  ( -1.599999999999999423, 0.000000000000000000, 0.7999999999999999334 ) ) ;
#2475 = CARTESIAN_POINT ( 'NONE',  ( 1.300000000000000933, 0.9399999999999999467, 0.2550000000000000044 ) ) ;
#2476 = STYLED_ITEM ( 'NONE', ( #3028 ), #416 ) ;
#2477 = LINE ( 'NONE', #3401, #1981 ) ;
#2478 =( NAMED_UNIT ( * ) PLANE_ANGLE_UNIT ( ) SI_UNIT ( $, .RADIAN. ) );
#2479 = EDGE_LOOP ( 'NONE', ( #734, #1729, #3485, #2279 ) ) ;
#2480 = SURFACE_STYLE_FILL_AREA ( #2163 ) ;
#2481 = DIRECTION ( 'NONE',  ( 1.000000000000000000, 0.000000000000000000, 0.000000000000000000 ) ) ;
#2482 = ORIENTED_EDGE ( 'NONE', *, *, #2399, .T. ) ;
#2483 = LINE ( 'NONE', #790, #461 ) ;
#2484 = CARTESIAN_POINT ( 'NONE',  ( 0.7100000000000011857, 0.000000000000000000, -0.7999999999999999334 ) ) ;
#2485 = PLANE ( 'NONE',  #2521 ) ;
#2486 = UNCERTAINTY_MEASURE_WITH_UNIT (LENGTH_MEASURE( 1.000000000000000082E-05 ), #3741, 'distance_accuracy_value', 'NONE');
#2487 = CARTESIAN_POINT ( 'NONE',  ( 0.1388232159864901949, 0.9399999999999999467, -0.2800000000000000266 ) ) ;
#2488 = ORIENTED_EDGE ( 'NONE', *, *, #1371, .F. ) ;
#2489 = ORIENTED_EDGE ( 'NONE', *, *, #3092, .F. ) ;
#2490 = ORIENTED_EDGE ( 'NONE', *, *, #2331, .T. ) ;
#2491 = ORIENTED_EDGE ( 'NONE', *, *, #3923, .F. ) ;
#2492 = SURFACE_STYLE_FILL_AREA ( #1543 ) ;
#2493 = SURFACE_SIDE_STYLE ('',( #2845 ) ) ;
#2494 = SURFACE_STYLE_USAGE ( .BOTH. , #136 ) ;
#2495 = ADVANCED_FACE ( 'NONE', ( #1875 ), #3865, .F. ) ;
#2496 = CARTESIAN_POINT ( 'NONE',  ( 1.270000000000001128, 0.9399999999999999467, -0.7999999999999999334 ) ) ;
#2497 = UNCERTAINTY_MEASURE_WITH_UNIT (LENGTH_MEASURE( 1.000000000000000082E-05 ), #3337, 'distance_accuracy_value', 'NONE');
#2498 =( LENGTH_UNIT ( ) NAMED_UNIT ( * ) SI_UNIT ( .MILLI., .METRE. ) );
#2499 = LINE ( 'NONE', #215, #788 ) ;
#2500 = ADVANCED_FACE ( 'NONE', ( #2571 ), #2919, .F. ) ;
#2501 = ORIENTED_EDGE ( 'NONE', *, *, #1840, .T. ) ;
#2502 = ORIENTED_EDGE ( 'NONE', *, *, #3509, .F. ) ;
#2503 = LINE ( 'NONE', #2753, #3575 ) ;
#2504 = DIRECTION ( 'NONE',  ( -1.000000000000000000, 0.000000000000000000, 0.000000000000000000 ) ) ;
#2505 = DIRECTION ( 'NONE',  ( 1.000000000000000000, -0.000000000000000000, 0.000000000000000000 ) ) ;
#2506 = PRESENTATION_LAYER_ASSIGNMENT (  '', '', ( #3398 ) ) ;
#2507 = SURFACE_STYLE_USAGE ( .BOTH. , #3790 ) ;
#2508 = EDGE_CURVE ( 'NONE', #2564, #4111, #2271, .T. ) ;
#2509 = VERTEX_POINT ( 'NONE', #298 ) ;
#2510 = VECTOR ( 'NONE', #1045, 1000.000000000000000 ) ;
#2511 = UNCERTAINTY_MEASURE_WITH_UNIT (LENGTH_MEASURE( 1.000000000000000082E-05 ), #558, 'distance_accuracy_value', 'NONE');
#2512 =( LENGTH_UNIT ( ) NAMED_UNIT ( * ) SI_UNIT ( .MILLI., .METRE. ) );
#2513 = LINE ( 'NONE', #1470, #2035 ) ;
#2514 = VERTEX_POINT ( 'NONE', #1577 ) ;
#2515 =( GEOMETRIC_REPRESENTATION_CONTEXT ( 3 ) GLOBAL_UNCERTAINTY_ASSIGNED_CONTEXT ( ( #2094 ) ) GLOBAL_UNIT_ASSIGNED_CONTEXT ( ( #2689, #2376, #79 ) ) REPRESENTATION_CONTEXT ( 'NONE', 'WORKASPACE' ) );
#2516 = ORIENTED_EDGE ( 'NONE', *, *, #352, .T. ) ;
#2517 =( LENGTH_UNIT ( ) NAMED_UNIT ( * ) SI_UNIT ( .MILLI., .METRE. ) );
#2518 = VECTOR ( 'NONE', #1081, 1000.000000000000000 ) ;
#2519 = FACE_OUTER_BOUND ( 'NONE', #2113, .T. ) ;
#2520 = DIRECTION ( 'NONE',  ( -0.000000000000000000, -0.000000000000000000, -1.000000000000000000 ) ) ;
#2521 = AXIS2_PLACEMENT_3D ( 'NONE', #859, #2505, #1110 ) ;
#2522 =( NAMED_UNIT ( * ) SI_UNIT ( $, .STERADIAN. ) SOLID_ANGLE_UNIT ( ) );
#2523 = STYLED_ITEM ( 'NONE', ( #1633 ), #2407 ) ;
#2524 = ORIENTED_EDGE ( 'NONE', *, *, #3171, .T. ) ;
#2525 = CARTESIAN_POINT ( 'NONE',  ( -1.269999999999999352, -4.000000000000000000, -0.5000000000000000000 ) ) ;
#2526 = FILL_AREA_STYLE ('',( #3175 ) ) ;
#2527 = PRESENTATION_LAYER_ASSIGNMENT (  '', '', ( #319 ) ) ;
#2528 = ORIENTED_EDGE ( 'NONE', *, *, #590, .T. ) ;
#2529 = EDGE_CURVE ( 'NONE', #2551, #1468, #3198, .T. ) ;
#2530 = DIRECTION ( 'NONE',  ( 0.000000000000000000, 0.000000000000000000, 1.000000000000000000 ) ) ;
#2531 = DIRECTION ( 'NONE',  ( 0.000000000000000000, 0.000000000000000000, -1.000000000000000000 ) ) ;
#2532 = PRESENTATION_STYLE_ASSIGNMENT (( #1282 ) ) ;
#2533 = DIRECTION ( 'NONE',  ( 0.000000000000000000, 0.000000000000000000, 1.000000000000000000 ) ) ;
#2534 =( NAMED_UNIT ( * ) SI_UNIT ( $, .STERADIAN. ) SOLID_ANGLE_UNIT ( ) );
#2535 = COLOUR_RGB ( '',0.7529411764705882248, 0.7529411764705882248, 0.7529411764705882248 ) ;
#2536 = ORIENTED_EDGE ( 'NONE', *, *, #2529, .F. ) ;
#2537 = PRESENTATION_LAYER_ASSIGNMENT (  '', '', ( #948 ) ) ;
#2538 = SURFACE_SIDE_STYLE ('',( #2841 ) ) ;
#2539 = VECTOR ( 'NONE', #2328, 1000.000000000000000 ) ;
#2540 = EDGE_LOOP ( 'NONE', ( #1085, #3408, #2646, #3623 ) ) ;
#2541 = ORIENTED_EDGE ( 'NONE', *, *, #1754, .T. ) ;
#2542 =( NAMED_UNIT ( * ) SI_UNIT ( $, .STERADIAN. ) SOLID_ANGLE_UNIT ( ) );
#2543 = LINE ( 'NONE', #1521, #4197 ) ;
#2544 = STYLED_ITEM ( 'NONE', ( #1202 ), #729 ) ;
#2545 = STYLED_ITEM ( 'NONE', ( #536 ), #546 ) ;
#2546 = DIRECTION ( 'NONE',  ( 0.000000000000000000, 1.000000000000000000, 0.000000000000000000 ) ) ;
#2547 = PRODUCT_RELATED_PRODUCT_CATEGORY ( 'part', '', ( #326 ) ) ;
#2548 = MANIFOLD_SOLID_BREP ( 'Boss-Extrude2[5]', #957 ) ;
#2549 = DIRECTION ( 'NONE',  ( 0.000000000000000000, 1.000000000000000000, 0.000000000000000000 ) ) ;
#2550 = CARTESIAN_POINT ( 'NONE',  ( -1.269999999999999130, -4.000000000000000000, 0.7999999999999999334 ) ) ;
#2551 = VERTEX_POINT ( 'NONE', #212 ) ;
#2552 = ORIENTED_EDGE ( 'NONE', *, *, #1665, .T. ) ;
#2553 = COLOUR_RGB ( '',0.7529411764705882248, 0.7529411764705882248, 0.7529411764705882248 ) ;
#2554 =( NAMED_UNIT ( * ) PLANE_ANGLE_UNIT ( ) SI_UNIT ( $, .RADIAN. ) );
#2555 = DIRECTION ( 'NONE',  ( -1.000000000000000000, 0.000000000000000000, -0.000000000000000000 ) ) ;
#2556 = SURFACE_STYLE_USAGE ( .BOTH. , #967 ) ;
#2557 = PRESENTATION_STYLE_ASSIGNMENT (( #3882 ) ) ;
#2558 = EDGE_CURVE ( 'NONE', #67, #2, #4052, .T. ) ;
#2559 = EDGE_LOOP ( 'NONE', ( #1671, #3924, #1010, #2010 ) ) ;
#2560 = PRODUCT_DEFINITION_CONTEXT ( 'detailed design', #2778, 'design' ) ;
#2561 = LINE ( 'NONE', #575, #4171 ) ;
#2562 = DIRECTION ( 'NONE',  ( 1.000000000000000000, -0.000000000000000000, 1.936075308009828431E-16 ) ) ;
#2563 = MANIFOLD_SOLID_BREP ( 'Boss-Extrude2[1]', #3857 ) ;
#2564 = VERTEX_POINT ( 'NONE', #3490 ) ;
#2565 = SURFACE_STYLE_FILL_AREA ( #1293 ) ;
#2566 = SURFACE_STYLE_USAGE ( .BOTH. , #278 ) ;
#2567 = DIRECTION ( 'NONE',  ( -0.000000000000000000, 1.000000000000000000, -0.000000000000000000 ) ) ;
#2568 = ORIENTED_EDGE ( 'NONE', *, *, #2321, .F. ) ;
#2569 = CARTESIAN_POINT ( 'NONE',  ( -1.269999999999999130, -4.000000000000000000, -0.7999999999999999334 ) ) ;
#2570 = PRESENTATION_STYLE_ASSIGNMENT (( #1220 ) ) ;
#2571 = FACE_OUTER_BOUND ( 'NONE', #3104, .T. ) ;
#2572 =( NAMED_UNIT ( * ) SI_UNIT ( $, .STERADIAN. ) SOLID_ANGLE_UNIT ( ) );
#2573 = UNCERTAINTY_MEASURE_WITH_UNIT (LENGTH_MEASURE( 1.000000000000000082E-05 ), #2798, 'distance_accuracy_value', 'NONE');
#2574 = ORIENTED_EDGE ( 'NONE', *, *, #1880, .F. ) ;
#2575 =( LENGTH_UNIT ( ) NAMED_UNIT ( * ) SI_UNIT ( .MILLI., .METRE. ) );
#2576 = FILL_AREA_STYLE_COLOUR ( '', #2255 ) ;
#2577 = MECHANICAL_DESIGN_GEOMETRIC_PRESENTATION_REPRESENTATION (  '', ( #1278 ), #4160 ) ;
#2578 = VERTEX_POINT ( 'NONE', #2496 ) ;
#2579 = EDGE_CURVE ( 'NONE', #2663, #905, #1545, .T. ) ;
#2580 = CARTESIAN_POINT ( 'NONE',  ( -1.300000000000000933, 0.9399999999999999467, -0.2550000000000000044 ) ) ;
#2581 = DIRECTION ( 'NONE',  ( 0.000000000000000000, -0.000000000000000000, 1.000000000000000000 ) ) ;
#2582 = VECTOR ( 'NONE', #2349, 1000.000000000000000 ) ;
#2583 =( NAMED_UNIT ( * ) PLANE_ANGLE_UNIT ( ) SI_UNIT ( $, .RADIAN. ) );
#2584 = MANIFOLD_SOLID_BREP ( 'Boss-Extrude2[6]', #3646 ) ;
#2585 = COLOUR_RGB ( '',0.7529411764705882248, 0.7529411764705882248, 0.7529411764705882248 ) ;
#2586 = EDGE_CURVE ( 'NONE', #2938, #903, #2077, .T. ) ;
#2587 = DIRECTION ( 'NONE',  ( -0.000000000000000000, 1.000000000000000000, -0.000000000000000000 ) ) ;
#2588 = VERTEX_POINT ( 'NONE', #695 ) ;
#2589 =( GEOMETRIC_REPRESENTATION_CONTEXT ( 3 ) GLOBAL_UNCERTAINTY_ASSIGNED_CONTEXT ( ( #2573 ) ) GLOBAL_UNIT_ASSIGNED_CONTEXT ( ( #2798, #3160, #1834 ) ) REPRESENTATION_CONTEXT ( 'NONE', 'WORKASPACE' ) );
#2590 = LINE ( 'NONE', #3898, #128 ) ;
#2591 = MECHANICAL_DESIGN_GEOMETRIC_PRESENTATION_REPRESENTATION (  '', ( #172 ), #3817 ) ;
#2592 = SURFACE_STYLE_FILL_AREA ( #4194 ) ;
#2593 = CARTESIAN_POINT ( 'NONE',  ( -1.599999999999999423, 0.9399999999999999467, 0.7999999999999999334 ) ) ;
#2594 = MECHANICAL_DESIGN_GEOMETRIC_PRESENTATION_REPRESENTATION (  '', ( #1504 ), #34 ) ;
#2595 = ADVANCED_FACE ( 'NONE', ( #1924 ), #3591, .T. ) ;
#2596 = COLOUR_RGB ( '',0.7529411764705882248, 0.7529411764705882248, 0.7529411764705882248 ) ;
#2597 = UNCERTAINTY_MEASURE_WITH_UNIT (LENGTH_MEASURE( 1.000000000000000082E-05 ), #2091, 'distance_accuracy_value', 'NONE');
#2598 = VECTOR ( 'NONE', #3170, 1000.000000000000000 ) ;
#2599 = CARTESIAN_POINT ( 'NONE',  ( 0.7100000000000009637, 0.9399999999999999467, -0.5000000000000000000 ) ) ;
#2600 = SURFACE_SIDE_STYLE ('',( #577 ) ) ;
#2601 = VECTOR ( 'NONE', #1489, 1000.000000000000000 ) ;
#2602 = LINE ( 'NONE', #274, #476 ) ;
#2603 = SURFACE_SIDE_STYLE ('',( #2961 ) ) ;
#2604 =( GEOMETRIC_REPRESENTATION_CONTEXT ( 3 ) GLOBAL_UNCERTAINTY_ASSIGNED_CONTEXT ( ( #955 ) ) GLOBAL_UNIT_ASSIGNED_CONTEXT ( ( #3875, #586, #3670 ) ) REPRESENTATION_CONTEXT ( 'NONE', 'WORKASPACE' ) );
#2605 = MECHANICAL_DESIGN_GEOMETRIC_PRESENTATION_REPRESENTATION (  '', ( #948 ), #3072 ) ;
#2606 = DIRECTION ( 'NONE',  ( 0.000000000000000000, 0.000000000000000000, -1.000000000000000000 ) ) ;
#2607 = EDGE_CURVE ( 'NONE', #1201, #1622, #899, .T. ) ;
#2608 = VECTOR ( 'NONE', #3952, 1000.000000000000000 ) ;
#2609 = DIRECTION ( 'NONE',  ( 0.000000000000000000, 0.000000000000000000, -1.000000000000000000 ) ) ;
#2610 = VECTOR ( 'NONE', #477, 1000.000000000000000 ) ;
#2611 = CARTESIAN_POINT ( 'NONE',  ( 1.270000000000001128, 0.000000000000000000, -0.7999999999999999334 ) ) ;
#2612 = DIRECTION ( 'NONE',  ( 7.228014483236698528E-16, -0.000000000000000000, 1.000000000000000000 ) ) ;
#2613 = VECTOR ( 'NONE', #23, 1000.000000000000000 ) ;
#2614 =( GEOMETRIC_REPRESENTATION_CONTEXT ( 3 ) GLOBAL_UNCERTAINTY_ASSIGNED_CONTEXT ( ( #3478 ) ) GLOBAL_UNIT_ASSIGNED_CONTEXT ( ( #3540, #2952, #591 ) ) REPRESENTATION_CONTEXT ( 'NONE', 'WORKASPACE' ) );
#2615 = PRESENTATION_STYLE_ASSIGNMENT (( #906 ) ) ;
#2616 = SURFACE_STYLE_FILL_AREA ( #1984 ) ;
#2617 = CARTESIAN_POINT ( 'NONE',  ( 0.2800000000000008593, 0.000000000000000000, -0.7999999999999999334 ) ) ;
#2618 = LINE ( 'NONE', #379, #937 ) ;
#2619 = EDGE_CURVE ( 'NONE', #3962, #903, #1885, .T. ) ;
#2620 = ORIENTED_EDGE ( 'NONE', *, *, #2999, .F. ) ;
#2621 = CARTESIAN_POINT ( 'NONE',  ( 0.2800000000000008593, 0.000000000000000000, -0.7999999999999999334 ) ) ;
#2622 = FILL_AREA_STYLE ('',( #2992 ) ) ;
#2623 = CARTESIAN_POINT ( 'NONE',  ( -0.7099999999999994094, 0.000000000000000000, 0.4999999999999998890 ) ) ;
#2624 =( NAMED_UNIT ( * ) PLANE_ANGLE_UNIT ( ) SI_UNIT ( $, .RADIAN. ) );
#2625 = DIRECTION ( 'NONE',  ( 0.000000000000000000, 0.000000000000000000, 1.000000000000000000 ) ) ;
#2626 = ORIENTED_EDGE ( 'NONE', *, *, #4170, .T. ) ;
#2627 = SURFACE_STYLE_FILL_AREA ( #961 ) ;
#2628 = EDGE_CURVE ( 'NONE', #3481, #336, #1237, .T. ) ;
#2629 = CARTESIAN_POINT ( 'NONE',  ( 0.7100000000000011857, 0.9399999999999999467, 0.7999999999999999334 ) ) ;
#2630 = DIRECTION ( 'NONE',  ( 1.000000000000000000, -0.000000000000000000, 0.000000000000000000 ) ) ;
#2631 =( NAMED_UNIT ( * ) SI_UNIT ( $, .STERADIAN. ) SOLID_ANGLE_UNIT ( ) );
#2632 = FILL_AREA_STYLE_COLOUR ( '', #1601 ) ;
#2633 = CARTESIAN_POINT ( 'NONE',  ( -1.300000000000000933, 0.000000000000000000, 0.2550000000000000044 ) ) ;
#2634 = EDGE_CURVE ( 'NONE', #3323, #180, #2260, .T. ) ;
#2635 = PRESENTATION_STYLE_ASSIGNMENT (( #1341 ) ) ;
#2636 = PRESENTATION_STYLE_ASSIGNMENT (( #1950 ) ) ;
#2637 = DIRECTION ( 'NONE',  ( -1.000000000000000000, 0.000000000000000000, 1.936075308009828431E-16 ) ) ;
#2638 = CARTESIAN_POINT ( 'NONE',  ( -0.2799999999999991940, 0.9399999999999999467, 0.5000000000000000000 ) ) ;
#2639 = ADVANCED_FACE ( 'NONE', ( #4238 ), #255, .F. ) ;
#2640 = PLANE ( 'NONE',  #1860 ) ;
#2641 = ORIENTED_EDGE ( 'NONE', *, *, #1290, .F. ) ;
#2642 = EDGE_LOOP ( 'NONE', ( #1921, #1825, #226, #1768 ) ) ;
#2643 = CARTESIAN_POINT ( 'NONE',  ( -0.2799999999999991940, 0.000000000000000000, -0.5000000000000000000 ) ) ;
#2644 = VECTOR ( 'NONE', #1436, 1000.000000000000000 ) ;
#2645 = EDGE_CURVE ( 'NONE', #391, #3066, #2238, .T. ) ;
#2646 = ORIENTED_EDGE ( 'NONE', *, *, #3708, .F. ) ;
#2647 = DIRECTION ( 'NONE',  ( 1.000000000000000000, 0.000000000000000000, -0.000000000000000000 ) ) ;
#2648 = MECHANICAL_DESIGN_GEOMETRIC_PRESENTATION_REPRESENTATION (  '', ( #3331 ), #1957 ) ;
#2649 = LINE ( 'NONE', #977, #1359 ) ;
#2650 =( GEOMETRIC_REPRESENTATION_CONTEXT ( 3 ) GLOBAL_UNCERTAINTY_ASSIGNED_CONTEXT ( ( #744 ) ) GLOBAL_UNIT_ASSIGNED_CONTEXT ( ( #1446, #1996, #24 ) ) REPRESENTATION_CONTEXT ( 'NONE', 'WORKASPACE' ) );
#2651 = CARTESIAN_POINT ( 'NONE',  ( 0.2800000000000008593, -4.000000000000000000, 0.7999999999999999334 ) ) ;
#2652 = PLANE ( 'NONE',  #3047 ) ;
#2653 =( LENGTH_UNIT ( ) NAMED_UNIT ( * ) SI_UNIT ( .MILLI., .METRE. ) );
#2654 = VECTOR ( 'NONE', #3648, 1000.000000000000000 ) ;
#2655 = UNCERTAINTY_MEASURE_WITH_UNIT (LENGTH_MEASURE( 1.000000000000000082E-05 ), #3127, 'distance_accuracy_value', 'NONE');
#2656 = CARTESIAN_POINT ( 'NONE',  ( 0.2800000000000008593, 0.000000000000000000, 0.000000000000000000 ) ) ;
#2657 = EDGE_CURVE ( 'NONE', #831, #911, #3823, .T. ) ;
#2658 = PRESENTATION_LAYER_ASSIGNMENT (  '', '', ( #2732 ) ) ;
#2659 = ORIENTED_EDGE ( 'NONE', *, *, #555, .T. ) ;
#2660 = CARTESIAN_POINT ( 'NONE',  ( -0.7099999999999994094, 0.9399999999999999467, 0.7999999999999999334 ) ) ;
#2661 =( GEOMETRIC_REPRESENTATION_CONTEXT ( 3 ) GLOBAL_UNCERTAINTY_ASSIGNED_CONTEXT ( ( #4221 ) ) GLOBAL_UNIT_ASSIGNED_CONTEXT ( ( #1716, #3928, #2980 ) ) REPRESENTATION_CONTEXT ( 'NONE', 'WORKASPACE' ) );
#2662 = DIRECTION ( 'NONE',  ( -1.936075308009828431E-16, 0.000000000000000000, 1.000000000000000000 ) ) ;
#2663 = VERTEX_POINT ( 'NONE', #3356 ) ;
#2664 = PRESENTATION_LAYER_ASSIGNMENT (  '', '', ( #1644 ) ) ;
#2665 = PRESENTATION_LAYER_ASSIGNMENT (  '', '', ( #2995 ) ) ;
#2666 = COLOUR_RGB ( '',1.000000000000000000, 1.000000000000000000, 1.000000000000000000 ) ;
#2667 = LINE ( 'NONE', #3696, #2903 ) ;
#2668 = EDGE_LOOP ( 'NONE', ( #3471, #473, #1473, #1793 ) ) ;
#2669 = STYLED_ITEM ( 'NONE', ( #81 ), #2775 ) ;
#2670 = ORIENTED_EDGE ( 'NONE', *, *, #3850, .F. ) ;
#2671 = MECHANICAL_DESIGN_GEOMETRIC_PRESENTATION_REPRESENTATION (  '', ( #1975 ), #2394 ) ;
#2672 = COLOUR_RGB ( '',0.7529411764705882248, 0.7529411764705882248, 0.7529411764705882248 ) ;
#2673 = PLANE ( 'NONE',  #2751 ) ;
#2674 = PLANE ( 'NONE',  #2185 ) ;
#2675 =( NAMED_UNIT ( * ) SI_UNIT ( $, .STERADIAN. ) SOLID_ANGLE_UNIT ( ) );
#2676 = AXIS2_PLACEMENT_3D ( 'NONE', #3556, #2549, #2177 ) ;
#2677 = LINE ( 'NONE', #2282, #867 ) ;
#2678 = CARTESIAN_POINT ( 'NONE',  ( 9.680376540049147084E-17, 0.000000000000000000, -0.5000000000000000000 ) ) ;
#2679 = PRESENTATION_LAYER_ASSIGNMENT (  '', '', ( #3233 ) ) ;
#2680 = FILL_AREA_STYLE_COLOUR ( '', #310 ) ;
#2681 = COLOUR_RGB ( '',0.7529411764705882248, 0.7529411764705882248, 0.7529411764705882248 ) ;
#2682 = CARTESIAN_POINT ( 'NONE',  ( 0.7100000000000009637, 0.000000000000000000, 0.5000000000000000000 ) ) ;
#2683 = CARTESIAN_POINT ( 'NONE',  ( 1.168823215986490194, 0.9399999999999999467, 0.2800000000000000266 ) ) ;
#2684 = EDGE_CURVE ( 'NONE', #1207, #2551, #1334, .T. ) ;
#2685 = LINE ( 'NONE', #3667, #1923 ) ;
#2686 = VERTEX_POINT ( 'NONE', #2643 ) ;
#2687 = SURFACE_SIDE_STYLE ('',( #1374 ) ) ;
#2688 = PLANE ( 'NONE',  #2204 ) ;
#2689 =( LENGTH_UNIT ( ) NAMED_UNIT ( * ) SI_UNIT ( .MILLI., .METRE. ) );
#2690 = PRESENTATION_LAYER_ASSIGNMENT (  '', '', ( #3773 ) ) ;
#2691 = ORIENTED_EDGE ( 'NONE', *, *, #1829, .F. ) ;
#2692 =( NAMED_UNIT ( * ) PLANE_ANGLE_UNIT ( ) SI_UNIT ( $, .RADIAN. ) );
#2693 = ORIENTED_EDGE ( 'NONE', *, *, #4106, .T. ) ;
#2694 = CARTESIAN_POINT ( 'NONE',  ( -1.599999999999999423, 0.000000000000000000, -0.8000000000000001554 ) ) ;
#2695 = LINE ( 'NONE', #3679, #2826 ) ;
#2696 = CARTESIAN_POINT ( 'NONE',  ( 0.7100000000000009637, -4.000000000000000000, 0.5000000000000000000 ) ) ;
#2697 = CARTESIAN_POINT ( 'NONE',  ( 0.000000000000000000, 0.000000000000000000, 0.000000000000000000 ) ) ;
#2698 =( NAMED_UNIT ( * ) PLANE_ANGLE_UNIT ( ) SI_UNIT ( $, .RADIAN. ) );
#2699 = SURFACE_SIDE_STYLE ('',( #1387 ) ) ;
#2700 =( LENGTH_UNIT ( ) NAMED_UNIT ( * ) SI_UNIT ( .MILLI., .METRE. ) );
#2701 = ORIENTED_EDGE ( 'NONE', *, *, #802, .F. ) ;
#2702 = SURFACE_SIDE_STYLE ('',( #1390 ) ) ;
#2703 =( NAMED_UNIT ( * ) SI_UNIT ( $, .STERADIAN. ) SOLID_ANGLE_UNIT ( ) );
#2704 = ORIENTED_EDGE ( 'NONE', *, *, #248, .F. ) ;
#2705 = UNCERTAINTY_MEASURE_WITH_UNIT (LENGTH_MEASURE( 1.000000000000000082E-05 ), #2905, 'distance_accuracy_value', 'NONE');
#2706 = CARTESIAN_POINT ( 'NONE',  ( -1.269999999999999352, -4.000000000000000000, -0.5000000000000000000 ) ) ;
#2707 = CARTESIAN_POINT ( 'NONE',  ( 1.600000000000000977, 0.000000000000000000, -0.2550000000000000044 ) ) ;
#2708 = COLOUR_RGB ( '',0.7529411764705882248, 0.7529411764705882248, 0.7529411764705882248 ) ;
#2709 = ORIENTED_EDGE ( 'NONE', *, *, #1214, .T. ) ;
#2710 =( LENGTH_UNIT ( ) NAMED_UNIT ( * ) SI_UNIT ( .MILLI., .METRE. ) );
#2711 = ADVANCED_FACE ( 'NONE', ( #1376 ), #2360, .T. ) ;
#2712 = ORIENTED_EDGE ( 'NONE', *, *, #1770, .T. ) ;
#2713 = DIRECTION ( 'NONE',  ( 1.000000000000000000, 0.000000000000000000, -0.000000000000000000 ) ) ;
#2714 = FILL_AREA_STYLE_COLOUR ( '', #314 ) ;
#2715 = CARTESIAN_POINT ( 'NONE',  ( 0.000000000000000000, 0.9399999999999999467, 0.000000000000000000 ) ) ;
#2716 = SURFACE_STYLE_USAGE ( .BOTH. , #1803 ) ;
#2717 =( GEOMETRIC_REPRESENTATION_CONTEXT ( 3 ) GLOBAL_UNCERTAINTY_ASSIGNED_CONTEXT ( ( #4150 ) ) GLOBAL_UNIT_ASSIGNED_CONTEXT ( ( #138, #3745, #2542 ) ) REPRESENTATION_CONTEXT ( 'NONE', 'WORKASPACE' ) );
#2718 = EDGE_CURVE ( 'NONE', #2422, #4039, #3376, .T. ) ;
#2719 = FILL_AREA_STYLE_COLOUR ( '', #2747 ) ;
#2720 = DIRECTION ( 'NONE',  ( -1.000000000000000000, 0.000000000000000000, -7.228014483236698528E-16 ) ) ;
#2721 = FILL_AREA_STYLE ('',( #57 ) ) ;
#2722 = VECTOR ( 'NONE', #1115, 1000.000000000000000 ) ;
#2723 = ORIENTED_EDGE ( 'NONE', *, *, #2283, .T. ) ;
#2724 = AXIS2_PLACEMENT_3D ( 'NONE', #1182, #3180, #508 ) ;
#2725 =( NAMED_UNIT ( * ) PLANE_ANGLE_UNIT ( ) SI_UNIT ( $, .RADIAN. ) );
#2726 = SURFACE_STYLE_FILL_AREA ( #3086 ) ;
#2727 =( NAMED_UNIT ( * ) PLANE_ANGLE_UNIT ( ) SI_UNIT ( $, .RADIAN. ) );
#2728 = EDGE_CURVE ( 'NONE', #2041, #5, #711, .T. ) ;
#2729 = ORIENTED_EDGE ( 'NONE', *, *, #286, .T. ) ;
#2730 = AXIS2_PLACEMENT_3D ( 'NONE', #3074, #3430, #3766 ) ;
#2731 = CARTESIAN_POINT ( 'NONE',  ( -1.300000000000000933, 0.000000000000000000, 0.2550000000000000044 ) ) ;
#2732 = STYLED_ITEM ( 'NONE', ( #1323 ), #2022 ) ;
#2733 = ORIENTED_EDGE ( 'NONE', *, *, #3678, .T. ) ;
#2734 =( GEOMETRIC_REPRESENTATION_CONTEXT ( 3 ) GLOBAL_UNCERTAINTY_ASSIGNED_CONTEXT ( ( #3037 ) ) GLOBAL_UNIT_ASSIGNED_CONTEXT ( ( #983, #1698, #696 ) ) REPRESENTATION_CONTEXT ( 'NONE', 'WORKASPACE' ) );
#2735 = VECTOR ( 'NONE', #3860, 1000.000000000000000 ) ;
#2736 = ORIENTED_EDGE ( 'NONE', *, *, #889, .T. ) ;
#2737 = DIRECTION ( 'NONE',  ( -0.000000000000000000, 1.000000000000000000, -0.000000000000000000 ) ) ;
#2738 = COLOUR_RGB ( '',0.7529411764705882248, 0.7529411764705882248, 0.7529411764705882248 ) ;
#2739 = MECHANICAL_DESIGN_GEOMETRIC_PRESENTATION_REPRESENTATION (  '', ( #319 ), #2451 ) ;
#2740 = ADVANCED_FACE ( 'NONE', ( #994 ), #1394, .F. ) ;
#2741 = SURFACE_SIDE_STYLE ('',( #3680 ) ) ;
#2742 = PRESENTATION_LAYER_ASSIGNMENT (  '', '', ( #4116 ) ) ;
#2743 = VECTOR ( 'NONE', #2562, 1000.000000000000000 ) ;
#2744 = FILL_AREA_STYLE_COLOUR ( '', #3706 ) ;
#2745 = LINE ( 'NONE', #1233, #3547 ) ;
#2746 = CARTESIAN_POINT ( 'NONE',  ( 0.7100000000000009637, 0.000000000000000000, -0.5000000000000000000 ) ) ;
#2747 = COLOUR_RGB ( '',0.7921568627450980005, 0.8196078431372548767, 0.9333333333333333481 ) ;
#2748 =( NAMED_UNIT ( * ) PLANE_ANGLE_UNIT ( ) SI_UNIT ( $, .RADIAN. ) );
#2749 =( NAMED_UNIT ( * ) PLANE_ANGLE_UNIT ( ) SI_UNIT ( $, .RADIAN. ) );
#2750 = CARTESIAN_POINT ( 'NONE',  ( 1.600000000000000977, 0.9399999999999999467, -0.2550000000000000044 ) ) ;
#2751 = AXIS2_PLACEMENT_3D ( 'NONE', #3610, #7, #2647 ) ;
#2752 = ORIENTED_EDGE ( 'NONE', *, *, #1480, .T. ) ;
#2753 = CARTESIAN_POINT ( 'NONE',  ( 0.000000000000000000, 0.000000000000000000, 0.2550000000000000044 ) ) ;
#2754 = SURFACE_STYLE_FILL_AREA ( #1467 ) ;
#2755 = ORIENTED_EDGE ( 'NONE', *, *, #1039, .F. ) ;
#2756 = PRESENTATION_LAYER_ASSIGNMENT (  '', '', ( #4127 ) ) ;
#2757 = UNCERTAINTY_MEASURE_WITH_UNIT (LENGTH_MEASURE( 1.000000000000000082E-05 ), #2281, 'distance_accuracy_value', 'NONE');
#2758 = CARTESIAN_POINT ( 'NONE',  ( 0.2800000000000008593, 0.000000000000000000, 0.7999999999999999334 ) ) ;
#2759 = ORIENTED_EDGE ( 'NONE', *, *, #1833, .F. ) ;
#2760 = FACE_OUTER_BOUND ( 'NONE', #2668, .T. ) ;
#2761 = EDGE_LOOP ( 'NONE', ( #2626, #3819, #3633, #3358 ) ) ;
#2762 =( GEOMETRIC_REPRESENTATION_CONTEXT ( 3 ) GLOBAL_UNCERTAINTY_ASSIGNED_CONTEXT ( ( #487 ) ) GLOBAL_UNIT_ASSIGNED_CONTEXT ( ( #3561, #3220, #2881 ) ) REPRESENTATION_CONTEXT ( 'NONE', 'WORKASPACE' ) );
#2763 = LINE ( 'NONE', #2426, #1796 ) ;
#2764 = CARTESIAN_POINT ( 'NONE',  ( -1.269999999999999130, 0.9399999999999999467, -0.7999999999999999334 ) ) ;
#2765 = LINE ( 'NONE', #2123, #1424 ) ;
#2766 = SURFACE_SIDE_STYLE ('',( #164 ) ) ;
#2767 = CARTESIAN_POINT ( 'NONE',  ( -1.600000000000000977, 0.000000000000000000, 0.2550000000000000044 ) ) ;
#2768 = VERTEX_POINT ( 'NONE', #3699 ) ;
#2769 = EDGE_CURVE ( 'NONE', #3966, #246, #3654, .T. ) ;
#2770 = DIRECTION ( 'NONE',  ( -1.000000000000000000, 0.000000000000000000, 1.936075308009828924E-16 ) ) ;
#2771 = DIRECTION ( 'NONE',  ( 1.000000000000000000, 0.000000000000000000, 1.936075308009829417E-16 ) ) ;
#2772 = LINE ( 'NONE', #4079, #3058 ) ;
#2773 = EDGE_LOOP ( 'NONE', ( #3546, #1764, #3413, #3730 ) ) ;
#2774 = CARTESIAN_POINT ( 'NONE',  ( -0.2799999999999990274, -4.000000000000000000, 0.7999999999999999334 ) ) ;
#2775 = ADVANCED_FACE ( 'NONE', ( #1710 ), #3925, .F. ) ;
#2776 = FACE_OUTER_BOUND ( 'NONE', #3148, .T. ) ;
#2777 = ORIENTED_EDGE ( 'NONE', *, *, #3196, .T. ) ;
#2778 = APPLICATION_CONTEXT ( 'automotive_design' ) ;
#2779 = SURFACE_STYLE_FILL_AREA ( #106 ) ;
#2780 = VERTEX_POINT ( 'NONE', #3755 ) ;
#2781 = CARTESIAN_POINT ( 'NONE',  ( -1.599999999999999423, 0.9399999999999999467, -0.8000000000000001554 ) ) ;
#2782 = FACE_OUTER_BOUND ( 'NONE', #4056, .T. ) ;
#2783 = CARTESIAN_POINT ( 'NONE',  ( -1.599999999999999423, 0.9399999999999999467, -0.8000000000000001554 ) ) ;
#2784 = DIRECTION ( 'NONE',  ( 1.000000000000000000, 0.000000000000000000, 0.000000000000000000 ) ) ;
#2785 = EDGE_LOOP ( 'NONE', ( #521, #2362, #2866, #3137 ) ) ;
#2786 = SURFACE_STYLE_FILL_AREA ( #1479 ) ;
#2787 = DIRECTION ( 'NONE',  ( 0.000000000000000000, 0.000000000000000000, -1.000000000000000000 ) ) ;
#2788 = COLOUR_RGB ( '',0.7529411764705882248, 0.7529411764705882248, 0.7529411764705882248 ) ;
#2789 = DIRECTION ( 'NONE',  ( 0.000000000000000000, 1.000000000000000000, 0.000000000000000000 ) ) ;
#2790 = EDGE_LOOP ( 'NONE', ( #3849, #4175, #2231, #388 ) ) ;
#2791 = PRESENTATION_STYLE_ASSIGNMENT (( #145 ) ) ;
#2792 =( LENGTH_UNIT ( ) NAMED_UNIT ( * ) SI_UNIT ( .MILLI., .METRE. ) );
#2793 = SURFACE_SIDE_STYLE ('',( #2726 ) ) ;
#2794 = PRESENTATION_STYLE_ASSIGNMENT (( #445 ) ) ;
#2795 = EDGE_CURVE ( 'NONE', #645, #1797, #3114, .T. ) ;
#2796 =( GEOMETRIC_REPRESENTATION_CONTEXT ( 3 ) GLOBAL_UNCERTAINTY_ASSIGNED_CONTEXT ( ( #1228 ) ) GLOBAL_UNIT_ASSIGNED_CONTEXT ( ( #2912, #2624, #2316 ) ) REPRESENTATION_CONTEXT ( 'NONE', 'WORKASPACE' ) );
#2797 = DIRECTION ( 'NONE',  ( 1.000000000000000000, 0.000000000000000000, 1.936075308009828431E-16 ) ) ;
#2798 =( LENGTH_UNIT ( ) NAMED_UNIT ( * ) SI_UNIT ( .MILLI., .METRE. ) );
#2799 = MECHANICAL_DESIGN_GEOMETRIC_PRESENTATION_REPRESENTATION (  '', ( #990 ), #573 ) ;
#2800 = FILL_AREA_STYLE ('',( #1090 ) ) ;
#2801 = VERTEX_POINT ( 'NONE', #428 ) ;
#2802 = ORIENTED_EDGE ( 'NONE', *, *, #3795, .F. ) ;
#2803 = VECTOR ( 'NONE', #4247, 1000.000000000000000 ) ;
#2804 = DIRECTION ( 'NONE',  ( 0.000000000000000000, 1.000000000000000000, 0.000000000000000000 ) ) ;
#2805 = CARTESIAN_POINT ( 'NONE',  ( 1.600000000000001199, 0.000000000000000000, -0.8000000000000001554 ) ) ;
#2806 = VECTOR ( 'NONE', #3839, 1000.000000000000000 ) ;
#2807 =( GEOMETRIC_REPRESENTATION_CONTEXT ( 3 ) GLOBAL_UNCERTAINTY_ASSIGNED_CONTEXT ( ( #3089 ) ) GLOBAL_UNIT_ASSIGNED_CONTEXT ( ( #2368, #3142, #3687 ) ) REPRESENTATION_CONTEXT ( 'NONE', 'WORKASPACE' ) );
#2808 = LINE ( 'NONE', #160, #3289 ) ;
#2809 =( NAMED_UNIT ( * ) SI_UNIT ( $, .STERADIAN. ) SOLID_ANGLE_UNIT ( ) );
#2810 = ORIENTED_EDGE ( 'NONE', *, *, #4085, .F. ) ;
#2811 = PRESENTATION_LAYER_ASSIGNMENT (  '', '', ( #870 ) ) ;
#2812 = STYLED_ITEM ( 'NONE', ( #1844 ), #3320 ) ;
#2813 = COLOUR_RGB ( '',0.7529411764705882248, 0.7529411764705882248, 0.7529411764705882248 ) ;
#2814 = VERTEX_POINT ( 'NONE', #4041 ) ;
#2815 = SURFACE_STYLE_FILL_AREA ( #4057 ) ;
#2816 = STYLED_ITEM ( 'NONE', ( #1312 ), #2948 ) ;
#2817 = FILL_AREA_STYLE ('',( #770 ) ) ;
#2818 = VERTEX_POINT ( 'NONE', #757 ) ;
#2819 = ADVANCED_FACE ( 'NONE', ( #3041 ), #176, .F. ) ;
#2820 = SURFACE_STYLE_FILL_AREA ( #3754 ) ;
#2821 = FILL_AREA_STYLE ('',( #3483 ) ) ;
#2822 =( GEOMETRIC_REPRESENTATION_CONTEXT ( 3 ) GLOBAL_UNCERTAINTY_ASSIGNED_CONTEXT ( ( #1584 ) ) GLOBAL_UNIT_ASSIGNED_CONTEXT ( ( #1213, #3466, #4210 ) ) REPRESENTATION_CONTEXT ( 'NONE', 'WORKASPACE' ) );
#2823 = ORIENTED_EDGE ( 'NONE', *, *, #1523, .T. ) ;
#2824 =( LENGTH_UNIT ( ) NAMED_UNIT ( * ) SI_UNIT ( .MILLI., .METRE. ) );
#2825 = EDGE_LOOP ( 'NONE', ( #1809, #2488, #2000, #2482 ) ) ;
#2826 = VECTOR ( 'NONE', #3314, 1000.000000000000000 ) ;
#2827 = ORIENTED_EDGE ( 'NONE', *, *, #2097, .T. ) ;
#2828 = EDGE_CURVE ( 'NONE', #1231, #409, #2088, .T. ) ;
#2829 = LINE ( 'NONE', #1189, #3444 ) ;
#2830 =( NAMED_UNIT ( * ) SI_UNIT ( $, .STERADIAN. ) SOLID_ANGLE_UNIT ( ) );
#2831 = AXIS2_PLACEMENT_3D ( 'NONE', #1890, #1281, #2211 ) ;
#2832 = DIRECTION ( 'NONE',  ( 0.000000000000000000, 1.000000000000000000, 0.000000000000000000 ) ) ;
#2833 = EDGE_LOOP ( 'NONE', ( #789, #3878, #2180, #1218 ) ) ;
#2834 = ORIENTED_EDGE ( 'NONE', *, *, #112, .F. ) ;
#2835 = SURFACE_SIDE_STYLE ('',( #2815 ) ) ;
#2836 = CARTESIAN_POINT ( 'NONE',  ( 0.7100000000000011857, 0.9399999999999999467, -0.7999999999999999334 ) ) ;
#2837 = CARTESIAN_POINT ( 'NONE',  ( 0.1388232159864901949, 0.8399999999999999689, -0.2800000000000000266 ) ) ;
#2838 = LINE ( 'NONE', #3508, #1913 ) ;
#2839 = ORIENTED_EDGE ( 'NONE', *, *, #2050, .F. ) ;
#2840 = CARTESIAN_POINT ( 'NONE',  ( 1.168823215986490194, 0.9399999999999999467, 0.2800000000000000266 ) ) ;
#2841 = SURFACE_STYLE_FILL_AREA ( #513 ) ;
#2842 = CARTESIAN_POINT ( 'NONE',  ( 9.680376540049145852E-17, 0.000000000000000000, -0.5000000000000001110 ) ) ;
#2843 = ORIENTED_EDGE ( 'NONE', *, *, #1631, .T. ) ;
#2844 = VERTEX_POINT ( 'NONE', #3395 ) ;
#2845 = SURFACE_STYLE_FILL_AREA ( #182 ) ;
#2846 = LINE ( 'NONE', #2805, #4153 ) ;
#2847 =( NAMED_UNIT ( * ) SI_UNIT ( $, .STERADIAN. ) SOLID_ANGLE_UNIT ( ) );
#2848 = UNCERTAINTY_MEASURE_WITH_UNIT (LENGTH_MEASURE( 1.000000000000000082E-05 ), #3806, 'distance_accuracy_value', 'NONE');
#2849 = ADVANCED_FACE ( 'NONE', ( #2760 ), #4063, .T. ) ;
#2850 = PRESENTATION_STYLE_ASSIGNMENT (( #560 ) ) ;
#2851 = LINE ( 'NONE', #2550, #4105 ) ;
#2852 = VERTEX_POINT ( 'NONE', #2217 ) ;
#2853 =( NAMED_UNIT ( * ) SI_UNIT ( $, .STERADIAN. ) SOLID_ANGLE_UNIT ( ) );
#2854 = VERTEX_POINT ( 'NONE', #3185 ) ;
#2855 = DIRECTION ( 'NONE',  ( -0.000000000000000000, -0.000000000000000000, -1.000000000000000000 ) ) ;
#2856 =( NAMED_UNIT ( * ) SI_UNIT ( $, .STERADIAN. ) SOLID_ANGLE_UNIT ( ) );
#2857 = FACE_OUTER_BOUND ( 'NONE', #703, .T. ) ;
#2858 = CARTESIAN_POINT ( 'NONE',  ( -1.600000000000000977, 0.000000000000000000, 0.2550000000000000044 ) ) ;
#2859 = ORIENTED_EDGE ( 'NONE', *, *, #2728, .T. ) ;
#2860 = AXIS2_PLACEMENT_3D ( 'NONE', #4092, #119, #1782 ) ;
#2861 = UNCERTAINTY_MEASURE_WITH_UNIT (LENGTH_MEASURE( 1.000000000000000082E-05 ), #649, 'distance_accuracy_value', 'NONE');
#2862 = CARTESIAN_POINT ( 'NONE',  ( -1.269999999999999352, -4.000000000000000000, 0.5000000000000000000 ) ) ;
#2863 = ADVANCED_FACE ( 'NONE', ( #3515 ), #2865, .T. ) ;
#2864 = UNCERTAINTY_MEASURE_WITH_UNIT (LENGTH_MEASURE( 1.000000000000000082E-05 ), #1125, 'distance_accuracy_value', 'NONE');
#2865 = PLANE ( 'NONE',  #447 ) ;
#2866 = ORIENTED_EDGE ( 'NONE', *, *, #2058, .T. ) ;
#2867 = LINE ( 'NONE', #1520, #661 ) ;
#2868 = LINE ( 'NONE', #3852, #367 ) ;
#2869 = CARTESIAN_POINT ( 'NONE',  ( 1.300000000000000933, -4.000000000000000000, 0.2550000000000000044 ) ) ;
#2870 = DIRECTION ( 'NONE',  ( -7.228014483236698528E-16, 0.000000000000000000, 1.000000000000000000 ) ) ;
#2871 = DIRECTION ( 'NONE',  ( -7.228014483236698528E-16, 0.000000000000000000, 1.000000000000000000 ) ) ;
#2872 = PRESENTATION_LAYER_ASSIGNMENT (  '', '', ( #436 ) ) ;
#2873 =( NAMED_UNIT ( * ) PLANE_ANGLE_UNIT ( ) SI_UNIT ( $, .RADIAN. ) );
#2874 = EDGE_CURVE ( 'NONE', #2, #2564, #272, .T. ) ;
#2875 = FILL_AREA_STYLE_COLOUR ( '', #868 ) ;
#2876 = VECTOR ( 'NONE', #4211, 1000.000000000000000 ) ;
#2877 = VERTEX_POINT ( 'NONE', #1917 ) ;
#2878 = LINE ( 'NONE', #4188, #3955 ) ;
#2879 = STYLED_ITEM ( 'NONE', ( #4227 ), #2595 ) ;
#2880 = ORIENTED_EDGE ( 'NONE', *, *, #1886, .F. ) ;
#2881 =( NAMED_UNIT ( * ) SI_UNIT ( $, .STERADIAN. ) SOLID_ANGLE_UNIT ( ) );
#2882 = FILL_AREA_STYLE ('',( #3899 ) ) ;
#2883 = DIRECTION ( 'NONE',  ( 0.000000000000000000, 0.000000000000000000, -1.000000000000000000 ) ) ;
#2884 = UNCERTAINTY_MEASURE_WITH_UNIT (LENGTH_MEASURE( 1.000000000000000082E-05 ), #3662, 'distance_accuracy_value', 'NONE');
#2885 = VERTEX_POINT ( 'NONE', #4236 ) ;
#2886 =( GEOMETRIC_REPRESENTATION_CONTEXT ( 3 ) GLOBAL_UNCERTAINTY_ASSIGNED_CONTEXT ( ( #3695 ) ) GLOBAL_UNIT_ASSIGNED_CONTEXT ( ( #304, #2354, #1370 ) ) REPRESENTATION_CONTEXT ( 'NONE', 'WORKASPACE' ) );
#2887 = CARTESIAN_POINT ( 'NONE',  ( 0.2800000000000008593, 0.9399999999999999467, -0.4999999999999998890 ) ) ;
#2888 = ADVANCED_FACE ( 'NONE', ( #3532 ), #894, .F. ) ;
#2889 =( GEOMETRIC_REPRESENTATION_CONTEXT ( 3 ) GLOBAL_UNCERTAINTY_ASSIGNED_CONTEXT ( ( #3204 ) ) GLOBAL_UNIT_ASSIGNED_CONTEXT ( ( #3809, #1874, #1947 ) ) REPRESENTATION_CONTEXT ( 'NONE', 'WORKASPACE' ) );
#2890 =( LENGTH_UNIT ( ) NAMED_UNIT ( * ) SI_UNIT ( .MILLI., .METRE. ) );
#2891 = ORIENTED_EDGE ( 'NONE', *, *, #27, .F. ) ;
#2892 = VECTOR ( 'NONE', #2383, 1000.000000000000000 ) ;
#2893 = PRESENTATION_STYLE_ASSIGNMENT (( #3207 ) ) ;
#2894 = FACE_OUTER_BOUND ( 'NONE', #2227, .T. ) ;
#2895 = VECTOR ( 'NONE', #3397, 1000.000000000000000 ) ;
#2896 = VECTOR ( 'NONE', #3409, 1000.000000000000000 ) ;
#2897 = FACE_OUTER_BOUND ( 'NONE', #2144, .T. ) ;
#2898 = DIRECTION ( 'NONE',  ( 1.000000000000000000, 0.000000000000000000, 0.000000000000000000 ) ) ;
#2899 =( LENGTH_UNIT ( ) NAMED_UNIT ( * ) SI_UNIT ( .MILLI., .METRE. ) );
#2900 = ORIENTED_EDGE ( 'NONE', *, *, #89, .T. ) ;
#2901 = FACE_OUTER_BOUND ( 'NONE', #2020, .T. ) ;
#2902 = DIRECTION ( 'NONE',  ( -0.000000000000000000, 1.000000000000000000, -0.000000000000000000 ) ) ;
#2903 = VECTOR ( 'NONE', #3993, 1000.000000000000000 ) ;
#2904 = PRESENTATION_STYLE_ASSIGNMENT (( #3544 ) ) ;
#2905 =( LENGTH_UNIT ( ) NAMED_UNIT ( * ) SI_UNIT ( .MILLI., .METRE. ) );
#2906 = ORIENTED_EDGE ( 'NONE', *, *, #1792, .T. ) ;
#2907 = UNCERTAINTY_MEASURE_WITH_UNIT (LENGTH_MEASURE( 1.000000000000000082E-05 ), #2498, 'distance_accuracy_value', 'NONE');
#2908 = VECTOR ( 'NONE', #935, 1000.000000000000000 ) ;
#2909 =( NAMED_UNIT ( * ) SI_UNIT ( $, .STERADIAN. ) SOLID_ANGLE_UNIT ( ) );
#2910 = EDGE_CURVE ( 'NONE', #911, #4039, #20, .T. ) ;
#2911 = ORIENTED_EDGE ( 'NONE', *, *, #70, .T. ) ;
#2912 =( LENGTH_UNIT ( ) NAMED_UNIT ( * ) SI_UNIT ( .MILLI., .METRE. ) );
#2913 = SURFACE_STYLE_FILL_AREA ( #1628 ) ;
#2914 = FILL_AREA_STYLE_COLOUR ( '', #2200 ) ;
#2915 =( LENGTH_UNIT ( ) NAMED_UNIT ( * ) SI_UNIT ( .MILLI., .METRE. ) );
#2916 = DIRECTION ( 'NONE',  ( 0.000000000000000000, 0.000000000000000000, -1.000000000000000000 ) ) ;
#2917 = EDGE_CURVE ( 'NONE', #1512, #143, #1345, .T. ) ;
#2918 = CARTESIAN_POINT ( 'NONE',  ( -1.300000000000000933, 0.000000000000000000, -0.2550000000000000044 ) ) ;
#2919 = PLANE ( 'NONE',  #939 ) ;
#2920 = PLANE ( 'NONE',  #1287 ) ;
#2921 = FACE_OUTER_BOUND ( 'NONE', #100, .T. ) ;
#2922 = VERTEX_POINT ( 'NONE', #62 ) ;
#2923 = LINE ( 'NONE', #3905, #369 ) ;
#2924 = ADVANCED_FACE ( 'NONE', ( #3921 ), #702, .F. ) ;
#2925 = DIRECTION ( 'NONE',  ( 0.000000000000000000, 0.000000000000000000, 1.000000000000000000 ) ) ;
#2926 = STYLED_ITEM ( 'NONE', ( #2042 ), #1161 ) ;
#2927 = ORIENTED_EDGE ( 'NONE', *, *, #1722, .T. ) ;
#2928 = DIRECTION ( 'NONE',  ( 0.000000000000000000, 0.000000000000000000, -1.000000000000000000 ) ) ;
#2929 = VECTOR ( 'NONE', #2096, 1000.000000000000000 ) ;
#2930 =( GEOMETRIC_REPRESENTATION_CONTEXT ( 3 ) GLOBAL_UNCERTAINTY_ASSIGNED_CONTEXT ( ( #3847 ) ) GLOBAL_UNIT_ASSIGNED_CONTEXT ( ( #4257, #1314, #1591 ) ) REPRESENTATION_CONTEXT ( 'NONE', 'WORKASPACE' ) );
#2931 = VERTEX_POINT ( 'NONE', #1967 ) ;
#2932 = SURFACE_STYLE_USAGE ( .BOTH. , #2793 ) ;
#2933 = DIRECTION ( 'NONE',  ( -1.000000000000000000, 0.000000000000000000, 0.000000000000000000 ) ) ;
#2934 = CARTESIAN_POINT ( 'NONE',  ( 0.2800000000000008593, 0.9399999999999999467, 0.7999999999999999334 ) ) ;
#2935 = PRESENTATION_LAYER_ASSIGNMENT (  '', '', ( #2445 ) ) ;
#2936 = SURFACE_STYLE_FILL_AREA ( #3838 ) ;
#2937 = AXIS2_PLACEMENT_3D ( 'NONE', #14, #653, #1989 ) ;
#2938 = VERTEX_POINT ( 'NONE', #3960 ) ;
#2939 =( LENGTH_UNIT ( ) NAMED_UNIT ( * ) SI_UNIT ( .MILLI., .METRE. ) );
#2940 =( NAMED_UNIT ( * ) PLANE_ANGLE_UNIT ( ) SI_UNIT ( $, .RADIAN. ) );
#2941 = COLOUR_RGB ( '',0.7529411764705882248, 0.7529411764705882248, 0.7529411764705882248 ) ;
#2942 = EDGE_CURVE ( 'NONE', #2080, #2780, #2685, .T. ) ;
#2943 = EDGE_LOOP ( 'NONE', ( #4043, #2827, #2755, #3782 ) ) ;
#2944 = SURFACE_STYLE_USAGE ( .BOTH. , #330 ) ;
#2945 = VECTOR ( 'NONE', #674, 1000.000000000000000 ) ;
#2946 =( GEOMETRIC_REPRESENTATION_CONTEXT ( 3 ) GLOBAL_UNCERTAINTY_ASSIGNED_CONTEXT ( ( #3390 ) ) GLOBAL_UNIT_ASSIGNED_CONTEXT ( ( #1033, #2940, #970 ) ) REPRESENTATION_CONTEXT ( 'NONE', 'WORKASPACE' ) );
#2947 = PRESENTATION_LAYER_ASSIGNMENT (  '', '', ( #1862 ) ) ;
#2948 = ADVANCED_FACE ( 'NONE', ( #3265 ), #2640, .F. ) ;
#2949 = MECHANICAL_DESIGN_GEOMETRIC_PRESENTATION_REPRESENTATION (  '', ( #2544 ), #2003 ) ;
#2950 = LINE ( 'NONE', #2001, #3969 ) ;
#2951 =( GEOMETRIC_REPRESENTATION_CONTEXT ( 3 ) GLOBAL_UNCERTAINTY_ASSIGNED_CONTEXT ( ( #1273 ) ) GLOBAL_UNIT_ASSIGNED_CONTEXT ( ( #3592, #3254, #2296 ) ) REPRESENTATION_CONTEXT ( 'NONE', 'WORKASPACE' ) );
#2952 =( NAMED_UNIT ( * ) PLANE_ANGLE_UNIT ( ) SI_UNIT ( $, .RADIAN. ) );
#2953 = LINE ( 'NONE', #3950, #941 ) ;
#2954 = AXIS2_PLACEMENT_3D ( 'NONE', #1905, #2630, #2916 ) ;
#2955 = PLANE ( 'NONE',  #3246 ) ;
#2956 = ADVANCED_FACE ( 'NONE', ( #3322 ), #659, .T. ) ;
#2957 = SURFACE_STYLE_USAGE ( .BOTH. , #1663 ) ;
#2958 = FACE_OUTER_BOUND ( 'NONE', #3861, .T. ) ;
#2959 = ORIENTED_EDGE ( 'NONE', *, *, #737, .T. ) ;
#2960 = DIRECTION ( 'NONE',  ( -1.000000000000000000, -0.000000000000000000, -0.000000000000000000 ) ) ;
#2961 = SURFACE_STYLE_FILL_AREA ( #1332 ) ;
#2962 = EDGE_LOOP ( 'NONE', ( #1154, #3295, #4094, #4 ) ) ;
#2963 = SURFACE_STYLE_FILL_AREA ( #389 ) ;
#2964 = ORIENTED_EDGE ( 'NONE', *, *, #1754, .F. ) ;
#2965 = EDGE_CURVE ( 'NONE', #1275, #3962, #1813, .T. ) ;
#2966 = CARTESIAN_POINT ( 'NONE',  ( -0.2799999999999991940, 0.000000000000000000, -0.5000000000000000000 ) ) ;
#2967 =( NAMED_UNIT ( * ) SI_UNIT ( $, .STERADIAN. ) SOLID_ANGLE_UNIT ( ) );
#2968 = DIRECTION ( 'NONE',  ( 0.000000000000000000, 0.000000000000000000, 1.000000000000000000 ) ) ;
#2969 = PLANE ( 'NONE',  #1642 ) ;
#2970 =( LENGTH_UNIT ( ) NAMED_UNIT ( * ) SI_UNIT ( .MILLI., .METRE. ) );
#2971 = PRESENTATION_STYLE_ASSIGNMENT (( #1013 ) ) ;
#2972 = CARTESIAN_POINT ( 'NONE',  ( 0.000000000000000000, 0.000000000000000000, 0.000000000000000000 ) ) ;
#2973 = FACE_OUTER_BOUND ( 'NONE', #1492, .T. ) ;
#2974 = LINE ( 'NONE', #2731, #2722 ) ;
#2975 = ORIENTED_EDGE ( 'NONE', *, *, #2153, .T. ) ;
#2976 = FILL_AREA_STYLE_COLOUR ( '', #2313 ) ;
#2977 = ORIENTED_EDGE ( 'NONE', *, *, #1340, .T. ) ;
#2978 = CARTESIAN_POINT ( 'NONE',  ( 0.2800000000000008593, -4.000000000000000000, -0.7999999999999999334 ) ) ;
#2979 = COLOUR_RGB ( '',0.7529411764705882248, 0.7529411764705882248, 0.7529411764705882248 ) ;
#2980 =( NAMED_UNIT ( * ) SI_UNIT ( $, .STERADIAN. ) SOLID_ANGLE_UNIT ( ) );
#2981 =( NAMED_UNIT ( * ) PLANE_ANGLE_UNIT ( ) SI_UNIT ( $, .RADIAN. ) );
#2982 = COLOUR_RGB ( '',0.7529411764705882248, 0.7529411764705882248, 0.7529411764705882248 ) ;
#2983 = ADVANCED_FACE ( 'NONE', ( #403 ), #77, .F. ) ;
#2984 = SURFACE_STYLE_FILL_AREA ( #4001 ) ;
#2985 = PLANE ( 'NONE',  #2466 ) ;
#2986 = SURFACE_STYLE_FILL_AREA ( #2350 ) ;
#2987 = VECTOR ( 'NONE', #680, 1000.000000000000000 ) ;
#2988 = SURFACE_STYLE_USAGE ( .BOTH. , #1699 ) ;
#2989 = CARTESIAN_POINT ( 'NONE',  ( 1.600000000000000977, 0.000000000000000000, 0.2550000000000000044 ) ) ;
#2990 = CARTESIAN_POINT ( 'NONE',  ( 1.300000000000000933, 0.9399999999999999467, -0.2550000000000000044 ) ) ;
#2991 = VECTOR ( 'NONE', #4093, 1000.000000000000000 ) ;
#2992 = FILL_AREA_STYLE_COLOUR ( '', #383 ) ;
#2993 = VERTEX_POINT ( 'NONE', #2152 ) ;
#2994 =( GEOMETRIC_REPRESENTATION_CONTEXT ( 3 ) GLOBAL_UNCERTAINTY_ASSIGNED_CONTEXT ( ( #1766 ) ) GLOBAL_UNIT_ASSIGNED_CONTEXT ( ( #2700, #2749, #1107 ) ) REPRESENTATION_CONTEXT ( 'NONE', 'WORKASPACE' ) );
#2995 = STYLED_ITEM ( 'NONE', ( #2293 ), #2711 ) ;
#2996 = UNCERTAINTY_MEASURE_WITH_UNIT (LENGTH_MEASURE( 1.000000000000000082E-05 ), #910, 'distance_accuracy_value', 'NONE');
#2997 = SURFACE_STYLE_USAGE ( .BOTH. , #1507 ) ;
#2998 =( NAMED_UNIT ( * ) SI_UNIT ( $, .STERADIAN. ) SOLID_ANGLE_UNIT ( ) );
#2999 = EDGE_CURVE ( 'NONE', #1167, #2854, #170, .T. ) ;
#3000 = VERTEX_POINT ( 'NONE', #1410 ) ;
#3001 = MECHANICAL_DESIGN_GEOMETRIC_PRESENTATION_REPRESENTATION (  '', ( #2812 ), #3355 ) ;
#3002 = PRESENTATION_LAYER_ASSIGNMENT (  '', '', ( #322 ) ) ;
#3003 = EDGE_LOOP ( 'NONE', ( #4225, #80, #2843, #3669 ) ) ;
#3004 = AXIS2_PLACEMENT_3D ( 'NONE', #1510, #3733, #3371 ) ;
#3005 = CARTESIAN_POINT ( 'NONE',  ( -0.7099999999999994094, 0.9399999999999999467, 0.7999999999999999334 ) ) ;
#3006 = CARTESIAN_POINT ( 'NONE',  ( -0.2799999999999990274, 0.000000000000000000, 0.7999999999999999334 ) ) ;
#3007 = PRESENTATION_STYLE_ASSIGNMENT (( #2716 ) ) ;
#3008 =( NAMED_UNIT ( * ) SI_UNIT ( $, .STERADIAN. ) SOLID_ANGLE_UNIT ( ) );
#3009 = PRESENTATION_LAYER_ASSIGNMENT (  '', '', ( #2132 ) ) ;
#3010 =( NAMED_UNIT ( * ) SI_UNIT ( $, .STERADIAN. ) SOLID_ANGLE_UNIT ( ) );
#3011 = PRESENTATION_STYLE_ASSIGNMENT (( #12 ) ) ;
#3012 = SURFACE_STYLE_USAGE ( .BOTH. , #1046 ) ;
#3013 = VECTOR ( 'NONE', #2201, 1000.000000000000000 ) ;
#3014 = VECTOR ( 'NONE', #1483, 1000.000000000000000 ) ;
#3015 = ORIENTED_EDGE ( 'NONE', *, *, #3539, .F. ) ;
#3016 = DIRECTION ( 'NONE',  ( -0.000000000000000000, 1.000000000000000000, -0.000000000000000000 ) ) ;
#3017 = SURFACE_SIDE_STYLE ('',( #1328 ) ) ;
#3018 = VECTOR ( 'NONE', #3169, 1000.000000000000000 ) ;
#3019 = SURFACE_SIDE_STYLE ('',( #1329 ) ) ;
#3020 = ADVANCED_FACE ( 'NONE', ( #148 ), #1791, .F. ) ;
#3021 = ORIENTED_EDGE ( 'NONE', *, *, #802, .T. ) ;
#3022 =( NAMED_UNIT ( * ) PLANE_ANGLE_UNIT ( ) SI_UNIT ( $, .RADIAN. ) );
#3023 = PLANE ( 'NONE',  #4095 ) ;
#3024 = ORIENTED_EDGE ( 'NONE', *, *, #3535, .F. ) ;
#3025 = ADVANCED_FACE ( 'NONE', ( #3866 ), #3529, .F. ) ;
#3026 = ORIENTED_EDGE ( 'NONE', *, *, #608, .F. ) ;
#3027 = SURFACE_STYLE_FILL_AREA ( #1399 ) ;
#3028 = PRESENTATION_STYLE_ASSIGNMENT (( #3276 ) ) ;
#3029 = LINE ( 'NONE', #4069, #1307 ) ;
#3030 =( NAMED_UNIT ( * ) PLANE_ANGLE_UNIT ( ) SI_UNIT ( $, .RADIAN. ) );
#3031 = FILL_AREA_STYLE_COLOUR ( '', #2044 ) ;
#3032 = PRESENTATION_STYLE_ASSIGNMENT (( #2988 ) ) ;
#3033 = ORIENTED_EDGE ( 'NONE', *, *, #4136, .F. ) ;
#3034 = SURFACE_SIDE_STYLE ('',( #3986 ) ) ;
#3035 = PRESENTATION_STYLE_ASSIGNMENT (( #820 ) ) ;
#3036 = EDGE_LOOP ( 'NONE', ( #2441, #4198, #2162, #1040 ) ) ;
#3037 = UNCERTAINTY_MEASURE_WITH_UNIT (LENGTH_MEASURE( 1.000000000000000082E-05 ), #983, 'distance_accuracy_value', 'NONE');
#3038 = EDGE_CURVE ( 'NONE', #3066, #2768, #571, .T. ) ;
#3039 = PLANE ( 'NONE',  #496 ) ;
#3040 = ORIENTED_EDGE ( 'NONE', *, *, #2607, .F. ) ;
#3041 = FACE_OUTER_BOUND ( 'NONE', #2136, .T. ) ;
#3042 = ORIENTED_EDGE ( 'NONE', *, *, #1099, .F. ) ;
#3043 = CARTESIAN_POINT ( 'NONE',  ( 1.270000000000001128, 0.9399999999999999467, -0.4999999999999998890 ) ) ;
#3044 = SURFACE_SIDE_STYLE ('',( #412 ) ) ;
#3045 = VECTOR ( 'NONE', #3055, 1000.000000000000000 ) ;
#3046 = FILL_AREA_STYLE_COLOUR ( '', #4244 ) ;
#3047 = AXIS2_PLACEMENT_3D ( 'NONE', #2006, #720, #693 ) ;
#3048 = CARTESIAN_POINT ( 'NONE',  ( 9.680376540049143387E-17, 0.000000000000000000, 0.4999999999999997780 ) ) ;
#3049 = SURFACE_STYLE_USAGE ( .BOTH. , #1458 ) ;
#3050 = ADVANCED_FACE ( 'NONE', ( #3181 ), #225, .T. ) ;
#3051 = CARTESIAN_POINT ( 'NONE',  ( 1.600000000000001199, 0.9399999999999999467, -0.8000000000000001554 ) ) ;
#3052 = DIRECTION ( 'NONE',  ( -7.228014483236698528E-16, 0.000000000000000000, 1.000000000000000000 ) ) ;
#3053 = VECTOR ( 'NONE', #865, 1000.000000000000000 ) ;
#3054 =( NAMED_UNIT ( * ) SI_UNIT ( $, .STERADIAN. ) SOLID_ANGLE_UNIT ( ) );
#3055 = DIRECTION ( 'NONE',  ( -0.000000000000000000, -0.000000000000000000, -1.000000000000000000 ) ) ;
#3056 = ORIENTED_EDGE ( 'NONE', *, *, #1571, .F. ) ;
#3057 = COLOUR_RGB ( '',0.7529411764705882248, 0.7529411764705882248, 0.7529411764705882248 ) ;
#3058 = VECTOR ( 'NONE', #4102, 1000.000000000000000 ) ;
#3059 = CARTESIAN_POINT ( 'NONE',  ( 0.000000000000000000, 0.9399999999999999467, 0.000000000000000000 ) ) ;
#3060 = COLOUR_RGB ( '',0.7921568627450980005, 0.8196078431372548767, 0.9333333333333333481 ) ;
#3061 = ORIENTED_EDGE ( 'NONE', *, *, #2942, .F. ) ;
#3062 = SURFACE_SIDE_STYLE ('',( #132 ) ) ;
#3063 = PRESENTATION_LAYER_ASSIGNMENT (  '', '', ( #723 ) ) ;
#3064 = EDGE_CURVE ( 'NONE', #1272, #391, #2838, .T. ) ;
#3065 = AXIS2_PLACEMENT_3D ( 'NONE', #4217, #1270, #2555 ) ;
#3066 = VERTEX_POINT ( 'NONE', #2858 ) ;
#3067 = CARTESIAN_POINT ( 'NONE',  ( -0.7099999999999994094, -4.000000000000000000, 0.4999999999999998890 ) ) ;
#3068 = PRESENTATION_LAYER_ASSIGNMENT (  '', '', ( #3958 ) ) ;
#3069 = DIRECTION ( 'NONE',  ( -0.000000000000000000, 0.000000000000000000, 1.000000000000000000 ) ) ;
#3070 = PLANE ( 'NONE',  #2124 ) ;
#3071 = EDGE_CURVE ( 'NONE', #1150, #4033, #4169, .T. ) ;
#3072 =( GEOMETRIC_REPRESENTATION_CONTEXT ( 3 ) GLOBAL_UNCERTAINTY_ASSIGNED_CONTEXT ( ( #2996 ) ) GLOBAL_UNIT_ASSIGNED_CONTEXT ( ( #910, #1579, #2534 ) ) REPRESENTATION_CONTEXT ( 'NONE', 'WORKASPACE' ) );
#3073 = SURFACE_SIDE_STYLE ('',( #764 ) ) ;
#3074 = CARTESIAN_POINT ( 'NONE',  ( 0.7100000000000009637, 0.000000000000000000, -0.5000000000000000000 ) ) ;
#3075 =( GEOMETRIC_REPRESENTATION_CONTEXT ( 3 ) GLOBAL_UNCERTAINTY_ASSIGNED_CONTEXT ( ( #2861 ) ) GLOBAL_UNIT_ASSIGNED_CONTEXT ( ( #649, #3336, #3932 ) ) REPRESENTATION_CONTEXT ( 'NONE', 'WORKASPACE' ) );
#3076 = DIRECTION ( 'NONE',  ( 1.000000000000000000, 0.000000000000000000, -0.000000000000000000 ) ) ;
#3077 = FILL_AREA_STYLE ('',( #92 ) ) ;
#3078 = EDGE_CURVE ( 'NONE', #2877, #760, #2618, .T. ) ;
#3079 = VECTOR ( 'NONE', #3722, 1000.000000000000000 ) ;
#3080 = ORIENTED_EDGE ( 'NONE', *, *, #3708, .T. ) ;
#3081 = CARTESIAN_POINT ( 'NONE',  ( 1.270000000000001128, 0.000000000000000000, 0.4999999999999998890 ) ) ;
#3082 = PLANE ( 'NONE',  #2463 ) ;
#3083 = VECTOR ( 'NONE', #2797, 1000.000000000000000 ) ;
#3084 = COLOUR_RGB ( '',0.7529411764705882248, 0.7529411764705882248, 0.7529411764705882248 ) ;
#3085 = DIRECTION ( 'NONE',  ( 0.000000000000000000, 1.000000000000000000, 0.000000000000000000 ) ) ;
#3086 = FILL_AREA_STYLE ('',( #1762 ) ) ;
#3087 = AXIS2_PLACEMENT_3D ( 'NONE', #2243, #2933, #2530 ) ;
#3088 =( NAMED_UNIT ( * ) SI_UNIT ( $, .STERADIAN. ) SOLID_ANGLE_UNIT ( ) );
#3089 = UNCERTAINTY_MEASURE_WITH_UNIT (LENGTH_MEASURE( 1.000000000000000082E-05 ), #2368, 'distance_accuracy_value', 'NONE');
#3090 = LINE ( 'NONE', #840, #1765 ) ;
#3091 = EDGE_LOOP ( 'NONE', ( #3163, #441, #3689, #3635 ) ) ;
#3092 = EDGE_CURVE ( 'NONE', #2844, #3553, #968, .T. ) ;
#3093 =( NAMED_UNIT ( * ) SI_UNIT ( $, .STERADIAN. ) SOLID_ANGLE_UNIT ( ) );
#3094 = MECHANICAL_DESIGN_GEOMETRIC_PRESENTATION_REPRESENTATION (  '', ( #4059 ), #2614 ) ;
#3095 = ORIENTED_EDGE ( 'NONE', *, *, #3399, .T. ) ;
#3096 =( NAMED_UNIT ( * ) PLANE_ANGLE_UNIT ( ) SI_UNIT ( $, .RADIAN. ) );
#3097 =( LENGTH_UNIT ( ) NAMED_UNIT ( * ) SI_UNIT ( .MILLI., .METRE. ) );
#3098 =( NAMED_UNIT ( * ) PLANE_ANGLE_UNIT ( ) SI_UNIT ( $, .RADIAN. ) );
#3099 = FILL_AREA_STYLE ('',( #2744 ) ) ;
#3100 =( NAMED_UNIT ( * ) SI_UNIT ( $, .STERADIAN. ) SOLID_ANGLE_UNIT ( ) );
#3101 = EDGE_CURVE ( 'NONE', #3768, #566, #3599, .T. ) ;
#3102 = CARTESIAN_POINT ( 'NONE',  ( -0.2799999999999990274, 0.000000000000000000, -0.7999999999999999334 ) ) ;
#3103 = VECTOR ( 'NONE', #1901, 1000.000000000000000 ) ;
#3104 = EDGE_LOOP ( 'NONE', ( #1993, #3182, #42, #151 ) ) ;
#3105 = CARTESIAN_POINT ( 'NONE',  ( -1.599999999999999423, 0.9399999999999999467, 0.7999999999999999334 ) ) ;
#3106 = DIRECTION ( 'NONE',  ( -0.000000000000000000, 1.000000000000000000, -0.000000000000000000 ) ) ;
#3107 = ORIENTED_EDGE ( 'NONE', *, *, #3780, .T. ) ;
#3108 = CARTESIAN_POINT ( 'NONE',  ( -1.599999999999999423, 0.000000000000000000, -0.8000000000000001554 ) ) ;
#3109 = DIRECTION ( 'NONE',  ( -1.936075308009829417E-16, 0.000000000000000000, 1.000000000000000000 ) ) ;
#3110 = LINE ( 'NONE', #1485, #3486 ) ;
#3111 = SURFACE_STYLE_USAGE ( .BOTH. , #795 ) ;
#3112 = LINE ( 'NONE', #1185, #1212 ) ;
#3113 = ORIENTED_EDGE ( 'NONE', *, *, #2579, .F. ) ;
#3114 = LINE ( 'NONE', #1138, #2601 ) ;
#3115 = VERTEX_POINT ( 'NONE', #4249 ) ;
#3116 = LINE ( 'NONE', #1396, #809 ) ;
#3117 = DIRECTION ( 'NONE',  ( -1.000000000000000000, 0.000000000000000000, 0.000000000000000000 ) ) ;
#3118 =( NAMED_UNIT ( * ) SI_UNIT ( $, .STERADIAN. ) SOLID_ANGLE_UNIT ( ) );
#3119 = PRESENTATION_STYLE_ASSIGNMENT (( #3144 ) ) ;
#3120 = LINE ( 'NONE', #1175, #4254 ) ;
#3121 = DIRECTION ( 'NONE',  ( 0.000000000000000000, 0.000000000000000000, -1.000000000000000000 ) ) ;
#3122 = ORIENTED_EDGE ( 'NONE', *, *, #3850, .T. ) ;
#3123 = PRESENTATION_STYLE_ASSIGNMENT (( #1217 ) ) ;
#3124 = LINE ( 'NONE', #1152, #3200 ) ;
#3125 = COLOUR_RGB ( '',0.7921568627450980005, 0.8196078431372548767, 0.9333333333333333481 ) ;
#3126 = ADVANCED_FACE ( 'NONE', ( #2921 ), #2274, .T. ) ;
#3127 =( LENGTH_UNIT ( ) NAMED_UNIT ( * ) SI_UNIT ( .MILLI., .METRE. ) );
#3128 = ORIENTED_EDGE ( 'NONE', *, *, #2965, .T. ) ;
#3129 = CARTESIAN_POINT ( 'NONE',  ( 1.300000000000000933, 0.000000000000000000, 0.2550000000000000044 ) ) ;
#3130 = LINE ( 'NONE', #45, #1859 ) ;
#3131 = MECHANICAL_DESIGN_GEOMETRIC_PRESENTATION_REPRESENTATION (  '', ( #1763 ), #629 ) ;
#3132 = UNCERTAINTY_MEASURE_WITH_UNIT (LENGTH_MEASURE( 1.000000000000000082E-05 ), #1676, 'distance_accuracy_value', 'NONE');
#3133 = ORIENTED_EDGE ( 'NONE', *, *, #1590, .F. ) ;
#3134 = SURFACE_STYLE_FILL_AREA ( #3415 ) ;
#3135 = STYLED_ITEM ( 'NONE', ( #1952 ), #1704 ) ;
#3136 =( NAMED_UNIT ( * ) PLANE_ANGLE_UNIT ( ) SI_UNIT ( $, .RADIAN. ) );
#3137 = ORIENTED_EDGE ( 'NONE', *, *, #3186, .T. ) ;
#3138 = LINE ( 'NONE', #3703, #2895 ) ;
#3139 = FILL_AREA_STYLE_COLOUR ( '', #4048 ) ;
#3140 = CARTESIAN_POINT ( 'NONE',  ( 1.270000000000001128, 0.000000000000000000, 0.7999999999999999334 ) ) ;
#3141 = AXIS2_PLACEMENT_3D ( 'NONE', #3105, #2055, #3769 ) ;
#3142 =( NAMED_UNIT ( * ) PLANE_ANGLE_UNIT ( ) SI_UNIT ( $, .RADIAN. ) );
#3143 = STYLED_ITEM ( 'NONE', ( #3332 ), #2449 ) ;
#3144 = SURFACE_STYLE_USAGE ( .BOTH. , #1822 ) ;
#3145 = VECTOR ( 'NONE', #1008, 1000.000000000000000 ) ;
#3146 =( NAMED_UNIT ( * ) SI_UNIT ( $, .STERADIAN. ) SOLID_ANGLE_UNIT ( ) );
#3147 = CARTESIAN_POINT ( 'NONE',  ( 1.270000000000001128, 0.000000000000000000, 0.000000000000000000 ) ) ;
#3148 = EDGE_LOOP ( 'NONE', ( #3673, #2278, #1518, #2693 ) ) ;
#3149 = MECHANICAL_DESIGN_GEOMETRIC_PRESENTATION_REPRESENTATION (  '', ( #870 ), #1078 ) ;
#3150 = PRESENTATION_LAYER_ASSIGNMENT (  '', '', ( #1160 ) ) ;
#3151 = SURFACE_SIDE_STYLE ('',( #1871 ) ) ;
#3152 = PRESENTATION_LAYER_ASSIGNMENT (  '', '', ( #2669 ) ) ;
#3153 = VERTEX_POINT ( 'NONE', #676 ) ;
#3154 =( NAMED_UNIT ( * ) SI_UNIT ( $, .STERADIAN. ) SOLID_ANGLE_UNIT ( ) );
#3155 = MECHANICAL_DESIGN_GEOMETRIC_PRESENTATION_REPRESENTATION (  '', ( #3903 ), #3702 ) ;
#3156 = CARTESIAN_POINT ( 'NONE',  ( -0.7099999999999994094, 0.000000000000000000, -0.4999999999999998890 ) ) ;
#3157 = COLOUR_RGB ( '',0.7529411764705882248, 0.7529411764705882248, 0.7529411764705882248 ) ;
#3158 = ORIENTED_EDGE ( 'NONE', *, *, #2122, .T. ) ;
#3159 = DIRECTION ( 'NONE',  ( 0.000000000000000000, 1.000000000000000000, 0.000000000000000000 ) ) ;
#3160 =( NAMED_UNIT ( * ) PLANE_ANGLE_UNIT ( ) SI_UNIT ( $, .RADIAN. ) );
#3161 = VECTOR ( 'NONE', #641, 1000.000000000000000 ) ;
#3162 = ADVANCED_FACE ( 'NONE', ( #3902 ), #3621, .T. ) ;
#3163 = ORIENTED_EDGE ( 'NONE', *, *, #286, .F. ) ;
#3164 = DIRECTION ( 'NONE',  ( 0.000000000000000000, 0.000000000000000000, 1.000000000000000000 ) ) ;
#3165 = PRODUCT_DEFINITION_FORMATION_WITH_SPECIFIED_SOURCE ( 'ANY', '', #326, .NOT_KNOWN. ) ;
#3166 = ORIENTED_EDGE ( 'NONE', *, *, #1385, .F. ) ;
#3167 = CARTESIAN_POINT ( 'NONE',  ( -1.599999999999999423, 0.000000000000000000, 0.7999999999999999334 ) ) ;
#3168 = FACE_OUTER_BOUND ( 'NONE', #1197, .T. ) ;
#3169 = DIRECTION ( 'NONE',  ( 1.000000000000000000, 0.000000000000000000, 0.000000000000000000 ) ) ;
#3170 = DIRECTION ( 'NONE',  ( -0.000000000000000000, 1.000000000000000000, -0.000000000000000000 ) ) ;
#3171 = EDGE_CURVE ( 'NONE', #2938, #2588, #38, .T. ) ;
#3172 = COLOUR_RGB ( '',0.7529411764705882248, 0.7529411764705882248, 0.7529411764705882248 ) ;
#3173 = CARTESIAN_POINT ( 'NONE',  ( 0.7100000000000011857, -4.000000000000000000, -0.7999999999999999334 ) ) ;
#3174 = ORIENTED_EDGE ( 'NONE', *, *, #1385, .T. ) ;
#3175 = FILL_AREA_STYLE_COLOUR ( '', #565 ) ;
#3176 = EDGE_LOOP ( 'NONE', ( #131, #123, #996, #1111 ) ) ;
#3177 = CARTESIAN_POINT ( 'NONE',  ( 1.300000000000000933, 0.000000000000000000, 0.2550000000000000044 ) ) ;
#3178 = ADVANCED_FACE ( 'NONE', ( #2351 ), #2029, .F. ) ;
#3179 = FILL_AREA_STYLE_COLOUR ( '', #3218 ) ;
#3180 = DIRECTION ( 'NONE',  ( -0.000000000000000000, 1.000000000000000000, 0.000000000000000000 ) ) ;
#3181 = FACE_OUTER_BOUND ( 'NONE', #1747, .T. ) ;
#3182 = ORIENTED_EDGE ( 'NONE', *, *, #2321, .T. ) ;
#3183 = CARTESIAN_POINT ( 'NONE',  ( 0.2800000000000008593, 0.000000000000000000, -0.4999999999999998890 ) ) ;
#3184 = LINE ( 'NONE', #823, #3053 ) ;
#3185 = CARTESIAN_POINT ( 'NONE',  ( -1.300000000000000933, 0.9399999999999999467, -0.2550000000000000044 ) ) ;
#3186 = EDGE_CURVE ( 'NONE', #1895, #2818, #4004, .T. ) ;
#3187 = DIRECTION ( 'NONE',  ( 0.000000000000000000, 0.000000000000000000, 1.000000000000000000 ) ) ;
#3188 = SURFACE_STYLE_USAGE ( .BOTH. , #2493 ) ;
#3189 = SURFACE_STYLE_FILL_AREA ( #1296 ) ;
#3190 = UNCERTAINTY_MEASURE_WITH_UNIT (LENGTH_MEASURE( 1.000000000000000082E-05 ), #2970, 'distance_accuracy_value', 'NONE');
#3191 = DIRECTION ( 'NONE',  ( -7.228014483236698528E-16, 0.000000000000000000, 1.000000000000000000 ) ) ;
#3192 = ORIENTED_EDGE ( 'NONE', *, *, #721, .T. ) ;
#3193 = DIRECTION ( 'NONE',  ( -0.000000000000000000, 1.000000000000000000, -0.000000000000000000 ) ) ;
#3194 = ORIENTED_EDGE ( 'NONE', *, *, #1770, .F. ) ;
#3195 = CARTESIAN_POINT ( 'NONE',  ( 0.1388232159864901949, 0.9399999999999999467, -0.2800000000000000266 ) ) ;
#3196 = EDGE_CURVE ( 'NONE', #409, #849, #1388, .T. ) ;
#3197 = PLANE ( 'NONE',  #2326 ) ;
#3198 = LINE ( 'NONE', #1637, #1075 ) ;
#3199 = CARTESIAN_POINT ( 'NONE',  ( 1.270000000000001128, 0.000000000000000000, 0.4999999999999998890 ) ) ;
#3200 = VECTOR ( 'NONE', #192, 1000.000000000000000 ) ;
#3201 = SURFACE_SIDE_STYLE ('',( #2193 ) ) ;
#3202 = ORIENTED_EDGE ( 'NONE', *, *, #2361, .T. ) ;
#3203 = STYLED_ITEM ( 'NONE', ( #3597 ), #1274 ) ;
#3204 = UNCERTAINTY_MEASURE_WITH_UNIT (LENGTH_MEASURE( 1.000000000000000082E-05 ), #3809, 'distance_accuracy_value', 'NONE');
#3205 =( NAMED_UNIT ( * ) PLANE_ANGLE_UNIT ( ) SI_UNIT ( $, .RADIAN. ) );
#3206 =( NAMED_UNIT ( * ) PLANE_ANGLE_UNIT ( ) SI_UNIT ( $, .RADIAN. ) );
#3207 = SURFACE_STYLE_USAGE ( .BOTH. , #2603 ) ;
#3208 = DIRECTION ( 'NONE',  ( 0.000000000000000000, 1.000000000000000000, 0.000000000000000000 ) ) ;
#3209 = PRESENTATION_LAYER_ASSIGNMENT (  '', '', ( #990 ) ) ;
#3210 =( NAMED_UNIT ( * ) SI_UNIT ( $, .STERADIAN. ) SOLID_ANGLE_UNIT ( ) );
#3211 = CARTESIAN_POINT ( 'NONE',  ( -1.599999999999999423, 0.9399999999999999467, -0.8000000000000001554 ) ) ;
#3212 = COLOUR_RGB ( '',0.7529411764705882248, 0.7529411764705882248, 0.7529411764705882248 ) ;
#3213 = CARTESIAN_POINT ( 'NONE',  ( -0.2799999999999990274, -4.000000000000000000, 0.7999999999999999334 ) ) ;
#3214 = LINE ( 'NONE', #259, #53 ) ;
#3215 = DIRECTION ( 'NONE',  ( -0.000000000000000000, 1.000000000000000000, -0.000000000000000000 ) ) ;
#3216 = VECTOR ( 'NONE', #3215, 1000.000000000000000 ) ;
#3217 =( GEOMETRIC_REPRESENTATION_CONTEXT ( 3 ) GLOBAL_UNCERTAINTY_ASSIGNED_CONTEXT ( ( #1373 ) ) GLOBAL_UNIT_ASSIGNED_CONTEXT ( ( #3526, #3562, #3506 ) ) REPRESENTATION_CONTEXT ( 'NONE', 'WORKASPACE' ) );
#3218 = COLOUR_RGB ( '',0.7529411764705882248, 0.7529411764705882248, 0.7529411764705882248 ) ;
#3219 = EDGE_LOOP ( 'NONE', ( #3467, #1666, #366, #3868 ) ) ;
#3220 =( NAMED_UNIT ( * ) PLANE_ANGLE_UNIT ( ) SI_UNIT ( $, .RADIAN. ) );
#3221 = DIRECTION ( 'NONE',  ( 7.228014483236698528E-16, 0.000000000000000000, 1.000000000000000000 ) ) ;
#3222 =( NAMED_UNIT ( * ) SI_UNIT ( $, .STERADIAN. ) SOLID_ANGLE_UNIT ( ) );
#3223 = COLOUR_RGB ( '',1.000000000000000000, 1.000000000000000000, 1.000000000000000000 ) ;
#3224 = DIRECTION ( 'NONE',  ( 1.000000000000000000, 0.000000000000000000, -0.000000000000000000 ) ) ;
#3225 = UNCERTAINTY_MEASURE_WITH_UNIT (LENGTH_MEASURE( 1.000000000000000082E-05 ), #3981, 'distance_accuracy_value', 'NONE');
#3226 = ADVANCED_FACE ( 'NONE', ( #2125 ), #419, .T. ) ;
#3227 = ORIENTED_EDGE ( 'NONE', *, *, #82, .T. ) ;
#3228 = STYLED_ITEM ( 'NONE', ( #1684 ), #2924 ) ;
#3229 = FACE_OUTER_BOUND ( 'NONE', #1832, .T. ) ;
#3230 = VECTOR ( 'NONE', #1239, 1000.000000000000000 ) ;
#3231 =( NAMED_UNIT ( * ) SI_UNIT ( $, .STERADIAN. ) SOLID_ANGLE_UNIT ( ) );
#3232 = ORIENTED_EDGE ( 'NONE', *, *, #1114, .F. ) ;
#3233 = STYLED_ITEM ( 'NONE', ( #1632 ), #4027 ) ;
#3234 = LINE ( 'NONE', #1292, #1942 ) ;
#3235 = ADVANCED_FACE ( 'NONE', ( #141 ), #1743, .F. ) ;
#3236 = CARTESIAN_POINT ( 'NONE',  ( 1.300000000000000933, -4.000000000000000000, -0.2550000000000000044 ) ) ;
#3237 = SURFACE_STYLE_FILL_AREA ( #2220 ) ;
#3238 = FILL_AREA_STYLE_COLOUR ( '', #1428 ) ;
#3239 = FILL_AREA_STYLE ('',( #1902 ) ) ;
#3240 = CARTESIAN_POINT ( 'NONE',  ( -1.599999999999999423, 0.9399999999999999467, -0.8000000000000001554 ) ) ;
#3241 = LINE ( 'NONE', #3895, #127 ) ;
#3242 = PRESENTATION_STYLE_ASSIGNMENT (( #337 ) ) ;
#3243 = EDGE_CURVE ( 'NONE', #1231, #4187, #2226, .T. ) ;
#3244 = FILL_AREA_STYLE ('',( #240 ) ) ;
#3245 = DIRECTION ( 'NONE',  ( 7.228014483236698528E-16, 0.000000000000000000, 1.000000000000000000 ) ) ;
#3246 = AXIS2_PLACEMENT_3D ( 'NONE', #2697, #2389, #1719 ) ;
#3247 =( NAMED_UNIT ( * ) PLANE_ANGLE_UNIT ( ) SI_UNIT ( $, .RADIAN. ) );
#3248 = VERTEX_POINT ( 'NONE', #1600 ) ;
#3249 = UNCERTAINTY_MEASURE_WITH_UNIT (LENGTH_MEASURE( 1.000000000000000082E-05 ), #2327, 'distance_accuracy_value', 'NONE');
#3250 = DIRECTION ( 'NONE',  ( -1.000000000000000000, 0.000000000000000000, -0.000000000000000000 ) ) ;
#3251 = ORIENTED_EDGE ( 'NONE', *, *, #4162, .F. ) ;
#3252 = CARTESIAN_POINT ( 'NONE',  ( 0.000000000000000000, 0.8399999999999999689, 0.000000000000000000 ) ) ;
#3253 = SURFACE_STYLE_USAGE ( .BOTH. , #291 ) ;
#3254 =( NAMED_UNIT ( * ) PLANE_ANGLE_UNIT ( ) SI_UNIT ( $, .RADIAN. ) );
#3255 = CARTESIAN_POINT ( 'NONE',  ( -1.300000000000000933, 0.000000000000000000, -0.2550000000000000044 ) ) ;
#3256 = ORIENTED_EDGE ( 'NONE', *, *, #2471, .F. ) ;
#3257 = FILL_AREA_STYLE ('',( #4262 ) ) ;
#3258 = CARTESIAN_POINT ( 'NONE',  ( 1.600000000000001199, 0.9399999999999999467, 0.7999999999999999334 ) ) ;
#3259 = PLANE ( 'NONE',  #1235 ) ;
#3260 = DIRECTION ( 'NONE',  ( -0.000000000000000000, 1.000000000000000000, -0.000000000000000000 ) ) ;
#3261 = LINE ( 'NONE', #1578, #2803 ) ;
#3262 = EDGE_CURVE ( 'NONE', #481, #2509, #904, .T. ) ;
#3263 = CARTESIAN_POINT ( 'NONE',  ( 1.270000000000001128, 0.000000000000000000, 0.7999999999999999334 ) ) ;
#3264 = AXIS2_PLACEMENT_3D ( 'NONE', #1807, #1530, #1127 ) ;
#3265 = FACE_OUTER_BOUND ( 'NONE', #1687, .T. ) ;
#3266 = EDGE_CURVE ( 'NONE', #2018, #1828, #2878, .T. ) ;
#3267 = MECHANICAL_DESIGN_GEOMETRIC_PRESENTATION_REPRESENTATION (  '', ( #3477 ), #1565 ) ;
#3268 = ORIENTED_EDGE ( 'NONE', *, *, #1298, .F. ) ;
#3269 = DIRECTION ( 'NONE',  ( -0.000000000000000000, 0.000000000000000000, -1.000000000000000000 ) ) ;
#3270 = DIRECTION ( 'NONE',  ( 0.000000000000000000, 0.000000000000000000, -1.000000000000000000 ) ) ;
#3271 = AXIS2_PLACEMENT_3D ( 'NONE', #2758, #1686, #4062 ) ;
#3272 = COLOUR_RGB ( '',0.7529411764705882248, 0.7529411764705882248, 0.7529411764705882248 ) ;
#3273 = DIRECTION ( 'NONE',  ( 0.000000000000000000, 1.000000000000000000, 0.000000000000000000 ) ) ;
#3274 = CARTESIAN_POINT ( 'NONE',  ( 0.7100000000000009637, 0.000000000000000000, -0.5000000000000000000 ) ) ;
#3275 = MECHANICAL_DESIGN_GEOMETRIC_PRESENTATION_REPRESENTATION (  '', ( #436 ), #1842 ) ;
#3276 = SURFACE_STYLE_USAGE ( .BOTH. , #979 ) ;
#3277 = FACE_OUTER_BOUND ( 'NONE', #2479, .T. ) ;
#3278 = PRESENTATION_STYLE_ASSIGNMENT (( #3364 ) ) ;
#3279 = FILL_AREA_STYLE ('',( #2680 ) ) ;
#3280 = VECTOR ( 'NONE', #90, 1000.000000000000000 ) ;
#3281 = FILL_AREA_STYLE_COLOUR ( '', #306 ) ;
#3282 = FILL_AREA_STYLE ('',( #1012 ) ) ;
#3283 = DIRECTION ( 'NONE',  ( 1.000000000000000000, 0.000000000000000000, 1.936075308009828431E-16 ) ) ;
#3284 =( GEOMETRIC_REPRESENTATION_CONTEXT ( 3 ) GLOBAL_UNCERTAINTY_ASSIGNED_CONTEXT ( ( #4234 ) ) GLOBAL_UNIT_ASSIGNED_CONTEXT ( ( #2228, #2554, #1891 ) ) REPRESENTATION_CONTEXT ( 'NONE', 'WORKASPACE' ) );
#3285 = VECTOR ( 'NONE', #3945, 1000.000000000000000 ) ;
#3286 = EDGE_CURVE ( 'NONE', #3751, #1167, #832, .T. ) ;
#3287 = DIRECTION ( 'NONE',  ( 1.000000000000000000, 0.000000000000000000, 0.000000000000000000 ) ) ;
#3288 = CARTESIAN_POINT ( 'NONE',  ( 1.300000000000000933, 0.000000000000000000, -0.2550000000000000044 ) ) ;
#3289 = VECTOR ( 'NONE', #3448, 1000.000000000000000 ) ;
#3290 = VERTEX_POINT ( 'NONE', #3500 ) ;
#3291 = COLOUR_RGB ( '',0.7529411764705882248, 0.7529411764705882248, 0.7529411764705882248 ) ;
#3292 = EDGE_LOOP ( 'NONE', ( #262, #934, #668, #15 ) ) ;
#3293 = DIRECTION ( 'NONE',  ( 0.000000000000000000, 0.000000000000000000, -1.000000000000000000 ) ) ;
#3294 = AXIS2_PLACEMENT_3D ( 'NONE', #2386, #3069, #4045 ) ;
#3295 = ORIENTED_EDGE ( 'NONE', *, *, #962, .F. ) ;
#3296 = VECTOR ( 'NONE', #742, 1000.000000000000000 ) ;
#3297 = PLANE ( 'NONE',  #2409 ) ;
#3298 = PRESENTATION_STYLE_ASSIGNMENT (( #3683 ) ) ;
#3299 = FILL_AREA_STYLE_COLOUR ( '', #22 ) ;
#3300 = FILL_AREA_STYLE_COLOUR ( '', #1772 ) ;
#3301 =( LENGTH_UNIT ( ) NAMED_UNIT ( * ) SI_UNIT ( .MILLI., .METRE. ) );
#3302 = PRODUCT_DEFINITION ( 'UNKNOWN', '', #3165, #2560 ) ;
#3303 = COLOUR_RGB ( '',0.7529411764705882248, 0.7529411764705882248, 0.7529411764705882248 ) ;
#3304 = VERTEX_POINT ( 'NONE', #564 ) ;
#3305 = LINE ( 'NONE', #2334, #2654 ) ;
#3306 = CARTESIAN_POINT ( 'NONE',  ( 0.7100000000000009637, 0.9399999999999999467, -0.5000000000000000000 ) ) ;
#3307 = DIRECTION ( 'NONE',  ( -0.000000000000000000, -1.000000000000000000, -0.000000000000000000 ) ) ;
#3308 = DIRECTION ( 'NONE',  ( 0.000000000000000000, 0.000000000000000000, 1.000000000000000000 ) ) ;
#3309 = ORIENTED_EDGE ( 'NONE', *, *, #338, .F. ) ;
#3310 = ADVANCED_FACE ( 'NONE', ( #4119 ), #1266, .T. ) ;
#3311 = ORIENTED_EDGE ( 'NONE', *, *, #1191, .T. ) ;
#3312 = CARTESIAN_POINT ( 'NONE',  ( -1.269999999999999352, 0.000000000000000000, 0.5000000000000000000 ) ) ;
#3313 = PRESENTATION_STYLE_ASSIGNMENT (( #644 ) ) ;
#3314 = DIRECTION ( 'NONE',  ( -0.000000000000000000, 1.000000000000000000, -0.000000000000000000 ) ) ;
#3315 = DIRECTION ( 'NONE',  ( 0.000000000000000000, 1.000000000000000000, -0.000000000000000000 ) ) ;
#3316 = PLANE ( 'NONE',  #3505 ) ;
#3317 =( NAMED_UNIT ( * ) PLANE_ANGLE_UNIT ( ) SI_UNIT ( $, .RADIAN. ) );
#3318 =( NAMED_UNIT ( * ) PLANE_ANGLE_UNIT ( ) SI_UNIT ( $, .RADIAN. ) );
#3319 = FILL_AREA_STYLE_COLOUR ( '', #978 ) ;
#3320 = ADVANCED_FACE ( 'NONE', ( #237 ), #2242, .F. ) ;
#3321 =( LENGTH_UNIT ( ) NAMED_UNIT ( * ) SI_UNIT ( .MILLI., .METRE. ) );
#3322 = FACE_OUTER_BOUND ( 'NONE', #3176, .T. ) ;
#3323 = VERTEX_POINT ( 'NONE', #3896 ) ;
#3324 = CARTESIAN_POINT ( 'NONE',  ( 1.270000000000001128, 0.000000000000000000, -0.7999999999999999334 ) ) ;
#3325 = SURFACE_SIDE_STYLE ('',( #1088 ) ) ;
#3326 = ORIENTED_EDGE ( 'NONE', *, *, #1265, .T. ) ;
#3327 = DIRECTION ( 'NONE',  ( 0.000000000000000000, 0.000000000000000000, -1.000000000000000000 ) ) ;
#3328 = ORIENTED_EDGE ( 'NONE', *, *, #3841, .T. ) ;
#3329 = SURFACE_SIDE_STYLE ('',( #2012 ) ) ;
#3330 = FILL_AREA_STYLE_COLOUR ( '', #2400 ) ;
#3331 = STYLED_ITEM ( 'NONE', ( #3897 ), #1255 ) ;
#3332 = PRESENTATION_STYLE_ASSIGNMENT (( #1025 ) ) ;
#3333 = SURFACE_STYLE_USAGE ( .BOTH. , #671 ) ;
#3334 = DIRECTION ( 'NONE',  ( 1.000000000000000000, 0.000000000000000000, -0.000000000000000000 ) ) ;
#3335 = STYLED_ITEM ( 'NONE', ( #1348 ), #1449 ) ;
#3336 =( NAMED_UNIT ( * ) PLANE_ANGLE_UNIT ( ) SI_UNIT ( $, .RADIAN. ) );
#3337 =( LENGTH_UNIT ( ) NAMED_UNIT ( * ) SI_UNIT ( .MILLI., .METRE. ) );
#3338 = ADVANCED_FACE ( 'NONE', ( #1338 ), #646, .T. ) ;
#3339 =( GEOMETRIC_REPRESENTATION_CONTEXT ( 3 ) GLOBAL_UNCERTAINTY_ASSIGNED_CONTEXT ( ( #3566 ) ) GLOBAL_UNIT_ASSIGNED_CONTEXT ( ( #2575, #1327, #1050 ) ) REPRESENTATION_CONTEXT ( 'NONE', 'WORKASPACE' ) );
#3340 = SURFACE_STYLE_USAGE ( .BOTH. , #3727 ) ;
#3341 = CARTESIAN_POINT ( 'NONE',  ( 1.168823215986490194, 0.8399999999999999689, 0.2800000000000000266 ) ) ;
#3342 = ORIENTED_EDGE ( 'NONE', *, *, #27, .T. ) ;
#3343 = SURFACE_STYLE_FILL_AREA ( #2308 ) ;
#3344 = CARTESIAN_POINT ( 'NONE',  ( -1.269999999999999130, 0.9399999999999999467, -0.7999999999999999334 ) ) ;
#3345 = VECTOR ( 'NONE', #753, 1000.000000000000000 ) ;
#3346 = EDGE_CURVE ( 'NONE', #3777, #3290, #3583, .T. ) ;
#3347 = VECTOR ( 'NONE', #2567, 1000.000000000000000 ) ;
#3348 = DIRECTION ( 'NONE',  ( 1.000000000000000000, 0.000000000000000000, 0.000000000000000000 ) ) ;
#3349 = ORIENTED_EDGE ( 'NONE', *, *, #374, .F. ) ;
#3350 = COLOUR_RGB ( '',0.7529411764705882248, 0.7529411764705882248, 0.7529411764705882248 ) ;
#3351 = UNCERTAINTY_MEASURE_WITH_UNIT (LENGTH_MEASURE( 1.000000000000000082E-05 ), #2824, 'distance_accuracy_value', 'NONE');
#3352 = DIRECTION ( 'NONE',  ( 0.000000000000000000, -0.000000000000000000, 1.000000000000000000 ) ) ;
#3353 = FILL_AREA_STYLE_COLOUR ( '', #4022 ) ;
#3354 = ORIENTED_EDGE ( 'NONE', *, *, #3989, .T. ) ;
#3355 =( GEOMETRIC_REPRESENTATION_CONTEXT ( 3 ) GLOBAL_UNCERTAINTY_ASSIGNED_CONTEXT ( ( #602 ) ) GLOBAL_UNIT_ASSIGNED_CONTEXT ( ( #1194, #851, #217 ) ) REPRESENTATION_CONTEXT ( 'NONE', 'WORKASPACE' ) );
#3356 = CARTESIAN_POINT ( 'NONE',  ( -1.599999999999999423, 0.000000000000000000, -0.2550000000000000044 ) ) ;
#3357 = EDGE_CURVE ( 'NONE', #5, #484, #2677, .T. ) ;
#3358 = ORIENTED_EDGE ( 'NONE', *, *, #620, .F. ) ;
#3359 = AXIS2_PLACEMENT_3D ( 'NONE', #2487, #550, #2883 ) ;
#3360 = FACE_OUTER_BOUND ( 'NONE', #236, .T. ) ;
#3361 = STYLED_ITEM ( 'NONE', ( #1869 ), #3930 ) ;
#3362 = SURFACE_STYLE_USAGE ( .BOTH. , #3978 ) ;
#3363 = AXIS2_PLACEMENT_3D ( 'NONE', #3240, #2898, #878 ) ;
#3364 = SURFACE_STYLE_USAGE ( .BOTH. , #1961 ) ;
#3365 = SURFACE_STYLE_USAGE ( .BOTH. , #722 ) ;
#3366 = EDGE_CURVE ( 'NONE', #2041, #2018, #2649, .T. ) ;
#3367 = ORIENTED_EDGE ( 'NONE', *, *, #1652, .T. ) ;
#3368 = CLOSED_SHELL ( 'NONE', ( #1196, #3025, #2495, #303, #3162, #3320 ) ) ;
#3369 = CARTESIAN_POINT ( 'NONE',  ( -0.7099999999999994094, 0.000000000000000000, -0.4999999999999998890 ) ) ;
#3370 = SURFACE_STYLE_USAGE ( .BOTH. , #3017 ) ;
#3371 = DIRECTION ( 'NONE',  ( -7.228014483236698528E-16, 0.000000000000000000, 1.000000000000000000 ) ) ;
#3372 = ORIENTED_EDGE ( 'NONE', *, *, #1903, .F. ) ;
#3373 = VECTOR ( 'NONE', #221, 1000.000000000000000 ) ;
#3374 = FILL_AREA_STYLE_COLOUR ( '', #1026 ) ;
#3375 = ORIENTED_EDGE ( 'NONE', *, *, #2265, .F. ) ;
#3376 = LINE ( 'NONE', #973, #3285 ) ;
#3377 = EDGE_CURVE ( 'NONE', #640, #760, #2953, .T. ) ;
#3378 = EDGE_LOOP ( 'NONE', ( #1353, #3863, #2641, #2402 ) ) ;
#3379 = CARTESIAN_POINT ( 'NONE',  ( 0.2800000000000008593, 0.9399999999999999467, 0.4999999999999998890 ) ) ;
#3380 = CARTESIAN_POINT ( 'NONE',  ( -0.7099999999999994094, 0.000000000000000000, 0.7999999999999999334 ) ) ;
#3381 =( LENGTH_UNIT ( ) NAMED_UNIT ( * ) SI_UNIT ( .MILLI., .METRE. ) );
#3382 = PLANE ( 'NONE',  #954 ) ;
#3383 = LINE ( 'NONE', #1401, #1925 ) ;
#3384 = LINE ( 'NONE', #3102, #1646 ) ;
#3385 = CARTESIAN_POINT ( 'NONE',  ( 1.600000000000000977, 0.9399999999999999467, 0.2550000000000000044 ) ) ;
#3386 = EDGE_LOOP ( 'NONE', ( #3461, #3995, #2210, #890 ) ) ;
#3387 = LINE ( 'NONE', #987, #2987 ) ;
#3388 = ADVANCED_FACE ( 'NONE', ( #624 ), #4243, .F. ) ;
#3389 = ORIENTED_EDGE ( 'NONE', *, *, #374, .T. ) ;
#3390 = UNCERTAINTY_MEASURE_WITH_UNIT (LENGTH_MEASURE( 1.000000000000000082E-05 ), #1033, 'distance_accuracy_value', 'NONE');
#3391 = DIRECTION ( 'NONE',  ( -0.000000000000000000, 1.000000000000000000, -0.000000000000000000 ) ) ;
#3392 = SURFACE_SIDE_STYLE ('',( #4038 ) ) ;
#3393 = EDGE_CURVE ( 'NONE', #5, #1828, #1070, .T. ) ;
#3394 = EDGE_LOOP ( 'NONE', ( #869, #1898, #1453, #3946 ) ) ;
#3395 = CARTESIAN_POINT ( 'NONE',  ( 1.600000000000001199, 0.000000000000000000, -0.8000000000000001554 ) ) ;
#3396 = EDGE_LOOP ( 'NONE', ( #3711, #2723, #1478, #2959 ) ) ;
#3397 = DIRECTION ( 'NONE',  ( -0.000000000000000000, -0.000000000000000000, -1.000000000000000000 ) ) ;
#3398 = STYLED_ITEM ( 'NONE', ( #3649 ), #1134 ) ;
#3399 = EDGE_CURVE ( 'NONE', #491, #143, #4068, .T. ) ;
#3400 = CARTESIAN_POINT ( 'NONE',  ( 0.7100000000000009637, 0.000000000000000000, 0.5000000000000000000 ) ) ;
#3401 = CARTESIAN_POINT ( 'NONE',  ( -1.599999999999999423, 0.9399999999999999467, -0.8000000000000001554 ) ) ;
#3402 = SURFACE_STYLE_FILL_AREA ( #1147 ) ;
#3403 = LINE ( 'NONE', #3449, #175 ) ;
#3404 =( GEOMETRIC_REPRESENTATION_CONTEXT ( 3 ) GLOBAL_UNCERTAINTY_ASSIGNED_CONTEXT ( ( #206 ) ) GLOBAL_UNIT_ASSIGNED_CONTEXT ( ( #1162, #4082, #1881 ) ) REPRESENTATION_CONTEXT ( 'NONE', 'WORKASPACE' ) );
#3405 =( NAMED_UNIT ( * ) PLANE_ANGLE_UNIT ( ) SI_UNIT ( $, .RADIAN. ) );
#3406 = CARTESIAN_POINT ( 'NONE',  ( 1.168823215986490194, 0.9399999999999999467, -0.2800000000000000266 ) ) ;
#3407 = CARTESIAN_POINT ( 'NONE',  ( 0.2800000000000008593, -4.000000000000000000, -0.4999999999999998890 ) ) ;
#3408 = ORIENTED_EDGE ( 'NONE', *, *, #2579, .T. ) ;
#3409 = DIRECTION ( 'NONE',  ( 1.000000000000000000, 0.000000000000000000, 0.000000000000000000 ) ) ;
#3410 = ADVANCED_FACE ( 'NONE', ( #2365 ), #716, .T. ) ;
#3411 = PRESENTATION_LAYER_ASSIGNMENT (  '', '', ( #3135 ) ) ;
#3412 = DIRECTION ( 'NONE',  ( -1.000000000000000000, 0.000000000000000000, -0.000000000000000000 ) ) ;
#3413 = ORIENTED_EDGE ( 'NONE', *, *, #346, .T. ) ;
#3414 = VECTOR ( 'NONE', #2007, 1000.000000000000000 ) ;
#3415 = FILL_AREA_STYLE ('',( #822 ) ) ;
#3416 = VECTOR ( 'NONE', #2784, 1000.000000000000000 ) ;
#3417 = ORIENTED_EDGE ( 'NONE', *, *, #2392, .T. ) ;
#3418 = PRESENTATION_STYLE_ASSIGNMENT (( #2112 ) ) ;
#3419 = PRESENTATION_LAYER_ASSIGNMENT (  '', '', ( #1354 ) ) ;
#3420 = MECHANICAL_DESIGN_GEOMETRIC_PRESENTATION_REPRESENTATION (  '', ( #1781 ), #1970 ) ;
#3421 = ADVANCED_FACE ( 'NONE', ( #2024 ), #1777, .T. ) ;
#3422 = ORIENTED_EDGE ( 'NONE', *, *, #70, .F. ) ;
#3423 = LINE ( 'NONE', #3704, #114 ) ;
#3424 =( GEOMETRIC_REPRESENTATION_CONTEXT ( 3 ) GLOBAL_UNCERTAINTY_ASSIGNED_CONTEXT ( ( #1225 ) ) GLOBAL_UNIT_ASSIGNED_CONTEXT ( ( #1546, #875, #2139 ) ) REPRESENTATION_CONTEXT ( 'NONE', 'WORKASPACE' ) );
#3425 = CARTESIAN_POINT ( 'NONE',  ( -1.600000000000000977, 0.9399999999999999467, -0.2550000000000000044 ) ) ;
#3426 = STYLED_ITEM ( 'NONE', ( #1229 ), #2888 ) ;
#3427 = FACE_OUTER_BOUND ( 'NONE', #2540, .T. ) ;
#3428 =( GEOMETRIC_REPRESENTATION_CONTEXT ( 3 ) GLOBAL_UNCERTAINTY_ASSIGNED_CONTEXT ( ( #227 ) ) GLOBAL_UNIT_ASSIGNED_CONTEXT ( ( #2462, #486, #547 ) ) REPRESENTATION_CONTEXT ( 'NONE', 'WORKASPACE' ) );
#3429 = DIRECTION ( 'NONE',  ( 0.000000000000000000, 0.000000000000000000, 1.000000000000000000 ) ) ;
#3430 = DIRECTION ( 'NONE',  ( -1.936075308009828924E-16, 0.000000000000000000, 1.000000000000000000 ) ) ;
#3431 =( GEOMETRIC_REPRESENTATION_CONTEXT ( 3 ) GLOBAL_UNCERTAINTY_ASSIGNED_CONTEXT ( ( #3845 ) ) GLOBAL_UNIT_ASSIGNED_CONTEXT ( ( #692, #2698, #2967 ) ) REPRESENTATION_CONTEXT ( 'NONE', 'WORKASPACE' ) );
#3432 = ORIENTED_EDGE ( 'NONE', *, *, #962, .T. ) ;
#3433 = VECTOR ( 'NONE', #623, 1000.000000000000000 ) ;
#3434 = ORIENTED_EDGE ( 'NONE', *, *, #633, .F. ) ;
#3435 = CARTESIAN_POINT ( 'NONE',  ( -1.269999999999999352, 0.000000000000000000, -0.5000000000000000000 ) ) ;
#3436 = LINE ( 'NONE', #2102, #385 ) ;
#3437 = LINE ( 'NONE', #2150, #576 ) ;
#3438 = COLOUR_RGB ( '',1.000000000000000000, 1.000000000000000000, 1.000000000000000000 ) ;
#3439 = SURFACE_STYLE_FILL_AREA ( #2817 ) ;
#3440 = CARTESIAN_POINT ( 'NONE',  ( -0.2799999999999990274, 0.000000000000000000, -0.7999999999999999334 ) ) ;
#3441 = DIRECTION ( 'NONE',  ( -1.000000000000000000, -0.000000000000000000, -0.000000000000000000 ) ) ;
#3442 = VERTEX_POINT ( 'NONE', #4091 ) ;
#3443 = EDGE_LOOP ( 'NONE', ( #2432, #207, #2880, #1022 ) ) ;
#3444 = VECTOR ( 'NONE', #515, 1000.000000000000000 ) ;
#3445 = FILL_AREA_STYLE_COLOUR ( '', #218 ) ;
#3446 = ADVANCED_FACE ( 'NONE', ( #3427 ), #3070, .F. ) ;
#3447 = DIRECTION ( 'NONE',  ( 1.000000000000000000, 0.000000000000000000, 0.000000000000000000 ) ) ;
#3448 = DIRECTION ( 'NONE',  ( 7.228014483236698528E-16, -0.000000000000000000, 1.000000000000000000 ) ) ;
#3449 = CARTESIAN_POINT ( 'NONE',  ( -0.2799999999999990274, 0.9399999999999999467, -0.7999999999999999334 ) ) ;
#3450 = VECTOR ( 'NONE', #1940, 1000.000000000000000 ) ;
#3451 = VERTEX_POINT ( 'NONE', #2475 ) ;
#3452 = FILL_AREA_STYLE_COLOUR ( '', #861 ) ;
#3453 = CARTESIAN_POINT ( 'NONE',  ( 0.1388232159864901949, 0.8399999999999999689, 0.2800000000000000266 ) ) ;
#3454 = ORIENTED_EDGE ( 'NONE', *, *, #2828, .T. ) ;
#3455 = CARTESIAN_POINT ( 'NONE',  ( -0.7099999999999994094, 0.9399999999999999467, -0.7999999999999999334 ) ) ;
#3456 = CARTESIAN_POINT ( 'NONE',  ( 1.168823215986490194, 0.8399999999999999689, -0.2800000000000000266 ) ) ;
#3457 =( LENGTH_UNIT ( ) NAMED_UNIT ( * ) SI_UNIT ( .MILLI., .METRE. ) );
#3458 = ADVANCED_FACE ( 'NONE', ( #2897 ), #3492, .F. ) ;
#3459 = EDGE_LOOP ( 'NONE', ( #3647, #2491, #1751, #108 ) ) ;
#3460 = ORIENTED_EDGE ( 'NONE', *, *, #19, .F. ) ;
#3461 = ORIENTED_EDGE ( 'NONE', *, *, #1014, .T. ) ;
#3462 = CARTESIAN_POINT ( 'NONE',  ( 9.680376540049147084E-17, 0.000000000000000000, 0.5000000000000000000 ) ) ;
#3463 = LINE ( 'NONE', #3140, #1251 ) ;
#3464 = SURFACE_STYLE_FILL_AREA ( #377 ) ;
#3465 = FACE_OUTER_BOUND ( 'NONE', #3530, .T. ) ;
#3466 =( NAMED_UNIT ( * ) PLANE_ANGLE_UNIT ( ) SI_UNIT ( $, .RADIAN. ) );
#3467 = ORIENTED_EDGE ( 'NONE', *, *, #3923, .T. ) ;
#3468 = FILL_AREA_STYLE_COLOUR ( '', #2596 ) ;
#3469 = SURFACE_SIDE_STYLE ('',( #3784 ) ) ;
#3470 =( GEOMETRIC_REPRESENTATION_CONTEXT ( 3 ) GLOBAL_UNCERTAINTY_ASSIGNED_CONTEXT ( ( #4139 ) ) GLOBAL_UNIT_ASSIGNED_CONTEXT ( ( #1502, #1554, #1536 ) ) REPRESENTATION_CONTEXT ( 'NONE', 'WORKASPACE' ) );
#3471 = ORIENTED_EDGE ( 'NONE', *, *, #2657, .T. ) ;
#3472 = ADVANCED_FACE ( 'NONE', ( #3465 ), #4140, .F. ) ;
#3473 = SURFACE_SIDE_STYLE ('',( #442 ) ) ;
#3474 = PLANE ( 'NONE',  #4251 ) ;
#3475 = LINE ( 'NONE', #507, #2104 ) ;
#3476 = SURFACE_STYLE_USAGE ( .BOTH. , #1537 ) ;
#3477 = STYLED_ITEM ( 'NONE', ( #2391 ), #1377 ) ;
#3478 = UNCERTAINTY_MEASURE_WITH_UNIT (LENGTH_MEASURE( 1.000000000000000082E-05 ), #3540, 'distance_accuracy_value', 'NONE');
#3479 = CARTESIAN_POINT ( 'NONE',  ( 0.000000000000000000, 0.9399999999999999467, 0.000000000000000000 ) ) ;
#3480 =( GEOMETRIC_REPRESENTATION_CONTEXT ( 3 ) GLOBAL_UNCERTAINTY_ASSIGNED_CONTEXT ( ( #1098 ) ) GLOBAL_UNIT_ASSIGNED_CONTEXT ( ( #3888, #3718, #46 ) ) REPRESENTATION_CONTEXT ( 'NONE', 'WORKASPACE' ) );
#3481 = VERTEX_POINT ( 'NONE', #3537 ) ;
#3482 = ADVANCED_FACE ( 'NONE', ( #4184 ), #3651, .T. ) ;
#3483 = FILL_AREA_STYLE_COLOUR ( '', #2442 ) ;
#3484 = ORIENTED_EDGE ( 'NONE', *, *, #2108, .T. ) ;
#3485 = ORIENTED_EDGE ( 'NONE', *, *, #3991, .T. ) ;
#3486 = VECTOR ( 'NONE', #1909, 1000.000000000000000 ) ;
#3487 =( NAMED_UNIT ( * ) SI_UNIT ( $, .STERADIAN. ) SOLID_ANGLE_UNIT ( ) );
#3488 = DIRECTION ( 'NONE',  ( -1.000000000000000000, 0.000000000000000000, -0.000000000000000000 ) ) ;
#3489 =( GEOMETRIC_REPRESENTATION_CONTEXT ( 3 ) GLOBAL_UNCERTAINTY_ASSIGNED_CONTEXT ( ( #2063 ) ) GLOBAL_UNIT_ASSIGNED_CONTEXT ( ( #3301, #1285, #341 ) ) REPRESENTATION_CONTEXT ( 'NONE', 'WORKASPACE' ) );
#3490 = CARTESIAN_POINT ( 'NONE',  ( 1.270000000000001128, 0.000000000000000000, -0.4999999999999998890 ) ) ;
#3491 = UNCERTAINTY_MEASURE_WITH_UNIT (LENGTH_MEASURE( 1.000000000000000082E-05 ), #3676, 'distance_accuracy_value', 'NONE');
#3492 = PLANE ( 'NONE',  #800 ) ;
#3493 = EDGE_CURVE ( 'NONE', #2460, #2885, #3436, .T. ) ;
#3494 = MECHANICAL_DESIGN_GEOMETRIC_PRESENTATION_REPRESENTATION (  '', ( #2319 ), #647 ) ;
#3495 = VECTOR ( 'NONE', #2520, 1000.000000000000000 ) ;
#3496 = CARTESIAN_POINT ( 'NONE',  ( -1.600000000000000977, -4.000000000000000000, 0.2550000000000000044 ) ) ;
#3497 = CARTESIAN_POINT ( 'NONE',  ( -0.7099999999999994094, 0.000000000000000000, -0.4999999999999998890 ) ) ;
#3498 = VERTEX_POINT ( 'NONE', #3965 ) ;
#3499 = STYLED_ITEM ( 'NONE', ( #3119 ), #3472 ) ;
#3500 = CARTESIAN_POINT ( 'NONE',  ( 0.7100000000000009637, 0.000000000000000000, -0.5000000000000000000 ) ) ;
#3501 = VECTOR ( 'NONE', #2067, 1000.000000000000000 ) ;
#3502 = EDGE_LOOP ( 'NONE', ( #678, #1333, #2406, #362 ) ) ;
#3503 = LINE ( 'NONE', #3108, #1988 ) ;
#3504 = SURFACE_STYLE_FILL_AREA ( #2244 ) ;
#3505 = AXIS2_PLACEMENT_3D ( 'NONE', #339, #1677, #2284 ) ;
#3506 =( NAMED_UNIT ( * ) SI_UNIT ( $, .STERADIAN. ) SOLID_ANGLE_UNIT ( ) );
#3507 = DIRECTION ( 'NONE',  ( 0.000000000000000000, 1.000000000000000000, 0.000000000000000000 ) ) ;
#3508 = CARTESIAN_POINT ( 'NONE',  ( -1.300000000000000933, 0.000000000000000000, -0.2550000000000000044 ) ) ;
#3509 = EDGE_CURVE ( 'NONE', #972, #838, #2149, .T. ) ;
#3510 = MECHANICAL_DESIGN_GEOMETRIC_PRESENTATION_REPRESENTATION (  '', ( #2264 ), #48 ) ;
#3511 = ORIENTED_EDGE ( 'NONE', *, *, #3535, .T. ) ;
#3512 = UNCERTAINTY_MEASURE_WITH_UNIT (LENGTH_MEASURE( 1.000000000000000082E-05 ), #4228, 'distance_accuracy_value', 'NONE');
#3513 = CARTESIAN_POINT ( 'NONE',  ( -1.269999999999999130, 0.000000000000000000, 0.7999999999999999334 ) ) ;
#3514 = PRESENTATION_LAYER_ASSIGNMENT (  '', '', ( #2264 ) ) ;
#3515 = FACE_OUTER_BOUND ( 'NONE', #2773, .T. ) ;
#3516 = ORIENTED_EDGE ( 'NONE', *, *, #650, .F. ) ;
#3517 = DIRECTION ( 'NONE',  ( 1.000000000000000000, 0.000000000000000000, -0.000000000000000000 ) ) ;
#3518 =( NAMED_UNIT ( * ) PLANE_ANGLE_UNIT ( ) SI_UNIT ( $, .RADIAN. ) );
#3519 = CARTESIAN_POINT ( 'NONE',  ( 1.168823215986490194, 0.9399999999999999467, -0.2800000000000000266 ) ) ;
#3520 = EDGE_CURVE ( 'NONE', #3777, #831, #4124, .T. ) ;
#3521 = LINE ( 'NONE', #3496, #3230 ) ;
#3522 = LINE ( 'NONE', #540, #4176 ) ;
#3523 = EDGE_LOOP ( 'NONE', ( #1393, #191, #1326, #301 ) ) ;
#3524 = ORIENTED_EDGE ( 'NONE', *, *, #4123, .F. ) ;
#3525 = LINE ( 'NONE', #626, #893 ) ;
#3526 =( LENGTH_UNIT ( ) NAMED_UNIT ( * ) SI_UNIT ( .MILLI., .METRE. ) );
#3527 = CARTESIAN_POINT ( 'NONE',  ( 0.2800000000000008593, 0.9399999999999999467, 0.7999999999999999334 ) ) ;
#3528 = CARTESIAN_POINT ( 'NONE',  ( 0.7100000000000011857, 0.000000000000000000, 0.7999999999999999334 ) ) ;
#3529 = PLANE ( 'NONE',  #3359 ) ;
#3530 = EDGE_LOOP ( 'NONE', ( #2516, #267, #475, #2802 ) ) ;
#3531 =( NAMED_UNIT ( * ) SI_UNIT ( $, .STERADIAN. ) SOLID_ANGLE_UNIT ( ) );
#3532 = FACE_OUTER_BOUND ( 'NONE', #1847, .T. ) ;
#3533 = EDGE_LOOP ( 'NONE', ( #2490, #607, #2502, #541 ) ) ;
#3534 = VERTEX_POINT ( 'NONE', #1830 ) ;
#3535 = EDGE_CURVE ( 'NONE', #1645, #2931, #1484, .T. ) ;
#3536 = PLANE ( 'NONE',  #1142 ) ;
#3537 = CARTESIAN_POINT ( 'NONE',  ( 1.168823215986490194, 0.9399999999999999467, -0.2800000000000000266 ) ) ;
#3538 = SURFACE_STYLE_FILL_AREA ( #213 ) ;
#3539 = EDGE_CURVE ( 'NONE', #67, #1267, #3130, .T. ) ;
#3540 =( LENGTH_UNIT ( ) NAMED_UNIT ( * ) SI_UNIT ( .MILLI., .METRE. ) );
#3541 = CARTESIAN_POINT ( 'NONE',  ( -1.300000000000000933, -4.000000000000000000, 0.2550000000000000044 ) ) ;
#3542 = ORIENTED_EDGE ( 'NONE', *, *, #2828, .F. ) ;
#3543 = SURFACE_STYLE_FILL_AREA ( #855 ) ;
#3544 = SURFACE_STYLE_USAGE ( .BOTH. , #264 ) ;
#3545 = DIRECTION ( 'NONE',  ( 7.228014483236698528E-16, 0.000000000000000000, 1.000000000000000000 ) ) ;
#3546 = ORIENTED_EDGE ( 'NONE', *, *, #639, .F. ) ;
#3547 = VECTOR ( 'NONE', #1101, 1000.000000000000000 ) ;
#3548 = UNCERTAINTY_MEASURE_WITH_UNIT (LENGTH_MEASURE( 1.000000000000000082E-05 ), #3560, 'distance_accuracy_value', 'NONE');
#3549 = CARTESIAN_POINT ( 'NONE',  ( 0.1388232159864901949, 0.9399999999999999467, -0.2800000000000000266 ) ) ;
#3550 = FILL_AREA_STYLE_COLOUR ( '', #873 ) ;
#3551 = ORIENTED_EDGE ( 'NONE', *, *, #1590, .T. ) ;
#3552 = PRESENTATION_LAYER_ASSIGNMENT (  '', '', ( #3335 ) ) ;
#3553 = VERTEX_POINT ( 'NONE', #3324 ) ;
#3554 = FILL_AREA_STYLE_COLOUR ( '', #2982 ) ;
#3555 = ADVANCED_FACE ( 'NONE', ( #682 ), #3474, .F. ) ;
#3556 = CARTESIAN_POINT ( 'NONE',  ( 0.000000000000000000, 0.9399999999999999467, 0.000000000000000000 ) ) ;
#3557 = SURFACE_STYLE_FILL_AREA ( #1597 ) ;
#3558 = COLOUR_RGB ( '',0.7921568627450980005, 0.8196078431372548767, 0.9333333333333333481 ) ;
#3559 = ORIENTED_EDGE ( 'NONE', *, *, #3712, .T. ) ;
#3560 =( LENGTH_UNIT ( ) NAMED_UNIT ( * ) SI_UNIT ( .MILLI., .METRE. ) );
#3561 =( LENGTH_UNIT ( ) NAMED_UNIT ( * ) SI_UNIT ( .MILLI., .METRE. ) );
#3562 =( NAMED_UNIT ( * ) PLANE_ANGLE_UNIT ( ) SI_UNIT ( $, .RADIAN. ) );
#3563 = LINE ( 'NONE', #3528, #3949 ) ;
#3564 = AXIS2_PLACEMENT_3D ( 'NONE', #2966, #317, #1945 ) ;
#3565 = MECHANICAL_DESIGN_GEOMETRIC_PRESENTATION_REPRESENTATION (  '', ( #2458 ), #796 ) ;
#3566 = UNCERTAINTY_MEASURE_WITH_UNIT (LENGTH_MEASURE( 1.000000000000000082E-05 ), #2575, 'distance_accuracy_value', 'NONE');
#3567 = VERTEX_POINT ( 'NONE', #1811 ) ;
#3568 = LINE ( 'NONE', #3846, #1769 ) ;
#3569 = COLOUR_RGB ( '',1.000000000000000000, 1.000000000000000000, 1.000000000000000000 ) ;
#3570 =( LENGTH_UNIT ( ) NAMED_UNIT ( * ) SI_UNIT ( .MILLI., .METRE. ) );
#3571 = ORIENTED_EDGE ( 'NONE', *, *, #2050, .T. ) ;
#3572 = CARTESIAN_POINT ( 'NONE',  ( -1.269999999999999130, 0.000000000000000000, -0.7999999999999999334 ) ) ;
#3573 = LINE ( 'NONE', #3890, #4216 ) ;
#3574 = COLOUR_RGB ( '',0.7529411764705882248, 0.7529411764705882248, 0.7529411764705882248 ) ;
#3575 = VECTOR ( 'NONE', #2433, 1000.000000000000000 ) ;
#3576 = SURFACE_SIDE_STYLE ('',( #3855 ) ) ;
#3577 = ADVANCED_BREP_SHAPE_REPRESENTATION ( 'BFCN-5100+', ( #2563, #1004, #2428, #2467, #2548, #2584, #2449, #3859, #2423, #1134, #118 ), #3637 ) ;
#3578 = CARTESIAN_POINT ( 'NONE',  ( -1.269999999999999130, 0.000000000000000000, 0.7999999999999999334 ) ) ;
#3579 = ADVANCED_FACE ( 'NONE', ( #4101 ), #3082, .T. ) ;
#3580 = CARTESIAN_POINT ( 'NONE',  ( 0.2800000000000008593, 0.000000000000000000, 0.7999999999999999334 ) ) ;
#3581 = SURFACE_STYLE_USAGE ( .BOTH. , #1599 ) ;
#3582 = CLOSED_SHELL ( 'NONE', ( #876, #3421, #289, #2711, #1802, #614 ) ) ;
#3583 = LINE ( 'NONE', #1634, #1433 ) ;
#3584 =( NAMED_UNIT ( * ) PLANE_ANGLE_UNIT ( ) SI_UNIT ( $, .RADIAN. ) );
#3585 = SURFACE_SIDE_STYLE ('',( #1932 ) ) ;
#3586 = PRESENTATION_STYLE_ASSIGNMENT (( #270 ) ) ;
#3587 = DIRECTION ( 'NONE',  ( 0.000000000000000000, 0.000000000000000000, 1.000000000000000000 ) ) ;
#3588 = VERTEX_POINT ( 'NONE', #241 ) ;
#3589 = EDGE_LOOP ( 'NONE', ( #3040, #2156, #3389, #4165 ) ) ;
#3590 = DIRECTION ( 'NONE',  ( -1.000000000000000000, 0.000000000000000000, -0.000000000000000000 ) ) ;
#3591 = PLANE ( 'NONE',  #2119 ) ;
#3592 =( LENGTH_UNIT ( ) NAMED_UNIT ( * ) SI_UNIT ( .MILLI., .METRE. ) );
#3593 = FACE_OUTER_BOUND ( 'NONE', #1539, .T. ) ;
#3594 =( NAMED_UNIT ( * ) PLANE_ANGLE_UNIT ( ) SI_UNIT ( $, .RADIAN. ) );
#3595 = AXIS2_PLACEMENT_3D ( 'NONE', #936, #2259, #609 ) ;
#3596 = CARTESIAN_POINT ( 'NONE',  ( -1.599999999999999423, 0.9399999999999999467, 0.7999999999999999334 ) ) ;
#3597 = PRESENTATION_STYLE_ASSIGNMENT (( #1740 ) ) ;
#3598 = PRESENTATION_STYLE_ASSIGNMENT (( #1638 ) ) ;
#3599 = LINE ( 'NONE', #2656, #1778 ) ;
#3600 = EDGE_CURVE ( 'NONE', #3791, #4187, #297, .T. ) ;
#3601 = DIRECTION ( 'NONE',  ( -0.000000000000000000, 1.000000000000000000, -0.000000000000000000 ) ) ;
#3602 = VECTOR ( 'NONE', #1464, 1000.000000000000000 ) ;
#3603 = ORIENTED_EDGE ( 'NONE', *, *, #3493, .T. ) ;
#3604 = MECHANICAL_DESIGN_GEOMETRIC_PRESENTATION_REPRESENTATION (  '', ( #238 ), #3470 ) ;
#3605 = ORIENTED_EDGE ( 'NONE', *, *, #1652, .F. ) ;
#3606 = VECTOR ( 'NONE', #1203, 1000.000000000000000 ) ;
#3607 = FILL_AREA_STYLE_COLOUR ( '', #726 ) ;
#3608 = ORIENTED_EDGE ( 'NONE', *, *, #2065, .F. ) ;
#3609 = MECHANICAL_DESIGN_GEOMETRIC_PRESENTATION_REPRESENTATION (  '', ( #2176 ), #2589 ) ;
#3610 = CARTESIAN_POINT ( 'NONE',  ( -1.599999999999999423, 0.9399999999999999467, -0.8000000000000001554 ) ) ;
#3611 = FILL_AREA_STYLE_COLOUR ( '', #3558 ) ;
#3612 = FACE_BOUND ( 'NONE', #2833, .T. ) ;
#3613 = ADVANCED_FACE ( 'NONE', ( #885 ), #3259, .T. ) ;
#3614 = COLOUR_RGB ( '',0.7529411764705882248, 0.7529411764705882248, 0.7529411764705882248 ) ;
#3615 = SURFACE_STYLE_USAGE ( .BOTH. , #2266 ) ;
#3616 = CARTESIAN_POINT ( 'NONE',  ( -0.7099999999999994094, 0.000000000000000000, -0.4999999999999998890 ) ) ;
#3617 = VECTOR ( 'NONE', #258, 1000.000000000000000 ) ;
#3618 =( NAMED_UNIT ( * ) SI_UNIT ( $, .STERADIAN. ) SOLID_ANGLE_UNIT ( ) );
#3619 = DIRECTION ( 'NONE',  ( 0.000000000000000000, -0.000000000000000000, 1.000000000000000000 ) ) ;
#3620 = AXIS2_PLACEMENT_3D ( 'NONE', #358, #3935, #1367 ) ;
#3621 = PLANE ( 'NONE',  #2937 ) ;
#3622 = MECHANICAL_DESIGN_GEOMETRIC_PRESENTATION_REPRESENTATION (  '', ( #2252 ), #1850 ) ;
#3623 = ORIENTED_EDGE ( 'NONE', *, *, #1541, .T. ) ;
#3624 = AXIS2_PLACEMENT_3D ( 'NONE', #1998, #1688, #3327 ) ;
#3625 =( LENGTH_UNIT ( ) NAMED_UNIT ( * ) SI_UNIT ( .MILLI., .METRE. ) );
#3626 = FACE_OUTER_BOUND ( 'NONE', #2761, .T. ) ;
#3627 = EDGE_CURVE ( 'NONE', #903, #684, #1908, .T. ) ;
#3628 = SURFACE_STYLE_USAGE ( .BOTH. , #3019 ) ;
#3629 = VECTOR ( 'NONE', #3221, 1000.000000000000000 ) ;
#3630 = COLOUR_RGB ( '',0.7529411764705882248, 0.7529411764705882248, 0.7529411764705882248 ) ;
#3631 = PRESENTATION_STYLE_ASSIGNMENT (( #2944 ) ) ;
#3632 = STYLED_ITEM ( 'NONE', ( #433 ), #3859 ) ;
#3633 = ORIENTED_EDGE ( 'NONE', *, *, #531, .F. ) ;
#3634 =( LENGTH_UNIT ( ) NAMED_UNIT ( * ) SI_UNIT ( .MILLI., .METRE. ) );
#3635 = ORIENTED_EDGE ( 'NONE', *, *, #930, .T. ) ;
#3636 = COLOUR_RGB ( '',0.7529411764705882248, 0.7529411764705882248, 0.7529411764705882248 ) ;
#3637 =( GEOMETRIC_REPRESENTATION_CONTEXT ( 3 ) GLOBAL_UNCERTAINTY_ASSIGNED_CONTEXT ( ( #2214 ) ) GLOBAL_UNIT_ASSIGNED_CONTEXT ( ( #2236, #1170, #1190 ) ) REPRESENTATION_CONTEXT ( 'NONE', 'WORKASPACE' ) );
#3638 = CARTESIAN_POINT ( 'NONE',  ( -0.2799999999999990274, -4.000000000000000000, -0.7999999999999999334 ) ) ;
#3639 = CARTESIAN_POINT ( 'NONE',  ( 0.000000000000000000, 0.8399999999999999689, 0.000000000000000000 ) ) ;
#3640 = SURFACE_STYLE_FILL_AREA ( #2301 ) ;
#3641 = LINE ( 'NONE', #2651, #2608 ) ;
#3642 = FILL_AREA_STYLE ('',( #2052 ) ) ;
#3643 = PLANE ( 'NONE',  #2179 ) ;
#3644 = UNCERTAINTY_MEASURE_WITH_UNIT (LENGTH_MEASURE( 1.000000000000000082E-05 ), #1030, 'distance_accuracy_value', 'NONE');
#3645 = DIRECTION ( 'NONE',  ( -0.000000000000000000, 1.000000000000000000, -0.000000000000000000 ) ) ;
#3646 = CLOSED_SHELL ( 'NONE', ( #474, #984, #295, #3579, #3458, #1999 ) ) ;
#3647 = ORIENTED_EDGE ( 'NONE', *, *, #89, .F. ) ;
#3648 = DIRECTION ( 'NONE',  ( 7.228014483236698528E-16, 0.000000000000000000, 1.000000000000000000 ) ) ;
#3649 = PRESENTATION_STYLE_ASSIGNMENT (( #3370 ) ) ;
#3650 = FACE_OUTER_BOUND ( 'NONE', #3091, .T. ) ;
#3651 = PLANE ( 'NONE',  #1304 ) ;
#3652 = PLANE ( 'NONE',  #1569 ) ;
#3653 = ORIENTED_EDGE ( 'NONE', *, *, #864, .T. ) ;
#3654 = LINE ( 'NONE', #735, #3501 ) ;
#3655 = EDGE_CURVE ( 'NONE', #3553, #738, #1605, .T. ) ;
#3656 = EDGE_LOOP ( 'NONE', ( #2670, #563, #2906, #1488 ) ) ;
#3657 = DIRECTION ( 'NONE',  ( 1.000000000000000000, 0.000000000000000000, 1.936075308009829170E-16 ) ) ;
#3658 = DIRECTION ( 'NONE',  ( -0.000000000000000000, 1.000000000000000000, -0.000000000000000000 ) ) ;
#3659 = CARTESIAN_POINT ( 'NONE',  ( 0.000000000000000000, 0.000000000000000000, 0.000000000000000000 ) ) ;
#3660 = ADVANCED_FACE ( 'NONE', ( #2270 ), #3197, .F. ) ;
#3661 = PLANE ( 'NONE',  #2860 ) ;
#3662 =( LENGTH_UNIT ( ) NAMED_UNIT ( * ) SI_UNIT ( .MILLI., .METRE. ) );
#3663 = SURFACE_STYLE_FILL_AREA ( #819 ) ;
#3664 = DIRECTION ( 'NONE',  ( -1.000000000000000000, 0.000000000000000000, 0.000000000000000000 ) ) ;
#3665 = VERTEX_POINT ( 'NONE', #1027 ) ;
#3666 = DIRECTION ( 'NONE',  ( -1.936075308009828431E-16, 0.000000000000000000, -1.000000000000000000 ) ) ;
#3667 = CARTESIAN_POINT ( 'NONE',  ( -1.599999999999999423, 0.000000000000000000, -0.8000000000000001554 ) ) ;
#3668 = EDGE_CURVE ( 'NONE', #2686, #2292, #1658, .T. ) ;
#3669 = ORIENTED_EDGE ( 'NONE', *, *, #1571, .T. ) ;
#3670 =( NAMED_UNIT ( * ) SI_UNIT ( $, .STERADIAN. ) SOLID_ANGLE_UNIT ( ) );
#3671 =( NAMED_UNIT ( * ) SI_UNIT ( $, .STERADIAN. ) SOLID_ANGLE_UNIT ( ) );
#3672 = DIRECTION ( 'NONE',  ( 0.000000000000000000, 1.000000000000000000, -0.000000000000000000 ) ) ;
#3673 = ORIENTED_EDGE ( 'NONE', *, *, #2160, .F. ) ;
#3674 =( NAMED_UNIT ( * ) SI_UNIT ( $, .STERADIAN. ) SOLID_ANGLE_UNIT ( ) );
#3675 = VERTEX_POINT ( 'NONE', #33 ) ;
#3676 =( LENGTH_UNIT ( ) NAMED_UNIT ( * ) SI_UNIT ( .MILLI., .METRE. ) );
#3677 = FILL_AREA_STYLE_COLOUR ( '', #3060 ) ;
#3678 = EDGE_CURVE ( 'NONE', #484, #2472, #1306, .T. ) ;
#3679 = CARTESIAN_POINT ( 'NONE',  ( -1.300000000000000933, -4.000000000000000000, -0.2550000000000000044 ) ) ;
#3680 = SURFACE_STYLE_FILL_AREA ( #4020 ) ;
#3681 = MECHANICAL_DESIGN_GEOMETRIC_PRESENTATION_REPRESENTATION (  '', ( #632 ), #3404 ) ;
#3682 = CARTESIAN_POINT ( 'NONE',  ( 1.300000000000000933, 0.000000000000000000, 0.2550000000000000044 ) ) ;
#3683 = SURFACE_STYLE_USAGE ( .BOTH. , #2005 ) ;
#3684 = CARTESIAN_POINT ( 'NONE',  ( 1.270000000000001128, 0.9399999999999999467, 0.7999999999999999334 ) ) ;
#3685 = CARTESIAN_POINT ( 'NONE',  ( 1.270000000000001128, 0.9399999999999999467, 0.4999999999999998890 ) ) ;
#3686 = STYLED_ITEM ( 'NONE', ( #727 ), #1802 ) ;
#3687 =( NAMED_UNIT ( * ) SI_UNIT ( $, .STERADIAN. ) SOLID_ANGLE_UNIT ( ) );
#3688 = VECTOR ( 'NONE', #242, 1000.000000000000000 ) ;
#3689 = ORIENTED_EDGE ( 'NONE', *, *, #1951, .T. ) ;
#3690 = LINE ( 'NONE', #75, #1963 ) ;
#3691 =( GEOMETRIC_REPRESENTATION_CONTEXT ( 3 ) GLOBAL_UNCERTAINTY_ASSIGNED_CONTEXT ( ( #2230 ) ) GLOBAL_UNIT_ASSIGNED_CONTEXT ( ( #2915, #1928, #2207 ) ) REPRESENTATION_CONTEXT ( 'NONE', 'WORKASPACE' ) );
#3692 =( NAMED_UNIT ( * ) SI_UNIT ( $, .STERADIAN. ) SOLID_ANGLE_UNIT ( ) );
#3693 = ORIENTED_EDGE ( 'NONE', *, *, #864, .F. ) ;
#3694 = COLOUR_RGB ( '',0.7921568627450980005, 0.8196078431372548767, 0.9333333333333333481 ) ;
#3695 = UNCERTAINTY_MEASURE_WITH_UNIT (LENGTH_MEASURE( 1.000000000000000082E-05 ), #304, 'distance_accuracy_value', 'NONE');
#3696 = CARTESIAN_POINT ( 'NONE',  ( -0.7099999999999994094, 0.000000000000000000, 0.000000000000000000 ) ) ;
#3697 = CARTESIAN_POINT ( 'NONE',  ( -0.2799999999999991940, 0.9399999999999999467, 0.5000000000000000000 ) ) ;
#3698 = ORIENTED_EDGE ( 'NONE', *, *, #2084, .T. ) ;
#3699 = CARTESIAN_POINT ( 'NONE',  ( -1.600000000000000977, 0.9399999999999999467, 0.2550000000000000044 ) ) ;
#3700 = MECHANICAL_DESIGN_GEOMETRIC_PRESENTATION_REPRESENTATION (  '', ( #2669 ), #1856 ) ;
#3701 = ORIENTED_EDGE ( 'NONE', *, *, #2084, .F. ) ;
#3702 =( GEOMETRIC_REPRESENTATION_CONTEXT ( 3 ) GLOBAL_UNCERTAINTY_ASSIGNED_CONTEXT ( ( #1623 ) ) GLOBAL_UNIT_ASSIGNED_CONTEXT ( ( #808, #3762, #828 ) ) REPRESENTATION_CONTEXT ( 'NONE', 'WORKASPACE' ) );
#3703 = CARTESIAN_POINT ( 'NONE',  ( 1.270000000000001128, 0.9399999999999999467, -0.7999999999999999334 ) ) ;
#3704 = CARTESIAN_POINT ( 'NONE',  ( -1.599999999999999423, 0.9399999999999999467, 0.7999999999999999334 ) ) ;
#3705 = CARTESIAN_POINT ( 'NONE',  ( 0.7100000000000011857, 0.9399999999999999467, -0.7999999999999999334 ) ) ;
#3706 = COLOUR_RGB ( '',0.7529411764705882248, 0.7529411764705882248, 0.7529411764705882248 ) ;
#3707 = DIRECTION ( 'NONE',  ( -1.000000000000000000, 0.000000000000000000, 7.228014483236698528E-16 ) ) ;
#3708 = EDGE_CURVE ( 'NONE', #4144, #905, #354, .T. ) ;
#3709 = CARTESIAN_POINT ( 'NONE',  ( 1.270000000000001128, 0.9399999999999999467, 0.7999999999999999334 ) ) ;
#3710 =( NAMED_UNIT ( * ) PLANE_ANGLE_UNIT ( ) SI_UNIT ( $, .RADIAN. ) );
#3711 = ORIENTED_EDGE ( 'NONE', *, *, #1647, .T. ) ;
#3712 = EDGE_CURVE ( 'NONE', #143, #768, #627, .T. ) ;
#3713 = CARTESIAN_POINT ( 'NONE',  ( 1.600000000000000977, 0.9399999999999999467, 0.2550000000000000044 ) ) ;
#3714 = ORIENTED_EDGE ( 'NONE', *, *, #3627, .F. ) ;
#3715 =( GEOMETRIC_REPRESENTATION_CONTEXT ( 3 ) GLOBAL_UNCERTAINTY_ASSIGNED_CONTEXT ( ( #2151 ) ) GLOBAL_UNIT_ASSIGNED_CONTEXT ( ( #691, #3951, #1384 ) ) REPRESENTATION_CONTEXT ( 'NONE', 'WORKASPACE' ) );
#3716 = CARTESIAN_POINT ( 'NONE',  ( 0.1388232159864901949, 0.9399999999999999467, -0.2800000000000000266 ) ) ;
#3717 = EDGE_CURVE ( 'NONE', #3768, #1207, #3641, .T. ) ;
#3718 =( NAMED_UNIT ( * ) PLANE_ANGLE_UNIT ( ) SI_UNIT ( $, .RADIAN. ) );
#3719 =( NAMED_UNIT ( * ) SI_UNIT ( $, .STERADIAN. ) SOLID_ANGLE_UNIT ( ) );
#3720 = VERTEX_POINT ( 'NONE', #4246 ) ;
#3721 = DIRECTION ( 'NONE',  ( 0.000000000000000000, 0.000000000000000000, 1.000000000000000000 ) ) ;
#3722 = DIRECTION ( 'NONE',  ( -0.000000000000000000, 1.000000000000000000, -0.000000000000000000 ) ) ;
#3723 = DIRECTION ( 'NONE',  ( 1.000000000000000000, 0.000000000000000000, 0.000000000000000000 ) ) ;
#3724 = FILL_AREA_STYLE_COLOUR ( '', #3900 ) ;
#3725 = DIRECTION ( 'NONE',  ( -1.000000000000000000, -0.000000000000000000, -0.000000000000000000 ) ) ;
#3726 = FILL_AREA_STYLE_COLOUR ( '', #1056 ) ;
#3727 = SURFACE_SIDE_STYLE ('',( #3663 ) ) ;
#3728 = CARTESIAN_POINT ( 'NONE',  ( -0.7099999999999994094, 0.000000000000000000, 0.4999999999999998890 ) ) ;
#3729 = SURFACE_SIDE_STYLE ('',( #1076 ) ) ;
#3730 = ORIENTED_EDGE ( 'NONE', *, *, #1829, .T. ) ;
#3731 = FACE_OUTER_BOUND ( 'NONE', #2470, .T. ) ;
#3732 = LINE ( 'NONE', #3456, #1420 ) ;
#3733 = DIRECTION ( 'NONE',  ( -1.000000000000000000, 0.000000000000000000, -7.228014483236698528E-16 ) ) ;
#3734 = ADVANCED_FACE ( 'NONE', ( #966 ), #3316, .F. ) ;
#3735 = ORIENTED_EDGE ( 'NONE', *, *, #2645, .F. ) ;
#3736 = UNCERTAINTY_MEASURE_WITH_UNIT (LENGTH_MEASURE( 1.000000000000000082E-05 ), #2710, 'distance_accuracy_value', 'NONE');
#3737 = SURFACE_SIDE_STYLE ('',( #3134 ) ) ;
#3738 = ORIENTED_EDGE ( 'NONE', *, *, #1712, .T. ) ;
#3739 = FILL_AREA_STYLE ('',( #1117 ) ) ;
#3740 = VERTEX_POINT ( 'NONE', #3596 ) ;
#3741 =( LENGTH_UNIT ( ) NAMED_UNIT ( * ) SI_UNIT ( .MILLI., .METRE. ) );
#3742 = DIRECTION ( 'NONE',  ( 1.000000000000000000, 0.000000000000000000, 1.936075308009829170E-16 ) ) ;
#3743 = DIRECTION ( 'NONE',  ( 0.000000000000000000, 0.000000000000000000, -1.000000000000000000 ) ) ;
#3744 = SURFACE_STYLE_USAGE ( .BOTH. , #763 ) ;
#3745 =( NAMED_UNIT ( * ) PLANE_ANGLE_UNIT ( ) SI_UNIT ( $, .RADIAN. ) );
#3746 = DIRECTION ( 'NONE',  ( -0.000000000000000000, -1.000000000000000000, -0.000000000000000000 ) ) ;
#3747 = PRESENTATION_STYLE_ASSIGNMENT (( #814 ) ) ;
#3748 =( NAMED_UNIT ( * ) SI_UNIT ( $, .STERADIAN. ) SOLID_ANGLE_UNIT ( ) );
#3749 = ORIENTED_EDGE ( 'NONE', *, *, #2769, .T. ) ;
#3750 = MECHANICAL_DESIGN_GEOMETRIC_PRESENTATION_REPRESENTATION (  '', ( #3889 ), #2374 ) ;
#3751 = VERTEX_POINT ( 'NONE', #2633 ) ;
#3752 = MECHANICAL_DESIGN_GEOMETRIC_PRESENTATION_REPRESENTATION (  '', ( #2732 ), #31 ) ;
#3753 = ADVANCED_FACE ( 'NONE', ( #3277 ), #2985, .F. ) ;
#3754 = FILL_AREA_STYLE ('',( #4061 ) ) ;
#3755 = CARTESIAN_POINT ( 'NONE',  ( -1.599999999999999423, 0.000000000000000000, 0.7999999999999999334 ) ) ;
#3756 = MECHANICAL_DESIGN_GEOMETRIC_PRESENTATION_REPRESENTATION (  '', ( #723 ), #256 ) ;
#3757 = STYLED_ITEM ( 'NONE', ( #2532 ), #2500 ) ;
#3758 = EDGE_LOOP ( 'NONE', ( #1990, #631, #2345, #4172 ) ) ;
#3759 = AXIS2_PLACEMENT_3D ( 'NONE', #3639, #1358, #947 ) ;
#3760 = CARTESIAN_POINT ( 'NONE',  ( -1.599999999999999423, 0.9399999999999999467, 0.7999999999999999334 ) ) ;
#3761 = PRESENTATION_LAYER_ASSIGNMENT (  '', '', ( #3426 ) ) ;
#3762 =( NAMED_UNIT ( * ) PLANE_ANGLE_UNIT ( ) SI_UNIT ( $, .RADIAN. ) );
#3763 = VECTOR ( 'NONE', #2340, 1000.000000000000000 ) ;
#3764 = MECHANICAL_DESIGN_GEOMETRIC_PRESENTATION_REPRESENTATION (  '', ( #2816 ), #2946 ) ;
#3765 =( LENGTH_UNIT ( ) NAMED_UNIT ( * ) SI_UNIT ( .MILLI., .METRE. ) );
#3766 = DIRECTION ( 'NONE',  ( 1.000000000000000000, 0.000000000000000000, 1.936075308009828924E-16 ) ) ;
#3767 = STYLED_ITEM ( 'NONE', ( #3298 ), #3734 ) ;
#3768 = VERTEX_POINT ( 'NONE', #1739 ) ;
#3769 = DIRECTION ( 'NONE',  ( -1.000000000000000000, 0.000000000000000000, -0.000000000000000000 ) ) ;
#3770 = CARTESIAN_POINT ( 'NONE',  ( -1.599999999999999423, 0.9399999999999999467, 0.7999999999999999334 ) ) ;
#3771 = ORIENTED_EDGE ( 'NONE', *, *, #3887, .T. ) ;
#3772 =( LENGTH_UNIT ( ) NAMED_UNIT ( * ) SI_UNIT ( .MILLI., .METRE. ) );
#3773 = STYLED_ITEM ( 'NONE', ( #2410 ), #460 ) ;
#3774 =( LENGTH_UNIT ( ) NAMED_UNIT ( * ) SI_UNIT ( .MILLI., .METRE. ) );
#3775 = LINE ( 'NONE', #3183, #660 ) ;
#3776 = LINE ( 'NONE', #2862, #3812 ) ;
#3777 = VERTEX_POINT ( 'NONE', #414 ) ;
#3778 = EDGE_LOOP ( 'NONE', ( #464, #2338, #3805, #3571 ) ) ;
#3779 = SURFACE_SIDE_STYLE ('',( #2205 ) ) ;
#3780 = EDGE_CURVE ( 'NONE', #1828, #2472, #2808, .T. ) ;
#3781 = LINE ( 'NONE', #829, #951 ) ;
#3782 = ORIENTED_EDGE ( 'NONE', *, *, #2417, .F. ) ;
#3783 = CARTESIAN_POINT ( 'NONE',  ( -0.7099999999999994094, 0.9399999999999999467, 0.4999999999999998890 ) ) ;
#3784 = SURFACE_STYLE_FILL_AREA ( #815 ) ;
#3785 = EDGE_CURVE ( 'NONE', #1438, #3588, #3120, .T. ) ;
#3786 = ORIENTED_EDGE ( 'NONE', *, *, #328, .T. ) ;
#3787 = FILL_AREA_STYLE_COLOUR ( '', #3844 ) ;
#3788 = CARTESIAN_POINT ( 'NONE',  ( -1.269999999999999352, 0.9399999999999999467, 0.5000000000000000000 ) ) ;
#3789 = CARTESIAN_POINT ( 'NONE',  ( 1.600000000000000977, 0.000000000000000000, 0.2550000000000000044 ) ) ;
#3790 = SURFACE_SIDE_STYLE ('',( #4196 ) ) ;
#3791 = VERTEX_POINT ( 'NONE', #2764 ) ;
#3792 = CARTESIAN_POINT ( 'NONE',  ( 0.000000000000000000, 0.9399999999999999467, 0.000000000000000000 ) ) ;
#3793 = SURFACE_STYLE_USAGE ( .BOTH. , #2538 ) ;
#3794 = ORIENTED_EDGE ( 'NONE', *, *, #3717, .F. ) ;
#3795 = EDGE_CURVE ( 'NONE', #914, #1231, #3029, .T. ) ;
#3796 = DIRECTION ( 'NONE',  ( 0.000000000000000000, -0.000000000000000000, 1.000000000000000000 ) ) ;
#3797 = ORIENTED_EDGE ( 'NONE', *, *, #3038, .T. ) ;
#3798 = ORIENTED_EDGE ( 'NONE', *, *, #2508, .T. ) ;
#3799 = SURFACE_STYLE_USAGE ( .BOTH. , #3821 ) ;
#3800 = PRESENTATION_STYLE_ASSIGNMENT (( #3188 ) ) ;
#3801 = CARTESIAN_POINT ( 'NONE',  ( -1.269999999999999130, 0.000000000000000000, -0.7999999999999999334 ) ) ;
#3802 = MECHANICAL_DESIGN_GEOMETRIC_PRESENTATION_REPRESENTATION (  '', ( #561 ), #701 ) ;
#3803 = EDGE_CURVE ( 'NONE', #451, #1264, #3781, .T. ) ;
#3804 = CARTESIAN_POINT ( 'NONE',  ( -1.600000000000000977, 0.000000000000000000, 0.2550000000000000044 ) ) ;
#3805 = ORIENTED_EDGE ( 'NONE', *, *, #3968, .T. ) ;
#3806 =( LENGTH_UNIT ( ) NAMED_UNIT ( * ) SI_UNIT ( .MILLI., .METRE. ) );
#3807 = ORIENTED_EDGE ( 'NONE', *, *, #2004, .F. ) ;
#3808 = LINE ( 'NONE', #1787, #3973 ) ;
#3809 =( LENGTH_UNIT ( ) NAMED_UNIT ( * ) SI_UNIT ( .MILLI., .METRE. ) );
#3810 = LINE ( 'NONE', #2189, #3884 ) ;
#3811 =( NAMED_UNIT ( * ) PLANE_ANGLE_UNIT ( ) SI_UNIT ( $, .RADIAN. ) );
#3812 = VECTOR ( 'NONE', #1227, 1000.000000000000000 ) ;
#3813 = CARTESIAN_POINT ( 'NONE',  ( -1.300000000000000933, -4.000000000000000000, -0.2550000000000000044 ) ) ;
#3814 = AXIS2_PLACEMENT_3D ( 'NONE', #2621, #553, #3250 ) ;
#3815 = ORIENTED_EDGE ( 'NONE', *, *, #1553, .T. ) ;
#3816 =( NAMED_UNIT ( * ) PLANE_ANGLE_UNIT ( ) SI_UNIT ( $, .RADIAN. ) );
#3817 =( GEOMETRIC_REPRESENTATION_CONTEXT ( 3 ) GLOBAL_UNCERTAINTY_ASSIGNED_CONTEXT ( ( #244 ) ) GLOBAL_UNIT_ASSIGNED_CONTEXT ( ( #1271, #3247, #1222 ) ) REPRESENTATION_CONTEXT ( 'NONE', 'WORKASPACE' ) );
#3818 = DIRECTION ( 'NONE',  ( 1.000000000000000000, 0.000000000000000000, -0.000000000000000000 ) ) ;
#3819 = ORIENTED_EDGE ( 'NONE', *, *, #4064, .T. ) ;
#3820 = VECTOR ( 'NONE', #1498, 1000.000000000000000 ) ;
#3821 = SURFACE_SIDE_STYLE ('',( #2492 ) ) ;
#3822 =( GEOMETRIC_REPRESENTATION_CONTEXT ( 3 ) GLOBAL_UNCERTAINTY_ASSIGNED_CONTEXT ( ( #754 ) ) GLOBAL_UNIT_ASSIGNED_CONTEXT ( ( #2430, #3405, #3054 ) ) REPRESENTATION_CONTEXT ( 'NONE', 'WORKASPACE' ) );
#3823 = LINE ( 'NONE', #1260, #1779 ) ;
#3824 =( GEOMETRIC_REPRESENTATION_CONTEXT ( 3 ) GLOBAL_UNCERTAINTY_ASSIGNED_CONTEXT ( ( #1469 ) ) GLOBAL_UNIT_ASSIGNED_CONTEXT ( ( #4208, #2583, #2847 ) ) REPRESENTATION_CONTEXT ( 'NONE', 'WORKASPACE' ) );
#3825 = UNCERTAINTY_MEASURE_WITH_UNIT (LENGTH_MEASURE( 1.000000000000000082E-05 ), #604, 'distance_accuracy_value', 'NONE');
#3826 = PRESENTATION_LAYER_ASSIGNMENT (  '', '', ( #1781 ) ) ;
#3827 =( GEOMETRIC_REPRESENTATION_CONTEXT ( 3 ) GLOBAL_UNCERTAINTY_ASSIGNED_CONTEXT ( ( #3548 ) ) GLOBAL_UNIT_ASSIGNED_CONTEXT ( ( #3560, #3594, #2631 ) ) REPRESENTATION_CONTEXT ( 'NONE', 'WORKASPACE' ) );
#3828 = VECTOR ( 'NONE', #3052, 1000.000000000000000 ) ;
#3829 = DIRECTION ( 'NONE',  ( -7.228014483236698528E-16, 0.000000000000000000, 1.000000000000000000 ) ) ;
#3830 = ORIENTED_EDGE ( 'NONE', *, *, #827, .T. ) ;
#3831 = MECHANICAL_DESIGN_GEOMETRIC_PRESENTATION_REPRESENTATION (  '', ( #946 ), #3428 ) ;
#3832 = AXIS2_PLACEMENT_3D ( 'NONE', #4135, #1187, #3796 ) ;
#3833 = EDGE_CURVE ( 'NONE', #78, #3966, #137, .T. ) ;
#3834 = ORIENTED_EDGE ( 'NONE', *, *, #2718, .T. ) ;
#3835 = CARTESIAN_POINT ( 'NONE',  ( -1.600000000000000977, 0.000000000000000000, -0.2550000000000000044 ) ) ;
#3836 = CARTESIAN_POINT ( 'NONE',  ( -1.269999999999999130, 0.9399999999999999467, -0.7999999999999999334 ) ) ;
#3837 = PLANE ( 'NONE',  #925 ) ;
#3838 = FILL_AREA_STYLE ('',( #1962 ) ) ;
#3839 = DIRECTION ( 'NONE',  ( 0.000000000000000000, 1.000000000000000000, 0.000000000000000000 ) ) ;
#3840 = PRESENTATION_LAYER_ASSIGNMENT (  '', '', ( #1447 ) ) ;
#3841 = EDGE_CURVE ( 'NONE', #3791, #4144, #2477, .T. ) ;
#3842 = EDGE_LOOP ( 'NONE', ( #194, #2208, #3698, #3834 ) ) ;
#3843 = STYLED_ITEM ( 'NONE', ( #1184 ), #663 ) ;
#3844 = COLOUR_RGB ( '',0.7529411764705882248, 0.7529411764705882248, 0.7529411764705882248 ) ;
#3845 = UNCERTAINTY_MEASURE_WITH_UNIT (LENGTH_MEASURE( 1.000000000000000082E-05 ), #692, 'distance_accuracy_value', 'NONE');
#3846 = CARTESIAN_POINT ( 'NONE',  ( 0.2800000000000008593, -4.000000000000000000, -0.7999999999999999334 ) ) ;
#3847 = UNCERTAINTY_MEASURE_WITH_UNIT (LENGTH_MEASURE( 1.000000000000000082E-05 ), #4257, 'distance_accuracy_value', 'NONE');
#3848 =( LENGTH_UNIT ( ) NAMED_UNIT ( * ) SI_UNIT ( .MILLI., .METRE. ) );
#3849 = ORIENTED_EDGE ( 'NONE', *, *, #1894, .T. ) ;
#3850 = EDGE_CURVE ( 'NONE', #3944, #180, #462, .T. ) ;
#3851 = VERTEX_POINT ( 'NONE', #784 ) ;
#3852 = CARTESIAN_POINT ( 'NONE',  ( 1.270000000000001128, 0.9399999999999999467, -0.7999999999999999334 ) ) ;
#3853 = LINE ( 'NONE', #1900, #458 ) ;
#3854 = SURFACE_SIDE_STYLE ('',( #2913 ) ) ;
#3855 = SURFACE_STYLE_FILL_AREA ( #277 ) ;
#3856 = DIRECTION ( 'NONE',  ( 0.000000000000000000, 0.000000000000000000, -1.000000000000000000 ) ) ;
#3857 = CLOSED_SHELL ( 'NONE', ( #2014, #1695, #40, #3338, #1965, #1377 ) ) ;
#3858 = CARTESIAN_POINT ( 'NONE',  ( -0.7099999999999994094, 0.9399999999999999467, -0.4999999999999998890 ) ) ;
#3859 = MANIFOLD_SOLID_BREP ( 'Boss-Extrude2[8]', #1995 ) ;
#3860 = DIRECTION ( 'NONE',  ( -1.000000000000000000, 0.000000000000000000, 0.000000000000000000 ) ) ;
#3861 = EDGE_LOOP ( 'NONE', ( #2186, #1557, #2975, #1411 ) ) ;
#3862 = EDGE_CURVE ( 'NONE', #2931, #3534, #3383, .T. ) ;
#3863 = ORIENTED_EDGE ( 'NONE', *, *, #2684, .T. ) ;
#3864 = SURFACE_SIDE_STYLE ('',( #3543 ) ) ;
#3865 = PLANE ( 'NONE',  #3065 ) ;
#3866 = FACE_OUTER_BOUND ( 'NONE', #2037, .T. ) ;
#3867 = UNCERTAINTY_MEASURE_WITH_UNIT (LENGTH_MEASURE( 1.000000000000000082E-05 ), #1949, 'distance_accuracy_value', 'NONE');
#3868 = ORIENTED_EDGE ( 'NONE', *, *, #209, .F. ) ;
#3869 = LINE ( 'NONE', #2215, #2304 ) ;
#3870 = EDGE_CURVE ( 'NONE', #1133, #3442, #811, .T. ) ;
#3871 = ORIENTED_EDGE ( 'NONE', *, *, #2108, .F. ) ;
#3872 = SURFACE_SIDE_STYLE ('',( #2565 ) ) ;
#3873 = DIRECTION ( 'NONE',  ( -1.000000000000000000, 0.000000000000000000, 0.000000000000000000 ) ) ;
#3874 = LINE ( 'NONE', #1344, #134 ) ;
#3875 =( LENGTH_UNIT ( ) NAMED_UNIT ( * ) SI_UNIT ( .MILLI., .METRE. ) );
#3876 = FILL_AREA_STYLE_COLOUR ( '', #3569 ) ;
#3877 = FILL_AREA_STYLE_COLOUR ( '', #1430 ) ;
#3878 = ORIENTED_EDGE ( 'NONE', *, *, #2628, .F. ) ;
#3879 = DIRECTION ( 'NONE',  ( -1.000000000000000000, 0.000000000000000000, 7.228014483236698528E-16 ) ) ;
#3880 = DIRECTION ( 'NONE',  ( -0.000000000000000000, 1.000000000000000000, -0.000000000000000000 ) ) ;
#3881 = FILL_AREA_STYLE ('',( #1620 ) ) ;
#3882 = SURFACE_STYLE_USAGE ( .BOTH. , #3201 ) ;
#3883 = ORIENTED_EDGE ( 'NONE', *, *, #1792, .F. ) ;
#3884 = VECTOR ( 'NONE', #3507, 1000.000000000000000 ) ;
#3885 = UNCERTAINTY_MEASURE_WITH_UNIT (LENGTH_MEASURE( 1.000000000000000082E-05 ), #2387, 'distance_accuracy_value', 'NONE');
#3886 = STYLED_ITEM ( 'NONE', ( #3631 ), #1426 ) ;
#3887 = EDGE_CURVE ( 'NONE', #1745, #972, #2120, .T. ) ;
#3888 =( LENGTH_UNIT ( ) NAMED_UNIT ( * ) SI_UNIT ( .MILLI., .METRE. ) );
#3889 = STYLED_ITEM ( 'NONE', ( #2353 ), #1749 ) ;
#3890 = CARTESIAN_POINT ( 'NONE',  ( -0.7099999999999994094, 0.000000000000000000, 0.000000000000000000 ) ) ;
#3891 = MECHANICAL_DESIGN_GEOMETRIC_PRESENTATION_REPRESENTATION (  '', ( #1576 ), #4028 ) ;
#3892 = AXIS2_PLACEMENT_3D ( 'NONE', #325, #2662, #3283 ) ;
#3893 = CARTESIAN_POINT ( 'NONE',  ( 1.600000000000000977, -4.000000000000000000, -0.2550000000000000044 ) ) ;
#3894 = VECTOR ( 'NONE', #3121, 1000.000000000000000 ) ;
#3895 = CARTESIAN_POINT ( 'NONE',  ( 0.000000000000000000, 0.000000000000000000, 0.2550000000000000044 ) ) ;
#3896 = CARTESIAN_POINT ( 'NONE',  ( -0.7099999999999994094, 0.000000000000000000, -0.7999999999999999334 ) ) ;
#3897 = PRESENTATION_STYLE_ASSIGNMENT (( #2932 ) ) ;
#3898 = CARTESIAN_POINT ( 'NONE',  ( 0.000000000000000000, 0.000000000000000000, -0.2550000000000000044 ) ) ;
#3899 = FILL_AREA_STYLE_COLOUR ( '', #3614 ) ;
#3900 = COLOUR_RGB ( '',0.7529411764705882248, 0.7529411764705882248, 0.7529411764705882248 ) ;
#3901 = PRESENTATION_LAYER_ASSIGNMENT (  '', '', ( #107 ) ) ;
#3902 = FACE_OUTER_BOUND ( 'NONE', #535, .T. ) ;
#3903 = STYLED_ITEM ( 'NONE', ( #845 ), #3458 ) ;
#3904 = ORIENTED_EDGE ( 'NONE', *, *, #503, .T. ) ;
#3905 = CARTESIAN_POINT ( 'NONE',  ( -1.599999999999999423, 0.9399999999999999467, -0.8000000000000001554 ) ) ;
#3906 = EDGE_LOOP ( 'NONE', ( #4203, #1505, #2425, #3701 ) ) ;
#3907 = VECTOR ( 'NONE', #1943, 1000.000000000000000 ) ;
#3908 = LINE ( 'NONE', #2623, #3994 ) ;
#3909 = MECHANICAL_DESIGN_GEOMETRIC_PRESENTATION_REPRESENTATION (  '', ( #2545 ), #3984 ) ;
#3910 = CARTESIAN_POINT ( 'NONE',  ( 0.1388232159864901949, 0.9399999999999999467, -0.2800000000000000266 ) ) ;
#3911 = LINE ( 'NONE', #1336, #3433 ) ;
#3912 = EDGE_CURVE ( 'NONE', #3304, #2018, #2390, .T. ) ;
#3913 = DIRECTION ( 'NONE',  ( 1.000000000000000000, -0.000000000000000000, 0.000000000000000000 ) ) ;
#3914 = PRESENTATION_LAYER_ASSIGNMENT (  '', '', ( #2476 ) ) ;
#3915 = LINE ( 'NONE', #965, #1023 ) ;
#3916 = CARTESIAN_POINT ( 'NONE',  ( -1.599999999999999423, 0.9399999999999999467, -0.8000000000000001554 ) ) ;
#3917 = CARTESIAN_POINT ( 'NONE',  ( 1.300000000000000933, 0.9399999999999999467, -0.2550000000000000044 ) ) ;
#3918 = DIRECTION ( 'NONE',  ( 0.000000000000000000, 0.000000000000000000, -1.000000000000000000 ) ) ;
#3919 = ADVANCED_FACE ( 'NONE', ( #117 ), #1429, .T. ) ;
#3920 = SURFACE_STYLE_FILL_AREA ( #913 ) ;
#3921 = FACE_OUTER_BOUND ( 'NONE', #1183, .T. ) ;
#3922 = STYLED_ITEM ( 'NONE', ( #1801 ), #916 ) ;
#3923 = EDGE_CURVE ( 'NONE', #2080, #4214, #3521, .T. ) ;
#3924 = ORIENTED_EDGE ( 'NONE', *, *, #3785, .F. ) ;
#3925 = PLANE ( 'NONE',  #2126 ) ;
#3926 = EDGE_LOOP ( 'NONE', ( #202, #3511, #133, #2148 ) ) ;
#3927 = LINE ( 'NONE', #2694, #266 ) ;
#3928 =( NAMED_UNIT ( * ) PLANE_ANGLE_UNIT ( ) SI_UNIT ( $, .RADIAN. ) );
#3929 = FILL_AREA_STYLE ('',( #1654 ) ) ;
#3930 = ADVANCED_FACE ( 'NONE', ( #519 ), #4141, .F. ) ;
#3931 = FILL_AREA_STYLE ('',( #2632 ) ) ;
#3932 =( NAMED_UNIT ( * ) SI_UNIT ( $, .STERADIAN. ) SOLID_ANGLE_UNIT ( ) );
#3933 = LINE ( 'NONE', #1028, #2028 ) ;
#3934 = UNCERTAINTY_MEASURE_WITH_UNIT (LENGTH_MEASURE( 1.000000000000000082E-05 ), #2158, 'distance_accuracy_value', 'NONE');
#3935 = DIRECTION ( 'NONE',  ( 1.000000000000000000, -0.000000000000000000, 0.000000000000000000 ) ) ;
#3936 = EDGE_LOOP ( 'NONE', ( #2101, #3107, #4076, #4222 ) ) ;
#3937 = CARTESIAN_POINT ( 'NONE',  ( 1.600000000000001199, 0.000000000000000000, 0.7999999999999999334 ) ) ;
#3938 = DIRECTION ( 'NONE',  ( -1.936075308009829417E-16, 0.000000000000000000, 1.000000000000000000 ) ) ;
#3939 = PRESENTATION_LAYER_ASSIGNMENT (  '', '', ( #1278 ) ) ;
#3940 = CARTESIAN_POINT ( 'NONE',  ( -1.599999999999999423, 0.9399999999999999467, 0.7999999999999999334 ) ) ;
#3941 = ORIENTED_EDGE ( 'NONE', *, *, #940, .F. ) ;
#3942 = AXIS2_PLACEMENT_3D ( 'NONE', #1073, #2121, #3187 ) ;
#3943 = SURFACE_STYLE_FILL_AREA ( #707 ) ;
#3944 = VERTEX_POINT ( 'NONE', #3858 ) ;
#3945 = DIRECTION ( 'NONE',  ( 0.000000000000000000, 1.000000000000000000, 0.000000000000000000 ) ) ;
#3946 = ORIENTED_EDGE ( 'NONE', *, *, #2147, .T. ) ;
#3947 = VECTOR ( 'NONE', #2033, 1000.000000000000000 ) ;
#3948 = PRESENTATION_STYLE_ASSIGNMENT (( #1674 ) ) ;
#3949 = VECTOR ( 'NONE', #1893, 1000.000000000000000 ) ;
#3950 = CARTESIAN_POINT ( 'NONE',  ( 0.1388232159864901949, 0.9399999999999999467, -0.2800000000000000266 ) ) ;
#3951 =( NAMED_UNIT ( * ) PLANE_ANGLE_UNIT ( ) SI_UNIT ( $, .RADIAN. ) );
#3952 = DIRECTION ( 'NONE',  ( -0.000000000000000000, 1.000000000000000000, -0.000000000000000000 ) ) ;
#3953 = VECTOR ( 'NONE', #2609, 1000.000000000000000 ) ;
#3954 = LINE ( 'NONE', #1308, #2510 ) ;
#3955 = VECTOR ( 'NONE', #482, 1000.000000000000000 ) ;
#3956 = CARTESIAN_POINT ( 'NONE',  ( -1.599999999999999423, 0.000000000000000000, -0.8000000000000001554 ) ) ;
#3957 = MECHANICAL_DESIGN_GEOMETRIC_PRESENTATION_REPRESENTATION (  '', ( #1357 ), #4183 ) ;
#3958 = STYLED_ITEM ( 'NONE', ( #1475 ), #3446 ) ;
#3959 = DIRECTION ( 'NONE',  ( 0.000000000000000000, 1.000000000000000000, 0.000000000000000000 ) ) ;
#3960 = CARTESIAN_POINT ( 'NONE',  ( 0.7100000000000009637, 0.000000000000000000, 0.5000000000000000000 ) ) ;
#3961 = ADVANCED_FACE ( 'NONE', ( #1262 ), #279, .F. ) ;
#3962 = VERTEX_POINT ( 'NONE', #1977 ) ;
#3963 = STYLED_ITEM ( 'NONE', ( #567 ), #3613 ) ;
#3964 = STYLED_ITEM ( 'NONE', ( #2465 ), #2983 ) ;
#3965 = CARTESIAN_POINT ( 'NONE',  ( -0.2799999999999990274, 0.000000000000000000, 0.7999999999999999334 ) ) ;
#3966 = VERTEX_POINT ( 'NONE', #3312 ) ;
#3967 = CARTESIAN_POINT ( 'NONE',  ( 0.2800000000000008593, 0.9399999999999999467, 0.7999999999999999334 ) ) ;
#3968 = EDGE_CURVE ( 'NONE', #712, #2068, #3927, .T. ) ;
#3969 = VECTOR ( 'NONE', #1956, 1000.000000000000000 ) ;
#3970 = ORIENTED_EDGE ( 'NONE', *, *, #209, .T. ) ;
#3971 = MECHANICAL_DESIGN_GEOMETRIC_PRESENTATION_REPRESENTATION (  '', ( #3773 ), #198 ) ;
#3972 = CARTESIAN_POINT ( 'NONE',  ( 1.168823215986490194, 0.9399999999999999467, 0.2800000000000000266 ) ) ;
#3973 = VECTOR ( 'NONE', #2166, 1000.000000000000000 ) ;
#3974 = SURFACE_SIDE_STYLE ('',( #335 ) ) ;
#3975 = STYLED_ITEM ( 'NONE', ( #3800 ), #3577 ) ;
#3976 = CARTESIAN_POINT ( 'NONE',  ( 0.7100000000000011857, 0.000000000000000000, -0.7999999999999999334 ) ) ;
#3977 =( NAMED_UNIT ( * ) PLANE_ANGLE_UNIT ( ) SI_UNIT ( $, .RADIAN. ) );
#3978 = SURFACE_SIDE_STYLE ('',( #1362 ) ) ;
#3979 = PLANE ( 'NONE',  #1697 ) ;
#3980 = EDGE_CURVE ( 'NONE', #974, #481, #689, .T. ) ;
#3981 =( LENGTH_UNIT ( ) NAMED_UNIT ( * ) SI_UNIT ( .MILLI., .METRE. ) );
#3982 =( NAMED_UNIT ( * ) SI_UNIT ( $, .STERADIAN. ) SOLID_ANGLE_UNIT ( ) );
#3983 =( NAMED_UNIT ( * ) PLANE_ANGLE_UNIT ( ) SI_UNIT ( $, .RADIAN. ) );
#3984 =( GEOMETRIC_REPRESENTATION_CONTEXT ( 3 ) GLOBAL_UNCERTAINTY_ASSIGNED_CONTEXT ( ( #1007 ) ) GLOBAL_UNIT_ASSIGNED_CONTEXT ( ( #4154, #4177, #3487 ) ) REPRESENTATION_CONTEXT ( 'NONE', 'WORKASPACE' ) );
#3985 = SURFACE_STYLE_USAGE ( .BOTH. , #2011 ) ;
#3986 = SURFACE_STYLE_FILL_AREA ( #3282 ) ;
#3987 = FILL_AREA_STYLE ('',( #1643 ) ) ;
#3988 = ORIENTED_EDGE ( 'NONE', *, *, #3377, .F. ) ;
#3989 = EDGE_CURVE ( 'NONE', #3442, #3944, #3997, .T. ) ;
#3990 = UNCERTAINTY_MEASURE_WITH_UNIT (LENGTH_MEASURE( 1.000000000000000082E-05 ), #2416, 'distance_accuracy_value', 'NONE');
#3991 = EDGE_CURVE ( 'NONE', #914, #574, #2950, .T. ) ;
#3992 = FILL_AREA_STYLE ('',( #1708 ) ) ;
#3993 = DIRECTION ( 'NONE',  ( 0.000000000000000000, 0.000000000000000000, -1.000000000000000000 ) ) ;
#3994 = VECTOR ( 'NONE', #898, 1000.000000000000000 ) ;
#3995 = ORIENTED_EDGE ( 'NONE', *, *, #3803, .T. ) ;
#3996 = ORIENTED_EDGE ( 'NONE', *, *, #2339, .F. ) ;
#3997 = LINE ( 'NONE', #350, #1524 ) ;
#3998 = LINE ( 'NONE', #393, #2450 ) ;
#3999 = PLANE ( 'NONE',  #3294 ) ;
#4000 =( NAMED_UNIT ( * ) SI_UNIT ( $, .STERADIAN. ) SOLID_ANGLE_UNIT ( ) );
#4001 = FILL_AREA_STYLE ('',( #1983 ) ) ;
#4002 = DIRECTION ( 'NONE',  ( 1.000000000000000000, -0.000000000000000000, 1.936075308009829417E-16 ) ) ;
#4003 = CARTESIAN_POINT ( 'NONE',  ( 0.1388232159864901949, 0.8399999999999999689, 0.2800000000000000266 ) ) ;
#4004 = LINE ( 'NONE', #4096, #4240 ) ;
#4005 = EDGE_LOOP ( 'NONE', ( #2777, #3311, #2839, #3693 ) ) ;
#4006 = SURFACE_STYLE_USAGE ( .BOTH. , #2702 ) ;
#4007 = ORIENTED_EDGE ( 'NONE', *, *, #721, .F. ) ;
#4008 = VECTOR ( 'NONE', #700, 1000.000000000000000 ) ;
#4009 = DIRECTION ( 'NONE',  ( -1.936075308009829417E-16, 0.000000000000000000, 1.000000000000000000 ) ) ;
#4010 = DIRECTION ( 'NONE',  ( -1.000000000000000000, 0.000000000000000000, -0.000000000000000000 ) ) ;
#4011 = ORIENTED_EDGE ( 'NONE', *, *, #2607, .T. ) ;
#4012 = PRESENTATION_LAYER_ASSIGNMENT (  '', '', ( #3331 ) ) ;
#4013 = EDGE_CURVE ( 'NONE', #166, #2938, #292, .T. ) ;
#4014 = ORIENTED_EDGE ( 'NONE', *, *, #2097, .F. ) ;
#4015 = FILL_AREA_STYLE ('',( #410 ) ) ;
#4016 = CARTESIAN_POINT ( 'NONE',  ( 1.600000000000001199, 0.9399999999999999467, 0.7999999999999999334 ) ) ;
#4017 = STYLED_ITEM ( 'NONE', ( #2358 ), #1459 ) ;
#4018 = FILL_AREA_STYLE ('',( #2714 ) ) ;
#4019 = CARTESIAN_POINT ( 'NONE',  ( 1.600000000000000977, 0.9399999999999999467, -0.2550000000000000044 ) ) ;
#4020 = FILL_AREA_STYLE ('',( #3724 ) ) ;
#4021 = EDGE_CURVE ( 'NONE', #47, #2460, #2262, .T. ) ;
#4022 = COLOUR_RGB ( '',0.7529411764705882248, 0.7529411764705882248, 0.7529411764705882248 ) ;
#4023 = CARTESIAN_POINT ( 'NONE',  ( 0.2800000000000008593, 0.9399999999999999467, -0.4999999999999998890 ) ) ;
#4024 = DIRECTION ( 'NONE',  ( -7.228014483236698528E-16, 0.000000000000000000, 1.000000000000000000 ) ) ;
#4025 = FILL_AREA_STYLE_COLOUR ( '', #300 ) ;
#4026 = MECHANICAL_DESIGN_GEOMETRIC_PRESENTATION_REPRESENTATION (  '', ( #3135 ), #3339 ) ;
#4027 = ADVANCED_FACE ( 'NONE', ( #1301 ), #2673, .F. ) ;
#4028 =( GEOMETRIC_REPRESENTATION_CONTEXT ( 3 ) GLOBAL_UNCERTAINTY_ASSIGNED_CONTEXT ( ( #1248 ) ) GLOBAL_UNIT_ASSIGNED_CONTEXT ( ( #2653, #1679, #2053 ) ) REPRESENTATION_CONTEXT ( 'NONE', 'WORKASPACE' ) );
#4029 = ORIENTED_EDGE ( 'NONE', *, *, #1318, .T. ) ;
#4030 = PLANE ( 'NONE',  #1573 ) ;
#4031 =( GEOMETRIC_REPRESENTATION_CONTEXT ( 3 ) GLOBAL_UNCERTAINTY_ASSIGNED_CONTEXT ( ( #2757 ) ) GLOBAL_UNIT_ASSIGNED_CONTEXT ( ( #2281, #1380, #1042 ) ) REPRESENTATION_CONTEXT ( 'NONE', 'WORKASPACE' ) );
#4032 = CARTESIAN_POINT ( 'NONE',  ( -1.300000000000000933, 0.9399999999999999467, -0.2550000000000000044 ) ) ;
#4033 = VERTEX_POINT ( 'NONE', #3972 ) ;
#4034 = VECTOR ( 'NONE', #3658, 1000.000000000000000 ) ;
#4035 = PRESENTATION_LAYER_ASSIGNMENT (  '', '', ( #1355 ) ) ;
#4036 = UNCERTAINTY_MEASURE_WITH_UNIT (LENGTH_MEASURE( 1.000000000000000082E-05 ), #3634, 'distance_accuracy_value', 'NONE');
#4037 = CARTESIAN_POINT ( 'NONE',  ( 1.300000000000000933, 0.9399999999999999467, 0.2550000000000000044 ) ) ;
#4038 = SURFACE_STYLE_FILL_AREA ( #1748 ) ;
#4039 = VERTEX_POINT ( 'NONE', #1024 ) ;
#4040 = PRESENTATION_LAYER_ASSIGNMENT (  '', '', ( #1975 ) ) ;
#4041 = CARTESIAN_POINT ( 'NONE',  ( -1.300000000000000933, 0.9399999999999999467, 0.2550000000000000044 ) ) ;
#4042 = VECTOR ( 'NONE', #345, 1000.000000000000000 ) ;
#4043 = ORIENTED_EDGE ( 'NONE', *, *, #99, .T. ) ;
#4044 = VECTOR ( 'NONE', #4002, 1000.000000000000000 ) ;
#4045 = DIRECTION ( 'NONE',  ( 1.000000000000000000, 0.000000000000000000, 0.000000000000000000 ) ) ;
#4046 = SURFACE_STYLE_FILL_AREA ( #1122 ) ;
#4047 = SURFACE_STYLE_USAGE ( .BOTH. , #1476 ) ;
#4048 = COLOUR_RGB ( '',0.7921568627450980005, 0.8196078431372548767, 0.9333333333333333481 ) ;
#4049 = DIRECTION ( 'NONE',  ( -1.000000000000000000, 0.000000000000000000, 7.228014483236698528E-16 ) ) ;
#4050 = EDGE_CURVE ( 'NONE', #751, #451, #3911, .T. ) ;
#4051 = DIRECTION ( 'NONE',  ( -1.000000000000000000, 0.000000000000000000, 0.000000000000000000 ) ) ;
#4052 = LINE ( 'NONE', #1432, #3828 ) ;
#4053 = VECTOR ( 'NONE', #2427, 1000.000000000000000 ) ;
#4054 = SURFACE_STYLE_USAGE ( .BOTH. , #1047 ) ;
#4055 = CARTESIAN_POINT ( 'NONE',  ( -0.2799999999999991940, 0.000000000000000000, 0.5000000000000000000 ) ) ;
#4056 = EDGE_LOOP ( 'NONE', ( #3021, #1482, #3194, #4137 ) ) ;
#4057 = FILL_AREA_STYLE ('',( #4077 ) ) ;
#4058 = FACE_OUTER_BOUND ( 'NONE', #3036, .T. ) ;
#4059 = STYLED_ITEM ( 'NONE', ( #976 ), #40 ) ;
#4060 = ORIENTED_EDGE ( 'NONE', *, *, #555, .F. ) ;
#4061 = FILL_AREA_STYLE_COLOUR ( '', #1451 ) ;
#4062 = DIRECTION ( 'NONE',  ( 0.000000000000000000, 0.000000000000000000, -1.000000000000000000 ) ) ;
#4063 = PLANE ( 'NONE',  #2196 ) ;
#4064 = EDGE_CURVE ( 'NONE', #852, #1645, #2346, .T. ) ;
#4065 = ORIENTED_EDGE ( 'NONE', *, *, #2634, .F. ) ;
#4066 = SURFACE_STYLE_USAGE ( .BOTH. , #761 ) ;
#4067 = CARTESIAN_POINT ( 'NONE',  ( 1.270000000000001128, 0.000000000000000000, -0.7999999999999999334 ) ) ;
#4068 = LINE ( 'NONE', #87, #41 ) ;
#4069 = CARTESIAN_POINT ( 'NONE',  ( -1.269999999999999796, 0.000000000000000000, -9.179578393710605523E-16 ) ) ;
#4070 = FACE_OUTER_BOUND ( 'NONE', #4121, .T. ) ;
#4071 = CARTESIAN_POINT ( 'NONE',  ( -1.269999999999999130, 0.9399999999999999467, 0.7999999999999999334 ) ) ;
#4072 = DIRECTION ( 'NONE',  ( 0.000000000000000000, 1.000000000000000000, 0.000000000000000000 ) ) ;
#4073 = SURFACE_STYLE_USAGE ( .BOTH. , #2766 ) ;
#4074 = ADVANCED_FACE ( 'NONE', ( #2021 ), #1651, .F. ) ;
#4075 = PRESENTATION_STYLE_ASSIGNMENT (( #2127 ) ) ;
#4076 = ORIENTED_EDGE ( 'NONE', *, *, #3678, .F. ) ;
#4077 = FILL_AREA_STYLE_COLOUR ( '', #2681 ) ;
#4078 = CARTESIAN_POINT ( 'NONE',  ( 1.300000000000000933, -4.000000000000000000, -0.2550000000000000044 ) ) ;
#4079 = CARTESIAN_POINT ( 'NONE',  ( 0.1388232159864901949, 0.8399999999999999689, -0.2800000000000000266 ) ) ;
#4080 = VERTEX_POINT ( 'NONE', #1094 ) ;
#4081 = DIRECTION ( 'NONE',  ( -1.000000000000000000, 0.000000000000000000, 7.228014483236698528E-16 ) ) ;
#4082 =( NAMED_UNIT ( * ) PLANE_ANGLE_UNIT ( ) SI_UNIT ( $, .RADIAN. ) );
#4083 = ORIENTED_EDGE ( 'NONE', *, *, #2645, .T. ) ;
#4084 = FILL_AREA_STYLE_COLOUR ( '', #2813 ) ;
#4085 = EDGE_CURVE ( 'NONE', #180, #1133, #1141, .T. ) ;
#4086 = ORIENTED_EDGE ( 'NONE', *, *, #633, .T. ) ;
#4087 =( LENGTH_UNIT ( ) NAMED_UNIT ( * ) SI_UNIT ( .MILLI., .METRE. ) );
#4088 = PLANE ( 'NONE',  #658 ) ;
#4089 = FILL_AREA_STYLE ('',( #3445 ) ) ;
#4090 =( GEOMETRIC_REPRESENTATION_CONTEXT ( 3 ) GLOBAL_UNCERTAINTY_ASSIGNED_CONTEXT ( ( #3491 ) ) GLOBAL_UNIT_ASSIGNED_CONTEXT ( ( #3676, #3584, #261 ) ) REPRESENTATION_CONTEXT ( 'NONE', 'WORKASPACE' ) );
#4091 = CARTESIAN_POINT ( 'NONE',  ( -1.269999999999999352, 0.9399999999999999467, -0.5000000000000000000 ) ) ;
#4092 = CARTESIAN_POINT ( 'NONE',  ( -0.2799999999999990274, 0.000000000000000000, 0.7999999999999999334 ) ) ;
#4093 = DIRECTION ( 'NONE',  ( 7.228014483236698528E-16, -0.000000000000000000, 1.000000000000000000 ) ) ;
#4094 = ORIENTED_EDGE ( 'NONE', *, *, #781, .F. ) ;
#4095 = AXIS2_PLACEMENT_3D ( 'NONE', #2707, #2405, #4010 ) ;
#4096 = CARTESIAN_POINT ( 'NONE',  ( -0.2799999999999991940, 0.000000000000000000, -0.5000000000000000000 ) ) ;
#4097 = PLANE ( 'NONE',  #3264 ) ;
#4098 = CARTESIAN_POINT ( 'NONE',  ( -0.2799999999999991940, -4.000000000000000000, -0.5000000000000000000 ) ) ;
#4099 = ORIENTED_EDGE ( 'NONE', *, *, #510, .T. ) ;
#4100 = DIRECTION ( 'NONE',  ( 0.000000000000000000, 0.000000000000000000, 1.000000000000000000 ) ) ;
#4101 = FACE_OUTER_BOUND ( 'NONE', #3394, .T. ) ;
#4102 = DIRECTION ( 'NONE',  ( -1.000000000000000000, -0.000000000000000000, -0.000000000000000000 ) ) ;
#4103 = VECTOR ( 'NONE', #769, 1000.000000000000000 ) ;
#4104 = PRESENTATION_LAYER_ASSIGNMENT (  '', '', ( #174 ) ) ;
#4105 = VECTOR ( 'NONE', #1904, 1000.000000000000000 ) ;
#4106 = EDGE_CURVE ( 'NONE', #2460, #974, #713, .T. ) ;
#4107 = VERTEX_POINT ( 'NONE', #740 ) ;
#4108 = SURFACE_STYLE_USAGE ( .BOTH. , #3062 ) ;
#4109 = ORIENTED_EDGE ( 'NONE', *, *, #2417, .T. ) ;
#4110 = AXIS2_PLACEMENT_3D ( 'NONE', #3728, #2099, #121 ) ;
#4111 = VERTEX_POINT ( 'NONE', #3043 ) ;
#4112 = LINE ( 'NONE', #3379, #1931 ) ;
#4113 = MECHANICAL_DESIGN_GEOMETRIC_PRESENTATION_REPRESENTATION (  '', ( #1160 ), #3827 ) ;
#4114 = ADVANCED_FACE ( 'NONE', ( #3360 ), #4088, .F. ) ;
#4115 = FILL_AREA_STYLE_COLOUR ( '', #1440 ) ;
#4116 = STYLED_ITEM ( 'NONE', ( #1613 ), #3482 ) ;
#4117 = CARTESIAN_POINT ( 'NONE',  ( 1.270000000000001128, 0.000000000000000000, 0.4999999999999998890 ) ) ;
#4118 = ORIENTED_EDGE ( 'NONE', *, *, #749, .T. ) ;
#4119 = FACE_OUTER_BOUND ( 'NONE', #2322, .T. ) ;
#4120 = VECTOR ( 'NONE', #2114, 1000.000000000000000 ) ;
#4121 = EDGE_LOOP ( 'NONE', ( #3807, #2352, #3432, #841 ) ) ;
#4122 = LINE ( 'NONE', #195, #3014 ) ;
#4123 = EDGE_CURVE ( 'NONE', #349, #1706, #85, .T. ) ;
#4124 = LINE ( 'NONE', #2484, #1650 ) ;
#4125 = STYLED_ITEM ( 'NONE', ( #64 ), #614 ) ;
#4126 = PRESENTATION_STYLE_ASSIGNMENT (( #3476 ) ) ;
#4127 = STYLED_ITEM ( 'NONE', ( #2791 ), #289 ) ;
#4128 = UNCERTAINTY_MEASURE_WITH_UNIT (LENGTH_MEASURE( 1.000000000000000082E-05 ), #2269, 'distance_accuracy_value', 'NONE');
#4129 = FILL_AREA_STYLE ('',( #1538 ) ) ;
#4130 = CLOSED_SHELL ( 'NONE', ( #1274, #4027, #2740, #3753, #3930, #2948, #916, #2500, #3734, #3388, #3446, #3178, #61, #2819, #3472, #546, #630, #3020, #460, #4074, #4258, #1426, #900, #1927, #3555, #1161, #729, #3660, #1403, #3235, #1749, #2983, #2407, #4114, #2924, #2639, #3961, #1123, #1176, #1853, #2461, #144, #853 ) ) ;
#4131 = ORIENTED_EDGE ( 'NONE', *, *, #1883, .F. ) ;
#4132 = SURFACE_STYLE_USAGE ( .BOTH. , #489 ) ;
#4133 = LINE ( 'NONE', #130, #1960 ) ;
#4134 = ORIENTED_EDGE ( 'NONE', *, *, #4162, .T. ) ;
#4135 = CARTESIAN_POINT ( 'NONE',  ( 0.000000000000000000, 0.000000000000000000, 0.000000000000000000 ) ) ;
#4136 = EDGE_CURVE ( 'NONE', #1468, #2307, #2411, .T. ) ;
#4137 = ORIENTED_EDGE ( 'NONE', *, *, #1, .F. ) ;
#4138 = CARTESIAN_POINT ( 'NONE',  ( 0.2800000000000008593, 0.000000000000000000, 0.4999999999999998890 ) ) ;
#4139 = UNCERTAINTY_MEASURE_WITH_UNIT (LENGTH_MEASURE( 1.000000000000000082E-05 ), #1502, 'distance_accuracy_value', 'NONE');
#4140 = PLANE ( 'NONE',  #2054 ) ;
#4141 = PLANE ( 'NONE',  #3363 ) ;
#4142 = LINE ( 'NONE', #2429, #3820 ) ;
#4143 = ORIENTED_EDGE ( 'NONE', *, *, #434, .F. ) ;
#4144 = VERTEX_POINT ( 'NONE', #2781 ) ;
#4145 = SURFACE_STYLE_USAGE ( .BOTH. , #2835 ) ;
#4146 = CARTESIAN_POINT ( 'NONE',  ( -1.599999999999999423, 0.000000000000000000, 0.7999999999999999334 ) ) ;
#4147 = ORIENTED_EDGE ( 'NONE', *, *, #4013, .T. ) ;
#4148 = FACE_OUTER_BOUND ( 'NONE', #1627, .T. ) ;
#4149 = PRESENTATION_STYLE_ASSIGNMENT (( #3793 ) ) ;
#4150 = UNCERTAINTY_MEASURE_WITH_UNIT (LENGTH_MEASURE( 1.000000000000000082E-05 ), #138, 'distance_accuracy_value', 'NONE');
#4151 = EDGE_LOOP ( 'NONE', ( #1216, #1589, #2015, #3542 ) ) ;
#4152 = ORIENTED_EDGE ( 'NONE', *, *, #781, .T. ) ;
#4153 = VECTOR ( 'NONE', #4155, 1000.000000000000000 ) ;
#4154 =( LENGTH_UNIT ( ) NAMED_UNIT ( * ) SI_UNIT ( .MILLI., .METRE. ) );
#4155 = DIRECTION ( 'NONE',  ( -0.000000000000000000, -0.000000000000000000, -1.000000000000000000 ) ) ;
#4156 = EDGE_CURVE ( 'NONE', #349, #1797, #1422, .T. ) ;
#4157 = DIRECTION ( 'NONE',  ( -1.000000000000000000, 0.000000000000000000, -7.228014483236698528E-16 ) ) ;
#4158 = FILL_AREA_STYLE ('',( #1496 ) ) ;
#4159 =( NAMED_UNIT ( * ) PLANE_ANGLE_UNIT ( ) SI_UNIT ( $, .RADIAN. ) );
#4160 =( GEOMETRIC_REPRESENTATION_CONTEXT ( 3 ) GLOBAL_UNCERTAINTY_ASSIGNED_CONTEXT ( ( #2655 ) ) GLOBAL_UNIT_ASSIGNED_CONTEXT ( ( #3127, #3710, #767 ) ) REPRESENTATION_CONTEXT ( 'NONE', 'WORKASPACE' ) );
#4161 = CARTESIAN_POINT ( 'NONE',  ( -1.269999999999999352, 0.000000000000000000, 0.5000000000000000000 ) ) ;
#4162 = EDGE_CURVE ( 'NONE', #3304, #349, #3423, .T. ) ;
#4163 = ORIENTED_EDGE ( 'NONE', *, *, #1068, .F. ) ;
#4164 = CARTESIAN_POINT ( 'NONE',  ( 0.7100000000000011857, -4.000000000000000000, 0.7999999999999999334 ) ) ;
#4165 = ORIENTED_EDGE ( 'NONE', *, *, #2140, .F. ) ;
#4166 = DIRECTION ( 'NONE',  ( -1.000000000000000000, 0.000000000000000000, 1.936075308009829170E-16 ) ) ;
#4167 = CARTESIAN_POINT ( 'NONE',  ( -0.2799999999999991940, -4.000000000000000000, 0.5000000000000000000 ) ) ;
#4168 = COLOUR_RGB ( '',0.7529411764705882248, 0.7529411764705882248, 0.7529411764705882248 ) ;
#4169 = LINE ( 'NONE', #3341, #2312 ) ;
#4170 = EDGE_CURVE ( 'NONE', #3851, #852, #1752, .T. ) ;
#4171 = VECTOR ( 'NONE', #1252, 1000.000000000000000 ) ;
#4172 = ORIENTED_EDGE ( 'NONE', *, *, #1249, .T. ) ;
#4173 = DIRECTION ( 'NONE',  ( 1.000000000000000000, 0.000000000000000000, 0.000000000000000000 ) ) ;
#4174 =( GEOMETRIC_REPRESENTATION_CONTEXT ( 3 ) GLOBAL_UNCERTAINTY_ASSIGNED_CONTEXT ( ( #1607 ) ) GLOBAL_UNIT_ASSIGNED_CONTEXT ( ( #2792, #1442, #2435 ) ) REPRESENTATION_CONTEXT ( 'NONE', 'WORKASPACE' ) );
#4175 = ORIENTED_EDGE ( 'NONE', *, *, #3912, .T. ) ;
#4176 = VECTOR ( 'NONE', #3191, 1000.000000000000000 ) ;
#4177 =( NAMED_UNIT ( * ) PLANE_ANGLE_UNIT ( ) SI_UNIT ( $, .RADIAN. ) );
#4178 = EDGE_CURVE ( 'NONE', #4187, #849, #2763, .T. ) ;
#4179 = FILL_AREA_STYLE ('',( #4025 ) ) ;
#4180 = SURFACE_SIDE_STYLE ('',( #1884 ) ) ;
#4181 = SURFACE_STYLE_USAGE ( .BOTH. , #3576 ) ;
#4182 = VECTOR ( 'NONE', #1315, 1000.000000000000000 ) ;
#4183 =( GEOMETRIC_REPRESENTATION_CONTEXT ( 3 ) GLOBAL_UNCERTAINTY_ASSIGNED_CONTEXT ( ( #1112 ) ) GLOBAL_UNIT_ASSIGNED_CONTEXT ( ( #568, #596, #3222 ) ) REPRESENTATION_CONTEXT ( 'NONE', 'WORKASPACE' ) );
#4184 = FACE_OUTER_BOUND ( 'NONE', #2825, .T. ) ;
#4185 =( GEOMETRIC_REPRESENTATION_CONTEXT ( 3 ) GLOBAL_UNCERTAINTY_ASSIGNED_CONTEXT ( ( #3351 ) ) GLOBAL_UNIT_ASSIGNED_CONTEXT ( ( #2824, #2154, #3719 ) ) REPRESENTATION_CONTEXT ( 'NONE', 'WORKASPACE' ) );
#4186 = LINE ( 'NONE', #293, #3617 ) ;
#4187 = VERTEX_POINT ( 'NONE', #211 ) ;
#4188 = CARTESIAN_POINT ( 'NONE',  ( 0.7100000000000009637, 0.9399999999999999467, 0.5000000000000000000 ) ) ;
#4189 = COLOUR_RGB ( '',1.000000000000000000, 1.000000000000000000, 1.000000000000000000 ) ;
#4190 = ORIENTED_EDGE ( 'NONE', *, *, #2140, .T. ) ;
#4191 = EDGE_CURVE ( 'NONE', #1319, #1133, #2543, .T. ) ;
#4192 = DIRECTION ( 'NONE',  ( -1.936075308009829417E-16, 0.000000000000000000, -1.000000000000000000 ) ) ;
#4193 = VECTOR ( 'NONE', #2095, 1000.000000000000000 ) ;
#4194 = FILL_AREA_STYLE ('',( #3179 ) ) ;
#4195 =( NAMED_UNIT ( * ) PLANE_ANGLE_UNIT ( ) SI_UNIT ( $, .RADIAN. ) );
#4196 = SURFACE_STYLE_FILL_AREA ( #1910 ) ;
#4197 = VECTOR ( 'NONE', #3208, 1000.000000000000000 ) ;
#4198 = ORIENTED_EDGE ( 'NONE', *, *, #2718, .F. ) ;
#4199 = MECHANICAL_DESIGN_GEOMETRIC_PRESENTATION_REPRESENTATION (  '', ( #2134 ), #4209 ) ;
#4200 = VECTOR ( 'NONE', #1000, 1000.000000000000000 ) ;
#4201 = UNCERTAINTY_MEASURE_WITH_UNIT (LENGTH_MEASURE( 1.000000000000000082E-05 ), #2517, 'distance_accuracy_value', 'NONE');
#4202 = LINE ( 'NONE', #2887, #783 ) ;
#4203 = ORIENTED_EDGE ( 'NONE', *, *, #3346, .F. ) ;
#4204 = CARTESIAN_POINT ( 'NONE',  ( -0.2799999999999991940, 0.000000000000000000, -0.5000000000000000000 ) ) ;
#4205 = SURFACE_STYLE_USAGE ( .BOTH. , #276 ) ;
#4206 =( GEOMETRIC_REPRESENTATION_CONTEXT ( 3 ) GLOBAL_UNCERTAINTY_ASSIGNED_CONTEXT ( ( #3132 ) ) GLOBAL_UNIT_ASSIGNED_CONTEXT ( ( #1676, #3977, #3008 ) ) REPRESENTATION_CONTEXT ( 'NONE', 'WORKASPACE' ) );
#4207 = CARTESIAN_POINT ( 'NONE',  ( 0.7100000000000011857, 0.9399999999999999467, -0.7999999999999999334 ) ) ;
#4208 =( LENGTH_UNIT ( ) NAMED_UNIT ( * ) SI_UNIT ( .MILLI., .METRE. ) );
#4209 =( GEOMETRIC_REPRESENTATION_CONTEXT ( 3 ) GLOBAL_UNCERTAINTY_ASSIGNED_CONTEXT ( ( #2486 ) ) GLOBAL_UNIT_ASSIGNED_CONTEXT ( ( #3741, #3096, #2446 ) ) REPRESENTATION_CONTEXT ( 'NONE', 'WORKASPACE' ) );
#4210 =( NAMED_UNIT ( * ) SI_UNIT ( $, .STERADIAN. ) SOLID_ANGLE_UNIT ( ) );
#4211 = DIRECTION ( 'NONE',  ( 0.000000000000000000, 0.000000000000000000, -1.000000000000000000 ) ) ;
#4212 = PLANE ( 'NONE',  #2268 ) ;
#4213 =( NAMED_UNIT ( * ) SI_UNIT ( $, .STERADIAN. ) SOLID_ANGLE_UNIT ( ) );
#4214 = VERTEX_POINT ( 'NONE', #918 ) ;
#4215 = LINE ( 'NONE', #1247, #1379 ) ;
#4216 = VECTOR ( 'NONE', #1259, 1000.000000000000000 ) ;
#4217 = CARTESIAN_POINT ( 'NONE',  ( 0.1388232159864901949, 0.9399999999999999467, 0.2800000000000000266 ) ) ;
#4218 = LINE ( 'NONE', #3199, #856 ) ;
#4219 =( NAMED_UNIT ( * ) PLANE_ANGLE_UNIT ( ) SI_UNIT ( $, .RADIAN. ) );
#4220 = EDGE_CURVE ( 'NONE', #566, #3665, #1611, .T. ) ;
#4221 = UNCERTAINTY_MEASURE_WITH_UNIT (LENGTH_MEASURE( 1.000000000000000082E-05 ), #1716, 'distance_accuracy_value', 'NONE');
#4222 = ORIENTED_EDGE ( 'NONE', *, *, #3357, .F. ) ;
#4223 = SURFACE_SIDE_STYLE ('',( #3920 ) ) ;
#4224 = CARTESIAN_POINT ( 'NONE',  ( 1.300000000000000933, 0.000000000000000000, 0.2550000000000000044 ) ) ;
#4225 = ORIENTED_EDGE ( 'NONE', *, *, #203, .T. ) ;
#4226 = APPLICATION_PROTOCOL_DEFINITION ( 'draft international standard', 'automotive_design', 1998, #2778 ) ;
#4227 = PRESENTATION_STYLE_ASSIGNMENT (( #4181 ) ) ;
#4228 =( LENGTH_UNIT ( ) NAMED_UNIT ( * ) SI_UNIT ( .MILLI., .METRE. ) );
#4229 = LINE ( 'NONE', #3497, #866 ) ;
#4230 = DIRECTION ( 'NONE',  ( 0.000000000000000000, 0.000000000000000000, 1.000000000000000000 ) ) ;
#4231 = CARTESIAN_POINT ( 'NONE',  ( -0.7099999999999994094, -4.000000000000000000, 0.7999999999999999334 ) ) ;
#4232 = VECTOR ( 'NONE', #2789, 1000.000000000000000 ) ;
#4233 = ORIENTED_EDGE ( 'NONE', *, *, #2184, .T. ) ;
#4234 = UNCERTAINTY_MEASURE_WITH_UNIT (LENGTH_MEASURE( 1.000000000000000082E-05 ), #2228, 'distance_accuracy_value', 'NONE');
#4235 = LINE ( 'NONE', #891, #1707 ) ;
#4236 = CARTESIAN_POINT ( 'NONE',  ( -0.7099999999999994094, 0.000000000000000000, 0.4999999999999998890 ) ) ;
#4237 = DIRECTION ( 'NONE',  ( 0.000000000000000000, 0.000000000000000000, 1.000000000000000000 ) ) ;
#4238 = FACE_OUTER_BOUND ( 'NONE', #2943, .T. ) ;
#4239 = COLOUR_RGB ( '',0.7529411764705882248, 0.7529411764705882248, 0.7529411764705882248 ) ;
#4240 = VECTOR ( 'NONE', #4072, 1000.000000000000000 ) ;
#4241 = VECTOR ( 'NONE', #2832, 1000.000000000000000 ) ;
#4242 = CARTESIAN_POINT ( 'NONE',  ( 0.7100000000000009637, 0.000000000000000000, 0.5000000000000000000 ) ) ;
#4243 = PLANE ( 'NONE',  #1919 ) ;
#4244 = COLOUR_RGB ( '',1.000000000000000000, 1.000000000000000000, 1.000000000000000000 ) ;
#4245 = PRESENTATION_LAYER_ASSIGNMENT (  '', '', ( #2879 ) ) ;
#4246 = CARTESIAN_POINT ( 'NONE',  ( 1.300000000000000933, 0.000000000000000000, 0.2550000000000000044 ) ) ;
#4247 = DIRECTION ( 'NONE',  ( -0.000000000000000000, 0.000000000000000000, -1.000000000000000000 ) ) ;
#4248 = MECHANICAL_DESIGN_GEOMETRIC_PRESENTATION_REPRESENTATION (  '', ( #107 ), #4185 ) ;
#4249 = CARTESIAN_POINT ( 'NONE',  ( 0.1388232159864901949, 0.9399999999999999467, 0.2800000000000000266 ) ) ;
#4250 = EDGE_CURVE ( 'NONE', #3675, #2814, #3853, .T. ) ;
#4251 = AXIS2_PLACEMENT_3D ( 'NONE', #505, #1534, #364 ) ;
#4252 = ORIENTED_EDGE ( 'NONE', *, *, #158, .F. ) ;
#4253 = PRESENTATION_LAYER_ASSIGNMENT (  '', '', ( #2816 ) ) ;
#4254 = VECTOR ( 'NONE', #1457, 1000.000000000000000 ) ;
#4255 = ORIENTED_EDGE ( 'NONE', *, *, #598, .F. ) ;
#4256 = VECTOR ( 'NONE', #2404, 1000.000000000000000 ) ;
#4257 =( LENGTH_UNIT ( ) NAMED_UNIT ( * ) SI_UNIT ( .MILLI., .METRE. ) );
#4258 = ADVANCED_FACE ( 'NONE', ( #3168 ), #582, .F. ) ;
#4259 = FILL_AREA_STYLE ('',( #3330 ) ) ;
#4260 =( NAMED_UNIT ( * ) SI_UNIT ( $, .STERADIAN. ) SOLID_ANGLE_UNIT ( ) );
#4261 = ORIENTED_EDGE ( 'NONE', *, *, #2769, .F. ) ;
#4262 = FILL_AREA_STYLE_COLOUR ( '', #3223 ) ;
#4263 = FACE_OUTER_BOUND ( 'NONE', #3219, .T. ) ;
#4264 = DIRECTION ( 'NONE',  ( 0.000000000000000000, 0.000000000000000000, 1.000000000000000000 ) ) ;
#4265 = LINE ( 'NONE', #1322, #159 ) ;
ENDSEC;
END-ISO-10303-21;
