ISO-10303-21;
HEADER;
FILE_DESCRIPTION (( 'STEP AP214' ),
    '1' );
FILE_NAME ('SKY13418-485LF.STEP',
    '2024-11-01T10:12:17',
    ( '' ),
    ( '' ),
    'SwSTEP 2.0',
    'SolidWorks 2024',
    '' );
FILE_SCHEMA (( 'AUTOMOTIVE_DESIGN' ));
ENDSEC;

DATA;
#1 = ORIENTED_EDGE ( 'NONE', *, *, #9290, .F. ) ;
#2 = AXIS2_PLACEMENT_3D ( 'NONE', #9124, #5359, #3505 ) ;
#3 = EDGE_LOOP ( 'NONE', ( #10358, #7128, #6857, #9363 ) ) ;
#4 = CARTESIAN_POINT ( 'NONE',  ( -0.1000000000000031697, 0.5700000000000000622, -0.9159880624910617941 ) ) ;
#5 = ADVANCED_FACE ( 'NONE', ( #5609 ), #10240, .F. ) ;
#6 = VECTOR ( 'NONE', #296, 1000.000000000000000 ) ;
#7 = COLOUR_RGB ( '',0.6666666666666666297, 0.6980392156862744724, 0.7686274509803920907 ) ;
#8 = CARTESIAN_POINT ( 'NONE',  ( 0.3190119375089380260, 0.5700000000000000622, 0.9349999999999977218 ) ) ;
#9 = EDGE_CURVE ( 'NONE', #7358, #2996, #9640, .T. ) ;
#10 = VECTOR ( 'NONE', #10454, 1000.000000000000000 ) ;
#11 = COLOUR_RGB ( '',0.6666666666666666297, 0.6980392156862744724, 0.7686274509803920907 ) ;
#12 = SURFACE_STYLE_USAGE ( .BOTH. , #2861 ) ;
#13 = AXIS2_PLACEMENT_3D ( 'NONE', #3929, #64, #8940 ) ;
#14 = SURFACE_STYLE_USAGE ( .BOTH. , #6638 ) ;
#15 = DIRECTION ( 'NONE',  ( 7.445597760232267219E-15, 0.000000000000000000, -1.000000000000000000 ) ) ;
#16 = ORIENTED_EDGE ( 'NONE', *, *, #7374, .F. ) ;
#17 = ORIENTED_EDGE ( 'NONE', *, *, #8258, .T. ) ;
#18 = CARTESIAN_POINT ( 'NONE',  ( -0.3190119375089373044, 0.5700000000000000622, 0.7549999999999977840 ) ) ;
#19 =( GEOMETRIC_REPRESENTATION_CONTEXT ( 3 ) GLOBAL_UNCERTAINTY_ASSIGNED_CONTEXT ( ( #3605 ) ) GLOBAL_UNIT_ASSIGNED_CONTEXT ( ( #3417, #604, #8265 ) ) REPRESENTATION_CONTEXT ( 'NONE', 'WORKASPACE' ) );
#20 = CIRCLE ( 'NONE', #10816, 0.1149999999999999772 ) ;
#21 = DIRECTION ( 'NONE',  ( 0.000000000000000000, -0.000000000000000000, 1.000000000000000000 ) ) ;
#22 = ORIENTED_EDGE ( 'NONE', *, *, #5517, .F. ) ;
#23 = ORIENTED_EDGE ( 'NONE', *, *, #795, .F. ) ;
#24 = FACE_OUTER_BOUND ( 'NONE', #4051, .T. ) ;
#25 =( NAMED_UNIT ( * ) SI_UNIT ( $, .STERADIAN. ) SOLID_ANGLE_UNIT ( ) );
#26 = CIRCLE ( 'NONE', #205, 0.01000000000000002623 ) ;
#27 = LINE ( 'NONE', #1938, #10427 ) ;
#28 = EDGE_CURVE ( 'NONE', #11587, #2188, #11853, .T. ) ;
#29 = DIRECTION ( 'NONE',  ( 0.000000000000000000, 0.000000000000000000, -1.000000000000000000 ) ) ;
#30 = VECTOR ( 'NONE', #3930, 1000.000000000000000 ) ;
#31 = CIRCLE ( 'NONE', #8661, 0.01901193750893743692 ) ;
#32 = CARTESIAN_POINT ( 'NONE',  ( -0.7549999999999976730, 0.5700000000000000622, 0.7559880624910606528 ) ) ;
#33 = DIRECTION ( 'NONE',  ( 0.000000000000000000, 0.000000000000000000, -1.000000000000000000 ) ) ;
#34 = VERTEX_POINT ( 'NONE', #11800 ) ;
#35 = CARTESIAN_POINT ( 'NONE',  ( 0.9349999999999998312, 0.5700000000000000622, -0.1440119375089366494 ) ) ;
#36 = ORIENTED_EDGE ( 'NONE', *, *, #10281, .T. ) ;
#37 =( GEOMETRIC_REPRESENTATION_CONTEXT ( 3 ) GLOBAL_UNCERTAINTY_ASSIGNED_CONTEXT ( ( #354 ) ) GLOBAL_UNIT_ASSIGNED_CONTEXT ( ( #11947, #11809, #489 ) ) REPRESENTATION_CONTEXT ( 'NONE', 'WORKASPACE' ) );
#38 = CARTESIAN_POINT ( 'NONE',  ( -0.9449999999999976197, 0.5500000000000000444, -0.7559880624910617630 ) ) ;
#39 = ORIENTED_EDGE ( 'NONE', *, *, #9809, .F. ) ;
#40 = LINE ( 'NONE', #9709, #8519 ) ;
#41 = ORIENTED_EDGE ( 'NONE', *, *, #9588, .F. ) ;
#42 =( NAMED_UNIT ( * ) SI_UNIT ( $, .STERADIAN. ) SOLID_ANGLE_UNIT ( ) );
#43 = CARTESIAN_POINT ( 'NONE',  ( 0.1099999999999968225, 0.5600000000000000533, -0.9159880624910630154 ) ) ;
#44 = DIRECTION ( 'NONE',  ( -0.000000000000000000, -1.000000000000000000, -0.000000000000000000 ) ) ;
#45 = COLOUR_RGB ( '',0.6666666666666666297, 0.6980392156862744724, 0.7686274509803920907 ) ;
#46 =( NAMED_UNIT ( * ) PLANE_ANGLE_UNIT ( ) SI_UNIT ( $, .RADIAN. ) );
#47 = CARTESIAN_POINT ( 'NONE',  ( 0.7740119375089370424, 0.5500000000000000444, -0.1440119375089355669 ) ) ;
#48 = EDGE_LOOP ( 'NONE', ( #7744, #5284, #1516, #11840 ) ) ;
#49 =( GEOMETRIC_REPRESENTATION_CONTEXT ( 3 ) GLOBAL_UNCERTAINTY_ASSIGNED_CONTEXT ( ( #9898 ) ) GLOBAL_UNIT_ASSIGNED_CONTEXT ( ( #9289, #1663, #10355 ) ) REPRESENTATION_CONTEXT ( 'NONE', 'WORKASPACE' ) );
#50 = ADVANCED_FACE ( 'NONE', ( #4044 ), #1345, .F. ) ;
#51 = COLOUR_RGB ( '',0.6666666666666666297, 0.6980392156862744724, 0.7686274509803920907 ) ;
#52 = ADVANCED_FACE ( 'NONE', ( #9921 ), #5915, .T. ) ;
#53 = STYLED_ITEM ( 'NONE', ( #1144 ), #3113 ) ;
#54 = SURFACE_STYLE_USAGE ( .BOTH. , #2854 ) ;
#55 = SURFACE_SIDE_STYLE ('',( #866 ) ) ;
#56 = FILL_AREA_STYLE ('',( #5800 ) ) ;
#57 = EDGE_LOOP ( 'NONE', ( #12170, #1238, #4435, #4809, #452, #2504, #8511, #5900 ) ) ;
#58 = STYLED_ITEM ( 'NONE', ( #5323 ), #5921 ) ;
#59 = MECHANICAL_DESIGN_GEOMETRIC_PRESENTATION_REPRESENTATION (  '', ( #4628 ), #6457 ) ;
#60 =( LENGTH_UNIT ( ) NAMED_UNIT ( * ) SI_UNIT ( .MILLI., .METRE. ) );
#61 = TOROIDAL_SURFACE ( 'NONE', #6661, 0.02901193750893743539, 0.01000000000000000021 ) ;
#62 = FACE_OUTER_BOUND ( 'NONE', #6072, .T. ) ;
#63 =( LENGTH_UNIT ( ) NAMED_UNIT ( * ) SI_UNIT ( .MILLI., .METRE. ) );
#64 = DIRECTION ( 'NONE',  ( 0.000000000000000000, -1.000000000000000000, 0.000000000000000000 ) ) ;
#65 = ORIENTED_EDGE ( 'NONE', *, *, #6045, .F. ) ;
#66 = ADVANCED_FACE ( 'NONE', ( #4226 ), #167, .F. ) ;
#67 = EDGE_CURVE ( 'NONE', #3153, #7775, #7018, .T. ) ;
#68 = AXIS2_PLACEMENT_3D ( 'NONE', #5534, #7456, #10658 ) ;
#69 = ORIENTED_EDGE ( 'NONE', *, *, #5199, .F. ) ;
#70 = EDGE_LOOP ( 'NONE', ( #11215, #2816, #3492, #776 ) ) ;
#71 =( NAMED_UNIT ( * ) PLANE_ANGLE_UNIT ( ) SI_UNIT ( $, .RADIAN. ) );
#72 = DIRECTION ( 'NONE',  ( -1.000000000000000000, 0.000000000000000000, 6.693592482257194052E-15 ) ) ;
#73 = CIRCLE ( 'NONE', #6051, 0.01000000000000002623 ) ;
#74 = DIRECTION ( 'NONE',  ( 0.000000000000000000, -1.000000000000000000, 0.000000000000000000 ) ) ;
#75 = ORIENTED_EDGE ( 'NONE', *, *, #2551, .F. ) ;
#76 = CARTESIAN_POINT ( 'NONE',  ( 0.3190119375089377485, 0.5600000000000000533, 0.7549999999999977840 ) ) ;
#77 = SURFACE_SIDE_STYLE ('',( #1886 ) ) ;
#78 =( GEOMETRIC_REPRESENTATION_CONTEXT ( 3 ) GLOBAL_UNCERTAINTY_ASSIGNED_CONTEXT ( ( #1459 ) ) GLOBAL_UNIT_ASSIGNED_CONTEXT ( ( #2926, #9514, #7787 ) ) REPRESENTATION_CONTEXT ( 'NONE', 'WORKASPACE' ) );
#79 = DIRECTION ( 'NONE',  ( -5.421010862427507971E-15, 0.000000000000000000, -1.000000000000000000 ) ) ;
#80 = MECHANICAL_DESIGN_GEOMETRIC_PRESENTATION_REPRESENTATION (  '', ( #1043 ), #7669 ) ;
#81 = SURFACE_STYLE_FILL_AREA ( #2822 ) ;
#82 =( NAMED_UNIT ( * ) PLANE_ANGLE_UNIT ( ) SI_UNIT ( $, .RADIAN. ) );
#83 = EDGE_LOOP ( 'NONE', ( #9863, #10604, #9506, #11246 ) ) ;
#84 = CARTESIAN_POINT ( 'NONE',  ( 0.08098806249106281496, 0.5700000000000000622, 0.7740119375089372644 ) ) ;
#85 = TOROIDAL_SURFACE ( 'NONE', #8309, 0.02901193750893743539, 0.01000000000000000021 ) ;
#86 = EDGE_CURVE ( 'NONE', #3050, #3513, #1530, .T. ) ;
#87 = ORIENTED_EDGE ( 'NONE', *, *, #11004, .T. ) ;
#88 =( LENGTH_UNIT ( ) NAMED_UNIT ( * ) SI_UNIT ( .MILLI., .METRE. ) );
#89 =( GEOMETRIC_REPRESENTATION_CONTEXT ( 3 ) GLOBAL_UNCERTAINTY_ASSIGNED_CONTEXT ( ( #8137 ) ) GLOBAL_UNIT_ASSIGNED_CONTEXT ( ( #1164, #3096, #982 ) ) REPRESENTATION_CONTEXT ( 'NONE', 'WORKASPACE' ) );
#90 = AXIS2_PLACEMENT_3D ( 'NONE', #4606, #12345, #3690 ) ;
#91 = ORIENTED_EDGE ( 'NONE', *, *, #8449, .T. ) ;
#92 = DIRECTION ( 'NONE',  ( 0.000000000000000000, 0.000000000000000000, -1.000000000000000000 ) ) ;
#93 = AXIS2_PLACEMENT_3D ( 'NONE', #9737, #8681, #3692 ) ;
#94 = VERTEX_POINT ( 'NONE', #10286 ) ;
#95 = ORIENTED_EDGE ( 'NONE', *, *, #7977, .T. ) ;
#96 = CARTESIAN_POINT ( 'NONE',  ( -0.4800000000000000377, 0.5600000000000000533, -0.4800000000000002043 ) ) ;
#97 =( NAMED_UNIT ( * ) PLANE_ANGLE_UNIT ( ) SI_UNIT ( $, .RADIAN. ) );
#99 = CARTESIAN_POINT ( 'NONE',  ( -0.4809880624910625735, 0.5600000000000000533, 0.7740119375089341558 ) ) ;
#98 = PRESENTATION_STYLE_ASSIGNMENT (( #7515 ) ) ;
#100 = PRESENTATION_LAYER_ASSIGNMENT (  '', '', ( #5675 ) ) ;
#101 = SURFACE_STYLE_USAGE ( .BOTH. , #8662 ) ;
#102 = LINE ( 'NONE', #11607, #1215 ) ;
#103 = SURFACE_STYLE_USAGE ( .BOTH. , #11265 ) ;
#105 = LINE ( 'NONE', #2334, #9677 ) ;
#104 = DIRECTION ( 'NONE',  ( -1.000000000000000000, 0.000000000000000000, 0.000000000000000000 ) ) ;
#106 = SURFACE_STYLE_FILL_AREA ( #4830 ) ;
#107 = EDGE_CURVE ( 'NONE', #2306, #5476, #8851, .T. ) ;
#108 = PRESENTATION_STYLE_ASSIGNMENT (( #3916 ) ) ;
#109 = ORIENTED_EDGE ( 'NONE', *, *, #10547, .T. ) ;
#110 = ORIENTED_EDGE ( 'NONE', *, *, #1203, .T. ) ;
#111 = FACE_OUTER_BOUND ( 'NONE', #2440, .T. ) ;
#112 =( NAMED_UNIT ( * ) PLANE_ANGLE_UNIT ( ) SI_UNIT ( $, .RADIAN. ) );
#113 = SURFACE_STYLE_FILL_AREA ( #1917 ) ;
#114 = UNCERTAINTY_MEASURE_WITH_UNIT (LENGTH_MEASURE( 1.000000000000000082E-05 ), #9895, 'distance_accuracy_value', 'NONE');
#115 = UNCERTAINTY_MEASURE_WITH_UNIT (LENGTH_MEASURE( 1.000000000000000082E-05 ), #3675, 'distance_accuracy_value', 'NONE');
#116 = FILL_AREA_STYLE_COLOUR ( '', #4106 ) ;
#117 = VERTEX_POINT ( 'NONE', #11243 ) ;
#118 = CARTESIAN_POINT ( 'NONE',  ( -0.4809880624910625735, 0.5600000000000000533, 0.7549999999999966738 ) ) ;
#119 = EDGE_CURVE ( 'NONE', #2514, #10833, #1658, .T. ) ;
#120 =( NAMED_UNIT ( * ) SI_UNIT ( $, .STERADIAN. ) SOLID_ANGLE_UNIT ( ) );
#121 = CARTESIAN_POINT ( 'NONE',  ( 0.7740119375089367093, 0.5700000000000000622, -0.3249999999999981237 ) ) ;
#122 = AXIS2_PLACEMENT_3D ( 'NONE', #3804, #2911, #8743 ) ;
#123 = FILL_AREA_STYLE_COLOUR ( '', #1783 ) ;
#124 = VERTEX_POINT ( 'NONE', #2418 ) ;
#125 =( NAMED_UNIT ( * ) SI_UNIT ( $, .STERADIAN. ) SOLID_ANGLE_UNIT ( ) );
#126 = UNCERTAINTY_MEASURE_WITH_UNIT (LENGTH_MEASURE( 1.000000000000000082E-05 ), #7963, 'distance_accuracy_value', 'NONE');
#127 = SURFACE_STYLE_USAGE ( .BOTH. , #7029 ) ;
#128 = VERTEX_POINT ( 'NONE', #10220 ) ;
#129 = CARTESIAN_POINT ( 'NONE',  ( -0.1100000000000026512, 0.5500000000000000444, -0.7740119375089365983 ) ) ;
#130 = ORIENTED_EDGE ( 'NONE', *, *, #203, .F. ) ;
#131 = EDGE_CURVE ( 'NONE', #7687, #4614, #10152, .T. ) ;
#132 = EDGE_CURVE ( 'NONE', #12167, #9979, #479, .T. ) ;
#133 = CARTESIAN_POINT ( 'NONE',  ( 0.7740119375089364873, 0.5500000000000000444, -0.3349999999999981881 ) ) ;
#134 = FILL_AREA_STYLE_COLOUR ( '', #10728 ) ;
#135 = SURFACE_SIDE_STYLE ('',( #7556 ) ) ;
#136 = SURFACE_STYLE_USAGE ( .BOTH. , #9003 ) ;
#138 = LINE ( 'NONE', #3124, #8712 ) ;
#137 = COLOUR_RGB ( '',0.6666666666666666297, 0.6980392156862744724, 0.7686274509803920907 ) ;
#139 = FILL_AREA_STYLE_COLOUR ( '', #10516 ) ;
#140 = ORIENTED_EDGE ( 'NONE', *, *, #3810, .F. ) ;
#141 = DIRECTION ( 'NONE',  ( -1.000000000000000000, -0.000000000000000000, -5.421010862427508759E-15 ) ) ;
#142 = SURFACE_SIDE_STYLE ('',( #4687 ) ) ;
#143 = ORIENTED_EDGE ( 'NONE', *, *, #6101, .F. ) ;
#144 = EDGE_CURVE ( 'NONE', #6223, #10139, #3609, .T. ) ;
#145 = CARTESIAN_POINT ( 'NONE',  ( -0.7740119375089361542, 0.5700000000000000622, 0.3249999999999982347 ) ) ;
#146 = EDGE_CURVE ( 'NONE', #6346, #11851, #5594, .T. ) ;
#147 = ORIENTED_EDGE ( 'NONE', *, *, #325, .F. ) ;
#148 = FILL_AREA_STYLE ('',( #8895 ) ) ;
#149 = ORIENTED_EDGE ( 'NONE', *, *, #9528, .T. ) ;
#150 = VECTOR ( 'NONE', #10058, 1000.000000000000000 ) ;
#151 = DIRECTION ( 'NONE',  ( 1.000000000000000000, 0.000000000000000000, -7.636510523315146756E-15 ) ) ;
#153 =( NAMED_UNIT ( * ) PLANE_ANGLE_UNIT ( ) SI_UNIT ( $, .RADIAN. ) );
#152 =( LENGTH_UNIT ( ) NAMED_UNIT ( * ) SI_UNIT ( .MILLI., .METRE. ) );
#154 = DIRECTION ( 'NONE',  ( -0.000000000000000000, 1.000000000000000000, -0.000000000000000000 ) ) ;
#155 = LINE ( 'NONE', #11672, #7342 ) ;
#156 = COLOUR_RGB ( '',0.6666666666666666297, 0.6980392156862744724, 0.7686274509803920907 ) ;
#157 =( LENGTH_UNIT ( ) NAMED_UNIT ( * ) SI_UNIT ( .MILLI., .METRE. ) );
#159 = DIRECTION ( 'NONE',  ( -0.000000000000000000, -1.000000000000000000, -0.000000000000000000 ) ) ;
#158 = CARTESIAN_POINT ( 'NONE',  ( 0.3000000000000004885, 0.5600000000000000533, 0.9159880624910602398 ) ) ;
#160 = EDGE_CURVE ( 'NONE', #6663, #11518, #534, .T. ) ;
#161 = CARTESIAN_POINT ( 'NONE',  ( 1.000000000000000222, 0.5500000000000000444, -1.000000000000000000 ) ) ;
#163 = FILL_AREA_STYLE_COLOUR ( '', #2039 ) ;
#162 = AXIS2_PLACEMENT_3D ( 'NONE', #3410, #7259, #9207 ) ;
#164 = CIRCLE ( 'NONE', #2559, 0.01000000000000002623 ) ;
#165 = DIRECTION ( 'NONE',  ( -0.000000000000000000, 0.000000000000000000, 1.000000000000000000 ) ) ;
#166 = VECTOR ( 'NONE', #2584, 1000.000000000000000 ) ;
#167 = CYLINDRICAL_SURFACE ( 'NONE', #10849, 0.01000000000000002623 ) ;
#168 = ORIENTED_EDGE ( 'NONE', *, *, #342, .T. ) ;
#169 = LINE ( 'NONE', #11749, #4193 ) ;
#170 = SURFACE_STYLE_USAGE ( .BOTH. , #8082 ) ;
#171 = COLOUR_RGB ( '',0.6666666666666666297, 0.6980392156862744724, 0.7686274509803920907 ) ;
#172 = DIRECTION ( 'NONE',  ( 0.000000000000000000, 0.000000000000000000, -1.000000000000000000 ) ) ;
#173 = AXIS2_PLACEMENT_3D ( 'NONE', #11353, #11589, #2881 ) ;
#174 = ORIENTED_EDGE ( 'NONE', *, *, #219, .T. ) ;
#175 = AXIS2_PLACEMENT_3D ( 'NONE', #2899, #104, #4031 ) ;
#176 = VECTOR ( 'NONE', #1564, 1000.000000000000000 ) ;
#177 = FILL_AREA_STYLE_COLOUR ( '', #3696 ) ;
#178 = DIRECTION ( 'NONE',  ( -0.000000000000000000, -1.000000000000000000, -0.000000000000000000 ) ) ;
#179 = SURFACE_STYLE_FILL_AREA ( #9680 ) ;
#180 = EDGE_LOOP ( 'NONE', ( #9523, #7542, #8438, #4972 ) ) ;
#181 = ORIENTED_EDGE ( 'NONE', *, *, #2086, .T. ) ;
#182 = PRESENTATION_STYLE_ASSIGNMENT (( #8808 ) ) ;
#183 = AXIS2_PLACEMENT_3D ( 'NONE', #2762, #6536, #10395 ) ;
#184 = ADVANCED_FACE ( 'NONE', ( #5329 ), #9285, .F. ) ;
#185 = VERTEX_POINT ( 'NONE', #6618 ) ;
#186 =( GEOMETRIC_REPRESENTATION_CONTEXT ( 3 ) GLOBAL_UNCERTAINTY_ASSIGNED_CONTEXT ( ( #8400 ) ) GLOBAL_UNIT_ASSIGNED_CONTEXT ( ( #2531, #10215, #8135 ) ) REPRESENTATION_CONTEXT ( 'NONE', 'WORKASPACE' ) );
#187 = STYLED_ITEM ( 'NONE', ( #12396 ), #481 ) ;
#188 =( LENGTH_UNIT ( ) NAMED_UNIT ( * ) SI_UNIT ( .MILLI., .METRE. ) );
#189 = AXIS2_PLACEMENT_3D ( 'NONE', #1538, #5406, #7148 ) ;
#190 = STYLED_ITEM ( 'NONE', ( #11519 ), #2588 ) ;
#191 = CARTESIAN_POINT ( 'NONE',  ( 0.5100000000000001199, 0.5600000000000000533, 0.4799999999999997602 ) ) ;
#192 = STYLED_ITEM ( 'NONE', ( #1177 ), #5393 ) ;
#193 = DIRECTION ( 'NONE',  ( 7.362951730482913772E-15, -0.000000000000000000, 1.000000000000000000 ) ) ;
#194 = DIRECTION ( 'NONE',  ( -0.000000000000000000, -1.000000000000000000, -0.000000000000000000 ) ) ;
#195 =( NAMED_UNIT ( * ) SI_UNIT ( $, .STERADIAN. ) SOLID_ANGLE_UNIT ( ) );
#196 = AXIS2_PLACEMENT_3D ( 'NONE', #10411, #6613, #10348 ) ;
#197 = AXIS2_PLACEMENT_3D ( 'NONE', #96, #2947, #10720 ) ;
#198 = AXIS2_PLACEMENT_3D ( 'NONE', #5546, #926, #9427 ) ;
#199 = ORIENTED_EDGE ( 'NONE', *, *, #7231, .T. ) ;
#200 = AXIS2_PLACEMENT_3D ( 'NONE', #7269, #6367, #9050 ) ;
#201 = DIRECTION ( 'NONE',  ( 1.000000000000000000, 0.000000000000000000, -7.254684997149389260E-15 ) ) ;
#202 = DIRECTION ( 'NONE',  ( -1.000000000000000000, 0.000000000000000000, 1.084202172485501594E-14 ) ) ;
#203 = EDGE_CURVE ( 'NONE', #3885, #2188, #8028, .T. ) ;
#204 = ORIENTED_EDGE ( 'NONE', *, *, #3576, .F. ) ;
#205 = AXIS2_PLACEMENT_3D ( 'NONE', #9160, #8205, #3354 ) ;
#206 = EDGE_CURVE ( 'NONE', #10445, #4437, #6423, .T. ) ;
#207 = FACE_OUTER_BOUND ( 'NONE', #5174, .T. ) ;
#208 = VECTOR ( 'NONE', #11067, 1000.000000000000000 ) ;
#209 = EDGE_LOOP ( 'NONE', ( #9142, #4994, #10323, #11783 ) ) ;
#210 = DIRECTION ( 'NONE',  ( 6.693592482257194052E-15, -0.000000000000000000, 1.000000000000000000 ) ) ;
#211 = VERTEX_POINT ( 'NONE', #1906 ) ;
#212 = CARTESIAN_POINT ( 'NONE',  ( 0.7740119375089370424, 0.5600000000000000533, -0.3059880624910606972 ) ) ;
#213 = VERTEX_POINT ( 'NONE', #1966 ) ;
#214 = SURFACE_STYLE_FILL_AREA ( #801 ) ;
#215 = CARTESIAN_POINT ( 'NONE',  ( -0.9999999999999997780, 0.4500000000000001776, 0.6875000000000007772 ) ) ;
#216 = VECTOR ( 'NONE', #12460, 1000.000000000000000 ) ;
#217 =( NAMED_UNIT ( * ) SI_UNIT ( $, .STERADIAN. ) SOLID_ANGLE_UNIT ( ) );
#218 = UNCERTAINTY_MEASURE_WITH_UNIT (LENGTH_MEASURE( 1.000000000000000082E-05 ), #377, 'distance_accuracy_value', 'NONE');
#219 = EDGE_CURVE ( 'NONE', #10011, #6402, #2782, .T. ) ;
#220 = DIRECTION ( 'NONE',  ( 0.000000000000000000, 0.000000000000000000, -1.000000000000000000 ) ) ;
#221 = FILL_AREA_STYLE ('',( #5964 ) ) ;
#222 = CARTESIAN_POINT ( 'NONE',  ( -0.7449999999999976641, 0.5600000000000000533, 0.5940119375089355502 ) ) ;
#223 = DIRECTION ( 'NONE',  ( 1.710823274023216041E-14, 0.000000000000000000, -1.000000000000000000 ) ) ;
#224 = CARTESIAN_POINT ( 'NONE',  ( 0.7549999999999993383, 0.5700000000000000622, 0.3059880624910607527 ) ) ;
#225 = LINE ( 'NONE', #5850, #7470 ) ;
#226 = EDGE_LOOP ( 'NONE', ( #7350, #2314, #2077, #7993 ) ) ;
#227 = CARTESIAN_POINT ( 'NONE',  ( 1.000000000000000222, 0.5500000000000000444, 1.000000000000000000 ) ) ;
#228 = UNCERTAINTY_MEASURE_WITH_UNIT (LENGTH_MEASURE( 1.000000000000000082E-05 ), #2122, 'distance_accuracy_value', 'NONE');
#229 = ADVANCED_FACE ( 'NONE', ( #1035, #6498 ), #12321, .T. ) ;
#230 = UNCERTAINTY_MEASURE_WITH_UNIT (LENGTH_MEASURE( 1.000000000000000082E-05 ), #4294, 'distance_accuracy_value', 'NONE');
#231 = DIRECTION ( 'NONE',  ( -1.000000000000000000, 0.000000000000000000, 0.000000000000000000 ) ) ;
#232 = CIRCLE ( 'NONE', #434, 0.01000000000000002623 ) ;
#233 = CARTESIAN_POINT ( 'NONE',  ( 0.7549999999999981171, 0.5700000000000000622, 0.7559880624910606528 ) ) ;
#234 =( NAMED_UNIT ( * ) PLANE_ANGLE_UNIT ( ) SI_UNIT ( $, .RADIAN. ) );
#235 = CARTESIAN_POINT ( 'NONE',  ( 0.9159880624910622382, 0.5600000000000000533, 0.1440119375089366216 ) ) ;
#236 = DIRECTION ( 'NONE',  ( 1.000000000000000000, 0.000000000000000000, -7.636510523315148333E-15 ) ) ;
#237 = ORIENTED_EDGE ( 'NONE', *, *, #4038, .F. ) ;
#238 = CARTESIAN_POINT ( 'NONE',  ( -0.5100000000000000089, 0.5600000000000000533, -0.5000000000000002220 ) ) ;
#239 = CARTESIAN_POINT ( 'NONE',  ( -0.08098806249106771382, 0.5600000000000000533, -0.9450000000000012834 ) ) ;
#240 = VERTEX_POINT ( 'NONE', #7698 ) ;
#241 = SURFACE_SIDE_STYLE ('',( #5097 ) ) ;
#242 = DIRECTION ( 'NONE',  ( -1.000000000000000000, -1.084202172485501752E-14, 1.084202172485501752E-14 ) ) ;
#243 = ORIENTED_EDGE ( 'NONE', *, *, #6727, .F. ) ;
#244 = STYLED_ITEM ( 'NONE', ( #3150 ), #5824 ) ;
#245 = SURFACE_STYLE_USAGE ( .BOTH. , #2168 ) ;
#246 = PRESENTATION_LAYER_ASSIGNMENT (  '', '', ( #8279 ) ) ;
#247 = MECHANICAL_DESIGN_GEOMETRIC_PRESENTATION_REPRESENTATION (  '', ( #7670 ), #259 ) ;
#248 = CARTESIAN_POINT ( 'NONE',  ( -0.08098806249106238475, 0.5600000000000000533, 0.9159880624910624602 ) ) ;
#249 =( GEOMETRIC_REPRESENTATION_CONTEXT ( 3 ) GLOBAL_UNCERTAINTY_ASSIGNED_CONTEXT ( ( #8671 ) ) GLOBAL_UNIT_ASSIGNED_CONTEXT ( ( #6443, #11085, #9302 ) ) REPRESENTATION_CONTEXT ( 'NONE', 'WORKASPACE' ) );
#250 = CARTESIAN_POINT ( 'NONE',  ( -0.3190119375089376375, 0.5500000000000000444, 0.9449999999999977307 ) ) ;
#251 = ADVANCED_FACE ( 'NONE', ( #7521 ), #11485, .F. ) ;
#252 = FACE_OUTER_BOUND ( 'NONE', #4908, .T. ) ;
#253 =( NAMED_UNIT ( * ) PLANE_ANGLE_UNIT ( ) SI_UNIT ( $, .RADIAN. ) );
#254 = CYLINDRICAL_SURFACE ( 'NONE', #1004, 0.01000000000000002623 ) ;
#255 = PRESENTATION_LAYER_ASSIGNMENT (  '', '', ( #5839 ) ) ;
#256 = COLOUR_RGB ( '',0.6666666666666666297, 0.6980392156862744724, 0.7686274509803920907 ) ;
#257 = ORIENTED_EDGE ( 'NONE', *, *, #11887, .F. ) ;
#258 = LINE ( 'NONE', #5889, #7091 ) ;
#259 =( GEOMETRIC_REPRESENTATION_CONTEXT ( 3 ) GLOBAL_UNCERTAINTY_ASSIGNED_CONTEXT ( ( #2475 ) ) GLOBAL_UNIT_ASSIGNED_CONTEXT ( ( #7923, #10592, #5765 ) ) REPRESENTATION_CONTEXT ( 'NONE', 'WORKASPACE' ) );
#260 = CYLINDRICAL_SURFACE ( 'NONE', #5449, 0.01901193750893732937 ) ;
#261 = EDGE_LOOP ( 'NONE', ( #8626, #10229, #6981, #4937 ) ) ;
#262 = FILL_AREA_STYLE_COLOUR ( '', #3589 ) ;
#263 = SURFACE_STYLE_FILL_AREA ( #1257 ) ;
#264 = SURFACE_STYLE_USAGE ( .BOTH. , #8891 ) ;
#265 = AXIS2_PLACEMENT_3D ( 'NONE', #9364, #11017, #12333 ) ;
#266 =( GEOMETRIC_REPRESENTATION_CONTEXT ( 3 ) GLOBAL_UNCERTAINTY_ASSIGNED_CONTEXT ( ( #218 ) ) GLOBAL_UNIT_ASSIGNED_CONTEXT ( ( #377, #2301, #5105 ) ) REPRESENTATION_CONTEXT ( 'NONE', 'WORKASPACE' ) );
#267 = VERTEX_POINT ( 'NONE', #5598 ) ;
#268 = CIRCLE ( 'NONE', #7300, 0.01901193750893765549 ) ;
#269 = SURFACE_STYLE_USAGE ( .BOTH. , #10715 ) ;
#270 = CARTESIAN_POINT ( 'NONE',  ( 0.7740119375089355991, 0.5600000000000000533, 0.5749999999999981792 ) ) ;
#271 = EDGE_CURVE ( 'NONE', #8359, #6649, #3406, .T. ) ;
#272 = FILL_AREA_STYLE_COLOUR ( '', #10498 ) ;
#273 = VERTEX_POINT ( 'NONE', #1838 ) ;
#274 = LINE ( 'NONE', #398, #4184 ) ;
#275 = STYLED_ITEM ( 'NONE', ( #712 ), #6956 ) ;
#276 = SURFACE_STYLE_USAGE ( .BOTH. , #9953 ) ;
#278 = LINE ( 'NONE', #3211, #594 ) ;
#277 = SURFACE_STYLE_FILL_AREA ( #5834 ) ;
#279 =( GEOMETRIC_REPRESENTATION_CONTEXT ( 3 ) GLOBAL_UNCERTAINTY_ASSIGNED_CONTEXT ( ( #6629 ) ) GLOBAL_UNIT_ASSIGNED_CONTEXT ( ( #1594, #6306, #11297 ) ) REPRESENTATION_CONTEXT ( 'NONE', 'WORKASPACE' ) );
#280 = PRESENTATION_LAYER_ASSIGNMENT (  '', '', ( #480 ) ) ;
#281 = DIRECTION ( 'NONE',  ( 0.000000000000000000, -1.000000000000000000, 0.000000000000000000 ) ) ;
#282 = ORIENTED_EDGE ( 'NONE', *, *, #11272, .T. ) ;
#283 = ORIENTED_EDGE ( 'NONE', *, *, #1515, .T. ) ;
#284 = SURFACE_STYLE_FILL_AREA ( #7131 ) ;
#285 = CARTESIAN_POINT ( 'NONE',  ( -0.08098806249106589583, 0.5700000000000000622, 0.9349999999999992761 ) ) ;
#286 = STYLED_ITEM ( 'NONE', ( #7407 ), #7286 ) ;
#287 = FILL_AREA_STYLE ('',( #2273 ) ) ;
#289 = FACE_OUTER_BOUND ( 'NONE', #7147, .T. ) ;
#288 = LINE ( 'NONE', #4894, #3999 ) ;
#290 = CARTESIAN_POINT ( 'NONE',  ( -0.7740119375089365983, 0.5600000000000000533, 0.3059880624910606972 ) ) ;
#291 = ADVANCED_FACE ( 'NONE', ( #5656 ), #4589, .T. ) ;
#292 = LINE ( 'NONE', #8789, #10319 ) ;
#293 = EDGE_CURVE ( 'NONE', #2442, #6116, #5905, .T. ) ;
#294 = SURFACE_SIDE_STYLE ('',( #3975 ) ) ;
#295 = CARTESIAN_POINT ( 'NONE',  ( 0.7740119375089353770, 0.5600000000000000533, 0.7749999999999981348 ) ) ;
#296 = DIRECTION ( 'NONE',  ( -1.000000000000000000, -0.000000000000000000, 6.693592482257192474E-15 ) ) ;
#297 = VECTOR ( 'NONE', #3680, 1000.000000000000000 ) ;
#298 = CARTESIAN_POINT ( 'NONE',  ( 1.000000000000000222, 0.5500000000000000444, -1.000000000000000000 ) ) ;
#299 =( NAMED_UNIT ( * ) PLANE_ANGLE_UNIT ( ) SI_UNIT ( $, .RADIAN. ) );
#300 = LINE ( 'NONE', #9924, #5587 ) ;
#301 = CARTESIAN_POINT ( 'NONE',  ( -0.7549999999999976730, 0.5600000000000000533, -0.7559880624910606528 ) ) ;
#302 = EDGE_CURVE ( 'NONE', #10004, #2749, #1409, .T. ) ;
#303 = LINE ( 'NONE', #11876, #9728 ) ;
#304 = ORIENTED_EDGE ( 'NONE', *, *, #11361, .T. ) ;
#305 = CARTESIAN_POINT ( 'NONE',  ( 0.7549999999999981171, 0.5600000000000000533, 0.7559880624910606528 ) ) ;
#306 =( LENGTH_UNIT ( ) NAMED_UNIT ( * ) SI_UNIT ( .MILLI., .METRE. ) );
#307 = CARTESIAN_POINT ( 'NONE',  ( 0.9449999999999992850, 0.5500000000000000444, -0.3059880624910618629 ) ) ;
#308 = STYLED_ITEM ( 'NONE', ( #4271 ), #7918 ) ;
#309 = ORIENTED_EDGE ( 'NONE', *, *, #7977, .F. ) ;
#310 = DIRECTION ( 'NONE',  ( 0.000000000000000000, 0.000000000000000000, -1.000000000000000000 ) ) ;
#311 = FILL_AREA_STYLE ('',( #1241 ) ) ;
#312 = COLOUR_RGB ( '',0.6666666666666666297, 0.6980392156862744724, 0.7686274509803920907 ) ;
#313 = ADVANCED_FACE ( 'NONE', ( #10853 ), #1099, .F. ) ;
#314 = SURFACE_SIDE_STYLE ('',( #1243 ) ) ;
#315 = DIRECTION ( 'NONE',  ( -1.000000000000000000, 0.000000000000000000, 0.000000000000000000 ) ) ;
#316 = CYLINDRICAL_SURFACE ( 'NONE', #8020, 0.01000000000000002623 ) ;
#317 = CARTESIAN_POINT ( 'NONE',  ( 0.7449999999999979972, 0.5600000000000000533, -0.7559880624910606528 ) ) ;
#318 = VERTEX_POINT ( 'NONE', #3218 ) ;
#319 =( NAMED_UNIT ( * ) PLANE_ANGLE_UNIT ( ) SI_UNIT ( $, .RADIAN. ) );
#320 = DIRECTION ( 'NONE',  ( 0.000000000000000000, 0.000000000000000000, -1.000000000000000000 ) ) ;
#321 = AXIS2_PLACEMENT_3D ( 'NONE', #5196, #4088, #220 ) ;
#322 = EDGE_LOOP ( 'NONE', ( #9389, #1127, #10124, #1197 ) ) ;
#323 =( GEOMETRIC_REPRESENTATION_CONTEXT ( 3 ) GLOBAL_UNCERTAINTY_ASSIGNED_CONTEXT ( ( #12075 ) ) GLOBAL_UNIT_ASSIGNED_CONTEXT ( ( #4409, #10096, #5398 ) ) REPRESENTATION_CONTEXT ( 'NONE', 'WORKASPACE' ) );
#324 =( NAMED_UNIT ( * ) SI_UNIT ( $, .STERADIAN. ) SOLID_ANGLE_UNIT ( ) );
#325 = EDGE_CURVE ( 'NONE', #6332, #1566, #9492, .T. ) ;
#326 = DIRECTION ( 'NONE',  ( -1.000000000000000000, 1.084202172485501752E-14, 1.084202172485501752E-14 ) ) ;
#327 = EDGE_LOOP ( 'NONE', ( #11030, #2610, #8094, #9128, #3122, #4632, #2988, #7748 ) ) ;
#328 = FILL_AREA_STYLE ('',( #7805 ) ) ;
#329 = FACE_OUTER_BOUND ( 'NONE', #7303, .T. ) ;
#330 = VERTEX_POINT ( 'NONE', #3910 ) ;
#331 = SURFACE_SIDE_STYLE ('',( #3205 ) ) ;
#333 = VERTEX_POINT ( 'NONE', #4089 ) ;
#332 = PRESENTATION_LAYER_ASSIGNMENT (  '', '', ( #7563 ) ) ;
#334 = FACE_OUTER_BOUND ( 'NONE', #9745, .T. ) ;
#336 = CARTESIAN_POINT ( 'NONE',  ( 0.3761947705487494464, 0.5700000000000000622, -0.4827586206896554155 ) ) ;
#335 = CARTESIAN_POINT ( 'NONE',  ( 0.5000000000000000000, 0.5600000000000000533, -0.5000000000000002220 ) ) ;
#337 = FILL_AREA_STYLE ('',( #9718 ) ) ;
#338 = VERTEX_POINT ( 'NONE', #9723 ) ;
#339 = SURFACE_STYLE_FILL_AREA ( #7125 ) ;
#340 = UNCERTAINTY_MEASURE_WITH_UNIT (LENGTH_MEASURE( 1.000000000000000082E-05 ), #9140, 'distance_accuracy_value', 'NONE');
#341 = EDGE_LOOP ( 'NONE', ( #5384, #3383, #8806, #5792 ) ) ;
#342 = EDGE_CURVE ( 'NONE', #2735, #1486, #31, .T. ) ;
#343 = DIRECTION ( 'NONE',  ( -1.000000000000000000, 0.000000000000000000, 2.710505431213753985E-15 ) ) ;
#344 = MECHANICAL_DESIGN_GEOMETRIC_PRESENTATION_REPRESENTATION (  '', ( #4518 ), #4128 ) ;
#345 = DIRECTION ( 'NONE',  ( -0.000000000000000000, 1.000000000000000000, -0.000000000000000000 ) ) ;
#347 = DIRECTION ( 'NONE',  ( -1.084202172485501594E-14, 0.000000000000000000, 1.000000000000000000 ) ) ;
#346 = LINE ( 'NONE', #1514, #6201 ) ;
#348 = FILL_AREA_STYLE ('',( #2092 ) ) ;
#349 = ORIENTED_EDGE ( 'NONE', *, *, #4730, .F. ) ;
#350 = FILL_AREA_STYLE ('',( #8070 ) ) ;
#351 = SURFACE_STYLE_FILL_AREA ( #2036 ) ;
#352 = FACE_OUTER_BOUND ( 'NONE', #10166, .T. ) ;
#353 = UNCERTAINTY_MEASURE_WITH_UNIT (LENGTH_MEASURE( 1.000000000000000082E-05 ), #11604, 'distance_accuracy_value', 'NONE');
#354 = UNCERTAINTY_MEASURE_WITH_UNIT (LENGTH_MEASURE( 1.000000000000000082E-05 ), #11947, 'distance_accuracy_value', 'NONE');
#355 = EDGE_CURVE ( 'NONE', #3338, #5436, #11864, .T. ) ;
#356 = SURFACE_STYLE_USAGE ( .BOTH. , #8075 ) ;
#357 = EDGE_CURVE ( 'NONE', #6952, #1261, #11788, .T. ) ;
#358 = AXIS2_PLACEMENT_3D ( 'NONE', #11231, #4510, #657 ) ;
#359 = ORIENTED_EDGE ( 'NONE', *, *, #12447, .F. ) ;
#360 = CARTESIAN_POINT ( 'NONE',  ( -0.9159880624910621272, 0.5600000000000000533, 0.1249999999999991951 ) ) ;
#361 = TOROIDAL_SURFACE ( 'NONE', #1744, 0.02901193750893595047, 0.01000000000000000021 ) ;
#362 = ORIENTED_EDGE ( 'NONE', *, *, #11949, .T. ) ;
#363 = LINE ( 'NONE', #424, #12368 ) ;
#364 = CARTESIAN_POINT ( 'NONE',  ( 0.9159880624910621272, 0.5500000000000000444, 0.3059880624910617519 ) ) ;
#365 = VECTOR ( 'NONE', #5059, 1000.000000000000000 ) ;
#366 = UNCERTAINTY_MEASURE_WITH_UNIT (LENGTH_MEASURE( 1.000000000000000082E-05 ), #9822, 'distance_accuracy_value', 'NONE');
#367 = FACE_OUTER_BOUND ( 'NONE', #652, .T. ) ;
#368 = EDGE_CURVE ( 'NONE', #9979, #12172, #8784, .T. ) ;
#369 = ORIENTED_EDGE ( 'NONE', *, *, #9995, .T. ) ;
#370 = PRESENTATION_LAYER_ASSIGNMENT (  '', '', ( #2760 ) ) ;
#371 = LINE ( 'NONE', #9870, #9044 ) ;
#372 = EDGE_CURVE ( 'NONE', #10321, #1251, #4988, .T. ) ;
#373 = DIRECTION ( 'NONE',  ( -1.000000000000000000, 0.000000000000000000, 0.000000000000000000 ) ) ;
#374 = LINE ( 'NONE', #8033, #12461 ) ;
#375 = COLOUR_RGB ( '',0.6666666666666666297, 0.6980392156862744724, 0.7686274509803920907 ) ;
#376 = VECTOR ( 'NONE', #840, 1000.000000000000000 ) ;
#377 =( LENGTH_UNIT ( ) NAMED_UNIT ( * ) SI_UNIT ( .MILLI., .METRE. ) );
#378 = AXIS2_PLACEMENT_3D ( 'NONE', #1699, #5514, #9392 ) ;
#379 = DIRECTION ( 'NONE',  ( -1.084202172485501594E-14, 0.000000000000000000, 1.000000000000000000 ) ) ;
#380 = CARTESIAN_POINT ( 'NONE',  ( -0.9159880624910599067, 0.5500000000000000444, -0.7849999999999992539 ) ) ;
#381 = ORIENTED_EDGE ( 'NONE', *, *, #7172, .T. ) ;
#382 = PRESENTATION_LAYER_ASSIGNMENT (  '', '', ( #6164 ) ) ;
#383 = PRESENTATION_LAYER_ASSIGNMENT (  '', '', ( #1365 ) ) ;
#384 = COLOUR_RGB ( '',0.6666666666666666297, 0.6980392156862744724, 0.7686274509803920907 ) ;
#385 = ORIENTED_EDGE ( 'NONE', *, *, #4331, .T. ) ;
#386 =( LENGTH_UNIT ( ) NAMED_UNIT ( * ) SI_UNIT ( .MILLI., .METRE. ) );
#387 = EDGE_CURVE ( 'NONE', #6993, #7913, #102, .T. ) ;
#388 = DIRECTION ( 'NONE',  ( -3.346796241128597815E-15, 0.000000000000000000, -1.000000000000000000 ) ) ;
#389 = AXIS2_PLACEMENT_3D ( 'NONE', #9561, #12350, #8502 ) ;
#390 = ORIENTED_EDGE ( 'NONE', *, *, #28, .F. ) ;
#391 = CIRCLE ( 'NONE', #3595, 0.009999999999999998473 ) ;
#392 = VECTOR ( 'NONE', #2083, 1000.000000000000000 ) ;
#393 = MECHANICAL_DESIGN_GEOMETRIC_PRESENTATION_REPRESENTATION (  '', ( #790 ), #6807 ) ;
#394 = VERTEX_POINT ( 'NONE', #6809 ) ;
#395 = CIRCLE ( 'NONE', #3598, 0.01901193750893743692 ) ;
#396 = ORIENTED_EDGE ( 'NONE', *, *, #8987, .T. ) ;
#397 = CARTESIAN_POINT ( 'NONE',  ( 0.5000000000000001110, 0.5600000000000000533, 0.4799999999999997602 ) ) ;
#398 = CARTESIAN_POINT ( 'NONE',  ( 0.7549999999999981171, 0.5700000000000000622, -0.5940119375089355502 ) ) ;
#399 = DIRECTION ( 'NONE',  ( 1.000000000000000000, 0.000000000000000000, -6.872859470983632553E-15 ) ) ;
#400 =( NAMED_UNIT ( * ) PLANE_ANGLE_UNIT ( ) SI_UNIT ( $, .RADIAN. ) );
#401 = DIRECTION ( 'NONE',  ( 0.000000000000000000, 0.000000000000000000, -1.000000000000000000 ) ) ;
#402 = ORIENTED_EDGE ( 'NONE', *, *, #2586, .T. ) ;
#403 = AXIS2_PLACEMENT_3D ( 'NONE', #12317, #6739, #1833 ) ;
#404 = CLOSED_SHELL ( 'NONE', ( #9867, #5475, #2154, #606, #1270, #2045, #6248, #2121, #1219, #6357, #9278, #11479, #5985, #10499, #50, #6171, #7649, #9087, #7268, #5382, #229, #1581, #2142, #4579, #481, #6340, #1426, #7420, #1398, #6292, #2588, #9671, #4858, #4934, #3506, #3563, #12048, #4695, #7829, #8530, #10036, #9754, #12256, #11975, #1440, #8367, #10018, #5790, #1363, #2173, #52, #6933, #10154, #10168, #2971, #7286, #11053, #6539, #11314, #11363, #5921, #10771, #8853, #6233, #1705, #3344, #291, #5729, #2097, #1034, #9529, #7444, #3077, #8938, #12107, #8688, #1112, #558, #4368, #2419, #6155, #1578, #12164, #4919, #3949, #8709, #2656, #740, #1816, #5049, #2313, #6801, #8508, #2431, #10221, #2208, #6053, #1880, #4028, #2889, #7962, #3289, #1664, #8797, #10051, #11986, #2190, #8429, #3718, #12293, #1116, #3298, #4091, #8675, #10555, #1994, #8097, #4425, #7364, #5715, #4785, #11457, #2697, #7332, #8999, #1069, #4406, #1438, #7092, #5936, #2725, #2737, #10992, #9825, #4906, #3855, #6114, #6956, #9967, #11666, #1772, #10587, #6312, #3169, #7035, #8273, #11289, #5219, #8778, #4545, #2302, #831, #8663, #4749, #8038, #8722, #5393, #8543, #6503, #3653, #1730, #714, #5749, #3248, #2445, #11762, #6271, #1963, #7498, #10386, #5560, #4094, #5824, #251, #8180, #7731, #5143, #11826, #313, #3871, #2953, #10891, #9383, #10344, #6169, #6625, #12244, #9560, #10351, #8763, #1746, #7682, #6880, #6583, #10756, #9572, #2875, #6489, #3127, #3265, #8370, #9121, #11112, #11736, #9415, #11719, #2739, #3306, #2270, #4820, #7192, #4024, #5630, #7588, #7814, #5, #10520, #3209, #4839, #8077, #813, #184, #11153, #2518, #2810, #11126, #2337, #7266, #3230, #6420, #1524, #10841, #9183, #4247, #9880, #908, #8956, #4770, #5669, #5698, #1543, #7800, #4515, #8901, #4453, #1085, #3966, #8313, #9644, #3032, #1130, #579, #11070, #8832, #11669, #9368, #7574, #6834, #11473, #3113, #8453, #66, #1558, #1667, #7918, #8489, #12147, #11927, #9292, #5330, #4035, #11437, #8591, #7422, #6711, #10670, #7717, #7517, #7894, #3089, #2535, #5879 ) ) ;
#405 = PRESENTATION_STYLE_ASSIGNMENT (( #2271 ) ) ;
#406 = SURFACE_STYLE_FILL_AREA ( #5014 ) ;
#407 = COLOUR_RGB ( '',0.6666666666666666297, 0.6980392156862744724, 0.7686274509803920907 ) ;
#408 = CARTESIAN_POINT ( 'NONE',  ( -0.9159880624910602398, 0.5700000000000000622, 0.5749999999999991784 ) ) ;
#409 = DIRECTION ( 'NONE',  ( 0.000000000000000000, -1.000000000000000000, 0.000000000000000000 ) ) ;
#410 =( NAMED_UNIT ( * ) PLANE_ANGLE_UNIT ( ) SI_UNIT ( $, .RADIAN. ) );
#411 = SURFACE_STYLE_USAGE ( .BOTH. , #527 ) ;
#412 = CARTESIAN_POINT ( 'NONE',  ( -0.7549999999999976730, 0.5700000000000000622, -0.5940119375089355502 ) ) ;
#413 = AXIS2_PLACEMENT_3D ( 'NONE', #1600, #1480, #5472 ) ;
#414 = EDGE_CURVE ( 'NONE', #10302, #10139, #10665, .T. ) ;
#415 = DIRECTION ( 'NONE',  ( 0.000000000000000000, -1.000000000000000000, 0.000000000000000000 ) ) ;
#416 = CARTESIAN_POINT ( 'NONE',  ( 0.5100000000000004530, 0.5600000000000000533, -0.9159880624910591296 ) ) ;
#417 = DIRECTION ( 'NONE',  ( -1.000000000000000000, 0.000000000000000000, -0.000000000000000000 ) ) ;
#418 = CARTESIAN_POINT ( 'NONE',  ( 0.7449999999999979972, 0.5600000000000000533, -0.5940119375089355502 ) ) ;
#419 = FACE_OUTER_BOUND ( 'NONE', #4072, .T. ) ;
#420 =( NAMED_UNIT ( * ) PLANE_ANGLE_UNIT ( ) SI_UNIT ( $, .RADIAN. ) );
#421 = VERTEX_POINT ( 'NONE', #408 ) ;
#422 = FACE_OUTER_BOUND ( 'NONE', #2824, .T. ) ;
#423 = EDGE_CURVE ( 'NONE', #4867, #6212, #9859, .T. ) ;
#424 = CARTESIAN_POINT ( 'NONE',  ( -0.7740119375089349329, 0.5700000000000000622, 0.7749999999999981348 ) ) ;
#425 = FILL_AREA_STYLE ('',( #4176 ) ) ;
#426 = DIRECTION ( 'NONE',  ( 0.000000000000000000, 0.000000000000000000, -1.000000000000000000 ) ) ;
#427 = ORIENTED_EDGE ( 'NONE', *, *, #11155, .F. ) ;
#428 = FACE_OUTER_BOUND ( 'NONE', #7566, .T. ) ;
#429 = LINE ( 'NONE', #8092, #11911 ) ;
#430 = ORIENTED_EDGE ( 'NONE', *, *, #7759, .T. ) ;
#431 = FACE_OUTER_BOUND ( 'NONE', #4731, .T. ) ;
#432 = CARTESIAN_POINT ( 'NONE',  ( -0.9159880624910600178, 0.5700000000000000622, 0.7749999999999992450 ) ) ;
#433 = AXIS2_PLACEMENT_3D ( 'NONE', #2018, #5605, #9412 ) ;
#434 = AXIS2_PLACEMENT_3D ( 'NONE', #1986, #11498, #10559 ) ;
#435 = FILL_AREA_STYLE_COLOUR ( '', #1260 ) ;
#436 = DIRECTION ( 'NONE',  ( -1.084202172485504311E-16, 0.000000000000000000, -1.000000000000000000 ) ) ;
#437 = EDGE_CURVE ( 'NONE', #12283, #211, #7245, .T. ) ;
#438 = CARTESIAN_POINT ( 'NONE',  ( -0.4809880624910625735, 0.5600000000000000533, -0.7740119375089341558 ) ) ;
#439 = ORIENTED_EDGE ( 'NONE', *, *, #6762, .T. ) ;
#440 = DIRECTION ( 'NONE',  ( 0.000000000000000000, -1.000000000000000000, 0.000000000000000000 ) ) ;
#441 = AXIS2_PLACEMENT_3D ( 'NONE', #5477, #9357, #733 ) ;
#442 = ORIENTED_EDGE ( 'NONE', *, *, #10918, .F. ) ;
#444 = VERTEX_POINT ( 'NONE', #11923 ) ;
#443 = AXIS2_PLACEMENT_3D ( 'NONE', #7982, #10835, #92 ) ;
#445 = ORIENTED_EDGE ( 'NONE', *, *, #10187, .T. ) ;
#446 = SURFACE_STYLE_USAGE ( .BOTH. , #7112 ) ;
#447 = CARTESIAN_POINT ( 'NONE',  ( 0.3000000000000004885, 0.5700000000000000622, -0.7740119375089351550 ) ) ;
#448 = MECHANICAL_DESIGN_GEOMETRIC_PRESENTATION_REPRESENTATION (  '', ( #7684 ), #9409 ) ;
#449 = EDGE_LOOP ( 'NONE', ( #1957, #5672, #586, #11217 ) ) ;
#450 = PRESENTATION_STYLE_ASSIGNMENT (( #1386 ) ) ;
#451 = AXIS2_PLACEMENT_3D ( 'NONE', #9092, #469, #1469 ) ;
#452 = ORIENTED_EDGE ( 'NONE', *, *, #1648, .T. ) ;
#453 = DIRECTION ( 'NONE',  ( 1.000000000000000000, 0.000000000000000000, 2.168404344971009115E-16 ) ) ;
#454 = VECTOR ( 'NONE', #10682, 1000.000000000000000 ) ;
#455 = EDGE_CURVE ( 'NONE', #2316, #1185, #3288, .T. ) ;
#456 =( NAMED_UNIT ( * ) PLANE_ANGLE_UNIT ( ) SI_UNIT ( $, .RADIAN. ) );
#457 =( GEOMETRIC_REPRESENTATION_CONTEXT ( 3 ) GLOBAL_UNCERTAINTY_ASSIGNED_CONTEXT ( ( #4710 ) ) GLOBAL_UNIT_ASSIGNED_CONTEXT ( ( #1403, #9146, #8185 ) ) REPRESENTATION_CONTEXT ( 'NONE', 'WORKASPACE' ) );
#458 = ORIENTED_EDGE ( 'NONE', *, *, #1272, .T. ) ;
#459 = DIRECTION ( 'NONE',  ( 0.000000000000000000, 0.000000000000000000, 1.000000000000000000 ) ) ;
#460 = UNCERTAINTY_MEASURE_WITH_UNIT (LENGTH_MEASURE( 1.000000000000000082E-05 ), #4337, 'distance_accuracy_value', 'NONE');
#461 = VERTEX_POINT ( 'NONE', #10364 ) ;
#462 =( GEOMETRIC_REPRESENTATION_CONTEXT ( 3 ) GLOBAL_UNCERTAINTY_ASSIGNED_CONTEXT ( ( #11681 ) ) GLOBAL_UNIT_ASSIGNED_CONTEXT ( ( #5411, #8414, #3618 ) ) REPRESENTATION_CONTEXT ( 'NONE', 'WORKASPACE' ) );
#463 = CARTESIAN_POINT ( 'NONE',  ( 0.08098806249106277333, 0.5700000000000000622, 0.9159880624910624602 ) ) ;
#464 = STYLED_ITEM ( 'NONE', ( #2668 ), #6834 ) ;
#465 = PRESENTATION_LAYER_ASSIGNMENT (  '', '', ( #12342 ) ) ;
#466 = DIRECTION ( 'NONE',  ( 0.000000000000000000, -0.000000000000000000, -1.000000000000000000 ) ) ;
#467 = STYLED_ITEM ( 'NONE', ( #12160 ), #1730 ) ;
#468 =( NAMED_UNIT ( * ) SI_UNIT ( $, .STERADIAN. ) SOLID_ANGLE_UNIT ( ) );
#469 = DIRECTION ( 'NONE',  ( 0.000000000000000000, -1.000000000000000000, 0.000000000000000000 ) ) ;
#470 = CARTESIAN_POINT ( 'NONE',  ( 0.4124999999999998668, 0.4750000000000000888, 1.000000000000000000 ) ) ;
#471 = COLOUR_RGB ( '',0.2509803921568627416, 0.2509803921568627416, 0.2509803921568627416 ) ;
#472 = VECTOR ( 'NONE', #10699, 1000.000000000000000 ) ;
#473 = ORIENTED_EDGE ( 'NONE', *, *, #4195, .F. ) ;
#474 = CARTESIAN_POINT ( 'NONE',  ( 0.7549999999999981171, 0.5700000000000000622, 0.5940119375089355502 ) ) ;
#475 = FACE_OUTER_BOUND ( 'NONE', #261, .T. ) ;
#476 = FILL_AREA_STYLE_COLOUR ( '', #471 ) ;
#477 = VECTOR ( 'NONE', #2748, 1000.000000000000000 ) ;
#478 = PRESENTATION_LAYER_ASSIGNMENT (  '', '', ( #1478 ) ) ;
#479 = LINE ( 'NONE', #10097, #7440 ) ;
#480 = STYLED_ITEM ( 'NONE', ( #11803 ), #6539 ) ;
#481 = ADVANCED_FACE ( 'NONE', ( #4657 ), #11313, .F. ) ;
#482 = FILL_AREA_STYLE ('',( #6109 ) ) ;
#483 = CARTESIAN_POINT ( 'NONE',  ( 0.9349999999999980549, 0.5600000000000000533, 0.5940119375089366605 ) ) ;
#484 = DIRECTION ( 'NONE',  ( -0.000000000000000000, -0.000000000000000000, -1.000000000000000000 ) ) ;
#485 = VERTEX_POINT ( 'NONE', #9422 ) ;
#486 = CARTESIAN_POINT ( 'NONE',  ( 0.9159880624910607949, 0.5500000000000000444, 0.5649999999999991696 ) ) ;
#487 =( NAMED_UNIT ( * ) SI_UNIT ( $, .STERADIAN. ) SOLID_ANGLE_UNIT ( ) );
#488 = ORIENTED_EDGE ( 'NONE', *, *, #959, .T. ) ;
#489 =( NAMED_UNIT ( * ) SI_UNIT ( $, .STERADIAN. ) SOLID_ANGLE_UNIT ( ) );
#490 = UNCERTAINTY_MEASURE_WITH_UNIT (LENGTH_MEASURE( 1.000000000000000082E-05 ), #2612, 'distance_accuracy_value', 'NONE');
#491 = DIRECTION ( 'NONE',  ( 0.000000000000000000, -0.000000000000000000, 1.000000000000000000 ) ) ;
#492 = ORIENTED_EDGE ( 'NONE', *, *, #6502, .T. ) ;
#493 = PRESENTATION_LAYER_ASSIGNMENT (  '', '', ( #700 ) ) ;
#494 = DIRECTION ( 'NONE',  ( 0.000000000000000000, 1.000000000000000000, -0.000000000000000000 ) ) ;
#495 = EDGE_CURVE ( 'NONE', #12017, #4373, #806, .T. ) ;
#496 = CARTESIAN_POINT ( 'NONE',  ( -0.9449999999999993960, 0.5500000000000000444, 0.1440119375089367326 ) ) ;
#497 = CARTESIAN_POINT ( 'NONE',  ( -0.5100000000000000089, 0.5600000000000000533, 0.9159880624910591296 ) ) ;
#498 = DIRECTION ( 'NONE',  ( 1.000000000000000000, 0.000000000000000000, -2.710505431213753985E-15 ) ) ;
#499 = AXIS2_PLACEMENT_3D ( 'NONE', #3036, #5136, #5083 ) ;
#500 = DIRECTION ( 'NONE',  ( 0.000000000000000000, -1.000000000000000000, 0.000000000000000000 ) ) ;
#501 = ORIENTED_EDGE ( 'NONE', *, *, #7848, .T. ) ;
#502 = EDGE_LOOP ( 'NONE', ( #1789, #8566, #7354, #12076, #5427, #9167, #8173, #4721, #9075, #6408 ) ) ;
#503 =( NAMED_UNIT ( * ) PLANE_ANGLE_UNIT ( ) SI_UNIT ( $, .RADIAN. ) );
#504 = VERTEX_POINT ( 'NONE', #6509 ) ;
#505 = VERTEX_POINT ( 'NONE', #5728 ) ;
#506 = CARTESIAN_POINT ( 'NONE',  ( -0.9999999999999997780, 0.4500000000000001776, 0.2125000000000007716 ) ) ;
#507 = EDGE_CURVE ( 'NONE', #1974, #7897, #10834, .T. ) ;
#508 = EDGE_CURVE ( 'NONE', #318, #7665, #12042, .T. ) ;
#509 = COLOUR_RGB ( '',0.6666666666666666297, 0.6980392156862744724, 0.7686274509803920907 ) ;
#510 = ORIENTED_EDGE ( 'NONE', *, *, #2568, .F. ) ;
#511 = ORIENTED_EDGE ( 'NONE', *, *, #2626, .F. ) ;
#512 = PRESENTATION_STYLE_ASSIGNMENT (( #9135 ) ) ;
#513 = SURFACE_STYLE_FILL_AREA ( #1393 ) ;
#514 = FILL_AREA_STYLE ('',( #11908 ) ) ;
#515 = DIRECTION ( 'NONE',  ( -0.000000000000000000, -1.000000000000000000, -0.000000000000000000 ) ) ;
#516 = VECTOR ( 'NONE', #5576, 1000.000000000000000 ) ;
#517 = COLOUR_RGB ( '',0.6666666666666666297, 0.6980392156862744724, 0.7686274509803920907 ) ;
#518 = CARTESIAN_POINT ( 'NONE',  ( 0.9349999999999998312, 0.5700000000000000622, 0.1440119375089367049 ) ) ;
#519 = ORIENTED_EDGE ( 'NONE', *, *, #6796, .T. ) ;
#520 = PRESENTATION_STYLE_ASSIGNMENT (( #11854 ) ) ;
#521 = FILL_AREA_STYLE ('',( #6353 ) ) ;
#522 = EDGE_CURVE ( 'NONE', #1507, #5065, #798, .T. ) ;
#523 = EDGE_CURVE ( 'NONE', #2442, #1626, #2907, .T. ) ;
#524 =( NAMED_UNIT ( * ) PLANE_ANGLE_UNIT ( ) SI_UNIT ( $, .RADIAN. ) );
#525 = AXIS2_PLACEMENT_3D ( 'NONE', #909, #7570, #3909 ) ;
#526 = DIRECTION ( 'NONE',  ( 0.000000000000000000, 0.000000000000000000, -1.000000000000000000 ) ) ;
#527 = SURFACE_SIDE_STYLE ('',( #3341 ) ) ;
#528 = DIRECTION ( 'NONE',  ( -1.000000000000000000, 0.000000000000000000, 0.000000000000000000 ) ) ;
#529 = ORIENTED_EDGE ( 'NONE', *, *, #7034, .F. ) ;
#530 = CARTESIAN_POINT ( 'NONE',  ( 0.9449999999999993960, 0.5600000000000000533, -0.3059880624910618629 ) ) ;
#531 = CARTESIAN_POINT ( 'NONE',  ( 0.9349999999999980549, 0.5700000000000000622, 0.5940119375089366605 ) ) ;
#532 = STYLED_ITEM ( 'NONE', ( #3948 ), #8591 ) ;
#533 = CARTESIAN_POINT ( 'NONE',  ( 0.5100000000000004530, 0.5600000000000000533, 0.7740119375089341558 ) ) ;
#534 = LINE ( 'NONE', #7326, #8858 ) ;
#535 = EDGE_CURVE ( 'NONE', #5223, #12228, #6752, .T. ) ;
#537 = DIRECTION ( 'NONE',  ( 1.084202172485501594E-14, 0.000000000000000000, 1.000000000000000000 ) ) ;
#536 = PRESENTATION_LAYER_ASSIGNMENT (  '', '', ( #7569 ) ) ;
#538 = SURFACE_SIDE_STYLE ('',( #6370 ) ) ;
#539 = ORIENTED_EDGE ( 'NONE', *, *, #9900, .F. ) ;
#540 = FILL_AREA_STYLE_COLOUR ( '', #7224 ) ;
#541 = DIRECTION ( 'NONE',  ( -0.000000000000000000, 1.000000000000000000, -0.000000000000000000 ) ) ;
#542 = TOROIDAL_SURFACE ( 'NONE', #11997, 0.02901193750893555842, 0.01000000000000000021 ) ;
#543 = DIRECTION ( 'NONE',  ( 0.000000000000000000, 0.000000000000000000, 1.000000000000000000 ) ) ;
#544 = ORIENTED_EDGE ( 'NONE', *, *, #9623, .F. ) ;
#545 = EDGE_LOOP ( 'NONE', ( #4275, #5950, #1719, #5177 ) ) ;
#546 = DIRECTION ( 'NONE',  ( -1.000000000000000000, 0.000000000000000000, -5.421010862427507971E-15 ) ) ;
#547 = CARTESIAN_POINT ( 'NONE',  ( 0.08098806249106277333, 0.5700000000000000622, 0.9159880624910624602 ) ) ;
#548 = FACE_OUTER_BOUND ( 'NONE', #6942, .T. ) ;
#549 = STYLED_ITEM ( 'NONE', ( #7032 ), #8778 ) ;
#550 = ORIENTED_EDGE ( 'NONE', *, *, #11361, .F. ) ;
#551 = PRESENTATION_STYLE_ASSIGNMENT (( #11202 ) ) ;
#552 = FILL_AREA_STYLE_COLOUR ( '', #995 ) ;
#553 = CARTESIAN_POINT ( 'NONE',  ( -0.9159880624910616831, 0.5700000000000000622, -0.3059880624910617519 ) ) ;
#554 = SURFACE_SIDE_STYLE ('',( #5496 ) ) ;
#555 =( NAMED_UNIT ( * ) PLANE_ANGLE_UNIT ( ) SI_UNIT ( $, .RADIAN. ) );
#556 = CYLINDRICAL_SURFACE ( 'NONE', #5469, 0.01901193750893754447 ) ;
#557 = FACE_OUTER_BOUND ( 'NONE', #2246, .T. ) ;
#558 = ADVANCED_FACE ( 'NONE', ( #11377 ), #1961, .T. ) ;
#559 = FILL_AREA_STYLE ('',( #9070 ) ) ;
#560 = ORIENTED_EDGE ( 'NONE', *, *, #2484, .T. ) ;
#561 = AXIS2_PLACEMENT_3D ( 'NONE', #10902, #7811, #11665 ) ;
#562 = ORIENTED_EDGE ( 'NONE', *, *, #3834, .T. ) ;
#563 = SURFACE_STYLE_USAGE ( .BOTH. , #3447 ) ;
#564 = ORIENTED_EDGE ( 'NONE', *, *, #12276, .F. ) ;
#565 = CARTESIAN_POINT ( 'NONE',  ( 0.5000000000000004441, 0.5600000000000000533, 0.7740119375089341558 ) ) ;
#566 = COLOUR_RGB ( '',0.6666666666666666297, 0.6980392156862744724, 0.7686274509803920907 ) ;
#567 = AXIS2_PLACEMENT_3D ( 'NONE', #2711, #6604, #5643 ) ;
#568 = PRESENTATION_STYLE_ASSIGNMENT (( #3391 ) ) ;
#569 = ORIENTED_EDGE ( 'NONE', *, *, #6430, .F. ) ;
#570 = SURFACE_SIDE_STYLE ('',( #4558 ) ) ;
#571 = AXIS2_PLACEMENT_3D ( 'NONE', #7435, #7312, #5256 ) ;
#572 =( NAMED_UNIT ( * ) SI_UNIT ( $, .STERADIAN. ) SOLID_ANGLE_UNIT ( ) );
#573 = ORIENTED_EDGE ( 'NONE', *, *, #10136, .T. ) ;
#574 = SURFACE_STYLE_FILL_AREA ( #11167 ) ;
#575 = VERTEX_POINT ( 'NONE', #4694 ) ;
#576 = LINE ( 'NONE', #4390, #6066 ) ;
#577 = COLOUR_RGB ( '',0.6666666666666666297, 0.6980392156862744724, 0.7686274509803920907 ) ;
#578 = FACE_OUTER_BOUND ( 'NONE', #1884, .T. ) ;
#579 = ADVANCED_FACE ( 'NONE', ( #5775 ), #9428, .F. ) ;
#580 = DIRECTION ( 'NONE',  ( 0.000000000000000000, 0.000000000000000000, -1.000000000000000000 ) ) ;
#581 = TOROIDAL_SURFACE ( 'NONE', #7605, 0.02901193750893765397, 0.01000000000000000021 ) ;
#582 = EDGE_CURVE ( 'NONE', #4298, #1251, #3906, .T. ) ;
#583 = MECHANICAL_DESIGN_GEOMETRIC_PRESENTATION_REPRESENTATION (  '', ( #7403 ), #7393 ) ;
#584 = LINE ( 'NONE', #8326, #5338 ) ;
#585 = EDGE_CURVE ( 'NONE', #4020, #2269, #9534, .T. ) ;
#586 = ORIENTED_EDGE ( 'NONE', *, *, #4480, .F. ) ;
#587 = CARTESIAN_POINT ( 'NONE',  ( 0.08098806249106281496, 0.5600000000000000533, 0.7740119375089372644 ) ) ;
#588 = UNCERTAINTY_MEASURE_WITH_UNIT (LENGTH_MEASURE( 1.000000000000000082E-05 ), #8322, 'distance_accuracy_value', 'NONE');
#589 = EDGE_LOOP ( 'NONE', ( #9136, #10079, #2708, #4956 ) ) ;
#590 = COLOUR_RGB ( '',0.6666666666666666297, 0.6980392156862744724, 0.7686274509803920907 ) ;
#591 = FACE_OUTER_BOUND ( 'NONE', #6339, .T. ) ;
#592 = PRESENTATION_STYLE_ASSIGNMENT (( #4454 ) ) ;
#593 = STYLED_ITEM ( 'NONE', ( #2730 ), #11666 ) ;
#594 = VECTOR ( 'NONE', #11782, 1000.000000000000000 ) ;
#595 = DIRECTION ( 'NONE',  ( 0.000000000000000000, -1.000000000000000000, 0.000000000000000000 ) ) ;
#596 = VECTOR ( 'NONE', #12362, 1000.000000000000000 ) ;
#597 = AXIS2_PLACEMENT_3D ( 'NONE', #3368, #9369, #9118 ) ;
#598 =( GEOMETRIC_REPRESENTATION_CONTEXT ( 3 ) GLOBAL_UNCERTAINTY_ASSIGNED_CONTEXT ( ( #6753 ) ) GLOBAL_UNIT_ASSIGNED_CONTEXT ( ( #11011, #10170, #6192 ) ) REPRESENTATION_CONTEXT ( 'NONE', 'WORKASPACE' ) );
#599 =( NAMED_UNIT ( * ) SI_UNIT ( $, .STERADIAN. ) SOLID_ANGLE_UNIT ( ) );
#600 = SURFACE_SIDE_STYLE ('',( #3536 ) ) ;
#601 = CARTESIAN_POINT ( 'NONE',  ( 0.4809880624910632951, 0.5500000000000000444, -0.9449999999999966205 ) ) ;
#602 = LINE ( 'NONE', #8191, #5743 ) ;
#603 = VECTOR ( 'NONE', #7635, 1000.000000000000000 ) ;
#604 =( NAMED_UNIT ( * ) PLANE_ANGLE_UNIT ( ) SI_UNIT ( $, .RADIAN. ) );
#605 = COLOUR_RGB ( '',0.6666666666666666297, 0.6980392156862744724, 0.7686274509803920907 ) ;
#606 = ADVANCED_FACE ( 'NONE', ( #5651 ), #1902, .F. ) ;
#607 = CARTESIAN_POINT ( 'NONE',  ( -0.7549999999999988942, 0.5700000000000000622, 0.3059880624910607527 ) ) ;
#608 = MECHANICAL_DESIGN_GEOMETRIC_PRESENTATION_REPRESENTATION (  '', ( #9448 ), #5988 ) ;
#609 = FILL_AREA_STYLE_COLOUR ( '', #5709 ) ;
#610 = DIRECTION ( 'NONE',  ( 0.000000000000000000, 1.000000000000000000, -0.000000000000000000 ) ) ;
#611 = MECHANICAL_DESIGN_GEOMETRIC_PRESENTATION_REPRESENTATION (  '', ( #9846 ), #2184 ) ;
#612 =( GEOMETRIC_REPRESENTATION_CONTEXT ( 3 ) GLOBAL_UNCERTAINTY_ASSIGNED_CONTEXT ( ( #9916 ) ) GLOBAL_UNIT_ASSIGNED_CONTEXT ( ( #9407, #11552, #8595 ) ) REPRESENTATION_CONTEXT ( 'NONE', 'WORKASPACE' ) );
#613 = LINE ( 'NONE', #8877, #7230 ) ;
#614 =( NAMED_UNIT ( * ) PLANE_ANGLE_UNIT ( ) SI_UNIT ( $, .RADIAN. ) );
#615 = ORIENTED_EDGE ( 'NONE', *, *, #6744, .F. ) ;
#616 = FILL_AREA_STYLE_COLOUR ( '', #10216 ) ;
#617 = SURFACE_SIDE_STYLE ('',( #5218 ) ) ;
#618 = EDGE_CURVE ( 'NONE', #7351, #5476, #5780, .T. ) ;
#619 = ORIENTED_EDGE ( 'NONE', *, *, #11808, .T. ) ;
#620 =( NAMED_UNIT ( * ) PLANE_ANGLE_UNIT ( ) SI_UNIT ( $, .RADIAN. ) );
#621 = PRESENTATION_STYLE_ASSIGNMENT (( #6383 ) ) ;
#622 = ORIENTED_EDGE ( 'NONE', *, *, #2109, .T. ) ;
#623 = FACE_OUTER_BOUND ( 'NONE', #3752, .T. ) ;
#624 = CYLINDRICAL_SURFACE ( 'NONE', #6362, 0.01901193750893743692 ) ;
#625 = DIRECTION ( 'NONE',  ( 1.000000000000000000, 0.000000000000000000, -3.722798880116137554E-15 ) ) ;
#626 = CARTESIAN_POINT ( 'NONE',  ( 0.7740119375089374865, 0.5600000000000000533, 0.1149999999999981870 ) ) ;
#627 =( LENGTH_UNIT ( ) NAMED_UNIT ( * ) SI_UNIT ( .MILLI., .METRE. ) );
#628 = CARTESIAN_POINT ( 'NONE',  ( 0.7449999999999997735, 0.5500000000000000444, -0.1440119375089354836 ) ) ;
#629 =( LENGTH_UNIT ( ) NAMED_UNIT ( * ) SI_UNIT ( .MILLI., .METRE. ) );
#630 = CARTESIAN_POINT ( 'NONE',  ( 0.08098806249105852673, 0.5600000000000000533, 0.7450000000000015499 ) ) ;
#631 = ORIENTED_EDGE ( 'NONE', *, *, #8271, .T. ) ;
#632 = LINE ( 'NONE', #4430, #7003 ) ;
#633 = EDGE_LOOP ( 'NONE', ( #3202, #7484, #3195, #8348, #5071, #5335, #8238, #1300 ) ) ;
#634 = EDGE_LOOP ( 'NONE', ( #5237, #7883, #2065, #6037, #3582, #7425, #7169, #3711 ) ) ;
#635 = ORIENTED_EDGE ( 'NONE', *, *, #4636, .F. ) ;
#636 = ORIENTED_EDGE ( 'NONE', *, *, #3840, .T. ) ;
#637 = DIRECTION ( 'NONE',  ( -0.000000000000000000, -1.000000000000000000, -0.000000000000000000 ) ) ;
#638 = LINE ( 'NONE', #447, #7952 ) ;
#639 = CARTESIAN_POINT ( 'NONE',  ( 0.3190119375089379150, 0.5500000000000000444, -0.9159880624910602398 ) ) ;
#640 = EDGE_CURVE ( 'NONE', #8531, #11517, #1774, .T. ) ;
#641 = ORIENTED_EDGE ( 'NONE', *, *, #12276, .T. ) ;
#642 = EDGE_LOOP ( 'NONE', ( #9952, #10257, #2751, #11904 ) ) ;
#643 = SURFACE_STYLE_USAGE ( .BOTH. , #570 ) ;
#644 = FACE_BOUND ( 'NONE', #10133, .T. ) ;
#645 = EDGE_LOOP ( 'NONE', ( #11590, #2617, #2503, #2311 ) ) ;
#646 =( LENGTH_UNIT ( ) NAMED_UNIT ( * ) SI_UNIT ( .MILLI., .METRE. ) );
#647 = VERTEX_POINT ( 'NONE', #7991 ) ;
#648 = DIRECTION ( 'NONE',  ( -6.693592482257194052E-15, 0.000000000000000000, 1.000000000000000000 ) ) ;
#649 = DIRECTION ( 'NONE',  ( 0.000000000000000000, 0.000000000000000000, 1.000000000000000000 ) ) ;
#650 = DIRECTION ( 'NONE',  ( 0.000000000000000000, 0.000000000000000000, -1.000000000000000000 ) ) ;
#651 = CIRCLE ( 'NONE', #12133, 0.01901193750893743692 ) ;
#652 = EDGE_LOOP ( 'NONE', ( #10070, #693, #11967, #10981 ) ) ;
#653 = PLANE ( 'NONE',  #1364 ) ;
#654 = STYLED_ITEM ( 'NONE', ( #5002 ), #3127 ) ;
#655 = ORIENTED_EDGE ( 'NONE', *, *, #1515, .F. ) ;
#656 = SURFACE_STYLE_FILL_AREA ( #4398 ) ;
#657 = DIRECTION ( 'NONE',  ( -1.000000000000000000, 0.000000000000000000, -2.710505431213753985E-15 ) ) ;
#658 = CIRCLE ( 'NONE', #9889, 0.01901193750893559464 ) ;
#659 = AXIS2_PLACEMENT_3D ( 'NONE', #8590, #6544, #960 ) ;
#660 = EDGE_CURVE ( 'NONE', #8802, #2202, #391, .T. ) ;
#661 = PRESENTATION_LAYER_ASSIGNMENT (  '', '', ( #6873 ) ) ;
#662 = DIRECTION ( 'NONE',  ( 0.000000000000000000, 1.000000000000000000, -0.000000000000000000 ) ) ;
#663 = FACE_OUTER_BOUND ( 'NONE', #4233, .T. ) ;
#664 = COLOUR_RGB ( '',0.6666666666666666297, 0.6980392156862744724, 0.7686274509803920907 ) ;
#665 = CARTESIAN_POINT ( 'NONE',  ( 0.9159880624910606839, 0.5600000000000000533, 0.5749999999999991784 ) ) ;
#666 = SURFACE_STYLE_USAGE ( .BOTH. , #2339 ) ;
#667 = COLOUR_RGB ( '',0.6666666666666666297, 0.6980392156862744724, 0.7686274509803920907 ) ;
#668 = VECTOR ( 'NONE', #6135, 1000.000000000000000 ) ;
#669 = PRESENTATION_LAYER_ASSIGNMENT (  '', '', ( #9106 ) ) ;
#670 = COLOUR_RGB ( '',0.6666666666666666297, 0.6980392156862744724, 0.7686274509803920907 ) ;
#671 = FILL_AREA_STYLE ('',( #609 ) ) ;
#672 = FILL_AREA_STYLE_COLOUR ( '', #5182 ) ;
#673 = EDGE_CURVE ( 'NONE', #12304, #3217, #3280, .T. ) ;
#674 = SURFACE_STYLE_USAGE ( .BOTH. , #3488 ) ;
#675 = EDGE_CURVE ( 'NONE', #1392, #6332, #278, .T. ) ;
#676 = ORIENTED_EDGE ( 'NONE', *, *, #882, .T. ) ;
#677 = CIRCLE ( 'NONE', #1259, 0.01000000000000002623 ) ;
#678 = LINE ( 'NONE', #9161, #10307 ) ;
#679 = AXIS2_PLACEMENT_3D ( 'NONE', #2277, #5132, #11791 ) ;
#680 = SURFACE_STYLE_FILL_AREA ( #10156 ) ;
#681 = ORIENTED_EDGE ( 'NONE', *, *, #2724, .T. ) ;
#682 = PLANE ( 'NONE',  #8210 ) ;
#683 = SURFACE_STYLE_FILL_AREA ( #3426 ) ;
#684 = STYLED_ITEM ( 'NONE', ( #4861 ), #1880 ) ;
#685 = CARTESIAN_POINT ( 'NONE',  ( -0.9999999999999997780, 0.5500000000000000444, 1.000000000000000000 ) ) ;
#686 = AXIS2_PLACEMENT_3D ( 'NONE', #4124, #1435, #498 ) ;
#687 = EDGE_LOOP ( 'NONE', ( #7707, #5873, #10983, #1078, #9597, #7301, #4556, #8515 ) ) ;
#688 = PLANE ( 'NONE',  #10724 ) ;
#689 = DIRECTION ( 'NONE',  ( -1.000000000000000000, -1.084202172485501594E-14, -2.168404344971009184E-14 ) ) ;
#690 = VECTOR ( 'NONE', #1979, 1000.000000000000000 ) ;
#691 = CIRCLE ( 'NONE', #9923, 0.02901193750893746315 ) ;
#692 = LINE ( 'NONE', #8357, #10503 ) ;
#693 = ORIENTED_EDGE ( 'NONE', *, *, #2335, .F. ) ;
#694 = CARTESIAN_POINT ( 'NONE',  ( 0.4827586206896551935, 0.5500000000000000444, -0.3761947705487496130 ) ) ;
#695 = EDGE_CURVE ( 'NONE', #7738, #12205, #10639, .T. ) ;
#696 = FILL_AREA_STYLE ('',( #5421 ) ) ;
#697 = PRESENTATION_STYLE_ASSIGNMENT (( #1737 ) ) ;
#698 = ORIENTED_EDGE ( 'NONE', *, *, #8353, .F. ) ;
#699 = FILL_AREA_STYLE ('',( #10979 ) ) ;
#700 = STYLED_ITEM ( 'NONE', ( #9111 ), #7498 ) ;
#701 = ORIENTED_EDGE ( 'NONE', *, *, #10585, .F. ) ;
#702 = ORIENTED_EDGE ( 'NONE', *, *, #4464, .T. ) ;
#703 = CYLINDRICAL_SURFACE ( 'NONE', #7959, 0.01901193750893884551 ) ;
#704 = DIRECTION ( 'NONE',  ( 0.000000000000000000, 0.000000000000000000, -1.000000000000000000 ) ) ;
#705 = EDGE_CURVE ( 'NONE', #8531, #3471, #7616, .T. ) ;
#706 = VERTEX_POINT ( 'NONE', #215 ) ;
#707 = EDGE_LOOP ( 'NONE', ( #3235, #2820, #10698, #2252 ) ) ;
#708 =( GEOMETRIC_REPRESENTATION_CONTEXT ( 3 ) GLOBAL_UNCERTAINTY_ASSIGNED_CONTEXT ( ( #3242 ) ) GLOBAL_UNIT_ASSIGNED_CONTEXT ( ( #10674, #10490, #6748 ) ) REPRESENTATION_CONTEXT ( 'NONE', 'WORKASPACE' ) );
#709 = FACE_BOUND ( 'NONE', #633, .T. ) ;
#710 = ORIENTED_EDGE ( 'NONE', *, *, #3454, .F. ) ;
#711 = LINE ( 'NONE', #8576, #11216 ) ;
#712 = PRESENTATION_STYLE_ASSIGNMENT (( #2576 ) ) ;
#713 = CARTESIAN_POINT ( 'NONE',  ( 0.4827586206896551935, 0.5700000000000000622, -0.3761947705487496130 ) ) ;
#714 = ADVANCED_FACE ( 'NONE', ( #10009 ), #6985, .F. ) ;
#715 = UNCERTAINTY_MEASURE_WITH_UNIT (LENGTH_MEASURE( 1.000000000000000082E-05 ), #9222, 'distance_accuracy_value', 'NONE');
#716 = ORIENTED_EDGE ( 'NONE', *, *, #9848, .T. ) ;
#717 = VECTOR ( 'NONE', #9476, 1000.000000000000000 ) ;
#718 = DIRECTION ( 'NONE',  ( 0.000000000000000000, 0.000000000000000000, -1.000000000000000000 ) ) ;
#719 = DIRECTION ( 'NONE',  ( -1.084202172485501594E-14, 0.000000000000000000, -1.000000000000000000 ) ) ;
#720 =( LENGTH_UNIT ( ) NAMED_UNIT ( * ) SI_UNIT ( .MILLI., .METRE. ) );
#721 = DIRECTION ( 'NONE',  ( -0.000000000000000000, -1.000000000000000000, -0.000000000000000000 ) ) ;
#722 = DIRECTION ( 'NONE',  ( 0.000000000000000000, 0.000000000000000000, -1.000000000000000000 ) ) ;
#723 =( NAMED_UNIT ( * ) PLANE_ANGLE_UNIT ( ) SI_UNIT ( $, .RADIAN. ) );
#724 =( GEOMETRIC_REPRESENTATION_CONTEXT ( 3 ) GLOBAL_UNCERTAINTY_ASSIGNED_CONTEXT ( ( #3227 ) ) GLOBAL_UNIT_ASSIGNED_CONTEXT ( ( #3709, #1079, #8462 ) ) REPRESENTATION_CONTEXT ( 'NONE', 'WORKASPACE' ) );
#725 = FILL_AREA_STYLE_COLOUR ( '', #7701 ) ;
#726 = EDGE_CURVE ( 'NONE', #10969, #10292, #1157, .T. ) ;
#727 = UNCERTAINTY_MEASURE_WITH_UNIT (LENGTH_MEASURE( 1.000000000000000082E-05 ), #9297, 'distance_accuracy_value', 'NONE');
#728 = CARTESIAN_POINT ( 'NONE',  ( 1.000000000000000222, 0.4500000000000000111, 1.000000000000000000 ) ) ;
#729 =( NAMED_UNIT ( * ) SI_UNIT ( $, .STERADIAN. ) SOLID_ANGLE_UNIT ( ) );
#730 = STYLED_ITEM ( 'NONE', ( #1479 ), #8180 ) ;
#731 = SURFACE_SIDE_STYLE ('',( #9354 ) ) ;
#732 = ORIENTED_EDGE ( 'NONE', *, *, #2673, .F. ) ;
#733 = DIRECTION ( 'NONE',  ( -3.346796241128596237E-15, 0.000000000000000000, -1.000000000000000000 ) ) ;
#734 = CARTESIAN_POINT ( 'NONE',  ( -0.7740119375089349329, 0.5700000000000000622, -0.7749999999999981348 ) ) ;
#735 = VERTEX_POINT ( 'NONE', #336 ) ;
#736 = STYLED_ITEM ( 'NONE', ( #592 ), #8489 ) ;
#737 = CARTESIAN_POINT ( 'NONE',  ( -0.9159880624910601288, 0.5500000000000000444, -0.7559880624910617630 ) ) ;
#738 = EDGE_CURVE ( 'NONE', #11787, #6925, #3023, .T. ) ;
#739 = DIRECTION ( 'NONE',  ( 5.421010862427508759E-15, 0.000000000000000000, -1.000000000000000000 ) ) ;
#740 = ADVANCED_FACE ( 'NONE', ( #8966 ), #10723, .F. ) ;
#741 = FILL_AREA_STYLE ('',( #8488 ) ) ;
#742 = UNCERTAINTY_MEASURE_WITH_UNIT (LENGTH_MEASURE( 1.000000000000000082E-05 ), #5310, 'distance_accuracy_value', 'NONE');
#743 = DIRECTION ( 'NONE',  ( 0.000000000000000000, 0.000000000000000000, -1.000000000000000000 ) ) ;
#744 = ORIENTED_EDGE ( 'NONE', *, *, #9, .T. ) ;
#745 = CARTESIAN_POINT ( 'NONE',  ( -0.4809880624910625735, 0.5500000000000000444, 0.7449999999999966649 ) ) ;
#746 = FACE_OUTER_BOUND ( 'NONE', #5663, .T. ) ;
#747 = FILL_AREA_STYLE_COLOUR ( '', #3848 ) ;
#748 = CIRCLE ( 'NONE', #3935, 0.01901193750893730161 ) ;
#749 = SURFACE_STYLE_FILL_AREA ( #5357 ) ;
#750 = DIRECTION ( 'NONE',  ( 1.000000000000000000, 0.000000000000000000, 0.000000000000000000 ) ) ;
#751 = SURFACE_STYLE_FILL_AREA ( #7658 ) ;
#752 = EDGE_CURVE ( 'NONE', #12096, #1858, #10408, .T. ) ;
#753 = ORIENTED_EDGE ( 'NONE', *, *, #907, .F. ) ;
#754 = CARTESIAN_POINT ( 'NONE',  ( -0.7740119375089370424, 0.5600000000000000533, 0.1149999999999981870 ) ) ;
#755 = COLOUR_RGB ( '',0.6666666666666666297, 0.6980392156862744724, 0.7686274509803920907 ) ;
#756 = EDGE_CURVE ( 'NONE', #9192, #2866, #11110, .T. ) ;
#757 = EDGE_LOOP ( 'NONE', ( #6524, #3258, #8308, #8619 ) ) ;
#758 = ORIENTED_EDGE ( 'NONE', *, *, #8678, .F. ) ;
#759 = ORIENTED_EDGE ( 'NONE', *, *, #9343, .T. ) ;
#760 = DIRECTION ( 'NONE',  ( 0.000000000000000000, 1.000000000000000000, 0.000000000000000000 ) ) ;
#761 = CARTESIAN_POINT ( 'NONE',  ( 0.9159880624910626823, 0.5500000000000000444, 0.1149999999999991862 ) ) ;
#762 =( NAMED_UNIT ( * ) PLANE_ANGLE_UNIT ( ) SI_UNIT ( $, .RADIAN. ) );
#763 = EDGE_LOOP ( 'NONE', ( #8116, #3937, #883, #8147 ) ) ;
#764 = COLOUR_RGB ( '',0.6666666666666666297, 0.6980392156862744724, 0.7686274509803920907 ) ;
#765 = EDGE_LOOP ( 'NONE', ( #9011, #4685, #11250, #5246 ) ) ;
#766 = ORIENTED_EDGE ( 'NONE', *, *, #6910, .F. ) ;
#767 = CARTESIAN_POINT ( 'NONE',  ( -0.9999999999999997780, 0.5500000000000000444, -1.000000000000000000 ) ) ;
#768 = COLOUR_RGB ( '',0.6666666666666666297, 0.6980392156862744724, 0.7686274509803920907 ) ;
#769 = DIRECTION ( 'NONE',  ( -0.000000000000000000, -1.000000000000000000, -0.000000000000000000 ) ) ;
#770 = FILL_AREA_STYLE_COLOUR ( '', #7928 ) ;
#771 =( NAMED_UNIT ( * ) PLANE_ANGLE_UNIT ( ) SI_UNIT ( $, .RADIAN. ) );
#772 = EDGE_CURVE ( 'NONE', #6906, #7552, #6361, .T. ) ;
#773 = SURFACE_STYLE_FILL_AREA ( #2461 ) ;
#774 = AXIS2_PLACEMENT_3D ( 'NONE', #5583, #9342, #9469 ) ;
#775 =( GEOMETRIC_REPRESENTATION_CONTEXT ( 3 ) GLOBAL_UNCERTAINTY_ASSIGNED_CONTEXT ( ( #10678 ) ) GLOBAL_UNIT_ASSIGNED_CONTEXT ( ( #3895, #4808, #5762 ) ) REPRESENTATION_CONTEXT ( 'NONE', 'WORKASPACE' ) );
#776 = ORIENTED_EDGE ( 'NONE', *, *, #7948, .F. ) ;
#777 = LINE ( 'NONE', #12305, #8402 ) ;
#778 = FILL_AREA_STYLE_COLOUR ( '', #10582 ) ;
#779 = STYLED_ITEM ( 'NONE', ( #5267 ), #4695 ) ;
#780 = CARTESIAN_POINT ( 'NONE',  ( 0.7549999999999997824, 0.5700000000000000622, -0.1440119375089355114 ) ) ;
#781 = VECTOR ( 'NONE', #637, 1000.000000000000000 ) ;
#782 = TOROIDAL_SURFACE ( 'NONE', #4365, 0.02901193750893743539, 0.01000000000000000021 ) ;
#783 = EDGE_LOOP ( 'NONE', ( #11959, #4816, #9513, #4917 ) ) ;
#784 = CYLINDRICAL_SURFACE ( 'NONE', #1556, 0.01000000000000002623 ) ;
#785 = DIRECTION ( 'NONE',  ( -1.000000000000000000, 0.000000000000000000, 5.421010862427508759E-15 ) ) ;
#786 = VECTOR ( 'NONE', #10338, 1000.000000000000000 ) ;
#787 = CARTESIAN_POINT ( 'NONE',  ( -0.2899999999999999800, 0.5500000000000000444, -0.9159880624910602398 ) ) ;
#788 = DIRECTION ( 'NONE',  ( -1.000000000000000000, -0.000000000000000000, -6.693592482257192474E-15 ) ) ;
#789 = DIRECTION ( 'NONE',  ( 1.000000000000000000, 0.000000000000000000, -7.362951730482913772E-15 ) ) ;
#790 = STYLED_ITEM ( 'NONE', ( #1124 ), #2697 ) ;
#791 = STYLED_ITEM ( 'NONE', ( #5674 ), #9880 ) ;
#792 =( NAMED_UNIT ( * ) PLANE_ANGLE_UNIT ( ) SI_UNIT ( $, .RADIAN. ) );
#793 = VERTEX_POINT ( 'NONE', #2458 ) ;
#794 = DIRECTION ( 'NONE',  ( 0.000000000000000000, 0.000000000000000000, -1.000000000000000000 ) ) ;
#795 = EDGE_CURVE ( 'NONE', #4507, #4371, #7179, .T. ) ;
#796 = DIRECTION ( 'NONE',  ( 0.000000000000000000, -1.000000000000000000, 0.000000000000000000 ) ) ;
#797 = PRESENTATION_LAYER_ASSIGNMENT (  '', '', ( #11057 ) ) ;
#798 = CIRCLE ( 'NONE', #11249, 0.01901193750893743692 ) ;
#799 = FILL_AREA_STYLE ('',( #8844 ) ) ;
#800 = ORIENTED_EDGE ( 'NONE', *, *, #675, .F. ) ;
#801 = FILL_AREA_STYLE ('',( #12264 ) ) ;
#802 = MECHANICAL_DESIGN_GEOMETRIC_PRESENTATION_REPRESENTATION (  '', ( #10231 ), #1194 ) ;
#803 = PRESENTATION_LAYER_ASSIGNMENT (  '', '', ( #7020 ) ) ;
#804 = DIRECTION ( 'NONE',  ( 1.000000000000000000, 0.000000000000000000, -0.000000000000000000 ) ) ;
#805 = DIRECTION ( 'NONE',  ( 0.000000000000000000, 0.000000000000000000, -1.000000000000000000 ) ) ;
#806 = LINE ( 'NONE', #2677, #7413 ) ;
#807 = FILL_AREA_STYLE_COLOUR ( '', #10904 ) ;
#808 = EDGE_LOOP ( 'NONE', ( #8633, #2699, #2298, #12067 ) ) ;
#809 =( GEOMETRIC_REPRESENTATION_CONTEXT ( 3 ) GLOBAL_UNCERTAINTY_ASSIGNED_CONTEXT ( ( #2720 ) ) GLOBAL_UNIT_ASSIGNED_CONTEXT ( ( #11419, #9478, #2894 ) ) REPRESENTATION_CONTEXT ( 'NONE', 'WORKASPACE' ) );
#810 =( GEOMETRIC_REPRESENTATION_CONTEXT ( 3 ) GLOBAL_UNCERTAINTY_ASSIGNED_CONTEXT ( ( #10796 ) ) GLOBAL_UNIT_ASSIGNED_CONTEXT ( ( #8795, #10933, #11747 ) ) REPRESENTATION_CONTEXT ( 'NONE', 'WORKASPACE' ) );
#811 = VECTOR ( 'NONE', #1567, 1000.000000000000000 ) ;
#812 = LINE ( 'NONE', #871, #8842 ) ;
#813 = ADVANCED_FACE ( 'NONE', ( #11287 ), #6375, .F. ) ;
#814 = EDGE_CURVE ( 'NONE', #11005, #11158, #584, .T. ) ;
#815 = CARTESIAN_POINT ( 'NONE',  ( -0.7740119375089369314, 0.5700000000000000622, 0.1249999999999981820 ) ) ;
#816 = CIRCLE ( 'NONE', #8231, 0.01901193750893743692 ) ;
#817 = STYLED_ITEM ( 'NONE', ( #8343 ), #184 ) ;
#818 = SURFACE_STYLE_FILL_AREA ( #10687 ) ;
#819 = FILL_AREA_STYLE ('',( #3567 ) ) ;
#820 = EDGE_LOOP ( 'NONE', ( #4774, #9636, #8810, #6090 ) ) ;
#821 = FILL_AREA_STYLE ('',( #12352 ) ) ;
#822 = CARTESIAN_POINT ( 'NONE',  ( 0.5000000000000004441, 0.5700000000000000622, 0.7740119375089341558 ) ) ;
#823 = VERTEX_POINT ( 'NONE', #10271 ) ;
#824 = ORIENTED_EDGE ( 'NONE', *, *, #5435, .T. ) ;
#825 = CYLINDRICAL_SURFACE ( 'NONE', #5351, 0.1000000000000001582 ) ;
#826 = SURFACE_STYLE_FILL_AREA ( #1747 ) ;
#827 = VECTOR ( 'NONE', #7463, 1000.000000000000000 ) ;
#828 = EDGE_LOOP ( 'NONE', ( #5826, #11775, #10590, #8645 ) ) ;
#829 = ORIENTED_EDGE ( 'NONE', *, *, #2228, .F. ) ;
#830 = SURFACE_STYLE_FILL_AREA ( #10519 ) ;
#831 = ADVANCED_FACE ( 'NONE', ( #9338 ), #653, .T. ) ;
#832 = PLANE ( 'NONE',  #9526 ) ;
#833 = ORIENTED_EDGE ( 'NONE', *, *, #11369, .T. ) ;
#834 = CARTESIAN_POINT ( 'NONE',  ( -0.9349999999999987210, 0.5700000000000000622, -0.3059880624910617519 ) ) ;
#835 = DIRECTION ( 'NONE',  ( -1.000000000000000000, 0.000000000000000000, 0.000000000000000000 ) ) ;
#836 = CARTESIAN_POINT ( 'NONE',  ( 1.000000000000000222, 0.000000000000000000, 1.000000000000000000 ) ) ;
#837 = UNCERTAINTY_MEASURE_WITH_UNIT (LENGTH_MEASURE( 1.000000000000000082E-05 ), #888, 'distance_accuracy_value', 'NONE');
#838 = ORIENTED_EDGE ( 'NONE', *, *, #4617, .F. ) ;
#839 = LINE ( 'NONE', #7441, #11024 ) ;
#840 = DIRECTION ( 'NONE',  ( -0.000000000000000000, -1.000000000000000000, -0.000000000000000000 ) ) ;
#841 = EDGE_CURVE ( 'NONE', #10302, #6987, #6770, .T. ) ;
#842 = DIRECTION ( 'NONE',  ( -0.000000000000000000, 0.000000000000000000, 1.000000000000000000 ) ) ;
#843 = AXIS2_PLACEMENT_3D ( 'NONE', #191, #4004, #7846 ) ;
#844 = FILL_AREA_STYLE ('',( #10537 ) ) ;
#845 = VECTOR ( 'NONE', #159, 1000.000000000000000 ) ;
#846 = FACE_OUTER_BOUND ( 'NONE', #589, .T. ) ;
#847 = LINE ( 'NONE', #10596, #603 ) ;
#848 = UNCERTAINTY_MEASURE_WITH_UNIT (LENGTH_MEASURE( 1.000000000000000082E-05 ), #8559, 'distance_accuracy_value', 'NONE');
#849 =( GEOMETRIC_REPRESENTATION_CONTEXT ( 3 ) GLOBAL_UNCERTAINTY_ASSIGNED_CONTEXT ( ( #1701 ) ) GLOBAL_UNIT_ASSIGNED_CONTEXT ( ( #720, #1767, #4456 ) ) REPRESENTATION_CONTEXT ( 'NONE', 'WORKASPACE' ) );
#850 = PRESENTATION_STYLE_ASSIGNMENT (( #101 ) ) ;
#851 = VECTOR ( 'NONE', #5951, 1000.000000000000000 ) ;
#852 = SURFACE_STYLE_USAGE ( .BOTH. , #8548 ) ;
#853 = FILL_AREA_STYLE_COLOUR ( '', #2391 ) ;
#854 = FACE_OUTER_BOUND ( 'NONE', #958, .T. ) ;
#855 =( NAMED_UNIT ( * ) SI_UNIT ( $, .STERADIAN. ) SOLID_ANGLE_UNIT ( ) );
#856 =( GEOMETRIC_REPRESENTATION_CONTEXT ( 3 ) GLOBAL_UNCERTAINTY_ASSIGNED_CONTEXT ( ( #6091 ) ) GLOBAL_UNIT_ASSIGNED_CONTEXT ( ( #2254, #11968, #1449 ) ) REPRESENTATION_CONTEXT ( 'NONE', 'WORKASPACE' ) );
#857 = ORIENTED_EDGE ( 'NONE', *, *, #10711, .F. ) ;
#858 = AXIS2_PLACEMENT_3D ( 'NONE', #872, #2982, #2915 ) ;
#859 = DIRECTION ( 'NONE',  ( 0.000000000000000000, 0.000000000000000000, -1.000000000000000000 ) ) ;
#860 = EDGE_LOOP ( 'NONE', ( #5724, #9947, #4792, #9632 ) ) ;
#861 = DIRECTION ( 'NONE',  ( -1.000000000000000000, 0.000000000000000000, 0.000000000000000000 ) ) ;
#862 = CIRCLE ( 'NONE', #7691, 0.01901193750893884551 ) ;
#863 = SURFACE_STYLE_FILL_AREA ( #741 ) ;
#864 = EDGE_CURVE ( 'NONE', #12094, #1660, #11534, .T. ) ;
#865 = PRESENTATION_STYLE_ASSIGNMENT (( #11950 ) ) ;
#866 = SURFACE_STYLE_FILL_AREA ( #6824 ) ;
#867 = DIRECTION ( 'NONE',  ( 0.000000000000000000, 0.000000000000000000, -1.000000000000000000 ) ) ;
#868 = AXIS2_PLACEMENT_3D ( 'NONE', #6440, #2675, #8106 ) ;
#869 = VECTOR ( 'NONE', #11903, 1000.000000000000000 ) ;
#870 = CIRCLE ( 'NONE', #9517, 0.01901193750893570220 ) ;
#871 = CARTESIAN_POINT ( 'NONE',  ( 0.3190119375089377485, 0.5700000000000000622, 0.7549999999999977840 ) ) ;
#872 = CARTESIAN_POINT ( 'NONE',  ( -0.7740119375089365983, 0.5600000000000000533, 0.3059880624910606972 ) ) ;
#873 = VECTOR ( 'NONE', #10628, 1000.000000000000000 ) ;
#874 = STYLED_ITEM ( 'NONE', ( #3830 ), #7035 ) ;
#875 = DIRECTION ( 'NONE',  ( -1.084202172485501594E-14, 0.000000000000000000, -1.000000000000000000 ) ) ;
#876 = SURFACE_SIDE_STYLE ('',( #2864 ) ) ;
#877 = LINE ( 'NONE', #1867, #10242 ) ;
#878 = MECHANICAL_DESIGN_GEOMETRIC_PRESENTATION_REPRESENTATION (  '', ( #6480 ), #8534 ) ;
#879 = SURFACE_STYLE_USAGE ( .BOTH. , #5555 ) ;
#880 =( LENGTH_UNIT ( ) NAMED_UNIT ( * ) SI_UNIT ( .MILLI., .METRE. ) );
#881 = SURFACE_SIDE_STYLE ('',( #5621 ) ) ;
#882 = EDGE_CURVE ( 'NONE', #8220, #11461, #2948, .T. ) ;
#883 = ORIENTED_EDGE ( 'NONE', *, *, #9740, .F. ) ;
#884 =( GEOMETRIC_REPRESENTATION_CONTEXT ( 3 ) GLOBAL_UNCERTAINTY_ASSIGNED_CONTEXT ( ( #2852 ) ) GLOBAL_UNIT_ASSIGNED_CONTEXT ( ( #7093, #10874, #7904 ) ) REPRESENTATION_CONTEXT ( 'NONE', 'WORKASPACE' ) );
#885 = ORIENTED_EDGE ( 'NONE', *, *, #11578, .T. ) ;
#886 = SURFACE_STYLE_USAGE ( .BOTH. , #7666 ) ;
#887 = AXIS2_PLACEMENT_3D ( 'NONE', #9874, #9942, #1245 ) ;
#888 =( LENGTH_UNIT ( ) NAMED_UNIT ( * ) SI_UNIT ( .MILLI., .METRE. ) );
#889 = FILL_AREA_STYLE_COLOUR ( '', #384 ) ;
#890 = CIRCLE ( 'NONE', #7900, 0.02901193750893605455 ) ;
#891 = ORIENTED_EDGE ( 'NONE', *, *, #3173, .T. ) ;
#892 = ORIENTED_EDGE ( 'NONE', *, *, #1633, .T. ) ;
#893 = CARTESIAN_POINT ( 'NONE',  ( -0.4800000000000000377, 0.5600000000000000533, 0.5099999999999997868 ) ) ;
#894 = ORIENTED_EDGE ( 'NONE', *, *, #4076, .F. ) ;
#895 = CARTESIAN_POINT ( 'NONE',  ( 0.8000000000000002665, 0.000000000000000000, -0.7999999999999999334 ) ) ;
#896 = DIRECTION ( 'NONE',  ( 1.000000000000000000, 0.000000000000000000, 0.000000000000000000 ) ) ;
#897 = EDGE_CURVE ( 'NONE', #1445, #5134, #10470, .T. ) ;
#898 = ORIENTED_EDGE ( 'NONE', *, *, #3732, .F. ) ;
#899 = EDGE_CURVE ( 'NONE', #5372, #5114, #6779, .T. ) ;
#900 = PRESENTATION_LAYER_ASSIGNMENT (  '', '', ( #1103 ) ) ;
#901 = PRESENTATION_STYLE_ASSIGNMENT (( #8711 ) ) ;
#902 = CARTESIAN_POINT ( 'NONE',  ( 1.000000000000000222, 0.5500000000000000444, 1.000000000000000000 ) ) ;
#903 =( LENGTH_UNIT ( ) NAMED_UNIT ( * ) SI_UNIT ( .MILLI., .METRE. ) );
#904 = SURFACE_STYLE_USAGE ( .BOTH. , #8780 ) ;
#905 = MECHANICAL_DESIGN_GEOMETRIC_PRESENTATION_REPRESENTATION (  '', ( #5274 ), #9743 ) ;
#906 =( LENGTH_UNIT ( ) NAMED_UNIT ( * ) SI_UNIT ( .MILLI., .METRE. ) );
#907 = EDGE_CURVE ( 'NONE', #1743, #6906, #10645, .T. ) ;
#908 = ADVANCED_FACE ( 'NONE', ( #6721 ), #2513, .F. ) ;
#909 = CARTESIAN_POINT ( 'NONE',  ( -0.9159880624910617941, 0.5700000000000000622, -0.1440119375089366216 ) ) ;
#910 = MANIFOLD_SOLID_BREP ( 'Split Line4', #404 ) ;
#911 = DIRECTION ( 'NONE',  ( 0.000000000000000000, -0.000000000000000000, -1.000000000000000000 ) ) ;
#912 = AXIS2_PLACEMENT_3D ( 'NONE', #4252, #10959, #3316 ) ;
#913 = DIRECTION ( 'NONE',  ( -0.000000000000000000, -0.000000000000000000, -1.000000000000000000 ) ) ;
#914 = DIRECTION ( 'NONE',  ( -1.000000000000000000, -0.000000000000000000, -7.636510523315148333E-15 ) ) ;
#915 = ORIENTED_EDGE ( 'NONE', *, *, #5272, .F. ) ;
#916 = ORIENTED_EDGE ( 'NONE', *, *, #6699, .F. ) ;
#917 = CARTESIAN_POINT ( 'NONE',  ( 0.7549999999999997824, 0.5600000000000000533, 0.1440119375089355669 ) ) ;
#918 = LINE ( 'NONE', #3682, #11646 ) ;
#919 = ORIENTED_EDGE ( 'NONE', *, *, #11050, .T. ) ;
#920 = CARTESIAN_POINT ( 'NONE',  ( -0.08098806249106511868, 0.5700000000000000622, 0.7549999999999994493 ) ) ;
#921 = CIRCLE ( 'NONE', #7940, 0.01901193750893743692 ) ;
#922 = DIRECTION ( 'NONE',  ( -0.000000000000000000, -1.000000000000000000, -0.000000000000000000 ) ) ;
#923 = AXIS2_PLACEMENT_3D ( 'NONE', #8607, #12399, #11565 ) ;
#924 = EDGE_CURVE ( 'NONE', #3471, #4614, #9313, .T. ) ;
#925 = DIRECTION ( 'NONE',  ( 0.000000000000000000, 0.000000000000000000, 1.000000000000000000 ) ) ;
#926 = DIRECTION ( 'NONE',  ( -2.677436992902878094E-15, 0.000000000000000000, 1.000000000000000000 ) ) ;
#927 = SURFACE_SIDE_STYLE ('',( #3867 ) ) ;
#928 =( NAMED_UNIT ( * ) SI_UNIT ( $, .STERADIAN. ) SOLID_ANGLE_UNIT ( ) );
#929 = FILL_AREA_STYLE_COLOUR ( '', #6688 ) ;
#930 = CARTESIAN_POINT ( 'NONE',  ( 0.9159880624910625713, 0.5700000000000000622, -0.1249999999999991673 ) ) ;
#931 = ORIENTED_EDGE ( 'NONE', *, *, #6896, .T. ) ;
#932 = DIRECTION ( 'NONE',  ( 0.000000000000000000, 0.000000000000000000, -1.000000000000000000 ) ) ;
#933 = ORIENTED_EDGE ( 'NONE', *, *, #11208, .T. ) ;
#934 = LINE ( 'NONE', #4723, #10248 ) ;
#935 = ORIENTED_EDGE ( 'NONE', *, *, #325, .T. ) ;
#936 = SURFACE_SIDE_STYLE ('',( #3634 ) ) ;
#937 = COLOUR_RGB ( '',0.6666666666666666297, 0.6980392156862744724, 0.7686274509803920907 ) ;
#938 = ORIENTED_EDGE ( 'NONE', *, *, #4146, .F. ) ;
#939 = ORIENTED_EDGE ( 'NONE', *, *, #508, .F. ) ;
#940 = FILL_AREA_STYLE_COLOUR ( '', #12419 ) ;
#941 = CARTESIAN_POINT ( 'NONE',  ( 0.7740119375089354881, 0.5700000000000000622, -0.5940119375089355502 ) ) ;
#942 =( NAMED_UNIT ( * ) SI_UNIT ( $, .STERADIAN. ) SOLID_ANGLE_UNIT ( ) );
#943 = EDGE_CURVE ( 'NONE', #8990, #2317, #258, .T. ) ;
#944 = DIRECTION ( 'NONE',  ( 1.000000000000000000, -0.000000000000000000, 3.627342498574696997E-15 ) ) ;
#945 =( GEOMETRIC_REPRESENTATION_CONTEXT ( 3 ) GLOBAL_UNCERTAINTY_ASSIGNED_CONTEXT ( ( #8809 ) ) GLOBAL_UNIT_ASSIGNED_CONTEXT ( ( #9885, #12223, #1380 ) ) REPRESENTATION_CONTEXT ( 'NONE', 'WORKASPACE' ) );
#946 = DIRECTION ( 'NONE',  ( 1.000000000000000000, 0.000000000000000000, 0.000000000000000000 ) ) ;
#947 = CARTESIAN_POINT ( 'NONE',  ( 0.7740119375089373754, 0.5700000000000000622, 0.1249999999999981820 ) ) ;
#948 = ORIENTED_EDGE ( 'NONE', *, *, #4054, .F. ) ;
#949 = MECHANICAL_DESIGN_GEOMETRIC_PRESENTATION_REPRESENTATION (  '', ( #5117 ), #8390 ) ;
#950 = DIRECTION ( 'NONE',  ( 0.000000000000000000, 0.000000000000000000, -1.000000000000000000 ) ) ;
#951 = VERTEX_POINT ( 'NONE', #11824 ) ;
#952 =( LENGTH_UNIT ( ) NAMED_UNIT ( * ) SI_UNIT ( .MILLI., .METRE. ) );
#953 = AXIS2_PLACEMENT_3D ( 'NONE', #8224, #9067, #7225 ) ;
#954 =( NAMED_UNIT ( * ) PLANE_ANGLE_UNIT ( ) SI_UNIT ( $, .RADIAN. ) );
#955 = ORIENTED_EDGE ( 'NONE', *, *, #3116, .F. ) ;
#956 = PRESENTATION_STYLE_ASSIGNMENT (( #3773 ) ) ;
#957 = CARTESIAN_POINT ( 'NONE',  ( -0.7449999999999987743, 0.5500000000000000444, 0.3059880624910606972 ) ) ;
#958 = EDGE_LOOP ( 'NONE', ( #11990, #2698, #11304, #10942 ) ) ;
#959 = EDGE_CURVE ( 'NONE', #11394, #273, #9910, .T. ) ;
#960 = DIRECTION ( 'NONE',  ( 0.000000000000000000, 0.000000000000000000, -1.000000000000000000 ) ) ;
#961 = ORIENTED_EDGE ( 'NONE', *, *, #3116, .T. ) ;
#962 = SURFACE_STYLE_USAGE ( .BOTH. , #4756 ) ;
#963 = AXIS2_PLACEMENT_3D ( 'NONE', #3219, #409, #5076 ) ;
#964 = CARTESIAN_POINT ( 'NONE',  ( -0.4809880624910625735, 0.5600000000000000533, -0.9349999999999966116 ) ) ;
#965 =( NAMED_UNIT ( * ) PLANE_ANGLE_UNIT ( ) SI_UNIT ( $, .RADIAN. ) );
#966 = COLOUR_RGB ( '',0.6666666666666666297, 0.6980392156862744724, 0.7686274509803920907 ) ;
#967 = DIRECTION ( 'NONE',  ( -0.000000000000000000, -1.000000000000000000, -0.000000000000000000 ) ) ;
#968 = CARTESIAN_POINT ( 'NONE',  ( -0.5000000000000000000, 0.5700000000000000622, 0.4799999999999997602 ) ) ;
#969 = AXIS2_PLACEMENT_3D ( 'NONE', #5292, #6452, #750 ) ;
#970 =( NAMED_UNIT ( * ) PLANE_ANGLE_UNIT ( ) SI_UNIT ( $, .RADIAN. ) );
#971 = PRESENTATION_LAYER_ASSIGNMENT (  '', '', ( #3959 ) ) ;
#972 = CIRCLE ( 'NONE', #4358, 0.03000000000000002318 ) ;
#973 = PLANE ( 'NONE',  #175 ) ;
#974 = CARTESIAN_POINT ( 'NONE',  ( -0.7549999999999991163, 0.5700000000000000622, -0.3059880624910605862 ) ) ;
#975 = CARTESIAN_POINT ( 'NONE',  ( 0.9159880624910622382, 0.5500000000000000444, -0.1440119375089366216 ) ) ;
#976 = MECHANICAL_DESIGN_GEOMETRIC_PRESENTATION_REPRESENTATION (  '', ( #3963 ), #12247 ) ;
#977 = EDGE_CURVE ( 'NONE', #5001, #11430, #677, .T. ) ;
#978 = ORIENTED_EDGE ( 'NONE', *, *, #4178, .T. ) ;
#979 = STYLED_ITEM ( 'NONE', ( #9797 ), #11457 ) ;
#980 = CARTESIAN_POINT ( 'NONE',  ( -0.4809880624910627400, 0.5700000000000000622, 0.9349999999999966116 ) ) ;
#981 = STYLED_ITEM ( 'NONE', ( #7339 ), #10520 ) ;
#982 =( NAMED_UNIT ( * ) SI_UNIT ( $, .STERADIAN. ) SOLID_ANGLE_UNIT ( ) );
#983 = AXIS2_PLACEMENT_3D ( 'NONE', #10258, #7485, #1745 ) ;
#984 = UNCERTAINTY_MEASURE_WITH_UNIT (LENGTH_MEASURE( 1.000000000000000082E-05 ), #5526, 'distance_accuracy_value', 'NONE');
#985 = AXIS2_PLACEMENT_3D ( 'NONE', #4320, #5371, #5304 ) ;
#986 = DIRECTION ( 'NONE',  ( 0.000000000000000000, 0.000000000000000000, -1.000000000000000000 ) ) ;
#987 = UNCERTAINTY_MEASURE_WITH_UNIT (LENGTH_MEASURE( 1.000000000000000082E-05 ), #6571, 'distance_accuracy_value', 'NONE');
#988 = FILL_AREA_STYLE_COLOUR ( '', #4495 ) ;
#989 = SURFACE_STYLE_USAGE ( .BOTH. , #9669 ) ;
#990 = ORIENTED_EDGE ( 'NONE', *, *, #7321, .T. ) ;
#991 = FILL_AREA_STYLE ('',( #2736 ) ) ;
#992 = DIRECTION ( 'NONE',  ( 1.000000000000000000, 1.084202172485501752E-14, -0.000000000000000000 ) ) ;
#993 = VECTOR ( 'NONE', #2019, 1000.000000000000000 ) ;
#994 = PRESENTATION_LAYER_ASSIGNMENT (  '', '', ( #190 ) ) ;
#995 = COLOUR_RGB ( '',0.6666666666666666297, 0.6980392156862744724, 0.7686274509803920907 ) ;
#996 = SURFACE_STYLE_FILL_AREA ( #12344 ) ;
#997 = EDGE_CURVE ( 'NONE', #9321, #3820, #138, .T. ) ;
#998 = DIRECTION ( 'NONE',  ( 0.000000000000000000, 1.000000000000000000, 0.000000000000000000 ) ) ;
#999 = COLOUR_RGB ( '',0.6666666666666666297, 0.6980392156862744724, 0.7686274509803920907 ) ;
#1000 = FACE_OUTER_BOUND ( 'NONE', #6522, .T. ) ;
#1001 = ORIENTED_EDGE ( 'NONE', *, *, #368, .F. ) ;
#1002 = SURFACE_STYLE_FILL_AREA ( #11634 ) ;
#1003 = AXIS2_PLACEMENT_3D ( 'NONE', #3907, #3962, #8726 ) ;
#1004 = AXIS2_PLACEMENT_3D ( 'NONE', #2178, #3120, #2369 ) ;
#1005 = VECTOR ( 'NONE', #11624, 1000.000000000000000 ) ;
#1006 = ORIENTED_EDGE ( 'NONE', *, *, #9438, .F. ) ;
#1007 = ORIENTED_EDGE ( 'NONE', *, *, #1633, .F. ) ;
#1008 = DIRECTION ( 'NONE',  ( 0.000000000000000000, 0.000000000000000000, -1.000000000000000000 ) ) ;
#1009 = CARTESIAN_POINT ( 'NONE',  ( 0.9159880624910606839, 0.5600000000000000533, -0.5940119375089365494 ) ) ;
#1010 = ORIENTED_EDGE ( 'NONE', *, *, #640, .T. ) ;
#1011 = CARTESIAN_POINT ( 'NONE',  ( -0.4800000000000000377, 0.5600000000000000533, -0.5000000000000002220 ) ) ;
#1012 = PRESENTATION_LAYER_ASSIGNMENT (  '', '', ( #6422 ) ) ;
#1013 = PRESENTATION_LAYER_ASSIGNMENT (  '', '', ( #1793 ) ) ;
#1014 = EDGE_LOOP ( 'NONE', ( #11274, #701, #11767, #10514 ) ) ;
#1015 = CARTESIAN_POINT ( 'NONE',  ( -0.9349999999999993872, 0.5700000000000000622, -0.1440119375089365938 ) ) ;
#1016 = DIRECTION ( 'NONE',  ( 0.000000000000000000, 1.000000000000000000, 0.000000000000000000 ) ) ;
#1017 = ORIENTED_EDGE ( 'NONE', *, *, #1612, .F. ) ;
#1018 = CARTESIAN_POINT ( 'NONE',  ( 0.9159880624910606839, 0.5600000000000000533, 0.5940119375089365494 ) ) ;
#1019 =( NAMED_UNIT ( * ) PLANE_ANGLE_UNIT ( ) SI_UNIT ( $, .RADIAN. ) );
#1020 = ORIENTED_EDGE ( 'NONE', *, *, #4344, .T. ) ;
#1021 = AXIS2_PLACEMENT_3D ( 'NONE', #11081, #3429, #5282 ) ;
#1022 = EDGE_CURVE ( 'NONE', #6129, #333, #8518, .T. ) ;
#1023 = FACE_OUTER_BOUND ( 'NONE', #7786, .T. ) ;
#1024 = ORIENTED_EDGE ( 'NONE', *, *, #752, .T. ) ;
#1025 =( NAMED_UNIT ( * ) PLANE_ANGLE_UNIT ( ) SI_UNIT ( $, .RADIAN. ) );
#1026 = CARTESIAN_POINT ( 'NONE',  ( -0.9349999999999992761, 0.5700000000000000622, -0.1440119375089365938 ) ) ;
#1027 = VERTEX_POINT ( 'NONE', #4194 ) ;
#1028 = DIRECTION ( 'NONE',  ( -0.000000000000000000, -1.000000000000000000, -0.000000000000000000 ) ) ;
#1029 = ORIENTED_EDGE ( 'NONE', *, *, #3392, .F. ) ;
#1030 = DIRECTION ( 'NONE',  ( 0.000000000000000000, 0.000000000000000000, -1.000000000000000000 ) ) ;
#1031 =( LENGTH_UNIT ( ) NAMED_UNIT ( * ) SI_UNIT ( .MILLI., .METRE. ) );
#1032 = FILL_AREA_STYLE ('',( #7695 ) ) ;
#1033 =( NAMED_UNIT ( * ) SI_UNIT ( $, .STERADIAN. ) SOLID_ANGLE_UNIT ( ) );
#1034 = ADVANCED_FACE ( 'NONE', ( #2181 ), #3197, .F. ) ;
#1035 = FACE_BOUND ( 'NONE', #10266, .T. ) ;
#1036 = DIRECTION ( 'NONE',  ( 1.000000000000000000, 0.000000000000000000, -2.168404344971006344E-14 ) ) ;
#1037 = PRESENTATION_STYLE_ASSIGNMENT (( #7760 ) ) ;
#1038 = DIRECTION ( 'NONE',  ( -0.000000000000000000, -1.000000000000000000, -0.000000000000000000 ) ) ;
#1039 = ORIENTED_EDGE ( 'NONE', *, *, #2919, .T. ) ;
#1040 = CARTESIAN_POINT ( 'NONE',  ( -0.5000000000000000000, 0.5600000000000000533, -0.5100000000000002309 ) ) ;
#1041 = SURFACE_SIDE_STYLE ('',( #1722 ) ) ;
#1042 = SURFACE_STYLE_USAGE ( .BOTH. , #11680 ) ;
#1043 = STYLED_ITEM ( 'NONE', ( #10858 ), #3653 ) ;
#1044 = STYLED_ITEM ( 'NONE', ( #8468 ), #3089 ) ;
#1045 = ORIENTED_EDGE ( 'NONE', *, *, #5843, .F. ) ;
#1046 = CARTESIAN_POINT ( 'NONE',  ( -0.7740119375089372644, 0.5500000000000000444, -0.1149999999999980760 ) ) ;
#1047 = FACE_OUTER_BOUND ( 'NONE', #11021, .T. ) ;
#1048 = EDGE_CURVE ( 'NONE', #6376, #11308, #8765, .T. ) ;
#1049 = VERTEX_POINT ( 'NONE', #11768 ) ;
#1050 = EDGE_CURVE ( 'NONE', #3449, #3017, #1860, .T. ) ;
#1051 = SURFACE_STYLE_USAGE ( .BOTH. , #4107 ) ;
#1052 = STYLED_ITEM ( 'NONE', ( #8392 ), #5985 ) ;
#1053 = PRESENTATION_LAYER_ASSIGNMENT (  '', '', ( #7067 ) ) ;
#1054 = SURFACE_STYLE_USAGE ( .BOTH. , #7592 ) ;
#1055 = TOROIDAL_SURFACE ( 'NONE', #858, 0.02901193750893765397, 0.01000000000000000021 ) ;
#1056 = CARTESIAN_POINT ( 'NONE',  ( 0.08098806249105919286, 0.5500000000000000444, -0.9450000000000005063 ) ) ;
#1057 = CARTESIAN_POINT ( 'NONE',  ( 0.4809880624910629066, 0.5600000000000000533, -0.7549999999999966738 ) ) ;
#1058 =( GEOMETRIC_REPRESENTATION_CONTEXT ( 3 ) GLOBAL_UNCERTAINTY_ASSIGNED_CONTEXT ( ( #1105 ) ) GLOBAL_UNIT_ASSIGNED_CONTEXT ( ( #10556, #5607, #3803 ) ) REPRESENTATION_CONTEXT ( 'NONE', 'WORKASPACE' ) );
#1059 =( LENGTH_UNIT ( ) NAMED_UNIT ( * ) SI_UNIT ( .MILLI., .METRE. ) );
#1060 = CARTESIAN_POINT ( 'NONE',  ( -0.9999999999999997780, 0.4500000000000001776, 1.000000000000000000 ) ) ;
#1061 = ORIENTED_EDGE ( 'NONE', *, *, #5409, .F. ) ;
#1062 =( NAMED_UNIT ( * ) PLANE_ANGLE_UNIT ( ) SI_UNIT ( $, .RADIAN. ) );
#1063 = PRESENTATION_LAYER_ASSIGNMENT (  '', '', ( #9515 ) ) ;
#1064 = COLOUR_RGB ( '',0.6666666666666666297, 0.6980392156862744724, 0.7686274509803920907 ) ;
#1065 = MECHANICAL_DESIGN_GEOMETRIC_PRESENTATION_REPRESENTATION (  '', ( #9106 ), #12341 ) ;
#1067 = VERTEX_POINT ( 'NONE', #10963 ) ;
#1066 = VECTOR ( 'NONE', #10487, 1000.000000000000000 ) ;
#1068 = DIRECTION ( 'NONE',  ( 0.000000000000000000, -1.000000000000000000, 0.000000000000000000 ) ) ;
#1069 = ADVANCED_FACE ( 'NONE', ( #1252 ), #5054, .T. ) ;
#1070 = CARTESIAN_POINT ( 'NONE',  ( -0.7449999999999976641, 0.5600000000000000533, -0.5940119375089355502 ) ) ;
#1071 = CIRCLE ( 'NONE', #11325, 0.02901193750893735560 ) ;
#1072 = ORIENTED_EDGE ( 'NONE', *, *, #11004, .F. ) ;
#1073 = VECTOR ( 'NONE', #4342, 1000.000000000000000 ) ;
#1074 = PRESENTATION_LAYER_ASSIGNMENT (  '', '', ( #6480 ) ) ;
#1075 =( NAMED_UNIT ( * ) SI_UNIT ( $, .STERADIAN. ) SOLID_ANGLE_UNIT ( ) );
#1076 =( NAMED_UNIT ( * ) PLANE_ANGLE_UNIT ( ) SI_UNIT ( $, .RADIAN. ) );
#1077 = DIRECTION ( 'NONE',  ( 0.000000000000000000, 0.000000000000000000, -1.000000000000000000 ) ) ;
#1078 = ORIENTED_EDGE ( 'NONE', *, *, #10205, .T. ) ;
#1079 =( NAMED_UNIT ( * ) PLANE_ANGLE_UNIT ( ) SI_UNIT ( $, .RADIAN. ) );
#1080 = AXIS2_PLACEMENT_3D ( 'NONE', #2058, #242, #3059 ) ;
#1081 = AXIS2_PLACEMENT_3D ( 'NONE', #8249, #648, #9334 ) ;
#1082 = CARTESIAN_POINT ( 'NONE',  ( -0.4124999999999993672, 0.4500000000000000666, -1.000000000000000000 ) ) ;
#1083 = ORIENTED_EDGE ( 'NONE', *, *, #10740, .F. ) ;
#1084 = DIRECTION ( 'NONE',  ( 0.000000000000000000, 1.000000000000000000, 0.000000000000000000 ) ) ;
#1085 = ADVANCED_FACE ( 'NONE', ( #8352 ), #7462, .F. ) ;
#1086 = MECHANICAL_DESIGN_GEOMETRIC_PRESENTATION_REPRESENTATION (  '', ( #5870 ), #11938 ) ;
#1087 = VECTOR ( 'NONE', #10375, 1000.000000000000000 ) ;
#1088 = CARTESIAN_POINT ( 'NONE',  ( 0.4800000000000000933, 0.5500000000000000444, 0.4799999999999997602 ) ) ;
#1089 = VERTEX_POINT ( 'NONE', #2614 ) ;
#1090 = AXIS2_PLACEMENT_3D ( 'NONE', #8803, #7720, #7772 ) ;
#1091 = ORIENTED_EDGE ( 'NONE', *, *, #9, .F. ) ;
#1092 =( NAMED_UNIT ( * ) SI_UNIT ( $, .STERADIAN. ) SOLID_ANGLE_UNIT ( ) );
#1093 = EDGE_CURVE ( 'NONE', #9267, #5100, #10099, .T. ) ;
#1094 = SURFACE_SIDE_STYLE ('',( #277 ) ) ;
#1095 = CARTESIAN_POINT ( 'NONE',  ( 0.9159880624910604618, 0.5600000000000000533, 0.7749999999999992450 ) ) ;
#1096 = UNCERTAINTY_MEASURE_WITH_UNIT (LENGTH_MEASURE( 1.000000000000000082E-05 ), #10668, 'distance_accuracy_value', 'NONE');
#1097 = VECTOR ( 'NONE', #2424, 1000.000000000000000 ) ;
#1098 = CARTESIAN_POINT ( 'NONE',  ( -0.08098806249106238475, 0.5600000000000000533, 0.9159880624910624602 ) ) ;
#1099 = CYLINDRICAL_SURFACE ( 'NONE', #5386, 0.01000000000000002623 ) ;
#1101 = DIRECTION ( 'NONE',  ( 0.000000000000000000, 0.000000000000000000, 1.000000000000000000 ) ) ;
#1100 = LINE ( 'NONE', #5508, #5596 ) ;
#1102 = SURFACE_SIDE_STYLE ('',( #3093 ) ) ;
#1103 = STYLED_ITEM ( 'NONE', ( #1338 ), #7649 ) ;
#1104 = LINE ( 'NONE', #10609, #690 ) ;
#1105 = UNCERTAINTY_MEASURE_WITH_UNIT (LENGTH_MEASURE( 1.000000000000000082E-05 ), #10556, 'distance_accuracy_value', 'NONE');
#1106 = CARTESIAN_POINT ( 'NONE',  ( 0.3563859338365493179, 0.5700000000000000622, -0.4800000000000002043 ) ) ;
#1107 = PRESENTATION_STYLE_ASSIGNMENT (( #356 ) ) ;
#1108 = STYLED_ITEM ( 'NONE', ( #7632 ), #7814 ) ;
#1109 = PRESENTATION_STYLE_ASSIGNMENT (( #1051 ) ) ;
#1110 = DIRECTION ( 'NONE',  ( 0.000000000000000000, 0.000000000000000000, -1.000000000000000000 ) ) ;
#1111 = EDGE_LOOP ( 'NONE', ( #1815, #6272, #1623, #4446 ) ) ;
#1112 = ADVANCED_FACE ( 'NONE', ( #12394 ), #6628, .F. ) ;
#1113 = CIRCLE ( 'NONE', #10767, 0.01000000000000002623 ) ;
#1114 = PRESENTATION_STYLE_ASSIGNMENT (( #14 ) ) ;
#1115 = DIRECTION ( 'NONE',  ( 0.000000000000000000, 0.000000000000000000, -1.000000000000000000 ) ) ;
#1116 = ADVANCED_FACE ( 'NONE', ( #9299 ), #688, .F. ) ;
#1117 = CIRCLE ( 'NONE', #923, 0.01901193750893730161 ) ;
#1118 = DIRECTION ( 'NONE',  ( 0.000000000000000000, -1.000000000000000000, 0.000000000000000000 ) ) ;
#1119 = VERTEX_POINT ( 'NONE', #8670 ) ;
#1120 = CYLINDRICAL_SURFACE ( 'NONE', #6207, 0.01999999999999999695 ) ;
#1121 = UNCERTAINTY_MEASURE_WITH_UNIT (LENGTH_MEASURE( 1.000000000000000082E-05 ), #8032, 'distance_accuracy_value', 'NONE');
#1122 = DIRECTION ( 'NONE',  ( 5.421010862427508759E-15, 0.000000000000000000, -1.000000000000000000 ) ) ;
#1123 = EDGE_LOOP ( 'NONE', ( #5763, #4857, #1625, #9395 ) ) ;
#1124 = PRESENTATION_STYLE_ASSIGNMENT (( #11010 ) ) ;
#1125 = MECHANICAL_DESIGN_GEOMETRIC_PRESENTATION_REPRESENTATION (  '', ( #8976 ), #8776 ) ;
#1126 =( NAMED_UNIT ( * ) PLANE_ANGLE_UNIT ( ) SI_UNIT ( $, .RADIAN. ) );
#1127 = ORIENTED_EDGE ( 'NONE', *, *, #10034, .T. ) ;
#1128 = FILL_AREA_STYLE_COLOUR ( '', #1198 ) ;
#1129 = FILL_AREA_STYLE_COLOUR ( '', #6058 ) ;
#1130 = ADVANCED_FACE ( 'NONE', ( #3980 ), #9664, .F. ) ;
#1131 = DIRECTION ( 'NONE',  ( -0.000000000000000000, -1.000000000000000000, -0.000000000000000000 ) ) ;
#1132 = FACE_OUTER_BOUND ( 'NONE', #5704, .T. ) ;
#1133 = EDGE_CURVE ( 'NONE', #11071, #1557, #9546, .T. ) ;
#1134 = ORIENTED_EDGE ( 'NONE', *, *, #9829, .F. ) ;
#1136 = DIRECTION ( 'NONE',  ( 1.000000000000000000, -0.000000000000000000, 0.000000000000000000 ) ) ;
#1135 = MECHANICAL_DESIGN_GEOMETRIC_PRESENTATION_REPRESENTATION (  '', ( #532 ), #2526 ) ;
#1137 = DIRECTION ( 'NONE',  ( -1.084202172485501752E-14, 1.084202172485501752E-14, -1.000000000000000000 ) ) ;
#1138 = ORIENTED_EDGE ( 'NONE', *, *, #5714, .F. ) ;
#1139 = FILL_AREA_STYLE ('',( #5892 ) ) ;
#1140 = CARTESIAN_POINT ( 'NONE',  ( -0.5000000000000000000, 0.5700000000000000622, -0.9159880624910591296 ) ) ;
#1141 =( NAMED_UNIT ( * ) SI_UNIT ( $, .STERADIAN. ) SOLID_ANGLE_UNIT ( ) );
#1142 = VERTEX_POINT ( 'NONE', #10676 ) ;
#1143 = COLOUR_RGB ( '',0.6666666666666666297, 0.6980392156862744724, 0.7686274509803920907 ) ;
#1144 = PRESENTATION_STYLE_ASSIGNMENT (( #3015 ) ) ;
#1145 = ORIENTED_EDGE ( 'NONE', *, *, #3622, .F. ) ;
#1146 =( LENGTH_UNIT ( ) NAMED_UNIT ( * ) SI_UNIT ( .MILLI., .METRE. ) );
#1147 = CYLINDRICAL_SURFACE ( 'NONE', #5586, 0.009999999999999998473 ) ;
#1148 = EDGE_CURVE ( 'NONE', #338, #647, #10554, .T. ) ;
#1149 = CARTESIAN_POINT ( 'NONE',  ( -0.9449999999999989519, 0.5500000000000000444, -0.3059880624910618074 ) ) ;
#1150 =( NAMED_UNIT ( * ) PLANE_ANGLE_UNIT ( ) SI_UNIT ( $, .RADIAN. ) );
#1151 = PRESENTATION_LAYER_ASSIGNMENT (  '', '', ( #2928 ) ) ;
#1152 = SURFACE_STYLE_USAGE ( .BOTH. , #8972 ) ;
#1153 = CARTESIAN_POINT ( 'NONE',  ( 1.000000000000000222, 0.4500000000000000111, 1.000000000000000000 ) ) ;
#1154 = CARTESIAN_POINT ( 'NONE',  ( 0.7740119375089370424, 0.5600000000000000533, -0.1440119375089355669 ) ) ;
#1155 = CARTESIAN_POINT ( 'NONE',  ( 0.3875000000000006772, 0.5500000000000000444, -1.000000000000000000 ) ) ;
#1156 = DIRECTION ( 'NONE',  ( -0.000000000000000000, 1.000000000000000000, -0.000000000000000000 ) ) ;
#1157 = CIRCLE ( 'NONE', #11013, 0.02901193750893735560 ) ;
#1159 = CARTESIAN_POINT ( 'NONE',  ( 0.9159880624910604618, 0.5700000000000000622, 0.7749999999999992450 ) ) ;
#1158 = CIRCLE ( 'NONE', #2941, 0.01901193750893732937 ) ;
#1160 = ORIENTED_EDGE ( 'NONE', *, *, #11784, .F. ) ;
#1161 = DIRECTION ( 'NONE',  ( 2.710505431213754380E-15, -5.421010862427508759E-15, -1.000000000000000000 ) ) ;
#1162 = PRESENTATION_STYLE_ASSIGNMENT (( #9785 ) ) ;
#1163 = COLOUR_RGB ( '',0.6666666666666666297, 0.6980392156862744724, 0.7686274509803920907 ) ;
#1164 =( LENGTH_UNIT ( ) NAMED_UNIT ( * ) SI_UNIT ( .MILLI., .METRE. ) );
#1165 = MECHANICAL_DESIGN_GEOMETRIC_PRESENTATION_REPRESENTATION (  '', ( #5550 ), #7389 ) ;
#1166 = PRESENTATION_LAYER_ASSIGNMENT (  '', '', ( #5756 ) ) ;
#1167 = CIRCLE ( 'NONE', #2766, 0.01000000000000002623 ) ;
#1168 = FILL_AREA_STYLE ('',( #3985 ) ) ;
#1169 = DIRECTION ( 'NONE',  ( 0.000000000000000000, 0.000000000000000000, -1.000000000000000000 ) ) ;
#1170 = EDGE_CURVE ( 'NONE', #461, #3263, #6280, .T. ) ;
#1171 = CARTESIAN_POINT ( 'NONE',  ( -0.4124999999999994782, 0.5500000000000000444, -1.000000000000000000 ) ) ;
#1172 =( GEOMETRIC_REPRESENTATION_CONTEXT ( 3 ) GLOBAL_UNCERTAINTY_ASSIGNED_CONTEXT ( ( #727 ) ) GLOBAL_UNIT_ASSIGNED_CONTEXT ( ( #9297, #10295, #9113 ) ) REPRESENTATION_CONTEXT ( 'NONE', 'WORKASPACE' ) );
#1173 = FILL_AREA_STYLE ('',( #10869 ) ) ;
#1174 = VERTEX_POINT ( 'NONE', #7711 ) ;
#1175 =( GEOMETRIC_REPRESENTATION_CONTEXT ( 3 ) GLOBAL_UNCERTAINTY_ASSIGNED_CONTEXT ( ( #2968 ) ) GLOBAL_UNIT_ASSIGNED_CONTEXT ( ( #386, #8111, #324 ) ) REPRESENTATION_CONTEXT ( 'NONE', 'WORKASPACE' ) );
#1176 = AXIS2_PLACEMENT_3D ( 'NONE', #10517, #2754, #3825 ) ;
#1177 = PRESENTATION_STYLE_ASSIGNMENT (( #5036 ) ) ;
#1178 = EDGE_LOOP ( 'NONE', ( #7124, #8168, #5507, #3955 ) ) ;
#1179 = VECTOR ( 'NONE', #2008, 1000.000000000000000 ) ;
#1180 = ORIENTED_EDGE ( 'NONE', *, *, #4121, .T. ) ;
#1181 = MECHANICAL_DESIGN_GEOMETRIC_PRESENTATION_REPRESENTATION (  '', ( #10433 ), #19 ) ;
#1182 = AXIS2_PLACEMENT_3D ( 'NONE', #893, #1751, #29 ) ;
#1183 = AXIS2_PLACEMENT_3D ( 'NONE', #8944, #7843, #310 ) ;
#1184 = EDGE_CURVE ( 'NONE', #3547, #1142, #10735, .T. ) ;
#1185 = VERTEX_POINT ( 'NONE', #2095 ) ;
#1186 = CARTESIAN_POINT ( 'NONE',  ( -0.1100000000000031786, 0.5600000000000000533, -0.9159880624910617941 ) ) ;
#1187 =( GEOMETRIC_REPRESENTATION_CONTEXT ( 3 ) GLOBAL_UNCERTAINTY_ASSIGNED_CONTEXT ( ( #10784 ) ) GLOBAL_UNIT_ASSIGNED_CONTEXT ( ( #5680, #11511, #9440 ) ) REPRESENTATION_CONTEXT ( 'NONE', 'WORKASPACE' ) );
#1188 = SURFACE_STYLE_USAGE ( .BOTH. , #314 ) ;
#1189 = CARTESIAN_POINT ( 'NONE',  ( -0.7740119375089352660, 0.5500000000000000444, -0.5649999999999981704 ) ) ;
#1190 = LINE ( 'NONE', #8881, #11137 ) ;
#1191 = AXIS2_PLACEMENT_3D ( 'NONE', #11730, #2952, #6800 ) ;
#1192 = DIRECTION ( 'NONE',  ( 0.000000000000000000, 0.000000000000000000, -1.000000000000000000 ) ) ;
#1193 = SURFACE_STYLE_FILL_AREA ( #8764 ) ;
#1194 =( GEOMETRIC_REPRESENTATION_CONTEXT ( 3 ) GLOBAL_UNCERTAINTY_ASSIGNED_CONTEXT ( ( #9666 ) ) GLOBAL_UNIT_ASSIGNED_CONTEXT ( ( #7458, #11601, #11727 ) ) REPRESENTATION_CONTEXT ( 'NONE', 'WORKASPACE' ) );
#1195 = PRESENTATION_LAYER_ASSIGNMENT (  '', '', ( #6606 ) ) ;
#1196 = SURFACE_STYLE_FILL_AREA ( #1375 ) ;
#1197 = ORIENTED_EDGE ( 'NONE', *, *, #11545, .F. ) ;
#1198 = COLOUR_RGB ( '',0.6666666666666666297, 0.6980392156862744724, 0.7686274509803920907 ) ;
#1199 = FACE_OUTER_BOUND ( 'NONE', #1846, .T. ) ;
#1200 = CARTESIAN_POINT ( 'NONE',  ( 0.7740119375089354881, 0.5500000000000000444, 0.5940119375089355502 ) ) ;
#1201 = EDGE_CURVE ( 'NONE', #12016, #3526, #1104, .T. ) ;
#1202 = VECTOR ( 'NONE', #5682, 1000.000000000000000 ) ;
#1203 = EDGE_CURVE ( 'NONE', #3217, #9181, #4901, .T. ) ;
#1204 = CARTESIAN_POINT ( 'NONE',  ( 0.9349999999999980549, 0.5700000000000000622, 0.5940119375089366605 ) ) ;
#1205 = ORIENTED_EDGE ( 'NONE', *, *, #1861, .F. ) ;
#1206 = CIRCLE ( 'NONE', #10463, 0.01000000000000002623 ) ;
#1207 = DIRECTION ( 'NONE',  ( 0.000000000000000000, 0.000000000000000000, -1.000000000000000000 ) ) ;
#1208 = CARTESIAN_POINT ( 'NONE',  ( 0.2900000000000004241, 0.5600000000000000533, 0.9159880624910602398 ) ) ;
#1209 = ORIENTED_EDGE ( 'NONE', *, *, #7780, .F. ) ;
#1210 = FILL_AREA_STYLE ('',( #9833 ) ) ;
#1211 = SURFACE_STYLE_FILL_AREA ( #9834 ) ;
#1212 = FACE_OUTER_BOUND ( 'NONE', #9615, .T. ) ;
#1213 = SURFACE_SIDE_STYLE ('',( #2260 ) ) ;
#1214 =( NAMED_UNIT ( * ) SI_UNIT ( $, .STERADIAN. ) SOLID_ANGLE_UNIT ( ) );
#1215 = VECTOR ( 'NONE', #8852, 1000.000000000000000 ) ;
#1216 = DIRECTION ( 'NONE',  ( 0.000000000000000000, 0.000000000000000000, -1.000000000000000000 ) ) ;
#1217 = UNCERTAINTY_MEASURE_WITH_UNIT (LENGTH_MEASURE( 1.000000000000000082E-05 ), #2239, 'distance_accuracy_value', 'NONE');
#1218 = CYLINDRICAL_SURFACE ( 'NONE', #9962, 0.01901193750893592077 ) ;
#1219 = ADVANCED_FACE ( 'NONE', ( #11934, #11984, #10094, #3347 ), #5085, .F. ) ;
#1220 = FACE_OUTER_BOUND ( 'NONE', #3272, .T. ) ;
#1222 = LINE ( 'NONE', #3971, #10278 ) ;
#1221 = DIRECTION ( 'NONE',  ( 0.000000000000000000, 0.000000000000000000, -1.000000000000000000 ) ) ;
#1223 = FILL_AREA_STYLE_COLOUR ( '', #9097 ) ;
#1224 = UNCERTAINTY_MEASURE_WITH_UNIT (LENGTH_MEASURE( 1.000000000000000082E-05 ), #8387, 'distance_accuracy_value', 'NONE');
#1225 = UNCERTAINTY_MEASURE_WITH_UNIT (LENGTH_MEASURE( 1.000000000000000082E-05 ), #10380, 'distance_accuracy_value', 'NONE');
#1226 = SURFACE_STYLE_USAGE ( .BOTH. , #10736 ) ;
#1227 = SURFACE_STYLE_FILL_AREA ( #2973 ) ;
#1228 = AXIS2_PLACEMENT_3D ( 'NONE', #3220, #11612, #7069 ) ;
#1229 = EDGE_CURVE ( 'NONE', #1293, #1700, #10929, .T. ) ;
#1230 = DIRECTION ( 'NONE',  ( 0.000000000000000000, -1.000000000000000000, 0.000000000000000000 ) ) ;
#1231 = COLOUR_RGB ( '',0.6666666666666666297, 0.6980392156862744724, 0.7686274509803920907 ) ;
#1232 = EDGE_LOOP ( 'NONE', ( #9992, #12219, #11105, #6371 ) ) ;
#1233 = MECHANICAL_DESIGN_GEOMETRIC_PRESENTATION_REPRESENTATION (  '', ( #53 ), #8692 ) ;
#1234 = DIRECTION ( 'NONE',  ( 1.843143693225352742E-13, 0.000000000000000000, 1.000000000000000000 ) ) ;
#1235 = EDGE_CURVE ( 'NONE', #330, #6336, #2415, .T. ) ;
#1236 = UNCERTAINTY_MEASURE_WITH_UNIT (LENGTH_MEASURE( 1.000000000000000082E-05 ), #4279, 'distance_accuracy_value', 'NONE');
#1237 = CARTESIAN_POINT ( 'NONE',  ( 0.3190119375089380260, 0.5600000000000000533, -0.9349999999999977218 ) ) ;
#1238 = ORIENTED_EDGE ( 'NONE', *, *, #203, .T. ) ;
#1239 = DIRECTION ( 'NONE',  ( 1.000000000000000000, -0.000000000000000000, 6.693592482257194052E-15 ) ) ;
#1240 =( LENGTH_UNIT ( ) NAMED_UNIT ( * ) SI_UNIT ( .MILLI., .METRE. ) );
#1241 = FILL_AREA_STYLE_COLOUR ( '', #11242 ) ;
#1242 =( NAMED_UNIT ( * ) SI_UNIT ( $, .STERADIAN. ) SOLID_ANGLE_UNIT ( ) );
#1243 = SURFACE_STYLE_FILL_AREA ( #7847 ) ;
#1244 = LINE ( 'NONE', #11705, #2542 ) ;
#1245 = DIRECTION ( 'NONE',  ( 0.000000000000000000, 0.000000000000000000, -1.000000000000000000 ) ) ;
#1246 = CARTESIAN_POINT ( 'NONE',  ( -0.7549999999999976730, 0.5700000000000000622, -0.7559880624910606528 ) ) ;
#1247 = STYLED_ITEM ( 'NONE', ( #7754 ), #1438 ) ;
#1248 = CIRCLE ( 'NONE', #8289, 0.02901193750893746315 ) ;
#1249 =( NAMED_UNIT ( * ) PLANE_ANGLE_UNIT ( ) SI_UNIT ( $, .RADIAN. ) );
#1250 = EDGE_CURVE ( 'NONE', #330, #5567, #11929, .T. ) ;
#1251 = VERTEX_POINT ( 'NONE', #5203 ) ;
#1252 = FACE_OUTER_BOUND ( 'NONE', #4803, .T. ) ;
#1253 = CIRCLE ( 'NONE', #5238, 0.01901193750893743692 ) ;
#1254 = ORIENTED_EDGE ( 'NONE', *, *, #6822, .F. ) ;
#1255 = AXIS2_PLACEMENT_3D ( 'NONE', #1892, #6662, #9575 ) ;
#1256 = DIRECTION ( 'NONE',  ( 0.000000000000000000, 1.000000000000000000, -0.000000000000000000 ) ) ;
#1257 = FILL_AREA_STYLE ('',( #3078 ) ) ;
#1258 = FACE_OUTER_BOUND ( 'NONE', #10488, .T. ) ;
#1259 = AXIS2_PLACEMENT_3D ( 'NONE', #3943, #2120, #4010 ) ;
#1260 = COLOUR_RGB ( '',0.6666666666666666297, 0.6980392156862744724, 0.7686274509803920907 ) ;
#1261 = VERTEX_POINT ( 'NONE', #1476 ) ;
#1262 = TOROIDAL_SURFACE ( 'NONE', #6446, 0.02901193750893743539, 0.01000000000000000021 ) ;
#1263 = SURFACE_STYLE_FILL_AREA ( #5827 ) ;
#1264 = CARTESIAN_POINT ( 'NONE',  ( -0.7740119375089361542, 0.5600000000000000533, 0.3249999999999982347 ) ) ;
#1265 = ORIENTED_EDGE ( 'NONE', *, *, #8748, .T. ) ;
#1266 = DIRECTION ( 'NONE',  ( 0.000000000000000000, 1.000000000000000000, 0.000000000000000000 ) ) ;
#1267 = AXIS2_PLACEMENT_3D ( 'NONE', #12353, #3697, #5810 ) ;
#1268 = CARTESIAN_POINT ( 'NONE',  ( -0.4800000000000000377, 0.5600000000000000533, -0.5100000000000002309 ) ) ;
#1269 = PRESENTATION_LAYER_ASSIGNMENT (  '', '', ( #8527 ) ) ;
#1270 = ADVANCED_FACE ( 'NONE', ( #7196, #9098, #352, #1340, #4163 ), #10995, .F. ) ;
#1271 = PRESENTATION_STYLE_ASSIGNMENT (( #6024 ) ) ;
#1272 = EDGE_CURVE ( 'NONE', #823, #3705, #11061, .T. ) ;
#1273 = ORIENTED_EDGE ( 'NONE', *, *, #11862, .T. ) ;
#1274 = PRESENTATION_LAYER_ASSIGNMENT (  '', '', ( #4073 ) ) ;
#1275 = EDGE_LOOP ( 'NONE', ( #6335, #1509, #2833, #10317 ) ) ;
#1276 = ORIENTED_EDGE ( 'NONE', *, *, #8748, .F. ) ;
#1277 = CIRCLE ( 'NONE', #93, 0.01901193750893743692 ) ;
#1278 =( NAMED_UNIT ( * ) PLANE_ANGLE_UNIT ( ) SI_UNIT ( $, .RADIAN. ) );
#1279 = PRESENTATION_LAYER_ASSIGNMENT (  '', '', ( #8936 ) ) ;
#1280 =( GEOMETRIC_REPRESENTATION_CONTEXT ( 3 ) GLOBAL_UNCERTAINTY_ASSIGNED_CONTEXT ( ( #8125 ) ) GLOBAL_UNIT_ASSIGNED_CONTEXT ( ( #5334, #614, #12197 ) ) REPRESENTATION_CONTEXT ( 'NONE', 'WORKASPACE' ) );
#1281 =( LENGTH_UNIT ( ) NAMED_UNIT ( * ) SI_UNIT ( .MILLI., .METRE. ) );
#1282 = DIRECTION ( 'NONE',  ( -1.000000000000000000, 0.000000000000000000, -7.063772234066506568E-15 ) ) ;
#1283 = EDGE_CURVE ( 'NONE', #5242, #7683, #11538, .T. ) ;
#1284 = DIRECTION ( 'NONE',  ( -1.084202172485504592E-14, 0.000000000000000000, 1.000000000000000000 ) ) ;
#1285 = EDGE_CURVE ( 'NONE', #3637, #9110, #6945, .T. ) ;
#1286 = DIRECTION ( 'NONE',  ( -0.000000000000000000, -1.000000000000000000, -0.000000000000000000 ) ) ;
#1287 =( NAMED_UNIT ( * ) PLANE_ANGLE_UNIT ( ) SI_UNIT ( $, .RADIAN. ) );
#1288 = CARTESIAN_POINT ( 'NONE',  ( 0.08098806249106281496, 0.5500000000000000444, 0.7740119375089372644 ) ) ;
#1289 = VERTEX_POINT ( 'NONE', #5022 ) ;
#1290 = COLOUR_RGB ( '',0.6666666666666666297, 0.6980392156862744724, 0.7686274509803920907 ) ;
#1291 = LINE ( 'NONE', #5091, #1465 ) ;
#1292 = CARTESIAN_POINT ( 'NONE',  ( 0.7740119375089352660, 0.5600000000000000533, -0.7849999999999981437 ) ) ;
#1293 = VERTEX_POINT ( 'NONE', #2148 ) ;
#1294 = SURFACE_STYLE_USAGE ( .BOTH. , #6954 ) ;
#1295 = EDGE_CURVE ( 'NONE', #5739, #3223, #8924, .T. ) ;
#1296 = SURFACE_STYLE_USAGE ( .BOTH. , #1352 ) ;
#1297 = DIRECTION ( 'NONE',  ( -0.000000000000000000, 1.000000000000000000, -0.000000000000000000 ) ) ;
#1298 = STYLED_ITEM ( 'NONE', ( #8779 ), #7894 ) ;
#1299 = CARTESIAN_POINT ( 'NONE',  ( 0.4800000000000000933, 0.5600000000000000533, 0.4799999999999997602 ) ) ;
#1300 = ORIENTED_EDGE ( 'NONE', *, *, #7704, .T. ) ;
#1301 =( NAMED_UNIT ( * ) SI_UNIT ( $, .STERADIAN. ) SOLID_ANGLE_UNIT ( ) );
#1302 = AXIS2_PLACEMENT_3D ( 'NONE', #2578, #9463, #835 ) ;
#1303 = CIRCLE ( 'NONE', #122, 0.009999999999999998473 ) ;
#1304 = FACE_OUTER_BOUND ( 'NONE', #209, .T. ) ;
#1305 = SURFACE_STYLE_FILL_AREA ( #9943 ) ;
#1306 = FILL_AREA_STYLE_COLOUR ( '', #6394 ) ;
#1307 = ORIENTED_EDGE ( 'NONE', *, *, #7848, .F. ) ;
#1308 = SURFACE_SIDE_STYLE ('',( #8109 ) ) ;
#1309 = CIRCLE ( 'NONE', #4902, 0.01000000000000002623 ) ;
#1310 = VERTEX_POINT ( 'NONE', #7946 ) ;
#1311 = MECHANICAL_DESIGN_GEOMETRIC_PRESENTATION_REPRESENTATION (  '', ( #730 ), #323 ) ;
#1312 = CARTESIAN_POINT ( 'NONE',  ( -0.7740119375089369314, 0.5700000000000000622, 0.1249999999999981820 ) ) ;
#1313 = DIRECTION ( 'NONE',  ( 0.000000000000000000, -1.000000000000000000, 0.000000000000000000 ) ) ;
#1314 = CARTESIAN_POINT ( 'NONE',  ( 0.2900000000000004241, 0.5500000000000000444, 0.7740119375089351550 ) ) ;
#1315 = EDGE_CURVE ( 'NONE', #7182, #11787, #1673, .T. ) ;
#1316 = ORIENTED_EDGE ( 'NONE', *, *, #5931, .T. ) ;
#1317 = VERTEX_POINT ( 'NONE', #10413 ) ;
#1318 =( LENGTH_UNIT ( ) NAMED_UNIT ( * ) SI_UNIT ( .MILLI., .METRE. ) );
#1320 = ORIENTED_EDGE ( 'NONE', *, *, #4230, .F. ) ;
#1319 = MECHANICAL_DESIGN_GEOMETRIC_PRESENTATION_REPRESENTATION (  '', ( #7563 ), #9775 ) ;
#1321 = CYLINDRICAL_SURFACE ( 'NONE', #6785, 0.01000000000000002623 ) ;
#1323 =( NAMED_UNIT ( * ) PLANE_ANGLE_UNIT ( ) SI_UNIT ( $, .RADIAN. ) );
#1322 = FACE_OUTER_BOUND ( 'NONE', #3806, .T. ) ;
#1324 = DIRECTION ( 'NONE',  ( -1.084202172485501594E-14, 0.000000000000000000, -1.000000000000000000 ) ) ;
#1325 = VERTEX_POINT ( 'NONE', #9405 ) ;
#1326 = UNCERTAINTY_MEASURE_WITH_UNIT (LENGTH_MEASURE( 1.000000000000000082E-05 ), #10346, 'distance_accuracy_value', 'NONE');
#1327 = EDGE_LOOP ( 'NONE', ( #10712, #1615, #8208, #11338 ) ) ;
#1328 = ORIENTED_EDGE ( 'NONE', *, *, #2909, .F. ) ;
#1329 = DIRECTION ( 'NONE',  ( 0.000000000000000000, 0.000000000000000000, 1.000000000000000000 ) ) ;
#1330 = EDGE_CURVE ( 'NONE', #8990, #2221, #12190, .T. ) ;
#1331 = CARTESIAN_POINT ( 'NONE',  ( 0.7740119375089365983, 0.5600000000000000533, 0.3249999999999982347 ) ) ;
#1332 = EDGE_CURVE ( 'NONE', #7775, #8957, #4408, .T. ) ;
#1333 = LINE ( 'NONE', #8068, #2047 ) ;
#1334 = LINE ( 'NONE', #9036, #4234 ) ;
#1335 = ORIENTED_EDGE ( 'NONE', *, *, #8353, .T. ) ;
#1336 = CARTESIAN_POINT ( 'NONE',  ( 0.7549999999999995604, 0.5700000000000000622, -0.3059880624910606417 ) ) ;
#1337 = AXIS2_PLACEMENT_3D ( 'NONE', #3911, #12442, #3967 ) ;
#1338 = PRESENTATION_STYLE_ASSIGNMENT (( #10927 ) ) ;
#1339 = SURFACE_STYLE_FILL_AREA ( #2094 ) ;
#1340 = FACE_BOUND ( 'NONE', #4560, .T. ) ;
#1341 = UNCERTAINTY_MEASURE_WITH_UNIT (LENGTH_MEASURE( 1.000000000000000082E-05 ), #1508, 'distance_accuracy_value', 'NONE');
#1342 = VECTOR ( 'NONE', #9750, 1000.000000000000000 ) ;
#1343 = UNCERTAINTY_MEASURE_WITH_UNIT (LENGTH_MEASURE( 1.000000000000000082E-05 ), #3305, 'distance_accuracy_value', 'NONE');
#1344 = CARTESIAN_POINT ( 'NONE',  ( -0.3190119375089376375, 0.5600000000000000533, -0.9449999999999977307 ) ) ;
#1345 = PLANE ( 'NONE',  #9840 ) ;
#1346 = EDGE_CURVE ( 'NONE', #12205, #1289, #3669, .T. ) ;
#1347 = VECTOR ( 'NONE', #4401, 1000.000000000000000 ) ;
#1348 = EDGE_CURVE ( 'NONE', #11161, #4478, #3282, .T. ) ;
#1349 = DIRECTION ( 'NONE',  ( 1.000000000000000000, 0.000000000000000000, 6.693592482257194052E-15 ) ) ;
#1350 = SURFACE_SIDE_STYLE ('',( #3107 ) ) ;
#1351 = ORIENTED_EDGE ( 'NONE', *, *, #9687, .F. ) ;
#1352 = SURFACE_SIDE_STYLE ('',( #10947 ) ) ;
#1353 = ORIENTED_EDGE ( 'NONE', *, *, #6517, .F. ) ;
#1354 = PRESENTATION_LAYER_ASSIGNMENT (  '', '', ( #5551 ) ) ;
#1355 = LINE ( 'NONE', #8872, #6832 ) ;
#1356 = UNCERTAINTY_MEASURE_WITH_UNIT (LENGTH_MEASURE( 1.000000000000000082E-05 ), #4635, 'distance_accuracy_value', 'NONE');
#1357 = EDGE_LOOP ( 'NONE', ( #8435, #6175, #11823, #10716 ) ) ;
#1358 = CIRCLE ( 'NONE', #4734, 0.01000000000000002623 ) ;
#1359 = LINE ( 'NONE', #3180, #2590 ) ;
#1360 =( NAMED_UNIT ( * ) SI_UNIT ( $, .STERADIAN. ) SOLID_ANGLE_UNIT ( ) );
#1361 = COLOUR_RGB ( '',0.6666666666666666297, 0.6980392156862744724, 0.7686274509803920907 ) ;
#1362 = CARTESIAN_POINT ( 'NONE',  ( 0.7740119375089354881, 0.5700000000000000622, -0.7559880624910606528 ) ) ;
#1363 = ADVANCED_FACE ( 'NONE', ( #4645 ), #1654, .T. ) ;
#1364 = AXIS2_PLACEMENT_3D ( 'NONE', #7681, #8581, #8704 ) ;
#1365 = STYLED_ITEM ( 'NONE', ( #3571 ), #2431 ) ;
#1366 = AXIS2_PLACEMENT_3D ( 'NONE', #12166, #8167, #11160 ) ;
#1367 = PRESENTATION_STYLE_ASSIGNMENT (( #8818 ) ) ;
#1368 = COLOUR_RGB ( '',0.6666666666666666297, 0.6980392156862744724, 0.7686274509803920907 ) ;
#1369 = FILL_AREA_STYLE ('',( #9987 ) ) ;
#1370 = CARTESIAN_POINT ( 'NONE',  ( -0.9999999999999997780, 0.4750000000000001443, -0.2374999999999992117 ) ) ;
#1371 = ORIENTED_EDGE ( 'NONE', *, *, #6762, .F. ) ;
#1372 = CARTESIAN_POINT ( 'NONE',  ( -0.1100000000000032063, 0.5600000000000000533, 0.9159880624910617941 ) ) ;
#1373 = ORIENTED_EDGE ( 'NONE', *, *, #1184, .T. ) ;
#1375 = FILL_AREA_STYLE ('',( #8042 ) ) ;
#1374 = CIRCLE ( 'NONE', #8424, 0.02901193750893730008 ) ;
#1376 = COLOUR_RGB ( '',0.6666666666666666297, 0.6980392156862744724, 0.7686274509803920907 ) ;
#1377 = VECTOR ( 'NONE', #1617, 1000.000000000000000 ) ;
#1378 = ORIENTED_EDGE ( 'NONE', *, *, #5804, .T. ) ;
#1379 = CARTESIAN_POINT ( 'NONE',  ( 0.4809880624910630176, 0.5500000000000000444, -0.9159880624910591296 ) ) ;
#1380 =( NAMED_UNIT ( * ) SI_UNIT ( $, .STERADIAN. ) SOLID_ANGLE_UNIT ( ) );
#1381 = CIRCLE ( 'NONE', #11043, 0.01000000000000002623 ) ;
#1382 =( NAMED_UNIT ( * ) PLANE_ANGLE_UNIT ( ) SI_UNIT ( $, .RADIAN. ) );
#1383 = ORIENTED_EDGE ( 'NONE', *, *, #12214, .T. ) ;
#1384 = VECTOR ( 'NONE', #1916, 1000.000000000000000 ) ;
#1385 = MECHANICAL_DESIGN_GEOMETRIC_PRESENTATION_REPRESENTATION (  '', ( #12261 ), #9000 ) ;
#1386 = SURFACE_STYLE_USAGE ( .BOTH. , #7117 ) ;
#1387 = COLOUR_RGB ( '',0.6666666666666666297, 0.6980392156862744724, 0.7686274509803920907 ) ;
#1388 = MECHANICAL_DESIGN_GEOMETRIC_PRESENTATION_REPRESENTATION (  '', ( #11049 ), #2376 ) ;
#1389 = ORIENTED_EDGE ( 'NONE', *, *, #2643, .T. ) ;
#1391 = CARTESIAN_POINT ( 'NONE',  ( 0.4800000000000001488, 0.5600000000000000533, 0.5000000000000000000 ) ) ;
#1390 = AXIS2_PLACEMENT_3D ( 'NONE', #5720, #7522, #2661 ) ;
#1392 = VERTEX_POINT ( 'NONE', #8398 ) ;
#1393 = FILL_AREA_STYLE ('',( #5188 ) ) ;
#1394 = CARTESIAN_POINT ( 'NONE',  ( 1.000000000000000222, 0.4749999999999999223, 0.6624999999999989786 ) ) ;
#1396 = FILL_AREA_STYLE ('',( #5958 ) ) ;
#1395 = CARTESIAN_POINT ( 'NONE',  ( 0.5000000000000000000, 0.5500000000000000444, -0.5000000000000002220 ) ) ;
#1397 = ORIENTED_EDGE ( 'NONE', *, *, #6002, .T. ) ;
#1398 = ADVANCED_FACE ( 'NONE', ( #5595 ), #9351, .T. ) ;
#1399 = PRESENTATION_STYLE_ASSIGNMENT (( #8124 ) ) ;
#1400 = EDGE_LOOP ( 'NONE', ( #6901, #4084, #2162, #9088 ) ) ;
#1401 = PRESENTATION_LAYER_ASSIGNMENT (  '', '', ( #2787 ) ) ;
#1402 = PRESENTATION_LAYER_ASSIGNMENT (  '', '', ( #7823 ) ) ;
#1403 =( LENGTH_UNIT ( ) NAMED_UNIT ( * ) SI_UNIT ( .MILLI., .METRE. ) );
#1404 = DIRECTION ( 'NONE',  ( 1.000000000000000000, 0.000000000000000000, 0.000000000000000000 ) ) ;
#1405 = CARTESIAN_POINT ( 'NONE',  ( -0.7740119375089369314, 0.5600000000000000533, 0.1249999999999981820 ) ) ;
#1406 = DIRECTION ( 'NONE',  ( 0.000000000000000000, 1.000000000000000000, 0.000000000000000000 ) ) ;
#1407 = PRESENTATION_STYLE_ASSIGNMENT (( #3481 ) ) ;
#1408 = CIRCLE ( 'NONE', #3996, 0.01901193750893743692 ) ;
#1409 = CIRCLE ( 'NONE', #5600, 0.01000000000000002623 ) ;
#1410 =( NAMED_UNIT ( * ) SI_UNIT ( $, .STERADIAN. ) SOLID_ANGLE_UNIT ( ) );
#1411 = DIRECTION ( 'NONE',  ( 0.000000000000000000, -1.000000000000000000, 0.000000000000000000 ) ) ;
#1412 = CARTESIAN_POINT ( 'NONE',  ( -0.3190119375089374709, 0.5600000000000000533, -0.9159880624910602398 ) ) ;
#1413 = EDGE_CURVE ( 'NONE', #1142, #8990, #2678, .T. ) ;
#1414 = CARTESIAN_POINT ( 'NONE',  ( 0.9159880624910606839, 0.5700000000000000622, 0.5749999999999991784 ) ) ;
#1415 = STYLED_ITEM ( 'NONE', ( #2427 ), #12293 ) ;
#1416 =( NAMED_UNIT ( * ) SI_UNIT ( $, .STERADIAN. ) SOLID_ANGLE_UNIT ( ) );
#1417 = SURFACE_STYLE_FILL_AREA ( #11875 ) ;
#1418 = SURFACE_STYLE_USAGE ( .BOTH. , #4470 ) ;
#1419 = EDGE_LOOP ( 'NONE', ( #2241, #2426, #10825, #3321 ) ) ;
#1420 = CARTESIAN_POINT ( 'NONE',  ( -0.9159880624910611280, 0.5600000000000000533, -0.3349999999999990208 ) ) ;
#1421 = CARTESIAN_POINT ( 'NONE',  ( -0.3190119375089375819, 0.5600000000000000533, 0.9349999999999977218 ) ) ;
#1422 = FILL_AREA_STYLE_COLOUR ( '', #7197 ) ;
#1423 = CARTESIAN_POINT ( 'NONE',  ( 0.4809880624910628510, 0.5500000000000000444, -0.7449999999999966649 ) ) ;
#1424 = ORIENTED_EDGE ( 'NONE', *, *, #9461, .F. ) ;
#1425 = EDGE_CURVE ( 'NONE', #12377, #10162, #5654, .T. ) ;
#1426 = ADVANCED_FACE ( 'NONE', ( #10541 ), #3025, .T. ) ;
#1427 = SURFACE_STYLE_FILL_AREA ( #1613 ) ;
#1428 = ORIENTED_EDGE ( 'NONE', *, *, #4796, .F. ) ;
#1429 =( NAMED_UNIT ( * ) PLANE_ANGLE_UNIT ( ) SI_UNIT ( $, .RADIAN. ) );
#1430 = FILL_AREA_STYLE ('',( #6190 ) ) ;
#1431 =( LENGTH_UNIT ( ) NAMED_UNIT ( * ) SI_UNIT ( .MILLI., .METRE. ) );
#1432 = VECTOR ( 'NONE', #11372, 1000.000000000000000 ) ;
#1433 = TOROIDAL_SURFACE ( 'NONE', #4806, 0.02901193750893732784, 0.01000000000000000021 ) ;
#1434 =( LENGTH_UNIT ( ) NAMED_UNIT ( * ) SI_UNIT ( .MILLI., .METRE. ) );
#1435 = DIRECTION ( 'NONE',  ( 3.346796241128597815E-15, 0.000000000000000000, 1.000000000000000000 ) ) ;
#1436 = CARTESIAN_POINT ( 'NONE',  ( 0.1099999999999987099, 0.5500000000000000444, 0.9159880624910630154 ) ) ;
#1437 =( LENGTH_UNIT ( ) NAMED_UNIT ( * ) SI_UNIT ( .MILLI., .METRE. ) );
#1438 = ADVANCED_FACE ( 'NONE', ( #4696 ), #6740, .T. ) ;
#1439 = ORIENTED_EDGE ( 'NONE', *, *, #10946, .T. ) ;
#1440 = ADVANCED_FACE ( 'NONE', ( #11420 ), #10597, .T. ) ;
#1441 = ORIENTED_EDGE ( 'NONE', *, *, #7733, .F. ) ;
#1442 =( NAMED_UNIT ( * ) PLANE_ANGLE_UNIT ( ) SI_UNIT ( $, .RADIAN. ) );
#1443 = MECHANICAL_DESIGN_GEOMETRIC_PRESENTATION_REPRESENTATION (  '', ( #5226 ), #3039 ) ;
#1444 = EDGE_LOOP ( 'NONE', ( #7804, #1494, #1276, #10238 ) ) ;
#1445 = VERTEX_POINT ( 'NONE', #5960 ) ;
#1446 = SURFACE_STYLE_FILL_AREA ( #10066 ) ;
#1447 =( NAMED_UNIT ( * ) SI_UNIT ( $, .STERADIAN. ) SOLID_ANGLE_UNIT ( ) );
#1448 = VERTEX_POINT ( 'NONE', #10907 ) ;
#1449 =( NAMED_UNIT ( * ) SI_UNIT ( $, .STERADIAN. ) SOLID_ANGLE_UNIT ( ) );
#1450 = MECHANICAL_DESIGN_GEOMETRIC_PRESENTATION_REPRESENTATION (  '', ( #11307 ), #2046 ) ;
#1451 =( GEOMETRIC_REPRESENTATION_CONTEXT ( 3 ) GLOBAL_UNCERTAINTY_ASSIGNED_CONTEXT ( ( #3470 ) ) GLOBAL_UNIT_ASSIGNED_CONTEXT ( ( #11293, #7446, #7565 ) ) REPRESENTATION_CONTEXT ( 'NONE', 'WORKASPACE' ) );
#1452 = EDGE_LOOP ( 'NONE', ( #5294, #9661, #39, #7466 ) ) ;
#1453 = VECTOR ( 'NONE', #4424, 1000.000000000000000 ) ;
#1454 = LINE ( 'NONE', #6982, #1464 ) ;
#1455 = FILL_AREA_STYLE_COLOUR ( '', #12265 ) ;
#1456 = CARTESIAN_POINT ( 'NONE',  ( 0.7449999999999997735, 0.5600000000000000533, -0.1440119375089354836 ) ) ;
#1457 = EDGE_CURVE ( 'NONE', #1743, #2212, #4440, .T. ) ;
#1458 = SURFACE_STYLE_USAGE ( .BOTH. , #7060 ) ;
#1459 = UNCERTAINTY_MEASURE_WITH_UNIT (LENGTH_MEASURE( 1.000000000000000082E-05 ), #2926, 'distance_accuracy_value', 'NONE');
#1460 = ORIENTED_EDGE ( 'NONE', *, *, #6972, .T. ) ;
#1461 = ORIENTED_EDGE ( 'NONE', *, *, #2027, .F. ) ;
#1462 = SURFACE_STYLE_FILL_AREA ( #10911 ) ;
#1463 = MECHANICAL_DESIGN_GEOMETRIC_PRESENTATION_REPRESENTATION (  '', ( #9515 ), #9704 ) ;
#1464 = VECTOR ( 'NONE', #8898, 1000.000000000000000 ) ;
#1465 = VECTOR ( 'NONE', #9861, 1000.000000000000000 ) ;
#1466 = MECHANICAL_DESIGN_GEOMETRIC_PRESENTATION_REPRESENTATION (  '', ( #684 ), #7887 ) ;
#1467 = SURFACE_SIDE_STYLE ('',( #3291 ) ) ;
#1468 = AXIS2_PLACEMENT_3D ( 'NONE', #3315, #10762, #7161 ) ;
#1469 = DIRECTION ( 'NONE',  ( 0.000000000000000000, -0.000000000000000000, -1.000000000000000000 ) ) ;
#1470 = CARTESIAN_POINT ( 'NONE',  ( -0.7740119375089370424, 0.5600000000000000533, -0.1249999999999980849 ) ) ;
#1471 = AXIS2_PLACEMENT_3D ( 'NONE', #1852, #2906, #5666 ) ;
#1472 = STYLED_ITEM ( 'NONE', ( #10576 ), #6271 ) ;
#1473 = DIRECTION ( 'NONE',  ( 1.000000000000000000, 0.000000000000000000, 0.000000000000000000 ) ) ;
#1474 = FILL_AREA_STYLE_COLOUR ( '', #12168 ) ;
#1475 = SURFACE_STYLE_USAGE ( .BOTH. , #9152 ) ;
#1476 = CARTESIAN_POINT ( 'NONE',  ( 1.000000000000000222, 0.4500000000000000111, -0.6625000000000009770 ) ) ;
#1477 = UNCERTAINTY_MEASURE_WITH_UNIT (LENGTH_MEASURE( 1.000000000000000082E-05 ), #3590, 'distance_accuracy_value', 'NONE');
#1478 = STYLED_ITEM ( 'NONE', ( #7675 ), #7092 ) ;
#1479 = PRESENTATION_STYLE_ASSIGNMENT (( #12192 ) ) ;
#1480 = DIRECTION ( 'NONE',  ( 4.336808689942018367E-14, 0.000000000000000000, -1.000000000000000000 ) ) ;
#1481 = SURFACE_SIDE_STYLE ('',( #6237 ) ) ;
#1482 = SURFACE_STYLE_USAGE ( .BOTH. , #2114 ) ;
#1483 = CARTESIAN_POINT ( 'NONE',  ( -0.3190119375089374709, 0.5600000000000000533, -0.7740119375089351550 ) ) ;
#1484 = AXIS2_PLACEMENT_3D ( 'NONE', #5094, #7086, #5993 ) ;
#1485 = CARTESIAN_POINT ( 'NONE',  ( -0.5100000000000000089, 0.5500000000000000444, 0.7740119375089341558 ) ) ;
#1486 = VERTEX_POINT ( 'NONE', #9838 ) ;
#1487 = FACE_OUTER_BOUND ( 'NONE', #6049, .T. ) ;
#1488 = SURFACE_SIDE_STYLE ('',( #683 ) ) ;
#1489 = CARTESIAN_POINT ( 'NONE',  ( 0.3190119375089380815, 0.5500000000000000444, -0.9449999999999977307 ) ) ;
#1490 =( NAMED_UNIT ( * ) PLANE_ANGLE_UNIT ( ) SI_UNIT ( $, .RADIAN. ) );
#1491 = ORIENTED_EDGE ( 'NONE', *, *, #10612, .T. ) ;
#1492 = CARTESIAN_POINT ( 'NONE',  ( -0.4809880624910627400, 0.5600000000000000533, -0.9349999999999966116 ) ) ;
#1493 = FILL_AREA_STYLE_COLOUR ( '', #12115 ) ;
#1494 = ORIENTED_EDGE ( 'NONE', *, *, #3744, .T. ) ;
#1495 = STYLED_ITEM ( 'NONE', ( #2224 ), #7422 ) ;
#1496 = FILL_AREA_STYLE ('',( #3501 ) ) ;
#1497 = EDGE_CURVE ( 'NONE', #8373, #5436, #10092, .T. ) ;
#1498 =( LENGTH_UNIT ( ) NAMED_UNIT ( * ) SI_UNIT ( .MILLI., .METRE. ) );
#1499 = EDGE_CURVE ( 'NONE', #1875, #8686, #6255, .T. ) ;
#1500 = DIRECTION ( 'NONE',  ( -1.000000000000000000, 0.000000000000000000, 0.000000000000000000 ) ) ;
#1501 = CARTESIAN_POINT ( 'NONE',  ( -0.9159880624910622382, 0.5500000000000000444, -0.1149999999999991307 ) ) ;
#1502 = FILL_AREA_STYLE_COLOUR ( '', #7895 ) ;
#1503 = DIRECTION ( 'NONE',  ( -1.000000000000000000, 0.000000000000000000, 7.063772234066506568E-15 ) ) ;
#1504 = MECHANICAL_DESIGN_GEOMETRIC_PRESENTATION_REPRESENTATION (  '', ( #10140 ), #3500 ) ;
#1505 = DIRECTION ( 'NONE',  ( 0.000000000000000000, -1.000000000000000000, 0.000000000000000000 ) ) ;
#1506 = ORIENTED_EDGE ( 'NONE', *, *, #9170, .T. ) ;
#1507 = VERTEX_POINT ( 'NONE', #2265 ) ;
#1508 =( LENGTH_UNIT ( ) NAMED_UNIT ( * ) SI_UNIT ( .MILLI., .METRE. ) );
#1509 = ORIENTED_EDGE ( 'NONE', *, *, #2002, .F. ) ;
#1510 = ORIENTED_EDGE ( 'NONE', *, *, #1133, .T. ) ;
#1511 = PRESENTATION_STYLE_ASSIGNMENT (( #2381 ) ) ;
#1512 = MECHANICAL_DESIGN_GEOMETRIC_PRESENTATION_REPRESENTATION (  '', ( #8346 ), #7540 ) ;
#1513 = ORIENTED_EDGE ( 'NONE', *, *, #2064, .F. ) ;
#1514 = CARTESIAN_POINT ( 'NONE',  ( 1.000000000000000222, 0.5500000000000000444, -0.2375000000000007383 ) ) ;
#1515 = EDGE_CURVE ( 'NONE', #2212, #5746, #3086, .T. ) ;
#1516 = ORIENTED_EDGE ( 'NONE', *, *, #2755, .F. ) ;
#1517 = FILL_AREA_STYLE ('',( #1638 ) ) ;
#1519 = CARTESIAN_POINT ( 'NONE',  ( 0.9159880624910621272, 0.5600000000000000533, 0.3059880624910617519 ) ) ;
#1518 = COLOUR_RGB ( '',0.6666666666666666297, 0.6980392156862744724, 0.7686274509803920907 ) ;
#1520 = AXIS2_PLACEMENT_3D ( 'NONE', #3863, #1921, #6633 ) ;
#1521 = ORIENTED_EDGE ( 'NONE', *, *, #9584, .F. ) ;
#1522 = SURFACE_STYLE_USAGE ( .BOTH. , #3286 ) ;
#1523 = CARTESIAN_POINT ( 'NONE',  ( 0.7740119375089374865, 0.5700000000000000622, -0.1249999999999981265 ) ) ;
#1524 = ADVANCED_FACE ( 'NONE', ( #3284 ), #6147, .F. ) ;
#1525 = CARTESIAN_POINT ( 'NONE',  ( 0.09999999999999679978, 0.5700000000000000622, 0.9159880624910630154 ) ) ;
#1526 = DIRECTION ( 'NONE',  ( -0.000000000000000000, 1.000000000000000000, -0.000000000000000000 ) ) ;
#1527 = DIRECTION ( 'NONE',  ( -1.000000000000000000, 0.000000000000000000, 1.084202172485501752E-14 ) ) ;
#1528 =( GEOMETRIC_REPRESENTATION_CONTEXT ( 3 ) GLOBAL_UNCERTAINTY_ASSIGNED_CONTEXT ( ( #10398 ) ) GLOBAL_UNIT_ASSIGNED_CONTEXT ( ( #7442, #11977, #8256 ) ) REPRESENTATION_CONTEXT ( 'NONE', 'WORKASPACE' ) );
#1529 = CARTESIAN_POINT ( 'NONE',  ( 0.9449999999999980638, 0.5500000000000000444, -0.5940119375089366605 ) ) ;
#1530 = LINE ( 'NONE', #9102, #8650 ) ;
#1531 = CARTESIAN_POINT ( 'NONE',  ( 0.09999999999999734102, 0.5600000000000000533, 0.7740119375089381526 ) ) ;
#1532 = VERTEX_POINT ( 'NONE', #11785 ) ;
#1533 = DIRECTION ( 'NONE',  ( -0.000000000000000000, 1.000000000000000000, -0.000000000000000000 ) ) ;
#1535 = SURFACE_STYLE_USAGE ( .BOTH. , #10155 ) ;
#1534 = MECHANICAL_DESIGN_GEOMETRIC_PRESENTATION_REPRESENTATION (  '', ( #7164 ), #11204 ) ;
#1536 = CARTESIAN_POINT ( 'NONE',  ( -0.5000000000000000000, 0.5700000000000000622, -0.7740119375089341558 ) ) ;
#1537 = VERTEX_POINT ( 'NONE', #5072 ) ;
#1538 = CARTESIAN_POINT ( 'NONE',  ( -0.7740119375089349329, 0.5700000000000000622, -0.7749999999999981348 ) ) ;
#1539 = CIRCLE ( 'NONE', #2923, 0.01901193750893743692 ) ;
#1540 = PRESENTATION_STYLE_ASSIGNMENT (( #9166 ) ) ;
#1541 = VERTEX_POINT ( 'NONE', #8969 ) ;
#1542 = CARTESIAN_POINT ( 'NONE',  ( -0.1000000000000026423, 0.5600000000000000533, -0.7740119375089368203 ) ) ;
#1543 = ADVANCED_FACE ( 'NONE', ( #6989 ), #1652, .F. ) ;
#1544 = DIRECTION ( 'NONE',  ( 0.000000000000000000, 0.000000000000000000, 1.000000000000000000 ) ) ;
#1545 = COLOUR_RGB ( '',0.6666666666666666297, 0.6980392156862744724, 0.7686274509803920907 ) ;
#1546 = ORIENTED_EDGE ( 'NONE', *, *, #1798, .T. ) ;
#1547 = COLOUR_RGB ( '',0.6666666666666666297, 0.6980392156862744724, 0.7686274509803920907 ) ;
#1548 = CARTESIAN_POINT ( 'NONE',  ( 0.09999999999999736877, 0.5700000000000000622, -0.7740119375089381526 ) ) ;
#1549 = DIRECTION ( 'NONE',  ( 0.000000000000000000, 0.000000000000000000, -1.000000000000000000 ) ) ;
#1550 = FILL_AREA_STYLE ('',( #2496 ) ) ;
#1551 =( GEOMETRIC_REPRESENTATION_CONTEXT ( 3 ) GLOBAL_UNCERTAINTY_ASSIGNED_CONTEXT ( ( #1236 ) ) GLOBAL_UNIT_ASSIGNED_CONTEXT ( ( #4279, #1278, #3290 ) ) REPRESENTATION_CONTEXT ( 'NONE', 'WORKASPACE' ) );
#1552 = SURFACE_STYLE_USAGE ( .BOTH. , #6329 ) ;
#1553 =( LENGTH_UNIT ( ) NAMED_UNIT ( * ) SI_UNIT ( .MILLI., .METRE. ) );
#1554 = CARTESIAN_POINT ( 'NONE',  ( -0.3190119375089374709, 0.5500000000000000444, 0.9159880624910602398 ) ) ;
#1555 = ORIENTED_EDGE ( 'NONE', *, *, #9965, .T. ) ;
#1556 = AXIS2_PLACEMENT_3D ( 'NONE', #7567, #5591, #4691 ) ;
#1557 = VERTEX_POINT ( 'NONE', #7994 ) ;
#1558 = ADVANCED_FACE ( 'NONE', ( #7503 ), #4448, .F. ) ;
#1559 = ORIENTED_EDGE ( 'NONE', *, *, #3333, .T. ) ;
#1560 = ORIENTED_EDGE ( 'NONE', *, *, #8544, .T. ) ;
#1561 =( GEOMETRIC_REPRESENTATION_CONTEXT ( 3 ) GLOBAL_UNCERTAINTY_ASSIGNED_CONTEXT ( ( #5470 ) ) GLOBAL_UNIT_ASSIGNED_CONTEXT ( ( #1553, #2987, #3693 ) ) REPRESENTATION_CONTEXT ( 'NONE', 'WORKASPACE' ) );
#1562 =( NAMED_UNIT ( * ) PLANE_ANGLE_UNIT ( ) SI_UNIT ( $, .RADIAN. ) );
#1563 = COLOUR_RGB ( '',0.6666666666666666297, 0.6980392156862744724, 0.7686274509803920907 ) ;
#1564 = DIRECTION ( 'NONE',  ( 0.000000000000000000, 0.000000000000000000, 1.000000000000000000 ) ) ;
#1565 = ORIENTED_EDGE ( 'NONE', *, *, #119, .T. ) ;
#1566 = VERTEX_POINT ( 'NONE', #2581 ) ;
#1567 = DIRECTION ( 'NONE',  ( 0.000000000000000000, 1.000000000000000000, 0.000000000000000000 ) ) ;
#1568 = PRESENTATION_LAYER_ASSIGNMENT (  '', '', ( #3963 ) ) ;
#1569 = ORIENTED_EDGE ( 'NONE', *, *, #9400, .T. ) ;
#1570 = CARTESIAN_POINT ( 'NONE',  ( -0.9999999999999997780, 0.5500000000000000444, 0.2125000000000007716 ) ) ;
#1571 =( GEOMETRIC_REPRESENTATION_CONTEXT ( 3 ) GLOBAL_UNCERTAINTY_ASSIGNED_CONTEXT ( ( #1343 ) ) GLOBAL_UNIT_ASSIGNED_CONTEXT ( ( #3305, #5035, #5869 ) ) REPRESENTATION_CONTEXT ( 'NONE', 'WORKASPACE' ) );
#1572 = CARTESIAN_POINT ( 'NONE',  ( 0.09999999999999736877, 0.5700000000000000622, -0.7740119375089381526 ) ) ;
#1573 = DIRECTION ( 'NONE',  ( -0.000000000000000000, -1.000000000000000000, -0.000000000000000000 ) ) ;
#1574 = AXIS2_PLACEMENT_3D ( 'NONE', #11523, #8634, #4798 ) ;
#1575 = MECHANICAL_DESIGN_GEOMETRIC_PRESENTATION_REPRESENTATION (  '', ( #1365 ), #8630 ) ;
#1576 = DIRECTION ( 'NONE',  ( -3.346796241128596237E-15, 0.000000000000000000, 1.000000000000000000 ) ) ;
#1577 = UNCERTAINTY_MEASURE_WITH_UNIT (LENGTH_MEASURE( 1.000000000000000082E-05 ), #8657, 'distance_accuracy_value', 'NONE');
#1578 = ADVANCED_FACE ( 'NONE', ( #3469 ), #2707, .F. ) ;
#1579 = ORIENTED_EDGE ( 'NONE', *, *, #206, .T. ) ;
#1580 = CIRCLE ( 'NONE', #12038, 0.01000000000000002623 ) ;
#1581 = ADVANCED_FACE ( 'NONE', ( #7255 ), #12235, .F. ) ;
#1582 = CARTESIAN_POINT ( 'NONE',  ( 0.7549999999999997824, 0.5700000000000000622, 0.1440119375089355669 ) ) ;
#1583 = VECTOR ( 'NONE', #10794, 1000.000000000000000 ) ;
#1584 = MECHANICAL_DESIGN_GEOMETRIC_PRESENTATION_REPRESENTATION (  '', ( #1778 ), #5575 ) ;
#1585 = PRESENTATION_LAYER_ASSIGNMENT (  '', '', ( #3979 ) ) ;
#1586 = CIRCLE ( 'NONE', #11253, 0.01000000000000002623 ) ;
#1587 = COLOUR_RGB ( '',0.6666666666666666297, 0.6980392156862744724, 0.7686274509803920907 ) ;
#1588 = DIRECTION ( 'NONE',  ( -0.000000000000000000, -0.000000000000000000, -1.000000000000000000 ) ) ;
#1589 = VECTOR ( 'NONE', #3240, 1000.000000000000000 ) ;
#1590 = DIRECTION ( 'NONE',  ( -0.000000000000000000, 1.000000000000000000, -0.000000000000000000 ) ) ;
#1591 =( NAMED_UNIT ( * ) PLANE_ANGLE_UNIT ( ) SI_UNIT ( $, .RADIAN. ) );
#1592 = COLOUR_RGB ( '',0.6666666666666666297, 0.6980392156862744724, 0.7686274509803920907 ) ;
#1593 = AXIS2_PLACEMENT_3D ( 'NONE', #3542, #10035, #4346 ) ;
#1594 =( LENGTH_UNIT ( ) NAMED_UNIT ( * ) SI_UNIT ( .MILLI., .METRE. ) );
#1595 = UNCERTAINTY_MEASURE_WITH_UNIT (LENGTH_MEASURE( 1.000000000000000082E-05 ), #9733, 'distance_accuracy_value', 'NONE');
#1596 = MECHANICAL_DESIGN_GEOMETRIC_PRESENTATION_REPRESENTATION (  '', ( #6606 ), #8225 ) ;
#1597 = EDGE_CURVE ( 'NONE', #6993, #2510, #9906, .T. ) ;
#1598 = UNCERTAINTY_MEASURE_WITH_UNIT (LENGTH_MEASURE( 1.000000000000000082E-05 ), #11197, 'distance_accuracy_value', 'NONE');
#1599 = LINE ( 'NONE', #12124, #8769 ) ;
#1600 = CARTESIAN_POINT ( 'NONE',  ( 0.1099999999999984740, 0.5600000000000000533, 0.7740119375089385967 ) ) ;
#1601 = AXIS2_PLACEMENT_3D ( 'NONE', #6088, #8304, #401 ) ;
#1602 =( LENGTH_UNIT ( ) NAMED_UNIT ( * ) SI_UNIT ( .MILLI., .METRE. ) );
#1603 = EDGE_LOOP ( 'NONE', ( #5938, #9899, #8623, #11873 ) ) ;
#1604 = CARTESIAN_POINT ( 'NONE',  ( 0.7740119375089355991, 0.5700000000000000622, -0.5749999999999981792 ) ) ;
#1605 = LINE ( 'NONE', #4292, #2871 ) ;
#1606 = VERTEX_POINT ( 'NONE', #4683 ) ;
#1607 =( NAMED_UNIT ( * ) SI_UNIT ( $, .STERADIAN. ) SOLID_ANGLE_UNIT ( ) );
#1608 = DIRECTION ( 'NONE',  ( 0.000000000000000000, 0.000000000000000000, 1.000000000000000000 ) ) ;
#1609 = EDGE_LOOP ( 'NONE', ( #12135, #9199, #1316, #3901, #5688, #5617, #9202, #8254 ) ) ;
#1610 = CARTESIAN_POINT ( 'NONE',  ( 0.9159880624910606839, 0.5700000000000000622, -0.5749999999999991784 ) ) ;
#1611 = CIRCLE ( 'NONE', #4209, 0.01901193750893754447 ) ;
#1612 = EDGE_CURVE ( 'NONE', #3523, #2442, #862, .T. ) ;
#1613 = FILL_AREA_STYLE ('',( #1493 ) ) ;
#1614 = FILL_AREA_STYLE ('',( #1676 ) ) ;
#1615 = ORIENTED_EDGE ( 'NONE', *, *, #3346, .T. ) ;
#1616 = DIRECTION ( 'NONE',  ( 0.000000000000000000, 0.000000000000000000, -1.000000000000000000 ) ) ;
#1617 = DIRECTION ( 'NONE',  ( -3.346796241128596237E-15, -0.000000000000000000, -1.000000000000000000 ) ) ;
#1618 = DIRECTION ( 'NONE',  ( 5.421010862427508759E-15, 0.000000000000000000, -1.000000000000000000 ) ) ;
#1619 = EDGE_CURVE ( 'NONE', #8464, #6136, #7621, .T. ) ;
#1620 = EDGE_LOOP ( 'NONE', ( #9839, #11028, #3403, #4856 ) ) ;
#1621 =( NAMED_UNIT ( * ) PLANE_ANGLE_UNIT ( ) SI_UNIT ( $, .RADIAN. ) );
#1622 = CARTESIAN_POINT ( 'NONE',  ( -0.9999999999999997780, 0.4750000000000001443, -0.6874999999999993339 ) ) ;
#1623 = ORIENTED_EDGE ( 'NONE', *, *, #1229, .F. ) ;
#1624 = ORIENTED_EDGE ( 'NONE', *, *, #5768, .F. ) ;
#1625 = ORIENTED_EDGE ( 'NONE', *, *, #12307, .F. ) ;
#1626 = VERTEX_POINT ( 'NONE', #12371 ) ;
#1627 = PRESENTATION_LAYER_ASSIGNMENT (  '', '', ( #7057 ) ) ;
#1628 =( LENGTH_UNIT ( ) NAMED_UNIT ( * ) SI_UNIT ( .MILLI., .METRE. ) );
#1629 = EDGE_LOOP ( 'NONE', ( #10272, #9706, #539, #5891 ) ) ;
#1630 = VERTEX_POINT ( 'NONE', #7740 ) ;
#1631 = DIRECTION ( 'NONE',  ( 0.000000000000000000, 0.000000000000000000, -1.000000000000000000 ) ) ;
#1632 = DIRECTION ( 'NONE',  ( 0.000000000000000000, 1.000000000000000000, 0.000000000000000000 ) ) ;
#1633 = EDGE_CURVE ( 'NONE', #3569, #6703, #9699, .T. ) ;
#1634 = ORIENTED_EDGE ( 'NONE', *, *, #9059, .T. ) ;
#1635 = CARTESIAN_POINT ( 'NONE',  ( -0.9449999999999992850, 0.5600000000000000533, 0.1440119375089367604 ) ) ;
#1636 =( NAMED_UNIT ( * ) SI_UNIT ( $, .STERADIAN. ) SOLID_ANGLE_UNIT ( ) );
#1637 =( NAMED_UNIT ( * ) PLANE_ANGLE_UNIT ( ) SI_UNIT ( $, .RADIAN. ) );
#1638 = FILL_AREA_STYLE_COLOUR ( '', #7194 ) ;
#1639 = AXIS2_PLACEMENT_3D ( 'NONE', #2786, #4702, #9411 ) ;
#1640 = ORIENTED_EDGE ( 'NONE', *, *, #1648, .F. ) ;
#1641 = DIRECTION ( 'NONE',  ( 0.000000000000000000, 0.000000000000000000, -1.000000000000000000 ) ) ;
#1642 = STYLED_ITEM ( 'NONE', ( #1399 ), #1524 ) ;
#1643 = PRESENTATION_LAYER_ASSIGNMENT (  '', '', ( #11698 ) ) ;
#1644 = CARTESIAN_POINT ( 'NONE',  ( 0.2900000000000004241, 0.5600000000000000533, -0.7740119375089351550 ) ) ;
#1645 = EDGE_CURVE ( 'NONE', #4127, #4557, #12335, .T. ) ;
#1646 = DIRECTION ( 'NONE',  ( 1.000000000000000000, -0.000000000000000000, 0.000000000000000000 ) ) ;
#1647 = AXIS2_PLACEMENT_3D ( 'NONE', #10164, #8285, #1544 ) ;
#1648 = EDGE_CURVE ( 'NONE', #8575, #7897, #10646, .T. ) ;
#1649 = LINE ( 'NONE', #2530, #2138 ) ;
#1650 = DIRECTION ( 'NONE',  ( 0.000000000000000000, -1.000000000000000000, 0.000000000000000000 ) ) ;
#1651 = DIRECTION ( 'NONE',  ( 0.000000000000000000, -1.000000000000000000, 0.000000000000000000 ) ) ;
#1652 = TOROIDAL_SURFACE ( 'NONE', #8699, 0.02901193750893565557, 0.01000000000000000021 ) ;
#1653 = VECTOR ( 'NONE', #2831, 1000.000000000000000 ) ;
#1654 = CYLINDRICAL_SURFACE ( 'NONE', #6892, 0.01901193750893743692 ) ;
#1655 = PRESENTATION_LAYER_ASSIGNMENT (  '', '', ( #5441 ) ) ;
#1656 = CIRCLE ( 'NONE', #6667, 0.02901193750893732784 ) ;
#1657 = DIRECTION ( 'NONE',  ( -0.000000000000000000, -0.000000000000000000, -1.000000000000000000 ) ) ;
#1658 = LINE ( 'NONE', #8269, #208 ) ;
#1659 = MECHANICAL_DESIGN_GEOMETRIC_PRESENTATION_REPRESENTATION (  '', ( #8087 ), #7292 ) ;
#1660 = VERTEX_POINT ( 'NONE', #1082 ) ;
#1661 = COLOUR_RGB ( '',0.6666666666666666297, 0.6980392156862744724, 0.7686274509803920907 ) ;
#1662 = AXIS2_PLACEMENT_3D ( 'NONE', #12363, #3704, #3760 ) ;
#1663 =( NAMED_UNIT ( * ) PLANE_ANGLE_UNIT ( ) SI_UNIT ( $, .RADIAN. ) );
#1664 = ADVANCED_FACE ( 'NONE', ( #4631 ), #8644, .T. ) ;
#1665 = DIRECTION ( 'NONE',  ( 4.405369930610183167E-13, 0.000000000000000000, -1.000000000000000000 ) ) ;
#1666 = CIRCLE ( 'NONE', #2858, 0.02901193750893757070 ) ;
#1667 = ADVANCED_FACE ( 'NONE', ( #9466 ), #12127, .F. ) ;
#1668 = CARTESIAN_POINT ( 'NONE',  ( -0.9159880624910599067, 0.5500000000000000444, 0.7849999999999992539 ) ) ;
#1669 = ORIENTED_EDGE ( 'NONE', *, *, #6553, .F. ) ;
#1670 = DIRECTION ( 'NONE',  ( 1.000000000000000000, -0.000000000000000000, -7.636510523315148333E-15 ) ) ;
#1671 = LINE ( 'NONE', #11134, #1097 ) ;
#1672 = VECTOR ( 'NONE', #4115, 1000.000000000000000 ) ;
#1673 = CIRCLE ( 'NONE', #4260, 0.02000000000000005246 ) ;
#1674 = MECHANICAL_DESIGN_GEOMETRIC_PRESENTATION_REPRESENTATION (  '', ( #3283 ), #11342 ) ;
#1675 = DIRECTION ( 'NONE',  ( -0.000000000000000000, -0.000000000000000000, -1.000000000000000000 ) ) ;
#1676 = FILL_AREA_STYLE_COLOUR ( '', #12251 ) ;
#1677 = VERTEX_POINT ( 'NONE', #836 ) ;
#1678 = SURFACE_SIDE_STYLE ('',( #2091 ) ) ;
#1679 = PRESENTATION_LAYER_ASSIGNMENT (  '', '', ( #7107 ) ) ;
#1680 = EDGE_CURVE ( 'NONE', #8492, #3708, #10098, .T. ) ;
#1681 = CARTESIAN_POINT ( 'NONE',  ( -0.5000000000000000000, 0.5700000000000000622, 0.4799999999999997602 ) ) ;
#1682 = PRESENTATION_STYLE_ASSIGNMENT (( #12212 ) ) ;
#1683 =( NAMED_UNIT ( * ) PLANE_ANGLE_UNIT ( ) SI_UNIT ( $, .RADIAN. ) );
#1684 = DIRECTION ( 'NONE',  ( 0.000000000000000000, 0.000000000000000000, -1.000000000000000000 ) ) ;
#1685 = LINE ( 'NONE', #10565, #12269 ) ;
#1686 = EDGE_LOOP ( 'NONE', ( #4621, #978, #619, #11675 ) ) ;
#1687 = CARTESIAN_POINT ( 'NONE',  ( -0.7549999999999993383, 0.5600000000000000533, 0.1440119375089355669 ) ) ;
#1688 = VERTEX_POINT ( 'NONE', #7974 ) ;
#1689 = ORIENTED_EDGE ( 'NONE', *, *, #9474, .T. ) ;
#1690 = SURFACE_STYLE_FILL_AREA ( #8444 ) ;
#1691 = ORIENTED_EDGE ( 'NONE', *, *, #9596, .T. ) ;
#1692 = ORIENTED_EDGE ( 'NONE', *, *, #4526, .T. ) ;
#1693 = AXIS2_PLACEMENT_3D ( 'NONE', #2892, #5774, #8724 ) ;
#1694 = CARTESIAN_POINT ( 'NONE',  ( -0.4809880624910625735, 0.5500000000000000444, -0.9159880624910591296 ) ) ;
#1695 = ORIENTED_EDGE ( 'NONE', *, *, #6101, .T. ) ;
#1696 = SURFACE_SIDE_STYLE ('',( #2819 ) ) ;
#1697 = SURFACE_SIDE_STYLE ('',( #2761 ) ) ;
#1698 = DIRECTION ( 'NONE',  ( 0.000000000000000000, 0.000000000000000000, -1.000000000000000000 ) ) ;
#1699 = CARTESIAN_POINT ( 'NONE',  ( -0.9449999999999976197, 0.5600000000000000533, 0.7559880624910617630 ) ) ;
#1700 = VERTEX_POINT ( 'NONE', #8886 ) ;
#1701 = UNCERTAINTY_MEASURE_WITH_UNIT (LENGTH_MEASURE( 1.000000000000000082E-05 ), #720, 'distance_accuracy_value', 'NONE');
#1702 = EDGE_LOOP ( 'NONE', ( #3894, #5376, #12295, #2502 ) ) ;
#1703 = AXIS2_PLACEMENT_3D ( 'NONE', #335, #4486, #11909 ) ;
#1704 = PRESENTATION_STYLE_ASSIGNMENT (( #1522 ) ) ;
#1705 = ADVANCED_FACE ( 'NONE', ( #10886 ), #260, .T. ) ;
#1706 = FILL_AREA_STYLE ('',( #9580 ) ) ;
#1707 = MECHANICAL_DESIGN_GEOMETRIC_PRESENTATION_REPRESENTATION (  '', ( #8562 ), #10145 ) ;
#1708 =( GEOMETRIC_REPRESENTATION_CONTEXT ( 3 ) GLOBAL_UNCERTAINTY_ASSIGNED_CONTEXT ( ( #6252 ) ) GLOBAL_UNIT_ASSIGNED_CONTEXT ( ( #9732, #3041, #5671 ) ) REPRESENTATION_CONTEXT ( 'NONE', 'WORKASPACE' ) );
#1709 = CARTESIAN_POINT ( 'NONE',  ( -0.1000000000000012407, 0.5600000000000000533, 0.9159880624910617941 ) ) ;
#1710 = DIRECTION ( 'NONE',  ( 0.000000000000000000, -1.000000000000000000, 0.000000000000000000 ) ) ;
#1711 = CARTESIAN_POINT ( 'NONE',  ( 0.7740119375089363762, 0.5600000000000000533, 0.3349999999999982991 ) ) ;
#1712 = DIRECTION ( 'NONE',  ( 1.084202172485501594E-14, 0.000000000000000000, 1.000000000000000000 ) ) ;
#1713 = UNCERTAINTY_MEASURE_WITH_UNIT (LENGTH_MEASURE( 1.000000000000000082E-05 ), #4219, 'distance_accuracy_value', 'NONE');
#1714 = CARTESIAN_POINT ( 'NONE',  ( -0.9349999999999992761, 0.5700000000000000622, 0.1440119375089367049 ) ) ;
#1715 = EDGE_CURVE ( 'NONE', #6082, #2014, #73, .T. ) ;
#1716 = MECHANICAL_DESIGN_GEOMETRIC_PRESENTATION_REPRESENTATION (  '', ( #11187 ), #4504 ) ;
#1717 = EDGE_CURVE ( 'NONE', #10568, #8531, #1071, .T. ) ;
#1718 = ORIENTED_EDGE ( 'NONE', *, *, #11141, .F. ) ;
#1719 = ORIENTED_EDGE ( 'NONE', *, *, #12382, .F. ) ;
#1720 = AXIS2_PLACEMENT_3D ( 'NONE', #8771, #1313, #5943 ) ;
#1721 = FILL_AREA_STYLE_COLOUR ( '', #10743 ) ;
#1722 = SURFACE_STYLE_FILL_AREA ( #5726 ) ;
#1723 = VERTEX_POINT ( 'NONE', #10766 ) ;
#1724 = SURFACE_STYLE_FILL_AREA ( #5485 ) ;
#1725 =( NAMED_UNIT ( * ) SI_UNIT ( $, .STERADIAN. ) SOLID_ANGLE_UNIT ( ) );
#1726 =( NAMED_UNIT ( * ) PLANE_ANGLE_UNIT ( ) SI_UNIT ( $, .RADIAN. ) );
#1727 = DIRECTION ( 'NONE',  ( -0.000000000000000000, -1.000000000000000000, -0.000000000000000000 ) ) ;
#1728 = SURFACE_STYLE_USAGE ( .BOTH. , #10237 ) ;
#1729 = ORIENTED_EDGE ( 'NONE', *, *, #7047, .F. ) ;
#1730 = ADVANCED_FACE ( 'NONE', ( #5940 ), #85, .F. ) ;
#1731 = FILL_AREA_STYLE_COLOUR ( '', #7464 ) ;
#1732 = EDGE_CURVE ( 'NONE', #8957, #1174, #6973, .T. ) ;
#1733 = AXIS2_PLACEMENT_3D ( 'NONE', #6461, #9384, #10325 ) ;
#1734 = SURFACE_STYLE_USAGE ( .BOTH. , #927 ) ;
#1735 = SURFACE_STYLE_FILL_AREA ( #6447 ) ;
#1736 = CIRCLE ( 'NONE', #2333, 0.02901193750893767825 ) ;
#1737 = SURFACE_STYLE_USAGE ( .BOTH. , #3503 ) ;
#1738 = ORIENTED_EDGE ( 'NONE', *, *, #1907, .F. ) ;
#1739 = ORIENTED_EDGE ( 'NONE', *, *, #1499, .T. ) ;
#1740 = FACE_OUTER_BOUND ( 'NONE', #3445, .T. ) ;
#1741 = CIRCLE ( 'NONE', #1337, 0.01999999999999999695 ) ;
#1742 = ORIENTED_EDGE ( 'NONE', *, *, #7208, .T. ) ;
#1743 = VERTEX_POINT ( 'NONE', #6203 ) ;
#1744 = AXIS2_PLACEMENT_3D ( 'NONE', #6450, #11268, #9311 ) ;
#1745 = DIRECTION ( 'NONE',  ( 0.000000000000000000, 0.000000000000000000, -1.000000000000000000 ) ) ;
#1746 = ADVANCED_FACE ( 'NONE', ( #4374 ), #10256, .F. ) ;
#1747 = FILL_AREA_STYLE ('',( #10384 ) ) ;
#1748 = VERTEX_POINT ( 'NONE', #8440 ) ;
#1749 = PRESENTATION_LAYER_ASSIGNMENT (  '', '', ( #9201 ) ) ;
#1750 = ORIENTED_EDGE ( 'NONE', *, *, #8139, .F. ) ;
#1751 = DIRECTION ( 'NONE',  ( 1.000000000000000000, 0.000000000000000000, 0.000000000000000000 ) ) ;
#1752 = FACE_OUTER_BOUND ( 'NONE', #1686, .T. ) ;
#1753 = ORIENTED_EDGE ( 'NONE', *, *, #3335, .T. ) ;
#1754 = PRESENTATION_STYLE_ASSIGNMENT (( #9569 ) ) ;
#1755 = CIRCLE ( 'NONE', #10206, 0.01901193750893884551 ) ;
#1756 = CARTESIAN_POINT ( 'NONE',  ( 0.4800000000000000377, 0.5500000000000000444, -0.3563859338365494844 ) ) ;
#1757 = DIRECTION ( 'NONE',  ( 0.000000000000000000, -1.000000000000000000, 0.000000000000000000 ) ) ;
#1758 = AXIS2_PLACEMENT_3D ( 'NONE', #5387, #10203, #2709 ) ;
#1759 = PRESENTATION_LAYER_ASSIGNMENT (  '', '', ( #12436 ) ) ;
#1760 = ORIENTED_EDGE ( 'NONE', *, *, #5603, .F. ) ;
#1761 = SURFACE_STYLE_FILL_AREA ( #11592 ) ;
#1762 =( GEOMETRIC_REPRESENTATION_CONTEXT ( 3 ) GLOBAL_UNCERTAINTY_ASSIGNED_CONTEXT ( ( #11786 ) ) GLOBAL_UNIT_ASSIGNED_CONTEXT ( ( #10780, #7055, #11781 ) ) REPRESENTATION_CONTEXT ( 'NONE', 'WORKASPACE' ) );
#1763 = CARTESIAN_POINT ( 'NONE',  ( 0.7740119375089352660, 0.5500000000000000444, -0.7849999999999981437 ) ) ;
#1764 = AXIS2_PLACEMENT_3D ( 'NONE', #10160, #1608, #5483 ) ;
#1765 = SURFACE_STYLE_FILL_AREA ( #10404 ) ;
#1766 = COLOUR_RGB ( '',0.6666666666666666297, 0.6980392156862744724, 0.7686274509803920907 ) ;
#1767 =( NAMED_UNIT ( * ) PLANE_ANGLE_UNIT ( ) SI_UNIT ( $, .RADIAN. ) );
#1768 = VECTOR ( 'NONE', #5847, 1000.000000000000000 ) ;
#1769 =( GEOMETRIC_REPRESENTATION_CONTEXT ( 3 ) GLOBAL_UNCERTAINTY_ASSIGNED_CONTEXT ( ( #11185 ) ) GLOBAL_UNIT_ASSIGNED_CONTEXT ( ( #12412, #11456, #11576 ) ) REPRESENTATION_CONTEXT ( 'NONE', 'WORKASPACE' ) );
#1771 = FACE_OUTER_BOUND ( 'NONE', #1984, .T. ) ;
#1770 = MECHANICAL_DESIGN_GEOMETRIC_PRESENTATION_REPRESENTATION (  '', ( #2159 ), #4174 ) ;
#1772 = ADVANCED_FACE ( 'NONE', ( #12288 ), #7240, .T. ) ;
#1774 = LINE ( 'NONE', #9477, #11443 ) ;
#1773 = SURFACE_SIDE_STYLE ('',( #7568 ) ) ;
#1775 = AXIS2_PLACEMENT_3D ( 'NONE', #6595, #1757, #10468 ) ;
#1776 = CARTESIAN_POINT ( 'NONE',  ( 0.5000000000000000000, 0.5700000000000000622, -0.5000000000000002220 ) ) ;
#1777 = AXIS2_PLACEMENT_3D ( 'NONE', #4341, #5467, #10091 ) ;
#1778 = STYLED_ITEM ( 'NONE', ( #1854 ), #558 ) ;
#1779 = CIRCLE ( 'NONE', #3384, 0.01000000000000002623 ) ;
#1780 = DIRECTION ( 'NONE',  ( 0.000000000000000000, 0.000000000000000000, -1.000000000000000000 ) ) ;
#1781 =( GEOMETRIC_REPRESENTATION_CONTEXT ( 3 ) GLOBAL_UNCERTAINTY_ASSIGNED_CONTEXT ( ( #3486 ) ) GLOBAL_UNIT_ASSIGNED_CONTEXT ( ( #4672, #71, #7155 ) ) REPRESENTATION_CONTEXT ( 'NONE', 'WORKASPACE' ) );
#1782 = FILL_AREA_STYLE ('',( #7571 ) ) ;
#1783 = COLOUR_RGB ( '',0.2509803921568627416, 0.2509803921568627416, 0.2509803921568627416 ) ;
#1784 = FILL_AREA_STYLE ('',( #853 ) ) ;
#1785 = DIRECTION ( 'NONE',  ( 5.421010862427507971E-15, 0.000000000000000000, 1.000000000000000000 ) ) ;
#1786 =( NAMED_UNIT ( * ) SI_UNIT ( $, .STERADIAN. ) SOLID_ANGLE_UNIT ( ) );
#1787 = CIRCLE ( 'NONE', #196, 0.02901193750893730008 ) ;
#1788 =( GEOMETRIC_REPRESENTATION_CONTEXT ( 3 ) GLOBAL_UNCERTAINTY_ASSIGNED_CONTEXT ( ( #3982 ) ) GLOBAL_UNIT_ASSIGNED_CONTEXT ( ( #3351, #11128, #7267 ) ) REPRESENTATION_CONTEXT ( 'NONE', 'WORKASPACE' ) );
#1789 = ORIENTED_EDGE ( 'NONE', *, *, #3672, .T. ) ;
#1790 = CARTESIAN_POINT ( 'NONE',  ( -0.3000000000000000444, 0.5700000000000000622, -0.7740119375089351550 ) ) ;
#1791 =( LENGTH_UNIT ( ) NAMED_UNIT ( * ) SI_UNIT ( .MILLI., .METRE. ) );
#1792 = EDGE_LOOP ( 'NONE', ( #1569, #10626, #2630, #1083 ) ) ;
#1793 = STYLED_ITEM ( 'NONE', ( #4765 ), #251 ) ;
#1794 = FACE_OUTER_BOUND ( 'NONE', #1452, .T. ) ;
#1795 = PRESENTATION_STYLE_ASSIGNMENT (( #1734 ) ) ;
#1796 =( LENGTH_UNIT ( ) NAMED_UNIT ( * ) SI_UNIT ( .MILLI., .METRE. ) );
#1797 = DIRECTION ( 'NONE',  ( -1.000000000000000000, 0.000000000000000000, 0.000000000000000000 ) ) ;
#1798 = EDGE_CURVE ( 'NONE', #6084, #2756, #4612, .T. ) ;
#1799 = CARTESIAN_POINT ( 'NONE',  ( 0.7549999999999993383, 0.5600000000000000533, 0.3059880624910607527 ) ) ;
#1800 = VECTOR ( 'NONE', #8728, 1000.000000000000000 ) ;
#1801 = CARTESIAN_POINT ( 'NONE',  ( 0.08098806249105926225, 0.5700000000000000622, -0.9350000000000004974 ) ) ;
#1802 = EDGE_CURVE ( 'NONE', #3017, #9441, #4725, .T. ) ;
#1803 = ORIENTED_EDGE ( 'NONE', *, *, #11691, .F. ) ;
#1804 = DIRECTION ( 'NONE',  ( 0.000000000000000000, -1.000000000000000000, 0.000000000000000000 ) ) ;
#1805 = ORIENTED_EDGE ( 'NONE', *, *, #6268, .T. ) ;
#1806 = CARTESIAN_POINT ( 'NONE',  ( -0.9349999999999992761, 0.5700000000000000622, -0.1440119375089365938 ) ) ;
#1807 = ORIENTED_EDGE ( 'NONE', *, *, #1798, .F. ) ;
#1808 = VERTEX_POINT ( 'NONE', #822 ) ;
#1809 = LINE ( 'NONE', #7728, #9620 ) ;
#1810 = DIRECTION ( 'NONE',  ( 0.000000000000000000, -1.000000000000000000, 0.000000000000000000 ) ) ;
#1811 = ORIENTED_EDGE ( 'NONE', *, *, #1497, .F. ) ;
#1812 = ORIENTED_EDGE ( 'NONE', *, *, #271, .T. ) ;
#1813 =( LENGTH_UNIT ( ) NAMED_UNIT ( * ) SI_UNIT ( .MILLI., .METRE. ) );
#1814 =( LENGTH_UNIT ( ) NAMED_UNIT ( * ) SI_UNIT ( .MILLI., .METRE. ) );
#1815 = ORIENTED_EDGE ( 'NONE', *, *, #10067, .T. ) ;
#1816 = ADVANCED_FACE ( 'NONE', ( #6526 ), #11515, .T. ) ;
#1817 = LINE ( 'NONE', #767, #3743 ) ;
#1818 = DIRECTION ( 'NONE',  ( 0.000000000000000000, 0.000000000000000000, 1.000000000000000000 ) ) ;
#1819 = EDGE_CURVE ( 'NONE', #11161, #7706, #2811, .T. ) ;
#1820 = CARTESIAN_POINT ( 'NONE',  ( 0.01250000000000057489, 0.5500000000000000444, -1.000000000000000000 ) ) ;
#1821 = FILL_AREA_STYLE ('',( #139 ) ) ;
#1823 = ORIENTED_EDGE ( 'NONE', *, *, #8574, .T. ) ;
#1822 = PRESENTATION_LAYER_ASSIGNMENT (  '', '', ( #8262 ) ) ;
#1824 =( NAMED_UNIT ( * ) PLANE_ANGLE_UNIT ( ) SI_UNIT ( $, .RADIAN. ) );
#1825 =( LENGTH_UNIT ( ) NAMED_UNIT ( * ) SI_UNIT ( .MILLI., .METRE. ) );
#1826 = SURFACE_SIDE_STYLE ('',( #11292 ) ) ;
#1827 = CIRCLE ( 'NONE', #843, 0.01000000000000002623 ) ;
#1828 = LINE ( 'NONE', #4754, #7274 ) ;
#1829 =( GEOMETRIC_REPRESENTATION_CONTEXT ( 3 ) GLOBAL_UNCERTAINTY_ASSIGNED_CONTEXT ( ( #2719 ) ) GLOBAL_UNIT_ASSIGNED_CONTEXT ( ( #8587, #7628, #8536 ) ) REPRESENTATION_CONTEXT ( 'NONE', 'WORKASPACE' ) );
#1830 = EDGE_CURVE ( 'NONE', #2370, #6315, #3751, .T. ) ;
#1832 = DIRECTION ( 'NONE',  ( 0.000000000000000000, -1.000000000000000000, 0.000000000000000000 ) ) ;
#1831 = DIRECTION ( 'NONE',  ( 0.000000000000000000, 0.000000000000000000, -1.000000000000000000 ) ) ;
#1833 = DIRECTION ( 'NONE',  ( 5.421010862427507971E-15, 0.000000000000000000, 1.000000000000000000 ) ) ;
#1834 = SURFACE_STYLE_USAGE ( .BOTH. , #3782 ) ;
#1835 = UNCERTAINTY_MEASURE_WITH_UNIT (LENGTH_MEASURE( 1.000000000000000082E-05 ), #12449, 'distance_accuracy_value', 'NONE');
#1836 = COLOUR_RGB ( '',0.6666666666666666297, 0.6980392156862744724, 0.7686274509803920907 ) ;
#1837 =( GEOMETRIC_REPRESENTATION_CONTEXT ( 3 ) GLOBAL_UNCERTAINTY_ASSIGNED_CONTEXT ( ( #11671 ) ) GLOBAL_UNIT_ASSIGNED_CONTEXT ( ( #3664, #1956, #3778 ) ) REPRESENTATION_CONTEXT ( 'NONE', 'WORKASPACE' ) );
#1838 = CARTESIAN_POINT ( 'NONE',  ( 0.3563859338365493179, 0.5600000000000000533, -0.5000000000000002220 ) ) ;
#1839 = MECHANICAL_DESIGN_GEOMETRIC_PRESENTATION_REPRESENTATION (  '', ( #10899 ), #7275 ) ;
#1840 = COLOUR_RGB ( '',0.6666666666666666297, 0.6980392156862744724, 0.7686274509803920907 ) ;
#1841 = CARTESIAN_POINT ( 'NONE',  ( 0.09999999999999847899, 0.5600000000000000533, 0.7740119375089381526 ) ) ;
#1842 = SURFACE_SIDE_STYLE ('',( #2536 ) ) ;
#1843 = LINE ( 'NONE', #9482, #8716 ) ;
#1844 = PRESENTATION_LAYER_ASSIGNMENT (  '', '', ( #9503 ) ) ;
#1845 = STYLED_ITEM ( 'NONE', ( #10265 ), #6169 ) ;
#1846 = EDGE_LOOP ( 'NONE', ( #3583, #458, #11095, #8046, #168, #2561, #6578, #8884 ) ) ;
#1847 = MECHANICAL_DESIGN_GEOMETRIC_PRESENTATION_REPRESENTATION (  '', ( #5646 ), #4639 ) ;
#1848 = AXIS2_PLACEMENT_3D ( 'NONE', #3422, #8141, #537 ) ;
#1849 = CARTESIAN_POINT ( 'NONE',  ( 0.9349999999999980549, 0.5700000000000000622, -0.5940119375089366605 ) ) ;
#1850 = LINE ( 'NONE', #12392, #2777 ) ;
#1851 = ORIENTED_EDGE ( 'NONE', *, *, #11141, .T. ) ;
#1852 = CARTESIAN_POINT ( 'NONE',  ( -0.2899999999999999800, 0.5600000000000000533, 0.9159880624910602398 ) ) ;
#1853 = UNCERTAINTY_MEASURE_WITH_UNIT (LENGTH_MEASURE( 1.000000000000000082E-05 ), #4804, 'distance_accuracy_value', 'NONE');
#1854 = PRESENTATION_STYLE_ASSIGNMENT (( #10611 ) ) ;
#1855 = UNCERTAINTY_MEASURE_WITH_UNIT (LENGTH_MEASURE( 1.000000000000000082E-05 ), #6283, 'distance_accuracy_value', 'NONE');
#1856 = DIRECTION ( 'NONE',  ( -1.000000000000000000, -0.000000000000000000, -0.000000000000000000 ) ) ;
#1857 = FACE_OUTER_BOUND ( 'NONE', #545, .T. ) ;
#1858 = VERTEX_POINT ( 'NONE', #12409 ) ;
#1859 = FACE_OUTER_BOUND ( 'NONE', #3432, .T. ) ;
#1860 = CIRCLE ( 'NONE', #2056, 0.01000000000000002623 ) ;
#1861 = EDGE_CURVE ( 'NONE', #10453, #2490, #2692, .T. ) ;
#1862 = CIRCLE ( 'NONE', #5655, 0.01000000000000002623 ) ;
#1863 = CARTESIAN_POINT ( 'NONE',  ( 0.9159880624910606839, 0.5600000000000000533, 0.5649999999999991696 ) ) ;
#1864 =( NAMED_UNIT ( * ) SI_UNIT ( $, .STERADIAN. ) SOLID_ANGLE_UNIT ( ) );
#1865 = SURFACE_SIDE_STYLE ('',( #10439 ) ) ;
#1866 = FILL_AREA_STYLE ('',( #5615 ) ) ;
#1867 = CARTESIAN_POINT ( 'NONE',  ( -0.7740119375089351550, 0.5700000000000000622, 0.5749999999999981792 ) ) ;
#1868 = VECTOR ( 'NONE', #4102, 1000.000000000000000 ) ;
#1869 = VERTEX_POINT ( 'NONE', #1999 ) ;
#1870 = STYLED_ITEM ( 'NONE', ( #9555 ), #6489 ) ;
#1871 = LINE ( 'NONE', #9378, #3601 ) ;
#1872 = EDGE_LOOP ( 'NONE', ( #10778, #4874, #5568, #7672 ) ) ;
#1873 = DIRECTION ( 'NONE',  ( -0.000000000000000000, -1.000000000000000000, -0.000000000000000000 ) ) ;
#1874 = DIRECTION ( 'NONE',  ( -0.000000000000000000, -1.000000000000000000, -0.000000000000000000 ) ) ;
#1875 = VERTEX_POINT ( 'NONE', #7725 ) ;
#1876 = EDGE_LOOP ( 'NONE', ( #9114, #7306, #7453, #8316 ) ) ;
#1877 = CARTESIAN_POINT ( 'NONE',  ( -0.9999999999999997780, 0.4500000000000001776, -0.6874999999999993339 ) ) ;
#1878 = PRESENTATION_LAYER_ASSIGNMENT (  '', '', ( #286 ) ) ;
#1879 = FACE_OUTER_BOUND ( 'NONE', #4728, .T. ) ;
#1880 = ADVANCED_FACE ( 'NONE', ( #7600 ), #6580, .T. ) ;
#1881 = EDGE_CURVE ( 'NONE', #124, #2716, #10692, .T. ) ;
#1882 = CARTESIAN_POINT ( 'NONE',  ( -0.1100000000000032063, 0.5600000000000000533, 0.9159880624910617941 ) ) ;
#1883 = VECTOR ( 'NONE', #10290, 1000.000000000000000 ) ;
#1884 = EDGE_LOOP ( 'NONE', ( #1024, #1624, #1428, #3768 ) ) ;
#1885 = CARTESIAN_POINT ( 'NONE',  ( -0.7740119375089348219, 0.5500000000000000444, 0.7849999999999981437 ) ) ;
#1886 = SURFACE_STYLE_FILL_AREA ( #5690 ) ;
#1887 = LINE ( 'NONE', #12300, #6964 ) ;
#1888 = DIRECTION ( 'NONE',  ( 0.000000000000000000, 1.000000000000000000, 0.000000000000000000 ) ) ;
#1889 = CIRCLE ( 'NONE', #10343, 0.01901193750893743692 ) ;
#1890 = DIRECTION ( 'NONE',  ( 0.000000000000000000, 0.000000000000000000, -1.000000000000000000 ) ) ;
#1891 = ORIENTED_EDGE ( 'NONE', *, *, #7047, .T. ) ;
#1892 = CARTESIAN_POINT ( 'NONE',  ( 0.5000000000000000000, 0.5700000000000000622, -0.5000000000000002220 ) ) ;
#1893 = ORIENTED_EDGE ( 'NONE', *, *, #11509, .F. ) ;
#1894 =( LENGTH_UNIT ( ) NAMED_UNIT ( * ) SI_UNIT ( .MILLI., .METRE. ) );
#1895 = SURFACE_STYLE_FILL_AREA ( #10531 ) ;
#1896 = EDGE_CURVE ( 'NONE', #4927, #6925, #5864, .T. ) ;
#1897 = EDGE_CURVE ( 'NONE', #9887, #647, #4980, .T. ) ;
#1898 = STYLED_ITEM ( 'NONE', ( #3485 ), #7717 ) ;
#1899 = EDGE_LOOP ( 'NONE', ( #1955, #6977, #5074, #3455 ) ) ;
#1900 = DIRECTION ( 'NONE',  ( 0.000000000000000000, 0.000000000000000000, -1.000000000000000000 ) ) ;
#1901 = SURFACE_STYLE_USAGE ( .BOTH. , #7631 ) ;
#1902 = PLANE ( 'NONE',  #3978 ) ;
#1903 = PRESENTATION_STYLE_ASSIGNMENT (( #2774 ) ) ;
#1904 = COLOUR_RGB ( '',0.6666666666666666297, 0.6980392156862744724, 0.7686274509803920907 ) ;
#1905 = SURFACE_SIDE_STYLE ('',( #8782 ) ) ;
#1906 = CARTESIAN_POINT ( 'NONE',  ( 0.3000000000000004885, 0.5700000000000000622, -0.9159880624910602398 ) ) ;
#1907 = EDGE_CURVE ( 'NONE', #3885, #3625, #3276, .T. ) ;
#1908 =( GEOMETRIC_REPRESENTATION_CONTEXT ( 3 ) GLOBAL_UNCERTAINTY_ASSIGNED_CONTEXT ( ( #12463 ) ) GLOBAL_UNIT_ASSIGNED_CONTEXT ( ( #5007, #2259, #9139 ) ) REPRESENTATION_CONTEXT ( 'NONE', 'WORKASPACE' ) );
#1909 = DIRECTION ( 'NONE',  ( 0.000000000000000000, 0.000000000000000000, -1.000000000000000000 ) ) ;
#1910 = AXIS2_PLACEMENT_3D ( 'NONE', #10864, #5207, #11987 ) ;
#1911 = DIRECTION ( 'NONE',  ( -0.000000000000000000, -0.000000000000000000, 1.000000000000000000 ) ) ;
#1912 = CARTESIAN_POINT ( 'NONE',  ( 0.3190119375089376930, 0.5500000000000000444, -0.7449999999999977751 ) ) ;
#1913 = VERTEX_POINT ( 'NONE', #6059 ) ;
#1914 = ORIENTED_EDGE ( 'NONE', *, *, #8883, .F. ) ;
#1915 = DIRECTION ( 'NONE',  ( 0.000000000000000000, 1.000000000000000000, 0.000000000000000000 ) ) ;
#1916 = DIRECTION ( 'NONE',  ( -3.346796241128595448E-15, -0.000000000000000000, -1.000000000000000000 ) ) ;
#1917 = FILL_AREA_STYLE ('',( #10297 ) ) ;
#1918 = COLOUR_RGB ( '',0.6666666666666666297, 0.6980392156862744724, 0.7686274509803920907 ) ;
#1919 = AXIS2_PLACEMENT_3D ( 'NONE', #6307, #789, #4519 ) ;
#1920 =( NAMED_UNIT ( * ) PLANE_ANGLE_UNIT ( ) SI_UNIT ( $, .RADIAN. ) );
#1921 = DIRECTION ( 'NONE',  ( 0.000000000000000000, 1.000000000000000000, 0.000000000000000000 ) ) ;
#1922 = ORIENTED_EDGE ( 'NONE', *, *, #3732, .T. ) ;
#1923 = SURFACE_STYLE_FILL_AREA ( #6568 ) ;
#1924 = CARTESIAN_POINT ( 'NONE',  ( -0.7740119375089350440, 0.5700000000000000622, 0.5940119375089355502 ) ) ;
#1926 = PRESENTATION_STYLE_ASSIGNMENT (( #1054 ) ) ;
#1925 = MECHANICAL_DESIGN_GEOMETRIC_PRESENTATION_REPRESENTATION (  '', ( #3925 ), #8586 ) ;
#1927 =( NAMED_UNIT ( * ) SI_UNIT ( $, .STERADIAN. ) SOLID_ANGLE_UNIT ( ) );
#1928 = CARTESIAN_POINT ( 'NONE',  ( 0.9159880624910603508, 0.5500000000000000444, 0.7849999999999992539 ) ) ;
#1929 = ORIENTED_EDGE ( 'NONE', *, *, #507, .T. ) ;
#1930 = EDGE_CURVE ( 'NONE', #1913, #12268, #10322, .T. ) ;
#1931 = LINE ( 'NONE', #3817, #7406 ) ;
#1932 = ORIENTED_EDGE ( 'NONE', *, *, #7551, .T. ) ;
#1933 = CARTESIAN_POINT ( 'NONE',  ( -0.9349999999999993872, 0.5700000000000000622, 0.1440119375089367049 ) ) ;
#1934 =( NAMED_UNIT ( * ) PLANE_ANGLE_UNIT ( ) SI_UNIT ( $, .RADIAN. ) );
#1935 = CIRCLE ( 'NONE', #1733, 0.01000000000000002623 ) ;
#1936 = VERTEX_POINT ( 'NONE', #4055 ) ;
#1937 = ORIENTED_EDGE ( 'NONE', *, *, #1272, .F. ) ;
#1938 = CARTESIAN_POINT ( 'NONE',  ( 0.9349999999999998312, 0.5700000000000000622, 0.1440119375089367049 ) ) ;
#1939 = DIRECTION ( 'NONE',  ( -0.000000000000000000, -1.000000000000000000, -0.000000000000000000 ) ) ;
#1940 =( NAMED_UNIT ( * ) PLANE_ANGLE_UNIT ( ) SI_UNIT ( $, .RADIAN. ) );
#1941 = PRESENTATION_LAYER_ASSIGNMENT (  '', '', ( #549 ) ) ;
#1942 = FILL_AREA_STYLE ('',( #4801 ) ) ;
#1943 = CARTESIAN_POINT ( 'NONE',  ( 0.4800000000000001488, 0.5600000000000000533, 0.5000000000000000000 ) ) ;
#1944 = EDGE_CURVE ( 'NONE', #12228, #5739, #4911, .T. ) ;
#1945 = ORIENTED_EDGE ( 'NONE', *, *, #7381, .F. ) ;
#1946 = DIRECTION ( 'NONE',  ( 0.000000000000000000, 0.000000000000000000, -1.000000000000000000 ) ) ;
#1947 = VECTOR ( 'NONE', #9873, 1000.000000000000000 ) ;
#1948 = PRESENTATION_STYLE_ASSIGNMENT (( #5695 ) ) ;
#1949 = ORIENTED_EDGE ( 'NONE', *, *, #5506, .T. ) ;
#1950 = DIRECTION ( 'NONE',  ( 1.000000000000000000, 0.000000000000000000, 7.636510523315148333E-15 ) ) ;
#1951 = CIRCLE ( 'NONE', #7586, 0.01901193750893743692 ) ;
#1952 = ORIENTED_EDGE ( 'NONE', *, *, #5302, .F. ) ;
#1953 = AXIS2_PLACEMENT_3D ( 'NONE', #10991, #3035, #11743 ) ;
#1954 = CARTESIAN_POINT ( 'NONE',  ( -0.9159880624910623492, 0.5600000000000000533, 0.1149999999999990752 ) ) ;
#1955 = ORIENTED_EDGE ( 'NONE', *, *, #2529, .T. ) ;
#1956 =( NAMED_UNIT ( * ) PLANE_ANGLE_UNIT ( ) SI_UNIT ( $, .RADIAN. ) );
#1957 = ORIENTED_EDGE ( 'NONE', *, *, #5955, .T. ) ;
#1958 = EDGE_CURVE ( 'NONE', #9264, #1541, #8993, .T. ) ;
#1959 =( GEOMETRIC_REPRESENTATION_CONTEXT ( 3 ) GLOBAL_UNCERTAINTY_ASSIGNED_CONTEXT ( ( #4476 ) ) GLOBAL_UNIT_ASSIGNED_CONTEXT ( ( #2126, #8833, #8955 ) ) REPRESENTATION_CONTEXT ( 'NONE', 'WORKASPACE' ) );
#1961 = CYLINDRICAL_SURFACE ( 'NONE', #8008, 0.01901193750893743692 ) ;
#1960 =( NAMED_UNIT ( * ) SI_UNIT ( $, .STERADIAN. ) SOLID_ANGLE_UNIT ( ) );
#1962 = CARTESIAN_POINT ( 'NONE',  ( 0.7449999999999979972, 0.5600000000000000533, 0.7559880624910606528 ) ) ;
#1963 = ADVANCED_FACE ( 'NONE', ( #367 ), #6287, .F. ) ;
#1964 = PRESENTATION_STYLE_ASSIGNMENT (( #9535 ) ) ;
#1965 = STYLED_ITEM ( 'NONE', ( #4818 ), #4785 ) ;
#1966 = CARTESIAN_POINT ( 'NONE',  ( -0.9999999999999997780, 0.4750000000000001443, 0.2125000000000007716 ) ) ;
#1967 = MECHANICAL_DESIGN_GEOMETRIC_PRESENTATION_REPRESENTATION (  '', ( #2597 ), #3795 ) ;
#1968 = SURFACE_STYLE_USAGE ( .BOTH. , #1678 ) ;
#1969 = AXIS2_PLACEMENT_3D ( 'NONE', #84, #7500, #5639 ) ;
#1970 = COLOUR_RGB ( '',0.6666666666666666297, 0.6980392156862744724, 0.7686274509803920907 ) ;
#1971 = PRESENTATION_LAYER_ASSIGNMENT (  '', '', ( #2159 ) ) ;
#1972 = SURFACE_SIDE_STYLE ('',( #4950 ) ) ;
#1973 = LINE ( 'NONE', #4831, #1066 ) ;
#1974 = VERTEX_POINT ( 'NONE', #10812 ) ;
#1975 = FILL_AREA_STYLE ('',( #10606 ) ) ;
#1976 = FILL_AREA_STYLE_COLOUR ( '', #4372 ) ;
#1977 = EDGE_CURVE ( 'NONE', #11193, #4145, #7779, .T. ) ;
#1978 = VECTOR ( 'NONE', #9296, 1000.000000000000000 ) ;
#1979 = DIRECTION ( 'NONE',  ( -0.000000000000000000, -1.000000000000000000, -0.000000000000000000 ) ) ;
#1980 = PRESENTATION_LAYER_ASSIGNMENT (  '', '', ( #6999 ) ) ;
#1981 = UNCERTAINTY_MEASURE_WITH_UNIT (LENGTH_MEASURE( 1.000000000000000082E-05 ), #9772, 'distance_accuracy_value', 'NONE');
#1982 = UNCERTAINTY_MEASURE_WITH_UNIT (LENGTH_MEASURE( 1.000000000000000082E-05 ), #8286, 'distance_accuracy_value', 'NONE');
#1983 = DIRECTION ( 'NONE',  ( 0.000000000000000000, 0.000000000000000000, 1.000000000000000000 ) ) ;
#1984 = EDGE_LOOP ( 'NONE', ( #8386, #10655, #4321, #8236 ) ) ;
#1985 = VECTOR ( 'NONE', #7912, 1000.000000000000000 ) ;
#1986 = CARTESIAN_POINT ( 'NONE',  ( -0.9159880624910602398, 0.5600000000000000533, -0.5649999999999991696 ) ) ;
#1987 =( GEOMETRIC_REPRESENTATION_CONTEXT ( 3 ) GLOBAL_UNCERTAINTY_ASSIGNED_CONTEXT ( ( #7519 ) ) GLOBAL_UNIT_ASSIGNED_CONTEXT ( ( #8861, #7074, #2215 ) ) REPRESENTATION_CONTEXT ( 'NONE', 'WORKASPACE' ) );
#1988 = COLOUR_RGB ( '',0.6666666666666666297, 0.6980392156862744724, 0.7686274509803920907 ) ;
#1989 = DIRECTION ( 'NONE',  ( -0.000000000000000000, -1.000000000000000000, -0.000000000000000000 ) ) ;
#1990 = PRESENTATION_LAYER_ASSIGNMENT (  '', '', ( #2169 ) ) ;
#1991 = STYLED_ITEM ( 'NONE', ( #2687 ), #5330 ) ;
#1992 = CARTESIAN_POINT ( 'NONE',  ( 0.3761947705487494464, 0.5500000000000000444, -0.4827586206896554155 ) ) ;
#1993 = DIRECTION ( 'NONE',  ( -1.000000000000000000, 0.000000000000000000, 7.636510523315146756E-15 ) ) ;
#1994 = ADVANCED_FACE ( 'NONE', ( #11635 ), #9800, .T. ) ;
#1995 = FACE_BOUND ( 'NONE', #6219, .T. ) ;
#1996 = ORIENTED_EDGE ( 'NONE', *, *, #2171, .F. ) ;
#1997 = FILL_AREA_STYLE_COLOUR ( '', #3608 ) ;
#1998 = UNCERTAINTY_MEASURE_WITH_UNIT (LENGTH_MEASURE( 1.000000000000000082E-05 ), #9986, 'distance_accuracy_value', 'NONE');
#1999 = CARTESIAN_POINT ( 'NONE',  ( -0.7449999999999987743, 0.5500000000000000444, 0.3059880624910608082 ) ) ;
#2000 = ORIENTED_EDGE ( 'NONE', *, *, #1930, .T. ) ;
#2001 = DIRECTION ( 'NONE',  ( 0.000000000000000000, 0.000000000000000000, -1.000000000000000000 ) ) ;
#2002 = EDGE_CURVE ( 'NONE', #2996, #1700, #429, .T. ) ;
#2003 =( GEOMETRIC_REPRESENTATION_CONTEXT ( 3 ) GLOBAL_UNCERTAINTY_ASSIGNED_CONTEXT ( ( #9283 ) ) GLOBAL_UNIT_ASSIGNED_CONTEXT ( ( #5361, #4548, #11335 ) ) REPRESENTATION_CONTEXT ( 'NONE', 'WORKASPACE' ) );
#2004 = AXIS2_PLACEMENT_3D ( 'NONE', #4647, #3728, #10483 ) ;
#2005 = DIRECTION ( 'NONE',  ( 0.000000000000000000, 0.000000000000000000, -1.000000000000000000 ) ) ;
#2006 = FACE_OUTER_BOUND ( 'NONE', #1444, .T. ) ;
#2007 = SURFACE_STYLE_USAGE ( .BOTH. , #8578 ) ;
#2008 = DIRECTION ( 'NONE',  ( -0.000000000000000000, 1.000000000000000000, -0.000000000000000000 ) ) ;
#2009 = SURFACE_SIDE_STYLE ('',( #11469 ) ) ;
#2010 =( NAMED_UNIT ( * ) PLANE_ANGLE_UNIT ( ) SI_UNIT ( $, .RADIAN. ) );
#2011 = ORIENTED_EDGE ( 'NONE', *, *, #7637, .F. ) ;
#2012 = FILL_AREA_STYLE ('',( #3947 ) ) ;
#2013 = LINE ( 'NONE', #10402, #7989 ) ;
#2014 = VERTEX_POINT ( 'NONE', #12143 ) ;
#2015 =( NAMED_UNIT ( * ) SI_UNIT ( $, .STERADIAN. ) SOLID_ANGLE_UNIT ( ) );
#2016 = DIRECTION ( 'NONE',  ( 1.000000000000000000, -0.000000000000000000, 0.000000000000000000 ) ) ;
#2017 = CARTESIAN_POINT ( 'NONE',  ( -0.7740119375089362652, 0.5700000000000000622, -0.3249999999999980682 ) ) ;
#2018 = CARTESIAN_POINT ( 'NONE',  ( 0.7740119375089370424, 0.5700000000000000622, -0.3059880624910606972 ) ) ;
#2019 = DIRECTION ( 'NONE',  ( -1.000000000000000000, -0.000000000000000000, -2.168404344971009115E-16 ) ) ;
#2021 = CARTESIAN_POINT ( 'NONE',  ( -0.9999999999999997780, 0.5500000000000000444, -1.000000000000000000 ) ) ;
#2020 = CARTESIAN_POINT ( 'NONE',  ( -0.9999999999999997780, 0.4500000000000001221, 1.000000000000000000 ) ) ;
#2022 = DIRECTION ( 'NONE',  ( 0.000000000000000000, 0.000000000000000000, -1.000000000000000000 ) ) ;
#2023 = FILL_AREA_STYLE_COLOUR ( '', #7514 ) ;
#2024 = SURFACE_SIDE_STYLE ('',( #5844 ) ) ;
#2025 =( NAMED_UNIT ( * ) SI_UNIT ( $, .STERADIAN. ) SOLID_ANGLE_UNIT ( ) );
#2026 = CIRCLE ( 'NONE', #5236, 0.01000000000000002623 ) ;
#2027 = EDGE_CURVE ( 'NONE', #575, #6344, #4045, .T. ) ;
#2028 = AXIS2_PLACEMENT_3D ( 'NONE', #6827, #7889, #1169 ) ;
#2030 =( LENGTH_UNIT ( ) NAMED_UNIT ( * ) SI_UNIT ( .MILLI., .METRE. ) );
#2029 = LINE ( 'NONE', #1155, #5966 ) ;
#2031 = EDGE_CURVE ( 'NONE', #11962, #267, #2546, .T. ) ;
#2032 = DIRECTION ( 'NONE',  ( 1.000000000000000000, 0.000000000000000000, -7.636510523315148333E-15 ) ) ;
#2033 = DIRECTION ( 'NONE',  ( -0.000000000000000000, -1.000000000000000000, -0.000000000000000000 ) ) ;
#2034 = SURFACE_SIDE_STYLE ('',( #3629 ) ) ;
#2035 = DIRECTION ( 'NONE',  ( 0.000000000000000000, 0.000000000000000000, -1.000000000000000000 ) ) ;
#2036 = FILL_AREA_STYLE ('',( #2281 ) ) ;
#2037 = CIRCLE ( 'NONE', #4232, 0.02901193750893754295 ) ;
#2038 = CARTESIAN_POINT ( 'NONE',  ( -0.5000000000000000000, 0.5700000000000000622, -0.9159880624910591296 ) ) ;
#2039 = COLOUR_RGB ( '',0.6666666666666666297, 0.6980392156862744724, 0.7686274509803920907 ) ;
#2040 = CARTESIAN_POINT ( 'NONE',  ( -0.3000000000000000444, 0.5700000000000000622, -0.9159880624910602398 ) ) ;
#2041 = MECHANICAL_DESIGN_GEOMETRIC_PRESENTATION_REPRESENTATION (  '', ( #654 ), #9497 ) ;
#2042 = SURFACE_STYLE_USAGE ( .BOTH. , #55 ) ;
#2043 = STYLED_ITEM ( 'NONE', ( #11378 ), #2121 ) ;
#2044 = EDGE_CURVE ( 'NONE', #7430, #7683, #2652, .T. ) ;
#2045 = ADVANCED_FACE ( 'NONE', ( #12001 ), #5283, .F. ) ;
#2046 =( GEOMETRIC_REPRESENTATION_CONTEXT ( 3 ) GLOBAL_UNCERTAINTY_ASSIGNED_CONTEXT ( ( #10031 ) ) GLOBAL_UNIT_ASSIGNED_CONTEXT ( ( #12178, #11113, #3531 ) ) REPRESENTATION_CONTEXT ( 'NONE', 'WORKASPACE' ) );
#2047 = VECTOR ( 'NONE', #3221, 1000.000000000000000 ) ;
#2048 = STYLED_ITEM ( 'NONE', ( #11223 ), #4035 ) ;
#2049 = FILL_AREA_STYLE_COLOUR ( '', #8074 ) ;
#2050 =( GEOMETRIC_REPRESENTATION_CONTEXT ( 3 ) GLOBAL_UNCERTAINTY_ASSIGNED_CONTEXT ( ( #4822 ) ) GLOBAL_UNIT_ASSIGNED_CONTEXT ( ( #6700, #10500, #1864 ) ) REPRESENTATION_CONTEXT ( 'NONE', 'WORKASPACE' ) );
#2051 = SURFACE_STYLE_FILL_AREA ( #1173 ) ;
#2052 = ORIENTED_EDGE ( 'NONE', *, *, #1958, .T. ) ;
#2053 = PRESENTATION_LAYER_ASSIGNMENT (  '', '', ( #7878 ) ) ;
#2054 = DIRECTION ( 'NONE',  ( 0.000000000000000000, -1.000000000000000000, 0.000000000000000000 ) ) ;
#2055 = EDGE_LOOP ( 'NONE', ( #3358, #130, #4755, #2257 ) ) ;
#2056 = AXIS2_PLACEMENT_3D ( 'NONE', #10826, #7106, #9877 ) ;
#2057 = AXIS2_PLACEMENT_3D ( 'NONE', #12227, #6466, #2636 ) ;
#2058 = CARTESIAN_POINT ( 'NONE',  ( -0.7740119375089360432, 0.5600000000000000533, 0.3349999999999982991 ) ) ;
#2059 = CIRCLE ( 'NONE', #9707, 0.01901193750893738141 ) ;
#2060 = EDGE_LOOP ( 'NONE', ( #636, #8572, #6513, #5535 ) ) ;
#2061 = LINE ( 'NONE', #4615, #10 ) ;
#2062 = DIRECTION ( 'NONE',  ( 1.000000000000000000, 0.000000000000000000, 0.000000000000000000 ) ) ;
#2063 =( GEOMETRIC_REPRESENTATION_CONTEXT ( 3 ) GLOBAL_UNCERTAINTY_ASSIGNED_CONTEXT ( ( #4223 ) ) GLOBAL_UNIT_ASSIGNED_CONTEXT ( ( #12426, #1019, #5579 ) ) REPRESENTATION_CONTEXT ( 'NONE', 'WORKASPACE' ) );
#2064 = EDGE_CURVE ( 'NONE', #10195, #8802, #5221, .T. ) ;
#2065 = ORIENTED_EDGE ( 'NONE', *, *, #3193, .T. ) ;
#2066 = DIRECTION ( 'NONE',  ( -1.000000000000000000, 0.000000000000000000, 0.000000000000000000 ) ) ;
#2067 = PRESENTATION_LAYER_ASSIGNMENT (  '', '', ( #2663 ) ) ;
#2068 = PRESENTATION_LAYER_ASSIGNMENT (  '', '', ( #11526 ) ) ;
#2069 = SURFACE_STYLE_USAGE ( .BOTH. , #10700 ) ;
#2070 = CARTESIAN_POINT ( 'NONE',  ( 0.9349999999999992761, 0.5700000000000000622, -0.3059880624910618074 ) ) ;
#2071 = VERTEX_POINT ( 'NONE', #11199 ) ;
#2072 = DIRECTION ( 'NONE',  ( -0.000000000000000000, 1.000000000000000000, -0.000000000000000000 ) ) ;
#2073 = COLOUR_RGB ( '',0.6666666666666666297, 0.6980392156862744724, 0.7686274509803920907 ) ;
#2074 = VECTOR ( 'NONE', #1131, 1000.000000000000000 ) ;
#2075 = VERTEX_POINT ( 'NONE', #5414 ) ;
#2076 = DIRECTION ( 'NONE',  ( 0.000000000000000000, 0.000000000000000000, -1.000000000000000000 ) ) ;
#2077 = ORIENTED_EDGE ( 'NONE', *, *, #1332, .F. ) ;
#2078 = AXIS2_PLACEMENT_3D ( 'NONE', #6761, #10502, #8563 ) ;
#2079 = LINE ( 'NONE', #11598, #5426 ) ;
#2080 = DIRECTION ( 'NONE',  ( -5.421010862427507971E-15, 0.000000000000000000, 1.000000000000000000 ) ) ;
#2081 = ORIENTED_EDGE ( 'NONE', *, *, #1881, .T. ) ;
#2082 = LINE ( 'NONE', #2727, #1432 ) ;
#2083 = DIRECTION ( 'NONE',  ( -0.000000000000000000, -0.000000000000000000, -1.000000000000000000 ) ) ;
#2084 = DIRECTION ( 'NONE',  ( -1.000000000000000000, 0.000000000000000000, -6.693592482257194052E-15 ) ) ;
#2085 =( LENGTH_UNIT ( ) NAMED_UNIT ( * ) SI_UNIT ( .MILLI., .METRE. ) );
#2086 = EDGE_CURVE ( 'NONE', #3523, #4722, #692, .T. ) ;
#2087 = UNCERTAINTY_MEASURE_WITH_UNIT (LENGTH_MEASURE( 1.000000000000000082E-05 ), #8871, 'distance_accuracy_value', 'NONE');
#2088 = MECHANICAL_DESIGN_GEOMETRIC_PRESENTATION_REPRESENTATION (  '', ( #2690 ), #5061 ) ;
#2089 = SURFACE_STYLE_USAGE ( .BOTH. , #5963 ) ;
#2090 =( NAMED_UNIT ( * ) SI_UNIT ( $, .STERADIAN. ) SOLID_ANGLE_UNIT ( ) );
#2091 = SURFACE_STYLE_FILL_AREA ( #2898 ) ;
#2092 = FILL_AREA_STYLE_COLOUR ( '', #10696 ) ;
#2093 = CARTESIAN_POINT ( 'NONE',  ( 0.2900000000000004241, 0.5500000000000000444, -0.7740119375089351550 ) ) ;
#2094 = FILL_AREA_STYLE ('',( #9970 ) ) ;
#2095 = CARTESIAN_POINT ( 'NONE',  ( -0.3190119375089375819, 0.5600000000000000533, -0.9349999999999977218 ) ) ;
#2096 = UNCERTAINTY_MEASURE_WITH_UNIT (LENGTH_MEASURE( 1.000000000000000082E-05 ), #906, 'distance_accuracy_value', 'NONE');
#2097 = ADVANCED_FACE ( 'NONE', ( #3554 ), #7395, .T. ) ;
#2098 = SURFACE_SIDE_STYLE ('',( #8928 ) ) ;
#2099 = SURFACE_STYLE_USAGE ( .BOTH. , #10865 ) ;
#2100 = DIRECTION ( 'NONE',  ( -0.000000000000000000, -1.000000000000000000, -0.000000000000000000 ) ) ;
#2101 =( GEOMETRIC_REPRESENTATION_CONTEXT ( 3 ) GLOBAL_UNCERTAINTY_ASSIGNED_CONTEXT ( ( #7280 ) ) GLOBAL_UNIT_ASSIGNED_CONTEXT ( ( #152, #10722, #6984 ) ) REPRESENTATION_CONTEXT ( 'NONE', 'WORKASPACE' ) );
#2102 = LINE ( 'NONE', #1171, #1005 ) ;
#2103 = VERTEX_POINT ( 'NONE', #2734 ) ;
#2104 = AXIS2_PLACEMENT_3D ( 'NONE', #1756, #3586, #1698 ) ;
#2105 = SURFACE_STYLE_USAGE ( .BOTH. , #10747 ) ;
#2106 = AXIS2_PLACEMENT_3D ( 'NONE', #2218, #9920, #10932 ) ;
#2107 = DIRECTION ( 'NONE',  ( 1.000000000000000000, -0.000000000000000000, 6.024233234031476698E-15 ) ) ;
#2108 = DIRECTION ( 'NONE',  ( 0.000000000000000000, 0.000000000000000000, -1.000000000000000000 ) ) ;
#2109 = EDGE_CURVE ( 'NONE', #4927, #7781, #4827, .T. ) ;
#2110 = UNCERTAINTY_MEASURE_WITH_UNIT (LENGTH_MEASURE( 1.000000000000000082E-05 ), #952, 'distance_accuracy_value', 'NONE');
#2111 = DIRECTION ( 'NONE',  ( 0.000000000000000000, -1.000000000000000000, 0.000000000000000000 ) ) ;
#2112 = ORIENTED_EDGE ( 'NONE', *, *, #67, .T. ) ;
#2113 = CARTESIAN_POINT ( 'NONE',  ( -0.3190119375089374709, 0.5600000000000000533, 0.7740119375089351550 ) ) ;
#2114 = SURFACE_SIDE_STYLE ('',( #6238 ) ) ;
#2115 = CARTESIAN_POINT ( 'NONE',  ( -0.7740119375089365983, 0.5600000000000000533, -0.1440119375089355669 ) ) ;
#2116 =( NAMED_UNIT ( * ) SI_UNIT ( $, .STERADIAN. ) SOLID_ANGLE_UNIT ( ) );
#2117 = DIRECTION ( 'NONE',  ( 0.000000000000000000, -1.000000000000000000, 0.000000000000000000 ) ) ;
#2118 = DIRECTION ( 'NONE',  ( -0.000000000000000000, -1.000000000000000000, -0.000000000000000000 ) ) ;
#2119 = ORIENTED_EDGE ( 'NONE', *, *, #3018, .T. ) ;
#2120 = DIRECTION ( 'NONE',  ( 1.000000000000000000, -5.421010862427508759E-15, 5.421010862427508759E-15 ) ) ;
#2121 = ADVANCED_FACE ( 'NONE', ( #3623 ), #6511, .F. ) ;
#2122 =( LENGTH_UNIT ( ) NAMED_UNIT ( * ) SI_UNIT ( .MILLI., .METRE. ) );
#2123 = ORIENTED_EDGE ( 'NONE', *, *, #2267, .T. ) ;
#2124 = CYLINDRICAL_SURFACE ( 'NONE', #6166, 0.01000000000000002623 ) ;
#2125 =( NAMED_UNIT ( * ) SI_UNIT ( $, .STERADIAN. ) SOLID_ANGLE_UNIT ( ) );
#2126 =( LENGTH_UNIT ( ) NAMED_UNIT ( * ) SI_UNIT ( .MILLI., .METRE. ) );
#2127 = VERTEX_POINT ( 'NONE', #6696 ) ;
#2128 = MECHANICAL_DESIGN_GEOMETRIC_PRESENTATION_REPRESENTATION (  '', ( #8936 ), #4452 ) ;
#2129 = EDGE_LOOP ( 'NONE', ( #10801, #3462, #11402, #7331 ) ) ;
#2130 = DIRECTION ( 'NONE',  ( -0.000000000000000000, -1.000000000000000000, -0.000000000000000000 ) ) ;
#2131 = VERTEX_POINT ( 'NONE', #6754 ) ;
#2132 = DIRECTION ( 'NONE',  ( 1.084202172485504311E-16, 0.000000000000000000, 1.000000000000000000 ) ) ;
#2133 = CARTESIAN_POINT ( 'NONE',  ( 0.9159880624910605729, 0.5600000000000000533, 0.7559880624910617630 ) ) ;
#2135 = CARTESIAN_POINT ( 'NONE',  ( -0.1100000000000013745, 0.5600000000000000533, -0.7740119375089365983 ) ) ;
#2134 = LINE ( 'NONE', #5068, #7734 ) ;
#2136 = CARTESIAN_POINT ( 'NONE',  ( -0.7740119375089350440, 0.5500000000000000444, -0.7559880624910606528 ) ) ;
#2137 = CARTESIAN_POINT ( 'NONE',  ( 0.7740119375089354881, 0.5700000000000000622, 0.5940119375089355502 ) ) ;
#2138 = VECTOR ( 'NONE', #3343, 1000.000000000000000 ) ;
#2139 = CARTESIAN_POINT ( 'NONE',  ( 0.4809880624910631841, 0.5700000000000000622, -0.9349999999999966116 ) ) ;
#2141 = SURFACE_STYLE_FILL_AREA ( #3149 ) ;
#2140 = FACE_OUTER_BOUND ( 'NONE', #2872, .T. ) ;
#2142 = ADVANCED_FACE ( 'NONE', ( #2910 ), #6632, .F. ) ;
#2143 = VECTOR ( 'NONE', #4335, 1000.000000000000000 ) ;
#2144 = ORIENTED_EDGE ( 'NONE', *, *, #5527, .F. ) ;
#2145 = PLANE ( 'NONE',  #7580 ) ;
#2146 = CARTESIAN_POINT ( 'NONE',  ( -0.9999999999999997780, 0.4750000000000000888, 1.000000000000000000 ) ) ;
#2147 = CARTESIAN_POINT ( 'NONE',  ( -0.4809880624910627955, 0.5600000000000000533, 0.9449999999999966205 ) ) ;
#2148 = CARTESIAN_POINT ( 'NONE',  ( 0.9159880624910617941, 0.5700000000000000622, 0.3249999999999993450 ) ) ;
#2149 = COLOUR_RGB ( '',0.6666666666666666297, 0.6980392156862744724, 0.7686274509803920907 ) ;
#2150 = LINE ( 'NONE', #9857, #3915 ) ;
#2151 =( GEOMETRIC_REPRESENTATION_CONTEXT ( 3 ) GLOBAL_UNCERTAINTY_ASSIGNED_CONTEXT ( ( #3098 ) ) GLOBAL_UNIT_ASSIGNED_CONTEXT ( ( #9760, #1382, #1141 ) ) REPRESENTATION_CONTEXT ( 'NONE', 'WORKASPACE' ) );
#2152 = COLOUR_RGB ( '',0.6666666666666666297, 0.6980392156862744724, 0.7686274509803920907 ) ;
#2153 =( LENGTH_UNIT ( ) NAMED_UNIT ( * ) SI_UNIT ( .MILLI., .METRE. ) );
#2154 = ADVANCED_FACE ( 'NONE', ( #2403 ), #2328, .F. ) ;
#2155 = COLOUR_RGB ( '',0.6666666666666666297, 0.6980392156862744724, 0.7686274509803920907 ) ;
#2156 = FACE_OUTER_BOUND ( 'NONE', #8450, .T. ) ;
#2157 = ORIENTED_EDGE ( 'NONE', *, *, #9940, .T. ) ;
#2158 = STYLED_ITEM ( 'NONE', ( #4521 ), #10168 ) ;
#2159 = STYLED_ITEM ( 'NONE', ( #2924 ), #9560 ) ;
#2160 = LINE ( 'NONE', #1421, #12374 ) ;
#2161 = DIRECTION ( 'NONE',  ( 0.000000000000000000, 0.000000000000000000, -1.000000000000000000 ) ) ;
#2162 = ORIENTED_EDGE ( 'NONE', *, *, #11369, .F. ) ;
#2163 = AXIS2_PLACEMENT_3D ( 'NONE', #11586, #2118, #5937 ) ;
#2164 = DIRECTION ( 'NONE',  ( 1.000000000000000000, -0.000000000000000000, -7.636510523315148333E-15 ) ) ;
#2165 = VERTEX_POINT ( 'NONE', #7183 ) ;
#2166 = AXIS2_PLACEMENT_3D ( 'NONE', #9085, #5903, #10978 ) ;
#2168 = SURFACE_SIDE_STYLE ('',( #2922 ) ) ;
#2167 = VECTOR ( 'NONE', #1939, 1000.000000000000000 ) ;
#2169 = STYLED_ITEM ( 'NONE', ( #1795 ), #9825 ) ;
#2170 =( NAMED_UNIT ( * ) PLANE_ANGLE_UNIT ( ) SI_UNIT ( $, .RADIAN. ) );
#2171 = EDGE_CURVE ( 'NONE', #7307, #8006, #11976, .T. ) ;
#2172 = AXIS2_PLACEMENT_3D ( 'NONE', #7722, #1118, #6763 ) ;
#2173 = ADVANCED_FACE ( 'NONE', ( #2203 ), #4332, .F. ) ;
#2174 = PLANE ( 'NONE',  #5038 ) ;
#2175 = CARTESIAN_POINT ( 'NONE',  ( 0.4809880624910628510, 0.5600000000000000533, 0.7449999999999966649 ) ) ;
#2176 = FILL_AREA_STYLE ('',( #2236 ) ) ;
#2177 = AXIS2_PLACEMENT_3D ( 'NONE', #416, #12118, #11182 ) ;
#2178 = CARTESIAN_POINT ( 'NONE',  ( 0.7740119375089357101, 0.5600000000000000533, 0.5649999999999981704 ) ) ;
#2179 = DIRECTION ( 'NONE',  ( -1.000000000000000000, 0.000000000000000000, 0.000000000000000000 ) ) ;
#2180 = ORIENTED_EDGE ( 'NONE', *, *, #4708, .F. ) ;
#2181 = FACE_OUTER_BOUND ( 'NONE', #1872, .T. ) ;
#2182 = CARTESIAN_POINT ( 'NONE',  ( -0.9159880624910601288, 0.5600000000000000533, 0.7559880624910617630 ) ) ;
#2183 = ORIENTED_EDGE ( 'NONE', *, *, #4108, .T. ) ;
#2184 =( GEOMETRIC_REPRESENTATION_CONTEXT ( 3 ) GLOBAL_UNCERTAINTY_ASSIGNED_CONTEXT ( ( #6222 ) ) GLOBAL_UNIT_ASSIGNED_CONTEXT ( ( #6054, #6182, #10045 ) ) REPRESENTATION_CONTEXT ( 'NONE', 'WORKASPACE' ) );
#2185 = CIRCLE ( 'NONE', #9248, 0.01000000000000002623 ) ;
#2186 = MECHANICAL_DESIGN_GEOMETRIC_PRESENTATION_REPRESENTATION (  '', ( #9852 ), #9249 ) ;
#2187 = CARTESIAN_POINT ( 'NONE',  ( -0.1100000000000032063, 0.5500000000000000444, 0.9159880624910614610 ) ) ;
#2188 = VERTEX_POINT ( 'NONE', #1046 ) ;
#2189 = EDGE_CURVE ( 'NONE', #7358, #6007, #9806, .T. ) ;
#2190 = ADVANCED_FACE ( 'NONE', ( #7935 ), #4216, .T. ) ;
#2191 =( NAMED_UNIT ( * ) PLANE_ANGLE_UNIT ( ) SI_UNIT ( $, .RADIAN. ) );
#2192 = SURFACE_STYLE_FILL_AREA ( #148 ) ;
#2193 = ORIENTED_EDGE ( 'NONE', *, *, #12050, .T. ) ;
#2194 = DIRECTION ( 'NONE',  ( 0.000000000000000000, 0.000000000000000000, -1.000000000000000000 ) ) ;
#2195 = FILL_AREA_STYLE ('',( #7121 ) ) ;
#2196 = CARTESIAN_POINT ( 'NONE',  ( 0.4809880624910628510, 0.5600000000000000533, -0.7449999999999966649 ) ) ;
#2197 =( GEOMETRIC_REPRESENTATION_CONTEXT ( 3 ) GLOBAL_UNCERTAINTY_ASSIGNED_CONTEXT ( ( #5205 ) ) GLOBAL_UNIT_ASSIGNED_CONTEXT ( ( #2356, #10810, #6957 ) ) REPRESENTATION_CONTEXT ( 'NONE', 'WORKASPACE' ) );
#2198 = FILL_AREA_STYLE_COLOUR ( '', #3191 ) ;
#2199 = ORIENTED_EDGE ( 'NONE', *, *, #12322, .F. ) ;
#2200 = CARTESIAN_POINT ( 'NONE',  ( 0.7740119375089370424, 0.5700000000000000622, 0.1440119375089355669 ) ) ;
#2201 = UNCERTAINTY_MEASURE_WITH_UNIT (LENGTH_MEASURE( 1.000000000000000082E-05 ), #7906, 'distance_accuracy_value', 'NONE');
#2202 = VERTEX_POINT ( 'NONE', #7506 ) ;
#2203 = FACE_OUTER_BOUND ( 'NONE', #4431, .T. ) ;
#2204 = CARTESIAN_POINT ( 'NONE',  ( 0.3000000000000004885, 0.5700000000000000622, -0.9159880624910602398 ) ) ;
#2205 = PRESENTATION_STYLE_ASSIGNMENT (( #11858 ) ) ;
#2206 = SURFACE_STYLE_USAGE ( .BOTH. , #11789 ) ;
#2207 = DIRECTION ( 'NONE',  ( 1.000000000000000000, 0.000000000000000000, 6.024233234031475909E-15 ) ) ;
#2208 = ADVANCED_FACE ( 'NONE', ( #591 ), #11355, .T. ) ;
#2209 = DIRECTION ( 'NONE',  ( 0.000000000000000000, 1.000000000000000000, 0.000000000000000000 ) ) ;
#2210 = DIRECTION ( 'NONE',  ( -0.000000000000000000, -1.000000000000000000, -0.000000000000000000 ) ) ;
#2211 = ORIENTED_EDGE ( 'NONE', *, *, #7746, .F. ) ;
#2212 = VERTEX_POINT ( 'NONE', #1582 ) ;
#2213 =( NAMED_UNIT ( * ) PLANE_ANGLE_UNIT ( ) SI_UNIT ( $, .RADIAN. ) );
#2214 =( NAMED_UNIT ( * ) SI_UNIT ( $, .STERADIAN. ) SOLID_ANGLE_UNIT ( ) );
#2215 =( NAMED_UNIT ( * ) SI_UNIT ( $, .STERADIAN. ) SOLID_ANGLE_UNIT ( ) );
#2216 = UNCERTAINTY_MEASURE_WITH_UNIT (LENGTH_MEASURE( 1.000000000000000082E-05 ), #11302, 'distance_accuracy_value', 'NONE');
#2217 = UNCERTAINTY_MEASURE_WITH_UNIT (LENGTH_MEASURE( 1.000000000000000082E-05 ), #8148, 'distance_accuracy_value', 'NONE');
#2218 = CARTESIAN_POINT ( 'NONE',  ( 0.7740119375089370424, 0.5600000000000000533, 0.1440119375089355669 ) ) ;
#2219 = TOROIDAL_SURFACE ( 'NONE', #10879, 0.02901193750893743539, 0.01000000000000000021 ) ;
#2220 = DIRECTION ( 'NONE',  ( 0.000000000000000000, -1.000000000000000000, 0.000000000000000000 ) ) ;
#2221 = VERTEX_POINT ( 'NONE', #9271 ) ;
#2222 = MECHANICAL_DESIGN_GEOMETRIC_PRESENTATION_REPRESENTATION (  '', ( #11931 ), #10887 ) ;
#2223 = VECTOR ( 'NONE', #12241, 1000.000000000000000 ) ;
#2224 = PRESENTATION_STYLE_ASSIGNMENT (( #10043 ) ) ;
#2225 =( NAMED_UNIT ( * ) PLANE_ANGLE_UNIT ( ) SI_UNIT ( $, .RADIAN. ) );
#2226 = FILL_AREA_STYLE_COLOUR ( '', #4013 ) ;
#2227 = UNCERTAINTY_MEASURE_WITH_UNIT (LENGTH_MEASURE( 1.000000000000000082E-05 ), #3324, 'distance_accuracy_value', 'NONE');
#2228 = EDGE_CURVE ( 'NONE', #11343, #4437, #2646, .T. ) ;
#2229 = EDGE_LOOP ( 'NONE', ( #2799, #4474, #6275, #1006 ) ) ;
#2230 = CIRCLE ( 'NONE', #2839, 0.01000000000000002623 ) ;
#2231 = PRESENTATION_STYLE_ASSIGNMENT (( #12359 ) ) ;
#2232 = VECTOR ( 'NONE', #12149, 1000.000000000000000 ) ;
#2233 = DIRECTION ( 'NONE',  ( -0.000000000000000000, -1.000000000000000000, -0.000000000000000000 ) ) ;
#2234 = PRESENTATION_LAYER_ASSIGNMENT (  '', '', ( #7684 ) ) ;
#2235 = FILL_AREA_STYLE ('',( #435 ) ) ;
#2236 = FILL_AREA_STYLE_COLOUR ( '', #2674 ) ;
#2237 = PRESENTATION_LAYER_ASSIGNMENT (  '', '', ( #1247 ) ) ;
#2238 = MECHANICAL_DESIGN_GEOMETRIC_PRESENTATION_REPRESENTATION (  '', ( #1845 ), #3460 ) ;
#2239 =( LENGTH_UNIT ( ) NAMED_UNIT ( * ) SI_UNIT ( .MILLI., .METRE. ) );
#2240 = VECTOR ( 'NONE', #6862, 1000.000000000000000 ) ;
#2241 = ORIENTED_EDGE ( 'NONE', *, *, #4264, .T. ) ;
#2242 = SURFACE_SIDE_STYLE ('',( #10884 ) ) ;
#2243 = VECTOR ( 'NONE', #12132, 1000.000000000000000 ) ;
#2244 = SURFACE_STYLE_USAGE ( .BOTH. , #1308 ) ;
#2245 = EDGE_CURVE ( 'NONE', #240, #11892, #7595, .T. ) ;
#2246 = EDGE_LOOP ( 'NONE', ( #9413, #12221, #5685, #857 ) ) ;
#2247 = EDGE_CURVE ( 'NONE', #8579, #2370, #6574, .T. ) ;
#2248 = CARTESIAN_POINT ( 'NONE',  ( 0.9159880624910607949, 0.5600000000000000533, -0.5649999999999991696 ) ) ;
#2249 = DIRECTION ( 'NONE',  ( 0.000000000000000000, 0.000000000000000000, -1.000000000000000000 ) ) ;
#2250 = STYLED_ITEM ( 'NONE', ( #5175 ), #1085 ) ;
#2251 =( GEOMETRIC_REPRESENTATION_CONTEXT ( 3 ) GLOBAL_UNCERTAINTY_ASSIGNED_CONTEXT ( ( #7995 ) ) GLOBAL_UNIT_ASSIGNED_CONTEXT ( ( #1814, #4677, #7673 ) ) REPRESENTATION_CONTEXT ( 'NONE', 'WORKASPACE' ) );
#2252 = ORIENTED_EDGE ( 'NONE', *, *, #8383, .F. ) ;
#2253 = AXIS2_PLACEMENT_3D ( 'NONE', #6302, #12185, #6229 ) ;
#2254 =( LENGTH_UNIT ( ) NAMED_UNIT ( * ) SI_UNIT ( .MILLI., .METRE. ) );
#2255 = ORIENTED_EDGE ( 'NONE', *, *, #8614, .F. ) ;
#2256 = FILL_AREA_STYLE ('',( #6019 ) ) ;
#2257 = ORIENTED_EDGE ( 'NONE', *, *, #4344, .F. ) ;
#2258 = CARTESIAN_POINT ( 'NONE',  ( -0.5000000000000000000, 0.5700000000000000622, 0.7740119375089341558 ) ) ;
#2259 =( NAMED_UNIT ( * ) PLANE_ANGLE_UNIT ( ) SI_UNIT ( $, .RADIAN. ) );
#2261 = FILL_AREA_STYLE ('',( #7930 ) ) ;
#2260 = SURFACE_STYLE_FILL_AREA ( #4143 ) ;
#2262 = DIRECTION ( 'NONE',  ( -1.000000000000000000, 0.000000000000000000, 0.000000000000000000 ) ) ;
#2263 = VERTEX_POINT ( 'NONE', #4508 ) ;
#2264 = COLOUR_RGB ( '',0.6666666666666666297, 0.6980392156862744724, 0.7686274509803920907 ) ;
#2265 = CARTESIAN_POINT ( 'NONE',  ( 0.7740119375089353770, 0.5600000000000000533, -0.7749999999999981348 ) ) ;
#2266 = EDGE_CURVE ( 'NONE', #1808, #9801, #839, .T. ) ;
#2267 = EDGE_CURVE ( 'NONE', #3570, #5531, #777, .T. ) ;
#2268 = EDGE_LOOP ( 'NONE', ( #4380, #9381, #4525, #8839 ) ) ;
#2269 = VERTEX_POINT ( 'NONE', #12373 ) ;
#2270 = ADVANCED_FACE ( 'NONE', ( #3713 ), #3573, .F. ) ;
#2271 = SURFACE_STYLE_USAGE ( .BOTH. , #4087 ) ;
#2272 = DIRECTION ( 'NONE',  ( -1.084202172485501594E-14, 0.000000000000000000, 1.000000000000000000 ) ) ;
#2273 = FILL_AREA_STYLE_COLOUR ( '', #7777 ) ;
#2274 = FILL_AREA_STYLE_COLOUR ( '', #6441 ) ;
#2275 = STYLED_ITEM ( 'NONE', ( #11075 ), #6625 ) ;
#2276 = DIRECTION ( 'NONE',  ( -1.000000000000000000, 0.000000000000000000, -6.693592482257194052E-15 ) ) ;
#2277 = CARTESIAN_POINT ( 'NONE',  ( 0.3190119375089379150, 0.5700000000000000622, -0.7740119375089351550 ) ) ;
#2278 = VERTEX_POINT ( 'NONE', #11115 ) ;
#2279 = PRESENTATION_STYLE_ASSIGNMENT (( #7944 ) ) ;
#2280 = CARTESIAN_POINT ( 'NONE',  ( 0.7740119375089377085, 0.5600000000000000533, -0.1149999999999981315 ) ) ;
#2281 = FILL_AREA_STYLE_COLOUR ( '', #12260 ) ;
#2282 =( GEOMETRIC_REPRESENTATION_CONTEXT ( 3 ) GLOBAL_UNCERTAINTY_ASSIGNED_CONTEXT ( ( #490 ) ) GLOBAL_UNIT_ASSIGNED_CONTEXT ( ( #2612, #7459, #10360 ) ) REPRESENTATION_CONTEXT ( 'NONE', 'WORKASPACE' ) );
#2283 = DIRECTION ( 'NONE',  ( 0.000000000000000000, 1.000000000000000000, 0.000000000000000000 ) ) ;
#2284 = EDGE_CURVE ( 'NONE', #6402, #6787, #10621, .T. ) ;
#2285 = CARTESIAN_POINT ( 'NONE',  ( -0.9999999999999997780, 0.4750000000000000888, 1.000000000000000000 ) ) ;
#2286 = CARTESIAN_POINT ( 'NONE',  ( -0.7740119375089371534, 0.5600000000000000533, -0.1149999999999980760 ) ) ;
#2287 = PLANE ( 'NONE',  #200 ) ;
#2288 = MECHANICAL_DESIGN_GEOMETRIC_PRESENTATION_REPRESENTATION (  '', ( #1898 ), #10550 ) ;
#2289 = FACE_OUTER_BOUND ( 'NONE', #2055, .T. ) ;
#2290 = DIRECTION ( 'NONE',  ( -0.000000000000000000, -1.000000000000000000, -0.000000000000000000 ) ) ;
#2291 = ORIENTED_EDGE ( 'NONE', *, *, #455, .T. ) ;
#2292 = CARTESIAN_POINT ( 'NONE',  ( 0.3563859338365493179, 0.5700000000000000622, -0.5000000000000002220 ) ) ;
#2293 = LINE ( 'NONE', #8937, #5764 ) ;
#2294 = EDGE_LOOP ( 'NONE', ( #702, #4003, #309, #10525 ) ) ;
#2295 = CARTESIAN_POINT ( 'NONE',  ( -0.7740119375089359322, 0.5500000000000000444, 0.3349999999999982991 ) ) ;
#2296 = CIRCLE ( 'NONE', #7933, 0.01901193750893743692 ) ;
#2297 = DIRECTION ( 'NONE',  ( 0.000000000000000000, 0.000000000000000000, -1.000000000000000000 ) ) ;
#2298 = ORIENTED_EDGE ( 'NONE', *, *, #9262, .F. ) ;
#2299 =( NAMED_UNIT ( * ) PLANE_ANGLE_UNIT ( ) SI_UNIT ( $, .RADIAN. ) );
#2300 = TOROIDAL_SURFACE ( 'NONE', #7548, 0.02901193750893743539, 0.01000000000000000021 ) ;
#2301 =( NAMED_UNIT ( * ) PLANE_ANGLE_UNIT ( ) SI_UNIT ( $, .RADIAN. ) );
#2302 = ADVANCED_FACE ( 'NONE', ( #11537 ), #11656, .F. ) ;
#2303 = LINE ( 'NONE', #3379, #8537 ) ;
#2304 =( NAMED_UNIT ( * ) PLANE_ANGLE_UNIT ( ) SI_UNIT ( $, .RADIAN. ) );
#2305 = ORIENTED_EDGE ( 'NONE', *, *, #9122, .T. ) ;
#2306 = VERTEX_POINT ( 'NONE', #9577 ) ;
#2307 = DIRECTION ( 'NONE',  ( -0.000000000000000000, -1.000000000000000000, -0.000000000000000000 ) ) ;
#2308 = ORIENTED_EDGE ( 'NONE', *, *, #5659, .F. ) ;
#2309 = FILL_AREA_STYLE_COLOUR ( '', #6126 ) ;
#2310 = CARTESIAN_POINT ( 'NONE',  ( -0.08098806249106509092, 0.5700000000000000622, -0.7549999999999994493 ) ) ;
#2311 = ORIENTED_EDGE ( 'NONE', *, *, #5540, .F. ) ;
#2312 = CYLINDRICAL_SURFACE ( 'NONE', #11920, 0.01901193750893732937 ) ;
#2313 = ADVANCED_FACE ( 'NONE', ( #5759 ), #9702, .F. ) ;
#2314 = ORIENTED_EDGE ( 'NONE', *, *, #5859, .T. ) ;
#2315 = CARTESIAN_POINT ( 'NONE',  ( -0.7740119375089348219, 0.5500000000000000444, -0.7849999999999981437 ) ) ;
#2316 = VERTEX_POINT ( 'NONE', #9008 ) ;
#2317 = VERTEX_POINT ( 'NONE', #4014 ) ;
#2318 = DIRECTION ( 'NONE',  ( -0.000000000000000000, 0.000000000000000000, 1.000000000000000000 ) ) ;
#2319 = LINE ( 'NONE', #7251, #7337 ) ;
#2320 = PLANE ( 'NONE',  #12450 ) ;
#2322 = DIRECTION ( 'NONE',  ( 2.168404344971009184E-14, 0.000000000000000000, 1.000000000000000000 ) ) ;
#2321 = LINE ( 'NONE', #9084, #12181 ) ;
#2323 = SURFACE_STYLE_USAGE ( .BOTH. , #3633 ) ;
#2324 = ORIENTED_EDGE ( 'NONE', *, *, #414, .T. ) ;
#2325 = UNCERTAINTY_MEASURE_WITH_UNIT (LENGTH_MEASURE( 1.000000000000000082E-05 ), #6573, 'distance_accuracy_value', 'NONE');
#2326 = ORIENTED_EDGE ( 'NONE', *, *, #11798, .T. ) ;
#2327 = ORIENTED_EDGE ( 'NONE', *, *, #3622, .T. ) ;
#2328 = PLANE ( 'NONE',  #7487 ) ;
#2329 =( NAMED_UNIT ( * ) SI_UNIT ( $, .STERADIAN. ) SOLID_ANGLE_UNIT ( ) );
#2330 = DIRECTION ( 'NONE',  ( 0.1379310344827607560, 5.369195949444475964E-15, 0.9904418356100047616 ) ) ;
#2331 = STYLED_ITEM ( 'NONE', ( #6976 ), #8663 ) ;
#2332 = PLANE ( 'NONE',  #11227 ) ;
#2333 = AXIS2_PLACEMENT_3D ( 'NONE', #5511, #10524, #11403 ) ;
#2334 = CARTESIAN_POINT ( 'NONE',  ( -0.08098806249106511868, 0.5700000000000000622, 0.7549999999999994493 ) ) ;
#2335 = EDGE_CURVE ( 'NONE', #3826, #11654, #2355, .T. ) ;
#2336 = SURFACE_SIDE_STYLE ('',( #7373 ) ) ;
#2337 = ADVANCED_FACE ( 'NONE', ( #6920 ), #2124, .F. ) ;
#2338 =( GEOMETRIC_REPRESENTATION_CONTEXT ( 3 ) GLOBAL_UNCERTAINTY_ASSIGNED_CONTEXT ( ( #126 ) ) GLOBAL_UNIT_ASSIGNED_CONTEXT ( ( #7963, #8874, #1301 ) ) REPRESENTATION_CONTEXT ( 'NONE', 'WORKASPACE' ) );
#2339 = SURFACE_SIDE_STYLE ('',( #3602 ) ) ;
#2340 = CARTESIAN_POINT ( 'NONE',  ( 0.4125000000000007550, 0.5500000000000000444, -1.000000000000000000 ) ) ;
#2341 = CARTESIAN_POINT ( 'NONE',  ( -0.9999999999999997780, 0.5500000000000000444, 1.000000000000000000 ) ) ;
#2342 = UNCERTAINTY_MEASURE_WITH_UNIT (LENGTH_MEASURE( 1.000000000000000082E-05 ), #1791, 'distance_accuracy_value', 'NONE');
#2343 = CIRCLE ( 'NONE', #3560, 0.01000000000000002623 ) ;
#2344 = VECTOR ( 'NONE', #5010, 1000.000000000000000 ) ;
#2345 = LINE ( 'NONE', #1531, #6191 ) ;
#2346 = DIRECTION ( 'NONE',  ( 0.000000000000000000, 0.000000000000000000, -1.000000000000000000 ) ) ;
#2347 = MECHANICAL_DESIGN_GEOMETRIC_PRESENTATION_REPRESENTATION (  '', ( #7782 ), #1762 ) ;
#2348 = EDGE_CURVE ( 'NONE', #12017, #8961, #6131, .T. ) ;
#2349 = DIRECTION ( 'NONE',  ( 1.000000000000000000, 0.000000000000000000, 6.693592482257194052E-15 ) ) ;
#2350 = ORIENTED_EDGE ( 'NONE', *, *, #7142, .T. ) ;
#2351 =( NAMED_UNIT ( * ) PLANE_ANGLE_UNIT ( ) SI_UNIT ( $, .RADIAN. ) );
#2352 = CYLINDRICAL_SURFACE ( 'NONE', #11953, 0.01000000000000002623 ) ;
#2353 =( GEOMETRIC_REPRESENTATION_CONTEXT ( 3 ) GLOBAL_UNCERTAINTY_ASSIGNED_CONTEXT ( ( #5856 ) ) GLOBAL_UNIT_ASSIGNED_CONTEXT ( ( #12234, #4327, #7436 ) ) REPRESENTATION_CONTEXT ( 'NONE', 'WORKASPACE' ) );
#2354 = EDGE_LOOP ( 'NONE', ( #11044, #8372, #10647, #11348 ) ) ;
#2355 = CIRCLE ( 'NONE', #7402, 0.02901193750893746315 ) ;
#2356 =( LENGTH_UNIT ( ) NAMED_UNIT ( * ) SI_UNIT ( .MILLI., .METRE. ) );
#2357 = VECTOR ( 'NONE', #2383, 1000.000000000000000 ) ;
#2358 = UNCERTAINTY_MEASURE_WITH_UNIT (LENGTH_MEASURE( 1.000000000000000082E-05 ), #9039, 'distance_accuracy_value', 'NONE');
#2359 = ORIENTED_EDGE ( 'NONE', *, *, #11808, .F. ) ;
#2360 = AXIS2_PLACEMENT_3D ( 'NONE', #2457, #1573, #580 ) ;
#2361 = CARTESIAN_POINT ( 'NONE',  ( -0.9159880624910601288, 0.5700000000000000622, 0.7559880624910617630 ) ) ;
#2362 =( GEOMETRIC_REPRESENTATION_CONTEXT ( 3 ) GLOBAL_UNCERTAINTY_ASSIGNED_CONTEXT ( ( #11065 ) ) GLOBAL_UNIT_ASSIGNED_CONTEXT ( ( #1059, #7721, #12347 ) ) REPRESENTATION_CONTEXT ( 'NONE', 'WORKASPACE' ) );
#2363 = CIRCLE ( 'NONE', #1176, 0.02901193750893746315 ) ;
#2364 = EDGE_CURVE ( 'NONE', #2828, #3424, #8201, .T. ) ;
#2365 = CARTESIAN_POINT ( 'NONE',  ( -0.9159880624910613500, 0.5600000000000000533, 0.3249999999999991229 ) ) ;
#2366 = CARTESIAN_POINT ( 'NONE',  ( -0.9159880624910611280, 0.5600000000000000533, 0.3349999999999991318 ) ) ;
#2367 = MECHANICAL_DESIGN_GEOMETRIC_PRESENTATION_REPRESENTATION (  '', ( #8420 ), #10820 ) ;
#2368 = SURFACE_SIDE_STYLE ('',( #6197 ) ) ;
#2369 = DIRECTION ( 'NONE',  ( 1.084202172485501594E-14, 0.000000000000000000, -1.000000000000000000 ) ) ;
#2370 = VERTEX_POINT ( 'NONE', #5057 ) ;
#2371 =( NAMED_UNIT ( * ) SI_UNIT ( $, .STERADIAN. ) SOLID_ANGLE_UNIT ( ) );
#2372 = TOROIDAL_SURFACE ( 'NONE', #3977, 0.02901193750893757070, 0.01000000000000000021 ) ;
#2373 = STYLED_ITEM ( 'NONE', ( #3842 ), #579 ) ;
#2374 = EDGE_LOOP ( 'NONE', ( #5184, #6351, #7210, #1273, #7178, #1689, #10962, #3061 ) ) ;
#2375 = SURFACE_STYLE_USAGE ( .BOTH. , #3385 ) ;
#2376 =( GEOMETRIC_REPRESENTATION_CONTEXT ( 3 ) GLOBAL_UNCERTAINTY_ASSIGNED_CONTEXT ( ( #9154 ) ) GLOBAL_UNIT_ASSIGNED_CONTEXT ( ( #7398, #12206, #5490 ) ) REPRESENTATION_CONTEXT ( 'NONE', 'WORKASPACE' ) );
#2377 = TOROIDAL_SURFACE ( 'NONE', #10438, 0.02901193750893743539, 0.01000000000000000021 ) ;
#2378 = ORIENTED_EDGE ( 'NONE', *, *, #4996, .F. ) ;
#2379 = DIRECTION ( 'NONE',  ( -0.000000000000000000, -0.000000000000000000, -1.000000000000000000 ) ) ;
#2380 = EDGE_CURVE ( 'NONE', #12390, #7727, #10424, .T. ) ;
#2381 = SURFACE_STYLE_USAGE ( .BOTH. , #12091 ) ;
#2382 = VECTOR ( 'NONE', #3256, 1000.000000000000000 ) ;
#2383 = DIRECTION ( 'NONE',  ( -0.000000000000000000, -1.000000000000000000, -0.000000000000000000 ) ) ;
#2384 = ORIENTED_EDGE ( 'NONE', *, *, #10980, .F. ) ;
#2385 = COLOUR_RGB ( '',0.6666666666666666297, 0.6980392156862744724, 0.7686274509803920907 ) ;
#2386 = MECHANICAL_DESIGN_GEOMETRIC_PRESENTATION_REPRESENTATION (  '', ( #2373 ), #2977 ) ;
#2387 = CARTESIAN_POINT ( 'NONE',  ( 0.7549999999999995604, 0.5600000000000000533, -0.3059880624910606417 ) ) ;
#2388 = STYLED_ITEM ( 'NONE', ( #6214 ), #10771 ) ;
#2389 = MECHANICAL_DESIGN_GEOMETRIC_PRESENTATION_REPRESENTATION (  '', ( #3988 ), #9447 ) ;
#2390 = ORIENTED_EDGE ( 'NONE', *, *, #2284, .F. ) ;
#2392 = FILL_AREA_STYLE_COLOUR ( '', #12122 ) ;
#2391 = COLOUR_RGB ( '',0.6666666666666666297, 0.6980392156862744724, 0.7686274509803920907 ) ;
#2393 = ORIENTED_EDGE ( 'NONE', *, *, #10122, .F. ) ;
#2394 =( NAMED_UNIT ( * ) PLANE_ANGLE_UNIT ( ) SI_UNIT ( $, .RADIAN. ) );
#2395 =( LENGTH_UNIT ( ) NAMED_UNIT ( * ) SI_UNIT ( .MILLI., .METRE. ) );
#2397 = CARTESIAN_POINT ( 'NONE',  ( -0.2899999999999999800, 0.5600000000000000533, -0.7740119375089351550 ) ) ;
#2396 = DIRECTION ( 'NONE',  ( 1.000000000000000000, 0.000000000000000000, 0.000000000000000000 ) ) ;
#2398 = CIRCLE ( 'NONE', #11848, 0.02901193750893746315 ) ;
#2399 = ORIENTED_EDGE ( 'NONE', *, *, #10961, .F. ) ;
#2400 = DIRECTION ( 'NONE',  ( -1.084202172485501594E-14, 0.000000000000000000, 1.000000000000000000 ) ) ;
#2401 = ORIENTED_EDGE ( 'NONE', *, *, #144, .T. ) ;
#2402 = MECHANICAL_DESIGN_GEOMETRIC_PRESENTATION_REPRESENTATION (  '', ( #12059 ), #4591 ) ;
#2403 = FACE_OUTER_BOUND ( 'NONE', #8714, .T. ) ;
#2404 =( NAMED_UNIT ( * ) PLANE_ANGLE_UNIT ( ) SI_UNIT ( $, .RADIAN. ) );
#2405 = MECHANICAL_DESIGN_GEOMETRIC_PRESENTATION_REPRESENTATION (  '', ( #6617 ), #7795 ) ;
#2406 = LINE ( 'NONE', #7370, #2143 ) ;
#2407 = CARTESIAN_POINT ( 'NONE',  ( -0.3874999999999994005, 0.4750000000000000333, -1.000000000000000000 ) ) ;
#2408 = DIRECTION ( 'NONE',  ( 0.000000000000000000, -1.000000000000000000, 0.000000000000000000 ) ) ;
#2409 = DIRECTION ( 'NONE',  ( -3.722798880116137554E-15, 0.000000000000000000, 1.000000000000000000 ) ) ;
#2410 = CIRCLE ( 'NONE', #7634, 0.01999999999999999695 ) ;
#2411 = AXIS2_PLACEMENT_3D ( 'NONE', #11366, #2722, #3847 ) ;
#2412 = CARTESIAN_POINT ( 'NONE',  ( -0.7740119375089350440, 0.5600000000000000533, 0.5940119375089355502 ) ) ;
#2413 = DIRECTION ( 'NONE',  ( 0.000000000000000000, -1.000000000000000000, 0.000000000000000000 ) ) ;
#2414 = DIRECTION ( 'NONE',  ( 0.000000000000000000, 0.000000000000000000, -1.000000000000000000 ) ) ;
#2415 = LINE ( 'NONE', #3226, #8533 ) ;
#2416 = SURFACE_SIDE_STYLE ('',( #3606 ) ) ;
#2417 = EDGE_CURVE ( 'NONE', #7665, #7335, #10966, .T. ) ;
#2418 = CARTESIAN_POINT ( 'NONE',  ( 0.4809880624910631841, 0.5600000000000000533, -0.9349999999999966116 ) ) ;
#2419 = ADVANCED_FACE ( 'NONE', ( #1199 ), #6206, .T. ) ;
#2420 = CARTESIAN_POINT ( 'NONE',  ( -0.9159880624910600178, 0.5600000000000000533, -0.7749999999999992450 ) ) ;
#2421 = CARTESIAN_POINT ( 'NONE',  ( 0.08098806249106281496, 0.5600000000000000533, 0.7740119375089372644 ) ) ;
#2422 = ORIENTED_EDGE ( 'NONE', *, *, #1717, .T. ) ;
#2423 = LINE ( 'NONE', #11077, #1978 ) ;
#2424 = DIRECTION ( 'NONE',  ( -0.000000000000000000, -1.000000000000000000, -0.000000000000000000 ) ) ;
#2425 = CARTESIAN_POINT ( 'NONE',  ( 0.08098806249106277333, 0.5700000000000000622, 0.9159880624910624602 ) ) ;
#2426 = ORIENTED_EDGE ( 'NONE', *, *, #10372, .T. ) ;
#2427 = PRESENTATION_STYLE_ASSIGNMENT (( #2676 ) ) ;
#2428 = SURFACE_SIDE_STYLE ('',( #1427 ) ) ;
#2429 = ORIENTED_EDGE ( 'NONE', *, *, #1229, .T. ) ;
#2430 = CYLINDRICAL_SURFACE ( 'NONE', #6405, 0.01901193750893743692 ) ;
#2431 = ADVANCED_FACE ( 'NONE', ( #8311 ), #3638, .T. ) ;
#2432 = SURFACE_SIDE_STYLE ('',( #4304 ) ) ;
#2433 = DIRECTION ( 'NONE',  ( -1.000000000000000000, 0.000000000000000000, -7.636510523315148333E-15 ) ) ;
#2434 = AXIS2_PLACEMENT_3D ( 'NONE', #4918, #10818, #11130 ) ;
#2435 = FILL_AREA_STYLE_COLOUR ( '', #4847 ) ;
#2436 = DIRECTION ( 'NONE',  ( 7.636510523315148333E-15, -0.000000000000000000, 1.000000000000000000 ) ) ;
#2437 = CARTESIAN_POINT ( 'NONE',  ( 0.3000000000000004885, 0.5600000000000000533, -0.9159880624910602398 ) ) ;
#2438 = CARTESIAN_POINT ( 'NONE',  ( -0.5100000000000000089, 0.5500000000000000444, -0.9159880624910591296 ) ) ;
#2439 = ORIENTED_EDGE ( 'NONE', *, *, #8243, .T. ) ;
#2440 = EDGE_LOOP ( 'NONE', ( #6111, #4242, #23, #1029 ) ) ;
#2441 = VECTOR ( 'NONE', #2715, 1000.000000000000000 ) ;
#2442 = VERTEX_POINT ( 'NONE', #12163 ) ;
#2443 = ORIENTED_EDGE ( 'NONE', *, *, #6609, .T. ) ;
#2444 = CARTESIAN_POINT ( 'NONE',  ( -0.4800000000000000377, 0.5700000000000000622, -0.5000000000000002220 ) ) ;
#2445 = ADVANCED_FACE ( 'NONE', ( #10128 ), #6585, .F. ) ;
#2446 = SURFACE_STYLE_FILL_AREA ( #7356 ) ;
#2447 = STYLED_ITEM ( 'NONE', ( #405 ), #2154 ) ;
#2448 = FACE_OUTER_BOUND ( 'NONE', #11262, .T. ) ;
#2449 = ORIENTED_EDGE ( 'NONE', *, *, #6637, .F. ) ;
#2450 = AXIS2_PLACEMENT_3D ( 'NONE', #2136, #281, #1216 ) ;
#2451 =( GEOMETRIC_REPRESENTATION_CONTEXT ( 3 ) GLOBAL_UNCERTAINTY_ASSIGNED_CONTEXT ( ( #9773 ) ) GLOBAL_UNIT_ASSIGNED_CONTEXT ( ( #4322, #2191, #5062 ) ) REPRESENTATION_CONTEXT ( 'NONE', 'WORKASPACE' ) );
#2452 = MECHANICAL_DESIGN_GEOMETRIC_PRESENTATION_REPRESENTATION (  '', ( #11710 ), #9393 ) ;
#2453 = ORIENTED_EDGE ( 'NONE', *, *, #5578, .F. ) ;
#2454 = ORIENTED_EDGE ( 'NONE', *, *, #9528, .F. ) ;
#2455 = PRESENTATION_LAYER_ASSIGNMENT (  '', '', ( #2649 ) ) ;
#2456 = LINE ( 'NONE', #10074, #3257 ) ;
#2457 = CARTESIAN_POINT ( 'NONE',  ( -0.08098806249106234312, 0.5700000000000000622, -0.7740119375089372644 ) ) ;
#2458 = CARTESIAN_POINT ( 'NONE',  ( -0.5100000000000000089, 0.5500000000000000444, -0.9159880624910591296 ) ) ;
#2459 = AXIS2_PLACEMENT_3D ( 'NONE', #10707, #6918, #4130 ) ;
#2460 = ORIENTED_EDGE ( 'NONE', *, *, #11232, .T. ) ;
#2461 = FILL_AREA_STYLE ('',( #6475 ) ) ;
#2462 = UNCERTAINTY_MEASURE_WITH_UNIT (LENGTH_MEASURE( 1.000000000000000082E-05 ), #3136, 'distance_accuracy_value', 'NONE');
#2463 = ORIENTED_EDGE ( 'NONE', *, *, #11677, .T. ) ;
#2464 = FILL_AREA_STYLE_COLOUR ( '', #1970 ) ;
#2465 = MECHANICAL_DESIGN_GEOMETRIC_PRESENTATION_REPRESENTATION (  '', ( #1472 ), #2251 ) ;
#2466 = FILL_AREA_STYLE_COLOUR ( '', #9574 ) ;
#2467 = STYLED_ITEM ( 'NONE', ( #11305 ), #3344 ) ;
#2468 = CARTESIAN_POINT ( 'NONE',  ( 0.4809880624910631841, 0.5700000000000000622, -0.9349999999999966116 ) ) ;
#2469 = VECTOR ( 'NONE', #9744, 1000.000000000000000 ) ;
#2470 = FACE_OUTER_BOUND ( 'NONE', #7221, .T. ) ;
#2471 =( GEOMETRIC_REPRESENTATION_CONTEXT ( 3 ) GLOBAL_UNCERTAINTY_ASSIGNED_CONTEXT ( ( #588 ) ) GLOBAL_UNIT_ASSIGNED_CONTEXT ( ( #8322, #4503, #1636 ) ) REPRESENTATION_CONTEXT ( 'NONE', 'WORKASPACE' ) );
#2472 = PLANE ( 'NONE',  #5419 ) ;
#2473 = EDGE_CURVE ( 'NONE', #5040, #4507, #12222, .T. ) ;
#2474 =( NAMED_UNIT ( * ) PLANE_ANGLE_UNIT ( ) SI_UNIT ( $, .RADIAN. ) );
#2475 = UNCERTAINTY_MEASURE_WITH_UNIT (LENGTH_MEASURE( 1.000000000000000082E-05 ), #7923, 'distance_accuracy_value', 'NONE');
#2476 = CIRCLE ( 'NONE', #6694, 0.01901193750893906409 ) ;
#2477 = DIRECTION ( 'NONE',  ( -1.000000000000000000, 0.000000000000000000, -7.636510523315148333E-15 ) ) ;
#2478 = MECHANICAL_DESIGN_GEOMETRIC_PRESENTATION_REPRESENTATION (  '', ( #1870 ), #5660 ) ;
#2479 = CARTESIAN_POINT ( 'NONE',  ( 0.7740119375089375975, 0.5500000000000000444, -0.1149999999999981315 ) ) ;
#2480 = FILL_AREA_STYLE ('',( #11131 ) ) ;
#2481 =( GEOMETRIC_REPRESENTATION_CONTEXT ( 3 ) GLOBAL_UNCERTAINTY_ASSIGNED_CONTEXT ( ( #8149 ) ) GLOBAL_UNIT_ASSIGNED_CONTEXT ( ( #9485, #3797, #8668 ) ) REPRESENTATION_CONTEXT ( 'NONE', 'WORKASPACE' ) );
#2482 = LINE ( 'NONE', #9293, #10945 ) ;
#2483 = ORIENTED_EDGE ( 'NONE', *, *, #6875, .T. ) ;
#2484 = EDGE_CURVE ( 'NONE', #7085, #9801, #5300, .T. ) ;
#2485 = CARTESIAN_POINT ( 'NONE',  ( -0.5100000000000000089, 0.5500000000000000444, -0.7740119375089341558 ) ) ;
#2486 = VERTEX_POINT ( 'NONE', #7243 ) ;
#2487 = CARTESIAN_POINT ( 'NONE',  ( -0.7449999999999976641, 0.5500000000000000444, 0.7559880624910606528 ) ) ;
#2488 = UNCERTAINTY_MEASURE_WITH_UNIT (LENGTH_MEASURE( 1.000000000000000082E-05 ), #9654, 'distance_accuracy_value', 'NONE');
#2489 = DIRECTION ( 'NONE',  ( 5.421010862427508759E-15, 0.000000000000000000, -1.000000000000000000 ) ) ;
#2490 = VERTEX_POINT ( 'NONE', #2444 ) ;
#2491 = DIRECTION ( 'NONE',  ( -1.000000000000000000, 0.000000000000000000, 7.636510523315148333E-15 ) ) ;
#2492 = CIRCLE ( 'NONE', #9542, 0.02901193750893730008 ) ;
#2493 = SURFACE_SIDE_STYLE ('',( #9982 ) ) ;
#2494 = DIRECTION ( 'NONE',  ( 0.000000000000000000, 0.000000000000000000, -1.000000000000000000 ) ) ;
#2495 = EDGE_CURVE ( 'NONE', #11711, #11518, #4376, .T. ) ;
#2496 = FILL_AREA_STYLE_COLOUR ( '', #7765 ) ;
#2497 = PRESENTATION_STYLE_ASSIGNMENT (( #2555 ) ) ;
#2498 = CARTESIAN_POINT ( 'NONE',  ( -0.9349999999999976108, 0.5700000000000000622, -0.7559880624910617630 ) ) ;
#2499 = EDGE_CURVE ( 'NONE', #9079, #124, #1809, .T. ) ;
#2500 = VECTOR ( 'NONE', #3841, 1000.000000000000000 ) ;
#2501 = SURFACE_SIDE_STYLE ('',( #7349 ) ) ;
#2502 = ORIENTED_EDGE ( 'NONE', *, *, #1093, .F. ) ;
#2503 = ORIENTED_EDGE ( 'NONE', *, *, #2189, .F. ) ;
#2504 = ORIENTED_EDGE ( 'NONE', *, *, #10585, .T. ) ;
#2505 = EDGE_LOOP ( 'NONE', ( #1265, #4375, #7546, #9125 ) ) ;
#2506 = SURFACE_STYLE_FILL_AREA ( #11275 ) ;
#2507 = CIRCLE ( 'NONE', #3104, 0.02901193750893746315 ) ;
#2508 = CARTESIAN_POINT ( 'NONE',  ( 0.4809880624910631841, 0.5600000000000000533, 0.9349999999999966116 ) ) ;
#2509 = ORIENTED_EDGE ( 'NONE', *, *, #5843, .T. ) ;
#2510 = VERTEX_POINT ( 'NONE', #9617 ) ;
#2511 = SURFACE_STYLE_USAGE ( .BOTH. , #11163 ) ;
#2512 = SURFACE_STYLE_FILL_AREA ( #3395 ) ;
#2513 = TOROIDAL_SURFACE ( 'NONE', #11183, 0.02901193750893743539, 0.01000000000000000021 ) ;
#2514 = VERTEX_POINT ( 'NONE', #1877 ) ;
#2515 = SURFACE_STYLE_USAGE ( .BOTH. , #12097 ) ;
#2516 = FILL_AREA_STYLE ('',( #11350 ) ) ;
#2517 = PLANE ( 'NONE',  #6529 ) ;
#2518 = ADVANCED_FACE ( 'NONE', ( #6645 ), #581, .F. ) ;
#2519 =( NAMED_UNIT ( * ) PLANE_ANGLE_UNIT ( ) SI_UNIT ( $, .RADIAN. ) );
#2521 = DIRECTION ( 'NONE',  ( 0.000000000000000000, 0.000000000000000000, -1.000000000000000000 ) ) ;
#2520 = COLOUR_RGB ( '',0.6666666666666666297, 0.6980392156862744724, 0.7686274509803920907 ) ;
#2522 =( GEOMETRIC_REPRESENTATION_CONTEXT ( 3 ) GLOBAL_UNCERTAINTY_ASSIGNED_CONTEXT ( ( #11084 ) ) GLOBAL_UNIT_ASSIGNED_CONTEXT ( ( #9668, #11620, #6755 ) ) REPRESENTATION_CONTEXT ( 'NONE', 'WORKASPACE' ) );
#2523 = SURFACE_SIDE_STYLE ('',( #9340 ) ) ;
#2524 = ORIENTED_EDGE ( 'NONE', *, *, #131, .T. ) ;
#2525 = SURFACE_SIDE_STYLE ('',( #11229 ) ) ;
#2526 =( GEOMETRIC_REPRESENTATION_CONTEXT ( 3 ) GLOBAL_UNCERTAINTY_ASSIGNED_CONTEXT ( ( #366 ) ) GLOBAL_UNIT_ASSIGNED_CONTEXT ( ( #9822, #10890, #2125 ) ) REPRESENTATION_CONTEXT ( 'NONE', 'WORKASPACE' ) );
#2527 = PLANE ( 'NONE',  #4432 ) ;
#2528 =( NAMED_UNIT ( * ) SI_UNIT ( $, .STERADIAN. ) SOLID_ANGLE_UNIT ( ) );
#2529 = EDGE_CURVE ( 'NONE', #3513, #11042, #3932, .T. ) ;
#2530 = CARTESIAN_POINT ( 'NONE',  ( -0.9349999999999976108, 0.5700000000000000622, 0.5940119375089366605 ) ) ;
#2531 =( LENGTH_UNIT ( ) NAMED_UNIT ( * ) SI_UNIT ( .MILLI., .METRE. ) );
#2532 =( GEOMETRIC_REPRESENTATION_CONTEXT ( 3 ) GLOBAL_UNCERTAINTY_ASSIGNED_CONTEXT ( ( #2227 ) ) GLOBAL_UNIT_ASSIGNED_CONTEXT ( ( #3324, #11099, #9325 ) ) REPRESENTATION_CONTEXT ( 'NONE', 'WORKASPACE' ) );
#2533 = CYLINDRICAL_SURFACE ( 'NONE', #1919, 0.01000000000000002623 ) ;
#2534 = DIRECTION ( 'NONE',  ( 0.000000000000000000, -1.000000000000000000, 0.000000000000000000 ) ) ;
#2535 = ADVANCED_FACE ( 'NONE', ( #9451 ), #825, .F. ) ;
#2536 = SURFACE_STYLE_FILL_AREA ( #7523 ) ;
#2538 = CARTESIAN_POINT ( 'NONE',  ( 0.7549999999999997824, 0.5600000000000000533, -0.1440119375089355114 ) ) ;
#2537 = COLOUR_RGB ( '',0.6666666666666666297, 0.6980392156862744724, 0.7686274509803920907 ) ;
#2539 = ORIENTED_EDGE ( 'NONE', *, *, #8469, .F. ) ;
#2540 = SURFACE_SIDE_STYLE ('',( #12199 ) ) ;
#2541 = SURFACE_SIDE_STYLE ('',( #3493 ) ) ;
#2542 = VECTOR ( 'NONE', #194, 1000.000000000000000 ) ;
#2543 = CYLINDRICAL_SURFACE ( 'NONE', #1764, 0.01000000000000002623 ) ;
#2544 = ORIENTED_EDGE ( 'NONE', *, *, #5230, .T. ) ;
#2545 = CYLINDRICAL_SURFACE ( 'NONE', #10474, 0.01901193750893570220 ) ;
#2546 = LINE ( 'NONE', #10050, #8076 ) ;
#2547 = FILL_AREA_STYLE_COLOUR ( '', #6177 ) ;
#2548 = MECHANICAL_DESIGN_GEOMETRIC_PRESENTATION_REPRESENTATION (  '', ( #11801 ), #6556 ) ;
#2549 = ORIENTED_EDGE ( 'NONE', *, *, #9474, .F. ) ;
#2550 = SURFACE_STYLE_FILL_AREA ( #1496 ) ;
#2551 = EDGE_CURVE ( 'NONE', #117, #318, #10828, .T. ) ;
#2552 = AXIS2_PLACEMENT_3D ( 'NONE', #10312, #10247, #6519 ) ;
#2553 = CARTESIAN_POINT ( 'NONE',  ( 0.7740119375089357101, 0.5500000000000000444, -0.5649999999999981704 ) ) ;
#2554 =( GEOMETRIC_REPRESENTATION_CONTEXT ( 3 ) GLOBAL_UNCERTAINTY_ASSIGNED_CONTEXT ( ( #4114 ) ) GLOBAL_UNIT_ASSIGNED_CONTEXT ( ( #12309, #524, #11175 ) ) REPRESENTATION_CONTEXT ( 'NONE', 'WORKASPACE' ) );
#2555 = SURFACE_STYLE_USAGE ( .BOTH. , #10120 ) ;
#2556 = DIRECTION ( 'NONE',  ( 1.000000000000000000, -1.084202172485501752E-14, -1.084202172485501752E-14 ) ) ;
#2557 = DIRECTION ( 'NONE',  ( 0.000000000000000000, 2.710505431213754380E-15, -1.000000000000000000 ) ) ;
#2558 = EDGE_LOOP ( 'NONE', ( #8834, #4882, #6273, #573, #4323, #402, #11536, #3899 ) ) ;
#2559 = AXIS2_PLACEMENT_3D ( 'NONE', #530, #5325, #9279 ) ;
#2560 = EDGE_LOOP ( 'NONE', ( #5155, #11510, #4159, #9016 ) ) ;
#2561 = ORIENTED_EDGE ( 'NONE', *, *, #4730, .T. ) ;
#2562 = EDGE_LOOP ( 'NONE', ( #10893, #1559, #1320, #1914 ) ) ;
#2563 = PRESENTATION_LAYER_ASSIGNMENT (  '', '', ( #12441 ) ) ;
#2564 = DIRECTION ( 'NONE',  ( -0.000000000000000000, -1.000000000000000000, -0.000000000000000000 ) ) ;
#2565 = AXIS2_PLACEMENT_3D ( 'NONE', #6296, #3593, #718 ) ;
#2566 = EDGE_CURVE ( 'NONE', #4529, #6148, #2061, .T. ) ;
#2567 = MECHANICAL_DESIGN_GEOMETRIC_PRESENTATION_REPRESENTATION (  '', ( #12436 ), #775 ) ;
#2568 = EDGE_CURVE ( 'NONE', #7050, #394, #1586, .T. ) ;
#2569 = DIRECTION ( 'NONE',  ( -5.421010862427507971E-15, 0.000000000000000000, -1.000000000000000000 ) ) ;
#2570 = VERTEX_POINT ( 'NONE', #4863 ) ;
#2571 = VERTEX_POINT ( 'NONE', #6838 ) ;
#2572 = CARTESIAN_POINT ( 'NONE',  ( 0.4809880624910630176, 0.5700000000000000622, 0.9159880624910591296 ) ) ;
#2573 = ORIENTED_EDGE ( 'NONE', *, *, #660, .F. ) ;
#2574 = DIRECTION ( 'NONE',  ( -5.421010862427508759E-15, 2.710505431213754380E-15, -1.000000000000000000 ) ) ;
#2575 = EDGE_LOOP ( 'NONE', ( #4907, #4395, #7310, #6464 ) ) ;
#2576 = SURFACE_STYLE_USAGE ( .BOTH. , #10393 ) ;
#2577 = AXIS2_PLACEMENT_3D ( 'NONE', #6181, #6245, #5280 ) ;
#2578 = CARTESIAN_POINT ( 'NONE',  ( 0.7449999999999979972, 0.5600000000000000533, 0.5940119375089355502 ) ) ;
#2579 =( GEOMETRIC_REPRESENTATION_CONTEXT ( 3 ) GLOBAL_UNCERTAINTY_ASSIGNED_CONTEXT ( ( #8284 ) ) GLOBAL_UNIT_ASSIGNED_CONTEXT ( ( #4602, #12338, #7533 ) ) REPRESENTATION_CONTEXT ( 'NONE', 'WORKASPACE' ) );
#2580 = FILL_AREA_STYLE_COLOUR ( '', #375 ) ;
#2581 = CARTESIAN_POINT ( 'NONE',  ( 0.7740119375089367093, 0.5600000000000000533, -0.3249999999999981237 ) ) ;
#2582 = UNCERTAINTY_MEASURE_WITH_UNIT (LENGTH_MEASURE( 1.000000000000000082E-05 ), #3154, 'distance_accuracy_value', 'NONE');
#2583 = EDGE_LOOP ( 'NONE', ( #1439, #4498, #3177, #2144 ) ) ;
#2584 = DIRECTION ( 'NONE',  ( -0.000000000000000000, -1.000000000000000000, -0.000000000000000000 ) ) ;
#2585 = DIRECTION ( 'NONE',  ( 0.000000000000000000, 0.000000000000000000, -1.000000000000000000 ) ) ;
#2586 = EDGE_CURVE ( 'NONE', #9298, #2570, #9631, .T. ) ;
#2587 = AXIS2_PLACEMENT_3D ( 'NONE', #8669, #11431, #6749 ) ;
#2588 = ADVANCED_FACE ( 'NONE', ( #24 ), #2814, .T. ) ;
#2589 = CARTESIAN_POINT ( 'NONE',  ( 0.3190119375089379150, 0.5600000000000000533, -0.7740119375089351550 ) ) ;
#2590 = VECTOR ( 'NONE', #11814, 1000.000000000000000 ) ;
#2591 = DIRECTION ( 'NONE',  ( 1.000000000000000000, 0.000000000000000000, 6.693592482257194052E-15 ) ) ;
#2592 = FILL_AREA_STYLE ('',( #6358 ) ) ;
#2593 = VECTOR ( 'NONE', #7541, 1000.000000000000000 ) ;
#2594 = SURFACE_SIDE_STYLE ('',( #4284 ) ) ;
#2595 = CARTESIAN_POINT ( 'NONE',  ( 0.4800000000000000377, 0.5600000000000000533, -0.3563859338365494844 ) ) ;
#2596 = DIRECTION ( 'NONE',  ( 0.000000000000000000, -1.000000000000000000, 0.000000000000000000 ) ) ;
#2597 = STYLED_ITEM ( 'NONE', ( #10882 ), #11126 ) ;
#2598 = FILL_AREA_STYLE ('',( #5468 ) ) ;
#2599 = UNCERTAINTY_MEASURE_WITH_UNIT (LENGTH_MEASURE( 1.000000000000000082E-05 ), #1498, 'distance_accuracy_value', 'NONE');
#2600 = PRESENTATION_LAYER_ASSIGNMENT (  '', '', ( #10654 ) ) ;
#2601 = CARTESIAN_POINT ( 'NONE',  ( -0.9159880624910613500, 0.5600000000000000533, -0.3249999999999991784 ) ) ;
#2602 = FILL_AREA_STYLE ('',( #672 ) ) ;
#2603 = EDGE_CURVE ( 'NONE', #11468, #3826, #7961, .T. ) ;
#2604 = STYLED_ITEM ( 'NONE', ( #3508 ), #12048 ) ;
#2605 = VECTOR ( 'NONE', #4699, 1000.000000000000000 ) ;
#2606 = LINE ( 'NONE', #12257, #10644 ) ;
#2607 = ORIENTED_EDGE ( 'NONE', *, *, #6569, .F. ) ;
#2608 = PRESENTATION_STYLE_ASSIGNMENT (( #5602 ) ) ;
#2609 = CARTESIAN_POINT ( 'NONE',  ( 0.4809880624910630176, 0.5600000000000000533, -0.9159880624910591296 ) ) ;
#2610 = ORIENTED_EDGE ( 'NONE', *, *, #4212, .T. ) ;
#2611 = DIRECTION ( 'NONE',  ( 1.000000000000000000, 0.000000000000000000, 1.084202172485501594E-14 ) ) ;
#2612 =( LENGTH_UNIT ( ) NAMED_UNIT ( * ) SI_UNIT ( .MILLI., .METRE. ) );
#2613 = ORIENTED_EDGE ( 'NONE', *, *, #11491, .F. ) ;
#2614 = CARTESIAN_POINT ( 'NONE',  ( -0.3190119375089375819, 0.5700000000000000622, 0.9349999999999977218 ) ) ;
#2615 = FILL_AREA_STYLE ('',( #11260 ) ) ;
#2616 = DIRECTION ( 'NONE',  ( 1.000000000000000000, -0.000000000000000000, 0.000000000000000000 ) ) ;
#2617 = ORIENTED_EDGE ( 'NONE', *, *, #12188, .F. ) ;
#2618 = LINE ( 'NONE', #694, #7415 ) ;
#2619 = PRESENTATION_STYLE_ASSIGNMENT (( #103 ) ) ;
#2620 =( LENGTH_UNIT ( ) NAMED_UNIT ( * ) SI_UNIT ( .MILLI., .METRE. ) );
#2621 =( NAMED_UNIT ( * ) PLANE_ANGLE_UNIT ( ) SI_UNIT ( $, .RADIAN. ) );
#2622 = CARTESIAN_POINT ( 'NONE',  ( 0.9159880624910626823, 0.5500000000000000444, 0.1149999999999990752 ) ) ;
#2623 =( NAMED_UNIT ( * ) SI_UNIT ( $, .STERADIAN. ) SOLID_ANGLE_UNIT ( ) );
#2624 = DIRECTION ( 'NONE',  ( -0.000000000000000000, 1.000000000000000000, -0.000000000000000000 ) ) ;
#2625 = ORIENTED_EDGE ( 'NONE', *, *, #585, .F. ) ;
#2626 = EDGE_CURVE ( 'NONE', #2165, #9239, #371, .T. ) ;
#2627 = ORIENTED_EDGE ( 'NONE', *, *, #4590, .F. ) ;
#2628 = PRESENTATION_STYLE_ASSIGNMENT (( #2375 ) ) ;
#2629 = ORIENTED_EDGE ( 'NONE', *, *, #12308, .T. ) ;
#2630 = ORIENTED_EDGE ( 'NONE', *, *, #9940, .F. ) ;
#2631 =( GEOMETRIC_REPRESENTATION_CONTEXT ( 3 ) GLOBAL_UNCERTAINTY_ASSIGNED_CONTEXT ( ( #9143 ) ) GLOBAL_UNIT_ASSIGNED_CONTEXT ( ( #6558, #6505, #4884 ) ) REPRESENTATION_CONTEXT ( 'NONE', 'WORKASPACE' ) );
#2632 = DIRECTION ( 'NONE',  ( -0.000000000000000000, -1.000000000000000000, -0.000000000000000000 ) ) ;
#2633 =( GEOMETRIC_REPRESENTATION_CONTEXT ( 3 ) GLOBAL_UNCERTAINTY_ASSIGNED_CONTEXT ( ( #1595 ) ) GLOBAL_UNIT_ASSIGNED_CONTEXT ( ( #9733, #5916, #8796 ) ) REPRESENTATION_CONTEXT ( 'NONE', 'WORKASPACE' ) );
#2634 = ORIENTED_EDGE ( 'NONE', *, *, #9461, .T. ) ;
#2635 = ORIENTED_EDGE ( 'NONE', *, *, #3873, .F. ) ;
#2636 = DIRECTION ( 'NONE',  ( 0.000000000000000000, -0.000000000000000000, -1.000000000000000000 ) ) ;
#2637 = VERTEX_POINT ( 'NONE', #6001 ) ;
#2638 =( NAMED_UNIT ( * ) SI_UNIT ( $, .STERADIAN. ) SOLID_ANGLE_UNIT ( ) );
#2639 = SURFACE_STYLE_USAGE ( .BOTH. , #1697 ) ;
#2640 = FACE_OUTER_BOUND ( 'NONE', #9058, .T. ) ;
#2641 = CIRCLE ( 'NONE', #9487, 0.01901193750893884551 ) ;
#2642 = AXIS2_PLACEMENT_3D ( 'NONE', #9909, #4222, #5909 ) ;
#2643 = EDGE_CURVE ( 'NONE', #8873, #9410, #1359, .T. ) ;
#2644 = DIRECTION ( 'NONE',  ( -1.000000000000000000, 0.000000000000000000, -7.636510523315142022E-15 ) ) ;
#2645 = ORIENTED_EDGE ( 'NONE', *, *, #2654, .F. ) ;
#2646 = LINE ( 'NONE', #3533, #166 ) ;
#2647 = PRESENTATION_LAYER_ASSIGNMENT (  '', '', ( #2845 ) ) ;
#2648 = AXIS2_PLACEMENT_3D ( 'NONE', #10657, #10838, #2080 ) ;
#2649 = STYLED_ITEM ( 'NONE', ( #4849 ), #3289 ) ;
#2650 = CARTESIAN_POINT ( 'NONE',  ( -0.4809880624910625180, 0.5600000000000000533, 0.7449999999999966649 ) ) ;
#2651 = SURFACE_STYLE_USAGE ( .BOTH. , #8719 ) ;
#2652 = CIRCLE ( 'NONE', #11507, 0.01901193750893743692 ) ;
#2653 = CYLINDRICAL_SURFACE ( 'NONE', #3356, 0.01901193750893743692 ) ;
#2654 = EDGE_CURVE ( 'NONE', #5305, #2571, #10876, .T. ) ;
#2655 =( LENGTH_UNIT ( ) NAMED_UNIT ( * ) SI_UNIT ( .MILLI., .METRE. ) );
#2656 = ADVANCED_FACE ( 'NONE', ( #431 ), #4983, .T. ) ;
#2657 = DIRECTION ( 'NONE',  ( -0.000000000000000000, -1.000000000000000000, -0.000000000000000000 ) ) ;
#2658 = VECTOR ( 'NONE', #4204, 1000.000000000000000 ) ;
#2659 = CIRCLE ( 'NONE', #8910, 0.01901193750893743692 ) ;
#2660 = STYLED_ITEM ( 'NONE', ( #7042 ), #1667 ) ;
#2661 = DIRECTION ( 'NONE',  ( 0.000000000000000000, 0.000000000000000000, -1.000000000000000000 ) ) ;
#2662 = EDGE_LOOP ( 'NONE', ( #1851, #492, #8215, #9303 ) ) ;
#2663 = STYLED_ITEM ( 'NONE', ( #8792 ), #1130 ) ;
#2664 = PRESENTATION_LAYER_ASSIGNMENT (  '', '', ( #8301 ) ) ;
#2665 = CARTESIAN_POINT ( 'NONE',  ( 0.08098806249106277333, 0.5500000000000000444, 0.9159880624910624602 ) ) ;
#2666 =( LENGTH_UNIT ( ) NAMED_UNIT ( * ) SI_UNIT ( .MILLI., .METRE. ) );
#2667 = VECTOR ( 'NONE', #2033, 1000.000000000000000 ) ;
#2668 = PRESENTATION_STYLE_ASSIGNMENT (( #5006 ) ) ;
#2669 = EDGE_LOOP ( 'NONE', ( #8277, #12198, #12027, #10948 ) ) ;
#2670 = CARTESIAN_POINT ( 'NONE',  ( 0.1099999999999968225, 0.5500000000000000444, -0.9159880624910633484 ) ) ;
#2671 = VECTOR ( 'NONE', #5099, 1000.000000000000000 ) ;
#2672 = CARTESIAN_POINT ( 'NONE',  ( -0.7740119375089350440, 0.5700000000000000622, -0.7559880624910606528 ) ) ;
#2673 = EDGE_CURVE ( 'NONE', #6919, #7163, #6062, .T. ) ;
#2674 = COLOUR_RGB ( '',0.6666666666666666297, 0.6980392156862744724, 0.7686274509803920907 ) ;
#2675 = DIRECTION ( 'NONE',  ( 1.000000000000000000, 0.000000000000000000, 0.000000000000000000 ) ) ;
#2676 = SURFACE_STYLE_USAGE ( .BOTH. , #3364 ) ;
#2677 = CARTESIAN_POINT ( 'NONE',  ( -0.7740119375089369314, 0.5700000000000000622, 0.1249999999999981820 ) ) ;
#2678 = CIRCLE ( 'NONE', #9727, 0.01901193750893743692 ) ;
#2679 = ORIENTED_EDGE ( 'NONE', *, *, #1897, .T. ) ;
#2680 = CARTESIAN_POINT ( 'NONE',  ( 0.9349999999999997202, 0.5600000000000000533, -0.1440119375089366494 ) ) ;
#2681 = FILL_AREA_STYLE_COLOUR ( '', #4964 ) ;
#2682 = AXIS2_PLACEMENT_3D ( 'NONE', #3190, #7037, #379 ) ;
#2683 = CARTESIAN_POINT ( 'NONE',  ( -0.3000000000000000444, 0.5600000000000000533, 0.9159880624910602398 ) ) ;
#2684 = SURFACE_STYLE_FILL_AREA ( #11209 ) ;
#2685 = DIRECTION ( 'NONE',  ( -1.000000000000000000, 0.000000000000000000, -7.636510523315142022E-15 ) ) ;
#2686 = ORIENTED_EDGE ( 'NONE', *, *, #2348, .F. ) ;
#2687 = PRESENTATION_STYLE_ASSIGNMENT (( #4609 ) ) ;
#2688 = ORIENTED_EDGE ( 'NONE', *, *, #437, .T. ) ;
#2689 = PRESENTATION_STYLE_ASSIGNMENT (( #2323 ) ) ;
#2690 = STYLED_ITEM ( 'NONE', ( #10871 ), #7420 ) ;
#2691 = VERTEX_POINT ( 'NONE', #6907 ) ;
#2692 = LINE ( 'NONE', #6642, #6064 ) ;
#2693 = ORIENTED_EDGE ( 'NONE', *, *, #3495, .T. ) ;
#2694 = VERTEX_POINT ( 'NONE', #4243 ) ;
#2695 =( LENGTH_UNIT ( ) NAMED_UNIT ( * ) SI_UNIT ( .MILLI., .METRE. ) );
#2696 = DIRECTION ( 'NONE',  ( 0.000000000000000000, -1.000000000000000000, 0.000000000000000000 ) ) ;
#2697 = ADVANCED_FACE ( 'NONE', ( #3245 ), #6119, .T. ) ;
#2698 = ORIENTED_EDGE ( 'NONE', *, *, #7127, .F. ) ;
#2699 = ORIENTED_EDGE ( 'NONE', *, *, #12322, .T. ) ;
#2700 = VECTOR ( 'NONE', #8860, 1000.000000000000000 ) ;
#2701 = FACE_BOUND ( 'NONE', #4744, .T. ) ;
#2702 = EDGE_LOOP ( 'NONE', ( #2634, #9945, #385, #7601 ) ) ;
#2703 = LINE ( 'NONE', #4624, #1947 ) ;
#2704 = CARTESIAN_POINT ( 'NONE',  ( -0.7740119375089351550, 0.5700000000000000622, -0.5749999999999981792 ) ) ;
#2705 = SURFACE_SIDE_STYLE ('',( #4563 ) ) ;
#2706 = CARTESIAN_POINT ( 'NONE',  ( -0.08098806249106234312, 0.5600000000000000533, 0.7549999999999982281 ) ) ;
#2707 = PLANE ( 'NONE',  #3051 ) ;
#2708 = ORIENTED_EDGE ( 'NONE', *, *, #8544, .F. ) ;
#2709 = DIRECTION ( 'NONE',  ( 0.000000000000000000, 0.000000000000000000, -1.000000000000000000 ) ) ;
#2710 = PRESENTATION_STYLE_ASSIGNMENT (( #8710 ) ) ;
#2711 = CARTESIAN_POINT ( 'NONE',  ( 0.4809880624910630176, 0.5600000000000000533, 0.7740119375089341558 ) ) ;
#2712 = EDGE_CURVE ( 'NONE', #4876, #5567, #2618, .T. ) ;
#2713 = CARTESIAN_POINT ( 'NONE',  ( 0.08098806249106281496, 0.5600000000000000533, -0.7740119375089372644 ) ) ;
#2714 = SURFACE_STYLE_USAGE ( .BOTH. , #11233 ) ;
#2715 = DIRECTION ( 'NONE',  ( 0.000000000000000000, 0.000000000000000000, 1.000000000000000000 ) ) ;
#2716 = VERTEX_POINT ( 'NONE', #3559 ) ;
#2717 =( NAMED_UNIT ( * ) PLANE_ANGLE_UNIT ( ) SI_UNIT ( $, .RADIAN. ) );
#2718 = SURFACE_SIDE_STYLE ('',( #5593 ) ) ;
#2719 = UNCERTAINTY_MEASURE_WITH_UNIT (LENGTH_MEASURE( 1.000000000000000082E-05 ), #8587, 'distance_accuracy_value', 'NONE');
#2720 = UNCERTAINTY_MEASURE_WITH_UNIT (LENGTH_MEASURE( 1.000000000000000082E-05 ), #11419, 'distance_accuracy_value', 'NONE');
#2721 = SURFACE_STYLE_FILL_AREA ( #9722 ) ;
#2722 = DIRECTION ( 'NONE',  ( 3.346796241128596237E-15, 0.000000000000000000, -1.000000000000000000 ) ) ;
#2723 =( GEOMETRIC_REPRESENTATION_CONTEXT ( 3 ) GLOBAL_UNCERTAINTY_ASSIGNED_CONTEXT ( ( #10811 ) ) GLOBAL_UNIT_ASSIGNED_CONTEXT ( ( #10342, #2404, #9344 ) ) REPRESENTATION_CONTEXT ( 'NONE', 'WORKASPACE' ) );
#2724 = EDGE_CURVE ( 'NONE', #1723, #6082, #3183, .T. ) ;
#2725 = ADVANCED_FACE ( 'NONE', ( #623 ), #7223, .F. ) ;
#2726 = CARTESIAN_POINT ( 'NONE',  ( 0.3190119375089379150, 0.5600000000000000533, 0.9159880624910602398 ) ) ;
#2727 = CARTESIAN_POINT ( 'NONE',  ( 0.7549999999999981171, 0.5600000000000000533, -0.5940119375089355502 ) ) ;
#2728 = VERTEX_POINT ( 'NONE', #745 ) ;
#2729 = DIRECTION ( 'NONE',  ( 0.000000000000000000, 0.000000000000000000, 1.000000000000000000 ) ) ;
#2730 = PRESENTATION_STYLE_ASSIGNMENT (( #5794 ) ) ;
#2731 = FILL_AREA_STYLE_COLOUR ( '', #11525 ) ;
#2732 = SURFACE_SIDE_STYLE ('',( #863 ) ) ;
#2733 = UNCERTAINTY_MEASURE_WITH_UNIT (LENGTH_MEASURE( 1.000000000000000082E-05 ), #7305, 'distance_accuracy_value', 'NONE');
#2734 = CARTESIAN_POINT ( 'NONE',  ( -0.5000000000000000000, 0.5600000000000000533, -0.9159880624910591296 ) ) ;
#2735 = VERTEX_POINT ( 'NONE', #8421 ) ;
#2736 = FILL_AREA_STYLE_COLOUR ( '', #5366 ) ;
#2737 = ADVANCED_FACE ( 'NONE', ( #5224 ), #2430, .T. ) ;
#2738 = STYLED_ITEM ( 'NONE', ( #2231 ), #8763 ) ;
#2739 = ADVANCED_FACE ( 'NONE', ( #1859 ), #10617, .F. ) ;
#2740 = CIRCLE ( 'NONE', #4915, 0.1000000000000001582 ) ;
#2741 = FILL_AREA_STYLE ('',( #929 ) ) ;
#2742 = PRESENTATION_STYLE_ASSIGNMENT (( #11386 ) ) ;
#2743 = LINE ( 'NONE', #12405, #11542 ) ;
#2744 = VERTEX_POINT ( 'NONE', #5733 ) ;
#2745 = LINE ( 'NONE', #3694, #2593 ) ;
#2746 = ORIENTED_EDGE ( 'NONE', *, *, #9275, .F. ) ;
#2747 = PRESENTATION_LAYER_ASSIGNMENT (  '', '', ( #5533 ) ) ;
#2748 = DIRECTION ( 'NONE',  ( 1.000000000000000000, 0.000000000000000000, -7.636510523315148333E-15 ) ) ;
#2749 = VERTEX_POINT ( 'NONE', #2680 ) ;
#2750 = AXIS2_PLACEMENT_3D ( 'NONE', #5200, #7137, #7005 ) ;
#2751 = ORIENTED_EDGE ( 'NONE', *, *, #5013, .F. ) ;
#2752 = SURFACE_STYLE_FILL_AREA ( #11395 ) ;
#2753 = SURFACE_STYLE_USAGE ( .BOTH. , #7486 ) ;
#2754 = DIRECTION ( 'NONE',  ( 0.000000000000000000, -1.000000000000000000, 0.000000000000000000 ) ) ;
#2755 = EDGE_CURVE ( 'NONE', #11723, #1606, #7226, .T. ) ;
#2756 = VERTEX_POINT ( 'NONE', #11440 ) ;
#2757 = VECTOR ( 'NONE', #7999, 1000.000000000000000 ) ;
#2758 = LINE ( 'NONE', #10575, #11239 ) ;
#2759 = ORIENTED_EDGE ( 'NONE', *, *, #3579, .T. ) ;
#2760 = STYLED_ITEM ( 'NONE', ( #9401 ), #4770 ) ;
#2761 = SURFACE_STYLE_FILL_AREA ( #2516 ) ;
#2762 = CARTESIAN_POINT ( 'NONE',  ( 0.4809880624910632951, 0.5600000000000000533, -0.9449999999999966205 ) ) ;
#2763 = SURFACE_STYLE_USAGE ( .BOTH. , #3650 ) ;
#2764 = CARTESIAN_POINT ( 'NONE',  ( -0.9449999999999988409, 0.5500000000000000444, -0.3059880624910618074 ) ) ;
#2765 = COLOUR_RGB ( '',0.6666666666666666297, 0.6980392156862744724, 0.7686274509803920907 ) ;
#2766 = AXIS2_PLACEMENT_3D ( 'NONE', #5113, #704, #3453 ) ;
#2767 = ORIENTED_EDGE ( 'NONE', *, *, #4875, .F. ) ;
#2768 = PRESENTATION_STYLE_ASSIGNMENT (( #9641 ) ) ;
#2769 =( NAMED_UNIT ( * ) PLANE_ANGLE_UNIT ( ) SI_UNIT ( $, .RADIAN. ) );
#2770 = DIRECTION ( 'NONE',  ( -1.000000000000000000, 0.000000000000000000, 7.636510523315148333E-15 ) ) ;
#2772 = DIRECTION ( 'NONE',  ( -0.000000000000000000, -1.000000000000000000, -0.000000000000000000 ) ) ;
#2771 =( LENGTH_UNIT ( ) NAMED_UNIT ( * ) SI_UNIT ( .MILLI., .METRE. ) );
#2773 = VECTOR ( 'NONE', #6970, 1000.000000000000000 ) ;
#2774 = SURFACE_STYLE_USAGE ( .BOTH. , #2718 ) ;
#2775 = EDGE_CURVE ( 'NONE', #7793, #10754, #4715, .T. ) ;
#2776 =( NAMED_UNIT ( * ) PLANE_ANGLE_UNIT ( ) SI_UNIT ( $, .RADIAN. ) );
#2777 = VECTOR ( 'NONE', #9417, 1000.000000000000000 ) ;
#2778 = PRESENTATION_LAYER_ASSIGNMENT (  '', '', ( #5363 ) ) ;
#2779 = TOROIDAL_SURFACE ( 'NONE', #6389, 0.02901193750893754295, 0.01000000000000000021 ) ;
#2780 = CARTESIAN_POINT ( 'NONE',  ( -0.9349999999999976108, 0.5700000000000000622, -0.5940119375089366605 ) ) ;
#2781 = PRESENTATION_LAYER_ASSIGNMENT (  '', '', ( #791 ) ) ;
#2782 = LINE ( 'NONE', #968, #2605 ) ;
#2783 = AXIS2_PLACEMENT_3D ( 'NONE', #2425, #10161, #543 ) ;
#2784 = DIRECTION ( 'NONE',  ( -0.000000000000000000, -1.000000000000000000, -0.000000000000000000 ) ) ;
#2785 = CARTESIAN_POINT ( 'NONE',  ( -0.9349999999999976108, 0.5600000000000000533, -0.5940119375089366605 ) ) ;
#2786 = CARTESIAN_POINT ( 'NONE',  ( -0.7740119375089365983, 0.5600000000000000533, 0.1440119375089355669 ) ) ;
#2787 = STYLED_ITEM ( 'NONE', ( #9650 ), #11986 ) ;
#2788 = MECHANICAL_DESIGN_GEOMETRIC_PRESENTATION_REPRESENTATION (  '', ( #7428 ), #2991 ) ;
#2789 = AXIS2_PLACEMENT_3D ( 'NONE', #630, #8365, #3504 ) ;
#2790 = EDGE_LOOP ( 'NONE', ( #95, #9071, #6080, #12014 ) ) ;
#2791 = CIRCLE ( 'NONE', #2981, 0.01901193750893732937 ) ;
#2792 = FACE_OUTER_BOUND ( 'NONE', #12085, .T. ) ;
#2793 = DIRECTION ( 'NONE',  ( -0.000000000000000000, -0.000000000000000000, 1.000000000000000000 ) ) ;
#2794 = EDGE_CURVE ( 'NONE', #1049, #10224, #2827, .T. ) ;
#2795 = PRESENTATION_LAYER_ASSIGNMENT (  '', '', ( #4394 ) ) ;
#2796 = EDGE_CURVE ( 'NONE', #10162, #10969, #232, .T. ) ;
#2797 = DIRECTION ( 'NONE',  ( 1.000000000000000000, 0.000000000000000000, 0.000000000000000000 ) ) ;
#2798 = DIRECTION ( 'NONE',  ( 0.000000000000000000, 0.000000000000000000, -1.000000000000000000 ) ) ;
#2799 = ORIENTED_EDGE ( 'NONE', *, *, #11170, .T. ) ;
#2800 = SURFACE_SIDE_STYLE ('',( #1923 ) ) ;
#2801 = AXIS2_PLACEMENT_3D ( 'NONE', #6621, #8344, #12195 ) ;
#2802 = CARTESIAN_POINT ( 'NONE',  ( -0.7740119375089349329, 0.5700000000000000622, 0.7749999999999981348 ) ) ;
#2803 =( NAMED_UNIT ( * ) PLANE_ANGLE_UNIT ( ) SI_UNIT ( $, .RADIAN. ) );
#2804 = FILL_AREA_STYLE ('',( #3564 ) ) ;
#2805 =( NAMED_UNIT ( * ) PLANE_ANGLE_UNIT ( ) SI_UNIT ( $, .RADIAN. ) );
#2806 = AXIS2_PLACEMENT_3D ( 'NONE', #4945, #10916, #2272 ) ;
#2807 = ORIENTED_EDGE ( 'NONE', *, *, #10866, .F. ) ;
#2808 = CARTESIAN_POINT ( 'NONE',  ( -0.9159880624910617941, 0.5500000000000000444, -0.1440119375089366216 ) ) ;
#2809 = CARTESIAN_POINT ( 'NONE',  ( -0.9449999999999989519, 0.5500000000000000444, 0.3059880624910620295 ) ) ;
#2810 = ADVANCED_FACE ( 'NONE', ( #1794 ), #1433, .F. ) ;
#2811 = LINE ( 'NONE', #7544, #477 ) ;
#2812 = ORIENTED_EDGE ( 'NONE', *, *, #3769, .F. ) ;
#2813 = EDGE_LOOP ( 'NONE', ( #1691, #1020, #7806, #4748 ) ) ;
#2814 = CYLINDRICAL_SURFACE ( 'NONE', #12045, 0.01901193750893884551 ) ;
#2815 = DIRECTION ( 'NONE',  ( -0.000000000000000000, 1.000000000000000000, -0.000000000000000000 ) ) ;
#2816 = ORIENTED_EDGE ( 'NONE', *, *, #6656, .F. ) ;
#2817 = LINE ( 'NONE', #3886, #11827 ) ;
#2818 = FACE_OUTER_BOUND ( 'NONE', #1899, .T. ) ;
#2819 = SURFACE_STYLE_FILL_AREA ( #11465 ) ;
#2820 = ORIENTED_EDGE ( 'NONE', *, *, #2586, .F. ) ;
#2821 = CARTESIAN_POINT ( 'NONE',  ( -0.7549999999999976730, 0.5600000000000000533, 0.5940119375089355502 ) ) ;
#2822 = FILL_AREA_STYLE ('',( #4680 ) ) ;
#2823 = PRESENTATION_STYLE_ASSIGNMENT (( #6719 ) ) ;
#2824 = EDGE_LOOP ( 'NONE', ( #9595, #12287, #8117, #7529 ) ) ;
#2825 = EDGE_CURVE ( 'NONE', #3836, #11201, #10484, .T. ) ;
#2826 = CARTESIAN_POINT ( 'NONE',  ( 0.3190119375089379150, 0.5700000000000000622, 0.9159880624910602398 ) ) ;
#2828 = VERTEX_POINT ( 'NONE', #2975 ) ;
#2827 = CIRCLE ( 'NONE', #5209, 0.01901193750893743692 ) ;
#2829 = CARTESIAN_POINT ( 'NONE',  ( 0.4809880624910631841, 0.5700000000000000622, 0.9349999999999966116 ) ) ;
#2830 =( LENGTH_UNIT ( ) NAMED_UNIT ( * ) SI_UNIT ( .MILLI., .METRE. ) );
#2831 = DIRECTION ( 'NONE',  ( -0.000000000000000000, -1.000000000000000000, -0.000000000000000000 ) ) ;
#2832 =( GEOMETRIC_REPRESENTATION_CONTEXT ( 3 ) GLOBAL_UNCERTAINTY_ASSIGNED_CONTEXT ( ( #5073 ) ) GLOBAL_UNIT_ASSIGNED_CONTEXT ( ( #11740, #10730, #7821 ) ) REPRESENTATION_CONTEXT ( 'NONE', 'WORKASPACE' ) );
#2833 = ORIENTED_EDGE ( 'NONE', *, *, #11902, .F. ) ;
#2834 = CIRCLE ( 'NONE', #6244, 0.01901193750893559464 ) ;
#2835 = SURFACE_SIDE_STYLE ('',( #8471 ) ) ;
#2837 = FILL_AREA_STYLE ('',( #7693 ) ) ;
#2836 =( NAMED_UNIT ( * ) PLANE_ANGLE_UNIT ( ) SI_UNIT ( $, .RADIAN. ) );
#2838 = FILL_AREA_STYLE ('',( #10481 ) ) ;
#2839 = AXIS2_PLACEMENT_3D ( 'NONE', #9149, #12047, #3413 ) ;
#2840 = STYLED_ITEM ( 'NONE', ( #4786 ), #3265 ) ;
#2841 = SURFACE_STYLE_FILL_AREA ( #5845 ) ;
#2842 = CARTESIAN_POINT ( 'NONE',  ( -0.9999999999999997780, 0.000000000000000000, -1.000000000000000000 ) ) ;
#2843 = EDGE_CURVE ( 'NONE', #10689, #7430, #7832, .T. ) ;
#2844 = ORIENTED_EDGE ( 'NONE', *, *, #8589, .T. ) ;
#2845 = STYLED_ITEM ( 'NONE', ( #11605 ), #1440 ) ;
#2846 = COLOUR_RGB ( '',0.6666666666666666297, 0.6980392156862744724, 0.7686274509803920907 ) ;
#2847 = ORIENTED_EDGE ( 'NONE', *, *, #11139, .F. ) ;
#2848 = AXIS2_PLACEMENT_3D ( 'NONE', #3330, #9893, #10135 ) ;
#2849 = MECHANICAL_DESIGN_GEOMETRIC_PRESENTATION_REPRESENTATION (  '', ( #4050 ), #11322 ) ;
#2850 = SURFACE_STYLE_FILL_AREA ( #11492 ) ;
#2851 = FACE_OUTER_BOUND ( 'NONE', #5681, .T. ) ;
#2852 = UNCERTAINTY_MEASURE_WITH_UNIT (LENGTH_MEASURE( 1.000000000000000082E-05 ), #7093, 'distance_accuracy_value', 'NONE');
#2853 = COLOUR_RGB ( '',0.6666666666666666297, 0.6980392156862744724, 0.7686274509803920907 ) ;
#2854 = SURFACE_SIDE_STYLE ('',( #6695 ) ) ;
#2855 = SURFACE_SIDE_STYLE ('',( #9550 ) ) ;
#2856 = CARTESIAN_POINT ( 'NONE',  ( -0.9159880624910617941, 0.5700000000000000622, 0.1440119375089366216 ) ) ;
#2857 = ORIENTED_EDGE ( 'NONE', *, *, #2566, .T. ) ;
#2858 = AXIS2_PLACEMENT_3D ( 'NONE', #975, #796, #6622 ) ;
#2859 = DIRECTION ( 'NONE',  ( -1.084202172485501594E-14, 1.000000000000000000, 0.000000000000000000 ) ) ;
#2860 = EDGE_CURVE ( 'NONE', #10162, #1067, #11683, .T. ) ;
#2861 = SURFACE_SIDE_STYLE ('',( #7718 ) ) ;
#2862 = COLOUR_RGB ( '',0.6666666666666666297, 0.6980392156862744724, 0.7686274509803920907 ) ;
#2863 = MECHANICAL_DESIGN_GEOMETRIC_PRESENTATION_REPRESENTATION (  '', ( #1478 ), #8730 ) ;
#2864 = SURFACE_STYLE_FILL_AREA ( #1866 ) ;
#2865 = CARTESIAN_POINT ( 'NONE',  ( -0.7740119375089370424, 0.5700000000000000622, -0.1249999999999980849 ) ) ;
#2866 = VERTEX_POINT ( 'NONE', #10681 ) ;
#2867 = SURFACE_SIDE_STYLE ('',( #8434 ) ) ;
#2868 = ORIENTED_EDGE ( 'NONE', *, *, #9883, .T. ) ;
#2869 = ORIENTED_EDGE ( 'NONE', *, *, #12369, .T. ) ;
#2870 = ORIENTED_EDGE ( 'NONE', *, *, #8213, .T. ) ;
#2871 = VECTOR ( 'NONE', #7146, 1000.000000000000000 ) ;
#2872 = EDGE_LOOP ( 'NONE', ( #9233, #560, #4704, #6623 ) ) ;
#2873 = EDGE_CURVE ( 'NONE', #10616, #12377, #11688, .T. ) ;
#2874 = DIRECTION ( 'NONE',  ( 6.776263578034384569E-15, 0.000000000000000000, 1.000000000000000000 ) ) ;
#2875 = ADVANCED_FACE ( 'NONE', ( #6891 ), #9277, .F. ) ;
#2876 = DIRECTION ( 'NONE',  ( 0.000000000000000000, 0.000000000000000000, -1.000000000000000000 ) ) ;
#2877 = LINE ( 'NONE', #5752, #12358 ) ;
#2878 = MECHANICAL_DESIGN_GEOMETRIC_PRESENTATION_REPRESENTATION (  '', ( #1495 ), #11357 ) ;
#2879 = DIRECTION ( 'NONE',  ( -1.000000000000000000, 0.000000000000000000, 7.362951730482916928E-15 ) ) ;
#2880 = ORIENTED_EDGE ( 'NONE', *, *, #6343, .F. ) ;
#2881 = DIRECTION ( 'NONE',  ( 0.000000000000000000, 0.000000000000000000, -1.000000000000000000 ) ) ;
#2882 = CARTESIAN_POINT ( 'NONE',  ( -0.4809880624910625735, 0.5700000000000000622, 0.7740119375089341558 ) ) ;
#2883 = EDGE_LOOP ( 'NONE', ( #2544, #3054, #5664, #1952 ) ) ;
#2884 =( LENGTH_UNIT ( ) NAMED_UNIT ( * ) SI_UNIT ( .MILLI., .METRE. ) );
#2885 = CARTESIAN_POINT ( 'NONE',  ( 0.9449999999999980638, 0.5500000000000000444, 0.5940119375089367715 ) ) ;
#2886 = COLOUR_RGB ( '',0.6666666666666666297, 0.6980392156862744724, 0.7686274509803920907 ) ;
#2887 = ORIENTED_EDGE ( 'NONE', *, *, #8271, .F. ) ;
#2888 = CARTESIAN_POINT ( 'NONE',  ( -0.5100000000000000089, 0.5500000000000000444, 0.9159880624910591296 ) ) ;
#2889 = ADVANCED_FACE ( 'NONE', ( #289 ), #9847, .F. ) ;
#2890 = DIRECTION ( 'NONE',  ( 0.000000000000000000, 0.000000000000000000, -1.000000000000000000 ) ) ;
#2891 = EDGE_LOOP ( 'NONE', ( #4330, #204, #2912, #5240 ) ) ;
#2893 = CARTESIAN_POINT ( 'NONE',  ( 0.7740119375089354881, 0.5700000000000000622, 0.7559880624910606528 ) ) ;
#2892 = CARTESIAN_POINT ( 'NONE',  ( 0.08098806249106277333, 0.5600000000000000533, -0.9159880624910624602 ) ) ;
#2894 =( NAMED_UNIT ( * ) SI_UNIT ( $, .STERADIAN. ) SOLID_ANGLE_UNIT ( ) );
#2895 = FILL_AREA_STYLE ('',( #11483 ) ) ;
#2896 = DIRECTION ( 'NONE',  ( 1.000000000000000000, -0.000000000000000000, -6.693592482257194052E-15 ) ) ;
#2897 = DIRECTION ( 'NONE',  ( 0.000000000000000000, 0.000000000000000000, -1.000000000000000000 ) ) ;
#2898 = FILL_AREA_STYLE ('',( #10306 ) ) ;
#2899 = CARTESIAN_POINT ( 'NONE',  ( 0.5000000000000004441, 0.5700000000000000622, 0.9159880624910591296 ) ) ;
#2900 = AXIS2_PLACEMENT_3D ( 'NONE', #418, #5087, #3228 ) ;
#2901 = EDGE_CURVE ( 'NONE', #5571, #1532, #12092, .T. ) ;
#2902 = SURFACE_STYLE_FILL_AREA ( #5722 ) ;
#2903 = ORIENTED_EDGE ( 'NONE', *, *, #8341, .F. ) ;
#2904 = ORIENTED_EDGE ( 'NONE', *, *, #10790, .F. ) ;
#2905 = CARTESIAN_POINT ( 'NONE',  ( -0.7740119375089370424, 0.5600000000000000533, -0.1249999999999982653 ) ) ;
#2906 = DIRECTION ( 'NONE',  ( 0.000000000000000000, 0.000000000000000000, 1.000000000000000000 ) ) ;
#2907 = LINE ( 'NONE', #11435, #4959 ) ;
#2908 = CIRCLE ( 'NONE', #8978, 0.01000000000000002623 ) ;
#2909 = EDGE_CURVE ( 'NONE', #8829, #1537, #6813, .T. ) ;
#2910 = FACE_OUTER_BOUND ( 'NONE', #860, .T. ) ;
#2911 = DIRECTION ( 'NONE',  ( 1.000000000000000000, 1.084202172485501594E-14, 1.084202172485504592E-14 ) ) ;
#2912 = ORIENTED_EDGE ( 'NONE', *, *, #4164, .F. ) ;
#2913 =( LENGTH_UNIT ( ) NAMED_UNIT ( * ) SI_UNIT ( .MILLI., .METRE. ) );
#2915 = DIRECTION ( 'NONE',  ( 0.000000000000000000, 0.000000000000000000, -1.000000000000000000 ) ) ;
#2914 = PRESENTATION_LAYER_ASSIGNMENT (  '', '', ( #532 ) ) ;
#2916 = CARTESIAN_POINT ( 'NONE',  ( -0.3190119375089371934, 0.5600000000000000533, 0.7449999999999977751 ) ) ;
#2917 = CARTESIAN_POINT ( 'NONE',  ( -0.01249999999999949069, 0.4500000000000000666, -1.000000000000000000 ) ) ;
#2918 = ORIENTED_EDGE ( 'NONE', *, *, #3173, .F. ) ;
#2919 = EDGE_CURVE ( 'NONE', #1067, #4293, #11294, .T. ) ;
#2920 = ORIENTED_EDGE ( 'NONE', *, *, #9965, .F. ) ;
#2921 = DIRECTION ( 'NONE',  ( -2.168404344971003188E-14, 0.000000000000000000, -1.000000000000000000 ) ) ;
#2922 = SURFACE_STYLE_FILL_AREA ( #4118 ) ;
#2923 = AXIS2_PLACEMENT_3D ( 'NONE', #8696, #3889, #2927 ) ;
#2924 = PRESENTATION_STYLE_ASSIGNMENT (( #3884 ) ) ;
#2925 = FILL_AREA_STYLE_COLOUR ( '', #7807 ) ;
#2926 =( LENGTH_UNIT ( ) NAMED_UNIT ( * ) SI_UNIT ( .MILLI., .METRE. ) );
#2927 = DIRECTION ( 'NONE',  ( 0.000000000000000000, 0.000000000000000000, 1.000000000000000000 ) ) ;
#2928 = STYLED_ITEM ( 'NONE', ( #3434 ), #8901 ) ;
#2929 = DIRECTION ( 'NONE',  ( -1.000000000000000000, -0.000000000000000000, -7.636510523315146756E-15 ) ) ;
#2930 = LINE ( 'NONE', #10467, #5289 ) ;
#2931 = CARTESIAN_POINT ( 'NONE',  ( 0.09999999999999679978, 0.5700000000000000622, 0.9159880624910630154 ) ) ;
#2932 = ORIENTED_EDGE ( 'NONE', *, *, #1285, .T. ) ;
#2933 = DIRECTION ( 'NONE',  ( -3.346796241128597420E-15, 0.000000000000000000, -1.000000000000000000 ) ) ;
#2934 = CIRCLE ( 'NONE', #5321, 0.01000000000000002623 ) ;
#2935 = DIRECTION ( 'NONE',  ( 0.000000000000000000, -1.000000000000000000, 0.000000000000000000 ) ) ;
#2936 = EDGE_CURVE ( 'NONE', #1325, #9441, #3641, .T. ) ;
#2937 = ORIENTED_EDGE ( 'NONE', *, *, #12444, .T. ) ;
#2938 = EDGE_CURVE ( 'NONE', #5888, #5499, #1222, .T. ) ;
#2939 = CARTESIAN_POINT ( 'NONE',  ( 0.9159880624910621272, 0.5600000000000000533, -0.3059880624910617519 ) ) ;
#2940 = SURFACE_STYLE_USAGE ( .BOTH. , #4573 ) ;
#2941 = AXIS2_PLACEMENT_3D ( 'NONE', #1154, #11859, #4947 ) ;
#2942 = LINE ( 'NONE', #5585, #10418 ) ;
#2943 = VERTEX_POINT ( 'NONE', #11673 ) ;
#2944 = PLANE ( 'NONE',  #10913 ) ;
#2945 = ORIENTED_EDGE ( 'NONE', *, *, #5232, .T. ) ;
#2946 = PRESENTATION_STYLE_ASSIGNMENT (( #4137 ) ) ;
#2947 = DIRECTION ( 'NONE',  ( 0.000000000000000000, -1.000000000000000000, 0.000000000000000000 ) ) ;
#2948 = CIRCLE ( 'NONE', #173, 0.02901193750893735560 ) ;
#2949 =( NAMED_UNIT ( * ) SI_UNIT ( $, .STERADIAN. ) SOLID_ANGLE_UNIT ( ) );
#2950 = COLOUR_RGB ( '',0.6666666666666666297, 0.6980392156862744724, 0.7686274509803920907 ) ;
#2951 = DIRECTION ( 'NONE',  ( -0.000000000000000000, -1.000000000000000000, -0.000000000000000000 ) ) ;
#2952 = DIRECTION ( 'NONE',  ( 6.693592482257194052E-15, 0.000000000000000000, -1.000000000000000000 ) ) ;
#2953 = ADVANCED_FACE ( 'NONE', ( #7879 ), #2219, .F. ) ;
#2954 = CIRCLE ( 'NONE', #561, 0.01000000000000002623 ) ;
#2955 = EDGE_CURVE ( 'NONE', #6987, #8652, #105, .T. ) ;
#2956 = FACE_OUTER_BOUND ( 'NONE', #11273, .T. ) ;
#2957 = DIRECTION ( 'NONE',  ( -0.000000000000000000, -1.000000000000000000, -0.000000000000000000 ) ) ;
#2958 = STYLED_ITEM ( 'NONE', ( #11330 ), #11153 ) ;
#2959 = LINE ( 'NONE', #7758, #9978 ) ;
#2960 = STYLED_ITEM ( 'NONE', ( #3514 ), #2445 ) ;
#2961 = STYLED_ITEM ( 'NONE', ( #11521 ), #9529 ) ;
#2962 = CARTESIAN_POINT ( 'NONE',  ( -0.5000000000000000000, 0.5600000000000000533, 0.7740119375089341558 ) ) ;
#2963 = CARTESIAN_POINT ( 'NONE',  ( -0.1000000000000026840, 0.5700000000000000622, 0.7740119375089368203 ) ) ;
#2964 = CIRCLE ( 'NONE', #10627, 0.01901193750893743692 ) ;
#2965 = DIRECTION ( 'NONE',  ( 0.000000000000000000, -1.000000000000000000, 0.000000000000000000 ) ) ;
#2966 = AXIS2_PLACEMENT_3D ( 'NONE', #10944, #9928, #2161 ) ;
#2967 = CARTESIAN_POINT ( 'NONE',  ( -0.3875000000000001221, 0.5500000000000000444, 1.000000000000000000 ) ) ;
#2968 = UNCERTAINTY_MEASURE_WITH_UNIT (LENGTH_MEASURE( 1.000000000000000082E-05 ), #386, 'distance_accuracy_value', 'NONE');
#2969 = LINE ( 'NONE', #2040, #216 ) ;
#2970 = STYLED_ITEM ( 'NONE', ( #5350 ), #9671 ) ;
#2971 = ADVANCED_FACE ( 'NONE', ( #2470 ), #9273, .F. ) ;
#2972 = UNCERTAINTY_MEASURE_WITH_UNIT (LENGTH_MEASURE( 1.000000000000000082E-05 ), #9272, 'distance_accuracy_value', 'NONE');
#2973 = FILL_AREA_STYLE ('',( #7079 ) ) ;
#2974 = AXIS2_PLACEMENT_3D ( 'NONE', #438, #500, #10123 ) ;
#2975 = CARTESIAN_POINT ( 'NONE',  ( 0.7549999999999981171, 0.5700000000000000622, -0.5940119375089355502 ) ) ;
#2976 = CIRCLE ( 'NONE', #6187, 0.01901193750893743692 ) ;
#2977 =( GEOMETRIC_REPRESENTATION_CONTEXT ( 3 ) GLOBAL_UNCERTAINTY_ASSIGNED_CONTEXT ( ( #6887 ) ) GLOBAL_UNIT_ASSIGNED_CONTEXT ( ( #5835, #3725, #42 ) ) REPRESENTATION_CONTEXT ( 'NONE', 'WORKASPACE' ) );
#2978 =( NAMED_UNIT ( * ) SI_UNIT ( $, .STERADIAN. ) SOLID_ANGLE_UNIT ( ) );
#2979 = PRESENTATION_LAYER_ASSIGNMENT (  '', '', ( #6805 ) ) ;
#2980 = STYLED_ITEM ( 'NONE', ( #551 ), #2737 ) ;
#2981 = AXIS2_PLACEMENT_3D ( 'NONE', #3043, #5802, #9672 ) ;
#2982 = DIRECTION ( 'NONE',  ( 0.000000000000000000, -1.000000000000000000, 0.000000000000000000 ) ) ;
#2983 = SURFACE_STYLE_FILL_AREA ( #11626 ) ;
#2984 = ORIENTED_EDGE ( 'NONE', *, *, #1201, .F. ) ;
#2985 = PRESENTATION_LAYER_ASSIGNMENT (  '', '', ( #3789 ) ) ;
#2986 = FILL_AREA_STYLE ('',( #8749 ) ) ;
#2987 =( NAMED_UNIT ( * ) PLANE_ANGLE_UNIT ( ) SI_UNIT ( $, .RADIAN. ) );
#2988 = ORIENTED_EDGE ( 'NONE', *, *, #11532, .T. ) ;
#2989 = CARTESIAN_POINT ( 'NONE',  ( 0.3563859338365493179, 0.5500000000000000444, -0.4800000000000002043 ) ) ;
#2990 = COLOUR_RGB ( '',0.6666666666666666297, 0.6980392156862744724, 0.7686274509803920907 ) ;
#2991 =( GEOMETRIC_REPRESENTATION_CONTEXT ( 3 ) GLOBAL_UNCERTAINTY_ASSIGNED_CONTEXT ( ( #7141 ) ) GLOBAL_UNIT_ASSIGNED_CONTEXT ( ( #7534, #3864, #7715 ) ) REPRESENTATION_CONTEXT ( 'NONE', 'WORKASPACE' ) );
#2992 = APPLICATION_CONTEXT ( 'automotive_design' ) ;
#2993 = UNCERTAINTY_MEASURE_WITH_UNIT (LENGTH_MEASURE( 1.000000000000000082E-05 ), #9101, 'distance_accuracy_value', 'NONE');
#2994 = CARTESIAN_POINT ( 'NONE',  ( 0.3190119375089379150, 0.5700000000000000622, 0.7740119375089351550 ) ) ;
#2995 = CIRCLE ( 'NONE', #10039, 0.009999999999999998473 ) ;
#2996 = VERTEX_POINT ( 'NONE', #1331 ) ;
#2997 = CARTESIAN_POINT ( 'NONE',  ( 0.9159880624910615721, 0.5600000000000000533, -0.3349999999999990208 ) ) ;
#2998 = FILL_AREA_STYLE_COLOUR ( '', #1545 ) ;
#2999 = DIRECTION ( 'NONE',  ( -0.000000000000000000, -1.000000000000000000, -0.000000000000000000 ) ) ;
#3000 = EDGE_LOOP ( 'NONE', ( #6318, #8756, #237, #2812 ) ) ;
#3001 = CARTESIAN_POINT ( 'NONE',  ( 0.4827586206896551935, 0.5600000000000000533, -0.3761947705487496130 ) ) ;
#3002 = MECHANICAL_DESIGN_GEOMETRIC_PRESENTATION_REPRESENTATION (  '', ( #5801 ), #2003 ) ;
#3003 = EDGE_CURVE ( 'NONE', #2571, #5194, #5322, .T. ) ;
#3004 = SURFACE_STYLE_FILL_AREA ( #11645 ) ;
#3005 = FACE_OUTER_BOUND ( 'NONE', #8039, .T. ) ;
#3006 = CARTESIAN_POINT ( 'NONE',  ( 1.000000000000000222, 0.4500000000000000111, -0.2375000000000009603 ) ) ;
#3007 = CARTESIAN_POINT ( 'NONE',  ( -0.3190119375089374709, 0.5600000000000000533, 0.9159880624910602398 ) ) ;
#3008 = VERTEX_POINT ( 'NONE', #5130 ) ;
#3009 = FILL_AREA_STYLE ('',( #7914 ) ) ;
#3010 = DIRECTION ( 'NONE',  ( 0.000000000000000000, 1.000000000000000000, -0.000000000000000000 ) ) ;
#3011 = EDGE_LOOP ( 'NONE', ( #17, #6433, #9317, #4593 ) ) ;
#3012 = CARTESIAN_POINT ( 'NONE',  ( 0.4809880624910630176, 0.5500000000000000444, 0.9159880624910591296 ) ) ;
#3013 = DIRECTION ( 'NONE',  ( -0.000000000000000000, -1.000000000000000000, -0.000000000000000000 ) ) ;
#3014 = VERTEX_POINT ( 'NONE', #2407 ) ;
#3015 = SURFACE_STYLE_USAGE ( .BOTH. , #9762 ) ;
#3016 = CARTESIAN_POINT ( 'NONE',  ( -0.9999999999999997780, 0.5500000000000000444, 1.000000000000000000 ) ) ;
#3017 = VERTEX_POINT ( 'NONE', #10085 ) ;
#3018 = EDGE_CURVE ( 'NONE', #5040, #9876, #3237, .T. ) ;
#3019 = ORIENTED_EDGE ( 'NONE', *, *, #4220, .F. ) ;
#3020 = CARTESIAN_POINT ( 'NONE',  ( 0.5100000000000000089, 0.5600000000000000533, -0.5000000000000002220 ) ) ;
#3021 = CARTESIAN_POINT ( 'NONE',  ( 0.5000000000000004441, 0.5700000000000000622, -0.9159880624910591296 ) ) ;
#3023 = LINE ( 'NONE', #10781, #2344 ) ;
#3022 = CARTESIAN_POINT ( 'NONE',  ( -0.08098806249106509092, 0.5700000000000000622, -0.7549999999999994493 ) ) ;
#3024 = CARTESIAN_POINT ( 'NONE',  ( 0.3563859338365493179, 0.5600000000000000533, -0.4800000000000002043 ) ) ;
#3025 = CYLINDRICAL_SURFACE ( 'NONE', #12119, 0.01901193750893559464 ) ;
#3026 = FACE_OUTER_BOUND ( 'NONE', #2583, .T. ) ;
#3027 = DIRECTION ( 'NONE',  ( -2.710505431213754380E-15, -0.000000000000000000, -1.000000000000000000 ) ) ;
#3028 = DIRECTION ( 'NONE',  ( 0.000000000000000000, 0.000000000000000000, -1.000000000000000000 ) ) ;
#3029 = CARTESIAN_POINT ( 'NONE',  ( 0.7740119375089370424, 0.5700000000000000622, -0.1440119375089355669 ) ) ;
#3030 = PRESENTATION_STYLE_ASSIGNMENT (( #11674 ) ) ;
#3031 = PRESENTATION_STYLE_ASSIGNMENT (( #7822 ) ) ;
#3032 = ADVANCED_FACE ( 'NONE', ( #7319 ), #11052, .F. ) ;
#3033 = EDGE_CURVE ( 'NONE', #9876, #12408, #7260, .T. ) ;
#3034 = ORIENTED_EDGE ( 'NONE', *, *, #1346, .T. ) ;
#3035 = DIRECTION ( 'NONE',  ( 0.000000000000000000, 1.000000000000000000, 0.000000000000000000 ) ) ;
#3036 = CARTESIAN_POINT ( 'NONE',  ( 0.7449999999999997735, 0.5600000000000000533, -0.1440119375089354836 ) ) ;
#3037 = LINE ( 'NONE', #6821, #6 ) ;
#3038 = PRESENTATION_LAYER_ASSIGNMENT (  '', '', ( #6032 ) ) ;
#3039 =( GEOMETRIC_REPRESENTATION_CONTEXT ( 3 ) GLOBAL_UNCERTAINTY_ASSIGNED_CONTEXT ( ( #9653 ) ) GLOBAL_UNIT_ASSIGNED_CONTEXT ( ( #9891, #4883, #1092 ) ) REPRESENTATION_CONTEXT ( 'NONE', 'WORKASPACE' ) );
#3040 = VECTOR ( 'NONE', #3599, 1000.000000000000000 ) ;
#3041 =( NAMED_UNIT ( * ) PLANE_ANGLE_UNIT ( ) SI_UNIT ( $, .RADIAN. ) );
#3042 =( NAMED_UNIT ( * ) PLANE_ANGLE_UNIT ( ) SI_UNIT ( $, .RADIAN. ) );
#3043 = CARTESIAN_POINT ( 'NONE',  ( 0.9159880624910606839, 0.5600000000000000533, -0.5940119375089365494 ) ) ;
#3044 = AXIS2_PLACEMENT_3D ( 'NONE', #2650, #12311, #4513 ) ;
#3045 = COLOUR_RGB ( '',0.6666666666666666297, 0.6980392156862744724, 0.7686274509803920907 ) ;
#3046 = CARTESIAN_POINT ( 'NONE',  ( -0.4809880624910624625, 0.5700000000000000622, 0.7549999999999966738 ) ) ;
#3047 = PRESENTATION_LAYER_ASSIGNMENT (  '', '', ( #7670 ) ) ;
#3048 = EDGE_CURVE ( 'NONE', #12228, #1677, #10533, .T. ) ;
#3049 = FILL_AREA_STYLE_COLOUR ( '', #5871 ) ;
#3050 = VERTEX_POINT ( 'NONE', #11475 ) ;
#3051 = AXIS2_PLACEMENT_3D ( 'NONE', #518, #10200, #1576 ) ;
#3052 = DIRECTION ( 'NONE',  ( -1.000000000000000000, 0.000000000000000000, 1.843143693225352994E-13 ) ) ;
#3053 = CARTESIAN_POINT ( 'NONE',  ( 0.08098806249106005328, 0.5500000000000000444, 0.7450000000000004396 ) ) ;
#3054 = ORIENTED_EDGE ( 'NONE', *, *, #5159, .F. ) ;
#3055 = ORIENTED_EDGE ( 'NONE', *, *, #423, .T. ) ;
#3056 = DIRECTION ( 'NONE',  ( -8.554116370116080204E-15, 0.000000000000000000, -1.000000000000000000 ) ) ;
#3057 = AXIS2_PLACEMENT_3D ( 'NONE', #6127, #6917, #9990 ) ;
#3058 = AXIS2_PLACEMENT_3D ( 'NONE', #6018, #10071, #10970 ) ;
#3059 = DIRECTION ( 'NONE',  ( 1.084202172485501594E-14, 0.000000000000000000, 1.000000000000000000 ) ) ;
#3060 = AXIS2_PLACEMENT_3D ( 'NONE', #3020, #2132, #4021 ) ;
#3061 = ORIENTED_EDGE ( 'NONE', *, *, #5517, .T. ) ;
#3062 = CARTESIAN_POINT ( 'NONE',  ( 0.4809880624910632396, 0.5500000000000000444, -0.9449999999999966205 ) ) ;
#3063 =( LENGTH_UNIT ( ) NAMED_UNIT ( * ) SI_UNIT ( .MILLI., .METRE. ) );
#3064 = MECHANICAL_DESIGN_GEOMETRIC_PRESENTATION_REPRESENTATION (  '', ( #8527 ), #11728 ) ;
#3065 = FILL_AREA_STYLE_COLOUR ( '', #4812 ) ;
#3066 = STYLED_ITEM ( 'NONE', ( #12121 ), #1398 ) ;
#3067 = VECTOR ( 'NONE', #4062, 1000.000000000000000 ) ;
#3068 =( LENGTH_UNIT ( ) NAMED_UNIT ( * ) SI_UNIT ( .MILLI., .METRE. ) );
#3069 =( NAMED_UNIT ( * ) SI_UNIT ( $, .STERADIAN. ) SOLID_ANGLE_UNIT ( ) );
#3070 = FACE_OUTER_BOUND ( 'NONE', #7433, .T. ) ;
#3071 = ORIENTED_EDGE ( 'NONE', *, *, #9275, .T. ) ;
#3072 = MECHANICAL_DESIGN_GEOMETRIC_PRESENTATION_REPRESENTATION (  '', ( #7107 ), #4278 ) ;
#3073 = DIRECTION ( 'NONE',  ( 0.000000000000000000, -1.000000000000000000, 0.000000000000000000 ) ) ;
#3074 = VERTEX_POINT ( 'NONE', #7445 ) ;
#3075 =( LENGTH_UNIT ( ) NAMED_UNIT ( * ) SI_UNIT ( .MILLI., .METRE. ) );
#3076 = CIRCLE ( 'NONE', #5464, 0.01000000000000002623 ) ;
#3077 = ADVANCED_FACE ( 'NONE', ( #9472 ), #4688, .F. ) ;
#3078 = FILL_AREA_STYLE_COLOUR ( '', #937 ) ;
#3079 = CARTESIAN_POINT ( 'NONE',  ( -0.4809880624910625735, 0.5600000000000000533, 0.9159880624910591296 ) ) ;
#3080 = ORIENTED_EDGE ( 'NONE', *, *, #8883, .T. ) ;
#3081 = EDGE_LOOP ( 'NONE', ( #6439, #4497, #11556, #11804 ) ) ;
#3082 = EDGE_LOOP ( 'NONE', ( #10183, #6076, #10951, #12180 ) ) ;
#3083 = PRESENTATION_STYLE_ASSIGNMENT (( #4022 ) ) ;
#3084 = CARTESIAN_POINT ( 'NONE',  ( 0.9449999999999998401, 0.5600000000000000533, 0.1440119375089367326 ) ) ;
#3085 = CARTESIAN_POINT ( 'NONE',  ( -0.08098806249106234312, 0.5500000000000000444, 0.7740119375089372644 ) ) ;
#3086 = LINE ( 'NONE', #11040, #7479 ) ;
#3087 = UNCERTAINTY_MEASURE_WITH_UNIT (LENGTH_MEASURE( 1.000000000000000082E-05 ), #5577, 'distance_accuracy_value', 'NONE');
#3088 = VECTOR ( 'NONE', #5482, 1000.000000000000000 ) ;
#3089 = ADVANCED_FACE ( 'NONE', ( #8391 ), #10287, .F. ) ;
#3090 = CARTESIAN_POINT ( 'NONE',  ( -0.4809880624910624625, 0.5700000000000000622, -0.7549999999999966738 ) ) ;
#3092 = DIRECTION ( 'NONE',  ( 0.000000000000000000, 1.000000000000000000, 0.000000000000000000 ) ) ;
#3091 = FILL_AREA_STYLE ('',( #4769 ) ) ;
#3093 = SURFACE_STYLE_FILL_AREA ( #8855 ) ;
#3094 = VERTEX_POINT ( 'NONE', #2888 ) ;
#3095 =( NAMED_UNIT ( * ) PLANE_ANGLE_UNIT ( ) SI_UNIT ( $, .RADIAN. ) );
#3096 =( NAMED_UNIT ( * ) PLANE_ANGLE_UNIT ( ) SI_UNIT ( $, .RADIAN. ) );
#3097 = UNCERTAINTY_MEASURE_WITH_UNIT (LENGTH_MEASURE( 1.000000000000000082E-05 ), #3297, 'distance_accuracy_value', 'NONE');
#3098 = UNCERTAINTY_MEASURE_WITH_UNIT (LENGTH_MEASURE( 1.000000000000000082E-05 ), #9760, 'distance_accuracy_value', 'NONE');
#3099 = DIRECTION ( 'NONE',  ( 0.000000000000000000, -1.000000000000000000, 0.000000000000000000 ) ) ;
#3100 = EDGE_CURVE ( 'NONE', #5910, #9410, #6861, .T. ) ;
#3101 = PRESENTATION_LAYER_ASSIGNMENT (  '', '', ( #8562 ) ) ;
#3102 = SURFACE_SIDE_STYLE ('',( #4969 ) ) ;
#3103 = EDGE_CURVE ( 'NONE', #8943, #2744, #4512, .T. ) ;
#3104 = AXIS2_PLACEMENT_3D ( 'NONE', #11548, #1710, #6737 ) ;
#3105 = DIRECTION ( 'NONE',  ( 0.000000000000000000, -1.000000000000000000, 0.000000000000000000 ) ) ;
#3106 =( NAMED_UNIT ( * ) SI_UNIT ( $, .STERADIAN. ) SOLID_ANGLE_UNIT ( ) );
#3107 = SURFACE_STYLE_FILL_AREA ( #10941 ) ;
#3108 = ORIENTED_EDGE ( 'NONE', *, *, #7766, .F. ) ;
#3109 = DIRECTION ( 'NONE',  ( 0.000000000000000000, -1.000000000000000000, 0.000000000000000000 ) ) ;
#3110 = DIRECTION ( 'NONE',  ( 0.000000000000000000, 0.000000000000000000, -1.000000000000000000 ) ) ;
#3111 = UNCERTAINTY_MEASURE_WITH_UNIT (LENGTH_MEASURE( 1.000000000000000082E-05 ), #1240, 'distance_accuracy_value', 'NONE');
#3112 = FILL_AREA_STYLE_COLOUR ( '', #4654 ) ;
#3113 = ADVANCED_FACE ( 'NONE', ( #11359 ), #4235, .F. ) ;
#3114 = ORIENTED_EDGE ( 'NONE', *, *, #11089, .T. ) ;
#3115 = FILL_AREA_STYLE_COLOUR ( '', #10437 ) ;
#3116 = EDGE_CURVE ( 'NONE', #11518, #7383, #2834, .T. ) ;
#3117 =( NAMED_UNIT ( * ) PLANE_ANGLE_UNIT ( ) SI_UNIT ( $, .RADIAN. ) );
#3118 =( GEOMETRIC_REPRESENTATION_CONTEXT ( 3 ) GLOBAL_UNCERTAINTY_ASSIGNED_CONTEXT ( ( #2488 ) ) GLOBAL_UNIT_ASSIGNED_CONTEXT ( ( #9654, #4698, #1033 ) ) REPRESENTATION_CONTEXT ( 'NONE', 'WORKASPACE' ) );
#3119 = CARTESIAN_POINT ( 'NONE',  ( -0.4809880624910627955, 0.5500000000000000444, 0.9449999999999966205 ) ) ;
#3120 = DIRECTION ( 'NONE',  ( 1.000000000000000000, 0.000000000000000000, 7.636510523315148333E-15 ) ) ;
#3121 = SURFACE_STYLE_FILL_AREA ( #6006 ) ;
#3122 = ORIENTED_EDGE ( 'NONE', *, *, #10737, .T. ) ;
#3124 = CARTESIAN_POINT ( 'NONE',  ( -0.5000000000000000000, 0.5700000000000000622, -0.4800000000000002043 ) ) ;
#3123 = AXIS2_PLACEMENT_3D ( 'NONE', #7113, #8953, #11657 ) ;
#3125 = SURFACE_STYLE_USAGE ( .BOTH. , #11769 ) ;
#3126 = ORIENTED_EDGE ( 'NONE', *, *, #6014, .T. ) ;
#3127 = ADVANCED_FACE ( 'NONE', ( #10775 ), #8837, .F. ) ;
#3128 = DIRECTION ( 'NONE',  ( -0.000000000000000000, -1.000000000000000000, -0.000000000000000000 ) ) ;
#3129 = DIRECTION ( 'NONE',  ( -1.000000000000000000, 0.000000000000000000, -0.000000000000000000 ) ) ;
#3130 = ORIENTED_EDGE ( 'NONE', *, *, #7347, .F. ) ;
#3131 = MECHANICAL_DESIGN_GEOMETRIC_PRESENTATION_REPRESENTATION (  '', ( #7569 ), #2532 ) ;
#3132 = CARTESIAN_POINT ( 'NONE',  ( 0.9349999999999992761, 0.5600000000000000533, -0.3059880624910618074 ) ) ;
#3133 = SURFACE_STYLE_USAGE ( .BOTH. , #7925 ) ;
#3134 = ORIENTED_EDGE ( 'NONE', *, *, #11902, .T. ) ;
#3135 = CIRCLE ( 'NONE', #3550, 0.02901193750893746315 ) ;
#3136 =( LENGTH_UNIT ( ) NAMED_UNIT ( * ) SI_UNIT ( .MILLI., .METRE. ) );
#3137 = PRESENTATION_STYLE_ASSIGNMENT (( #8051 ) ) ;
#3138 = SURFACE_STYLE_FILL_AREA ( #2195 ) ;
#3139 = CARTESIAN_POINT ( 'NONE',  ( -0.7740119375089351550, 0.5700000000000000622, 0.5749999999999981792 ) ) ;
#3140 = EDGE_LOOP ( 'NONE', ( #4080, #635, #11279, #5250 ) ) ;
#3141 =( NAMED_UNIT ( * ) PLANE_ANGLE_UNIT ( ) SI_UNIT ( $, .RADIAN. ) );
#3142 = STYLED_ITEM ( 'NONE', ( #10954 ), #8832 ) ;
#3143 = ORIENTED_EDGE ( 'NONE', *, *, #4262, .T. ) ;
#3144 = DIRECTION ( 'NONE',  ( -1.000000000000000000, 0.000000000000000000, 0.000000000000000000 ) ) ;
#3145 = DIRECTION ( 'NONE',  ( -0.000000000000000000, -1.000000000000000000, -0.000000000000000000 ) ) ;
#3146 = AXIS2_PLACEMENT_3D ( 'NONE', #8981, #1161, #10026 ) ;
#3147 = DIRECTION ( 'NONE',  ( -0.000000000000000000, -0.000000000000000000, -1.000000000000000000 ) ) ;
#3149 = FILL_AREA_STYLE ('',( #8002 ) ) ;
#3148 =( LENGTH_UNIT ( ) NAMED_UNIT ( * ) SI_UNIT ( .MILLI., .METRE. ) );
#3150 = PRESENTATION_STYLE_ASSIGNMENT (( #411 ) ) ;
#3152 = SURFACE_STYLE_USAGE ( .BOTH. , #5019 ) ;
#3151 = MECHANICAL_DESIGN_GEOMETRIC_PRESENTATION_REPRESENTATION (  '', ( #4732 ), #2554 ) ;
#3153 = VERTEX_POINT ( 'NONE', #145 ) ;
#3154 =( LENGTH_UNIT ( ) NAMED_UNIT ( * ) SI_UNIT ( .MILLI., .METRE. ) );
#3155 = DIRECTION ( 'NONE',  ( 1.000000000000000000, 0.000000000000000000, -2.168404344971009184E-14 ) ) ;
#3156 =( NAMED_UNIT ( * ) PLANE_ANGLE_UNIT ( ) SI_UNIT ( $, .RADIAN. ) );
#3157 = SURFACE_STYLE_FILL_AREA ( #6163 ) ;
#3158 = CIRCLE ( 'NONE', #2789, 0.01000000000000002623 ) ;
#3159 = CYLINDRICAL_SURFACE ( 'NONE', #1910, 0.01901193750893730161 ) ;
#3160 = MECHANICAL_DESIGN_GEOMETRIC_PRESENTATION_REPRESENTATION (  '', ( #8616 ), #4541 ) ;
#3161 = PRESENTATION_LAYER_ASSIGNMENT (  '', '', ( #11235 ) ) ;
#3162 = VECTOR ( 'NONE', #650, 1000.000000000000000 ) ;
#3163 = CARTESIAN_POINT ( 'NONE',  ( 0.5000000000000004441, 0.5600000000000000533, -0.7740119375089341558 ) ) ;
#3164 = FILL_AREA_STYLE_COLOUR ( '', #8521 ) ;
#3165 = CIRCLE ( 'NONE', #8422, 0.01000000000000002623 ) ;
#3166 = ORIENTED_EDGE ( 'NONE', *, *, #5159, .T. ) ;
#3167 = VECTOR ( 'NONE', #8349, 1000.000000000000000 ) ;
#3168 = AXIS2_PLACEMENT_3D ( 'NONE', #5942, #2379, #11832 ) ;
#3169 = ADVANCED_FACE ( 'NONE', ( #9828 ), #3954, .T. ) ;
#3170 = VECTOR ( 'NONE', #2999, 1000.000000000000000 ) ;
#3171 = SURFACE_SIDE_STYLE ('',( #11689 ) ) ;
#3172 = CARTESIAN_POINT ( 'NONE',  ( -0.4800000000000000377, 0.5600000000000000533, 0.4799999999999998157 ) ) ;
#3173 = EDGE_CURVE ( 'NONE', #2510, #2263, #6260, .T. ) ;
#3174 = CARTESIAN_POINT ( 'NONE',  ( -0.4809880624910627400, 0.5700000000000000622, -0.9349999999999966116 ) ) ;
#3175 = AXIS2_PLACEMENT_3D ( 'NONE', #11211, #2557, #6398 ) ;
#3176 = CARTESIAN_POINT ( 'NONE',  ( 0.9159880624910603508, 0.5500000000000000444, -0.7849999999999992539 ) ) ;
#3177 = ORIENTED_EDGE ( 'NONE', *, *, #5063, .F. ) ;
#3178 = MECHANICAL_DESIGN_GEOMETRIC_PRESENTATION_REPRESENTATION (  '', ( #11836 ), #9223 ) ;
#3179 = VECTOR ( 'NONE', #10410, 1000.000000000000000 ) ;
#3180 = CARTESIAN_POINT ( 'NONE',  ( -0.9159880624910600178, 0.5700000000000000622, 0.7749999999999992450 ) ) ;
#3182 = PLANE ( 'NONE',  #10191 ) ;
#3181 = VECTOR ( 'NONE', #10779, 1000.000000000000000 ) ;
#3183 = CIRCLE ( 'NONE', #597, 0.01901193750893732937 ) ;
#3184 = PRESENTATION_LAYER_ASSIGNMENT (  '', '', ( #2970 ) ) ;
#3185 =( NAMED_UNIT ( * ) SI_UNIT ( $, .STERADIAN. ) SOLID_ANGLE_UNIT ( ) );
#3186 = AXIS2_PLACEMENT_3D ( 'NONE', #364, #7150, #11879 ) ;
#3187 = SURFACE_STYLE_USAGE ( .BOTH. , #7099 ) ;
#3188 = EDGE_CURVE ( 'NONE', #3575, #11972, #8295, .T. ) ;
#3189 = CARTESIAN_POINT ( 'NONE',  ( -0.7740119375089362652, 0.5700000000000000622, -0.3249999999999980682 ) ) ;
#3190 = CARTESIAN_POINT ( 'NONE',  ( -0.9159880624910599067, 0.5600000000000000533, -0.7849999999999992539 ) ) ;
#3191 = COLOUR_RGB ( '',0.6666666666666666297, 0.6980392156862744724, 0.7686274509803920907 ) ;
#3192 = PRESENTATION_STYLE_ASSIGNMENT (( #5172 ) ) ;
#3193 = EDGE_CURVE ( 'NONE', #7438, #951, #4366, .T. ) ;
#3194 = AXIS2_PLACEMENT_3D ( 'NONE', #7656, #3747, #6575 ) ;
#3195 = ORIENTED_EDGE ( 'NONE', *, *, #12393, .T. ) ;
#3196 = VECTOR ( 'NONE', #6046, 1000.000000000000000 ) ;
#3197 = PLANE ( 'NONE',  #6467 ) ;
#3198 = ORIENTED_EDGE ( 'NONE', *, *, #4932, .F. ) ;
#3199 = DIRECTION ( 'NONE',  ( -0.000000000000000000, -0.000000000000000000, -1.000000000000000000 ) ) ;
#3200 = AXIS2_PLACEMENT_3D ( 'NONE', #5529, #6742, #911 ) ;
#3201 = SURFACE_SIDE_STYLE ('',( #9948 ) ) ;
#3202 = ORIENTED_EDGE ( 'NONE', *, *, #6045, .T. ) ;
#3203 = DIRECTION ( 'NONE',  ( 0.000000000000000000, 0.000000000000000000, -1.000000000000000000 ) ) ;
#3204 = ORIENTED_EDGE ( 'NONE', *, *, #10372, .F. ) ;
#3205 = SURFACE_STYLE_FILL_AREA ( #2256 ) ;
#3206 = EDGE_LOOP ( 'NONE', ( #7630, #9355, #8703, #7396 ) ) ;
#3207 = DIRECTION ( 'NONE',  ( -1.084202172485501594E-14, 0.000000000000000000, -1.000000000000000000 ) ) ;
#3208 = DIRECTION ( 'NONE',  ( 0.000000000000000000, -0.000000000000000000, -1.000000000000000000 ) ) ;
#3209 = ADVANCED_FACE ( 'NONE', ( #6325 ), #10374, .F. ) ;
#3210 = PRESENTATION_STYLE_ASSIGNMENT (( #276 ) ) ;
#3211 = CARTESIAN_POINT ( 'NONE',  ( 0.7740119375089367093, 0.5700000000000000622, -0.3249999999999981237 ) ) ;
#3212 = VECTOR ( 'NONE', #7218, 1000.000000000000000 ) ;
#3213 = SURFACE_STYLE_FILL_AREA ( #10905 ) ;
#3214 = ORIENTED_EDGE ( 'NONE', *, *, #11291, .F. ) ;
#3215 = CARTESIAN_POINT ( 'NONE',  ( 0.7740119375089352660, 0.5600000000000000533, 0.7849999999999981437 ) ) ;
#3216 = UNCERTAINTY_MEASURE_WITH_UNIT (LENGTH_MEASURE( 1.000000000000000082E-05 ), #6471, 'distance_accuracy_value', 'NONE');
#3217 = VERTEX_POINT ( 'NONE', #2683 ) ;
#3218 = CARTESIAN_POINT ( 'NONE',  ( 0.3190119375089376930, 0.5500000000000000444, -0.7449999999999977751 ) ) ;
#3219 = CARTESIAN_POINT ( 'NONE',  ( 0.4809880624910630176, 0.5600000000000000533, 0.9159880624910591296 ) ) ;
#3220 = CARTESIAN_POINT ( 'NONE',  ( -0.9159880624910601288, 0.5600000000000000533, -0.7559880624910617630 ) ) ;
#3221 = DIRECTION ( 'NONE',  ( 1.000000000000000000, -0.000000000000000000, 7.636510523315148333E-15 ) ) ;
#3222 = CARTESIAN_POINT ( 'NONE',  ( -0.3000000000000000444, 0.5700000000000000622, -0.9159880624910602398 ) ) ;
#3223 = VERTEX_POINT ( 'NONE', #11267 ) ;
#3224 = DIRECTION ( 'NONE',  ( 1.000000000000000000, 0.000000000000000000, 0.000000000000000000 ) ) ;
#3225 = CARTESIAN_POINT ( 'NONE',  ( -0.08098806249106234312, 0.5700000000000000622, 0.7549999999999982281 ) ) ;
#3226 = CARTESIAN_POINT ( 'NONE',  ( 0.5000000000000000000, 0.5700000000000000622, -0.3563859338365494844 ) ) ;
#3227 = UNCERTAINTY_MEASURE_WITH_UNIT (LENGTH_MEASURE( 1.000000000000000082E-05 ), #3709, 'distance_accuracy_value', 'NONE');
#3228 = DIRECTION ( 'NONE',  ( -1.000000000000000000, 0.000000000000000000, 0.000000000000000000 ) ) ;
#3229 = DIRECTION ( 'NONE',  ( -0.000000000000000000, -1.000000000000000000, -0.000000000000000000 ) ) ;
#3230 = ADVANCED_FACE ( 'NONE', ( #12279 ), #61, .F. ) ;
#3231 = ORIENTED_EDGE ( 'NONE', *, *, #3951, .T. ) ;
#3232 = CARTESIAN_POINT ( 'NONE',  ( -0.08098806249106234312, 0.5700000000000000622, 0.7740119375089372644 ) ) ;
#3233 =( NAMED_UNIT ( * ) PLANE_ANGLE_UNIT ( ) SI_UNIT ( $, .RADIAN. ) );
#3234 = TOROIDAL_SURFACE ( 'NONE', #5211, 0.02901193750893743539, 0.01000000000000000021 ) ;
#3235 = ORIENTED_EDGE ( 'NONE', *, *, #5079, .F. ) ;
#3236 = CIRCLE ( 'NONE', #9319, 0.01000000000000002623 ) ;
#3237 = CIRCLE ( 'NONE', #7068, 0.01901193750893732937 ) ;
#3238 = DIRECTION ( 'NONE',  ( 1.000000000000000000, 0.000000000000000000, 0.000000000000000000 ) ) ;
#3239 = LINE ( 'NONE', #11756, #8825 ) ;
#3240 = DIRECTION ( 'NONE',  ( -3.346796241128596237E-15, 0.000000000000000000, 1.000000000000000000 ) ) ;
#3241 = LINE ( 'NONE', #11694, #4396 ) ;
#3242 = UNCERTAINTY_MEASURE_WITH_UNIT (LENGTH_MEASURE( 1.000000000000000082E-05 ), #10674, 'distance_accuracy_value', 'NONE');
#3243 = PRESENTATION_STYLE_ASSIGNMENT (( #127 ) ) ;
#3244 = ORIENTED_EDGE ( 'NONE', *, *, #9464, .T. ) ;
#3245 = FACE_OUTER_BOUND ( 'NONE', #226, .T. ) ;
#3246 = CIRCLE ( 'NONE', #4823, 0.01901193750893738141 ) ;
#3247 = PRESENTATION_LAYER_ASSIGNMENT (  '', '', ( #5226 ) ) ;
#3248 = ADVANCED_FACE ( 'NONE', ( #8496 ), #8897, .F. ) ;
#3249 = LINE ( 'NONE', #12209, #9432 ) ;
#3250 =( GEOMETRIC_REPRESENTATION_CONTEXT ( 3 ) GLOBAL_UNCERTAINTY_ASSIGNED_CONTEXT ( ( #6232 ) ) GLOBAL_UNIT_ASSIGNED_CONTEXT ( ( #7714, #8490, #5670 ) ) REPRESENTATION_CONTEXT ( 'NONE', 'WORKASPACE' ) );
#3251 = CARTESIAN_POINT ( 'NONE',  ( 0.7740119375089367093, 0.5700000000000000622, -0.3249999999999981237 ) ) ;
#3252 = CARTESIAN_POINT ( 'NONE',  ( -0.7740119375089351550, 0.5700000000000000622, 0.5749999999999981792 ) ) ;
#3253 = CARTESIAN_POINT ( 'NONE',  ( -0.5100000000000000089, 0.5600000000000000533, -0.4800000000000002043 ) ) ;
#3254 = DIRECTION ( 'NONE',  ( 0.000000000000000000, -1.000000000000000000, 0.000000000000000000 ) ) ;
#3255 = COLOUR_RGB ( '',0.6666666666666666297, 0.6980392156862744724, 0.7686274509803920907 ) ;
#3256 = DIRECTION ( 'NONE',  ( -0.000000000000000000, -1.000000000000000000, -0.000000000000000000 ) ) ;
#3257 = VECTOR ( 'NONE', #8175, 1000.000000000000000 ) ;
#3258 = ORIENTED_EDGE ( 'NONE', *, *, #9046, .F. ) ;
#3259 =( LENGTH_UNIT ( ) NAMED_UNIT ( * ) SI_UNIT ( .MILLI., .METRE. ) );
#3260 = STYLED_ITEM ( 'NONE', ( #108 ), #3563 ) ;
#3261 = ORIENTED_EDGE ( 'NONE', *, *, #12026, .T. ) ;
#3262 = DIRECTION ( 'NONE',  ( 0.000000000000000000, -1.000000000000000000, 0.000000000000000000 ) ) ;
#3263 = VERTEX_POINT ( 'NONE', #11207 ) ;
#3264 = PRESENTATION_LAYER_ASSIGNMENT (  '', '', ( #2660 ) ) ;
#3265 = ADVANCED_FACE ( 'NONE', ( #9605 ), #1055, .F. ) ;
#3266 = EDGE_CURVE ( 'NONE', #1606, #1537, #3868, .T. ) ;
#3267 = CARTESIAN_POINT ( 'NONE',  ( -0.5000000000000000000, 0.5700000000000000622, 0.4999999999999997780 ) ) ;
#3268 = PRESENTATION_LAYER_ASSIGNMENT (  '', '', ( #12129 ) ) ;
#3269 = ORIENTED_EDGE ( 'NONE', *, *, #3100, .T. ) ;
#3270 = COLOUR_RGB ( '',0.6666666666666666297, 0.6980392156862744724, 0.7686274509803920907 ) ;
#3271 = FILL_AREA_STYLE_COLOUR ( '', #4833 ) ;
#3272 = EDGE_LOOP ( 'NONE', ( #1510, #4613, #9551, #4603 ) ) ;
#3273 = LINE ( 'NONE', #2315, #6872 ) ;
#3274 = ORIENTED_EDGE ( 'NONE', *, *, #7159, .T. ) ;
#3275 = SURFACE_SIDE_STYLE ('',( #513 ) ) ;
#3276 = CIRCLE ( 'NONE', #4268, 0.01000000000000002623 ) ;
#3277 = DIRECTION ( 'NONE',  ( 0.000000000000000000, 0.000000000000000000, -1.000000000000000000 ) ) ;
#3278 = AXIS2_PLACEMENT_3D ( 'NONE', #3253, #7909, #4310 ) ;
#3279 = FACE_OUTER_BOUND ( 'NONE', #5445, .T. ) ;
#3280 = LINE ( 'NONE', #8055, #5977 ) ;
#3281 = EDGE_LOOP ( 'NONE', ( #5212, #1669, #11720, #710 ) ) ;
#3282 = CIRCLE ( 'NONE', #12142, 0.01000000000000002623 ) ;
#3283 = STYLED_ITEM ( 'NONE', ( #4367 ), #6420 ) ;
#3284 = FACE_OUTER_BOUND ( 'NONE', #10462, .T. ) ;
#3285 = ORIENTED_EDGE ( 'NONE', *, *, #9972, .T. ) ;
#3286 = SURFACE_SIDE_STYLE ('',( #11918 ) ) ;
#3287 = CARTESIAN_POINT ( 'NONE',  ( -0.9159880624910616831, 0.5600000000000000533, -0.3059880624910617519 ) ) ;
#3288 = LINE ( 'NONE', #10986, #3415 ) ;
#3289 = ADVANCED_FACE ( 'NONE', ( #5803 ), #9674, .F. ) ;
#3290 =( NAMED_UNIT ( * ) SI_UNIT ( $, .STERADIAN. ) SOLID_ANGLE_UNIT ( ) );
#3291 = SURFACE_STYLE_FILL_AREA ( #11926 ) ;
#3292 = DIRECTION ( 'NONE',  ( -0.000000000000000000, 1.000000000000000000, -0.000000000000000000 ) ) ;
#3293 = DIRECTION ( 'NONE',  ( -0.000000000000000000, -1.000000000000000000, -0.000000000000000000 ) ) ;
#3294 = DIRECTION ( 'NONE',  ( -3.722798880116137554E-15, -0.000000000000000000, -1.000000000000000000 ) ) ;
#3295 = DIRECTION ( 'NONE',  ( 0.000000000000000000, 0.000000000000000000, 1.000000000000000000 ) ) ;
#3296 = VECTOR ( 'NONE', #10552, 1000.000000000000000 ) ;
#3297 =( LENGTH_UNIT ( ) NAMED_UNIT ( * ) SI_UNIT ( .MILLI., .METRE. ) );
#3298 = ADVANCED_FACE ( 'NONE', ( #6897 ), #8988, .T. ) ;
#3299 = DIRECTION ( 'NONE',  ( 0.000000000000000000, 0.000000000000000000, -1.000000000000000000 ) ) ;
#3300 = CIRCLE ( 'NONE', #5904, 0.01901193750893743692 ) ;
#3301 = SURFACE_STYLE_USAGE ( .BOTH. , #8022 ) ;
#3302 = CARTESIAN_POINT ( 'NONE',  ( 0.9349999999999997202, 0.5700000000000000622, -0.1440119375089366494 ) ) ;
#3303 = EDGE_LOOP ( 'NONE', ( #3816, #2081, #5623, #5308 ) ) ;
#3304 = CARTESIAN_POINT ( 'NONE',  ( -0.9349999999999976108, 0.5700000000000000622, -0.5940119375089366605 ) ) ;
#3305 =( LENGTH_UNIT ( ) NAMED_UNIT ( * ) SI_UNIT ( .MILLI., .METRE. ) );
#3306 = ADVANCED_FACE ( 'NONE', ( #2289 ), #8920, .F. ) ;
#3307 = ORIENTED_EDGE ( 'NONE', *, *, #6487, .T. ) ;
#3308 = COLOUR_RGB ( '',0.6666666666666666297, 0.6980392156862744724, 0.7686274509803920907 ) ;
#3309 =( LENGTH_UNIT ( ) NAMED_UNIT ( * ) SI_UNIT ( .MILLI., .METRE. ) );
#3310 = ORIENTED_EDGE ( 'NONE', *, *, #5319, .F. ) ;
#3311 = SURFACE_STYLE_FILL_AREA ( #11952 ) ;
#3312 = SURFACE_STYLE_USAGE ( .BOTH. , #11203 ) ;
#3313 = DIRECTION ( 'NONE',  ( 0.000000000000000000, 0.000000000000000000, 1.000000000000000000 ) ) ;
#3314 = VECTOR ( 'NONE', #11186, 1000.000000000000000 ) ;
#3315 = CARTESIAN_POINT ( 'NONE',  ( 0.9449999999999980638, 0.5600000000000000533, -0.7559880624910617630 ) ) ;
#3316 = DIRECTION ( 'NONE',  ( 0.000000000000000000, 0.000000000000000000, -1.000000000000000000 ) ) ;
#3317 = ORIENTED_EDGE ( 'NONE', *, *, #3103, .T. ) ;
#3318 = EDGE_LOOP ( 'NONE', ( #1739, #8126 ) ) ;
#3319 = CARTESIAN_POINT ( 'NONE',  ( 0.9159880624910606839, 0.5700000000000000622, -0.5940119375089365494 ) ) ;
#3320 = STYLED_ITEM ( 'NONE', ( #10204 ), #8453 ) ;
#3321 = ORIENTED_EDGE ( 'NONE', *, *, #4979, .T. ) ;
#3322 = ORIENTED_EDGE ( 'NONE', *, *, #11206, .T. ) ;
#3323 = DIRECTION ( 'NONE',  ( 0.000000000000000000, -1.000000000000000000, 0.000000000000000000 ) ) ;
#3324 =( LENGTH_UNIT ( ) NAMED_UNIT ( * ) SI_UNIT ( .MILLI., .METRE. ) );
#3325 = VERTEX_POINT ( 'NONE', #6172 ) ;
#3326 = CARTESIAN_POINT ( 'NONE',  ( -0.9159880624910602398, 0.5700000000000000622, -0.5940119375089365494 ) ) ;
#3327 = EDGE_LOOP ( 'NONE', ( #10704, #9795, #8888, #1996 ) ) ;
#3328 = FACE_OUTER_BOUND ( 'NONE', #10458, .T. ) ;
#3329 = CIRCLE ( 'NONE', #4705, 0.01000000000000002623 ) ;
#3330 = CARTESIAN_POINT ( 'NONE',  ( -0.9159880624910617941, 0.5600000000000000533, 0.1440119375089366216 ) ) ;
#3331 = DIRECTION ( 'NONE',  ( -0.000000000000000000, 1.000000000000000000, -0.000000000000000000 ) ) ;
#3332 = FACE_OUTER_BOUND ( 'NONE', #1629, .T. ) ;
#3333 = EDGE_CURVE ( 'NONE', #1537, #575, #8292, .T. ) ;
#3334 =( NAMED_UNIT ( * ) SI_UNIT ( $, .STERADIAN. ) SOLID_ANGLE_UNIT ( ) );
#3335 = EDGE_CURVE ( 'NONE', #3625, #10708, #1291, .T. ) ;
#3336 = VERTEX_POINT ( 'NONE', #5031 ) ;
#3337 = UNCERTAINTY_MEASURE_WITH_UNIT (LENGTH_MEASURE( 1.000000000000000082E-05 ), #12152, 'distance_accuracy_value', 'NONE');
#3338 = VERTEX_POINT ( 'NONE', #301 ) ;
#3339 = DIRECTION ( 'NONE',  ( -1.000000000000000000, -0.000000000000000000, -7.636510523315148333E-15 ) ) ;
#3340 = MECHANICAL_DESIGN_GEOMETRIC_PRESENTATION_REPRESENTATION (  '', ( #7168 ), #4139 ) ;
#3341 = SURFACE_STYLE_FILL_AREA ( #11121 ) ;
#3342 = DIRECTION ( 'NONE',  ( -1.084202172485501594E-14, 0.000000000000000000, 1.000000000000000000 ) ) ;
#3343 = DIRECTION ( 'NONE',  ( -0.000000000000000000, -1.000000000000000000, -0.000000000000000000 ) ) ;
#3344 = ADVANCED_FACE ( 'NONE', ( #4109 ), #11802, .F. ) ;
#3345 = CYLINDRICAL_SURFACE ( 'NONE', #2177, 0.01000000000000002623 ) ;
#3346 = EDGE_CURVE ( 'NONE', #647, #124, #6270, .T. ) ;
#3347 = FACE_BOUND ( 'NONE', #12229, .T. ) ;
#3348 = UNCERTAINTY_MEASURE_WITH_UNIT (LENGTH_MEASURE( 1.000000000000000082E-05 ), #6404, 'distance_accuracy_value', 'NONE');
#3349 = CIRCLE ( 'NONE', #2750, 0.02901193750893730008 ) ;
#3350 =( LENGTH_UNIT ( ) NAMED_UNIT ( * ) SI_UNIT ( .MILLI., .METRE. ) );
#3351 =( LENGTH_UNIT ( ) NAMED_UNIT ( * ) SI_UNIT ( .MILLI., .METRE. ) );
#3352 = MECHANICAL_DESIGN_GEOMETRIC_PRESENTATION_REPRESENTATION (  '', ( #3557 ), #1551 ) ;
#3353 = FILL_AREA_STYLE ('',( #6170 ) ) ;
#3354 = DIRECTION ( 'NONE',  ( 1.084202172485501594E-14, 0.000000000000000000, -1.000000000000000000 ) ) ;
#3355 =( NAMED_UNIT ( * ) PLANE_ANGLE_UNIT ( ) SI_UNIT ( $, .RADIAN. ) );
#3356 = AXIS2_PLACEMENT_3D ( 'NONE', #3416, #10147, #9151 ) ;
#3357 = CARTESIAN_POINT ( 'NONE',  ( -0.1000000000000026840, 0.5600000000000000533, 0.7740119375089368203 ) ) ;
#3358 = ORIENTED_EDGE ( 'NONE', *, *, #28, .T. ) ;
#3359 = DIRECTION ( 'NONE',  ( -2.168404344971003188E-14, 0.000000000000000000, 1.000000000000000000 ) ) ;
#3360 =( NAMED_UNIT ( * ) PLANE_ANGLE_UNIT ( ) SI_UNIT ( $, .RADIAN. ) );
#3361 = EDGE_CURVE ( 'NONE', #10139, #5431, #870, .T. ) ;
#3362 = CARTESIAN_POINT ( 'NONE',  ( -0.9999999999999997780, 0.5500000000000000444, -0.6874999999999993339 ) ) ;
#3363 = ORIENTED_EDGE ( 'NONE', *, *, #10122, .T. ) ;
#3364 = SURFACE_SIDE_STYLE ('',( #6378 ) ) ;
#3365 = AXIS2_PLACEMENT_3D ( 'NONE', #4075, #5183, #2249 ) ;
#3366 = UNCERTAINTY_MEASURE_WITH_UNIT (LENGTH_MEASURE( 1.000000000000000082E-05 ), #629, 'distance_accuracy_value', 'NONE');
#3367 = ORIENTED_EDGE ( 'NONE', *, *, #423, .F. ) ;
#3368 = CARTESIAN_POINT ( 'NONE',  ( -0.9159880624910602398, 0.5600000000000000533, 0.5940119375089365494 ) ) ;
#3369 = FILL_AREA_STYLE_COLOUR ( '', #9590 ) ;
#3370 = CIRCLE ( 'NONE', #6387, 0.01000000000000002623 ) ;
#3371 =( NAMED_UNIT ( * ) PLANE_ANGLE_UNIT ( ) SI_UNIT ( $, .RADIAN. ) );
#3372 = PRESENTATION_LAYER_ASSIGNMENT (  '', '', ( #8826 ) ) ;
#3373 = VECTOR ( 'NONE', #3913, 1000.000000000000000 ) ;
#3374 = MECHANICAL_DESIGN_GEOMETRIC_PRESENTATION_REPRESENTATION (  '', ( #4555 ), #1175 ) ;
#3375 = CARTESIAN_POINT ( 'NONE',  ( 0.9159880624910605729, 0.5600000000000000533, 0.7559880624910617630 ) ) ;
#3376 = DIRECTION ( 'NONE',  ( -0.000000000000000000, -1.000000000000000000, 0.000000000000000000 ) ) ;
#3377 = LINE ( 'NONE', #7232, #150 ) ;
#3378 = CIRCLE ( 'NONE', #8204, 0.02901193750893746315 ) ;
#3379 = CARTESIAN_POINT ( 'NONE',  ( -0.7449999999999976641, 0.5500000000000000444, -0.5940119375089355502 ) ) ;
#3380 = DIRECTION ( 'NONE',  ( -8.554116370116080204E-15, 0.000000000000000000, -1.000000000000000000 ) ) ;
#3381 = ORIENTED_EDGE ( 'NONE', *, *, #8130, .T. ) ;
#3382 = PRESENTATION_LAYER_ASSIGNMENT (  '', '', ( #11836 ) ) ;
#3383 = ORIENTED_EDGE ( 'NONE', *, *, #6089, .F. ) ;
#3385 = SURFACE_SIDE_STYLE ('',( #10126 ) ) ;
#3384 = AXIS2_PLACEMENT_3D ( 'NONE', #1420, #11995, #3359 ) ;
#3386 = VECTOR ( 'NONE', #1239, 1000.000000000000000 ) ;
#3387 =( GEOMETRIC_REPRESENTATION_CONTEXT ( 3 ) GLOBAL_UNCERTAINTY_ASSIGNED_CONTEXT ( ( #3984 ) ) GLOBAL_UNIT_ASSIGNED_CONTEXT ( ( #1431, #3371, #8361 ) ) REPRESENTATION_CONTEXT ( 'NONE', 'WORKASPACE' ) );
#3388 = EDGE_LOOP ( 'NONE', ( #8330, #3654, #381, #5258, #396, #7657, #5515, #10768 ) ) ;
#3389 = ORIENTED_EDGE ( 'NONE', *, *, #11208, .F. ) ;
#3390 = FACE_OUTER_BOUND ( 'NONE', #763, .T. ) ;
#3391 = SURFACE_STYLE_USAGE ( .BOTH. , #7423 ) ;
#3392 = EDGE_CURVE ( 'NONE', #6148, #4507, #4524, .T. ) ;
#3393 = ORIENTED_EDGE ( 'NONE', *, *, #1944, .F. ) ;
#3394 = PRESENTATION_LAYER_ASSIGNMENT (  '', '', ( #8850 ) ) ;
#3395 = FILL_AREA_STYLE ('',( #12025 ) ) ;
#3396 = AXIS2_PLACEMENT_3D ( 'NONE', #6242, #10105, #4353 ) ;
#3397 = EDGE_LOOP ( 'NONE', ( #2052, #9741, #2443, #676, #8405, #11831, #4097, #5110 ) ) ;
#3398 = VECTOR ( 'NONE', #12323, 1000.000000000000000 ) ;
#3399 = PRESENTATION_STYLE_ASSIGNMENT (( #12029 ) ) ;
#3400 = CARTESIAN_POINT ( 'NONE',  ( -0.9349999999999993872, 0.5700000000000000622, -0.1440119375089365938 ) ) ;
#3401 = PRESENTATION_STYLE_ASSIGNMENT (( #8177 ) ) ;
#3402 = CARTESIAN_POINT ( 'NONE',  ( 0.7740119375089365983, 0.5700000000000000622, 0.3249999999999982347 ) ) ;
#3403 = ORIENTED_EDGE ( 'NONE', *, *, #5104, .F. ) ;
#3404 = ORIENTED_EDGE ( 'NONE', *, *, #9133, .F. ) ;
#3405 = CIRCLE ( 'NONE', #1601, 0.01999999999999999695 ) ;
#3406 = CIRCLE ( 'NONE', #2004, 0.01000000000000002623 ) ;
#3407 = DIRECTION ( 'NONE',  ( 1.000000000000000000, 0.000000000000000000, -0.000000000000000000 ) ) ;
#3408 = FILL_AREA_STYLE ('',( #12040 ) ) ;
#3409 = PRESENTATION_LAYER_ASSIGNMENT (  '', '', ( #4981 ) ) ;
#3410 = CARTESIAN_POINT ( 'NONE',  ( 0.1099999999999983630, 0.5600000000000000533, -0.7740119375089385967 ) ) ;
#3411 = EDGE_CURVE ( 'NONE', #11962, #5882, #1862, .T. ) ;
#3412 = CARTESIAN_POINT ( 'NONE',  ( 0.7740119375089370424, 0.5700000000000000622, -0.1440119375089355669 ) ) ;
#3413 = DIRECTION ( 'NONE',  ( 1.084202172485501594E-14, 0.000000000000000000, -1.000000000000000000 ) ) ;
#3414 = MECHANICAL_DESIGN_GEOMETRIC_PRESENTATION_REPRESENTATION (  '', ( #10666 ), #2197 ) ;
#3415 = VECTOR ( 'NONE', #9490, 1000.000000000000000 ) ;
#3416 = CARTESIAN_POINT ( 'NONE',  ( -0.3190119375089374709, 0.5700000000000000622, -0.9159880624910602398 ) ) ;
#3417 =( LENGTH_UNIT ( ) NAMED_UNIT ( * ) SI_UNIT ( .MILLI., .METRE. ) );
#3418 = FILL_AREA_STYLE ('',( #725 ) ) ;
#3419 = DIRECTION ( 'NONE',  ( -0.000000000000000000, -1.000000000000000000, -0.000000000000000000 ) ) ;
#3420 = PRESENTATION_STYLE_ASSIGNMENT (( #4289 ) ) ;
#3421 = EDGE_CURVE ( 'NONE', #3592, #4172, #5478, .T. ) ;
#3422 = CARTESIAN_POINT ( 'NONE',  ( 0.7740119375089352660, 0.5600000000000000533, -0.7849999999999981437 ) ) ;
#3423 = SURFACE_STYLE_USAGE ( .BOTH. , #538 ) ;
#3424 = VERTEX_POINT ( 'NONE', #1604 ) ;
#3425 = CARTESIAN_POINT ( 'NONE',  ( -0.2899999999999999800, 0.5500000000000000444, 0.9159880624910602398 ) ) ;
#3426 = FILL_AREA_STYLE ('',( #1721 ) ) ;
#3427 = FILL_AREA_STYLE_COLOUR ( '', #2155 ) ;
#3428 = ORIENTED_EDGE ( 'NONE', *, *, #6894, .F. ) ;
#3429 = DIRECTION ( 'NONE',  ( -0.000000000000000000, 1.000000000000000000, -0.000000000000000000 ) ) ;
#3430 = VECTOR ( 'NONE', #8866, 1000.000000000000000 ) ;
#3431 =( LENGTH_UNIT ( ) NAMED_UNIT ( * ) SI_UNIT ( .MILLI., .METRE. ) );
#3432 = EDGE_LOOP ( 'NONE', ( #11725, #11286, #1738, #11408 ) ) ;
#3433 =( NAMED_UNIT ( * ) SI_UNIT ( $, .STERADIAN. ) SOLID_ANGLE_UNIT ( ) );
#3434 = PRESENTATION_STYLE_ASSIGNMENT (( #12077 ) ) ;
#3435 = FACE_OUTER_BOUND ( 'NONE', #9076, .T. ) ;
#3436 = EDGE_CURVE ( 'NONE', #5746, #4386, #268, .T. ) ;
#3437 = VECTOR ( 'NONE', #1911, 1000.000000000000000 ) ;
#3438 =( NAMED_UNIT ( * ) PLANE_ANGLE_UNIT ( ) SI_UNIT ( $, .RADIAN. ) );
#3439 = PRESENTATION_LAYER_ASSIGNMENT (  '', '', ( #1044 ) ) ;
#3440 = FACE_OUTER_BOUND ( 'NONE', #9764, .T. ) ;
#3441 =( NAMED_UNIT ( * ) PLANE_ANGLE_UNIT ( ) SI_UNIT ( $, .RADIAN. ) );
#3442 = FILL_AREA_STYLE ('',( #4189 ) ) ;
#3443 = SURFACE_SIDE_STYLE ('',( #10250 ) ) ;
#3444 = CARTESIAN_POINT ( 'NONE',  ( -0.7740119375089365983, 0.5700000000000000622, -0.1440119375089355669 ) ) ;
#3445 = EDGE_LOOP ( 'NONE', ( #10080, #4623, #10270, #3512 ) ) ;
#3446 = ORIENTED_EDGE ( 'NONE', *, *, #7608, .F. ) ;
#3447 = SURFACE_SIDE_STYLE ('',( #10063 ) ) ;
#3448 = TOROIDAL_SURFACE ( 'NONE', #11501, 0.02901193750893749090, 0.01000000000000000021 ) ;
#3449 = VERTEX_POINT ( 'NONE', #9107 ) ;
#3450 = VERTEX_POINT ( 'NONE', #10101 ) ;
#3451 =( NAMED_UNIT ( * ) SI_UNIT ( $, .STERADIAN. ) SOLID_ANGLE_UNIT ( ) );
#3452 = PRESENTATION_LAYER_ASSIGNMENT (  '', '', ( #2447 ) ) ;
#3453 = DIRECTION ( 'NONE',  ( -1.000000000000000000, 0.000000000000000000, 0.000000000000000000 ) ) ;
#3454 = EDGE_CURVE ( 'NONE', #4200, #12096, #1253, .T. ) ;
#3455 = ORIENTED_EDGE ( 'NONE', *, *, #86, .T. ) ;
#3456 = ORIENTED_EDGE ( 'NONE', *, *, #3188, .T. ) ;
#3457 = CARTESIAN_POINT ( 'NONE',  ( -0.3190119375089374709, 0.5600000000000000533, -0.9159880624910602398 ) ) ;
#3458 = DIRECTION ( 'NONE',  ( 0.000000000000000000, 0.000000000000000000, -1.000000000000000000 ) ) ;
#3459 = COLOUR_RGB ( '',0.6666666666666666297, 0.6980392156862744724, 0.7686274509803920907 ) ;
#3460 =( GEOMETRIC_REPRESENTATION_CONTEXT ( 3 ) GLOBAL_UNCERTAINTY_ASSIGNED_CONTEXT ( ( #4329 ) ) GLOBAL_UNIT_ASSIGNED_CONTEXT ( ( #5307, #5439, #572 ) ) REPRESENTATION_CONTEXT ( 'NONE', 'WORKASPACE' ) );
#3461 = CIRCLE ( 'NONE', #7290, 0.01000000000000002623 ) ;
#3462 = ORIENTED_EDGE ( 'NONE', *, *, #5804, .F. ) ;
#3463 =( NAMED_UNIT ( * ) SI_UNIT ( $, .STERADIAN. ) SOLID_ANGLE_UNIT ( ) );
#3464 = PRESENTATION_LAYER_ASSIGNMENT (  '', '', ( #4255 ) ) ;
#3465 = SURFACE_SIDE_STYLE ('',( #9391 ) ) ;
#3466 = CARTESIAN_POINT ( 'NONE',  ( 0.4809880624910629066, 0.5700000000000000622, 0.7549999999999966738 ) ) ;
#3467 = PRESENTATION_STYLE_ASSIGNMENT (( #4393 ) ) ;
#3468 = EDGE_CURVE ( 'NONE', #9264, #1507, #9306, .T. ) ;
#3469 = FACE_OUTER_BOUND ( 'NONE', #5926, .T. ) ;
#3470 = UNCERTAINTY_MEASURE_WITH_UNIT (LENGTH_MEASURE( 1.000000000000000082E-05 ), #11293, 'distance_accuracy_value', 'NONE');
#3471 = VERTEX_POINT ( 'NONE', #483 ) ;
#3472 = AXIS2_PLACEMENT_3D ( 'NONE', #1372, #4598, #861 ) ;
#3473 =( GEOMETRIC_REPRESENTATION_CONTEXT ( 3 ) GLOBAL_UNCERTAINTY_ASSIGNED_CONTEXT ( ( #4213 ) ) GLOBAL_UNIT_ASSIGNED_CONTEXT ( ( #1434, #7472, #9123 ) ) REPRESENTATION_CONTEXT ( 'NONE', 'WORKASPACE' ) );
#3474 = SURFACE_STYLE_USAGE ( .BOTH. , #2525 ) ;
#3475 = AXIS2_PLACEMENT_3D ( 'NONE', #1525, #8335, #2409 ) ;
#3476 = FILL_AREA_STYLE_COLOUR ( '', #12010 ) ;
#3477 = MECHANICAL_DESIGN_GEOMETRIC_PRESENTATION_REPRESENTATION (  '', ( #5043 ), #11135 ) ;
#3478 = DIRECTION ( 'NONE',  ( -7.254684997149389260E-15, 0.000000000000000000, -1.000000000000000000 ) ) ;
#3479 = AXIS2_PLACEMENT_3D ( 'NONE', #9570, #946, #33 ) ;
#3480 = FACE_OUTER_BOUND ( 'NONE', #2702, .T. ) ;
#3481 = SURFACE_STYLE_USAGE ( .BOTH. , #2336 ) ;
#3482 = AXIS2_PLACEMENT_3D ( 'NONE', #8741, #8606, #3799 ) ;
#3483 = VECTOR ( 'NONE', #3745, 1000.000000000000000 ) ;
#3484 = CARTESIAN_POINT ( 'NONE',  ( 0.4809880624910628510, 0.5600000000000000533, 0.7449999999999966649 ) ) ;
#3485 = PRESENTATION_STYLE_ASSIGNMENT (( #666 ) ) ;
#3486 = UNCERTAINTY_MEASURE_WITH_UNIT (LENGTH_MEASURE( 1.000000000000000082E-05 ), #4672, 'distance_accuracy_value', 'NONE');
#3487 = DIRECTION ( 'NONE',  ( 0.000000000000000000, 0.000000000000000000, -1.000000000000000000 ) ) ;
#3488 = SURFACE_SIDE_STYLE ('',( #6309 ) ) ;
#3489 = SURFACE_STYLE_FILL_AREA ( #5402 ) ;
#3490 = STYLED_ITEM ( 'NONE', ( #11559 ), #7574 ) ;
#3491 = CARTESIAN_POINT ( 'NONE',  ( 0.08098806249106003941, 0.5700000000000000622, -0.7550000000000006706 ) ) ;
#3492 = ORIENTED_EDGE ( 'NONE', *, *, #6406, .F. ) ;
#3493 = SURFACE_STYLE_FILL_AREA ( #12137 ) ;
#3494 = ORIENTED_EDGE ( 'NONE', *, *, #9539, .F. ) ;
#3495 = EDGE_CURVE ( 'NONE', #7727, #7051, #678, .T. ) ;
#3496 = LINE ( 'NONE', #11312, #3814 ) ;
#3497 = EDGE_CURVE ( 'NONE', #7913, #3017, #2659, .T. ) ;
#3498 = EDGE_LOOP ( 'NONE', ( #10387, #4111, #9454, #10581 ) ) ;
#3499 = PRESENTATION_STYLE_ASSIGNMENT (( #8360 ) ) ;
#3500 =( GEOMETRIC_REPRESENTATION_CONTEXT ( 3 ) GLOBAL_UNCERTAINTY_ASSIGNED_CONTEXT ( ( #5222 ) ) GLOBAL_UNIT_ASSIGNED_CONTEXT ( ( #11794, #8791, #7073 ) ) REPRESENTATION_CONTEXT ( 'NONE', 'WORKASPACE' ) );
#3501 = FILL_AREA_STYLE_COLOUR ( '', #7769 ) ;
#3502 = SURFACE_STYLE_USAGE ( .BOTH. , #554 ) ;
#3503 = SURFACE_SIDE_STYLE ('',( #11329 ) ) ;
#3504 = DIRECTION ( 'NONE',  ( -1.531435568635770974E-13, 1.000000000000000000, 0.000000000000000000 ) ) ;
#3505 = DIRECTION ( 'NONE',  ( -1.000000000000000000, 0.000000000000000000, -2.168404344971009184E-14 ) ) ;
#3506 = ADVANCED_FACE ( 'NONE', ( #8347 ), #7271, .T. ) ;
#3507 = VERTEX_POINT ( 'NONE', #11488 ) ;
#3508 = PRESENTATION_STYLE_ASSIGNMENT (( #8504 ) ) ;
#3509 = EDGE_CURVE ( 'NONE', #4257, #4371, #1656, .T. ) ;
#3510 = ORIENTED_EDGE ( 'NONE', *, *, #1896, .T. ) ;
#3511 = DIRECTION ( 'NONE',  ( 1.084202172485501594E-14, 0.000000000000000000, -1.000000000000000000 ) ) ;
#3512 = ORIENTED_EDGE ( 'NONE', *, *, #12444, .F. ) ;
#3513 = VERTEX_POINT ( 'NONE', #10419 ) ;
#3514 = PRESENTATION_STYLE_ASSIGNMENT (( #9323 ) ) ;
#3515 = FILL_AREA_STYLE_COLOUR ( '', #9784 ) ;
#3516 = STYLED_ITEM ( 'NONE', ( #12367 ), #10992 ) ;
#3517 = CIRCLE ( 'NONE', #10563, 0.02901193750893551332 ) ;
#3518 = FILL_AREA_STYLE_COLOUR ( '', #7190 ) ;
#3519 = EDGE_LOOP ( 'NONE', ( #7622, #6016, #10041, #8123 ) ) ;
#3520 = CARTESIAN_POINT ( 'NONE',  ( 0.5100000000000004530, 0.5600000000000000533, 0.9159880624910591296 ) ) ;
#3521 = EDGE_LOOP ( 'NONE', ( #5941, #7742, #473, #3019 ) ) ;
#3522 = CARTESIAN_POINT ( 'NONE',  ( -0.5000000000000000000, 0.5600000000000000533, 0.5099999999999997868 ) ) ;
#3523 = VERTEX_POINT ( 'NONE', #11615 ) ;
#3524 = DIRECTION ( 'NONE',  ( 1.000000000000000000, 0.000000000000000000, 0.000000000000000000 ) ) ;
#3525 =( NAMED_UNIT ( * ) PLANE_ANGLE_UNIT ( ) SI_UNIT ( $, .RADIAN. ) );
#3526 = VERTEX_POINT ( 'NONE', #6557 ) ;
#3528 = DIRECTION ( 'NONE',  ( 7.636510523315142022E-15, 0.000000000000000000, -1.000000000000000000 ) ) ;
#3527 = PRESENTATION_LAYER_ASSIGNMENT (  '', '', ( #8976 ) ) ;
#3529 = VECTOR ( 'NONE', #9284, 1000.000000000000000 ) ;
#3530 = EDGE_CURVE ( 'NONE', #3263, #11394, #1973, .T. ) ;
#3531 =( NAMED_UNIT ( * ) SI_UNIT ( $, .STERADIAN. ) SOLID_ANGLE_UNIT ( ) );
#3532 = ORIENTED_EDGE ( 'NONE', *, *, #3635, .T. ) ;
#3533 = CARTESIAN_POINT ( 'NONE',  ( 0.08098806249105926225, 0.5700000000000000622, -0.9350000000000004974 ) ) ;
#3534 = DIRECTION ( 'NONE',  ( 0.000000000000000000, 0.000000000000000000, 1.000000000000000000 ) ) ;
#3535 = AXIS2_PLACEMENT_3D ( 'NONE', #11539, #3657, #9396 ) ;
#3536 = SURFACE_STYLE_FILL_AREA ( #9274 ) ;
#3537 = DIRECTION ( 'NONE',  ( 0.000000000000000000, 1.000000000000000000, 0.000000000000000000 ) ) ;
#3538 = DIRECTION ( 'NONE',  ( 0.000000000000000000, 0.000000000000000000, -1.000000000000000000 ) ) ;
#3539 = DIRECTION ( 'NONE',  ( 0.000000000000000000, 0.000000000000000000, -1.000000000000000000 ) ) ;
#3540 = VECTOR ( 'NONE', #8445, 1000.000000000000000 ) ;
#3541 = DIRECTION ( 'NONE',  ( 0.000000000000000000, 1.000000000000000000, -0.000000000000000000 ) ) ;
#3542 = CARTESIAN_POINT ( 'NONE',  ( -0.7740119375089365983, 0.5700000000000000622, 0.3059880624910606972 ) ) ;
#3543 = CARTESIAN_POINT ( 'NONE',  ( -0.9159880624910602398, 0.5600000000000000533, -0.5749999999999991784 ) ) ;
#3544 = VERTEX_POINT ( 'NONE', #4772 ) ;
#3545 = CIRCLE ( 'NONE', #9593, 0.01901193750893754447 ) ;
#3546 = FILL_AREA_STYLE_COLOUR ( '', #7713 ) ;
#3547 = VERTEX_POINT ( 'NONE', #12388 ) ;
#3548 =( NAMED_UNIT ( * ) PLANE_ANGLE_UNIT ( ) SI_UNIT ( $, .RADIAN. ) );
#3549 = CYLINDRICAL_SURFACE ( 'NONE', #6504, 0.01901193750893743692 ) ;
#3550 = AXIS2_PLACEMENT_3D ( 'NONE', #7674, #11528, #2876 ) ;
#3551 = EDGE_LOOP ( 'NONE', ( #11574, #6444, #2746, #732 ) ) ;
#3552 =( NAMED_UNIT ( * ) PLANE_ANGLE_UNIT ( ) SI_UNIT ( $, .RADIAN. ) );
#3553 = LINE ( 'NONE', #4417, #3212 ) ;
#3554 = FACE_OUTER_BOUND ( 'NONE', #8484, .T. ) ;
#3555 = COLOUR_RGB ( '',0.6666666666666666297, 0.6980392156862744724, 0.7686274509803920907 ) ;
#3556 =( NAMED_UNIT ( * ) SI_UNIT ( $, .STERADIAN. ) SOLID_ANGLE_UNIT ( ) );
#3557 = STYLED_ITEM ( 'NONE', ( #8974 ), #8999 ) ;
#3558 = ORIENTED_EDGE ( 'NONE', *, *, #9236, .T. ) ;
#3559 = CARTESIAN_POINT ( 'NONE',  ( 0.3190119375089380260, 0.5600000000000000533, -0.9349999999999977218 ) ) ;
#3560 = AXIS2_PLACEMENT_3D ( 'NONE', #8561, #12404, #6393 ) ;
#3561 = CARTESIAN_POINT ( 'NONE',  ( 0.9159880624910606839, 0.5700000000000000622, -0.5940119375089365494 ) ) ;
#3562 = EDGE_CURVE ( 'NONE', #12290, #10004, #1843, .T. ) ;
#3563 = ADVANCED_FACE ( 'NONE', ( #7705 ), #10549, .T. ) ;
#3564 = FILL_AREA_STYLE_COLOUR ( '', #1547 ) ;
#3565 = STYLED_ITEM ( 'NONE', ( #7045 ), #9368 ) ;
#3566 =( NAMED_UNIT ( * ) PLANE_ANGLE_UNIT ( ) SI_UNIT ( $, .RADIAN. ) );
#3567 = FILL_AREA_STYLE_COLOUR ( '', #9637 ) ;
#3568 = ORIENTED_EDGE ( 'NONE', *, *, #12007, .F. ) ;
#3569 = VERTEX_POINT ( 'NONE', #2963 ) ;
#3570 = VERTEX_POINT ( 'NONE', #7524 ) ;
#3571 = PRESENTATION_STYLE_ASSIGNMENT (( #12291 ) ) ;
#3572 = DIRECTION ( 'NONE',  ( 0.000000000000000000, -1.000000000000000000, 0.000000000000000000 ) ) ;
#3573 = TOROIDAL_SURFACE ( 'NONE', #10819, 0.02901193750893730008, 0.01000000000000000021 ) ;
#3574 = STYLED_ITEM ( 'NONE', ( #6965 ), #9644 ) ;
#3575 = VERTEX_POINT ( 'NONE', #6814 ) ;
#3576 = EDGE_CURVE ( 'NONE', #1174, #8961, #4263, .T. ) ;
#3577 = FILL_AREA_STYLE_COLOUR ( '', #3776 ) ;
#3578 = PRESENTATION_LAYER_ASSIGNMENT (  '', '', ( #8420 ) ) ;
#3579 = EDGE_CURVE ( 'NONE', #10004, #6200, #1666, .T. ) ;
#3580 = DIRECTION ( 'NONE',  ( 0.000000000000000000, 0.000000000000000000, -1.000000000000000000 ) ) ;
#3581 = ORIENTED_EDGE ( 'NONE', *, *, #9792, .F. ) ;
#3582 = ORIENTED_EDGE ( 'NONE', *, *, #6430, .T. ) ;
#3583 = ORIENTED_EDGE ( 'NONE', *, *, #7573, .T. ) ;
#3584 =( NAMED_UNIT ( * ) SI_UNIT ( $, .STERADIAN. ) SOLID_ANGLE_UNIT ( ) );
#3585 = STYLED_ITEM ( 'NONE', ( #7088 ), #11437 ) ;
#3586 = DIRECTION ( 'NONE',  ( 0.000000000000000000, -1.000000000000000000, 0.000000000000000000 ) ) ;
#3587 =( NAMED_UNIT ( * ) SI_UNIT ( $, .STERADIAN. ) SOLID_ANGLE_UNIT ( ) );
#3588 = VECTOR ( 'NONE', #10042, 1000.000000000000000 ) ;
#3589 = COLOUR_RGB ( '',0.6666666666666666297, 0.6980392156862744724, 0.7686274509803920907 ) ;
#3590 =( LENGTH_UNIT ( ) NAMED_UNIT ( * ) SI_UNIT ( .MILLI., .METRE. ) );
#3591 = UNCERTAINTY_MEASURE_WITH_UNIT (LENGTH_MEASURE( 1.000000000000000082E-05 ), #4957, 'distance_accuracy_value', 'NONE');
#3592 = VERTEX_POINT ( 'NONE', #5662 ) ;
#3593 = DIRECTION ( 'NONE',  ( 0.000000000000000000, 1.000000000000000000, -0.000000000000000000 ) ) ;
#3594 = COLOUR_RGB ( '',0.6666666666666666297, 0.6980392156862744724, 0.7686274509803920907 ) ;
#3595 = AXIS2_PLACEMENT_3D ( 'NONE', #2135, #2322, #4941 ) ;
#3596 = SURFACE_STYLE_USAGE ( .BOTH. , #5388 ) ;
#3597 = PRESENTATION_LAYER_ASSIGNMENT (  '', '', ( #11049 ) ) ;
#3598 = AXIS2_PLACEMENT_3D ( 'NONE', #1362, #9173, #8226 ) ;
#3599 = DIRECTION ( 'NONE',  ( -0.000000000000000000, -1.000000000000000000, -0.000000000000000000 ) ) ;
#3600 = EDGE_CURVE ( 'NONE', #5476, #318, #7642, .T. ) ;
#3601 = VECTOR ( 'NONE', #4546, 1000.000000000000000 ) ;
#3602 = SURFACE_STYLE_FILL_AREA ( #6428 ) ;
#3603 = DIRECTION ( 'NONE',  ( 0.000000000000000000, 1.000000000000000000, 0.000000000000000000 ) ) ;
#3604 = UNCERTAINTY_MEASURE_WITH_UNIT (LENGTH_MEASURE( 1.000000000000000082E-05 ), #1796, 'distance_accuracy_value', 'NONE');
#3605 = UNCERTAINTY_MEASURE_WITH_UNIT (LENGTH_MEASURE( 1.000000000000000082E-05 ), #3417, 'distance_accuracy_value', 'NONE');
#3606 = SURFACE_STYLE_FILL_AREA ( #671 ) ;
#3607 = SURFACE_STYLE_USAGE ( .BOTH. , #10545 ) ;
#3608 = COLOUR_RGB ( '',0.6666666666666666297, 0.6980392156862744724, 0.7686274509803920907 ) ;
#3609 = CIRCLE ( 'NONE', #413, 0.009999999999999998473 ) ;
#3610 = DIRECTION ( 'NONE',  ( -0.000000000000000000, -1.000000000000000000, -0.000000000000000000 ) ) ;
#3611 = ORIENTED_EDGE ( 'NONE', *, *, #9918, .F. ) ;
#3612 =( NAMED_UNIT ( * ) PLANE_ANGLE_UNIT ( ) SI_UNIT ( $, .RADIAN. ) );
#3613 = CARTESIAN_POINT ( 'NONE',  ( 0.7449999999999979972, 0.5600000000000000533, -0.5940119375089355502 ) ) ;
#3614 = CARTESIAN_POINT ( 'NONE',  ( 0.9159880624910621272, 0.5600000000000000533, -0.3059880624910617519 ) ) ;
#3615 = ORIENTED_EDGE ( 'NONE', *, *, #3468, .T. ) ;
#3616 = CARTESIAN_POINT ( 'NONE',  ( -0.4800000000000000377, 0.5500000000000000444, 0.5099999999999997868 ) ) ;
#3617 = FILL_AREA_STYLE ('',( #10159 ) ) ;
#3618 =( NAMED_UNIT ( * ) SI_UNIT ( $, .STERADIAN. ) SOLID_ANGLE_UNIT ( ) );
#3619 = DIRECTION ( 'NONE',  ( -2.168404344971009184E-14, 0.000000000000000000, 1.000000000000000000 ) ) ;
#3620 = CARTESIAN_POINT ( 'NONE',  ( 0.7740119375089354881, 0.5600000000000000533, -0.7559880624910606528 ) ) ;
#3621 = UNCERTAINTY_MEASURE_WITH_UNIT (LENGTH_MEASURE( 1.000000000000000082E-05 ), #12421, 'distance_accuracy_value', 'NONE');
#3622 = EDGE_CURVE ( 'NONE', #2943, #10011, #11301, .T. ) ;
#3623 = FACE_OUTER_BOUND ( 'NONE', #9252, .T. ) ;
#3624 = SURFACE_STYLE_FILL_AREA ( #10430 ) ;
#3625 = VERTEX_POINT ( 'NONE', #6098 ) ;
#3626 = CARTESIAN_POINT ( 'NONE',  ( 0.7740119375089375975, 0.5500000000000000444, 0.1149999999999981870 ) ) ;
#3627 = CARTESIAN_POINT ( 'NONE',  ( 0.4809880624910631841, 0.5700000000000000622, 0.9349999999999966116 ) ) ;
#3628 = CARTESIAN_POINT ( 'NONE',  ( 0.9449999999999997291, 0.5600000000000000533, 0.1440119375089367604 ) ) ;
#3629 = SURFACE_STYLE_FILL_AREA ( #2804 ) ;
#3630 = DIRECTION ( 'NONE',  ( 1.000000000000000000, -0.000000000000000000, 0.000000000000000000 ) ) ;
#3631 = FILL_AREA_STYLE_COLOUR ( '', #7987 ) ;
#3632 = ORIENTED_EDGE ( 'NONE', *, *, #6324, .T. ) ;
#3633 = SURFACE_SIDE_STYLE ('',( #6525 ) ) ;
#3634 = SURFACE_STYLE_FILL_AREA ( #5683 ) ;
#3635 = EDGE_CURVE ( 'NONE', #34, #4793, #4814, .T. ) ;
#3636 = ORIENTED_EDGE ( 'NONE', *, *, #924, .T. ) ;
#3637 = VERTEX_POINT ( 'NONE', #3222 ) ;
#3638 = CYLINDRICAL_SURFACE ( 'NONE', #983, 0.01901193750893743692 ) ;
#3639 = CIRCLE ( 'NONE', #4442, 0.02901193750893746315 ) ;
#3640 = CYLINDRICAL_SURFACE ( 'NONE', #12430, 0.01000000000000002623 ) ;
#3641 = CIRCLE ( 'NONE', #7856, 0.01000000000000002623 ) ;
#3642 = ORIENTED_EDGE ( 'NONE', *, *, #4920, .T. ) ;
#3643 = CARTESIAN_POINT ( 'NONE',  ( 0.1099999999999968087, 0.5600000000000000533, 0.9159880624910630154 ) ) ;
#3644 = EDGE_LOOP ( 'NONE', ( #5442, #8410, #766, #22 ) ) ;
#3645 = CARTESIAN_POINT ( 'NONE',  ( -0.4124999999999993672, 0.4750000000000000333, -1.000000000000000000 ) ) ;
#3646 = CARTESIAN_POINT ( 'NONE',  ( 1.000000000000000222, 0.4749999999999999223, -0.6625000000000009770 ) ) ;
#3647 = PRESENTATION_LAYER_ASSIGNMENT (  '', '', ( #9090 ) ) ;
#3648 = CARTESIAN_POINT ( 'NONE',  ( 0.7740119375089354881, 0.5500000000000000444, -0.5940119375089355502 ) ) ;
#3649 =( GEOMETRIC_REPRESENTATION_CONTEXT ( 3 ) GLOBAL_UNCERTAINTY_ASSIGNED_CONTEXT ( ( #11551 ) ) GLOBAL_UNIT_ASSIGNED_CONTEXT ( ( #4954, #10731, #10789 ) ) REPRESENTATION_CONTEXT ( 'NONE', 'WORKASPACE' ) );
#3650 = SURFACE_SIDE_STYLE ('',( #9520 ) ) ;
#3651 = AXIS2_PLACEMENT_3D ( 'NONE', #5264, #2591, #6228 ) ;
#3652 =( NAMED_UNIT ( * ) SI_UNIT ( $, .STERADIAN. ) SOLID_ANGLE_UNIT ( ) );
#3653 = ADVANCED_FACE ( 'NONE', ( #7002 ), #1262, .F. ) ;
#3654 = ORIENTED_EDGE ( 'NONE', *, *, #1497, .T. ) ;
#3655 = EDGE_CURVE ( 'NONE', #9239, #12023, #5080, .T. ) ;
#3656 = FILL_AREA_STYLE_COLOUR ( '', #2765 ) ;
#3657 = DIRECTION ( 'NONE',  ( -0.000000000000000000, -1.000000000000000000, -0.000000000000000000 ) ) ;
#3658 = AXIS2_PLACEMENT_3D ( 'NONE', #6419, #6294, #12302 ) ;
#3659 =( GEOMETRIC_REPRESENTATION_CONTEXT ( 3 ) GLOBAL_UNCERTAINTY_ASSIGNED_CONTEXT ( ( #8385 ) ) GLOBAL_UNIT_ASSIGNED_CONTEXT ( ( #1281, #11928, #7187 ) ) REPRESENTATION_CONTEXT ( 'NONE', 'WORKASPACE' ) );
#3660 = MECHANICAL_DESIGN_GEOMETRIC_PRESENTATION_REPRESENTATION (  '', ( #2048 ), #6666 ) ;
#3661 = COLOUR_RGB ( '',0.6666666666666666297, 0.6980392156862744724, 0.7686274509803920907 ) ;
#3662 = CARTESIAN_POINT ( 'NONE',  ( 0.4809880624910628510, 0.5500000000000000444, 0.7449999999999966649 ) ) ;
#3663 = CARTESIAN_POINT ( 'NONE',  ( -0.7549999999999994493, 0.5700000000000000622, -0.1440119375089354559 ) ) ;
#3664 =( LENGTH_UNIT ( ) NAMED_UNIT ( * ) SI_UNIT ( .MILLI., .METRE. ) );
#3665 = FILL_AREA_STYLE_COLOUR ( '', #768 ) ;
#3666 = FACE_OUTER_BOUND ( 'NONE', #2229, .T. ) ;
#3667 = DIRECTION ( 'NONE',  ( 2.168404344971003188E-14, 0.000000000000000000, -1.000000000000000000 ) ) ;
#3668 = COLOUR_RGB ( '',0.6666666666666666297, 0.6980392156862744724, 0.7686274509803920907 ) ;
#3669 = LINE ( 'NONE', #7378, #11331 ) ;
#3670 = AXIS2_PLACEMENT_3D ( 'NONE', #9712, #12389, #9767 ) ;
#3671 = EDGE_CURVE ( 'NONE', #9876, #6376, #225, .T. ) ;
#3672 = EDGE_CURVE ( 'NONE', #7390, #2490, #292, .T. ) ;
#3673 =( NAMED_UNIT ( * ) PLANE_ANGLE_UNIT ( ) SI_UNIT ( $, .RADIAN. ) );
#3674 = PRESENTATION_LAYER_ASSIGNMENT (  '', '', ( #5657 ) ) ;
#3675 =( LENGTH_UNIT ( ) NAMED_UNIT ( * ) SI_UNIT ( .MILLI., .METRE. ) );
#3676 = AXIS2_PLACEMENT_3D ( 'NONE', #6913, #7158, #4187 ) ;
#3677 = DIRECTION ( 'NONE',  ( 0.000000000000000000, 0.000000000000000000, -1.000000000000000000 ) ) ;
#3678 = DIRECTION ( 'NONE',  ( 5.132469822069692299E-14, 0.000000000000000000, -1.000000000000000000 ) ) ;
#3679 = EDGE_LOOP ( 'NONE', ( #8085, #2509, #12089, #9387 ) ) ;
#3680 = DIRECTION ( 'NONE',  ( 1.000000000000000000, 0.000000000000000000, 7.636510523315142022E-15 ) ) ;
#3681 = STYLED_ITEM ( 'NONE', ( #11214 ), #1772 ) ;
#3682 = CARTESIAN_POINT ( 'NONE',  ( 0.09999999999999679978, 0.5700000000000000622, 0.9159880624910630154 ) ) ;
#3683 = AXIS2_PLACEMENT_3D ( 'NONE', #2704, #5309, #10197 ) ;
#3684 = EDGE_LOOP ( 'NONE', ( #7971, #6672, #6576, #6589, #631, #11770, #12361, #11877 ) ) ;
#3685 = EDGE_CURVE ( 'NONE', #575, #6906, #1334, .T. ) ;
#3686 = VECTOR ( 'NONE', #8615, 1000.000000000000000 ) ;
#3687 = ORIENTED_EDGE ( 'NONE', *, *, #495, .F. ) ;
#3688 = CARTESIAN_POINT ( 'NONE',  ( -0.9349999999999988320, 0.5600000000000000533, 0.3059880624910618629 ) ) ;
#3689 =( NAMED_UNIT ( * ) SI_UNIT ( $, .STERADIAN. ) SOLID_ANGLE_UNIT ( ) );
#3690 = DIRECTION ( 'NONE',  ( -1.710823274023216041E-14, 0.000000000000000000, -1.000000000000000000 ) ) ;
#3691 = CARTESIAN_POINT ( 'NONE',  ( 0.08098806249105926225, 0.5600000000000000533, -0.9350000000000004974 ) ) ;
#3692 = DIRECTION ( 'NONE',  ( 0.000000000000000000, 0.000000000000000000, -1.000000000000000000 ) ) ;
#3693 =( NAMED_UNIT ( * ) SI_UNIT ( $, .STERADIAN. ) SOLID_ANGLE_UNIT ( ) );
#3694 = CARTESIAN_POINT ( 'NONE',  ( -0.9159880624910602398, 0.5600000000000000533, 0.5749999999999991784 ) ) ;
#3695 = ORIENTED_EDGE ( 'NONE', *, *, #10994, .T. ) ;
#3696 = COLOUR_RGB ( '',0.6666666666666666297, 0.6980392156862744724, 0.7686274509803920907 ) ;
#3697 = DIRECTION ( 'NONE',  ( -0.000000000000000000, -1.000000000000000000, -0.000000000000000000 ) ) ;
#3698 = ORIENTED_EDGE ( 'NONE', *, *, #107, .F. ) ;
#3699 = ORIENTED_EDGE ( 'NONE', *, *, #5539, .T. ) ;
#3700 = DIRECTION ( 'NONE',  ( 0.000000000000000000, 0.000000000000000000, -1.000000000000000000 ) ) ;
#3701 =( NAMED_UNIT ( * ) PLANE_ANGLE_UNIT ( ) SI_UNIT ( $, .RADIAN. ) );
#3702 = EDGE_LOOP ( 'NONE', ( #7004, #11981, #7839, #349 ) ) ;
#3703 = AXIS2_PLACEMENT_3D ( 'NONE', #6561, #2965, #3734 ) ;
#3704 = DIRECTION ( 'NONE',  ( -1.000000000000000000, 0.000000000000000000, 0.000000000000000000 ) ) ;
#3705 = VERTEX_POINT ( 'NONE', #4898 ) ;
#3706 = CARTESIAN_POINT ( 'NONE',  ( -0.5000000000000000000, 0.5600000000000000533, 0.4799999999999997602 ) ) ;
#3707 = SURFACE_STYLE_USAGE ( .BOTH. , #135 ) ;
#3708 = VERTEX_POINT ( 'NONE', #412 ) ;
#3709 =( LENGTH_UNIT ( ) NAMED_UNIT ( * ) SI_UNIT ( .MILLI., .METRE. ) );
#3710 = UNCERTAINTY_MEASURE_WITH_UNIT (LENGTH_MEASURE( 1.000000000000000082E-05 ), #9803, 'distance_accuracy_value', 'NONE');
#3711 = ORIENTED_EDGE ( 'NONE', *, *, #11887, .T. ) ;
#3712 = AXIS2_PLACEMENT_3D ( 'NONE', #1395, #10977, #11037 ) ;
#3713 = FACE_OUTER_BOUND ( 'NONE', #9360, .T. ) ;
#3714 =( LENGTH_UNIT ( ) NAMED_UNIT ( * ) SI_UNIT ( .MILLI., .METRE. ) );
#3715 = FILL_AREA_STYLE_COLOUR ( '', #1563 ) ;
#3716 = DIRECTION ( 'NONE',  ( 0.000000000000000000, -1.000000000000000000, 0.000000000000000000 ) ) ;
#3717 = DIRECTION ( 'NONE',  ( -0.000000000000000000, -1.000000000000000000, -0.000000000000000000 ) ) ;
#3718 = ADVANCED_FACE ( 'NONE', ( #5972 ), #8069, .F. ) ;
#3719 = ORIENTED_EDGE ( 'NONE', *, *, #5494, .T. ) ;
#3720 = CIRCLE ( 'NONE', #9556, 0.01000000000000002623 ) ;
#3721 = EDGE_CURVE ( 'NONE', #10574, #3217, #11496, .T. ) ;
#3722 = PRESENTATION_LAYER_ASSIGNMENT (  '', '', ( #11571 ) ) ;
#3723 = CYLINDRICAL_SURFACE ( 'NONE', #5947, 0.01901193750893738141 ) ;
#3725 =( NAMED_UNIT ( * ) PLANE_ANGLE_UNIT ( ) SI_UNIT ( $, .RADIAN. ) );
#3724 = CARTESIAN_POINT ( 'NONE',  ( -0.08098806249106586808, 0.5700000000000000622, -0.9349999999999992761 ) ) ;
#3726 = CARTESIAN_POINT ( 'NONE',  ( 0.5000000000000004441, 0.5700000000000000622, -0.7740119375089341558 ) ) ;
#3727 = UNCERTAINTY_MEASURE_WITH_UNIT (LENGTH_MEASURE( 1.000000000000000082E-05 ), #9663, 'distance_accuracy_value', 'NONE');
#3728 = DIRECTION ( 'NONE',  ( 1.000000000000000000, 0.000000000000000000, 1.084202172485501752E-14 ) ) ;
#3729 = VECTOR ( 'NONE', #2896, 1000.000000000000000 ) ;
#3730 = CARTESIAN_POINT ( 'NONE',  ( 0.3000000000000004885, 0.5700000000000000622, 0.7740119375089351550 ) ) ;
#3731 = CARTESIAN_POINT ( 'NONE',  ( 0.4809880624910632396, 0.5600000000000000533, 0.9449999999999966205 ) ) ;
#3732 = EDGE_CURVE ( 'NONE', #2694, #9993, #651, .T. ) ;
#3733 = ORIENTED_EDGE ( 'NONE', *, *, #4480, .T. ) ;
#3734 = DIRECTION ( 'NONE',  ( 0.000000000000000000, 0.000000000000000000, -1.000000000000000000 ) ) ;
#3735 = CARTESIAN_POINT ( 'NONE',  ( 0.08098806249106003941, 0.5600000000000000533, -0.7550000000000006706 ) ) ;
#3736 = FILL_AREA_STYLE ('',( #2731 ) ) ;
#3737 = UNCERTAINTY_MEASURE_WITH_UNIT (LENGTH_MEASURE( 1.000000000000000082E-05 ), #3858, 'distance_accuracy_value', 'NONE');
#3738 = DIRECTION ( 'NONE',  ( 0.000000000000000000, 1.000000000000000000, 5.421010862427507971E-15 ) ) ;
#3739 = CARTESIAN_POINT ( 'NONE',  ( 1.000000000000000222, 0.5500000000000000444, 1.000000000000000000 ) ) ;
#3740 = DIRECTION ( 'NONE',  ( -0.000000000000000000, 1.000000000000000000, -0.000000000000000000 ) ) ;
#3741 = LINE ( 'NONE', #5611, #4566 ) ;
#3742 = SURFACE_SIDE_STYLE ('',( #996 ) ) ;
#3743 = VECTOR ( 'NONE', #4679, 1000.000000000000000 ) ;
#3744 = EDGE_CURVE ( 'NONE', #6082, #12326, #9150, .T. ) ;
#3745 = DIRECTION ( 'NONE',  ( -0.000000000000000000, -0.000000000000000000, 1.000000000000000000 ) ) ;
#3746 = CARTESIAN_POINT ( 'NONE',  ( 0.7549999999999997824, 0.5600000000000000533, -0.1440119375089355114 ) ) ;
#3747 = DIRECTION ( 'NONE',  ( 0.000000000000000000, -1.000000000000000000, 0.000000000000000000 ) ) ;
#3748 = ORIENTED_EDGE ( 'NONE', *, *, #3600, .F. ) ;
#3749 = FILL_AREA_STYLE_COLOUR ( '', #6811 ) ;
#3750 = FILL_AREA_STYLE_COLOUR ( '', #10048 ) ;
#3751 = LINE ( 'NONE', #8568, #5241 ) ;
#3752 = EDGE_LOOP ( 'NONE', ( #1389, #10390, #3757, #16 ) ) ;
#3753 = AXIS2_PLACEMENT_3D ( 'NONE', #2366, #6196, #8101 ) ;
#3754 = SURFACE_STYLE_FILL_AREA ( #10515 ) ;
#3755 = SURFACE_SIDE_STYLE ('',( #4795 ) ) ;
#3756 = DIRECTION ( 'NONE',  ( 0.000000000000000000, -0.000000000000000000, -1.000000000000000000 ) ) ;
#3757 = ORIENTED_EDGE ( 'NONE', *, *, #9780, .F. ) ;
#3758 = VECTOR ( 'NONE', #8911, 1000.000000000000000 ) ;
#3759 = CARTESIAN_POINT ( 'NONE',  ( -0.08098806249106502153, 0.5600000000000000533, -0.7449999999999994404 ) ) ;
#3760 = DIRECTION ( 'NONE',  ( 0.000000000000000000, 0.000000000000000000, 1.000000000000000000 ) ) ;
#3761 = ORIENTED_EDGE ( 'NONE', *, *, #705, .T. ) ;
#3762 =( GEOMETRIC_REPRESENTATION_CONTEXT ( 3 ) GLOBAL_UNCERTAINTY_ASSIGNED_CONTEXT ( ( #1326 ) ) GLOBAL_UNIT_ASSIGNED_CONTEXT ( ( #10346, #2474, #6492 ) ) REPRESENTATION_CONTEXT ( 'NONE', 'WORKASPACE' ) );
#3763 = CARTESIAN_POINT ( 'NONE',  ( 0.9159880624910617941, 0.5600000000000000533, -0.3249999999999990119 ) ) ;
#3764 = DIRECTION ( 'NONE',  ( 1.000000000000000000, 0.000000000000000000, 7.063772234066506568E-15 ) ) ;
#3765 = VERTEX_POINT ( 'NONE', #470 ) ;
#3766 = VECTOR ( 'NONE', #8158, 1000.000000000000000 ) ;
#3767 = DIRECTION ( 'NONE',  ( 0.000000000000000000, 0.000000000000000000, -1.000000000000000000 ) ) ;
#3768 = ORIENTED_EDGE ( 'NONE', *, *, #12233, .F. ) ;
#3769 = EDGE_CURVE ( 'NONE', #9960, #4997, #8305, .T. ) ;
#3770 = FILL_AREA_STYLE_COLOUR ( '', #4119 ) ;
#3771 = CARTESIAN_POINT ( 'NONE',  ( -0.1000000000000013795, 0.5700000000000000622, -0.7740119375089368203 ) ) ;
#3772 =( GEOMETRIC_REPRESENTATION_CONTEXT ( 3 ) GLOBAL_UNCERTAINTY_ASSIGNED_CONTEXT ( ( #8267 ) ) GLOBAL_UNIT_ASSIGNED_CONTEXT ( ( #7215, #11136, #9231 ) ) REPRESENTATION_CONTEXT ( 'NONE', 'WORKASPACE' ) );
#3773 = SURFACE_STYLE_USAGE ( .BOTH. , #1826 ) ;
#3774 = PRESENTATION_STYLE_ASSIGNMENT (( #6790 ) ) ;
#3775 = ORIENTED_EDGE ( 'NONE', *, *, #6637, .T. ) ;
#3776 = COLOUR_RGB ( '',0.6666666666666666297, 0.6980392156862744724, 0.7686274509803920907 ) ;
#3778 =( NAMED_UNIT ( * ) SI_UNIT ( $, .STERADIAN. ) SOLID_ANGLE_UNIT ( ) );
#3777 = AXIS2_PLACEMENT_3D ( 'NONE', #7488, #74, #9511 ) ;
#3780 =( NAMED_UNIT ( * ) SI_UNIT ( $, .STERADIAN. ) SOLID_ANGLE_UNIT ( ) );
#3779 = SURFACE_STYLE_USAGE ( .BOTH. , #1773 ) ;
#3781 =( GEOMETRIC_REPRESENTATION_CONTEXT ( 3 ) GLOBAL_UNCERTAINTY_ASSIGNED_CONTEXT ( ( #6990 ) ) GLOBAL_UNIT_ASSIGNED_CONTEXT ( ( #1437, #1621, #7236 ) ) REPRESENTATION_CONTEXT ( 'NONE', 'WORKASPACE' ) );
#3782 = SURFACE_SIDE_STYLE ('',( #6867 ) ) ;
#3783 = AXIS2_PLACEMENT_3D ( 'NONE', #9598, #9548, #3738 ) ;
#3784 = CARTESIAN_POINT ( 'NONE',  ( 0.2900000000000004241, 0.5600000000000000533, 0.7740119375089351550 ) ) ;
#3785 =( GEOMETRIC_REPRESENTATION_CONTEXT ( 3 ) GLOBAL_UNCERTAINTY_ASSIGNED_CONTEXT ( ( #4697 ) ) GLOBAL_UNIT_ASSIGNED_CONTEXT ( ( #4363, #1429, #3433 ) ) REPRESENTATION_CONTEXT ( 'NONE', 'WORKASPACE' ) );
#3786 = EDGE_CURVE ( 'NONE', #8373, #4611, #11530, .T. ) ;
#3787 = FILL_AREA_STYLE_COLOUR ( '', #10249 ) ;
#3788 = FACE_OUTER_BOUND ( 'NONE', #8374, .T. ) ;
#3789 = STYLED_ITEM ( 'NONE', ( #10378 ), #5382 ) ;
#3790 = PRESENTATION_STYLE_ASSIGNMENT (( #5658 ) ) ;
#3791 = CARTESIAN_POINT ( 'NONE',  ( 0.2900000000000004241, 0.5600000000000000533, -0.9159880624910602398 ) ) ;
#3792 =( NAMED_UNIT ( * ) PLANE_ANGLE_UNIT ( ) SI_UNIT ( $, .RADIAN. ) );
#3793 = MECHANICAL_DESIGN_GEOMETRIC_PRESENTATION_REPRESENTATION (  '', ( #8850 ), #10447 ) ;
#3794 =( GEOMETRIC_REPRESENTATION_CONTEXT ( 3 ) GLOBAL_UNCERTAINTY_ASSIGNED_CONTEXT ( ( #8925 ) ) GLOBAL_UNIT_ASSIGNED_CONTEXT ( ( #7015, #3042, #6890 ) ) REPRESENTATION_CONTEXT ( 'NONE', 'WORKASPACE' ) );
#3795 =( GEOMETRIC_REPRESENTATION_CONTEXT ( 3 ) GLOBAL_UNCERTAINTY_ASSIGNED_CONTEXT ( ( #9423 ) ) GLOBAL_UNIT_ASSIGNED_CONTEXT ( ( #9069, #11707, #3069 ) ) REPRESENTATION_CONTEXT ( 'NONE', 'WORKASPACE' ) );
#3796 = ORIENTED_EDGE ( 'NONE', *, *, #357, .T. ) ;
#3797 =( NAMED_UNIT ( * ) PLANE_ANGLE_UNIT ( ) SI_UNIT ( $, .RADIAN. ) );
#3798 = CARTESIAN_POINT ( 'NONE',  ( -0.7740119375089351550, 0.5700000000000000622, -0.5749999999999981792 ) ) ;
#3799 = DIRECTION ( 'NONE',  ( 0.000000000000000000, 0.000000000000000000, -1.000000000000000000 ) ) ;
#3800 =( NAMED_UNIT ( * ) PLANE_ANGLE_UNIT ( ) SI_UNIT ( $, .RADIAN. ) );
#3801 = PRESENTATION_LAYER_ASSIGNMENT (  '', '', ( #9846 ) ) ;
#3802 = DIRECTION ( 'NONE',  ( -1.000000000000000000, 0.000000000000000000, -2.168404344971009115E-16 ) ) ;
#3803 =( NAMED_UNIT ( * ) SI_UNIT ( $, .STERADIAN. ) SOLID_ANGLE_UNIT ( ) );
#3804 = CARTESIAN_POINT ( 'NONE',  ( 0.7740119375089374865, 0.5600000000000000533, 0.1149999999999981870 ) ) ;
#3805 = EDGE_CURVE ( 'NONE', #10594, #11587, #7136, .T. ) ;
#3806 = EDGE_LOOP ( 'NONE', ( #1695, #3389, #3367, #10052 ) ) ;
#3807 = CIRCLE ( 'NONE', #7830, 0.009999999999999998473 ) ;
#3808 = PRESENTATION_LAYER_ASSIGNMENT (  '', '', ( #817 ) ) ;
#3809 =( NAMED_UNIT ( * ) SI_UNIT ( $, .STERADIAN. ) SOLID_ANGLE_UNIT ( ) );
#3810 = EDGE_CURVE ( 'NONE', #10570, #4293, #7696, .T. ) ;
#3811 = DIRECTION ( 'NONE',  ( 0.000000000000000000, -1.000000000000000000, 0.000000000000000000 ) ) ;
#3812 =( NAMED_UNIT ( * ) PLANE_ANGLE_UNIT ( ) SI_UNIT ( $, .RADIAN. ) );
#3813 = PRESENTATION_STYLE_ASSIGNMENT (( #5613 ) ) ;
#3814 = VECTOR ( 'NONE', #6508, 1000.000000000000000 ) ;
#3815 = SURFACE_STYLE_FILL_AREA ( #8618 ) ;
#3816 = ORIENTED_EDGE ( 'NONE', *, *, #2499, .T. ) ;
#3817 = CARTESIAN_POINT ( 'NONE',  ( 0.09999999999999681366, 0.5700000000000000622, -0.9159880624910630154 ) ) ;
#3818 = DIRECTION ( 'NONE',  ( 3.346796241128595448E-15, 0.000000000000000000, 1.000000000000000000 ) ) ;
#3819 = ORIENTED_EDGE ( 'NONE', *, *, #2266, .T. ) ;
#3820 = VERTEX_POINT ( 'NONE', #6159 ) ;
#3821 = ORIENTED_EDGE ( 'NONE', *, *, #9216, .T. ) ;
#3822 = FILL_AREA_STYLE_COLOUR ( '', #8841 ) ;
#3823 = EDGE_CURVE ( 'NONE', #11517, #2691, #3236, .T. ) ;
#3824 = FILL_AREA_STYLE_COLOUR ( '', #1143 ) ;
#3825 = DIRECTION ( 'NONE',  ( 0.000000000000000000, 0.000000000000000000, -1.000000000000000000 ) ) ;
#3826 = VERTEX_POINT ( 'NONE', #601 ) ;
#3827 = CYLINDRICAL_SURFACE ( 'NONE', #10020, 0.01000000000000002623 ) ;
#3828 = CYLINDRICAL_SURFACE ( 'NONE', #6679, 0.01000000000000002623 ) ;
#3829 = CARTESIAN_POINT ( 'NONE',  ( -0.3190119375089373044, 0.5600000000000000533, -0.7549999999999977840 ) ) ;
#3830 = PRESENTATION_STYLE_ASSIGNMENT (( #6844 ) ) ;
#3831 = ORIENTED_EDGE ( 'NONE', *, *, #2938, .T. ) ;
#3833 = ORIENTED_EDGE ( 'NONE', *, *, #5458, .T. ) ;
#3832 = AXIS2_PLACEMENT_3D ( 'NONE', #6097, #6879, #9963 ) ;
#3834 = EDGE_CURVE ( 'NONE', #6223, #11094, #5198, .T. ) ;
#3835 = SURFACE_STYLE_FILL_AREA ( #10477 ) ;
#3836 = VERTEX_POINT ( 'NONE', #12114 ) ;
#3837 = SURFACE_SIDE_STYLE ('',( #7564 ) ) ;
#3838 = ORIENTED_EDGE ( 'NONE', *, *, #7661, .F. ) ;
#3839 = AXIS2_PLACEMENT_3D ( 'NONE', #9346, #11414, #11541 ) ;
#3840 = EDGE_CURVE ( 'NONE', #1289, #1049, #10277, .T. ) ;
#3842 = PRESENTATION_STYLE_ASSIGNMENT (( #8725 ) ) ;
#3841 = DIRECTION ( 'NONE',  ( -1.000000000000000000, 0.000000000000000000, 6.693592482257194052E-15 ) ) ;
#3843 = CARTESIAN_POINT ( 'NONE',  ( -0.08098806249106238475, 0.5500000000000000444, -0.9159880624910624602 ) ) ;
#3844 =( NAMED_UNIT ( * ) SI_UNIT ( $, .STERADIAN. ) SOLID_ANGLE_UNIT ( ) );
#3845 = UNCERTAINTY_MEASURE_WITH_UNIT (LENGTH_MEASURE( 1.000000000000000082E-05 ), #9793, 'distance_accuracy_value', 'NONE');
#3846 = DIRECTION ( 'NONE',  ( 0.000000000000000000, 0.000000000000000000, -1.000000000000000000 ) ) ;
#3847 = DIRECTION ( 'NONE',  ( -1.000000000000000000, 0.000000000000000000, -2.710505431213753985E-15 ) ) ;
#3848 = COLOUR_RGB ( '',0.6666666666666666297, 0.6980392156862744724, 0.7686274509803920907 ) ;
#3849 = MECHANICAL_DESIGN_GEOMETRIC_PRESENTATION_REPRESENTATION (  '', ( #7474 ), #3250 ) ;
#3850 = CARTESIAN_POINT ( 'NONE',  ( -0.4809880624910625735, 0.5600000000000000533, -0.7740119375089341558 ) ) ;
#3851 = VERTEX_POINT ( 'NONE', #9276 ) ;
#3852 = MECHANICAL_DESIGN_GEOMETRIC_PRESENTATION_REPRESENTATION (  '', ( #8081 ), #10725 ) ;
#3853 = EDGE_LOOP ( 'NONE', ( #7254, #11076, #6709, #9270 ) ) ;
#3854 = PRESENTATION_LAYER_ASSIGNMENT (  '', '', ( #464 ) ) ;
#3855 = ADVANCED_FACE ( 'NONE', ( #663 ), #2472, .F. ) ;
#3856 = DIRECTION ( 'NONE',  ( 1.000000000000000000, 0.000000000000000000, -1.084202172485501594E-14 ) ) ;
#3857 = ORIENTED_EDGE ( 'NONE', *, *, #11679, .T. ) ;
#3858 =( LENGTH_UNIT ( ) NAMED_UNIT ( * ) SI_UNIT ( .MILLI., .METRE. ) );
#3859 = UNCERTAINTY_MEASURE_WITH_UNIT (LENGTH_MEASURE( 1.000000000000000082E-05 ), #9187, 'distance_accuracy_value', 'NONE');
#3860 = VECTOR ( 'NONE', #6722, 1000.000000000000000 ) ;
#3861 = UNCERTAINTY_MEASURE_WITH_UNIT (LENGTH_MEASURE( 1.000000000000000082E-05 ), #1602, 'distance_accuracy_value', 'NONE');
#3862 = DIRECTION ( 'NONE',  ( 0.000000000000000000, 0.000000000000000000, 1.000000000000000000 ) ) ;
#3863 = CARTESIAN_POINT ( 'NONE',  ( -0.9159880624910616831, 0.5700000000000000622, -0.3059880624910617519 ) ) ;
#3864 =( NAMED_UNIT ( * ) PLANE_ANGLE_UNIT ( ) SI_UNIT ( $, .RADIAN. ) );
#3865 = EDGE_LOOP ( 'NONE', ( #8967, #7110, #5628, #2807 ) ) ;
#3866 = COLOUR_RGB ( '',0.6666666666666666297, 0.6980392156862744724, 0.7686274509803920907 ) ;
#3867 = SURFACE_STYLE_FILL_AREA ( #12401 ) ;
#3868 = LINE ( 'NONE', #6829, #454 ) ;
#3869 = CIRCLE ( 'NONE', #4269, 0.02901193750893746315 ) ;
#3870 = DIRECTION ( 'NONE',  ( 0.000000000000000000, 0.000000000000000000, 1.000000000000000000 ) ) ;
#3871 = ADVANCED_FACE ( 'NONE', ( #4514 ), #6858, .F. ) ;
#3872 = DIRECTION ( 'NONE',  ( -0.000000000000000000, -1.000000000000000000, -0.000000000000000000 ) ) ;
#3873 = EDGE_CURVE ( 'NONE', #9086, #1027, #8393, .T. ) ;
#3874 = COLOUR_RGB ( '',0.6666666666666666297, 0.6980392156862744724, 0.7686274509803920907 ) ;
#3875 = MECHANICAL_DESIGN_GEOMETRIC_PRESENTATION_REPRESENTATION (  '', ( #4459 ), #7313 ) ;
#3876 = CARTESIAN_POINT ( 'NONE',  ( -0.7449999999999976641, 0.5500000000000000444, -0.7559880624910606528 ) ) ;
#3877 = ORIENTED_EDGE ( 'NONE', *, *, #2044, .T. ) ;
#3878 = LINE ( 'NONE', #1933, #8659 ) ;
#3879 = CARTESIAN_POINT ( 'NONE',  ( 0.9159880624910621272, 0.5700000000000000622, 0.3059880624910617519 ) ) ;
#3880 = ORIENTED_EDGE ( 'NONE', *, *, #3033, .T. ) ;
#3881 = ORIENTED_EDGE ( 'NONE', *, *, #4996, .T. ) ;
#3882 = DIRECTION ( 'NONE',  ( 0.000000000000000000, 0.000000000000000000, -1.000000000000000000 ) ) ;
#3883 = COLOUR_RGB ( '',0.6666666666666666297, 0.6980392156862744724, 0.7686274509803920907 ) ;
#3884 = SURFACE_STYLE_USAGE ( .BOTH. , #10634 ) ;
#3885 = VERTEX_POINT ( 'NONE', #4815 ) ;
#3886 = CARTESIAN_POINT ( 'NONE',  ( -0.4809880624910627400, 0.5700000000000000622, 0.9349999999999966116 ) ) ;
#3887 = FACE_OUTER_BOUND ( 'NONE', #3853, .T. ) ;
#3888 = EDGE_CURVE ( 'NONE', #8442, #12225, #1828, .T. ) ;
#3889 = DIRECTION ( 'NONE',  ( 0.000000000000000000, 1.000000000000000000, 0.000000000000000000 ) ) ;
#3890 = EDGE_CURVE ( 'NONE', #3705, #7687, #9496, .T. ) ;
#3891 = ORIENTED_EDGE ( 'NONE', *, *, #6652, .T. ) ;
#3892 = CARTESIAN_POINT ( 'NONE',  ( -0.9999999999999997780, 0.4500000000000000666, -1.000000000000000000 ) ) ;
#3893 = DIRECTION ( 'NONE',  ( 0.000000000000000000, 1.000000000000000000, -0.000000000000000000 ) ) ;
#3894 = ORIENTED_EDGE ( 'NONE', *, *, #11327, .T. ) ;
#3895 =( LENGTH_UNIT ( ) NAMED_UNIT ( * ) SI_UNIT ( .MILLI., .METRE. ) );
#3896 = EDGE_LOOP ( 'NONE', ( #10112, #4211, #10134, #10016 ) ) ;
#3897 = SURFACE_STYLE_USAGE ( .BOTH. , #11597 ) ;
#3898 =( NAMED_UNIT ( * ) PLANE_ANGLE_UNIT ( ) SI_UNIT ( $, .RADIAN. ) );
#3899 = ORIENTED_EDGE ( 'NONE', *, *, #5180, .T. ) ;
#3900 =( NAMED_UNIT ( * ) PLANE_ANGLE_UNIT ( ) SI_UNIT ( $, .RADIAN. ) );
#3901 = ORIENTED_EDGE ( 'NONE', *, *, #7797, .T. ) ;
#3902 = SURFACE_SIDE_STYLE ('',( #9714 ) ) ;
#3903 = EDGE_CURVE ( 'NONE', #5499, #213, #6671, .T. ) ;
#3904 = FILL_AREA_STYLE ('',( #3665 ) ) ;
#3906 = LINE ( 'NONE', #11418, #9444 ) ;
#3905 = PLANE ( 'NONE',  #6321 ) ;
#3907 = CARTESIAN_POINT ( 'NONE',  ( 0.4800000000000000377, 0.5500000000000000444, -0.3563859338365494844 ) ) ;
#3908 = CARTESIAN_POINT ( 'NONE',  ( -0.9159880624910602398, 0.5700000000000000622, -0.5749999999999991784 ) ) ;
#3909 = DIRECTION ( 'NONE',  ( 0.000000000000000000, 0.000000000000000000, -1.000000000000000000 ) ) ;
#3910 = CARTESIAN_POINT ( 'NONE',  ( 0.5000000000000000000, 0.5600000000000000533, -0.3563859338365494844 ) ) ;
#3911 = CARTESIAN_POINT ( 'NONE',  ( 0.4800000000000000377, 0.5700000000000000622, -0.3563859338365494844 ) ) ;
#3912 = STYLED_ITEM ( 'NONE', ( #9197 ), #10891 ) ;
#3914 = FILL_AREA_STYLE ('',( #2274 ) ) ;
#3913 = DIRECTION ( 'NONE',  ( -0.000000000000000000, 0.000000000000000000, 1.000000000000000000 ) ) ;
#3915 = VECTOR ( 'NONE', #12252, 1000.000000000000000 ) ;
#3916 = SURFACE_STYLE_USAGE ( .BOTH. , #6746 ) ;
#3917 = SURFACE_STYLE_USAGE ( .BOTH. , #11375 ) ;
#3918 =( LENGTH_UNIT ( ) NAMED_UNIT ( * ) SI_UNIT ( .MILLI., .METRE. ) );
#3919 = DIRECTION ( 'NONE',  ( -6.024233234031476698E-15, 0.000000000000000000, 1.000000000000000000 ) ) ;
#3920 = AXIS2_PLACEMENT_3D ( 'NONE', #8200, #3541, #8401 ) ;
#3921 = CYLINDRICAL_SURFACE ( 'NONE', #10365, 0.01901193750893743692 ) ;
#3922 = VERTEX_POINT ( 'NONE', #9582 ) ;
#3923 = DIRECTION ( 'NONE',  ( 0.000000000000000000, 0.000000000000000000, -1.000000000000000000 ) ) ;
#3924 = DIRECTION ( 'NONE',  ( -1.000000000000000000, 0.000000000000000000, -6.693592482257194052E-15 ) ) ;
#3926 = CARTESIAN_POINT ( 'NONE',  ( 0.4809880624910630176, 0.5600000000000000533, -0.7740119375089341558 ) ) ;
#3925 = STYLED_ITEM ( 'NONE', ( #2710 ), #8530 ) ;
#3927 = CARTESIAN_POINT ( 'NONE',  ( 0.5100000000000004530, 0.5500000000000000444, 0.7740119375089341558 ) ) ;
#3928 = CARTESIAN_POINT ( 'NONE',  ( 0.9159880624910625713, 0.5600000000000000533, -0.1249999999999991673 ) ) ;
#3929 = CARTESIAN_POINT ( 'NONE',  ( 0.7740119375089354881, 0.5600000000000000533, -0.7559880624910606528 ) ) ;
#3930 = DIRECTION ( 'NONE',  ( 0.000000000000000000, 0.000000000000000000, -1.000000000000000000 ) ) ;
#3931 = ORIENTED_EDGE ( 'NONE', *, *, #4668, .T. ) ;
#3932 = LINE ( 'NONE', #8687, #9219 ) ;
#3933 = FILL_AREA_STYLE_COLOUR ( '', #6967 ) ;
#3934 = EDGE_CURVE ( 'NONE', #8706, #5888, #6608, .T. ) ;
#3935 = AXIS2_PLACEMENT_3D ( 'NONE', #2115, #9690, #9811 ) ;
#3936 = EDGE_CURVE ( 'NONE', #1325, #3449, #10595, .T. ) ;
#3937 = ORIENTED_EDGE ( 'NONE', *, *, #1022, .T. ) ;
#3938 = DIRECTION ( 'NONE',  ( -7.636510523315148333E-15, 0.000000000000000000, -1.000000000000000000 ) ) ;
#3939 = PLANE ( 'NONE',  #8165 ) ;
#3940 = DIRECTION ( 'NONE',  ( 0.000000000000000000, 0.000000000000000000, 1.000000000000000000 ) ) ;
#3941 = CARTESIAN_POINT ( 'NONE',  ( -0.2899999999999999800, 0.5600000000000000533, 0.7740119375089351550 ) ) ;
#3942 = ORIENTED_EDGE ( 'NONE', *, *, #10471, .F. ) ;
#3943 = CARTESIAN_POINT ( 'NONE',  ( -0.08098806249106228761, 0.5600000000000000533, 0.7449999999999994404 ) ) ;
#3944 = CIRCLE ( 'NONE', #8174, 0.01000000000000002623 ) ;
#3945 = CARTESIAN_POINT ( 'NONE',  ( 0.01249999999999992437, 0.5500000000000000444, 1.000000000000000000 ) ) ;
#3946 = ORIENTED_EDGE ( 'NONE', *, *, #6517, .T. ) ;
#3947 = FILL_AREA_STYLE_COLOUR ( '', #5340 ) ;
#3948 = PRESENTATION_STYLE_ASSIGNMENT (( #4015 ) ) ;
#3949 = ADVANCED_FACE ( 'NONE', ( #1771 ), #5707, .T. ) ;
#3950 = EDGE_CURVE ( 'NONE', #4298, #9086, #9711, .T. ) ;
#3951 = EDGE_CURVE ( 'NONE', #211, #11222, #11842, .T. ) ;
#3952 = VERTEX_POINT ( 'NONE', #5004 ) ;
#3953 = PRESENTATION_LAYER_ASSIGNMENT (  '', '', ( #779 ) ) ;
#3954 = CYLINDRICAL_SURFACE ( 'NONE', #10095, 0.01901193750893727386 ) ;
#3955 = ORIENTED_EDGE ( 'NONE', *, *, #5612, .F. ) ;
#3956 = EDGE_LOOP ( 'NONE', ( #5261, #8378, #4314, #7367 ) ) ;
#3957 = CARTESIAN_POINT ( 'NONE',  ( 0.7740119375089353770, 0.5700000000000000622, 0.7749999999999981348 ) ) ;
#3958 =( NAMED_UNIT ( * ) PLANE_ANGLE_UNIT ( ) SI_UNIT ( $, .RADIAN. ) );
#3959 = STYLED_ITEM ( 'NONE', ( #8708 ), #2302 ) ;
#3960 = PRESENTATION_LAYER_ASSIGNMENT (  '', '', ( #11025 ) ) ;
#3961 = DIRECTION ( 'NONE',  ( -0.000000000000000000, -1.000000000000000000, -0.000000000000000000 ) ) ;
#3962 = DIRECTION ( 'NONE',  ( -0.000000000000000000, 1.000000000000000000, -0.000000000000000000 ) ) ;
#3963 = STYLED_ITEM ( 'NONE', ( #2823 ), #4934 ) ;
#3964 = DIRECTION ( 'NONE',  ( 0.000000000000000000, 0.000000000000000000, -1.000000000000000000 ) ) ;
#3965 = PRESENTATION_LAYER_ASSIGNMENT (  '', '', ( #7794 ) ) ;
#3966 = ADVANCED_FACE ( 'NONE', ( #6794 ), #5064, .F. ) ;
#3967 = DIRECTION ( 'NONE',  ( 0.000000000000000000, 0.000000000000000000, 1.000000000000000000 ) ) ;
#3968 = VECTOR ( 'NONE', #2207, 1000.000000000000000 ) ;
#3969 = AXIS2_PLACEMENT_3D ( 'NONE', #639, #1810, #2001 ) ;
#3971 = CARTESIAN_POINT ( 'NONE',  ( -0.9999999999999997780, 0.5500000000000000444, 0.2375000000000007383 ) ) ;
#3970 =( NAMED_UNIT ( * ) SI_UNIT ( $, .STERADIAN. ) SOLID_ANGLE_UNIT ( ) );
#3972 = CYLINDRICAL_SURFACE ( 'NONE', #8885, 0.01000000000000002623 ) ;
#3973 = VECTOR ( 'NONE', #7162, 1000.000000000000000 ) ;
#3974 = ORIENTED_EDGE ( 'NONE', *, *, #11027, .T. ) ;
#3975 = SURFACE_STYLE_FILL_AREA ( #8918 ) ;
#3976 = LINE ( 'NONE', #4036, #8755 ) ;
#3977 = AXIS2_PLACEMENT_3D ( 'NONE', #5268, #1651, #2414 ) ;
#3978 = AXIS2_PLACEMENT_3D ( 'NONE', #2021, #5711, #6738 ) ;
#3979 = STYLED_ITEM ( 'NONE', ( #621 ), #10555 ) ;
#3980 = FACE_OUTER_BOUND ( 'NONE', #8455, .T. ) ;
#3981 = AXIS2_PLACEMENT_3D ( 'NONE', #7783, #7547, #11638 ) ;
#3982 = UNCERTAINTY_MEASURE_WITH_UNIT (LENGTH_MEASURE( 1.000000000000000082E-05 ), #3351, 'distance_accuracy_value', 'NONE');
#3983 = MECHANICAL_DESIGN_GEOMETRIC_PRESENTATION_REPRESENTATION (  '', ( #791 ), #7213 ) ;
#3984 = UNCERTAINTY_MEASURE_WITH_UNIT (LENGTH_MEASURE( 1.000000000000000082E-05 ), #1431, 'distance_accuracy_value', 'NONE');
#3985 = FILL_AREA_STYLE_COLOUR ( '', #605 ) ;
#3986 = STYLED_ITEM ( 'NONE', ( #1903 ), #11826 ) ;
#3987 = AXIS2_PLACEMENT_3D ( 'NONE', #11682, #5983, #7949 ) ;
#3988 = STYLED_ITEM ( 'NONE', ( #10369 ), #2739 ) ;
#3989 = PRESENTATION_STYLE_ASSIGNMENT (( #170 ) ) ;
#3990 =( NAMED_UNIT ( * ) PLANE_ANGLE_UNIT ( ) SI_UNIT ( $, .RADIAN. ) );
#3991 = ORIENTED_EDGE ( 'NONE', *, *, #12380, .F. ) ;
#3992 = CIRCLE ( 'NONE', #2783, 0.01901193750893592077 ) ;
#3993 = FILL_AREA_STYLE ('',( #9864 ) ) ;
#3994 = LINE ( 'NONE', #11806, #10019 ) ;
#3995 = EDGE_CURVE ( 'NONE', #7913, #12088, #12328, .T. ) ;
#3996 = AXIS2_PLACEMENT_3D ( 'NONE', #7411, #7478, #5120 ) ;
#3997 = UNCERTAINTY_MEASURE_WITH_UNIT (LENGTH_MEASURE( 1.000000000000000082E-05 ), #6386, 'distance_accuracy_value', 'NONE');
#3998 = DIRECTION ( 'NONE',  ( 0.000000000000000000, 0.000000000000000000, -1.000000000000000000 ) ) ;
#3999 = VECTOR ( 'NONE', #8787, 1000.000000000000000 ) ;
#4000 = ORIENTED_EDGE ( 'NONE', *, *, #523, .T. ) ;
#4001 =( NAMED_UNIT ( * ) SI_UNIT ( $, .STERADIAN. ) SOLID_ANGLE_UNIT ( ) );
#4002 = DIRECTION ( 'NONE',  ( -5.132469822069648123E-14, 0.000000000000000000, -1.000000000000000000 ) ) ;
#4003 = ORIENTED_EDGE ( 'NONE', *, *, #10737, .F. ) ;
#4004 = DIRECTION ( 'NONE',  ( 0.000000000000000000, 0.000000000000000000, 1.000000000000000000 ) ) ;
#4005 = VECTOR ( 'NONE', #10235, 1000.000000000000000 ) ;
#4006 = FILL_AREA_STYLE_COLOUR ( '', #8917 ) ;
#4007 = DIRECTION ( 'NONE',  ( -1.000000000000000000, 0.000000000000000000, 5.421010862427507971E-15 ) ) ;
#4008 = CARTESIAN_POINT ( 'NONE',  ( 0.5000000000000004441, 0.5600000000000000533, 0.9159880624910591296 ) ) ;
#4009 = DIRECTION ( 'NONE',  ( 1.000000000000000000, 0.000000000000000000, 7.636510523315148333E-15 ) ) ;
#4010 = DIRECTION ( 'NONE',  ( 5.421010862427507971E-15, 0.000000000000000000, -1.000000000000000000 ) ) ;
#4011 = DIRECTION ( 'NONE',  ( 0.000000000000000000, 0.000000000000000000, -1.000000000000000000 ) ) ;
#4012 = EDGE_LOOP ( 'NONE', ( #9957, #5277, #6125, #11039 ) ) ;
#4013 = COLOUR_RGB ( '',0.6666666666666666297, 0.6980392156862744724, 0.7686274509803920907 ) ;
#4014 = CARTESIAN_POINT ( 'NONE',  ( -0.3190119375089373044, 0.5700000000000000622, -0.7549999999999977840 ) ) ;
#4015 = SURFACE_STYLE_USAGE ( .BOTH. , #7044 ) ;
#4016 = ORIENTED_EDGE ( 'NONE', *, *, #6014, .F. ) ;
#4017 =( NAMED_UNIT ( * ) SI_UNIT ( $, .STERADIAN. ) SOLID_ANGLE_UNIT ( ) );
#4018 = EDGE_LOOP ( 'NONE', ( #3204, #9455, #5562, #8079 ) ) ;
#4019 = DIRECTION ( 'NONE',  ( 0.000000000000000000, -1.000000000000000000, 0.000000000000000000 ) ) ;
#4020 = VERTEX_POINT ( 'NONE', #6083 ) ;
#4021 = DIRECTION ( 'NONE',  ( 1.000000000000000000, 0.000000000000000000, 0.000000000000000000 ) ) ;
#4022 = SURFACE_STYLE_USAGE ( .BOTH. , #3902 ) ;
#4023 =( NAMED_UNIT ( * ) SI_UNIT ( $, .STERADIAN. ) SOLID_ANGLE_UNIT ( ) );
#4024 = ADVANCED_FACE ( 'NONE', ( #4936 ), #3448, .F. ) ;
#4026 = CARTESIAN_POINT ( 'NONE',  ( -0.9159880624910602398, 0.5500000000000000444, -0.5940119375089365494 ) ) ;
#4025 = CARTESIAN_POINT ( 'NONE',  ( 0.3563859338365493179, 0.5700000000000000622, -0.5000000000000002220 ) ) ;
#4027 = PRESENTATION_LAYER_ASSIGNMENT (  '', '', ( #4030 ) ) ;
#4028 = ADVANCED_FACE ( 'NONE', ( #7866 ), #6926, .T. ) ;
#4029 = CARTESIAN_POINT ( 'NONE',  ( -0.9159880624910613500, 0.5700000000000000622, -0.3249999999999991784 ) ) ;
#4030 = STYLED_ITEM ( 'NONE', ( #7768 ), #2875 ) ;
#4031 = DIRECTION ( 'NONE',  ( 0.000000000000000000, 0.000000000000000000, 1.000000000000000000 ) ) ;
#4032 = SURFACE_SIDE_STYLE ('',( #9781 ) ) ;
#4033 = VERTEX_POINT ( 'NONE', #5378 ) ;
#4034 =( NAMED_UNIT ( * ) PLANE_ANGLE_UNIT ( ) SI_UNIT ( $, .RADIAN. ) );
#4035 = ADVANCED_FACE ( 'NONE', ( #10267 ), #9193, .F. ) ;
#4036 = CARTESIAN_POINT ( 'NONE',  ( -0.1100000000000031786, 0.5500000000000000444, -0.9159880624910617941 ) ) ;
#4037 = CARTESIAN_POINT ( 'NONE',  ( -0.08098806249106509092, 0.5600000000000000533, -0.7549999999999994493 ) ) ;
#4038 = EDGE_CURVE ( 'NONE', #4997, #7119, #3461, .T. ) ;
#4039 = CIRCLE ( 'NONE', #3044, 0.01000000000000002623 ) ;
#4040 = PRESENTATION_STYLE_ASSIGNMENT (( #1042 ) ) ;
#4041 = AXIS2_PLACEMENT_3D ( 'NONE', #6488, #1028, #1900 ) ;
#4042 = COLOUR_RGB ( '',0.6666666666666666297, 0.6980392156862744724, 0.7686274509803920907 ) ;
#4043 = FILL_AREA_STYLE ('',( #10798 ) ) ;
#4044 = FACE_OUTER_BOUND ( 'NONE', #4471, .T. ) ;
#4045 = CIRCLE ( 'NONE', #6462, 0.009999999999999998473 ) ;
#4046 = CARTESIAN_POINT ( 'NONE',  ( -0.7740119375089351550, 0.5600000000000000533, -0.5749999999999981792 ) ) ;
#4047 = LINE ( 'NONE', #7892, #3196 ) ;
#4048 = MECHANICAL_DESIGN_GEOMETRIC_PRESENTATION_REPRESENTATION (  '', ( #9503 ), #7087 ) ;
#4049 = AXIS2_PLACEMENT_3D ( 'NONE', #8047, #11838, #3203 ) ;
#4050 = STYLED_ITEM ( 'NONE', ( #11685 ), #3298 ) ;
#4051 = EDGE_LOOP ( 'NONE', ( #3821, #5619, #427, #4272 ) ) ;
#4052 = DIRECTION ( 'NONE',  ( 0.000000000000000000, 0.000000000000000000, -1.000000000000000000 ) ) ;
#4053 = DIRECTION ( 'NONE',  ( -0.000000000000000000, -1.000000000000000000, -0.000000000000000000 ) ) ;
#4054 = EDGE_CURVE ( 'NONE', #5100, #8373, #3273, .T. ) ;
#4055 = CARTESIAN_POINT ( 'NONE',  ( 1.000000000000000222, 0.4749999999999999223, 0.6874999999999991118 ) ) ;
#4057 = ORIENTED_EDGE ( 'NONE', *, *, #11509, .T. ) ;
#4056 = AXIS2_PLACEMENT_3D ( 'NONE', #11192, #6368, #7385 ) ;
#4058 =( NAMED_UNIT ( * ) PLANE_ANGLE_UNIT ( ) SI_UNIT ( $, .RADIAN. ) );
#4059 = COLOUR_RGB ( '',0.6666666666666666297, 0.6980392156862744724, 0.7686274509803920907 ) ;
#4060 = CARTESIAN_POINT ( 'NONE',  ( -0.7740119375089370424, 0.5700000000000000622, -0.1249999999999982653 ) ) ;
#4061 = CYLINDRICAL_SURFACE ( 'NONE', #9244, 0.009999999999999998473 ) ;
#4062 = DIRECTION ( 'NONE',  ( 0.000000000000000000, -1.000000000000000000, 0.000000000000000000 ) ) ;
#4063 = AXIS2_PLACEMENT_3D ( 'NONE', #1292, #236, #5866 ) ;
#4064 = CARTESIAN_POINT ( 'NONE',  ( 0.7449999999999994404, 0.5600000000000000533, -0.3059880624910605862 ) ) ;
#4065 = CARTESIAN_POINT ( 'NONE',  ( 0.4124999999999998668, 0.5500000000000000444, 1.000000000000000000 ) ) ;
#4066 = SURFACE_SIDE_STYLE ('',( #1305 ) ) ;
#4067 = CARTESIAN_POINT ( 'NONE',  ( 0.7449999999999994404, 0.5500000000000000444, -0.3059880624910605862 ) ) ;
#4068 = ORIENTED_EDGE ( 'NONE', *, *, #11220, .F. ) ;
#4069 = CARTESIAN_POINT ( 'NONE',  ( 0.9159880624910625713, 0.5600000000000000533, -0.1249999999999991673 ) ) ;
#4070 =( GEOMETRIC_REPRESENTATION_CONTEXT ( 3 ) GLOBAL_UNCERTAINTY_ASSIGNED_CONTEXT ( ( #3366 ) ) GLOBAL_UNIT_ASSIGNED_CONTEXT ( ( #629, #4484, #6451 ) ) REPRESENTATION_CONTEXT ( 'NONE', 'WORKASPACE' ) );
#4071 = FILL_AREA_STYLE ('',( #9818 ) ) ;
#4072 = EDGE_LOOP ( 'NONE', ( #3071, #11398, #5176, #4726 ) ) ;
#4073 = STYLED_ITEM ( 'NONE', ( #3813 ), #6503 ) ;
#4074 = SURFACE_SIDE_STYLE ('',( #263 ) ) ;
#4075 = CARTESIAN_POINT ( 'NONE',  ( 0.4800000000000000933, 0.5700000000000000622, 0.4799999999999997602 ) ) ;
#4076 = EDGE_CURVE ( 'NONE', #9065, #4927, #10003, .T. ) ;
#4077 = ORIENTED_EDGE ( 'NONE', *, *, #6031, .T. ) ;
#4078 = SURFACE_STYLE_FILL_AREA ( #6211 ) ;
#4079 = FILL_AREA_STYLE ('',( #272 ) ) ;
#4080 = ORIENTED_EDGE ( 'NONE', *, *, #302, .T. ) ;
#4081 = CARTESIAN_POINT ( 'NONE',  ( -0.7740119375089352660, 0.5600000000000000533, 0.5649999999999981704 ) ) ;
#4082 =( LENGTH_UNIT ( ) NAMED_UNIT ( * ) SI_UNIT ( .MILLI., .METRE. ) );
#4083 = UNCERTAINTY_MEASURE_WITH_UNIT (LENGTH_MEASURE( 1.000000000000000082E-05 ), #7692, 'distance_accuracy_value', 'NONE');
#4084 = ORIENTED_EDGE ( 'NONE', *, *, #12447, .T. ) ;
#4085 = ORIENTED_EDGE ( 'NONE', *, *, #12007, .T. ) ;
#4086 = COLOUR_RGB ( '',0.6666666666666666297, 0.6980392156862744724, 0.7686274509803920907 ) ;
#4087 = SURFACE_SIDE_STYLE ('',( #284 ) ) ;
#4088 = DIRECTION ( 'NONE',  ( 0.000000000000000000, -1.000000000000000000, 0.000000000000000000 ) ) ;
#4089 = CARTESIAN_POINT ( 'NONE',  ( 0.7549999999999981171, 0.5600000000000000533, 0.5940119375089355502 ) ) ;
#4090 = FILL_AREA_STYLE_COLOUR ( '', #9985 ) ;
#4091 = ADVANCED_FACE ( 'NONE', ( #3328 ), #7174, .F. ) ;
#4093 = SURFACE_STYLE_FILL_AREA ( #3914 ) ;
#4092 = SURFACE_STYLE_USAGE ( .BOTH. , #1972 ) ;
#4094 = ADVANCED_FACE ( 'NONE', ( #4502 ), #542, .F. ) ;
#4095 = DIRECTION ( 'NONE',  ( 0.000000000000000000, 0.000000000000000000, -1.000000000000000000 ) ) ;
#4096 =( NAMED_UNIT ( * ) SI_UNIT ( $, .STERADIAN. ) SOLID_ANGLE_UNIT ( ) );
#4097 = ORIENTED_EDGE ( 'NONE', *, *, #2031, .T. ) ;
#4098 = VECTOR ( 'NONE', #2951, 1000.000000000000000 ) ;
#4099 = DIRECTION ( 'NONE',  ( -3.722798880116137554E-15, 0.000000000000000000, 1.000000000000000000 ) ) ;
#4100 = PLANE ( 'NONE',  #6922 ) ;
#4101 = CARTESIAN_POINT ( 'NONE',  ( -0.7740119375089371534, 0.5600000000000000533, -0.1149999999999980760 ) ) ;
#4102 = DIRECTION ( 'NONE',  ( -0.000000000000000000, -1.000000000000000000, -0.000000000000000000 ) ) ;
#4103 = UNCERTAINTY_MEASURE_WITH_UNIT (LENGTH_MEASURE( 1.000000000000000082E-05 ), #4531, 'distance_accuracy_value', 'NONE');
#4104 = UNCERTAINTY_MEASURE_WITH_UNIT (LENGTH_MEASURE( 1.000000000000000082E-05 ), #11513, 'distance_accuracy_value', 'NONE');
#4105 = MECHANICAL_DESIGN_GEOMETRIC_PRESENTATION_REPRESENTATION (  '', ( #3516 ), #10562 ) ;
#4106 = COLOUR_RGB ( '',0.6666666666666666297, 0.6980392156862744724, 0.7686274509803920907 ) ;
#4107 = SURFACE_SIDE_STYLE ('',( #5917 ) ) ;
#4108 = EDGE_CURVE ( 'NONE', #2202, #11711, #7371, .T. ) ;
#4109 = FACE_OUTER_BOUND ( 'NONE', #10255, .T. ) ;
#4110 = SURFACE_STYLE_USAGE ( .BOTH. , #1350 ) ;
#4111 = ORIENTED_EDGE ( 'NONE', *, *, #5435, .F. ) ;
#4112 = LINE ( 'NONE', #5922, #5563 ) ;
#4113 = CARTESIAN_POINT ( 'NONE',  ( 0.3190119375089379150, 0.5600000000000000533, 0.7740119375089351550 ) ) ;
#4114 = UNCERTAINTY_MEASURE_WITH_UNIT (LENGTH_MEASURE( 1.000000000000000082E-05 ), #12309, 'distance_accuracy_value', 'NONE');
#4115 = DIRECTION ( 'NONE',  ( 0.000000000000000000, 0.000000000000000000, -1.000000000000000000 ) ) ;
#4116 = ORIENTED_EDGE ( 'NONE', *, *, #2245, .F. ) ;
#4117 = CARTESIAN_POINT ( 'NONE',  ( -0.08098806249106238475, 0.5700000000000000622, -0.9159880624910624602 ) ) ;
#4118 = FILL_AREA_STYLE ('',( #2998 ) ) ;
#4119 = COLOUR_RGB ( '',0.6666666666666666297, 0.6980392156862744724, 0.7686274509803920907 ) ;
#4120 = DIRECTION ( 'NONE',  ( 0.000000000000000000, 0.000000000000000000, -1.000000000000000000 ) ) ;
#4121 = EDGE_CURVE ( 'NONE', #7513, #12364, #2740, .T. ) ;
#4122 = PRESENTATION_STYLE_ASSIGNMENT (( #6311 ) ) ;
#4123 = PRESENTATION_STYLE_ASSIGNMENT (( #7908 ) ) ;
#4124 = CARTESIAN_POINT ( 'NONE',  ( 0.9449999999999998401, 0.5600000000000000533, -0.1440119375089366771 ) ) ;
#4125 = FACE_OUTER_BOUND ( 'NONE', #4955, .T. ) ;
#4126 = DIRECTION ( 'NONE',  ( 1.084202172485501594E-14, 0.000000000000000000, 1.000000000000000000 ) ) ;
#4127 = VERTEX_POINT ( 'NONE', #11282 ) ;
#4129 = DIRECTION ( 'NONE',  ( 0.000000000000000000, 0.000000000000000000, 1.000000000000000000 ) ) ;
#4128 =( GEOMETRIC_REPRESENTATION_CONTEXT ( 3 ) GLOBAL_UNCERTAINTY_ASSIGNED_CONTEXT ( ( #5580 ) ) GLOBAL_UNIT_ASSIGNED_CONTEXT ( ( #8312, #10259, #3451 ) ) REPRESENTATION_CONTEXT ( 'NONE', 'WORKASPACE' ) );
#4130 = DIRECTION ( 'NONE',  ( 0.000000000000000000, 0.000000000000000000, 1.000000000000000000 ) ) ;
#4131 = ORIENTED_EDGE ( 'NONE', *, *, #1612, .T. ) ;
#4132 = CARTESIAN_POINT ( 'NONE',  ( 0.9349999999999992761, 0.5600000000000000533, -0.3059880624910617519 ) ) ;
#4133 = DIRECTION ( 'NONE',  ( 1.000000000000000000, 0.000000000000000000, -7.362951730482915350E-15 ) ) ;
#4134 = VERTEX_POINT ( 'NONE', #834 ) ;
#4135 = AXIS2_PLACEMENT_3D ( 'NONE', #5286, #9243, #373 ) ;
#4136 = ORIENTED_EDGE ( 'NONE', *, *, #8159, .F. ) ;
#4137 = SURFACE_STYLE_USAGE ( .BOTH. , #10717 ) ;
#4138 = ORIENTED_EDGE ( 'NONE', *, *, #7950, .T. ) ;
#4139 =( GEOMETRIC_REPRESENTATION_CONTEXT ( 3 ) GLOBAL_UNCERTAINTY_ASSIGNED_CONTEXT ( ( #8905 ) ) GLOBAL_UNIT_ASSIGNED_CONTEXT ( ( #4309, #555, #9001 ) ) REPRESENTATION_CONTEXT ( 'NONE', 'WORKASPACE' ) );
#4140 = DIRECTION ( 'NONE',  ( 1.000000000000000000, 0.000000000000000000, -7.636510523315148333E-15 ) ) ;
#4141 =( NAMED_UNIT ( * ) PLANE_ANGLE_UNIT ( ) SI_UNIT ( $, .RADIAN. ) );
#4142 =( NAMED_UNIT ( * ) SI_UNIT ( $, .STERADIAN. ) SOLID_ANGLE_UNIT ( ) );
#4143 = FILL_AREA_STYLE ('',( #11846 ) ) ;
#4144 = SURFACE_STYLE_FILL_AREA ( #337 ) ;
#4145 = VERTEX_POINT ( 'NONE', #7614 ) ;
#4146 = EDGE_CURVE ( 'NONE', #5758, #6007, #1736, .T. ) ;
#4147 = SURFACE_STYLE_FILL_AREA ( #6026 ) ;
#4148 = STYLED_ITEM ( 'NONE', ( #9345 ), #9121 ) ;
#4149 = ORIENTED_EDGE ( 'NONE', *, *, #6946, .F. ) ;
#4150 = EDGE_LOOP ( 'NONE', ( #6413, #10469, #9931, #430, #3317, #824, #6713, #4420 ) ) ;
#4151 = FILL_AREA_STYLE ('',( #6994 ) ) ;
#4152 = FILL_AREA_STYLE ('',( #8908 ) ) ;
#4153 = DIRECTION ( 'NONE',  ( 0.000000000000000000, -1.000000000000000000, 0.000000000000000000 ) ) ;
#4155 =( NAMED_UNIT ( * ) PLANE_ANGLE_UNIT ( ) SI_UNIT ( $, .RADIAN. ) );
#4154 = DIRECTION ( 'NONE',  ( -1.000000000000000000, 0.000000000000000000, 0.000000000000000000 ) ) ;
#4156 = DIRECTION ( 'NONE',  ( 0.000000000000000000, 0.000000000000000000, 1.000000000000000000 ) ) ;
#4158 = DIRECTION ( 'NONE',  ( 0.000000000000000000, -1.000000000000000000, 0.000000000000000000 ) ) ;
#4157 =( GEOMETRIC_REPRESENTATION_CONTEXT ( 3 ) GLOBAL_UNCERTAINTY_ASSIGNED_CONTEXT ( ( #10691 ) ) GLOBAL_UNIT_ASSIGNED_CONTEXT ( ( #157, #970, #7639 ) ) REPRESENTATION_CONTEXT ( 'NONE', 'WORKASPACE' ) );
#4159 = ORIENTED_EDGE ( 'NONE', *, *, #5923, .F. ) ;
#4160 = DIRECTION ( 'NONE',  ( 0.000000000000000000, 0.000000000000000000, -1.000000000000000000 ) ) ;
#4161 = CIRCLE ( 'NONE', #6570, 0.01901193750893754447 ) ;
#4162 = SURFACE_STYLE_USAGE ( .BOTH. , #8983 ) ;
#4163 = FACE_BOUND ( 'NONE', #10551, .T. ) ;
#4164 = EDGE_CURVE ( 'NONE', #5360, #1174, #7964, .T. ) ;
#4165 = AXIS2_PLACEMENT_3D ( 'NONE', #2865, #15, #10624 ) ;
#4166 = PRESENTATION_STYLE_ASSIGNMENT (( #7947 ) ) ;
#4167 =( GEOMETRIC_REPRESENTATION_CONTEXT ( 3 ) GLOBAL_UNCERTAINTY_ASSIGNED_CONTEXT ( ( #7764 ) ) GLOBAL_UNIT_ASSIGNED_CONTEXT ( ( #2884, #11409, #5700 ) ) REPRESENTATION_CONTEXT ( 'NONE', 'WORKASPACE' ) );
#4168 = AXIS2_PLACEMENT_3D ( 'NONE', #10652, #4879, #6541 ) ;
#4169 = AXIS2_PLACEMENT_3D ( 'NONE', #7557, #11406, #2879 ) ;
#4170 = EDGE_LOOP ( 'NONE', ( #4138, #6971, #10399, #10910, #6295, #1397, #2112, #8143 ) ) ;
#4171 = PRESENTATION_LAYER_ASSIGNMENT (  '', '', ( #3585 ) ) ;
#4172 = VERTEX_POINT ( 'NONE', #12365 ) ;
#4173 = AXIS2_PLACEMENT_3D ( 'NONE', #9821, #1256, #8889 ) ;
#4174 =( GEOMETRIC_REPRESENTATION_CONTEXT ( 3 ) GLOBAL_UNCERTAINTY_ASSIGNED_CONTEXT ( ( #11436 ) ) GLOBAL_UNIT_ASSIGNED_CONTEXT ( ( #8447, #4729, #8632 ) ) REPRESENTATION_CONTEXT ( 'NONE', 'WORKASPACE' ) );
#4175 = CARTESIAN_POINT ( 'NONE',  ( 0.5100000000000004530, 0.5600000000000000533, -0.7740119375089341558 ) ) ;
#4176 = FILL_AREA_STYLE_COLOUR ( '', #577 ) ;
#4177 = LINE ( 'NONE', #3362, #9453 ) ;
#4178 = EDGE_CURVE ( 'NONE', #5739, #8048, #1817, .T. ) ;
#4179 = CARTESIAN_POINT ( 'NONE',  ( -0.4809880624910624625, 0.5700000000000000622, -0.7549999999999966738 ) ) ;
#4180 =( GEOMETRIC_REPRESENTATION_CONTEXT ( 3 ) GLOBAL_UNCERTAINTY_ASSIGNED_CONTEXT ( ( #6476 ) ) GLOBAL_UNIT_ASSIGNED_CONTEXT ( ( #7039, #7852, #5293 ) ) REPRESENTATION_CONTEXT ( 'NONE', 'WORKASPACE' ) );
#4181 = EDGE_CURVE ( 'NONE', #8579, #5260, #1887, .T. ) ;
#4182 = FILL_AREA_STYLE_COLOUR ( '', #2073 ) ;
#4183 = ORIENTED_EDGE ( 'NONE', *, *, #3721, .F. ) ;
#4184 = VECTOR ( 'NONE', #7927, 1000.000000000000000 ) ;
#4185 =( NAMED_UNIT ( * ) SI_UNIT ( $, .STERADIAN. ) SOLID_ANGLE_UNIT ( ) );
#4186 = PRESENTATION_LAYER_ASSIGNMENT (  '', '', ( #1991 ) ) ;
#4187 = DIRECTION ( 'NONE',  ( 0.000000000000000000, -0.000000000000000000, 1.000000000000000000 ) ) ;
#4188 = DIRECTION ( 'NONE',  ( 7.636510523315148333E-15, 0.000000000000000000, -1.000000000000000000 ) ) ;
#4189 = FILL_AREA_STYLE_COLOUR ( '', #3883 ) ;
#4190 = PRESENTATION_LAYER_ASSIGNMENT (  '', '', ( #11855 ) ) ;
#4191 = PRESENTATION_STYLE_ASSIGNMENT (( #4370 ) ) ;
#4192 = VERTEX_POINT ( 'NONE', #3645 ) ;
#4193 = VECTOR ( 'NONE', #5027, 1000.000000000000000 ) ;
#4194 = CARTESIAN_POINT ( 'NONE',  ( -0.9159880624910613500, 0.5600000000000000533, -0.3249999999999991784 ) ) ;
#4195 = EDGE_CURVE ( 'NONE', #1936, #8164, #711, .T. ) ;
#4196 = SURFACE_SIDE_STYLE ('',( #1196 ) ) ;
#4197 = VERTEX_POINT ( 'NONE', #32 ) ;
#4198 =( NAMED_UNIT ( * ) SI_UNIT ( $, .STERADIAN. ) SOLID_ANGLE_UNIT ( ) );
#4199 = DIRECTION ( 'NONE',  ( 0.000000000000000000, 0.000000000000000000, 1.000000000000000000 ) ) ;
#4200 = VERTEX_POINT ( 'NONE', #3829 ) ;
#4201 = CARTESIAN_POINT ( 'NONE',  ( 0.08098806249105923449, 0.5700000000000000622, 0.9350000000000002753 ) ) ;
#4202 = ORIENTED_EDGE ( 'NONE', *, *, #11441, .F. ) ;
#4203 = ORIENTED_EDGE ( 'NONE', *, *, #10280, .T. ) ;
#4204 = DIRECTION ( 'NONE',  ( -0.000000000000000000, 0.000000000000000000, 1.000000000000000000 ) ) ;
#4205 = DIRECTION ( 'NONE',  ( 0.000000000000000000, -1.000000000000000000, 0.000000000000000000 ) ) ;
#4206 = SURFACE_STYLE_FILL_AREA ( #8963 ) ;
#4208 = DIRECTION ( 'NONE',  ( 0.000000000000000000, 0.000000000000000000, -1.000000000000000000 ) ) ;
#4207 = FACE_OUTER_BOUND ( 'NONE', #10177, .T. ) ;
#4209 = AXIS2_PLACEMENT_3D ( 'NONE', #4357, #10163, #5412 ) ;
#4210 = CARTESIAN_POINT ( 'NONE',  ( -0.3000000000000000444, 0.5700000000000000622, -0.9159880624910602398 ) ) ;
#4211 = ORIENTED_EDGE ( 'NONE', *, *, #5272, .T. ) ;
#4212 = EDGE_CURVE ( 'NONE', #5910, #4443, #3135, .T. ) ;
#4213 = UNCERTAINTY_MEASURE_WITH_UNIT (LENGTH_MEASURE( 1.000000000000000082E-05 ), #1434, 'distance_accuracy_value', 'NONE');
#4214 = ORIENTED_EDGE ( 'NONE', *, *, #9900, .T. ) ;
#4215 = ORIENTED_EDGE ( 'NONE', *, *, #3509, .T. ) ;
#4216 = PLANE ( 'NONE',  #8189 ) ;
#4217 = DIRECTION ( 'NONE',  ( -0.000000000000000000, -1.000000000000000000, -0.000000000000000000 ) ) ;
#4218 = SURFACE_STYLE_FILL_AREA ( #287 ) ;
#4219 =( LENGTH_UNIT ( ) NAMED_UNIT ( * ) SI_UNIT ( .MILLI., .METRE. ) );
#4220 = EDGE_CURVE ( 'NONE', #10776, #1936, #2703, .T. ) ;
#4221 = PRODUCT ( 'SKY13418-485LF', 'SKY13418-485LF', '', ( #7531 ) ) ;
#4222 = DIRECTION ( 'NONE',  ( -5.421010862427508759E-15, 0.000000000000000000, 1.000000000000000000 ) ) ;
#4223 = UNCERTAINTY_MEASURE_WITH_UNIT (LENGTH_MEASURE( 1.000000000000000082E-05 ), #12426, 'distance_accuracy_value', 'NONE');
#4224 = UNCERTAINTY_MEASURE_WITH_UNIT (LENGTH_MEASURE( 1.000000000000000082E-05 ), #11619, 'distance_accuracy_value', 'NONE');
#4225 = PRESENTATION_STYLE_ASSIGNMENT (( #1226 ) ) ;
#4226 = FACE_OUTER_BOUND ( 'NONE', #5896, .T. ) ;
#4227 =( GEOMETRIC_REPRESENTATION_CONTEXT ( 3 ) GLOBAL_UNCERTAINTY_ASSIGNED_CONTEXT ( ( #5838 ) ) GLOBAL_UNIT_ASSIGNED_CONTEXT ( ( #2030, #4155, #5970 ) ) REPRESENTATION_CONTEXT ( 'NONE', 'WORKASPACE' ) );
#4228 = CYLINDRICAL_SURFACE ( 'NONE', #7227, 0.01901193750893743692 ) ;
#4229 = EDGE_LOOP ( 'NONE', ( #3642, #3931, #12162, #9700 ) ) ;
#4230 = EDGE_CURVE ( 'NONE', #10130, #575, #1244, .T. ) ;
#4231 = DIRECTION ( 'NONE',  ( 0.000000000000000000, 0.000000000000000000, -1.000000000000000000 ) ) ;
#4232 = AXIS2_PLACEMENT_3D ( 'NONE', #11247, #5661, #794 ) ;
#4233 = EDGE_LOOP ( 'NONE', ( #4214, #5545, #3130, #11334 ) ) ;
#4234 = VECTOR ( 'NONE', #1282, 1000.000000000000000 ) ;
#4235 = TOROIDAL_SURFACE ( 'NONE', #443, 0.02901193750893732784, 0.01000000000000000021 ) ;
#4236 = CARTESIAN_POINT ( 'NONE',  ( 0.09999999999999736877, 0.5600000000000000533, -0.7740119375089381526 ) ) ;
#4237 = CARTESIAN_POINT ( 'NONE',  ( 0.9159880624910621272, 0.5600000000000000533, 0.3059880624910617519 ) ) ;
#4238 = EDGE_LOOP ( 'NONE', ( #641, #12224, #7278, #1 ) ) ;
#4239 = FILL_AREA_STYLE_COLOUR ( '', #11462 ) ;
#4240 = UNCERTAINTY_MEASURE_WITH_UNIT (LENGTH_MEASURE( 1.000000000000000082E-05 ), #2771, 'distance_accuracy_value', 'NONE');
#4241 = SURFACE_SIDE_STYLE ('',( #9064 ) ) ;
#4242 = ORIENTED_EDGE ( 'NONE', *, *, #5127, .F. ) ;
#4243 = CARTESIAN_POINT ( 'NONE',  ( 0.3190119375089377485, 0.5700000000000000622, 0.7549999999999977840 ) ) ;
#4244 = MECHANICAL_DESIGN_GEOMETRIC_PRESENTATION_REPRESENTATION (  '', ( #2845 ), #6869 ) ;
#4245 = MECHANICAL_DESIGN_GEOMETRIC_PRESENTATION_REPRESENTATION (  '', ( #9878 ), #5636 ) ;
#4246 = CARTESIAN_POINT ( 'NONE',  ( 0.9159880624910622382, 0.5700000000000000622, 0.1440119375089366216 ) ) ;
#4247 = ADVANCED_FACE ( 'NONE', ( #11819 ), #10761, .F. ) ;
#4248 = MECHANICAL_DESIGN_GEOMETRIC_PRESENTATION_REPRESENTATION (  '', ( #8500 ), #11122 ) ;
#4249 = EDGE_CURVE ( 'NONE', #5001, #6703, #9981, .T. ) ;
#4250 = CARTESIAN_POINT ( 'NONE',  ( 0.8000000000000002665, 0.02000000000000000042, -0.9000000000000001332 ) ) ;
#4251 = DIRECTION ( 'NONE',  ( 0.000000000000000000, 0.000000000000000000, -1.000000000000000000 ) ) ;
#4252 = CARTESIAN_POINT ( 'NONE',  ( -0.7740119375089350440, 0.5600000000000000533, 0.7559880624910606528 ) ) ;
#4253 = PRESENTATION_LAYER_ASSIGNMENT (  '', '', ( #12312 ) ) ;
#4254 = ORIENTED_EDGE ( 'NONE', *, *, #7304, .T. ) ;
#4255 = STYLED_ITEM ( 'NONE', ( #5333 ), #3506 ) ;
#4256 = VERTEX_POINT ( 'NONE', #133 ) ;
#4257 = VERTEX_POINT ( 'NONE', #4921 ) ;
#4258 = ORIENTED_EDGE ( 'NONE', *, *, #12308, .F. ) ;
#4259 = SURFACE_STYLE_FILL_AREA ( #10069 ) ;
#4260 = AXIS2_PLACEMENT_3D ( 'NONE', #11796, #2283, #6363 ) ;
#4261 = ORIENTED_EDGE ( 'NONE', *, *, #12214, .F. ) ;
#4262 = EDGE_CURVE ( 'NONE', #5260, #12145, #9591, .T. ) ;
#4263 = CIRCLE ( 'NONE', #1639, 0.01901193750893730161 ) ;
#4264 = EDGE_CURVE ( 'NONE', #7030, #7340, #7849, .T. ) ;
#4265 = ORIENTED_EDGE ( 'NONE', *, *, #2109, .F. ) ;
#4266 = ORIENTED_EDGE ( 'NONE', *, *, #7573, .F. ) ;
#4267 =( NAMED_UNIT ( * ) SI_UNIT ( $, .STERADIAN. ) SOLID_ANGLE_UNIT ( ) );
#4268 = AXIS2_PLACEMENT_3D ( 'NONE', #7841, #1122, #10950 ) ;
#4269 = AXIS2_PLACEMENT_3D ( 'NONE', #5934, #4991, #12011 ) ;
#4270 = LINE ( 'NONE', #8251, #3162 ) ;
#4271 = PRESENTATION_STYLE_ASSIGNMENT (( #10253 ) ) ;
#4272 = ORIENTED_EDGE ( 'NONE', *, *, #4564, .F. ) ;
#4273 = VECTOR ( 'NONE', #10482, 1000.000000000000000 ) ;
#4274 = CARTESIAN_POINT ( 'NONE',  ( 0.3190119375089379150, 0.5700000000000000622, -0.9159880624910602398 ) ) ;
#4275 = ORIENTED_EDGE ( 'NONE', *, *, #8328, .T. ) ;
#4276 = ORIENTED_EDGE ( 'NONE', *, *, #6875, .F. ) ;
#4277 = CARTESIAN_POINT ( 'NONE',  ( 0.01249999999999992437, 0.4500000000000001221, 1.000000000000000000 ) ) ;
#4278 =( GEOMETRIC_REPRESENTATION_CONTEXT ( 3 ) GLOBAL_UNCERTAINTY_ASSIGNED_CONTEXT ( ( #8942 ) ) GLOBAL_UNIT_ASSIGNED_CONTEXT ( ( #7473, #1683, #7345 ) ) REPRESENTATION_CONTEXT ( 'NONE', 'WORKASPACE' ) );
#4279 =( LENGTH_UNIT ( ) NAMED_UNIT ( * ) SI_UNIT ( .MILLI., .METRE. ) );
#4280 = PRESENTATION_STYLE_ASSIGNMENT (( #12046 ) ) ;
#4281 = EDGE_CURVE ( 'NONE', #12283, #2716, #7967, .T. ) ;
#4282 = FACE_OUTER_BOUND ( 'NONE', #8843, .T. ) ;
#4283 = CARTESIAN_POINT ( 'NONE',  ( -0.9159880624910617941, 0.5600000000000000533, 0.1440119375089366216 ) ) ;
#4284 = SURFACE_STYLE_FILL_AREA ( #5524 ) ;
#4285 = CYLINDRICAL_SURFACE ( 'NONE', #403, 0.01000000000000002623 ) ;
#4286 = DIRECTION ( 'NONE',  ( -1.000000000000000000, 0.000000000000000000, 0.000000000000000000 ) ) ;
#4287 = DIRECTION ( 'NONE',  ( -1.000000000000000000, 0.000000000000000000, 5.421010862427508759E-15 ) ) ;
#4288 = SURFACE_SIDE_STYLE ('',( #5271 ) ) ;
#4289 = SURFACE_STYLE_USAGE ( .BOTH. , #5331 ) ;
#4290 = PRESENTATION_LAYER_ASSIGNMENT (  '', '', ( #6706 ) ) ;
#4291 = CARTESIAN_POINT ( 'NONE',  ( 0.3190119375089379150, 0.5600000000000000533, 0.9159880624910602398 ) ) ;
#4292 = CARTESIAN_POINT ( 'NONE',  ( -0.9999999999999997780, 0.5500000000000000444, -0.6624999999999992006 ) ) ;
#4293 = VERTEX_POINT ( 'NONE', #1189 ) ;
#4294 =( LENGTH_UNIT ( ) NAMED_UNIT ( * ) SI_UNIT ( .MILLI., .METRE. ) );
#4295 = SURFACE_STYLE_FILL_AREA ( #3617 ) ;
#4296 = SURFACE_SIDE_STYLE ('',( #10233 ) ) ;
#4297 = DIRECTION ( 'NONE',  ( 1.000000000000000000, 0.000000000000000000, -0.000000000000000000 ) ) ;
#4298 = VERTEX_POINT ( 'NONE', #3189 ) ;
#4299 = DIRECTION ( 'NONE',  ( -0.000000000000000000, -1.000000000000000000, -0.000000000000000000 ) ) ;
#4300 = COLOUR_RGB ( '',0.6666666666666666297, 0.6980392156862744724, 0.7686274509803920907 ) ;
#4301 = EDGE_CURVE ( 'NONE', #6148, #3851, #2934, .T. ) ;
#4302 = DIRECTION ( 'NONE',  ( 1.000000000000000000, -1.084202172485501594E-14, 2.168404344971009184E-14 ) ) ;
#4303 = EDGE_LOOP ( 'NONE', ( #7247, #2305, #12418, #4813 ) ) ;
#4304 = SURFACE_STYLE_FILL_AREA ( #1430 ) ;
#4305 = LINE ( 'NONE', #4422, #9633 ) ;
#4306 = CIRCLE ( 'NONE', #1302, 0.01000000000000002623 ) ;
#4307 = MECHANICAL_DESIGN_GEOMETRIC_PRESENTATION_REPRESENTATION (  '', ( #10769 ), #5908 ) ;
#4308 =( NAMED_UNIT ( * ) PLANE_ANGLE_UNIT ( ) SI_UNIT ( $, .RADIAN. ) );
#4309 =( LENGTH_UNIT ( ) NAMED_UNIT ( * ) SI_UNIT ( .MILLI., .METRE. ) );
#4310 = DIRECTION ( 'NONE',  ( 1.000000000000000000, 0.000000000000000000, 0.000000000000000000 ) ) ;
#4311 = CARTESIAN_POINT ( 'NONE',  ( -0.9159880624910617941, 0.5600000000000000533, 0.1249999999999991951 ) ) ;
#4312 = LINE ( 'NONE', #10059, #2382 ) ;
#4313 = ORIENTED_EDGE ( 'NONE', *, *, #1958, .F. ) ;
#4314 = ORIENTED_EDGE ( 'NONE', *, *, #6840, .F. ) ;
#4315 = EDGE_CURVE ( 'NONE', #10689, #2165, #1539, .T. ) ;
#4316 = MECHANICAL_DESIGN_GEOMETRIC_PRESENTATION_REPRESENTATION (  '', ( #7149 ), #5516 ) ;
#4317 = ORIENTED_EDGE ( 'NONE', *, *, #4998, .F. ) ;
#4318 = EDGE_LOOP ( 'NONE', ( #181, #9681, #7046, #1017 ) ) ;
#4319 = CARTESIAN_POINT ( 'NONE',  ( 0.3190119375089379150, 0.5600000000000000533, -0.9159880624910602398 ) ) ;
#4320 = CARTESIAN_POINT ( 'NONE',  ( -0.7740119375089365983, 0.5600000000000000533, -0.3059880624910606972 ) ) ;
#4321 = ORIENTED_EDGE ( 'NONE', *, *, #7159, .F. ) ;
#4322 =( LENGTH_UNIT ( ) NAMED_UNIT ( * ) SI_UNIT ( .MILLI., .METRE. ) );
#4323 = ORIENTED_EDGE ( 'NONE', *, *, #6251, .T. ) ;
#4324 = EDGE_LOOP ( 'NONE', ( #6092, #10870, #4467, #8952 ) ) ;
#4325 = AXIS2_PLACEMENT_3D ( 'NONE', #2829, #6726, #7685 ) ;
#4326 = SURFACE_STYLE_FILL_AREA ( #12031 ) ;
#4327 =( NAMED_UNIT ( * ) PLANE_ANGLE_UNIT ( ) SI_UNIT ( $, .RADIAN. ) );
#4328 = FILL_AREA_STYLE ('',( #7437 ) ) ;
#4329 = UNCERTAINTY_MEASURE_WITH_UNIT (LENGTH_MEASURE( 1.000000000000000082E-05 ), #5307, 'distance_accuracy_value', 'NONE');
#4330 = ORIENTED_EDGE ( 'NONE', *, *, #12080, .T. ) ;
#4331 = EDGE_CURVE ( 'NONE', #4033, #10334, #5816, .T. ) ;
#4332 = PLANE ( 'NONE',  #9209 ) ;
#4333 = FACE_OUTER_BOUND ( 'NONE', #6038, .T. ) ;
#4334 = PRESENTATION_LAYER_ASSIGNMENT (  '', '', ( #4518 ) ) ;
#4335 = DIRECTION ( 'NONE',  ( -1.000000000000000000, -0.000000000000000000, 7.636510523315148333E-15 ) ) ;
#4336 = CARTESIAN_POINT ( 'NONE',  ( 0.7740119375089374865, 0.5700000000000000622, -0.1249999999999981265 ) ) ;
#4337 =( LENGTH_UNIT ( ) NAMED_UNIT ( * ) SI_UNIT ( .MILLI., .METRE. ) );
#4338 = DIRECTION ( 'NONE',  ( -3.722798880116137554E-15, -0.000000000000000000, 1.000000000000000000 ) ) ;
#4339 = FACE_OUTER_BOUND ( 'NONE', #11650, .T. ) ;
#4340 = FILL_AREA_STYLE ('',( #1474 ) ) ;
#4341 = CARTESIAN_POINT ( 'NONE',  ( -0.7740119375089350440, 0.5700000000000000622, 0.7559880624910606528 ) ) ;
#4342 = DIRECTION ( 'NONE',  ( -0.000000000000000000, -0.000000000000000000, -1.000000000000000000 ) ) ;
#4343 = COLOUR_RGB ( '',0.6666666666666666297, 0.6980392156862744724, 0.7686274509803920907 ) ;
#4344 = EDGE_CURVE ( 'NONE', #11587, #3625, #748, .T. ) ;
#4345 = DIRECTION ( 'NONE',  ( 0.000000000000000000, 0.000000000000000000, -1.000000000000000000 ) ) ;
#4346 = DIRECTION ( 'NONE',  ( 0.000000000000000000, 0.000000000000000000, -1.000000000000000000 ) ) ;
#4347 = PRESENTATION_LAYER_ASSIGNMENT (  '', '', ( #5543 ) ) ;
#4348 = MECHANICAL_DESIGN_GEOMETRIC_PRESENTATION_REPRESENTATION (  '', ( #9201 ), #6567 ) ;
#4349 =( NAMED_UNIT ( * ) SI_UNIT ( $, .STERADIAN. ) SOLID_ANGLE_UNIT ( ) );
#4350 = DIRECTION ( 'NONE',  ( 0.000000000000000000, 0.000000000000000000, -1.000000000000000000 ) ) ;
#4351 = FACE_OUTER_BOUND ( 'NONE', #2354, .T. ) ;
#4352 = ORIENTED_EDGE ( 'NONE', *, *, #9807, .T. ) ;
#4353 = DIRECTION ( 'NONE',  ( 1.856696220381421547E-13, 0.000000000000000000, -1.000000000000000000 ) ) ;
#4354 = DIRECTION ( 'NONE',  ( 0.000000000000000000, 1.000000000000000000, 0.000000000000000000 ) ) ;
#4355 = VERTEX_POINT ( 'NONE', #4869 ) ;
#4356 = MECHANICAL_DESIGN_GEOMETRIC_PRESENTATION_REPRESENTATION (  '', ( #6377 ), #4742 ) ;
#4357 = CARTESIAN_POINT ( 'NONE',  ( 0.9159880624910622382, 0.5700000000000000622, -0.1440119375089366216 ) ) ;
#4358 = AXIS2_PLACEMENT_3D ( 'NONE', #1088, #11594, #6786 ) ;
#4359 = UNCERTAINTY_MEASURE_WITH_UNIT (LENGTH_MEASURE( 1.000000000000000082E-05 ), #11181, 'distance_accuracy_value', 'NONE');
#4360 = CARTESIAN_POINT ( 'NONE',  ( 0.7740119375089354881, 0.5600000000000000533, 0.7559880624910606528 ) ) ;
#4361 = ORIENTED_EDGE ( 'NONE', *, *, #3995, .F. ) ;
#4362 =( GEOMETRIC_REPRESENTATION_CONTEXT ( 3 ) GLOBAL_UNCERTAINTY_ASSIGNED_CONTEXT ( ( #340 ) ) GLOBAL_UNIT_ASSIGNED_CONTEXT ( ( #9140, #3525, #3587 ) ) REPRESENTATION_CONTEXT ( 'NONE', 'WORKASPACE' ) );
#4363 =( LENGTH_UNIT ( ) NAMED_UNIT ( * ) SI_UNIT ( .MILLI., .METRE. ) );
#4364 = AXIS2_PLACEMENT_3D ( 'NONE', #4319, #10184, #11098 ) ;
#4365 = AXIS2_PLACEMENT_3D ( 'NONE', #11700, #10817, #4120 ) ;
#4366 = LINE ( 'NONE', #8227, #5227 ) ;
#4367 = PRESENTATION_STYLE_ASSIGNMENT (( #3502 ) ) ;
#4368 = ADVANCED_FACE ( 'NONE', ( #252 ), #3939, .F. ) ;
#4369 = PRESENTATION_LAYER_ASSIGNMENT (  '', '', ( #9823 ) ) ;
#4370 = SURFACE_STYLE_USAGE ( .BOTH. , #2501 ) ;
#4371 = VERTEX_POINT ( 'NONE', #628 ) ;
#4372 = COLOUR_RGB ( '',0.6666666666666666297, 0.6980392156862744724, 0.7686274509803920907 ) ;
#4373 = VERTEX_POINT ( 'NONE', #9984 ) ;
#4374 = FACE_OUTER_BOUND ( 'NONE', #4552, .T. ) ;
#4375 = ORIENTED_EDGE ( 'NONE', *, *, #8975, .T. ) ;
#4376 = LINE ( 'NONE', #8239, #11433 ) ;
#4377 = DIRECTION ( 'NONE',  ( 0.000000000000000000, 0.000000000000000000, -1.000000000000000000 ) ) ;
#4378 = PRESENTATION_LAYER_ASSIGNMENT (  '', '', ( #6411 ) ) ;
#4379 = DIRECTION ( 'NONE',  ( -1.000000000000000000, 0.000000000000000000, -6.024233234031476698E-15 ) ) ;
#4380 = ORIENTED_EDGE ( 'NONE', *, *, #1201, .T. ) ;
#4381 =( LENGTH_UNIT ( ) NAMED_UNIT ( * ) SI_UNIT ( .MILLI., .METRE. ) );
#4382 = FACE_BOUND ( 'NONE', #4150, .T. ) ;
#4383 = AXIS2_PLACEMENT_3D ( 'NONE', #5497, #2556, #8299 ) ;
#4384 = AXIS2_PLACEMENT_3D ( 'NONE', #1268, #5253, #6141 ) ;
#4385 = EDGE_CURVE ( 'NONE', #5134, #6093, #7160, .T. ) ;
#4386 = VERTEX_POINT ( 'NONE', #10119 ) ;
#4388 =( NAMED_UNIT ( * ) PLANE_ANGLE_UNIT ( ) SI_UNIT ( $, .RADIAN. ) );
#4387 =( GEOMETRIC_REPRESENTATION_CONTEXT ( 3 ) GLOBAL_UNCERTAINTY_ASSIGNED_CONTEXT ( ( #5858 ) ) GLOBAL_UNIT_ASSIGNED_CONTEXT ( ( #2153, #9791, #7951 ) ) REPRESENTATION_CONTEXT ( 'NONE', 'WORKASPACE' ) );
#4389 = VERTEX_POINT ( 'NONE', #11149 ) ;
#4390 = CARTESIAN_POINT ( 'NONE',  ( -0.7740119375089361542, 0.5700000000000000622, 0.3249999999999982347 ) ) ;
#4391 = CARTESIAN_POINT ( 'NONE',  ( 0.7449999999999979972, 0.5500000000000000444, 0.5940119375089355502 ) ) ;
#4392 = SURFACE_STYLE_USAGE ( .BOTH. , #8120 ) ;
#4393 = SURFACE_STYLE_USAGE ( .BOTH. , #6418 ) ;
#4394 = STYLED_ITEM ( 'NONE', ( #4122 ), #5630 ) ;
#4395 = ORIENTED_EDGE ( 'NONE', *, *, #10136, .F. ) ;
#4396 = VECTOR ( 'NONE', #2108, 1000.000000000000000 ) ;
#4397 = PRESENTATION_LAYER_ASSIGNMENT (  '', '', ( #9852 ) ) ;
#4398 = FILL_AREA_STYLE ('',( #3656 ) ) ;
#4399 = CARTESIAN_POINT ( 'NONE',  ( 0.7449999999999997735, 0.5500000000000000444, 0.1440119375089355391 ) ) ;
#4400 = TOROIDAL_SURFACE ( 'NONE', #4586, 0.02901193750893743539, 0.01000000000000000021 ) ;
#4401 = DIRECTION ( 'NONE',  ( -0.000000000000000000, -1.000000000000000000, 0.000000000000000000 ) ) ;
#4402 = DIRECTION ( 'NONE',  ( -1.000000000000000000, 0.000000000000000000, 7.254684997149389260E-15 ) ) ;
#4403 = SURFACE_STYLE_USAGE ( .BOTH. , #600 ) ;
#4404 = EDGE_CURVE ( 'NONE', #6919, #10224, #3377, .T. ) ;
#4405 = FILL_AREA_STYLE ('',( #12049 ) ) ;
#4406 = ADVANCED_FACE ( 'NONE', ( #5170 ), #11091, .F. ) ;
#4407 = CARTESIAN_POINT ( 'NONE',  ( 0.08098806249106001165, 0.5700000000000000622, 0.7550000000000004485 ) ) ;
#4408 = LINE ( 'NONE', #607, #6067 ) ;
#4409 =( LENGTH_UNIT ( ) NAMED_UNIT ( * ) SI_UNIT ( .MILLI., .METRE. ) );
#4410 = FACE_OUTER_BOUND ( 'NONE', #4303, .T. ) ;
#4411 = DIRECTION ( 'NONE',  ( -0.000000000000000000, -0.000000000000000000, 1.000000000000000000 ) ) ;
#4412 = EDGE_CURVE ( 'NONE', #2188, #3922, #12082, .T. ) ;
#4413 = EDGE_CURVE ( 'NONE', #6315, #3008, #4717, .T. ) ;
#4414 = EDGE_LOOP ( 'NONE', ( #9824, #2199, #7315, #2011 ) ) ;
#4415 = CARTESIAN_POINT ( 'NONE',  ( 0.8000000000000002665, 0.000000000000000000, -0.6999999999999997335 ) ) ;
#4416 = ORIENTED_EDGE ( 'NONE', *, *, #7231, .F. ) ;
#4417 = CARTESIAN_POINT ( 'NONE',  ( 0.9159880624910604618, 0.5600000000000000533, 0.7749999999999992450 ) ) ;
#4418 = AXIS2_PLACEMENT_3D ( 'NONE', #5610, #4661, #12400 ) ;
#4419 = DIRECTION ( 'NONE',  ( 0.000000000000000000, 0.000000000000000000, -1.000000000000000000 ) ) ;
#4420 = ORIENTED_EDGE ( 'NONE', *, *, #8602, .T. ) ;
#4421 = DIRECTION ( 'NONE',  ( -0.000000000000000000, -1.000000000000000000, -0.000000000000000000 ) ) ;
#4422 = CARTESIAN_POINT ( 'NONE',  ( 0.7549999999999981171, 0.5700000000000000622, 0.5940119375089355502 ) ) ;
#4423 = PRESENTATION_LAYER_ASSIGNMENT (  '', '', ( #7855 ) ) ;
#4424 = DIRECTION ( 'NONE',  ( -1.000000000000000000, -0.000000000000000000, 6.693592482257194052E-15 ) ) ;
#4425 = ADVANCED_FACE ( 'NONE', ( #9941 ), #6328, .F. ) ;
#4426 = SURFACE_SIDE_STYLE ('',( #11956 ) ) ;
#4427 = DIRECTION ( 'NONE',  ( 0.000000000000000000, 0.000000000000000000, -1.000000000000000000 ) ) ;
#4428 = DIRECTION ( 'NONE',  ( 0.000000000000000000, 0.000000000000000000, -1.000000000000000000 ) ) ;
#4429 = ORIENTED_EDGE ( 'NONE', *, *, #9539, .T. ) ;
#4430 = CARTESIAN_POINT ( 'NONE',  ( -0.9349999999999987210, 0.5700000000000000622, -0.3059880624910617519 ) ) ;
#4431 = EDGE_LOOP ( 'NONE', ( #716, #2679, #6624, #5124 ) ) ;
#4432 = AXIS2_PLACEMENT_3D ( 'NONE', #3016, #2016, #6731 ) ;
#4433 = ORIENTED_EDGE ( 'NONE', *, *, #11421, .T. ) ;
#4435 = ORIENTED_EDGE ( 'NONE', *, *, #4412, .T. ) ;
#4434 = PRESENTATION_LAYER_ASSIGNMENT (  '', '', ( #12329 ) ) ;
#4436 = ORIENTED_EDGE ( 'NONE', *, *, #7562, .F. ) ;
#4437 = VERTEX_POINT ( 'NONE', #3691 ) ;
#4438 = VERTEX_POINT ( 'NONE', #10440 ) ;
#4439 = FACE_OUTER_BOUND ( 'NONE', #7842, .T. ) ;
#4440 = CIRCLE ( 'NONE', #9304, 0.01901193750893730161 ) ;
#4441 = VECTOR ( 'NONE', #8717, 1000.000000000000000 ) ;
#4442 = AXIS2_PLACEMENT_3D ( 'NONE', #7176, #6286, #2194 ) ;
#4443 = VERTEX_POINT ( 'NONE', #8790 ) ;
#4444 = FILL_AREA_STYLE_COLOUR ( '', #11310 ) ;
#4445 = CARTESIAN_POINT ( 'NONE',  ( 0.01250000000000079173, 0.4500000000000000666, -1.000000000000000000 ) ) ;
#4446 = ORIENTED_EDGE ( 'NONE', *, *, #7528, .F. ) ;
#4447 = STYLED_ITEM ( 'NONE', ( #6075 ), #1705 ) ;
#4448 = CYLINDRICAL_SURFACE ( 'NONE', #3658, 0.01000000000000002623 ) ;
#4449 = UNCERTAINTY_MEASURE_WITH_UNIT (LENGTH_MEASURE( 1.000000000000000082E-05 ), #5754, 'distance_accuracy_value', 'NONE');
#4450 = EDGE_LOOP ( 'NONE', ( #12324, #12415, #11999, #8685 ) ) ;
#4451 =( NAMED_UNIT ( * ) PLANE_ANGLE_UNIT ( ) SI_UNIT ( $, .RADIAN. ) );
#4452 =( GEOMETRIC_REPRESENTATION_CONTEXT ( 3 ) GLOBAL_UNCERTAINTY_ASSIGNED_CONTEXT ( ( #1853 ) ) GLOBAL_UNIT_ASSIGNED_CONTEXT ( ( #4804, #9465, #8525 ) ) REPRESENTATION_CONTEXT ( 'NONE', 'WORKASPACE' ) );
#4453 = ADVANCED_FACE ( 'NONE', ( #7539 ), #361, .F. ) ;
#4454 = SURFACE_STYLE_USAGE ( .BOTH. , #11116 ) ;
#4455 = PRESENTATION_LAYER_ASSIGNMENT (  '', '', ( #1043 ) ) ;
#4456 =( NAMED_UNIT ( * ) SI_UNIT ( $, .STERADIAN. ) SOLID_ANGLE_UNIT ( ) );
#4457 = CARTESIAN_POINT ( 'NONE',  ( -0.9349999999999976108, 0.5700000000000000622, -0.5940119375089366605 ) ) ;
#4458 = VECTOR ( 'NONE', #9730, 1000.000000000000000 ) ;
#4459 = STYLED_ITEM ( 'NONE', ( #9862 ), #6583 ) ;
#4460 = SURFACE_STYLE_USAGE ( .BOTH. , #2594 ) ;
#4461 = LINE ( 'NONE', #8338, #7815 ) ;
#4462 = CARTESIAN_POINT ( 'NONE',  ( 0.4809880624910630176, 0.5700000000000000622, -0.7740119375089341558 ) ) ;
#4463 = UNCERTAINTY_MEASURE_WITH_UNIT (LENGTH_MEASURE( 1.000000000000000082E-05 ), #6156, 'distance_accuracy_value', 'NONE');
#4464 = EDGE_CURVE ( 'NONE', #3526, #4127, #3944, .T. ) ;
#4465 = SURFACE_STYLE_USAGE ( .BOTH. , #4288 ) ;
#4466 = PLANE ( 'NONE',  #2801 ) ;
#4467 = ORIENTED_EDGE ( 'NONE', *, *, #6988, .T. ) ;
#4468 = SURFACE_SIDE_STYLE ('',( #9358 ) ) ;
#4469 = MECHANICAL_DESIGN_GEOMETRIC_PRESENTATION_REPRESENTATION (  '', ( #8551 ), #5887 ) ;
#4470 = SURFACE_SIDE_STYLE ('',( #680 ) ) ;
#4471 = EDGE_LOOP ( 'NONE', ( #8345, #7257, #6643, #10938 ) ) ;
#4472 = DIRECTION ( 'NONE',  ( -1.000000000000000000, 0.000000000000000000, -6.024233234031475909E-15 ) ) ;
#4473 = FACE_OUTER_BOUND ( 'NONE', #10192, .T. ) ;
#4474 = ORIENTED_EDGE ( 'NONE', *, *, #5396, .F. ) ;
#4475 = CARTESIAN_POINT ( 'NONE',  ( -0.9159880624910616831, 0.5600000000000000533, -0.3059880624910617519 ) ) ;
#4476 = UNCERTAINTY_MEASURE_WITH_UNIT (LENGTH_MEASURE( 1.000000000000000082E-05 ), #2126, 'distance_accuracy_value', 'NONE');
#4477 = LINE ( 'NONE', #11144, #9618 ) ;
#4478 = VERTEX_POINT ( 'NONE', #2553 ) ;
#4479 = FILL_AREA_STYLE_COLOUR ( '', #7618 ) ;
#4480 = EDGE_CURVE ( 'NONE', #7335, #11222, #2343, .T. ) ;
#4481 = DIRECTION ( 'NONE',  ( -3.722798880116137554E-15, 0.000000000000000000, -1.000000000000000000 ) ) ;
#4482 = LINE ( 'NONE', #8229, #12130 ) ;
#4483 = SURFACE_STYLE_FILL_AREA ( #696 ) ;
#4484 =( NAMED_UNIT ( * ) PLANE_ANGLE_UNIT ( ) SI_UNIT ( $, .RADIAN. ) );
#4485 = CARTESIAN_POINT ( 'NONE',  ( -0.1000000000000031697, 0.5700000000000000622, -0.9159880624910617941 ) ) ;
#4486 = DIRECTION ( 'NONE',  ( 0.000000000000000000, -1.000000000000000000, 0.000000000000000000 ) ) ;
#4487 = ORIENTED_EDGE ( 'NONE', *, *, #3671, .T. ) ;
#4488 = DIRECTION ( 'NONE',  ( 1.000000000000000000, 0.000000000000000000, 7.636510523315148333E-15 ) ) ;
#4489 = DIRECTION ( 'NONE',  ( -3.346796241128596237E-15, 0.000000000000000000, -1.000000000000000000 ) ) ;
#4490 = EDGE_LOOP ( 'NONE', ( #2000, #2847, #4913, #5744 ) ) ;
#4491 = ORIENTED_EDGE ( 'NONE', *, *, #3361, .F. ) ;
#4492 =( NAMED_UNIT ( * ) SI_UNIT ( $, .STERADIAN. ) SOLID_ANGLE_UNIT ( ) );
#4493 = EDGE_CURVE ( 'NONE', #10445, #7438, #4537, .T. ) ;
#4494 = AXIS2_PLACEMENT_3D ( 'NONE', #7120, #11780, #10974 ) ;
#4495 = COLOUR_RGB ( '',0.6666666666666666297, 0.6980392156862744724, 0.7686274509803920907 ) ;
#4496 = SURFACE_STYLE_USAGE ( .BOTH. , #11026 ) ;
#4497 = ORIENTED_EDGE ( 'NONE', *, *, #8213, .F. ) ;
#4498 = ORIENTED_EDGE ( 'NONE', *, *, #2245, .T. ) ;
#4499 = FACE_OUTER_BOUND ( 'NONE', #1702, .T. ) ;
#4500 = FACE_BOUND ( 'NONE', #6732, .T. ) ;
#4501 = ORIENTED_EDGE ( 'NONE', *, *, #5254, .F. ) ;
#4502 = FACE_OUTER_BOUND ( 'NONE', #8031, .T. ) ;
#4503 =( NAMED_UNIT ( * ) PLANE_ANGLE_UNIT ( ) SI_UNIT ( $, .RADIAN. ) );
#4505 = DIRECTION ( 'NONE',  ( 1.000000000000000000, 0.000000000000000000, 0.000000000000000000 ) ) ;
#4504 =( GEOMETRIC_REPRESENTATION_CONTEXT ( 3 ) GLOBAL_UNCERTAINTY_ASSIGNED_CONTEXT ( ( #5343 ) ) GLOBAL_UNIT_ASSIGNED_CONTEXT ( ( #7875, #9843, #2329 ) ) REPRESENTATION_CONTEXT ( 'NONE', 'WORKASPACE' ) );
#4506 = VECTOR ( 'NONE', #2477, 1000.000000000000000 ) ;
#4507 = VERTEX_POINT ( 'NONE', #3746 ) ;
#4508 = CARTESIAN_POINT ( 'NONE',  ( 0.4809880624910631841, 0.5700000000000000622, 0.9349999999999966116 ) ) ;
#4509 = CARTESIAN_POINT ( 'NONE',  ( 0.7549999999999993383, 0.5700000000000000622, 0.3059880624910607527 ) ) ;
#4510 = DIRECTION ( 'NONE',  ( 4.016155489354316747E-15, 0.000000000000000000, -1.000000000000000000 ) ) ;
#4511 = AXIS2_PLACEMENT_3D ( 'NONE', #3012, #6852, #4878 ) ;
#4512 = LINE ( 'NONE', #3662, #8497 ) ;
#4513 = DIRECTION ( 'NONE',  ( 5.421010862427507971E-15, 0.000000000000000000, -1.000000000000000000 ) ) ;
#4514 = FACE_OUTER_BOUND ( 'NONE', #3281, .T. ) ;
#4515 = ADVANCED_FACE ( 'NONE', ( #7405 ), #6818, .F. ) ;
#4516 = DIRECTION ( 'NONE',  ( 0.000000000000000000, 0.000000000000000000, -1.000000000000000000 ) ) ;
#4517 = SURFACE_SIDE_STYLE ('',( #9214 ) ) ;
#4518 = STYLED_ITEM ( 'NONE', ( #6278 ), #8675 ) ;
#4519 = DIRECTION ( 'NONE',  ( -6.776263578034384569E-15, 0.000000000000000000, -1.000000000000000000 ) ) ;
#4520 = STYLED_ITEM ( 'NONE', ( #5884 ), #4368 ) ;
#4521 = PRESENTATION_STYLE_ASSIGNMENT (( #6499 ) ) ;
#4522 = EDGE_LOOP ( 'NONE', ( #935, #2869, #4841, #6756 ) ) ;
#4524 = LINE ( 'NONE', #2538, #11132 ) ;
#4523 = AXIS2_PLACEMENT_3D ( 'NONE', #4826, #4892, #8786 ) ;
#4525 = ORIENTED_EDGE ( 'NONE', *, *, #9200, .F. ) ;
#4526 = EDGE_CURVE ( 'NONE', #2756, #8575, #10803, .T. ) ;
#4527 = DIRECTION ( 'NONE',  ( 0.000000000000000000, 0.000000000000000000, -1.000000000000000000 ) ) ;
#4528 =( GEOMETRIC_REPRESENTATION_CONTEXT ( 3 ) GLOBAL_UNCERTAINTY_ASSIGNED_CONTEXT ( ( #11288 ) ) GLOBAL_UNIT_ASSIGNED_CONTEXT ( ( #4543, #11328, #9968 ) ) REPRESENTATION_CONTEXT ( 'NONE', 'WORKASPACE' ) );
#4529 = VERTEX_POINT ( 'NONE', #1336 ) ;
#4530 = DIRECTION ( 'NONE',  ( -0.000000000000000000, -1.000000000000000000, -0.000000000000000000 ) ) ;
#4531 =( LENGTH_UNIT ( ) NAMED_UNIT ( * ) SI_UNIT ( .MILLI., .METRE. ) );
#4532 = AXIS2_PLACEMENT_3D ( 'NONE', #2196, #2084, #8847 ) ;
#4533 = PRESENTATION_STYLE_ASSIGNMENT (( #8491 ) ) ;
#4534 = PRESENTATION_LAYER_ASSIGNMENT (  '', '', ( #4732 ) ) ;
#4535 = ORIENTED_EDGE ( 'NONE', *, *, #3934, .F. ) ;
#4536 = FILL_AREA_STYLE ('',( #6254 ) ) ;
#4537 = CIRCLE ( 'NONE', #2552, 0.01000000000000002623 ) ;
#4538 = DIRECTION ( 'NONE',  ( 0.000000000000000000, -0.000000000000000000, -1.000000000000000000 ) ) ;
#4539 = SURFACE_STYLE_USAGE ( .BOTH. , #10309 ) ;
#4540 =( NAMED_UNIT ( * ) PLANE_ANGLE_UNIT ( ) SI_UNIT ( $, .RADIAN. ) );
#4541 =( GEOMETRIC_REPRESENTATION_CONTEXT ( 3 ) GLOBAL_UNCERTAINTY_ASSIGNED_CONTEXT ( ( #12459 ) ) GLOBAL_UNIT_ASSIGNED_CONTEXT ( ( #1894, #6602, #4745 ) ) REPRESENTATION_CONTEXT ( 'NONE', 'WORKASPACE' ) );
#4542 = EDGE_CURVE ( 'NONE', #394, #12290, #3349, .T. ) ;
#4543 =( LENGTH_UNIT ( ) NAMED_UNIT ( * ) SI_UNIT ( .MILLI., .METRE. ) );
#4544 = MECHANICAL_DESIGN_GEOMETRIC_PRESENTATION_REPRESENTATION (  '', ( #9998 ), #6158 ) ;
#4545 = ADVANCED_FACE ( 'NONE', ( #6039 ), #10791, .T. ) ;
#4546 = DIRECTION ( 'NONE',  ( -3.627342498574696997E-15, 0.000000000000000000, 1.000000000000000000 ) ) ;
#4547 = ORIENTED_EDGE ( 'NONE', *, *, #8407, .F. ) ;
#4548 =( NAMED_UNIT ( * ) PLANE_ANGLE_UNIT ( ) SI_UNIT ( $, .RADIAN. ) );
#4549 = PRESENTATION_LAYER_ASSIGNMENT (  '', '', ( #8811 ) ) ;
#4550 = CARTESIAN_POINT ( 'NONE',  ( -0.7740119375089348219, 0.5600000000000000533, -0.7849999999999981437 ) ) ;
#4551 = ORIENTED_EDGE ( 'NONE', *, *, #1315, .F. ) ;
#4552 = EDGE_LOOP ( 'NONE', ( #7284, #11373, #7061, #948 ) ) ;
#4553 =( GEOMETRIC_REPRESENTATION_CONTEXT ( 3 ) GLOBAL_UNCERTAINTY_ASSIGNED_CONTEXT ( ( #4587 ) ) GLOBAL_UNIT_ASSIGNED_CONTEXT ( ( #63, #2225, #6052 ) ) REPRESENTATION_CONTEXT ( 'NONE', 'WORKASPACE' ) );
#4554 = FILL_AREA_STYLE ('',( #940 ) ) ;
#4555 = STYLED_ITEM ( 'NONE', ( #7917 ), #2337 ) ;
#4556 = ORIENTED_EDGE ( 'NONE', *, *, #11631, .T. ) ;
#4557 = VERTEX_POINT ( 'NONE', #11676 ) ;
#4558 = SURFACE_STYLE_FILL_AREA ( #8376 ) ;
#4559 = STYLED_ITEM ( 'NONE', ( #10721 ), #4839 ) ;
#4560 = EDGE_LOOP ( 'NONE', ( #2607, #1001, #11159, #4671 ) ) ;
#4561 = DIRECTION ( 'NONE',  ( -0.000000000000000000, -1.000000000000000000, -0.000000000000000000 ) ) ;
#4562 = PRESENTATION_LAYER_ASSIGNMENT (  '', '', ( #979 ) ) ;
#4563 = SURFACE_STYLE_FILL_AREA ( #9335 ) ;
#4564 = EDGE_CURVE ( 'NONE', #7493, #7793, #12005, .T. ) ;
#4565 = VECTOR ( 'NONE', #9171, 1000.000000000000000 ) ;
#4566 = VECTOR ( 'NONE', #9429, 1000.000000000000000 ) ;
#4567 =( NAMED_UNIT ( * ) PLANE_ANGLE_UNIT ( ) SI_UNIT ( $, .RADIAN. ) );
#4568 = PRESENTATION_STYLE_ASSIGNMENT (( #5259 ) ) ;
#4569 = UNCERTAINTY_MEASURE_WITH_UNIT (LENGTH_MEASURE( 1.000000000000000082E-05 ), #9498, 'distance_accuracy_value', 'NONE');
#4570 = ORIENTED_EDGE ( 'NONE', *, *, #2031, .F. ) ;
#4571 = PRESENTATION_LAYER_ASSIGNMENT (  '', '', ( #9436 ) ) ;
#4572 = SURFACE_STYLE_USAGE ( .BOTH. , #8331 ) ;
#4573 = SURFACE_SIDE_STYLE ('',( #1761 ) ) ;
#4574 = PRESENTATION_LAYER_ASSIGNMENT (  '', '', ( #10638 ) ) ;
#4575 = AXIS2_PLACEMENT_3D ( 'NONE', #12462, #4601, #3802 ) ;
#4576 = VECTOR ( 'NONE', #4782, 1000.000000000000000 ) ;
#4577 = DIRECTION ( 'NONE',  ( -2.008077744677158373E-15, 0.000000000000000000, -1.000000000000000000 ) ) ;
#4578 = AXIS2_PLACEMENT_3D ( 'NONE', #11757, #3109, #11807 ) ;
#4579 = ADVANCED_FACE ( 'NONE', ( #9912 ), #2145, .F. ) ;
#4580 = SURFACE_STYLE_FILL_AREA ( #5773 ) ;
#4581 = CARTESIAN_POINT ( 'NONE',  ( -0.3000000000000000444, 0.5700000000000000622, 0.7740119375089351550 ) ) ;
#4582 = FILL_AREA_STYLE ('',( #11058 ) ) ;
#4583 = COLOUR_RGB ( '',0.6666666666666666297, 0.6980392156862744724, 0.7686274509803920907 ) ;
#4584 = SURFACE_STYLE_FILL_AREA ( #3418 ) ;
#4585 = UNCERTAINTY_MEASURE_WITH_UNIT (LENGTH_MEASURE( 1.000000000000000082E-05 ), #188, 'distance_accuracy_value', 'NONE');
#4586 = AXIS2_PLACEMENT_3D ( 'NONE', #3457, #7426, #1631 ) ;
#4587 = UNCERTAINTY_MEASURE_WITH_UNIT (LENGTH_MEASURE( 1.000000000000000082E-05 ), #63, 'distance_accuracy_value', 'NONE');
#4588 = FILL_AREA_STYLE ('',( #11300 ) ) ;
#4589 = CYLINDRICAL_SURFACE ( 'NONE', #11083, 0.01901193750893743692 ) ;
#4590 = EDGE_CURVE ( 'NONE', #9748, #6082, #1649, .T. ) ;
#4591 =( GEOMETRIC_REPRESENTATION_CONTEXT ( 3 ) GLOBAL_UNCERTAINTY_ASSIGNED_CONTEXT ( ( #6365 ) ) GLOBAL_UNIT_ASSIGNED_CONTEXT ( ( #880, #6836, #7776 ) ) REPRESENTATION_CONTEXT ( 'NONE', 'WORKASPACE' ) );
#4592 = MECHANICAL_DESIGN_GEOMETRIC_PRESENTATION_REPRESENTATION (  '', ( #817 ), #7831 ) ;
#4593 = ORIENTED_EDGE ( 'NONE', *, *, #4195, .T. ) ;
#4594 = FILL_AREA_STYLE_COLOUR ( '', #5828 ) ;
#4595 = ORIENTED_EDGE ( 'NONE', *, *, #8449, .F. ) ;
#4596 = CARTESIAN_POINT ( 'NONE',  ( -0.9999999999999997780, 0.4750000000000000333, -1.000000000000000000 ) ) ;
#4597 = DIRECTION ( 'NONE',  ( -3.818255261657576533E-15, 0.000000000000000000, -1.000000000000000000 ) ) ;
#4598 = DIRECTION ( 'NONE',  ( 3.627342498574696997E-15, 0.000000000000000000, -1.000000000000000000 ) ) ;
#4599 =( NAMED_UNIT ( * ) SI_UNIT ( $, .STERADIAN. ) SOLID_ANGLE_UNIT ( ) );
#4600 = PRESENTATION_LAYER_ASSIGNMENT (  '', '', ( #1415 ) ) ;
#4601 = DIRECTION ( 'NONE',  ( 2.168404344971009115E-16, 0.000000000000000000, -1.000000000000000000 ) ) ;
#4602 =( LENGTH_UNIT ( ) NAMED_UNIT ( * ) SI_UNIT ( .MILLI., .METRE. ) );
#4603 = ORIENTED_EDGE ( 'NONE', *, *, #11784, .T. ) ;
#4604 = EDGE_CURVE ( 'NONE', #333, #7430, #602, .T. ) ;
#4605 = CARTESIAN_POINT ( 'NONE',  ( 0.8000000000000002665, 0.02000000000000000042, -0.7999999999999999334 ) ) ;
#4606 = CARTESIAN_POINT ( 'NONE',  ( -0.7740119375089350440, 0.5600000000000000533, -0.7559880624910606528 ) ) ;
#4607 = DIRECTION ( 'NONE',  ( 1.000000000000000000, 0.000000000000000000, -7.063772234066506568E-15 ) ) ;
#4608 = DIRECTION ( 'NONE',  ( 0.000000000000000000, 0.000000000000000000, -1.000000000000000000 ) ) ;
#4609 = SURFACE_STYLE_USAGE ( .BOTH. , #2867 ) ;
#4610 = EDGE_LOOP ( 'NONE', ( #3381, #6841, #10883, #1072 ) ) ;
#4611 = VERTEX_POINT ( 'NONE', #11237 ) ;
#4612 = LINE ( 'NONE', #1806, #4850 ) ;
#4613 = ORIENTED_EDGE ( 'NONE', *, *, #10207, .T. ) ;
#4614 = VERTEX_POINT ( 'NONE', #665 ) ;
#4615 = CARTESIAN_POINT ( 'NONE',  ( 0.7549999999999995604, 0.5700000000000000622, -0.3059880624910606417 ) ) ;
#4616 = SURFACE_SIDE_STYLE ('',( #826 ) ) ;
#4617 = EDGE_CURVE ( 'NONE', #7051, #3526, #7380, .T. ) ;
#4618 = COLOUR_RGB ( '',0.6666666666666666297, 0.6980392156862744724, 0.7686274509803920907 ) ;
#4619 = EDGE_CURVE ( 'NONE', #11086, #444, #1755, .T. ) ;
#4620 = DIRECTION ( 'NONE',  ( 3.346796241128595448E-15, -0.000000000000000000, -1.000000000000000000 ) ) ;
#4621 = ORIENTED_EDGE ( 'NONE', *, *, #1944, .T. ) ;
#4622 = EDGE_LOOP ( 'NONE', ( #9460, #10875, #6458, #1893 ) ) ;
#4623 = ORIENTED_EDGE ( 'NONE', *, *, #12233, .T. ) ;
#4624 = CARTESIAN_POINT ( 'NONE',  ( 1.000000000000000222, 0.4749999999999999223, 1.000000000000000000 ) ) ;
#4625 = LINE ( 'NONE', #3706, #8927 ) ;
#4626 = LINE ( 'NONE', #7496, #10363 ) ;
#4627 =( GEOMETRIC_REPRESENTATION_CONTEXT ( 3 ) GLOBAL_UNCERTAINTY_ASSIGNED_CONTEXT ( ( #10908 ) ) GLOBAL_UNIT_ASSIGNED_CONTEXT ( ( #11425, #3612, #11190 ) ) REPRESENTATION_CONTEXT ( 'NONE', 'WORKASPACE' ) );
#4628 = STYLED_ITEM ( 'NONE', ( #7309 ), #4028 ) ;
#4629 = PRESENTATION_STYLE_ASSIGNMENT (( #8643 ) ) ;
#4630 = PRESENTATION_LAYER_ASSIGNMENT (  '', '', ( #53 ) ) ;
#4631 = FACE_OUTER_BOUND ( 'NONE', #2060, .T. ) ;
#4632 = ORIENTED_EDGE ( 'NONE', *, *, #1645, .T. ) ;
#4633 = COLOUR_RGB ( '',0.6666666666666666297, 0.6980392156862744724, 0.7686274509803920907 ) ;
#4634 = DIRECTION ( 'NONE',  ( 0.000000000000000000, 0.000000000000000000, -1.000000000000000000 ) ) ;
#4635 =( LENGTH_UNIT ( ) NAMED_UNIT ( * ) SI_UNIT ( .MILLI., .METRE. ) );
#4636 = EDGE_CURVE ( 'NONE', #11308, #2749, #4161, .T. ) ;
#4637 = FACE_OUTER_BOUND ( 'NONE', #9710, .T. ) ;
#4638 = TOROIDAL_SURFACE ( 'NONE', #12110, 0.02901193750893884399, 0.01000000000000000021 ) ;
#4639 =( GEOMETRIC_REPRESENTATION_CONTEXT ( 3 ) GLOBAL_UNCERTAINTY_ASSIGNED_CONTEXT ( ( #7873 ) ) GLOBAL_UNIT_ASSIGNED_CONTEXT ( ( #11106, #4388, #2638 ) ) REPRESENTATION_CONTEXT ( 'NONE', 'WORKASPACE' ) );
#4640 = FILL_AREA_STYLE_COLOUR ( '', #5840 ) ;
#4641 = MECHANICAL_DESIGN_GEOMETRIC_PRESENTATION_REPRESENTATION (  '', ( #4447 ), #6673 ) ;
#4642 = CARTESIAN_POINT ( 'NONE',  ( -0.3190119375089374709, 0.5700000000000000622, -0.9159880624910602398 ) ) ;
#4643 = CARTESIAN_POINT ( 'NONE',  ( -0.5000000000000000000, 0.5600000000000000533, -0.7740119375089341558 ) ) ;
#4644 = STYLED_ITEM ( 'NONE', ( #450 ), #6114 ) ;
#4645 = FACE_OUTER_BOUND ( 'NONE', #820, .T. ) ;
#4646 = CARTESIAN_POINT ( 'NONE',  ( -0.4809880624910628510, 0.5500000000000000444, 0.9449999999999966205 ) ) ;
#4647 = CARTESIAN_POINT ( 'NONE',  ( -0.4809880624910628510, 0.5600000000000000533, 0.9449999999999966205 ) ) ;
#4648 = EDGE_CURVE ( 'NONE', #9782, #2744, #1358, .T. ) ;
#4649 = VECTOR ( 'NONE', #12100, 1000.000000000000000 ) ;
#4650 =( NAMED_UNIT ( * ) SI_UNIT ( $, .STERADIAN. ) SOLID_ANGLE_UNIT ( ) );
#4651 = MECHANICAL_DESIGN_GEOMETRIC_PRESENTATION_REPRESENTATION (  '', ( #3066 ), #279 ) ;
#4652 = LINE ( 'NONE', #4938, #2240 ) ;
#4653 = EDGE_LOOP ( 'NONE', ( #3761, #11228, #10973, #6149 ) ) ;
#4654 = COLOUR_RGB ( '',0.6666666666666666297, 0.6980392156862744724, 0.7686274509803920907 ) ;
#4655 = LINE ( 'NONE', #3798, #5161 ) ;
#4656 = MECHANICAL_DESIGN_GEOMETRIC_PRESENTATION_REPRESENTATION (  '', ( #10535 ), #8107 ) ;
#4657 = FACE_OUTER_BOUND ( 'NONE', #4238, .T. ) ;
#4658 =( GEOMETRIC_REPRESENTATION_CONTEXT ( 3 ) GLOBAL_UNCERTAINTY_ASSIGNED_CONTEXT ( ( #12036 ) ) GLOBAL_UNIT_ASSIGNED_CONTEXT ( ( #6701, #3990, #9053 ) ) REPRESENTATION_CONTEXT ( 'NONE', 'WORKASPACE' ) );
#4659 = PRESENTATION_STYLE_ASSIGNMENT (( #2042 ) ) ;
#4660 = ORIENTED_EDGE ( 'NONE', *, *, #10934, .T. ) ;
#4661 = DIRECTION ( 'NONE',  ( 0.000000000000000000, 1.000000000000000000, 0.000000000000000000 ) ) ;
#4662 = DIRECTION ( 'NONE',  ( -0.000000000000000000, -1.000000000000000000, -0.000000000000000000 ) ) ;
#4663 = CARTESIAN_POINT ( 'NONE',  ( -0.9999999999999997780, 0.5500000000000000444, 0.6875000000000007772 ) ) ;
#4664 =( NAMED_UNIT ( * ) PLANE_ANGLE_UNIT ( ) SI_UNIT ( $, .RADIAN. ) );
#4665 = SURFACE_STYLE_USAGE ( .BOTH. , #876 ) ;
#4666 = CYLINDRICAL_SURFACE ( 'NONE', #2966, 0.01901193750893749243 ) ;
#4667 = EDGE_LOOP ( 'NONE', ( #8108, #11438, #3991, #65 ) ) ;
#4668 = EDGE_CURVE ( 'NONE', #9441, #7085, #11623, .T. ) ;
#4669 = CARTESIAN_POINT ( 'NONE',  ( -0.9999999999999997780, 0.000000000000000000, -1.000000000000000000 ) ) ;
#4670 = DIRECTION ( 'NONE',  ( -0.000000000000000000, -1.000000000000000000, -0.000000000000000000 ) ) ;
#4671 = ORIENTED_EDGE ( 'NONE', *, *, #10033, .F. ) ;
#4672 =( LENGTH_UNIT ( ) NAMED_UNIT ( * ) SI_UNIT ( .MILLI., .METRE. ) );
#4673 = CARTESIAN_POINT ( 'NONE',  ( 0.7549999999999997824, 0.5700000000000000622, 0.1440119375089355669 ) ) ;
#4674 = ORIENTED_EDGE ( 'NONE', *, *, #10534, .F. ) ;
#4675 = SURFACE_SIDE_STYLE ('',( #830 ) ) ;
#4676 = CIRCLE ( 'NONE', #12383, 0.009999999999999998473 ) ;
#4677 =( NAMED_UNIT ( * ) PLANE_ANGLE_UNIT ( ) SI_UNIT ( $, .RADIAN. ) );
#4678 = ORIENTED_EDGE ( 'NONE', *, *, #372, .T. ) ;
#4679 = DIRECTION ( 'NONE',  ( -1.000000000000000000, -0.000000000000000000, -0.000000000000000000 ) ) ;
#4680 = FILL_AREA_STYLE_COLOUR ( '', #1518 ) ;
#4681 = EDGE_CURVE ( 'NONE', #12018, #7085, #8394, .T. ) ;
#4682 = FILL_AREA_STYLE ('',( #5694 ) ) ;
#4683 = CARTESIAN_POINT ( 'NONE',  ( 0.9349999999999992761, 0.5600000000000000533, 0.3059880624910619185 ) ) ;
#4684 = PRESENTATION_LAYER_ASSIGNMENT (  '', '', ( #3912 ) ) ;
#4685 = ORIENTED_EDGE ( 'NONE', *, *, #6132, .T. ) ;
#4686 = STYLED_ITEM ( 'NONE', ( #98 ), #7800 ) ;
#4687 = SURFACE_STYLE_FILL_AREA ( #7318 ) ;
#4688 = PLANE ( 'NONE',  #3839 ) ;
#4689 = FILL_AREA_STYLE ('',( #9399 ) ) ;
#4690 = CIRCLE ( 'NONE', #10153, 0.01000000000000002623 ) ;
#4691 = DIRECTION ( 'NONE',  ( -1.000000000000000000, 0.000000000000000000, 0.000000000000000000 ) ) ;
#4692 = EDGE_CURVE ( 'NONE', #1310, #10445, #6230, .T. ) ;
#4694 = CARTESIAN_POINT ( 'NONE',  ( 0.9159880624910625713, 0.5600000000000000533, 0.1249999999999991951 ) ) ;
#4693 = FILL_AREA_STYLE ('',( #5710 ) ) ;
#4695 = ADVANCED_FACE ( 'NONE', ( #4339 ), #2653, .T. ) ;
#4696 = FACE_OUTER_BOUND ( 'NONE', #6991, .T. ) ;
#4697 = UNCERTAINTY_MEASURE_WITH_UNIT (LENGTH_MEASURE( 1.000000000000000082E-05 ), #4363, 'distance_accuracy_value', 'NONE');
#4698 =( NAMED_UNIT ( * ) PLANE_ANGLE_UNIT ( ) SI_UNIT ( $, .RADIAN. ) );
#4699 = DIRECTION ( 'NONE',  ( -0.000000000000000000, 1.000000000000000000, -0.000000000000000000 ) ) ;
#4700 = AXIS2_PLACEMENT_3D ( 'NONE', #1098, #6806, #1780 ) ;
#4701 =( LENGTH_UNIT ( ) NAMED_UNIT ( * ) SI_UNIT ( .MILLI., .METRE. ) );
#4702 = DIRECTION ( 'NONE',  ( -0.000000000000000000, 1.000000000000000000, -0.000000000000000000 ) ) ;
#4703 = ORIENTED_EDGE ( 'NONE', *, *, #3903, .T. ) ;
#4704 = ORIENTED_EDGE ( 'NONE', *, *, #2266, .F. ) ;
#4705 = AXIS2_PLACEMENT_3D ( 'NONE', #8830, #141, #11773 ) ;
#4706 = SURFACE_STYLE_USAGE ( .BOTH. , #2541 ) ;
#4707 = DIRECTION ( 'NONE',  ( 1.084202172485501752E-14, 1.084202172485501752E-14, 1.000000000000000000 ) ) ;
#4708 = EDGE_CURVE ( 'NONE', #12290, #6093, #164, .T. ) ;
#4709 = CARTESIAN_POINT ( 'NONE',  ( 0.5000000000000004441, 0.5700000000000000622, -0.9159880624910591296 ) ) ;
#4710 = UNCERTAINTY_MEASURE_WITH_UNIT (LENGTH_MEASURE( 1.000000000000000082E-05 ), #1403, 'distance_accuracy_value', 'NONE');
#4711 =( NAMED_UNIT ( * ) SI_UNIT ( $, .STERADIAN. ) SOLID_ANGLE_UNIT ( ) );
#4712 = UNCERTAINTY_MEASURE_WITH_UNIT (LENGTH_MEASURE( 1.000000000000000082E-05 ), #8481, 'distance_accuracy_value', 'NONE');
#4713 =( LENGTH_UNIT ( ) NAMED_UNIT ( * ) SI_UNIT ( .MILLI., .METRE. ) );
#4714 = FILL_AREA_STYLE ('',( #116 ) ) ;
#4715 = LINE ( 'NONE', #4, #4576 ) ;
#4716 = SURFACE_STYLE_FILL_AREA ( #11383 ) ;
#4717 = CIRCLE ( 'NONE', #3753, 0.01000000000000002623 ) ;
#4718 = CARTESIAN_POINT ( 'NONE',  ( -0.7549999999999976730, 0.5700000000000000622, -0.7559880624910606528 ) ) ;
#4719 = SURFACE_STYLE_USAGE ( .BOTH. , #9679 ) ;
#4720 = EDGE_CURVE ( 'NONE', #6987, #5431, #9212, .T. ) ;
#4721 = ORIENTED_EDGE ( 'NONE', *, *, #8919, .T. ) ;
#4722 = VERTEX_POINT ( 'NONE', #1709 ) ;
#4723 = CARTESIAN_POINT ( 'NONE',  ( 0.7740119375089353770, 0.5700000000000000622, -0.7749999999999981348 ) ) ;
#4724 = AXIS2_PLACEMENT_3D ( 'NONE', #8813, #5928, #11577 ) ;
#4725 = LINE ( 'NONE', #11453, #873 ) ;
#4726 = ORIENTED_EDGE ( 'NONE', *, *, #11272, .F. ) ;
#4727 = PRESENTATION_LAYER_ASSIGNMENT (  '', '', ( #5939 ) ) ;
#4728 = EDGE_LOOP ( 'NONE', ( #1560, #9439, #7094, #8317 ) ) ;
#4729 =( NAMED_UNIT ( * ) PLANE_ANGLE_UNIT ( ) SI_UNIT ( $, .RADIAN. ) );
#4730 = EDGE_CURVE ( 'NONE', #1486, #10689, #12116, .T. ) ;
#4731 = EDGE_LOOP ( 'NONE', ( #91, #744, #12272, #11471 ) ) ;
#4732 = STYLED_ITEM ( 'NONE', ( #8467 ), #9087 ) ;
#4733 = FACE_OUTER_BOUND ( 'NONE', #642, .T. ) ;
#4734 = AXIS2_PLACEMENT_3D ( 'NONE', #3484, #7322, #9349 ) ;
#4735 = LINE ( 'NONE', #9626, #10527 ) ;
#4736 =( NAMED_UNIT ( * ) SI_UNIT ( $, .STERADIAN. ) SOLID_ANGLE_UNIT ( ) );
#4737 =( NAMED_UNIT ( * ) SI_UNIT ( $, .STERADIAN. ) SOLID_ANGLE_UNIT ( ) );
#4738 = ORIENTED_EDGE ( 'NONE', *, *, #11191, .F. ) ;
#4739 = CARTESIAN_POINT ( 'NONE',  ( 0.7740119375089373754, 0.5700000000000000622, 0.1249999999999982653 ) ) ;
#4740 = AXIS2_PLACEMENT_3D ( 'NONE', #6969, #3254, #10822 ) ;
#4741 = SURFACE_SIDE_STYLE ('',( #11470 ) ) ;
#4742 =( GEOMETRIC_REPRESENTATION_CONTEXT ( 3 ) GLOBAL_UNCERTAINTY_ASSIGNED_CONTEXT ( ( #9045 ) ) GLOBAL_UNIT_ASSIGNED_CONTEXT ( ( #88, #1824, #8647 ) ) REPRESENTATION_CONTEXT ( 'NONE', 'WORKASPACE' ) );
#4743 = MECHANICAL_DESIGN_GEOMETRIC_PRESENTATION_REPRESENTATION (  '', ( #11025 ), #1959 ) ;
#4744 = EDGE_LOOP ( 'NONE', ( #7726, #5405, #3166, #4085, #9367, #1555, #562, #9950 ) ) ;
#4745 =( NAMED_UNIT ( * ) SI_UNIT ( $, .STERADIAN. ) SOLID_ANGLE_UNIT ( ) );
#4746 = PRESENTATION_LAYER_ASSIGNMENT (  '', '', ( #4559 ) ) ;
#4747 = CARTESIAN_POINT ( 'NONE',  ( -0.9159880624910602398, 0.5700000000000000622, 0.5749999999999991784 ) ) ;
#4748 = ORIENTED_EDGE ( 'NONE', *, *, #5877, .F. ) ;
#4749 = ADVANCED_FACE ( 'NONE', ( #846 ), #6610, .F. ) ;
#4750 =( NAMED_UNIT ( * ) PLANE_ANGLE_UNIT ( ) SI_UNIT ( $, .RADIAN. ) );
#4751 =( NAMED_UNIT ( * ) PLANE_ANGLE_UNIT ( ) SI_UNIT ( $, .RADIAN. ) );
#4752 = STYLED_ITEM ( 'NONE', ( #7387 ), #10587 ) ;
#4753 = PRESENTATION_LAYER_ASSIGNMENT (  '', '', ( #4555 ) ) ;
#4754 = CARTESIAN_POINT ( 'NONE',  ( 0.9159880624910604618, 0.5700000000000000622, -0.7749999999999992450 ) ) ;
#4755 = ORIENTED_EDGE ( 'NONE', *, *, #1907, .T. ) ;
#4756 = SURFACE_SIDE_STYLE ('',( #9583 ) ) ;
#4757 = SURFACE_SIDE_STYLE ('',( #7449 ) ) ;
#4758 = STYLED_ITEM ( 'NONE', ( #8882 ), #5049 ) ;
#4759 =( NAMED_UNIT ( * ) PLANE_ANGLE_UNIT ( ) SI_UNIT ( $, .RADIAN. ) );
#4760 = PRESENTATION_LAYER_ASSIGNMENT (  '', '', ( #8638 ) ) ;
#4761 = PRESENTATION_LAYER_ASSIGNMENT (  '', '', ( #1778 ) ) ;
#4762 = CIRCLE ( 'NONE', #9630, 0.01901193750893743692 ) ;
#4763 = SURFACE_STYLE_FILL_AREA ( #10544 ) ;
#4764 = AXIS2_PLACEMENT_3D ( 'NONE', #10241, #11087, #2491 ) ;
#4765 = PRESENTATION_STYLE_ASSIGNMENT (( #852 ) ) ;
#4766 = DIRECTION ( 'NONE',  ( 0.000000000000000000, 0.000000000000000000, 1.000000000000000000 ) ) ;
#4767 = EDGE_CURVE ( 'NONE', #9131, #4298, #6161, .T. ) ;
#4768 = MECHANICAL_DESIGN_GEOMETRIC_PRESENTATION_REPRESENTATION (  '', ( #192 ), #11055 ) ;
#4769 = FILL_AREA_STYLE_COLOUR ( '', #11035 ) ;
#4770 = ADVANCED_FACE ( 'NONE', ( #10539 ), #784, .F. ) ;
#4771 = LINE ( 'NONE', #10548, #3437 ) ;
#4772 = CARTESIAN_POINT ( 'NONE',  ( -0.5100000000000000089, 0.5500000000000000444, 0.7740119375089341558 ) ) ;
#4773 = COLOUR_RGB ( '',0.6666666666666666297, 0.6980392156862744724, 0.7686274509803920907 ) ;
#4774 = ORIENTED_EDGE ( 'NONE', *, *, #11384, .T. ) ;
#4775 = CYLINDRICAL_SURFACE ( 'NONE', #499, 0.01000000000000002623 ) ;
#4776 = DIRECTION ( 'NONE',  ( 3.722798880116136765E-15, 0.000000000000000000, -1.000000000000000000 ) ) ;
#4777 = DIRECTION ( 'NONE',  ( -0.000000000000000000, -1.000000000000000000, -0.000000000000000000 ) ) ;
#4778 = DIRECTION ( 'NONE',  ( 0.000000000000000000, 0.000000000000000000, -1.000000000000000000 ) ) ;
#4779 = SURFACE_SIDE_STYLE ('',( #7767 ) ) ;
#4780 = ORIENTED_EDGE ( 'NONE', *, *, #10034, .F. ) ;
#4781 = AXIS2_PLACEMENT_3D ( 'NONE', #5996, #10751, #10873 ) ;
#4782 = DIRECTION ( 'NONE',  ( 3.722798880116136765E-15, 0.000000000000000000, 1.000000000000000000 ) ) ;
#4783 = EDGE_CURVE ( 'NONE', #9410, #3507, #12378, .T. ) ;
#4784 = FILL_AREA_STYLE_COLOUR ( '', #1587 ) ;
#4785 = ADVANCED_FACE ( 'NONE', ( #8592 ), #3723, .T. ) ;
#4786 = PRESENTATION_STYLE_ASSIGNMENT (( #11502 ) ) ;
#4787 = LINE ( 'NONE', #4663, #11142 ) ;
#4788 =( NAMED_UNIT ( * ) SI_UNIT ( $, .STERADIAN. ) SOLID_ANGLE_UNIT ( ) );
#4789 = PLANE ( 'NONE',  #5965 ) ;
#4790 = CARTESIAN_POINT ( 'NONE',  ( 0.08098806249106001165, 0.5600000000000000533, 0.7550000000000004485 ) ) ;
#4791 = ORIENTED_EDGE ( 'NONE', *, *, #1283, .F. ) ;
#4792 = ORIENTED_EDGE ( 'NONE', *, *, #1861, .T. ) ;
#4793 = VERTEX_POINT ( 'NONE', #7988 ) ;
#4794 = SURFACE_SIDE_STYLE ('',( #3754 ) ) ;
#4795 = SURFACE_STYLE_FILL_AREA ( #4554 ) ;
#4796 = EDGE_CURVE ( 'NONE', #9110, #11882, #2954, .T. ) ;
#4797 = ORIENTED_EDGE ( 'NONE', *, *, #8005, .F. ) ;
#4798 = DIRECTION ( 'NONE',  ( 0.000000000000000000, 0.000000000000000000, -1.000000000000000000 ) ) ;
#4799 = CARTESIAN_POINT ( 'NONE',  ( -0.3190119375089372489, 0.5500000000000000444, 0.7449999999999977751 ) ) ;
#4800 = DIRECTION ( 'NONE',  ( -5.421010862427508759E-15, 5.421010862427449595E-15, -1.000000000000000000 ) ) ;
#4801 = FILL_AREA_STYLE_COLOUR ( '', #12139 ) ;
#4802 = LINE ( 'NONE', #1820, #786 ) ;
#4803 = EDGE_LOOP ( 'NONE', ( #8162, #6860, #2984, #1441 ) ) ;
#4804 =( LENGTH_UNIT ( ) NAMED_UNIT ( * ) SI_UNIT ( .MILLI., .METRE. ) );
#4805 = AXIS2_PLACEMENT_3D ( 'NONE', #4081, #4140, #3207 ) ;
#4807 = ORIENTED_EDGE ( 'NONE', *, *, #11850, .T. ) ;
#4806 = AXIS2_PLACEMENT_3D ( 'NONE', #8744, #7535, #867 ) ;
#4808 =( NAMED_UNIT ( * ) PLANE_ANGLE_UNIT ( ) SI_UNIT ( $, .RADIAN. ) );
#4809 = ORIENTED_EDGE ( 'NONE', *, *, #5319, .T. ) ;
#4810 =( NAMED_UNIT ( * ) SI_UNIT ( $, .STERADIAN. ) SOLID_ANGLE_UNIT ( ) );
#4811 = DIRECTION ( 'NONE',  ( 1.000000000000000000, -0.000000000000000000, -7.636510523315142022E-15 ) ) ;
#4812 = COLOUR_RGB ( '',0.6666666666666666297, 0.6980392156862744724, 0.7686274509803920907 ) ;
#4813 = ORIENTED_EDGE ( 'NONE', *, *, #3635, .F. ) ;
#4814 = CIRCLE ( 'NONE', #679, 0.01901193750893743692 ) ;
#4815 = CARTESIAN_POINT ( 'NONE',  ( -0.7449999999999994404, 0.5500000000000000444, -0.1440119375089354004 ) ) ;
#4816 = ORIENTED_EDGE ( 'NONE', *, *, #11949, .F. ) ;
#4817 = CARTESIAN_POINT ( 'NONE',  ( -0.7740119375089352660, 0.5500000000000000444, 0.5649999999999981704 ) ) ;
#4818 = PRESENTATION_STYLE_ASSIGNMENT (( #962 ) ) ;
#4819 = CARTESIAN_POINT ( 'NONE',  ( -0.08098806249106506316, 0.5600000000000000533, 0.7449999999999994404 ) ) ;
#4820 = ADVANCED_FACE ( 'NONE', ( #3279 ), #8900, .F. ) ;
#4821 =( LENGTH_UNIT ( ) NAMED_UNIT ( * ) SI_UNIT ( .MILLI., .METRE. ) );
#4822 = UNCERTAINTY_MEASURE_WITH_UNIT (LENGTH_MEASURE( 1.000000000000000082E-05 ), #6700, 'distance_accuracy_value', 'NONE');
#4823 = AXIS2_PLACEMENT_3D ( 'NONE', #10086, #3292, #7135 ) ;
#4824 = LINE ( 'NONE', #7520, #3729 ) ;
#4825 = CARTESIAN_POINT ( 'NONE',  ( 1.000000000000000222, 0.5500000000000000444, -0.6625000000000009770 ) ) ;
#4826 = CARTESIAN_POINT ( 'NONE',  ( -0.08098806249106234312, 0.5600000000000000533, 0.7740119375089372644 ) ) ;
#4827 = CIRCLE ( 'NONE', #7080, 0.01000000000000002623 ) ;
#4829 = SURFACE_SIDE_STYLE ('',( #2141 ) ) ;
#4828 = DIRECTION ( 'NONE',  ( -2.168404344971006344E-14, 0.000000000000000000, -1.000000000000000000 ) ) ;
#4830 = FILL_AREA_STYLE ('',( #11554 ) ) ;
#4831 = CARTESIAN_POINT ( 'NONE',  ( 0.3563859338365493179, 0.5500000000000000444, -0.5100000000000002309 ) ) ;
#4832 = AXIS2_PLACEMENT_3D ( 'NONE', #6847, #11652, #4129 ) ;
#4833 = COLOUR_RGB ( '',0.6666666666666666297, 0.6980392156862744724, 0.7686274509803920907 ) ;
#4834 = VERTEX_POINT ( 'NONE', #4886 ) ;
#4835 = PRESENTATION_LAYER_ASSIGNMENT (  '', '', ( #9082 ) ) ;
#4836 = PRESENTATION_LAYER_ASSIGNMENT (  '', '', ( #3260 ) ) ;
#4837 = DIRECTION ( 'NONE',  ( 1.000000000000000000, 0.000000000000000000, 0.000000000000000000 ) ) ;
#4838 = UNCERTAINTY_MEASURE_WITH_UNIT (LENGTH_MEASURE( 1.000000000000000082E-05 ), #2695, 'distance_accuracy_value', 'NONE');
#4839 = ADVANCED_FACE ( 'NONE', ( #5118 ), #1321, .F. ) ;
#4840 = PRESENTATION_LAYER_ASSIGNMENT (  '', '', ( #8087 ) ) ;
#4841 = ORIENTED_EDGE ( 'NONE', *, *, #2566, .F. ) ;
#4842 = UNCERTAINTY_MEASURE_WITH_UNIT (LENGTH_MEASURE( 1.000000000000000082E-05 ), #6085, 'distance_accuracy_value', 'NONE');
#4843 = DIRECTION ( 'NONE',  ( 0.000000000000000000, 1.000000000000000000, -1.084202172485501594E-14 ) ) ;
#4844 = DIRECTION ( 'NONE',  ( 1.000000000000000000, 1.084202172485501752E-14, -1.084202172485501752E-14 ) ) ;
#4845 = ORIENTED_EDGE ( 'NONE', *, *, #1050, .F. ) ;
#4846 = ORIENTED_EDGE ( 'NONE', *, *, #10672, .F. ) ;
#4847 = COLOUR_RGB ( '',0.6666666666666666297, 0.6980392156862744724, 0.7686274509803920907 ) ;
#4848 = AXIS2_PLACEMENT_3D ( 'NONE', #5266, #9211, #11054 ) ;
#4849 = PRESENTATION_STYLE_ASSIGNMENT (( #12 ) ) ;
#4850 = VECTOR ( 'NONE', #4670, 1000.000000000000000 ) ;
#4851 = AXIS2_PLACEMENT_3D ( 'NONE', #10466, #12301, #6593 ) ;
#4852 = SURFACE_STYLE_USAGE ( .BOTH. , #11569 ) ;
#4853 = DIRECTION ( 'NONE',  ( -0.000000000000000000, 1.000000000000000000, -0.000000000000000000 ) ) ;
#4854 = PRESENTATION_LAYER_ASSIGNMENT (  '', '', ( #3066 ) ) ;
#4855 = SURFACE_SIDE_STYLE ('',( #179 ) ) ;
#4856 = ORIENTED_EDGE ( 'NONE', *, *, #6220, .F. ) ;
#4857 = ORIENTED_EDGE ( 'NONE', *, *, #864, .F. ) ;
#4858 = ADVANCED_FACE ( 'NONE', ( #1212 ), #5008, .T. ) ;
#4859 = EDGE_CURVE ( 'NONE', #7560, #9782, #5381, .T. ) ;
#4860 = UNCERTAINTY_MEASURE_WITH_UNIT (LENGTH_MEASURE( 1.000000000000000082E-05 ), #8366, 'distance_accuracy_value', 'NONE');
#4861 = PRESENTATION_STYLE_ASSIGNMENT (( #8624 ) ) ;
#4862 = ORIENTED_EDGE ( 'NONE', *, *, #9731, .F. ) ;
#4863 = CARTESIAN_POINT ( 'NONE',  ( -0.2899999999999999800, 0.5500000000000000444, 0.7740119375089351550 ) ) ;
#4864 = PRESENTATION_LAYER_ASSIGNMENT (  '', '', ( #8324 ) ) ;
#4865 = FACE_OUTER_BOUND ( 'NONE', #10889, .T. ) ;
#4866 = DIRECTION ( 'NONE',  ( -1.000000000000000000, -0.000000000000000000, -6.693592482257194052E-15 ) ) ;
#4867 = VERTEX_POINT ( 'NONE', #9337 ) ;
#4868 = FILL_AREA_STYLE_COLOUR ( '', #6893 ) ;
#4869 = CARTESIAN_POINT ( 'NONE',  ( 0.9349999999999992761, 0.5700000000000000622, 0.3059880624910619185 ) ) ;
#4870 = DIRECTION ( 'NONE',  ( 4.016155489354316747E-15, 0.000000000000000000, -1.000000000000000000 ) ) ;
#4871 = PRESENTATION_STYLE_ASSIGNMENT (( #2007 ) ) ;
#4872 = MECHANICAL_DESIGN_GEOMETRIC_PRESENTATION_REPRESENTATION (  '', ( #3490 ), #708 ) ;
#4873 = SURFACE_SIDE_STYLE ('',( #3121 ) ) ;
#4874 = ORIENTED_EDGE ( 'NONE', *, *, #6727, .T. ) ;
#4875 = EDGE_CURVE ( 'NONE', #11336, #7926, #4270, .T. ) ;
#4876 = VERTEX_POINT ( 'NONE', #713 ) ;
#4877 = SURFACE_STYLE_FILL_AREA ( #2012 ) ;
#4878 = DIRECTION ( 'NONE',  ( 0.000000000000000000, 0.000000000000000000, -1.000000000000000000 ) ) ;
#4879 = DIRECTION ( 'NONE',  ( 0.000000000000000000, -1.000000000000000000, 0.000000000000000000 ) ) ;
#4880 = ORIENTED_EDGE ( 'NONE', *, *, #3497, .T. ) ;
#4881 = DIRECTION ( 'NONE',  ( -0.000000000000000000, -1.000000000000000000, -0.000000000000000000 ) ) ;
#4882 = ORIENTED_EDGE ( 'NONE', *, *, #5146, .T. ) ;
#4883 =( NAMED_UNIT ( * ) PLANE_ANGLE_UNIT ( ) SI_UNIT ( $, .RADIAN. ) );
#4884 =( NAMED_UNIT ( * ) SI_UNIT ( $, .STERADIAN. ) SOLID_ANGLE_UNIT ( ) );
#4885 = CARTESIAN_POINT ( 'NONE',  ( 0.7740119375089355991, 0.5700000000000000622, -0.5749999999999981792 ) ) ;
#4886 = CARTESIAN_POINT ( 'NONE',  ( 1.000000000000000222, 0.4500000000000000111, 0.6624999999999989786 ) ) ;
#4888 = CARTESIAN_POINT ( 'NONE',  ( -0.08098806249106595134, 0.5500000000000000444, 0.9449999999999992850 ) ) ;
#4887 = SURFACE_STYLE_USAGE ( .BOTH. , #1094 ) ;
#4889 = DIRECTION ( 'NONE',  ( -0.000000000000000000, -1.000000000000000000, -0.000000000000000000 ) ) ;
#4890 = CARTESIAN_POINT ( 'NONE',  ( -0.3000000000000000444, 0.5700000000000000622, 0.7740119375089351550 ) ) ;
#4891 = CARTESIAN_POINT ( 'NONE',  ( 0.7740119375089367093, 0.5700000000000000622, -0.3249999999999981237 ) ) ;
#4892 = DIRECTION ( 'NONE',  ( 0.000000000000000000, -1.000000000000000000, 0.000000000000000000 ) ) ;
#4893 = CIRCLE ( 'NONE', #4494, 0.02901193750893746315 ) ;
#4895 = DIRECTION ( 'NONE',  ( -1.084202172485501594E-14, 0.000000000000000000, -1.000000000000000000 ) ) ;
#4894 = CARTESIAN_POINT ( 'NONE',  ( -0.7740119375089351550, 0.5700000000000000622, -0.5749999999999981792 ) ) ;
#4896 = PRESENTATION_LAYER_ASSIGNMENT (  '', '', ( #9558 ) ) ;
#4897 = EDGE_CURVE ( 'NONE', #4373, #9960, #12103, .T. ) ;
#4898 = CARTESIAN_POINT ( 'NONE',  ( 0.9349999999999980549, 0.5700000000000000622, 0.5940119375089366605 ) ) ;
#4899 = DIRECTION ( 'NONE',  ( 1.000000000000000000, 0.000000000000000000, -1.084202172485501752E-14 ) ) ;
#4900 = CYLINDRICAL_SURFACE ( 'NONE', #5362, 0.01000000000000002623 ) ;
#4901 = LINE ( 'NONE', #5913, #9719 ) ;
#4902 = AXIS2_PLACEMENT_3D ( 'NONE', #3784, #3846, #6549 ) ;
#4903 = DIRECTION ( 'NONE',  ( -1.084202172485501594E-14, 0.000000000000000000, -1.000000000000000000 ) ) ;
#4904 = CARTESIAN_POINT ( 'NONE',  ( -0.9999999999999997780, 0.5500000000000000444, 1.000000000000000000 ) ) ;
#4905 = CARTESIAN_POINT ( 'NONE',  ( 1.000000000000000222, 0.4749999999999999223, -0.6875000000000009992 ) ) ;
#4906 = ADVANCED_FACE ( 'NONE', ( #3332 ), #6290, .T. ) ;
#4907 = ORIENTED_EDGE ( 'NONE', *, *, #5923, .T. ) ;
#4908 = EDGE_LOOP ( 'NONE', ( #11849, #2629, #6282, #511 ) ) ;
#4909 = EDGE_LOOP ( 'NONE', ( #9966, #9882, #7072, #11843, #11172, #439, #4131, #5186 ) ) ;
#4910 = SURFACE_STYLE_FILL_AREA ( #8754 ) ;
#4911 = LINE ( 'NONE', #9934, #2671 ) ;
#4912 = TOROIDAL_SURFACE ( 'NONE', #6354, 0.02901193750893743539, 0.01000000000000000021 ) ;
#4913 = ORIENTED_EDGE ( 'NONE', *, *, #12380, .T. ) ;
#4914 = SURFACE_STYLE_FILL_AREA ( #9746 ) ;
#4915 = AXIS2_PLACEMENT_3D ( 'NONE', #895, #8636, #7432 ) ;
#4916 = LINE ( 'NONE', #9804, #7000 ) ;
#4917 = ORIENTED_EDGE ( 'NONE', *, *, #1897, .F. ) ;
#4918 = CARTESIAN_POINT ( 'NONE',  ( 0.9159880624910622382, 0.5600000000000000533, -0.1440119375089366216 ) ) ;
#4919 = ADVANCED_FACE ( 'NONE', ( #11109 ), #2320, .F. ) ;
#4920 = EDGE_CURVE ( 'NONE', #2263, #9441, #12422, .T. ) ;
#4921 = CARTESIAN_POINT ( 'NONE',  ( 0.7740119375089377085, 0.5500000000000000444, -0.1149999999999981315 ) ) ;
#4922 =( LENGTH_UNIT ( ) NAMED_UNIT ( * ) SI_UNIT ( .MILLI., .METRE. ) );
#4923 = FACE_OUTER_BOUND ( 'NONE', #7723, .T. ) ;
#4924 = EDGE_LOOP ( 'NONE', ( #6416, #6253, #6224, #9670 ) ) ;
#4925 = CARTESIAN_POINT ( 'NONE',  ( 0.7549999999999981171, 0.5700000000000000622, -0.5940119375089355502 ) ) ;
#4926 =( NAMED_UNIT ( * ) SI_UNIT ( $, .STERADIAN. ) SOLID_ANGLE_UNIT ( ) );
#4927 = VERTEX_POINT ( 'NONE', #1943 ) ;
#4928 = SURFACE_STYLE_FILL_AREA ( #1139 ) ;
#4929 = COLOUR_RGB ( '',0.6666666666666666297, 0.6980392156862744724, 0.7686274509803920907 ) ;
#4930 = VECTOR ( 'NONE', #8257, 1000.000000000000000 ) ;
#4931 = ORIENTED_EDGE ( 'NONE', *, *, #387, .F. ) ;
#4932 = EDGE_CURVE ( 'NONE', #7351, #9887, #2964, .T. ) ;
#4933 = PRESENTATION_LAYER_ASSIGNMENT (  '', '', ( #1965 ) ) ;
#4934 = ADVANCED_FACE ( 'NONE', ( #11285 ), #9629, .F. ) ;
#4935 = DIRECTION ( 'NONE',  ( 0.000000000000000000, 0.000000000000000000, -1.000000000000000000 ) ) ;
#4936 = FACE_OUTER_BOUND ( 'NONE', #9189, .T. ) ;
#4937 = ORIENTED_EDGE ( 'NONE', *, *, #7142, .F. ) ;
#4938 = CARTESIAN_POINT ( 'NONE',  ( -0.1000000000000031974, 0.5700000000000000622, 0.9159880624910617941 ) ) ;
#4939 =( NAMED_UNIT ( * ) PLANE_ANGLE_UNIT ( ) SI_UNIT ( $, .RADIAN. ) );
#4940 = AXIS2_PLACEMENT_3D ( 'NONE', #12022, #11101, #2569 ) ;
#4941 = DIRECTION ( 'NONE',  ( 1.000000000000000000, 0.000000000000000000, -2.168404344971009184E-14 ) ) ;
#4942 = PRESENTATION_STYLE_ASSIGNMENT (( #5070 ) ) ;
#4943 = UNCERTAINTY_MEASURE_WITH_UNIT (LENGTH_MEASURE( 1.000000000000000082E-05 ), #11104, 'distance_accuracy_value', 'NONE');
#4944 = PRESENTATION_STYLE_ASSIGNMENT (( #1152 ) ) ;
#4945 = CARTESIAN_POINT ( 'NONE',  ( -0.7740119375089361542, 0.5600000000000000533, -0.3349999999999980771 ) ) ;
#4946 = STYLED_ITEM ( 'NONE', ( #1540 ), #11479 ) ;
#4947 = DIRECTION ( 'NONE',  ( 0.000000000000000000, 0.000000000000000000, -1.000000000000000000 ) ) ;
#4948 =( GEOMETRIC_REPRESENTATION_CONTEXT ( 3 ) GLOBAL_UNCERTAINTY_ASSIGNED_CONTEXT ( ( #9788 ) ) GLOBAL_UNIT_ASSIGNED_CONTEXT ( ( #3148, #46, #3970 ) ) REPRESENTATION_CONTEXT ( 'NONE', 'WORKASPACE' ) );
#4949 = CIRCLE ( 'NONE', #3969, 0.02901193750893746315 ) ;
#4951 = SURFACE_STYLE_USAGE ( .BOTH. , #6939 ) ;
#4950 = SURFACE_STYLE_FILL_AREA ( #3091 ) ;
#4952 = EDGE_CURVE ( 'NONE', #8244, #9892, #6473, .T. ) ;
#4953 = DIRECTION ( 'NONE',  ( 7.636510523315148333E-15, -0.000000000000000000, 1.000000000000000000 ) ) ;
#4954 =( LENGTH_UNIT ( ) NAMED_UNIT ( * ) SI_UNIT ( .MILLI., .METRE. ) );
#4955 = EDGE_LOOP ( 'NONE', ( #12407, #7730, #7499, #11455 ) ) ;
#4956 = ORIENTED_EDGE ( 'NONE', *, *, #1819, .F. ) ;
#4957 =( LENGTH_UNIT ( ) NAMED_UNIT ( * ) SI_UNIT ( .MILLI., .METRE. ) );
#4958 = DIRECTION ( 'NONE',  ( -1.000000000000000000, 0.000000000000000000, 0.000000000000000000 ) ) ;
#4959 = VECTOR ( 'NONE', #922, 1000.000000000000000 ) ;
#4960 = PRESENTATION_LAYER_ASSIGNMENT (  '', '', ( #981 ) ) ;
#4961 = SURFACE_STYLE_USAGE ( .BOTH. , #7646 ) ;
#4962 = PRESENTATION_LAYER_ASSIGNMENT (  '', '', ( #8011 ) ) ;
#4963 = UNCERTAINTY_MEASURE_WITH_UNIT (LENGTH_MEASURE( 1.000000000000000082E-05 ), #8463, 'distance_accuracy_value', 'NONE');
#4964 = COLOUR_RGB ( '',0.6666666666666666297, 0.6980392156862744724, 0.7686274509803920907 ) ;
#4965 = UNCERTAINTY_MEASURE_WITH_UNIT (LENGTH_MEASURE( 1.000000000000000082E-05 ), #10878, 'distance_accuracy_value', 'NONE');
#4966 =( NAMED_UNIT ( * ) SI_UNIT ( $, .STERADIAN. ) SOLID_ANGLE_UNIT ( ) );
#4967 = VECTOR ( 'NONE', #10688, 1000.000000000000000 ) ;
#4968 = EDGE_LOOP ( 'NONE', ( #11427, #1424, #3404, #6205 ) ) ;
#4969 = SURFACE_STYLE_FILL_AREA ( #11748 ) ;
#4970 = FACE_OUTER_BOUND ( 'NONE', #1400, .T. ) ;
#4971 = VECTOR ( 'NONE', #1670, 1000.000000000000000 ) ;
#4972 = ORIENTED_EDGE ( 'NONE', *, *, #7502, .F. ) ;
#4973 = AXIS2_PLACEMENT_3D ( 'NONE', #7216, #4354, #8992 ) ;
#4974 = SURFACE_SIDE_STYLE ('',( #6180 ) ) ;
#4975 = FACE_OUTER_BOUND ( 'NONE', #3082, .T. ) ;
#4976 = FILL_AREA_STYLE ('',( #2226 ) ) ;
#4977 = VECTOR ( 'NONE', #10318, 1000.000000000000000 ) ;
#4978 = STYLED_ITEM ( 'NONE', ( #9538 ), #291 ) ;
#4979 = EDGE_CURVE ( 'NONE', #6916, #7030, #4802, .T. ) ;
#4980 = LINE ( 'NONE', #5158, #1672 ) ;
#4981 = STYLED_ITEM ( 'NONE', ( #11345 ), #10344 ) ;
#4982 = EDGE_LOOP ( 'NONE', ( #8753, #3748, #11529, #11522 ) ) ;
#4983 = CYLINDRICAL_SURFACE ( 'NONE', #1183, 0.01901193750893765549 ) ;
#4984 = SURFACE_STYLE_USAGE ( .BOTH. , #6963 ) ;
#4985 = ORIENTED_EDGE ( 'NONE', *, *, #9510, .T. ) ;
#4986 = FILL_AREA_STYLE ('',( #1128 ) ) ;
#4987 = AXIS2_PLACEMENT_3D ( 'NONE', #4475, #5486, #9365 ) ;
#4988 = CIRCLE ( 'NONE', #2806, 0.01000000000000002623 ) ;
#4989 = FACE_OUTER_BOUND ( 'NONE', #687, .T. ) ;
#4990 = SURFACE_SIDE_STYLE ('',( #5932 ) ) ;
#4991 = DIRECTION ( 'NONE',  ( 0.000000000000000000, -1.000000000000000000, 0.000000000000000000 ) ) ;
#4992 = SURFACE_STYLE_FILL_AREA ( #1369 ) ;
#4993 = CARTESIAN_POINT ( 'NONE',  ( 0.4800000000000001488, 0.5700000000000000622, 0.5000000000000000000 ) ) ;
#4994 = ORIENTED_EDGE ( 'NONE', *, *, #8574, .F. ) ;
#4995 = SURFACE_STYLE_USAGE ( .BOTH. , #4196 ) ;
#4996 = EDGE_CURVE ( 'NONE', #12326, #4443, #5761, .T. ) ;
#4997 = VERTEX_POINT ( 'NONE', #8460 ) ;
#4998 = EDGE_CURVE ( 'NONE', #4478, #11962, #10432, .T. ) ;
#4999 = DIRECTION ( 'NONE',  ( -0.000000000000000000, -1.000000000000000000, -0.000000000000000000 ) ) ;
#5000 = CARTESIAN_POINT ( 'NONE',  ( -0.08098806249106234312, 0.5700000000000000622, 0.7549999999999982281 ) ) ;
#5001 = VERTEX_POINT ( 'NONE', #2706 ) ;
#5002 = PRESENTATION_STYLE_ASSIGNMENT (( #3897 ) ) ;
#5003 = FACE_OUTER_BOUND ( 'NONE', #10629, .T. ) ;
#5004 = CARTESIAN_POINT ( 'NONE',  ( 0.2900000000000004241, 0.5500000000000000444, 0.7740119375089351550 ) ) ;
#5005 = ORIENTED_EDGE ( 'NONE', *, *, #11738, .F. ) ;
#5006 = SURFACE_STYLE_USAGE ( .BOTH. , #10719 ) ;
#5007 =( LENGTH_UNIT ( ) NAMED_UNIT ( * ) SI_UNIT ( .MILLI., .METRE. ) );
#5008 = CYLINDRICAL_SURFACE ( 'NONE', #2360, 0.01901193750893906409 ) ;
#5010 = DIRECTION ( 'NONE',  ( 0.000000000000000000, -1.000000000000000000, 0.000000000000000000 ) ) ;
#5009 = FILL_AREA_STYLE_COLOUR ( '', #1904 ) ;
#5011 = DIRECTION ( 'NONE',  ( 0.000000000000000000, -1.000000000000000000, 0.000000000000000000 ) ) ;
#5012 =( NAMED_UNIT ( * ) SI_UNIT ( $, .STERADIAN. ) SOLID_ANGLE_UNIT ( ) );
#5013 = EDGE_CURVE ( 'NONE', #3826, #124, #11833, .T. ) ;
#5014 = FILL_AREA_STYLE ('',( #6995 ) ) ;
#5015 = DIRECTION ( 'NONE',  ( -1.000000000000000000, 0.000000000000000000, 0.000000000000000000 ) ) ;
#5016 = PLANE ( 'NONE',  #5544 ) ;
#5017 = COLOUR_RGB ( '',0.6666666666666666297, 0.6980392156862744724, 0.7686274509803920907 ) ;
#5018 = CARTESIAN_POINT ( 'NONE',  ( 0.08098806249105923449, 0.5600000000000000533, 0.9350000000000002753 ) ) ;
#5019 = SURFACE_SIDE_STYLE ('',( #8916 ) ) ;
#5020 = FILL_AREA_STYLE_COLOUR ( '', #11413 ) ;
#5021 = AXIS2_PLACEMENT_3D ( 'NONE', #1644, #842, #12113 ) ;
#5022 = CARTESIAN_POINT ( 'NONE',  ( -0.4809880624910625735, 0.5700000000000000622, 0.7549999999999966738 ) ) ;
#5023 = EDGE_CURVE ( 'NONE', #2269, #9329, #10222, .T. ) ;
#5024 = CARTESIAN_POINT ( 'NONE',  ( -0.9999999999999997780, 0.5500000000000000444, -1.000000000000000000 ) ) ;
#5025 = SURFACE_STYLE_USAGE ( .BOTH. , #6825 ) ;
#5026 = AXIS2_PLACEMENT_3D ( 'NONE', #547, #6185, #491 ) ;
#5027 = DIRECTION ( 'NONE',  ( -0.000000000000000000, -1.000000000000000000, -0.000000000000000000 ) ) ;
#5028 = AXIS2_PLACEMENT_3D ( 'NONE', #9897, #11914, #10847 ) ;
#5029 = STYLED_ITEM ( 'NONE', ( #11776 ), #6155 ) ;
#5030 = PRESENTATION_LAYER_ASSIGNMENT (  '', '', ( #5646 ) ) ;
#5031 = CARTESIAN_POINT ( 'NONE',  ( -0.4125000000000000888, 0.4500000000000001221, 1.000000000000000000 ) ) ;
#5032 = MECHANICAL_DESIGN_GEOMETRIC_PRESENTATION_REPRESENTATION (  '', ( #4255 ), #9708 ) ;
#5033 = FACE_OUTER_BOUND ( 'NONE', #9959, .T. ) ;
#5034 = ORIENTED_EDGE ( 'NONE', *, *, #9203, .T. ) ;
#5035 =( NAMED_UNIT ( * ) PLANE_ANGLE_UNIT ( ) SI_UNIT ( $, .RADIAN. ) );
#5036 = SURFACE_STYLE_USAGE ( .BOTH. , #5995 ) ;
#5037 = DIRECTION ( 'NONE',  ( 0.000000000000000000, -1.000000000000000000, 0.000000000000000000 ) ) ;
#5038 = AXIS2_PLACEMENT_3D ( 'NONE', #8430, #9245, #12081 ) ;
#5039 = DIRECTION ( 'NONE',  ( 0.000000000000000000, -0.000000000000000000, 1.000000000000000000 ) ) ;
#5040 = VERTEX_POINT ( 'NONE', #6915 ) ;
#5041 = SURFACE_SIDE_STYLE ('',( #4914 ) ) ;
#5042 =( NAMED_UNIT ( * ) SI_UNIT ( $, .STERADIAN. ) SOLID_ANGLE_UNIT ( ) );
#5043 = STYLED_ITEM ( 'NONE', ( #2628 ), #1746 ) ;
#5044 = LINE ( 'NONE', #3119, #9020 ) ;
#5045 = VECTOR ( 'NONE', #769, 1000.000000000000000 ) ;
#5046 = DIRECTION ( 'NONE',  ( -0.000000000000000000, -1.000000000000000000, -0.000000000000000000 ) ) ;
#5047 =( GEOMETRIC_REPRESENTATION_CONTEXT ( 3 ) GLOBAL_UNCERTAINTY_ASSIGNED_CONTEXT ( ( #3737 ) ) GLOBAL_UNIT_ASSIGNED_CONTEXT ( ( #3858, #12457, #11561 ) ) REPRESENTATION_CONTEXT ( 'NONE', 'WORKASPACE' ) );
#5048 = CIRCLE ( 'NONE', #8735, 0.01000000000000002623 ) ;
#5049 = ADVANCED_FACE ( 'NONE', ( #3070 ), #6845, .T. ) ;
#5050 = FILL_AREA_STYLE_COLOUR ( '', #6552 ) ;
#5051 = DIRECTION ( 'NONE',  ( 1.000000000000000000, 0.000000000000000000, -6.693592482257194052E-15 ) ) ;
#5052 = FACE_OUTER_BOUND ( 'NONE', #1275, .T. ) ;
#5053 = ORIENTED_EDGE ( 'NONE', *, *, #10414, .F. ) ;
#5054 = CYLINDRICAL_SURFACE ( 'NONE', #265, 0.01901193750893743692 ) ;
#5055 = COLOUR_RGB ( '',0.6666666666666666297, 0.6980392156862744724, 0.7686274509803920907 ) ;
#5056 = VERTEX_POINT ( 'NONE', #8949 ) ;
#5057 = CARTESIAN_POINT ( 'NONE',  ( -0.9159880624910613500, 0.5700000000000000622, 0.3249999999999991229 ) ) ;
#5058 = VECTOR ( 'NONE', #484, 1000.000000000000000 ) ;
#5059 = DIRECTION ( 'NONE',  ( 1.000000000000000000, 0.000000000000000000, 2.168404344971008868E-16 ) ) ;
#5060 = ORIENTED_EDGE ( 'NONE', *, *, #9435, .T. ) ;
#5061 =( GEOMETRIC_REPRESENTATION_CONTEXT ( 3 ) GLOBAL_UNCERTAINTY_ASSIGNED_CONTEXT ( ( #9169 ) ) GLOBAL_UNIT_ASSIGNED_CONTEXT ( ( #9974, #5152, #9055 ) ) REPRESENTATION_CONTEXT ( 'NONE', 'WORKASPACE' ) );
#5062 =( NAMED_UNIT ( * ) SI_UNIT ( $, .STERADIAN. ) SOLID_ANGLE_UNIT ( ) );
#5063 = EDGE_CURVE ( 'NONE', #1317, #11892, #11766, .T. ) ;
#5064 = CYLINDRICAL_SURFACE ( 'NONE', #2648, 0.01000000000000002623 ) ;
#5065 = VERTEX_POINT ( 'NONE', #10641 ) ;
#5066 = CARTESIAN_POINT ( 'NONE',  ( 0.7740119375089373754, 0.5600000000000000533, 0.1249999999999982653 ) ) ;
#5067 = SURFACE_STYLE_FILL_AREA ( #514 ) ;
#5069 = DIRECTION ( 'NONE',  ( 0.000000000000000000, 0.000000000000000000, -1.000000000000000000 ) ) ;
#5068 = CARTESIAN_POINT ( 'NONE',  ( -0.4809880624910627400, 0.5700000000000000622, 0.9349999999999966116 ) ) ;
#5070 = SURFACE_STYLE_USAGE ( .BOTH. , #7931 ) ;
#5071 = ORIENTED_EDGE ( 'NONE', *, *, #9731, .T. ) ;
#5072 = CARTESIAN_POINT ( 'NONE',  ( 0.9349999999999997202, 0.5600000000000000533, 0.1440119375089367049 ) ) ;
#5073 = UNCERTAINTY_MEASURE_WITH_UNIT (LENGTH_MEASURE( 1.000000000000000082E-05 ), #11740, 'distance_accuracy_value', 'NONE');
#5074 = ORIENTED_EDGE ( 'NONE', *, *, #8923, .T. ) ;
#5075 = TOROIDAL_SURFACE ( 'NONE', #7130, 0.03000000000000000583, 0.01000000000000000021 ) ;
#5076 = DIRECTION ( 'NONE',  ( 0.000000000000000000, 0.000000000000000000, -1.000000000000000000 ) ) ;
#5077 = DIRECTION ( 'NONE',  ( -0.000000000000000000, -0.000000000000000000, -1.000000000000000000 ) ) ;
#5078 = PLANE ( 'NONE',  #451 ) ;
#5079 = EDGE_CURVE ( 'NONE', #2570, #9181, #9426, .T. ) ;
#5080 = LINE ( 'NONE', #1159, #2667 ) ;
#5081 = EDGE_CURVE ( 'NONE', #267, #5065, #1580, .T. ) ;
#5082 = EDGE_LOOP ( 'NONE', ( #9184, #8524, #10749, #6436 ) ) ;
#5083 = DIRECTION ( 'NONE',  ( -1.000000000000000000, 0.000000000000000000, 2.710505431213753985E-15 ) ) ;
#5084 = FACE_OUTER_BOUND ( 'NONE', #10564, .T. ) ;
#5085 = PLANE ( 'NONE',  #10109 ) ;
#5086 = UNCERTAINTY_MEASURE_WITH_UNIT (LENGTH_MEASURE( 1.000000000000000082E-05 ), #8528, 'distance_accuracy_value', 'NONE');
#5087 = DIRECTION ( 'NONE',  ( 0.000000000000000000, 0.000000000000000000, -1.000000000000000000 ) ) ;
#5088 = VECTOR ( 'NONE', #5818, 1000.000000000000000 ) ;
#5089 = VECTOR ( 'NONE', #1657, 1000.000000000000000 ) ;
#5090 = DIRECTION ( 'NONE',  ( 0.000000000000000000, 0.000000000000000000, -1.000000000000000000 ) ) ;
#5091 = CARTESIAN_POINT ( 'NONE',  ( -0.7549999999999990052, 0.5600000000000000533, -0.3059880624910605862 ) ) ;
#5092 = EDGE_CURVE ( 'NONE', #7619, #3217, #6799, .T. ) ;
#5093 = EDGE_LOOP ( 'NONE', ( #8856, #6477, #11994, #3687 ) ) ;
#5094 = CARTESIAN_POINT ( 'NONE',  ( -0.9159880624910617941, 0.5700000000000000622, 0.1440119375089366216 ) ) ;
#5095 = CARTESIAN_POINT ( 'NONE',  ( 0.3563859338365493179, 0.5500000000000000444, -0.5100000000000002309 ) ) ;
#5096 = FILL_AREA_STYLE_COLOUR ( '', #10855 ) ;
#5097 = SURFACE_STYLE_FILL_AREA ( #4976 ) ;
#5098 = UNCERTAINTY_MEASURE_WITH_UNIT (LENGTH_MEASURE( 1.000000000000000082E-05 ), #3714, 'distance_accuracy_value', 'NONE');
#5099 = DIRECTION ( 'NONE',  ( 0.000000000000000000, 0.000000000000000000, -1.000000000000000000 ) ) ;
#5100 = VERTEX_POINT ( 'NONE', #380 ) ;
#5101 = DIRECTION ( 'NONE',  ( 0.000000000000000000, 0.000000000000000000, -1.000000000000000000 ) ) ;
#5102 = PRESENTATION_LAYER_ASSIGNMENT (  '', '', ( #8154 ) ) ;
#5103 = SURFACE_STYLE_USAGE ( .BOTH. , #11884 ) ;
#5104 = EDGE_CURVE ( 'NONE', #2278, #12339, #1381, .T. ) ;
#5105 =( NAMED_UNIT ( * ) SI_UNIT ( $, .STERADIAN. ) SOLID_ANGLE_UNIT ( ) );
#5106 =( LENGTH_UNIT ( ) NAMED_UNIT ( * ) SI_UNIT ( .MILLI., .METRE. ) );
#5107 = ORIENTED_EDGE ( 'NONE', *, *, #582, .T. ) ;
#5109 = PRESENTATION_STYLE_ASSIGNMENT (( #10705 ) ) ;
#5108 = PRESENTATION_LAYER_ASSIGNMENT (  '', '', ( #2738 ) ) ;
#5110 = ORIENTED_EDGE ( 'NONE', *, *, #6894, .T. ) ;
#5111 = EDGE_CURVE ( 'NONE', #4927, #7182, #7970, .T. ) ;
#5112 = DIRECTION ( 'NONE',  ( 1.084202172485501594E-14, 0.000000000000000000, 1.000000000000000000 ) ) ;
#5113 = CARTESIAN_POINT ( 'NONE',  ( -0.5100000000000000089, 0.5600000000000000533, 0.7740119375089341558 ) ) ;
#5114 = VERTEX_POINT ( 'NONE', #5819 ) ;
#5115 =( GEOMETRIC_REPRESENTATION_CONTEXT ( 3 ) GLOBAL_UNCERTAINTY_ASSIGNED_CONTEXT ( ( #7778 ) ) GLOBAL_UNIT_ASSIGNED_CONTEXT ( ( #4701, #9725, #2025 ) ) REPRESENTATION_CONTEXT ( 'NONE', 'WORKASPACE' ) );
#5116 = ORIENTED_EDGE ( 'NONE', *, *, #4108, .F. ) ;
#5117 = STYLED_ITEM ( 'NONE', ( #4123 ), #4247 ) ;
#5118 = FACE_OUTER_BOUND ( 'NONE', #48, .T. ) ;
#5119 = CARTESIAN_POINT ( 'NONE',  ( 0.7740119375089375975, 0.5600000000000000533, -0.1149999999999981315 ) ) ;
#5120 = DIRECTION ( 'NONE',  ( 1.710823274023216041E-14, 0.000000000000000000, -1.000000000000000000 ) ) ;
#5121 = PRESENTATION_LAYER_ASSIGNMENT (  '', '', ( #12428 ) ) ;
#5122 = DIRECTION ( 'NONE',  ( -0.000000000000000000, -1.000000000000000000, -0.000000000000000000 ) ) ;
#5123 = VECTOR ( 'NONE', #3339, 1000.000000000000000 ) ;
#5124 = ORIENTED_EDGE ( 'NONE', *, *, #10683, .F. ) ;
#5125 = ORIENTED_EDGE ( 'NONE', *, *, #146, .T. ) ;
#5126 =( NAMED_UNIT ( * ) SI_UNIT ( $, .STERADIAN. ) SOLID_ANGLE_UNIT ( ) );
#5127 = EDGE_CURVE ( 'NONE', #4371, #3851, #9695, .T. ) ;
#5128 = CARTESIAN_POINT ( 'NONE',  ( 0.3860991889048494552, 0.5600000000000000533, -0.4841379310344829934 ) ) ;
#5129 = STYLED_ITEM ( 'NONE', ( #9783 ), #4545 ) ;
#5130 = CARTESIAN_POINT ( 'NONE',  ( -0.9159880624910612390, 0.5500000000000000444, 0.3349999999999991318 ) ) ;
#5131 = CARTESIAN_POINT ( 'NONE',  ( -0.5000000000000000000, 0.5600000000000000533, 0.9159880624910591296 ) ) ;
#5132 = DIRECTION ( 'NONE',  ( 0.000000000000000000, 1.000000000000000000, -0.000000000000000000 ) ) ;
#5133 = ORIENTED_EDGE ( 'NONE', *, *, #2267, .F. ) ;
#5134 = VERTEX_POINT ( 'NONE', #2070 ) ;
#5135 = SURFACE_STYLE_USAGE ( .BOTH. , #11930 ) ;
#5136 = DIRECTION ( 'NONE',  ( -2.008077744677158373E-15, 0.000000000000000000, -1.000000000000000000 ) ) ;
#5137 = AXIS2_PLACEMENT_3D ( 'NONE', #6545, #2770, #6675 ) ;
#5138 = DIRECTION ( 'NONE',  ( 0.000000000000000000, 0.000000000000000000, 1.000000000000000000 ) ) ;
#5139 = DIRECTION ( 'NONE',  ( -0.000000000000000000, 1.000000000000000000, -0.000000000000000000 ) ) ;
#5140 =( GEOMETRIC_REPRESENTATION_CONTEXT ( 3 ) GLOBAL_UNCERTAINTY_ASSIGNED_CONTEXT ( ( #8546 ) ) GLOBAL_UNIT_ASSIGNED_CONTEXT ( ( #10175, #3566, #9250 ) ) REPRESENTATION_CONTEXT ( 'NONE', 'WORKASPACE' ) );
#5141 = PRESENTATION_LAYER_ASSIGNMENT (  '', '', ( #5550 ) ) ;
#5142 = FACE_OUTER_BOUND ( 'NONE', #10452, .T. ) ;
#5143 = ADVANCED_FACE ( 'NONE', ( #4923 ), #8431, .F. ) ;
#5144 = MECHANICAL_DESIGN_GEOMETRIC_PRESENTATION_REPRESENTATION (  '', ( #5566 ), #7798 ) ;
#5145 = DIRECTION ( 'NONE',  ( 0.000000000000000000, 0.000000000000000000, -1.000000000000000000 ) ) ;
#5146 = EDGE_CURVE ( 'NONE', #8359, #3094, #10025, .T. ) ;
#5147 = ORIENTED_EDGE ( 'NONE', *, *, #4249, .T. ) ;
#5148 = ORIENTED_EDGE ( 'NONE', *, *, #3840, .F. ) ;
#5149 = CIRCLE ( 'NONE', #8640, 0.01000000000000002623 ) ;
#5150 = COLOUR_RGB ( '',0.6666666666666666297, 0.6980392156862744724, 0.7686274509803920907 ) ;
#5151 = AXIS2_PLACEMENT_3D ( 'NONE', #1924, #3811, #4538 ) ;
#5152 =( NAMED_UNIT ( * ) PLANE_ANGLE_UNIT ( ) SI_UNIT ( $, .RADIAN. ) );
#5153 = DIRECTION ( 'NONE',  ( -0.000000000000000000, -1.000000000000000000, -0.000000000000000000 ) ) ;
#5154 = DIRECTION ( 'NONE',  ( 0.000000000000000000, 0.000000000000000000, 1.000000000000000000 ) ) ;
#5155 = ORIENTED_EDGE ( 'NONE', *, *, #6424, .T. ) ;
#5156 = CARTESIAN_POINT ( 'NONE',  ( 0.3000000000000004885, 0.5600000000000000533, -0.7740119375089351550 ) ) ;
#5157 = AXIS2_PLACEMENT_3D ( 'NONE', #3941, #6070, #2179 ) ;
#5158 = CARTESIAN_POINT ( 'NONE',  ( 0.5000000000000004441, 0.5600000000000000533, -0.9159880624910591296 ) ) ;
#5159 = EDGE_CURVE ( 'NONE', #9329, #3074, #12084, .T. ) ;
#5160 = ORIENTED_EDGE ( 'NONE', *, *, #1250, .F. ) ;
#5161 = VECTOR ( 'NONE', #11560, 1000.000000000000000 ) ;
#5162 = AXIS2_PLACEMENT_3D ( 'NONE', #6144, #9770, #5069 ) ;
#5163 = EDGE_CURVE ( 'NONE', #5481, #793, #11891, .T. ) ;
#5164 = CARTESIAN_POINT ( 'NONE',  ( 0.7740119375089354881, 0.5700000000000000622, -0.5940119375089355502 ) ) ;
#5165 = VECTOR ( 'NONE', #8812, 1000.000000000000000 ) ;
#5166 = VECTOR ( 'NONE', #9540, 1000.000000000000000 ) ;
#5167 = SURFACE_STYLE_USAGE ( .BOTH. , #2493 ) ;
#5168 =( GEOMETRIC_REPRESENTATION_CONTEXT ( 3 ) GLOBAL_UNCERTAINTY_ASSIGNED_CONTEXT ( ( #2087 ) ) GLOBAL_UNIT_ASSIGNED_CONTEXT ( ( #8871, #1490, #487 ) ) REPRESENTATION_CONTEXT ( 'NONE', 'WORKASPACE' ) );
#5169 = LINE ( 'NONE', #4250, #7297 ) ;
#5170 = FACE_OUTER_BOUND ( 'NONE', #2268, .T. ) ;
#5171 = LINE ( 'NONE', #8037, #11340 ) ;
#5172 = SURFACE_STYLE_USAGE ( .BOTH. , #4066 ) ;
#5173 = DIRECTION ( 'NONE',  ( 0.000000000000000000, 0.000000000000000000, -1.000000000000000000 ) ) ;
#5174 = EDGE_LOOP ( 'NONE', ( #8043, #4317, #10745, #5755 ) ) ;
#5175 = PRESENTATION_STYLE_ASSIGNMENT (( #6564 ) ) ;
#5176 = ORIENTED_EDGE ( 'NONE', *, *, #10423, .F. ) ;
#5177 = ORIENTED_EDGE ( 'NONE', *, *, #695, .F. ) ;
#5178 = ORIENTED_EDGE ( 'NONE', *, *, #7109, .T. ) ;
#5179 = FILL_AREA_STYLE_COLOUR ( '', #8425 ) ;
#5180 = EDGE_CURVE ( 'NONE', #10574, #6333, #3378, .T. ) ;
#5181 = AXIS2_PLACEMENT_3D ( 'NONE', #3085, #5011, #2022 ) ;
#5182 = COLOUR_RGB ( '',0.6666666666666666297, 0.6980392156862744724, 0.7686274509803920907 ) ;
#5183 = DIRECTION ( 'NONE',  ( 0.000000000000000000, -1.000000000000000000, 0.000000000000000000 ) ) ;
#5184 = ORIENTED_EDGE ( 'NONE', *, *, #11347, .T. ) ;
#5185 = EDGE_LOOP ( 'NONE', ( #11533, #4535, #4149, #12202 ) ) ;
#5186 = ORIENTED_EDGE ( 'NONE', *, *, #293, .T. ) ;
#5187 = ORIENTED_EDGE ( 'NONE', *, *, #7205, .F. ) ;
#5188 = FILL_AREA_STYLE_COLOUR ( '', #11885 ) ;
#5189 = SURFACE_SIDE_STYLE ('',( #1211 ) ) ;
#5190 =( NAMED_UNIT ( * ) SI_UNIT ( $, .STERADIAN. ) SOLID_ANGLE_UNIT ( ) );
#5191 = AXIS2_PLACEMENT_3D ( 'NONE', #4179, #10047, #11880 ) ;
#5192 = ORIENTED_EDGE ( 'NONE', *, *, #3048, .T. ) ;
#5193 = UNCERTAINTY_MEASURE_WITH_UNIT (LENGTH_MEASURE( 1.000000000000000082E-05 ), #6900, 'distance_accuracy_value', 'NONE');
#5194 = VERTEX_POINT ( 'NONE', #1370 ) ;
#5195 = ORIENTED_EDGE ( 'NONE', *, *, #11421, .F. ) ;
#5196 = CARTESIAN_POINT ( 'NONE',  ( 0.9159880624910605729, 0.5500000000000000444, 0.7559880624910617630 ) ) ;
#5197 = CARTESIAN_POINT ( 'NONE',  ( -0.9999999999999997780, 0.4750000000000001443, 1.000000000000000000 ) ) ;
#5198 = LINE ( 'NONE', #8190, #10926 ) ;
#5199 = EDGE_CURVE ( 'NONE', #185, #10594, #4312, .T. ) ;
#5200 = CARTESIAN_POINT ( 'NONE',  ( 0.9159880624910621272, 0.5500000000000000444, -0.3059880624910617519 ) ) ;
#5201 = DIRECTION ( 'NONE',  ( 0.000000000000000000, 0.000000000000000000, -1.000000000000000000 ) ) ;
#5202 = DIRECTION ( 'NONE',  ( -0.000000000000000000, 1.000000000000000000, -0.000000000000000000 ) ) ;
#5203 = CARTESIAN_POINT ( 'NONE',  ( -0.7740119375089362652, 0.5600000000000000533, -0.3249999999999980682 ) ) ;
#5204 = UNCERTAINTY_MEASURE_WITH_UNIT (LENGTH_MEASURE( 1.000000000000000082E-05 ), #11712, 'distance_accuracy_value', 'NONE');
#5205 = UNCERTAINTY_MEASURE_WITH_UNIT (LENGTH_MEASURE( 1.000000000000000082E-05 ), #2356, 'distance_accuracy_value', 'NONE');
#5206 = COLOUR_RGB ( '',0.6666666666666666297, 0.6980392156862744724, 0.7686274509803920907 ) ;
#5207 = DIRECTION ( 'NONE',  ( -0.000000000000000000, -1.000000000000000000, -0.000000000000000000 ) ) ;
#5208 = CARTESIAN_POINT ( 'NONE',  ( -0.9449999999999976197, 0.5600000000000000533, 0.5940119375089366605 ) ) ;
#5209 = AXIS2_PLACEMENT_3D ( 'NONE', #7652, #11380, #3923 ) ;
#5210 = CARTESIAN_POINT ( 'NONE',  ( -0.7740119375089370424, 0.5500000000000000444, 0.1149999999999981870 ) ) ;
#5211 = AXIS2_PLACEMENT_3D ( 'NONE', #2726, #5532, #6555 ) ;
#5212 = ORIENTED_EDGE ( 'NONE', *, *, #8870, .T. ) ;
#5213 =( NAMED_UNIT ( * ) SI_UNIT ( $, .STERADIAN. ) SOLID_ANGLE_UNIT ( ) );
#5214 = STYLED_ITEM ( 'NONE', ( #7690 ), #3949 ) ;
#5215 = EDGE_CURVE ( 'NONE', #12364, #7513, #9037, .T. ) ;
#5216 = AXIS2_PLACEMENT_3D ( 'NONE', #1523, #3478, #4402 ) ;
#5217 = DIRECTION ( 'NONE',  ( -1.000000000000000000, 0.000000000000000000, 3.818255261657576533E-15 ) ) ;
#5218 = SURFACE_STYLE_FILL_AREA ( #11003 ) ;
#5219 = ADVANCED_FACE ( 'NONE', ( #5235 ), #12013, .T. ) ;
#5220 = VERTEX_POINT ( 'NONE', #11152 ) ;
#5221 = CIRCLE ( 'NONE', #5642, 0.02901193750893898277 ) ;
#5222 = UNCERTAINTY_MEASURE_WITH_UNIT (LENGTH_MEASURE( 1.000000000000000082E-05 ), #11794, 'distance_accuracy_value', 'NONE');
#5223 = VERTEX_POINT ( 'NONE', #10176 ) ;
#5224 = FACE_OUTER_BOUND ( 'NONE', #10566, .T. ) ;
#5225 = COLOUR_RGB ( '',0.6666666666666666297, 0.6980392156862744724, 0.7686274509803920907 ) ;
#5226 = STYLED_ITEM ( 'NONE', ( #9832 ), #3966 ) ;
#5227 = VECTOR ( 'NONE', #10116, 1000.000000000000000 ) ;
#5228 = DIRECTION ( 'NONE',  ( 0.000000000000000000, 1.000000000000000000, 0.000000000000000000 ) ) ;
#5229 = CARTESIAN_POINT ( 'NONE',  ( 0.7740119375089374865, 0.5600000000000000533, -0.1249999999999981265 ) ) ;
#5230 = EDGE_CURVE ( 'NONE', #6703, #3074, #10831, .T. ) ;
#5231 = SURFACE_STYLE_USAGE ( .BOTH. , #2368 ) ;
#5232 = EDGE_CURVE ( 'NONE', #4134, #1974, #632, .T. ) ;
#5233 = STYLED_ITEM ( 'NONE', ( #4040 ), #1116 ) ;
#5234 = PRESENTATION_LAYER_ASSIGNMENT (  '', '', ( #9105 ) ) ;
#5235 = FACE_OUTER_BOUND ( 'NONE', #2813, .T. ) ;
#5236 = AXIS2_PLACEMENT_3D ( 'NONE', #7986, #2318, #10005 ) ;
#5237 = ORIENTED_EDGE ( 'NONE', *, *, #6442, .T. ) ;
#5238 = AXIS2_PLACEMENT_3D ( 'NONE', #1483, #5275, #9291 ) ;
#5239 = ORIENTED_EDGE ( 'NONE', *, *, #9883, .F. ) ;
#5240 = ORIENTED_EDGE ( 'NONE', *, *, #7704, .F. ) ;
#5241 = VECTOR ( 'NONE', #1874, 1000.000000000000000 ) ;
#5242 = VERTEX_POINT ( 'NONE', #9315 ) ;
#5243 = CYLINDRICAL_SURFACE ( 'NONE', #9180, 0.01901193750893743692 ) ;
#5244 = AXIS2_PLACEMENT_3D ( 'NONE', #8196, #12055, #5979 ) ;
#5245 = PRESENTATION_LAYER_ASSIGNMENT (  '', '', ( #1472 ) ) ;
#5246 = ORIENTED_EDGE ( 'NONE', *, *, #6002, .F. ) ;
#5247 = FILL_AREA_STYLE_COLOUR ( '', #256 ) ;
#5248 = ORIENTED_EDGE ( 'NONE', *, *, #12431, .T. ) ;
#5249 = SURFACE_SIDE_STYLE ('',( #10073 ) ) ;
#5250 = ORIENTED_EDGE ( 'NONE', *, *, #3579, .F. ) ;
#5251 = FACE_OUTER_BOUND ( 'NONE', #3000, .T. ) ;
#5252 = VECTOR ( 'NONE', #11696, 1000.000000000000000 ) ;
#5253 = DIRECTION ( 'NONE',  ( -1.000000000000000000, 0.000000000000000000, 0.000000000000000000 ) ) ;
#5254 = EDGE_CURVE ( 'NONE', #7552, #8503, #8635, .T. ) ;
#5255 = MECHANICAL_DESIGN_GEOMETRIC_PRESENTATION_REPRESENTATION (  '', ( #275 ), #2471 ) ;
#5256 = DIRECTION ( 'NONE',  ( 0.000000000000000000, 0.000000000000000000, -1.000000000000000000 ) ) ;
#5257 = PRESENTATION_STYLE_ASSIGNMENT (( #10199 ) ) ;
#5258 = ORIENTED_EDGE ( 'NONE', *, *, #3810, .T. ) ;
#5259 = SURFACE_STYLE_USAGE ( .BOTH. , #10340 ) ;
#5260 = VERTEX_POINT ( 'NONE', #10252 ) ;
#5261 = ORIENTED_EDGE ( 'NONE', *, *, #8750, .T. ) ;
#5262 = CARTESIAN_POINT ( 'NONE',  ( -0.7740119375089351550, 0.5700000000000000622, -0.5749999999999981792 ) ) ;
#5263 =( NAMED_UNIT ( * ) SI_UNIT ( $, .STERADIAN. ) SOLID_ANGLE_UNIT ( ) );
#5264 = CARTESIAN_POINT ( 'NONE',  ( -0.4809880624910624070, 0.5600000000000000533, 0.7449999999999966649 ) ) ;
#5265 = CARTESIAN_POINT ( 'NONE',  ( 0.7549999999999981171, 0.5600000000000000533, -0.5940119375089355502 ) ) ;
#5266 = CARTESIAN_POINT ( 'NONE',  ( -0.7740119375089350440, 0.5500000000000000444, -0.5940119375089355502 ) ) ;
#5267 = PRESENTATION_STYLE_ASSIGNMENT (( #4460 ) ) ;
#5268 = CARTESIAN_POINT ( 'NONE',  ( -0.9159880624910617941, 0.5600000000000000533, -0.1440119375089366216 ) ) ;
#5269 = COLOUR_RGB ( '',0.6666666666666666297, 0.6980392156862744724, 0.7686274509803920907 ) ;
#5270 = DIRECTION ( 'NONE',  ( 0.000000000000000000, 0.000000000000000000, 1.000000000000000000 ) ) ;
#5271 = SURFACE_STYLE_FILL_AREA ( #2602 ) ;
#5272 = EDGE_CURVE ( 'NONE', #2716, #11222, #11244, .T. ) ;
#5273 = CARTESIAN_POINT ( 'NONE',  ( 0.9449999999999997291, 0.5500000000000000444, -0.1440119375089366771 ) ) ;
#5274 = STYLED_ITEM ( 'NONE', ( #1162 ), #7682 ) ;
#5275 = DIRECTION ( 'NONE',  ( -0.000000000000000000, 1.000000000000000000, -0.000000000000000000 ) ) ;
#5276 = CARTESIAN_POINT ( 'NONE',  ( 0.4809880624910629066, 0.5600000000000000533, -0.7549999999999966738 ) ) ;
#5277 = ORIENTED_EDGE ( 'NONE', *, *, #3509, .F. ) ;
#5278 = LINE ( 'NONE', #3616, #993 ) ;
#5279 = DIRECTION ( 'NONE',  ( 0.000000000000000000, -1.000000000000000000, 0.000000000000000000 ) ) ;
#5280 = DIRECTION ( 'NONE',  ( -1.000000000000000000, 0.000000000000000000, 7.636510523315142022E-15 ) ) ;
#5281 = ORIENTED_EDGE ( 'NONE', *, *, #132, .T. ) ;
#5282 = DIRECTION ( 'NONE',  ( -1.710823274023210992E-14, 0.000000000000000000, -1.000000000000000000 ) ) ;
#5283 = PLANE ( 'NONE',  #1647 ) ;
#5284 = ORIENTED_EDGE ( 'NONE', *, *, #3266, .F. ) ;
#5285 = SURFACE_SIDE_STYLE ('',( #12275 ) ) ;
#5286 = CARTESIAN_POINT ( 'NONE',  ( -0.5100000000000000089, 0.5600000000000000533, 0.9159880624910591296 ) ) ;
#5287 = EDGE_CURVE ( 'NONE', #10906, #1310, #1931, .T. ) ;
#5288 = PLANE ( 'NONE',  #11254 ) ;
#5289 = VECTOR ( 'NONE', #11466, 1000.000000000000000 ) ;
#5290 = FACE_OUTER_BOUND ( 'NONE', #341, .T. ) ;
#5291 = CARTESIAN_POINT ( 'NONE',  ( 0.7740119375089354881, 0.5600000000000000533, 0.5940119375089355502 ) ) ;
#5292 = CARTESIAN_POINT ( 'NONE',  ( -0.1100000000000031786, 0.5600000000000000533, -0.9159880624910617941 ) ) ;
#5293 =( NAMED_UNIT ( * ) SI_UNIT ( $, .STERADIAN. ) SOLID_ANGLE_UNIT ( ) );
#5294 = ORIENTED_EDGE ( 'NONE', *, *, #705, .F. ) ;
#5295 = EDGE_LOOP ( 'NONE', ( #87, #2937, #9379, #12289, #10060, #1373, #8510, #6729 ) ) ;
#5296 = DIRECTION ( 'NONE',  ( 1.000000000000000000, 0.000000000000000000, 7.636510523315148333E-15 ) ) ;
#5297 = PRESENTATION_LAYER_ASSIGNMENT (  '', '', ( #7149 ) ) ;
#5298 = ORIENTED_EDGE ( 'NONE', *, *, #4526, .F. ) ;
#5299 = ORIENTED_EDGE ( 'NONE', *, *, #6103, .F. ) ;
#5300 = LINE ( 'NONE', #565, #9420 ) ;
#5301 = FACE_OUTER_BOUND ( 'NONE', #4318, .T. ) ;
#5302 = EDGE_CURVE ( 'NONE', #6703, #4722, #1871, .T. ) ;
#5303 = EDGE_CURVE ( 'NONE', #3526, #1723, #2745, .T. ) ;
#5304 = DIRECTION ( 'NONE',  ( 0.000000000000000000, 0.000000000000000000, -1.000000000000000000 ) ) ;
#5305 = VERTEX_POINT ( 'NONE', #11389 ) ;
#5306 = DIRECTION ( 'NONE',  ( 0.000000000000000000, 1.000000000000000000, 0.000000000000000000 ) ) ;
#5307 =( LENGTH_UNIT ( ) NAMED_UNIT ( * ) SI_UNIT ( .MILLI., .METRE. ) );
#5308 = ORIENTED_EDGE ( 'NONE', *, *, #9170, .F. ) ;
#5309 = DIRECTION ( 'NONE',  ( 7.636510523315148333E-15, 0.000000000000000000, -1.000000000000000000 ) ) ;
#5310 =( LENGTH_UNIT ( ) NAMED_UNIT ( * ) SI_UNIT ( .MILLI., .METRE. ) );
#5311 = PRESENTATION_STYLE_ASSIGNMENT (( #4392 ) ) ;
#5312 = DIRECTION ( 'NONE',  ( 0.000000000000000000, -1.000000000000000000, 0.000000000000000000 ) ) ;
#5313 =( NAMED_UNIT ( * ) PLANE_ANGLE_UNIT ( ) SI_UNIT ( $, .RADIAN. ) );
#5314 = UNCERTAINTY_MEASURE_WITH_UNIT (LENGTH_MEASURE( 1.000000000000000082E-05 ), #6534, 'distance_accuracy_value', 'NONE');
#5315 = ORIENTED_EDGE ( 'NONE', *, *, #7816, .F. ) ;
#5316 = FACE_OUTER_BOUND ( 'NONE', #8583, .T. ) ;
#5317 = EDGE_CURVE ( 'NONE', #8048, #12175, #11450, .T. ) ;
#5318 =( GEOMETRIC_REPRESENTATION_CONTEXT ( 3 ) GLOBAL_UNCERTAINTY_ASSIGNED_CONTEXT ( ( #837 ) ) GLOBAL_UNIT_ASSIGNED_CONTEXT ( ( #888, #3701, #25 ) ) REPRESENTATION_CONTEXT ( 'NONE', 'WORKASPACE' ) );
#5319 = EDGE_CURVE ( 'NONE', #3922, #8575, #8016, .T. ) ;
#5320 = FACE_OUTER_BOUND ( 'NONE', #3498, .T. ) ;
#5321 = AXIS2_PLACEMENT_3D ( 'NONE', #4064, #4800, #7036 ) ;
#5322 = LINE ( 'NONE', #5197, #11896 ) ;
#5323 = PRESENTATION_STYLE_ASSIGNMENT (( #2714 ) ) ;
#5324 = CARTESIAN_POINT ( 'NONE',  ( 0.3190119375089379150, 0.5700000000000000622, 0.7740119375089351550 ) ) ;
#5325 = DIRECTION ( 'NONE',  ( -5.421010862427508759E-15, -0.000000000000000000, -1.000000000000000000 ) ) ;
#5326 = MECHANICAL_DESIGN_GEOMETRIC_PRESENTATION_REPRESENTATION (  '', ( #549 ), #2338 ) ;
#5327 = UNCERTAINTY_MEASURE_WITH_UNIT (LENGTH_MEASURE( 1.000000000000000082E-05 ), #12210, 'distance_accuracy_value', 'NONE');
#5328 = LINE ( 'NONE', #728, #3529 ) ;
#5329 = FACE_OUTER_BOUND ( 'NONE', #645, .T. ) ;
#5330 = ADVANCED_FACE ( 'NONE', ( #10316 ), #10444, .T. ) ;
#5331 = SURFACE_SIDE_STYLE ('',( #8018 ) ) ;
#5332 = FACE_OUTER_BOUND ( 'NONE', #9579, .T. ) ;
#5333 = PRESENTATION_STYLE_ASSIGNMENT (( #1535 ) ) ;
#5334 =( LENGTH_UNIT ( ) NAMED_UNIT ( * ) SI_UNIT ( .MILLI., .METRE. ) );
#5335 = ORIENTED_EDGE ( 'NONE', *, *, #5684, .T. ) ;
#5336 = FACE_OUTER_BOUND ( 'NONE', #757, .T. ) ;
#5337 = CIRCLE ( 'NONE', #4383, 0.01000000000000002623 ) ;
#5338 = VECTOR ( 'NONE', #9198, 1000.000000000000000 ) ;
#5339 = EDGE_LOOP ( 'NONE', ( #2291, #9194, #1750, #1803 ) ) ;
#5340 = COLOUR_RGB ( '',0.6666666666666666297, 0.6980392156862744724, 0.7686274509803920907 ) ;
#5341 = CARTESIAN_POINT ( 'NONE',  ( 0.08098806249106281496, 0.5700000000000000622, 0.7740119375089372644 ) ) ;
#5342 = PRESENTATION_LAYER_ASSIGNMENT (  '', '', ( #9998 ) ) ;
#5343 = UNCERTAINTY_MEASURE_WITH_UNIT (LENGTH_MEASURE( 1.000000000000000082E-05 ), #7875, 'distance_accuracy_value', 'NONE');
#5344 = CARTESIAN_POINT ( 'NONE',  ( -0.08098806249106234312, 0.5500000000000000444, -0.7740119375089372644 ) ) ;
#5345 = SURFACE_SIDE_STYLE ('',( #10165 ) ) ;
#5346 = EDGE_LOOP ( 'NONE', ( #1805, #5808, #7505, #544 ) ) ;
#5347 = STYLED_ITEM ( 'NONE', ( #10198 ), #4906 ) ;
#5348 = CYLINDRICAL_SURFACE ( 'NONE', #4135, 0.01000000000000002623 ) ;
#5349 = CIRCLE ( 'NONE', #10630, 0.01000000000000002623 ) ;
#5350 = PRESENTATION_STYLE_ASSIGNMENT (( #8099 ) ) ;
#5351 = AXIS2_PLACEMENT_3D ( 'NONE', #5686, #7602, #5812 ) ;
#5352 = AXIS2_PLACEMENT_3D ( 'NONE', #8875, #11816, #4002 ) ;
#5353 = SURFACE_STYLE_FILL_AREA ( #10171 ) ;
#5354 = CARTESIAN_POINT ( 'NONE',  ( -0.9999999999999997780, 0.5500000000000000444, 1.000000000000000000 ) ) ;
#5355 = CARTESIAN_POINT ( 'NONE',  ( 0.9349999999999992761, 0.5700000000000000622, -0.3059880624910618074 ) ) ;
#5356 = AXIS2_PLACEMENT_3D ( 'NONE', #3444, #7298, #6331 ) ;
#5357 = FILL_AREA_STYLE ('',( #9376 ) ) ;
#5358 = EDGE_CURVE ( 'NONE', #1974, #2756, #1685, .T. ) ;
#5359 = DIRECTION ( 'NONE',  ( 2.168404344971009184E-14, -2.168404344971003188E-14, -1.000000000000000000 ) ) ;
#5360 = VERTEX_POINT ( 'NONE', #11333 ) ;
#5361 =( LENGTH_UNIT ( ) NAMED_UNIT ( * ) SI_UNIT ( .MILLI., .METRE. ) );
#5362 = AXIS2_PLACEMENT_3D ( 'NONE', #2147, #6102, #11617 ) ;
#5363 = STYLED_ITEM ( 'NONE', ( #6547 ), #606 ) ;
#5364 = EDGE_LOOP ( 'NONE', ( #7477, #938, #3134, #1091 ) ) ;
#5365 = FILL_AREA_STYLE ('',( #10180 ) ) ;
#5366 = COLOUR_RGB ( '',0.6666666666666666297, 0.6980392156862744724, 0.7686274509803920907 ) ;
#5367 = CIRCLE ( 'NONE', #6793, 0.01901193750893732937 ) ;
#5368 = ORIENTED_EDGE ( 'NONE', *, *, #3823, .T. ) ;
#5369 = CARTESIAN_POINT ( 'NONE',  ( 0.7549999999999997824, 0.5700000000000000622, -0.1440119375089355114 ) ) ;
#5370 = DIRECTION ( 'NONE',  ( 0.000000000000000000, 0.000000000000000000, -1.000000000000000000 ) ) ;
#5371 = DIRECTION ( 'NONE',  ( 0.000000000000000000, -1.000000000000000000, 0.000000000000000000 ) ) ;
#5372 = VERTEX_POINT ( 'NONE', #10506 ) ;
#5373 = EDGE_LOOP ( 'NONE', ( #1922, #3307, #6720, #891, #12072, #3974, #2844, #1891 ) ) ;
#5374 = FACE_OUTER_BOUND ( 'NONE', #8516, .T. ) ;
#5375 = MECHANICAL_DESIGN_GEOMETRIC_PRESENTATION_REPRESENTATION (  '', ( #12274 ), #810 ) ;
#5376 = ORIENTED_EDGE ( 'NONE', *, *, #2901, .F. ) ;
#5378 = CARTESIAN_POINT ( 'NONE',  ( -0.9999999999999997780, 0.4750000000000001443, 0.6875000000000007772 ) ) ;
#5377 = COLOUR_RGB ( '',0.6666666666666666297, 0.6980392156862744724, 0.7686274509803920907 ) ;
#5379 = LINE ( 'NONE', #8381, #5045 ) ;
#5380 = CARTESIAN_POINT ( 'NONE',  ( 0.8000000000000002665, 0.02000000000000000042, -0.7999999999999999334 ) ) ;
#5381 = LINE ( 'NONE', #3466, #7397 ) ;
#5382 = ADVANCED_FACE ( 'NONE', ( #6523 ), #6453, .F. ) ;
#5383 = EDGE_CURVE ( 'NONE', #11394, #6212, #5784, .T. ) ;
#5384 = ORIENTED_EDGE ( 'NONE', *, *, #10980, .T. ) ;
#5385 = AXIS2_PLACEMENT_3D ( 'NONE', #5425, #7123, #4488 ) ;
#5386 = AXIS2_PLACEMENT_3D ( 'NONE', #6935, #10785, #5015 ) ;
#5387 = CARTESIAN_POINT ( 'NONE',  ( 0.4809880624910630176, 0.5700000000000000622, 0.7740119375089341558 ) ) ;
#5388 = SURFACE_SIDE_STYLE ('',( #6299 ) ) ;
#5389 = FILL_AREA_STYLE ('',( #8067 ) ) ;
#5390 = SURFACE_STYLE_USAGE ( .BOTH. , #5461 ) ;
#5391 = AXIS2_PLACEMENT_3D ( 'NONE', #9300, #739, #546 ) ;
#5392 = DIRECTION ( 'NONE',  ( -0.000000000000000000, -1.000000000000000000, -0.000000000000000000 ) ) ;
#5393 = ADVANCED_FACE ( 'NONE', ( #1000 ), #11655, .F. ) ;
#5394 = CARTESIAN_POINT ( 'NONE',  ( 0.9159880624910606839, 0.5700000000000000622, 0.5749999999999991784 ) ) ;
#5395 = SURFACE_STYLE_USAGE ( .BOTH. , #6305 ) ;
#5396 = EDGE_CURVE ( 'NONE', #11430, #6210, #6835, .T. ) ;
#5397 = DIRECTION ( 'NONE',  ( 0.000000000000000000, 0.000000000000000000, -1.000000000000000000 ) ) ;
#5398 =( NAMED_UNIT ( * ) SI_UNIT ( $, .STERADIAN. ) SOLID_ANGLE_UNIT ( ) );
#5399 = DIRECTION ( 'NONE',  ( -0.000000000000000000, -1.000000000000000000, -0.000000000000000000 ) ) ;
#5400 = FILL_AREA_STYLE ('',( #9159 ) ) ;
#5401 = ORIENTED_EDGE ( 'NONE', *, *, #4648, .T. ) ;
#5402 = FILL_AREA_STYLE ('',( #4594 ) ) ;
#5403 = DIRECTION ( 'NONE',  ( 0.000000000000000000, 1.000000000000000000, 0.000000000000000000 ) ) ;
#5404 = PRESENTATION_STYLE_ASSIGNMENT (( #3423 ) ) ;
#5405 = ORIENTED_EDGE ( 'NONE', *, *, #5023, .T. ) ;
#5406 = DIRECTION ( 'NONE',  ( -7.636510523315148333E-15, 0.000000000000000000, 1.000000000000000000 ) ) ;
#5407 = CARTESIAN_POINT ( 'NONE',  ( 1.000000000000000222, 0.5500000000000000444, 0.6624999999999990896 ) ) ;
#5408 = FACE_BOUND ( 'NONE', #4968, .T. ) ;
#5409 = EDGE_CURVE ( 'NONE', #11741, #5305, #7956, .T. ) ;
#5410 = ORIENTED_EDGE ( 'NONE', *, *, #7070, .T. ) ;
#5411 =( LENGTH_UNIT ( ) NAMED_UNIT ( * ) SI_UNIT ( .MILLI., .METRE. ) );
#5412 = DIRECTION ( 'NONE',  ( 0.000000000000000000, 0.000000000000000000, 1.000000000000000000 ) ) ;
#5413 = MECHANICAL_DESIGN_GEOMETRIC_PRESENTATION_REPRESENTATION (  '', ( #9489 ), #4227 ) ;
#5414 = CARTESIAN_POINT ( 'NONE',  ( 1.000000000000000222, 0.4749999999999999223, 0.2124999999999991340 ) ) ;
#5415 = ORIENTED_EDGE ( 'NONE', *, *, #10598, .F. ) ;
#5416 = DIRECTION ( 'NONE',  ( -0.000000000000000000, -0.000000000000000000, -1.000000000000000000 ) ) ;
#5417 = FILL_AREA_STYLE_COLOUR ( '', #11 ) ;
#5418 =( GEOMETRIC_REPRESENTATION_CONTEXT ( 3 ) GLOBAL_UNCERTAINTY_ASSIGNED_CONTEXT ( ( #9269 ) ) GLOBAL_UNIT_ASSIGNED_CONTEXT ( ( #8788, #12448, #9660 ) ) REPRESENTATION_CONTEXT ( 'NONE', 'WORKASPACE' ) );
#5419 = AXIS2_PLACEMENT_3D ( 'NONE', #4457, #1646, #5462 ) ;
#5420 = MECHANICAL_DESIGN_GEOMETRIC_PRESENTATION_REPRESENTATION (  '', ( #1044 ), #6647 ) ;
#5421 = FILL_AREA_STYLE_COLOUR ( '', #6139 ) ;
#5422 =( NAMED_UNIT ( * ) PLANE_ANGLE_UNIT ( ) SI_UNIT ( $, .RADIAN. ) );
#5423 = LINE ( 'NONE', #8214, #6715 ) ;
#5424 = VERTEX_POINT ( 'NONE', #3174 ) ;
#5425 = CARTESIAN_POINT ( 'NONE',  ( 0.7740119375089355991, 0.5700000000000000622, 0.5749999999999981792 ) ) ;
#5426 = VECTOR ( 'NONE', #4811, 1000.000000000000000 ) ;
#5427 = ORIENTED_EDGE ( 'NONE', *, *, #9290, .T. ) ;
#5428 = COLOUR_RGB ( '',0.6666666666666666297, 0.6980392156862744724, 0.7686274509803920907 ) ;
#5430 = ORIENTED_EDGE ( 'NONE', *, *, #2495, .F. ) ;
#5429 = PRESENTATION_LAYER_ASSIGNMENT (  '', '', ( #10899 ) ) ;
#5431 = VERTEX_POINT ( 'NONE', #4790 ) ;
#5432 = DIRECTION ( 'NONE',  ( 0.000000000000000000, -0.000000000000000000, 1.000000000000000000 ) ) ;
#5433 = MECHANICAL_DESIGN_GEOMETRIC_PRESENTATION_REPRESENTATION (  '', ( #2043 ), #1058 ) ;
#5434 =( NAMED_UNIT ( * ) PLANE_ANGLE_UNIT ( ) SI_UNIT ( $, .RADIAN. ) );
#5435 = EDGE_CURVE ( 'NONE', #2744, #7307, #8646, .T. ) ;
#5436 = VERTEX_POINT ( 'NONE', #3876 ) ;
#5437 = ORIENTED_EDGE ( 'NONE', *, *, #11532, .F. ) ;
#5438 = DIRECTION ( 'NONE',  ( 0.000000000000000000, 0.000000000000000000, -1.000000000000000000 ) ) ;
#5439 =( NAMED_UNIT ( * ) PLANE_ANGLE_UNIT ( ) SI_UNIT ( $, .RADIAN. ) );
#5440 = CIRCLE ( 'NONE', #11718, 0.009999999999999998473 ) ;
#5441 = STYLED_ITEM ( 'NONE', ( #3399 ), #6880 ) ;
#5442 = ORIENTED_EDGE ( 'NONE', *, *, #2755, .T. ) ;
#5443 = CARTESIAN_POINT ( 'NONE',  ( -0.7449999999999992184, 0.5600000000000000533, 0.1440119375089355669 ) ) ;
#5444 = ORIENTED_EDGE ( 'NONE', *, *, #10660, .F. ) ;
#5445 = EDGE_LOOP ( 'NONE', ( #10813, #4276, #4068, #5299 ) ) ;
#5446 = COLOUR_RGB ( '',0.6666666666666666297, 0.6980392156862744724, 0.7686274509803920907 ) ;
#5447 =( NAMED_UNIT ( * ) SI_UNIT ( $, .STERADIAN. ) SOLID_ANGLE_UNIT ( ) );
#5448 = DIRECTION ( 'NONE',  ( -0.000000000000000000, 1.000000000000000000, -0.000000000000000000 ) ) ;
#5449 = AXIS2_PLACEMENT_3D ( 'NONE', #3319, #2307, #4011 ) ;
#5450 = SURFACE_STYLE_USAGE ( .BOTH. , #2523 ) ;
#5451 = UNCERTAINTY_MEASURE_WITH_UNIT (LENGTH_MEASURE( 1.000000000000000082E-05 ), #306, 'distance_accuracy_value', 'NONE');
#5452 = EDGE_LOOP ( 'NONE', ( #6634, #3698, #1945, #3198 ) ) ;
#5453 = AXIS2_PLACEMENT_3D ( 'NONE', #1018, #2072, #7041 ) ;
#5454 = STYLED_ITEM ( 'NONE', ( #10760 ), #6340 ) ;
#5455 = LINE ( 'NONE', #4509, #6734 ) ;
#5456 = VECTOR ( 'NONE', #721, 1000.000000000000000 ) ;
#5457 = LINE ( 'NONE', #12043, #1347 ) ;
#5458 = EDGE_CURVE ( 'NONE', #5223, #2131, #5872, .T. ) ;
#5459 = DIRECTION ( 'NONE',  ( 1.000000000000000000, 0.000000000000000000, -1.084202172485501752E-14 ) ) ;
#5460 = VECTOR ( 'NONE', #2929, 1000.000000000000000 ) ;
#5461 = SURFACE_SIDE_STYLE ('',( #10210 ) ) ;
#5462 = DIRECTION ( 'NONE',  ( 0.000000000000000000, 0.000000000000000000, -1.000000000000000000 ) ) ;
#5463 = MECHANICAL_DESIGN_GEOMETRIC_PRESENTATION_REPRESENTATION (  '', ( #2663 ), #89 ) ;
#5464 = AXIS2_PLACEMENT_3D ( 'NONE', #3628, #1618, #6518 ) ;
#5465 = DIRECTION ( 'NONE',  ( -0.000000000000000000, 1.000000000000000000, -0.000000000000000000 ) ) ;
#5466 = CARTESIAN_POINT ( 'NONE',  ( -0.7740119375089350440, 0.5700000000000000622, 0.5940119375089355502 ) ) ;
#5467 = DIRECTION ( 'NONE',  ( 0.000000000000000000, 1.000000000000000000, -0.000000000000000000 ) ) ;
#5468 = FILL_AREA_STYLE_COLOUR ( '', #3874 ) ;
#5469 = AXIS2_PLACEMENT_3D ( 'NONE', #11630, #3872, #10623 ) ;
#5470 = UNCERTAINTY_MEASURE_WITH_UNIT (LENGTH_MEASURE( 1.000000000000000082E-05 ), #1553, 'distance_accuracy_value', 'NONE');
#5471 = CARTESIAN_POINT ( 'NONE',  ( 1.000000000000000222, 0.4500000000000000111, -0.6875000000000009992 ) ) ;
#5472 = DIRECTION ( 'NONE',  ( -1.000000000000000000, 0.000000000000000000, -4.336808689942018367E-14 ) ) ;
#5473 = EDGE_CURVE ( 'NONE', #3008, #12145, #10648, .T. ) ;
#5474 = FILL_AREA_STYLE ('',( #10288 ) ) ;
#5475 = ADVANCED_FACE ( 'NONE', ( #10625, #4975, #1995, #5807 ), #8805, .F. ) ;
#5476 = VERTEX_POINT ( 'NONE', #1423 ) ;
#5477 = CARTESIAN_POINT ( 'NONE',  ( -0.9349999999999993872, 0.5700000000000000622, 0.1440119375089367049 ) ) ;
#5478 = LINE ( 'NONE', #5210, #2243 ) ;
#5479 = AXIS2_PLACEMENT_3D ( 'NONE', #9165, #541, #12069 ) ;
#5480 = LINE ( 'NONE', #1485, #5058 ) ;
#5481 = VERTEX_POINT ( 'NONE', #2485 ) ;
#5482 = DIRECTION ( 'NONE',  ( 0.000000000000000000, 1.000000000000000000, 0.000000000000000000 ) ) ;
#5483 = DIRECTION ( 'NONE',  ( 1.000000000000000000, 0.000000000000000000, 0.000000000000000000 ) ) ;
#5484 = ORIENTED_EDGE ( 'NONE', *, *, #11291, .T. ) ;
#5485 = FILL_AREA_STYLE ('',( #8485 ) ) ;
#5486 = DIRECTION ( 'NONE',  ( -0.000000000000000000, 1.000000000000000000, -0.000000000000000000 ) ) ;
#5487 = UNCERTAINTY_MEASURE_WITH_UNIT (LENGTH_MEASURE( 1.000000000000000082E-05 ), #1813, 'distance_accuracy_value', 'NONE');
#5488 = SURFACE_STYLE_FILL_AREA ( #1614 ) ;
#5489 = ORIENTED_EDGE ( 'NONE', *, *, #6326, .F. ) ;
#5490 =( NAMED_UNIT ( * ) SI_UNIT ( $, .STERADIAN. ) SOLID_ANGLE_UNIT ( ) );
#5491 = TOROIDAL_SURFACE ( 'NONE', #1693, 0.02901193750893606843, 0.01000000000000000021 ) ;
#5492 =( NAMED_UNIT ( * ) PLANE_ANGLE_UNIT ( ) SI_UNIT ( $, .RADIAN. ) );
#5493 = LINE ( 'NONE', #3688, #12254 ) ;
#5494 = EDGE_CURVE ( 'NONE', #11972, #5481, #2398, .T. ) ;
#5495 = PRESENTATION_STYLE_ASSIGNMENT (( #12079 ) ) ;
#5496 = SURFACE_STYLE_FILL_AREA ( #9174 ) ;
#5497 = CARTESIAN_POINT ( 'NONE',  ( 0.7740119375089365983, 0.5600000000000000533, -0.3349999999999981881 ) ) ;
#5498 =( LENGTH_UNIT ( ) NAMED_UNIT ( * ) SI_UNIT ( .MILLI., .METRE. ) );
#5499 = VERTEX_POINT ( 'NONE', #8146 ) ;
#5500 = SURFACE_STYLE_FILL_AREA ( #821 ) ;
#5501 = ORIENTED_EDGE ( 'NONE', *, *, #4315, .F. ) ;
#5502 = ORIENTED_EDGE ( 'NONE', *, *, #7374, .T. ) ;
#5503 = CIRCLE ( 'NONE', #9157, 0.1000000000000001582 ) ;
#5504 = MECHANICAL_DESIGN_GEOMETRIC_PRESENTATION_REPRESENTATION (  '', ( #11571 ), #1708 ) ;
#5505 = PRESENTATION_STYLE_ASSIGNMENT (( #4496 ) ) ;
#5506 = EDGE_CURVE ( 'NONE', #7926, #2514, #4177, .T. ) ;
#5507 = ORIENTED_EDGE ( 'NONE', *, *, #7591, .F. ) ;
#5508 = CARTESIAN_POINT ( 'NONE',  ( -0.9159880624910600178, 0.5600000000000000533, -0.7749999999999992450 ) ) ;
#5509 = FACE_BOUND ( 'NONE', #3397, .T. ) ;
#5510 = ORIENTED_EDGE ( 'NONE', *, *, #673, .F. ) ;
#5511 = CARTESIAN_POINT ( 'NONE',  ( 0.7740119375089370424, 0.5500000000000000444, 0.3059880624910606972 ) ) ;
#5512 = LINE ( 'NONE', #1570, #4649 ) ;
#5513 = CARTESIAN_POINT ( 'NONE',  ( -0.9159880624910603508, 0.5500000000000000444, -0.5649999999999991696 ) ) ;
#5514 = DIRECTION ( 'NONE',  ( 0.000000000000000000, 0.000000000000000000, -1.000000000000000000 ) ) ;
#5515 = ORIENTED_EDGE ( 'NONE', *, *, #8159, .T. ) ;
#5516 =( GEOMETRIC_REPRESENTATION_CONTEXT ( 3 ) GLOBAL_UNCERTAINTY_ASSIGNED_CONTEXT ( ( #7028 ) ) GLOBAL_UNIT_ASSIGNED_CONTEXT ( ( #11484, #7817, #11921 ) ) REPRESENTATION_CONTEXT ( 'NONE', 'WORKASPACE' ) );
#5517 = EDGE_CURVE ( 'NONE', #11723, #2486, #7421, .T. ) ;
#5518 = DIRECTION ( 'NONE',  ( 0.000000000000000000, 0.000000000000000000, -1.000000000000000000 ) ) ;
#5519 = ORIENTED_EDGE ( 'NONE', *, *, #10753, .F. ) ;
#5520 =( NAMED_UNIT ( * ) PLANE_ANGLE_UNIT ( ) SI_UNIT ( $, .RADIAN. ) );
#5521 = FACE_OUTER_BOUND ( 'NONE', #7932, .T. ) ;
#5522 = VECTOR ( 'NONE', #3128, 1000.000000000000000 ) ;
#5523 = SURFACE_STYLE_FILL_AREA ( #8334 ) ;
#5524 = FILL_AREA_STYLE ('',( #12245 ) ) ;
#5525 = SURFACE_STYLE_USAGE ( .BOTH. , #6677 ) ;
#5526 =( LENGTH_UNIT ( ) NAMED_UNIT ( * ) SI_UNIT ( .MILLI., .METRE. ) );
#5527 = EDGE_CURVE ( 'NONE', #6116, #1317, #3992, .T. ) ;
#5528 = CYLINDRICAL_SURFACE ( 'NONE', #525, 0.01901193750893757223 ) ;
#5529 = CARTESIAN_POINT ( 'NONE',  ( 0.000000000000000000, 0.000000000000000000, 0.000000000000000000 ) ) ;
#5530 =( NAMED_UNIT ( * ) SI_UNIT ( $, .STERADIAN. ) SOLID_ANGLE_UNIT ( ) );
#5531 = VERTEX_POINT ( 'NONE', #9057 ) ;
#5532 = DIRECTION ( 'NONE',  ( 0.000000000000000000, -1.000000000000000000, 0.000000000000000000 ) ) ;
#5533 = STYLED_ITEM ( 'NONE', ( #2619 ), #8938 ) ;
#5534 = CARTESIAN_POINT ( 'NONE',  ( 0.08098806249105737487, 0.5600000000000000533, 0.9449999999999983968 ) ) ;
#5535 = ORIENTED_EDGE ( 'NONE', *, *, #7343, .F. ) ;
#5536 = SURFACE_SIDE_STYLE ('',( #2850 ) ) ;
#5537 = CARTESIAN_POINT ( 'NONE',  ( 0.7549999999999981171, 0.5700000000000000622, -0.7559880624910606528 ) ) ;
#5538 = ORIENTED_EDGE ( 'NONE', *, *, #12026, .F. ) ;
#5539 = EDGE_CURVE ( 'NONE', #1700, #1606, #5984, .T. ) ;
#5540 = EDGE_CURVE ( 'NONE', #7552, #7358, #11998, .T. ) ;
#5541 = FILL_AREA_STYLE ('',( #5667 ) ) ;
#5542 = DIRECTION ( 'NONE',  ( 0.000000000000000000, 0.000000000000000000, -1.000000000000000000 ) ) ;
#5543 = STYLED_ITEM ( 'NONE', ( #5257 ), #813 ) ;
#5544 = AXIS2_PLACEMENT_3D ( 'NONE', #9397, #3534, #7508 ) ;
#5545 = ORIENTED_EDGE ( 'NONE', *, *, #7048, .T. ) ;
#5546 = CARTESIAN_POINT ( 'NONE',  ( -0.7449999999999994404, 0.5600000000000000533, -0.1440119375089354281 ) ) ;
#5547 = AXIS2_PLACEMENT_3D ( 'NONE', #2412, #5465, #11180 ) ;
#5548 = PRESENTATION_STYLE_ASSIGNMENT (( #4539 ) ) ;
#5549 = CARTESIAN_POINT ( 'NONE',  ( -0.7740119375089360432, 0.5600000000000000533, 0.3349999999999982991 ) ) ;
#5550 = STYLED_ITEM ( 'NONE', ( #3467 ), #831 ) ;
#5551 = STYLED_ITEM ( 'NONE', ( #12106 ), #2208 ) ;
#5552 =( NAMED_UNIT ( * ) SI_UNIT ( $, .STERADIAN. ) SOLID_ANGLE_UNIT ( ) );
#5553 = PRESENTATION_LAYER_ASSIGNMENT (  '', '', ( #3565 ) ) ;
#5554 = PRESENTATION_STYLE_ASSIGNMENT (( #4719 ) ) ;
#5555 = SURFACE_SIDE_STYLE ('',( #751 ) ) ;
#5556 = EDGE_CURVE ( 'NONE', #5424, #3547, #10236, .T. ) ;
#5557 = ORIENTED_EDGE ( 'NONE', *, *, #5458, .F. ) ;
#5558 = SURFACE_SIDE_STYLE ('',( #5500 ) ) ;
#5559 = AXIS2_PLACEMENT_3D ( 'NONE', #10842, #399, #6022 ) ;
#5560 = ADVANCED_FACE ( 'NONE', ( #6115 ), #4061, .F. ) ;
#5561 = ORIENTED_EDGE ( 'NONE', *, *, #9246, .F. ) ;
#5562 = ORIENTED_EDGE ( 'NONE', *, *, #4979, .F. ) ;
#5563 = VECTOR ( 'NONE', #4053, 1000.000000000000000 ) ;
#5564 = MECHANICAL_DESIGN_GEOMETRIC_PRESENTATION_REPRESENTATION (  '', ( #6584 ), #4948 ) ;
#5565 = AXIS2_PLACEMENT_3D ( 'NONE', #6460, #760, #5432 ) ;
#5566 = STYLED_ITEM ( 'NONE', ( #568 ), #9415 ) ;
#5567 = VERTEX_POINT ( 'NONE', #3001 ) ;
#5568 = ORIENTED_EDGE ( 'NONE', *, *, #10569, .F. ) ;
#5569 = DIRECTION ( 'NONE',  ( 1.517883041479702169E-13, -1.000000000000000000, 0.000000000000000000 ) ) ;
#5570 = SURFACE_STYLE_FILL_AREA ( #11221 ) ;
#5571 = VERTEX_POINT ( 'NONE', #2420 ) ;
#5572 = DIRECTION ( 'NONE',  ( -0.000000000000000000, 1.000000000000000000, -0.000000000000000000 ) ) ;
#5573 = PRESENTATION_STYLE_ASSIGNMENT (( #2639 ) ) ;
#5574 = AXIS2_PLACEMENT_3D ( 'NONE', #10928, #6231, #9213 ) ;
#5575 =( GEOMETRIC_REPRESENTATION_CONTEXT ( 3 ) GLOBAL_UNCERTAINTY_ASSIGNED_CONTEXT ( ( #4103 ) ) GLOBAL_UNIT_ASSIGNED_CONTEXT ( ( #4531, #1726, #5797 ) ) REPRESENTATION_CONTEXT ( 'NONE', 'WORKASPACE' ) );
#5576 = DIRECTION ( 'NONE',  ( -0.000000000000000000, -1.000000000000000000, -0.000000000000000000 ) ) ;
#5577 =( LENGTH_UNIT ( ) NAMED_UNIT ( * ) SI_UNIT ( .MILLI., .METRE. ) );
#5578 = EDGE_CURVE ( 'NONE', #7360, #12023, #26, .T. ) ;
#5579 =( NAMED_UNIT ( * ) SI_UNIT ( $, .STERADIAN. ) SOLID_ANGLE_UNIT ( ) );
#5580 = UNCERTAINTY_MEASURE_WITH_UNIT (LENGTH_MEASURE( 1.000000000000000082E-05 ), #8312, 'distance_accuracy_value', 'NONE');
#5581 = ORIENTED_EDGE ( 'NONE', *, *, #5556, .F. ) ;
#5582 = VECTOR ( 'NONE', #7597, 1000.000000000000000 ) ;
#5583 = CARTESIAN_POINT ( 'NONE',  ( 0.08098806249106277333, 0.5600000000000000533, 0.9159880624910624602 ) ) ;
#5584 = PRESENTATION_LAYER_ASSIGNMENT (  '', '', ( #11059 ) ) ;
#5585 = CARTESIAN_POINT ( 'NONE',  ( -0.08098806249106586808, 0.5700000000000000622, -0.9350000000000012745 ) ) ;
#5586 = AXIS2_PLACEMENT_3D ( 'NONE', #7527, #11374, #6560 ) ;
#5587 = VECTOR ( 'NONE', #7833, 1000.000000000000000 ) ;
#5588 = SURFACE_STYLE_USAGE ( .BOTH. , #3837 ) ;
#5589 = FACE_OUTER_BOUND ( 'NONE', #7662, .T. ) ;
#5590 = CARTESIAN_POINT ( 'NONE',  ( -0.9159880624910613500, 0.5700000000000000622, -0.3249999999999991784 ) ) ;
#5591 = DIRECTION ( 'NONE',  ( 0.000000000000000000, 0.000000000000000000, -1.000000000000000000 ) ) ;
#5592 = MECHANICAL_DESIGN_GEOMETRIC_PRESENTATION_REPRESENTATION (  '', ( #11863 ), #7234 ) ;
#5593 = SURFACE_STYLE_FILL_AREA ( #4582 ) ;
#5594 = CIRCLE ( 'NONE', #10663, 0.01901193750893743692 ) ;
#5595 = FACE_OUTER_BOUND ( 'NONE', #9512, .T. ) ;
#5596 = VECTOR ( 'NONE', #12226, 1000.000000000000000 ) ;
#5597 = LINE ( 'NONE', #6682, #10373 ) ;
#5598 = CARTESIAN_POINT ( 'NONE',  ( 0.7449999999999979972, 0.5500000000000000444, -0.7559880624910606528 ) ) ;
#5599 = VECTOR ( 'NONE', #8283, 1000.000000000000000 ) ;
#5600 = AXIS2_PLACEMENT_3D ( 'NONE', #7819, #3027, #343 ) ;
#5601 = LINE ( 'NONE', #2842, #5166 ) ;
#5602 = SURFACE_STYLE_USAGE ( .BOTH. , #7329 ) ;
#5603 = EDGE_CURVE ( 'NONE', #2570, #10574, #613, .T. ) ;
#5604 = DIRECTION ( 'NONE',  ( 0.000000000000000000, -1.000000000000000000, 0.000000000000000000 ) ) ;
#5605 = DIRECTION ( 'NONE',  ( 0.000000000000000000, 1.000000000000000000, -0.000000000000000000 ) ) ;
#5606 = EDGE_LOOP ( 'NONE', ( #6412, #1491, #8306, #5693 ) ) ;
#5607 =( NAMED_UNIT ( * ) PLANE_ANGLE_UNIT ( ) SI_UNIT ( $, .RADIAN. ) );
#5608 = SURFACE_STYLE_USAGE ( .BOTH. , #4779 ) ;
#5609 = FACE_OUTER_BOUND ( 'NONE', #4012, .T. ) ;
#5610 = CARTESIAN_POINT ( 'NONE',  ( -0.9159880624910601288, 0.5700000000000000622, -0.7559880624910617630 ) ) ;
#5611 = CARTESIAN_POINT ( 'NONE',  ( 0.5000000000000004441, 0.5700000000000000622, -0.7740119375089341558 ) ) ;
#5612 = EDGE_CURVE ( 'NONE', #6200, #4257, #8947, .T. ) ;
#5613 = SURFACE_STYLE_USAGE ( .BOTH. , #1865 ) ;
#5614 = AXIS2_PLACEMENT_3D ( 'NONE', #11737, #8977, #347 ) ;
#5615 = FILL_AREA_STYLE_COLOUR ( '', #5055 ) ;
#5616 = LINE ( 'NONE', #11508, #6788 ) ;
#5617 = ORIENTED_EDGE ( 'NONE', *, *, #2775, .T. ) ;
#5618 = DIRECTION ( 'NONE',  ( 0.000000000000000000, 0.000000000000000000, -1.000000000000000000 ) ) ;
#5619 = ORIENTED_EDGE ( 'NONE', *, *, #4619, .T. ) ;
#5620 = CARTESIAN_POINT ( 'NONE',  ( 1.000000000000000222, 0.4500000000000000111, 0.2124999999999991340 ) ) ;
#5621 = SURFACE_STYLE_FILL_AREA ( #9446 ) ;
#5622 = ORIENTED_EDGE ( 'NONE', *, *, #12431, .F. ) ;
#5623 = ORIENTED_EDGE ( 'NONE', *, *, #4281, .F. ) ;
#5624 = CARTESIAN_POINT ( 'NONE',  ( -0.3190119375089374709, 0.5500000000000000444, 0.7740119375089351550 ) ) ;
#5625 = DIRECTION ( 'NONE',  ( 0.000000000000000000, -1.000000000000000000, 0.000000000000000000 ) ) ;
#5626 = PRESENTATION_LAYER_ASSIGNMENT (  '', '', ( #9286 ) ) ;
#5627 = ORIENTED_EDGE ( 'NONE', *, *, #3950, .T. ) ;
#5628 = ORIENTED_EDGE ( 'NONE', *, *, #12062, .F. ) ;
#5629 = FILL_AREA_STYLE_COLOUR ( '', #7825 ) ;
#5630 = ADVANCED_FACE ( 'NONE', ( #7270 ), #10456, .F. ) ;
#5631 = SURFACE_STYLE_USAGE ( .BOTH. , #9625 ) ;
#5632 = ORIENTED_EDGE ( 'NONE', *, *, #7129, .T. ) ;
#5633 = DIRECTION ( 'NONE',  ( 3.627342498574696997E-15, 0.000000000000000000, -1.000000000000000000 ) ) ;
#5634 =( NAMED_UNIT ( * ) PLANE_ANGLE_UNIT ( ) SI_UNIT ( $, .RADIAN. ) );
#5635 = LINE ( 'NONE', #11647, #5088 ) ;
#5636 =( GEOMETRIC_REPRESENTATION_CONTEXT ( 3 ) GLOBAL_UNCERTAINTY_ASSIGNED_CONTEXT ( ( #460 ) ) GLOBAL_UNIT_ASSIGNED_CONTEXT ( ( #4337, #7071, #6301 ) ) REPRESENTATION_CONTEXT ( 'NONE', 'WORKASPACE' ) );
#5637 = DIRECTION ( 'NONE',  ( -7.063772234066506568E-15, 0.000000000000000000, 1.000000000000000000 ) ) ;
#5638 = AXIS2_PLACEMENT_3D ( 'NONE', #1208, #8960, #6859 ) ;
#5639 = DIRECTION ( 'NONE',  ( 0.000000000000000000, 0.000000000000000000, -1.000000000000000000 ) ) ;
#5640 = PRESENTATION_STYLE_ASSIGNMENT (( #11653 ) ) ;
#5641 = ORIENTED_EDGE ( 'NONE', *, *, #10280, .F. ) ;
#5642 = AXIS2_PLACEMENT_3D ( 'NONE', #5344, #9237, #4419 ) ;
#5643 = DIRECTION ( 'NONE',  ( 0.000000000000000000, 0.000000000000000000, -1.000000000000000000 ) ) ;
#5644 = COLOUR_RGB ( '',0.6666666666666666297, 0.6980392156862744724, 0.7686274509803920907 ) ;
#5645 = VECTOR ( 'NONE', #9830, 1000.000000000000000 ) ;
#5646 = STYLED_ITEM ( 'NONE', ( #512 ), #4091 ) ;
#5647 = EDGE_CURVE ( 'NONE', #6925, #5114, #1827, .T. ) ;
#5648 = DIRECTION ( 'NONE',  ( 1.000000000000000000, 0.000000000000000000, 0.000000000000000000 ) ) ;
#5649 = SURFACE_SIDE_STYLE ('',( #8656 ) ) ;
#5650 = FILL_AREA_STYLE_COLOUR ( '', #1163 ) ;
#5651 = FACE_OUTER_BOUND ( 'NONE', #1419, .T. ) ;
#5652 = PRESENTATION_STYLE_ASSIGNMENT (( #5525 ) ) ;
#5653 = STYLED_ITEM ( 'NONE', ( #1367 ), #6312 ) ;
#5654 = LINE ( 'NONE', #3908, #4273 ) ;
#5655 = AXIS2_PLACEMENT_3D ( 'NONE', #3613, #6239, #7455 ) ;
#5656 = FACE_OUTER_BOUND ( 'NONE', #9665, .T. ) ;
#5657 = STYLED_ITEM ( 'NONE', ( #8506 ), #1816 ) ;
#5658 = SURFACE_STYLE_USAGE ( .BOTH. , #11367 ) ;
#5659 = EDGE_CURVE ( 'NONE', #4722, #1626, #2641, .T. ) ;
#5660 =( GEOMETRIC_REPRESENTATION_CONTEXT ( 3 ) GLOBAL_UNCERTAINTY_ASSIGNED_CONTEXT ( ( #2325 ) ) GLOBAL_UNIT_ASSIGNED_CONTEXT ( ( #6573, #2803, #1927 ) ) REPRESENTATION_CONTEXT ( 'NONE', 'WORKASPACE' ) );
#5661 = DIRECTION ( 'NONE',  ( 0.000000000000000000, -1.000000000000000000, 0.000000000000000000 ) ) ;
#5662 = CARTESIAN_POINT ( 'NONE',  ( -0.9159880624910623492, 0.5500000000000000444, 0.1149999999999991862 ) ) ;
#5663 = EDGE_LOOP ( 'NONE', ( #7241, #10263, #1383, #2460, #9989, #5502, #12161, #7308 ) ) ;
#5664 = ORIENTED_EDGE ( 'NONE', *, *, #9510, .F. ) ;
#5665 = CARTESIAN_POINT ( 'NONE',  ( 0.09999999999999681366, 0.5600000000000000533, -0.9159880624910630154 ) ) ;
#5666 = DIRECTION ( 'NONE',  ( 1.000000000000000000, 0.000000000000000000, 0.000000000000000000 ) ) ;
#5667 = FILL_AREA_STYLE_COLOUR ( '', #7 ) ;
#5668 = PRESENTATION_LAYER_ASSIGNMENT (  '', '', ( #2275 ) ) ;
#5669 = ADVANCED_FACE ( 'NONE', ( #5332 ), #11702, .F. ) ;
#5670 =( NAMED_UNIT ( * ) SI_UNIT ( $, .STERADIAN. ) SOLID_ANGLE_UNIT ( ) );
#5671 =( NAMED_UNIT ( * ) SI_UNIT ( $, .STERADIAN. ) SOLID_ANGLE_UNIT ( ) );
#5672 = ORIENTED_EDGE ( 'NONE', *, *, #6853, .F. ) ;
#5673 = SURFACE_SIDE_STYLE ('',( #9552 ) ) ;
#5674 = PRESENTATION_STYLE_ASSIGNMENT (( #10497 ) ) ;
#5675 = STYLED_ITEM ( 'NONE', ( #12330 ), #7517 ) ;
#5676 =( NAMED_UNIT ( * ) PLANE_ANGLE_UNIT ( ) SI_UNIT ( $, .RADIAN. ) );
#5677 = CARTESIAN_POINT ( 'NONE',  ( 0.3000000000000004885, 0.5700000000000000622, 0.9159880624910602398 ) ) ;
#5678 = FACE_OUTER_BOUND ( 'NONE', #4522, .T. ) ;
#5679 = VERTEX_POINT ( 'NONE', #2785 ) ;
#5680 =( LENGTH_UNIT ( ) NAMED_UNIT ( * ) SI_UNIT ( .MILLI., .METRE. ) );
#5681 = EDGE_LOOP ( 'NONE', ( #833, #10513, #1718, #41 ) ) ;
#5682 = DIRECTION ( 'NONE',  ( 3.346796241128596237E-15, -0.000000000000000000, -1.000000000000000000 ) ) ;
#5683 = FILL_AREA_STYLE ('',( #10510 ) ) ;
#5684 = EDGE_CURVE ( 'NONE', #7119, #3592, #2037, .T. ) ;
#5685 = ORIENTED_EDGE ( 'NONE', *, *, #9596, .F. ) ;
#5686 = CARTESIAN_POINT ( 'NONE',  ( 0.8000000000000002665, 0.02000000000000000042, -0.7999999999999999334 ) ) ;
#5687 = DIRECTION ( 'NONE',  ( 3.346796241128596237E-15, 0.000000000000000000, -1.000000000000000000 ) ) ;
#5688 = ORIENTED_EDGE ( 'NONE', *, *, #4564, .T. ) ;
#5689 = LINE ( 'NONE', #8694, #2167 ) ;
#5690 = FILL_AREA_STYLE ('',( #1129 ) ) ;
#5691 = CARTESIAN_POINT ( 'NONE',  ( -0.01250000000000014121, 0.4750000000000000333, 1.000000000000000000 ) ) ;
#5692 = DIRECTION ( 'NONE',  ( -0.000000000000000000, 1.000000000000000000, -0.000000000000000000 ) ) ;
#5693 = ORIENTED_EDGE ( 'NONE', *, *, #12200, .F. ) ;
#5694 = FILL_AREA_STYLE_COLOUR ( '', #5703 ) ;
#5695 = SURFACE_STYLE_USAGE ( .BOTH. , #7365 ) ;
#5696 = EDGE_CURVE ( 'NONE', #11094, #4020, #11893, .T. ) ;
#5697 = EDGE_LOOP ( 'NONE', ( #6974, #3568, #7151, #8621 ) ) ;
#5698 = ADVANCED_FACE ( 'NONE', ( #854 ), #3234, .F. ) ;
#5699 = STYLED_ITEM ( 'NONE', ( #4166 ), #8097 ) ;
#5700 =( NAMED_UNIT ( * ) SI_UNIT ( $, .STERADIAN. ) SOLID_ANGLE_UNIT ( ) );
#5701 = SURFACE_SIDE_STYLE ('',( #1895 ) ) ;
#5702 = DIRECTION ( 'NONE',  ( -0.000000000000000000, -1.000000000000000000, -0.000000000000000000 ) ) ;
#5703 = COLOUR_RGB ( '',0.2509803921568627416, 0.2509803921568627416, 0.2509803921568627416 ) ;
#5704 = EDGE_LOOP ( 'NONE', ( #3891, #1823, #8059, #7934 ) ) ;
#5705 = DIRECTION ( 'NONE',  ( 0.000000000000000000, 0.000000000000000000, 1.000000000000000000 ) ) ;
#5706 = ORIENTED_EDGE ( 'NONE', *, *, #8975, .F. ) ;
#5707 = CYLINDRICAL_SURFACE ( 'NONE', #4041, 0.01901193750893730161 ) ;
#5708 = CIRCLE ( 'NONE', #321, 0.02901193750893746315 ) ;
#5709 = COLOUR_RGB ( '',0.6666666666666666297, 0.6980392156862744724, 0.7686274509803920907 ) ;
#5711 = DIRECTION ( 'NONE',  ( 0.000000000000000000, 0.000000000000000000, 1.000000000000000000 ) ) ;
#5710 = FILL_AREA_STYLE_COLOUR ( '', #10146 ) ;
#5712 = DIRECTION ( 'NONE',  ( 0.000000000000000000, 0.000000000000000000, -1.000000000000000000 ) ) ;
#5713 = SURFACE_STYLE_USAGE ( .BOTH. , #1905 ) ;
#5714 = EDGE_CURVE ( 'NONE', #7360, #5242, #6501, .T. ) ;
#5715 = ADVANCED_FACE ( 'NONE', ( #8274 ), #12131, .F. ) ;
#5716 = FILL_AREA_STYLE_COLOUR ( '', #2520 ) ;
#5717 = DIRECTION ( 'NONE',  ( 0.000000000000000000, -1.000000000000000000, 0.000000000000000000 ) ) ;
#5718 = MECHANICAL_DESIGN_GEOMETRIC_PRESENTATION_REPRESENTATION (  '', ( #736 ), #1528 ) ;
#5719 = FILL_AREA_STYLE_COLOUR ( '', #755 ) ;
#5720 = CARTESIAN_POINT ( 'NONE',  ( -0.4809880624910625735, 0.5500000000000000444, 0.7740119375089341558 ) ) ;
#5721 = FILL_AREA_STYLE ('',( #7454 ) ) ;
#5722 = FILL_AREA_STYLE ('',( #11555 ) ) ;
#5723 = ORIENTED_EDGE ( 'NONE', *, *, #6744, .T. ) ;
#5724 = ORIENTED_EDGE ( 'NONE', *, *, #7816, .T. ) ;
#5725 = TOROIDAL_SURFACE ( 'NONE', #10998, 0.02901193750893732784, 0.01000000000000000021 ) ;
#5726 = FILL_AREA_STYLE ('',( #1976 ) ) ;
#5727 = UNCERTAINTY_MEASURE_WITH_UNIT (LENGTH_MEASURE( 1.000000000000000082E-05 ), #3259, 'distance_accuracy_value', 'NONE');
#5728 = CARTESIAN_POINT ( 'NONE',  ( -0.9999999999999997780, 0.4500000000000001776, 0.6625000000000007550 ) ) ;
#5729 = ADVANCED_FACE ( 'NONE', ( #8406 ), #12259, .F. ) ;
#5730 = UNCERTAINTY_MEASURE_WITH_UNIT (LENGTH_MEASURE( 1.000000000000000082E-05 ), #1825, 'distance_accuracy_value', 'NONE');
#5731 = CARTESIAN_POINT ( 'NONE',  ( -0.9159880624910603508, 0.5600000000000000533, 0.5649999999999991696 ) ) ;
#5732 = ORIENTED_EDGE ( 'NONE', *, *, #7502, .T. ) ;
#5733 = CARTESIAN_POINT ( 'NONE',  ( 0.4809880624910628510, 0.5500000000000000444, 0.7449999999999966649 ) ) ;
#5734 = MECHANICAL_DESIGN_GEOMETRIC_PRESENTATION_REPRESENTATION (  '', ( #2928 ), #5115 ) ;
#5735 = CYLINDRICAL_SURFACE ( 'NONE', #8211, 0.01000000000000002623 ) ;
#5736 = DIRECTION ( 'NONE',  ( -1.000000000000000000, 0.000000000000000000, 7.636510523315142022E-15 ) ) ;
#5737 = SURFACE_STYLE_USAGE ( .BOTH. , #6702 ) ;
#5738 = DIRECTION ( 'NONE',  ( -4.016155489354316747E-15, 0.000000000000000000, 1.000000000000000000 ) ) ;
#5739 = VERTEX_POINT ( 'NONE', #161 ) ;
#5740 = LINE ( 'NONE', #7660, #30 ) ;
#5741 = DIRECTION ( 'NONE',  ( -0.000000000000000000, 1.000000000000000000, -0.000000000000000000 ) ) ;
#5742 = ORIENTED_EDGE ( 'NONE', *, *, #9918, .T. ) ;
#5743 = VECTOR ( 'NONE', #7375, 1000.000000000000000 ) ;
#5744 = ORIENTED_EDGE ( 'NONE', *, *, #5859, .F. ) ;
#5745 = CARTESIAN_POINT ( 'NONE',  ( 0.3190119375089377485, 0.5600000000000000533, 0.7549999999999977840 ) ) ;
#5746 = VERTEX_POINT ( 'NONE', #224 ) ;
#5747 =( GEOMETRIC_REPRESENTATION_CONTEXT ( 3 ) GLOBAL_UNCERTAINTY_ASSIGNED_CONTEXT ( ( #5730 ) ) GLOBAL_UNIT_ASSIGNED_CONTEXT ( ( #1825, #954, #11474 ) ) REPRESENTATION_CONTEXT ( 'NONE', 'WORKASPACE' ) );
#5748 = CARTESIAN_POINT ( 'NONE',  ( -0.7449999999999989964, 0.5500000000000000444, -0.3059880624910605307 ) ) ;
#5749 = ADVANCED_FACE ( 'NONE', ( #8598 ), #3972, .F. ) ;
#5750 = ORIENTED_EDGE ( 'NONE', *, *, #8407, .T. ) ;
#5751 = AXIS2_PLACEMENT_3D ( 'NONE', #8723, #11364, #11480 ) ;
#5752 = CARTESIAN_POINT ( 'NONE',  ( 0.5000000000000000000, 0.5600000000000000533, -0.3563859338365494844 ) ) ;
#5753 = PRESENTATION_STYLE_ASSIGNMENT (( #3707 ) ) ;
#5754 =( LENGTH_UNIT ( ) NAMED_UNIT ( * ) SI_UNIT ( .MILLI., .METRE. ) );
#5755 = ORIENTED_EDGE ( 'NONE', *, *, #9493, .F. ) ;
#5756 = STYLED_ITEM ( 'NONE', ( #1704 ), #2190 ) ;
#5757 = VECTOR ( 'NONE', #5702, 1000.000000000000000 ) ;
#5758 = VERTEX_POINT ( 'NONE', #6689 ) ;
#5759 = FACE_OUTER_BOUND ( 'NONE', #7242, .T. ) ;
#5760 = FACE_OUTER_BOUND ( 'NONE', #10896, .T. ) ;
#5761 = CIRCLE ( 'NONE', #378, 0.01000000000000002623 ) ;
#5762 =( NAMED_UNIT ( * ) SI_UNIT ( $, .STERADIAN. ) SOLID_ANGLE_UNIT ( ) );
#5763 = ORIENTED_EDGE ( 'NONE', *, *, #9995, .F. ) ;
#5764 = VECTOR ( 'NONE', #178, 1000.000000000000000 ) ;
#5765 =( NAMED_UNIT ( * ) SI_UNIT ( $, .STERADIAN. ) SOLID_ANGLE_UNIT ( ) );
#5766 = LINE ( 'NONE', #9646, #668 ) ;
#5767 = MECHANICAL_DESIGN_GEOMETRIC_PRESENTATION_REPRESENTATION (  '', ( #4752 ), #9430 ) ;
#5768 = EDGE_CURVE ( 'NONE', #11882, #1858, #4771, .T. ) ;
#5770 = SURFACE_STYLE_FILL_AREA ( #4689 ) ;
#5769 =( GEOMETRIC_REPRESENTATION_CONTEXT ( 3 ) GLOBAL_UNCERTAINTY_ASSIGNED_CONTEXT ( ( #6889 ) ) GLOBAL_UNIT_ASSIGNED_CONTEXT ( ( #10457, #762, #8571 ) ) REPRESENTATION_CONTEXT ( 'NONE', 'WORKASPACE' ) );
#5771 = CARTESIAN_POINT ( 'NONE',  ( -0.1000000000000013795, 0.5700000000000000622, -0.7740119375089368203 ) ) ;
#5772 = EDGE_CURVE ( 'NONE', #9131, #10708, #9779, .T. ) ;
#5773 = FILL_AREA_STYLE ('',( #5650 ) ) ;
#5775 = FACE_OUTER_BOUND ( 'NONE', #2575, .T. ) ;
#5774 = DIRECTION ( 'NONE',  ( 0.000000000000000000, -1.000000000000000000, 0.000000000000000000 ) ) ;
#5776 = MECHANICAL_DESIGN_GEOMETRIC_PRESENTATION_REPRESENTATION (  '', ( #9823 ), #3781 ) ;
#5777 = DIRECTION ( 'NONE',  ( 0.000000000000000000, 1.000000000000000000, 0.000000000000000000 ) ) ;
#5778 = CARTESIAN_POINT ( 'NONE',  ( -0.9159880624910602398, 0.5700000000000000622, 0.5940119375089365494 ) ) ;
#5779 = VECTOR ( 'NONE', #12331, 1000.000000000000000 ) ;
#5780 = CIRCLE ( 'NONE', #10434, 0.01000000000000002623 ) ;
#5781 = MECHANICAL_DESIGN_GEOMETRIC_PRESENTATION_REPRESENTATION (  '', ( #6605 ), #8223 ) ;
#5782 = LINE ( 'NONE', #2780, #10987 ) ;
#5783 = CIRCLE ( 'NONE', #11051, 0.01000000000000002623 ) ;
#5784 = CIRCLE ( 'NONE', #4578, 0.03000000000000002318 ) ;
#5785 = PLANE ( 'NONE',  #6657 ) ;
#5786 = EDGE_CURVE ( 'NONE', #7353, #2221, #6234, .T. ) ;
#5787 = EDGE_LOOP ( 'NONE', ( #11582, #5147, #1007, #5005 ) ) ;
#5788 = PRODUCT_RELATED_PRODUCT_CATEGORY ( 'part', '', ( #4221 ) ) ;
#5789 = MECHANICAL_DESIGN_GEOMETRIC_PRESENTATION_REPRESENTATION (  '', ( #11059 ), #1788 ) ;
#5790 = ADVANCED_FACE ( 'NONE', ( #10603 ), #5785, .F. ) ;
#5791 = ORIENTED_EDGE ( 'NONE', *, *, #8178, .T. ) ;
#5792 = ORIENTED_EDGE ( 'NONE', *, *, #4604, .F. ) ;
#5793 = VECTOR ( 'NONE', #8272, 1000.000000000000000 ) ;
#5794 = SURFACE_STYLE_USAGE ( .BOTH. , #1041 ) ;
#5795 = FILL_AREA_STYLE ('',( #11618 ) ) ;
#5796 = APPLICATION_PROTOCOL_DEFINITION ( 'draft international standard', 'automotive_design', 1998, #2992 ) ;
#5797 =( NAMED_UNIT ( * ) SI_UNIT ( $, .STERADIAN. ) SOLID_ANGLE_UNIT ( ) );
#5798 = CARTESIAN_POINT ( 'NONE',  ( 0.5000000000000004441, 0.5700000000000000622, -0.9159880624910591296 ) ) ;
#5799 = CARTESIAN_POINT ( 'NONE',  ( 0.5100000000000004530, 0.5500000000000000444, 0.9159880624910591296 ) ) ;
#5800 = FILL_AREA_STYLE_COLOUR ( '', #6199 ) ;
#5801 = STYLED_ITEM ( 'NONE', ( #2689 ), #12107 ) ;
#5802 = DIRECTION ( 'NONE',  ( -0.000000000000000000, 1.000000000000000000, -0.000000000000000000 ) ) ;
#5803 = FACE_OUTER_BOUND ( 'NONE', #5867, .T. ) ;
#5804 = EDGE_CURVE ( 'NONE', #4389, #10568, #1333, .T. ) ;
#5805 = DIRECTION ( 'NONE',  ( 0.000000000000000000, 0.000000000000000000, -1.000000000000000000 ) ) ;
#5806 = SURFACE_STYLE_FILL_AREA ( #2986 ) ;
#5807 = FACE_BOUND ( 'NONE', #1123, .T. ) ;
#5808 = ORIENTED_EDGE ( 'NONE', *, *, #7399, .F. ) ;
#5809 = DIRECTION ( 'NONE',  ( 0.000000000000000000, 0.000000000000000000, 1.000000000000000000 ) ) ;
#5810 = DIRECTION ( 'NONE',  ( 0.000000000000000000, 0.000000000000000000, -1.000000000000000000 ) ) ;
#5811 = ORIENTED_EDGE ( 'NONE', *, *, #8113, .F. ) ;
#5812 = DIRECTION ( 'NONE',  ( 0.000000000000000000, 0.000000000000000000, -1.000000000000000000 ) ) ;
#5813 = CARTESIAN_POINT ( 'NONE',  ( -0.5000000000000000000, 0.5700000000000000622, 0.9159880624910591296 ) ) ;
#5814 = DIRECTION ( 'NONE',  ( 0.000000000000000000, 0.000000000000000000, -1.000000000000000000 ) ) ;
#5815 = CARTESIAN_POINT ( 'NONE',  ( 0.7740119375089355991, 0.5700000000000000622, -0.5749999999999981792 ) ) ;
#5816 = LINE ( 'NONE', #6774, #9787 ) ;
#5817 = PLANE ( 'NONE',  #3479 ) ;
#5818 = DIRECTION ( 'NONE',  ( 0.000000000000000000, 0.000000000000000000, -1.000000000000000000 ) ) ;
#5819 = CARTESIAN_POINT ( 'NONE',  ( 0.5100000000000001199, 0.5500000000000000444, 0.4799999999999997602 ) ) ;
#5820 = CARTESIAN_POINT ( 'NONE',  ( 0.5100000000000001199, 0.5500000000000000444, 0.4799999999999997602 ) ) ;
#5822 = VERTEX_POINT ( 'NONE', #5131 ) ;
#5821 = COLOUR_RGB ( '',0.6666666666666666297, 0.6980392156862744724, 0.7686274509803920907 ) ;
#5823 = DIRECTION ( 'NONE',  ( -7.636510523315148333E-15, 0.000000000000000000, 1.000000000000000000 ) ) ;
#5824 = ADVANCED_FACE ( 'NONE', ( #4282 ), #4638, .F. ) ;
#5825 = LINE ( 'NONE', #4747, #9808 ) ;
#5826 = ORIENTED_EDGE ( 'NONE', *, *, #2027, .T. ) ;
#5827 = FILL_AREA_STYLE ('',( #7745 ) ) ;
#5828 = COLOUR_RGB ( '',0.6666666666666666297, 0.6980392156862744724, 0.7686274509803920907 ) ;
#5829 = ORIENTED_EDGE ( 'NONE', *, *, #8131, .T. ) ;
#5830 = VECTOR ( 'NONE', #9594, 1000.000000000000000 ) ;
#5831 = COLOUR_RGB ( '',0.6666666666666666297, 0.6980392156862744724, 0.7686274509803920907 ) ;
#5832 = CYLINDRICAL_SURFACE ( 'NONE', #4805, 0.01000000000000002623 ) ;
#5833 = DIRECTION ( 'NONE',  ( 0.000000000000000000, 0.000000000000000000, -1.000000000000000000 ) ) ;
#5835 =( LENGTH_UNIT ( ) NAMED_UNIT ( * ) SI_UNIT ( .MILLI., .METRE. ) );
#5834 = FILL_AREA_STYLE ('',( #5009 ) ) ;
#5836 = CARTESIAN_POINT ( 'NONE',  ( -0.7740119375089369314, 0.5700000000000000622, 0.1249999999999981820 ) ) ;
#5837 = DIRECTION ( 'NONE',  ( 0.000000000000000000, 0.000000000000000000, 1.000000000000000000 ) ) ;
#5838 = UNCERTAINTY_MEASURE_WITH_UNIT (LENGTH_MEASURE( 1.000000000000000082E-05 ), #2030, 'distance_accuracy_value', 'NONE');
#5839 = STYLED_ITEM ( 'NONE', ( #8849 ), #1543 ) ;
#5840 = COLOUR_RGB ( '',0.6666666666666666297, 0.6980392156862744724, 0.7686274509803920907 ) ;
#5841 = LINE ( 'NONE', #4890, #9164 ) ;
#5842 = VECTOR ( 'NONE', #11362, 1000.000000000000000 ) ;
#5843 = EDGE_CURVE ( 'NONE', #5260, #6315, #3246, .T. ) ;
#5844 = SURFACE_STYLE_FILL_AREA ( #221 ) ;
#5845 = FILL_AREA_STYLE ('',( #5719 ) ) ;
#5846 = AXIS2_PLACEMENT_3D ( 'NONE', #11045, #10850, #3407 ) ;
#5848 = PRESENTATION_STYLE_ASSIGNMENT (( #10857 ) ) ;
#5847 = DIRECTION ( 'NONE',  ( -0.000000000000000000, -1.000000000000000000, -0.000000000000000000 ) ) ;
#5849 = PRESENTATION_STYLE_ASSIGNMENT (( #9592 ) ) ;
#5850 = CARTESIAN_POINT ( 'NONE',  ( 0.7740119375089374865, 0.5700000000000000622, -0.1249999999999981265 ) ) ;
#5851 = AXIS2_PLACEMENT_3D ( 'NONE', #9386, #8454, #3580 ) ;
#5852 =( LENGTH_UNIT ( ) NAMED_UNIT ( * ) SI_UNIT ( .MILLI., .METRE. ) );
#5853 = LINE ( 'NONE', #2146, #2700 ) ;
#5854 = FILL_AREA_STYLE_COLOUR ( '', #10027 ) ;
#5855 = DIRECTION ( 'NONE',  ( 0.000000000000000000, 0.000000000000000000, 1.000000000000000000 ) ) ;
#5856 = UNCERTAINTY_MEASURE_WITH_UNIT (LENGTH_MEASURE( 1.000000000000000082E-05 ), #12234, 'distance_accuracy_value', 'NONE');
#5857 = AXIS2_PLACEMENT_3D ( 'NONE', #2182, #3262, #320 ) ;
#5858 = UNCERTAINTY_MEASURE_WITH_UNIT (LENGTH_MEASURE( 1.000000000000000082E-05 ), #2153, 'distance_accuracy_value', 'NONE');
#5859 = EDGE_CURVE ( 'NONE', #1913, #8957, #11500, .T. ) ;
#5860 = PRESENTATION_STYLE_ASSIGNMENT (( #2099 ) ) ;
#5861 = EDGE_CURVE ( 'NONE', #6663, #10906, #658, .T. ) ;
#5862 =( GEOMETRIC_REPRESENTATION_CONTEXT ( 3 ) GLOBAL_UNCERTAINTY_ASSIGNED_CONTEXT ( ( #11915 ) ) GLOBAL_UNIT_ASSIGNED_CONTEXT ( ( #10311, #4308, #10246 ) ) REPRESENTATION_CONTEXT ( 'NONE', 'WORKASPACE' ) );
#5863 = LINE ( 'NONE', #9860, #6598 ) ;
#5864 = CIRCLE ( 'NONE', #8729, 0.01999999999999999695 ) ;
#5865 = CIRCLE ( 'NONE', #4851, 0.01000000000000002623 ) ;
#5866 = DIRECTION ( 'NONE',  ( -1.084202172485501594E-14, 0.000000000000000000, -1.000000000000000000 ) ) ;
#5867 = EDGE_LOOP ( 'NONE', ( #10909, #9756, #5148, #9054 ) ) ;
#5868 = CARTESIAN_POINT ( 'NONE',  ( 0.2900000000000004241, 0.5500000000000000444, -0.9159880624910602398 ) ) ;
#5869 =( NAMED_UNIT ( * ) SI_UNIT ( $, .STERADIAN. ) SOLID_ANGLE_UNIT ( ) );
#5870 = STYLED_ITEM ( 'NONE', ( #1964 ), #1426 ) ;
#5871 = COLOUR_RGB ( '',0.6666666666666666297, 0.6980392156862744724, 0.7686274509803920907 ) ;
#5872 = LINE ( 'NONE', #9739, #6194 ) ;
#5873 = ORIENTED_EDGE ( 'NONE', *, *, #8355, .T. ) ;
#5874 = SURFACE_SIDE_STYLE ('',( #4910 ) ) ;
#5875 = UNCERTAINTY_MEASURE_WITH_UNIT (LENGTH_MEASURE( 1.000000000000000082E-05 ), #12207, 'distance_accuracy_value', 'NONE');
#5876 = FILL_AREA_STYLE ('',( #4182 ) ) ;
#5877 = EDGE_CURVE ( 'NONE', #485, #5920, #7677, .T. ) ;
#5878 = ORIENTED_EDGE ( 'NONE', *, *, #8341, .T. ) ;
#5879 = ADVANCED_FACE ( 'NONE', ( #8003 ), #5078, .T. ) ;
#5880 = COLOUR_RGB ( '',0.6666666666666666297, 0.6980392156862744724, 0.7686274509803920907 ) ;
#5881 = SURFACE_STYLE_FILL_AREA ( #7844 ) ;
#5882 = VERTEX_POINT ( 'NONE', #5265 ) ;
#5883 = CARTESIAN_POINT ( 'NONE',  ( -0.3190119375089376375, 0.5600000000000000533, 0.9449999999999977307 ) ) ;
#5884 = PRESENTATION_STYLE_ASSIGNMENT (( #2069 ) ) ;
#5885 = DIRECTION ( 'NONE',  ( 1.000000000000000000, -0.000000000000000000, 4.016155489354316747E-15 ) ) ;
#5886 = DIRECTION ( 'NONE',  ( -1.000000000000000000, 0.000000000000000000, 0.000000000000000000 ) ) ;
#5887 =( GEOMETRIC_REPRESENTATION_CONTEXT ( 3 ) GLOBAL_UNCERTAINTY_ASSIGNED_CONTEXT ( ( #7153 ) ) GLOBAL_UNIT_ASSIGNED_CONTEXT ( ( #7276, #3360, #1607 ) ) REPRESENTATION_CONTEXT ( 'NONE', 'WORKASPACE' ) );
#5888 = VERTEX_POINT ( 'NONE', #8188 ) ;
#5889 = CARTESIAN_POINT ( 'NONE',  ( -0.4809880624910624625, 0.5700000000000000622, -0.7549999999999966738 ) ) ;
#5890 = CARTESIAN_POINT ( 'NONE',  ( -0.9449999999999976197, 0.5600000000000000533, 0.5940119375089367715 ) ) ;
#5891 = ORIENTED_EDGE ( 'NONE', *, *, #2825, .F. ) ;
#5892 = FILL_AREA_STYLE_COLOUR ( '', #11234 ) ;
#5893 = EDGE_CURVE ( 'NONE', #6129, #4389, #2230, .T. ) ;
#5894 = CARTESIAN_POINT ( 'NONE',  ( 0.4809880624910630176, 0.5700000000000000622, 0.7740119375089341558 ) ) ;
#5895 = SURFACE_STYLE_FILL_AREA ( #6015 ) ;
#5896 = EDGE_LOOP ( 'NONE', ( #6943, #9507, #2378, #7943 ) ) ;
#5897 = PRESENTATION_STYLE_ASSIGNMENT (( #269 ) ) ;
#5898 = CARTESIAN_POINT ( 'NONE',  ( -0.4800000000000000377, 0.5600000000000000533, 0.4799999999999998157 ) ) ;
#5899 =( NAMED_UNIT ( * ) SI_UNIT ( $, .STERADIAN. ) SOLID_ANGLE_UNIT ( ) );
#5900 = ORIENTED_EDGE ( 'NONE', *, *, #10449, .T. ) ;
#5901 = CARTESIAN_POINT ( 'NONE',  ( 0.3190119375089379150, 0.5700000000000000622, 0.9159880624910602398 ) ) ;
#5902 = CARTESIAN_POINT ( 'NONE',  ( 0.7549999999999981171, 0.5700000000000000622, 0.7559880624910606528 ) ) ;
#5903 = DIRECTION ( 'NONE',  ( 1.084202172485501752E-14, 0.000000000000000000, -1.000000000000000000 ) ) ;
#5904 = AXIS2_PLACEMENT_3D ( 'NONE', #5466, #8658, #9585 ) ;
#5905 = LINE ( 'NONE', #285, #6614 ) ;
#5906 = DIRECTION ( 'NONE',  ( -1.000000000000000000, 0.000000000000000000, 0.000000000000000000 ) ) ;
#5907 = PRESENTATION_LAYER_ASSIGNMENT (  '', '', ( #3516 ) ) ;
#5908 =( GEOMETRIC_REPRESENTATION_CONTEXT ( 3 ) GLOBAL_UNCERTAINTY_ASSIGNED_CONTEXT ( ( #10949 ) ) GLOBAL_UNIT_ASSIGNED_CONTEXT ( ( #3350, #299, #7143 ) ) REPRESENTATION_CONTEXT ( 'NONE', 'WORKASPACE' ) );
#5909 = DIRECTION ( 'NONE',  ( 1.000000000000000000, 0.000000000000000000, 5.421010862427507971E-15 ) ) ;
#5910 = VERTEX_POINT ( 'NONE', #7261 ) ;
#5911 = FILL_AREA_STYLE_COLOUR ( '', #2886 ) ;
#5912 = LINE ( 'NONE', #2967, #8436 ) ;
#5913 = CARTESIAN_POINT ( 'NONE',  ( -0.3000000000000000444, 0.5600000000000000533, 0.7740119375089351550 ) ) ;
#5914 = FILL_AREA_STYLE_COLOUR ( '', #6327 ) ;
#5915 = CYLINDRICAL_SURFACE ( 'NONE', #9458, 0.01901193750893743692 ) ;
#5916 =( NAMED_UNIT ( * ) PLANE_ANGLE_UNIT ( ) SI_UNIT ( $, .RADIAN. ) );
#5917 = SURFACE_STYLE_FILL_AREA ( #9734 ) ;
#5918 = VECTOR ( 'NONE', #12108, 1000.000000000000000 ) ;
#5919 =( NAMED_UNIT ( * ) SI_UNIT ( $, .STERADIAN. ) SOLID_ANGLE_UNIT ( ) );
#5920 = VERTEX_POINT ( 'NONE', #3663 ) ;
#5921 = ADVANCED_FACE ( 'NONE', ( #5589 ), #6543, .F. ) ;
#5922 = CARTESIAN_POINT ( 'NONE',  ( -0.3000000000000000444, 0.5700000000000000622, -0.7740119375089351550 ) ) ;
#5923 = EDGE_CURVE ( 'NONE', #1049, #2728, #4039, .T. ) ;
#5924 = PRESENTATION_STYLE_ASSIGNMENT (( #7025 ) ) ;
#5925 = CARTESIAN_POINT ( 'NONE',  ( -0.9999999999999997780, 0.4500000000000001221, 1.000000000000000000 ) ) ;
#5926 = EDGE_LOOP ( 'NONE', ( #36, #9081, #1328, #8655 ) ) ;
#5927 =( LENGTH_UNIT ( ) NAMED_UNIT ( * ) SI_UNIT ( .MILLI., .METRE. ) );
#5928 = DIRECTION ( 'NONE',  ( -1.000000000000000000, 0.000000000000000000, -2.677436992902878094E-15 ) ) ;
#5929 = DIRECTION ( 'NONE',  ( 0.000000000000000000, 0.000000000000000000, -1.000000000000000000 ) ) ;
#5930 = PRESENTATION_STYLE_ASSIGNMENT (( #1482 ) ) ;
#5931 = EDGE_CURVE ( 'NONE', #1310, #11343, #10093, .T. ) ;
#5932 = SURFACE_STYLE_FILL_AREA ( #8880 ) ;
#5933 = STYLED_ITEM ( 'NONE', ( #6063 ), #8797 ) ;
#5934 = CARTESIAN_POINT ( 'NONE',  ( 0.3190119375089379150, 0.5500000000000000444, 0.9159880624910602398 ) ) ;
#5935 = FILL_AREA_STYLE_COLOUR ( '', #312 ) ;
#5936 = ADVANCED_FACE ( 'NONE', ( #11177 ), #10405, .T. ) ;
#5937 = DIRECTION ( 'NONE',  ( 0.000000000000000000, 0.000000000000000000, -1.000000000000000000 ) ) ;
#5938 = ORIENTED_EDGE ( 'NONE', *, *, #7129, .F. ) ;
#5939 = STYLED_ITEM ( 'NONE', ( #2279 ), #4579 ) ;
#5940 = FACE_OUTER_BOUND ( 'NONE', #8105, .T. ) ;
#5941 = ORIENTED_EDGE ( 'NONE', *, *, #7451, .F. ) ;
#5942 = CARTESIAN_POINT ( 'NONE',  ( -0.7449999999999976641, 0.5600000000000000533, 0.7559880624910606528 ) ) ;
#5943 = DIRECTION ( 'NONE',  ( 0.000000000000000000, 0.000000000000000000, -1.000000000000000000 ) ) ;
#5944 = MECHANICAL_DESIGN_GEOMETRIC_PRESENTATION_REPRESENTATION (  '', ( #4148 ), #9403 ) ;
#5945 = FILL_AREA_STYLE_COLOUR ( '', #10211 ) ;
#5946 = ORIENTED_EDGE ( 'NONE', *, *, #3562, .T. ) ;
#5947 = AXIS2_PLACEMENT_3D ( 'NONE', #11845, #9715, #5833 ) ;
#5948 = DIRECTION ( 'NONE',  ( 0.000000000000000000, 0.000000000000000000, -1.000000000000000000 ) ) ;
#5949 = CARTESIAN_POINT ( 'NONE',  ( 0.01249999999999992437, 0.4750000000000000888, 1.000000000000000000 ) ) ;
#5950 = ORIENTED_EDGE ( 'NONE', *, *, #8383, .T. ) ;
#5951 = DIRECTION ( 'NONE',  ( -1.000000000000000000, 0.000000000000000000, -7.636510523315146756E-15 ) ) ;
#5952 = ORIENTED_EDGE ( 'NONE', *, *, #4412, .F. ) ;
#5953 = SURFACE_SIDE_STYLE ('',( #11429 ) ) ;
#5954 = CARTESIAN_POINT ( 'NONE',  ( -0.9999999999999997780, 0.4500000000000001776, -0.6624999999999992006 ) ) ;
#5955 = EDGE_CURVE ( 'NONE', #7665, #12216, #9495, .T. ) ;
#5956 = VECTOR ( 'NONE', #4133, 1000.000000000000000 ) ;
#5958 = FILL_AREA_STYLE_COLOUR ( '', #9224 ) ;
#5957 = FACE_OUTER_BOUND ( 'NONE', #5339, .T. ) ;
#5959 =( NAMED_UNIT ( * ) PLANE_ANGLE_UNIT ( ) SI_UNIT ( $, .RADIAN. ) );
#5960 = CARTESIAN_POINT ( 'NONE',  ( 0.9349999999999997202, 0.5700000000000000622, -0.1440119375089366494 ) ) ;
#5961 = UNCERTAINTY_MEASURE_WITH_UNIT (LENGTH_MEASURE( 1.000000000000000082E-05 ), #6004, 'distance_accuracy_value', 'NONE');
#5962 = MECHANICAL_DESIGN_GEOMETRIC_PRESENTATION_REPRESENTATION (  '', ( #4559 ), #11820 ) ;
#5963 = SURFACE_SIDE_STYLE ('',( #406 ) ) ;
#5964 = FILL_AREA_STYLE_COLOUR ( '', #8232 ) ;
#5965 = AXIS2_PLACEMENT_3D ( 'NONE', #121, #8501, #11388 ) ;
#5966 = VECTOR ( 'NONE', #6938, 1000.000000000000000 ) ;
#5967 = PRESENTATION_LAYER_ASSIGNMENT (  '', '', ( #12253 ) ) ;
#5968 = MECHANICAL_DESIGN_GEOMETRIC_PRESENTATION_REPRESENTATION (  '', ( #2961 ), #5769 ) ;
#5970 =( NAMED_UNIT ( * ) SI_UNIT ( $, .STERADIAN. ) SOLID_ANGLE_UNIT ( ) );
#5969 = DIRECTION ( 'NONE',  ( -0.000000000000000000, 1.000000000000000000, -0.000000000000000000 ) ) ;
#5971 = SURFACE_SIDE_STYLE ('',( #10669 ) ) ;
#5972 = FACE_OUTER_BOUND ( 'NONE', #322, .T. ) ;
#5973 = CARTESIAN_POINT ( 'NONE',  ( -0.7740119375089365983, 0.5700000000000000622, -0.3059880624910606972 ) ) ;
#5974 = FACE_OUTER_BOUND ( 'NONE', #12176, .T. ) ;
#5975 = AXIS2_PLACEMENT_3D ( 'NONE', #8555, #4958, #5138 ) ;
#5976 = FACE_OUTER_BOUND ( 'NONE', #5346, .T. ) ;
#5977 = VECTOR ( 'NONE', #11847, 1000.000000000000000 ) ;
#5978 = CIRCLE ( 'NONE', #1182, 0.01000000000000002623 ) ;
#5979 = DIRECTION ( 'NONE',  ( 1.084202172485501594E-14, 0.000000000000000000, -1.000000000000000000 ) ) ;
#5980 = UNCERTAINTY_MEASURE_WITH_UNIT (LENGTH_MEASURE( 1.000000000000000082E-05 ), #4821, 'distance_accuracy_value', 'NONE');
#5981 = MECHANICAL_DESIGN_GEOMETRIC_PRESENTATION_REPRESENTATION (  '', ( #2970 ), #3387 ) ;
#5982 = DIRECTION ( 'NONE',  ( 5.421010862427507971E-15, 0.000000000000000000, 1.000000000000000000 ) ) ;
#5983 = DIRECTION ( 'NONE',  ( -0.000000000000000000, 1.000000000000000000, -0.000000000000000000 ) ) ;
#5984 = CIRCLE ( 'NONE', #9235, 0.01901193750893738141 ) ;
#5985 = ADVANCED_FACE ( 'NONE', ( #3480 ), #2527, .F. ) ;
#5986 = CIRCLE ( 'NONE', #11452, 0.01901193750893743692 ) ;
#5987 = MECHANICAL_DESIGN_GEOMETRIC_PRESENTATION_REPRESENTATION (  '', ( #7626 ), #6373 ) ;
#5988 =( GEOMETRIC_REPRESENTATION_CONTEXT ( 3 ) GLOBAL_UNCERTAINTY_ASSIGNED_CONTEXT ( ( #6631 ) ) GLOBAL_UNIT_ASSIGNED_CONTEXT ( ( #8404, #6432, #4650 ) ) REPRESENTATION_CONTEXT ( 'NONE', 'WORKASPACE' ) );
#5989 = DIRECTION ( 'NONE',  ( -5.132469822069619092E-14, 0.000000000000000000, -1.000000000000000000 ) ) ;
#5990 = SURFACE_SIDE_STYLE ('',( #2051 ) ) ;
#5991 = ORIENTED_EDGE ( 'NONE', *, *, #5506, .F. ) ;
#5992 = VECTOR ( 'NONE', #11642, 1000.000000000000000 ) ;
#5993 = DIRECTION ( 'NONE',  ( 0.000000000000000000, 0.000000000000000000, -1.000000000000000000 ) ) ;
#5994 = DIRECTION ( 'NONE',  ( 0.000000000000000000, 0.000000000000000000, 1.000000000000000000 ) ) ;
#5995 = SURFACE_SIDE_STYLE ('',( #7024 ) ) ;
#5996 = CARTESIAN_POINT ( 'NONE',  ( -0.9159880624910602398, 0.5700000000000000622, 0.5940119375089365494 ) ) ;
#5997 = COLOUR_RGB ( '',0.6666666666666666297, 0.6980392156862744724, 0.7686274509803920907 ) ;
#5998 = UNCERTAINTY_MEASURE_WITH_UNIT (LENGTH_MEASURE( 1.000000000000000082E-05 ), #7936, 'distance_accuracy_value', 'NONE');
#5999 = SURFACE_SIDE_STYLE ('',( #6117 ) ) ;
#6000 = ORIENTED_EDGE ( 'NONE', *, *, #455, .F. ) ;
#6001 = CARTESIAN_POINT ( 'NONE',  ( -0.7549999999999976730, 0.5700000000000000622, 0.5940119375089355502 ) ) ;
#6002 = EDGE_CURVE ( 'NONE', #2370, #3153, #2079, .T. ) ;
#6003 = DIRECTION ( 'NONE',  ( 0.000000000000000000, -1.000000000000000000, 0.000000000000000000 ) ) ;
#6004 =( LENGTH_UNIT ( ) NAMED_UNIT ( * ) SI_UNIT ( .MILLI., .METRE. ) );
#6005 = CYLINDRICAL_SURFACE ( 'NONE', #686, 0.01000000000000002623 ) ;
#6006 = FILL_AREA_STYLE ('',( #1306 ) ) ;
#6007 = VERTEX_POINT ( 'NONE', #8654 ) ;
#6008 = SURFACE_STYLE_FILL_AREA ( #3009 ) ;
#6009 =( NAMED_UNIT ( * ) SI_UNIT ( $, .STERADIAN. ) SOLID_ANGLE_UNIT ( ) );
#6010 = ORIENTED_EDGE ( 'NONE', *, *, #10711, .T. ) ;
#6011 = SURFACE_SIDE_STYLE ('',( #1446 ) ) ;
#6012 = CARTESIAN_POINT ( 'NONE',  ( -0.9449999999999993960, 0.5500000000000000444, -0.1440119375089365661 ) ) ;
#6013 = EDGE_CURVE ( 'NONE', #128, #1174, #40, .T. ) ;
#6014 = EDGE_CURVE ( 'NONE', #7249, #10570, #10100, .T. ) ;
#6015 = FILL_AREA_STYLE ('',( #5945 ) ) ;
#6016 = ORIENTED_EDGE ( 'NONE', *, *, #1250, .T. ) ;
#6017 =( NAMED_UNIT ( * ) PLANE_ANGLE_UNIT ( ) SI_UNIT ( $, .RADIAN. ) );
#6018 = CARTESIAN_POINT ( 'NONE',  ( 0.4841379310344827713, 0.5600000000000000533, -0.3860991889048496772 ) ) ;
#6019 = FILL_AREA_STYLE_COLOUR ( '', #5428 ) ;
#6020 = ORIENTED_EDGE ( 'NONE', *, *, #6674, .T. ) ;
#6021 = DIRECTION ( 'NONE',  ( 0.000000000000000000, -1.000000000000000000, 0.000000000000000000 ) ) ;
#6022 = DIRECTION ( 'NONE',  ( -1.084202172485501594E-14, 0.000000000000000000, -1.000000000000000000 ) ) ;
#6024 = SURFACE_STYLE_USAGE ( .BOTH. , #11729 ) ;
#6023 = LINE ( 'NONE', #3022, #4098 ) ;
#6025 = CARTESIAN_POINT ( 'NONE',  ( 0.5100000000000004530, 0.5500000000000000444, -0.7740119375089341558 ) ) ;
#6026 = FILL_AREA_STYLE ('',( #10078 ) ) ;
#6027 = EDGE_LOOP ( 'NONE', ( #2688, #8049, #3532, #11540, #5125, #12299, #5060, #1506 ) ) ;
#6028 = ORIENTED_EDGE ( 'NONE', *, *, #5714, .T. ) ;
#6029 =( NAMED_UNIT ( * ) PLANE_ANGLE_UNIT ( ) SI_UNIT ( $, .RADIAN. ) );
#6030 =( LENGTH_UNIT ( ) NAMED_UNIT ( * ) SI_UNIT ( .MILLI., .METRE. ) );
#6031 = EDGE_CURVE ( 'NONE', #10011, #9065, #9705, .T. ) ;
#6032 = STYLED_ITEM ( 'NONE', ( #2608 ), #5715 ) ;
#6033 = AXIS2_PLACEMENT_3D ( 'NONE', #10144, #8261, #3342 ) ;
#6034 = COLOUR_RGB ( '',0.6666666666666666297, 0.6980392156862744724, 0.7686274509803920907 ) ;
#6035 = CARTESIAN_POINT ( 'NONE',  ( -0.4125000000000000888, 0.4750000000000000333, 1.000000000000000000 ) ) ;
#6036 = DIRECTION ( 'NONE',  ( 0.000000000000000000, 0.000000000000000000, 1.000000000000000000 ) ) ;
#6037 = ORIENTED_EDGE ( 'NONE', *, *, #8114, .T. ) ;
#6038 = EDGE_LOOP ( 'NONE', ( #12351, #10064, #7680, #2918 ) ) ;
#6039 = FACE_OUTER_BOUND ( 'NONE', #7040, .T. ) ;
#6040 = CARTESIAN_POINT ( 'NONE',  ( -0.1100000000000012218, 0.5500000000000000444, -0.9159880624910617941 ) ) ;
#6041 = SURFACE_STYLE_USAGE ( .BOTH. , #7827 ) ;
#6042 = AXIS2_PLACEMENT_3D ( 'NONE', #290, #10990, #4095 ) ;
#6043 =( NAMED_UNIT ( * ) SI_UNIT ( $, .STERADIAN. ) SOLID_ANGLE_UNIT ( ) );
#6044 = MECHANICAL_DESIGN_GEOMETRIC_PRESENTATION_REPRESENTATION (  '', ( #8707 ), #7871 ) ;
#6045 = EDGE_CURVE ( 'NONE', #5360, #1869, #12433, .T. ) ;
#6046 = DIRECTION ( 'NONE',  ( -0.000000000000000000, -1.000000000000000000, -0.000000000000000000 ) ) ;
#6047 = MECHANICAL_DESIGN_GEOMETRIC_PRESENTATION_REPRESENTATION (  '', ( #1642 ), #9693 ) ;
#6048 =( GEOMETRIC_REPRESENTATION_CONTEXT ( 3 ) GLOBAL_UNCERTAINTY_ASSIGNED_CONTEXT ( ( #11041 ) ) GLOBAL_UNIT_ASSIGNED_CONTEXT ( ( #903, #4751, #8838 ) ) REPRESENTATION_CONTEXT ( 'NONE', 'WORKASPACE' ) );
#6049 = EDGE_LOOP ( 'NONE', ( #7170, #7579, #2904, #8419 ) ) ;
#6050 = DIRECTION ( 'NONE',  ( 3.818255261657576533E-15, 0.000000000000000000, 1.000000000000000000 ) ) ;
#6051 = AXIS2_PLACEMENT_3D ( 'NONE', #5890, #1137, #202 ) ;
#6052 =( NAMED_UNIT ( * ) SI_UNIT ( $, .STERADIAN. ) SOLID_ANGLE_UNIT ( ) );
#6053 = ADVANCED_FACE ( 'NONE', ( #10536 ), #2944, .F. ) ;
#6054 =( LENGTH_UNIT ( ) NAMED_UNIT ( * ) SI_UNIT ( .MILLI., .METRE. ) );
#6055 = ORIENTED_EDGE ( 'NONE', *, *, #4767, .T. ) ;
#6056 = DIRECTION ( 'NONE',  ( -1.000000000000000000, 0.000000000000000000, 0.000000000000000000 ) ) ;
#6057 = PRESENTATION_LAYER_ASSIGNMENT (  '', '', ( #10304 ) ) ;
#6058 = COLOUR_RGB ( '',0.6666666666666666297, 0.6980392156862744724, 0.7686274509803920907 ) ;
#6059 = CARTESIAN_POINT ( 'NONE',  ( -0.7740119375089361542, 0.5600000000000000533, 0.3249999999999982347 ) ) ;
#6061 = ORIENTED_EDGE ( 'NONE', *, *, #160, .T. ) ;
#6060 = VECTOR ( 'NONE', #7191, 1000.000000000000000 ) ;
#6062 = LINE ( 'NONE', #8996, #5165 ) ;
#6063 = PRESENTATION_STYLE_ASSIGNMENT (( #245 ) ) ;
#6064 = VECTOR ( 'NONE', #5741, 1000.000000000000000 ) ;
#6065 = SURFACE_STYLE_FILL_AREA ( #7845 ) ;
#6066 = VECTOR ( 'NONE', #7311, 1000.000000000000000 ) ;
#6067 = VECTOR ( 'NONE', #10150, 1000.000000000000000 ) ;
#6068 = DIRECTION ( 'NONE',  ( -1.000000000000000000, -0.000000000000000000, -7.445597760232267219E-15 ) ) ;
#6069 = FACE_OUTER_BOUND ( 'NONE', #10528, .T. ) ;
#6070 = DIRECTION ( 'NONE',  ( -0.000000000000000000, -0.000000000000000000, -1.000000000000000000 ) ) ;
#6071 = EDGE_CURVE ( 'NONE', #6644, #4611, #7689, .T. ) ;
#6072 = EDGE_LOOP ( 'NONE', ( #11633, #10571, #8876, #4797 ) ) ;
#6073 = SURFACE_SIDE_STYLE ('',( #6008 ) ) ;
#6074 = PRESENTATION_LAYER_ASSIGNMENT (  '', '', ( #6908 ) ) ;
#6075 = PRESENTATION_STYLE_ASSIGNMENT (( #2244 ) ) ;
#6076 = ORIENTED_EDGE ( 'NONE', *, *, #5317, .F. ) ;
#6077 = MECHANICAL_DESIGN_GEOMETRIC_PRESENTATION_REPRESENTATION (  '', ( #2275 ), #1280 ) ;
#6078 = FACE_OUTER_BOUND ( 'NONE', #12140, .T. ) ;
#6079 = CARTESIAN_POINT ( 'NONE',  ( -0.3190119375089372489, 0.5500000000000000444, 0.7449999999999977751 ) ) ;
#6080 = ORIENTED_EDGE ( 'NONE', *, *, #1715, .F. ) ;
#6081 = COLOUR_RGB ( '',0.6666666666666666297, 0.6980392156862744724, 0.7686274509803920907 ) ;
#6082 = VERTEX_POINT ( 'NONE', #6669 ) ;
#6083 = CARTESIAN_POINT ( 'NONE',  ( 0.08098806249105737487, 0.5500000000000000444, 0.9450000000000002842 ) ) ;
#6084 = VERTEX_POINT ( 'NONE', #1026 ) ;
#6085 =( LENGTH_UNIT ( ) NAMED_UNIT ( * ) SI_UNIT ( .MILLI., .METRE. ) );
#6086 = EDGE_CURVE ( 'NONE', #3592, #9960, #5440, .T. ) ;
#6087 = CARTESIAN_POINT ( 'NONE',  ( -0.4809880624910627400, 0.5700000000000000622, -0.9349999999999966116 ) ) ;
#6088 = CARTESIAN_POINT ( 'NONE',  ( -0.4800000000000000377, 0.5600000000000000533, -0.4800000000000002043 ) ) ;
#6089 = EDGE_CURVE ( 'NONE', #1119, #10937, #5766, .T. ) ;
#6090 = ORIENTED_EDGE ( 'NONE', *, *, #146, .F. ) ;
#6091 = UNCERTAINTY_MEASURE_WITH_UNIT (LENGTH_MEASURE( 1.000000000000000082E-05 ), #2254, 'distance_accuracy_value', 'NONE');
#6092 = ORIENTED_EDGE ( 'NONE', *, *, #7189, .T. ) ;
#6093 = VERTEX_POINT ( 'NONE', #3132 ) ;
#6094 =( GEOMETRIC_REPRESENTATION_CONTEXT ( 3 ) GLOBAL_UNCERTAINTY_ASSIGNED_CONTEXT ( ( #4359 ) ) GLOBAL_UNIT_ASSIGNED_CONTEXT ( ( #11181, #723, #6304 ) ) REPRESENTATION_CONTEXT ( 'NONE', 'WORKASPACE' ) );
#6095 = FACE_OUTER_BOUND ( 'NONE', #1014, .T. ) ;
#6096 = DIRECTION ( 'NONE',  ( 1.000000000000000000, 0.000000000000000000, 0.000000000000000000 ) ) ;
#6097 = CARTESIAN_POINT ( 'NONE',  ( -0.7740119375089365983, 0.5600000000000000533, 0.1440119375089355669 ) ) ;
#6098 = CARTESIAN_POINT ( 'NONE',  ( -0.7549999999999994493, 0.5600000000000000533, -0.1440119375089354559 ) ) ;
#6099 = ORIENTED_EDGE ( 'NONE', *, *, #6988, .F. ) ;
#6100 = PRESENTATION_LAYER_ASSIGNMENT (  '', '', ( #8346 ) ) ;
#6101 = EDGE_CURVE ( 'NONE', #5567, #3450, #11320, .T. ) ;
#6102 = DIRECTION ( 'NONE',  ( -1.000000000000000000, 0.000000000000000000, -6.693592482257194052E-15 ) ) ;
#6103 = EDGE_CURVE ( 'NONE', #7050, #1566, #8893, .T. ) ;
#6104 = CARTESIAN_POINT ( 'NONE',  ( 0.4800000000000000377, 0.5600000000000000533, -0.3563859338365494844 ) ) ;
#6105 = UNCERTAINTY_MEASURE_WITH_UNIT (LENGTH_MEASURE( 1.000000000000000082E-05 ), #8163, 'distance_accuracy_value', 'NONE');
#6106 = DIRECTION ( 'NONE',  ( -1.084202172485504592E-14, 0.000000000000000000, 1.000000000000000000 ) ) ;
#6107 = VECTOR ( 'NONE', #7434, 1000.000000000000000 ) ;
#6108 = TOROIDAL_SURFACE ( 'NONE', #2106, 0.02901193750893730008, 0.01000000000000000021 ) ;
#6109 = FILL_AREA_STYLE_COLOUR ( '', #9844 ) ;
#6110 = CARTESIAN_POINT ( 'NONE',  ( 0.08098806249106277333, 0.5500000000000000444, -0.9159880624910624602 ) ) ;
#6111 = ORIENTED_EDGE ( 'NONE', *, *, #4301, .T. ) ;
#6112 = PRESENTATION_LAYER_ASSIGNMENT (  '', '', ( #3320 ) ) ;
#6113 = MECHANICAL_DESIGN_GEOMETRIC_PRESENTATION_REPRESENTATION (  '', ( #6735 ), #3118 ) ;
#6114 = ADVANCED_FACE ( 'NONE', ( #329 ), #2312, .T. ) ;
#6115 = FACE_OUTER_BOUND ( 'NONE', #4414, .T. ) ;
#6116 = VERTEX_POINT ( 'NONE', #4201 ) ;
#6117 = SURFACE_STYLE_FILL_AREA ( #6959 ) ;
#6118 = ORIENTED_EDGE ( 'NONE', *, *, #7189, .F. ) ;
#6119 = CYLINDRICAL_SURFACE ( 'NONE', #9229, 0.01901193750893765549 ) ;
#6120 =( NAMED_UNIT ( * ) SI_UNIT ( $, .STERADIAN. ) SOLID_ANGLE_UNIT ( ) );
#6121 = AXIS2_PLACEMENT_3D ( 'NONE', #1200, #7859, #2076 ) ;
#6122 = DIRECTION ( 'NONE',  ( -0.000000000000000000, -1.000000000000000000, -0.000000000000000000 ) ) ;
#6123 =( NAMED_UNIT ( * ) PLANE_ANGLE_UNIT ( ) SI_UNIT ( $, .RADIAN. ) );
#6124 = CYLINDRICAL_SURFACE ( 'NONE', #12240, 0.01000000000000002623 ) ;
#6125 = ORIENTED_EDGE ( 'NONE', *, *, #7591, .T. ) ;
#6127 = CARTESIAN_POINT ( 'NONE',  ( 0.7740119375089354881, 0.5600000000000000533, 0.5940119375089355502 ) ) ;
#6126 = COLOUR_RGB ( '',0.6666666666666666297, 0.6980392156862744724, 0.7686274509803920907 ) ;
#6128 = ORIENTED_EDGE ( 'NONE', *, *, #943, .F. ) ;
#6129 = VERTEX_POINT ( 'NONE', #270 ) ;
#6130 =( GEOMETRIC_REPRESENTATION_CONTEXT ( 3 ) GLOBAL_UNCERTAINTY_ASSIGNED_CONTEXT ( ( #3337 ) ) GLOBAL_UNIT_ASSIGNED_CONTEXT ( ( #12152, #3441, #8298 ) ) REPRESENTATION_CONTEXT ( 'NONE', 'WORKASPACE' ) );
#6131 = LINE ( 'NONE', #1312, #8000 ) ;
#6132 = EDGE_CURVE ( 'NONE', #6315, #1913, #8171, .T. ) ;
#6133 = ORIENTED_EDGE ( 'NONE', *, *, #8614, .T. ) ;
#6134 = VECTOR ( 'NONE', #5416, 1000.000000000000000 ) ;
#6135 = DIRECTION ( 'NONE',  ( -0.000000000000000000, -0.000000000000000000, -1.000000000000000000 ) ) ;
#6136 = VERTEX_POINT ( 'NONE', #5949 ) ;
#6137 = DIRECTION ( 'NONE',  ( 1.000000000000000000, -0.000000000000000000, 7.636510523315148333E-15 ) ) ;
#6138 = ORIENTED_EDGE ( 'NONE', *, *, #9148, .F. ) ;
#6139 = COLOUR_RGB ( '',0.6666666666666666297, 0.6980392156862744724, 0.7686274509803920907 ) ;
#6140 = CARTESIAN_POINT ( 'NONE',  ( 0.3000000000000004885, 0.5600000000000000533, -0.7740119375089351550 ) ) ;
#6141 = DIRECTION ( 'NONE',  ( 0.000000000000000000, 0.000000000000000000, 1.000000000000000000 ) ) ;
#6142 = FILL_AREA_STYLE_COLOUR ( '', #2152 ) ;
#6144 = CARTESIAN_POINT ( 'NONE',  ( -0.3190119375089374709, 0.5700000000000000622, 0.7740119375089351550 ) ) ;
#6143 = SURFACE_SIDE_STYLE ('',( #6216 ) ) ;
#6145 = ORIENTED_EDGE ( 'NONE', *, *, #3436, .T. ) ;
#6146 = VECTOR ( 'NONE', #10077, 1000.000000000000000 ) ;
#6147 = CYLINDRICAL_SURFACE ( 'NONE', #7082, 0.01000000000000002623 ) ;
#6148 = VERTEX_POINT ( 'NONE', #2387 ) ;
#6149 = ORIENTED_EDGE ( 'NONE', *, *, #640, .F. ) ;
#6150 = DIRECTION ( 'NONE',  ( 1.000000000000000000, 0.000000000000000000, -0.000000000000000000 ) ) ;
#6151 = DIRECTION ( 'NONE',  ( -0.000000000000000000, 1.000000000000000000, -0.000000000000000000 ) ) ;
#6152 = DIRECTION ( 'NONE',  ( 0.000000000000000000, 1.000000000000000000, 0.000000000000000000 ) ) ;
#6153 =( GEOMETRIC_REPRESENTATION_CONTEXT ( 3 ) GLOBAL_UNCERTAINTY_ASSIGNED_CONTEXT ( ( #4083 ) ) GLOBAL_UNIT_ASSIGNED_CONTEXT ( ( #7692, #3958, #4142 ) ) REPRESENTATION_CONTEXT ( 'NONE', 'WORKASPACE' ) );
#6154 = CARTESIAN_POINT ( 'NONE',  ( -0.7740119375089365983, 0.5700000000000000622, 0.1440119375089355669 ) ) ;
#6155 = ADVANCED_FACE ( 'NONE', ( #5003 ), #7983, .T. ) ;
#6156 =( LENGTH_UNIT ( ) NAMED_UNIT ( * ) SI_UNIT ( .MILLI., .METRE. ) );
#6157 = CARTESIAN_POINT ( 'NONE',  ( -0.08098806249106238475, 0.5600000000000000533, -0.9159880624910624602 ) ) ;
#6159 = CARTESIAN_POINT ( 'NONE',  ( -0.5000000000000000000, 0.5600000000000000533, -0.4800000000000002043 ) ) ;
#6158 =( GEOMETRIC_REPRESENTATION_CONTEXT ( 3 ) GLOBAL_UNCERTAINTY_ASSIGNED_CONTEXT ( ( #8672 ) ) GLOBAL_UNIT_ASSIGNED_CONTEXT ( ( #1628, #7357, #10261 ) ) REPRESENTATION_CONTEXT ( 'NONE', 'WORKASPACE' ) );
#6160 = PRESENTATION_STYLE_ASSIGNMENT (( #7323 ) ) ;
#6161 = CIRCLE ( 'NONE', #5751, 0.01901193750893743692 ) ;
#6162 = PRESENTATION_STYLE_ASSIGNMENT (( #1475 ) ) ;
#6163 = FILL_AREA_STYLE ('',( #476 ) ) ;
#6164 = STYLED_ITEM ( 'NONE', ( #8145 ), #11473 ) ;
#6165 =( GEOMETRIC_REPRESENTATION_CONTEXT ( 3 ) GLOBAL_UNCERTAINTY_ASSIGNED_CONTEXT ( ( #6510 ) ) GLOBAL_UNIT_ASSIGNED_CONTEXT ( ( #10787, #10856, #10602 ) ) REPRESENTATION_CONTEXT ( 'NONE', 'WORKASPACE' ) );
#6166 = AXIS2_PLACEMENT_3D ( 'NONE', #7976, #6975, #7858 ) ;
#6167 = TOROIDAL_SURFACE ( 'NONE', #985, 0.02901193750893746315, 0.01000000000000000021 ) ;
#6168 = CARTESIAN_POINT ( 'NONE',  ( 0.4809880624910630176, 0.5500000000000000444, -0.7740119375089341558 ) ) ;
#6169 = ADVANCED_FACE ( 'NONE', ( #7049 ), #10509, .F. ) ;
#6170 = FILL_AREA_STYLE_COLOUR ( '', #407 ) ;
#6171 = ADVANCED_FACE ( 'NONE', ( #9013, #5509, #12298, #9331, #7491, #10132, #709, #9261, #644, #11346, #4500, #4382, #2701, #8377, #9191, #1752 ), #6532, .F. ) ;
#6172 = CARTESIAN_POINT ( 'NONE',  ( -0.01249999999999949069, 0.4750000000000000333, -1.000000000000000000 ) ) ;
#6173 = MECHANICAL_DESIGN_GEOMETRIC_PRESENTATION_REPRESENTATION (  '', ( #10638 ), #186 ) ;
#6174 = CARTESIAN_POINT ( 'NONE',  ( 0.7549999999999981171, 0.5700000000000000622, -0.7559880624910606528 ) ) ;
#6175 = ORIENTED_EDGE ( 'NONE', *, *, #6550, .F. ) ;
#6176 = DIRECTION ( 'NONE',  ( -1.084202172485501752E-14, 0.000000000000000000, 1.000000000000000000 ) ) ;
#6177 = COLOUR_RGB ( '',0.6666666666666666297, 0.6980392156862744724, 0.7686274509803920907 ) ;
#6178 =( GEOMETRIC_REPRESENTATION_CONTEXT ( 3 ) GLOBAL_UNCERTAINTY_ASSIGNED_CONTEXT ( ( #4585 ) ) GLOBAL_UNIT_ASSIGNED_CONTEXT ( ( #188, #2299, #9066 ) ) REPRESENTATION_CONTEXT ( 'NONE', 'WORKASPACE' ) );
#6179 = AXIS2_PLACEMENT_3D ( 'NONE', #4605, #4662, #12278 ) ;
#6180 = SURFACE_STYLE_FILL_AREA ( #6953 ) ;
#6181 = CARTESIAN_POINT ( 'NONE',  ( -0.7740119375089361542, 0.5700000000000000622, 0.3249999999999982347 ) ) ;
#6182 =( NAMED_UNIT ( * ) PLANE_ANGLE_UNIT ( ) SI_UNIT ( $, .RADIAN. ) );
#6183 = ORIENTED_EDGE ( 'NONE', *, *, #6958, .T. ) ;
#6184 = VECTOR ( 'NONE', #9988, 1000.000000000000000 ) ;
#6185 = DIRECTION ( 'NONE',  ( 0.000000000000000000, 1.000000000000000000, 0.000000000000000000 ) ) ;
#6186 = VERTEX_POINT ( 'NONE', #7429 ) ;
#6187 = AXIS2_PLACEMENT_3D ( 'NONE', #2672, #8605, #12454 ) ;
#6188 = AXIS2_PLACEMENT_3D ( 'NONE', #7583, #6630, #986 ) ;
#6190 = FILL_AREA_STYLE_COLOUR ( '', #2537 ) ;
#6189 = COLOUR_RGB ( '',0.6666666666666666297, 0.6980392156862744724, 0.7686274509803920907 ) ;
#6191 = VECTOR ( 'NONE', #7204, 1000.000000000000000 ) ;
#6192 =( NAMED_UNIT ( * ) SI_UNIT ( $, .STERADIAN. ) SOLID_ANGLE_UNIT ( ) );
#6193 = EDGE_CURVE ( 'NONE', #2263, #12018, #7083, .T. ) ;
#6194 = VECTOR ( 'NONE', #9798, 1000.000000000000000 ) ;
#6195 = CARTESIAN_POINT ( 'NONE',  ( 0.5000000000000000000, 0.5700000000000000622, -0.3563859338365494844 ) ) ;
#6196 = DIRECTION ( 'NONE',  ( -1.000000000000000000, 1.084202172485501752E-14, 2.168404344971003504E-14 ) ) ;
#6197 = SURFACE_STYLE_FILL_AREA ( #2176 ) ;
#6198 = MECHANICAL_DESIGN_GEOMETRIC_PRESENTATION_REPRESENTATION (  '', ( #3986 ), #809 ) ;
#6199 = COLOUR_RGB ( '',0.6666666666666666297, 0.6980392156862744724, 0.7686274509803920907 ) ;
#6200 = VERTEX_POINT ( 'NONE', #8247 ) ;
#6201 = VECTOR ( 'NONE', #5306, 1000.000000000000000 ) ;
#6202 = ORIENTED_EDGE ( 'NONE', *, *, #10205, .F. ) ;
#6203 = CARTESIAN_POINT ( 'NONE',  ( 0.7740119375089373754, 0.5700000000000000622, 0.1249999999999982653 ) ) ;
#6204 = EDGE_LOOP ( 'NONE', ( #7860, #9263, #2449, #11281 ) ) ;
#6205 = ORIENTED_EDGE ( 'NONE', *, *, #4331, .F. ) ;
#6206 = PLANE ( 'NONE',  #5565 ) ;
#6207 = AXIS2_PLACEMENT_3D ( 'NONE', #2989, #7724, #5809 ) ;
#6208 = VECTOR ( 'NONE', #6366, 1000.000000000000000 ) ;
#6209 = CARTESIAN_POINT ( 'NONE',  ( -0.9159880624910600178, 0.5600000000000000533, 0.7749999999999992450 ) ) ;
#6210 = VERTEX_POINT ( 'NONE', #11280 ) ;
#6211 = FILL_AREA_STYLE ('',( #5247 ) ) ;
#6212 = VERTEX_POINT ( 'NONE', #10333 ) ;
#6213 = FILL_AREA_STYLE ('',( #2392 ) ) ;
#6214 = PRESENTATION_STYLE_ASSIGNMENT (( #8899 ) ) ;
#6215 = SURFACE_STYLE_USAGE ( .BOTH. , #6347 ) ;
#6217 = DIRECTION ( 'NONE',  ( -2.710505431213754380E-15, -0.000000000000000000, -1.000000000000000000 ) ) ;
#6216 = SURFACE_STYLE_FILL_AREA ( #8121 ) ;
#6218 =( GEOMETRIC_REPRESENTATION_CONTEXT ( 3 ) GLOBAL_UNCERTAINTY_ASSIGNED_CONTEXT ( ( #2217 ) ) GLOBAL_UNIT_ASSIGNED_CONTEXT ( ( #8148, #620, #1725 ) ) REPRESENTATION_CONTEXT ( 'NONE', 'WORKASPACE' ) );
#6219 = EDGE_LOOP ( 'NONE', ( #9382, #7490, #1160, #2539 ) ) ;
#6220 = EDGE_CURVE ( 'NONE', #793, #2278, #1248, .T. ) ;
#6221 = DIRECTION ( 'NONE',  ( -3.346796241128595448E-15, 0.000000000000000000, 1.000000000000000000 ) ) ;
#6222 = UNCERTAINTY_MEASURE_WITH_UNIT (LENGTH_MEASURE( 1.000000000000000082E-05 ), #6054, 'distance_accuracy_value', 'NONE');
#6223 = VERTEX_POINT ( 'NONE', #10389 ) ;
#6224 = ORIENTED_EDGE ( 'NONE', *, *, #6013, .F. ) ;
#6225 = DIRECTION ( 'NONE',  ( -0.000000000000000000, -0.000000000000000000, 1.000000000000000000 ) ) ;
#6226 = DIRECTION ( 'NONE',  ( 0.000000000000000000, -1.000000000000000000, 0.000000000000000000 ) ) ;
#6227 = FILL_AREA_STYLE_COLOUR ( '', #6764 ) ;
#6228 = DIRECTION ( 'NONE',  ( 5.421010862427507971E-15, 0.000000000000000000, -1.000000000000000000 ) ) ;
#6229 = DIRECTION ( 'NONE',  ( -1.000000000000000000, 0.000000000000000000, 0.000000000000000000 ) ) ;
#6230 = LINE ( 'NONE', #11123, #9802 ) ;
#6231 = DIRECTION ( 'NONE',  ( 0.000000000000000000, 1.000000000000000000, -0.000000000000000000 ) ) ;
#6232 = UNCERTAINTY_MEASURE_WITH_UNIT (LENGTH_MEASURE( 1.000000000000000082E-05 ), #7714, 'distance_accuracy_value', 'NONE');
#6233 = ADVANCED_FACE ( 'NONE', ( #9459 ), #832, .F. ) ;
#6234 = CIRCLE ( 'NONE', #10492, 0.01901193750893743692 ) ;
#6235 = DIRECTION ( 'NONE',  ( 0.000000000000000000, -1.000000000000000000, 0.000000000000000000 ) ) ;
#6236 = PRESENTATION_LAYER_ASSIGNMENT (  '', '', ( #9489 ) ) ;
#6237 = SURFACE_STYLE_FILL_AREA ( #3353 ) ;
#6238 = SURFACE_STYLE_FILL_AREA ( #10758 ) ;
#6239 = DIRECTION ( 'NONE',  ( -0.000000000000000000, 0.000000000000000000, 1.000000000000000000 ) ) ;
#6240 = DIRECTION ( 'NONE',  ( -0.000000000000000000, -0.000000000000000000, 1.000000000000000000 ) ) ;
#6241 = ORIENTED_EDGE ( 'NONE', *, *, #2712, .T. ) ;
#6242 = CARTESIAN_POINT ( 'NONE',  ( -0.08098806249106775546, 0.5600000000000000533, 0.9449999999999992850 ) ) ;
#6243 =( GEOMETRIC_REPRESENTATION_CONTEXT ( 3 ) GLOBAL_UNCERTAINTY_ASSIGNED_CONTEXT ( ( #6741 ) ) GLOBAL_UNIT_ASSIGNED_CONTEXT ( ( #7512, #2769, #12376 ) ) REPRESENTATION_CONTEXT ( 'NONE', 'WORKASPACE' ) );
#6244 = AXIS2_PLACEMENT_3D ( 'NONE', #2713, #9888, #5948 ) ;
#6245 = DIRECTION ( 'NONE',  ( -7.636510523315142022E-15, 0.000000000000000000, -1.000000000000000000 ) ) ;
#6246 = DIRECTION ( 'NONE',  ( 0.000000000000000000, -1.000000000000000000, 0.000000000000000000 ) ) ;
#6247 = ORIENTED_EDGE ( 'NONE', *, *, #5079, .T. ) ;
#6248 = ADVANCED_FACE ( 'NONE', ( #2818 ), #9689, .F. ) ;
#6249 = FILL_AREA_STYLE ('',( #8354 ) ) ;
#6250 = PRESENTATION_LAYER_ASSIGNMENT (  '', '', ( #8500 ) ) ;
#6251 = EDGE_CURVE ( 'NONE', #2728, #9298, #7612, .T. ) ;
#6252 = UNCERTAINTY_MEASURE_WITH_UNIT (LENGTH_MEASURE( 1.000000000000000082E-05 ), #9732, 'distance_accuracy_value', 'NONE');
#6253 = ORIENTED_EDGE ( 'NONE', *, *, #1732, .T. ) ;
#6254 = FILL_AREA_STYLE_COLOUR ( '', #10837 ) ;
#6255 = CIRCLE ( 'NONE', #5028, 0.1000000000000001582 ) ;
#6256 = DIRECTION ( 'NONE',  ( 0.000000000000000000, 0.000000000000000000, -1.000000000000000000 ) ) ;
#6257 = PRESENTATION_LAYER_ASSIGNMENT (  '', '', ( #11710 ) ) ;
#6258 =( GEOMETRIC_REPRESENTATION_CONTEXT ( 3 ) GLOBAL_UNCERTAINTY_ASSIGNED_CONTEXT ( ( #2599 ) ) GLOBAL_UNIT_ASSIGNED_CONTEXT ( ( #1498, #3438, #7291 ) ) REPRESENTATION_CONTEXT ( 'NONE', 'WORKASPACE' ) );
#6259 = LINE ( 'NONE', #1548, #7416 ) ;
#6260 = LINE ( 'NONE', #3627, #2232 ) ;
#6261 = AXIS2_PLACEMENT_3D ( 'NONE', #7796, #2935, #8582 ) ;
#6262 = SURFACE_SIDE_STYLE ('',( #2684 ) ) ;
#6263 = DIRECTION ( 'NONE',  ( 1.000000000000000000, 0.000000000000000000, -7.636510523315148333E-15 ) ) ;
#6264 = CARTESIAN_POINT ( 'NONE',  ( 0.7740119375089364873, 0.5600000000000000533, 0.3349999999999982991 ) ) ;
#6265 = MECHANICAL_DESIGN_GEOMETRIC_PRESENTATION_REPRESENTATION (  '', ( #5233 ), #5047 ) ;
#6266 = MECHANICAL_DESIGN_GEOMETRIC_PRESENTATION_REPRESENTATION (  '', ( #9105 ), #6048 ) ;
#6267 = CARTESIAN_POINT ( 'NONE',  ( 0.8000000000000002665, 0.000000000000000000, -0.7999999999999999334 ) ) ;
#6268 = EDGE_CURVE ( 'NONE', #6333, #7619, #7891, .T. ) ;
#6269 = EDGE_LOOP ( 'NONE', ( #2324, #12196, #8995, #9736 ) ) ;
#6270 = CIRCLE ( 'NONE', #8083, 0.01901193750893743692 ) ;
#6271 = ADVANCED_FACE ( 'NONE', ( #4733 ), #3828, .F. ) ;
#6272 = ORIENTED_EDGE ( 'NONE', *, *, #2002, .T. ) ;
#6273 = ORIENTED_EDGE ( 'NONE', *, *, #6656, .T. ) ;
#6274 = PRESENTATION_LAYER_ASSIGNMENT (  '', '', ( #5043 ) ) ;
#6275 = ORIENTED_EDGE ( 'NONE', *, *, #977, .F. ) ;
#6276 = SURFACE_SIDE_STYLE ('',( #1690 ) ) ;
#6277 = COLOUR_RGB ( '',0.6666666666666666297, 0.6980392156862744724, 0.7686274509803920907 ) ;
#6278 = PRESENTATION_STYLE_ASSIGNMENT (( #11023 ) ) ;
#6279 = DIRECTION ( 'NONE',  ( 0.000000000000000000, 0.000000000000000000, -1.000000000000000000 ) ) ;
#6280 = CIRCLE ( 'NONE', #3482, 0.03000000000000002318 ) ;
#6281 = MECHANICAL_DESIGN_GEOMETRIC_PRESENTATION_REPRESENTATION (  '', ( #11526 ), #78 ) ;
#6282 = ORIENTED_EDGE ( 'NONE', *, *, #3655, .F. ) ;
#6283 =( LENGTH_UNIT ( ) NAMED_UNIT ( * ) SI_UNIT ( .MILLI., .METRE. ) );
#6284 = ORIENTED_EDGE ( 'NONE', *, *, #9780, .T. ) ;
#6285 =( NAMED_UNIT ( * ) PLANE_ANGLE_UNIT ( ) SI_UNIT ( $, .RADIAN. ) );
#6286 = DIRECTION ( 'NONE',  ( 0.000000000000000000, -1.000000000000000000, 0.000000000000000000 ) ) ;
#6287 = TOROIDAL_SURFACE ( 'NONE', #7893, 0.02901193750893743539, 0.01000000000000000021 ) ;
#6288 = CARTESIAN_POINT ( 'NONE',  ( 0.5100000000000004530, 0.5600000000000000533, -0.9159880624910591296 ) ) ;
#6289 = AXIS2_PLACEMENT_3D ( 'NONE', #4175, #10943, #3238 ) ;
#6290 = CYLINDRICAL_SURFACE ( 'NONE', #571, 0.01901193750893743692 ) ;
#6291 = FILL_AREA_STYLE ('',( #12177 ) ) ;
#6292 = ADVANCED_FACE ( 'NONE', ( #3887 ), #6773, .F. ) ;
#6293 = AXIS2_PLACEMENT_3D ( 'NONE', #2916, #9607, #7538 ) ;
#6294 = DIRECTION ( 'NONE',  ( -1.000000000000000000, 0.000000000000000000, 7.636510523315148333E-15 ) ) ;
#6295 = ORIENTED_EDGE ( 'NONE', *, *, #2247, .T. ) ;
#6296 = CARTESIAN_POINT ( 'NONE',  ( -0.9159880624910616831, 0.5700000000000000622, 0.3059880624910617519 ) ) ;
#6297 = CARTESIAN_POINT ( 'NONE',  ( -0.4800000000000000377, 0.5700000000000000622, -0.4800000000000002043 ) ) ;
#6298 = MECHANICAL_DESIGN_GEOMETRIC_PRESENTATION_REPRESENTATION (  '', ( #5675 ), #2481 ) ;
#6299 = SURFACE_STYLE_FILL_AREA ( #8333 ) ;
#6300 = FILL_AREA_STYLE_COLOUR ( '', #45 ) ;
#6301 =( NAMED_UNIT ( * ) SI_UNIT ( $, .STERADIAN. ) SOLID_ANGLE_UNIT ( ) );
#6302 = CARTESIAN_POINT ( 'NONE',  ( -0.2899999999999999800, 0.5600000000000000533, 0.9159880624910602398 ) ) ;
#6303 = CARTESIAN_POINT ( 'NONE',  ( 0.9159880624910622382, 0.5600000000000000533, -0.1440119375089366216 ) ) ;
#6304 =( NAMED_UNIT ( * ) SI_UNIT ( $, .STERADIAN. ) SOLID_ANGLE_UNIT ( ) );
#6305 = SURFACE_SIDE_STYLE ('',( #12053 ) ) ;
#6306 =( NAMED_UNIT ( * ) PLANE_ANGLE_UNIT ( ) SI_UNIT ( $, .RADIAN. ) );
#6307 = CARTESIAN_POINT ( 'NONE',  ( -0.08098806249106593746, 0.5600000000000000533, -0.9449999999999992850 ) ) ;
#6308 = DIRECTION ( 'NONE',  ( 0.000000000000000000, -1.000000000000000000, 0.000000000000000000 ) ) ;
#6309 = SURFACE_STYLE_FILL_AREA ( #5400 ) ;
#6310 = PRESENTATION_LAYER_ASSIGNMENT (  '', '', ( #5274 ) ) ;
#6311 = SURFACE_STYLE_USAGE ( .BOTH. , #12061 ) ;
#6312 = ADVANCED_FACE ( 'NONE', ( #4989 ), #8100, .T. ) ;
#6313 = SURFACE_STYLE_FILL_AREA ( #2480 ) ;
#6314 = CARTESIAN_POINT ( 'NONE',  ( -0.7740119375089352660, 0.5600000000000000533, -0.5649999999999981704 ) ) ;
#6315 = VERTEX_POINT ( 'NONE', #2365 ) ;
#6316 = LINE ( 'NONE', #10158, #3167 ) ;
#6317 = DIRECTION ( 'NONE',  ( -0.000000000000000000, 1.000000000000000000, -0.000000000000000000 ) ) ;
#6318 = ORIENTED_EDGE ( 'NONE', *, *, #6086, .F. ) ;
#6319 = DIRECTION ( 'NONE',  ( 0.000000000000000000, 0.000000000000000000, -1.000000000000000000 ) ) ;
#6320 = CIRCLE ( 'NONE', #912, 0.01901193750893743692 ) ;
#6321 = AXIS2_PLACEMENT_3D ( 'NONE', #6087, #10661, #9955 ) ;
#6322 = ORIENTED_EDGE ( 'NONE', *, *, #6381, .F. ) ;
#6323 = FILL_AREA_STYLE ('',( #3369 ) ) ;
#6324 = EDGE_CURVE ( 'NONE', #10179, #3336, #11012, .T. ) ;
#6325 = FACE_OUTER_BOUND ( 'NONE', #828, .T. ) ;
#6326 = EDGE_CURVE ( 'NONE', #1875, #12364, #5169, .T. ) ;
#6327 = COLOUR_RGB ( '',0.6666666666666666297, 0.6980392156862744724, 0.7686274509803920907 ) ;
#6328 = PLANE ( 'NONE',  #7771 ) ;
#6329 = SURFACE_SIDE_STYLE ('',( #6395 ) ) ;
#6330 = PRESENTATION_STYLE_ASSIGNMENT (( #7475 ) ) ;
#6331 = DIRECTION ( 'NONE',  ( 0.000000000000000000, 0.000000000000000000, -1.000000000000000000 ) ) ;
#6332 = VERTEX_POINT ( 'NONE', #3251 ) ;
#6333 = VERTEX_POINT ( 'NONE', #250 ) ;
#6334 = COLOUR_RGB ( '',0.6666666666666666297, 0.6980392156862744724, 0.7686274509803920907 ) ;
#6335 = ORIENTED_EDGE ( 'NONE', *, *, #6910, .T. ) ;
#6336 = VERTEX_POINT ( 'NONE', #6195 ) ;
#6337 =( NAMED_UNIT ( * ) PLANE_ANGLE_UNIT ( ) SI_UNIT ( $, .RADIAN. ) );
#6338 = LINE ( 'NONE', #10188, #176 ) ;
#6339 = EDGE_LOOP ( 'NONE', ( #3819, #10693, #7664, #7166 ) ) ;
#6340 = ADVANCED_FACE ( 'NONE', ( #10057 ), #2174, .T. ) ;
#6341 = ORIENTED_EDGE ( 'NONE', *, *, #6822, .T. ) ;
#6342 = DIRECTION ( 'NONE',  ( 0.000000000000000000, -1.000000000000000000, 0.000000000000000000 ) ) ;
#6343 = EDGE_CURVE ( 'NONE', #5194, #11741, #4482, .T. ) ;
#6344 = VERTEX_POINT ( 'NONE', #2622 ) ;
#6345 = DIRECTION ( 'NONE',  ( 1.000000000000000000, 0.000000000000000000, 0.000000000000000000 ) ) ;
#6346 = VERTEX_POINT ( 'NONE', #11090 ) ;
#6347 = SURFACE_SIDE_STYLE ('',( #11169 ) ) ;
#6348 = ORIENTED_EDGE ( 'NONE', *, *, #10805, .T. ) ;
#6349 = FILL_AREA_STYLE ('',( #2580 ) ) ;
#6350 = UNCERTAINTY_MEASURE_WITH_UNIT (LENGTH_MEASURE( 1.000000000000000082E-05 ), #5498, 'distance_accuracy_value', 'NONE');
#6351 = ORIENTED_EDGE ( 'NONE', *, *, #4146, .T. ) ;
#6352 =( LENGTH_UNIT ( ) NAMED_UNIT ( * ) SI_UNIT ( .MILLI., .METRE. ) );
#6353 = FILL_AREA_STYLE_COLOUR ( '', #11579 ) ;
#6354 = AXIS2_PLACEMENT_3D ( 'NONE', #9256, #3572, #5370 ) ;
#6355 = MECHANICAL_DESIGN_GEOMETRIC_PRESENTATION_REPRESENTATION (  '', ( #4520 ), #6130 ) ;
#6356 = PRESENTATION_STYLE_ASSIGNMENT (( #9034 ) ) ;
#6357 = ADVANCED_FACE ( 'NONE', ( #3440 ), #11326, .F. ) ;
#6358 = FILL_AREA_STYLE_COLOUR ( '', #1836 ) ;
#6359 = DIRECTION ( 'NONE',  ( -1.710823274023206259E-14, 0.000000000000000000, -1.000000000000000000 ) ) ;
#6360 = CARTESIAN_POINT ( 'NONE',  ( -0.08098806249106238475, 0.5600000000000000533, -0.9159880624910624602 ) ) ;
#6361 = CIRCLE ( 'NONE', #9402, 0.01901193750893730161 ) ;
#6362 = AXIS2_PLACEMENT_3D ( 'NONE', #5164, #9119, #11954 ) ;
#6363 = DIRECTION ( 'NONE',  ( 0.000000000000000000, 0.000000000000000000, 1.000000000000000000 ) ) ;
#6364 = UNCERTAINTY_MEASURE_WITH_UNIT (LENGTH_MEASURE( 1.000000000000000082E-05 ), #2913, 'distance_accuracy_value', 'NONE');
#6365 = UNCERTAINTY_MEASURE_WITH_UNIT (LENGTH_MEASURE( 1.000000000000000082E-05 ), #880, 'distance_accuracy_value', 'NONE');
#6366 = DIRECTION ( 'NONE',  ( -0.000000000000000000, -1.000000000000000000, -0.000000000000000000 ) ) ;
#6367 = DIRECTION ( 'NONE',  ( 1.000000000000000000, 0.000000000000000000, 0.000000000000000000 ) ) ;
#6368 = DIRECTION ( 'NONE',  ( -1.000000000000000000, 0.000000000000000000, 0.000000000000000000 ) ) ;
#6369 = VECTOR ( 'NONE', #10089, 1000.000000000000000 ) ;
#6370 = SURFACE_STYLE_FILL_AREA ( #9162 ) ;
#6371 = ORIENTED_EDGE ( 'NONE', *, *, #3018, .F. ) ;
#6372 = FACE_OUTER_BOUND ( 'NONE', #9385, .T. ) ;
#6373 =( GEOMETRIC_REPRESENTATION_CONTEXT ( 3 ) GLOBAL_UNCERTAINTY_ASSIGNED_CONTEXT ( ( #11315 ) ) GLOBAL_UNIT_ASSIGNED_CONTEXT ( ( #5106, #2304, #10763 ) ) REPRESENTATION_CONTEXT ( 'NONE', 'WORKASPACE' ) );
#6374 = FACE_BOUND ( 'NONE', #9320, .T. ) ;
#6375 = TOROIDAL_SURFACE ( 'NONE', #9408, 0.02901193750893740764, 0.01000000000000000021 ) ;
#6376 = VERTEX_POINT ( 'NONE', #5229 ) ;
#6377 = STYLED_ITEM ( 'NONE', ( #11591 ), #2270 ) ;
#6378 = SURFACE_STYLE_FILL_AREA ( #6249 ) ;
#6379 = TOROIDAL_SURFACE ( 'NONE', #567, 0.02901193750893743539, 0.01000000000000000021 ) ;
#6380 = UNCERTAINTY_MEASURE_WITH_UNIT (LENGTH_MEASURE( 1.000000000000000082E-05 ), #9266, 'distance_accuracy_value', 'NONE');
#6381 = EDGE_CURVE ( 'NONE', #2071, #1537, #3076, .T. ) ;
#6382 = PRESENTATION_STYLE_ASSIGNMENT (( #10111 ) ) ;
#6383 = SURFACE_STYLE_USAGE ( .BOTH. , #5345 ) ;
#6384 = EDGE_LOOP ( 'NONE', ( #3946, #6724, #11599, #3796 ) ) ;
#6385 = PRESENTATION_LAYER_ASSIGNMENT (  '', '', ( #8820 ) ) ;
#6386 =( LENGTH_UNIT ( ) NAMED_UNIT ( * ) SI_UNIT ( .MILLI., .METRE. ) );
#6387 = AXIS2_PLACEMENT_3D ( 'NONE', #12406, #10443, #7596 ) ;
#6388 = CARTESIAN_POINT ( 'NONE',  ( -0.1000000000000031697, 0.5700000000000000622, -0.9159880624910617941 ) ) ;
#6389 = AXIS2_PLACEMENT_3D ( 'NONE', #6566, #9238, #743 ) ;
#6390 = CIRCLE ( 'NONE', #3777, 0.02901193750893754295 ) ;
#6391 = CARTESIAN_POINT ( 'NONE',  ( -0.4809880624910624070, 0.5500000000000000444, -0.7449999999999966649 ) ) ;
#6392 = SURFACE_STYLE_USAGE ( .BOTH. , #6262 ) ;
#6393 = DIRECTION ( 'NONE',  ( 1.000000000000000000, 0.000000000000000000, 0.000000000000000000 ) ) ;
#6394 = COLOUR_RGB ( '',0.6666666666666666297, 0.6980392156862744724, 0.7686274509803920907 ) ;
#6395 = SURFACE_STYLE_FILL_AREA ( #11150 ) ;
#6396 = LINE ( 'NONE', #9377, #9606 ) ;
#6397 = EDGE_LOOP ( 'NONE', ( #10104, #5952, #390, #9127 ) ) ;
#6398 = DIRECTION ( 'NONE',  ( 0.000000000000000000, 1.000000000000000000, 2.710505431213753985E-15 ) ) ;
#6399 = ORIENTED_EDGE ( 'NONE', *, *, #2473, .F. ) ;
#6400 = CIRCLE ( 'NONE', #8007, 0.01000000000000002623 ) ;
#6401 = MECHANICAL_DESIGN_GEOMETRIC_PRESENTATION_REPRESENTATION (  '', ( #187 ), #7007 ) ;
#6402 = VERTEX_POINT ( 'NONE', #1681 ) ;
#6404 =( LENGTH_UNIT ( ) NAMED_UNIT ( * ) SI_UNIT ( .MILLI., .METRE. ) );
#6403 = CIRCLE ( 'NONE', #3396, 0.01000000000000002623 ) ;
#6405 = AXIS2_PLACEMENT_3D ( 'NONE', #9241, #4421, #1616 ) ;
#6406 = EDGE_CURVE ( 'NONE', #5822, #3094, #5048, .T. ) ;
#6407 = VECTOR ( 'NONE', #10561, 1000.000000000000000 ) ;
#6408 = ORIENTED_EDGE ( 'NONE', *, *, #8036, .T. ) ;
#6409 = FILL_AREA_STYLE_COLOUR ( '', #12033 ) ;
#6410 = FILL_AREA_STYLE ('',( #2309 ) ) ;
#6411 = STYLED_ITEM ( 'NONE', ( #7774 ), #5475 ) ;
#6412 = ORIENTED_EDGE ( 'NONE', *, *, #3888, .T. ) ;
#6413 = ORIENTED_EDGE ( 'NONE', *, *, #3936, .T. ) ;
#6414 = PRESENTATION_LAYER_ASSIGNMENT (  '', '', ( #12274 ) ) ;
#6415 = AXIS2_PLACEMENT_3D ( 'NONE', #9177, #11151, #4428 ) ;
#6416 = ORIENTED_EDGE ( 'NONE', *, *, #1332, .T. ) ;
#6417 = DIRECTION ( 'NONE',  ( 0.000000000000000000, 0.000000000000000000, 1.000000000000000000 ) ) ;
#6418 = SURFACE_SIDE_STYLE ('',( #6474 ) ) ;
#6419 = CARTESIAN_POINT ( 'NONE',  ( -0.7740119375089348219, 0.5600000000000000533, 0.7849999999999981437 ) ) ;
#6420 = ADVANCED_FACE ( 'NONE', ( #5290 ), #12150, .F. ) ;
#6421 = VERTEX_POINT ( 'NONE', #4718 ) ;
#6422 = STYLED_ITEM ( 'NONE', ( #5924 ), #12244 ) ;
#6423 = CIRCLE ( 'NONE', #10461, 0.01901193750893602832 ) ;
#6424 = EDGE_CURVE ( 'NONE', #1448, #9298, #10328, .T. ) ;
#6425 = DIRECTION ( 'NONE',  ( 0.000000000000000000, 0.000000000000000000, -1.000000000000000000 ) ) ;
#6426 = CARTESIAN_POINT ( 'NONE',  ( -0.4809880624910625735, 0.5600000000000000533, -0.9159880624910591296 ) ) ;
#6427 =( GEOMETRIC_REPRESENTATION_CONTEXT ( 3 ) GLOBAL_UNCERTAINTY_ASSIGNED_CONTEXT ( ( #4224 ) ) GLOBAL_UNIT_ASSIGNED_CONTEXT ( ( #11619, #3800, #4599 ) ) REPRESENTATION_CONTEXT ( 'NONE', 'WORKASPACE' ) );
#6428 = FILL_AREA_STYLE ('',( #9280 ) ) ;
#6429 = SURFACE_STYLE_USAGE ( .BOTH. , #4517 ) ;
#6430 = EDGE_CURVE ( 'NONE', #10107, #10195, #9675, .T. ) ;
#6431 = CARTESIAN_POINT ( 'NONE',  ( -0.4809880624910627400, 0.5700000000000000622, -0.9349999999999966116 ) ) ;
#6432 =( NAMED_UNIT ( * ) PLANE_ANGLE_UNIT ( ) SI_UNIT ( $, .RADIAN. ) );
#6433 = ORIENTED_EDGE ( 'NONE', *, *, #7451, .T. ) ;
#6434 = DIRECTION ( 'NONE',  ( 0.000000000000000000, 0.000000000000000000, 1.000000000000000000 ) ) ;
#6435 = LINE ( 'NONE', #1668, #8939 ) ;
#6436 = ORIENTED_EDGE ( 'NONE', *, *, #12128, .F. ) ;
#6437 = CARTESIAN_POINT ( 'NONE',  ( -0.9159880624910616831, 0.5500000000000000444, -0.3059880624910617519 ) ) ;
#6438 = CIRCLE ( 'NONE', #10684, 0.01000000000000002623 ) ;
#6439 = ORIENTED_EDGE ( 'NONE', *, *, #11901, .T. ) ;
#6440 = CARTESIAN_POINT ( 'NONE',  ( 0.7549999999999981171, 0.5700000000000000622, 0.5940119375089355502 ) ) ;
#6441 = COLOUR_RGB ( '',0.6666666666666666297, 0.6980392156862744724, 0.7686274509803920907 ) ;
#6442 = EDGE_CURVE ( 'NONE', #1688, #94, #11504, .T. ) ;
#6443 =( LENGTH_UNIT ( ) NAMED_UNIT ( * ) SI_UNIT ( .MILLI., .METRE. ) );
#6444 = ORIENTED_EDGE ( 'NONE', *, *, #7948, .T. ) ;
#6445 = VECTOR ( 'NONE', #914, 1000.000000000000000 ) ;
#6446 = AXIS2_PLACEMENT_3D ( 'NONE', #10671, #4158, #9850 ) ;
#6447 = FILL_AREA_STYLE ('',( #747 ) ) ;
#6448 = MECHANICAL_DESIGN_GEOMETRIC_PRESENTATION_REPRESENTATION (  '', ( #9286 ), #1829 ) ;
#6449 = EDGE_CURVE ( 'NONE', #706, #4033, #4787, .T. ) ;
#6450 = CARTESIAN_POINT ( 'NONE',  ( 0.08098806249106277333, 0.5600000000000000533, 0.9159880624910624602 ) ) ;
#6451 =( NAMED_UNIT ( * ) SI_UNIT ( $, .STERADIAN. ) SOLID_ANGLE_UNIT ( ) );
#6452 = DIRECTION ( 'NONE',  ( -0.000000000000000000, 0.000000000000000000, 1.000000000000000000 ) ) ;
#6453 = PLANE ( 'NONE',  #10441 ) ;
#6454 = ORIENTED_EDGE ( 'NONE', *, *, #10033, .T. ) ;
#6455 = PLANE ( 'NONE',  #5385 ) ;
#6456 = AXIS2_PLACEMENT_3D ( 'NONE', #5778, #6802, #6680 ) ;
#6457 =( GEOMETRIC_REPRESENTATION_CONTEXT ( 3 ) GLOBAL_UNCERTAINTY_ASSIGNED_CONTEXT ( ( #12056 ) ) GLOBAL_UNIT_ASSIGNED_CONTEXT ( ( #11031, #6285, #3463 ) ) REPRESENTATION_CONTEXT ( 'NONE', 'WORKASPACE' ) );
#6458 = ORIENTED_EDGE ( 'NONE', *, *, #4493, .F. ) ;
#6459 = ORIENTED_EDGE ( 'NONE', *, *, #3890, .F. ) ;
#6460 = CARTESIAN_POINT ( 'NONE',  ( 0.9159880624910605729, 0.5700000000000000622, 0.7559880624910617630 ) ) ;
#6461 = CARTESIAN_POINT ( 'NONE',  ( -0.5100000000000000089, 0.5600000000000000533, -0.7740119375089341558 ) ) ;
#6462 = AXIS2_PLACEMENT_3D ( 'NONE', #11007, #4302, #9116 ) ;
#6463 = ORIENTED_EDGE ( 'NONE', *, *, #7759, .F. ) ;
#6464 = ORIENTED_EDGE ( 'NONE', *, *, #2794, .F. ) ;
#6465 =( NAMED_UNIT ( * ) PLANE_ANGLE_UNIT ( ) SI_UNIT ( $, .RADIAN. ) );
#6466 = DIRECTION ( 'NONE',  ( 0.000000000000000000, -1.000000000000000000, 0.000000000000000000 ) ) ;
#6467 = AXIS2_PLACEMENT_3D ( 'NONE', #4925, #1136, #8040 ) ;
#6468 = AXIS2_PLACEMENT_3D ( 'NONE', #5898, #11722, #4935 ) ;
#6469 = EDGE_CURVE ( 'NONE', #2490, #9321, #10936, .T. ) ;
#6470 = ORIENTED_EDGE ( 'NONE', *, *, #6853, .T. ) ;
#6471 =( LENGTH_UNIT ( ) NAMED_UNIT ( * ) SI_UNIT ( .MILLI., .METRE. ) );
#6472 = DIRECTION ( 'NONE',  ( 0.000000000000000000, 0.000000000000000000, -1.000000000000000000 ) ) ;
#6473 = LINE ( 'NONE', #10580, #7789 ) ;
#6474 = SURFACE_STYLE_FILL_AREA ( #6349 ) ;
#6475 = FILL_AREA_STYLE_COLOUR ( '', #5225 ) ;
#6476 = UNCERTAINTY_MEASURE_WITH_UNIT (LENGTH_MEASURE( 1.000000000000000082E-05 ), #7039, 'distance_accuracy_value', 'NONE');
#6477 = ORIENTED_EDGE ( 'NONE', *, *, #11191, .T. ) ;
#6478 = DIRECTION ( 'NONE',  ( -0.000000000000000000, -1.000000000000000000, -0.000000000000000000 ) ) ;
#6479 = AXIS2_PLACEMENT_3D ( 'NONE', #6104, #5139, #8984 ) ;
#6480 = STYLED_ITEM ( 'NONE', ( #11818 ), #6292 ) ;
#6481 = FACE_OUTER_BOUND ( 'NONE', #3865, .T. ) ;
#6482 = PRESENTATION_LAYER_ASSIGNMENT (  '', '', ( #11931 ) ) ;
#6483 = DIRECTION ( 'NONE',  ( -0.000000000000000000, 1.000000000000000000, -0.000000000000000000 ) ) ;
#6484 = COLOUR_RGB ( '',0.6666666666666666297, 0.6980392156862744724, 0.7686274509803920907 ) ;
#6485 = FILL_AREA_STYLE ('',( #6668 ) ) ;
#6486 = CARTESIAN_POINT ( 'NONE',  ( 0.08098806249106277333, 0.5700000000000000622, -0.9159880624910624602 ) ) ;
#6487 = EDGE_CURVE ( 'NONE', #9993, #6993, #8560, .T. ) ;
#6488 = CARTESIAN_POINT ( 'NONE',  ( 0.7740119375089370424, 0.5700000000000000622, 0.1440119375089355669 ) ) ;
#6489 = ADVANCED_FACE ( 'NONE', ( #7594 ), #6760, .F. ) ;
#6490 = PRESENTATION_LAYER_ASSIGNMENT (  '', '', ( #5870 ) ) ;
#6491 = COLOUR_RGB ( '',0.6666666666666666297, 0.6980392156862744724, 0.7686274509803920907 ) ;
#6492 =( NAMED_UNIT ( * ) SI_UNIT ( $, .STERADIAN. ) SOLID_ANGLE_UNIT ( ) );
#6493 = CYLINDRICAL_SURFACE ( 'NONE', #9749, 0.009999999999999998473 ) ;
#6494 = LINE ( 'NONE', #4643, #7427 ) ;
#6495 = CARTESIAN_POINT ( 'NONE',  ( -0.4809880624910624625, 0.5700000000000000622, -0.7549999999999966738 ) ) ;
#6496 = UNCERTAINTY_MEASURE_WITH_UNIT (LENGTH_MEASURE( 1.000000000000000082E-05 ), #1031, 'distance_accuracy_value', 'NONE');
#6497 = LINE ( 'NONE', #2601, #4506 ) ;
#6498 = FACE_OUTER_BOUND ( 'NONE', #1603, .T. ) ;
#6499 = SURFACE_STYLE_USAGE ( .BOTH. , #731 ) ;
#6500 = ORIENTED_EDGE ( 'NONE', *, *, #5092, .T. ) ;
#6501 = LINE ( 'NONE', #10485, #6445 ) ;
#6502 = EDGE_CURVE ( 'NONE', #3338, #4611, #11939, .T. ) ;
#6503 = ADVANCED_FACE ( 'NONE', ( #11385 ), #8498, .F. ) ;
#6504 = AXIS2_PLACEMENT_3D ( 'NONE', #12201, #11311, #4527 ) ;
#6505 =( NAMED_UNIT ( * ) PLANE_ANGLE_UNIT ( ) SI_UNIT ( $, .RADIAN. ) );
#6506 = EDGE_LOOP ( 'NONE', ( #7954, #3831, #4703, #6588 ) ) ;
#6507 =( NAMED_UNIT ( * ) SI_UNIT ( $, .STERADIAN. ) SOLID_ANGLE_UNIT ( ) );
#6508 = DIRECTION ( 'NONE',  ( 0.000000000000000000, -1.000000000000000000, 0.000000000000000000 ) ) ;
#6509 = CARTESIAN_POINT ( 'NONE',  ( -0.3875000000000001221, 0.4500000000000001221, 1.000000000000000000 ) ) ;
#6510 = UNCERTAINTY_MEASURE_WITH_UNIT (LENGTH_MEASURE( 1.000000000000000082E-05 ), #10787, 'distance_accuracy_value', 'NONE');
#6511 = PLANE ( 'NONE',  #9500 ) ;
#6512 = FACE_OUTER_BOUND ( 'NONE', #7115, .T. ) ;
#6513 = ORIENTED_EDGE ( 'NONE', *, *, #4404, .F. ) ;
#6514 = DIRECTION ( 'NONE',  ( 5.421010862427508759E-15, 0.000000000000000000, -1.000000000000000000 ) ) ;
#6515 =( GEOMETRIC_REPRESENTATION_CONTEXT ( 3 ) GLOBAL_UNCERTAINTY_ASSIGNED_CONTEXT ( ( #2358 ) ) GLOBAL_UNIT_ASSIGNED_CONTEXT ( ( #9039, #3095, #2214 ) ) REPRESENTATION_CONTEXT ( 'NONE', 'WORKASPACE' ) );
#6516 = FILL_AREA_STYLE ('',( #2681 ) ) ;
#6517 = EDGE_CURVE ( 'NONE', #1261, #8244, #303, .T. ) ;
#6518 = DIRECTION ( 'NONE',  ( -1.000000000000000000, 0.000000000000000000, -5.421010862427507971E-15 ) ) ;
#6519 = DIRECTION ( 'NONE',  ( 0.000000000000000000, -1.000000000000000000, -3.252606517456504467E-14 ) ) ;
#6520 =( NAMED_UNIT ( * ) SI_UNIT ( $, .STERADIAN. ) SOLID_ANGLE_UNIT ( ) );
#6521 = CARTESIAN_POINT ( 'NONE',  ( -0.4809880624910625735, 0.5600000000000000533, -0.9159880624910591296 ) ) ;
#6522 = EDGE_LOOP ( 'NONE', ( #8325, #11946, #9624, #3428 ) ) ;
#6523 = FACE_OUTER_BOUND ( 'NONE', #10000, .T. ) ;
#6524 = ORIENTED_EDGE ( 'NONE', *, *, #10790, .T. ) ;
#6525 = SURFACE_STYLE_FILL_AREA ( #699 ) ;
#6526 = FACE_OUTER_BOUND ( 'NONE', #8980, .T. ) ;
#6527 = ORIENTED_EDGE ( 'NONE', *, *, #3495, .F. ) ;
#6528 = LINE ( 'NONE', #761, #3540 ) ;
#6529 = AXIS2_PLACEMENT_3D ( 'NONE', #6775, #5886, #3940 ) ;
#6530 = CARTESIAN_POINT ( 'NONE',  ( -0.3190119375089374709, 0.5500000000000000444, -0.9159880624910602398 ) ) ;
#6531 = ORIENTED_EDGE ( 'NONE', *, *, #8738, .T. ) ;
#6532 = PLANE ( 'NONE',  #2057 ) ;
#6533 = EDGE_LOOP ( 'NONE', ( #10605, #8380, #11270, #5811 ) ) ;
#6534 =( LENGTH_UNIT ( ) NAMED_UNIT ( * ) SI_UNIT ( .MILLI., .METRE. ) );
#6535 = LINE ( 'NONE', #10394, #6107 ) ;
#6536 = DIRECTION ( 'NONE',  ( -1.000000000000000000, -0.000000000000000000, -1.084202172485501752E-14 ) ) ;
#6537 = AXIS2_PLACEMENT_3D ( 'NONE', #3287, #10985, #3964 ) ;
#6538 = EDGE_LOOP ( 'NONE', ( #5878, #9973, #4361, #5641 ) ) ;
#6539 = ADVANCED_FACE ( 'NONE', ( #5033 ), #8868, .T. ) ;
#6540 =( NAMED_UNIT ( * ) PLANE_ANGLE_UNIT ( ) SI_UNIT ( $, .RADIAN. ) );
#6541 = DIRECTION ( 'NONE',  ( 0.000000000000000000, 0.000000000000000000, -1.000000000000000000 ) ) ;
#6542 = FILL_AREA_STYLE_COLOUR ( '', #10494 ) ;
#6543 = PLANE ( 'NONE',  #8505 ) ;
#6544 = DIRECTION ( 'NONE',  ( 0.000000000000000000, -1.000000000000000000, 0.000000000000000000 ) ) ;
#6545 = CARTESIAN_POINT ( 'NONE',  ( 0.7740119375089357101, 0.5600000000000000533, -0.5649999999999981704 ) ) ;
#6547 = PRESENTATION_STYLE_ASSIGNMENT (( #904 ) ) ;
#6546 = FILL_AREA_STYLE ('',( #10347 ) ) ;
#6548 = DIRECTION ( 'NONE',  ( 0.000000000000000000, 1.000000000000000000, 0.000000000000000000 ) ) ;
#6549 = DIRECTION ( 'NONE',  ( -1.000000000000000000, 0.000000000000000000, 0.000000000000000000 ) ) ;
#6550 = EDGE_CURVE ( 'NONE', #94, #7438, #890, .T. ) ;
#6551 = DIRECTION ( 'NONE',  ( 3.818255261657576533E-15, 0.000000000000000000, 1.000000000000000000 ) ) ;
#6552 = COLOUR_RGB ( '',0.6666666666666666297, 0.6980392156862744724, 0.7686274509803920907 ) ;
#6553 = EDGE_CURVE ( 'NONE', #1858, #3575, #691, .T. ) ;
#6554 = CARTESIAN_POINT ( 'NONE',  ( 0.08098806249105856836, 0.5500000000000000444, -0.7450000000000006617 ) ) ;
#6555 = DIRECTION ( 'NONE',  ( 0.000000000000000000, 0.000000000000000000, -1.000000000000000000 ) ) ;
#6557 = CARTESIAN_POINT ( 'NONE',  ( -0.7740119375089351550, 0.5600000000000000533, 0.5749999999999981792 ) ) ;
#6556 =( GEOMETRIC_REPRESENTATION_CONTEXT ( 3 ) GLOBAL_UNCERTAINTY_ASSIGNED_CONTEXT ( ( #1121 ) ) GLOBAL_UNIT_ASSIGNED_CONTEXT ( ( #8032, #11883, #1360 ) ) REPRESENTATION_CONTEXT ( 'NONE', 'WORKASPACE' ) );
#6558 =( LENGTH_UNIT ( ) NAMED_UNIT ( * ) SI_UNIT ( .MILLI., .METRE. ) );
#6559 = EDGE_LOOP ( 'NONE', ( #3695, #11318, #143, #5160 ) ) ;
#6560 = DIRECTION ( 'NONE',  ( -1.084202172485504592E-14, 0.000000000000000000, -1.000000000000000000 ) ) ;
#6561 = CARTESIAN_POINT ( 'NONE',  ( -0.7740119375089350440, 0.5600000000000000533, 0.5940119375089355502 ) ) ;
#6562 =( GEOMETRIC_REPRESENTATION_CONTEXT ( 3 ) GLOBAL_UNCERTAINTY_ASSIGNED_CONTEXT ( ( #4569 ) ) GLOBAL_UNIT_ASSIGNED_CONTEXT ( ( #9498, #12346, #5552 ) ) REPRESENTATION_CONTEXT ( 'NONE', 'WORKASPACE' ) );
#6563 = DIRECTION ( 'NONE',  ( -0.000000000000000000, -1.000000000000000000, -0.000000000000000000 ) ) ;
#6564 = SURFACE_STYLE_USAGE ( .BOTH. , #9488 ) ;
#6565 = CARTESIAN_POINT ( 'NONE',  ( -0.9999999999999997780, 0.5500000000000000444, 1.000000000000000000 ) ) ;
#6566 = CARTESIAN_POINT ( 'NONE',  ( 0.9159880624910622382, 0.5600000000000000533, 0.1440119375089366216 ) ) ;
#6567 =( GEOMETRIC_REPRESENTATION_CONTEXT ( 3 ) GLOBAL_UNCERTAINTY_ASSIGNED_CONTEXT ( ( #5875 ) ) GLOBAL_UNIT_ASSIGNED_CONTEXT ( ( #12207, #5492, #7065 ) ) REPRESENTATION_CONTEXT ( 'NONE', 'WORKASPACE' ) );
#6568 = FILL_AREA_STYLE ('',( #1731 ) ) ;
#6569 = EDGE_CURVE ( 'NONE', #12172, #2075, #8934, .T. ) ;
#6570 = AXIS2_PLACEMENT_3D ( 'NONE', #6303, #11982, #4516 ) ;
#6571 =( LENGTH_UNIT ( ) NAMED_UNIT ( * ) SI_UNIT ( .MILLI., .METRE. ) );
#6572 = DIRECTION ( 'NONE',  ( 0.000000000000000000, -1.000000000000000000, 0.000000000000000000 ) ) ;
#6573 =( LENGTH_UNIT ( ) NAMED_UNIT ( * ) SI_UNIT ( .MILLI., .METRE. ) );
#6574 = CIRCLE ( 'NONE', #2565, 0.01901193750893738141 ) ;
#6575 = DIRECTION ( 'NONE',  ( 0.000000000000000000, 0.000000000000000000, -1.000000000000000000 ) ) ;
#6576 = ORIENTED_EDGE ( 'NONE', *, *, #9673, .T. ) ;
#6577 = DIRECTION ( 'NONE',  ( 0.000000000000000000, -1.000000000000000000, 0.000000000000000000 ) ) ;
#6578 = ORIENTED_EDGE ( 'NONE', *, *, #4315, .T. ) ;
#6579 = CARTESIAN_POINT ( 'NONE',  ( 0.9159880624910622382, 0.5700000000000000622, 0.1440119375089366216 ) ) ;
#6580 = PLANE ( 'NONE',  #7096 ) ;
#6581 = EDGE_LOOP ( 'NONE', ( #2326, #10804, #8234, #3034, #10505, #9186, #282, #11344 ) ) ;
#6582 = ORIENTED_EDGE ( 'NONE', *, *, #7304, .F. ) ;
#6583 = ADVANCED_FACE ( 'NONE', ( #2156 ), #7835, .F. ) ;
#6584 = STYLED_ITEM ( 'NONE', ( #7941 ), #10221 ) ;
#6585 = TOROIDAL_SURFACE ( 'NONE', #4364, 0.02901193750893743539, 0.01000000000000000021 ) ;
#6586 = CIRCLE ( 'NONE', #9621, 0.01901193750893743692 ) ;
#6587 = SURFACE_SIDE_STYLE ('',( #7671 ) ) ;
#6588 = ORIENTED_EDGE ( 'NONE', *, *, #6946, .T. ) ;
#6589 = ORIENTED_EDGE ( 'NONE', *, *, #756, .T. ) ;
#6590 = DIRECTION ( 'NONE',  ( -1.084202172485504187E-16, -0.000000000000000000, -1.000000000000000000 ) ) ;
#6591 = AXIS2_PLACEMENT_3D ( 'NONE', #9944, #1505, #11093 ) ;
#6592 = ORIENTED_EDGE ( 'NONE', *, *, #3685, .T. ) ;
#6593 = DIRECTION ( 'NONE',  ( 1.084202172485501594E-14, 0.000000000000000000, 1.000000000000000000 ) ) ;
#6594 = FACE_OUTER_BOUND ( 'NONE', #7417, .T. ) ;
#6595 = CARTESIAN_POINT ( 'NONE',  ( -0.08098806249106238475, 0.5500000000000000444, 0.9159880624910624602 ) ) ;
#6596 = MECHANICAL_DESIGN_GEOMETRIC_PRESENTATION_REPRESENTATION (  '', ( #3979 ), #8628 ) ;
#6597 = VECTOR ( 'NONE', #7095, 1000.000000000000000 ) ;
#6598 = VECTOR ( 'NONE', #10742, 1000.000000000000000 ) ;
#6599 = CARTESIAN_POINT ( 'NONE',  ( 0.3190119375089379150, 0.5600000000000000533, 0.7740119375089351550 ) ) ;
#6600 = EDGE_LOOP ( 'NONE', ( #2157, #3285, #4436, #9117 ) ) ;
#6601 = MECHANICAL_DESIGN_GEOMETRIC_PRESENTATION_REPRESENTATION (  '', ( #3789 ), #1187 ) ;
#6602 =( NAMED_UNIT ( * ) PLANE_ANGLE_UNIT ( ) SI_UNIT ( $, .RADIAN. ) );
#6603 =( GEOMETRIC_REPRESENTATION_CONTEXT ( 3 ) GLOBAL_UNCERTAINTY_ASSIGNED_CONTEXT ( ( #6496 ) ) GLOBAL_UNIT_ASSIGNED_CONTEXT ( ( #1031, #1150, #217 ) ) REPRESENTATION_CONTEXT ( 'NONE', 'WORKASPACE' ) );
#6604 = DIRECTION ( 'NONE',  ( 0.000000000000000000, -1.000000000000000000, 0.000000000000000000 ) ) ;
#6605 = STYLED_ITEM ( 'NONE', ( #7751 ), #10756 ) ;
#6606 = STYLED_ITEM ( 'NONE', ( #3420 ), #10036 ) ;
#6607 = FILL_AREA_STYLE ('',( #9763 ) ) ;
#6608 = LINE ( 'NONE', #8470, #2441 ) ;
#6609 = EDGE_CURVE ( 'NONE', #7643, #8220, #2482, .T. ) ;
#6610 = CYLINDRICAL_SURFACE ( 'NONE', #5137, 0.01000000000000002623 ) ;
#6611 =( NAMED_UNIT ( * ) PLANE_ANGLE_UNIT ( ) SI_UNIT ( $, .RADIAN. ) );
#6612 = AXIS2_PLACEMENT_3D ( 'NONE', #6579, #1873, #7598 ) ;
#6613 = DIRECTION ( 'NONE',  ( 0.000000000000000000, -1.000000000000000000, 0.000000000000000000 ) ) ;
#6614 = VECTOR ( 'NONE', #6996, 1000.000000000000000 ) ;
#6615 = SURFACE_SIDE_STYLE ('',( #11550 ) ) ;
#6616 = UNCERTAINTY_MEASURE_WITH_UNIT (LENGTH_MEASURE( 1.000000000000000082E-05 ), #8479, 'distance_accuracy_value', 'NONE');
#6617 = STYLED_ITEM ( 'NONE', ( #6772 ), #10386 ) ;
#6618 = CARTESIAN_POINT ( 'NONE',  ( -0.9159880624910621272, 0.5700000000000000622, -0.1249999999999991396 ) ) ;
#6619 = AXIS2_PLACEMENT_3D ( 'NONE', #12334, #7712, #10426 ) ;
#6620 = VECTOR ( 'NONE', #7756, 1000.000000000000000 ) ;
#6621 = CARTESIAN_POINT ( 'NONE',  ( 0.3190119375089379150, 0.5700000000000000622, -0.9159880624910602398 ) ) ;
#6622 = DIRECTION ( 'NONE',  ( 0.000000000000000000, 0.000000000000000000, -1.000000000000000000 ) ) ;
#6623 = ORIENTED_EDGE ( 'NONE', *, *, #11027, .F. ) ;
#6624 = ORIENTED_EDGE ( 'NONE', *, *, #1148, .F. ) ;
#6625 = ADVANCED_FACE ( 'NONE', ( #7330 ), #9109, .F. ) ;
#6626 = SURFACE_STYLE_USAGE ( .BOTH. , #5536 ) ;
#6627 = DIRECTION ( 'NONE',  ( 1.000000000000000000, -0.000000000000000000, 0.000000000000000000 ) ) ;
#6628 = PLANE ( 'NONE',  #868 ) ;
#6629 = UNCERTAINTY_MEASURE_WITH_UNIT (LENGTH_MEASURE( 1.000000000000000082E-05 ), #1594, 'distance_accuracy_value', 'NONE');
#6630 = DIRECTION ( 'NONE',  ( 0.000000000000000000, -1.000000000000000000, 0.000000000000000000 ) ) ;
#6631 = UNCERTAINTY_MEASURE_WITH_UNIT (LENGTH_MEASURE( 1.000000000000000082E-05 ), #8404, 'distance_accuracy_value', 'NONE');
#6632 = PLANE ( 'NONE',  #5846 ) ;
#6633 = DIRECTION ( 'NONE',  ( 0.000000000000000000, 0.000000000000000000, 1.000000000000000000 ) ) ;
#6634 = ORIENTED_EDGE ( 'NONE', *, *, #618, .T. ) ;
#6635 = SURFACE_STYLE_USAGE ( .BOTH. , #2800 ) ;
#6636 = DIRECTION ( 'NONE',  ( -0.000000000000000000, -1.000000000000000000, -0.000000000000000000 ) ) ;
#6637 = EDGE_CURVE ( 'NONE', #1142, #7353, #7209, .T. ) ;
#6638 = SURFACE_SIDE_STYLE ('',( #5806 ) ) ;
#6639 = LINE ( 'NONE', #930, #9416 ) ;
#6640 = EDGE_CURVE ( 'NONE', #10465, #5910, #6435, .T. ) ;
#6641 = ORIENTED_EDGE ( 'NONE', *, *, #12414, .F. ) ;
#6642 = CARTESIAN_POINT ( 'NONE',  ( -0.4800000000000000377, 0.5700000000000000622, -0.5000000000000002220 ) ) ;
#6643 = ORIENTED_EDGE ( 'NONE', *, *, #3003, .T. ) ;
#6644 = VERTEX_POINT ( 'NONE', #734 ) ;
#6645 = FACE_OUTER_BOUND ( 'NONE', #5364, .T. ) ;
#6646 = MECHANICAL_DESIGN_GEOMETRIC_PRESENTATION_REPRESENTATION (  '', ( #9090 ), #2832 ) ;
#6647 =( GEOMETRIC_REPRESENTATION_CONTEXT ( 3 ) GLOBAL_UNCERTAINTY_ASSIGNED_CONTEXT ( ( #9282 ) ) GLOBAL_UNIT_ASSIGNED_CONTEXT ( ( #2830, #4750, #9398 ) ) REPRESENTATION_CONTEXT ( 'NONE', 'WORKASPACE' ) );
#6648 = DIRECTION ( 'NONE',  ( 0.000000000000000000, -1.000000000000000000, 0.000000000000000000 ) ) ;
#6649 = VERTEX_POINT ( 'NONE', #8409 ) ;
#6650 = CARTESIAN_POINT ( 'NONE',  ( 0.7740119375089355991, 0.5700000000000000622, 0.5749999999999981792 ) ) ;
#6651 = FILL_AREA_STYLE ('',( #4868 ) ) ;
#6652 = EDGE_CURVE ( 'NONE', #1445, #2749, #12134, .T. ) ;
#6653 = DIRECTION ( 'NONE',  ( -0.000000000000000000, -0.000000000000000000, -1.000000000000000000 ) ) ;
#6654 =( NAMED_UNIT ( * ) SI_UNIT ( $, .STERADIAN. ) SOLID_ANGLE_UNIT ( ) );
#6655 =( NAMED_UNIT ( * ) PLANE_ANGLE_UNIT ( ) SI_UNIT ( $, .RADIAN. ) );
#6656 = EDGE_CURVE ( 'NONE', #3094, #3544, #5480, .T. ) ;
#6657 = AXIS2_PLACEMENT_3D ( 'NONE', #9035, #11861, #2276 ) ;
#6658 =( NAMED_UNIT ( * ) SI_UNIT ( $, .STERADIAN. ) SOLID_ANGLE_UNIT ( ) );
#6659 = VECTOR ( 'NONE', #10479, 1000.000000000000000 ) ;
#6660 = ORIENTED_EDGE ( 'NONE', *, *, #4952, .F. ) ;
#6661 = AXIS2_PLACEMENT_3D ( 'NONE', #3375, #7229, #2494 ) ;
#6662 = DIRECTION ( 'NONE',  ( -1.000000000000000000, 0.000000000000000000, 1.084202172485504311E-16 ) ) ;
#6663 = VERTEX_POINT ( 'NONE', #3491 ) ;
#6664 = MECHANICAL_DESIGN_GEOMETRIC_PRESENTATION_REPRESENTATION (  '', ( #2447 ), #457 ) ;
#6665 = SURFACE_STYLE_USAGE ( .BOTH. , #7624 ) ;
#6666 =( GEOMETRIC_REPRESENTATION_CONTEXT ( 3 ) GLOBAL_UNCERTAINTY_ASSIGNED_CONTEXT ( ( #7264 ) ) GLOBAL_UNIT_ASSIGNED_CONTEXT ( ( #646, #9015, #11970 ) ) REPRESENTATION_CONTEXT ( 'NONE', 'WORKASPACE' ) );
#6667 = AXIS2_PLACEMENT_3D ( 'NONE', #47, #5604, #3677 ) ;
#6668 = FILL_AREA_STYLE_COLOUR ( '', #10697 ) ;
#6669 = CARTESIAN_POINT ( 'NONE',  ( -0.9349999999999976108, 0.5600000000000000533, 0.5940119375089366605 ) ) ;
#6670 = ORIENTED_EDGE ( 'NONE', *, *, #6777, .T. ) ;
#6671 = LINE ( 'NONE', #10345, #5842 ) ;
#6672 = ORIENTED_EDGE ( 'NONE', *, *, #10740, .T. ) ;
#6673 =( GEOMETRIC_REPRESENTATION_CONTEXT ( 3 ) GLOBAL_UNCERTAINTY_ASSIGNED_CONTEXT ( ( #10930 ) ) GLOBAL_UNIT_ASSIGNED_CONTEXT ( ( #11895, #8827, #4926 ) ) REPRESENTATION_CONTEXT ( 'NONE', 'WORKASPACE' ) );
#6674 = EDGE_CURVE ( 'NONE', #117, #7351, #10228, .T. ) ;
#6675 = DIRECTION ( 'NONE',  ( 1.084202172485501594E-14, 0.000000000000000000, 1.000000000000000000 ) ) ;
#6676 = SURFACE_STYLE_FILL_AREA ( #7633 ) ;
#6677 = SURFACE_SIDE_STYLE ('',( #11549 ) ) ;
#6678 =( GEOMETRIC_REPRESENTATION_CONTEXT ( 3 ) GLOBAL_UNCERTAINTY_ASSIGNED_CONTEXT ( ( #2342 ) ) GLOBAL_UNIT_ASSIGNED_CONTEXT ( ( #1791, #3552, #2371 ) ) REPRESENTATION_CONTEXT ( 'NONE', 'WORKASPACE' ) );
#6679 = AXIS2_PLACEMENT_3D ( 'NONE', #11524, #6716, #8695 ) ;
#6680 = DIRECTION ( 'NONE',  ( 0.000000000000000000, 0.000000000000000000, -1.000000000000000000 ) ) ;
#6681 = VECTOR ( 'NONE', #11980, 1000.000000000000000 ) ;
#6682 = CARTESIAN_POINT ( 'NONE',  ( 0.9349999999999980549, 0.5700000000000000622, 0.7559880624910617630 ) ) ;
#6683 =( NAMED_UNIT ( * ) PLANE_ANGLE_UNIT ( ) SI_UNIT ( $, .RADIAN. ) );
#6684 =( GEOMETRIC_REPRESENTATION_CONTEXT ( 3 ) GLOBAL_UNCERTAINTY_ASSIGNED_CONTEXT ( ( #3348 ) ) GLOBAL_UNIT_ASSIGNED_CONTEXT ( ( #6404, #1442, #8307 ) ) REPRESENTATION_CONTEXT ( 'NONE', 'WORKASPACE' ) );
#6685 = VECTOR ( 'NONE', #4251, 1000.000000000000000 ) ;
#6686 = CARTESIAN_POINT ( 'NONE',  ( 0.9159880624910625713, 0.5700000000000000622, 0.1249999999999991951 ) ) ;
#6687 = MECHANICAL_DESIGN_GEOMETRIC_PRESENTATION_REPRESENTATION (  '', ( #10327 ), #7890 ) ;
#6688 = COLOUR_RGB ( '',0.6666666666666666297, 0.6980392156862744724, 0.7686274509803920907 ) ;
#6689 = CARTESIAN_POINT ( 'NONE',  ( 0.7740119375089363762, 0.5500000000000000444, 0.3349999999999982991 ) ) ;
#6690 = CARTESIAN_POINT ( 'NONE',  ( 0.08098806249106281496, 0.5700000000000000622, -0.7740119375089372644 ) ) ;
#6691 = ORIENTED_EDGE ( 'NONE', *, *, #12065, .T. ) ;
#6692 = LINE ( 'NONE', #7763, #297 ) ;
#6693 = CARTESIAN_POINT ( 'NONE',  ( -0.7549999999999976730, 0.5700000000000000622, 0.5940119375089355502 ) ) ;
#6694 = AXIS2_PLACEMENT_3D ( 'NONE', #12083, #8499, #8364 ) ;
#6695 = SURFACE_STYLE_FILL_AREA ( #5541 ) ;
#6696 = CARTESIAN_POINT ( 'NONE',  ( -0.3190119375089376375, 0.5500000000000000444, -0.9449999999999977307 ) ) ;
#6697 = DIRECTION ( 'NONE',  ( 0.000000000000000000, 1.000000000000000000, 0.000000000000000000 ) ) ;
#6698 = SURFACE_STYLE_FILL_AREA ( #56 ) ;
#6699 = EDGE_CURVE ( 'NONE', #10833, #11336, #1605, .T. ) ;
#6700 =( LENGTH_UNIT ( ) NAMED_UNIT ( * ) SI_UNIT ( .MILLI., .METRE. ) );
#6701 =( LENGTH_UNIT ( ) NAMED_UNIT ( * ) SI_UNIT ( .MILLI., .METRE. ) );
#6702 = SURFACE_SIDE_STYLE ('',( #3815 ) ) ;
#6703 = VERTEX_POINT ( 'NONE', #3357 ) ;
#6704 = ORIENTED_EDGE ( 'NONE', *, *, #508, .T. ) ;
#6705 = PRESENTATION_STYLE_ASSIGNMENT (( #9562 ) ) ;
#6706 = STYLED_ITEM ( 'NONE', ( #6160 ), #7731 ) ;
#6707 =( NAMED_UNIT ( * ) PLANE_ANGLE_UNIT ( ) SI_UNIT ( $, .RADIAN. ) );
#6708 = VERTEX_POINT ( 'NONE', #6174 ) ;
#6709 = ORIENTED_EDGE ( 'NONE', *, *, #9216, .F. ) ;
#6710 = DIRECTION ( 'NONE',  ( 1.000000000000000000, 1.084202172485501752E-14, -2.168404344971003504E-14 ) ) ;
#6711 = ADVANCED_FACE ( 'NONE', ( #4351 ), #8142, .F. ) ;
#6712 = FILL_AREA_STYLE ('',( #6769 ) ) ;
#6713 = ORIENTED_EDGE ( 'NONE', *, *, #2171, .T. ) ;
#6714 = DIRECTION ( 'NONE',  ( 0.000000000000000000, 0.000000000000000000, -1.000000000000000000 ) ) ;
#6715 = VECTOR ( 'NONE', #165, 1000.000000000000000 ) ;
#6716 = DIRECTION ( 'NONE',  ( 1.000000000000000000, 0.000000000000000000, 6.693592482257194052E-15 ) ) ;
#6717 = SURFACE_SIDE_STYLE ('',( #8697 ) ) ;
#6718 = FILL_AREA_STYLE ('',( #9692 ) ) ;
#6719 = SURFACE_STYLE_USAGE ( .BOTH. , #7678 ) ;
#6720 = ORIENTED_EDGE ( 'NONE', *, *, #1597, .T. ) ;
#6721 = FACE_OUTER_BOUND ( 'NONE', #9567, .T. ) ;
#6722 = DIRECTION ( 'NONE',  ( -0.000000000000000000, -1.000000000000000000, -0.000000000000000000 ) ) ;
#6723 = MECHANICAL_DESIGN_GEOMETRIC_PRESENTATION_REPRESENTATION (  '', ( #12186 ), #6937 ) ;
#6724 = ORIENTED_EDGE ( 'NONE', *, *, #4952, .T. ) ;
#6725 = PRESENTATION_LAYER_ASSIGNMENT (  '', '', ( #10769 ) ) ;
#6726 = DIRECTION ( 'NONE',  ( -6.693592482257194052E-15, 0.000000000000000000, -1.000000000000000000 ) ) ;
#6727 = EDGE_CURVE ( 'NONE', #5065, #5882, #2082, .T. ) ;
#6728 = DIRECTION ( 'NONE',  ( -1.000000000000000000, 0.000000000000000000, 7.362951730482913772E-15 ) ) ;
#6729 = ORIENTED_EDGE ( 'NONE', *, *, #943, .T. ) ;
#6730 = CARTESIAN_POINT ( 'NONE',  ( -0.7449999999999993294, 0.5600000000000000533, 0.1440119375089355391 ) ) ;
#6731 = DIRECTION ( 'NONE',  ( 0.000000000000000000, 0.000000000000000000, -1.000000000000000000 ) ) ;
#6732 = EDGE_LOOP ( 'NONE', ( #6028, #2870, #8433, #6133, #1378, #2422, #1010, #5750 ) ) ;
#6733 = DIRECTION ( 'NONE',  ( -0.000000000000000000, -1.000000000000000000, -0.000000000000000000 ) ) ;
#6734 = VECTOR ( 'NONE', #9205, 1000.000000000000000 ) ;
#6735 = STYLED_ITEM ( 'NONE', ( #7265 ), #8273 ) ;
#6736 = FILL_AREA_STYLE_COLOUR ( '', #966 ) ;
#6738 = DIRECTION ( 'NONE',  ( 1.000000000000000000, 0.000000000000000000, -0.000000000000000000 ) ) ;
#6737 = DIRECTION ( 'NONE',  ( 0.000000000000000000, 0.000000000000000000, -1.000000000000000000 ) ) ;
#6739 = DIRECTION ( 'NONE',  ( -1.000000000000000000, 0.000000000000000000, 6.693592482257194052E-15 ) ) ;
#6740 = CYLINDRICAL_SURFACE ( 'NONE', #6456, 0.01901193750893732937 ) ;
#6741 = UNCERTAINTY_MEASURE_WITH_UNIT (LENGTH_MEASURE( 1.000000000000000082E-05 ), #7512, 'distance_accuracy_value', 'NONE');
#6742 = DIRECTION ( 'NONE',  ( 0.000000000000000000, -1.000000000000000000, 0.000000000000000000 ) ) ;
#6743 = CIRCLE ( 'NONE', #8371, 0.01000000000000002623 ) ;
#6744 = EDGE_CURVE ( 'NONE', #6093, #7050, #9676, .T. ) ;
#6745 = CARTESIAN_POINT ( 'NONE',  ( -0.9159880624910602398, 0.5500000000000000444, 0.5649999999999991696 ) ) ;
#6746 = SURFACE_SIDE_STYLE ('',( #2902 ) ) ;
#6747 = ORIENTED_EDGE ( 'NONE', *, *, #10672, .T. ) ;
#6748 =( NAMED_UNIT ( * ) SI_UNIT ( $, .STERADIAN. ) SOLID_ANGLE_UNIT ( ) );
#6749 = DIRECTION ( 'NONE',  ( -5.421010862427507971E-15, 0.000000000000000000, -1.000000000000000000 ) ) ;
#6750 = UNCERTAINTY_MEASURE_WITH_UNIT (LENGTH_MEASURE( 1.000000000000000082E-05 ), #11391, 'distance_accuracy_value', 'NONE');
#6751 = CARTESIAN_POINT ( 'NONE',  ( -0.7740119375089350440, 0.5600000000000000533, -0.5940119375089355502 ) ) ;
#6752 = LINE ( 'NONE', #6565, #11047 ) ;
#6753 = UNCERTAINTY_MEASURE_WITH_UNIT (LENGTH_MEASURE( 1.000000000000000082E-05 ), #11011, 'distance_accuracy_value', 'NONE');
#6754 = CARTESIAN_POINT ( 'NONE',  ( -0.9999999999999997780, 0.000000000000000000, 1.000000000000000000 ) ) ;
#6755 =( NAMED_UNIT ( * ) SI_UNIT ( $, .STERADIAN. ) SOLID_ANGLE_UNIT ( ) );
#6756 = ORIENTED_EDGE ( 'NONE', *, *, #6777, .F. ) ;
#6757 = CARTESIAN_POINT ( 'NONE',  ( 0.9449999999999992850, 0.5600000000000000533, 0.3059880624910619740 ) ) ;
#6758 = TOROIDAL_SURFACE ( 'NONE', #4523, 0.02901193750893905562, 0.01000000000000000021 ) ;
#6759 = AXIS2_PLACEMENT_3D ( 'NONE', #8819, #7736, #4007 ) ;
#6760 = CYLINDRICAL_SURFACE ( 'NONE', #9532, 0.01000000000000002623 ) ;
#6761 = CARTESIAN_POINT ( 'NONE',  ( -0.7549999999999993383, 0.5700000000000000622, 0.1440119375089355669 ) ) ;
#6762 = EDGE_CURVE ( 'NONE', #3569, #3523, #4652, .T. ) ;
#6763 = DIRECTION ( 'NONE',  ( 0.000000000000000000, 0.000000000000000000, -1.000000000000000000 ) ) ;
#6764 = COLOUR_RGB ( '',0.6666666666666666297, 0.6980392156862744724, 0.7686274509803920907 ) ;
#6765 =( NAMED_UNIT ( * ) SI_UNIT ( $, .STERADIAN. ) SOLID_ANGLE_UNIT ( ) );
#6766 = EDGE_LOOP ( 'NONE', ( #6582, #3261, #5315, #8772 ) ) ;
#6767 = MECHANICAL_DESIGN_GEOMETRIC_PRESENTATION_REPRESENTATION (  '', ( #9006 ), #6562 ) ;
#6768 = DIRECTION ( 'NONE',  ( -0.000000000000000000, -1.000000000000000000, -0.000000000000000000 ) ) ;
#6769 = FILL_AREA_STYLE_COLOUR ( '', #9421 ) ;
#6770 = CIRCLE ( 'NONE', #1969, 0.01901193750893570220 ) ;
#6771 = AXIS2_PLACEMENT_3D ( 'NONE', #9901, #9028, #4843 ) ;
#6772 = PRESENTATION_STYLE_ASSIGNMENT (( #8573 ) ) ;
#6773 = PLANE ( 'NONE',  #9314 ) ;
#6774 = CARTESIAN_POINT ( 'NONE',  ( -0.9999999999999997780, 0.4750000000000001443, 1.000000000000000000 ) ) ;
#6775 = CARTESIAN_POINT ( 'NONE',  ( -0.7549999999999976730, 0.5700000000000000622, 0.5940119375089355502 ) ) ;
#6776 = DIRECTION ( 'NONE',  ( -1.000000000000000000, 0.000000000000000000, 1.084202172485501752E-14 ) ) ;
#6777 = EDGE_CURVE ( 'NONE', #6332, #4529, #10915, .T. ) ;
#6778 = ORIENTED_EDGE ( 'NONE', *, *, #3103, .F. ) ;
#6779 = LINE ( 'NONE', #5820, #7603 ) ;
#6780 = CIRCLE ( 'NONE', #969, 0.009999999999999998473 ) ;
#6781 = DIRECTION ( 'NONE',  ( 0.000000000000000000, 1.000000000000000000, 0.000000000000000000 ) ) ;
#6782 = ORIENTED_EDGE ( 'NONE', *, *, #8024, .T. ) ;
#6783 = DIRECTION ( 'NONE',  ( 0.000000000000000000, -1.000000000000000000, 0.000000000000000000 ) ) ;
#6784 = SURFACE_SIDE_STYLE ('',( #9578 ) ) ;
#6785 = AXIS2_PLACEMENT_3D ( 'NONE', #3084, #6929, #9835 ) ;
#6786 = DIRECTION ( 'NONE',  ( 0.000000000000000000, 0.000000000000000000, -1.000000000000000000 ) ) ;
#6787 = VERTEX_POINT ( 'NONE', #7868 ) ;
#6788 = VECTOR ( 'NONE', #9501, 1000.000000000000000 ) ;
#6789 =( LENGTH_UNIT ( ) NAMED_UNIT ( * ) SI_UNIT ( .MILLI., .METRE. ) );
#6790 = SURFACE_STYLE_USAGE ( .BOTH. , #8774 ) ;
#6791 = PRESENTATION_LAYER_ASSIGNMENT (  '', '', ( #9831 ) ) ;
#6792 = MECHANICAL_DESIGN_GEOMETRIC_PRESENTATION_REPRESENTATION (  '', ( #12253 ), #1769 ) ;
#6794 = FACE_OUTER_BOUND ( 'NONE', #7985, .T. ) ;
#6793 = AXIS2_PLACEMENT_3D ( 'NONE', #3561, #5228, #7228 ) ;
#6795 = LINE ( 'NONE', #8845, #8009 ) ;
#6796 = EDGE_CURVE ( 'NONE', #4020, #240, #11516, .T. ) ;
#6798 = CARTESIAN_POINT ( 'NONE',  ( 0.4809880624910628510, 0.5600000000000000533, -0.7449999999999966649 ) ) ;
#6797 = LINE ( 'NONE', #4025, #11764 ) ;
#6799 = CIRCLE ( 'NONE', #8831, 0.01901193750893743692 ) ;
#6800 = DIRECTION ( 'NONE',  ( -1.000000000000000000, 0.000000000000000000, -6.693592482257194052E-15 ) ) ;
#6801 = ADVANCED_FACE ( 'NONE', ( #10357 ), #7525, .T. ) ;
#6802 = DIRECTION ( 'NONE',  ( -0.000000000000000000, -1.000000000000000000, -0.000000000000000000 ) ) ;
#6803 = CIRCLE ( 'NONE', #2587, 0.01000000000000002623 ) ;
#6804 = PRESENTATION_LAYER_ASSIGNMENT (  '', '', ( #12261 ) ) ;
#6805 = STYLED_ITEM ( 'NONE', ( #3137 ), #10841 ) ;
#6806 = DIRECTION ( 'NONE',  ( 0.000000000000000000, -1.000000000000000000, 0.000000000000000000 ) ) ;
#6807 =( GEOMETRIC_REPRESENTATION_CONTEXT ( 3 ) GLOBAL_UNCERTAINTY_ASSIGNED_CONTEXT ( ( #10664 ) ) GLOBAL_UNIT_ASSIGNED_CONTEXT ( ( #5927, #4058, #12146 ) ) REPRESENTATION_CONTEXT ( 'NONE', 'WORKASPACE' ) );
#6808 = CIRCLE ( 'NONE', #1390, 0.02901193750893746315 ) ;
#6809 = CARTESIAN_POINT ( 'NONE',  ( 0.9159880624910616831, 0.5500000000000000444, -0.3349999999999990208 ) ) ;
#6810 = DIRECTION ( 'NONE',  ( 0.000000000000000000, 0.000000000000000000, -1.000000000000000000 ) ) ;
#6811 = COLOUR_RGB ( '',0.6666666666666666297, 0.6980392156862744724, 0.7686274509803920907 ) ;
#6813 = LINE ( 'NONE', #10921, #845 ) ;
#6812 = LINE ( 'NONE', #10667, #1768 ) ;
#6814 = CARTESIAN_POINT ( 'NONE',  ( -0.3190119375089371934, 0.5500000000000000444, -0.7449999999999977751 ) ) ;
#6815 = AXIS2_PLACEMENT_3D ( 'NONE', #8781, #5777, #10782 ) ;
#6816 = COLOUR_RGB ( '',0.6666666666666666297, 0.6980392156862744724, 0.7686274509803920907 ) ;
#6817 = ORIENTED_EDGE ( 'NONE', *, *, #6609, .F. ) ;
#6818 = CYLINDRICAL_SURFACE ( 'NONE', #10607, 0.009999999999999998473 ) ;
#6819 = COLOUR_RGB ( '',0.6666666666666666297, 0.6980392156862744724, 0.7686274509803920907 ) ;
#6820 = PRESENTATION_STYLE_ASSIGNMENT (( #3917 ) ) ;
#6821 = CARTESIAN_POINT ( 'NONE',  ( -0.4809880624910627400, 0.5700000000000000622, -0.9349999999999966116 ) ) ;
#6822 = EDGE_CURVE ( 'NONE', #6084, #185, #9904, .T. ) ;
#6823 = SHAPE_DEFINITION_REPRESENTATION ( #8260, #9339 ) ;
#6824 = FILL_AREA_STYLE ('',( #988 ) ) ;
#6825 = SURFACE_SIDE_STYLE ('',( #1227 ) ) ;
#6826 = AXIS2_PLACEMENT_3D ( 'NONE', #6168, #2534, #7202 ) ;
#6827 = CARTESIAN_POINT ( 'NONE',  ( -0.9159880624910602398, 0.5700000000000000622, -0.5940119375089365494 ) ) ;
#6828 = DIRECTION ( 'NONE',  ( 1.000000000000000000, 0.000000000000000000, 0.000000000000000000 ) ) ;
#6829 = CARTESIAN_POINT ( 'NONE',  ( 0.9349999999999998312, 0.5600000000000000533, 0.1440119375089367049 ) ) ;
#6830 = DIRECTION ( 'NONE',  ( 0.000000000000000000, 0.000000000000000000, -1.000000000000000000 ) ) ;
#6831 =( NAMED_UNIT ( * ) PLANE_ANGLE_UNIT ( ) SI_UNIT ( $, .RADIAN. ) );
#6832 = VECTOR ( 'NONE', #5037, 1000.000000000000000 ) ;
#6833 = FACE_OUTER_BOUND ( 'NONE', #8603, .T. ) ;
#6834 = ADVANCED_FACE ( 'NONE', ( #11306 ), #5832, .F. ) ;
#6835 = LINE ( 'NONE', #3053, #7219 ) ;
#6836 =( NAMED_UNIT ( * ) PLANE_ANGLE_UNIT ( ) SI_UNIT ( $, .RADIAN. ) );
#6837 = EDGE_LOOP ( 'NONE', ( #2524, #11020, #7609, #529 ) ) ;
#6838 = CARTESIAN_POINT ( 'NONE',  ( -0.9999999999999997780, 0.4750000000000001443, -0.2124999999999991340 ) ) ;
#6839 = CARTESIAN_POINT ( 'NONE',  ( -0.9159880624910616831, 0.5600000000000000533, 0.3059880624910617519 ) ) ;
#6840 = EDGE_CURVE ( 'NONE', #793, #2103, #2026, .T. ) ;
#6841 = ORIENTED_EDGE ( 'NONE', *, *, #3454, .T. ) ;
#6842 = SURFACE_STYLE_FILL_AREA ( #4986 ) ;
#6843 = DIRECTION ( 'NONE',  ( -0.000000000000000000, 1.000000000000000000, -0.000000000000000000 ) ) ;
#6844 = SURFACE_STYLE_USAGE ( .BOTH. , #6717 ) ;
#6845 = CYLINDRICAL_SURFACE ( 'NONE', #2163, 0.01901193750893743692 ) ;
#6846 = ORIENTED_EDGE ( 'NONE', *, *, #5696, .F. ) ;
#6847 = CARTESIAN_POINT ( 'NONE',  ( 0.3563859338365493179, 0.5600000000000000533, -0.5100000000000002309 ) ) ;
#6848 = AXIS2_PLACEMENT_3D ( 'NONE', #5901, #8552, #7809 ) ;
#6850 = ORIENTED_EDGE ( 'NONE', *, *, #4385, .T. ) ;
#6849 =( GEOMETRIC_REPRESENTATION_CONTEXT ( 3 ) GLOBAL_UNCERTAINTY_ASSIGNED_CONTEXT ( ( #6364 ) ) GLOBAL_UNIT_ASSIGNED_CONTEXT ( ( #2913, #10496, #11319 ) ) REPRESENTATION_CONTEXT ( 'NONE', 'WORKASPACE' ) );
#6851 = SURFACE_STYLE_FILL_AREA ( #10141 ) ;
#6852 = DIRECTION ( 'NONE',  ( 0.000000000000000000, -1.000000000000000000, 0.000000000000000000 ) ) ;
#6853 = EDGE_CURVE ( 'NONE', #11222, #12216, #9138, .T. ) ;
#6854 = ORIENTED_EDGE ( 'NONE', *, *, #1457, .T. ) ;
#6855 = SURFACE_STYLE_FILL_AREA ( #328 ) ;
#6856 = AXIS2_PLACEMENT_3D ( 'NONE', #6941, #4953, #2032 ) ;
#6857 = ORIENTED_EDGE ( 'NONE', *, *, #2936, .F. ) ;
#6858 = TOROIDAL_SURFACE ( 'NONE', #659, 0.02901193750893743539, 0.01000000000000000021 ) ;
#6859 = DIRECTION ( 'NONE',  ( -1.000000000000000000, 0.000000000000000000, 0.000000000000000000 ) ) ;
#6860 = ORIENTED_EDGE ( 'NONE', *, *, #4617, .T. ) ;
#6861 = CIRCLE ( 'NONE', #9686, 0.01000000000000002623 ) ;
#6862 = DIRECTION ( 'NONE',  ( -3.627342498574696997E-15, -0.000000000000000000, 1.000000000000000000 ) ) ;
#6863 = LINE ( 'NONE', #3957, #7414 ) ;
#6864 = SURFACE_STYLE_USAGE ( .BOTH. , #8054 ) ;
#6865 = SURFACE_STYLE_USAGE ( .BOTH. , #10844 ) ;
#6866 = CARTESIAN_POINT ( 'NONE',  ( 0.7449999999999979972, 0.5500000000000000444, -0.5940119375089355502 ) ) ;
#6867 = SURFACE_STYLE_FILL_AREA ( #2895 ) ;
#6868 = UNCERTAINTY_MEASURE_WITH_UNIT (LENGTH_MEASURE( 1.000000000000000082E-05 ), #1318, 'distance_accuracy_value', 'NONE');
#6869 =( GEOMETRIC_REPRESENTATION_CONTEXT ( 3 ) GLOBAL_UNCERTAINTY_ASSIGNED_CONTEXT ( ( #1981 ) ) GLOBAL_UNIT_ASSIGNED_CONTEXT ( ( #9772, #2776, #5012 ) ) REPRESENTATION_CONTEXT ( 'NONE', 'WORKASPACE' ) );
#6870 = AXIS2_PLACEMENT_3D ( 'NONE', #9908, #1406, #4156 ) ;
#6871 = SURFACE_STYLE_FILL_AREA ( #4152 ) ;
#6872 = VECTOR ( 'NONE', #6137, 1000.000000000000000 ) ;
#6873 = STYLED_ITEM ( 'NONE', ( #5548 ), #3230 ) ;
#6874 = CYLINDRICAL_SURFACE ( 'NONE', #7180, 0.01901193750893732937 ) ;
#6875 = EDGE_CURVE ( 'NONE', #4256, #394, #2456, .T. ) ;
#6876 = EDGE_CURVE ( 'NONE', #2131, #1677, #1454, .T. ) ;
#6877 = AXIS2_PLACEMENT_3D ( 'NONE', #2826, #3010, #3767 ) ;
#6879 = DIRECTION ( 'NONE',  ( 0.000000000000000000, -1.000000000000000000, 0.000000000000000000 ) ) ;
#6878 = CARTESIAN_POINT ( 'NONE',  ( 0.4809880624910630176, 0.5600000000000000533, 0.7740119375089341558 ) ) ;
#6880 = ADVANCED_FACE ( 'NONE', ( #5251 ), #8291, .F. ) ;
#6881 = PRESENTATION_LAYER_ASSIGNMENT (  '', '', ( #4644 ) ) ;
#6882 = EDGE_LOOP ( 'NONE', ( #3274, #11000, #4595, #655 ) ) ;
#6883 = COLOUR_RGB ( '',0.6666666666666666297, 0.6980392156862744724, 0.7686274509803920907 ) ;
#6884 = DIRECTION ( 'NONE',  ( -1.000000000000000000, 0.000000000000000000, 0.000000000000000000 ) ) ;
#6885 = CARTESIAN_POINT ( 'NONE',  ( 0.9449999999999993960, 0.5500000000000000444, 0.3059880624910619740 ) ) ;
#6886 = DIRECTION ( 'NONE',  ( 1.000000000000000000, 0.000000000000000000, 6.024233234031476698E-15 ) ) ;
#6887 = UNCERTAINTY_MEASURE_WITH_UNIT (LENGTH_MEASURE( 1.000000000000000082E-05 ), #5835, 'distance_accuracy_value', 'NONE');
#6888 = AXIS2_PLACEMENT_3D ( 'NONE', #3879, #10451, #21 ) ;
#6889 = UNCERTAINTY_MEASURE_WITH_UNIT (LENGTH_MEASURE( 1.000000000000000082E-05 ), #10457, 'distance_accuracy_value', 'NONE');
#6890 =( NAMED_UNIT ( * ) SI_UNIT ( $, .STERADIAN. ) SOLID_ANGLE_UNIT ( ) );
#6891 = FACE_OUTER_BOUND ( 'NONE', #2891, .T. ) ;
#6892 = AXIS2_PLACEMENT_3D ( 'NONE', #4462, #11124, #5397 ) ;
#6893 = COLOUR_RGB ( '',0.6666666666666666297, 0.6980392156862744724, 0.7686274509803920907 ) ;
#6894 = EDGE_CURVE ( 'NONE', #267, #9264, #3639, .T. ) ;
#6895 = CARTESIAN_POINT ( 'NONE',  ( 1.000000000000000222, 0.4500000000000000111, 0.2374999999999991007 ) ) ;
#6896 = EDGE_CURVE ( 'NONE', #1293, #4355, #2059, .T. ) ;
#6897 = FACE_OUTER_BOUND ( 'NONE', #5787, .T. ) ;
#6898 = STYLED_ITEM ( 'NONE', ( #9977 ), #1994 ) ;
#6899 = MECHANICAL_DESIGN_GEOMETRIC_PRESENTATION_REPRESENTATION (  '', ( #874 ), #9522 ) ;
#6900 =( LENGTH_UNIT ( ) NAMED_UNIT ( * ) SI_UNIT ( .MILLI., .METRE. ) );
#6901 = ORIENTED_EDGE ( 'NONE', *, *, #11649, .T. ) ;
#6902 = SURFACE_STYLE_FILL_AREA ( #8804 ) ;
#6903 = AXIS2_PLACEMENT_3D ( 'NONE', #12403, #998, #3870 ) ;
#6904 = CARTESIAN_POINT ( 'NONE',  ( -0.9999999999999997780, 0.5500000000000000444, 1.000000000000000000 ) ) ;
#6905 = UNCERTAINTY_MEASURE_WITH_UNIT (LENGTH_MEASURE( 1.000000000000000082E-05 ), #7697, 'distance_accuracy_value', 'NONE');
#6906 = VERTEX_POINT ( 'NONE', #5066 ) ;
#6907 = CARTESIAN_POINT ( 'NONE',  ( 0.9349999999999980549, 0.5600000000000000533, 0.7559880624910617630 ) ) ;
#6908 = STYLED_ITEM ( 'NONE', ( #2497 ), #7268 ) ;
#6909 = PLANE ( 'NONE',  #4724 ) ;
#6910 = EDGE_CURVE ( 'NONE', #2486, #1700, #6438, .T. ) ;
#6911 = ORIENTED_EDGE ( 'NONE', *, *, #11220, .T. ) ;
#6912 =( NAMED_UNIT ( * ) PLANE_ANGLE_UNIT ( ) SI_UNIT ( $, .RADIAN. ) );
#6913 = CARTESIAN_POINT ( 'NONE',  ( -0.9159880624910601288, 0.5700000000000000622, -0.7559880624910617630 ) ) ;
#6914 = CARTESIAN_POINT ( 'NONE',  ( -0.9999999999999997780, 0.4500000000000000666, -1.000000000000000000 ) ) ;
#6915 = CARTESIAN_POINT ( 'NONE',  ( 0.7549999999999997824, 0.5700000000000000622, -0.1440119375089355114 ) ) ;
#6916 = VERTEX_POINT ( 'NONE', #11032 ) ;
#6917 = DIRECTION ( 'NONE',  ( -0.000000000000000000, 1.000000000000000000, -0.000000000000000000 ) ) ;
#6918 = DIRECTION ( 'NONE',  ( 0.000000000000000000, 1.000000000000000000, 0.000000000000000000 ) ) ;
#6919 = VERTEX_POINT ( 'NONE', #2258 ) ;
#6920 = FACE_OUTER_BOUND ( 'NONE', #4653, .T. ) ;
#6921 = SURFACE_STYLE_FILL_AREA ( #8890 ) ;
#6922 = AXIS2_PLACEMENT_3D ( 'NONE', #227, #6884, #10793 ) ;
#6923 = DIRECTION ( 'NONE',  ( 0.000000000000000000, -1.000000000000000000, 0.000000000000000000 ) ) ;
#6924 = EDGE_LOOP ( 'NONE', ( #1742, #5557, #2359, #12423 ) ) ;
#6925 = VERTEX_POINT ( 'NONE', #397 ) ;
#6926 = CYLINDRICAL_SURFACE ( 'NONE', #8702, 0.01901193750893743692 ) ;
#6927 =( NAMED_UNIT ( * ) PLANE_ANGLE_UNIT ( ) SI_UNIT ( $, .RADIAN. ) );
#6928 = SURFACE_SIDE_STYLE ('',( #214 ) ) ;
#6929 = DIRECTION ( 'NONE',  ( -3.346796241128596237E-15, 0.000000000000000000, 1.000000000000000000 ) ) ;
#6930 = PRESENTATION_STYLE_ASSIGNMENT (( #6865 ) ) ;
#6931 = SURFACE_STYLE_USAGE ( .BOTH. , #7992 ) ;
#6932 = PRESENTATION_LAYER_ASSIGNMENT (  '', '', ( #4686 ) ) ;
#6933 = ADVANCED_FACE ( 'NONE', ( #11907 ), #7363, .F. ) ;
#6934 =( NAMED_UNIT ( * ) SI_UNIT ( $, .STERADIAN. ) SOLID_ANGLE_UNIT ( ) );
#6935 = CARTESIAN_POINT ( 'NONE',  ( -0.5100000000000000089, 0.5600000000000000533, -0.9159880624910591296 ) ) ;
#6936 = LINE ( 'NONE', #9776, #3758 ) ;
#6937 =( GEOMETRIC_REPRESENTATION_CONTEXT ( 3 ) GLOBAL_UNCERTAINTY_ASSIGNED_CONTEXT ( ( #8417 ) ) GLOBAL_UNIT_ASSIGNED_CONTEXT ( ( #4922, #7791, #11405 ) ) REPRESENTATION_CONTEXT ( 'NONE', 'WORKASPACE' ) );
#6939 = SURFACE_SIDE_STYLE ('',( #4093 ) ) ;
#6938 = DIRECTION ( 'NONE',  ( 0.000000000000000000, 1.000000000000000000, 0.000000000000000000 ) ) ;
#6940 = MECHANICAL_DESIGN_GEOMETRIC_PRESENTATION_REPRESENTATION (  '', ( #5699 ), #7338 ) ;
#6941 = CARTESIAN_POINT ( 'NONE',  ( 0.7740119375089353770, 0.5700000000000000622, -0.7749999999999981348 ) ) ;
#6942 = EDGE_LOOP ( 'NONE', ( #4000, #445, #7905, #7217 ) ) ;
#6943 = ORIENTED_EDGE ( 'NONE', *, *, #1715, .T. ) ;
#6944 = LINE ( 'NONE', #10675, #1583 ) ;
#6945 = LINE ( 'NONE', #10795, #8930 ) ;
#6946 = EDGE_CURVE ( 'NONE', #213, #8706, #5512, .T. ) ;
#6947 = COLOUR_RGB ( '',0.6666666666666666297, 0.6980392156862744724, 0.7686274509803920907 ) ;
#6948 = DIRECTION ( 'NONE',  ( 0.000000000000000000, 0.000000000000000000, -1.000000000000000000 ) ) ;
#6949 = CARTESIAN_POINT ( 'NONE',  ( -0.7740119375089350440, 0.5700000000000000622, -0.5940119375089355502 ) ) ;
#6951 = DIRECTION ( 'NONE',  ( 0.000000000000000000, 0.000000000000000000, -1.000000000000000000 ) ) ;
#6950 =( GEOMETRIC_REPRESENTATION_CONTEXT ( 3 ) GLOBAL_UNCERTAINTY_ASSIGNED_CONTEXT ( ( #1356 ) ) GLOBAL_UNIT_ASSIGNED_CONTEXT ( ( #4635, #10476, #9527 ) ) REPRESENTATION_CONTEXT ( 'NONE', 'WORKASPACE' ) );
#6952 = VERTEX_POINT ( 'NONE', #3646 ) ;
#6953 = FILL_AREA_STYLE ('',( #177 ) ) ;
#6954 = SURFACE_SIDE_STYLE ('',( #11945 ) ) ;
#6955 = FILL_AREA_STYLE_COLOUR ( '', #999 ) ;
#6956 = ADVANCED_FACE ( 'NONE', ( #11225 ), #9390, .F. ) ;
#6957 =( NAMED_UNIT ( * ) SI_UNIT ( $, .STERADIAN. ) SOLID_ANGLE_UNIT ( ) );
#6958 = EDGE_CURVE ( 'NONE', #11558, #1507, #5379, .T. ) ;
#6959 = FILL_AREA_STYLE ('',( #3112 ) ) ;
#6960 = PRESENTATION_LAYER_ASSIGNMENT (  '', '', ( #7164 ) ) ;
#6961 = ORIENTED_EDGE ( 'NONE', *, *, #5494, .F. ) ;
#6962 = DIRECTION ( 'NONE',  ( -0.000000000000000000, -1.000000000000000000, -0.000000000000000000 ) ) ;
#6963 = SURFACE_SIDE_STYLE ('',( #5881 ) ) ;
#6964 = VECTOR ( 'NONE', #4561, 1000.000000000000000 ) ;
#6965 = PRESENTATION_STYLE_ASSIGNMENT (( #8758 ) ) ;
#6966 = DIRECTION ( 'NONE',  ( 1.000000000000000000, 0.000000000000000000, -6.693592482257194052E-15 ) ) ;
#6967 = COLOUR_RGB ( '',0.6666666666666666297, 0.6980392156862744724, 0.7686274509803920907 ) ;
#6968 = LINE ( 'NONE', #10821, #10125 ) ;
#6969 = CARTESIAN_POINT ( 'NONE',  ( -0.7740119375089365983, 0.5500000000000000444, 0.3059880624910606972 ) ) ;
#6970 = DIRECTION ( 'NONE',  ( -0.000000000000000000, -1.000000000000000000, -0.000000000000000000 ) ) ;
#6971 = ORIENTED_EDGE ( 'NONE', *, *, #495, .T. ) ;
#6972 = EDGE_CURVE ( 'NONE', #3820, #10011, #4625, .T. ) ;
#6973 = LINE ( 'NONE', #1687, #11936 ) ;
#6974 = ORIENTED_EDGE ( 'NONE', *, *, #977, .T. ) ;
#6975 = DIRECTION ( 'NONE',  ( 0.000000000000000000, 0.000000000000000000, 1.000000000000000000 ) ) ;
#6976 = PRESENTATION_STYLE_ASSIGNMENT (( #7919 ) ) ;
#6977 = ORIENTED_EDGE ( 'NONE', *, *, #10370, .T. ) ;
#6978 =( GEOMETRIC_REPRESENTATION_CONTEXT ( 3 ) GLOBAL_UNCERTAINTY_ASSIGNED_CONTEXT ( ( #1577 ) ) GLOBAL_UNIT_ASSIGNED_CONTEXT ( ( #8657, #97, #11415 ) ) REPRESENTATION_CONTEXT ( 'NONE', 'WORKASPACE' ) );
#6979 =( LENGTH_UNIT ( ) NAMED_UNIT ( * ) SI_UNIT ( .MILLI., .METRE. ) );
#6980 = SURFACE_SIDE_STYLE ('',( #4078 ) ) ;
#6981 = ORIENTED_EDGE ( 'NONE', *, *, #8870, .F. ) ;
#6982 = CARTESIAN_POINT ( 'NONE',  ( -0.9999999999999997780, 0.000000000000000000, 1.000000000000000000 ) ) ;
#6983 =( GEOMETRIC_REPRESENTATION_CONTEXT ( 3 ) GLOBAL_UNCERTAINTY_ASSIGNED_CONTEXT ( ( #7011 ) ) GLOBAL_UNIT_ASSIGNED_CONTEXT ( ( #6352, #4451, #10400 ) ) REPRESENTATION_CONTEXT ( 'NONE', 'WORKASPACE' ) );
#6985 = CYLINDRICAL_SURFACE ( 'NONE', #4532, 0.01000000000000002623 ) ;
#6984 =( NAMED_UNIT ( * ) SI_UNIT ( $, .STERADIAN. ) SOLID_ANGLE_UNIT ( ) );
#6986 = CARTESIAN_POINT ( 'NONE',  ( 0.5000000000000004441, 0.5700000000000000622, 0.9159880624910591296 ) ) ;
#6987 = VERTEX_POINT ( 'NONE', #11404 ) ;
#6988 = EDGE_CURVE ( 'NONE', #1541, #12225, #5865, .T. ) ;
#6989 = FACE_OUTER_BOUND ( 'NONE', #7984, .T. ) ;
#6990 = UNCERTAINTY_MEASURE_WITH_UNIT (LENGTH_MEASURE( 1.000000000000000082E-05 ), #1437, 'distance_accuracy_value', 'NONE');
#6991 = EDGE_LOOP ( 'NONE', ( #9576, #681, #2627, #4261 ) ) ;
#6992 = VECTOR ( 'NONE', #8523, 1000.000000000000000 ) ;
#6993 = VERTEX_POINT ( 'NONE', #9196 ) ;
#6994 = FILL_AREA_STYLE_COLOUR ( '', #566 ) ;
#6995 = FILL_AREA_STYLE_COLOUR ( '', #6947 ) ;
#6996 = DIRECTION ( 'NONE',  ( 1.000000000000000000, 0.000000000000000000, 6.024233234031475909E-15 ) ) ;
#6997 = FILL_AREA_STYLE ('',( #4090 ) ) ;
#6998 =( GEOMETRIC_REPRESENTATION_CONTEXT ( 3 ) GLOBAL_UNCERTAINTY_ASSIGNED_CONTEXT ( ( #1855 ) ) GLOBAL_UNIT_ASSIGNED_CONTEXT ( ( #6283, #6465, #10332 ) ) REPRESENTATION_CONTEXT ( 'NONE', 'WORKASPACE' ) );
#6999 = STYLED_ITEM ( 'NONE', ( #9884 ), #2419 ) ;
#7000 = VECTOR ( 'NONE', #2233, 1000.000000000000000 ) ;
#7001 = EDGE_CURVE ( 'NONE', #3153, #1913, #576, .T. ) ;
#7002 = FACE_OUTER_BOUND ( 'NONE', #4324, .T. ) ;
#7003 = VECTOR ( 'NONE', #8302, 1000.000000000000000 ) ;
#7004 = ORIENTED_EDGE ( 'NONE', *, *, #9740, .T. ) ;
#7005 = DIRECTION ( 'NONE',  ( 0.000000000000000000, 0.000000000000000000, -1.000000000000000000 ) ) ;
#7006 = CARTESIAN_POINT ( 'NONE',  ( -0.3190119375089375819, 0.5600000000000000533, 0.9349999999999977218 ) ) ;
#7007 =( GEOMETRIC_REPRESENTATION_CONTEXT ( 3 ) GLOBAL_UNCERTAINTY_ASSIGNED_CONTEXT ( ( #9786 ) ) GLOBAL_UNIT_ASSIGNED_CONTEXT ( ( #7465, #7532, #4711 ) ) REPRESENTATION_CONTEXT ( 'NONE', 'WORKASPACE' ) );
#7008 = MECHANICAL_DESIGN_GEOMETRIC_PRESENTATION_REPRESENTATION (  '', ( #981 ), #2579 ) ;
#7009 = DIRECTION ( 'NONE',  ( 0.000000000000000000, 0.000000000000000000, -1.000000000000000000 ) ) ;
#7010 = MECHANICAL_DESIGN_GEOMETRIC_PRESENTATION_REPRESENTATION (  '', ( #190 ), #1781 ) ;
#7011 = UNCERTAINTY_MEASURE_WITH_UNIT (LENGTH_MEASURE( 1.000000000000000082E-05 ), #6352, 'distance_accuracy_value', 'NONE');
#7012 = VECTOR ( 'NONE', #6636, 1000.000000000000000 ) ;
#7013 = UNCERTAINTY_MEASURE_WITH_UNIT (LENGTH_MEASURE( 1.000000000000000082E-05 ), #3918, 'distance_accuracy_value', 'NONE');
#7014 = FACE_OUTER_BOUND ( 'NONE', #8601, .T. ) ;
#7015 =( LENGTH_UNIT ( ) NAMED_UNIT ( * ) SI_UNIT ( .MILLI., .METRE. ) );
#7016 = PRESENTATION_LAYER_ASSIGNMENT (  '', '', ( #192 ) ) ;
#7017 = AXIS2_PLACEMENT_3D ( 'NONE', #1776, #6548, #8594 ) ;
#7018 = CIRCLE ( 'NONE', #1593, 0.01901193750893765549 ) ;
#7019 = CIRCLE ( 'NONE', #6415, 0.01901193750893743692 ) ;
#7020 = STYLED_ITEM ( 'NONE', ( #11940 ), #10051 ) ;
#7021 = DIRECTION ( 'NONE',  ( 0.000000000000000000, -1.000000000000000000, 0.000000000000000000 ) ) ;
#7022 = ORIENTED_EDGE ( 'NONE', *, *, #4413, .F. ) ;
#7023 = DIRECTION ( 'NONE',  ( 0.000000000000000000, -1.000000000000000000, 0.000000000000000000 ) ) ;
#7024 = SURFACE_STYLE_FILL_AREA ( #10809 ) ;
#7025 = SURFACE_STYLE_USAGE ( .BOTH. , #11758 ) ;
#7026 =( GEOMETRIC_REPRESENTATION_CONTEXT ( 3 ) GLOBAL_UNCERTAINTY_ASSIGNED_CONTEXT ( ( #1225 ) ) GLOBAL_UNIT_ASSIGNED_CONTEXT ( ( #10380, #7543, #12286 ) ) REPRESENTATION_CONTEXT ( 'NONE', 'WORKASPACE' ) );
#7027 = COLOUR_RGB ( '',0.6666666666666666297, 0.6980392156862744724, 0.7686274509803920907 ) ;
#7028 = UNCERTAINTY_MEASURE_WITH_UNIT (LENGTH_MEASURE( 1.000000000000000082E-05 ), #11484, 'distance_accuracy_value', 'NONE');
#7029 = SURFACE_SIDE_STYLE ('',( #11881 ) ) ;
#7030 = VERTEX_POINT ( 'NONE', #4445 ) ;
#7031 = PRESENTATION_STYLE_ASSIGNMENT (( #9980 ) ) ;
#7032 = PRESENTATION_STYLE_ASSIGNMENT (( #4984 ) ) ;
#7033 = SURFACE_STYLE_FILL_AREA ( #311 ) ;
#7034 = EDGE_CURVE ( 'NONE', #7687, #2735, #10578, .T. ) ;
#7035 = ADVANCED_FACE ( 'NONE', ( #3005 ), #8577, .F. ) ;
#7036 = DIRECTION ( 'NONE',  ( -1.000000000000000000, 0.000000000000000000, 5.421010862427507971E-15 ) ) ;
#7037 = DIRECTION ( 'NONE',  ( -1.000000000000000000, -0.000000000000000000, -1.084202172485501752E-14 ) ) ;
#7038 = FACE_OUTER_BOUND ( 'NONE', #2129, .T. ) ;
#7039 =( LENGTH_UNIT ( ) NAMED_UNIT ( * ) SI_UNIT ( .MILLI., .METRE. ) );
#7040 = EDGE_LOOP ( 'NONE', ( #10764, #9976, #11278, #8896 ) ) ;
#7041 = DIRECTION ( 'NONE',  ( 0.000000000000000000, 0.000000000000000000, -1.000000000000000000 ) ) ;
#7042 = PRESENTATION_STYLE_ASSIGNMENT (( #4995 ) ) ;
#7043 = EDGE_LOOP ( 'NONE', ( #8775, #6531, #11916, #1729 ) ) ;
#7044 = SURFACE_SIDE_STYLE ('',( #6921 ) ) ;
#7045 = PRESENTATION_STYLE_ASSIGNMENT (( #10968 ) ) ;
#7046 = ORIENTED_EDGE ( 'NONE', *, *, #523, .F. ) ;
#7047 = EDGE_CURVE ( 'NONE', #7560, #2694, #11585, .T. ) ;
#7048 = EDGE_CURVE ( 'NONE', #1532, #5679, #4735, .T. ) ;
#7049 = FACE_OUTER_BOUND ( 'NONE', #180, .T. ) ;
#7050 = VERTEX_POINT ( 'NONE', #3763 ) ;
#7051 = VERTEX_POINT ( 'NONE', #2821 ) ;
#7052 = ORIENTED_EDGE ( 'NONE', *, *, #6553, .T. ) ;
#7053 = DIRECTION ( 'NONE',  ( 1.000000000000000000, 0.000000000000000000, 2.168404344971003504E-14 ) ) ;
#7054 = LINE ( 'NONE', #3400, #3181 ) ;
#7055 =( NAMED_UNIT ( * ) PLANE_ANGLE_UNIT ( ) SI_UNIT ( $, .RADIAN. ) );
#7056 = SURFACE_STYLE_FILL_AREA ( #1396 ) ;
#7057 = STYLED_ITEM ( 'NONE', ( #4280 ), #2971 ) ;
#7058 = LINE ( 'NONE', #6025, #8017 ) ;
#7059 = VERTEX_POINT ( 'NONE', #9518 ) ;
#7060 = SURFACE_SIDE_STYLE ('',( #4147 ) ) ;
#7061 = ORIENTED_EDGE ( 'NONE', *, *, #3786, .F. ) ;
#7062 = ORIENTED_EDGE ( 'NONE', *, *, #4230, .T. ) ;
#7063 = DIRECTION ( 'NONE',  ( -2.677436992902878094E-15, -0.000000000000000000, 1.000000000000000000 ) ) ;
#7064 = DIRECTION ( 'NONE',  ( 0.000000000000000000, 0.000000000000000000, 1.000000000000000000 ) ) ;
#7065 =( NAMED_UNIT ( * ) SI_UNIT ( $, .STERADIAN. ) SOLID_ANGLE_UNIT ( ) );
#7066 = VECTOR ( 'NONE', #8665, 1000.000000000000000 ) ;
#7067 = STYLED_ITEM ( 'NONE', ( #8538 ), #3871 ) ;
#7068 = AXIS2_PLACEMENT_3D ( 'NONE', #3412, #662, #526 ) ;
#7069 = DIRECTION ( 'NONE',  ( 0.000000000000000000, 0.000000000000000000, -1.000000000000000000 ) ) ;
#7070 = EDGE_CURVE ( 'NONE', #1089, #7619, #8762, .T. ) ;
#7071 =( NAMED_UNIT ( * ) PLANE_ANGLE_UNIT ( ) SI_UNIT ( $, .RADIAN. ) );
#7072 = ORIENTED_EDGE ( 'NONE', *, *, #841, .T. ) ;
#7073 =( NAMED_UNIT ( * ) SI_UNIT ( $, .STERADIAN. ) SOLID_ANGLE_UNIT ( ) );
#7074 =( NAMED_UNIT ( * ) PLANE_ANGLE_UNIT ( ) SI_UNIT ( $, .RADIAN. ) );
#7075 = COLOUR_RGB ( '',0.6666666666666666297, 0.6980392156862744724, 0.7686274509803920907 ) ;
#7076 = PRESENTATION_LAYER_ASSIGNMENT (  '', '', ( #244 ) ) ;
#7077 = COLOUR_RGB ( '',0.6666666666666666297, 0.6980392156862744724, 0.7686274509803920907 ) ;
#7078 = LINE ( 'NONE', #2285, #8968 ) ;
#7079 = FILL_AREA_STYLE_COLOUR ( '', #4583 ) ;
#7080 = AXIS2_PLACEMENT_3D ( 'NONE', #12337, #1856, #3862 ) ;
#7081 = DIRECTION ( 'NONE',  ( -0.000000000000000000, -1.000000000000000000, -0.000000000000000000 ) ) ;
#7082 = AXIS2_PLACEMENT_3D ( 'NONE', #3215, #11973, #2400 ) ;
#7083 = CIRCLE ( 'NONE', #12120, 0.01901193750893743692 ) ;
#7084 = DIRECTION ( 'NONE',  ( -0.000000000000000000, -1.000000000000000000, -0.000000000000000000 ) ) ;
#7085 = VERTEX_POINT ( 'NONE', #4008 ) ;
#7086 = DIRECTION ( 'NONE',  ( -0.000000000000000000, -1.000000000000000000, -0.000000000000000000 ) ) ;
#7087 =( GEOMETRIC_REPRESENTATION_CONTEXT ( 3 ) GLOBAL_UNCERTAINTY_ASSIGNED_CONTEXT ( ( #4963 ) ) GLOBAL_UNIT_ASSIGNED_CONTEXT ( ( #8463, #8182, #3652 ) ) REPRESENTATION_CONTEXT ( 'NONE', 'WORKASPACE' ) );
#7088 = PRESENTATION_STYLE_ASSIGNMENT (( #1294 ) ) ;
#7089 = FILL_AREA_STYLE ('',( #5096 ) ) ;
#7090 = CARTESIAN_POINT ( 'NONE',  ( 0.9159880624910604618, 0.5600000000000000533, -0.7749999999999992450 ) ) ;
#7091 = VECTOR ( 'NONE', #8824, 1000.000000000000000 ) ;
#7092 = ADVANCED_FACE ( 'NONE', ( #2006 ), #5817, .F. ) ;
#7093 =( LENGTH_UNIT ( ) NAMED_UNIT ( * ) SI_UNIT ( .MILLI., .METRE. ) );
#7094 = ORIENTED_EDGE ( 'NONE', *, *, #11578, .F. ) ;
#7095 = DIRECTION ( 'NONE',  ( 0.000000000000000000, 1.000000000000000000, 0.000000000000000000 ) ) ;
#7096 = AXIS2_PLACEMENT_3D ( 'NONE', #2994, #8030, #5039 ) ;
#7097 = FILL_AREA_STYLE_COLOUR ( '', #10219 ) ;
#7098 = AXIS2_PLACEMENT_3D ( 'NONE', #1015, #5885, #4870 ) ;
#7099 = SURFACE_SIDE_STYLE ('',( #8879 ) ) ;
#7100 = AXIS2_PLACEMENT_3D ( 'NONE', #8010, #4286, #5270 ) ;
#7101 = MECHANICAL_DESIGN_GEOMETRIC_PRESENTATION_REPRESENTATION (  '', ( #4073 ), #4658 ) ;
#7102 = SURFACE_STYLE_USAGE ( .BOTH. , #4426 ) ;
#7103 = LINE ( 'NONE', #11765, #6685 ) ;
#7104 = CARTESIAN_POINT ( 'NONE',  ( -0.08098806249106586808, 0.5600000000000000533, -0.9350000000000012745 ) ) ;
#7105 = ORIENTED_EDGE ( 'NONE', *, *, #8532, .T. ) ;
#7106 = DIRECTION ( 'NONE',  ( 1.000000000000000000, 0.000000000000000000, -5.421010862427508759E-15 ) ) ;
#7107 = STYLED_ITEM ( 'NONE', ( #697 ), #7266 ) ;
#7108 = ORIENTED_EDGE ( 'NONE', *, *, #7881, .F. ) ;
#7109 = EDGE_CURVE ( 'NONE', #6925, #330, #2877, .T. ) ;
#7110 = ORIENTED_EDGE ( 'NONE', *, *, #11089, .F. ) ;
#7111 = EDGE_CURVE ( 'NONE', #461, #3820, #7699, .T. ) ;
#7112 = SURFACE_SIDE_STYLE ('',( #11022 ) ) ;
#7113 = CARTESIAN_POINT ( 'NONE',  ( 0.9449999999999980638, 0.5600000000000000533, -0.5940119375089366605 ) ) ;
#7114 = DIRECTION ( 'NONE',  ( 0.000000000000000000, 0.000000000000000000, -1.000000000000000000 ) ) ;
#7115 = EDGE_LOOP ( 'NONE', ( #6322, #2549, #1461, #11960 ) ) ;
#7116 = VECTOR ( 'NONE', #4837, 1000.000000000000000 ) ;
#7117 = SURFACE_SIDE_STYLE ('',( #10001 ) ) ;
#7118 = EDGE_LOOP ( 'NONE', ( #11835, #2255, #2384, #12086 ) ) ;
#7119 = VERTEX_POINT ( 'NONE', #11890 ) ;
#7120 = CARTESIAN_POINT ( 'NONE',  ( -0.7740119375089350440, 0.5500000000000000444, 0.7559880624910606528 ) ) ;
#7121 = FILL_AREA_STYLE_COLOUR ( '', #12015 ) ;
#7122 = CYLINDRICAL_SURFACE ( 'NONE', #3712, 0.1250000000000000000 ) ;
#7123 = DIRECTION ( 'NONE',  ( -7.636510523315148333E-15, 0.000000000000000000, 1.000000000000000000 ) ) ;
#7124 = ORIENTED_EDGE ( 'NONE', *, *, #10269, .T. ) ;
#7125 = FILL_AREA_STYLE ('',( #8904 ) ) ;
#7126 = UNCERTAINTY_MEASURE_WITH_UNIT (LENGTH_MEASURE( 1.000000000000000082E-05 ), #627, 'distance_accuracy_value', 'NONE');
#7127 = EDGE_CURVE ( 'NONE', #3449, #12088, #3869, .T. ) ;
#7128 = ORIENTED_EDGE ( 'NONE', *, *, #4668, .F. ) ;
#7129 = EDGE_CURVE ( 'NONE', #1677, #3223, #7103, .T. ) ;
#7130 = AXIS2_PLACEMENT_3D ( 'NONE', #2595, #2413, #3538 ) ;
#7131 = FILL_AREA_STYLE ('',( #10017 ) ) ;
#7132 = CARTESIAN_POINT ( 'NONE',  ( 0.3190119375089379150, 0.5700000000000000622, -0.9159880624910602398 ) ) ;
#7133 = DIRECTION ( 'NONE',  ( 0.000000000000000000, 0.000000000000000000, -1.000000000000000000 ) ) ;
#7134 = SURFACE_SIDE_STYLE ('',( #11176 ) ) ;
#7135 = DIRECTION ( 'NONE',  ( 0.000000000000000000, 0.000000000000000000, -1.000000000000000000 ) ) ;
#7136 = LINE ( 'NONE', #1470, #6060 ) ;
#7137 = DIRECTION ( 'NONE',  ( 0.000000000000000000, -1.000000000000000000, 0.000000000000000000 ) ) ;
#7138 = CARTESIAN_POINT ( 'NONE',  ( 0.9449999999999980638, 0.5500000000000000444, -0.7559880624910617630 ) ) ;
#7139 = CARTESIAN_POINT ( 'NONE',  ( 0.5000000000000001110, 0.5700000000000000622, 0.4799999999999997602 ) ) ;
#7140 = CARTESIAN_POINT ( 'NONE',  ( 0.9159880624910617941, 0.5700000000000000622, 0.3249999999999993450 ) ) ;
#7141 = UNCERTAINTY_MEASURE_WITH_UNIT (LENGTH_MEASURE( 1.000000000000000082E-05 ), #7534, 'distance_accuracy_value', 'NONE');
#7142 = EDGE_CURVE ( 'NONE', #2221, #4200, #1190, .T. ) ;
#7143 =( NAMED_UNIT ( * ) SI_UNIT ( $, .STERADIAN. ) SOLID_ANGLE_UNIT ( ) );
#7144 = PRESENTATION_LAYER_ASSIGNMENT (  '', '', ( #12186 ) ) ;
#7145 = CIRCLE ( 'NONE', #11771, 0.01901193750893754447 ) ;
#7146 = DIRECTION ( 'NONE',  ( 0.000000000000000000, 1.000000000000000000, 0.000000000000000000 ) ) ;
#7147 = EDGE_LOOP ( 'NONE', ( #11145, #110, #12258, #9545 ) ) ;
#7148 = DIRECTION ( 'NONE',  ( 1.000000000000000000, 0.000000000000000000, 7.636510523315148333E-15 ) ) ;
#7149 = STYLED_ITEM ( 'NONE', ( #12385 ), #8367 ) ;
#7150 = DIRECTION ( 'NONE',  ( 0.000000000000000000, -1.000000000000000000, 0.000000000000000000 ) ) ;
#7151 = ORIENTED_EDGE ( 'NONE', *, *, #5230, .F. ) ;
#7152 = CARTESIAN_POINT ( 'NONE',  ( -0.9449999999999976197, 0.5600000000000000533, -0.5940119375089366605 ) ) ;
#7153 = UNCERTAINTY_MEASURE_WITH_UNIT (LENGTH_MEASURE( 1.000000000000000082E-05 ), #7276, 'distance_accuracy_value', 'NONE');
#7154 = ORIENTED_EDGE ( 'NONE', *, *, #12211, .T. ) ;
#7155 =( NAMED_UNIT ( * ) SI_UNIT ( $, .STERADIAN. ) SOLID_ANGLE_UNIT ( ) );
#7156 = SURFACE_SIDE_STYLE ('',( #2550 ) ) ;
#7157 = AXIS2_PLACEMENT_3D ( 'NONE', #5894, #7978, #4199 ) ;
#7158 = DIRECTION ( 'NONE',  ( 0.000000000000000000, 1.000000000000000000, 0.000000000000000000 ) ) ;
#7159 = EDGE_CURVE ( 'NONE', #2212, #7552, #5171, .T. ) ;
#7160 = LINE ( 'NONE', #5355, #8596 ) ;
#7161 = DIRECTION ( 'NONE',  ( 1.000000000000000000, 0.000000000000000000, 0.000000000000000000 ) ) ;
#7162 = DIRECTION ( 'NONE',  ( -0.000000000000000000, -0.000000000000000000, -1.000000000000000000 ) ) ;
#7163 = VERTEX_POINT ( 'NONE', #8102 ) ;
#7165 = DIRECTION ( 'NONE',  ( 0.000000000000000000, 0.000000000000000000, -1.000000000000000000 ) ) ;
#7164 = STYLED_ITEM ( 'NONE', ( #7668 ), #8722 ) ;
#7166 = ORIENTED_EDGE ( 'NONE', *, *, #8589, .F. ) ;
#7167 = ORIENTED_EDGE ( 'NONE', *, *, #5215, .F. ) ;
#7168 = STYLED_ITEM ( 'NONE', ( #8230 ), #4406 ) ;
#7169 = ORIENTED_EDGE ( 'NONE', *, *, #7637, .T. ) ;
#7170 = ORIENTED_EDGE ( 'NONE', *, *, #7111, .T. ) ;
#7171 = DIRECTION ( 'NONE',  ( -0.000000000000000000, -1.000000000000000000, -0.000000000000000000 ) ) ;
#7172 = EDGE_CURVE ( 'NONE', #5436, #10570, #2303, .T. ) ;
#7173 = ORIENTED_EDGE ( 'NONE', *, *, #1413, .F. ) ;
#7174 = PLANE ( 'NONE',  #8507 ) ;
#7175 =( GEOMETRIC_REPRESENTATION_CONTEXT ( 3 ) GLOBAL_UNCERTAINTY_ASSIGNED_CONTEXT ( ( #11171 ) ) GLOBAL_UNIT_ASSIGNED_CONTEXT ( ( #5852, #4664, #2623 ) ) REPRESENTATION_CONTEXT ( 'NONE', 'WORKASPACE' ) );
#7176 = CARTESIAN_POINT ( 'NONE',  ( 0.7740119375089354881, 0.5500000000000000444, -0.7559880624910606528 ) ) ;
#7177 = FILL_AREA_STYLE_COLOUR ( '', #7803 ) ;
#7178 = ORIENTED_EDGE ( 'NONE', *, *, #8760, .T. ) ;
#7179 = CIRCLE ( 'NONE', #7576, 0.01000000000000002623 ) ;
#7180 = AXIS2_PLACEMENT_3D ( 'NONE', #11610, #44, #6810 ) ;
#7181 = ORIENTED_EDGE ( 'NONE', *, *, #7070, .F. ) ;
#7182 = VERTEX_POINT ( 'NONE', #9068 ) ;
#7183 = CARTESIAN_POINT ( 'NONE',  ( 0.7740119375089353770, 0.5700000000000000622, 0.7749999999999981348 ) ) ;
#7184 = CARTESIAN_POINT ( 'NONE',  ( -0.7740119375089350440, 0.5600000000000000533, 0.7559880624910606528 ) ) ;
#7185 = VECTOR ( 'NONE', #8263, 1000.000000000000000 ) ;
#7186 = LINE ( 'NONE', #8132, #2757 ) ;
#7187 =( NAMED_UNIT ( * ) SI_UNIT ( $, .STERADIAN. ) SOLID_ANGLE_UNIT ( ) );
#7188 = PRESENTATION_LAYER_ASSIGNMENT (  '', '', ( #8616 ) ) ;
#7189 = EDGE_CURVE ( 'NONE', #5531, #7643, #11937, .T. ) ;
#7191 = DIRECTION ( 'NONE',  ( 1.000000000000000000, 0.000000000000000000, 7.445597760232267219E-15 ) ) ;
#7190 = COLOUR_RGB ( '',0.6666666666666666297, 0.6980392156862744724, 0.7686274509803920907 ) ;
#7192 = ADVANCED_FACE ( 'NONE', ( #1304 ), #6005, .F. ) ;
#7193 = CARTESIAN_POINT ( 'NONE',  ( -0.7740119375089350440, 0.5600000000000000533, -0.7559880624910606528 ) ) ;
#7194 = COLOUR_RGB ( '',0.6666666666666666297, 0.6980392156862744724, 0.7686274509803920907 ) ;
#7195 = DIRECTION ( 'NONE',  ( 0.000000000000000000, 1.000000000000000000, 0.000000000000000000 ) ) ;
#7196 = FACE_BOUND ( 'NONE', #10839, .T. ) ;
#7197 = COLOUR_RGB ( '',0.2509803921568627416, 0.2509803921568627416, 0.2509803921568627416 ) ;
#7198 = VECTOR ( 'NONE', #12370, 1000.000000000000000 ) ;
#7199 = LINE ( 'NONE', #10151, #9958 ) ;
#7200 = PRESENTATION_LAYER_ASSIGNMENT (  '', '', ( #2960 ) ) ;
#7201 = PRESENTATION_LAYER_ASSIGNMENT (  '', '', ( #2961 ) ) ;
#7202 = DIRECTION ( 'NONE',  ( 0.000000000000000000, 0.000000000000000000, -1.000000000000000000 ) ) ;
#7203 = MECHANICAL_DESIGN_GEOMETRIC_PRESENTATION_REPRESENTATION (  '', ( #4758 ), #7611 ) ;
#7204 = DIRECTION ( 'NONE',  ( 3.722798880116137554E-15, 0.000000000000000000, -1.000000000000000000 ) ) ;
#7205 = EDGE_CURVE ( 'NONE', #4145, #3765, #8157, .T. ) ;
#7206 =( NAMED_UNIT ( * ) SI_UNIT ( $, .STERADIAN. ) SOLID_ANGLE_UNIT ( ) );
#7207 = CIRCLE ( 'NONE', #1777, 0.01901193750893743692 ) ;
#7208 = EDGE_CURVE ( 'NONE', #12175, #2131, #6968, .T. ) ;
#7209 = LINE ( 'NONE', #1536, #1883 ) ;
#7210 = ORIENTED_EDGE ( 'NONE', *, *, #12188, .T. ) ;
#7211 = DIRECTION ( 'NONE',  ( 0.000000000000000000, -1.000000000000000000, 0.000000000000000000 ) ) ;
#7212 = CIRCLE ( 'NONE', #9032, 0.01000000000000002623 ) ;
#7213 =( GEOMETRIC_REPRESENTATION_CONTEXT ( 3 ) GLOBAL_UNCERTAINTY_ASSIGNED_CONTEXT ( ( #987 ) ) GLOBAL_UNIT_ASSIGNED_CONTEXT ( ( #6571, #234, #2978 ) ) REPRESENTATION_CONTEXT ( 'NONE', 'WORKASPACE' ) );
#7214 = LINE ( 'NONE', #5407, #3088 ) ;
#7215 =( LENGTH_UNIT ( ) NAMED_UNIT ( * ) SI_UNIT ( .MILLI., .METRE. ) );
#7216 = CARTESIAN_POINT ( 'NONE',  ( -0.4809880624910625735, 0.5700000000000000622, -0.9159880624910591296 ) ) ;
#7217 = ORIENTED_EDGE ( 'NONE', *, *, #293, .F. ) ;
#7218 = DIRECTION ( 'NONE',  ( 1.000000000000000000, 0.000000000000000000, 7.636510523315148333E-15 ) ) ;
#7219 = VECTOR ( 'NONE', #2107, 1000.000000000000000 ) ;
#7220 =( NAMED_UNIT ( * ) PLANE_ANGLE_UNIT ( ) SI_UNIT ( $, .RADIAN. ) );
#7221 = EDGE_LOOP ( 'NONE', ( #4487, #7299, #550, #8970 ) ) ;
#7222 = CIRCLE ( 'NONE', #7625, 0.01000000000000002623 ) ;
#7223 = PLANE ( 'NONE',  #4764 ) ;
#7225 = DIRECTION ( 'NONE',  ( 5.421010862427507971E-15, 0.000000000000000000, 1.000000000000000000 ) ) ;
#7224 = COLOUR_RGB ( '',0.6666666666666666297, 0.6980392156862744724, 0.7686274509803920907 ) ;
#7226 = CIRCLE ( 'NONE', #11062, 0.01000000000000002623 ) ;
#7227 = AXIS2_PLACEMENT_3D ( 'NONE', #8477, #3610, #1909 ) ;
#7228 = DIRECTION ( 'NONE',  ( 0.000000000000000000, 0.000000000000000000, 1.000000000000000000 ) ) ;
#7229 = DIRECTION ( 'NONE',  ( 0.000000000000000000, -1.000000000000000000, 0.000000000000000000 ) ) ;
#7230 = VECTOR ( 'NONE', #4411, 1000.000000000000000 ) ;
#7231 = EDGE_CURVE ( 'NONE', #5134, #1392, #7709, .T. ) ;
#7232 = CARTESIAN_POINT ( 'NONE',  ( -0.5000000000000000000, 0.5700000000000000622, 0.7740119375089341558 ) ) ;
#7233 = FACE_OUTER_BOUND ( 'NONE', #10431, .T. ) ;
#7234 =( GEOMETRIC_REPRESENTATION_CONTEXT ( 3 ) GLOBAL_UNCERTAINTY_ASSIGNED_CONTEXT ( ( #4104 ) ) GLOBAL_UNIT_ASSIGNED_CONTEXT ( ( #11513, #1062, #125 ) ) REPRESENTATION_CONTEXT ( 'NONE', 'WORKASPACE' ) );
#7235 = CARTESIAN_POINT ( 'NONE',  ( 0.5000000000000000000, 0.5500000000000000444, -0.5000000000000002220 ) ) ;
#7236 =( NAMED_UNIT ( * ) SI_UNIT ( $, .STERADIAN. ) SOLID_ANGLE_UNIT ( ) );
#7237 = ORIENTED_EDGE ( 'NONE', *, *, #9343, .F. ) ;
#7238 = PRESENTATION_LAYER_ASSIGNMENT (  '', '', ( #6584 ) ) ;
#7239 = ORIENTED_EDGE ( 'NONE', *, *, #7048, .F. ) ;
#7240 = CYLINDRICAL_SURFACE ( 'NONE', #1267, 0.01901193750893743692 ) ;
#7241 = ORIENTED_EDGE ( 'NONE', *, *, #7733, .T. ) ;
#7242 = EDGE_LOOP ( 'NONE', ( #12356, #4203, #4931, #9172 ) ) ;
#7243 = CARTESIAN_POINT ( 'NONE',  ( 0.9159880624910615721, 0.5500000000000000444, 0.3349999999999993539 ) ) ;
#7244 = AXIS2_PLACEMENT_3D ( 'NONE', #6751, #10610, #4778 ) ;
#7245 = CIRCLE ( 'NONE', #8865, 0.01901193750893743692 ) ;
#7246 = CARTESIAN_POINT ( 'NONE',  ( -0.08098806249106234312, 0.5600000000000000533, 0.7549999999999994493 ) ) ;
#7247 = ORIENTED_EDGE ( 'NONE', *, *, #8678, .T. ) ;
#7248 = SURFACE_STYLE_USAGE ( .BOTH. , #12169 ) ;
#7249 = VERTEX_POINT ( 'NONE', #11821 ) ;
#7250 = DIRECTION ( 'NONE',  ( -0.000000000000000000, -1.000000000000000000, -0.000000000000000000 ) ) ;
#7251 = CARTESIAN_POINT ( 'NONE',  ( -0.5000000000000000000, 0.5700000000000000622, -0.5000000000000002220 ) ) ;
#7252 = CARTESIAN_POINT ( 'NONE',  ( -0.9159880624910621272, 0.5700000000000000622, 0.1249999999999991951 ) ) ;
#7253 = DIRECTION ( 'NONE',  ( 0.000000000000000000, 0.000000000000000000, 1.000000000000000000 ) ) ;
#7254 = ORIENTED_EDGE ( 'NONE', *, *, #2228, .T. ) ;
#7255 = FACE_OUTER_BOUND ( 'NONE', #7457, .T. ) ;
#7256 = UNCERTAINTY_MEASURE_WITH_UNIT (LENGTH_MEASURE( 1.000000000000000082E-05 ), #1146, 'distance_accuracy_value', 'NONE');
#7257 = ORIENTED_EDGE ( 'NONE', *, *, #2654, .T. ) ;
#7258 = EDGE_CURVE ( 'NONE', #5100, #5571, #8545, .T. ) ;
#7259 = DIRECTION ( 'NONE',  ( 4.336808689942018367E-14, 4.336808689942006376E-14, 1.000000000000000000 ) ) ;
#7260 = LINE ( 'NONE', #4336, #2223 ) ;
#7261 = CARTESIAN_POINT ( 'NONE',  ( -0.9159880624910599067, 0.5500000000000000444, 0.7849999999999992539 ) ) ;
#7262 = STYLED_ITEM ( 'NONE', ( #8677 ), #2810 ) ;
#7263 = CARTESIAN_POINT ( 'NONE',  ( 0.5000000000000004441, 0.5700000000000000622, 0.9159880624910591296 ) ) ;
#7264 = UNCERTAINTY_MEASURE_WITH_UNIT (LENGTH_MEASURE( 1.000000000000000082E-05 ), #646, 'distance_accuracy_value', 'NONE');
#7265 = PRESENTATION_STYLE_ASSIGNMENT (( #12058 ) ) ;
#7266 = ADVANCED_FACE ( 'NONE', ( #10881 ), #12148, .F. ) ;
#7267 =( NAMED_UNIT ( * ) SI_UNIT ( $, .STERADIAN. ) SOLID_ANGLE_UNIT ( ) );
#7268 = ADVANCED_FACE ( 'NONE', ( #6069 ), #9176, .F. ) ;
#7269 = CARTESIAN_POINT ( 'NONE',  ( -0.5000000000000000000, 0.5700000000000000622, -0.9159880624910591296 ) ) ;
#7270 = FACE_OUTER_BOUND ( 'NONE', #3140, .T. ) ;
#7271 = PLANE ( 'NONE',  #12123 ) ;
#7272 = DIRECTION ( 'NONE',  ( -1.084202172485501594E-14, 0.000000000000000000, 1.000000000000000000 ) ) ;
#7273 = EDGE_LOOP ( 'NONE', ( #4433, #5561, #4202, #10127 ) ) ;
#7274 = VECTOR ( 'NONE', #11478, 1000.000000000000000 ) ;
#7275 =( GEOMETRIC_REPRESENTATION_CONTEXT ( 3 ) GLOBAL_UNCERTAINTY_ASSIGNED_CONTEXT ( ( #5327 ) ) GLOBAL_UNIT_ASSIGNED_CONTEXT ( ( #12210, #2621, #11324 ) ) REPRESENTATION_CONTEXT ( 'NONE', 'WORKASPACE' ) );
#7276 =( LENGTH_UNIT ( ) NAMED_UNIT ( * ) SI_UNIT ( .MILLI., .METRE. ) );
#7277 = CARTESIAN_POINT ( 'NONE',  ( -0.9999999999999997780, 0.5500000000000000444, -1.000000000000000000 ) ) ;
#7278 = ORIENTED_EDGE ( 'NONE', *, *, #5111, .T. ) ;
#7279 = AXIS2_PLACEMENT_3D ( 'NONE', #9424, #1727, #5542 ) ;
#7280 = UNCERTAINTY_MEASURE_WITH_UNIT (LENGTH_MEASURE( 1.000000000000000082E-05 ), #152, 'distance_accuracy_value', 'NONE');
#7281 = DIRECTION ( 'NONE',  ( 1.000000000000000000, 0.000000000000000000, 7.636510523315142022E-15 ) ) ;
#7282 = CARTESIAN_POINT ( 'NONE',  ( -0.9999999999999997780, 0.5500000000000000444, 1.000000000000000000 ) ) ;
#7283 = EDGE_CURVE ( 'NONE', #10754, #6186, #2476, .T. ) ;
#7284 = ORIENTED_EDGE ( 'NONE', *, *, #7258, .T. ) ;
#7285 = CARTESIAN_POINT ( 'NONE',  ( -0.7740119375089365983, 0.5700000000000000622, 0.3059880624910606972 ) ) ;
#7286 = ADVANCED_FACE ( 'NONE', ( #7233 ), #556, .T. ) ;
#7287 =( GEOMETRIC_REPRESENTATION_CONTEXT ( 3 ) GLOBAL_UNCERTAINTY_ASSIGNED_CONTEXT ( ( #11797 ) ) GLOBAL_UNIT_ASSIGNED_CONTEXT ( ( #10783, #5313, #12104 ) ) REPRESENTATION_CONTEXT ( 'NONE', 'WORKASPACE' ) );
#7288 = PRESENTATION_LAYER_ASSIGNMENT (  '', '', ( #5029 ) ) ;
#7289 = SURFACE_STYLE_FILL_AREA ( #6323 ) ;
#7290 = AXIS2_PLACEMENT_3D ( 'NONE', #1635, #2574, #11905 ) ;
#7291 =( NAMED_UNIT ( * ) SI_UNIT ( $, .STERADIAN. ) SOLID_ANGLE_UNIT ( ) );
#7292 =( GEOMETRIC_REPRESENTATION_CONTEXT ( 3 ) GLOBAL_UNCERTAINTY_ASSIGNED_CONTEXT ( ( #5086 ) ) GLOBAL_UNIT_ASSIGNED_CONTEXT ( ( #8528, #2010, #8766 ) ) REPRESENTATION_CONTEXT ( 'NONE', 'WORKASPACE' ) );
#7293 = PRESENTATION_STYLE_ASSIGNMENT (( #6392 ) ) ;
#7294 = CARTESIAN_POINT ( 'NONE',  ( 0.7740119375089353770, 0.5700000000000000622, 0.7749999999999981348 ) ) ;
#7295 = DIRECTION ( 'NONE',  ( -1.084202172485501594E-14, 0.000000000000000000, 1.000000000000000000 ) ) ;
#7296 =( GEOMETRIC_REPRESENTATION_CONTEXT ( 3 ) GLOBAL_UNCERTAINTY_ASSIGNED_CONTEXT ( ( #5204 ) ) GLOBAL_UNIT_ASSIGNED_CONTEXT ( ( #11712, #319, #10765 ) ) REPRESENTATION_CONTEXT ( 'NONE', 'WORKASPACE' ) );
#7297 = VECTOR ( 'NONE', #5046, 1000.000000000000000 ) ;
#7298 = DIRECTION ( 'NONE',  ( -0.000000000000000000, -1.000000000000000000, -0.000000000000000000 ) ) ;
#7299 = ORIENTED_EDGE ( 'NONE', *, *, #1048, .T. ) ;
#7300 = AXIS2_PLACEMENT_3D ( 'NONE', #10356, #5403, #6434 ) ;
#7301 = ORIENTED_EDGE ( 'NONE', *, *, #9588, .T. ) ;
#7302 = ORIENTED_EDGE ( 'NONE', *, *, #814, .F. ) ;
#7303 = EDGE_LOOP ( 'NONE', ( #7857, #5732, #10379, #7836 ) ) ;
#7304 = EDGE_CURVE ( 'NONE', #4867, #735, #11387, .T. ) ;
#7305 =( LENGTH_UNIT ( ) NAMED_UNIT ( * ) SI_UNIT ( .MILLI., .METRE. ) );
#7306 = ORIENTED_EDGE ( 'NONE', *, *, #12393, .F. ) ;
#7307 = VERTEX_POINT ( 'NONE', #3927 ) ;
#7308 = ORIENTED_EDGE ( 'NONE', *, *, #8814, .T. ) ;
#7309 = PRESENTATION_STYLE_ASSIGNMENT (( #3133 ) ) ;
#7310 = ORIENTED_EDGE ( 'NONE', *, *, #9370, .F. ) ;
#7311 = DIRECTION ( 'NONE',  ( -0.000000000000000000, -1.000000000000000000, -0.000000000000000000 ) ) ;
#7312 = DIRECTION ( 'NONE',  ( -0.000000000000000000, -1.000000000000000000, -0.000000000000000000 ) ) ;
#7313 =( GEOMETRIC_REPRESENTATION_CONTEXT ( 3 ) GLOBAL_UNCERTAINTY_ASSIGNED_CONTEXT ( ( #5193 ) ) GLOBAL_UNIT_ASSIGNED_CONTEXT ( ( #6900, #10744, #7896 ) ) REPRESENTATION_CONTEXT ( 'NONE', 'WORKASPACE' ) );
#7314 = PRESENTATION_STYLE_ASSIGNMENT (( #5450 ) ) ;
#7315 = ORIENTED_EDGE ( 'NONE', *, *, #11259, .F. ) ;
#7316 = DIRECTION ( 'NONE',  ( -0.000000000000000000, -1.000000000000000000, -0.000000000000000000 ) ) ;
#7317 = AXIS2_PLACEMENT_3D ( 'NONE', #1040, #804, #859 ) ;
#7318 = FILL_AREA_STYLE ('',( #3476 ) ) ;
#7319 = FACE_OUTER_BOUND ( 'NONE', #2560, .T. ) ;
#7320 = CARTESIAN_POINT ( 'NONE',  ( -0.9159880624910601288, 0.5700000000000000622, 0.7559880624910617630 ) ) ;
#7321 = EDGE_CURVE ( 'NONE', #11518, #10107, #7518, .T. ) ;
#7322 = DIRECTION ( 'NONE',  ( 1.000000000000000000, 0.000000000000000000, -5.421010862427508759E-15 ) ) ;
#7323 = SURFACE_STYLE_USAGE ( .BOTH. , #12051 ) ;
#7324 = VECTOR ( 'NONE', #10733, 1000.000000000000000 ) ;
#7325 = FACE_OUTER_BOUND ( 'NONE', #7273, .T. ) ;
#7326 = CARTESIAN_POINT ( 'NONE',  ( 0.08098806249106003941, 0.5700000000000000622, -0.7550000000000006706 ) ) ;
#7327 = CARTESIAN_POINT ( 'NONE',  ( 0.3190119375089379150, 0.5700000000000000622, -0.7740119375089351550 ) ) ;
#7328 = PRESENTATION_LAYER_ASSIGNMENT (  '', '', ( #308 ) ) ;
#7329 = SURFACE_SIDE_STYLE ('',( #3489 ) ) ;
#7330 = FACE_OUTER_BOUND ( 'NONE', #3206, .T. ) ;
#7331 = ORIENTED_EDGE ( 'NONE', *, *, #9656, .F. ) ;
#7332 = ADVANCED_FACE ( 'NONE', ( #11506 ), #9499, .F. ) ;
#7333 = SURFACE_SIDE_STYLE ('',( #4295 ) ) ;
#7334 = CARTESIAN_POINT ( 'NONE',  ( 0.9159880624910606839, 0.5500000000000000444, -0.5649999999999991696 ) ) ;
#7335 = VERTEX_POINT ( 'NONE', #5868 ) ;
#7336 = LINE ( 'NONE', #12000, #4005 ) ;
#7337 = VECTOR ( 'NONE', #6417, 1000.000000000000000 ) ;
#7338 =( GEOMETRIC_REPRESENTATION_CONTEXT ( 3 ) GLOBAL_UNCERTAINTY_ASSIGNED_CONTEXT ( ( #2993 ) ) GLOBAL_UNIT_ASSIGNED_CONTEXT ( ( #9101, #1287, #4966 ) ) REPRESENTATION_CONTEXT ( 'NONE', 'WORKASPACE' ) );
#7339 = PRESENTATION_STYLE_ASSIGNMENT (( #1728 ) ) ;
#7340 = VERTEX_POINT ( 'NONE', #2917 ) ;
#7341 = FACE_OUTER_BOUND ( 'NONE', #83, .T. ) ;
#7342 = VECTOR ( 'NONE', #7063, 1000.000000000000000 ) ;
#7343 = EDGE_CURVE ( 'NONE', #1289, #6919, #1277, .T. ) ;
#7344 = CARTESIAN_POINT ( 'NONE',  ( -0.7740119375089352660, 0.5600000000000000533, 0.5649999999999981704 ) ) ;
#7345 =( NAMED_UNIT ( * ) SI_UNIT ( $, .STERADIAN. ) SOLID_ANGLE_UNIT ( ) );
#7346 = SURFACE_SIDE_STYLE ('',( #12154 ) ) ;
#7347 = EDGE_CURVE ( 'NONE', #10616, #5679, #2743, .T. ) ;
#7348 = ORIENTED_EDGE ( 'NONE', *, *, #7321, .F. ) ;
#7349 = SURFACE_STYLE_FILL_AREA ( #559 ) ;
#7350 = ORIENTED_EDGE ( 'NONE', *, *, #7001, .T. ) ;
#7351 = VERTEX_POINT ( 'NONE', #1057 ) ;
#7352 =( NAMED_UNIT ( * ) SI_UNIT ( $, .STERADIAN. ) SOLID_ANGLE_UNIT ( ) );
#7353 = VERTEX_POINT ( 'NONE', #9608 ) ;
#7354 = ORIENTED_EDGE ( 'NONE', *, *, #10877, .T. ) ;
#7355 = FILL_AREA_STYLE_COLOUR ( '', #1376 ) ;
#7356 = FILL_AREA_STYLE ('',( #3515 ) ) ;
#7357 =( NAMED_UNIT ( * ) PLANE_ANGLE_UNIT ( ) SI_UNIT ( $, .RADIAN. ) );
#7358 = VERTEX_POINT ( 'NONE', #1799 ) ;
#7359 = SURFACE_SIDE_STYLE ('',( #5570 ) ) ;
#7360 = VERTEX_POINT ( 'NONE', #1928 ) ;
#7361 = DIRECTION ( 'NONE',  ( -1.000000000000000000, 0.000000000000000000, -2.168404344971009115E-16 ) ) ;
#7362 = VECTOR ( 'NONE', #72, 1000.000000000000000 ) ;
#7363 = PLANE ( 'NONE',  #1081 ) ;
#7364 = ADVANCED_FACE ( 'NONE', ( #62 ), #11570, .T. ) ;
#7365 = SURFACE_SIDE_STYLE ('',( #8329 ) ) ;
#7366 = UNCERTAINTY_MEASURE_WITH_UNIT (LENGTH_MEASURE( 1.000000000000000082E-05 ), #11547, 'distance_accuracy_value', 'NONE');
#7367 = ORIENTED_EDGE ( 'NONE', *, *, #5163, .F. ) ;
#7368 = CARTESIAN_POINT ( 'NONE',  ( -0.3190119375089374709, 0.5700000000000000622, 0.9159880624910602398 ) ) ;
#7369 = CYLINDRICAL_SURFACE ( 'NONE', #11195, 0.01999999999999999695 ) ;
#7370 = CARTESIAN_POINT ( 'NONE',  ( 0.7740119375089357101, 0.5500000000000000444, -0.5649999999999981704 ) ) ;
#7371 = CIRCLE ( 'NONE', #10601, 0.01901193750893906409 ) ;
#7372 = DIRECTION ( 'NONE',  ( 0.000000000000000000, 0.000000000000000000, -1.000000000000000000 ) ) ;
#7373 = SURFACE_STYLE_FILL_AREA ( #4405 ) ;
#7374 = EDGE_CURVE ( 'NONE', #8873, #8110, #363, .T. ) ;
#7375 = DIRECTION ( 'NONE',  ( -0.000000000000000000, 0.000000000000000000, 1.000000000000000000 ) ) ;
#7376 = CIRCLE ( 'NONE', #11014, 0.02901193750893735560 ) ;
#7377 = FACE_OUTER_BOUND ( 'NONE', #1357, .T. ) ;
#7378 = CARTESIAN_POINT ( 'NONE',  ( -0.4809880624910624625, 0.5700000000000000622, 0.7549999999999966738 ) ) ;
#7379 = UNCERTAINTY_MEASURE_WITH_UNIT (LENGTH_MEASURE( 1.000000000000000082E-05 ), #6789, 'distance_accuracy_value', 'NONE');
#7380 = CIRCLE ( 'NONE', #5547, 0.01901193750893743692 ) ;
#7381 = EDGE_CURVE ( 'NONE', #9887, #2306, #11734, .T. ) ;
#7382 = FACE_OUTER_BOUND ( 'NONE', #1232, .T. ) ;
#7383 = VERTEX_POINT ( 'NONE', #4236 ) ;
#7384 = PRESENTATION_STYLE_ASSIGNMENT (( #7575 ) ) ;
#7385 = DIRECTION ( 'NONE',  ( 0.000000000000000000, 0.000000000000000000, 1.000000000000000000 ) ) ;
#7386 = EDGE_LOOP ( 'NONE', ( #3143, #11616, #7022, #1045 ) ) ;
#7387 = PRESENTATION_STYLE_ASSIGNMENT (( #12136 ) ) ;
#7388 = SURFACE_STYLE_USAGE ( .BOTH. , #7333 ) ;
#7389 =( GEOMETRIC_REPRESENTATION_CONTEXT ( 3 ) GLOBAL_UNCERTAINTY_ASSIGNED_CONTEXT ( ( #1477 ) ) GLOBAL_UNIT_ASSIGNED_CONTEXT ( ( #3590, #4567, #11038 ) ) REPRESENTATION_CONTEXT ( 'NONE', 'WORKASPACE' ) );
#7390 = VERTEX_POINT ( 'NONE', #2292 ) ;
#7391 = SURFACE_STYLE_FILL_AREA ( #3736 ) ;
#7392 = LINE ( 'NONE', #9234, #5599 ) ;
#7393 =( GEOMETRIC_REPRESENTATION_CONTEXT ( 3 ) GLOBAL_UNCERTAINTY_ASSIGNED_CONTEXT ( ( #4965 ) ) GLOBAL_UNIT_ASSIGNED_CONTEXT ( ( #10878, #1126, #4185 ) ) REPRESENTATION_CONTEXT ( 'NONE', 'WORKASPACE' ) );
#7394 = UNCERTAINTY_MEASURE_WITH_UNIT (LENGTH_MEASURE( 1.000000000000000082E-05 ), #4381, 'distance_accuracy_value', 'NONE');
#7395 = CYLINDRICAL_SURFACE ( 'NONE', #7279, 0.01901193750893743692 ) ;
#7396 = ORIENTED_EDGE ( 'NONE', *, *, #2860, .F. ) ;
#7397 = VECTOR ( 'NONE', #515, 1000.000000000000000 ) ;
#7398 =( LENGTH_UNIT ( ) NAMED_UNIT ( * ) SI_UNIT ( .MILLI., .METRE. ) );
#7399 = EDGE_CURVE ( 'NONE', #6649, #7619, #2160, .T. ) ;
#7400 = MECHANICAL_DESIGN_GEOMETRIC_PRESENTATION_REPRESENTATION (  '', ( #6164 ), #1172 ) ;
#7401 = LINE ( 'NONE', #496, #1377 ) ;
#7402 = AXIS2_PLACEMENT_3D ( 'NONE', #1379, #3323, #11898 ) ;
#7403 = STYLED_ITEM ( 'NONE', ( #9938 ), #9572 ) ;
#7404 = DIRECTION ( 'NONE',  ( 1.000000000000000000, 0.000000000000000000, 7.063772234066506568E-15 ) ) ;
#7405 = FACE_OUTER_BOUND ( 'NONE', #10741, .T. ) ;
#7406 = VECTOR ( 'NONE', #7409, 1000.000000000000000 ) ;
#7407 = PRESENTATION_STYLE_ASSIGNMENT (( #1552 ) ) ;
#7408 = CARTESIAN_POINT ( 'NONE',  ( 0.3874999999999998446, 0.4500000000000001221, 1.000000000000000000 ) ) ;
#7409 = DIRECTION ( 'NONE',  ( -3.818255261657575744E-15, -0.000000000000000000, -1.000000000000000000 ) ) ;
#7410 = ORIENTED_EDGE ( 'NONE', *, *, #2936, .T. ) ;
#7411 = CARTESIAN_POINT ( 'NONE',  ( 0.9159880624910605729, 0.5600000000000000533, -0.7559880624910617630 ) ) ;
#7412 = VECTOR ( 'NONE', #4597, 1000.000000000000000 ) ;
#7413 = VECTOR ( 'NONE', #12336, 1000.000000000000000 ) ;
#7414 = VECTOR ( 'NONE', #9647, 1000.000000000000000 ) ;
#7415 = VECTOR ( 'NONE', #12004, 1000.000000000000000 ) ;
#7416 = VECTOR ( 'NONE', #6122, 1000.000000000000000 ) ;
#7417 = EDGE_LOOP ( 'NONE', ( #8382, #11760, #8443, #9766 ) ) ;
#7418 = ORIENTED_EDGE ( 'NONE', *, *, #864, .T. ) ;
#7419 = LINE ( 'NONE', #11276, #8379 ) ;
#7420 = ADVANCED_FACE ( 'NONE', ( #7955 ), #11002, .F. ) ;
#7421 = CIRCLE ( 'NONE', #3186, 0.02901193750893740764 ) ;
#7422 = ADVANCED_FACE ( 'NONE', ( #11878 ), #2352, .F. ) ;
#7423 = SURFACE_SIDE_STYLE ('',( #4259 ) ) ;
#7424 = ORIENTED_EDGE ( 'NONE', *, *, #738, .F. ) ;
#7425 = ORIENTED_EDGE ( 'NONE', *, *, #2064, .T. ) ;
#7426 = DIRECTION ( 'NONE',  ( 0.000000000000000000, -1.000000000000000000, 0.000000000000000000 ) ) ;
#7427 = VECTOR ( 'NONE', #8660, 1000.000000000000000 ) ;
#7428 = STYLED_ITEM ( 'NONE', ( #8676 ), #5 ) ;
#7429 = CARTESIAN_POINT ( 'NONE',  ( -0.08098806249106509092, 0.5700000000000000622, -0.7549999999999994493 ) ) ;
#7430 = VERTEX_POINT ( 'NONE', #305 ) ;
#7432 = DIRECTION ( 'NONE',  ( 0.000000000000000000, 0.000000000000000000, -1.000000000000000000 ) ) ;
#7431 = MECHANICAL_DESIGN_GEOMETRIC_PRESENTATION_REPRESENTATION (  '', ( #7020 ), #9051 ) ;
#7433 = EDGE_LOOP ( 'NONE', ( #4352, #7154, #9004, #898 ) ) ;
#7434 = DIRECTION ( 'NONE',  ( -0.000000000000000000, -1.000000000000000000, -0.000000000000000000 ) ) ;
#7435 = CARTESIAN_POINT ( 'NONE',  ( -0.9159880624910601288, 0.5700000000000000622, -0.7559880624910617630 ) ) ;
#7436 =( NAMED_UNIT ( * ) SI_UNIT ( $, .STERADIAN. ) SOLID_ANGLE_UNIT ( ) );
#7437 = FILL_AREA_STYLE_COLOUR ( '', #10291 ) ;
#7438 = VERTEX_POINT ( 'NONE', #2670 ) ;
#7439 = AXIS2_PLACEMENT_3D ( 'NONE', #4210, #2262, #9442 ) ;
#7440 = VECTOR ( 'NONE', #6235, 1000.000000000000000 ) ;
#7441 = CARTESIAN_POINT ( 'NONE',  ( 0.5000000000000004441, 0.5700000000000000622, 0.7740119375089341558 ) ) ;
#7442 =( LENGTH_UNIT ( ) NAMED_UNIT ( * ) SI_UNIT ( .MILLI., .METRE. ) );
#7443 = EDGE_CURVE ( 'NONE', #1392, #7050, #1671, .T. ) ;
#7444 = ADVANCED_FACE ( 'NONE', ( #6372 ), #3549, .T. ) ;
#7445 = CARTESIAN_POINT ( 'NONE',  ( -0.1100000000000014022, 0.5500000000000000444, 0.7740119375089368203 ) ) ;
#7446 =( NAMED_UNIT ( * ) PLANE_ANGLE_UNIT ( ) SI_UNIT ( $, .RADIAN. ) );
#7447 = SURFACE_STYLE_USAGE ( .BOTH. , #5649 ) ;
#7448 = DIRECTION ( 'NONE',  ( 0.000000000000000000, 0.000000000000000000, -1.000000000000000000 ) ) ;
#7449 = SURFACE_STYLE_FILL_AREA ( #4693 ) ;
#7450 = FACE_OUTER_BOUND ( 'NONE', #10383, .T. ) ;
#7451 = EDGE_CURVE ( 'NONE', #4834, #10776, #7214, .T. ) ;
#7452 = CARTESIAN_POINT ( 'NONE',  ( -0.5100000000000000089, 0.5500000000000000444, -0.4800000000000002043 ) ) ;
#7453 = ORIENTED_EDGE ( 'NONE', *, *, #1930, .F. ) ;
#7454 = FILL_AREA_STYLE_COLOUR ( '', #12102 ) ;
#7455 = DIRECTION ( 'NONE',  ( 1.000000000000000000, 0.000000000000000000, 0.000000000000000000 ) ) ;
#7456 = DIRECTION ( 'NONE',  ( 1.000000000000000000, 0.000000000000000000, 1.856696220381421547E-13 ) ) ;
#7457 = EDGE_LOOP ( 'NONE', ( #7526, #5178, #11138, #3942 ) ) ;
#7458 =( LENGTH_UNIT ( ) NAMED_UNIT ( * ) SI_UNIT ( .MILLI., .METRE. ) );
#7459 =( NAMED_UNIT ( * ) PLANE_ANGLE_UNIT ( ) SI_UNIT ( $, .RADIAN. ) );
#7460 = CARTESIAN_POINT ( 'NONE',  ( 0.7740119375089353770, 0.5700000000000000622, -0.7749999999999981348 ) ) ;
#7461 =( GEOMETRIC_REPRESENTATION_CONTEXT ( 3 ) GLOBAL_UNCERTAINTY_ASSIGNED_CONTEXT ( ( #10138 ) ) GLOBAL_UNIT_ASSIGNED_CONTEXT ( ( #11844, #10840, #4267 ) ) REPRESENTATION_CONTEXT ( 'NONE', 'WORKASPACE' ) );
#7462 = CYLINDRICAL_SURFACE ( 'NONE', #3472, 0.009999999999999998473 ) ;
#7463 = DIRECTION ( 'NONE',  ( 3.722798880116137554E-15, 0.000000000000000000, 1.000000000000000000 ) ) ;
#7464 = COLOUR_RGB ( '',0.6666666666666666297, 0.6980392156862744724, 0.7686274509803920907 ) ;
#7465 =( LENGTH_UNIT ( ) NAMED_UNIT ( * ) SI_UNIT ( .MILLI., .METRE. ) );
#7466 = ORIENTED_EDGE ( 'NONE', *, *, #924, .F. ) ;
#7467 = SURFACE_STYLE_FILL_AREA ( #10303 ) ;
#7468 = FACE_OUTER_BOUND ( 'NONE', #3327, .T. ) ;
#7469 = MECHANICAL_DESIGN_GEOMETRIC_PRESENTATION_REPRESENTATION (  '', ( #7855 ), #9685 ) ;
#7470 = VECTOR ( 'NONE', #2210, 1000.000000000000000 ) ;
#7471 =( GEOMETRIC_REPRESENTATION_CONTEXT ( 3 ) GLOBAL_UNCERTAINTY_ASSIGNED_CONTEXT ( ( #1713 ) ) GLOBAL_UNIT_ASSIGNED_CONTEXT ( ( #4219, #410, #599 ) ) REPRESENTATION_CONTEXT ( 'NONE', 'WORKASPACE' ) );
#7472 =( NAMED_UNIT ( * ) PLANE_ANGLE_UNIT ( ) SI_UNIT ( $, .RADIAN. ) );
#7473 =( LENGTH_UNIT ( ) NAMED_UNIT ( * ) SI_UNIT ( .MILLI., .METRE. ) );
#7474 = STYLED_ITEM ( 'NONE', ( #865 ), #2097 ) ;
#7475 = SURFACE_STYLE_USAGE ( .BOTH. , #3443 ) ;
#7476 = CARTESIAN_POINT ( 'NONE',  ( -0.4800000000000000377, 0.5700000000000000622, 0.4799999999999998157 ) ) ;
#7477 = ORIENTED_EDGE ( 'NONE', *, *, #2189, .T. ) ;
#7478 = DIRECTION ( 'NONE',  ( -0.000000000000000000, 1.000000000000000000, -0.000000000000000000 ) ) ;
#7479 = VECTOR ( 'NONE', #6221, 1000.000000000000000 ) ;
#7480 = MECHANICAL_DESIGN_GEOMETRIC_PRESENTATION_REPRESENTATION (  '', ( #58 ), #1451 ) ;
#7481 = ORIENTED_EDGE ( 'NONE', *, *, #4038, .T. ) ;
#7482 =( GEOMETRIC_REPRESENTATION_CONTEXT ( 3 ) GLOBAL_UNCERTAINTY_ASSIGNED_CONTEXT ( ( #6868 ) ) GLOBAL_UNIT_ASSIGNED_CONTEXT ( ( #1318, #3900, #5899 ) ) REPRESENTATION_CONTEXT ( 'NONE', 'WORKASPACE' ) );
#7483 = EDGE_LOOP ( 'NONE', ( #12285, #4738, #9541, #12332 ) ) ;
#7484 = ORIENTED_EDGE ( 'NONE', *, *, #11139, .T. ) ;
#7485 = DIRECTION ( 'NONE',  ( -0.000000000000000000, -1.000000000000000000, -0.000000000000000000 ) ) ;
#7486 = SURFACE_SIDE_STYLE ('',( #7604 ) ) ;
#7487 = AXIS2_PLACEMENT_3D ( 'NONE', #8128, #10081, #6150 ) ;
#7488 = CARTESIAN_POINT ( 'NONE',  ( 0.9159880624910622382, 0.5500000000000000444, 0.1440119375089366216 ) ) ;
#7489 = ORIENTED_EDGE ( 'NONE', *, *, #5104, .T. ) ;
#7490 = ORIENTED_EDGE ( 'NONE', *, *, #1133, .F. ) ;
#7491 = FACE_BOUND ( 'NONE', #9026, .T. ) ;
#7492 = AXIS2_PLACEMENT_3D ( 'NONE', #3614, #12262, #3678 ) ;
#7493 = VERTEX_POINT ( 'NONE', #8411 ) ;
#7494 = CARTESIAN_POINT ( 'NONE',  ( -0.1000000000000031974, 0.5700000000000000622, 0.9159880624910617941 ) ) ;
#7495 =( GEOMETRIC_REPRESENTATION_CONTEXT ( 3 ) GLOBAL_UNCERTAINTY_ASSIGNED_CONTEXT ( ( #11298 ) ) GLOBAL_UNIT_ASSIGNED_CONTEXT ( ( #2666, #3355, #7206 ) ) REPRESENTATION_CONTEXT ( 'NONE', 'WORKASPACE' ) );
#7496 = CARTESIAN_POINT ( 'NONE',  ( -0.7740119375089361542, 0.5500000000000000444, -0.3349999999999980771 ) ) ;
#7497 = DIRECTION ( 'NONE',  ( 0.000000000000000000, 0.000000000000000000, -1.000000000000000000 ) ) ;
#7498 = ADVANCED_FACE ( 'NONE', ( #4473 ), #10953, .F. ) ;
#7499 = ORIENTED_EDGE ( 'NONE', *, *, #372, .F. ) ;
#7500 = DIRECTION ( 'NONE',  ( 0.000000000000000000, 1.000000000000000000, -0.000000000000000000 ) ) ;
#7501 = PRESENTATION_LAYER_ASSIGNMENT (  '', '', ( #467 ) ) ;
#7502 = EDGE_CURVE ( 'NONE', #5679, #10162, #11751, .T. ) ;
#7503 = FACE_OUTER_BOUND ( 'NONE', #2669, .T. ) ;
#7504 = UNCERTAINTY_MEASURE_WITH_UNIT (LENGTH_MEASURE( 1.000000000000000082E-05 ), #7752, 'distance_accuracy_value', 'NONE');
#7505 = ORIENTED_EDGE ( 'NONE', *, *, #271, .F. ) ;
#7506 = CARTESIAN_POINT ( 'NONE',  ( -0.1000000000000013795, 0.5600000000000000533, -0.7740119375089368203 ) ) ;
#7507 = PRESENTATION_LAYER_ASSIGNMENT (  '', '', ( #10327 ) ) ;
#7508 = DIRECTION ( 'NONE',  ( 1.000000000000000000, 0.000000000000000000, -0.000000000000000000 ) ) ;
#7509 = DIRECTION ( 'NONE',  ( 1.000000000000000000, -0.000000000000000000, -6.693592482257194052E-15 ) ) ;
#7510 = PRESENTATION_LAYER_ASSIGNMENT (  '', '', ( #275 ) ) ;
#7511 = DIRECTION ( 'NONE',  ( 0.000000000000000000, 1.000000000000000000, -0.000000000000000000 ) ) ;
#7512 =( LENGTH_UNIT ( ) NAMED_UNIT ( * ) SI_UNIT ( .MILLI., .METRE. ) );
#7513 = VERTEX_POINT ( 'NONE', #4415 ) ;
#7514 = COLOUR_RGB ( '',0.6666666666666666297, 0.6980392156862744724, 0.7686274509803920907 ) ;
#7515 = SURFACE_STYLE_USAGE ( .BOTH. , #4757 ) ;
#7516 = PRODUCT_DEFINITION ( 'UNKNOWN', '', #9657, #8013 ) ;
#7517 = ADVANCED_FACE ( 'NONE', ( #5336 ), #9230, .F. ) ;
#7518 = CIRCLE ( 'NONE', #1090, 0.01000000000000002623 ) ;
#7519 = UNCERTAINTY_MEASURE_WITH_UNIT (LENGTH_MEASURE( 1.000000000000000082E-05 ), #8861, 'distance_accuracy_value', 'NONE');
#7520 = CARTESIAN_POINT ( 'NONE',  ( -0.3190119375089376375, 0.5500000000000000444, -0.9449999999999977307 ) ) ;
#7521 = FACE_OUTER_BOUND ( 'NONE', #4622, .T. ) ;
#7522 = DIRECTION ( 'NONE',  ( 0.000000000000000000, -1.000000000000000000, 0.000000000000000000 ) ) ;
#7523 = FILL_AREA_STYLE ('',( #12387 ) ) ;
#7524 = CARTESIAN_POINT ( 'NONE',  ( 0.9349999999999980549, 0.5600000000000000533, -0.5940119375089366605 ) ) ;
#7525 = CYLINDRICAL_SURFACE ( 'NONE', #6848, 0.01901193750893743692 ) ;
#7526 = ORIENTED_EDGE ( 'NONE', *, *, #738, .T. ) ;
#7527 = CARTESIAN_POINT ( 'NONE',  ( -0.7740119375089370424, 0.5600000000000000533, 0.1149999999999981870 ) ) ;
#7528 = EDGE_CURVE ( 'NONE', #4386, #1293, #6692, .T. ) ;
#7529 = ORIENTED_EDGE ( 'NONE', *, *, #11874, .F. ) ;
#7530 = SURFACE_SIDE_STYLE ('',( #7391 ) ) ;
#7531 = PRODUCT_CONTEXT ( 'NONE', #10984, 'mechanical' ) ;
#7532 =( NAMED_UNIT ( * ) PLANE_ANGLE_UNIT ( ) SI_UNIT ( $, .RADIAN. ) );
#7533 =( NAMED_UNIT ( * ) SI_UNIT ( $, .STERADIAN. ) SOLID_ANGLE_UNIT ( ) );
#7534 =( LENGTH_UNIT ( ) NAMED_UNIT ( * ) SI_UNIT ( .MILLI., .METRE. ) );
#7535 = DIRECTION ( 'NONE',  ( 0.000000000000000000, -1.000000000000000000, 0.000000000000000000 ) ) ;
#7536 = CIRCLE ( 'NONE', #11759, 0.02901193750893746315 ) ;
#7537 = DIRECTION ( 'NONE',  ( -0.000000000000000000, -1.000000000000000000, -0.000000000000000000 ) ) ;
#7538 = DIRECTION ( 'NONE',  ( 1.084202172485501594E-14, 0.000000000000000000, -1.000000000000000000 ) ) ;
#7539 = FACE_OUTER_BOUND ( 'NONE', #9134, .T. ) ;
#7540 =( GEOMETRIC_REPRESENTATION_CONTEXT ( 3 ) GLOBAL_UNCERTAINTY_ASSIGNED_CONTEXT ( ( #7504 ) ) GLOBAL_UNIT_ASSIGNED_CONTEXT ( ( #7752, #10903, #8965 ) ) REPRESENTATION_CONTEXT ( 'NONE', 'WORKASPACE' ) );
#7541 = DIRECTION ( 'NONE',  ( -1.000000000000000000, 0.000000000000000000, 7.636510523315148333E-15 ) ) ;
#7542 = ORIENTED_EDGE ( 'NONE', *, *, #726, .F. ) ;
#7543 =( NAMED_UNIT ( * ) PLANE_ANGLE_UNIT ( ) SI_UNIT ( $, .RADIAN. ) );
#7544 = CARTESIAN_POINT ( 'NONE',  ( 0.9159880624910606839, 0.5600000000000000533, -0.5749999999999991784 ) ) ;
#7545 = ORIENTED_EDGE ( 'NONE', *, *, #357, .F. ) ;
#7546 = ORIENTED_EDGE ( 'NONE', *, *, #2643, .F. ) ;
#7547 = DIRECTION ( 'NONE',  ( -1.000000000000000000, -5.421010862427508759E-15, -1.084202172485501752E-14 ) ) ;
#7548 = AXIS2_PLACEMENT_3D ( 'NONE', #9017, #4205, #3277 ) ;
#7549 = MECHANICAL_DESIGN_GEOMETRIC_PRESENTATION_REPRESENTATION (  '', ( #9558 ), #2522 ) ;
#7550 = DIRECTION ( 'NONE',  ( 0.000000000000000000, 1.000000000000000000, 3.252606517456504467E-14 ) ) ;
#7551 = EDGE_CURVE ( 'NONE', #4192, #3014, #12391, .T. ) ;
#7552 = VERTEX_POINT ( 'NONE', #917 ) ;
#7553 = CARTESIAN_POINT ( 'NONE',  ( 0.09999999999999883982, 0.5600000000000000533, -0.9159880624910630154 ) ) ;
#7554 = DIRECTION ( 'NONE',  ( 1.000000000000000000, 0.000000000000000000, 5.421010862427508759E-15 ) ) ;
#7555 = CARTESIAN_POINT ( 'NONE',  ( 0.08098806249106281496, 0.5600000000000000533, -0.7740119375089372644 ) ) ;
#7556 = SURFACE_STYLE_FILL_AREA ( #6718 ) ;
#7557 = CARTESIAN_POINT ( 'NONE',  ( -0.08098806249106509092, 0.5700000000000000622, -0.7549999999999994493 ) ) ;
#7558 = TOROIDAL_SURFACE ( 'NONE', #4700, 0.02901193750893885787, 0.01000000000000000021 ) ;
#7559 = CARTESIAN_POINT ( 'NONE',  ( -0.1000000000000026840, 0.5700000000000000622, 0.7740119375089368203 ) ) ;
#7560 = VERTEX_POINT ( 'NONE', #7644 ) ;
#7561 = CARTESIAN_POINT ( 'NONE',  ( 0.9159880624910604618, 0.5700000000000000622, 0.7749999999999992450 ) ) ;
#7562 = EDGE_CURVE ( 'NONE', #9192, #3570, #8554, .T. ) ;
#7563 = STYLED_ITEM ( 'NONE', ( #9639 ), #8508 ) ;
#7564 = SURFACE_STYLE_FILL_AREA ( #6485 ) ;
#7565 =( NAMED_UNIT ( * ) SI_UNIT ( $, .STERADIAN. ) SOLID_ANGLE_UNIT ( ) );
#7566 = EDGE_LOOP ( 'NONE', ( #9179, #7239, #9265, #4136 ) ) ;
#7567 = CARTESIAN_POINT ( 'NONE',  ( 0.2900000000000004241, 0.5600000000000000533, 0.9159880624910602398 ) ) ;
#7568 = SURFACE_STYLE_FILL_AREA ( #6546 ) ;
#7569 = STYLED_ITEM ( 'NONE', ( #1511 ), #8688 ) ;
#7570 = DIRECTION ( 'NONE',  ( -0.000000000000000000, -1.000000000000000000, -0.000000000000000000 ) ) ;
#7571 = FILL_AREA_STYLE_COLOUR ( '', #7027 ) ;
#7572 = AXIS2_PLACEMENT_3D ( 'NONE', #3252, #2436, #6263 ) ;
#7573 = EDGE_CURVE ( 'NONE', #9239, #823, #1889, .T. ) ;
#7574 = ADVANCED_FACE ( 'NONE', ( #2792 ), #11958, .F. ) ;
#7575 = SURFACE_STYLE_USAGE ( .BOTH. , #1842 ) ;
#7576 = AXIS2_PLACEMENT_3D ( 'NONE', #1456, #6217, #11226 ) ;
#7577 =( GEOMETRIC_REPRESENTATION_CONTEXT ( 3 ) GLOBAL_UNCERTAINTY_ASSIGNED_CONTEXT ( ( #3997 ) ) GLOBAL_UNIT_ASSIGNED_CONTEXT ( ( #6386, #10055, #6120 ) ) REPRESENTATION_CONTEXT ( 'NONE', 'WORKASPACE' ) );
#7578 = SURFACE_STYLE_USAGE ( .BOTH. , #5953 ) ;
#7579 = ORIENTED_EDGE ( 'NONE', *, *, #12050, .F. ) ;
#7580 = AXIS2_PLACEMENT_3D ( 'NONE', #11793, #1473, #7448 ) ;
#7581 = CARTESIAN_POINT ( 'NONE',  ( 0.9449999999999980638, 0.5600000000000000533, -0.5940119375089367715 ) ) ;
#7582 = EDGE_LOOP ( 'NONE', ( #4265, #894, #11779, #4846 ) ) ;
#7583 = CARTESIAN_POINT ( 'NONE',  ( 0.3190119375089379150, 0.5500000000000000444, -0.7740119375089351550 ) ) ;
#7584 = SURFACE_SIDE_STYLE ('',( #12270 ) ) ;
#7585 = DIRECTION ( 'NONE',  ( 0.000000000000000000, 0.000000000000000000, -1.000000000000000000 ) ) ;
#7586 = AXIS2_PLACEMENT_3D ( 'NONE', #2589, #6483, #1641 ) ;
#7587 = EDGE_LOOP ( 'NONE', ( #11390, #9014, #10421, #6202 ) ) ;
#7588 = ADVANCED_FACE ( 'NONE', ( #111 ), #4775, .F. ) ;
#7589 = MECHANICAL_DESIGN_GEOMETRIC_PRESENTATION_REPRESENTATION (  '', ( #2760 ), #9206 ) ;
#7590 = DIRECTION ( 'NONE',  ( -0.000000000000000000, -1.000000000000000000, -0.000000000000000000 ) ) ;
#7591 = EDGE_CURVE ( 'NONE', #4257, #6376, #4676, .T. ) ;
#7592 = SURFACE_SIDE_STYLE ('',( #4716 ) ) ;
#7593 = VECTOR ( 'NONE', #9002, 1000.000000000000000 ) ;
#7594 = FACE_OUTER_BOUND ( 'NONE', #1876, .T. ) ;
#7595 = CIRCLE ( 'NONE', #774, 0.01901193750893592077 ) ;
#7596 = DIRECTION ( 'NONE',  ( 1.000000000000000000, 0.000000000000000000, 0.000000000000000000 ) ) ;
#7597 = DIRECTION ( 'NONE',  ( -0.000000000000000000, -1.000000000000000000, -0.000000000000000000 ) ) ;
#7598 = DIRECTION ( 'NONE',  ( 0.000000000000000000, 0.000000000000000000, -1.000000000000000000 ) ) ;
#7599 = ORIENTED_EDGE ( 'NONE', *, *, #10352, .T. ) ;
#7600 = FACE_OUTER_BOUND ( 'NONE', #5373, .T. ) ;
#7601 = ORIENTED_EDGE ( 'NONE', *, *, #9133, .T. ) ;
#7602 = DIRECTION ( 'NONE',  ( -0.000000000000000000, -1.000000000000000000, -0.000000000000000000 ) ) ;
#7603 = VECTOR ( 'NONE', #12424, 1000.000000000000000 ) ;
#7604 = SURFACE_STYLE_FILL_AREA ( #11396 ) ;
#7605 = AXIS2_PLACEMENT_3D ( 'NONE', #8512, #1068, #3882 ) ;
#7606 = TOROIDAL_SURFACE ( 'NONE', #8631, 0.02901193750893740764, 0.01000000000000000021 ) ;
#7607 = SURFACE_STYLE_USAGE ( .BOTH. , #6587 ) ;
#7608 = EDGE_CURVE ( 'NONE', #3765, #1748, #5853, .T. ) ;
#7609 = ORIENTED_EDGE ( 'NONE', *, *, #10428, .F. ) ;
#7610 = DIRECTION ( 'NONE',  ( -1.000000000000000000, -1.517883041479686518E-13, -1.450120405699358394E-13 ) ) ;
#7611 =( GEOMETRIC_REPRESENTATION_CONTEXT ( 3 ) GLOBAL_UNCERTAINTY_ASSIGNED_CONTEXT ( ( #1217 ) ) GLOBAL_UNIT_ASSIGNED_CONTEXT ( ( #2239, #1249, #10824 ) ) REPRESENTATION_CONTEXT ( 'NONE', 'WORKASPACE' ) );
#7612 = LINE ( 'NONE', #4799, #472 ) ;
#7613 = ORIENTED_EDGE ( 'NONE', *, *, #7881, .T. ) ;
#7614 = CARTESIAN_POINT ( 'NONE',  ( 0.4124999999999998668, 0.4500000000000001221, 1.000000000000000000 ) ) ;
#7615 = SURFACE_STYLE_USAGE ( .BOTH. , #11706 ) ;
#7616 = CIRCLE ( 'NONE', #2166, 0.01000000000000002623 ) ;
#7617 = CIRCLE ( 'NONE', #10436, 0.02901193750893746315 ) ;
#7618 = COLOUR_RGB ( '',0.6666666666666666297, 0.6980392156862744724, 0.7686274509803920907 ) ;
#7619 = VERTEX_POINT ( 'NONE', #7006 ) ;
#7620 = MECHANICAL_DESIGN_GEOMETRIC_PRESENTATION_REPRESENTATION (  '', ( #3574 ), #8427 ) ;
#7621 = LINE ( 'NONE', #3945, #8912 ) ;
#7622 = ORIENTED_EDGE ( 'NONE', *, *, #1235, .F. ) ;
#7623 = AXIS2_PLACEMENT_3D ( 'NONE', #11692, #2054, #8682 ) ;
#7624 = SURFACE_SIDE_STYLE ('',( #4928 ) ) ;
#7625 = AXIS2_PLACEMENT_3D ( 'NONE', #1962, #7694, #12381 ) ;
#7626 = STYLED_ITEM ( 'NONE', ( #3192 ), #11112 ) ;
#7627 = PRESENTATION_LAYER_ASSIGNMENT (  '', '', ( #8653 ) ) ;
#7628 =( NAMED_UNIT ( * ) PLANE_ANGLE_UNIT ( ) SI_UNIT ( $, .RADIAN. ) );
#7629 = CARTESIAN_POINT ( 'NONE',  ( 0.4809880624910629066, 0.5700000000000000622, 0.7549999999999966738 ) ) ;
#7630 = ORIENTED_EDGE ( 'NONE', *, *, #2796, .T. ) ;
#7631 = SURFACE_SIDE_STYLE ('',( #4580 ) ) ;
#7633 = FILL_AREA_STYLE ('',( #9649 ) ) ;
#7632 = PRESENTATION_STYLE_ASSIGNMENT (( #3779 ) ) ;
#7634 = AXIS2_PLACEMENT_3D ( 'NONE', #3024, #154, #10845 ) ;
#7635 = DIRECTION ( 'NONE',  ( -1.000000000000000000, 0.000000000000000000, -7.636510523315146756E-15 ) ) ;
#7636 = AXIS2_PLACEMENT_3D ( 'NONE', #43, #6551, #12440 ) ;
#7637 = EDGE_CURVE ( 'NONE', #8802, #7659, #3976, .T. ) ;
#7638 = PLANE ( 'NONE',  #11979 ) ;
#7639 =( NAMED_UNIT ( * ) SI_UNIT ( $, .STERADIAN. ) SOLID_ANGLE_UNIT ( ) );
#7640 = AXIS2_PLACEMENT_3D ( 'NONE', #8415, #689, #3619 ) ;
#7641 = DIRECTION ( 'NONE',  ( 0.000000000000000000, 0.000000000000000000, -1.000000000000000000 ) ) ;
#7642 = LINE ( 'NONE', #1912, #5830 ) ;
#7643 = VERTEX_POINT ( 'NONE', #7138 ) ;
#7644 = CARTESIAN_POINT ( 'NONE',  ( 0.4809880624910629066, 0.5700000000000000622, 0.7549999999999966738 ) ) ;
#7645 = CARTESIAN_POINT ( 'NONE',  ( 0.5100000000000004530, 0.5500000000000000444, -0.9159880624910591296 ) ) ;
#7646 = SURFACE_SIDE_STYLE ('',( #11495 ) ) ;
#7647 = UNCERTAINTY_MEASURE_WITH_UNIT (LENGTH_MEASURE( 1.000000000000000082E-05 ), #3075, 'distance_accuracy_value', 'NONE');
#7648 = EDGE_CURVE ( 'NONE', #1541, #7643, #7536, .T. ) ;
#7649 = ADVANCED_FACE ( 'NONE', ( #10862 ), #4100, .F. ) ;
#7650 = FILL_AREA_STYLE ('',( #11564 ) ) ;
#7651 = ORIENTED_EDGE ( 'NONE', *, *, #11170, .F. ) ;
#7652 = CARTESIAN_POINT ( 'NONE',  ( -0.4809880624910625735, 0.5600000000000000533, 0.7740119375089341558 ) ) ;
#7653 = CARTESIAN_POINT ( 'NONE',  ( -0.4809880624910625735, 0.5700000000000000622, -0.7740119375089341558 ) ) ;
#7654 = CARTESIAN_POINT ( 'NONE',  ( -0.08098806249106502153, 0.5500000000000000444, -0.7449999999999994404 ) ) ;
#7655 =( GEOMETRIC_REPRESENTATION_CONTEXT ( 3 ) GLOBAL_UNCERTAINTY_ASSIGNED_CONTEXT ( ( #1096 ) ) GLOBAL_UNIT_ASSIGNED_CONTEXT ( ( #10668, #8914, #9778 ) ) REPRESENTATION_CONTEXT ( 'NONE', 'WORKASPACE' ) );
#7656 = CARTESIAN_POINT ( 'NONE',  ( -0.4800000000000000377, 0.5500000000000000444, 0.4799999999999998157 ) ) ;
#7657 = ORIENTED_EDGE ( 'NONE', *, *, #726, .T. ) ;
#7658 = FILL_AREA_STYLE ('',( #3749 ) ) ;
#7659 = VERTEX_POINT ( 'NONE', #6040 ) ;
#7660 = CARTESIAN_POINT ( 'NONE',  ( -0.3000000000000000444, 0.5700000000000000622, 0.9159880624910602398 ) ) ;
#7661 = EDGE_CURVE ( 'NONE', #8652, #5001, #7826, .T. ) ;
#7662 = EDGE_LOOP ( 'NONE', ( #2857, #8807, #6399, #9328 ) ) ;
#7663 =( LENGTH_UNIT ( ) NAMED_UNIT ( * ) SI_UNIT ( .MILLI., .METRE. ) );
#7664 = ORIENTED_EDGE ( 'NONE', *, *, #4859, .F. ) ;
#7665 = VERTEX_POINT ( 'NONE', #2093 ) ;
#7666 = SURFACE_SIDE_STYLE ('',( #2752 ) ) ;
#7667 = PRESENTATION_LAYER_ASSIGNMENT (  '', '', ( #10885 ) ) ;
#7668 = PRESENTATION_STYLE_ASSIGNMENT (( #11458 ) ) ;
#7669 =( GEOMETRIC_REPRESENTATION_CONTEXT ( 3 ) GLOBAL_UNCERTAINTY_ASSIGNED_CONTEXT ( ( #10542 ) ) GLOBAL_UNIT_ASSIGNED_CONTEXT ( ( #7880, #10922, #4096 ) ) REPRESENTATION_CONTEXT ( 'NONE', 'WORKASPACE' ) );
#7670 = STYLED_ITEM ( 'NONE', ( #5897 ), #3169 ) ;
#7671 = SURFACE_STYLE_FILL_AREA ( #8514 ) ;
#7672 = ORIENTED_EDGE ( 'NONE', *, *, #10823, .F. ) ;
#7673 =( NAMED_UNIT ( * ) SI_UNIT ( $, .STERADIAN. ) SOLID_ANGLE_UNIT ( ) );
#7674 = CARTESIAN_POINT ( 'NONE',  ( -0.9159880624910601288, 0.5500000000000000444, 0.7559880624910617630 ) ) ;
#7675 = PRESENTATION_STYLE_ASSIGNMENT (( #7615 ) ) ;
#7676 =( NAMED_UNIT ( * ) SI_UNIT ( $, .STERADIAN. ) SOLID_ANGLE_UNIT ( ) );
#7677 = CIRCLE ( 'NONE', #6870, 0.01901193750893730161 ) ;
#7678 = SURFACE_SIDE_STYLE ('',( #8701 ) ) ;
#7679 = PRESENTATION_LAYER_ASSIGNMENT (  '', '', ( #5214 ) ) ;
#7680 = ORIENTED_EDGE ( 'NONE', *, *, #4920, .F. ) ;
#7681 = CARTESIAN_POINT ( 'NONE',  ( -0.9159880624910616831, 0.5700000000000000622, -0.3059880624910617519 ) ) ;
#7682 = ADVANCED_FACE ( 'NONE', ( #5974 ), #7911, .F. ) ;
#7683 = VERTEX_POINT ( 'NONE', #295 ) ;
#7684 = STYLED_ITEM ( 'NONE', ( #520 ), #2173 ) ;
#7685 = DIRECTION ( 'NONE',  ( -1.000000000000000000, 0.000000000000000000, 6.693592482257194052E-15 ) ) ;
#7686 = PRESENTATION_LAYER_ASSIGNMENT (  '', '', ( #1845 ) ) ;
#7687 = VERTEX_POINT ( 'NONE', #5394 ) ;
#7688 = PRESENTATION_LAYER_ASSIGNMENT (  '', '', ( #2467 ) ) ;
#7689 = LINE ( 'NONE', #11476, #1653 ) ;
#7690 = PRESENTATION_STYLE_ASSIGNMENT (( #7447 ) ) ;
#7691 = AXIS2_PLACEMENT_3D ( 'NONE', #11407, #3893, #950 ) ;
#7692 =( LENGTH_UNIT ( ) NAMED_UNIT ( * ) SI_UNIT ( .MILLI., .METRE. ) );
#7693 = FILL_AREA_STYLE_COLOUR ( '', #1988 ) ;
#7694 = DIRECTION ( 'NONE',  ( 0.000000000000000000, 0.000000000000000000, -1.000000000000000000 ) ) ;
#7695 = FILL_AREA_STYLE_COLOUR ( '', #5644 ) ;
#7696 = CIRCLE ( 'NONE', #4848, 0.02901193750893746315 ) ;
#7697 =( LENGTH_UNIT ( ) NAMED_UNIT ( * ) SI_UNIT ( .MILLI., .METRE. ) );
#7698 = CARTESIAN_POINT ( 'NONE',  ( 0.08098806249105923449, 0.5600000000000000533, 0.9350000000000002753 ) ) ;
#7699 = CIRCLE ( 'NONE', #3278, 0.01000000000000002623 ) ;
#7700 = CARTESIAN_POINT ( 'NONE',  ( -0.7549999999999988942, 0.5600000000000000533, 0.3059880624910607527 ) ) ;
#7701 = COLOUR_RGB ( '',0.6666666666666666297, 0.6980392156862744724, 0.7686274509803920907 ) ;
#7702 = VECTOR ( 'NONE', #8801, 1000.000000000000000 ) ;
#7703 = DIRECTION ( 'NONE',  ( 0.000000000000000000, 0.000000000000000000, -1.000000000000000000 ) ) ;
#7704 = EDGE_CURVE ( 'NONE', #4172, #5360, #2492, .T. ) ;
#7705 = FACE_OUTER_BOUND ( 'NONE', #4610, .T. ) ;
#7706 = VERTEX_POINT ( 'NONE', #10090 ) ;
#7707 = ORIENTED_EDGE ( 'NONE', *, *, #2825, .T. ) ;
#7708 = LINE ( 'NONE', #9544, #9826 ) ;
#7709 = CIRCLE ( 'NONE', #887, 0.01901193750893727386 ) ;
#7710 = ORIENTED_EDGE ( 'NONE', *, *, #7865, .F. ) ;
#7711 = CARTESIAN_POINT ( 'NONE',  ( -0.7549999999999993383, 0.5600000000000000533, 0.1440119375089355669 ) ) ;
#7712 = DIRECTION ( 'NONE',  ( 0.000000000000000000, 0.000000000000000000, 1.000000000000000000 ) ) ;
#7713 = COLOUR_RGB ( '',0.6666666666666666297, 0.6980392156862744724, 0.7686274509803920907 ) ;
#7714 =( LENGTH_UNIT ( ) NAMED_UNIT ( * ) SI_UNIT ( .MILLI., .METRE. ) );
#7715 =( NAMED_UNIT ( * ) SI_UNIT ( $, .STERADIAN. ) SOLID_ANGLE_UNIT ( ) );
#7716 = MECHANICAL_DESIGN_GEOMETRIC_PRESENTATION_REPRESENTATION (  '', ( #700 ), #2282 ) ;
#7717 = ADVANCED_FACE ( 'NONE', ( #8264 ), #5075, .F. ) ;
#7718 = SURFACE_STYLE_FILL_AREA ( #9735 ) ;
#7719 = CARTESIAN_POINT ( 'NONE',  ( 0.7449999999999979972, 0.5600000000000000533, 0.5940119375089355502 ) ) ;
#7720 = DIRECTION ( 'NONE',  ( -1.000000000000000000, 1.531435568635771227E-13, 6.776263578034385358E-15 ) ) ;
#7721 =( NAMED_UNIT ( * ) PLANE_ANGLE_UNIT ( ) SI_UNIT ( $, .RADIAN. ) );
#7722 = CARTESIAN_POINT ( 'NONE',  ( -0.9159880624910616831, 0.5500000000000000444, 0.3059880624910617519 ) ) ;
#7723 = EDGE_LOOP ( 'NONE', ( #9559, #6961, #1209, #12105 ) ) ;
#7724 = DIRECTION ( 'NONE',  ( -0.000000000000000000, 1.000000000000000000, -0.000000000000000000 ) ) ;
#7725 = CARTESIAN_POINT ( 'NONE',  ( 0.8000000000000002665, 0.02000000000000000042, -0.9000000000000001332 ) ) ;
#7726 = ORIENTED_EDGE ( 'NONE', *, *, #585, .T. ) ;
#7727 = VERTEX_POINT ( 'NONE', #12117 ) ;
#7728 = CARTESIAN_POINT ( 'NONE',  ( 0.4809880624910631841, 0.5700000000000000622, -0.9349999999999966116 ) ) ;
#7729 = DIRECTION ( 'NONE',  ( 0.000000000000000000, 3.252606517456505098E-14, -1.000000000000000000 ) ) ;
#7730 = ORIENTED_EDGE ( 'NONE', *, *, #8243, .F. ) ;
#7731 = ADVANCED_FACE ( 'NONE', ( #7377 ), #5491, .F. ) ;
#7732 = FACE_OUTER_BOUND ( 'NONE', #6506, .T. ) ;
#7733 = EDGE_CURVE ( 'NONE', #2637, #12016, #3300, .T. ) ;
#7734 = VECTOR ( 'NONE', #11603, 1000.000000000000000 ) ;
#7735 = SURFACE_STYLE_FILL_AREA ( #6651 ) ;
#7736 = DIRECTION ( 'NONE',  ( -5.421010862427508759E-15, -5.421010862427508759E-15, -1.000000000000000000 ) ) ;
#7737 = CARTESIAN_POINT ( 'NONE',  ( 0.9349999999999998312, 0.5700000000000000622, -0.1440119375089366494 ) ) ;
#7738 = VERTEX_POINT ( 'NONE', #4581 ) ;
#7739 = DIRECTION ( 'NONE',  ( -1.000000000000000000, 0.000000000000000000, 0.000000000000000000 ) ) ;
#7740 = CARTESIAN_POINT ( 'NONE',  ( -0.9349999999999976108, 0.5700000000000000622, 0.7559880624910617630 ) ) ;
#7741 = AXIS2_PLACEMENT_3D ( 'NONE', #9751, #1888, #1818 ) ;
#7742 = ORIENTED_EDGE ( 'NONE', *, *, #8258, .F. ) ;
#7743 = DIRECTION ( 'NONE',  ( 0.000000000000000000, 0.000000000000000000, -1.000000000000000000 ) ) ;
#7744 = ORIENTED_EDGE ( 'NONE', *, *, #6381, .T. ) ;
#7745 = FILL_AREA_STYLE_COLOUR ( '', #6034 ) ;
#7746 = EDGE_CURVE ( 'NONE', #3637, #2316, #2296, .T. ) ;
#7747 =( LENGTH_UNIT ( ) NAMED_UNIT ( * ) SI_UNIT ( .MILLI., .METRE. ) );
#7748 = ORIENTED_EDGE ( 'NONE', *, *, #10866, .T. ) ;
#7749 = ORIENTED_EDGE ( 'NONE', *, *, #5163, .T. ) ;
#7750 = MECHANICAL_DESIGN_GEOMETRIC_PRESENTATION_REPRESENTATION (  '', ( #3320 ), #2723 ) ;
#7751 = PRESENTATION_STYLE_ASSIGNMENT (( #7869 ) ) ;
#7752 =( LENGTH_UNIT ( ) NAMED_UNIT ( * ) SI_UNIT ( .MILLI., .METRE. ) );
#7753 = CARTESIAN_POINT ( 'NONE',  ( -0.4809880624910624070, 0.5500000000000000444, -0.7449999999999966649 ) ) ;
#7754 = PRESENTATION_STYLE_ASSIGNMENT (( #1834 ) ) ;
#7755 = DIRECTION ( 'NONE',  ( -0.000000000000000000, -1.000000000000000000, -0.000000000000000000 ) ) ;
#7756 = DIRECTION ( 'NONE',  ( 0.000000000000000000, 0.000000000000000000, -1.000000000000000000 ) ) ;
#7757 = MECHANICAL_DESIGN_GEOMETRIC_PRESENTATION_REPRESENTATION (  '', ( #8154 ), #6950 ) ;
#7758 = CARTESIAN_POINT ( 'NONE',  ( 1.000000000000000222, 0.4749999999999999223, 1.000000000000000000 ) ) ;
#7759 = EDGE_CURVE ( 'NONE', #3952, #8943, #2507, .T. ) ;
#7760 = SURFACE_STYLE_USAGE ( .BOTH. , #1102 ) ;
#7761 =( NAMED_UNIT ( * ) SI_UNIT ( $, .STERADIAN. ) SOLID_ANGLE_UNIT ( ) );
#7762 = ORIENTED_EDGE ( 'NONE', *, *, #10612, .F. ) ;
#7763 = CARTESIAN_POINT ( 'NONE',  ( 0.7740119375089365983, 0.5700000000000000622, 0.3249999999999982347 ) ) ;
#7764 = UNCERTAINTY_MEASURE_WITH_UNIT (LENGTH_MEASURE( 1.000000000000000082E-05 ), #2884, 'distance_accuracy_value', 'NONE');
#7765 = COLOUR_RGB ( '',0.6666666666666666297, 0.6980392156862744724, 0.7686274509803920907 ) ;
#7766 = EDGE_CURVE ( 'NONE', #1185, #12339, #10409, .T. ) ;
#7767 = SURFACE_STYLE_FILL_AREA ( #4714 ) ;
#7768 = PRESENTATION_STYLE_ASSIGNMENT (( #9789 ) ) ;
#7769 = COLOUR_RGB ( '',0.6666666666666666297, 0.6980392156862744724, 0.7686274509803920907 ) ;
#7770 = CARTESIAN_POINT ( 'NONE',  ( 0.3000000000000004885, 0.5700000000000000622, 0.7740119375089351550 ) ) ;
#7771 = AXIS2_PLACEMENT_3D ( 'NONE', #815, #10673, #4607 ) ;
#7772 = DIRECTION ( 'NONE',  ( -1.531435568635770974E-13, -1.000000000000000000, 0.000000000000000000 ) ) ;
#7773 = FILL_AREA_STYLE_COLOUR ( '', #4773 ) ;
#7774 = PRESENTATION_STYLE_ASSIGNMENT (( #8751 ) ) ;
#7775 = VERTEX_POINT ( 'NONE', #8472 ) ;
#7776 =( NAMED_UNIT ( * ) SI_UNIT ( $, .STERADIAN. ) SOLID_ANGLE_UNIT ( ) );
#7777 = COLOUR_RGB ( '',0.6666666666666666297, 0.6980392156862744724, 0.7686274509803920907 ) ;
#7778 = UNCERTAINTY_MEASURE_WITH_UNIT (LENGTH_MEASURE( 1.000000000000000082E-05 ), #4701, 'distance_accuracy_value', 'NONE');
#7779 = LINE ( 'NONE', #5925, #5252 ) ;
#7780 = EDGE_CURVE ( 'NONE', #2221, #11972, #10759, .T. ) ;
#7781 = VERTEX_POINT ( 'NONE', #8539 ) ;
#7782 = STYLED_ITEM ( 'NONE', ( #3210 ), #4820 ) ;
#7783 = CARTESIAN_POINT ( 'NONE',  ( 0.3190119375089376375, 0.5600000000000000533, -0.7449999999999977751 ) ) ;
#7784 = DIRECTION ( 'NONE',  ( 0.000000000000000000, 0.000000000000000000, -1.000000000000000000 ) ) ;
#7785 = SURFACE_SIDE_STYLE ('',( #6065 ) ) ;
#7786 = EDGE_LOOP ( 'NONE', ( #885, #6817, #6118, #5133 ) ) ;
#7787 =( NAMED_UNIT ( * ) SI_UNIT ( $, .STERADIAN. ) SOLID_ANGLE_UNIT ( ) );
#7788 = FILL_AREA_STYLE_COLOUR ( '', #9975 ) ;
#7789 = VECTOR ( 'NONE', #1016, 1000.000000000000000 ) ;
#7790 = CARTESIAN_POINT ( 'NONE',  ( -0.3190119375089375819, 0.5700000000000000622, 0.9349999999999977218 ) ) ;
#7791 =( NAMED_UNIT ( * ) PLANE_ANGLE_UNIT ( ) SI_UNIT ( $, .RADIAN. ) );
#7792 = DIRECTION ( 'NONE',  ( -0.000000000000000000, 1.000000000000000000, -0.000000000000000000 ) ) ;
#7793 = VERTEX_POINT ( 'NONE', #9533 ) ;
#7794 = STYLED_ITEM ( 'NONE', ( #9609 ), #11363 ) ;
#7796 = CARTESIAN_POINT ( 'NONE',  ( -0.7740119375089350440, 0.5500000000000000444, 0.5940119375089355502 ) ) ;
#7795 =( GEOMETRIC_REPRESENTATION_CONTEXT ( 3 ) GLOBAL_UNCERTAINTY_ASSIGNED_CONTEXT ( ( #5487 ) ) GLOBAL_UNIT_ASSIGNED_CONTEXT ( ( #1813, #8517, #942 ) ) REPRESENTATION_CONTEXT ( 'NONE', 'WORKASPACE' ) );
#7797 = EDGE_CURVE ( 'NONE', #11343, #7493, #12379, .T. ) ;
#7798 =( GEOMETRIC_REPRESENTATION_CONTEXT ( 3 ) GLOBAL_UNCERTAINTY_ASSIGNED_CONTEXT ( ( #2733 ) ) GLOBAL_UNIT_ASSIGNED_CONTEXT ( ( #7305, #5434, #1447 ) ) REPRESENTATION_CONTEXT ( 'NONE', 'WORKASPACE' ) );
#7799 = EDGE_LOOP ( 'NONE', ( #11663, #4057, #8693, #12411 ) ) ;
#7800 = ADVANCED_FACE ( 'NONE', ( #3666 ), #8593, .F. ) ;
#7801 = SURFACE_STYLE_USAGE ( .BOTH. , #9758 ) ;
#7802 = CARTESIAN_POINT ( 'NONE',  ( -0.9349999999999988320, 0.5700000000000000622, 0.3059880624910619185 ) ) ;
#7803 = COLOUR_RGB ( '',0.6666666666666666297, 0.6980392156862744724, 0.7686274509803920907 ) ;
#7804 = ORIENTED_EDGE ( 'NONE', *, *, #4590, .T. ) ;
#7805 = FILL_AREA_STYLE_COLOUR ( '', #4042 ) ;
#7806 = ORIENTED_EDGE ( 'NONE', *, *, #8178, .F. ) ;
#7807 = COLOUR_RGB ( '',0.6666666666666666297, 0.6980392156862744724, 0.7686274509803920907 ) ;
#7808 = ORIENTED_EDGE ( 'NONE', *, *, #8131, .F. ) ;
#7809 = DIRECTION ( 'NONE',  ( 0.000000000000000000, 0.000000000000000000, -1.000000000000000000 ) ) ;
#7810 = LINE ( 'NONE', #4817, #4971 ) ;
#7811 = DIRECTION ( 'NONE',  ( 0.000000000000000000, 0.000000000000000000, 1.000000000000000000 ) ) ;
#7812 = MECHANICAL_DESIGN_GEOMETRIC_PRESENTATION_REPRESENTATION (  '', ( #9436 ), #4180 ) ;
#7813 = FACE_OUTER_BOUND ( 'NONE', #5295, .T. ) ;
#7814 = ADVANCED_FACE ( 'NONE', ( #12437 ), #6493, .F. ) ;
#7815 = VECTOR ( 'NONE', #12189, 1000.000000000000000 ) ;
#7816 = EDGE_CURVE ( 'NONE', #7390, #273, #6797, .T. ) ;
#7817 =( NAMED_UNIT ( * ) PLANE_ANGLE_UNIT ( ) SI_UNIT ( $, .RADIAN. ) );
#7818 = PRESENTATION_LAYER_ASSIGNMENT (  '', '', ( #3988 ) ) ;
#7819 = CARTESIAN_POINT ( 'NONE',  ( 0.9449999999999998401, 0.5600000000000000533, -0.1440119375089366771 ) ) ;
#7820 = CARTESIAN_POINT ( 'NONE',  ( -0.3000000000000000444, 0.5700000000000000622, 0.9159880624910602398 ) ) ;
#7821 =( NAMED_UNIT ( * ) SI_UNIT ( $, .STERADIAN. ) SOLID_ANGLE_UNIT ( ) );
#7822 = SURFACE_STYLE_USAGE ( .BOTH. , #4032 ) ;
#7823 = STYLED_ITEM ( 'NONE', ( #1107 ), #52 ) ;
#7824 = ORIENTED_EDGE ( 'NONE', *, *, #3936, .F. ) ;
#7825 = COLOUR_RGB ( '',0.6666666666666666297, 0.6980392156862744724, 0.7686274509803920907 ) ;
#7826 = LINE ( 'NONE', #3225, #7324 ) ;
#7827 = SURFACE_SIDE_STYLE ('',( #7945 ) ) ;
#7828 = CARTESIAN_POINT ( 'NONE',  ( -0.9999999999999997780, 0.4500000000000000666, -1.000000000000000000 ) ) ;
#7829 = ADVANCED_FACE ( 'NONE', ( #5957 ), #3905, .F. ) ;
#7830 = AXIS2_PLACEMENT_3D ( 'NONE', #754, #9022, #9380 ) ;
#7831 =( GEOMETRIC_REPRESENTATION_CONTEXT ( 3 ) GLOBAL_UNCERTAINTY_ASSIGNED_CONTEXT ( ( #8793 ) ) GLOBAL_UNIT_ASSIGNED_CONTEXT ( ( #11988, #9156, #729 ) ) REPRESENTATION_CONTEXT ( 'NONE', 'WORKASPACE' ) );
#7832 = LINE ( 'NONE', #233, #8878 ) ;
#7833 = DIRECTION ( 'NONE',  ( -0.000000000000000000, -1.000000000000000000, -0.000000000000000000 ) ) ;
#7834 =( NAMED_UNIT ( * ) SI_UNIT ( $, .STERADIAN. ) SOLID_ANGLE_UNIT ( ) );
#7835 = CYLINDRICAL_SURFACE ( 'NONE', #12151, 0.01000000000000002623 ) ;
#7836 = ORIENTED_EDGE ( 'NONE', *, *, #2873, .F. ) ;
#7837 = CIRCLE ( 'NONE', #1021, 0.01901193750893749243 ) ;
#7838 = FACE_OUTER_BOUND ( 'NONE', #765, .T. ) ;
#7839 = ORIENTED_EDGE ( 'NONE', *, *, #2843, .F. ) ;
#7840 = FILL_AREA_STYLE ('',( #4239 ) ) ;
#7841 = CARTESIAN_POINT ( 'NONE',  ( -0.7449999999999994404, 0.5600000000000000533, -0.1440119375089354004 ) ) ;
#7842 = EDGE_LOOP ( 'NONE', ( #10774, #569, #7348, #5430 ) ) ;
#7843 = DIRECTION ( 'NONE',  ( -0.000000000000000000, -1.000000000000000000, -0.000000000000000000 ) ) ;
#7844 = FILL_AREA_STYLE ('',( #3933 ) ) ;
#7845 = FILL_AREA_STYLE ('',( #7097 ) ) ;
#7846 = DIRECTION ( 'NONE',  ( 1.000000000000000000, 0.000000000000000000, 0.000000000000000000 ) ) ;
#7847 = FILL_AREA_STYLE ('',( #4006 ) ) ;
#7848 = EDGE_CURVE ( 'NONE', #6186, #11711, #6023, .T. ) ;
#7849 = LINE ( 'NONE', #6914, #10397 ) ;
#7850 = SURFACE_STYLE_FILL_AREA ( #8637 ) ;
#7851 = SURFACE_STYLE_USAGE ( .BOTH. , #7910 ) ;
#7852 =( NAMED_UNIT ( * ) PLANE_ANGLE_UNIT ( ) SI_UNIT ( $, .RADIAN. ) );
#7853 = EDGE_LOOP ( 'NONE', ( #10262, #1460, #174, #11489 ) ) ;
#7854 = DIRECTION ( 'NONE',  ( 0.000000000000000000, -1.000000000000000000, 0.000000000000000000 ) ) ;
#7855 = STYLED_ITEM ( 'NONE', ( #5930 ), #5669 ) ;
#7857 = ORIENTED_EDGE ( 'NONE', *, *, #7347, .T. ) ;
#7856 = AXIS2_PLACEMENT_3D ( 'NONE', #8733, #11790, #4895 ) ;
#7858 = DIRECTION ( 'NONE',  ( 1.000000000000000000, 0.000000000000000000, 0.000000000000000000 ) ) ;
#7859 = DIRECTION ( 'NONE',  ( 0.000000000000000000, -1.000000000000000000, 0.000000000000000000 ) ) ;
#7860 = ORIENTED_EDGE ( 'NONE', *, *, #8648, .T. ) ;
#7861 = CARTESIAN_POINT ( 'NONE',  ( -0.7449999999999976641, 0.5600000000000000533, -0.5940119375089355502 ) ) ;
#7862 = AXIS2_PLACEMENT_3D ( 'NONE', #7320, #3717, #7372 ) ;
#7863 = EDGE_LOOP ( 'NONE', ( #7062, #6592, #753, #8172 ) ) ;
#7864 = VECTOR ( 'NONE', #2130, 1000.000000000000000 ) ;
#7865 = EDGE_CURVE ( 'NONE', #11490, #1089, #2134, .T. ) ;
#7866 = FACE_OUTER_BOUND ( 'NONE', #11080, .T. ) ;
#7867 = ORIENTED_EDGE ( 'NONE', *, *, #9742, .F. ) ;
#7868 = CARTESIAN_POINT ( 'NONE',  ( -0.4800000000000000377, 0.5700000000000000622, 0.4999999999999997780 ) ) ;
#7869 = SURFACE_STYLE_USAGE ( .BOTH. , #6928 ) ;
#7870 = DIRECTION ( 'NONE',  ( 0.000000000000000000, -1.000000000000000000, -0.000000000000000000 ) ) ;
#7871 =( GEOMETRIC_REPRESENTATION_CONTEXT ( 3 ) GLOBAL_UNCERTAINTY_ASSIGNED_CONTEXT ( ( #9547 ) ) GLOBAL_UNIT_ASSIGNED_CONTEXT ( ( #4713, #1920, #9599 ) ) REPRESENTATION_CONTEXT ( 'NONE', 'WORKASPACE' ) );
#7872 = PLANE ( 'NONE',  #1191 ) ;
#7873 = UNCERTAINTY_MEASURE_WITH_UNIT (LENGTH_MEASURE( 1.000000000000000082E-05 ), #11106, 'distance_accuracy_value', 'NONE');
#7874 = PRESENTATION_LAYER_ASSIGNMENT (  '', '', ( #11307 ) ) ;
#7875 =( LENGTH_UNIT ( ) NAMED_UNIT ( * ) SI_UNIT ( .MILLI., .METRE. ) );
#7876 = AXIS2_PLACEMENT_3D ( 'NONE', #3926, #6572, #11625 ) ;
#7877 = SURFACE_STYLE_USAGE ( .BOTH. , #9905 ) ;
#7878 = STYLED_ITEM ( 'NONE', ( #5640 ), #1664 ) ;
#7879 = FACE_OUTER_BOUND ( 'NONE', #1620, .T. ) ;
#7880 =( LENGTH_UNIT ( ) NAMED_UNIT ( * ) SI_UNIT ( .MILLI., .METRE. ) );
#7881 = EDGE_CURVE ( 'NONE', #11158, #8464, #8846, .T. ) ;
#7882 = MECHANICAL_DESIGN_GEOMETRIC_PRESENTATION_REPRESENTATION (  '', ( #4644 ), #856 ) ;
#7883 = ORIENTED_EDGE ( 'NONE', *, *, #6550, .T. ) ;
#7884 = AXIS2_PLACEMENT_3D ( 'NONE', #3232, #7084, #2346 ) ;
#7885 = PRESENTATION_STYLE_ASSIGNMENT (( #4162 ) ) ;
#7886 = UNCERTAINTY_MEASURE_WITH_UNIT (LENGTH_MEASURE( 1.000000000000000082E-05 ), #12039, 'distance_accuracy_value', 'NONE');
#7887 =( GEOMETRIC_REPRESENTATION_CONTEXT ( 3 ) GLOBAL_UNCERTAINTY_ASSIGNED_CONTEXT ( ( #10677 ) ) GLOBAL_UNIT_ASSIGNED_CONTEXT ( ( #7663, #6707, #6765 ) ) REPRESENTATION_CONTEXT ( 'NONE', 'WORKASPACE' ) );
#7888 = SURFACE_STYLE_FILL_AREA ( #1168 ) ;
#7889 = DIRECTION ( 'NONE',  ( 0.000000000000000000, 1.000000000000000000, -0.000000000000000000 ) ) ;
#7890 =( GEOMETRIC_REPRESENTATION_CONTEXT ( 3 ) GLOBAL_UNCERTAINTY_ASSIGNED_CONTEXT ( ( #984 ) ) GLOBAL_UNIT_ASSIGNED_CONTEXT ( ( #5526, #10349, #12318 ) ) REPRESENTATION_CONTEXT ( 'NONE', 'WORKASPACE' ) );
#7891 = CIRCLE ( 'NONE', #12348, 0.01000000000000002623 ) ;
#7892 = CARTESIAN_POINT ( 'NONE',  ( 0.9349999999999980549, 0.5700000000000000622, -0.7559880624910617630 ) ) ;
#7893 = AXIS2_PLACEMENT_3D ( 'NONE', #10752, #2111, #2297 ) ;
#7894 = ADVANCED_FACE ( 'NONE', ( #1322 ), #10967, .F. ) ;
#7895 = COLOUR_RGB ( '',0.6666666666666666297, 0.6980392156862744724, 0.7686274509803920907 ) ;
#7896 =( NAMED_UNIT ( * ) SI_UNIT ( $, .STERADIAN. ) SOLID_ANGLE_UNIT ( ) );
#7897 = VERTEX_POINT ( 'NONE', #1149 ) ;
#7898 = CARTESIAN_POINT ( 'NONE',  ( 0.09999999999999681366, 0.5700000000000000622, -0.9159880624910630154 ) ) ;
#7899 = DIRECTION ( 'NONE',  ( 1.843143693225352742E-13, 0.000000000000000000, 1.000000000000000000 ) ) ;
#7900 = AXIS2_PLACEMENT_3D ( 'NONE', #6110, #7021, #4231 ) ;
#7901 = DIRECTION ( 'NONE',  ( 0.000000000000000000, 0.000000000000000000, -1.000000000000000000 ) ) ;
#7902 = EDGE_LOOP ( 'NONE', ( #9425, #5034, #6747, #5484, #3363, #8448, #10234, #11792, #933, #4660 ) ) ;
#7903 = UNCERTAINTY_MEASURE_WITH_UNIT (LENGTH_MEASURE( 1.000000000000000082E-05 ), #8337, 'distance_accuracy_value', 'NONE');
#7904 =( NAMED_UNIT ( * ) SI_UNIT ( $, .STERADIAN. ) SOLID_ANGLE_UNIT ( ) );
#7905 = ORIENTED_EDGE ( 'NONE', *, *, #10946, .F. ) ;
#7906 =( LENGTH_UNIT ( ) NAMED_UNIT ( * ) SI_UNIT ( .MILLI., .METRE. ) );
#7907 = FILL_AREA_STYLE ('',( #11888 ) ) ;
#7908 = SURFACE_STYLE_USAGE ( .BOTH. , #4990 ) ;
#7909 = DIRECTION ( 'NONE',  ( -0.000000000000000000, 0.000000000000000000, 1.000000000000000000 ) ) ;
#7910 = SURFACE_SIDE_STYLE ('',( #4992 ) ) ;
#7911 = TOROIDAL_SURFACE ( 'NONE', #8127, 0.02901193750893743539, 0.01000000000000000021 ) ;
#7912 = DIRECTION ( 'NONE',  ( -2.008077744677158373E-15, -0.000000000000000000, -1.000000000000000000 ) ) ;
#7913 = VERTEX_POINT ( 'NONE', #12215 ) ;
#7914 = FILL_AREA_STYLE_COLOUR ( '', #3866 ) ;
#7915 = SURFACE_STYLE_FILL_AREA ( #4071 ) ;
#7916 = ORIENTED_EDGE ( 'NONE', *, *, #11810, .T. ) ;
#7917 = PRESENTATION_STYLE_ASSIGNMENT (( #446 ) ) ;
#7918 = ADVANCED_FACE ( 'NONE', ( #4207 ), #7122, .F. ) ;
#7919 = SURFACE_STYLE_USAGE ( .BOTH. , #4074 ) ;
#7920 = PRESENTATION_LAYER_ASSIGNMENT (  '', '', ( #1108 ) ) ;
#7921 = LINE ( 'NONE', #2310, #5956 ) ;
#7922 = ORIENTED_EDGE ( 'NONE', *, *, #4212, .F. ) ;
#7923 =( LENGTH_UNIT ( ) NAMED_UNIT ( * ) SI_UNIT ( .MILLI., .METRE. ) );
#7924 = SURFACE_STYLE_USAGE ( .BOTH. , #6980 ) ;
#7925 = SURFACE_SIDE_STYLE ('',( #11777 ) ) ;
#7926 = VERTEX_POINT ( 'NONE', #1622 ) ;
#7927 = DIRECTION ( 'NONE',  ( -0.000000000000000000, -0.000000000000000000, 1.000000000000000000 ) ) ;
#7930 = FILL_AREA_STYLE_COLOUR ( '', #3555 ) ;
#7929 = DIRECTION ( 'NONE',  ( 1.000000000000000000, -0.000000000000000000, 0.000000000000000000 ) ) ;
#7928 = COLOUR_RGB ( '',0.6666666666666666297, 0.6980392156862744724, 0.7686274509803920907 ) ;
#7931 = SURFACE_SIDE_STYLE ('',( #3213 ) ) ;
#7932 = EDGE_LOOP ( 'NONE', ( #1929, #1640, #5298, #10459 ) ) ;
#7933 = AXIS2_PLACEMENT_3D ( 'NONE', #4642, #11481, #1831 ) ;
#7934 = ORIENTED_EDGE ( 'NONE', *, *, #897, .F. ) ;
#7935 = FACE_OUTER_BOUND ( 'NONE', #6581, .T. ) ;
#7936 =( LENGTH_UNIT ( ) NAMED_UNIT ( * ) SI_UNIT ( .MILLI., .METRE. ) );
#7937 = EDGE_CURVE ( 'NONE', #3325, #6916, #2321, .T. ) ;
#7938 = CARTESIAN_POINT ( 'NONE',  ( -0.7449999999999976641, 0.5600000000000000533, -0.7559880624910606528 ) ) ;
#7939 = SURFACE_STYLE_FILL_AREA ( #6997 ) ;
#7940 = AXIS2_PLACEMENT_3D ( 'NONE', #10914, #6151, #8062 ) ;
#7941 = PRESENTATION_STYLE_ASSIGNMENT (( #4092 ) ) ;
#7942 = AXIS2_PLACEMENT_3D ( 'NONE', #10557, #3740, #7585 ) ;
#7943 = ORIENTED_EDGE ( 'NONE', *, *, #3744, .F. ) ;
#7944 = SURFACE_STYLE_USAGE ( .BOTH. , #294 ) ;
#7945 = SURFACE_STYLE_FILL_AREA ( #11868 ) ;
#7946 = CARTESIAN_POINT ( 'NONE',  ( 0.09999999999999883982, 0.5700000000000000622, -0.9159880624910630154 ) ) ;
#7947 = SURFACE_STYLE_USAGE ( .BOTH. , #2098 ) ;
#7948 = EDGE_CURVE ( 'NONE', #10224, #5822, #5423, .T. ) ;
#7949 = DIRECTION ( 'NONE',  ( 0.000000000000000000, 0.000000000000000000, -1.000000000000000000 ) ) ;
#7950 = EDGE_CURVE ( 'NONE', #128, #12017, #1117, .T. ) ;
#7951 =( NAMED_UNIT ( * ) SI_UNIT ( $, .STERADIAN. ) SOLID_ANGLE_UNIT ( ) );
#7953 = DIRECTION ( 'NONE',  ( -6.693592482257194052E-15, 0.000000000000000000, 1.000000000000000000 ) ) ;
#7952 = VECTOR ( 'NONE', #2564, 1000.000000000000000 ) ;
#7954 = ORIENTED_EDGE ( 'NONE', *, *, #3934, .T. ) ;
#7955 = FACE_OUTER_BOUND ( 'NONE', #7799, .T. ) ;
#7956 = LINE ( 'NONE', #1060, #4967 ) ;
#7957 = PLANE ( 'NONE',  #5191 ) ;
#7958 = EDGE_CURVE ( 'NONE', #6906, #9869, #1303, .T. ) ;
#7959 = AXIS2_PLACEMENT_3D ( 'NONE', #9996, #10129, #4377 ) ;
#7960 = ORIENTED_EDGE ( 'NONE', *, *, #6406, .T. ) ;
#7961 = LINE ( 'NONE', #3062, #3386 ) ;
#7962 = ADVANCED_FACE ( 'NONE', ( #1857 ), #3921, .T. ) ;
#7963 =( LENGTH_UNIT ( ) NAMED_UNIT ( * ) SI_UNIT ( .MILLI., .METRE. ) );
#7964 = CIRCLE ( 'NONE', #8997, 0.01000000000000002623 ) ;
#7965 = DIRECTION ( 'NONE',  ( -7.128430308429538957E-16, 0.000000000000000000, -1.000000000000000000 ) ) ;
#7966 = SURFACE_SIDE_STYLE ('',( #10956 ) ) ;
#7967 = LINE ( 'NONE', #11584, #1342 ) ;
#7968 = DIRECTION ( 'NONE',  ( -0.000000000000000000, -0.000000000000000000, 1.000000000000000000 ) ) ;
#7969 = CARTESIAN_POINT ( 'NONE',  ( -0.3190119375089374709, 0.5600000000000000533, 0.9159880624910602398 ) ) ;
#7970 = LINE ( 'NONE', #4993, #1179 ) ;
#7971 = ORIENTED_EDGE ( 'NONE', *, *, #2364, .T. ) ;
#7972 = FILL_AREA_STYLE ('',( #8951 ) ) ;
#7973 = PRESENTATION_LAYER_ASSIGNMENT (  '', '', ( #5129 ) ) ;
#7974 = CARTESIAN_POINT ( 'NONE',  ( -0.08098806249106771382, 0.5500000000000000444, -0.9449999999999992850 ) ) ;
#7975 = ORIENTED_EDGE ( 'NONE', *, *, #4262, .F. ) ;
#7976 = CARTESIAN_POINT ( 'NONE',  ( 0.9449999999999980638, 0.5600000000000000533, 0.5940119375089366605 ) ) ;
#7977 = EDGE_CURVE ( 'NONE', #1723, #10254, #9757, .T. ) ;
#7978 = DIRECTION ( 'NONE',  ( 0.000000000000000000, 1.000000000000000000, 0.000000000000000000 ) ) ;
#7979 = AXIS2_PLACEMENT_3D ( 'NONE', #222, #3147, #9845 ) ;
#7980 = FACE_OUTER_BOUND ( 'NONE', #9073, .T. ) ;
#7981 = ORIENTED_EDGE ( 'NONE', *, *, #1330, .F. ) ;
#7982 = CARTESIAN_POINT ( 'NONE',  ( -0.9159880624910602398, 0.5600000000000000533, 0.5940119375089365494 ) ) ;
#7983 = CYLINDRICAL_SURFACE ( 'NONE', #4049, 0.01901193750893738141 ) ;
#7984 = EDGE_LOOP ( 'NONE', ( #12159, #2920, #7651, #4491 ) ) ;
#7985 = EDGE_LOOP ( 'NONE', ( #519, #8759, #5444, #2625 ) ) ;
#7986 = CARTESIAN_POINT ( 'NONE',  ( -0.5100000000000000089, 0.5600000000000000533, -0.9159880624910591296 ) ) ;
#7987 = COLOUR_RGB ( '',0.6666666666666666297, 0.6980392156862744724, 0.7686274509803920907 ) ;
#7988 = CARTESIAN_POINT ( 'NONE',  ( 0.3190119375089377485, 0.5700000000000000622, -0.7549999999999977840 ) ) ;
#7989 = VECTOR ( 'NONE', #6728, 1000.000000000000000 ) ;
#7991 = CARTESIAN_POINT ( 'NONE',  ( 0.5000000000000004441, 0.5600000000000000533, -0.9159880624910591296 ) ) ;
#7990 = DIRECTION ( 'NONE',  ( -1.000000000000000000, 0.000000000000000000, 7.254684997149389260E-15 ) ) ;
#7992 = SURFACE_SIDE_STYLE ('',( #4144 ) ) ;
#7993 = ORIENTED_EDGE ( 'NONE', *, *, #67, .F. ) ;
#7994 = CARTESIAN_POINT ( 'NONE',  ( 0.3875000000000006772, 0.4500000000000000666, -1.000000000000000000 ) ) ;
#7995 = UNCERTAINTY_MEASURE_WITH_UNIT (LENGTH_MEASURE( 1.000000000000000082E-05 ), #1814, 'distance_accuracy_value', 'NONE');
#7996 = ORIENTED_EDGE ( 'NONE', *, *, #1802, .F. ) ;
#7997 = FILL_AREA_STYLE_COLOUR ( '', #664 ) ;
#7998 =( NAMED_UNIT ( * ) PLANE_ANGLE_UNIT ( ) SI_UNIT ( $, .RADIAN. ) );
#7999 = DIRECTION ( 'NONE',  ( -3.346796241128596237E-15, -0.000000000000000000, 1.000000000000000000 ) ) ;
#8000 = VECTOR ( 'NONE', #4999, 1000.000000000000000 ) ;
#8001 = CIRCLE ( 'NONE', #8202, 0.02901193750893746315 ) ;
#8002 = FILL_AREA_STYLE_COLOUR ( '', #5821 ) ;
#8003 = FACE_OUTER_BOUND ( 'NONE', #3318, .T. ) ;
#8004 = AXIS2_PLACEMENT_3D ( 'NONE', #6267, #9178, #5173 ) ;
#8005 = EDGE_CURVE ( 'NONE', #4373, #8245, #7145, .T. ) ;
#8006 = VERTEX_POINT ( 'NONE', #5799 ) ;
#8007 = AXIS2_PLACEMENT_3D ( 'NONE', #7581, #4707, #3856 ) ;
#8008 = AXIS2_PLACEMENT_3D ( 'NONE', #2893, #2772, #9586 ) ;
#8009 = VECTOR ( 'NONE', #10659, 1000.000000000000000 ) ;
#8010 = CARTESIAN_POINT ( 'NONE',  ( 1.000000000000000222, 0.5500000000000000444, 1.000000000000000000 ) ) ;
#8011 = STYLED_ITEM ( 'NONE', ( #7031 ), #2656 ) ;
#8012 = UNCERTAINTY_MEASURE_WITH_UNIT (LENGTH_MEASURE( 1.000000000000000082E-05 ), #4082, 'distance_accuracy_value', 'NONE');
#8013 = PRODUCT_DEFINITION_CONTEXT ( 'detailed design', #2992, 'design' ) ;
#8014 = SURFACE_STYLE_FILL_AREA ( #8985 ) ;
#8015 = CARTESIAN_POINT ( 'NONE',  ( 0.4809880624910630176, 0.5700000000000000622, -0.9159880624910591296 ) ) ;
#8016 = CIRCLE ( 'NONE', #9837, 0.02901193750893757070 ) ;
#8017 = VECTOR ( 'NONE', #8848, 1000.000000000000000 ) ;
#8018 = SURFACE_STYLE_FILL_AREA ( #482 ) ;
#8019 = ORIENTED_EDGE ( 'NONE', *, *, #5081, .F. ) ;
#8020 = AXIS2_PLACEMENT_3D ( 'NONE', #9814, #4009, #8103 ) ;
#8021 = AXIS2_PLACEMENT_3D ( 'NONE', #7327, #7081, #3299 ) ;
#8022 = SURFACE_SIDE_STYLE ('',( #1417 ) ) ;
#8023 = ORIENTED_EDGE ( 'NONE', *, *, #8557, .F. ) ;
#8024 = EDGE_CURVE ( 'NONE', #2756, #10594, #8138, .T. ) ;
#8025 = DIRECTION ( 'NONE',  ( -0.000000000000000000, -1.000000000000000000, 0.000000000000000000 ) ) ;
#8026 = SURFACE_STYLE_USAGE ( .BOTH. , #241 ) ;
#8027 = MECHANICAL_DESIGN_GEOMETRIC_PRESENTATION_REPRESENTATION (  '', ( #6422 ), #37 ) ;
#8028 = CIRCLE ( 'NONE', #11463, 0.02901193750893730008 ) ;
#8029 = UNCERTAINTY_MEASURE_WITH_UNIT (LENGTH_MEASURE( 1.000000000000000082E-05 ), #2655, 'distance_accuracy_value', 'NONE');
#8030 = DIRECTION ( 'NONE',  ( 0.000000000000000000, 1.000000000000000000, 0.000000000000000000 ) ) ;
#8031 = EDGE_LOOP ( 'NONE', ( #990, #8151, #6138, #955 ) ) ;
#8032 =( LENGTH_UNIT ( ) NAMED_UNIT ( * ) SI_UNIT ( .MILLI., .METRE. ) );
#8033 = CARTESIAN_POINT ( 'NONE',  ( -0.7549999999999976730, 0.5700000000000000622, -0.5940119375089355502 ) ) ;
#8034 = CARTESIAN_POINT ( 'NONE',  ( -0.4125000000000000888, 0.5500000000000000444, 1.000000000000000000 ) ) ;
#8035 = EDGE_CURVE ( 'NONE', #9086, #4134, #12187, .T. ) ;
#8036 = EDGE_CURVE ( 'NONE', #735, #7390, #9566, .T. ) ;
#8037 = CARTESIAN_POINT ( 'NONE',  ( 0.7549999999999997824, 0.5700000000000000622, 0.1440119375089355669 ) ) ;
#8038 = ADVANCED_FACE ( 'NONE', ( #1047 ), #9600, .F. ) ;
#8039 = EDGE_LOOP ( 'NONE', ( #2945, #9333, #1807, #8869 ) ) ;
#8040 = DIRECTION ( 'NONE',  ( 0.000000000000000000, 0.000000000000000000, -1.000000000000000000 ) ) ;
#8041 = ORIENTED_EDGE ( 'NONE', *, *, #11750, .F. ) ;
#8042 = FILL_AREA_STYLE_COLOUR ( '', #8720 ) ;
#8043 = ORIENTED_EDGE ( 'NONE', *, *, #3411, .F. ) ;
#8044 = DIRECTION ( 'NONE',  ( 0.000000000000000000, 0.000000000000000000, -1.000000000000000000 ) ) ;
#8045 = CARTESIAN_POINT ( 'NONE',  ( -0.9999999999999997780, 0.5500000000000000444, 1.000000000000000000 ) ) ;
#8046 = ORIENTED_EDGE ( 'NONE', *, *, #7034, .T. ) ;
#8047 = CARTESIAN_POINT ( 'NONE',  ( 0.9159880624910621272, 0.5700000000000000622, 0.3059880624910617519 ) ) ;
#8048 = VERTEX_POINT ( 'NONE', #5024 ) ;
#8049 = ORIENTED_EDGE ( 'NONE', *, *, #9659, .T. ) ;
#8050 = DIRECTION ( 'NONE',  ( 0.000000000000000000, 0.000000000000000000, 1.000000000000000000 ) ) ;
#8051 = SURFACE_STYLE_USAGE ( .BOTH. , #5189 ) ;
#8052 = EDGE_CURVE ( 'NONE', #2127, #1185, #4690, .T. ) ;
#8053 = COLOUR_RGB ( '',0.6666666666666666297, 0.6980392156862744724, 0.7686274509803920907 ) ;
#8054 = SURFACE_SIDE_STYLE ('',( #4206 ) ) ;
#8055 = CARTESIAN_POINT ( 'NONE',  ( -0.3000000000000000444, 0.5700000000000000622, 0.9159880624910602398 ) ) ;
#8056 = CARTESIAN_POINT ( 'NONE',  ( -0.3874999999999995115, 0.4500000000000000666, -1.000000000000000000 ) ) ;
#8057 = ORIENTED_EDGE ( 'NONE', *, *, #5023, .F. ) ;
#8058 = DIRECTION ( 'NONE',  ( 0.000000000000000000, 0.000000000000000000, -1.000000000000000000 ) ) ;
#8059 = ORIENTED_EDGE ( 'NONE', *, *, #4385, .F. ) ;
#8060 = ORIENTED_EDGE ( 'NONE', *, *, #9659, .F. ) ;
#8061 = SURFACE_SIDE_STYLE ('',( #1462 ) ) ;
#8062 = DIRECTION ( 'NONE',  ( -2.566234911034824061E-14, 0.000000000000000000, -1.000000000000000000 ) ) ;
#8063 = DIRECTION ( 'NONE',  ( 0.9904418356100046505, 0.000000000000000000, -0.1379310344827607837 ) ) ;
#8064 = MECHANICAL_DESIGN_GEOMETRIC_PRESENTATION_REPRESENTATION (  '', ( #6032 ), #49 ) ;
#8065 = AXIS2_PLACEMENT_3D ( 'NONE', #8600, #1038, #11426 ) ;
#8066 = MECHANICAL_DESIGN_GEOMETRIC_PRESENTATION_REPRESENTATION (  '', ( #11111 ), #8270 ) ;
#8067 = FILL_AREA_STYLE_COLOUR ( '', #9881 ) ;
#8068 = CARTESIAN_POINT ( 'NONE',  ( 0.9159880624910607949, 0.5500000000000000444, 0.5649999999999991696 ) ) ;
#8069 = PLANE ( 'NONE',  #3475 ) ;
#8070 = FILL_AREA_STYLE_COLOUR ( '', #1290 ) ;
#8071 = PRESENTATION_STYLE_ASSIGNMENT (( #5395 ) ) ;
#8072 = PRESENTATION_LAYER_ASSIGNMENT (  '', '', ( #1052 ) ) ;
#8073 = MECHANICAL_DESIGN_GEOMETRIC_PRESENTATION_REPRESENTATION (  '', ( #5214 ), #1837 ) ;
#8074 = COLOUR_RGB ( '',0.6666666666666666297, 0.6980392156862744724, 0.7686274509803920907 ) ;
#8075 = SURFACE_SIDE_STYLE ('',( #9858 ) ) ;
#8076 = VECTOR ( 'NONE', #1675, 1000.000000000000000 ) ;
#8077 = ADVANCED_FACE ( 'NONE', ( #5142 ), #6108, .F. ) ;
#8078 = SURFACE_STYLE_USAGE ( .BOTH. , #1481 ) ;
#8079 = ORIENTED_EDGE ( 'NONE', *, *, #7937, .F. ) ;
#8080 = MECHANICAL_DESIGN_GEOMETRIC_PRESENTATION_REPRESENTATION (  '', ( #10304 ), #462 ) ;
#8081 = STYLED_ITEM ( 'NONE', ( #11165 ), #6233 ) ;
#8082 = SURFACE_SIDE_STYLE ('',( #10939 ) ) ;
#8083 = AXIS2_PLACEMENT_3D ( 'NONE', #2609, #11074, #11248 ) ;
#8084 = CARTESIAN_POINT ( 'NONE',  ( 0.9159880624910621272, 0.5700000000000000622, -0.3059880624910617519 ) ) ;
#8085 = ORIENTED_EDGE ( 'NONE', *, *, #4181, .T. ) ;
#8086 = SURFACE_STYLE_USAGE ( .BOTH. , #3171 ) ;
#8087 = STYLED_ITEM ( 'NONE', ( #1948 ), #1581 ) ;
#8088 = PRESENTATION_STYLE_ASSIGNMENT (( #1296 ) ) ;
#8089 = ORIENTED_EDGE ( 'NONE', *, *, #9438, .T. ) ;
#8090 = CARTESIAN_POINT ( 'NONE',  ( 1.000000000000000222, 0.5500000000000000444, 1.000000000000000000 ) ) ;
#8091 = COLOUR_RGB ( '',0.6666666666666666297, 0.6980392156862744724, 0.7686274509803920907 ) ;
#8092 = CARTESIAN_POINT ( 'NONE',  ( 0.9159880624910617941, 0.5600000000000000533, 0.3249999999999993450 ) ) ;
#8094 = ORIENTED_EDGE ( 'NONE', *, *, #12125, .T. ) ;
#8093 = STYLED_ITEM ( 'NONE', ( #3031 ), #3718 ) ;
#8095 = FILL_AREA_STYLE_COLOUR ( '', #8641 ) ;
#8096 = FACE_OUTER_BOUND ( 'NONE', #5697, .T. ) ;
#8097 = ADVANCED_FACE ( 'NONE', ( #7014 ), #3159, .T. ) ;
#8098 = MECHANICAL_DESIGN_GEOMETRIC_PRESENTATION_REPRESENTATION (  '', ( #3681 ), #6684 ) ;
#8099 = SURFACE_STYLE_USAGE ( .BOTH. , #12006 ) ;
#8100 = PLANE ( 'NONE',  #3676 ) ;
#8101 = DIRECTION ( 'NONE',  ( 2.168404344971003188E-14, 0.000000000000000000, 1.000000000000000000 ) ) ;
#8102 = CARTESIAN_POINT ( 'NONE',  ( -0.5000000000000000000, 0.5700000000000000622, 0.9159880624910591296 ) ) ;
#8103 = DIRECTION ( 'NONE',  ( 1.084202172485501594E-14, 0.000000000000000000, -1.000000000000000000 ) ) ;
#8104 = DIRECTION ( 'NONE',  ( 0.000000000000000000, 0.000000000000000000, -1.000000000000000000 ) ) ;
#8105 = EDGE_LOOP ( 'NONE', ( #12263, #939, #75, #9688 ) ) ;
#8106 = DIRECTION ( 'NONE',  ( 0.000000000000000000, 0.000000000000000000, -1.000000000000000000 ) ) ;
#8107 =( GEOMETRIC_REPRESENTATION_CONTEXT ( 3 ) GLOBAL_UNCERTAINTY_ASSIGNED_CONTEXT ( ( #9682 ) ) GLOBAL_UNIT_ASSIGNED_CONTEXT ( ( #11448, #6831, #120 ) ) REPRESENTATION_CONTEXT ( 'NONE', 'WORKASPACE' ) );
#8108 = ORIENTED_EDGE ( 'NONE', *, *, #4164, .T. ) ;
#8109 = SURFACE_STYLE_FILL_AREA ( #9074 ) ;
#8110 = VERTEX_POINT ( 'NONE', #8862 ) ;
#8111 =( NAMED_UNIT ( * ) PLANE_ANGLE_UNIT ( ) SI_UNIT ( $, .RADIAN. ) );
#8112 = SURFACE_STYLE_FILL_AREA ( #6410 ) ;
#8113 = EDGE_CURVE ( 'NONE', #4438, #10179, #7078, .T. ) ;
#8114 = EDGE_CURVE ( 'NONE', #951, #10107, #3517, .T. ) ;
#8115 = CYLINDRICAL_SURFACE ( 'NONE', #4940, 0.01000000000000002623 ) ;
#8116 = ORIENTED_EDGE ( 'NONE', *, *, #10428, .T. ) ;
#8117 = ORIENTED_EDGE ( 'NONE', *, *, #9610, .F. ) ;
#8118 = CARTESIAN_POINT ( 'NONE',  ( 0.9159880624910621272, 0.5700000000000000622, 0.3059880624910617519 ) ) ;
#8119 = SURFACE_SIDE_STYLE ('',( #5067 ) ) ;
#8120 = SURFACE_SIDE_STYLE ('',( #9083 ) ) ;
#8122 = DIRECTION ( 'NONE',  ( 0.000000000000000000, -1.000000000000000000, 0.000000000000000000 ) ) ;
#8121 = FILL_AREA_STYLE ('',( #9316 ) ) ;
#8123 = ORIENTED_EDGE ( 'NONE', *, *, #8919, .F. ) ;
#8124 = SURFACE_STYLE_USAGE ( .BOTH. , #9024 ) ;
#8125 = UNCERTAINTY_MEASURE_WITH_UNIT (LENGTH_MEASURE( 1.000000000000000082E-05 ), #5334, 'distance_accuracy_value', 'NONE');
#8126 = ORIENTED_EDGE ( 'NONE', *, *, #10961, .T. ) ;
#8127 = AXIS2_PLACEMENT_3D ( 'NONE', #7193, #1411, #11056 ) ;
#8128 = CARTESIAN_POINT ( 'NONE',  ( -0.9999999999999997780, 0.5500000000000000444, -1.000000000000000000 ) ) ;
#8129 = FILL_AREA_STYLE ('',( #2466 ) ) ;
#8130 = EDGE_CURVE ( 'NONE', #2317, #4200, #2150, .T. ) ;
#8131 = EDGE_CURVE ( 'NONE', #4197, #7727, #1599, .T. ) ;
#8132 = CARTESIAN_POINT ( 'NONE',  ( 0.9449999999999992850, 0.5500000000000000444, 0.3059880624910619185 ) ) ;
#8133 = CARTESIAN_POINT ( 'NONE',  ( -0.9349999999999976108, 0.5600000000000000533, 0.7559880624910617630 ) ) ;
#8134 = DIRECTION ( 'NONE',  ( 0.000000000000000000, 0.000000000000000000, 1.000000000000000000 ) ) ;
#8135 =( NAMED_UNIT ( * ) SI_UNIT ( $, .STERADIAN. ) SOLID_ANGLE_UNIT ( ) );
#8136 = PRESENTATION_STYLE_ASSIGNMENT (( #9043 ) ) ;
#8137 = UNCERTAINTY_MEASURE_WITH_UNIT (LENGTH_MEASURE( 1.000000000000000082E-05 ), #1164, 'distance_accuracy_value', 'NONE');
#8138 = CIRCLE ( 'NONE', #7942, 0.01901193750893757223 ) ;
#8139 = EDGE_CURVE ( 'NONE', #5424, #12339, #10350, .T. ) ;
#8140 =( NAMED_UNIT ( * ) PLANE_ANGLE_UNIT ( ) SI_UNIT ( $, .RADIAN. ) );
#8141 = DIRECTION ( 'NONE',  ( -1.000000000000000000, 0.000000000000000000, 1.084202172485501752E-14 ) ) ;
#8142 = CYLINDRICAL_SURFACE ( 'NONE', #3060, 0.01000000000000002623 ) ;
#8143 = ORIENTED_EDGE ( 'NONE', *, *, #11609, .T. ) ;
#8144 =( NAMED_UNIT ( * ) SI_UNIT ( $, .STERADIAN. ) SOLID_ANGLE_UNIT ( ) );
#8145 = PRESENTATION_STYLE_ASSIGNMENT (( #8350 ) ) ;
#8146 = CARTESIAN_POINT ( 'NONE',  ( -0.9999999999999997780, 0.4750000000000001443, 0.2375000000000007383 ) ) ;
#8147 = ORIENTED_EDGE ( 'NONE', *, *, #342, .F. ) ;
#8148 =( LENGTH_UNIT ( ) NAMED_UNIT ( * ) SI_UNIT ( .MILLI., .METRE. ) );
#8149 = UNCERTAINTY_MEASURE_WITH_UNIT (LENGTH_MEASURE( 1.000000000000000082E-05 ), #9485, 'distance_accuracy_value', 'NONE');
#8150 = DIRECTION ( 'NONE',  ( -0.000000000000000000, 1.000000000000000000, -0.000000000000000000 ) ) ;
#8151 = ORIENTED_EDGE ( 'NONE', *, *, #8114, .F. ) ;
#8152 = DIRECTION ( 'NONE',  ( 0.000000000000000000, 0.000000000000000000, -1.000000000000000000 ) ) ;
#8153 = PRESENTATION_STYLE_ASSIGNMENT (( #3312 ) ) ;
#8154 = STYLED_ITEM ( 'NONE', ( #8466 ), #8543 ) ;
#8155 = LINE ( 'NONE', #11266, #10232 ) ;
#8156 = SURFACE_SIDE_STYLE ('',( #9175 ) ) ;
#8157 = LINE ( 'NONE', #4065, #9919 ) ;
#8158 = DIRECTION ( 'NONE',  ( -0.000000000000000000, -1.000000000000000000, -0.000000000000000000 ) ) ;
#8159 = EDGE_CURVE ( 'NONE', #10292, #9267, #9218, .T. ) ;
#8160 = ORIENTED_EDGE ( 'NONE', *, *, #10449, .F. ) ;
#8161 = PRESENTATION_LAYER_ASSIGNMENT (  '', '', ( #10792 ) ) ;
#8162 = ORIENTED_EDGE ( 'NONE', *, *, #11527, .T. ) ;
#8163 =( LENGTH_UNIT ( ) NAMED_UNIT ( * ) SI_UNIT ( .MILLI., .METRE. ) );
#8164 = VERTEX_POINT ( 'NONE', #11066 ) ;
#8165 = AXIS2_PLACEMENT_3D ( 'NONE', #7294, #4188, #11889 ) ;
#8166 = ORIENTED_EDGE ( 'NONE', *, *, #9262, .T. ) ;
#8167 = DIRECTION ( 'NONE',  ( 0.000000000000000000, 1.000000000000000000, -0.000000000000000000 ) ) ;
#8168 = ORIENTED_EDGE ( 'NONE', *, *, #1048, .F. ) ;
#8169 = AXIS2_PLACEMENT_3D ( 'NONE', #2361, #8731, #3028 ) ;
#8170 = SURFACE_STYLE_FILL_AREA ( #8318 ) ;
#8171 = LINE ( 'NONE', #1264, #5645 ) ;
#8172 = ORIENTED_EDGE ( 'NONE', *, *, #9059, .F. ) ;
#8173 = ORIENTED_EDGE ( 'NONE', *, *, #10471, .T. ) ;
#8174 = AXIS2_PLACEMENT_3D ( 'NONE', #7344, #4899, #875 ) ;
#8175 = DIRECTION ( 'NONE',  ( 1.000000000000000000, -0.000000000000000000, -6.872859470983632553E-15 ) ) ;
#8176 = CARTESIAN_POINT ( 'NONE',  ( 0.7740119375089370424, 0.5700000000000000622, -0.1440119375089355669 ) ) ;
#8177 = SURFACE_STYLE_USAGE ( .BOTH. , #10008 ) ;
#8178 = EDGE_CURVE ( 'NONE', #5920, #3625, #7199, .T. ) ;
#8179 = CARTESIAN_POINT ( 'NONE',  ( 0.9349999999999980549, 0.5700000000000000622, -0.5940119375089366605 ) ) ;
#8180 = ADVANCED_FACE ( 'NONE', ( #7325 ), #2533, .F. ) ;
#8181 = AXIS2_PLACEMENT_3D ( 'NONE', #3402, #3528, #2644 ) ;
#8182 =( NAMED_UNIT ( * ) PLANE_ANGLE_UNIT ( ) SI_UNIT ( $, .RADIAN. ) );
#8183 = CIRCLE ( 'NONE', #7979, 0.01000000000000002623 ) ;
#8184 = ORIENTED_EDGE ( 'NONE', *, *, #11593, .T. ) ;
#8185 =( NAMED_UNIT ( * ) SI_UNIT ( $, .STERADIAN. ) SOLID_ANGLE_UNIT ( ) );
#8186 = CYLINDRICAL_SURFACE ( 'NONE', #358, 0.01000000000000002623 ) ;
#8187 = DIRECTION ( 'NONE',  ( 0.000000000000000000, 0.000000000000000000, -1.000000000000000000 ) ) ;
#8188 = CARTESIAN_POINT ( 'NONE',  ( -0.9999999999999997780, 0.4500000000000001776, 0.2375000000000007383 ) ) ;
#8189 = AXIS2_PLACEMENT_3D ( 'NONE', #7368, #9204, #12237 ) ;
#8190 = CARTESIAN_POINT ( 'NONE',  ( 0.1099999999999968087, 0.5500000000000000444, 0.9159880624910630154 ) ) ;
#8191 = CARTESIAN_POINT ( 'NONE',  ( 0.7549999999999981171, 0.5600000000000000533, 0.7559880624910606528 ) ) ;
#8192 = SURFACE_STYLE_FILL_AREA ( #4340 ) ;
#8193 =( GEOMETRIC_REPRESENTATION_CONTEXT ( 3 ) GLOBAL_UNCERTAINTY_ASSIGNED_CONTEXT ( ( #12303 ) ) GLOBAL_UNIT_ASSIGNED_CONTEXT ( ( #2395, #2519, #5447 ) ) REPRESENTATION_CONTEXT ( 'NONE', 'WORKASPACE' ) );
#8194 = FILL_AREA_STYLE ('',( #11983 ) ) ;
#8195 = EDGE_CURVE ( 'NONE', #7307, #9801, #2908, .T. ) ;
#8196 = CARTESIAN_POINT ( 'NONE',  ( 0.7740119375089352660, 0.5600000000000000533, 0.7849999999999981437 ) ) ;
#8197 = MECHANICAL_DESIGN_GEOMETRIC_PRESENTATION_REPRESENTATION (  '', ( #7794 ), #4553 ) ;
#8198 = MECHANICAL_DESIGN_GEOMETRIC_PRESENTATION_REPRESENTATION (  '', ( #8826 ), #724 ) ;
#8199 = PRESENTATION_LAYER_ASSIGNMENT (  '', '', ( #12063 ) ) ;
#8200 = CARTESIAN_POINT ( 'NONE',  ( 0.9159880624910605729, 0.5700000000000000622, -0.7559880624910617630 ) ) ;
#8201 = CIRCLE ( 'NONE', #4173, 0.01901193750893743692 ) ;
#8202 = AXIS2_PLACEMENT_3D ( 'NONE', #6530, #6648, #10385 ) ;
#8203 = DIRECTION ( 'NONE',  ( -1.000000000000000000, 0.000000000000000000, 0.000000000000000000 ) ) ;
#8204 = AXIS2_PLACEMENT_3D ( 'NONE', #1554, #12155, #8104 ) ;
#8205 = DIRECTION ( 'NONE',  ( 1.000000000000000000, 0.000000000000000000, 1.084202172485501752E-14 ) ) ;
#8206 = DIRECTION ( 'NONE',  ( -0.000000000000000000, 1.000000000000000000, -0.000000000000000000 ) ) ;
#8207 = VECTOR ( 'NONE', #6563, 1000.000000000000000 ) ;
#8208 = ORIENTED_EDGE ( 'NONE', *, *, #2499, .F. ) ;
#8209 = PLANE ( 'NONE',  #189 ) ;
#8210 = AXIS2_PLACEMENT_3D ( 'NONE', #9227, #11194, #4472 ) ;
#8211 = AXIS2_PLACEMENT_3D ( 'NONE', #8932, #10867, #6828 ) ;
#8212 = FACE_OUTER_BOUND ( 'NONE', #11544, .T. ) ;
#8213 = EDGE_CURVE ( 'NONE', #5242, #1119, #9964, .T. ) ;
#8214 = CARTESIAN_POINT ( 'NONE',  ( -0.5000000000000000000, 0.5600000000000000533, 0.9159880624910591296 ) ) ;
#8215 = ORIENTED_EDGE ( 'NONE', *, *, #6071, .F. ) ;
#8216 = CARTESIAN_POINT ( 'NONE',  ( -0.9349999999999976108, 0.5600000000000000533, 0.7559880624910617630 ) ) ;
#8217 = MECHANICAL_DESIGN_GEOMETRIC_PRESENTATION_REPRESENTATION (  '', ( #6411 ), #5168 ) ;
#8218 = DIRECTION ( 'NONE',  ( 0.000000000000000000, 0.000000000000000000, -1.000000000000000000 ) ) ;
#8219 = FILL_AREA_STYLE ('',( #2547 ) ) ;
#8220 = VERTEX_POINT ( 'NONE', #1529 ) ;
#8221 = CIRCLE ( 'NONE', #5181, 0.02901193750893909032 ) ;
#8222 = MECHANICAL_DESIGN_GEOMETRIC_PRESENTATION_REPRESENTATION (  '', ( #12441 ), #1561 ) ;
#8224 = CARTESIAN_POINT ( 'NONE',  ( -0.3190119375089372489, 0.5600000000000000533, -0.7449999999999977751 ) ) ;
#8223 =( GEOMETRIC_REPRESENTATION_CONTEXT ( 3 ) GLOBAL_UNCERTAINTY_ASSIGNED_CONTEXT ( ( #4712 ) ) GLOBAL_UNIT_ASSIGNED_CONTEXT ( ( #8481, #8721, #10359 ) ) REPRESENTATION_CONTEXT ( 'NONE', 'WORKASPACE' ) );
#8225 =( GEOMETRIC_REPRESENTATION_CONTEXT ( 3 ) GLOBAL_UNCERTAINTY_ASSIGNED_CONTEXT ( ( #10429 ) ) GLOBAL_UNIT_ASSIGNED_CONTEXT ( ( #11188, #10223, #10997 ) ) REPRESENTATION_CONTEXT ( 'NONE', 'WORKASPACE' ) );
#8226 = DIRECTION ( 'NONE',  ( 0.000000000000000000, 0.000000000000000000, -1.000000000000000000 ) ) ;
#8227 = CARTESIAN_POINT ( 'NONE',  ( 0.1099999999999973638, 0.5500000000000000444, -0.7740119375089381526 ) ) ;
#8228 = MECHANICAL_DESIGN_GEOMETRIC_PRESENTATION_REPRESENTATION (  '', ( #4394 ), #11459 ) ;
#8229 = CARTESIAN_POINT ( 'NONE',  ( -0.9999999999999997780, 0.5500000000000000444, -0.2374999999999992117 ) ) ;
#8230 = PRESENTATION_STYLE_ASSIGNMENT (( #10880 ) ) ;
#8231 = AXIS2_PLACEMENT_3D ( 'NONE', #4113, #1297, #3056 ) ;
#8232 = COLOUR_RGB ( '',0.6666666666666666297, 0.6980392156862744724, 0.7686274509803920907 ) ;
#8233 = FILL_AREA_STYLE ('',( #3631 ) ) ;
#8234 = ORIENTED_EDGE ( 'NONE', *, *, #695, .T. ) ;
#8235 = PRESENTATION_LAYER_ASSIGNMENT (  '', '', ( #6617 ) ) ;
#8236 = ORIENTED_EDGE ( 'NONE', *, *, #1457, .F. ) ;
#8237 = FILL_AREA_STYLE_COLOUR ( '', #4059 ) ;
#8238 = ORIENTED_EDGE ( 'NONE', *, *, #3421, .T. ) ;
#8239 = CARTESIAN_POINT ( 'NONE',  ( 0.08098806249106005328, 0.5600000000000000533, -0.7550000000000006706 ) ) ;
#8240 = MECHANICAL_DESIGN_GEOMETRIC_PRESENTATION_REPRESENTATION (  '', ( #1415 ), #6218 ) ;
#8241 = AXIS2_PLACEMENT_3D ( 'NONE', #5128, #2330, #8063 ) ;
#8242 = FACE_OUTER_BOUND ( 'NONE', #11009, .T. ) ;
#8243 = EDGE_CURVE ( 'NONE', #1251, #1027, #6497, .T. ) ;
#8244 = VERTEX_POINT ( 'NONE', #5471 ) ;
#8245 = VERTEX_POINT ( 'NONE', #1714 ) ;
#8246 = FILL_AREA_STYLE_COLOUR ( '', #9817 ) ;
#8247 = CARTESIAN_POINT ( 'NONE',  ( 0.9159880624910627933, 0.5500000000000000444, -0.1149999999999991585 ) ) ;
#8248 = ORIENTED_EDGE ( 'NONE', *, *, #11505, .T. ) ;
#8249 = CARTESIAN_POINT ( 'NONE',  ( 0.4809880624910631841, 0.5700000000000000622, -0.9349999999999966116 ) ) ;
#8250 = LINE ( 'NONE', #8323, #516 ) ;
#8251 = CARTESIAN_POINT ( 'NONE',  ( -0.9999999999999997780, 0.4750000000000001443, 1.000000000000000000 ) ) ;
#8252 = SURFACE_SIDE_STYLE ('',( #12035 ) ) ;
#8253 = UNCERTAINTY_MEASURE_WITH_UNIT (LENGTH_MEASURE( 1.000000000000000082E-05 ), #10701, 'distance_accuracy_value', 'NONE');
#8254 = ORIENTED_EDGE ( 'NONE', *, *, #9310, .T. ) ;
#8255 =( NAMED_UNIT ( * ) SI_UNIT ( $, .STERADIAN. ) SOLID_ANGLE_UNIT ( ) );
#8256 =( NAMED_UNIT ( * ) SI_UNIT ( $, .STERADIAN. ) SOLID_ANGLE_UNIT ( ) );
#8257 = DIRECTION ( 'NONE',  ( -1.000000000000000000, 0.000000000000000000, -6.693592482257192474E-15 ) ) ;
#8258 = EDGE_CURVE ( 'NONE', #8164, #4834, #5328, .T. ) ;
#8259 = DIRECTION ( 'NONE',  ( 0.000000000000000000, -1.000000000000000000, 0.000000000000000000 ) ) ;
#8260 = PRODUCT_DEFINITION_SHAPE ( 'NONE', 'NONE',  #7516 ) ;
#8261 = DIRECTION ( 'NONE',  ( -1.000000000000000000, -0.000000000000000000, -1.084202172485501752E-14 ) ) ;
#8262 = STYLED_ITEM ( 'NONE', ( #10788 ), #2953 ) ;
#8263 = DIRECTION ( 'NONE',  ( -0.000000000000000000, -1.000000000000000000, -0.000000000000000000 ) ) ;
#8264 = FACE_OUTER_BOUND ( 'NONE', #6559, .T. ) ;
#8265 =( NAMED_UNIT ( * ) SI_UNIT ( $, .STERADIAN. ) SOLID_ANGLE_UNIT ( ) );
#8266 = SURFACE_SIDE_STYLE ('',( #4584 ) ) ;
#8267 = UNCERTAINTY_MEASURE_WITH_UNIT (LENGTH_MEASURE( 1.000000000000000082E-05 ), #7215, 'distance_accuracy_value', 'NONE');
#8268 = PRESENTATION_LAYER_ASSIGNMENT (  '', '', ( #11494 ) ) ;
#8269 = CARTESIAN_POINT ( 'NONE',  ( -0.9999999999999997780, 0.4500000000000001776, 1.000000000000000000 ) ) ;
#8270 =( GEOMETRIC_REPRESENTATION_CONTEXT ( 3 ) GLOBAL_UNCERTAINTY_ASSIGNED_CONTEXT ( ( #4463 ) ) GLOBAL_UNIT_ASSIGNED_CONTEXT ( ( #6156, #12184, #468 ) ) REPRESENTATION_CONTEXT ( 'NONE', 'WORKASPACE' ) );
#8271 = EDGE_CURVE ( 'NONE', #2866, #8442, #10572, .T. ) ;
#8272 = DIRECTION ( 'NONE',  ( 0.000000000000000000, 0.000000000000000000, 1.000000000000000000 ) ) ;
#8273 = ADVANCED_FACE ( 'NONE', ( #7450 ), #5528, .T. ) ;
#8274 = FACE_OUTER_BOUND ( 'NONE', #5082, .T. ) ;
#8275 = DIRECTION ( 'NONE',  ( -0.000000000000000000, 1.000000000000000000, -0.000000000000000000 ) ) ;
#8276 =( GEOMETRIC_REPRESENTATION_CONTEXT ( 3 ) GLOBAL_UNCERTAINTY_ASSIGNED_CONTEXT ( ( #9394 ) ) GLOBAL_UNIT_ASSIGNED_CONTEXT ( ( #7747, #3898, #4017 ) ) REPRESENTATION_CONTEXT ( 'NONE', 'WORKASPACE' ) );
#8277 = ORIENTED_EDGE ( 'NONE', *, *, #12062, .T. ) ;
#8278 = CARTESIAN_POINT ( 'NONE',  ( -0.9159880624910621272, 0.5600000000000000533, -0.1249999999999991396 ) ) ;
#8279 = STYLED_ITEM ( 'NONE', ( #2946 ), #4024 ) ;
#8280 = MECHANICAL_DESIGN_GEOMETRIC_PRESENTATION_REPRESENTATION (  '', ( #12329 ), #2050 ) ;
#8281 = FILL_AREA_STYLE_COLOUR ( '', #11745 ) ;
#8282 = ORIENTED_EDGE ( 'NONE', *, *, #8738, .F. ) ;
#8283 = DIRECTION ( 'NONE',  ( -1.000000000000000000, -0.000000000000000000, 7.636510523315142022E-15 ) ) ;
#8284 = UNCERTAINTY_MEASURE_WITH_UNIT (LENGTH_MEASURE( 1.000000000000000082E-05 ), #4602, 'distance_accuracy_value', 'NONE');
#8285 = DIRECTION ( 'NONE',  ( -1.000000000000000000, 0.000000000000000000, 0.000000000000000000 ) ) ;
#8286 =( LENGTH_UNIT ( ) NAMED_UNIT ( * ) SI_UNIT ( .MILLI., .METRE. ) );
#8287 = ORIENTED_EDGE ( 'NONE', *, *, #5612, .T. ) ;
#8288 =( GEOMETRIC_REPRESENTATION_CONTEXT ( 3 ) GLOBAL_UNCERTAINTY_ASSIGNED_CONTEXT ( ( #5980 ) ) GLOBAL_UNIT_ASSIGNED_CONTEXT ( ( #4821, #4759, #3844 ) ) REPRESENTATION_CONTEXT ( 'NONE', 'WORKASPACE' ) );
#8289 = AXIS2_PLACEMENT_3D ( 'NONE', #1694, #12095, #3458 ) ;
#8290 = FACE_OUTER_BOUND ( 'NONE', #70, .T. ) ;
#8291 = TOROIDAL_SURFACE ( 'NONE', #2848, 0.02901193750893754295, 0.01000000000000000021 ) ;
#8292 = CIRCLE ( 'NONE', #10917, 0.01901193750893754447 ) ;
#8293 = FACE_OUTER_BOUND ( 'NONE', #808, .T. ) ;
#8294 = EDGE_CURVE ( 'NONE', #823, #2691, #5597, .T. ) ;
#8295 = LINE ( 'NONE', #6391, #1453 ) ;
#8296 = MECHANICAL_DESIGN_GEOMETRIC_PRESENTATION_REPRESENTATION (  '', ( #7878 ), #2063 ) ;
#8297 = FILL_AREA_STYLE_COLOUR ( '', #10118 ) ;
#8298 =( NAMED_UNIT ( * ) SI_UNIT ( $, .STERADIAN. ) SOLID_ANGLE_UNIT ( ) );
#8299 = DIRECTION ( 'NONE',  ( -1.084202172485501594E-14, 0.000000000000000000, -1.000000000000000000 ) ) ;
#8300 = AXIS2_PLACEMENT_3D ( 'NONE', #737, #440, #7165 ) ;
#8301 = STYLED_ITEM ( 'NONE', ( #7293 ), #6357 ) ;
#8302 = DIRECTION ( 'NONE',  ( -0.000000000000000000, -1.000000000000000000, -0.000000000000000000 ) ) ;
#8303 = ORIENTED_EDGE ( 'NONE', *, *, #997, .F. ) ;
#8304 = DIRECTION ( 'NONE',  ( -0.000000000000000000, 1.000000000000000000, -0.000000000000000000 ) ) ;
#8305 = CIRCLE ( 'NONE', #9913, 0.01901193750893754447 ) ;
#8306 = ORIENTED_EDGE ( 'NONE', *, *, #6958, .F. ) ;
#8307 =( NAMED_UNIT ( * ) SI_UNIT ( $, .STERADIAN. ) SOLID_ANGLE_UNIT ( ) );
#8308 = ORIENTED_EDGE ( 'NONE', *, *, #959, .F. ) ;
#8309 = AXIS2_PLACEMENT_3D ( 'NONE', #9182, #11157, #12218 ) ;
#8310 = ORIENTED_EDGE ( 'NONE', *, *, #7172, .F. ) ;
#8311 = FACE_OUTER_BOUND ( 'NONE', #4229, .T. ) ;
#8312 =( LENGTH_UNIT ( ) NAMED_UNIT ( * ) SI_UNIT ( .MILLI., .METRE. ) );
#8313 = ADVANCED_FACE ( 'NONE', ( #2956 ), #7558, .F. ) ;
#8314 = VECTOR ( 'NONE', #5855, 1000.000000000000000 ) ;
#8315 =( GEOMETRIC_REPRESENTATION_CONTEXT ( 3 ) GLOBAL_UNCERTAINTY_ASSIGNED_CONTEXT ( ( #10013 ) ) GLOBAL_UNIT_ASSIGNED_CONTEXT ( ( #8989, #3233, #5919 ) ) REPRESENTATION_CONTEXT ( 'NONE', 'WORKASPACE' ) );
#8316 = ORIENTED_EDGE ( 'NONE', *, *, #6132, .F. ) ;
#8317 = ORIENTED_EDGE ( 'NONE', *, *, #9972, .F. ) ;
#8318 = FILL_AREA_STYLE ('',( #8246 ) ) ;
#8319 = DIRECTION ( 'NONE',  ( 0.000000000000000000, 0.000000000000000000, 1.000000000000000000 ) ) ;
#8320 = ORIENTED_EDGE ( 'NONE', *, *, #10281, .F. ) ;
#8321 = EDGE_LOOP ( 'NONE', ( #916, #12410, #5991, #2767 ) ) ;
#8322 =( LENGTH_UNIT ( ) NAMED_UNIT ( * ) SI_UNIT ( .MILLI., .METRE. ) );
#8323 = CARTESIAN_POINT ( 'NONE',  ( 0.08098806249105923449, 0.5700000000000000622, 0.9350000000000002753 ) ) ;
#8324 = STYLED_ITEM ( 'NONE', ( #9557 ), #7364 ) ;
#8325 = ORIENTED_EDGE ( 'NONE', *, *, #5081, .T. ) ;
#8326 = CARTESIAN_POINT ( 'NONE',  ( -0.01250000000000014121, 0.5500000000000000444, 1.000000000000000000 ) ) ;
#8327 = VECTOR ( 'NONE', #2349, 1000.000000000000000 ) ;
#8328 = EDGE_CURVE ( 'NONE', #7738, #9181, #5841, .T. ) ;
#8329 = SURFACE_STYLE_FILL_AREA ( #9268 ) ;
#8330 = ORIENTED_EDGE ( 'NONE', *, *, #4054, .T. ) ;
#8331 = SURFACE_SIDE_STYLE ('',( #656 ) ) ;
#8332 = PRESENTATION_LAYER_ASSIGNMENT (  '', '', ( #1495 ) ) ;
#8333 = FILL_AREA_STYLE ('',( #6227 ) ) ;
#8334 = FILL_AREA_STYLE ('',( #4640 ) ) ;
#8335 = DIRECTION ( 'NONE',  ( -1.000000000000000000, 0.000000000000000000, -3.722798880116137554E-15 ) ) ;
#8336 = DIRECTION ( 'NONE',  ( -1.839135019574820976E-13, 0.000000000000000000, -1.000000000000000000 ) ) ;
#8337 =( LENGTH_UNIT ( ) NAMED_UNIT ( * ) SI_UNIT ( .MILLI., .METRE. ) );
#8338 = CARTESIAN_POINT ( 'NONE',  ( -0.9999999999999997780, 0.5500000000000000444, 1.000000000000000000 ) ) ;
#8339 = MECHANICAL_DESIGN_GEOMETRIC_PRESENTATION_REPRESENTATION (  '', ( #1103 ), #6515 ) ;
#8340 = CARTESIAN_POINT ( 'NONE',  ( 0.08098806249106277333, 0.5700000000000000622, -0.9159880624910624602 ) ) ;
#8341 = EDGE_CURVE ( 'NONE', #8667, #3952, #1309, .T. ) ;
#8342 = DIRECTION ( 'NONE',  ( -0.000000000000000000, -0.000000000000000000, -1.000000000000000000 ) ) ;
#8343 = PRESENTATION_STYLE_ASSIGNMENT (( #4465 ) ) ;
#8344 = DIRECTION ( 'NONE',  ( 0.000000000000000000, 1.000000000000000000, 0.000000000000000000 ) ) ;
#8345 = ORIENTED_EDGE ( 'NONE', *, *, #5409, .T. ) ;
#8346 = STYLED_ITEM ( 'NONE', ( #10843 ), #7829 ) ;
#8347 = FACE_OUTER_BOUND ( 'NONE', #1609, .T. ) ;
#8348 = ORIENTED_EDGE ( 'NONE', *, *, #5473, .T. ) ;
#8349 = DIRECTION ( 'NONE',  ( -0.000000000000000000, -1.000000000000000000, -0.000000000000000000 ) ) ;
#8350 = SURFACE_STYLE_USAGE ( .BOTH. , #4296 ) ;
#8351 = ORIENTED_EDGE ( 'NONE', *, *, #5877, .T. ) ;
#8352 = FACE_OUTER_BOUND ( 'NONE', #2883, .T. ) ;
#8353 = EDGE_CURVE ( 'NONE', #2278, #2127, #4824, .T. ) ;
#8354 = FILL_AREA_STYLE_COLOUR ( '', #10056 ) ;
#8355 = EDGE_CURVE ( 'NONE', #11201, #10616, #5782, .T. ) ;
#8356 = AXIS2_PLACEMENT_3D ( 'NONE', #5731, #4844, #4903 ) ;
#8357 = CARTESIAN_POINT ( 'NONE',  ( -0.1000000000000012407, 0.5700000000000000622, 0.9159880624910617941 ) ) ;
#8358 = DIRECTION ( 'NONE',  ( -1.000000000000000000, 0.000000000000000000, -5.421010862427507971E-15 ) ) ;
#8359 = VERTEX_POINT ( 'NONE', #4646 ) ;
#8360 = SURFACE_STYLE_USAGE ( .BOTH. , #10053 ) ;
#8361 =( NAMED_UNIT ( * ) SI_UNIT ( $, .STERADIAN. ) SOLID_ANGLE_UNIT ( ) );
#8362 = SURFACE_SIDE_STYLE ('',( #5353 ) ) ;
#8363 = SURFACE_SIDE_STYLE ('',( #4483 ) ) ;
#8364 = DIRECTION ( 'NONE',  ( 0.000000000000000000, 0.000000000000000000, 1.000000000000000000 ) ) ;
#8365 = DIRECTION ( 'NONE',  ( 1.000000000000000000, 1.531435568635755323E-13, -1.477225460011496005E-13 ) ) ;
#8366 =( LENGTH_UNIT ( ) NAMED_UNIT ( * ) SI_UNIT ( .MILLI., .METRE. ) );
#8367 = ADVANCED_FACE ( 'NONE', ( #11365 ), #7638, .F. ) ;
#8368 = ORIENTED_EDGE ( 'NONE', *, *, #5383, .F. ) ;
#8369 = LINE ( 'NONE', #11271, #4977 ) ;
#8370 = ADVANCED_FACE ( 'NONE', ( #6095 ), #12193, .F. ) ;
#8371 = AXIS2_PLACEMENT_3D ( 'NONE', #2248, #326, #5112 ) ;
#8372 = ORIENTED_EDGE ( 'NONE', *, *, #899, .F. ) ;
#8373 = VERTEX_POINT ( 'NONE', #9903 ) ;
#8374 = EDGE_LOOP ( 'NONE', ( #759, #3636, #9341, #6459 ) ) ;
#8375 = ORIENTED_EDGE ( 'NONE', *, *, #10425, .F. ) ;
#8376 = FILL_AREA_STYLE ('',( #3577 ) ) ;
#8377 = FACE_BOUND ( 'NONE', #2558, .T. ) ;
#8378 = ORIENTED_EDGE ( 'NONE', *, *, #11886, .F. ) ;
#8380 = ORIENTED_EDGE ( 'NONE', *, *, #10547, .F. ) ;
#8379 = VECTOR ( 'NONE', #2632, 1000.000000000000000 ) ;
#8381 = CARTESIAN_POINT ( 'NONE',  ( 0.7740119375089353770, 0.5700000000000000622, -0.7749999999999981348 ) ) ;
#8382 = ORIENTED_EDGE ( 'NONE', *, *, #3721, .T. ) ;
#8383 = EDGE_CURVE ( 'NONE', #9181, #1448, #921, .T. ) ;
#8384 = DIRECTION ( 'NONE',  ( 0.000000000000000000, -1.000000000000000000, 0.000000000000000000 ) ) ;
#8385 = UNCERTAINTY_MEASURE_WITH_UNIT (LENGTH_MEASURE( 1.000000000000000082E-05 ), #1281, 'distance_accuracy_value', 'NONE');
#8386 = ORIENTED_EDGE ( 'NONE', *, *, #907, .T. ) ;
#8387 =( LENGTH_UNIT ( ) NAMED_UNIT ( * ) SI_UNIT ( .MILLI., .METRE. ) );
#8388 = CARTESIAN_POINT ( 'NONE',  ( -0.9999999999999997780, 0.4750000000000000333, -1.000000000000000000 ) ) ;
#8389 = CARTESIAN_POINT ( 'NONE',  ( -0.7549999999999991163, 0.5700000000000000622, -0.3059880624910605862 ) ) ;
#8390 =( GEOMETRIC_REPRESENTATION_CONTEXT ( 3 ) GLOBAL_UNCERTAINTY_ASSIGNED_CONTEXT ( ( #5961 ) ) GLOBAL_UNIT_ASSIGNED_CONTEXT ( ( #6004, #1940, #1075 ) ) REPRESENTATION_CONTEXT ( 'NONE', 'WORKASPACE' ) );
#8391 = FACE_OUTER_BOUND ( 'NONE', #8413, .T. ) ;
#8392 = PRESENTATION_STYLE_ASSIGNMENT (( #5390 ) ) ;
#8393 = LINE ( 'NONE', #5590, #9696 ) ;
#8394 = LINE ( 'NONE', #7263, #6369 ) ;
#8395 = MECHANICAL_DESIGN_GEOMETRIC_PRESENTATION_REPRESENTATION (  '', ( #12428 ), #12008 ) ;
#8396 = CIRCLE ( 'NONE', #162, 0.009999999999999998473 ) ;
#8397 = CARTESIAN_POINT ( 'NONE',  ( -0.7740119375089365983, 0.5500000000000000444, 0.1440119375089355669 ) ) ;
#8398 = CARTESIAN_POINT ( 'NONE',  ( 0.9159880624910617941, 0.5700000000000000622, -0.3249999999999990119 ) ) ;
#8399 =( GEOMETRIC_REPRESENTATION_CONTEXT ( 3 ) GLOBAL_UNCERTAINTY_ASSIGNED_CONTEXT ( ( #2582 ) ) GLOBAL_UNIT_ASSIGNED_CONTEXT ( ( #3154, #4034, #1410 ) ) REPRESENTATION_CONTEXT ( 'NONE', 'WORKASPACE' ) );
#8400 = UNCERTAINTY_MEASURE_WITH_UNIT (LENGTH_MEASURE( 1.000000000000000082E-05 ), #2531, 'distance_accuracy_value', 'NONE');
#8401 = DIRECTION ( 'NONE',  ( 0.000000000000000000, 0.000000000000000000, -1.000000000000000000 ) ) ;
#8402 = VECTOR ( 'NONE', #4634, 1000.000000000000000 ) ;
#8403 = AXIS2_PLACEMENT_3D ( 'NONE', #8045, #7114, #3129 ) ;
#8404 =( LENGTH_UNIT ( ) NAMED_UNIT ( * ) SI_UNIT ( .MILLI., .METRE. ) );
#8405 = ORIENTED_EDGE ( 'NONE', *, *, #9093, .T. ) ;
#8406 = FACE_OUTER_BOUND ( 'NONE', #5606, .T. ) ;
#8407 = EDGE_CURVE ( 'NONE', #11517, #7360, #5708, .T. ) ;
#8408 = FILL_AREA_STYLE ('',( #3164 ) ) ;
#8409 = CARTESIAN_POINT ( 'NONE',  ( -0.4809880624910627400, 0.5600000000000000533, 0.9349999999999966116 ) ) ;
#8410 = ORIENTED_EDGE ( 'NONE', *, *, #5539, .F. ) ;
#8411 = CARTESIAN_POINT ( 'NONE',  ( -0.08098806249106586808, 0.5700000000000000622, -0.9350000000000012745 ) ) ;
#8412 =( NAMED_UNIT ( * ) SI_UNIT ( $, .STERADIAN. ) SOLID_ANGLE_UNIT ( ) );
#8413 = EDGE_LOOP ( 'NONE', ( #488, #5538, #3055, #8368 ) ) ;
#8414 =( NAMED_UNIT ( * ) PLANE_ANGLE_UNIT ( ) SI_UNIT ( $, .RADIAN. ) );
#8415 = CARTESIAN_POINT ( 'NONE',  ( -0.9159880624910623492, 0.5600000000000000533, -0.1149999999999990613 ) ) ;
#8416 = AXIS2_PLACEMENT_3D ( 'NONE', #1882, #7729, #7550 ) ;
#8417 = UNCERTAINTY_MEASURE_WITH_UNIT (LENGTH_MEASURE( 1.000000000000000082E-05 ), #4922, 'distance_accuracy_value', 'NONE');
#8418 = CARTESIAN_POINT ( 'NONE',  ( -0.7449999999999991074, 0.5600000000000000533, -0.3059880624910605307 ) ) ;
#8419 = ORIENTED_EDGE ( 'NONE', *, *, #1170, .F. ) ;
#8420 = STYLED_ITEM ( 'NONE', ( #3401 ), #4919 ) ;
#8421 = CARTESIAN_POINT ( 'NONE',  ( 0.7740119375089355991, 0.5700000000000000622, 0.5749999999999981792 ) ) ;
#8422 = AXIS2_PLACEMENT_3D ( 'NONE', #9865, #3052, #1234 ) ;
#8423 = FACE_OUTER_BOUND ( 'NONE', #11917, .T. ) ;
#8424 = AXIS2_PLACEMENT_3D ( 'NONE', #6437, #7211, #10293 ) ;
#8425 = COLOUR_RGB ( '',0.6666666666666666297, 0.6980392156862744724, 0.7686274509803920907 ) ;
#8426 = EDGE_CURVE ( 'NONE', #10489, #3885, #155, .T. ) ;
#8427 =( GEOMETRIC_REPRESENTATION_CONTEXT ( 3 ) GLOBAL_UNCERTAINTY_ASSIGNED_CONTEXT ( ( #10300 ) ) GLOBAL_UNIT_ASSIGNED_CONTEXT ( ( #3063, #8946, #3185 ) ) REPRESENTATION_CONTEXT ( 'NONE', 'WORKASPACE' ) );
#8428 = FILL_AREA_STYLE_COLOUR ( '', #11503 ) ;
#8429 = ADVANCED_FACE ( 'NONE', ( #3026 ), #1218, .T. ) ;
#8430 = CARTESIAN_POINT ( 'NONE',  ( 0.000000000000000000, 0.5700000000000000622, 0.000000000000000000 ) ) ;
#8431 = TOROIDAL_SURFACE ( 'NONE', #2974, 0.02901193750893743539, 0.01000000000000000021 ) ;
#8432 = LINE ( 'NONE', #4485, #3766 ) ;
#8433 = ORIENTED_EDGE ( 'NONE', *, *, #6089, .T. ) ;
#8434 = SURFACE_STYLE_FILL_AREA ( #819 ) ;
#8435 = ORIENTED_EDGE ( 'NONE', *, *, #4493, .T. ) ;
#8436 = VECTOR ( 'NONE', #8922, 1000.000000000000000 ) ;
#8437 = COLOUR_RGB ( '',0.6666666666666666297, 0.6980392156862744724, 0.7686274509803920907 ) ;
#8438 = ORIENTED_EDGE ( 'NONE', *, *, #2796, .F. ) ;
#8440 = CARTESIAN_POINT ( 'NONE',  ( 0.3874999999999998446, 0.4750000000000000333, 1.000000000000000000 ) ) ;
#8439 =( GEOMETRIC_REPRESENTATION_CONTEXT ( 3 ) GLOBAL_UNCERTAINTY_ASSIGNED_CONTEXT ( ( #4842 ) ) GLOBAL_UNIT_ASSIGNED_CONTEXT ( ( #6085, #4141, #11033 ) ) REPRESENTATION_CONTEXT ( 'NONE', 'WORKASPACE' ) );
#8441 = AXIS2_PLACEMENT_3D ( 'NONE', #6949, #1989, #11684 ) ;
#8442 = VERTEX_POINT ( 'NONE', #11174 ) ;
#8443 = ORIENTED_EDGE ( 'NONE', *, *, #6268, .F. ) ;
#8444 = FILL_AREA_STYLE ('',( #7355 ) ) ;
#8445 = DIRECTION ( 'NONE',  ( 1.000000000000000000, -0.000000000000000000, 7.063772234066506568E-15 ) ) ;
#8446 =( GEOMETRIC_REPRESENTATION_CONTEXT ( 3 ) GLOBAL_UNCERTAINTY_ASSIGNED_CONTEXT ( ( #6350 ) ) GLOBAL_UNIT_ASSIGNED_CONTEXT ( ( #5498, #12284, #11269 ) ) REPRESENTATION_CONTEXT ( 'NONE', 'WORKASPACE' ) );
#8447 =( LENGTH_UNIT ( ) NAMED_UNIT ( * ) SI_UNIT ( .MILLI., .METRE. ) );
#8448 = ORIENTED_EDGE ( 'NONE', *, *, #1170, .T. ) ;
#8449 = EDGE_CURVE ( 'NONE', #5746, #7358, #5455, .T. ) ;
#8450 = EDGE_LOOP ( 'NONE', ( #7481, #4862, #7975, #1134 ) ) ;
#8451 = PRESENTATION_STYLE_ASSIGNMENT (( #643 ) ) ;
#8452 = MECHANICAL_DESIGN_GEOMETRIC_PRESENTATION_REPRESENTATION (  '', ( #7823 ), #3794 ) ;
#8453 = ADVANCED_FACE ( 'NONE', ( #6481 ), #9765, .F. ) ;
#8454 = DIRECTION ( 'NONE',  ( 0.000000000000000000, -1.000000000000000000, 0.000000000000000000 ) ) ;
#8455 = EDGE_LOOP ( 'NONE', ( #6247, #10251, #4183, #1760 ) ) ;
#8457 = FILL_AREA_STYLE_COLOUR ( '', #3045 ) ;
#8456 = MECHANICAL_DESIGN_GEOMETRIC_PRESENTATION_REPRESENTATION (  '', ( #12063 ), #6998 ) ;
#8458 = SURFACE_STYLE_FILL_AREA ( #12366 ) ;
#8459 = SURFACE_STYLE_USAGE ( .BOTH. , #3465 ) ;
#8460 = CARTESIAN_POINT ( 'NONE',  ( -0.9349999999999992761, 0.5600000000000000533, 0.1440119375089367049 ) ) ;
#8461 = EDGE_LOOP ( 'NONE', ( #8971, #7108, #7302, #10072 ) ) ;
#8462 =( NAMED_UNIT ( * ) SI_UNIT ( $, .STERADIAN. ) SOLID_ANGLE_UNIT ( ) );
#8463 =( LENGTH_UNIT ( ) NAMED_UNIT ( * ) SI_UNIT ( .MILLI., .METRE. ) );
#8464 = VERTEX_POINT ( 'NONE', #4277 ) ;
#8465 = MECHANICAL_DESIGN_GEOMETRIC_PRESENTATION_REPRESENTATION (  '', ( #2604 ), #7026 ) ;
#8466 = PRESENTATION_STYLE_ASSIGNMENT (( #2940 ) ) ;
#8467 = PRESENTATION_STYLE_ASSIGNMENT (( #2206 ) ) ;
#8468 = PRESENTATION_STYLE_ASSIGNMENT (( #5588 ) ) ;
#8469 = EDGE_CURVE ( 'NONE', #5056, #11662, #12182, .T. ) ;
#8470 = CARTESIAN_POINT ( 'NONE',  ( -0.9999999999999997780, 0.4500000000000001776, 1.000000000000000000 ) ) ;
#8471 = SURFACE_STYLE_FILL_AREA ( #3904 ) ;
#8472 = CARTESIAN_POINT ( 'NONE',  ( -0.7549999999999988942, 0.5700000000000000622, 0.3059880624910607527 ) ) ;
#8473 = CARTESIAN_POINT ( 'NONE',  ( 0.09999999999999679978, 0.5600000000000000533, 0.9159880624910630154 ) ) ;
#8474 = PRESENTATION_STYLE_ASSIGNMENT (( #8541 ) ) ;
#8475 = SURFACE_STYLE_FILL_AREA ( #4588 ) ;
#8476 = FILL_AREA_STYLE ('',( #3787 ) ) ;
#8477 = CARTESIAN_POINT ( 'NONE',  ( -0.4809880624910625735, 0.5700000000000000622, 0.9159880624910591296 ) ) ;
#8478 = ORIENTED_EDGE ( 'NONE', *, *, #355, .F. ) ;
#8479 =( LENGTH_UNIT ( ) NAMED_UNIT ( * ) SI_UNIT ( .MILLI., .METRE. ) );
#8480 = ORIENTED_EDGE ( 'NONE', *, *, #522, .T. ) ;
#8481 =( LENGTH_UNIT ( ) NAMED_UNIT ( * ) SI_UNIT ( .MILLI., .METRE. ) );
#8482 = FILL_AREA_STYLE_COLOUR ( '', #8945 ) ;
#8483 = LINE ( 'NONE', #6693, #5779 ) ;
#8484 = EDGE_LOOP ( 'NONE', ( #6183, #8480, #2613, #1351 ) ) ;
#8485 = FILL_AREA_STYLE_COLOUR ( '', #3668 ) ;
#8486 = APPLICATION_PROTOCOL_DEFINITION ( 'draft international standard', 'automotive_design', 1998, #10984 ) ;
#8487 = PRESENTATION_LAYER_ASSIGNMENT (  '', '', ( #7262 ) ) ;
#8488 = FILL_AREA_STYLE_COLOUR ( '', #11837 ) ;
#8489 = ADVANCED_FACE ( 'NONE', ( #5316 ), #7369, .T. ) ;
#8490 =( NAMED_UNIT ( * ) PLANE_ANGLE_UNIT ( ) SI_UNIT ( $, .RADIAN. ) );
#8491 = SURFACE_STYLE_USAGE ( .BOTH. , #11261 ) ;
#8492 = VERTEX_POINT ( 'NONE', #5262 ) ;
#8493 = CARTESIAN_POINT ( 'NONE',  ( 0.7740119375089374865, 0.5700000000000000622, -0.1249999999999981265 ) ) ;
#8494 = MECHANICAL_DESIGN_GEOMETRIC_PRESENTATION_REPRESENTATION (  '', ( #10885 ), #5418 ) ;
#8495 = MECHANICAL_DESIGN_GEOMETRIC_PRESENTATION_REPRESENTATION (  '', ( #7067 ), #6243 ) ;
#8496 = FACE_OUTER_BOUND ( 'NONE', #5452, .T. ) ;
#8497 = VECTOR ( 'NONE', #7509, 1000.000000000000000 ) ;
#8498 = CYLINDRICAL_SURFACE ( 'NONE', #4063, 0.01000000000000002623 ) ;
#8499 = DIRECTION ( 'NONE',  ( 0.000000000000000000, 1.000000000000000000, 0.000000000000000000 ) ) ;
#8500 = STYLED_ITEM ( 'NONE', ( #6382 ), #2045 ) ;
#8501 = DIRECTION ( 'NONE',  ( 6.872859470983632553E-15, -0.000000000000000000, 1.000000000000000000 ) ) ;
#8502 = DIRECTION ( 'NONE',  ( 0.000000000000000000, 0.000000000000000000, -1.000000000000000000 ) ) ;
#8503 = VERTEX_POINT ( 'NONE', #4399 ) ;
#8504 = SURFACE_STYLE_USAGE ( .BOTH. , #5558 ) ;
#8505 = AXIS2_PLACEMENT_3D ( 'NONE', #780, #10276, #4577 ) ;
#8506 = PRESENTATION_STYLE_ASSIGNMENT (( #9614 ) ) ;
#8507 = AXIS2_PLACEMENT_3D ( 'NONE', #7494, #944, #5633 ) ;
#8508 = ADVANCED_FACE ( 'NONE', ( #4333 ), #9147, .F. ) ;
#8510 = ORIENTED_EDGE ( 'NONE', *, *, #1413, .T. ) ;
#8509 = MECHANICAL_DESIGN_GEOMETRIC_PRESENTATION_REPRESENTATION (  '', ( #2840 ), #10294 ) ;
#8511 = ORIENTED_EDGE ( 'NONE', *, *, #10892, .T. ) ;
#8512 = CARTESIAN_POINT ( 'NONE',  ( 0.7740119375089370424, 0.5600000000000000533, 0.3059880624910606972 ) ) ;
#8513 = PRESENTATION_LAYER_ASSIGNMENT (  '', '', ( #4447 ) ) ;
#8514 = FILL_AREA_STYLE ('',( #889 ) ) ;
#8515 = ORIENTED_EDGE ( 'NONE', *, *, #11874, .T. ) ;
#8516 = EDGE_LOOP ( 'NONE', ( #11636, #3494, #8553, #9573 ) ) ;
#8517 =( NAMED_UNIT ( * ) PLANE_ANGLE_UNIT ( ) SI_UNIT ( $, .RADIAN. ) );
#8518 = CIRCLE ( 'NONE', #3057, 0.01901193750893743692 ) ;
#8519 = VECTOR ( 'NONE', #4881, 1000.000000000000000 ) ;
#8520 = MECHANICAL_DESIGN_GEOMETRIC_PRESENTATION_REPRESENTATION (  '', ( #5441 ), #7461 ) ;
#8521 = COLOUR_RGB ( '',0.6666666666666666297, 0.6980392156862744724, 0.7686274509803920907 ) ;
#8522 = FILL_AREA_STYLE ('',( #10336 ) ) ;
#8523 = DIRECTION ( 'NONE',  ( -0.000000000000000000, -1.000000000000000000, -0.000000000000000000 ) ) ;
#8524 = ORIENTED_EDGE ( 'NONE', *, *, #9829, .T. ) ;
#8525 =( NAMED_UNIT ( * ) SI_UNIT ( $, .STERADIAN. ) SOLID_ANGLE_UNIT ( ) );
#8526 = MECHANICAL_DESIGN_GEOMETRIC_PRESENTATION_REPRESENTATION (  '', ( #9120 ), #884 ) ;
#8527 = STYLED_ITEM ( 'NONE', ( #10958 ), #7192 ) ;
#8528 =( LENGTH_UNIT ( ) NAMED_UNIT ( * ) SI_UNIT ( .MILLI., .METRE. ) );
#8529 = UNCERTAINTY_MEASURE_WITH_UNIT (LENGTH_MEASURE( 1.000000000000000082E-05 ), #10279, 'distance_accuracy_value', 'NONE');
#8530 = ADVANCED_FACE ( 'NONE', ( #5760 ), #12306, .T. ) ;
#8531 = VERTEX_POINT ( 'NONE', #2885 ) ;
#8532 = EDGE_CURVE ( 'NONE', #2691, #3471, #9470, .T. ) ;
#8533 = VECTOR ( 'NONE', #10029, 1000.000000000000000 ) ;
#8534 =( GEOMETRIC_REPRESENTATION_CONTEXT ( 3 ) GLOBAL_UNCERTAINTY_ASSIGNED_CONTEXT ( ( #9025 ) ) GLOBAL_UNIT_ASSIGNED_CONTEXT ( ( #9872, #6123, #9810 ) ) REPRESENTATION_CONTEXT ( 'NONE', 'WORKASPACE' ) );
#8535 = PRESENTATION_LAYER_ASSIGNMENT (  '', '', ( #6898 ) ) ;
#8536 =( NAMED_UNIT ( * ) SI_UNIT ( $, .STERADIAN. ) SOLID_ANGLE_UNIT ( ) );
#8537 = VECTOR ( 'NONE', #11957, 1000.000000000000000 ) ;
#8538 = PRESENTATION_STYLE_ASSIGNMENT (( #2651 ) ) ;
#8539 = CARTESIAN_POINT ( 'NONE',  ( 0.4800000000000001488, 0.5500000000000000444, 0.5100000000000000089 ) ) ;
#8540 = DIRECTION ( 'NONE',  ( 0.000000000000000000, -1.000000000000000000, 0.000000000000000000 ) ) ;
#8541 = SURFACE_STYLE_USAGE ( .BOTH. , #8266 ) ;
#8542 = UNCERTAINTY_MEASURE_WITH_UNIT (LENGTH_MEASURE( 1.000000000000000082E-05 ), #11941, 'distance_accuracy_value', 'NONE');
#8543 = ADVANCED_FACE ( 'NONE', ( #1023 ), #10589, .F. ) ;
#8544 = EDGE_CURVE ( 'NONE', #7706, #11461, #6743, .T. ) ;
#8545 = CIRCLE ( 'NONE', #2682, 0.01000000000000002623 ) ;
#8546 = UNCERTAINTY_MEASURE_WITH_UNIT (LENGTH_MEASURE( 1.000000000000000082E-05 ), #10175, 'distance_accuracy_value', 'NONE');
#8547 = SURFACE_STYLE_USAGE ( .BOTH. , #10416 ) ;
#8548 = SURFACE_SIDE_STYLE ('',( #10600 ) ) ;
#8549 = DIRECTION ( 'NONE',  ( 0.000000000000000000, 0.000000000000000000, -1.000000000000000000 ) ) ;
#8550 = DIRECTION ( 'NONE',  ( 0.000000000000000000, -0.000000000000000000, 1.000000000000000000 ) ) ;
#8551 = STYLED_ITEM ( 'NONE', ( #11196 ), #7444 ) ;
#8552 = DIRECTION ( 'NONE',  ( -0.000000000000000000, -1.000000000000000000, -0.000000000000000000 ) ) ;
#8553 = ORIENTED_EDGE ( 'NONE', *, *, #8052, .T. ) ;
#8554 = LINE ( 'NONE', #1849, #3296 ) ;
#8555 = CARTESIAN_POINT ( 'NONE',  ( -0.7549999999999976730, 0.5700000000000000622, -0.5940119375089355502 ) ) ;
#8556 = DIRECTION ( 'NONE',  ( -5.702744246744053995E-15, 0.000000000000000000, -1.000000000000000000 ) ) ;
#8557 = EDGE_CURVE ( 'NONE', #11468, #2716, #3329, .T. ) ;
#8558 = DIRECTION ( 'NONE',  ( 0.000000000000000000, 1.000000000000000000, 0.000000000000000000 ) ) ;
#8559 =( LENGTH_UNIT ( ) NAMED_UNIT ( * ) SI_UNIT ( .MILLI., .METRE. ) );
#8560 = LINE ( 'NONE', #5677, #3483 ) ;
#8561 = CARTESIAN_POINT ( 'NONE',  ( 0.2900000000000004241, 0.5600000000000000533, -0.9159880624910602398 ) ) ;
#8562 = STYLED_ITEM ( 'NONE', ( #4871 ), #11070 ) ;
#8563 = DIRECTION ( 'NONE',  ( 3.346796241128596237E-15, 0.000000000000000000, 1.000000000000000000 ) ) ;
#8564 = FILL_AREA_STYLE_COLOUR ( '', #12453 ) ;
#8565 = MECHANICAL_DESIGN_GEOMETRIC_PRESENTATION_REPRESENTATION (  '', ( #4686 ), #11368 ) ;
#8566 = ORIENTED_EDGE ( 'NONE', *, *, #6469, .T. ) ;
#8567 = LINE ( 'NONE', #11451, #1202 ) ;
#8568 = CARTESIAN_POINT ( 'NONE',  ( -0.9159880624910613500, 0.5700000000000000622, 0.3249999999999991229 ) ) ;
#8569 = EDGE_LOOP ( 'NONE', ( #9027, #9581, #1145, #3214 ) ) ;
#8570 = DIRECTION ( 'NONE',  ( 1.000000000000000000, -0.000000000000000000, 3.346796241128596237E-15 ) ) ;
#8571 =( NAMED_UNIT ( * ) SI_UNIT ( $, .STERADIAN. ) SOLID_ANGLE_UNIT ( ) );
#8572 = ORIENTED_EDGE ( 'NONE', *, *, #2794, .T. ) ;
#8573 = SURFACE_STYLE_USAGE ( .BOTH. , #4675 ) ;
#8574 = EDGE_CURVE ( 'NONE', #2749, #6093, #9009, .T. ) ;
#8575 = VERTEX_POINT ( 'NONE', #6012 ) ;
#8576 = CARTESIAN_POINT ( 'NONE',  ( 1.000000000000000222, 0.5500000000000000444, 0.6874999999999991118 ) ) ;
#8577 = PLANE ( 'NONE',  #7098 ) ;
#8578 = SURFACE_SIDE_STYLE ('',( #81 ) ) ;
#8579 = VERTEX_POINT ( 'NONE', #7802 ) ;
#8581 = DIRECTION ( 'NONE',  ( 0.000000000000000000, 1.000000000000000000, 0.000000000000000000 ) ) ;
#8580 = PRESENTATION_LAYER_ASSIGNMENT (  '', '', ( #9372 ) ) ;
#8582 = DIRECTION ( 'NONE',  ( 0.000000000000000000, 0.000000000000000000, -1.000000000000000000 ) ) ;
#8583 = EDGE_LOOP ( 'NONE', ( #1205, #2193, #8303, #11019 ) ) ;
#8584 = CARTESIAN_POINT ( 'NONE',  ( 0.9349999999999980549, 0.5600000000000000533, 0.5940119375089366605 ) ) ;
#8585 = LINE ( 'NONE', #3771, #5757 ) ;
#8586 =( GEOMETRIC_REPRESENTATION_CONTEXT ( 3 ) GLOBAL_UNCERTAINTY_ASSIGNED_CONTEXT ( ( #2110 ) ) GLOBAL_UNIT_ASSIGNED_CONTEXT ( ( #952, #5520, #11411 ) ) REPRESENTATION_CONTEXT ( 'NONE', 'WORKASPACE' ) );
#8587 =( LENGTH_UNIT ( ) NAMED_UNIT ( * ) SI_UNIT ( .MILLI., .METRE. ) );
#8588 = DIRECTION ( 'NONE',  ( 1.000000000000000000, 0.000000000000000000, -6.693592482257194052E-15 ) ) ;
#8589 = EDGE_CURVE ( 'NONE', #1808, #7560, #11778, .T. ) ;
#8590 = CARTESIAN_POINT ( 'NONE',  ( -0.3190119375089374709, 0.5600000000000000533, -0.7740119375089351550 ) ) ;
#8591 = ADVANCED_FACE ( 'NONE', ( #6078 ), #10786, .F. ) ;
#8592 = FACE_OUTER_BOUND ( 'NONE', #3679, .T. ) ;
#8593 = CYLINDRICAL_SURFACE ( 'NONE', #11965, 0.01000000000000002623 ) ;
#8594 = DIRECTION ( 'NONE',  ( 0.000000000000000000, 0.000000000000000000, 1.000000000000000000 ) ) ;
#8595 =( NAMED_UNIT ( * ) SI_UNIT ( $, .STERADIAN. ) SOLID_ANGLE_UNIT ( ) );
#8596 = VECTOR ( 'NONE', #12009, 1000.000000000000000 ) ;
#8597 = FACE_OUTER_BOUND ( 'NONE', #6027, .T. ) ;
#8598 = FACE_OUTER_BOUND ( 'NONE', #449, .T. ) ;
#8600 = CARTESIAN_POINT ( 'NONE',  ( -0.3190119375089374709, 0.5700000000000000622, -0.7740119375089351550 ) ) ;
#8599 = MECHANICAL_DESIGN_GEOMETRIC_PRESENTATION_REPRESENTATION (  '', ( #5933 ), #10401 ) ;
#8601 = EDGE_LOOP ( 'NONE', ( #9563, #10341, #2686, #9260 ) ) ;
#8602 = EDGE_CURVE ( 'NONE', #8006, #1325, #10996, .T. ) ;
#8603 = EDGE_LOOP ( 'NONE', ( #11156, #9007, #147, #800 ) ) ;
#8604 = STYLED_ITEM ( 'NONE', ( #2742 ), #4453 ) ;
#8605 = DIRECTION ( 'NONE',  ( 0.000000000000000000, 1.000000000000000000, 0.000000000000000000 ) ) ;
#8606 = DIRECTION ( 'NONE',  ( 0.000000000000000000, -1.000000000000000000, 0.000000000000000000 ) ) ;
#8607 = CARTESIAN_POINT ( 'NONE',  ( -0.7740119375089365983, 0.5700000000000000622, 0.1440119375089355669 ) ) ;
#8608 = TOROIDAL_SURFACE ( 'NONE', #963, 0.02901193750893743539, 0.01000000000000000021 ) ;
#8609 = DIRECTION ( 'NONE',  ( 0.000000000000000000, -1.000000000000000000, 0.000000000000000000 ) ) ;
#8610 = DIRECTION ( 'NONE',  ( -1.000000000000000000, 0.000000000000000000, -5.421010862427507971E-15 ) ) ;
#8611 = COLOUR_RGB ( '',0.6666666666666666297, 0.6980392156862744724, 0.7686274509803920907 ) ;
#8612 = LINE ( 'NONE', #2802, #7012 ) ;
#8613 = AXIS2_PLACEMENT_3D ( 'NONE', #6521, #2624, #3380 ) ;
#8614 = EDGE_CURVE ( 'NONE', #10937, #4389, #11588, .T. ) ;
#8615 = DIRECTION ( 'NONE',  ( -1.000000000000000000, -0.000000000000000000, 7.362951730482916928E-15 ) ) ;
#8616 = STYLED_ITEM ( 'NONE', ( #9638 ), #2313 ) ;
#8617 = VECTOR ( 'NONE', #3013, 1000.000000000000000 ) ;
#8618 = FILL_AREA_STYLE ('',( #8564 ) ) ;
#8619 = ORIENTED_EDGE ( 'NONE', *, *, #3530, .F. ) ;
#8620 = CARTESIAN_POINT ( 'NONE',  ( -0.9999999999999997780, 0.5500000000000000444, -1.000000000000000000 ) ) ;
#8621 = ORIENTED_EDGE ( 'NONE', *, *, #4249, .F. ) ;
#8622 = DIRECTION ( 'NONE',  ( -1.000000000000000000, -0.000000000000000000, 7.636510523315146756E-15 ) ) ;
#8623 = ORIENTED_EDGE ( 'NONE', *, *, #7208, .F. ) ;
#8624 = SURFACE_STYLE_USAGE ( .BOTH. , #936 ) ;
#8625 = EDGE_LOOP ( 'NONE', ( #10848, #3877, #5519, #5501 ) ) ;
#8626 = ORIENTED_EDGE ( 'NONE', *, *, #7780, .T. ) ;
#8627 = AXIS2_PLACEMENT_3D ( 'NONE', #3172, #7023, #1115 ) ;
#8629 =( LENGTH_UNIT ( ) NAMED_UNIT ( * ) SI_UNIT ( .MILLI., .METRE. ) );
#8628 =( GEOMETRIC_REPRESENTATION_CONTEXT ( 3 ) GLOBAL_UNCERTAINTY_ASSIGNED_CONTEXT ( ( #1982 ) ) GLOBAL_UNIT_ASSIGNED_CONTEXT ( ( #8286, #3548, #5213 ) ) REPRESENTATION_CONTEXT ( 'NONE', 'WORKASPACE' ) );
#8630 =( GEOMETRIC_REPRESENTATION_CONTEXT ( 3 ) GLOBAL_UNCERTAINTY_ASSIGNED_CONTEXT ( ( #3859 ) ) GLOBAL_UNIT_ASSIGNED_CONTEXT ( ( #9187, #1562, #9255 ) ) REPRESENTATION_CONTEXT ( 'NONE', 'WORKASPACE' ) );
#8631 = AXIS2_PLACEMENT_3D ( 'NONE', #6839, #6003, #8998 ) ;
#8632 =( NAMED_UNIT ( * ) SI_UNIT ( $, .STERADIAN. ) SOLID_ANGLE_UNIT ( ) );
#8633 = ORIENTED_EDGE ( 'NONE', *, *, #11155, .T. ) ;
#8634 = DIRECTION ( 'NONE',  ( -0.000000000000000000, 1.000000000000000000, -0.000000000000000000 ) ) ;
#8635 = CIRCLE ( 'NONE', #3175, 0.01000000000000002623 ) ;
#8636 = DIRECTION ( 'NONE',  ( 0.000000000000000000, -1.000000000000000000, 0.000000000000000000 ) ) ;
#8637 = FILL_AREA_STYLE ('',( #134 ) ) ;
#8638 = STYLED_ITEM ( 'NONE', ( #11795 ), #11719 ) ;
#8639 = FILL_AREA_STYLE ('',( #9571 ) ) ;
#8640 = AXIS2_PLACEMENT_3D ( 'NONE', #8418, #2489, #8358 ) ;
#8641 = COLOUR_RGB ( '',0.6666666666666666297, 0.6980392156862744724, 0.7686274509803920907 ) ;
#8642 = MECHANICAL_DESIGN_GEOMETRIC_PRESENTATION_REPRESENTATION (  '', ( #11841 ), #598 ) ;
#8643 = SURFACE_STYLE_USAGE ( .BOTH. , #2009 ) ;
#8644 = CYLINDRICAL_SURFACE ( 'NONE', #9309, 0.01901193750893743692 ) ;
#8645 = ORIENTED_EDGE ( 'NONE', *, *, #3685, .F. ) ;
#8646 = CIRCLE ( 'NONE', #7623, 0.02901193750893746315 ) ;
#8647 =( NAMED_UNIT ( * ) SI_UNIT ( $, .STERADIAN. ) SOLID_ANGLE_UNIT ( ) );
#8648 = EDGE_CURVE ( 'NONE', #3547, #2103, #9759, .T. ) ;
#8649 =( GEOMETRIC_REPRESENTATION_CONTEXT ( 3 ) GLOBAL_UNCERTAINTY_ASSIGNED_CONTEXT ( ( #9047 ) ) GLOBAL_UNIT_ASSIGNED_CONTEXT ( ( #10540, #965, #12248 ) ) REPRESENTATION_CONTEXT ( 'NONE', 'WORKASPACE' ) );
#8650 = VECTOR ( 'NONE', #6308, 1000.000000000000000 ) ;
#8651 = CIRCLE ( 'NONE', #3194, 0.03000000000000002318 ) ;
#8652 = VERTEX_POINT ( 'NONE', #5000 ) ;
#8653 = STYLED_ITEM ( 'NONE', ( #11872 ), #10018 ) ;
#8654 = CARTESIAN_POINT ( 'NONE',  ( 0.7449999999999992184, 0.5500000000000000444, 0.3059880624910608082 ) ) ;
#8655 = ORIENTED_EDGE ( 'NONE', *, *, #9509, .F. ) ;
#8656 = SURFACE_STYLE_FILL_AREA ( #844 ) ;
#8657 =( LENGTH_UNIT ( ) NAMED_UNIT ( * ) SI_UNIT ( .MILLI., .METRE. ) );
#8658 = DIRECTION ( 'NONE',  ( 0.000000000000000000, 1.000000000000000000, -0.000000000000000000 ) ) ;
#8659 = VECTOR ( 'NONE', #3818, 1000.000000000000000 ) ;
#8660 = DIRECTION ( 'NONE',  ( -0.000000000000000000, 0.000000000000000000, 1.000000000000000000 ) ) ;
#8661 = AXIS2_PLACEMENT_3D ( 'NONE', #2137, #8973, #7064 ) ;
#8662 = SURFACE_SIDE_STYLE ('',( #4763 ) ) ;
#8663 = ADVANCED_FACE ( 'NONE', ( #207 ), #4912, .F. ) ;
#8664 = CIRCLE ( 'NONE', #4987, 0.01901193750893727386 ) ;
#8665 = DIRECTION ( 'NONE',  ( -0.000000000000000000, -1.000000000000000000, -0.000000000000000000 ) ) ;
#8666 = DIRECTION ( 'NONE',  ( 3.346796241128597815E-15, -0.000000000000000000, 1.000000000000000000 ) ) ;
#8667 = VERTEX_POINT ( 'NONE', #11716 ) ;
#8668 =( NAMED_UNIT ( * ) SI_UNIT ( $, .STERADIAN. ) SOLID_ANGLE_UNIT ( ) );
#8669 = CARTESIAN_POINT ( 'NONE',  ( 0.3190119375089376930, 0.5600000000000000533, 0.7449999999999977751 ) ) ;
#8670 = CARTESIAN_POINT ( 'NONE',  ( 0.7449999999999979972, 0.5500000000000000444, 0.7559880624910606528 ) ) ;
#8671 = UNCERTAINTY_MEASURE_WITH_UNIT (LENGTH_MEASURE( 1.000000000000000082E-05 ), #6443, 'distance_accuracy_value', 'NONE');
#8672 = UNCERTAINTY_MEASURE_WITH_UNIT (LENGTH_MEASURE( 1.000000000000000082E-05 ), #1628, 'distance_accuracy_value', 'NONE');
#8673 = SURFACE_STYLE_USAGE ( .BOTH. , #2855 ) ;
#8674 = CARTESIAN_POINT ( 'NONE',  ( -0.3190119375089374709, 0.5700000000000000622, 0.7740119375089351550 ) ) ;
#8675 = ADVANCED_FACE ( 'NONE', ( #5301 ), #703, .T. ) ;
#8676 = PRESENTATION_STYLE_ASSIGNMENT (( #989 ) ) ;
#8677 = PRESENTATION_STYLE_ASSIGNMENT (( #6635 ) ) ;
#8678 = EDGE_CURVE ( 'NONE', #34, #12216, #638, .T. ) ;
#8679 =( NAMED_UNIT ( * ) SI_UNIT ( $, .STERADIAN. ) SOLID_ANGLE_UNIT ( ) );
#8680 = MECHANICAL_DESIGN_GEOMETRIC_PRESENTATION_REPRESENTATION (  '', ( #7057 ), #7471 ) ;
#8681 = DIRECTION ( 'NONE',  ( 0.000000000000000000, 1.000000000000000000, -0.000000000000000000 ) ) ;
#8682 = DIRECTION ( 'NONE',  ( 0.000000000000000000, 0.000000000000000000, -1.000000000000000000 ) ) ;
#8683 = ORIENTED_EDGE ( 'NONE', *, *, #3950, .F. ) ;
#8684 = FILL_AREA_STYLE_COLOUR ( '', #2862 ) ;
#8685 = ORIENTED_EDGE ( 'NONE', *, *, #8035, .F. ) ;
#8686 = VERTEX_POINT ( 'NONE', #9077 ) ;
#8687 = CARTESIAN_POINT ( 'NONE',  ( 1.000000000000000222, 0.4500000000000000111, 1.000000000000000000 ) ) ;
#8688 = ADVANCED_FACE ( 'NONE', ( #3390 ), #5243, .T. ) ;
#8689 = MECHANICAL_DESIGN_GEOMETRIC_PRESENTATION_REPRESENTATION (  '', ( #11494 ), #4627 ) ;
#8690 = DIRECTION ( 'NONE',  ( 0.000000000000000000, 0.000000000000000000, -1.000000000000000000 ) ) ;
#8691 =( GEOMETRIC_REPRESENTATION_CONTEXT ( 3 ) GLOBAL_UNCERTAINTY_ASSIGNED_CONTEXT ( ( #1835 ) ) GLOBAL_UNIT_ASSIGNED_CONTEXT ( ( #12449, #3792, #7761 ) ) REPRESENTATION_CONTEXT ( 'NONE', 'WORKASPACE' ) );
#8692 =( GEOMETRIC_REPRESENTATION_CONTEXT ( 3 ) GLOBAL_UNCERTAINTY_ASSIGNED_CONTEXT ( ( #12191 ) ) GLOBAL_UNIT_ASSIGNED_CONTEXT ( ( #6979, #1025, #2015 ) ) REPRESENTATION_CONTEXT ( 'NONE', 'WORKASPACE' ) );
#8693 = ORIENTED_EDGE ( 'NONE', *, *, #4692, .F. ) ;
#8694 = CARTESIAN_POINT ( 'NONE',  ( -0.9349999999999992761, 0.5700000000000000622, 0.1440119375089367049 ) ) ;
#8695 = DIRECTION ( 'NONE',  ( 5.421010862427507971E-15, 0.000000000000000000, -1.000000000000000000 ) ) ;
#8696 = CARTESIAN_POINT ( 'NONE',  ( 0.7740119375089354881, 0.5700000000000000622, 0.7559880624910606528 ) ) ;
#8697 = SURFACE_STYLE_FILL_AREA ( #1942 ) ;
#8698 = DIRECTION ( 'NONE',  ( 3.346796241128597815E-15, 0.000000000000000000, 1.000000000000000000 ) ) ;
#8699 = AXIS2_PLACEMENT_3D ( 'NONE', #587, #8384, #5518 ) ;
#8700 = PRESENTATION_LAYER_ASSIGNMENT (  '', '', ( #58 ) ) ;
#8701 = SURFACE_STYLE_FILL_AREA ( #8639 ) ;
#8702 = AXIS2_PLACEMENT_3D ( 'NONE', #12028, #7250, #12171 ) ;
#8703 = ORIENTED_EDGE ( 'NONE', *, *, #2919, .F. ) ;
#8704 = DIRECTION ( 'NONE',  ( 0.000000000000000000, -0.000000000000000000, 1.000000000000000000 ) ) ;
#8705 = PRESENTATION_LAYER_ASSIGNMENT (  '', '', ( #2840 ) ) ;
#8706 = VERTEX_POINT ( 'NONE', #506 ) ;
#8707 = STYLED_ITEM ( 'NONE', ( #10366 ), #2142 ) ;
#8708 = PRESENTATION_STYLE_ASSIGNMENT (( #7801 ) ) ;
#8709 = ADVANCED_FACE ( 'NONE', ( #12020 ), #10455, .F. ) ;
#8710 = SURFACE_STYLE_USAGE ( .BOTH. , #5701 ) ;
#8711 = SURFACE_STYLE_USAGE ( .BOTH. , #142 ) ;
#8712 = VECTOR ( 'NONE', #7854, 1000.000000000000000 ) ;
#8713 = MECHANICAL_DESIGN_GEOMETRIC_PRESENTATION_REPRESENTATION (  '', ( #5029 ), #2451 ) ;
#8714 = EDGE_LOOP ( 'NONE', ( #7418, #369, #1932, #10495 ) ) ;
#8715 = MECHANICAL_DESIGN_GEOMETRIC_PRESENTATION_REPRESENTATION (  '', ( #464 ), #10713 ) ;
#8716 = VECTOR ( 'NONE', #8666, 1000.000000000000000 ) ;
#8717 = DIRECTION ( 'NONE',  ( 3.346796241128596237E-15, -0.000000000000000000, 1.000000000000000000 ) ) ;
#8718 = EDGE_LOOP ( 'NONE', ( #9761, #2350, #10750, #6128 ) ) ;
#8719 = SURFACE_SIDE_STYLE ('',( #5770 ) ) ;
#8720 = COLOUR_RGB ( '',0.6666666666666666297, 0.6980392156862744724, 0.7686274509803920907 ) ;
#8721 =( NAMED_UNIT ( * ) PLANE_ANGLE_UNIT ( ) SI_UNIT ( $, .RADIAN. ) );
#8722 = ADVANCED_FACE ( 'NONE', ( #1879 ), #5725, .F. ) ;
#8723 = CARTESIAN_POINT ( 'NONE',  ( -0.7740119375089365983, 0.5700000000000000622, -0.3059880624910606972 ) ) ;
#8725 = SURFACE_STYLE_USAGE ( .BOTH. , #9717 ) ;
#8724 = DIRECTION ( 'NONE',  ( 0.000000000000000000, 0.000000000000000000, -1.000000000000000000 ) ) ;
#8726 = DIRECTION ( 'NONE',  ( 0.000000000000000000, 0.000000000000000000, 1.000000000000000000 ) ) ;
#8727 = DIRECTION ( 'NONE',  ( -0.000000000000000000, -0.000000000000000000, 1.000000000000000000 ) ) ;
#8728 = DIRECTION ( 'NONE',  ( 0.000000000000000000, -1.000000000000000000, 0.000000000000000000 ) ) ;
#8729 = AXIS2_PLACEMENT_3D ( 'NONE', #1299, #11811, #3998 ) ;
#8730 =( GEOMETRIC_REPRESENTATION_CONTEXT ( 3 ) GLOBAL_UNCERTAINTY_ASSIGNED_CONTEXT ( ( #10049 ) ) GLOBAL_UNIT_ASSIGNED_CONTEXT ( ( #3068, #5634, #6654 ) ) REPRESENTATION_CONTEXT ( 'NONE', 'WORKASPACE' ) );
#8731 = DIRECTION ( 'NONE',  ( 0.000000000000000000, 1.000000000000000000, -0.000000000000000000 ) ) ;
#8733 = CARTESIAN_POINT ( 'NONE',  ( 0.4809880624910632951, 0.5600000000000000533, 0.9449999999999966205 ) ) ;
#8732 = LINE ( 'NONE', #158, #3373 ) ;
#8734 = PRESENTATION_LAYER_ASSIGNMENT (  '', '', ( #9525 ) ) ;
#8735 = AXIS2_PLACEMENT_3D ( 'NONE', #497, #10172, #1500 ) ;
#8736 = DIRECTION ( 'NONE',  ( 0.000000000000000000, 1.000000000000000000, 0.000000000000000000 ) ) ;
#8737 = ORIENTED_EDGE ( 'NONE', *, *, #1619, .T. ) ;
#8738 = EDGE_CURVE ( 'NONE', #9782, #10493, #9508, .T. ) ;
#8739 = LINE ( 'NONE', #5665, #7412 ) ;
#8740 =( GEOMETRIC_REPRESENTATION_CONTEXT ( 3 ) GLOBAL_UNCERTAINTY_ASSIGNED_CONTEXT ( ( #9933 ) ) GLOBAL_UNIT_ASSIGNED_CONTEXT ( ( #10174, #5422, #6520 ) ) REPRESENTATION_CONTEXT ( 'NONE', 'WORKASPACE' ) );
#8741 = CARTESIAN_POINT ( 'NONE',  ( -0.4800000000000000377, 0.5500000000000000444, -0.4800000000000002043 ) ) ;
#8742 = ORIENTED_EDGE ( 'NONE', *, *, #2335, .T. ) ;
#8743 = DIRECTION ( 'NONE',  ( 1.084202172485504592E-14, 0.000000000000000000, -1.000000000000000000 ) ) ;
#8744 = CARTESIAN_POINT ( 'NONE',  ( 0.9159880624910606839, 0.5600000000000000533, 0.5940119375089365494 ) ) ;
#8745 = LINE ( 'NONE', #118, #11651 ) ;
#8746 = AXIS2_PLACEMENT_3D ( 'NONE', #11996, #5279, #11078 ) ;
#8747 = FILL_AREA_STYLE_COLOUR ( '', #10706 ) ;
#8748 = EDGE_CURVE ( 'NONE', #1630, #12326, #7419, .T. ) ;
#8749 = FILL_AREA_STYLE_COLOUR ( '', #10115 ) ;
#8750 = EDGE_CURVE ( 'NONE', #5481, #7353, #1935, .T. ) ;
#8751 = SURFACE_STYLE_USAGE ( .BOTH. , #4855 ) ;
#8752 = ORIENTED_EDGE ( 'NONE', *, *, #1597, .F. ) ;
#8753 = ORIENTED_EDGE ( 'NONE', *, *, #2551, .T. ) ;
#8754 = FILL_AREA_STYLE ('',( #1997 ) ) ;
#8755 = VECTOR ( 'NONE', #3294, 1000.000000000000000 ) ;
#8756 = ORIENTED_EDGE ( 'NONE', *, *, #5684, .F. ) ;
#8757 = DIRECTION ( 'NONE',  ( 1.000000000000000000, -0.000000000000000000, 0.000000000000000000 ) ) ;
#8758 = SURFACE_STYLE_USAGE ( .BOTH. , #7785 ) ;
#8759 = ORIENTED_EDGE ( 'NONE', *, *, #10187, .F. ) ;
#8760 = EDGE_CURVE ( 'NONE', #9869, #6344, #6528, .T. ) ;
#8761 = DIRECTION ( 'NONE',  ( 0.000000000000000000, 0.000000000000000000, -1.000000000000000000 ) ) ;
#8762 = LINE ( 'NONE', #7790, #2074 ) ;
#8763 = ADVANCED_FACE ( 'NONE', ( #12292 ), #3640, .F. ) ;
#8764 = FILL_AREA_STYLE ('',( #9752 ) ) ;
#8765 = LINE ( 'NONE', #4069, #10924 ) ;
#8766 =( NAMED_UNIT ( * ) SI_UNIT ( $, .STERADIAN. ) SOLID_ANGLE_UNIT ( ) );
#8767 = COLOUR_RGB ( '',0.6666666666666666297, 0.6980392156862744724, 0.7686274509803920907 ) ;
#8768 = EDGE_LOOP ( 'NONE', ( #6061, #961, #7867, #11332 ) ) ;
#8769 = VECTOR ( 'NONE', #9155, 1000.000000000000000 ) ;
#8770 = DIRECTION ( 'NONE',  ( 0.000000000000000000, 0.000000000000000000, -1.000000000000000000 ) ) ;
#8771 = CARTESIAN_POINT ( 'NONE',  ( 0.4800000000000000933, 0.5600000000000000533, 0.4799999999999997602 ) ) ;
#8772 = ORIENTED_EDGE ( 'NONE', *, *, #8036, .F. ) ;
#8773 = DIRECTION ( 'NONE',  ( 3.346796241128596237E-15, 0.000000000000000000, 1.000000000000000000 ) ) ;
#8774 = SURFACE_SIDE_STYLE ('',( #9531 ) ) ;
#8775 = ORIENTED_EDGE ( 'NONE', *, *, #4859, .T. ) ;
#8776 =( GEOMETRIC_REPRESENTATION_CONTEXT ( 3 ) GLOBAL_UNCERTAINTY_ASSIGNED_CONTEXT ( ( #5998 ) ) GLOBAL_UNIT_ASSIGNED_CONTEXT ( ( #7936, #7998, #6934 ) ) REPRESENTATION_CONTEXT ( 'NONE', 'WORKASPACE' ) );
#8777 = SURFACE_STYLE_FILL_AREA ( #1210 ) ;
#8778 = ADVANCED_FACE ( 'NONE', ( #4865 ), #6909, .F. ) ;
#8780 = SURFACE_SIDE_STYLE ('',( #12438 ) ) ;
#8779 = PRESENTATION_STYLE_ASSIGNMENT (( #4887 ) ) ;
#8781 = CARTESIAN_POINT ( 'NONE',  ( -0.3190119375089374709, 0.5700000000000000622, -0.7740119375089351550 ) ) ;
#8782 = SURFACE_STYLE_FILL_AREA ( #1032 ) ;
#8783 = UNCERTAINTY_MEASURE_WITH_UNIT (LENGTH_MEASURE( 1.000000000000000082E-05 ), #11178, 'distance_accuracy_value', 'NONE');
#8784 = LINE ( 'NONE', #1153, #6620 ) ;
#8785 = VECTOR ( 'NONE', #388, 1000.000000000000000 ) ;
#8786 = DIRECTION ( 'NONE',  ( 0.000000000000000000, 0.000000000000000000, -1.000000000000000000 ) ) ;
#8787 = DIRECTION ( 'NONE',  ( 1.000000000000000000, -0.000000000000000000, 7.636510523315146756E-15 ) ) ;
#8788 =( LENGTH_UNIT ( ) NAMED_UNIT ( * ) SI_UNIT ( .MILLI., .METRE. ) );
#8789 = CARTESIAN_POINT ( 'NONE',  ( -0.5000000000000000000, 0.5700000000000000622, -0.5000000000000002220 ) ) ;
#8790 = CARTESIAN_POINT ( 'NONE',  ( -0.9449999999999976197, 0.5500000000000000444, 0.7559880624910617630 ) ) ;
#8791 =( NAMED_UNIT ( * ) PLANE_ANGLE_UNIT ( ) SI_UNIT ( $, .RADIAN. ) );
#8792 = PRESENTATION_STYLE_ASSIGNMENT (( #4961 ) ) ;
#8793 = UNCERTAINTY_MEASURE_WITH_UNIT (LENGTH_MEASURE( 1.000000000000000082E-05 ), #11988, 'distance_accuracy_value', 'NONE');
#8794 = PRESENTATION_LAYER_ASSIGNMENT (  '', '', ( #7168 ) ) ;
#8795 =( LENGTH_UNIT ( ) NAMED_UNIT ( * ) SI_UNIT ( .MILLI., .METRE. ) );
#8796 =( NAMED_UNIT ( * ) SI_UNIT ( $, .STERADIAN. ) SOLID_ANGLE_UNIT ( ) );
#8797 = ADVANCED_FACE ( 'NONE', ( #10695 ), #3182, .F. ) ;
#8798 = MECHANICAL_DESIGN_GEOMETRIC_PRESENTATION_REPRESENTATION (  '', ( #3142 ), #7577 ) ;
#8799 = FILL_AREA_STYLE ('',( #9925 ) ) ;
#8800 = MECHANICAL_DESIGN_GEOMETRIC_PRESENTATION_REPRESENTATION (  '', ( #12432 ), #4528 ) ;
#8801 = DIRECTION ( 'NONE',  ( 0.000000000000000000, 1.000000000000000000, 0.000000000000000000 ) ) ;
#8802 = VERTEX_POINT ( 'NONE', #129 ) ;
#8803 = CARTESIAN_POINT ( 'NONE',  ( 0.08098806249106009492, 0.5600000000000000533, -0.7450000000000006617 ) ) ;
#8804 = FILL_AREA_STYLE ('',( #9738 ) ) ;
#8805 = PLANE ( 'NONE',  #11447 ) ;
#8806 = ORIENTED_EDGE ( 'NONE', *, *, #11901, .F. ) ;
#8807 = ORIENTED_EDGE ( 'NONE', *, *, #3392, .T. ) ;
#8808 = SURFACE_STYLE_USAGE ( .BOTH. , #5874 ) ;
#8809 = UNCERTAINTY_MEASURE_WITH_UNIT (LENGTH_MEASURE( 1.000000000000000082E-05 ), #9885, 'distance_accuracy_value', 'NONE');
#8810 = ORIENTED_EDGE ( 'NONE', *, *, #9848, .F. ) ;
#8811 = STYLED_ITEM ( 'NONE', ( #10480 ), #4749 ) ;
#8812 = DIRECTION ( 'NONE',  ( -0.000000000000000000, -0.000000000000000000, 1.000000000000000000 ) ) ;
#8813 = CARTESIAN_POINT ( 'NONE',  ( -0.7549999999999994493, 0.5700000000000000622, -0.1440119375089354559 ) ) ;
#8814 = EDGE_CURVE ( 'NONE', #4197, #2637, #10757, .T. ) ;
#8815 = DIRECTION ( 'NONE',  ( 0.000000000000000000, 0.000000000000000000, -1.000000000000000000 ) ) ;
#8816 = MECHANICAL_DESIGN_GEOMETRIC_PRESENTATION_REPRESENTATION (  '', ( #5756 ), #9997 ) ;
#8817 = MECHANICAL_DESIGN_GEOMETRIC_PRESENTATION_REPRESENTATION (  '', ( #11235 ), #5747 ) ;
#8818 = SURFACE_STYLE_USAGE ( .BOTH. , #7966 ) ;
#8819 = CARTESIAN_POINT ( 'NONE',  ( -0.9449999999999989519, 0.5600000000000000533, 0.3059880624910619740 ) ) ;
#8820 = STYLED_ITEM ( 'NONE', ( #5311 ), #4858 ) ;
#8821 = CARTESIAN_POINT ( 'NONE',  ( 0.7740119375089355991, 0.5700000000000000622, 0.5749999999999981792 ) ) ;
#8822 = CARTESIAN_POINT ( 'NONE',  ( 0.5100000000000000089, 0.5600000000000000533, -0.3563859338365494844 ) ) ;
#8823 = PRESENTATION_STYLE_ASSIGNMENT (( #11822 ) ) ;
#8824 = DIRECTION ( 'NONE',  ( 1.000000000000000000, 0.000000000000000000, -6.693592482257192474E-15 ) ) ;
#8825 = VECTOR ( 'NONE', #5153, 1000.000000000000000 ) ;
#8826 = STYLED_ITEM ( 'NONE', ( #4629 ), #908 ) ;
#8827 =( NAMED_UNIT ( * ) PLANE_ANGLE_UNIT ( ) SI_UNIT ( $, .RADIAN. ) );
#8828 =( GEOMETRIC_REPRESENTATION_CONTEXT ( 3 ) GLOBAL_UNCERTAINTY_ASSIGNED_CONTEXT ( ( #7647 ) ) GLOBAL_UNIT_ASSIGNED_CONTEXT ( ( #3075, #11772, #4198 ) ) REPRESENTATION_CONTEXT ( 'NONE', 'WORKASPACE' ) );
#8829 = VERTEX_POINT ( 'NONE', #10243 ) ;
#8830 = CARTESIAN_POINT ( 'NONE',  ( 0.3190119375089380815, 0.5600000000000000533, -0.9449999999999977307 ) ) ;
#8831 = AXIS2_PLACEMENT_3D ( 'NONE', #3007, #7792, #1077 ) ;
#8832 = ADVANCED_FACE ( 'NONE', ( #8290 ), #5348, .F. ) ;
#8833 =( NAMED_UNIT ( * ) PLANE_ANGLE_UNIT ( ) SI_UNIT ( $, .RADIAN. ) );
#8834 = ORIENTED_EDGE ( 'NONE', *, *, #9623, .T. ) ;
#8835 = COLOUR_RGB ( '',0.6666666666666666297, 0.6980392156862744724, 0.7686274509803920907 ) ;
#8836 = PRESENTATION_LAYER_ASSIGNMENT (  '', '', ( #187 ) ) ;
#8837 = CYLINDRICAL_SURFACE ( 'NONE', #11119, 0.01000000000000002623 ) ;
#8838 =( NAMED_UNIT ( * ) SI_UNIT ( $, .STERADIAN. ) SOLID_ANGLE_UNIT ( ) );
#8839 = ORIENTED_EDGE ( 'NONE', *, *, #11299, .F. ) ;
#8840 = PRESENTATION_LAYER_ASSIGNMENT (  '', '', ( #4752 ) ) ;
#8841 = COLOUR_RGB ( '',0.6666666666666666297, 0.6980392156862744724, 0.7686274509803920907 ) ;
#8842 = VECTOR ( 'NONE', #7537, 1000.000000000000000 ) ;
#8843 = EDGE_LOOP ( 'NONE', ( #11133, #9616, #5195, #257 ) ) ;
#8844 = FILL_AREA_STYLE_COLOUR ( '', #8053 ) ;
#8845 = CARTESIAN_POINT ( 'NONE',  ( -0.7740119375089370424, 0.5700000000000000622, -0.1249999999999980849 ) ) ;
#8847 = DIRECTION ( 'NONE',  ( -5.421010862427507971E-15, 0.000000000000000000, 1.000000000000000000 ) ) ;
#8846 = LINE ( 'NONE', #2020, #9356 ) ;
#8848 = DIRECTION ( 'NONE',  ( -0.000000000000000000, -0.000000000000000000, 1.000000000000000000 ) ) ;
#8849 = PRESENTATION_STYLE_ASSIGNMENT (( #1458 ) ) ;
#8850 = STYLED_ITEM ( 'NONE', ( #4942 ), #11975 ) ;
#8851 = CIRCLE ( 'NONE', #6826, 0.02901193750893746315 ) ;
#8852 = DIRECTION ( 'NONE',  ( -0.000000000000000000, -1.000000000000000000, -0.000000000000000000 ) ) ;
#8853 = ADVANCED_FACE ( 'NONE', ( #7341 ), #624, .T. ) ;
#8854 = CARTESIAN_POINT ( 'NONE',  ( -0.4800000000000000377, 0.5600000000000000533, 0.4999999999999997780 ) ) ;
#8855 = FILL_AREA_STYLE ('',( #9849 ) ) ;
#8856 = ORIENTED_EDGE ( 'NONE', *, *, #2348, .T. ) ;
#8857 = PRESENTATION_LAYER_ASSIGNMENT (  '', '', ( #12059 ) ) ;
#8858 = VECTOR ( 'NONE', #5399, 1000.000000000000000 ) ;
#8859 = PRESENTATION_LAYER_ASSIGNMENT (  '', '', ( #2158 ) ) ;
#8860 = DIRECTION ( 'NONE',  ( -1.000000000000000000, 0.000000000000000000, 0.000000000000000000 ) ) ;
#8861 =( LENGTH_UNIT ( ) NAMED_UNIT ( * ) SI_UNIT ( .MILLI., .METRE. ) );
#8862 = CARTESIAN_POINT ( 'NONE',  ( -0.7740119375089349329, 0.5700000000000000622, 0.7749999999999981348 ) ) ;
#8863 = DIRECTION ( 'NONE',  ( 0.000000000000000000, 0.000000000000000000, -1.000000000000000000 ) ) ;
#8864 = AXIS2_PLACEMENT_3D ( 'NONE', #7152, #3110, #6056 ) ;
#8865 = AXIS2_PLACEMENT_3D ( 'NONE', #7132, #6152, #1329 ) ;
#8866 = DIRECTION ( 'NONE',  ( 1.000000000000000000, 0.000000000000000000, 7.636510523315148333E-15 ) ) ;
#8867 = CARTESIAN_POINT ( 'NONE',  ( -0.7740119375089365983, 0.5600000000000000533, -0.1440119375089355669 ) ) ;
#8868 = CYLINDRICAL_SURFACE ( 'NONE', #11739, 0.01901193750893727386 ) ;
#8869 = ORIENTED_EDGE ( 'NONE', *, *, #10805, .F. ) ;
#8870 = EDGE_CURVE ( 'NONE', #4200, #3575, #8994, .T. ) ;
#8871 =( LENGTH_UNIT ( ) NAMED_UNIT ( * ) SI_UNIT ( .MILLI., .METRE. ) );
#8872 = CARTESIAN_POINT ( 'NONE',  ( -0.4800000000000000377, 0.5700000000000000622, 0.4999999999999997780 ) ) ;
#8873 = VERTEX_POINT ( 'NONE', #432 ) ;
#8874 =( NAMED_UNIT ( * ) PLANE_ANGLE_UNIT ( ) SI_UNIT ( $, .RADIAN. ) );
#8875 = CARTESIAN_POINT ( 'NONE',  ( -0.7740119375089365983, 0.5600000000000000533, -0.3059880624910606972 ) ) ;
#8876 = ORIENTED_EDGE ( 'NONE', *, *, #10486, .F. ) ;
#8877 = CARTESIAN_POINT ( 'NONE',  ( -0.2899999999999999800, 0.5500000000000000444, 0.9159880624910602398 ) ) ;
#8878 = VECTOR ( 'NONE', #2100, 1000.000000000000000 ) ;
#8879 = SURFACE_STYLE_FILL_AREA ( #2235 ) ;
#8880 = FILL_AREA_STYLE ('',( #5050 ) ) ;
#8881 = CARTESIAN_POINT ( 'NONE',  ( -0.3190119375089373044, 0.5600000000000000533, -0.7549999999999977840 ) ) ;
#8882 = PRESENTATION_STYLE_ASSIGNMENT (( #136 ) ) ;
#8883 = EDGE_CURVE ( 'NONE', #8829, #10130, #3545, .T. ) ;
#8884 = ORIENTED_EDGE ( 'NONE', *, *, #2626, .T. ) ;
#8885 = AXIS2_PLACEMENT_3D ( 'NONE', #3791, #7641, #11487 ) ;
#8886 = CARTESIAN_POINT ( 'NONE',  ( 0.9159880624910617941, 0.5600000000000000533, 0.3249999999999993450 ) ) ;
#8888 = ORIENTED_EDGE ( 'NONE', *, *, #10329, .F. ) ;
#8887 = AXIS2_PLACEMENT_3D ( 'NONE', #12310, #3716, #10478 ) ;
#8889 = DIRECTION ( 'NONE',  ( 0.000000000000000000, 0.000000000000000000, -1.000000000000000000 ) ) ;
#8890 = FILL_AREA_STYLE ('',( #10772 ) ) ;
#8891 = SURFACE_SIDE_STYLE ('',( #5895 ) ) ;
#8892 = ORIENTED_EDGE ( 'NONE', *, *, #4542, .F. ) ;
#8893 = LINE ( 'NONE', #9080, #869 ) ;
#8894 = MECHANICAL_DESIGN_GEOMETRIC_PRESENTATION_REPRESENTATION (  '', ( #1052 ), #8276 ) ;
#8895 = FILL_AREA_STYLE_COLOUR ( '', #9890 ) ;
#8896 = ORIENTED_EDGE ( 'NONE', *, *, #4767, .F. ) ;
#8897 = TOROIDAL_SURFACE ( 'NONE', #7876, 0.02901193750893743539, 0.01000000000000000021 ) ;
#8898 = DIRECTION ( 'NONE',  ( 1.000000000000000000, 0.000000000000000000, 0.000000000000000000 ) ) ;
#8899 = SURFACE_STYLE_USAGE ( .BOTH. , #8119 ) ;
#8900 = CYLINDRICAL_SURFACE ( 'NONE', #5559, 0.01000000000000002623 ) ;
#8901 = ADVANCED_FACE ( 'NONE', ( #8096 ), #6758, .F. ) ;
#8902 = SURFACE_STYLE_FILL_AREA ( #2261 ) ;
#8903 = EDGE_CURVE ( 'NONE', #1630, #8873, #11008, .T. ) ;
#8904 = FILL_AREA_STYLE_COLOUR ( '', #7075 ) ;
#8905 = UNCERTAINTY_MEASURE_WITH_UNIT (LENGTH_MEASURE( 1.000000000000000082E-05 ), #4309, 'distance_accuracy_value', 'NONE');
#8906 = ORIENTED_EDGE ( 'NONE', *, *, #2529, .F. ) ;
#8907 = CARTESIAN_POINT ( 'NONE',  ( 0.5100000000000004530, 0.5500000000000000444, 0.9159880624910591296 ) ) ;
#8908 = FILL_AREA_STYLE_COLOUR ( '', #1918 ) ;
#8909 = DIRECTION ( 'NONE',  ( 0.000000000000000000, 0.000000000000000000, -1.000000000000000000 ) ) ;
#8910 = AXIS2_PLACEMENT_3D ( 'NONE', #4291, #8206, #12064 ) ;
#8911 = DIRECTION ( 'NONE',  ( -1.000000000000000000, -0.000000000000000000, -7.063772234066505779E-15 ) ) ;
#8912 = VECTOR ( 'NONE', #6781, 1000.000000000000000 ) ;
#8914 =( NAMED_UNIT ( * ) PLANE_ANGLE_UNIT ( ) SI_UNIT ( $, .RADIAN. ) );
#8913 = LINE ( 'NONE', #5018, #3968 ) ;
#8915 = DIRECTION ( 'NONE',  ( 0.000000000000000000, 0.000000000000000000, -1.000000000000000000 ) ) ;
#8916 = SURFACE_STYLE_FILL_AREA ( #348 ) ;
#8917 = COLOUR_RGB ( '',0.6666666666666666297, 0.6980392156862744724, 0.7686274509803920907 ) ;
#8918 = FILL_AREA_STYLE ('',( #5020 ) ) ;
#8919 = EDGE_CURVE ( 'NONE', #6336, #4876, #1741, .T. ) ;
#8920 = TOROIDAL_SURFACE ( 'NONE', #10714, 0.02901193750893730008, 0.01000000000000000021 ) ;
#8921 = SURFACE_STYLE_FILL_AREA ( #9854 ) ;
#8922 = DIRECTION ( 'NONE',  ( 0.000000000000000000, 1.000000000000000000, 0.000000000000000000 ) ) ;
#8923 = EDGE_CURVE ( 'NONE', #5220, #3050, #2959, .T. ) ;
#8924 = LINE ( 'NONE', #298, #1868 ) ;
#8925 = UNCERTAINTY_MEASURE_WITH_UNIT (LENGTH_MEASURE( 1.000000000000000082E-05 ), #7015, 'distance_accuracy_value', 'NONE');
#8926 =( GEOMETRIC_REPRESENTATION_CONTEXT ( 3 ) GLOBAL_UNCERTAINTY_ASSIGNED_CONTEXT ( ( #6750 ) ) GLOBAL_UNIT_ASSIGNED_CONTEXT ( ( #11391, #1934, #9504 ) ) REPRESENTATION_CONTEXT ( 'NONE', 'WORKASPACE' ) );
#8927 = VECTOR ( 'NONE', #12231, 1000.000000000000000 ) ;
#8928 = SURFACE_STYLE_FILL_AREA ( #4043 ) ;
#8929 = FILL_AREA_STYLE_COLOUR ( '', #6816 ) ;
#8930 = VECTOR ( 'NONE', #11869, 1000.000000000000000 ) ;
#8931 = MECHANICAL_DESIGN_GEOMETRIC_PRESENTATION_REPRESENTATION (  '', ( #480 ), #8315 ) ;
#8932 = CARTESIAN_POINT ( 'NONE',  ( 0.5100000000000004530, 0.5600000000000000533, 0.9159880624910591296 ) ) ;
#8933 = AXIS2_PLACEMENT_3D ( 'NONE', #9437, #3630, #4608 ) ;
#8934 = LINE ( 'NONE', #11753, #7702 ) ;
#8935 = EDGE_LOOP ( 'NONE', ( #2327, #11102, #11114, #2393 ) ) ;
#8936 = STYLED_ITEM ( 'NONE', ( #10396 ), #910 ) ;
#8937 = CARTESIAN_POINT ( 'NONE',  ( 0.4809880624910629066, 0.5700000000000000622, -0.7549999999999966738 ) ) ;
#8938 = ADVANCED_FACE ( 'NONE', ( #3788 ), #6874, .T. ) ;
#8939 = VECTOR ( 'NONE', #12066, 1000.000000000000000 ) ;
#8940 = DIRECTION ( 'NONE',  ( 0.000000000000000000, 0.000000000000000000, -1.000000000000000000 ) ) ;
#8941 = CARTESIAN_POINT ( 'NONE',  ( 0.3190119375089380260, 0.5700000000000000622, -0.9349999999999977218 ) ) ;
#8942 = UNCERTAINTY_MEASURE_WITH_UNIT (LENGTH_MEASURE( 1.000000000000000082E-05 ), #7473, 'distance_accuracy_value', 'NONE');
#8943 = VERTEX_POINT ( 'NONE', #10546 ) ;
#8944 = CARTESIAN_POINT ( 'NONE',  ( 0.7740119375089370424, 0.5700000000000000622, 0.3059880624910606972 ) ) ;
#8945 = COLOUR_RGB ( '',0.6666666666666666297, 0.6980392156862744724, 0.7686274509803920907 ) ;
#8946 =( NAMED_UNIT ( * ) PLANE_ANGLE_UNIT ( ) SI_UNIT ( $, .RADIAN. ) );
#8947 = LINE ( 'NONE', #2479, #5992 ) ;
#8948 = CARTESIAN_POINT ( 'NONE',  ( -0.08098806249106234312, 0.5600000000000000533, 0.7740119375089372644 ) ) ;
#8949 = CARTESIAN_POINT ( 'NONE',  ( 0.3875000000000006772, 0.4750000000000000333, -1.000000000000000000 ) ) ;
#8950 = ORIENTED_EDGE ( 'NONE', *, *, #9072, .T. ) ;
#8951 = FILL_AREA_STYLE_COLOUR ( '', #1661 ) ;
#8952 = ORIENTED_EDGE ( 'NONE', *, *, #12065, .F. ) ;
#8953 = DIRECTION ( 'NONE',  ( 0.000000000000000000, 0.000000000000000000, 1.000000000000000000 ) ) ;
#8954 =( GEOMETRIC_REPRESENTATION_CONTEXT ( 3 ) GLOBAL_UNCERTAINTY_ASSIGNED_CONTEXT ( ( #4240 ) ) GLOBAL_UNIT_ASSIGNED_CONTEXT ( ( #2771, #2836, #11667 ) ) REPRESENTATION_CONTEXT ( 'NONE', 'WORKASPACE' ) );
#8955 =( NAMED_UNIT ( * ) SI_UNIT ( $, .STERADIAN. ) SOLID_ANGLE_UNIT ( ) );
#8956 = ADVANCED_FACE ( 'NONE', ( #11553 ), #8608, .F. ) ;
#8957 = VERTEX_POINT ( 'NONE', #7700 ) ;
#8958 = DIRECTION ( 'NONE',  ( 1.000000000000000000, 0.000000000000000000, -2.710505431213753985E-15 ) ) ;
#8959 = ORIENTED_EDGE ( 'NONE', *, *, #7528, .T. ) ;
#8960 = DIRECTION ( 'NONE',  ( 0.000000000000000000, 0.000000000000000000, -1.000000000000000000 ) ) ;
#8961 = VERTEX_POINT ( 'NONE', #1405 ) ;
#8962 = CARTESIAN_POINT ( 'NONE',  ( 0.9159880624910615721, 0.5600000000000000533, 0.3349999999999991318 ) ) ;
#8963 = FILL_AREA_STYLE ('',( #9894 ) ) ;
#8966 = FACE_OUTER_BOUND ( 'NONE', #1111, .T. ) ;
#8965 =( NAMED_UNIT ( * ) SI_UNIT ( $, .STERADIAN. ) SOLID_ANGLE_UNIT ( ) );
#8964 = AXIS2_PLACEMENT_3D ( 'NONE', #10268, #649, #6345 ) ;
#8967 = ORIENTED_EDGE ( 'NONE', *, *, #2380, .T. ) ;
#8968 = VECTOR ( 'NONE', #231, 1000.000000000000000 ) ;
#8969 = CARTESIAN_POINT ( 'NONE',  ( 0.9159880624910603508, 0.5500000000000000444, -0.7849999999999992539 ) ) ;
#8970 = ORIENTED_EDGE ( 'NONE', *, *, #3033, .F. ) ;
#8971 = ORIENTED_EDGE ( 'NONE', *, *, #1619, .F. ) ;
#8972 = SURFACE_SIDE_STYLE ('',( #6871 ) ) ;
#8973 = DIRECTION ( 'NONE',  ( 0.000000000000000000, 1.000000000000000000, 0.000000000000000000 ) ) ;
#8974 = PRESENTATION_STYLE_ASSIGNMENT (( #7877 ) ) ;
#8975 = EDGE_CURVE ( 'NONE', #12326, #9410, #9601, .T. ) ;
#8976 = STYLED_ITEM ( 'NONE', ( #4944 ), #8429 ) ;
#8977 = DIRECTION ( 'NONE',  ( -1.000000000000000000, -0.000000000000000000, -1.084202172485501752E-14 ) ) ;
#8978 = AXIS2_PLACEMENT_3D ( 'NONE', #533, #8342, #9352 ) ;
#8979 = FILL_AREA_STYLE ('',( #163 ) ) ;
#8980 = EDGE_LOOP ( 'NONE', ( #931, #10181, #3080, #1634, #6854, #283, #6145, #8959 ) ) ;
#8981 = CARTESIAN_POINT ( 'NONE',  ( -0.9449999999999993960, 0.5600000000000000533, -0.1440119375089366216 ) ) ;
#8982 = DIRECTION ( 'NONE',  ( -2.168404344971009184E-14, 0.000000000000000000, -1.000000000000000000 ) ) ;
#8983 = SURFACE_SIDE_STYLE ('',( #351 ) ) ;
#8984 = DIRECTION ( 'NONE',  ( 2.710505431213761479E-15, 0.000000000000000000, -1.000000000000000000 ) ) ;
#8985 = FILL_AREA_STYLE ('',( #5914 ) ) ;
#8986 = DIRECTION ( 'NONE',  ( 1.000000000000000000, -0.000000000000000000, 0.000000000000000000 ) ) ;
#8987 = EDGE_CURVE ( 'NONE', #4293, #10969, #9031, .T. ) ;
#8988 = CYLINDRICAL_SURFACE ( 'NONE', #7884, 0.01901193750893906409 ) ;
#8989 =( LENGTH_UNIT ( ) NAMED_UNIT ( * ) SI_UNIT ( .MILLI., .METRE. ) );
#8990 = VERTEX_POINT ( 'NONE', #3090 ) ;
#8991 = DIRECTION ( 'NONE',  ( 1.000000000000000000, 0.000000000000000000, 6.693592482257194052E-15 ) ) ;
#8992 = DIRECTION ( 'NONE',  ( 0.000000000000000000, 0.000000000000000000, 1.000000000000000000 ) ) ;
#8993 = LINE ( 'NONE', #3176, #11337 ) ;
#8994 = CIRCLE ( 'NONE', #953, 0.01000000000000002623 ) ;
#8995 = ORIENTED_EDGE ( 'NONE', *, *, #4720, .F. ) ;
#8996 = CARTESIAN_POINT ( 'NONE',  ( -0.5000000000000000000, 0.5700000000000000622, 0.9159880624910591296 ) ) ;
#8997 = AXIS2_PLACEMENT_3D ( 'NONE', #5443, #6653, #9388 ) ;
#8998 = DIRECTION ( 'NONE',  ( 0.000000000000000000, 0.000000000000000000, -1.000000000000000000 ) ) ;
#8999 = ADVANCED_FACE ( 'NONE', ( #10854 ), #2332, .F. ) ;
#9000 =( GEOMETRIC_REPRESENTATION_CONTEXT ( 3 ) GLOBAL_UNCERTAINTY_ASSIGNED_CONTEXT ( ( #8012 ) ) GLOBAL_UNIT_ASSIGNED_CONTEXT ( ( #4082, #456, #11910 ) ) REPRESENTATION_CONTEXT ( 'NONE', 'WORKASPACE' ) );
#9001 =( NAMED_UNIT ( * ) SI_UNIT ( $, .STERADIAN. ) SOLID_ANGLE_UNIT ( ) );
#9002 = DIRECTION ( 'NONE',  ( -0.000000000000000000, -1.000000000000000000, -0.000000000000000000 ) ) ;
#9003 = SURFACE_SIDE_STYLE ('',( #1193 ) ) ;
#9004 = ORIENTED_EDGE ( 'NONE', *, *, #10054, .F. ) ;
#9005 = PRESENTATION_STYLE_ASSIGNMENT (( #9946 ) ) ;
#9006 = STYLED_ITEM ( 'NONE', ( #10957 ), #4425 ) ;
#9007 = ORIENTED_EDGE ( 'NONE', *, *, #6103, .T. ) ;
#9008 = CARTESIAN_POINT ( 'NONE',  ( -0.3190119375089375819, 0.5700000000000000622, -0.9349999999999977218 ) ) ;
#9009 = LINE ( 'NONE', #4132, #8785 ) ;
#9010 = VECTOR ( 'NONE', #10773, 1000.000000000000000 ) ;
#9011 = ORIENTED_EDGE ( 'NONE', *, *, #1830, .T. ) ;
#9012 = MECHANICAL_DESIGN_GEOMETRIC_PRESENTATION_REPRESENTATION (  '', ( #1965 ), #6153 ) ;
#9013 = FACE_BOUND ( 'NONE', #7902, .T. ) ;
#9014 = ORIENTED_EDGE ( 'NONE', *, *, #2860, .T. ) ;
#9015 =( NAMED_UNIT ( * ) PLANE_ANGLE_UNIT ( ) SI_UNIT ( $, .RADIAN. ) );
#9016 = ORIENTED_EDGE ( 'NONE', *, *, #9983, .F. ) ;
#9017 = CARTESIAN_POINT ( 'NONE',  ( 0.7740119375089354881, 0.5600000000000000533, 0.7559880624910606528 ) ) ;
#9018 = VECTOR ( 'NONE', #7739, 1000.000000000000000 ) ;
#9019 = PRESENTATION_LAYER_ASSIGNMENT (  '', '', ( #6377 ) ) ;
#9020 = VECTOR ( 'NONE', #4866, 1000.000000000000000 ) ;
#9021 = SURFACE_STYLE_USAGE ( .BOTH. , #1213 ) ;
#9022 = DIRECTION ( 'NONE',  ( -1.000000000000000000, 0.000000000000000000, 1.084202172485504592E-14 ) ) ;
#9023 = EDGE_CURVE ( 'NONE', #2071, #11723, #7186, .T. ) ;
#9024 = SURFACE_SIDE_STYLE ('',( #339 ) ) ;
#9025 = UNCERTAINTY_MEASURE_WITH_UNIT (LENGTH_MEASURE( 1.000000000000000082E-05 ), #9872, 'distance_accuracy_value', 'NONE');
#9026 = EDGE_LOOP ( 'NONE', ( #1335, #4429, #11701, #7052, #3456, #3719, #7749, #11162 ) ) ;
#9027 = ORIENTED_EDGE ( 'NONE', *, *, #10412, .T. ) ;
#9028 = DIRECTION ( 'NONE',  ( 5.421010862427508759E-15, -1.084202172485501752E-14, -1.000000000000000000 ) ) ;
#9029 = DIRECTION ( 'NONE',  ( 0.000000000000000000, 0.000000000000000000, -1.000000000000000000 ) ) ;
#9030 = CARTESIAN_POINT ( 'NONE',  ( 0.09999999999999847899, 0.5700000000000000622, 0.7740119375089381526 ) ) ;
#9031 = LINE ( 'NONE', #11735, #5123 ) ;
#9032 = AXIS2_PLACEMENT_3D ( 'NONE', #11251, #6176, #2611 ) ;
#9033 = MECHANICAL_DESIGN_GEOMETRIC_PRESENTATION_REPRESENTATION (  '', ( #2169 ), #10633 ) ;
#9034 = SURFACE_STYLE_USAGE ( .BOTH. , #7134 ) ;
#9035 = CARTESIAN_POINT ( 'NONE',  ( 0.4809880624910629066, 0.5700000000000000622, -0.7549999999999966738 ) ) ;
#9036 = CARTESIAN_POINT ( 'NONE',  ( 0.7740119375089370424, 0.5600000000000000533, 0.1249999999999981820 ) ) ;
#9037 = CIRCLE ( 'NONE', #8004, 0.1000000000000001582 ) ;
#9038 =( NAMED_UNIT ( * ) SI_UNIT ( $, .STERADIAN. ) SOLID_ANGLE_UNIT ( ) );
#9039 =( LENGTH_UNIT ( ) NAMED_UNIT ( * ) SI_UNIT ( .MILLI., .METRE. ) );
#9040 = AXIS2_PLACEMENT_3D ( 'NONE', #4101, #11744, #1284 ) ;
#9041 = PRESENTATION_LAYER_ASSIGNMENT (  '', '', ( #2373 ) ) ;
#9042 = PRESENTATION_LAYER_ASSIGNMENT (  '', '', ( #2388 ) ) ;
#9043 = SURFACE_STYLE_USAGE ( .BOTH. , #10863 ) ;
#9044 = VECTOR ( 'NONE', #10952, 1000.000000000000000 ) ;
#9045 = UNCERTAINTY_MEASURE_WITH_UNIT (LENGTH_MEASURE( 1.000000000000000082E-05 ), #88, 'distance_accuracy_value', 'NONE');
#9046 = EDGE_CURVE ( 'NONE', #273, #10453, #11978, .T. ) ;
#9047 = UNCERTAINTY_MEASURE_WITH_UNIT (LENGTH_MEASURE( 1.000000000000000082E-05 ), #10540, 'distance_accuracy_value', 'NONE');
#9048 = AXIS2_PLACEMENT_3D ( 'NONE', #7476, #1804, #932 ) ;
#9049 = AXIS2_PLACEMENT_3D ( 'NONE', #1711, #11482, #3667 ) ;
#9050 = DIRECTION ( 'NONE',  ( 0.000000000000000000, 0.000000000000000000, -1.000000000000000000 ) ) ;
#9051 =( GEOMETRIC_REPRESENTATION_CONTEXT ( 3 ) GLOBAL_UNCERTAINTY_ASSIGNED_CONTEXT ( ( #115 ) ) GLOBAL_UNIT_ASSIGNED_CONTEXT ( ( #3675, #792, #5530 ) ) REPRESENTATION_CONTEXT ( 'NONE', 'WORKASPACE' ) );
#9052 = FILL_AREA_STYLE_COLOUR ( '', #3661 ) ;
#9053 =( NAMED_UNIT ( * ) SI_UNIT ( $, .STERADIAN. ) SOLID_ANGLE_UNIT ( ) );
#9054 = ORIENTED_EDGE ( 'NONE', *, *, #1346, .F. ) ;
#9055 =( NAMED_UNIT ( * ) SI_UNIT ( $, .STERADIAN. ) SOLID_ANGLE_UNIT ( ) );
#9056 = CARTESIAN_POINT ( 'NONE',  ( -0.08098806249106234312, 0.5500000000000000444, 0.7449999999999994404 ) ) ;
#9057 = CARTESIAN_POINT ( 'NONE',  ( 0.9349999999999980549, 0.5600000000000000533, -0.7559880624910617630 ) ) ;
#9058 = EDGE_LOOP ( 'NONE', ( #5829, #2693, #11595, #11600 ) ) ;
#9059 = EDGE_CURVE ( 'NONE', #10130, #1743, #6936, .T. ) ;
#9060 = CYLINDRICAL_SURFACE ( 'NONE', #8864, 0.01000000000000002623 ) ;
#9061 =( GEOMETRIC_REPRESENTATION_CONTEXT ( 3 ) GLOBAL_UNCERTAINTY_ASSIGNED_CONTEXT ( ( #2216 ) ) GLOBAL_UNIT_ASSIGNED_CONTEXT ( ( #11302, #6683, #9961 ) ) REPRESENTATION_CONTEXT ( 'NONE', 'WORKASPACE' ) );
#9062 = EDGE_CURVE ( 'NONE', #4507, #6376, #1158, .T. ) ;
#9063 = UNCERTAINTY_MEASURE_WITH_UNIT (LENGTH_MEASURE( 1.000000000000000082E-05 ), #8629, 'distance_accuracy_value', 'NONE');
#9064 = SURFACE_STYLE_FILL_AREA ( #2615 ) ;
#9065 = VERTEX_POINT ( 'NONE', #8854 ) ;
#9066 =( NAMED_UNIT ( * ) SI_UNIT ( $, .STERADIAN. ) SOLID_ANGLE_UNIT ( ) );
#9067 = DIRECTION ( 'NONE',  ( -1.000000000000000000, -5.421010862427508759E-15, 5.421010862427508759E-15 ) ) ;
#9068 = CARTESIAN_POINT ( 'NONE',  ( 0.4800000000000001488, 0.5700000000000000622, 0.5000000000000000000 ) ) ;
#9069 =( LENGTH_UNIT ( ) NAMED_UNIT ( * ) SI_UNIT ( .MILLI., .METRE. ) );
#9070 = FILL_AREA_STYLE_COLOUR ( '', #590 ) ;
#9071 = ORIENTED_EDGE ( 'NONE', *, *, #9132, .F. ) ;
#9072 = EDGE_CURVE ( 'NONE', #4557, #7051, #8183, .T. ) ;
#9073 = EDGE_LOOP ( 'NONE', ( #7960, #10898, #1812, #8375 ) ) ;
#9074 = FILL_AREA_STYLE ('',( #11961 ) ) ;
#9075 = ORIENTED_EDGE ( 'NONE', *, *, #11850, .F. ) ;
#9076 = EDGE_LOOP ( 'NONE', ( #3775, #12360, #7981, #7173 ) ) ;
#9077 = CARTESIAN_POINT ( 'NONE',  ( 0.8000000000000002665, 0.02000000000000000042, -0.6999999999999997335 ) ) ;
#9078 = PRESENTATION_STYLE_ASSIGNMENT (( #264 ) ) ;
#9079 = VERTEX_POINT ( 'NONE', #2139 ) ;
#9080 = CARTESIAN_POINT ( 'NONE',  ( 0.7740119375089370424, 0.5600000000000000533, -0.3249999999999981237 ) ) ;
#9081 = ORIENTED_EDGE ( 'NONE', *, *, #3266, .T. ) ;
#9082 = STYLED_ITEM ( 'NONE', ( #5404 ), #6711 ) ;
#9083 = SURFACE_STYLE_FILL_AREA ( #1517 ) ;
#9085 = CARTESIAN_POINT ( 'NONE',  ( 0.9449999999999980638, 0.5600000000000000533, 0.5940119375089367715 ) ) ;
#9084 = CARTESIAN_POINT ( 'NONE',  ( -0.9999999999999997780, 0.4750000000000000333, -1.000000000000000000 ) ) ;
#9086 = VERTEX_POINT ( 'NONE', #4029 ) ;
#9087 = ADVANCED_FACE ( 'NONE', ( #1220 ), #5016, .F. ) ;
#9088 = ORIENTED_EDGE ( 'NONE', *, *, #1680, .F. ) ;
#9089 = DIRECTION ( 'NONE',  ( 0.000000000000000000, -1.000000000000000000, 0.000000000000000000 ) ) ;
#9090 = STYLED_ITEM ( 'NONE', ( #5849 ), #5729 ) ;
#9091 = PRESENTATION_LAYER_ASSIGNMENT (  '', '', ( #8093 ) ) ;
#9092 = CARTESIAN_POINT ( 'NONE',  ( 0.8000000000000002665, 0.02000000000000000042, -0.7999999999999999334 ) ) ;
#9093 = EDGE_CURVE ( 'NONE', #11461, #4478, #2406, .T. ) ;
#9094 = PRESENTATION_LAYER_ASSIGNMENT (  '', '', ( #2043 ) ) ;
#9095 = FILL_AREA_STYLE ('',( #10925 ) ) ;
#9096 = DIRECTION ( 'NONE',  ( 1.710823274023216041E-14, 0.000000000000000000, -1.000000000000000000 ) ) ;
#9097 = COLOUR_RGB ( '',0.6666666666666666297, 0.6980392156862744724, 0.7686274509803920907 ) ;
#9098 = FACE_BOUND ( 'NONE', #3521, .T. ) ;
#9099 = PRESENTATION_LAYER_ASSIGNMENT (  '', '', ( #2048 ) ) ;
#9100 =( GEOMETRIC_REPRESENTATION_CONTEXT ( 3 ) GLOBAL_UNCERTAINTY_ASSIGNED_CONTEXT ( ( #3604 ) ) GLOBAL_UNIT_ASSIGNED_CONTEXT ( ( #1796, #5676, #928 ) ) REPRESENTATION_CONTEXT ( 'NONE', 'WORKASPACE' ) );
#9101 =( LENGTH_UNIT ( ) NAMED_UNIT ( * ) SI_UNIT ( .MILLI., .METRE. ) );
#9102 = CARTESIAN_POINT ( 'NONE',  ( 1.000000000000000222, 0.5500000000000000444, -0.2125000000000008826 ) ) ;
#9103 = LINE ( 'NONE', #11989, #5793 ) ;
#9104 = COLOUR_RGB ( '',0.6666666666666666297, 0.6980392156862744724, 0.7686274509803920907 ) ;
#9105 = STYLED_ITEM ( 'NONE', ( #3774 ), #6053 ) ;
#9106 = STYLED_ITEM ( 'NONE', ( #9483 ), #6801 ) ;
#9107 = CARTESIAN_POINT ( 'NONE',  ( 0.3190119375089380815, 0.5500000000000000444, 0.9449999999999977307 ) ) ;
#9108 = COLOUR_RGB ( '',0.6666666666666666297, 0.6980392156862744724, 0.7686274509803920907 ) ;
#9109 = CYLINDRICAL_SURFACE ( 'NONE', #11546, 0.01000000000000002623 ) ;
#9110 = VERTEX_POINT ( 'NONE', #12239 ) ;
#9111 = PRESENTATION_STYLE_ASSIGNMENT (( #7388 ) ) ;
#9112 = MECHANICAL_DESIGN_GEOMETRIC_PRESENTATION_REPRESENTATION (  '', ( #467 ), #11726 ) ;
#9113 =( NAMED_UNIT ( * ) SI_UNIT ( $, .STERADIAN. ) SOLID_ANGLE_UNIT ( ) );
#9114 = ORIENTED_EDGE ( 'NONE', *, *, #4413, .T. ) ;
#9115 = MECHANICAL_DESIGN_GEOMETRIC_PRESENTATION_REPRESENTATION (  '', ( #5653 ), #266 ) ;
#9116 = DIRECTION ( 'NONE',  ( 2.168404344971009184E-14, 0.000000000000000000, -1.000000000000000000 ) ) ;
#9117 = ORIENTED_EDGE ( 'NONE', *, *, #9673, .F. ) ;
#9118 = DIRECTION ( 'NONE',  ( 0.000000000000000000, 0.000000000000000000, -1.000000000000000000 ) ) ;
#9119 = DIRECTION ( 'NONE',  ( -0.000000000000000000, -1.000000000000000000, -0.000000000000000000 ) ) ;
#9120 = STYLED_ITEM ( 'NONE', ( #3243 ), #1963 ) ;
#9121 = ADVANCED_FACE ( 'NONE', ( #5521 ), #8186, .F. ) ;
#9122 = EDGE_CURVE ( 'NONE', #12216, #117, #1951, .T. ) ;
#9123 =( NAMED_UNIT ( * ) SI_UNIT ( $, .STERADIAN. ) SOLID_ANGLE_UNIT ( ) );
#9124 = CARTESIAN_POINT ( 'NONE',  ( -0.1100000000000014022, 0.5600000000000000533, 0.7740119375089365983 ) ) ;
#9125 = ORIENTED_EDGE ( 'NONE', *, *, #8903, .F. ) ;
#9126 = ORIENTED_EDGE ( 'NONE', *, *, #10370, .F. ) ;
#9127 = ORIENTED_EDGE ( 'NONE', *, *, #3805, .F. ) ;
#9128 = ORIENTED_EDGE ( 'NONE', *, *, #9132, .T. ) ;
#9129 = SURFACE_STYLE_USAGE ( .BOTH. , #6011 ) ;
#9130 = DIRECTION ( 'NONE',  ( 0.000000000000000000, 0.000000000000000000, -1.000000000000000000 ) ) ;
#9131 = VERTEX_POINT ( 'NONE', #8389 ) ;
#9132 = EDGE_CURVE ( 'NONE', #2014, #10254, #7376, .T. ) ;
#9133 = EDGE_CURVE ( 'NONE', #10334, #505, #5457, .T. ) ;
#9134 = EDGE_LOOP ( 'NONE', ( #7599, #4116, #9683, #6846 ) ) ;
#9135 = SURFACE_STYLE_USAGE ( .BOTH. , #5249 ) ;
#9136 = ORIENTED_EDGE ( 'NONE', *, *, #1348, .T. ) ;
#9137 = ORIENTED_EDGE ( 'NONE', *, *, #772, .F. ) ;
#9138 = LINE ( 'NONE', #6140, #2658 ) ;
#9139 =( NAMED_UNIT ( * ) SI_UNIT ( $, .STERADIAN. ) SOLID_ANGLE_UNIT ( ) );
#9140 =( LENGTH_UNIT ( ) NAMED_UNIT ( * ) SI_UNIT ( .MILLI., .METRE. ) );
#9141 = CARTESIAN_POINT ( 'NONE',  ( 0.7740119375089370424, 0.5600000000000000533, 0.1440119375089355669 ) ) ;
#9142 = ORIENTED_EDGE ( 'NONE', *, *, #4708, .T. ) ;
#9143 = UNCERTAINTY_MEASURE_WITH_UNIT (LENGTH_MEASURE( 1.000000000000000082E-05 ), #6558, 'distance_accuracy_value', 'NONE');
#9144 = ORIENTED_EDGE ( 'NONE', *, *, #5578, .T. ) ;
#9145 = COLOUR_RGB ( '',0.6666666666666666297, 0.6980392156862744724, 0.7686274509803920907 ) ;
#9146 =( NAMED_UNIT ( * ) PLANE_ANGLE_UNIT ( ) SI_UNIT ( $, .RADIAN. ) );
#9147 = PLANE ( 'NONE',  #4325 ) ;
#9148 = EDGE_CURVE ( 'NONE', #7383, #951, #8396, .T. ) ;
#9149 = CARTESIAN_POINT ( 'NONE',  ( 0.7740119375089357101, 0.5600000000000000533, 0.5649999999999981704 ) ) ;
#9150 = LINE ( 'NONE', #8133, #6681 ) ;
#9151 = DIRECTION ( 'NONE',  ( 0.000000000000000000, 0.000000000000000000, -1.000000000000000000 ) ) ;
#9152 = SURFACE_SIDE_STYLE ('',( #1339 ) ) ;
#9153 =( NAMED_UNIT ( * ) PLANE_ANGLE_UNIT ( ) SI_UNIT ( $, .RADIAN. ) );
#9154 = UNCERTAINTY_MEASURE_WITH_UNIT (LENGTH_MEASURE( 1.000000000000000082E-05 ), #7398, 'distance_accuracy_value', 'NONE');
#9155 = DIRECTION ( 'NONE',  ( -0.000000000000000000, -1.000000000000000000, -0.000000000000000000 ) ) ;
#9156 =( NAMED_UNIT ( * ) PLANE_ANGLE_UNIT ( ) SI_UNIT ( $, .RADIAN. ) );
#9157 = AXIS2_PLACEMENT_3D ( 'NONE', #5380, #12101, #6472 ) ;
#9158 = AXIS2_PLACEMENT_3D ( 'NONE', #1106, #8558, #1983 ) ;
#9159 = FILL_AREA_STYLE_COLOUR ( '', #9645 ) ;
#9160 = CARTESIAN_POINT ( 'NONE',  ( 0.9159880624910603508, 0.5600000000000000533, 0.7849999999999992539 ) ) ;
#9161 = CARTESIAN_POINT ( 'NONE',  ( -0.7549999999999976730, 0.5600000000000000533, 0.5940119375089355502 ) ) ;
#9162 = FILL_AREA_STYLE ('',( #11993 ) ) ;
#9163 = ORIENTED_EDGE ( 'NONE', *, *, #6896, .F. ) ;
#9164 = VECTOR ( 'NONE', #967, 1000.000000000000000 ) ;
#9165 = CARTESIAN_POINT ( 'NONE',  ( -0.9159880624910602398, 0.5600000000000000533, -0.5940119375089365494 ) ) ;
#9166 = SURFACE_STYLE_USAGE ( .BOTH. , #617 ) ;
#9167 = ORIENTED_EDGE ( 'NONE', *, *, #1315, .T. ) ;
#9168 = CARTESIAN_POINT ( 'NONE',  ( -0.9159880624910602398, 0.5700000000000000622, -0.5749999999999991784 ) ) ;
#9169 = UNCERTAINTY_MEASURE_WITH_UNIT (LENGTH_MEASURE( 1.000000000000000082E-05 ), #9974, 'distance_accuracy_value', 'NONE');
#9170 = EDGE_CURVE ( 'NONE', #9079, #12283, #11117, .T. ) ;
#9171 = DIRECTION ( 'NONE',  ( 1.000000000000000000, -0.000000000000000000, 0.000000000000000000 ) ) ;
#9172 = ORIENTED_EDGE ( 'NONE', *, *, #6487, .F. ) ;
#9173 = DIRECTION ( 'NONE',  ( 0.000000000000000000, 1.000000000000000000, -0.000000000000000000 ) ) ;
#9174 = FILL_AREA_STYLE ('',( #8297 ) ) ;
#9175 = SURFACE_STYLE_FILL_AREA ( #1550 ) ;
#9176 = PLANE ( 'NONE',  #8933 ) ;
#9177 = CARTESIAN_POINT ( 'NONE',  ( -0.4809880624910625735, 0.5700000000000000622, 0.9159880624910591296 ) ) ;
#9178 = DIRECTION ( 'NONE',  ( 0.000000000000000000, -1.000000000000000000, 0.000000000000000000 ) ) ;
#9179 = ORIENTED_EDGE ( 'NONE', *, *, #10599, .T. ) ;
#9180 = AXIS2_PLACEMENT_3D ( 'NONE', #10068, #12165, #9130 ) ;
#9181 = VERTEX_POINT ( 'NONE', #10142 ) ;
#9182 = CARTESIAN_POINT ( 'NONE',  ( 0.3190119375089379150, 0.5600000000000000533, -0.7740119375089351550 ) ) ;
#9183 = ADVANCED_FACE ( 'NONE', ( #5320 ), #6379, .F. ) ;
#9184 = ORIENTED_EDGE ( 'NONE', *, *, #10486, .T. ) ;
#9185 = VECTOR ( 'NONE', #6068, 1000.000000000000000 ) ;
#9186 = ORIENTED_EDGE ( 'NONE', *, *, #2673, .T. ) ;
#9187 =( LENGTH_UNIT ( ) NAMED_UNIT ( * ) SI_UNIT ( .MILLI., .METRE. ) );
#9188 = LINE ( 'NONE', #7246, #11036 ) ;
#9189 = EDGE_LOOP ( 'NONE', ( #6911, #2454, #10002, #12296 ) ) ;
#9190 = LINE ( 'NONE', #10193, #811 ) ;
#9191 = FACE_BOUND ( 'NONE', #327, .T. ) ;
#9192 = VERTEX_POINT ( 'NONE', #12109 ) ;
#9193 = CYLINDRICAL_SURFACE ( 'NONE', #11125, 0.01000000000000002623 ) ;
#9194 = ORIENTED_EDGE ( 'NONE', *, *, #7766, .T. ) ;
#9195 = PRESENTATION_LAYER_ASSIGNMENT (  '', '', ( #12432 ) ) ;
#9196 = CARTESIAN_POINT ( 'NONE',  ( 0.3000000000000004885, 0.5700000000000000622, 0.9159880624910602398 ) ) ;
#9197 = PRESENTATION_STYLE_ASSIGNMENT (( #11284 ) ) ;
#9198 = DIRECTION ( 'NONE',  ( 0.000000000000000000, -1.000000000000000000, 0.000000000000000000 ) ) ;
#9199 = ORIENTED_EDGE ( 'NONE', *, *, #5287, .T. ) ;
#9200 = EDGE_CURVE ( 'NONE', #421, #1723, #5825, .T. ) ;
#9201 = STYLED_ITEM ( 'NONE', ( #9305 ), #8956 ) ;
#9202 = ORIENTED_EDGE ( 'NONE', *, *, #7283, .T. ) ;
#9203 = EDGE_CURVE ( 'NONE', #5114, #7781, #972, .T. ) ;
#9204 = DIRECTION ( 'NONE',  ( 0.000000000000000000, 1.000000000000000000, 0.000000000000000000 ) ) ;
#9205 = DIRECTION ( 'NONE',  ( -0.000000000000000000, -1.000000000000000000, -0.000000000000000000 ) ) ;
#9206 =( GEOMETRIC_REPRESENTATION_CONTEXT ( 3 ) GLOBAL_UNCERTAINTY_ASSIGNED_CONTEXT ( ( #7366 ) ) GLOBAL_UNIT_ASSIGNED_CONTEXT ( ( #11547, #2717, #2949 ) ) REPRESENTATION_CONTEXT ( 'NONE', 'WORKASPACE' ) );
#9207 = DIRECTION ( 'NONE',  ( 1.000000000000000000, 0.000000000000000000, -4.336808689942018367E-14 ) ) ;
#9208 = MECHANICAL_DESIGN_GEOMETRIC_PRESENTATION_REPRESENTATION (  '', ( #2958 ), #5140 ) ;
#9209 = AXIS2_PLACEMENT_3D ( 'NONE', #5798, #3144, #9667 ) ;
#9211 = DIRECTION ( 'NONE',  ( 0.000000000000000000, -1.000000000000000000, 0.000000000000000000 ) ) ;
#9210 = AXIS2_PLACEMENT_3D ( 'NONE', #3079, #6923, #6279 ) ;
#9212 = LINE ( 'NONE', #4407, #7185 ) ;
#9213 = DIRECTION ( 'NONE',  ( 0.000000000000000000, 0.000000000000000000, -1.000000000000000000 ) ) ;
#9214 = SURFACE_STYLE_FILL_AREA ( #2598 ) ;
#9215 =( GEOMETRIC_REPRESENTATION_CONTEXT ( 3 ) GLOBAL_UNCERTAINTY_ASSIGNED_CONTEXT ( ( #1598 ) ) GLOBAL_UNIT_ASSIGNED_CONTEXT ( ( #11197, #11255, #8412 ) ) REPRESENTATION_CONTEXT ( 'NONE', 'WORKASPACE' ) );
#9216 = EDGE_CURVE ( 'NONE', #7493, #11086, #2942, .T. ) ;
#9217 =( GEOMETRIC_REPRESENTATION_CONTEXT ( 3 ) GLOBAL_UNCERTAINTY_ASSIGNED_CONTEXT ( ( #7394 ) ) GLOBAL_UNIT_ASSIGNED_CONTEXT ( ( #4381, #11103, #11219 ) ) REPRESENTATION_CONTEXT ( 'NONE', 'WORKASPACE' ) );
#9218 = LINE ( 'NONE', #10284, #5089 ) ;
#9219 = VECTOR ( 'NONE', #3700, 1000.000000000000000 ) ;
#9220 = CIRCLE ( 'NONE', #5352, 0.01901193750893743692 ) ;
#9221 = DIRECTION ( 'NONE',  ( 0.000000000000000000, 0.000000000000000000, -1.000000000000000000 ) ) ;
#9222 =( LENGTH_UNIT ( ) NAMED_UNIT ( * ) SI_UNIT ( .MILLI., .METRE. ) );
#9223 =( GEOMETRIC_REPRESENTATION_CONTEXT ( 3 ) GLOBAL_UNCERTAINTY_ASSIGNED_CONTEXT ( ( #7013 ) ) GLOBAL_UNIT_ASSIGNED_CONTEXT ( ( #3918, #3156, #9855 ) ) REPRESENTATION_CONTEXT ( 'NONE', 'WORKASPACE' ) );
#9224 = COLOUR_RGB ( '',0.6666666666666666297, 0.6980392156862744724, 0.7686274509803920907 ) ;
#9225 = CARTESIAN_POINT ( 'NONE',  ( -0.9449999999999993960, 0.5600000000000000533, 0.1440119375089367326 ) ) ;
#9226 = EDGE_LOOP ( 'NONE', ( #3615, #7762, #6099, #4313 ) ) ;
#9227 = CARTESIAN_POINT ( 'NONE',  ( -0.08098806249106589583, 0.5700000000000000622, 0.9349999999999992761 ) ) ;
#9228 = MECHANICAL_DESIGN_GEOMETRIC_PRESENTATION_REPRESENTATION (  '', ( #9831 ), #10836 ) ;
#9229 = AXIS2_PLACEMENT_3D ( 'NONE', #7285, #11146, #8152 ) ;
#9230 = CYLINDRICAL_SURFACE ( 'NONE', #7317, 0.01000000000000002623 ) ;
#9231 =( NAMED_UNIT ( * ) SI_UNIT ( $, .STERADIAN. ) SOLID_ANGLE_UNIT ( ) );
#9232 = ORIENTED_EDGE ( 'NONE', *, *, #10808, .T. ) ;
#9233 = ORIENTED_EDGE ( 'NONE', *, *, #4681, .T. ) ;
#9234 = CARTESIAN_POINT ( 'NONE',  ( -0.9159880624910612390, 0.5500000000000000444, 0.3349999999999993539 ) ) ;
#9235 = AXIS2_PLACEMENT_3D ( 'NONE', #4237, #6317, #426 ) ;
#9236 = EDGE_CURVE ( 'NONE', #5567, #4867, #12445, .T. ) ;
#9237 = DIRECTION ( 'NONE',  ( 0.000000000000000000, -1.000000000000000000, 0.000000000000000000 ) ) ;
#9238 = DIRECTION ( 'NONE',  ( 0.000000000000000000, -1.000000000000000000, 0.000000000000000000 ) ) ;
#9239 = VERTEX_POINT ( 'NONE', #7561 ) ;
#9240 = CIRCLE ( 'NONE', #7017, 0.1250000000000000000 ) ;
#9241 = CARTESIAN_POINT ( 'NONE',  ( -0.7740119375089350440, 0.5700000000000000622, 0.7559880624910606528 ) ) ;
#9242 = PRESENTATION_LAYER_ASSIGNMENT (  '', '', ( #2597 ) ) ;
#9243 = DIRECTION ( 'NONE',  ( 0.000000000000000000, 0.000000000000000000, -1.000000000000000000 ) ) ;
#9244 = AXIS2_PLACEMENT_3D ( 'NONE', #1186, #11072, #2066 ) ;
#9245 = DIRECTION ( 'NONE',  ( 0.000000000000000000, 1.000000000000000000, 0.000000000000000000 ) ) ;
#9246 = EDGE_CURVE ( 'NONE', #4437, #11086, #2013, .T. ) ;
#9247 = FILL_AREA_STYLE ('',( #10173 ) ) ;
#9248 = AXIS2_PLACEMENT_3D ( 'NONE', #9956, #12157, #1324 ) ;
#9249 =( GEOMETRIC_REPRESENTATION_CONTEXT ( 3 ) GLOBAL_UNCERTAINTY_ASSIGNED_CONTEXT ( ( #11935 ) ) GLOBAL_UNIT_ASSIGNED_CONTEXT ( ( #6030, #11733, #2090 ) ) REPRESENTATION_CONTEXT ( 'NONE', 'WORKASPACE' ) );
#9250 =( NAMED_UNIT ( * ) SI_UNIT ( $, .STERADIAN. ) SOLID_ANGLE_UNIT ( ) );
#9251 = EDGE_LOOP ( 'NONE', ( #5368, #12427, #2453, #4547 ) ) ;
#9252 = EDGE_LOOP ( 'NONE', ( #9348, #12037, #6454, #5281 ) ) ;
#9253 = EDGE_LOOP ( 'NONE', ( #5401, #6778, #10586, #8282 ) ) ;
#9254 = ORIENTED_EDGE ( 'NONE', *, *, #2417, .T. ) ;
#9255 =( NAMED_UNIT ( * ) SI_UNIT ( $, .STERADIAN. ) SOLID_ANGLE_UNIT ( ) );
#9256 = CARTESIAN_POINT ( 'NONE',  ( 0.7740119375089354881, 0.5600000000000000533, -0.5940119375089355502 ) ) ;
#9257 = CIRCLE ( 'NONE', #7640, 0.009999999999999998473 ) ;
#9258 = SURFACE_STYLE_FILL_AREA ( #11966 ) ;
#9259 = ORIENTED_EDGE ( 'NONE', *, *, #12294, .F. ) ;
#9260 = ORIENTED_EDGE ( 'NONE', *, *, #7950, .F. ) ;
#9261 = FACE_BOUND ( 'NONE', #57, .T. ) ;
#9262 = EDGE_CURVE ( 'NONE', #10754, #2202, #8585, .T. ) ;
#9263 = ORIENTED_EDGE ( 'NONE', *, *, #11886, .T. ) ;
#9264 = VERTEX_POINT ( 'NONE', #1763 ) ;
#9265 = ORIENTED_EDGE ( 'NONE', *, *, #11327, .F. ) ;
#9266 =( LENGTH_UNIT ( ) NAMED_UNIT ( * ) SI_UNIT ( .MILLI., .METRE. ) );
#9267 = VERTEX_POINT ( 'NONE', #38 ) ;
#9268 = FILL_AREA_STYLE ('',( #10137 ) ) ;
#9269 = UNCERTAINTY_MEASURE_WITH_UNIT (LENGTH_MEASURE( 1.000000000000000082E-05 ), #8788, 'distance_accuracy_value', 'NONE');
#9270 = ORIENTED_EDGE ( 'NONE', *, *, #7797, .F. ) ;
#9271 = CARTESIAN_POINT ( 'NONE',  ( -0.4809880624910624625, 0.5600000000000000533, -0.7549999999999966738 ) ) ;
#9272 =( LENGTH_UNIT ( ) NAMED_UNIT ( * ) SI_UNIT ( .MILLI., .METRE. ) );
#9273 = PLANE ( 'NONE',  #5216 ) ;
#9274 = FILL_AREA_STYLE ('',( #11360 ) ) ;
#9275 = EDGE_CURVE ( 'NONE', #7163, #5822, #10532, .T. ) ;
#9276 = CARTESIAN_POINT ( 'NONE',  ( 0.7449999999999995515, 0.5500000000000000444, -0.3059880624910606417 ) ) ;
#9277 = TOROIDAL_SURFACE ( 'NONE', #3832, 0.02901193750893730008, 0.01000000000000000021 ) ;
#9278 = ADVANCED_FACE ( 'NONE', ( #4637 ), #12375, .F. ) ;
#9279 = DIRECTION ( 'NONE',  ( -1.000000000000000000, 0.000000000000000000, 5.421010862427507971E-15 ) ) ;
#9280 = FILL_AREA_STYLE_COLOUR ( '', #4086 ) ;
#9281 = LINE ( 'NONE', #2340, #9443 ) ;
#9282 = UNCERTAINTY_MEASURE_WITH_UNIT (LENGTH_MEASURE( 1.000000000000000082E-05 ), #2830, 'distance_accuracy_value', 'NONE');
#9283 = UNCERTAINTY_MEASURE_WITH_UNIT (LENGTH_MEASURE( 1.000000000000000082E-05 ), #5361, 'distance_accuracy_value', 'NONE');
#9284 = DIRECTION ( 'NONE',  ( 0.000000000000000000, 0.000000000000000000, -1.000000000000000000 ) ) ;
#9285 = CYLINDRICAL_SURFACE ( 'NONE', #2411, 0.01000000000000002623 ) ;
#9286 = STYLED_ITEM ( 'NONE', ( #956 ), #3077 ) ;
#9287 = CYLINDRICAL_SURFACE ( 'NONE', #8021, 0.01901193750893743692 ) ;
#9288 = ORIENTED_EDGE ( 'NONE', *, *, #3834, .F. ) ;
#9289 =( LENGTH_UNIT ( ) NAMED_UNIT ( * ) SI_UNIT ( .MILLI., .METRE. ) );
#9290 = EDGE_CURVE ( 'NONE', #6787, #7182, #9999, .T. ) ;
#9291 = DIRECTION ( 'NONE',  ( 0.000000000000000000, 0.000000000000000000, -1.000000000000000000 ) ) ;
#9292 = ADVANCED_FACE ( 'NONE', ( #1258 ), #11834, .T. ) ;
#9293 = CARTESIAN_POINT ( 'NONE',  ( 0.9449999999999980638, 0.5500000000000000444, -0.5940119375089366605 ) ) ;
#9294 = MECHANICAL_DESIGN_GEOMETRIC_PRESENTATION_REPRESENTATION (  '', ( #244 ), #3659 ) ;
#9295 = ORIENTED_EDGE ( 'NONE', *, *, #4464, .F. ) ;
#9296 = DIRECTION ( 'NONE',  ( 1.000000000000000000, -0.000000000000000000, 6.693592482257192474E-15 ) ) ;
#9297 =( LENGTH_UNIT ( ) NAMED_UNIT ( * ) SI_UNIT ( .MILLI., .METRE. ) );
#9298 = VERTEX_POINT ( 'NONE', #6079 ) ;
#9299 = FACE_OUTER_BOUND ( 'NONE', #9612, .T. ) ;
#9300 = CARTESIAN_POINT ( 'NONE',  ( -0.7449999999999987743, 0.5600000000000000533, 0.3059880624910608082 ) ) ;
#9301 = VECTOR ( 'NONE', #6225, 1000.000000000000000 ) ;
#9302 =( NAMED_UNIT ( * ) SI_UNIT ( $, .STERADIAN. ) SOLID_ANGLE_UNIT ( ) );
#9303 = ORIENTED_EDGE ( 'NONE', *, *, #11631, .F. ) ;
#9304 = AXIS2_PLACEMENT_3D ( 'NONE', #2200, #11732, #459 ) ;
#9305 = PRESENTATION_STYLE_ASSIGNMENT (( #1968 ) ) ;
#9306 = CIRCLE ( 'NONE', #1848, 0.01000000000000002623 ) ;
#9307 = FILL_AREA_STYLE ('',( #5417 ) ) ;
#9308 = FILL_AREA_STYLE_COLOUR ( '', #7077 ) ;
#9309 = AXIS2_PLACEMENT_3D ( 'NONE', #2882, #10584, #9635 ) ;
#9310 = EDGE_CURVE ( 'NONE', #6186, #6663, #7921, .T. ) ;
#9311 = DIRECTION ( 'NONE',  ( 0.000000000000000000, 0.000000000000000000, -1.000000000000000000 ) ) ;
#9312 = CARTESIAN_POINT ( 'NONE',  ( 0.7740119375089355991, 0.5600000000000000533, -0.5749999999999981792 ) ) ;
#9313 = CIRCLE ( 'NONE', #5453, 0.01901193750893732937 ) ;
#9314 = AXIS2_PLACEMENT_3D ( 'NONE', #9939, #193, #11704 ) ;
#9315 = CARTESIAN_POINT ( 'NONE',  ( 0.7740119375089352660, 0.5500000000000000444, 0.7849999999999981437 ) ) ;
#9316 = FILL_AREA_STYLE_COLOUR ( '', #3308 ) ;
#9317 = ORIENTED_EDGE ( 'NONE', *, *, #4220, .T. ) ;
#9318 = PLANE ( 'NONE',  #7439 ) ;
#9319 = AXIS2_PLACEMENT_3D ( 'NONE', #12243, #1588, #528 ) ;
#9320 = EDGE_LOOP ( 'NONE', ( #2645, #1061, #2880, #11742 ) ) ;
#9321 = VERTEX_POINT ( 'NONE', #10832 ) ;
#9322 = ORIENTED_EDGE ( 'NONE', *, *, #1645, .F. ) ;
#9323 = SURFACE_STYLE_USAGE ( .BOTH. , #11339 ) ;
#9324 = VECTOR ( 'NONE', #10637, 1000.000000000000000 ) ;
#9325 =( NAMED_UNIT ( * ) SI_UNIT ( $, .STERADIAN. ) SOLID_ANGLE_UNIT ( ) );
#9326 = FILL_AREA_STYLE_COLOUR ( '', #2950 ) ;
#9327 = PRESENTATION_LAYER_ASSIGNMENT (  '', '', ( #4459 ) ) ;
#9328 = ORIENTED_EDGE ( 'NONE', *, *, #11050, .F. ) ;
#9329 = VERTEX_POINT ( 'NONE', #2187 ) ;
#9330 = DIRECTION ( 'NONE',  ( -0.000000000000000000, -0.000000000000000000, -1.000000000000000000 ) ) ;
#9331 = FACE_BOUND ( 'NONE', #634, .T. ) ;
#9332 =( NAMED_UNIT ( * ) SI_UNIT ( $, .STERADIAN. ) SOLID_ANGLE_UNIT ( ) );
#9333 = ORIENTED_EDGE ( 'NONE', *, *, #5358, .T. ) ;
#9334 = DIRECTION ( 'NONE',  ( 1.000000000000000000, 0.000000000000000000, 6.693592482257194052E-15 ) ) ;
#9335 = FILL_AREA_STYLE ('',( #770 ) ) ;
#9336 =( GEOMETRIC_REPRESENTATION_CONTEXT ( 3 ) GLOBAL_UNCERTAINTY_ASSIGNED_CONTEXT ( ( #11695 ) ) GLOBAL_UNIT_ASSIGNED_CONTEXT ( ( #9678, #2805, #4788 ) ) REPRESENTATION_CONTEXT ( 'NONE', 'WORKASPACE' ) );
#9337 = CARTESIAN_POINT ( 'NONE',  ( 0.3761947705487494464, 0.5600000000000000533, -0.4827586206896554155 ) ) ;
#9338 = FACE_OUTER_BOUND ( 'NONE', #9805, .T. ) ;
#9339 = ADVANCED_BREP_SHAPE_REPRESENTATION ( 'SKY13418-485LF', ( #910, #6619 ), #6427 ) ;
#9340 = SURFACE_STYLE_FILL_AREA ( #4328 ) ;
#9341 = ORIENTED_EDGE ( 'NONE', *, *, #131, .F. ) ;
#9342 = DIRECTION ( 'NONE',  ( -0.000000000000000000, 1.000000000000000000, -0.000000000000000000 ) ) ;
#9343 = EDGE_CURVE ( 'NONE', #3705, #3471, #11774, .T. ) ;
#9344 =( NAMED_UNIT ( * ) SI_UNIT ( $, .STERADIAN. ) SOLID_ANGLE_UNIT ( ) );
#9345 = PRESENTATION_STYLE_ASSIGNMENT (( #3596 ) ) ;
#9346 = CARTESIAN_POINT ( 'NONE',  ( 0.9349999999999980549, 0.5700000000000000622, 0.5940119375089366605 ) ) ;
#9347 = PRESENTATION_STYLE_ASSIGNMENT (( #4403 ) ) ;
#9348 = ORIENTED_EDGE ( 'NONE', *, *, #368, .T. ) ;
#9349 = DIRECTION ( 'NONE',  ( -5.421010862427507971E-15, 0.000000000000000000, -1.000000000000000000 ) ) ;
#9350 = PRESENTATION_LAYER_ASSIGNMENT (  '', '', ( #10140 ) ) ;
#9351 = CYLINDRICAL_SURFACE ( 'NONE', #11341, 0.01901193750893602832 ) ;
#9352 = DIRECTION ( 'NONE',  ( -1.000000000000000000, 0.000000000000000000, 0.000000000000000000 ) ) ;
#9353 = EDGE_CURVE ( 'NONE', #12088, #3952, #9886, .T. ) ;
#9354 = SURFACE_STYLE_FILL_AREA ( #5474 ) ;
#9355 = ORIENTED_EDGE ( 'NONE', *, *, #8987, .F. ) ;
#9356 = VECTOR ( 'NONE', #7929, 1000.000000000000000 ) ;
#9357 = DIRECTION ( 'NONE',  ( 1.000000000000000000, 0.000000000000000000, -3.346796241128596237E-15 ) ) ;
#9358 = SURFACE_STYLE_FILL_AREA ( #8408 ) ;
#9359 = DIRECTION ( 'NONE',  ( -1.000000000000000000, 0.000000000000000000, -7.636510523315148333E-15 ) ) ;
#9360 = EDGE_LOOP ( 'NONE', ( #2180, #8892, #510, #615 ) ) ;
#9361 = SURFACE_STYLE_USAGE ( .BOTH. , #1488 ) ;
#9362 = FACE_BOUND ( 'NONE', #8321, .T. ) ;
#9363 = ORIENTED_EDGE ( 'NONE', *, *, #8602, .F. ) ;
#9364 = CARTESIAN_POINT ( 'NONE',  ( -0.7740119375089350440, 0.5700000000000000622, 0.5940119375089355502 ) ) ;
#9365 = DIRECTION ( 'NONE',  ( 0.000000000000000000, 0.000000000000000000, -1.000000000000000000 ) ) ;
#9366 = COLOUR_RGB ( '',0.6666666666666666297, 0.6980392156862744724, 0.7686274509803920907 ) ;
#9367 = ORIENTED_EDGE ( 'NONE', *, *, #5396, .T. ) ;
#9368 = ADVANCED_FACE ( 'NONE', ( #7980 ), #11622, .F. ) ;
#9369 = DIRECTION ( 'NONE',  ( -0.000000000000000000, 1.000000000000000000, -0.000000000000000000 ) ) ;
#9370 = EDGE_CURVE ( 'NONE', #10224, #3544, #1167, .T. ) ;
#9371 = DIRECTION ( 'NONE',  ( 3.346796241128596237E-15, 0.000000000000000000, 1.000000000000000000 ) ) ;
#9373 = DIRECTION ( 'NONE',  ( 1.084202172485504592E-14, 0.000000000000000000, -1.000000000000000000 ) ) ;
#9372 = STYLED_ITEM ( 'NONE', ( #850 ), #8313 ) ;
#9374 = AXIS2_PLACEMENT_3D ( 'NONE', #10217, #11240, #4345 ) ;
#9375 = DIRECTION ( 'NONE',  ( 0.000000000000000000, 0.000000000000000000, -1.000000000000000000 ) ) ;
#9376 = FILL_AREA_STYLE_COLOUR ( '', #5880 ) ;
#9377 = CARTESIAN_POINT ( 'NONE',  ( -0.9349999999999976108, 0.5700000000000000622, 0.5940119375089366605 ) ) ;
#9378 = CARTESIAN_POINT ( 'NONE',  ( -0.1000000000000031974, 0.5600000000000000533, 0.9159880624910617941 ) ) ;
#9379 = ORIENTED_EDGE ( 'NONE', *, *, #7746, .T. ) ;
#9380 = DIRECTION ( 'NONE',  ( 1.084202172485504592E-14, 0.000000000000000000, 1.000000000000000000 ) ) ;
#9381 = ORIENTED_EDGE ( 'NONE', *, *, #5303, .T. ) ;
#9382 = ORIENTED_EDGE ( 'NONE', *, *, #10207, .F. ) ;
#9383 = ADVANCED_FACE ( 'NONE', ( #8242 ), #8115, .F. ) ;
#9384 = DIRECTION ( 'NONE',  ( -0.000000000000000000, 0.000000000000000000, 1.000000000000000000 ) ) ;
#9385 = EDGE_LOOP ( 'NONE', ( #9949, #9232, #11951, #4266 ) ) ;
#9386 = CARTESIAN_POINT ( 'NONE',  ( -0.9159880624910602398, 0.5600000000000000533, -0.5940119375089365494 ) ) ;
#9387 = ORIENTED_EDGE ( 'NONE', *, *, #2247, .F. ) ;
#9388 = DIRECTION ( 'NONE',  ( -1.000000000000000000, 0.000000000000000000, 0.000000000000000000 ) ) ;
#9389 = ORIENTED_EDGE ( 'NONE', *, *, #5063, .T. ) ;
#9390 = PLANE ( 'NONE',  #3683 ) ;
#9391 = SURFACE_STYLE_FILL_AREA ( #8522 ) ;
#9392 = DIRECTION ( 'NONE',  ( -1.000000000000000000, 0.000000000000000000, 0.000000000000000000 ) ) ;
#9393 =( GEOMETRIC_REPRESENTATION_CONTEXT ( 3 ) GLOBAL_UNCERTAINTY_ASSIGNED_CONTEXT ( ( #3216 ) ) GLOBAL_UNIT_ASSIGNED_CONTEXT ( ( #6471, #10335, #9332 ) ) REPRESENTATION_CONTEXT ( 'NONE', 'WORKASPACE' ) );
#9394 = UNCERTAINTY_MEASURE_WITH_UNIT (LENGTH_MEASURE( 1.000000000000000082E-05 ), #7747, 'distance_accuracy_value', 'NONE');
#9395 = ORIENTED_EDGE ( 'NONE', *, *, #7551, .F. ) ;
#9396 = DIRECTION ( 'NONE',  ( 0.000000000000000000, 0.000000000000000000, -1.000000000000000000 ) ) ;
#9397 = CARTESIAN_POINT ( 'NONE',  ( -0.9999999999999997780, 0.5500000000000000444, -1.000000000000000000 ) ) ;
#9398 =( NAMED_UNIT ( * ) SI_UNIT ( $, .STERADIAN. ) SOLID_ANGLE_UNIT ( ) );
#9399 = FILL_AREA_STYLE_COLOUR ( '', #51 ) ;
#9400 = EDGE_CURVE ( 'NONE', #3424, #11161, #10326, .T. ) ;
#9401 = PRESENTATION_STYLE_ASSIGNMENT (( #1901 ) ) ;
#9402 = AXIS2_PLACEMENT_3D ( 'NONE', #9141, #5448, #2521 ) ;
#9403 =( GEOMETRIC_REPRESENTATION_CONTEXT ( 3 ) GLOBAL_UNCERTAINTY_ASSIGNED_CONTEXT ( ( #2972 ) ) GLOBAL_UNIT_ASSIGNED_CONTEXT ( ( #9272, #12183, #5263 ) ) REPRESENTATION_CONTEXT ( 'NONE', 'WORKASPACE' ) );
#9404 = CARTESIAN_POINT ( 'NONE',  ( -0.4809880624910624070, 0.5600000000000000533, -0.7449999999999966649 ) ) ;
#9405 = CARTESIAN_POINT ( 'NONE',  ( 0.4809880624910632951, 0.5500000000000000444, 0.9449999999999966205 ) ) ;
#9406 = MECHANICAL_DESIGN_GEOMETRIC_PRESENTATION_REPRESENTATION (  '', ( #779 ), #3762 ) ;
#9407 =( LENGTH_UNIT ( ) NAMED_UNIT ( * ) SI_UNIT ( .MILLI., .METRE. ) );
#9408 = AXIS2_PLACEMENT_3D ( 'NONE', #1519, #5312, #10339 ) ;
#9409 =( GEOMETRIC_REPRESENTATION_CONTEXT ( 3 ) GLOBAL_UNCERTAINTY_ASSIGNED_CONTEXT ( ( #7886 ) ) GLOBAL_UNIT_ASSIGNED_CONTEXT ( ( #12039, #6029, #5126 ) ) REPRESENTATION_CONTEXT ( 'NONE', 'WORKASPACE' ) );
#9410 = VERTEX_POINT ( 'NONE', #6209 ) ;
#9411 = DIRECTION ( 'NONE',  ( 5.132469822069684726E-14, 0.000000000000000000, -1.000000000000000000 ) ) ;
#9412 = DIRECTION ( 'NONE',  ( 0.000000000000000000, 0.000000000000000000, -1.000000000000000000 ) ) ;
#9413 = ORIENTED_EDGE ( 'NONE', *, *, #5199, .T. ) ;
#9414 = LINE ( 'NONE', #4885, #12054 ) ;
#9415 = ADVANCED_FACE ( 'NONE', ( #2448 ), #6167, .F. ) ;
#9416 = VECTOR ( 'NONE', #10504, 1000.000000000000000 ) ;
#9417 = DIRECTION ( 'NONE',  ( -0.000000000000000000, -1.000000000000000000, -0.000000000000000000 ) ) ;
#9418 = AXIS2_PLACEMENT_3D ( 'NONE', #6878, #5969, #223 ) ;
#9419 =( NAMED_UNIT ( * ) PLANE_ANGLE_UNIT ( ) SI_UNIT ( $, .RADIAN. ) );
#9420 = VECTOR ( 'NONE', #12019, 1000.000000000000000 ) ;
#9421 = COLOUR_RGB ( '',0.6666666666666666297, 0.6980392156862744724, 0.7686274509803920907 ) ;
#9422 = CARTESIAN_POINT ( 'NONE',  ( -0.7740119375089370424, 0.5700000000000000622, -0.1249999999999982653 ) ) ;
#9423 = UNCERTAINTY_MEASURE_WITH_UNIT (LENGTH_MEASURE( 1.000000000000000082E-05 ), #9069, 'distance_accuracy_value', 'NONE');
#9424 = CARTESIAN_POINT ( 'NONE',  ( 0.7740119375089354881, 0.5700000000000000622, -0.7559880624910606528 ) ) ;
#9425 = ORIENTED_EDGE ( 'NONE', *, *, #899, .T. ) ;
#9426 = CIRCLE ( 'NONE', #5157, 0.01000000000000002623 ) ;
#9427 = DIRECTION ( 'NONE',  ( 1.000000000000000000, 0.000000000000000000, 2.710505431213753985E-15 ) ) ;
#9428 = TOROIDAL_SURFACE ( 'NONE', #9827, 0.02901193750893743539, 0.01000000000000000021 ) ;
#9429 = DIRECTION ( 'NONE',  ( -0.000000000000000000, -1.000000000000000000, -0.000000000000000000 ) ) ;
#9430 =( GEOMETRIC_REPRESENTATION_CONTEXT ( 3 ) GLOBAL_UNCERTAINTY_ASSIGNED_CONTEXT ( ( #230 ) ) GLOBAL_UNIT_ASSIGNED_CONTEXT ( ( #4294, #2351, #8144 ) ) REPRESENTATION_CONTEXT ( 'NONE', 'WORKASPACE' ) );
#9431 = MECHANICAL_DESIGN_GEOMETRIC_PRESENTATION_REPRESENTATION (  '', ( #2980 ), #3785 ) ;
#9432 = VECTOR ( 'NONE', #2433, 1000.000000000000000 ) ;
#9433 = DIRECTION ( 'NONE',  ( -0.000000000000000000, -1.000000000000000000, -0.000000000000000000 ) ) ;
#9434 = DIRECTION ( 'NONE',  ( 0.000000000000000000, 1.000000000000000000, 0.000000000000000000 ) ) ;
#9435 = EDGE_CURVE ( 'NONE', #338, #9079, #12034, .T. ) ;
#9436 = STYLED_ITEM ( 'NONE', ( #8823 ), #5143 ) ;
#9437 = CARTESIAN_POINT ( 'NONE',  ( -0.9999999999999997780, 0.5500000000000000444, 1.000000000000000000 ) ) ;
#9438 = EDGE_CURVE ( 'NONE', #5431, #5001, #9188, .T. ) ;
#9439 = ORIENTED_EDGE ( 'NONE', *, *, #882, .F. ) ;
#9440 =( NAMED_UNIT ( * ) SI_UNIT ( $, .STERADIAN. ) SOLID_ANGLE_UNIT ( ) );
#9441 = VERTEX_POINT ( 'NONE', #2508 ) ;
#9442 = DIRECTION ( 'NONE',  ( 0.000000000000000000, 0.000000000000000000, 1.000000000000000000 ) ) ;
#9443 = VECTOR ( 'NONE', #2596, 1000.000000000000000 ) ;
#9444 = VECTOR ( 'NONE', #3961, 1000.000000000000000 ) ;
#9446 = FILL_AREA_STYLE ('',( #8684 ) ) ;
#9445 = MECHANICAL_DESIGN_GEOMETRIC_PRESENTATION_REPRESENTATION (  '', ( #2388 ), #8439 ) ;
#9447 =( GEOMETRIC_REPRESENTATION_CONTEXT ( 3 ) GLOBAL_UNCERTAINTY_ASSIGNED_CONTEXT ( ( #848 ) ) GLOBAL_UNIT_ASSIGNED_CONTEXT ( ( #8559, #11567, #3809 ) ) REPRESENTATION_CONTEXT ( 'NONE', 'WORKASPACE' ) );
#9448 = STYLED_ITEM ( 'NONE', ( #3790 ), #10154 ) ;
#9449 = ORIENTED_EDGE ( 'NONE', *, *, #8923, .F. ) ;
#9450 = ORIENTED_EDGE ( 'NONE', *, *, #2495, .T. ) ;
#9451 = FACE_OUTER_BOUND ( 'NONE', #11963, .T. ) ;
#9452 = PRESENTATION_STYLE_ASSIGNMENT (( #2753 ) ) ;
#9453 = VECTOR ( 'NONE', #8025, 1000.000000000000000 ) ;
#9454 = ORIENTED_EDGE ( 'NONE', *, *, #4648, .F. ) ;
#9455 = ORIENTED_EDGE ( 'NONE', *, *, #4264, .F. ) ;
#9456 = DIRECTION ( 'NONE',  ( -0.000000000000000000, -1.000000000000000000, -0.000000000000000000 ) ) ;
#9457 = PRESENTATION_LAYER_ASSIGNMENT (  '', '', ( #11863 ) ) ;
#9458 = AXIS2_PLACEMENT_3D ( 'NONE', #8015, #3229, #5145 ) ;
#9459 = FACE_OUTER_BOUND ( 'NONE', #1792, .T. ) ;
#9460 = ORIENTED_EDGE ( 'NONE', *, *, #9148, .T. ) ;
#9461 = EDGE_CURVE ( 'NONE', #505, #706, #6338, .T. ) ;
#9462 = DIRECTION ( 'NONE',  ( 0.000000000000000000, 0.000000000000000000, -1.000000000000000000 ) ) ;
#9463 = DIRECTION ( 'NONE',  ( 0.000000000000000000, 0.000000000000000000, -1.000000000000000000 ) ) ;
#9464 = EDGE_CURVE ( 'NONE', #7335, #11468, #4949, .T. ) ;
#9465 =( NAMED_UNIT ( * ) PLANE_ANGLE_UNIT ( ) SI_UNIT ( $, .RADIAN. ) );
#9466 = FACE_OUTER_BOUND ( 'NONE', #11212, .T. ) ;
#9467 = ORIENTED_EDGE ( 'NONE', *, *, #3411, .T. ) ;
#9468 = PRESENTATION_LAYER_ASSIGNMENT (  '', '', ( #5801 ) ) ;
#9469 = DIRECTION ( 'NONE',  ( -7.128430308430635474E-16, 0.000000000000000000, -1.000000000000000000 ) ) ;
#9470 = LINE ( 'NONE', #8584, #11392 ) ;
#9471 = CARTESIAN_POINT ( 'NONE',  ( -0.5000000000000000000, 0.5700000000000000622, 0.9159880624910591296 ) ) ;
#9472 = FACE_OUTER_BOUND ( 'NONE', #11687, .T. ) ;
#9473 = DIRECTION ( 'NONE',  ( 0.000000000000000000, 1.000000000000000000, -0.000000000000000000 ) ) ;
#9474 = EDGE_CURVE ( 'NONE', #6344, #2071, #6390, .T. ) ;
#9475 = DIRECTION ( 'NONE',  ( 1.000000000000000000, 0.000000000000000000, -7.636510523315148333E-15 ) ) ;
#9477 = CARTESIAN_POINT ( 'NONE',  ( 0.9449999999999980638, 0.5500000000000000444, 0.7559880624910617630 ) ) ;
#9476 = DIRECTION ( 'NONE',  ( -1.000000000000000000, -0.000000000000000000, 7.362951730482913772E-15 ) ) ;
#9478 =( NAMED_UNIT ( * ) PLANE_ANGLE_UNIT ( ) SI_UNIT ( $, .RADIAN. ) );
#9479 = DIRECTION ( 'NONE',  ( -0.000000000000000000, -1.000000000000000000, -0.000000000000000000 ) ) ;
#9480 = CARTESIAN_POINT ( 'NONE',  ( 0.08098806249106277333, 0.5600000000000000533, -0.9159880624910624602 ) ) ;
#9481 = DIRECTION ( 'NONE',  ( 0.000000000000000000, -1.000000000000000000, 0.000000000000000000 ) ) ;
#9482 = CARTESIAN_POINT ( 'NONE',  ( 0.9449999999999998401, 0.5500000000000000444, -0.1440119375089366771 ) ) ;
#9483 = PRESENTATION_STYLE_ASSIGNMENT (( #7578 ) ) ;
#9484 = ORIENTED_EDGE ( 'NONE', *, *, #6652, .F. ) ;
#9485 =( LENGTH_UNIT ( ) NAMED_UNIT ( * ) SI_UNIT ( .MILLI., .METRE. ) );
#9486 = LINE ( 'NONE', #10553, #1384 ) ;
#9487 = AXIS2_PLACEMENT_3D ( 'NONE', #248, #1533, #7965 ) ;
#9488 = SURFACE_SIDE_STYLE ('',( #1724 ) ) ;
#9489 = STYLED_ITEM ( 'NONE', ( #5848 ), #2889 ) ;
#9490 = DIRECTION ( 'NONE',  ( -0.000000000000000000, -1.000000000000000000, -0.000000000000000000 ) ) ;
#9491 = DIRECTION ( 'NONE',  ( 0.000000000000000000, 0.000000000000000000, 1.000000000000000000 ) ) ;
#9492 = LINE ( 'NONE', #4891, #10860 ) ;
#9493 = EDGE_CURVE ( 'NONE', #5882, #11161, #6586, .T. ) ;
#9494 = CYLINDRICAL_SURFACE ( 'NONE', #6179, 0.1000000000000001582 ) ;
#9495 = CIRCLE ( 'NONE', #5021, 0.01000000000000002623 ) ;
#9496 = CIRCLE ( 'NONE', #11699, 0.01901193750893732937 ) ;
#9497 =( GEOMETRIC_REPRESENTATION_CONTEXT ( 3 ) GLOBAL_UNCERTAINTY_ASSIGNED_CONTEXT ( ( #7379 ) ) GLOBAL_UNIT_ASSIGNED_CONTEXT ( ( #6789, #6017, #4810 ) ) REPRESENTATION_CONTEXT ( 'NONE', 'WORKASPACE' ) );
#9498 =( LENGTH_UNIT ( ) NAMED_UNIT ( * ) SI_UNIT ( .MILLI., .METRE. ) );
#9499 = PLANE ( 'NONE',  #2078 ) ;
#9500 = AXIS2_PLACEMENT_3D ( 'NONE', #3739, #12398, #925 ) ;
#9501 = DIRECTION ( 'NONE',  ( -1.000000000000000000, -0.000000000000000000, -7.636510523315142022E-15 ) ) ;
#9502 = ORIENTED_EDGE ( 'NONE', *, *, #5127, .T. ) ;
#9503 = STYLED_ITEM ( 'NONE', ( #4568 ), #1578 ) ;
#9504 =( NAMED_UNIT ( * ) SI_UNIT ( $, .STERADIAN. ) SOLID_ANGLE_UNIT ( ) );
#9506 = ORIENTED_EDGE ( 'NONE', *, *, #9400, .F. ) ;
#9505 = AXIS2_PLACEMENT_3D ( 'NONE', #3046, #7953, #1349 ) ;
#9507 = ORIENTED_EDGE ( 'NONE', *, *, #12125, .F. ) ;
#9508 = LINE ( 'NONE', #5745, #7362 ) ;
#9509 = EDGE_CURVE ( 'NONE', #4355, #8829, #27, .T. ) ;
#9510 = EDGE_CURVE ( 'NONE', #4722, #9329, #11830, .T. ) ;
#9511 = DIRECTION ( 'NONE',  ( 0.000000000000000000, 0.000000000000000000, -1.000000000000000000 ) ) ;
#9512 = EDGE_LOOP ( 'NONE', ( #11906, #1579, #829, #10331 ) ) ;
#9513 = ORIENTED_EDGE ( 'NONE', *, *, #10975, .F. ) ;
#9514 =( NAMED_UNIT ( * ) PLANE_ANGLE_UNIT ( ) SI_UNIT ( $, .RADIAN. ) );
#9515 = STYLED_ITEM ( 'NONE', ( #9005 ), #1069 ) ;
#9516 = EDGE_LOOP ( 'NONE', ( #11497, #8742, #362, #11399, #11715, #6704, #9254, #3244 ) ) ;
#9517 = AXIS2_PLACEMENT_3D ( 'NONE', #2421, #8275, #1665 ) ;
#9518 = CARTESIAN_POINT ( 'NONE',  ( -0.9159880624910611280, 0.5500000000000000444, -0.3349999999999991318 ) ) ;
#9519 = CARTESIAN_POINT ( 'NONE',  ( 0.4809880624910631841, 0.5700000000000000622, 0.9349999999999966116 ) ) ;
#9520 = SURFACE_STYLE_FILL_AREA ( #4682 ) ;
#9521 = AXIS2_PLACEMENT_3D ( 'NONE', #4550, #5296, #3511 ) ;
#9522 =( GEOMETRIC_REPRESENTATION_CONTEXT ( 3 ) GLOBAL_UNCERTAINTY_ASSIGNED_CONTEXT ( ( #8253 ) ) GLOBAL_UNIT_ASSIGNED_CONTEXT ( ( #10701, #1076, #195 ) ) REPRESENTATION_CONTEXT ( 'NONE', 'WORKASPACE' ) );
#9523 = ORIENTED_EDGE ( 'NONE', *, *, #10599, .F. ) ;
#9524 = SURFACE_STYLE_USAGE ( .BOTH. , #11472 ) ;
#9525 = STYLED_ITEM ( 'NONE', ( #8136 ), #1219 ) ;
#9526 = AXIS2_PLACEMENT_3D ( 'NONE', #5815, #3938, #12417 ) ;
#9527 =( NAMED_UNIT ( * ) SI_UNIT ( $, .STERADIAN. ) SOLID_ANGLE_UNIT ( ) );
#9528 = EDGE_CURVE ( 'NONE', #3851, #4256, #2363, .T. ) ;
#9529 = ADVANCED_FACE ( 'NONE', ( #11581 ), #12413, .F. ) ;
#9530 = MECHANICAL_DESIGN_GEOMETRIC_PRESENTATION_REPRESENTATION (  '', ( #286 ), #4070 ) ;
#9531 = SURFACE_STYLE_FILL_AREA ( #6607 ) ;
#9532 = AXIS2_PLACEMENT_3D ( 'NONE', #5549, #5736, #10501 ) ;
#9534 = LINE ( 'NONE', #4888, #3179 ) ;
#9533 = CARTESIAN_POINT ( 'NONE',  ( -0.1000000000000031697, 0.5700000000000000622, -0.9159880624910617941 ) ) ;
#9535 = SURFACE_STYLE_USAGE ( .BOTH. , #6615 ) ;
#9536 = AXIS2_PLACEMENT_3D ( 'NONE', #7898, #5217, #6050 ) ;
#9537 =( NAMED_UNIT ( * ) SI_UNIT ( $, .STERADIAN. ) SOLID_ANGLE_UNIT ( ) );
#9538 = PRESENTATION_STYLE_ASSIGNMENT (( #3607 ) ) ;
#9539 = EDGE_CURVE ( 'NONE', #2127, #11882, #8001, .T. ) ;
#9540 = DIRECTION ( 'NONE',  ( -1.000000000000000000, -0.000000000000000000, -0.000000000000000000 ) ) ;
#9541 = ORIENTED_EDGE ( 'NONE', *, *, #12080, .F. ) ;
#9542 = AXIS2_PLACEMENT_3D ( 'NONE', #8397, #1650, #5201 ) ;
#9543 = ORIENTED_EDGE ( 'NONE', *, *, #10352, .F. ) ;
#9544 = CARTESIAN_POINT ( 'NONE',  ( -0.7449999999999976641, 0.5500000000000000444, 0.7559880624910606528 ) ) ;
#9545 = ORIENTED_EDGE ( 'NONE', *, *, #12144, .F. ) ;
#9546 = LINE ( 'NONE', #7828, #4458 ) ;
#9547 = UNCERTAINTY_MEASURE_WITH_UNIT (LENGTH_MEASURE( 1.000000000000000082E-05 ), #4713, 'distance_accuracy_value', 'NONE');
#9548 = DIRECTION ( 'NONE',  ( 0.000000000000000000, 5.421010862427508759E-15, -1.000000000000000000 ) ) ;
#9549 = UNCERTAINTY_MEASURE_WITH_UNIT (LENGTH_MEASURE( 1.000000000000000082E-05 ), #2620, 'distance_accuracy_value', 'NONE');
#9550 = SURFACE_STYLE_FILL_AREA ( #11316 ) ;
#9551 = ORIENTED_EDGE ( 'NONE', *, *, #8469, .T. ) ;
#9552 = SURFACE_STYLE_FILL_AREA ( #991 ) ;
#9553 = MECHANICAL_DESIGN_GEOMETRIC_PRESENTATION_REPRESENTATION (  '', ( #1108 ), #8954 ) ;
#9554 = LINE ( 'NONE', #8, #6407 ) ;
#9555 = PRESENTATION_STYLE_ASSIGNMENT (( #4852 ) ) ;
#9556 = AXIS2_PLACEMENT_3D ( 'NONE', #6288, #12174, #3524 ) ;
#9557 = PRESENTATION_STYLE_ASSIGNMENT (( #4665 ) ) ;
#9558 = STYLED_ITEM ( 'NONE', ( #10679 ), #7962 ) ;
#9559 = ORIENTED_EDGE ( 'NONE', *, *, #8750, .F. ) ;
#9560 = ADVANCED_FACE ( 'NONE', ( #9622 ), #782, .F. ) ;
#9561 = CARTESIAN_POINT ( 'NONE',  ( 0.3190119375089379150, 0.5600000000000000533, -0.9159880624910602398 ) ) ;
#9562 = SURFACE_STYLE_USAGE ( .BOTH. , #10690 ) ;
#9563 = ORIENTED_EDGE ( 'NONE', *, *, #6013, .T. ) ;
#9564 = ORIENTED_EDGE ( 'NONE', *, *, #2380, .F. ) ;
#9565 = MECHANICAL_DESIGN_GEOMETRIC_PRESENTATION_REPRESENTATION (  '', ( #9372 ), #12402 ) ;
#9566 = CIRCLE ( 'NONE', #9158, 0.01999999999999999695 ) ;
#9567 = EDGE_LOOP ( 'NONE', ( #8184, #6463, #2903, #12451 ) ) ;
#9568 = CARTESIAN_POINT ( 'NONE',  ( -0.08098806249106653421, 0.5600000000000000533, -0.7449999999999981082 ) ) ;
#9569 = SURFACE_STYLE_USAGE ( .BOTH. , #1696 ) ;
#9570 = CARTESIAN_POINT ( 'NONE',  ( -0.9349999999999976108, 0.5700000000000000622, 0.5940119375089366605 ) ) ;
#9571 = FILL_AREA_STYLE_COLOUR ( '', #10214 ) ;
#9572 = ADVANCED_FACE ( 'NONE', ( #11460 ), #7606, .F. ) ;
#9573 = ORIENTED_EDGE ( 'NONE', *, *, #11810, .F. ) ;
#9574 = COLOUR_RGB ( '',0.6666666666666666297, 0.6980392156862744724, 0.7686274509803920907 ) ;
#9575 = DIRECTION ( 'NONE',  ( 1.084202172485504311E-16, 0.000000000000000000, 1.000000000000000000 ) ) ;
#9576 = ORIENTED_EDGE ( 'NONE', *, *, #9200, .T. ) ;
#9577 = CARTESIAN_POINT ( 'NONE',  ( 0.5100000000000004530, 0.5500000000000000444, -0.7740119375089341558 ) ) ;
#9578 = SURFACE_STYLE_FILL_AREA ( #3408 ) ;
#9579 = EDGE_LOOP ( 'NONE', ( #7410, #7996, #4845, #7824 ) ) ;
#9580 = FILL_AREA_STYLE_COLOUR ( '', #5831 ) ;
#9581 = ORIENTED_EDGE ( 'NONE', *, *, #6031, .F. ) ;
#9582 = CARTESIAN_POINT ( 'NONE',  ( -0.9159880624910622382, 0.5500000000000000444, -0.1149999999999990613 ) ) ;
#9583 = SURFACE_STYLE_FILL_AREA ( #12435 ) ;
#9584 = EDGE_CURVE ( 'NONE', #10708, #1251, #9220, .T. ) ;
#9586 = DIRECTION ( 'NONE',  ( 0.000000000000000000, 0.000000000000000000, -1.000000000000000000 ) ) ;
#9585 = DIRECTION ( 'NONE',  ( 0.000000000000000000, 0.000000000000000000, -1.000000000000000000 ) ) ;
#9587 = FACE_OUTER_BOUND ( 'NONE', #3519, .T. ) ;
#9588 = EDGE_CURVE ( 'NONE', #3708, #6421, #374, .T. ) ;
#9589 =( NAMED_UNIT ( * ) SI_UNIT ( $, .STERADIAN. ) SOLID_ANGLE_UNIT ( ) );
#9590 = COLOUR_RGB ( '',0.6666666666666666297, 0.6980392156862744724, 0.7686274509803920907 ) ;
#9591 = CIRCLE ( 'NONE', #6759, 0.01000000000000002623 ) ;
#9592 = SURFACE_STYLE_USAGE ( .BOTH. , #5971 ) ;
#9594 = DIRECTION ( 'NONE',  ( -1.000000000000000000, -0.000000000000000000, -6.693592482257194052E-15 ) ) ;
#9593 = AXIS2_PLACEMENT_3D ( 'NONE', #4246, #494, #6256 ) ;
#9595 = ORIENTED_EDGE ( 'NONE', *, *, #6071, .T. ) ;
#9596 = EDGE_CURVE ( 'NONE', #485, #11587, #10955, .T. ) ;
#9597 = ORIENTED_EDGE ( 'NONE', *, *, #1680, .T. ) ;
#9598 = CARTESIAN_POINT ( 'NONE',  ( -0.9449999999999990630, 0.5600000000000000533, -0.3059880624910617519 ) ) ;
#9599 =( NAMED_UNIT ( * ) SI_UNIT ( $, .STERADIAN. ) SOLID_ANGLE_UNIT ( ) );
#9600 = CYLINDRICAL_SURFACE ( 'NONE', #2900, 0.01000000000000002623 ) ;
#9601 = CIRCLE ( 'NONE', #9799, 0.01901193750893743692 ) ;
#9602 = EDGE_LOOP ( 'NONE', ( #9643, #11166, #7181, #7710 ) ) ;
#9603 = ORIENTED_EDGE ( 'NONE', *, *, #11862, .F. ) ;
#9604 = SURFACE_STYLE_USAGE ( .BOTH. , #5673 ) ;
#9605 = FACE_OUTER_BOUND ( 'NONE', #4490, .T. ) ;
#9606 = VECTOR ( 'NONE', #10313, 1000.000000000000000 ) ;
#9607 = DIRECTION ( 'NONE',  ( 1.000000000000000000, -5.421010862427508759E-15, 1.084202172485501752E-14 ) ) ;
#9608 = CARTESIAN_POINT ( 'NONE',  ( -0.5000000000000000000, 0.5600000000000000533, -0.7740119375089341558 ) ) ;
#9609 = PRESENTATION_STYLE_ASSIGNMENT (( #5737 ) ) ;
#9610 = EDGE_CURVE ( 'NONE', #3836, #5571, #4916, .T. ) ;
#9611 = DIRECTION ( 'NONE',  ( -1.000000000000000000, 0.000000000000000000, -0.000000000000000000 ) ) ;
#9612 = EDGE_LOOP ( 'NONE', ( #9927, #8089, #3838, #11575 ) ) ;
#9613 = FACE_OUTER_BOUND ( 'NONE', #6766, .T. ) ;
#9614 = SURFACE_STYLE_USAGE ( .BOTH. , #881 ) ;
#9615 = EDGE_LOOP ( 'NONE', ( #8166, #2183, #1307, #10157 ) ) ;
#9616 = ORIENTED_EDGE ( 'NONE', *, *, #4619, .F. ) ;
#9617 = CARTESIAN_POINT ( 'NONE',  ( 0.3190119375089380260, 0.5700000000000000622, 0.9349999999999977218 ) ) ;
#9619 =( NAMED_UNIT ( * ) PLANE_ANGLE_UNIT ( ) SI_UNIT ( $, .RADIAN. ) );
#9618 = VECTOR ( 'NONE', #12271, 1000.000000000000000 ) ;
#9620 = VECTOR ( 'NONE', #6768, 1000.000000000000000 ) ;
#9621 = AXIS2_PLACEMENT_3D ( 'NONE', #11397, #2815, #5814 ) ;
#9622 = FACE_OUTER_BOUND ( 'NONE', #9820, .T. ) ;
#9623 = EDGE_CURVE ( 'NONE', #6333, #8359, #5044, .T. ) ;
#9624 = ORIENTED_EDGE ( 'NONE', *, *, #3468, .F. ) ;
#9625 = SURFACE_SIDE_STYLE ('',( #7735 ) ) ;
#9626 = CARTESIAN_POINT ( 'NONE',  ( -0.9349999999999976108, 0.5600000000000000533, -0.5940119375089366605 ) ) ;
#9627 = MECHANICAL_DESIGN_GEOMETRIC_PRESENTATION_REPRESENTATION (  '', ( #8638 ), #1987 ) ;
#9628 = MECHANICAL_DESIGN_GEOMETRIC_PRESENTATION_REPRESENTATION (  '', ( #5363 ), #10227 ) ;
#9629 = PLANE ( 'NONE',  #4169 ) ;
#9630 = AXIS2_PLACEMENT_3D ( 'NONE', #2133, #3331, #10075 ) ;
#9631 = CIRCLE ( 'NONE', #10642, 0.02901193750893746315 ) ;
#9632 = ORIENTED_EDGE ( 'NONE', *, *, #3672, .F. ) ;
#9633 = VECTOR ( 'NONE', #12078, 1000.000000000000000 ) ;
#9634 = FILL_AREA_STYLE ('',( #10526 ) ) ;
#9635 = DIRECTION ( 'NONE',  ( 0.000000000000000000, 0.000000000000000000, -1.000000000000000000 ) ) ;
#9636 = ORIENTED_EDGE ( 'NONE', *, *, #4932, .T. ) ;
#9637 = COLOUR_RGB ( '',0.6666666666666666297, 0.6980392156862744724, 0.7686274509803920907 ) ;
#9638 = PRESENTATION_STYLE_ASSIGNMENT (( #6665 ) ) ;
#9639 = PRESENTATION_STYLE_ASSIGNMENT (( #12429 ) ) ;
#9640 = CIRCLE ( 'NONE', #3987, 0.01901193750893765549 ) ;
#9641 = SURFACE_STYLE_USAGE ( .BOTH. , #11412 ) ;
#9642 = CIRCLE ( 'NONE', #8613, 0.01901193750893743692 ) ;
#9643 = ORIENTED_EDGE ( 'NONE', *, *, #10423, .T. ) ;
#9644 = ADVANCED_FACE ( 'NONE', ( #11641 ), #2377, .F. ) ;
#9645 = COLOUR_RGB ( '',0.6666666666666666297, 0.6980392156862744724, 0.7686274509803920907 ) ;
#9646 = CARTESIAN_POINT ( 'NONE',  ( 0.7449999999999979972, 0.5500000000000000444, 0.5940119375089355502 ) ) ;
#9647 = DIRECTION ( 'NONE',  ( -0.000000000000000000, -1.000000000000000000, -0.000000000000000000 ) ) ;
#9649 = FILL_AREA_STYLE_COLOUR ( '', #8437 ) ;
#9648 = DIRECTION ( 'NONE',  ( 1.000000000000000000, 0.000000000000000000, 6.024233234031476698E-15 ) ) ;
#9650 = PRESENTATION_STYLE_ASSIGNMENT (( #6931 ) ) ;
#9651 = MECHANICAL_DESIGN_GEOMETRIC_PRESENTATION_REPRESENTATION (  '', ( #4978 ), #9061 ) ;
#9652 = CARTESIAN_POINT ( 'NONE',  ( 0.08098806249106281496, 0.5700000000000000622, -0.7740119375089372644 ) ) ;
#9653 = UNCERTAINTY_MEASURE_WITH_UNIT (LENGTH_MEASURE( 1.000000000000000082E-05 ), #9891, 'distance_accuracy_value', 'NONE');
#9654 =( LENGTH_UNIT ( ) NAMED_UNIT ( * ) SI_UNIT ( .MILLI., .METRE. ) );
#9655 = DIRECTION ( 'NONE',  ( -0.000000000000000000, 1.000000000000000000, -0.000000000000000000 ) ) ;
#9656 = EDGE_CURVE ( 'NONE', #4614, #6129, #3249, .T. ) ;
#9657 = PRODUCT_DEFINITION_FORMATION_WITH_SPECIFIED_SOURCE ( 'ANY', '', #4221, .NOT_KNOWN. ) ;
#9658 = CARTESIAN_POINT ( 'NONE',  ( 0.9159880624910627933, 0.5600000000000000533, -0.1149999999999990752 ) ) ;
#9659 = EDGE_CURVE ( 'NONE', #211, #34, #8155, .T. ) ;
#9660 =( NAMED_UNIT ( * ) SI_UNIT ( $, .STERADIAN. ) SOLID_ANGLE_UNIT ( ) );
#9661 = ORIENTED_EDGE ( 'NONE', *, *, #1717, .F. ) ;
#9662 = SURFACE_STYLE_FILL_AREA ( #1975 ) ;
#9663 =( LENGTH_UNIT ( ) NAMED_UNIT ( * ) SI_UNIT ( .MILLI., .METRE. ) );
#9664 = CYLINDRICAL_SURFACE ( 'NONE', #1471, 0.01000000000000002623 ) ;
#9665 = EDGE_LOOP ( 'NONE', ( #5742, #6691, #11865, #2887 ) ) ;
#9666 = UNCERTAINTY_MEASURE_WITH_UNIT (LENGTH_MEASURE( 1.000000000000000082E-05 ), #7458, 'distance_accuracy_value', 'NONE');
#9667 = DIRECTION ( 'NONE',  ( 0.000000000000000000, 0.000000000000000000, 1.000000000000000000 ) ) ;
#9668 =( LENGTH_UNIT ( ) NAMED_UNIT ( * ) SI_UNIT ( .MILLI., .METRE. ) );
#9669 = SURFACE_SIDE_STYLE ('',( #6698 ) ) ;
#9670 = ORIENTED_EDGE ( 'NONE', *, *, #11609, .F. ) ;
#9671 = ADVANCED_FACE ( 'NONE', ( #8293 ), #5288, .F. ) ;
#9672 = DIRECTION ( 'NONE',  ( 0.000000000000000000, 0.000000000000000000, -1.000000000000000000 ) ) ;
#9673 = EDGE_CURVE ( 'NONE', #12313, #9192, #5367, .T. ) ;
#9674 = PLANE ( 'NONE',  #9505 ) ;
#9675 = LINE ( 'NONE', #7654, #3686 ) ;
#9676 = CIRCLE ( 'NONE', #7492, 0.01901193750893727386 ) ;
#9677 = VECTOR ( 'NONE', #11120, 1000.000000000000000 ) ;
#9678 =( LENGTH_UNIT ( ) NAMED_UNIT ( * ) SI_UNIT ( .MILLI., .METRE. ) );
#9679 = SURFACE_SIDE_STYLE ('',( #818 ) ) ;
#9680 = FILL_AREA_STYLE ('',( #123 ) ) ;
#9681 = ORIENTED_EDGE ( 'NONE', *, *, #5659, .T. ) ;
#9682 = UNCERTAINTY_MEASURE_WITH_UNIT (LENGTH_MEASURE( 1.000000000000000082E-05 ), #11448, 'distance_accuracy_value', 'NONE');
#9683 = ORIENTED_EDGE ( 'NONE', *, *, #6796, .F. ) ;
#9684 = PRESENTATION_STYLE_ASSIGNMENT (( #12357 ) ) ;
#9685 =( GEOMETRIC_REPRESENTATION_CONTEXT ( 3 ) GLOBAL_UNCERTAINTY_ASSIGNED_CONTEXT ( ( #2201 ) ) GLOBAL_UNIT_ASSIGNED_CONTEXT ( ( #7906, #2170, #1242 ) ) REPRESENTATION_CONTEXT ( 'NONE', 'WORKASPACE' ) );
#9686 = AXIS2_PLACEMENT_3D ( 'NONE', #10275, #5459, #719 ) ;
#9687 = EDGE_CURVE ( 'NONE', #11558, #6708, #395, .T. ) ;
#9688 = ORIENTED_EDGE ( 'NONE', *, *, #9122, .F. ) ;
#9689 = PLANE ( 'NONE',  #1662 ) ;
#9690 = DIRECTION ( 'NONE',  ( -0.000000000000000000, 1.000000000000000000, -0.000000000000000000 ) ) ;
#9691 = DIRECTION ( 'NONE',  ( -0.000000000000000000, 0.000000000000000000, 1.000000000000000000 ) ) ;
#9692 = FILL_AREA_STYLE_COLOUR ( '', #9366 ) ;
#9693 =( GEOMETRIC_REPRESENTATION_CONTEXT ( 3 ) GLOBAL_UNCERTAINTY_ASSIGNED_CONTEXT ( ( #11562 ) ) GLOBAL_UNIT_ASSIGNED_CONTEXT ( ( #10982, #3141, #10012 ) ) REPRESENTATION_CONTEXT ( 'NONE', 'WORKASPACE' ) );
#9694 = PRESENTATION_LAYER_ASSIGNMENT (  '', '', ( #9878 ) ) ;
#9695 = LINE ( 'NONE', #4067, #1985 ) ;
#9696 = VECTOR ( 'NONE', #6733, 1000.000000000000000 ) ;
#9697 = ORIENTED_EDGE ( 'NONE', *, *, #4875, .T. ) ;
#9698 = MECHANICAL_DESIGN_GEOMETRIC_PRESENTATION_REPRESENTATION (  '', ( #2649 ), #9100 ) ;
#9699 = LINE ( 'NONE', #7559, #3860 ) ;
#9700 = ORIENTED_EDGE ( 'NONE', *, *, #6193, .F. ) ;
#9701 = PRESENTATION_LAYER_ASSIGNMENT (  '', '', ( #8707 ) ) ;
#9702 = PLANE ( 'NONE',  #11621 ) ;
#9703 = DIRECTION ( 'NONE',  ( -0.000000000000000000, -1.000000000000000000, -0.000000000000000000 ) ) ;
#9704 =( GEOMETRIC_REPRESENTATION_CONTEXT ( 3 ) GLOBAL_UNCERTAINTY_ASSIGNED_CONTEXT ( ( #5727 ) ) GLOBAL_UNIT_ASSIGNED_CONTEXT ( ( #3259, #9419, #10061 ) ) REPRESENTATION_CONTEXT ( 'NONE', 'WORKASPACE' ) );
#9705 = CIRCLE ( 'NONE', #6468, 0.01999999999999999695 ) ;
#9706 = ORIENTED_EDGE ( 'NONE', *, *, #2901, .T. ) ;
#9707 = AXIS2_PLACEMENT_3D ( 'NONE', #8118, #1266, #8050 ) ;
#9708 =( GEOMETRIC_REPRESENTATION_CONTEXT ( 3 ) GLOBAL_UNCERTAINTY_ASSIGNED_CONTEXT ( ( #6616 ) ) GLOBAL_UNIT_ASSIGNED_CONTEXT ( ( #8479, #11370, #1786 ) ) REPRESENTATION_CONTEXT ( 'NONE', 'WORKASPACE' ) );
#9709 = CARTESIAN_POINT ( 'NONE',  ( -0.7549999999999993383, 0.5700000000000000622, 0.1440119375089355669 ) ) ;
#9710 = EDGE_LOOP ( 'NONE', ( #7613, #8737, #3857, #10062 ) ) ;
#9711 = LINE ( 'NONE', #2017, #851 ) ;
#9712 = CARTESIAN_POINT ( 'NONE',  ( -0.9159880624910617941, 0.5700000000000000622, -0.1440119375089366216 ) ) ;
#9713 = COLOUR_RGB ( '',0.6666666666666666297, 0.6980392156862744724, 0.7686274509803920907 ) ;
#9714 = SURFACE_STYLE_FILL_AREA ( #12327 ) ;
#9715 = DIRECTION ( 'NONE',  ( -0.000000000000000000, -1.000000000000000000, -0.000000000000000000 ) ) ;
#9717 = SURFACE_SIDE_STYLE ('',( #6676 ) ) ;
#9716 = DIRECTION ( 'NONE',  ( 1.084202172485504592E-14, 0.000000000000000000, 1.000000000000000000 ) ) ;
#9718 = FILL_AREA_STYLE_COLOUR ( '', #2990 ) ;
#9719 = VECTOR ( 'NONE', #7009, 1000.000000000000000 ) ;
#9720 = MECHANICAL_DESIGN_GEOMETRIC_PRESENTATION_REPRESENTATION (  '', ( #8301 ), #5862 ) ;
#9721 =( NAMED_UNIT ( * ) PLANE_ANGLE_UNIT ( ) SI_UNIT ( $, .RADIAN. ) );
#9722 = FILL_AREA_STYLE ('',( #12439 ) ) ;
#9723 = CARTESIAN_POINT ( 'NONE',  ( 0.5000000000000004441, 0.5700000000000000622, -0.9159880624910591296 ) ) ;
#9724 =( GEOMETRIC_REPRESENTATION_CONTEXT ( 3 ) GLOBAL_UNCERTAINTY_ASSIGNED_CONTEXT ( ( #5314 ) ) GLOBAL_UNIT_ASSIGNED_CONTEXT ( ( #6534, #12173, #3584 ) ) REPRESENTATION_CONTEXT ( 'NONE', 'WORKASPACE' ) );
#9725 =( NAMED_UNIT ( * ) PLANE_ANGLE_UNIT ( ) SI_UNIT ( $, .RADIAN. ) );
#9726 = CARTESIAN_POINT ( 'NONE',  ( -0.9449999999999976197, 0.5500000000000000444, -0.5940119375089367715 ) ) ;
#9727 = AXIS2_PLACEMENT_3D ( 'NONE', #12249, #3603, #5837 ) ;
#9728 = VECTOR ( 'NONE', #1110, 1000.000000000000000 ) ;
#9729 = DIRECTION ( 'NONE',  ( -1.000000000000000000, -0.000000000000000000, -0.000000000000000000 ) ) ;
#9730 = DIRECTION ( 'NONE',  ( -1.000000000000000000, 0.000000000000000000, 0.000000000000000000 ) ) ;
#9731 = EDGE_CURVE ( 'NONE', #12145, #7119, #7401, .T. ) ;
#9732 =( LENGTH_UNIT ( ) NAMED_UNIT ( * ) SI_UNIT ( .MILLI., .METRE. ) );
#9733 =( LENGTH_UNIT ( ) NAMED_UNIT ( * ) SI_UNIT ( .MILLI., .METRE. ) );
#9734 = FILL_AREA_STYLE ('',( #10802 ) ) ;
#9735 = FILL_AREA_STYLE ('',( #2049 ) ) ;
#9736 = ORIENTED_EDGE ( 'NONE', *, *, #841, .F. ) ;
#9737 = CARTESIAN_POINT ( 'NONE',  ( -0.4809880624910625735, 0.5700000000000000622, 0.7740119375089341558 ) ) ;
#9738 = FILL_AREA_STYLE_COLOUR ( '', #171 ) ;
#9739 = CARTESIAN_POINT ( 'NONE',  ( -0.9999999999999997780, 0.5500000000000000444, 1.000000000000000000 ) ) ;
#9740 = EDGE_CURVE ( 'NONE', #1486, #333, #4305, .T. ) ;
#9741 = ORIENTED_EDGE ( 'NONE', *, *, #7648, .T. ) ;
#9742 = EDGE_CURVE ( 'NONE', #10906, #7383, #6259, .T. ) ;
#9743 =( GEOMETRIC_REPRESENTATION_CONTEXT ( 3 ) GLOBAL_UNCERTAINTY_ASSIGNED_CONTEXT ( ( #8529 ) ) GLOBAL_UNIT_ASSIGNED_CONTEXT ( ( #10279, #12246, #10148 ) ) REPRESENTATION_CONTEXT ( 'NONE', 'WORKASPACE' ) );
#9744 = DIRECTION ( 'NONE',  ( -1.000000000000000000, 0.000000000000000000, -6.693592482257194052E-15 ) ) ;
#9745 = EDGE_LOOP ( 'NONE', ( #2119, #3880, #11198, #10289, #199, #11693, #6670, #919 ) ) ;
#9746 = FILL_AREA_STYLE ('',( #3115 ) ) ;
#9747 = DIRECTION ( 'NONE',  ( 0.000000000000000000, -1.000000000000000000, 0.000000000000000000 ) ) ;
#9748 = VERTEX_POINT ( 'NONE', #11955 ) ;
#9749 = AXIS2_PLACEMENT_3D ( 'NONE', #5119, #7990, #9716 ) ;
#9750 = DIRECTION ( 'NONE',  ( -0.000000000000000000, -1.000000000000000000, -0.000000000000000000 ) ) ;
#9751 = CARTESIAN_POINT ( 'NONE',  ( -0.3190119375089374709, 0.5700000000000000622, -0.7740119375089351550 ) ) ;
#9752 = FILL_AREA_STYLE_COLOUR ( '', #11439 ) ;
#9753 = ORIENTED_EDGE ( 'NONE', *, *, #6326, .T. ) ;
#9754 = ADVANCED_FACE ( 'NONE', ( #3435 ), #10245, .T. ) ;
#9755 = AXIS2_PLACEMENT_3D ( 'NONE', #7969, #2117, #1192 ) ;
#9756 = ORIENTED_EDGE ( 'NONE', *, *, #9983, .T. ) ;
#9757 = CIRCLE ( 'NONE', #8356, 0.01000000000000002623 ) ;
#9758 = SURFACE_SIDE_STYLE ('',( #4877 ) ) ;
#9759 = LINE ( 'NONE', #1140, #5522 ) ;
#9760 =( LENGTH_UNIT ( ) NAMED_UNIT ( * ) SI_UNIT ( .MILLI., .METRE. ) );
#9761 = ORIENTED_EDGE ( 'NONE', *, *, #1330, .T. ) ;
#9762 = SURFACE_SIDE_STYLE ('',( #1765 ) ) ;
#9763 = FILL_AREA_STYLE_COLOUR ( '', #3255 ) ;
#9764 = EDGE_LOOP ( 'NONE', ( #11660, #10971, #11477, #5248 ) ) ;
#9766 = ORIENTED_EDGE ( 'NONE', *, *, #5180, .F. ) ;
#9765 = TOROIDAL_SURFACE ( 'NONE', #10381, 0.02901193750893743539, 0.01000000000000000021 ) ;
#9767 = DIRECTION ( 'NONE',  ( 0.000000000000000000, 0.000000000000000000, -1.000000000000000000 ) ) ;
#9768 = FACE_OUTER_BOUND ( 'NONE', #7483, .T. ) ;
#9769 =( LENGTH_UNIT ( ) NAMED_UNIT ( * ) SI_UNIT ( .MILLI., .METRE. ) );
#9770 = DIRECTION ( 'NONE',  ( 0.000000000000000000, 1.000000000000000000, -0.000000000000000000 ) ) ;
#9771 = FACE_OUTER_BOUND ( 'NONE', #9602, .T. ) ;
#9772 =( LENGTH_UNIT ( ) NAMED_UNIT ( * ) SI_UNIT ( .MILLI., .METRE. ) );
#9773 = UNCERTAINTY_MEASURE_WITH_UNIT (LENGTH_MEASURE( 1.000000000000000082E-05 ), #4322, 'distance_accuracy_value', 'NONE');
#9774 = DIRECTION ( 'NONE',  ( 0.000000000000000000, 0.000000000000000000, 1.000000000000000000 ) ) ;
#9775 =( GEOMETRIC_REPRESENTATION_CONTEXT ( 3 ) GLOBAL_UNCERTAINTY_ASSIGNED_CONTEXT ( ( #5098 ) ) GLOBAL_UNIT_ASSIGNED_CONTEXT ( ( #3714, #6540, #11356 ) ) REPRESENTATION_CONTEXT ( 'NONE', 'WORKASPACE' ) );
#9776 = CARTESIAN_POINT ( 'NONE',  ( 0.7740119375089373754, 0.5700000000000000622, 0.1249999999999981820 ) ) ;
#9778 =( NAMED_UNIT ( * ) SI_UNIT ( $, .STERADIAN. ) SOLID_ANGLE_UNIT ( ) );
#9777 = DIRECTION ( 'NONE',  ( -0.000000000000000000, -1.000000000000000000, -0.000000000000000000 ) ) ;
#9779 = LINE ( 'NONE', #974, #7066 ) ;
#9780 = EDGE_CURVE ( 'NONE', #8110, #3507, #8612, .T. ) ;
#9781 = SURFACE_STYLE_FILL_AREA ( #8979 ) ;
#9782 = VERTEX_POINT ( 'NONE', #11323 ) ;
#9783 = PRESENTATION_STYLE_ASSIGNMENT (( #5135 ) ) ;
#9784 = COLOUR_RGB ( '',0.6666666666666666297, 0.6980392156862744724, 0.7686274509803920907 ) ;
#9785 = SURFACE_STYLE_USAGE ( .BOTH. , #9914 ) ;
#9786 = UNCERTAINTY_MEASURE_WITH_UNIT (LENGTH_MEASURE( 1.000000000000000082E-05 ), #7465, 'distance_accuracy_value', 'NONE');
#9787 = VECTOR ( 'NONE', #2005, 1000.000000000000000 ) ;
#9788 = UNCERTAINTY_MEASURE_WITH_UNIT (LENGTH_MEASURE( 1.000000000000000082E-05 ), #3148, 'distance_accuracy_value', 'NONE');
#9789 = SURFACE_STYLE_USAGE ( .BOTH. , #3102 ) ;
#9790 = MECHANICAL_DESIGN_GEOMETRIC_PRESENTATION_REPRESENTATION (  '', ( #5533 ), #4157 ) ;
#9791 =( NAMED_UNIT ( * ) PLANE_ANGLE_UNIT ( ) SI_UNIT ( $, .RADIAN. ) );
#9792 = EDGE_CURVE ( 'NONE', #2510, #3017, #9554, .T. ) ;
#9793 =( LENGTH_UNIT ( ) NAMED_UNIT ( * ) SI_UNIT ( .MILLI., .METRE. ) );
#9794 = AXIS2_PLACEMENT_3D ( 'NONE', #5973, #3293, #4160 ) ;
#9795 = ORIENTED_EDGE ( 'NONE', *, *, #2484, .F. ) ;
#9796 =( NAMED_UNIT ( * ) SI_UNIT ( $, .STERADIAN. ) SOLID_ANGLE_UNIT ( ) );
#9797 = PRESENTATION_STYLE_ASSIGNMENT (( #2105 ) ) ;
#9798 = DIRECTION ( 'NONE',  ( -0.000000000000000000, -1.000000000000000000, -0.000000000000000000 ) ) ;
#9799 = AXIS2_PLACEMENT_3D ( 'NONE', #10919, #345, #7133 ) ;
#9800 = PLANE ( 'NONE',  #5026 ) ;
#9801 = VERTEX_POINT ( 'NONE', #12343 ) ;
#9802 = VECTOR ( 'NONE', #5392, 1000.000000000000000 ) ;
#9803 =( LENGTH_UNIT ( ) NAMED_UNIT ( * ) SI_UNIT ( .MILLI., .METRE. ) );
#9804 = CARTESIAN_POINT ( 'NONE',  ( -0.9159880624910600178, 0.5700000000000000622, -0.7749999999999992450 ) ) ;
#9805 = EDGE_LOOP ( 'NONE', ( #10065, #6348, #6341, #6010, #8351, #2868, #6055, #5627 ) ) ;
#9806 = CIRCLE ( 'NONE', #6771, 0.01000000000000002623 ) ;
#9807 = EDGE_CURVE ( 'NONE', #2694, #10493, #812, .T. ) ;
#9808 = VECTOR ( 'NONE', #11358, 1000.000000000000000 ) ;
#9809 = EDGE_CURVE ( 'NONE', #4614, #10568, #5783, .T. ) ;
#9810 =( NAMED_UNIT ( * ) SI_UNIT ( $, .STERADIAN. ) SOLID_ANGLE_UNIT ( ) );
#9811 = DIRECTION ( 'NONE',  ( 0.000000000000000000, 0.000000000000000000, -1.000000000000000000 ) ) ;
#9812 = MECHANICAL_DESIGN_GEOMETRIC_PRESENTATION_REPRESENTATION (  '', ( #5347 ), #4362 ) ;
#9813 = DIRECTION ( 'NONE',  ( 0.000000000000000000, 1.000000000000000000, 0.000000000000000000 ) ) ;
#9814 = CARTESIAN_POINT ( 'NONE',  ( -0.7740119375089361542, 0.5600000000000000533, -0.3349999999999980771 ) ) ;
#9815 = CARTESIAN_POINT ( 'NONE',  ( -0.4809880624910628510, 0.5600000000000000533, -0.9449999999999966205 ) ) ;
#9816 = PRESENTATION_LAYER_ASSIGNMENT (  '', '', ( #4946 ) ) ;
#9818 = FILL_AREA_STYLE_COLOUR ( '', #9713 ) ;
#9817 = COLOUR_RGB ( '',0.6666666666666666297, 0.6980392156862744724, 0.7686274509803920907 ) ;
#9819 = PRESENTATION_LAYER_ASSIGNMENT (  '', '', ( #5566 ) ) ;
#9820 = EDGE_LOOP ( 'NONE', ( #1039, #140, #4016, #359 ) ) ;
#9821 = CARTESIAN_POINT ( 'NONE',  ( 0.7740119375089354881, 0.5700000000000000622, -0.5940119375089355502 ) ) ;
#9822 =( LENGTH_UNIT ( ) NAMED_UNIT ( * ) SI_UNIT ( .MILLI., .METRE. ) );
#9823 = STYLED_ITEM ( 'NONE', ( #4191 ), #5219 ) ;
#9824 = ORIENTED_EDGE ( 'NONE', *, *, #660, .T. ) ;
#9825 = ADVANCED_FACE ( 'NONE', ( #746 ), #11444, .F. ) ;
#9826 = VECTOR ( 'NONE', #2793, 1000.000000000000000 ) ;
#9827 = AXIS2_PLACEMENT_3D ( 'NONE', #99, #1832, #1030 ) ;
#9828 = FACE_OUTER_BOUND ( 'NONE', #4450, .T. ) ;
#9829 = EDGE_CURVE ( 'NONE', #4997, #5260, #5493, .T. ) ;
#9830 = DIRECTION ( 'NONE',  ( 1.000000000000000000, 0.000000000000000000, -7.636510523315142022E-15 ) ) ;
#9831 = STYLED_ITEM ( 'NONE', ( #4533 ), #10499 ) ;
#9832 = PRESENTATION_STYLE_ASSIGNMENT (( #10897 ) ) ;
#9833 = FILL_AREA_STYLE_COLOUR ( '', #6883 ) ;
#9834 = FILL_AREA_STYLE ('',( #1455 ) ) ;
#9835 = DIRECTION ( 'NONE',  ( 1.000000000000000000, 0.000000000000000000, 2.710505431213753985E-15 ) ) ;
#9836 = DIRECTION ( 'NONE',  ( -0.000000000000000000, -0.000000000000000000, 1.000000000000000000 ) ) ;
#9837 = AXIS2_PLACEMENT_3D ( 'NONE', #2808, #6577, #5618 ) ;
#9838 = CARTESIAN_POINT ( 'NONE',  ( 0.7549999999999981171, 0.5700000000000000622, 0.5940119375089355502 ) ) ;
#9839 = ORIENTED_EDGE ( 'NONE', *, *, #6840, .T. ) ;
#9840 = AXIS2_PLACEMENT_3D ( 'NONE', #4904, #8986, #8863 ) ;
#9841 = PRESENTATION_LAYER_ASSIGNMENT (  '', '', ( #2958 ) ) ;
#9842 = CIRCLE ( 'NONE', #4384, 0.01000000000000002623 ) ;
#9843 =( NAMED_UNIT ( * ) PLANE_ANGLE_UNIT ( ) SI_UNIT ( $, .RADIAN. ) );
#9844 = COLOUR_RGB ( '',0.6666666666666666297, 0.6980392156862744724, 0.7686274509803920907 ) ;
#9845 = DIRECTION ( 'NONE',  ( -1.000000000000000000, 0.000000000000000000, 0.000000000000000000 ) ) ;
#9846 = STYLED_ITEM ( 'NONE', ( #8088 ), #5560 ) ;
#9847 = PLANE ( 'NONE',  #11100 ) ;
#9848 = EDGE_CURVE ( 'NONE', #11851, #9887, #3741, .T. ) ;
#9849 = FILL_AREA_STYLE_COLOUR ( '', #1231 ) ;
#9850 = DIRECTION ( 'NONE',  ( 0.000000000000000000, 0.000000000000000000, -1.000000000000000000 ) ) ;
#9851 = CIRCLE ( 'NONE', #4781, 0.01901193750893732937 ) ;
#9852 = STYLED_ITEM ( 'NONE', ( #2205 ), #313 ) ;
#9853 = CIRCLE ( 'NONE', #11073, 0.01000000000000001235 ) ;
#9854 = FILL_AREA_STYLE ('',( #5911 ) ) ;
#9855 =( NAMED_UNIT ( * ) SI_UNIT ( $, .STERADIAN. ) SOLID_ANGLE_UNIT ( ) );
#9856 = DIRECTION ( 'NONE',  ( 0.000000000000000000, 0.000000000000000000, -1.000000000000000000 ) ) ;
#9857 = CARTESIAN_POINT ( 'NONE',  ( -0.3190119375089373044, 0.5700000000000000622, -0.7549999999999977840 ) ) ;
#9858 = SURFACE_STYLE_FILL_AREA ( #10738 ) ;
#9859 = CIRCLE ( 'NONE', #8241, 0.01000000000000001929 ) ;
#9860 = CARTESIAN_POINT ( 'NONE',  ( -0.7549999999999994493, 0.5700000000000000622, -0.1440119375089354559 ) ) ;
#9861 = DIRECTION ( 'NONE',  ( 2.677436992902878094E-15, 0.000000000000000000, -1.000000000000000000 ) ) ;
#9862 = PRESENTATION_STYLE_ASSIGNMENT (( #11686 ) ) ;
#9863 = ORIENTED_EDGE ( 'NONE', *, *, #10569, .T. ) ;
#9864 = FILL_AREA_STYLE_COLOUR ( '', #5269 ) ;
#9865 = CARTESIAN_POINT ( 'NONE',  ( 0.08098806249105741650, 0.5600000000000000533, -0.9450000000000005063 ) ) ;
#9866 = FACE_OUTER_BOUND ( 'NONE', #8718, .T. ) ;
#9867 = ADVANCED_FACE ( 'NONE', ( #8423 ), #9494, .F. ) ;
#9868 = SURFACE_STYLE_USAGE ( .BOTH. , #5999 ) ;
#9869 = VERTEX_POINT ( 'NONE', #3626 ) ;
#9870 = CARTESIAN_POINT ( 'NONE',  ( 0.7740119375089353770, 0.5700000000000000622, 0.7749999999999981348 ) ) ;
#9871 = MECHANICAL_DESIGN_GEOMETRIC_PRESENTATION_REPRESENTATION (  '', ( #8262 ), #7655 ) ;
#9872 =( LENGTH_UNIT ( ) NAMED_UNIT ( * ) SI_UNIT ( .MILLI., .METRE. ) );
#9873 = DIRECTION ( 'NONE',  ( 0.000000000000000000, 0.000000000000000000, 1.000000000000000000 ) ) ;
#9874 = CARTESIAN_POINT ( 'NONE',  ( 0.9159880624910621272, 0.5700000000000000622, -0.3059880624910617519 ) ) ;
#9875 = LINE ( 'NONE', #1246, #7593 ) ;
#9876 = VERTEX_POINT ( 'NONE', #8493 ) ;
#9877 = DIRECTION ( 'NONE',  ( -5.421010862427507971E-15, 0.000000000000000000, -1.000000000000000000 ) ) ;
#9878 = STYLED_ITEM ( 'NONE', ( #3030 ), #5790 ) ;
#9879 =( NAMED_UNIT ( * ) PLANE_ANGLE_UNIT ( ) SI_UNIT ( $, .RADIAN. ) );
#9880 = ADVANCED_FACE ( 'NONE', ( #7468 ), #5735, .F. ) ;
#9882 = ORIENTED_EDGE ( 'NONE', *, *, #11545, .T. ) ;
#9881 = COLOUR_RGB ( '',0.6666666666666666297, 0.6980392156862744724, 0.7686274509803920907 ) ;
#9883 = EDGE_CURVE ( 'NONE', #5920, #9131, #5863, .T. ) ;
#9884 = PRESENTATION_STYLE_ASSIGNMENT (( #9129 ) ) ;
#9885 =( LENGTH_UNIT ( ) NAMED_UNIT ( * ) SI_UNIT ( .MILLI., .METRE. ) );
#9886 = LINE ( 'NONE', #1314, #9010 ) ;
#9887 = VERTEX_POINT ( 'NONE', #3163 ) ;
#9888 = DIRECTION ( 'NONE',  ( -0.000000000000000000, 1.000000000000000000, -0.000000000000000000 ) ) ;
#9889 = AXIS2_PLACEMENT_3D ( 'NONE', #10023, #2209, #6036 ) ;
#9890 = COLOUR_RGB ( '',0.6666666666666666297, 0.6980392156862744724, 0.7686274509803920907 ) ;
#9891 =( LENGTH_UNIT ( ) NAMED_UNIT ( * ) SI_UNIT ( .MILLI., .METRE. ) );
#9892 = VERTEX_POINT ( 'NONE', #4905 ) ;
#9893 = DIRECTION ( 'NONE',  ( 0.000000000000000000, -1.000000000000000000, 0.000000000000000000 ) ) ;
#9894 = FILL_AREA_STYLE_COLOUR ( '', #1368 ) ;
#9895 =( LENGTH_UNIT ( ) NAMED_UNIT ( * ) SI_UNIT ( .MILLI., .METRE. ) );
#9896 = PLANE ( 'NONE',  #6815 ) ;
#9897 = CARTESIAN_POINT ( 'NONE',  ( 0.8000000000000002665, 0.02000000000000000042, -0.7999999999999999334 ) ) ;
#9898 = UNCERTAINTY_MEASURE_WITH_UNIT (LENGTH_MEASURE( 1.000000000000000082E-05 ), #9289, 'distance_accuracy_value', 'NONE');
#9899 = ORIENTED_EDGE ( 'NONE', *, *, #6876, .F. ) ;
#9900 = EDGE_CURVE ( 'NONE', #11201, #1532, #169, .T. ) ;
#9901 = CARTESIAN_POINT ( 'NONE',  ( 0.7449999999999992184, 0.5600000000000000533, 0.3059880624910606972 ) ) ;
#9902 = PRESENTATION_LAYER_ASSIGNMENT (  '', '', ( #8081 ) ) ;
#9903 = CARTESIAN_POINT ( 'NONE',  ( -0.7740119375089348219, 0.5500000000000000444, -0.7849999999999981437 ) ) ;
#9904 = CIRCLE ( 'NONE', #3670, 0.01901193750893757223 ) ;
#9905 = SURFACE_SIDE_STYLE ('',( #4218 ) ) ;
#9906 = CIRCLE ( 'NONE', #6877, 0.01901193750893743692 ) ;
#9907 = CARTESIAN_POINT ( 'NONE',  ( -0.9999999999999997780, 0.4750000000000001443, 0.6625000000000008660 ) ) ;
#9908 = CARTESIAN_POINT ( 'NONE',  ( -0.7740119375089365983, 0.5700000000000000622, -0.1440119375089355669 ) ) ;
#9909 = CARTESIAN_POINT ( 'NONE',  ( -0.5100000000000000089, 0.5600000000000000533, 0.4799999999999997047 ) ) ;
#9910 = CIRCLE ( 'NONE', #4832, 0.01000000000000002623 ) ;
#9911 = AXIS2_PLACEMENT_3D ( 'NONE', #5354, #9375, #10117 ) ;
#9912 = FACE_OUTER_BOUND ( 'NONE', #7853, .T. ) ;
#9913 = AXIS2_PLACEMENT_3D ( 'NONE', #4283, #10212, #6359 ) ;
#9914 = SURFACE_SIDE_STYLE ('',( #8921 ) ) ;
#9915 = FACE_OUTER_BOUND ( 'NONE', #6397, .T. ) ;
#9916 = UNCERTAINTY_MEASURE_WITH_UNIT (LENGTH_MEASURE( 1.000000000000000082E-05 ), #9407, 'distance_accuracy_value', 'NONE');
#9917 = PRESENTATION_LAYER_ASSIGNMENT (  '', '', ( #3681 ) ) ;
#9918 = EDGE_CURVE ( 'NONE', #2866, #5531, #4047, .T. ) ;
#9919 = VECTOR ( 'NONE', #9813, 1000.000000000000000 ) ;
#9920 = DIRECTION ( 'NONE',  ( 0.000000000000000000, -1.000000000000000000, 0.000000000000000000 ) ) ;
#9921 = FACE_OUTER_BOUND ( 'NONE', #1327, .T. ) ;
#9922 =( GEOMETRIC_REPRESENTATION_CONTEXT ( 3 ) GLOBAL_UNCERTAINTY_ASSIGNED_CONTEXT ( ( #3097 ) ) GLOBAL_UNIT_ASSIGNED_CONTEXT ( ( #3297, #9153, #6043 ) ) REPRESENTATION_CONTEXT ( 'NONE', 'WORKASPACE' ) );
#9923 = AXIS2_PLACEMENT_3D ( 'NONE', #11942, #2220, #6830 ) ;
#9924 = CARTESIAN_POINT ( 'NONE',  ( 0.9159880624910606839, 0.5700000000000000622, -0.5749999999999991784 ) ) ;
#9925 = FILL_AREA_STYLE_COLOUR ( '', #670 ) ;
#9926 = MECHANICAL_DESIGN_GEOMETRIC_PRESENTATION_REPRESENTATION (  '', ( #8324 ), #9336 ) ;
#9927 = ORIENTED_EDGE ( 'NONE', *, *, #4720, .T. ) ;
#9928 = DIRECTION ( 'NONE',  ( -0.000000000000000000, -1.000000000000000000, -0.000000000000000000 ) ) ;
#9929 = COLOUR_RGB ( '',0.6666666666666666297, 0.6980392156862744724, 0.7686274509803920907 ) ;
#9930 = DIRECTION ( 'NONE',  ( 0.000000000000000000, 0.000000000000000000, -1.000000000000000000 ) ) ;
#9931 = ORIENTED_EDGE ( 'NONE', *, *, #9353, .T. ) ;
#9932 = SURFACE_STYLE_FILL_AREA ( #7840 ) ;
#9933 = UNCERTAINTY_MEASURE_WITH_UNIT (LENGTH_MEASURE( 1.000000000000000082E-05 ), #10174, 'distance_accuracy_value', 'NONE');
#9934 = CARTESIAN_POINT ( 'NONE',  ( 1.000000000000000222, 0.5500000000000000444, 1.000000000000000000 ) ) ;
#9935 = ORIENTED_EDGE ( 'NONE', *, *, #8024, .F. ) ;
#9936 = PRESENTATION_LAYER_ASSIGNMENT (  '', '', ( #8551 ) ) ;
#9937 = DIRECTION ( 'NONE',  ( 0.000000000000000000, 0.000000000000000000, 1.000000000000000000 ) ) ;
#9938 = PRESENTATION_STYLE_ASSIGNMENT (( #5103 ) ) ;
#9939 = CARTESIAN_POINT ( 'NONE',  ( -0.08098806249106586808, 0.5700000000000000622, -0.9349999999999992761 ) ) ;
#9940 = EDGE_CURVE ( 'NONE', #12313, #7706, #300, .T. ) ;
#9941 = FACE_OUTER_BOUND ( 'NONE', #5093, .T. ) ;
#9942 = DIRECTION ( 'NONE',  ( 0.000000000000000000, 1.000000000000000000, -0.000000000000000000 ) ) ;
#9943 = FILL_AREA_STYLE ('',( #5935 ) ) ;
#9944 = CARTESIAN_POINT ( 'NONE',  ( -0.4809880624910625735, 0.5500000000000000444, 0.9159880624910591296 ) ) ;
#9945 = ORIENTED_EDGE ( 'NONE', *, *, #6449, .T. ) ;
#9946 = SURFACE_STYLE_USAGE ( .BOTH. , #2242 ) ;
#9947 = ORIENTED_EDGE ( 'NONE', *, *, #9046, .T. ) ;
#9948 = SURFACE_STYLE_FILL_AREA ( #11659 ) ;
#9949 = ORIENTED_EDGE ( 'NONE', *, *, #3655, .T. ) ;
#9950 = ORIENTED_EDGE ( 'NONE', *, *, #5696, .T. ) ;
#9951 = DIRECTION ( 'NONE',  ( 0.000000000000000000, 0.000000000000000000, -1.000000000000000000 ) ) ;
#9952 = ORIENTED_EDGE ( 'NONE', *, *, #8557, .T. ) ;
#9953 = SURFACE_SIDE_STYLE ('',( #3138 ) ) ;
#9955 = DIRECTION ( 'NONE',  ( 1.000000000000000000, 0.000000000000000000, -6.693592482257194052E-15 ) ) ;
#9954 = AXIS2_PLACEMENT_3D ( 'NONE', #7737, #11531, #8698 ) ;
#9956 = CARTESIAN_POINT ( 'NONE',  ( -0.7740119375089348219, 0.5600000000000000533, 0.7849999999999981437 ) ) ;
#9957 = ORIENTED_EDGE ( 'NONE', *, *, #795, .T. ) ;
#9958 = VECTOR ( 'NONE', #3419, 1000.000000000000000 ) ;
#9959 = EDGE_LOOP ( 'NONE', ( #6850, #5723, #10330, #4416 ) ) ;
#9960 = VERTEX_POINT ( 'NONE', #360 ) ;
#9961 =( NAMED_UNIT ( * ) SI_UNIT ( $, .STERADIAN. ) SOLID_ANGLE_UNIT ( ) );
#9962 = AXIS2_PLACEMENT_3D ( 'NONE', #463, #7316, #2585 ) ;
#9963 = DIRECTION ( 'NONE',  ( 0.000000000000000000, 0.000000000000000000, -1.000000000000000000 ) ) ;
#9964 = CIRCLE ( 'NONE', #9374, 0.02901193750893746315 ) ;
#9965 = EDGE_CURVE ( 'NONE', #6210, #6223, #10032, .T. ) ;
#9966 = ORIENTED_EDGE ( 'NONE', *, *, #5527, .T. ) ;
#9967 = ADVANCED_FACE ( 'NONE', ( #4970 ), #10619, .T. ) ;
#9968 =( NAMED_UNIT ( * ) SI_UNIT ( $, .STERADIAN. ) SOLID_ANGLE_UNIT ( ) );
#9969 = CARTESIAN_POINT ( 'NONE',  ( 0.9159880624910605729, 0.5500000000000000444, -0.7559880624910617630 ) ) ;
#9970 = FILL_AREA_STYLE_COLOUR ( '', #3594 ) ;
#9971 =( GEOMETRIC_REPRESENTATION_CONTEXT ( 3 ) GLOBAL_UNCERTAINTY_ASSIGNED_CONTEXT ( ( #3710 ) ) GLOBAL_UNIT_ASSIGNED_CONTEXT ( ( #9803, #10815, #4001 ) ) REPRESENTATION_CONTEXT ( 'NONE', 'WORKASPACE' ) );
#9972 = EDGE_CURVE ( 'NONE', #7706, #3570, #2791, .T. ) ;
#9973 = ORIENTED_EDGE ( 'NONE', *, *, #9353, .F. ) ;
#9974 =( LENGTH_UNIT ( ) NAMED_UNIT ( * ) SI_UNIT ( .MILLI., .METRE. ) );
#9975 = COLOUR_RGB ( '',0.6666666666666666297, 0.6980392156862744724, 0.7686274509803920907 ) ;
#9976 = ORIENTED_EDGE ( 'NONE', *, *, #9584, .T. ) ;
#9977 = PRESENTATION_STYLE_ASSIGNMENT (( #9868 ) ) ;
#9978 = VECTOR ( 'NONE', #4766, 1000.000000000000000 ) ;
#9979 = VERTEX_POINT ( 'NONE', #6895 ) ;
#9980 = SURFACE_STYLE_USAGE ( .BOTH. , #5041 ) ;
#9981 = CIRCLE ( 'NONE', #11799, 0.01901193750893906409 ) ;
#9982 = SURFACE_STYLE_FILL_AREA ( #9307 ) ;
#9983 = EDGE_CURVE ( 'NONE', #1448, #1049, #8745, .T. ) ;
#9984 = CARTESIAN_POINT ( 'NONE',  ( -0.9159880624910621272, 0.5700000000000000622, 0.1249999999999991951 ) ) ;
#9985 = COLOUR_RGB ( '',0.6666666666666666297, 0.6980392156862744724, 0.7686274509803920907 ) ;
#9986 =( LENGTH_UNIT ( ) NAMED_UNIT ( * ) SI_UNIT ( .MILLI., .METRE. ) );
#9987 = FILL_AREA_STYLE_COLOUR ( '', #1361 ) ;
#9988 = DIRECTION ( 'NONE',  ( 3.627342498574696997E-15, -0.000000000000000000, -1.000000000000000000 ) ) ;
#9989 = ORIENTED_EDGE ( 'NONE', *, *, #8903, .T. ) ;
#9990 = DIRECTION ( 'NONE',  ( 0.000000000000000000, 0.000000000000000000, -1.000000000000000000 ) ) ;
#9991 = PRESENTATION_LAYER_ASSIGNMENT (  '', '', ( #8604 ) ) ;
#9992 = ORIENTED_EDGE ( 'NONE', *, *, #2473, .T. ) ;
#9993 = VERTEX_POINT ( 'NONE', #7770 ) ;
#9994 = CARTESIAN_POINT ( 'NONE',  ( 0.3000000000000004885, 0.5700000000000000622, 0.9159880624910602398 ) ) ;
#9995 = EDGE_CURVE ( 'NONE', #1660, #4192, #2102, .T. ) ;
#9996 = CARTESIAN_POINT ( 'NONE',  ( -0.08098806249106238475, 0.5700000000000000622, 0.9159880624910624602 ) ) ;
#9997 =( GEOMETRIC_REPRESENTATION_CONTEXT ( 3 ) GLOBAL_UNCERTAINTY_ASSIGNED_CONTEXT ( ( #1224 ) ) GLOBAL_UNIT_ASSIGNED_CONTEXT ( ( #8387, #10273, #8255 ) ) REPRESENTATION_CONTEXT ( 'NONE', 'WORKASPACE' ) );
#9998 = STYLED_ITEM ( 'NONE', ( #5505 ), #9383 ) ;
#9999 = LINE ( 'NONE', #3267, #365 ) ;
#10000 = EDGE_LOOP ( 'NONE', ( #109, #2463, #11943, #3632 ) ) ;
#10001 = SURFACE_STYLE_FILL_AREA ( #11029 ) ;
#10002 = ORIENTED_EDGE ( 'NONE', *, *, #4301, .F. ) ;
#10003 = LINE ( 'NONE', #1391, #10511 ) ;
#10004 = VERTEX_POINT ( 'NONE', #5273 ) ;
#10005 = DIRECTION ( 'NONE',  ( 1.000000000000000000, 0.000000000000000000, 0.000000000000000000 ) ) ;
#10006 = MECHANICAL_DESIGN_GEOMETRIC_PRESENTATION_REPRESENTATION (  '', ( #979 ), #9215 ) ;
#10007 = PLANE ( 'NONE',  #11839 ) ;
#10008 = SURFACE_SIDE_STYLE ('',( #4326 ) ) ;
#10009 = FACE_OUTER_BOUND ( 'NONE', #4982, .T. ) ;
#10010 = CARTESIAN_POINT ( 'NONE',  ( 0.2900000000000004241, 0.5500000000000000444, 0.9159880624910602398 ) ) ;
#10011 = VERTEX_POINT ( 'NONE', #10038 ) ;
#10012 =( NAMED_UNIT ( * ) SI_UNIT ( $, .STERADIAN. ) SOLID_ANGLE_UNIT ( ) );
#10013 = UNCERTAINTY_MEASURE_WITH_UNIT (LENGTH_MEASURE( 1.000000000000000082E-05 ), #8989, 'distance_accuracy_value', 'NONE');
#10014 = EDGE_LOOP ( 'NONE', ( #3231, #6470, #758, #8060 ) ) ;
#10015 = MECHANICAL_DESIGN_GEOMETRIC_PRESENTATION_REPRESENTATION (  '', ( #8820 ), #8193 ) ;
#10016 = ORIENTED_EDGE ( 'NONE', *, *, #437, .F. ) ;
#10017 = FILL_AREA_STYLE_COLOUR ( '', #10299 ) ;
#10018 = ADVANCED_FACE ( 'NONE', ( #4410 ), #9287, .T. ) ;
#10019 = VECTOR ( 'NONE', #5994, 1000.000000000000000 ) ;
#10020 = AXIS2_PLACEMENT_3D ( 'NONE', #3759, #10388, #2874 ) ;
#10021 = MECHANICAL_DESIGN_GEOMETRIC_PRESENTATION_REPRESENTATION (  '', ( #8011 ), #6178 ) ;
#10022 = PRESENTATION_LAYER_ASSIGNMENT (  '', '', ( #11841 ) ) ;
#10023 = CARTESIAN_POINT ( 'NONE',  ( 0.08098806249106281496, 0.5700000000000000622, -0.7740119375089372644 ) ) ;
#10024 =( NAMED_UNIT ( * ) PLANE_ANGLE_UNIT ( ) SI_UNIT ( $, .RADIAN. ) );
#10025 = CIRCLE ( 'NONE', #6591, 0.02901193750893746315 ) ;
#10026 = DIRECTION ( 'NONE',  ( 0.000000000000000000, 1.000000000000000000, -5.421010862427507971E-15 ) ) ;
#10027 = COLOUR_RGB ( '',0.6666666666666666297, 0.6980392156862744724, 0.7686274509803920907 ) ;
#10028 = MECHANICAL_DESIGN_GEOMETRIC_PRESENTATION_REPRESENTATION (  '', ( #6805 ), #1908 ) ;
#10029 = DIRECTION ( 'NONE',  ( 0.000000000000000000, 1.000000000000000000, -0.000000000000000000 ) ) ;
#10030 = PRESENTATION_LAYER_ASSIGNMENT (  '', '', ( #790 ) ) ;
#10031 = UNCERTAINTY_MEASURE_WITH_UNIT (LENGTH_MEASURE( 1.000000000000000082E-05 ), #12178, 'distance_accuracy_value', 'NONE');
#10032 = CIRCLE ( 'NONE', #10852, 0.02901193750893562087 ) ;
#10033 = EDGE_CURVE ( 'NONE', #2075, #12167, #9103, .T. ) ;
#10034 = EDGE_CURVE ( 'NONE', #11892, #10139, #2345, .T. ) ;
#10035 = DIRECTION ( 'NONE',  ( 0.000000000000000000, 1.000000000000000000, -0.000000000000000000 ) ) ;
#10036 = ADVANCED_FACE ( 'NONE', ( #11069 ), #2287, .F. ) ;
#10037 = CIRCLE ( 'NONE', #10239, 0.01901193750893743692 ) ;
#10038 = CARTESIAN_POINT ( 'NONE',  ( -0.5000000000000000000, 0.5600000000000000533, 0.4799999999999997602 ) ) ;
#10039 = AXIS2_PLACEMENT_3D ( 'NONE', #3643, #9330, #12297 ) ;
#10040 = DIRECTION ( 'NONE',  ( -1.000000000000000000, 0.000000000000000000, 2.710505431213753985E-15 ) ) ;
#10041 = ORIENTED_EDGE ( 'NONE', *, *, #2712, .F. ) ;
#10042 = DIRECTION ( 'NONE',  ( -1.000000000000000000, 0.000000000000000000, 7.636510523315148333E-15 ) ) ;
#10043 = SURFACE_STYLE_USAGE ( .BOTH. , #4974 ) ;
#10044 = FACE_BOUND ( 'NONE', #5185, .T. ) ;
#10045 =( NAMED_UNIT ( * ) SI_UNIT ( $, .STERADIAN. ) SOLID_ANGLE_UNIT ( ) );
#10046 = ORIENTED_EDGE ( 'NONE', *, *, #355, .T. ) ;
#10047 = DIRECTION ( 'NONE',  ( -6.693592482257194052E-15, 0.000000000000000000, -1.000000000000000000 ) ) ;
#10048 = COLOUR_RGB ( '',0.6666666666666666297, 0.6980392156862744724, 0.7686274509803920907 ) ;
#10049 = UNCERTAINTY_MEASURE_WITH_UNIT (LENGTH_MEASURE( 1.000000000000000082E-05 ), #3068, 'distance_accuracy_value', 'NONE');
#10050 = CARTESIAN_POINT ( 'NONE',  ( 0.7449999999999979972, 0.5500000000000000444, -0.7559880624910606528 ) ) ;
#10051 = ADVANCED_FACE ( 'NONE', ( #419 ), #4228, .T. ) ;
#10052 = ORIENTED_EDGE ( 'NONE', *, *, #9236, .F. ) ;
#10053 = SURFACE_SIDE_STYLE ('',( #7467 ) ) ;
#10054 = EDGE_CURVE ( 'NONE', #9993, #8667, #11486, .T. ) ;
#10055 =( NAMED_UNIT ( * ) PLANE_ANGLE_UNIT ( ) SI_UNIT ( $, .RADIAN. ) );
#10056 = COLOUR_RGB ( '',0.6666666666666666297, 0.6980392156862744724, 0.7686274509803920907 ) ;
#10057 = FACE_OUTER_BOUND ( 'NONE', #502, .T. ) ;
#10058 = DIRECTION ( 'NONE',  ( -0.000000000000000000, -1.000000000000000000, -0.000000000000000000 ) ) ;
#10059 = CARTESIAN_POINT ( 'NONE',  ( -0.9159880624910621272, 0.5700000000000000622, -0.1249999999999991396 ) ) ;
#10060 = ORIENTED_EDGE ( 'NONE', *, *, #5556, .T. ) ;
#10061 =( NAMED_UNIT ( * ) SI_UNIT ( $, .STERADIAN. ) SOLID_ANGLE_UNIT ( ) );
#10062 = ORIENTED_EDGE ( 'NONE', *, *, #814, .T. ) ;
#10063 = SURFACE_STYLE_FILL_AREA ( #12087 ) ;
#10064 = ORIENTED_EDGE ( 'NONE', *, *, #1802, .T. ) ;
#10065 = ORIENTED_EDGE ( 'NONE', *, *, #8035, .T. ) ;
#10066 = FILL_AREA_STYLE ('',( #262 ) ) ;
#10067 = EDGE_CURVE ( 'NONE', #4386, #2996, #2606, .T. ) ;
#10068 = CARTESIAN_POINT ( 'NONE',  ( 0.7740119375089354881, 0.5700000000000000622, 0.5940119375089355502 ) ) ;
#10069 = FILL_AREA_STYLE ('',( #3518 ) ) ;
#10070 = ORIENTED_EDGE ( 'NONE', *, *, #10975, .T. ) ;
#10071 = DIRECTION ( 'NONE',  ( 0.9904418356100047616, -5.369195949444475964E-15, 0.1379310344827607560 ) ) ;
#10072 = ORIENTED_EDGE ( 'NONE', *, *, #11679, .F. ) ;
#10073 = SURFACE_STYLE_FILL_AREA ( #6213 ) ;
#10074 = CARTESIAN_POINT ( 'NONE',  ( 0.9159880624910616831, 0.5500000000000000444, -0.3349999999999991318 ) ) ;
#10075 = DIRECTION ( 'NONE',  ( 0.000000000000000000, 0.000000000000000000, -1.000000000000000000 ) ) ;
#10076 = COLOUR_RGB ( '',0.6666666666666666297, 0.6980392156862744724, 0.7686274509803920907 ) ;
#10077 = DIRECTION ( 'NONE',  ( 0.000000000000000000, 0.000000000000000000, -1.000000000000000000 ) ) ;
#10078 = FILL_AREA_STYLE_COLOUR ( '', #3459 ) ;
#10079 = ORIENTED_EDGE ( 'NONE', *, *, #9093, .F. ) ;
#10080 = ORIENTED_EDGE ( 'NONE', *, *, #11371, .T. ) ;
#10081 = DIRECTION ( 'NONE',  ( 0.000000000000000000, 0.000000000000000000, 1.000000000000000000 ) ) ;
#10082 = DIRECTION ( 'NONE',  ( 0.000000000000000000, 0.000000000000000000, -1.000000000000000000 ) ) ;
#10083 = AXIS2_PLACEMENT_3D ( 'NONE', #2665, #9481, #8549 ) ;
#10084 = MECHANICAL_DESIGN_GEOMETRIC_PRESENTATION_REPRESENTATION (  '', ( #8279 ), #7482 ) ;
#10085 = CARTESIAN_POINT ( 'NONE',  ( 0.3190119375089380260, 0.5600000000000000533, 0.9349999999999977218 ) ) ;
#10086 = CARTESIAN_POINT ( 'NONE',  ( -0.9159880624910616831, 0.5600000000000000533, 0.3059880624910617519 ) ) ;
#10087 = DIRECTION ( 'NONE',  ( 0.000000000000000000, 0.000000000000000000, 1.000000000000000000 ) ) ;
#10088 = EDGE_CURVE ( 'NONE', #3223, #12175, #5601, .T. ) ;
#10089 = DIRECTION ( 'NONE',  ( -0.000000000000000000, -1.000000000000000000, -0.000000000000000000 ) ) ;
#10090 = CARTESIAN_POINT ( 'NONE',  ( 0.9159880624910606839, 0.5600000000000000533, -0.5749999999999991784 ) ) ;
#10091 = DIRECTION ( 'NONE',  ( 0.000000000000000000, 0.000000000000000000, -1.000000000000000000 ) ) ;
#10092 = CIRCLE ( 'NONE', #2450, 0.02901193750893746315 ) ;
#10093 = CIRCLE ( 'NONE', #11118, 0.01901193750893602832 ) ;
#10094 = FACE_BOUND ( 'NONE', #6533, .T. ) ;
#10095 = AXIS2_PLACEMENT_3D ( 'NONE', #553, #9433, #1549 ) ;
#10096 =( NAMED_UNIT ( * ) PLANE_ANGLE_UNIT ( ) SI_UNIT ( $, .RADIAN. ) );
#10097 = CARTESIAN_POINT ( 'NONE',  ( 1.000000000000000222, 0.5500000000000000444, 0.2374999999999991007 ) ) ;
#10098 = CIRCLE ( 'NONE', #2459, 0.01901193750893743692 ) ;
#10099 = CIRCLE ( 'NONE', #8300, 0.02901193750893746315 ) ;
#10100 = CIRCLE ( 'NONE', #10305, 0.01000000000000002623 ) ;
#10101 = CARTESIAN_POINT ( 'NONE',  ( 0.4841379310344827158, 0.5500000000000000444, -0.3860991889048496772 ) ) ;
#10102 =( GEOMETRIC_REPRESENTATION_CONTEXT ( 3 ) GLOBAL_UNCERTAINTY_ASSIGNED_CONTEXT ( ( #8542 ) ) GLOBAL_UNIT_ASSIGNED_CONTEXT ( ( #11941, #11752, #7834 ) ) REPRESENTATION_CONTEXT ( 'NONE', 'WORKASPACE' ) );
#10103 = DIRECTION ( 'NONE',  ( -0.000000000000000000, -1.000000000000000000, -0.000000000000000000 ) ) ;
#10104 = ORIENTED_EDGE ( 'NONE', *, *, #12414, .T. ) ;
#10105 = DIRECTION ( 'NONE',  ( 1.000000000000000000, 0.000000000000000000, 1.856696220381421547E-13 ) ) ;
#10106 = PRESENTATION_LAYER_ASSIGNMENT (  '', '', ( #684 ) ) ;
#10107 = VERTEX_POINT ( 'NONE', #6554 ) ;
#10108 = LINE ( 'NONE', #1542, #827 ) ;
#10109 = AXIS2_PLACEMENT_3D ( 'NONE', #2341, #9856, #417 ) ;
#10110 = MECHANICAL_DESIGN_GEOMETRIC_PRESENTATION_REPRESENTATION (  '', ( #5454 ), #3473 ) ;
#10111 = SURFACE_STYLE_USAGE ( .BOTH. , #2428 ) ;
#10112 = ORIENTED_EDGE ( 'NONE', *, *, #4281, .T. ) ;
#10113 = CARTESIAN_POINT ( 'NONE',  ( -0.7549999999999976730, 0.5700000000000000622, 0.5940119375089355502 ) ) ;
#10114 = PRESENTATION_STYLE_ASSIGNMENT (( #5167 ) ) ;
#10115 = COLOUR_RGB ( '',0.6666666666666666297, 0.6980392156862744724, 0.7686274509803920907 ) ;
#10116 = DIRECTION ( 'NONE',  ( 3.818255261657576533E-15, -0.000000000000000000, 1.000000000000000000 ) ) ;
#10117 = DIRECTION ( 'NONE',  ( -1.000000000000000000, 0.000000000000000000, -0.000000000000000000 ) ) ;
#10118 = COLOUR_RGB ( '',0.6666666666666666297, 0.6980392156862744724, 0.7686274509803920907 ) ;
#10119 = CARTESIAN_POINT ( 'NONE',  ( 0.7740119375089365983, 0.5700000000000000622, 0.3249999999999982347 ) ) ;
#10120 = SURFACE_SIDE_STYLE ('',( #749 ) ) ;
#10121 = FILL_AREA_STYLE ('',( #12012 ) ) ;
#10122 = EDGE_CURVE ( 'NONE', #2943, #461, #11424, .T. ) ;
#10123 = DIRECTION ( 'NONE',  ( 0.000000000000000000, 0.000000000000000000, -1.000000000000000000 ) ) ;
#10124 = ORIENTED_EDGE ( 'NONE', *, *, #414, .F. ) ;
#10125 = VECTOR ( 'NONE', #7968, 1000.000000000000000 ) ;
#10126 = SURFACE_STYLE_FILL_AREA ( #5365 ) ;
#10127 = ORIENTED_EDGE ( 'NONE', *, *, #6442, .F. ) ;
#10128 = FACE_OUTER_BOUND ( 'NONE', #11354, .T. ) ;
#10129 = DIRECTION ( 'NONE',  ( -0.000000000000000000, -1.000000000000000000, -0.000000000000000000 ) ) ;
#10130 = VERTEX_POINT ( 'NONE', #6686 ) ;
#10131 = CARTESIAN_POINT ( 'NONE',  ( -0.9159880624910601288, 0.5600000000000000533, -0.7559880624910617630 ) ) ;
#10132 = FACE_BOUND ( 'NONE', #3388, .T. ) ;
#10133 = EDGE_LOOP ( 'NONE', ( #8287, #4215, #9502, #149, #2483, #10202, #5946, #2759 ) ) ;
#10134 = ORIENTED_EDGE ( 'NONE', *, *, #3951, .F. ) ;
#10135 = DIRECTION ( 'NONE',  ( 0.000000000000000000, 0.000000000000000000, -1.000000000000000000 ) ) ;
#10136 = EDGE_CURVE ( 'NONE', #3544, #2728, #6808, .T. ) ;
#10137 = FILL_AREA_STYLE_COLOUR ( '', #2853 ) ;
#10138 = UNCERTAINTY_MEASURE_WITH_UNIT (LENGTH_MEASURE( 1.000000000000000082E-05 ), #11844, 'distance_accuracy_value', 'NONE');
#10139 = VERTEX_POINT ( 'NONE', #1841 ) ;
#10140 = STYLED_ITEM ( 'NONE', ( #6820 ), #7588 ) ;
#10141 = FILL_AREA_STYLE ('',( #2464 ) ) ;
#10142 = CARTESIAN_POINT ( 'NONE',  ( -0.3000000000000000444, 0.5600000000000000533, 0.7740119375089351550 ) ) ;
#10143 = DIRECTION ( 'NONE',  ( 0.000000000000000000, 0.000000000000000000, -1.000000000000000000 ) ) ;
#10144 = CARTESIAN_POINT ( 'NONE',  ( -0.7740119375089348219, 0.5600000000000000533, -0.7849999999999981437 ) ) ;
#10145 =( GEOMETRIC_REPRESENTATION_CONTEXT ( 3 ) GLOBAL_UNCERTAINTY_ASSIGNED_CONTEXT ( ( #3621 ) ) GLOBAL_UNIT_ASSIGNED_CONTEXT ( ( #12421, #6655, #4736 ) ) REPRESENTATION_CONTEXT ( 'NONE', 'WORKASPACE' ) );
#10146 = COLOUR_RGB ( '',0.6666666666666666297, 0.6980392156862744724, 0.7686274509803920907 ) ;
#10147 = DIRECTION ( 'NONE',  ( -0.000000000000000000, -1.000000000000000000, -0.000000000000000000 ) ) ;
#10148 =( NAMED_UNIT ( * ) SI_UNIT ( $, .STERADIAN. ) SOLID_ANGLE_UNIT ( ) );
#10149 = CARTESIAN_POINT ( 'NONE',  ( -0.9999999999999997780, 0.4500000000000001776, -0.2374999999999992117 ) ) ;
#10150 = DIRECTION ( 'NONE',  ( -0.000000000000000000, -1.000000000000000000, -0.000000000000000000 ) ) ;
#10151 = CARTESIAN_POINT ( 'NONE',  ( -0.7549999999999994493, 0.5700000000000000622, -0.1440119375089354559 ) ) ;
#10152 = LINE ( 'NONE', #1414, #6208 ) ;
#10153 = AXIS2_PLACEMENT_3D ( 'NONE', #1344, #4287, #5982 ) ;
#10154 = ADVANCED_FACE ( 'NONE', ( #8597 ), #4466, .T. ) ;
#10155 = SURFACE_SIDE_STYLE ('',( #6313 ) ) ;
#10156 = FILL_AREA_STYLE ('',( #3546 ) ) ;
#10157 = ORIENTED_EDGE ( 'NONE', *, *, #7283, .F. ) ;
#10158 = CARTESIAN_POINT ( 'NONE',  ( 0.7549999999999981171, 0.5700000000000000622, -0.5940119375089355502 ) ) ;
#10159 = FILL_AREA_STYLE_COLOUR ( '', #6081 ) ;
#10160 = CARTESIAN_POINT ( 'NONE',  ( -0.7449999999999976641, 0.5600000000000000533, 0.5940119375089355502 ) ) ;
#10161 = DIRECTION ( 'NONE',  ( 0.000000000000000000, 1.000000000000000000, 0.000000000000000000 ) ) ;
#10162 = VERTEX_POINT ( 'NONE', #3543 ) ;
#10163 = DIRECTION ( 'NONE',  ( 0.000000000000000000, 1.000000000000000000, 0.000000000000000000 ) ) ;
#10164 = CARTESIAN_POINT ( 'NONE',  ( 1.000000000000000222, 0.5500000000000000444, 1.000000000000000000 ) ) ;
#10165 = SURFACE_STYLE_FILL_AREA ( #8219 ) ;
#10166 = EDGE_LOOP ( 'NONE', ( #5632, #10189, #3393, #5192 ) ) ;
#10167 = SURFACE_STYLE_USAGE ( .BOTH. , #7156 ) ;
#10168 = ADVANCED_FACE ( 'NONE', ( #7382 ), #11245, .T. ) ;
#10169 = PRESENTATION_LAYER_ASSIGNMENT (  '', '', ( #3925 ) ) ;
#10170 =( NAMED_UNIT ( * ) PLANE_ANGLE_UNIT ( ) SI_UNIT ( $, .RADIAN. ) );
#10171 = FILL_AREA_STYLE ('',( #8428 ) ) ;
#10172 = DIRECTION ( 'NONE',  ( 0.000000000000000000, 0.000000000000000000, -1.000000000000000000 ) ) ;
#10173 = FILL_AREA_STYLE_COLOUR ( '', #156 ) ;
#10174 =( LENGTH_UNIT ( ) NAMED_UNIT ( * ) SI_UNIT ( .MILLI., .METRE. ) );
#10175 =( LENGTH_UNIT ( ) NAMED_UNIT ( * ) SI_UNIT ( .MILLI., .METRE. ) );
#10176 = CARTESIAN_POINT ( 'NONE',  ( -0.9999999999999997780, 0.5500000000000000444, 1.000000000000000000 ) ) ;
#10177 = EDGE_LOOP ( 'NONE', ( #6241, #3558, #4254, #4807 ) ) ;
#10178 = AXIS2_PLACEMENT_3D ( 'NONE', #4673, #8570, #5687 ) ;
#10179 = VERTEX_POINT ( 'NONE', #6035 ) ;
#10180 = FILL_AREA_STYLE_COLOUR ( '', #10931 ) ;
#10181 = ORIENTED_EDGE ( 'NONE', *, *, #9509, .T. ) ;
#10182 = PRESENTATION_LAYER_ASSIGNMENT (  '', '', ( #4520 ) ) ;
#10183 = ORIENTED_EDGE ( 'NONE', *, *, #10088, .T. ) ;
#10184 = DIRECTION ( 'NONE',  ( 0.000000000000000000, -1.000000000000000000, 0.000000000000000000 ) ) ;
#10185 = SURFACE_SIDE_STYLE ('',( #2446 ) ) ;
#10186 = EDGE_CURVE ( 'NONE', #9801, #9782, #11661, .T. ) ;
#10187 = EDGE_CURVE ( 'NONE', #1626, #240, #8913, .T. ) ;
#10188 = CARTESIAN_POINT ( 'NONE',  ( -0.9999999999999997780, 0.4500000000000001776, 1.000000000000000000 ) ) ;
#10189 = ORIENTED_EDGE ( 'NONE', *, *, #1295, .F. ) ;
#10190 = AXIS2_PLACEMENT_3D ( 'NONE', #2397, #7253, #4505 ) ;
#10191 = AXIS2_PLACEMENT_3D ( 'NONE', #5813, #8757, #7784 ) ;
#10192 = EDGE_LOOP ( 'NONE', ( #2573, #1513, #5053, #5116 ) ) ;
#10193 = CARTESIAN_POINT ( 'NONE',  ( -0.01249999999999927384, 0.5500000000000000444, -1.000000000000000000 ) ) ;
#10194 = SURFACE_STYLE_USAGE ( .BOTH. , #7359 ) ;
#10195 = VERTEX_POINT ( 'NONE', #11611 ) ;
#10196 =( GEOMETRIC_REPRESENTATION_CONTEXT ( 3 ) GLOBAL_UNCERTAINTY_ASSIGNED_CONTEXT ( ( #3591 ) ) GLOBAL_UNIT_ASSIGNED_CONTEXT ( ( #4957, #2213, #9038 ) ) REPRESENTATION_CONTEXT ( 'NONE', 'WORKASPACE' ) );
#10197 = DIRECTION ( 'NONE',  ( -1.000000000000000000, 0.000000000000000000, -7.636510523315148333E-15 ) ) ;
#10198 = PRESENTATION_STYLE_ASSIGNMENT (( #6215 ) ) ;
#10199 = SURFACE_STYLE_USAGE ( .BOTH. , #8252 ) ;
#10200 = DIRECTION ( 'NONE',  ( -1.000000000000000000, 0.000000000000000000, -3.346796241128596237E-15 ) ) ;
#10201 = VECTOR ( 'NONE', #5906, 1000.000000000000000 ) ;
#10202 = ORIENTED_EDGE ( 'NONE', *, *, #4542, .T. ) ;
#10203 = DIRECTION ( 'NONE',  ( -0.000000000000000000, -1.000000000000000000, -0.000000000000000000 ) ) ;
#10204 = PRESENTATION_STYLE_ASSIGNMENT (( #3474 ) ) ;
#10205 = EDGE_CURVE ( 'NONE', #12377, #8492, #288, .T. ) ;
#10206 = AXIS2_PLACEMENT_3D ( 'NONE', #6360, #1526, #8336 ) ;
#10207 = EDGE_CURVE ( 'NONE', #1557, #5056, #2029, .T. ) ;
#10208 = CARTESIAN_POINT ( 'NONE',  ( -0.9159880624910602398, 0.5500000000000000444, 0.5940119375089365494 ) ) ;
#10209 = PRESENTATION_LAYER_ASSIGNMENT (  '', '', ( #7626 ) ) ;
#10210 = SURFACE_STYLE_FILL_AREA ( #2592 ) ;
#10212 = DIRECTION ( 'NONE',  ( -0.000000000000000000, 1.000000000000000000, -0.000000000000000000 ) ) ;
#10211 = COLOUR_RGB ( '',0.6666666666666666297, 0.6980392156862744724, 0.7686274509803920907 ) ;
#10213 = CARTESIAN_POINT ( 'NONE',  ( 0.4809880624910630176, 0.5600000000000000533, 0.9159880624910591296 ) ) ;
#10214 = COLOUR_RGB ( '',0.6666666666666666297, 0.6980392156862744724, 0.7686274509803920907 ) ;
#10215 =( NAMED_UNIT ( * ) PLANE_ANGLE_UNIT ( ) SI_UNIT ( $, .RADIAN. ) );
#10216 = COLOUR_RGB ( '',0.6666666666666666297, 0.6980392156862744724, 0.7686274509803920907 ) ;
#10217 = CARTESIAN_POINT ( 'NONE',  ( 0.7740119375089354881, 0.5500000000000000444, 0.7559880624910606528 ) ) ;
#10218 = MECHANICAL_DESIGN_GEOMETRIC_PRESENTATION_REPRESENTATION (  '', ( #2960 ), #11241 ) ;
#10219 = COLOUR_RGB ( '',0.6666666666666666297, 0.6980392156862744724, 0.7686274509803920907 ) ;
#10220 = CARTESIAN_POINT ( 'NONE',  ( -0.7549999999999993383, 0.5700000000000000622, 0.1440119375089355669 ) ) ;
#10221 = ADVANCED_FACE ( 'NONE', ( #2140 ), #973, .F. ) ;
#10222 = CIRCLE ( 'NONE', #1775, 0.02901193750893887174 ) ;
#10223 =( NAMED_UNIT ( * ) PLANE_ANGLE_UNIT ( ) SI_UNIT ( $, .RADIAN. ) );
#10224 = VERTEX_POINT ( 'NONE', #2962 ) ;
#10225 = DIRECTION ( 'NONE',  ( 2.008077744677158373E-15, 0.000000000000000000, 1.000000000000000000 ) ) ;
#10226 = MECHANICAL_DESIGN_GEOMETRIC_PRESENTATION_REPRESENTATION (  '', ( #593 ), #11637 ) ;
#10227 =( GEOMETRIC_REPRESENTATION_CONTEXT ( 3 ) GLOBAL_UNCERTAINTY_ASSIGNED_CONTEXT ( ( #353 ) ) GLOBAL_UNIT_ASSIGNED_CONTEXT ( ( #11604, #153, #3780 ) ) REPRESENTATION_CONTEXT ( 'NONE', 'WORKASPACE' ) );
#10228 = LINE ( 'NONE', #5276, #8327 ) ;
#10229 = ORIENTED_EDGE ( 'NONE', *, *, #3188, .F. ) ;
#10230 = FILL_AREA_STYLE ('',( #616 ) ) ;
#10231 = STYLED_ITEM ( 'NONE', ( #3083 ), #10670 ) ;
#10232 = VECTOR ( 'NONE', #3313, 1000.000000000000000 ) ;
#10233 = SURFACE_STYLE_FILL_AREA ( #12267 ) ;
#10234 = ORIENTED_EDGE ( 'NONE', *, *, #3530, .T. ) ;
#10235 = DIRECTION ( 'NONE',  ( 0.000000000000000000, -1.000000000000000000, 0.000000000000000000 ) ) ;
#10236 = CIRCLE ( 'NONE', #4973, 0.01901193750893743692 ) ;
#10237 = SURFACE_SIDE_STYLE ('',( #5488 ) ) ;
#10238 = ORIENTED_EDGE ( 'NONE', *, *, #11232, .F. ) ;
#10239 = AXIS2_PLACEMENT_3D ( 'NONE', #11933, #7195, #3295 ) ;
#10240 = TOROIDAL_SURFACE ( 'NONE', #11068, 0.02901193750893732784, 0.01000000000000000021 ) ;
#10241 = CARTESIAN_POINT ( 'NONE',  ( -0.7740119375089349329, 0.5700000000000000622, 0.7749999999999981348 ) ) ;
#10242 = VECTOR ( 'NONE', #1993, 1000.000000000000000 ) ;
#10243 = CARTESIAN_POINT ( 'NONE',  ( 0.9349999999999997202, 0.5700000000000000622, 0.1440119375089367049 ) ) ;
#10244 = MECHANICAL_DESIGN_GEOMETRIC_PRESENTATION_REPRESENTATION (  '', ( #8653 ), #11857 ) ;
#10245 = CYLINDRICAL_SURFACE ( 'NONE', #11446, 0.01901193750893743692 ) ;
#10246 =( NAMED_UNIT ( * ) SI_UNIT ( $, .STERADIAN. ) SOLID_ANGLE_UNIT ( ) );
#10247 = DIRECTION ( 'NONE',  ( 0.000000000000000000, -3.252606517456505098E-14, 1.000000000000000000 ) ) ;
#10248 = VECTOR ( 'NONE', #8622, 1000.000000000000000 ) ;
#10249 = COLOUR_RGB ( '',0.6666666666666666297, 0.6980392156862744724, 0.7686274509803920907 ) ;
#10250 = SURFACE_STYLE_FILL_AREA ( #8233 ) ;
#10251 = ORIENTED_EDGE ( 'NONE', *, *, #1203, .F. ) ;
#10252 = CARTESIAN_POINT ( 'NONE',  ( -0.9349999999999988320, 0.5600000000000000533, 0.3059880624910619185 ) ) ;
#10253 = SURFACE_STYLE_USAGE ( .BOTH. , #6143 ) ;
#10254 = VERTEX_POINT ( 'NONE', #6745 ) ;
#10255 = EDGE_LOOP ( 'NONE', ( #11754, #2123, #3611, #10368 ) ) ;
#10256 = CYLINDRICAL_SURFACE ( 'NONE', #9521, 0.01000000000000002623 ) ;
#10257 = ORIENTED_EDGE ( 'NONE', *, *, #1881, .F. ) ;
#10258 = CARTESIAN_POINT ( 'NONE',  ( 0.4809880624910630176, 0.5700000000000000622, 0.9159880624910591296 ) ) ;
#10259 =( NAMED_UNIT ( * ) PLANE_ANGLE_UNIT ( ) SI_UNIT ( $, .RADIAN. ) );
#10260 = CIRCLE ( 'NONE', #5391, 0.01000000000000002623 ) ;
#10261 =( NAMED_UNIT ( * ) SI_UNIT ( $, .STERADIAN. ) SOLID_ANGLE_UNIT ( ) );
#10262 = ORIENTED_EDGE ( 'NONE', *, *, #997, .T. ) ;
#10263 = ORIENTED_EDGE ( 'NONE', *, *, #11299, .T. ) ;
#10264 = CARTESIAN_POINT ( 'NONE',  ( -0.7740119375089361542, 0.5500000000000000444, -0.3349999999999981881 ) ) ;
#10265 = PRESENTATION_STYLE_ASSIGNMENT (( #10194 ) ) ;
#10266 = EDGE_LOOP ( 'NONE', ( #7167, #12354 ) ) ;
#10267 = FACE_OUTER_BOUND ( 'NONE', #7582, .T. ) ;
#10268 = CARTESIAN_POINT ( 'NONE',  ( -0.2899999999999999800, 0.5600000000000000533, -0.9159880624910602398 ) ) ;
#10269 = EDGE_CURVE ( 'NONE', #6200, #11308, #9853, .T. ) ;
#10270 = ORIENTED_EDGE ( 'NONE', *, *, #1285, .F. ) ;
#10271 = CARTESIAN_POINT ( 'NONE',  ( 0.9349999999999980549, 0.5700000000000000622, 0.7559880624910617630 ) ) ;
#10272 = ORIENTED_EDGE ( 'NONE', *, *, #9610, .T. ) ;
#10273 =( NAMED_UNIT ( * ) PLANE_ANGLE_UNIT ( ) SI_UNIT ( $, .RADIAN. ) );
#10274 = DIRECTION ( 'NONE',  ( 0.000000000000000000, 0.000000000000000000, -1.000000000000000000 ) ) ;
#10275 = CARTESIAN_POINT ( 'NONE',  ( -0.9159880624910599067, 0.5600000000000000533, 0.7849999999999992539 ) ) ;
#10276 = DIRECTION ( 'NONE',  ( 1.000000000000000000, 0.000000000000000000, -2.008077744677158373E-15 ) ) ;
#10277 = LINE ( 'NONE', #11236, #5456 ) ;
#10278 = VECTOR ( 'NONE', #3092, 1000.000000000000000 ) ;
#10279 =( LENGTH_UNIT ( ) NAMED_UNIT ( * ) SI_UNIT ( .MILLI., .METRE. ) );
#10280 = EDGE_CURVE ( 'NONE', #8667, #7913, #8732, .T. ) ;
#10281 = EDGE_CURVE ( 'NONE', #4355, #1606, #6812, .T. ) ;
#10282 = UNCERTAINTY_MEASURE_WITH_UNIT (LENGTH_MEASURE( 1.000000000000000082E-05 ), #60, 'distance_accuracy_value', 'NONE');
#10283 = AXIS2_PLACEMENT_3D ( 'NONE', #3731, #12325, #1785 ) ;
#10284 = CARTESIAN_POINT ( 'NONE',  ( -0.9449999999999976197, 0.5500000000000000444, -0.7559880624910617630 ) ) ;
#10285 = MECHANICAL_DESIGN_GEOMETRIC_PRESENTATION_REPRESENTATION (  '', ( #8093 ), #3649 ) ;
#10286 = CARTESIAN_POINT ( 'NONE',  ( 0.08098806249105741650, 0.5500000000000000444, -0.9450000000000005063 ) ) ;
#10287 = TOROIDAL_SURFACE ( 'NONE', #8887, 0.03000000000000000583, 0.01000000000000000021 ) ;
#10288 = FILL_AREA_STYLE_COLOUR ( '', #6819 ) ;
#10289 = ORIENTED_EDGE ( 'NONE', *, *, #897, .T. ) ;
#10290 = DIRECTION ( 'NONE',  ( -0.000000000000000000, -1.000000000000000000, -0.000000000000000000 ) ) ;
#10291 = COLOUR_RGB ( '',0.6666666666666666297, 0.6980392156862744724, 0.7686274509803920907 ) ;
#10292 = VERTEX_POINT ( 'NONE', #9726 ) ;
#10293 = DIRECTION ( 'NONE',  ( 0.000000000000000000, 0.000000000000000000, -1.000000000000000000 ) ) ;
#10294 =( GEOMETRIC_REPRESENTATION_CONTEXT ( 3 ) GLOBAL_UNCERTAINTY_ASSIGNED_CONTEXT ( ( #10282 ) ) GLOBAL_UNIT_ASSIGNED_CONTEXT ( ( #60, #3812, #3689 ) ) REPRESENTATION_CONTEXT ( 'NONE', 'WORKASPACE' ) );
#10295 =( NAMED_UNIT ( * ) PLANE_ANGLE_UNIT ( ) SI_UNIT ( $, .RADIAN. ) );
#10296 = EDGE_CURVE ( 'NONE', #4611, #5571, #1100, .T. ) ;
#10297 = FILL_AREA_STYLE_COLOUR ( '', #9104 ) ;
#10298 = CARTESIAN_POINT ( 'NONE',  ( -0.3000000000000000444, 0.5700000000000000622, 0.9159880624910602398 ) ) ;
#10299 = COLOUR_RGB ( '',0.6666666666666666297, 0.6980392156862744724, 0.7686274509803920907 ) ;
#10300 = UNCERTAINTY_MEASURE_WITH_UNIT (LENGTH_MEASURE( 1.000000000000000082E-05 ), #3063, 'distance_accuracy_value', 'NONE');
#10301 =( NAMED_UNIT ( * ) PLANE_ANGLE_UNIT ( ) SI_UNIT ( $, .RADIAN. ) );
#10302 = VERTEX_POINT ( 'NONE', #12024 ) ;
#10303 = FILL_AREA_STYLE ('',( #4479 ) ) ;
#10304 = STYLED_ITEM ( 'NONE', ( #10361 ), #1112 ) ;
#10305 = AXIS2_PLACEMENT_3D ( 'NONE', #7861, #5705, #5648 ) ;
#10306 = FILL_AREA_STYLE_COLOUR ( '', #764 ) ;
#10307 = VECTOR ( 'NONE', #4350, 1000.000000000000000 ) ;
#10308 =( NAMED_UNIT ( * ) SI_UNIT ( $, .STERADIAN. ) SOLID_ANGLE_UNIT ( ) );
#10309 = SURFACE_SIDE_STYLE ('',( #1735 ) ) ;
#10310 =( GEOMETRIC_REPRESENTATION_CONTEXT ( 3 ) GLOBAL_UNCERTAINTY_ASSIGNED_CONTEXT ( ( #228 ) ) GLOBAL_UNIT_ASSIGNED_CONTEXT ( ( #2122, #9879, #6009 ) ) REPRESENTATION_CONTEXT ( 'NONE', 'WORKASPACE' ) );
#10311 =( LENGTH_UNIT ( ) NAMED_UNIT ( * ) SI_UNIT ( .MILLI., .METRE. ) );
#10312 = CARTESIAN_POINT ( 'NONE',  ( 0.1099999999999968225, 0.5600000000000000533, -0.9159880624910630154 ) ) ;
#10313 = DIRECTION ( 'NONE',  ( 0.000000000000000000, 0.000000000000000000, 1.000000000000000000 ) ) ;
#10314 = MECHANICAL_DESIGN_GEOMETRIC_PRESENTATION_REPRESENTATION (  '', ( #9525 ), #9922 ) ;
#10315 = PRESENTATION_LAYER_ASSIGNMENT (  '', '', ( #5653 ) ) ;
#10316 = FACE_OUTER_BOUND ( 'NONE', #10558, .T. ) ;
#10317 = ORIENTED_EDGE ( 'NONE', *, *, #11347, .F. ) ;
#10318 = DIRECTION ( 'NONE',  ( -0.000000000000000000, -0.000000000000000000, -1.000000000000000000 ) ) ;
#10319 = VECTOR ( 'NONE', #9729, 1000.000000000000000 ) ;
#10320 =( NAMED_UNIT ( * ) PLANE_ANGLE_UNIT ( ) SI_UNIT ( $, .RADIAN. ) );
#10321 = VERTEX_POINT ( 'NONE', #10264 ) ;
#10322 = CIRCLE ( 'NONE', #1080, 0.01000000000000002623 ) ;
#10323 = ORIENTED_EDGE ( 'NONE', *, *, #302, .F. ) ;
#10324 = PRESENTATION_LAYER_ASSIGNMENT (  '', '', ( #874 ) ) ;
#10325 = DIRECTION ( 'NONE',  ( 1.000000000000000000, 0.000000000000000000, 0.000000000000000000 ) ) ;
#10326 = LINE ( 'NONE', #12093, #2357 ) ;
#10327 = STYLED_ITEM ( 'NONE', ( #8474 ), #1363 ) ;
#10328 = CIRCLE ( 'NONE', #6293, 0.01000000000000002623 ) ;
#10329 = EDGE_CURVE ( 'NONE', #8006, #7085, #1206, .T. ) ;
#10330 = ORIENTED_EDGE ( 'NONE', *, *, #7443, .F. ) ;
#10331 = ORIENTED_EDGE ( 'NONE', *, *, #5931, .F. ) ;
#10332 =( NAMED_UNIT ( * ) SI_UNIT ( $, .STERADIAN. ) SOLID_ANGLE_UNIT ( ) );
#10333 = CARTESIAN_POINT ( 'NONE',  ( 0.3860991889048494552, 0.5500000000000000444, -0.4841379310344829379 ) ) ;
#10334 = VERTEX_POINT ( 'NONE', #9907 ) ;
#10335 =( NAMED_UNIT ( * ) PLANE_ANGLE_UNIT ( ) SI_UNIT ( $, .RADIAN. ) );
#10336 = FILL_AREA_STYLE_COLOUR ( '', #8767 ) ;
#10337 = PRESENTATION_LAYER_ASSIGNMENT (  '', '', ( #10535 ) ) ;
#10338 = DIRECTION ( 'NONE',  ( 0.000000000000000000, -1.000000000000000000, 0.000000000000000000 ) ) ;
#10339 = DIRECTION ( 'NONE',  ( 0.000000000000000000, 0.000000000000000000, -1.000000000000000000 ) ) ;
#10340 = SURFACE_SIDE_STYLE ('',( #773 ) ) ;
#10341 = ORIENTED_EDGE ( 'NONE', *, *, #3576, .T. ) ;
#10342 =( LENGTH_UNIT ( ) NAMED_UNIT ( * ) SI_UNIT ( .MILLI., .METRE. ) );
#10343 = AXIS2_PLACEMENT_3D ( 'NONE', #12452, #1915, #2729 ) ;
#10344 = ADVANCED_FACE ( 'NONE', ( #5374 ), #4400, .F. ) ;
#10345 = CARTESIAN_POINT ( 'NONE',  ( -0.9999999999999997780, 0.4750000000000001443, 1.000000000000000000 ) ) ;
#10346 =( LENGTH_UNIT ( ) NAMED_UNIT ( * ) SI_UNIT ( .MILLI., .METRE. ) );
#10347 = FILL_AREA_STYLE_COLOUR ( '', #4300 ) ;
#10348 = DIRECTION ( 'NONE',  ( 0.000000000000000000, 0.000000000000000000, -1.000000000000000000 ) ) ;
#10349 =( NAMED_UNIT ( * ) PLANE_ANGLE_UNIT ( ) SI_UNIT ( $, .RADIAN. ) );
#10350 = LINE ( 'NONE', #6431, #3314 ) ;
#10351 = ADVANCED_FACE ( 'NONE', ( #4499 ), #11628, .F. ) ;
#10352 = EDGE_CURVE ( 'NONE', #11094, #11892, #2995, .T. ) ;
#10353 = EDGE_LOOP ( 'NONE', ( #8248, #6020, #10382, #5415 ) ) ;
#10354 = MECHANICAL_DESIGN_GEOMETRIC_PRESENTATION_REPRESENTATION (  '', ( #308 ), #10560 ) ;
#10355 =( NAMED_UNIT ( * ) SI_UNIT ( $, .STERADIAN. ) SOLID_ANGLE_UNIT ( ) );
#10356 = CARTESIAN_POINT ( 'NONE',  ( 0.7740119375089370424, 0.5700000000000000622, 0.3059880624910606972 ) ) ;
#10357 = FACE_OUTER_BOUND ( 'NONE', #11812, .T. ) ;
#10358 = ORIENTED_EDGE ( 'NONE', *, *, #10329, .T. ) ;
#10359 =( NAMED_UNIT ( * ) SI_UNIT ( $, .STERADIAN. ) SOLID_ANGLE_UNIT ( ) );
#10360 =( NAMED_UNIT ( * ) SI_UNIT ( $, .STERADIAN. ) SOLID_ANGLE_UNIT ( ) );
#10361 = PRESENTATION_STYLE_ASSIGNMENT (( #11257 ) ) ;
#10362 = CARTESIAN_POINT ( 'NONE',  ( 0.8000000000000002665, 0.000000000000000000, -0.9000000000000001332 ) ) ;
#10363 = VECTOR ( 'NONE', #11108, 1000.000000000000000 ) ;
#10364 = CARTESIAN_POINT ( 'NONE',  ( -0.5100000000000000089, 0.5500000000000000444, -0.4800000000000002043 ) ) ;
#10365 = AXIS2_PLACEMENT_3D ( 'NONE', #8674, #10614, #2798 ) ;
#10366 = PRESENTATION_STYLE_ASSIGNMENT (( #10613 ) ) ;
#10367 = DIRECTION ( 'NONE',  ( 0.000000000000000000, 0.000000000000000000, -1.000000000000000000 ) ) ;
#10368 = ORIENTED_EDGE ( 'NONE', *, *, #756, .F. ) ;
#10369 = PRESENTATION_STYLE_ASSIGNMENT (( #9604 ) ) ;
#10370 = EDGE_CURVE ( 'NONE', #11042, #5220, #346, .T. ) ;
#10371 = SURFACE_STYLE_FILL_AREA ( #6516 ) ;
#10372 = EDGE_CURVE ( 'NONE', #7340, #3325, #9190, .T. ) ;
#10374 = CYLINDRICAL_SURFACE ( 'NONE', #11713, 0.009999999999999998473 ) ;
#10373 = VECTOR ( 'NONE', #7755, 1000.000000000000000 ) ;
#10375 = DIRECTION ( 'NONE',  ( 1.000000000000000000, -0.000000000000000000, -7.362951730482913772E-15 ) ) ;
#10376 = CARTESIAN_POINT ( 'NONE',  ( -0.01250000000000014121, 0.4500000000000001221, 1.000000000000000000 ) ) ;
#10377 = ORIENTED_EDGE ( 'NONE', *, *, #2086, .F. ) ;
#10378 = PRESENTATION_STYLE_ASSIGNMENT (( #879 ) ) ;
#10379 = ORIENTED_EDGE ( 'NONE', *, *, #1425, .F. ) ;
#10380 =( LENGTH_UNIT ( ) NAMED_UNIT ( * ) SI_UNIT ( .MILLI., .METRE. ) );
#10381 = AXIS2_PLACEMENT_3D ( 'NONE', #7184, #9089, #6425 ) ;
#10382 = ORIENTED_EDGE ( 'NONE', *, *, #11384, .F. ) ;
#10383 = EDGE_LOOP ( 'NONE', ( #1546, #6782, #69, #1254 ) ) ;
#10384 = FILL_AREA_STYLE_COLOUR ( '', #10591 ) ;
#10385 = DIRECTION ( 'NONE',  ( 0.000000000000000000, 0.000000000000000000, -1.000000000000000000 ) ) ;
#10386 = ADVANCED_FACE ( 'NONE', ( #4439 ), #3827, .F. ) ;
#10387 = ORIENTED_EDGE ( 'NONE', *, *, #8195, .F. ) ;
#10388 = DIRECTION ( 'NONE',  ( -1.000000000000000000, 0.000000000000000000, 7.362951730482916928E-15 ) ) ;
#10389 = CARTESIAN_POINT ( 'NONE',  ( 0.1099999999999973360, 0.5500000000000000444, 0.7740119375089385967 ) ) ;
#10390 = ORIENTED_EDGE ( 'NONE', *, *, #4783, .T. ) ;
#10391 = DIRECTION ( 'NONE',  ( 0.000000000000000000, -1.000000000000000000, 0.000000000000000000 ) ) ;
#10392 = MECHANICAL_DESIGN_GEOMETRIC_PRESENTATION_REPRESENTATION (  '', ( #10792 ), #5318 ) ;
#10393 = SURFACE_SIDE_STYLE ('',( #8458 ) ) ;
#10394 = CARTESIAN_POINT ( 'NONE',  ( 0.8000000000000002665, 0.02000000000000000042, -0.6999999999999997335 ) ) ;
#10395 = DIRECTION ( 'NONE',  ( -1.084202172485501594E-14, 0.000000000000000000, 1.000000000000000000 ) ) ;
#10396 = PRESENTATION_STYLE_ASSIGNMENT (( #2763 ) ) ;
#10397 = VECTOR ( 'NONE', #315, 1000.000000000000000 ) ;
#10398 = UNCERTAINTY_MEASURE_WITH_UNIT (LENGTH_MEASURE( 1.000000000000000082E-05 ), #7442, 'distance_accuracy_value', 'NONE');
#10399 = ORIENTED_EDGE ( 'NONE', *, *, #8005, .T. ) ;
#10400 =( NAMED_UNIT ( * ) SI_UNIT ( $, .STERADIAN. ) SOLID_ANGLE_UNIT ( ) );
#10401 =( GEOMETRIC_REPRESENTATION_CONTEXT ( 3 ) GLOBAL_UNCERTAINTY_ASSIGNED_CONTEXT ( ( #3111 ) ) GLOBAL_UNIT_ASSIGNED_CONTEXT ( ( #1240, #3117, #5042 ) ) REPRESENTATION_CONTEXT ( 'NONE', 'WORKASPACE' ) );
#10402 = CARTESIAN_POINT ( 'NONE',  ( -0.08098806249106238475, 0.5600000000000000533, -0.9349999999999992761 ) ) ;
#10403 = MECHANICAL_DESIGN_GEOMETRIC_PRESENTATION_REPRESENTATION (  '', ( #5129 ), #10196 ) ;
#10404 = FILL_AREA_STYLE ('',( #6542 ) ) ;
#10405 = CYLINDRICAL_SURFACE ( 'NONE', #7862, 0.01901193750893743692 ) ;
#10406 = CARTESIAN_POINT ( 'NONE',  ( 0.9159880624910606839, 0.5700000000000000622, 0.5940119375089365494 ) ) ;
#10407 = ORIENTED_EDGE ( 'NONE', *, *, #9072, .F. ) ;
#10408 = CIRCLE ( 'NONE', #10190, 0.01000000000000002623 ) ;
#10410 = DIRECTION ( 'NONE',  ( -1.000000000000000000, -0.000000000000000000, -6.024233234031475909E-15 ) ) ;
#10409 = LINE ( 'NONE', #964, #2500 ) ;
#10411 = CARTESIAN_POINT ( 'NONE',  ( 0.7740119375089370424, 0.5500000000000000444, 0.1440119375089355669 ) ) ;
#10412 = EDGE_CURVE ( 'NONE', #12156, #9065, #5978, .T. ) ;
#10413 = CARTESIAN_POINT ( 'NONE',  ( 0.09999999999999679978, 0.5700000000000000622, 0.9159880624910630154 ) ) ;
#10414 = EDGE_CURVE ( 'NONE', #11711, #10195, #11639, .T. ) ;
#10415 = UNCERTAINTY_MEASURE_WITH_UNIT (LENGTH_MEASURE( 1.000000000000000082E-05 ), #2085, 'distance_accuracy_value', 'NONE');
#10416 = SURFACE_SIDE_STYLE ('',( #2721 ) ) ;
#10417 = DIRECTION ( 'NONE',  ( 5.524533489033711078E-13, 0.000000000000000000, -1.000000000000000000 ) ) ;
#10418 = VECTOR ( 'NONE', #9703, 1000.000000000000000 ) ;
#10419 = CARTESIAN_POINT ( 'NONE',  ( 1.000000000000000222, 0.4500000000000000111, -0.2125000000000008826 ) ) ;
#10420 = PRESENTATION_LAYER_ASSIGNMENT (  '', '', ( #5347 ) ) ;
#10421 = ORIENTED_EDGE ( 'NONE', *, *, #11649, .F. ) ;
#10422 = PLANE ( 'NONE',  #5975 ) ;
#10423 = EDGE_CURVE ( 'NONE', #11490, #6649, #2817, .T. ) ;
#10424 = CIRCLE ( 'NONE', #3168, 0.01000000000000002623 ) ;
#10425 = EDGE_CURVE ( 'NONE', #5822, #6649, #11445, .T. ) ;
#10426 = DIRECTION ( 'NONE',  ( 1.000000000000000000, 0.000000000000000000, 0.000000000000000000 ) ) ;
#10427 = VECTOR ( 'NONE', #4620, 1000.000000000000000 ) ;
#10428 = EDGE_CURVE ( 'NONE', #2735, #6129, #10460, .T. ) ;
#10429 = UNCERTAINTY_MEASURE_WITH_UNIT (LENGTH_MEASURE( 1.000000000000000082E-05 ), #11188, 'distance_accuracy_value', 'NONE');
#10430 = FILL_AREA_STYLE ('',( #2925 ) ) ;
#10431 = EDGE_LOOP ( 'NONE', ( #304, #11454, #9484, #9259 ) ) ;
#10432 = CIRCLE ( 'NONE', #11643, 0.02901193750893746315 ) ;
#10433 = STYLED_ITEM ( 'NONE', ( #8071 ), #11762 ) ;
#10434 = AXIS2_PLACEMENT_3D ( 'NONE', #6798, #11668, #10662 ) ;
#10435 =( NAMED_UNIT ( * ) PLANE_ANGLE_UNIT ( ) SI_UNIT ( $, .RADIAN. ) );
#10436 = AXIS2_PLACEMENT_3D ( 'NONE', #12416, #11400, #6714 ) ;
#10437 = COLOUR_RGB ( '',0.6666666666666666297, 0.6980392156862744724, 0.7686274509803920907 ) ;
#10438 = AXIS2_PLACEMENT_3D ( 'NONE', #2113, #9747, #8815 ) ;
#10439 = SURFACE_STYLE_FILL_AREA ( #2741 ) ;
#10440 = CARTESIAN_POINT ( 'NONE',  ( -0.3875000000000001221, 0.4750000000000000888, 1.000000000000000000 ) ) ;
#10441 = AXIS2_PLACEMENT_3D ( 'NONE', #6904, #7901, #9611 ) ;
#10442 = DIRECTION ( 'NONE',  ( -0.000000000000000000, -1.000000000000000000, -0.000000000000000000 ) ) ;
#10443 = DIRECTION ( 'NONE',  ( -0.000000000000000000, 0.000000000000000000, 1.000000000000000000 ) ) ;
#10444 = CYLINDRICAL_SURFACE ( 'NONE', #9048, 0.01999999999999999695 ) ;
#10445 = VERTEX_POINT ( 'NONE', #7553 ) ;
#10446 = CARTESIAN_POINT ( 'NONE',  ( 1.000000000000000222, 0.4749999999999999223, 0.2374999999999991007 ) ) ;
#10447 =( GEOMETRIC_REPRESENTATION_CONTEXT ( 3 ) GLOBAL_UNCERTAINTY_ASSIGNED_CONTEXT ( ( #10415 ) ) GLOBAL_UNIT_ASSIGNED_CONTEXT ( ( #2085, #5959, #1214 ) ) REPRESENTATION_CONTEXT ( 'NONE', 'WORKASPACE' ) );
#10448 = AXIS2_PLACEMENT_3D ( 'NONE', #2286, #10799, #6106 ) ;
#10449 = EDGE_CURVE ( 'NONE', #10321, #10489, #7617, .T. ) ;
#10451 = DIRECTION ( 'NONE',  ( 0.000000000000000000, 1.000000000000000000, 0.000000000000000000 ) ) ;
#10450 = PRESENTATION_LAYER_ASSIGNMENT (  '', '', ( #10231 ) ) ;
#10452 = EDGE_LOOP ( 'NONE', ( #11213, #9603, #4501, #9137 ) ) ;
#10453 = VERTEX_POINT ( 'NONE', #1011 ) ;
#10454 = DIRECTION ( 'NONE',  ( -0.000000000000000000, -1.000000000000000000, -0.000000000000000000 ) ) ;
#10455 = PLANE ( 'NONE',  #10178 ) ;
#10456 = TOROIDAL_SURFACE ( 'NONE', #2434, 0.02901193750893755682, 0.01000000000000000021 ) ;
#10457 =( LENGTH_UNIT ( ) NAMED_UNIT ( * ) SI_UNIT ( .MILLI., .METRE. ) );
#10458 = EDGE_LOOP ( 'NONE', ( #892, #10829, #10377, #1371 ) ) ;
#10459 = ORIENTED_EDGE ( 'NONE', *, *, #5358, .F. ) ;
#10460 = LINE ( 'NONE', #6650, #596 ) ;
#10461 = AXIS2_PLACEMENT_3D ( 'NONE', #9480, #9655, #10417 ) ;
#10462 = EDGE_LOOP ( 'NONE', ( #9144, #4258, #4791, #1138 ) ) ;
#10464 = CARTESIAN_POINT ( 'NONE',  ( -0.08098806249106234312, 0.5600000000000000533, -0.7740119375089372644 ) ) ;
#10463 = AXIS2_PLACEMENT_3D ( 'NONE', #3520, #5077, #4154 ) ;
#10465 = VERTEX_POINT ( 'NONE', #1885 ) ;
#10466 = CARTESIAN_POINT ( 'NONE',  ( 0.9159880624910603508, 0.5600000000000000533, -0.7849999999999992539 ) ) ;
#10467 = CARTESIAN_POINT ( 'NONE',  ( 0.7549999999999997824, 0.5700000000000000622, -0.1440119375089355114 ) ) ;
#10468 = DIRECTION ( 'NONE',  ( 0.000000000000000000, 0.000000000000000000, -1.000000000000000000 ) ) ;
#10469 = ORIENTED_EDGE ( 'NONE', *, *, #7127, .T. ) ;
#10470 = LINE ( 'NONE', #35, #12455 ) ;
#10471 = EDGE_CURVE ( 'NONE', #11787, #6336, #2758, .T. ) ;
#10472 = DIRECTION ( 'NONE',  ( 4.016155489354316747E-15, -0.000000000000000000, -1.000000000000000000 ) ) ;
#10473 = ORIENTED_EDGE ( 'NONE', *, *, #11798, .F. ) ;
#10474 = AXIS2_PLACEMENT_3D ( 'NONE', #5341, #4299, #6319 ) ;
#10475 = AXIS2_PLACEMENT_3D ( 'NONE', #7938, #9774, #6096 ) ;
#10476 =( NAMED_UNIT ( * ) PLANE_ANGLE_UNIT ( ) SI_UNIT ( $, .RADIAN. ) );
#10477 = FILL_AREA_STYLE ('',( #3715 ) ) ;
#10478 = DIRECTION ( 'NONE',  ( 0.000000000000000000, 0.000000000000000000, -1.000000000000000000 ) ) ;
#10479 = DIRECTION ( 'NONE',  ( -1.000000000000000000, -0.000000000000000000, 6.693592482257194052E-15 ) ) ;
#10480 = PRESENTATION_STYLE_ASSIGNMENT (( #12315 ) ) ;
#10481 = FILL_AREA_STYLE_COLOUR ( '', #1592 ) ;
#10482 = DIRECTION ( 'NONE',  ( -0.000000000000000000, -1.000000000000000000, -0.000000000000000000 ) ) ;
#10483 = DIRECTION ( 'NONE',  ( 1.084202172485501594E-14, 0.000000000000000000, -1.000000000000000000 ) ) ;
#10484 = CIRCLE ( 'NONE', #4418, 0.01901193750893743692 ) ;
#10485 = CARTESIAN_POINT ( 'NONE',  ( 0.7740119375089352660, 0.5500000000000000444, 0.7849999999999981437 ) ) ;
#10486 = EDGE_CURVE ( 'NONE', #8245, #4997, #5689, .T. ) ;
#10487 = DIRECTION ( 'NONE',  ( 1.000000000000000000, -0.000000000000000000, -0.000000000000000000 ) ) ;
#10488 = EDGE_LOOP ( 'NONE', ( #11627, #3510, #7424, #4551 ) ) ;
#10489 = VERTEX_POINT ( 'NONE', #5748 ) ;
#10490 =( NAMED_UNIT ( * ) PLANE_ANGLE_UNIT ( ) SI_UNIT ( $, .RADIAN. ) );
#10491 = LINE ( 'NONE', #5537, #8207 ) ;
#10492 = AXIS2_PLACEMENT_3D ( 'NONE', #3850, #1156, #7703 ) ;
#10493 = VERTEX_POINT ( 'NONE', #76 ) ;
#10494 = COLOUR_RGB ( '',0.6666666666666666297, 0.6980392156862744724, 0.7686274509803920907 ) ;
#10495 = ORIENTED_EDGE ( 'NONE', *, *, #12307, .T. ) ;
#10496 =( NAMED_UNIT ( * ) PLANE_ANGLE_UNIT ( ) SI_UNIT ( $, .RADIAN. ) );
#10497 = SURFACE_STYLE_USAGE ( .BOTH. , #11381 ) ;
#10498 = COLOUR_RGB ( '',0.6666666666666666297, 0.6980392156862744724, 0.7686274509803920907 ) ;
#10499 = ADVANCED_FACE ( 'NONE', ( #7732 ), #11583, .F. ) ;
#10500 =( NAMED_UNIT ( * ) PLANE_ANGLE_UNIT ( ) SI_UNIT ( $, .RADIAN. ) );
#10501 = DIRECTION ( 'NONE',  ( 1.084202172485501594E-14, 0.000000000000000000, 1.000000000000000000 ) ) ;
#10502 = DIRECTION ( 'NONE',  ( -1.000000000000000000, 0.000000000000000000, 3.346796241128596237E-15 ) ) ;
#10503 = VECTOR ( 'NONE', #12204, 1000.000000000000000 ) ;
#10504 = DIRECTION ( 'NONE',  ( -0.000000000000000000, -1.000000000000000000, -0.000000000000000000 ) ) ;
#10505 = ORIENTED_EDGE ( 'NONE', *, *, #7343, .T. ) ;
#10506 = CARTESIAN_POINT ( 'NONE',  ( 0.5100000000000000089, 0.5500000000000000444, -0.3563859338365494844 ) ) ;
#10507 = CARTESIAN_POINT ( 'NONE',  ( -0.4800000000000000377, 0.5500000000000000444, 0.5099999999999997868 ) ) ;
#10508 = AXIS2_PLACEMENT_3D ( 'NONE', #4274, #5122, #8058 ) ;
#10509 = TOROIDAL_SURFACE ( 'NONE', #5851, 0.02901193750893732784, 0.01000000000000000021 ) ;
#10510 = FILL_AREA_STYLE_COLOUR ( '', #6484 ) ;
#10511 = VECTOR ( 'NONE', #453, 1000.000000000000000 ) ;
#10513 = ORIENTED_EDGE ( 'NONE', *, *, #10534, .T. ) ;
#10512 = MECHANICAL_DESIGN_GEOMETRIC_PRESENTATION_REPRESENTATION (  '', ( #12342 ), #10102 ) ;
#10514 = ORIENTED_EDGE ( 'NONE', *, *, #12349, .F. ) ;
#10515 = FILL_AREA_STYLE ('',( #10631 ) ) ;
#10516 = COLOUR_RGB ( '',0.6666666666666666297, 0.6980392156862744724, 0.7686274509803920907 ) ;
#10517 = CARTESIAN_POINT ( 'NONE',  ( 0.7740119375089370424, 0.5500000000000000444, -0.3059880624910606972 ) ) ;
#10518 = EDGE_CURVE ( 'NONE', #10489, #10708, #5149, .T. ) ;
#10519 = FILL_AREA_STYLE ('',( #5629 ) ) ;
#10520 = ADVANCED_FACE ( 'NONE', ( #6512 ), #2779, .F. ) ;
#10521 =( NAMED_UNIT ( * ) SI_UNIT ( $, .STERADIAN. ) SOLID_ANGLE_UNIT ( ) );
#10522 = MECHANICAL_DESIGN_GEOMETRIC_PRESENTATION_REPRESENTATION (  '', ( #12129 ), #7296 ) ;
#10523 = PRESENTATION_LAYER_ASSIGNMENT (  '', '', ( #5454 ) ) ;
#10524 = DIRECTION ( 'NONE',  ( 0.000000000000000000, -1.000000000000000000, 0.000000000000000000 ) ) ;
#10525 = ORIENTED_EDGE ( 'NONE', *, *, #5303, .F. ) ;
#10526 = FILL_AREA_STYLE_COLOUR ( '', #1766 ) ;
#10527 = VECTOR ( 'NONE', #9691, 1000.000000000000000 ) ;
#10528 = EDGE_LOOP ( 'NONE', ( #1565, #10965, #9697, #1949 ) ) ;
#10529 = VECTOR ( 'NONE', #2657, 1000.000000000000000 ) ;
#10530 = PRESENTATION_LAYER_ASSIGNMENT (  '', '', ( #1870 ) ) ;
#10531 = FILL_AREA_STYLE ('',( #3770 ) ) ;
#10532 = LINE ( 'NONE', #9471, #376 ) ;
#10533 = LINE ( 'NONE', #902, #3040 ) ;
#10534 = EDGE_CURVE ( 'NONE', #7249, #3338, #4477, .T. ) ;
#10535 = STYLED_ITEM ( 'NONE', ( #1114 ), #7332 ) ;
#10536 = FACE_OUTER_BOUND ( 'NONE', #7043, .T. ) ;
#10537 = FILL_AREA_STYLE_COLOUR ( '', #12320 ) ;
#10538 = VECTOR ( 'NONE', #10103, 1000.000000000000000 ) ;
#10539 = FACE_OUTER_BOUND ( 'NONE', #6538, .T. ) ;
#10540 =( LENGTH_UNIT ( ) NAMED_UNIT ( * ) SI_UNIT ( .MILLI., .METRE. ) );
#10541 = FACE_OUTER_BOUND ( 'NONE', #8768, .T. ) ;
#10542 = UNCERTAINTY_MEASURE_WITH_UNIT (LENGTH_MEASURE( 1.000000000000000082E-05 ), #7880, 'distance_accuracy_value', 'NONE');
#10543 = PRESENTATION_LAYER_ASSIGNMENT (  '', '', ( #3490 ) ) ;
#10544 = FILL_AREA_STYLE ('',( #5716 ) ) ;
#10545 = SURFACE_SIDE_STYLE ('',( #12255 ) ) ;
#10546 = CARTESIAN_POINT ( 'NONE',  ( 0.3190119375089376375, 0.5500000000000000444, 0.7449999999999977751 ) ) ;
#10547 = EDGE_CURVE ( 'NONE', #3336, #504, #11200, .T. ) ;
#10548 = CARTESIAN_POINT ( 'NONE',  ( -0.2899999999999999800, 0.5500000000000000444, -0.7740119375089351550 ) ) ;
#10549 = CYLINDRICAL_SURFACE ( 'NONE', #8065, 0.01901193750893743692 ) ;
#10550 =( GEOMETRIC_REPRESENTATION_CONTEXT ( 3 ) GLOBAL_UNCERTAINTY_ASSIGNED_CONTEXT ( ( #7903 ) ) GLOBAL_UNIT_ASSIGNED_CONTEXT ( ( #8337, #1591, #11238 ) ) REPRESENTATION_CONTEXT ( 'NONE', 'WORKASPACE' ) );
#10551 = EDGE_LOOP ( 'NONE', ( #6660, #1353, #7545, #12003 ) ) ;
#10552 = DIRECTION ( 'NONE',  ( -0.000000000000000000, -1.000000000000000000, -0.000000000000000000 ) ) ;
#10553 = CARTESIAN_POINT ( 'NONE',  ( -0.7549999999999993383, 0.5700000000000000622, 0.1440119375089355669 ) ) ;
#10554 = LINE ( 'NONE', #4709, #11731 ) ;
#10555 = ADVANCED_FACE ( 'NONE', ( #548 ), #682, .F. ) ;
#10556 =( LENGTH_UNIT ( ) NAMED_UNIT ( * ) SI_UNIT ( .MILLI., .METRE. ) );
#10557 = CARTESIAN_POINT ( 'NONE',  ( -0.9159880624910617941, 0.5600000000000000533, -0.1440119375089366216 ) ) ;
#10558 = EDGE_LOOP ( 'NONE', ( #11969, #4077, #564, #2390 ) ) ;
#10559 = DIRECTION ( 'NONE',  ( -1.084202172485501594E-14, -1.000000000000000000, 0.000000000000000000 ) ) ;
#10560 =( GEOMETRIC_REPRESENTATION_CONTEXT ( 3 ) GLOBAL_UNCERTAINTY_ASSIGNED_CONTEXT ( ( #4860 ) ) GLOBAL_UNIT_ASSIGNED_CONTEXT ( ( #8366, #400, #5190 ) ) REPRESENTATION_CONTEXT ( 'NONE', 'WORKASPACE' ) );
#10561 = DIRECTION ( 'NONE',  ( -0.000000000000000000, -1.000000000000000000, -0.000000000000000000 ) ) ;
#10562 =( GEOMETRIC_REPRESENTATION_CONTEXT ( 3 ) GLOBAL_UNCERTAINTY_ASSIGNED_CONTEXT ( ( #742 ) ) GLOBAL_UNIT_ASSIGNED_CONTEXT ( ( #5310, #1637, #7676 ) ) REPRESENTATION_CONTEXT ( 'NONE', 'WORKASPACE' ) );
#10563 = AXIS2_PLACEMENT_3D ( 'NONE', #11746, #3099, #6948 ) ;
#10564 = EDGE_LOOP ( 'NONE', ( #1692, #3310, #6641, #9935 ) ) ;
#10565 = CARTESIAN_POINT ( 'NONE',  ( -0.9349999999999993872, 0.5600000000000000533, -0.1440119375089365938 ) ) ;
#10566 = EDGE_LOOP ( 'NONE', ( #6284, #3114, #7808, #8041 ) ) ;
#10567 = FACE_OUTER_BOUND ( 'NONE', #2562, .T. ) ;
#10568 = VERTEX_POINT ( 'NONE', #486 ) ;
#10569 = EDGE_CURVE ( 'NONE', #2828, #5882, #6316, .T. ) ;
#10570 = VERTEX_POINT ( 'NONE', #12068 ) ;
#10571 = ORIENTED_EDGE ( 'NONE', *, *, #3769, .T. ) ;
#10572 = CIRCLE ( 'NONE', #3920, 0.01901193750893743692 ) ;
#10573 = SURFACE_STYLE_FILL_AREA ( #6712 ) ;
#10574 = VERTEX_POINT ( 'NONE', #3425 ) ;
#10575 = CARTESIAN_POINT ( 'NONE',  ( 0.5000000000000000000, 0.5700000000000000622, -0.5000000000000002220 ) ) ;
#10576 = PRESENTATION_STYLE_ASSIGNMENT (( #11401 ) ) ;
#10577 = DIRECTION ( 'NONE',  ( 0.000000000000000000, 0.000000000000000000, -1.000000000000000000 ) ) ;
#10578 = LINE ( 'NONE', #8821, #5460 ) ;
#10579 = PLANE ( 'NONE',  #9954 ) ;
#10580 = CARTESIAN_POINT ( 'NONE',  ( 1.000000000000000222, 0.5500000000000000444, -0.6875000000000009992 ) ) ;
#10581 = ORIENTED_EDGE ( 'NONE', *, *, #10186, .F. ) ;
#10583 = DIRECTION ( 'NONE',  ( 0.000000000000000000, -1.000000000000000000, 0.000000000000000000 ) ) ;
#10582 = COLOUR_RGB ( '',0.6666666666666666297, 0.6980392156862744724, 0.7686274509803920907 ) ;
#10584 = DIRECTION ( 'NONE',  ( -0.000000000000000000, -1.000000000000000000, -0.000000000000000000 ) ) ;
#10585 = EDGE_CURVE ( 'NONE', #7897, #7059, #1374, .T. ) ;
#10586 = ORIENTED_EDGE ( 'NONE', *, *, #11593, .F. ) ;
#10587 = ADVANCED_FACE ( 'NONE', ( #422 ), #8209, .F. ) ;
#10588 = DIRECTION ( 'NONE',  ( 0.000000000000000000, 0.000000000000000000, 1.000000000000000000 ) ) ;
#10589 = CYLINDRICAL_SURFACE ( 'NONE', #3123, 0.01000000000000002623 ) ;
#10590 = ORIENTED_EDGE ( 'NONE', *, *, #7958, .F. ) ;
#10591 = COLOUR_RGB ( '',0.6666666666666666297, 0.6980392156862744724, 0.7686274509803920907 ) ;
#10592 =( NAMED_UNIT ( * ) PLANE_ANGLE_UNIT ( ) SI_UNIT ( $, .RADIAN. ) );
#10593 = DIRECTION ( 'NONE',  ( 2.168404344971009184E-14, 0.000000000000000000, 1.000000000000000000 ) ) ;
#10594 = VERTEX_POINT ( 'NONE', #8278 ) ;
#10595 = LINE ( 'NONE', #12434, #6659 ) ;
#10596 = CARTESIAN_POINT ( 'NONE',  ( -0.7740119375089349329, 0.5700000000000000622, -0.7749999999999981348 ) ) ;
#10597 = CYLINDRICAL_SURFACE ( 'NONE', #10508, 0.01901193750893743692 ) ;
#10598 = EDGE_CURVE ( 'NONE', #4793, #6346, #2423, .T. ) ;
#10599 = EDGE_CURVE ( 'NONE', #10292, #5679, #7212, .T. ) ;
#10600 = SURFACE_STYLE_FILL_AREA ( #1782 ) ;
#10601 = AXIS2_PLACEMENT_3D ( 'NONE', #10464, #5572, #9462 ) ;
#10602 =( NAMED_UNIT ( * ) SI_UNIT ( $, .STERADIAN. ) SOLID_ANGLE_UNIT ( ) );
#10603 = FACE_OUTER_BOUND ( 'NONE', #10353, .T. ) ;
#10604 = ORIENTED_EDGE ( 'NONE', *, *, #9493, .T. ) ;
#10605 = ORIENTED_EDGE ( 'NONE', *, *, #11677, .F. ) ;
#10606 = FILL_AREA_STYLE_COLOUR ( '', #9145 ) ;
#10607 = AXIS2_PLACEMENT_3D ( 'NONE', #11866, #4099, #3224 ) ;
#10608 = CARTESIAN_POINT ( 'NONE',  ( 0.9449999999999980638, 0.5500000000000000444, 0.7559880624910617630 ) ) ;
#10609 = CARTESIAN_POINT ( 'NONE',  ( -0.7740119375089351550, 0.5700000000000000622, 0.5749999999999981792 ) ) ;
#10610 = DIRECTION ( 'NONE',  ( -0.000000000000000000, 1.000000000000000000, -0.000000000000000000 ) ) ;
#10611 = SURFACE_STYLE_USAGE ( .BOTH. , #2732 ) ;
#10612 = EDGE_CURVE ( 'NONE', #12225, #1507, #11001, .T. ) ;
#10613 = SURFACE_STYLE_USAGE ( .BOTH. , #7584 ) ;
#10614 = DIRECTION ( 'NONE',  ( -0.000000000000000000, -1.000000000000000000, -0.000000000000000000 ) ) ;
#10615 = MECHANICAL_DESIGN_GEOMETRIC_PRESENTATION_REPRESENTATION (  '', ( #3565 ), #2151 ) ;
#10616 = VERTEX_POINT ( 'NONE', #3304 ) ;
#10617 = CYLINDRICAL_SURFACE ( 'NONE', #198, 0.01000000000000002623 ) ;
#10618 = MECHANICAL_DESIGN_GEOMETRIC_PRESENTATION_REPRESENTATION (  '', ( #8811 ), #6978 ) ;
#10619 = CYLINDRICAL_SURFACE ( 'NONE', #8441, 0.01901193750893743692 ) ;
#10620 = FILL_AREA_STYLE_COLOUR ( '', #6491 ) ;
#10621 = CIRCLE ( 'NONE', #11817, 0.01999999999999999695 ) ;
#10622 = PRESENTATION_LAYER_ASSIGNMENT (  '', '', ( #3574 ) ) ;
#10623 = DIRECTION ( 'NONE',  ( 0.000000000000000000, 0.000000000000000000, -1.000000000000000000 ) ) ;
#10624 = DIRECTION ( 'NONE',  ( -1.000000000000000000, 0.000000000000000000, -7.445597760232267219E-15 ) ) ;
#10625 = FACE_BOUND ( 'NONE', #4018, .T. ) ;
#10626 = ORIENTED_EDGE ( 'NONE', *, *, #1819, .T. ) ;
#10627 = AXIS2_PLACEMENT_3D ( 'NONE', #11467, #5692, #1890 ) ;
#10628 = DIRECTION ( 'NONE',  ( 1.000000000000000000, 0.000000000000000000, -6.693592482257194052E-15 ) ) ;
#10629 = EDGE_LOOP ( 'NONE', ( #2429, #3699, #8320, #9163 ) ) ;
#10630 = AXIS2_PLACEMENT_3D ( 'NONE', #239, #11690, #7899 ) ;
#10631 = FILL_AREA_STYLE_COLOUR ( '', #5150 ) ;
#10632 = AXIS2_PLACEMENT_3D ( 'NONE', #9568, #7610, #5569 ) ;
#10633 =( GEOMETRIC_REPRESENTATION_CONTEXT ( 3 ) GLOBAL_UNCERTAINTY_ASSIGNED_CONTEXT ( ( #9549 ) ) GLOBAL_UNIT_ASSIGNED_CONTEXT ( ( #2620, #10435, #10308 ) ) REPRESENTATION_CONTEXT ( 'NONE', 'WORKASPACE' ) );
#10634 = SURFACE_SIDE_STYLE ('',( #10573 ) ) ;
#10635 = PRESENTATION_LAYER_ASSIGNMENT (  '', '', ( #4758 ) ) ;
#10636 = PRESENTATION_STYLE_ASSIGNMENT (( #5631 ) ) ;
#10637 = DIRECTION ( 'NONE',  ( -1.000000000000000000, 0.000000000000000000, 6.693592482257192474E-15 ) ) ;
#10638 = STYLED_ITEM ( 'NONE', ( #6162 ), #11736 ) ;
#10639 = CIRCLE ( 'NONE', #5162, 0.01901193750893743692 ) ;
#10640 = DIRECTION ( 'NONE',  ( 0.000000000000000000, 0.000000000000000000, 1.000000000000000000 ) ) ;
#10641 = CARTESIAN_POINT ( 'NONE',  ( 0.7549999999999981171, 0.5600000000000000533, -0.7559880624910606528 ) ) ;
#10642 = AXIS2_PLACEMENT_3D ( 'NONE', #5624, #10694, #1008 ) ;
#10643 = ORIENTED_EDGE ( 'NONE', *, *, #6502, .F. ) ;
#10644 = VECTOR ( 'NONE', #2784, 1000.000000000000000 ) ;
#10645 = LINE ( 'NONE', #4739, #7198 ) ;
#10646 = LINE ( 'NONE', #2764, #10709 ) ;
#10647 = ORIENTED_EDGE ( 'NONE', *, *, #10994, .F. ) ;
#10648 = CIRCLE ( 'NONE', #2172, 0.02901193750893740764 ) ;
#10649 = CARTESIAN_POINT ( 'NONE',  ( -0.4800000000000000377, 0.5700000000000000622, 0.4799999999999998157 ) ) ;
#10650 = MECHANICAL_DESIGN_GEOMETRIC_PRESENTATION_REPRESENTATION (  '', ( #11057 ), #8649 ) ;
#10651 = PRESENTATION_LAYER_ASSIGNMENT (  '', '', ( #7428 ) ) ;
#10652 = CARTESIAN_POINT ( 'NONE',  ( 0.5000000000000000000, 0.5600000000000000533, -0.5000000000000002220 ) ) ;
#10653 = ORIENTED_EDGE ( 'NONE', *, *, #1977, .F. ) ;
#10654 = STYLED_ITEM ( 'NONE', ( #1109 ), #9967 ) ;
#10655 = ORIENTED_EDGE ( 'NONE', *, *, #772, .T. ) ;
#10656 = EDGE_CURVE ( 'NONE', #7059, #1027, #1779, .T. ) ;
#10657 = CARTESIAN_POINT ( 'NONE',  ( -0.08098806249106595134, 0.5600000000000000533, 0.9449999999999992850 ) ) ;
#10658 = DIRECTION ( 'NONE',  ( 1.856696220381421547E-13, 0.000000000000000000, -1.000000000000000000 ) ) ;
#10659 = DIRECTION ( 'NONE',  ( 1.000000000000000000, -0.000000000000000000, 7.445597760232267219E-15 ) ) ;
#10660 = EDGE_CURVE ( 'NONE', #2269, #1626, #6403, .T. ) ;
#10662 = DIRECTION ( 'NONE',  ( -5.421010862427507971E-15, 0.000000000000000000, 1.000000000000000000 ) ) ;
#10661 = DIRECTION ( 'NONE',  ( 6.693592482257194052E-15, -0.000000000000000000, 1.000000000000000000 ) ) ;
#10663 = AXIS2_PLACEMENT_3D ( 'NONE', #12126, #610, #3487 ) ;
#10664 = UNCERTAINTY_MEASURE_WITH_UNIT (LENGTH_MEASURE( 1.000000000000000082E-05 ), #5927, 'distance_accuracy_value', 'NONE');
#10665 = LINE ( 'NONE', #9030, #12074 ) ;
#10666 = STYLED_ITEM ( 'NONE', ( #11006 ), #12256 ) ;
#10668 =( LENGTH_UNIT ( ) NAMED_UNIT ( * ) SI_UNIT ( .MILLI., .METRE. ) );
#10667 = CARTESIAN_POINT ( 'NONE',  ( 0.9349999999999992761, 0.5700000000000000622, 0.3059880624910619185 ) ) ;
#10669 = SURFACE_STYLE_FILL_AREA ( #5721 ) ;
#10670 = ADVANCED_FACE ( 'NONE', ( #1487 ), #11252, .F. ) ;
#10671 = CARTESIAN_POINT ( 'NONE',  ( 0.9159880624910605729, 0.5600000000000000533, -0.7559880624910617630 ) ) ;
#10672 = EDGE_CURVE ( 'NONE', #7781, #12156, #5278, .T. ) ;
#10673 = DIRECTION ( 'NONE',  ( 7.063772234066506568E-15, -0.000000000000000000, 1.000000000000000000 ) ) ;
#10674 =( LENGTH_UNIT ( ) NAMED_UNIT ( * ) SI_UNIT ( .MILLI., .METRE. ) );
#10675 = CARTESIAN_POINT ( 'NONE',  ( -0.9999999999999997780, 0.4750000000000000888, 1.000000000000000000 ) ) ;
#10676 = CARTESIAN_POINT ( 'NONE',  ( -0.5000000000000000000, 0.5700000000000000622, -0.7740119375089341558 ) ) ;
#10677 = UNCERTAINTY_MEASURE_WITH_UNIT (LENGTH_MEASURE( 1.000000000000000082E-05 ), #7663, 'distance_accuracy_value', 'NONE');
#10678 = UNCERTAINTY_MEASURE_WITH_UNIT (LENGTH_MEASURE( 1.000000000000000082E-05 ), #3895, 'distance_accuracy_value', 'NONE');
#10679 = PRESENTATION_STYLE_ASSIGNMENT (( #5608 ) ) ;
#10680 = PRESENTATION_STYLE_ASSIGNMENT (( #5025 ) ) ;
#10681 = CARTESIAN_POINT ( 'NONE',  ( 0.9349999999999980549, 0.5700000000000000622, -0.7559880624910617630 ) ) ;
#10682 = DIRECTION ( 'NONE',  ( 3.346796241128596237E-15, 0.000000000000000000, -1.000000000000000000 ) ) ;
#10683 = EDGE_CURVE ( 'NONE', #11851, #338, #11664, .T. ) ;
#10684 = AXIS2_PLACEMENT_3D ( 'NONE', #8962, #7053, #10900 ) ;
#10685 = ORIENTED_EDGE ( 'NONE', *, *, #1896, .F. ) ;
#10686 = MECHANICAL_DESIGN_GEOMETRIC_PRESENTATION_REPRESENTATION (  '', ( #4030 ), #2633 ) ;
#10687 = FILL_AREA_STYLE ('',( #7773 ) ) ;
#10688 = DIRECTION ( 'NONE',  ( 0.000000000000000000, 0.000000000000000000, 1.000000000000000000 ) ) ;
#10689 = VERTEX_POINT ( 'NONE', #5902 ) ;
#10690 = SURFACE_SIDE_STYLE ('',( #1002 ) ) ;
#10691 = UNCERTAINTY_MEASURE_WITH_UNIT (LENGTH_MEASURE( 1.000000000000000082E-05 ), #157, 'distance_accuracy_value', 'NONE');
#10692 = LINE ( 'NONE', #1237, #2469 ) ;
#10693 = ORIENTED_EDGE ( 'NONE', *, *, #10186, .T. ) ;
#10694 = DIRECTION ( 'NONE',  ( 0.000000000000000000, -1.000000000000000000, 0.000000000000000000 ) ) ;
#10695 = FACE_OUTER_BOUND ( 'NONE', #3551, .T. ) ;
#10696 = COLOUR_RGB ( '',0.6666666666666666297, 0.6980392156862744724, 0.7686274509803920907 ) ;
#10697 = COLOUR_RGB ( '',0.6666666666666666297, 0.6980392156862744724, 0.7686274509803920907 ) ;
#10698 = ORIENTED_EDGE ( 'NONE', *, *, #6424, .F. ) ;
#10699 = DIRECTION ( 'NONE',  ( 1.000000000000000000, -0.000000000000000000, 6.693592482257194052E-15 ) ) ;
#10700 = SURFACE_SIDE_STYLE ('',( #3004 ) ) ;
#10701 =( LENGTH_UNIT ( ) NAMED_UNIT ( * ) SI_UNIT ( .MILLI., .METRE. ) );
#10702 = CARTESIAN_POINT ( 'NONE',  ( 0.4125000000000007550, 0.4500000000000000666, -1.000000000000000000 ) ) ;
#10703 = DIRECTION ( 'NONE',  ( -0.000000000000000000, 0.000000000000000000, 1.000000000000000000 ) ) ;
#10704 = ORIENTED_EDGE ( 'NONE', *, *, #8195, .T. ) ;
#10705 = SURFACE_STYLE_USAGE ( .BOTH. , #6073 ) ;
#10706 = COLOUR_RGB ( '',0.6666666666666666297, 0.6980392156862744724, 0.7686274509803920907 ) ;
#10707 = CARTESIAN_POINT ( 'NONE',  ( -0.7740119375089350440, 0.5700000000000000622, -0.5940119375089355502 ) ) ;
#10708 = VERTEX_POINT ( 'NONE', #11309 ) ;
#10709 = VECTOR ( 'NONE', #10472, 1000.000000000000000 ) ;
#10710 = CARTESIAN_POINT ( 'NONE',  ( -0.7740119375089362652, 0.5700000000000000622, -0.3249999999999980682 ) ) ;
#10711 = EDGE_CURVE ( 'NONE', #185, #485, #6795, .T. ) ;
#10712 = ORIENTED_EDGE ( 'NONE', *, *, #1148, .T. ) ;
#10713 =( GEOMETRIC_REPRESENTATION_CONTEXT ( 3 ) GLOBAL_UNCERTAINTY_ASSIGNED_CONTEXT ( ( #2462 ) ) GLOBAL_UNIT_ASSIGNED_CONTEXT ( ( #3136, #2394, #11107 ) ) REPRESENTATION_CONTEXT ( 'NONE', 'WORKASPACE' ) );
#10714 = AXIS2_PLACEMENT_3D ( 'NONE', #8867, #1230, #6951 ) ;
#10715 = SURFACE_SIDE_STYLE ('',( #6855 ) ) ;
#10716 = ORIENTED_EDGE ( 'NONE', *, *, #206, .F. ) ;
#10717 = SURFACE_SIDE_STYLE ('',( #2192 ) ) ;
#10718 = EDGE_LOOP ( 'NONE', ( #3126, #8310, #8478, #4674 ) ) ;
#10719 = SURFACE_SIDE_STYLE ('',( #8777 ) ) ;
#10720 = DIRECTION ( 'NONE',  ( 0.000000000000000000, 0.000000000000000000, -1.000000000000000000 ) ) ;
#10721 = PRESENTATION_STYLE_ASSIGNMENT (( #6864 ) ) ;
#10723 = PLANE ( 'NONE',  #8181 ) ;
#10722 =( NAMED_UNIT ( * ) PLANE_ANGLE_UNIT ( ) SI_UNIT ( $, .RADIAN. ) );
#10724 = AXIS2_PLACEMENT_3D ( 'NONE', #920, #3919, #6886 ) ;
#10725 =( GEOMETRIC_REPRESENTATION_CONTEXT ( 3 ) GLOBAL_UNCERTAINTY_ASSIGNED_CONTEXT ( ( #4943 ) ) GLOBAL_UNIT_ASSIGNED_CONTEXT ( ( #11104, #11644, #10521 ) ) REPRESENTATION_CONTEXT ( 'NONE', 'WORKASPACE' ) );
#10726 = CARTESIAN_POINT ( 'NONE',  ( 0.9159880624910605729, 0.5700000000000000622, -0.7559880624910617630 ) ) ;
#10727 = PRESENTATION_LAYER_ASSIGNMENT (  '', '', ( #9120 ) ) ;
#10728 = COLOUR_RGB ( '',0.6666666666666666297, 0.6980392156862744724, 0.7686274509803920907 ) ;
#10729 = PRESENTATION_LAYER_ASSIGNMENT (  '', '', ( #3283 ) ) ;
#10730 =( NAMED_UNIT ( * ) PLANE_ANGLE_UNIT ( ) SI_UNIT ( $, .RADIAN. ) );
#10731 =( NAMED_UNIT ( * ) PLANE_ANGLE_UNIT ( ) SI_UNIT ( $, .RADIAN. ) );
#10732 = ORIENTED_EDGE ( 'NONE', *, *, #160, .F. ) ;
#10733 = DIRECTION ( 'NONE',  ( -0.000000000000000000, -1.000000000000000000, -0.000000000000000000 ) ) ;
#10734 = MECHANICAL_DESIGN_GEOMETRIC_PRESENTATION_REPRESENTATION (  '', ( #6908 ), #8740 ) ;
#10735 = LINE ( 'NONE', #2038, #8314 ) ;
#10736 = SURFACE_SIDE_STYLE ('',( #8014 ) ) ;
#10737 = EDGE_CURVE ( 'NONE', #10254, #4127, #7810, .T. ) ;
#10738 = FILL_AREA_STYLE ('',( #8929 ) ) ;
#10739 = FILL_AREA_STYLE_COLOUR ( '', #4618 ) ;
#10740 = EDGE_CURVE ( 'NONE', #3424, #12313, #9414, .T. ) ;
#10741 = EDGE_LOOP ( 'NONE', ( #2401, #4780, #9543, #9288 ) ) ;
#10742 = DIRECTION ( 'NONE',  ( 2.677436992902878094E-15, 0.000000000000000000, -1.000000000000000000 ) ) ;
#10743 = COLOUR_RGB ( '',0.6666666666666666297, 0.6980392156862744724, 0.7686274509803920907 ) ;
#10744 =( NAMED_UNIT ( * ) PLANE_ANGLE_UNIT ( ) SI_UNIT ( $, .RADIAN. ) );
#10745 = ORIENTED_EDGE ( 'NONE', *, *, #1348, .F. ) ;
#10746 =( NAMED_UNIT ( * ) PLANE_ANGLE_UNIT ( ) SI_UNIT ( $, .RADIAN. ) );
#10747 = SURFACE_SIDE_STYLE ('',( #6902 ) ) ;
#10748 =( NAMED_UNIT ( * ) SI_UNIT ( $, .STERADIAN. ) SOLID_ANGLE_UNIT ( ) );
#10749 = ORIENTED_EDGE ( 'NONE', *, *, #4181, .F. ) ;
#10750 = ORIENTED_EDGE ( 'NONE', *, *, #8130, .F. ) ;
#10751 = DIRECTION ( 'NONE',  ( 0.000000000000000000, 1.000000000000000000, 0.000000000000000000 ) ) ;
#10752 = CARTESIAN_POINT ( 'NONE',  ( 0.4809880624910630176, 0.5600000000000000533, -0.9159880624910591296 ) ) ;
#10753 = EDGE_CURVE ( 'NONE', #2165, #7683, #6863, .T. ) ;
#10754 = VERTEX_POINT ( 'NONE', #5771 ) ;
#10755 = SURFACE_SIDE_STYLE ('',( #3311 ) ) ;
#10756 = ADVANCED_FACE ( 'NONE', ( #9768 ), #1147, .F. ) ;
#10757 = LINE ( 'NONE', #10113, #6134 ) ;
#10758 = FILL_AREA_STYLE ('',( #3065 ) ) ;
#10759 = CIRCLE ( 'NONE', #11568, 0.01000000000000002623 ) ;
#10760 = PRESENTATION_STYLE_ASSIGNMENT (( #1188 ) ) ;
#10761 = CYLINDRICAL_SURFACE ( 'NONE', #12425, 0.01000000000000002623 ) ;
#10762 = DIRECTION ( 'NONE',  ( 0.000000000000000000, 0.000000000000000000, 1.000000000000000000 ) ) ;
#10763 =( NAMED_UNIT ( * ) SI_UNIT ( $, .STERADIAN. ) SOLID_ANGLE_UNIT ( ) );
#10764 = ORIENTED_EDGE ( 'NONE', *, *, #5772, .T. ) ;
#10765 =( NAMED_UNIT ( * ) SI_UNIT ( $, .STERADIAN. ) SOLID_ANGLE_UNIT ( ) );
#10766 = CARTESIAN_POINT ( 'NONE',  ( -0.9159880624910602398, 0.5600000000000000533, 0.5749999999999991784 ) ) ;
#10767 = AXIS2_PLACEMENT_3D ( 'NONE', #8822, #10640, #896 ) ;
#10768 = ORIENTED_EDGE ( 'NONE', *, *, #1093, .T. ) ;
#10769 = STYLED_ITEM ( 'NONE', ( #4225 ), #8077 ) ;
#10770 = FILL_AREA_STYLE ('',( #5179 ) ) ;
#10771 = ADVANCED_FACE ( 'NONE', ( #334 ), #10007, .F. ) ;
#10772 = FILL_AREA_STYLE_COLOUR ( '', #6334 ) ;
#10773 = DIRECTION ( 'NONE',  ( -0.000000000000000000, -0.000000000000000000, -1.000000000000000000 ) ) ;
#10774 = ORIENTED_EDGE ( 'NONE', *, *, #10414, .T. ) ;
#10775 = FACE_OUTER_BOUND ( 'NONE', #4667, .T. ) ;
#10776 = VERTEX_POINT ( 'NONE', #1394 ) ;
#10778 = ORIENTED_EDGE ( 'NONE', *, *, #11491, .T. ) ;
#10777 = COLOUR_RGB ( '',0.6666666666666666297, 0.6980392156862744724, 0.7686274509803920907 ) ;
#10779 = DIRECTION ( 'NONE',  ( -4.016155489354316747E-15, -0.000000000000000000, 1.000000000000000000 ) ) ;
#10780 =( LENGTH_UNIT ( ) NAMED_UNIT ( * ) SI_UNIT ( .MILLI., .METRE. ) );
#10781 = CARTESIAN_POINT ( 'NONE',  ( 0.5000000000000001110, 0.5700000000000000622, 0.4799999999999997602 ) ) ;
#10782 = DIRECTION ( 'NONE',  ( 0.000000000000000000, -0.000000000000000000, 1.000000000000000000 ) ) ;
#10783 =( LENGTH_UNIT ( ) NAMED_UNIT ( * ) SI_UNIT ( .MILLI., .METRE. ) );
#10784 = UNCERTAINTY_MEASURE_WITH_UNIT (LENGTH_MEASURE( 1.000000000000000082E-05 ), #5680, 'distance_accuracy_value', 'NONE');
#10785 = DIRECTION ( 'NONE',  ( 0.000000000000000000, 0.000000000000000000, -1.000000000000000000 ) ) ;
#10786 = TOROIDAL_SURFACE ( 'NONE', #1720, 0.03000000000000000583, 0.01000000000000000021 ) ;
#10788 = PRESENTATION_STYLE_ASSIGNMENT (( #4951 ) ) ;
#10787 =( LENGTH_UNIT ( ) NAMED_UNIT ( * ) SI_UNIT ( .MILLI., .METRE. ) );
#10789 =( NAMED_UNIT ( * ) SI_UNIT ( $, .STERADIAN. ) SOLID_ANGLE_UNIT ( ) );
#10790 = EDGE_CURVE ( 'NONE', #3263, #10453, #9842, .T. ) ;
#10791 = CYLINDRICAL_SURFACE ( 'NONE', #9794, 0.01901193750893743692 ) ;
#10792 = STYLED_ITEM ( 'NONE', ( #9452 ), #8709 ) ;
#10793 = DIRECTION ( 'NONE',  ( 0.000000000000000000, 0.000000000000000000, 1.000000000000000000 ) ) ;
#10794 = DIRECTION ( 'NONE',  ( -1.000000000000000000, 0.000000000000000000, 0.000000000000000000 ) ) ;
#10795 = CARTESIAN_POINT ( 'NONE',  ( -0.3000000000000000444, 0.5700000000000000622, -0.9159880624910602398 ) ) ;
#10796 = UNCERTAINTY_MEASURE_WITH_UNIT (LENGTH_MEASURE( 1.000000000000000082E-05 ), #8795, 'distance_accuracy_value', 'NONE');
#10797 = UNCERTAINTY_MEASURE_WITH_UNIT (LENGTH_MEASURE( 1.000000000000000082E-05 ), #3431, 'distance_accuracy_value', 'NONE');
#10798 = FILL_AREA_STYLE_COLOUR ( '', #517 ) ;
#10799 = DIRECTION ( 'NONE',  ( -1.000000000000000000, 1.084202172485501594E-14, -1.084202172485504592E-14 ) ) ;
#10800 = PRESENTATION_LAYER_ASSIGNMENT (  '', '', ( #5933 ) ) ;
#10801 = ORIENTED_EDGE ( 'NONE', *, *, #9809, .T. ) ;
#10802 = FILL_AREA_STYLE_COLOUR ( '', #5377 ) ;
#10803 = CIRCLE ( 'NONE', #3146, 0.01000000000000002623 ) ;
#10804 = ORIENTED_EDGE ( 'NONE', *, *, #12144, .T. ) ;
#10805 = EDGE_CURVE ( 'NONE', #4134, #6084, #7054, .T. ) ;
#10806 =( LENGTH_UNIT ( ) NAMED_UNIT ( * ) SI_UNIT ( .MILLI., .METRE. ) );
#10807 = FACE_OUTER_BOUND ( 'NONE', #8569, .T. ) ;
#10808 = EDGE_CURVE ( 'NONE', #12023, #2691, #4762, .T. ) ;
#10809 = FILL_AREA_STYLE ('',( #6955 ) ) ;
#10810 =( NAMED_UNIT ( * ) PLANE_ANGLE_UNIT ( ) SI_UNIT ( $, .RADIAN. ) );
#10811 = UNCERTAINTY_MEASURE_WITH_UNIT (LENGTH_MEASURE( 1.000000000000000082E-05 ), #10342, 'distance_accuracy_value', 'NONE');
#10812 = CARTESIAN_POINT ( 'NONE',  ( -0.9349999999999987210, 0.5600000000000000533, -0.3059880624910617519 ) ) ;
#10813 = ORIENTED_EDGE ( 'NONE', *, *, #2568, .T. ) ;
#10814 = PRESENTATION_LAYER_ASSIGNMENT (  '', '', ( #7782 ) ) ;
#10815 =( NAMED_UNIT ( * ) PLANE_ANGLE_UNIT ( ) SI_UNIT ( $, .RADIAN. ) );
#10816 = AXIS2_PLACEMENT_3D ( 'NONE', #7235, #11092, #1684 ) ;
#10817 = DIRECTION ( 'NONE',  ( 0.000000000000000000, -1.000000000000000000, 0.000000000000000000 ) ) ;
#10818 = DIRECTION ( 'NONE',  ( 0.000000000000000000, -1.000000000000000000, 0.000000000000000000 ) ) ;
#10819 = AXIS2_PLACEMENT_3D ( 'NONE', #2939, #6783, #8770 ) ;
#10820 =( GEOMETRIC_REPRESENTATION_CONTEXT ( 3 ) GLOBAL_UNCERTAINTY_ASSIGNED_CONTEXT ( ( #3087 ) ) GLOBAL_UNIT_ASSIGNED_CONTEXT ( ( #5577, #82, #6658 ) ) REPRESENTATION_CONTEXT ( 'NONE', 'WORKASPACE' ) );
#10821 = CARTESIAN_POINT ( 'NONE',  ( -0.9999999999999997780, 0.000000000000000000, 1.000000000000000000 ) ) ;
#10822 = DIRECTION ( 'NONE',  ( 0.000000000000000000, 0.000000000000000000, -1.000000000000000000 ) ) ;
#10823 = EDGE_CURVE ( 'NONE', #6708, #2828, #274, .T. ) ;
#10824 =( NAMED_UNIT ( * ) SI_UNIT ( $, .STERADIAN. ) SOLID_ANGLE_UNIT ( ) );
#10825 = ORIENTED_EDGE ( 'NONE', *, *, #7937, .T. ) ;
#10826 = CARTESIAN_POINT ( 'NONE',  ( 0.3190119375089380815, 0.5600000000000000533, 0.9449999999999977307 ) ) ;
#10827 = AXIS2_PLACEMENT_3D ( 'NONE', #685, #6627, #805 ) ;
#10828 = CIRCLE ( 'NONE', #3981, 0.01000000000000002623 ) ;
#10829 = ORIENTED_EDGE ( 'NONE', *, *, #5302, .T. ) ;
#10830 = CARTESIAN_POINT ( 'NONE',  ( 0.2900000000000004241, 0.5500000000000000444, -0.9159880624910602398 ) ) ;
#10831 = CIRCLE ( 'NONE', #2, 0.009999999999999998473 ) ;
#10832 = CARTESIAN_POINT ( 'NONE',  ( -0.5000000000000000000, 0.5700000000000000622, -0.4800000000000002043 ) ) ;
#10833 = VERTEX_POINT ( 'NONE', #5954 ) ;
#10834 = CIRCLE ( 'NONE', #3783, 0.01000000000000002623 ) ;
#10835 = DIRECTION ( 'NONE',  ( 0.000000000000000000, -1.000000000000000000, 0.000000000000000000 ) ) ;
#10836 =( GEOMETRIC_REPRESENTATION_CONTEXT ( 3 ) GLOBAL_UNCERTAINTY_ASSIGNED_CONTEXT ( ( #10797 ) ) GLOBAL_UNIT_ASSIGNED_CONTEXT ( ( #3431, #10301, #3556 ) ) REPRESENTATION_CONTEXT ( 'NONE', 'WORKASPACE' ) );
#10837 = COLOUR_RGB ( '',0.6666666666666666297, 0.6980392156862744724, 0.7686274509803920907 ) ;
#10838 = DIRECTION ( 'NONE',  ( -1.000000000000000000, 0.000000000000000000, -6.024233234031475909E-15 ) ) ;
#10839 = EDGE_LOOP ( 'NONE', ( #9126, #8906, #12372, #9449 ) ) ;
#10840 =( NAMED_UNIT ( * ) PLANE_ANGLE_UNIT ( ) SI_UNIT ( $, .RADIAN. ) );
#10841 = ADVANCED_FACE ( 'NONE', ( #10901 ), #2300, .F. ) ;
#10842 = CARTESIAN_POINT ( 'NONE',  ( 0.7740119375089365983, 0.5600000000000000533, -0.3349999999999981881 ) ) ;
#10844 = SURFACE_SIDE_STYLE ('',( #7056 ) ) ;
#10843 = PRESENTATION_STYLE_ASSIGNMENT (( #9021 ) ) ;
#10845 = DIRECTION ( 'NONE',  ( 2.710505431213761479E-15, 0.000000000000000000, -1.000000000000000000 ) ) ;
#10846 = EDGE_LOOP ( 'NONE', ( #5107, #2439, #2635, #8683 ) ) ;
#10847 = DIRECTION ( 'NONE',  ( 0.000000000000000000, 0.000000000000000000, -1.000000000000000000 ) ) ;
#10848 = ORIENTED_EDGE ( 'NONE', *, *, #2843, .T. ) ;
#10849 = AXIS2_PLACEMENT_3D ( 'NONE', #5208, #9221, #8203 ) ;
#10850 = DIRECTION ( 'NONE',  ( 0.000000000000000000, 0.000000000000000000, 1.000000000000000000 ) ) ;
#10851 = CIRCLE ( 'NONE', #4740, 0.02901193750893767825 ) ;
#10852 = AXIS2_PLACEMENT_3D ( 'NONE', #1288, #3105, #5090 ) ;
#10853 = FACE_OUTER_BOUND ( 'NONE', #3956, .T. ) ;
#10854 = FACE_OUTER_BOUND ( 'NONE', #4170, .T. ) ;
#10855 = COLOUR_RGB ( '',0.6666666666666666297, 0.6980392156862744724, 0.7686274509803920907 ) ;
#10857 = SURFACE_STYLE_USAGE ( .BOTH. , #4829 ) ;
#10856 =( NAMED_UNIT ( * ) PLANE_ANGLE_UNIT ( ) SI_UNIT ( $, .RADIAN. ) );
#10858 = PRESENTATION_STYLE_ASSIGNMENT (( #3152 ) ) ;
#10859 = COLOUR_RGB ( '',0.6666666666666666297, 0.6980392156862744724, 0.7686274509803920907 ) ;
#10860 = VECTOR ( 'NONE', #2957, 1000.000000000000000 ) ;
#10861 = SURFACE_STYLE_FILL_AREA ( #9095 ) ;
#10862 = FACE_OUTER_BOUND ( 'NONE', #3011, .T. ) ;
#10863 = SURFACE_SIDE_STYLE ('',( #3157 ) ) ;
#10864 = CARTESIAN_POINT ( 'NONE',  ( -0.7740119375089365983, 0.5700000000000000622, 0.1440119375089355669 ) ) ;
#10865 = SURFACE_SIDE_STYLE ('',( #7888 ) ) ;
#10866 = EDGE_CURVE ( 'NONE', #12390, #10465, #4893, .T. ) ;
#10867 = DIRECTION ( 'NONE',  ( 0.000000000000000000, 0.000000000000000000, 1.000000000000000000 ) ) ;
#10868 = DIRECTION ( 'NONE',  ( -0.000000000000000000, 1.000000000000000000, -0.000000000000000000 ) ) ;
#10869 = FILL_AREA_STYLE_COLOUR ( '', #2264 ) ;
#10870 = ORIENTED_EDGE ( 'NONE', *, *, #7648, .F. ) ;
#10871 = PRESENTATION_STYLE_ASSIGNMENT (( #8086 ) ) ;
#10872 = PLANE ( 'NONE',  #2577 ) ;
#10873 = DIRECTION ( 'NONE',  ( 0.000000000000000000, 0.000000000000000000, 1.000000000000000000 ) ) ;
#10874 =( NAMED_UNIT ( * ) PLANE_ANGLE_UNIT ( ) SI_UNIT ( $, .RADIAN. ) );
#10875 = ORIENTED_EDGE ( 'NONE', *, *, #3193, .F. ) ;
#10876 = LINE ( 'NONE', #11761, #6597 ) ;
#10877 = EDGE_CURVE ( 'NONE', #9321, #6402, #2319, .T. ) ;
#10878 =( LENGTH_UNIT ( ) NAMED_UNIT ( * ) SI_UNIT ( .MILLI., .METRE. ) );
#10879 = AXIS2_PLACEMENT_3D ( 'NONE', #6426, #8259, #10988 ) ;
#10880 = SURFACE_STYLE_USAGE ( .BOTH. , #8156 ) ;
#10881 = FACE_OUTER_BOUND ( 'NONE', #7118, .T. ) ;
#10882 = PRESENTATION_STYLE_ASSIGNMENT (( #7851 ) ) ;
#10883 = ORIENTED_EDGE ( 'NONE', *, *, #11371, .F. ) ;
#10884 = SURFACE_STYLE_FILL_AREA ( #7972 ) ;
#10885 = STYLED_ITEM ( 'NONE', ( #1037 ), #5749 ) ;
#10886 = FACE_OUTER_BOUND ( 'NONE', #6600, .T. ) ;
#10887 =( GEOMETRIC_REPRESENTATION_CONTEXT ( 3 ) GLOBAL_UNCERTAINTY_ASSIGNED_CONTEXT ( ( #8783 ) ) GLOBAL_UNIT_ASSIGNED_CONTEXT ( ( #11178, #10024, #2528 ) ) REPRESENTATION_CONTEXT ( 'NONE', 'WORKASPACE' ) );
#10889 = EDGE_LOOP ( 'NONE', ( #5791, #1753, #11154, #5239 ) ) ;
#10888 = PRESENTATION_LAYER_ASSIGNMENT (  '', '', ( #11111 ) ) ;
#10890 =( NAMED_UNIT ( * ) PLANE_ANGLE_UNIT ( ) SI_UNIT ( $, .RADIAN. ) );
#10891 = ADVANCED_FACE ( 'NONE', ( #578 ), #12232, .F. ) ;
#10892 = EDGE_CURVE ( 'NONE', #7059, #10321, #4626, .T. ) ;
#10893 = ORIENTED_EDGE ( 'NONE', *, *, #2909, .T. ) ;
#10894 = FILL_AREA_STYLE_COLOUR ( '', #1064 ) ;
#10895 = MECHANICAL_DESIGN_GEOMETRIC_PRESENTATION_REPRESENTATION (  '', ( #11698 ), #849 ) ;
#10896 = EDGE_LOOP ( 'NONE', ( #11512, #3322, #10923, #5581 ) ) ;
#10897 = SURFACE_STYLE_USAGE ( .BOTH. , #331 ) ;
#10898 = ORIENTED_EDGE ( 'NONE', *, *, #5146, .F. ) ;
#10899 = STYLED_ITEM ( 'NONE', ( #5495 ), #3209 ) ;
#10900 = DIRECTION ( 'NONE',  ( 2.168404344971003188E-14, 0.000000000000000000, -1.000000000000000000 ) ) ;
#10901 = FACE_OUTER_BOUND ( 'NONE', #3081, .T. ) ;
#10902 = CARTESIAN_POINT ( 'NONE',  ( -0.2899999999999999800, 0.5600000000000000533, -0.9159880624910602398 ) ) ;
#10903 =( NAMED_UNIT ( * ) PLANE_ANGLE_UNIT ( ) SI_UNIT ( $, .RADIAN. ) );
#10904 = COLOUR_RGB ( '',0.6666666666666666297, 0.6980392156862744724, 0.7686274509803920907 ) ;
#10905 = FILL_AREA_STYLE ('',( #2198 ) ) ;
#10906 = VERTEX_POINT ( 'NONE', #1572 ) ;
#10907 = CARTESIAN_POINT ( 'NONE',  ( -0.3190119375089373044, 0.5600000000000000533, 0.7549999999999977840 ) ) ;
#10908 = UNCERTAINTY_MEASURE_WITH_UNIT (LENGTH_MEASURE( 1.000000000000000082E-05 ), #11425, 'distance_accuracy_value', 'NONE');
#10909 = ORIENTED_EDGE ( 'NONE', *, *, #12382, .T. ) ;
#10910 = ORIENTED_EDGE ( 'NONE', *, *, #12128, .T. ) ;
#10911 = FILL_AREA_STYLE ('',( #7997 ) ) ;
#10912 = MECHANICAL_DESIGN_GEOMETRIC_PRESENTATION_REPRESENTATION (  '', ( #5839 ), #7287 ) ;
#10913 = AXIS2_PLACEMENT_3D ( 'NONE', #7629, #210, #8588 ) ;
#10914 = CARTESIAN_POINT ( 'NONE',  ( -0.3190119375089374709, 0.5600000000000000533, 0.7740119375089351550 ) ) ;
#10915 = CIRCLE ( 'NONE', #433, 0.01901193750893749243 ) ;
#10916 = DIRECTION ( 'NONE',  ( -1.000000000000000000, -0.000000000000000000, -1.084202172485507432E-14 ) ) ;
#10917 = AXIS2_PLACEMENT_3D ( 'NONE', #235, #10868, #5989 ) ;
#10918 = EDGE_CURVE ( 'NONE', #8686, #7513, #6535, .T. ) ;
#10919 = CARTESIAN_POINT ( 'NONE',  ( -0.9159880624910601288, 0.5600000000000000533, 0.7559880624910617630 ) ) ;
#10920 = MECHANICAL_DESIGN_GEOMETRIC_PRESENTATION_REPRESENTATION (  '', ( #2660 ), #10310 ) ;
#10921 = CARTESIAN_POINT ( 'NONE',  ( 0.9349999999999997202, 0.5700000000000000622, 0.1440119375089367049 ) ) ;
#10922 =( NAMED_UNIT ( * ) PLANE_ANGLE_UNIT ( ) SI_UNIT ( $, .RADIAN. ) );
#10923 = ORIENTED_EDGE ( 'NONE', *, *, #8648, .F. ) ;
#10924 = VECTOR ( 'NONE', #201, 1000.000000000000000 ) ;
#10925 = FILL_AREA_STYLE_COLOUR ( '', #4343 ) ;
#10926 = VECTOR ( 'NONE', #4338, 1000.000000000000000 ) ;
#10927 = SURFACE_STYLE_USAGE ( .BOTH. , #11932 ) ;
#10928 = CARTESIAN_POINT ( 'NONE',  ( -0.08098806249106234312, 0.5700000000000000622, 0.7740119375089372644 ) ) ;
#10929 = LINE ( 'NONE', #7140, #10935 ) ;
#10930 = UNCERTAINTY_MEASURE_WITH_UNIT (LENGTH_MEASURE( 1.000000000000000082E-05 ), #11895, 'distance_accuracy_value', 'NONE');
#10931 = COLOUR_RGB ( '',0.6666666666666666297, 0.6980392156862744724, 0.7686274509803920907 ) ;
#10932 = DIRECTION ( 'NONE',  ( 0.000000000000000000, 0.000000000000000000, -1.000000000000000000 ) ) ;
#10933 =( NAMED_UNIT ( * ) PLANE_ANGLE_UNIT ( ) SI_UNIT ( $, .RADIAN. ) );
#10934 = EDGE_CURVE ( 'NONE', #3450, #5372, #12395, .T. ) ;
#10935 = VECTOR ( 'NONE', #1286, 1000.000000000000000 ) ;
#10936 = CIRCLE ( 'NONE', #6903, 0.01999999999999999695 ) ;
#10937 = VERTEX_POINT ( 'NONE', #4391 ) ;
#10938 = ORIENTED_EDGE ( 'NONE', *, *, #6343, .T. ) ;
#10939 = SURFACE_STYLE_FILL_AREA ( #8799 ) ;
#10940 = AXIS2_PLACEMENT_3D ( 'NONE', #5291, #12153, #4427 ) ;
#10941 = FILL_AREA_STYLE ('',( #3049 ) ) ;
#10942 = ORIENTED_EDGE ( 'NONE', *, *, #3497, .F. ) ;
#10943 = DIRECTION ( 'NONE',  ( 0.000000000000000000, 0.000000000000000000, 1.000000000000000000 ) ) ;
#10944 = CARTESIAN_POINT ( 'NONE',  ( 0.7740119375089370424, 0.5700000000000000622, -0.3059880624910606972 ) ) ;
#10945 = VECTOR ( 'NONE', #6240, 1000.000000000000000 ) ;
#10946 = EDGE_CURVE ( 'NONE', #6116, #240, #8250, .T. ) ;
#10947 = SURFACE_STYLE_FILL_AREA ( #7089 ) ;
#10948 = ORIENTED_EDGE ( 'NONE', *, *, #6640, .F. ) ;
#10949 = UNCERTAINTY_MEASURE_WITH_UNIT (LENGTH_MEASURE( 1.000000000000000082E-05 ), #3350, 'distance_accuracy_value', 'NONE');
#10950 = DIRECTION ( 'NONE',  ( -1.000000000000000000, 0.000000000000000000, -5.421010862427507971E-15 ) ) ;
#10951 = ORIENTED_EDGE ( 'NONE', *, *, #4178, .F. ) ;
#10952 = DIRECTION ( 'NONE',  ( 1.000000000000000000, 0.000000000000000000, 7.636510523315146756E-15 ) ) ;
#10953 = TOROIDAL_SURFACE ( 'NONE', #8746, 0.02901193750893903481, 0.01000000000000000021 ) ;
#10954 = PRESENTATION_STYLE_ASSIGNMENT (( #10167 ) ) ;
#10955 = LINE ( 'NONE', #4060, #3170 ) ;
#10956 = SURFACE_STYLE_FILL_AREA ( #7907 ) ;
#10957 = PRESENTATION_STYLE_ASSIGNMENT (( #7102 ) ) ;
#10958 = PRESENTATION_STYLE_ASSIGNMENT (( #5231 ) ) ;
#10959 = DIRECTION ( 'NONE',  ( -0.000000000000000000, 1.000000000000000000, -0.000000000000000000 ) ) ;
#10960 = CARTESIAN_POINT ( 'NONE',  ( -0.1100000000000026928, 0.5500000000000000444, 0.7740119375089368203 ) ) ;
#10961 = EDGE_CURVE ( 'NONE', #8686, #1875, #5503, .T. ) ;
#10962 = ORIENTED_EDGE ( 'NONE', *, *, #9023, .T. ) ;
#10963 = CARTESIAN_POINT ( 'NONE',  ( -0.7740119375089351550, 0.5600000000000000533, -0.5749999999999981792 ) ) ;
#10964 = EDGE_LOOP ( 'NONE', ( #11218, #11379, #11894, #3833 ) ) ;
#10965 = ORIENTED_EDGE ( 'NONE', *, *, #6699, .T. ) ;
#10966 = LINE ( 'NONE', #10830, #12458 ) ;
#10967 = TOROIDAL_SURFACE ( 'NONE', #1703, 0.1150000000000000050, 0.01000000000000000021 ) ;
#10968 = SURFACE_STYLE_USAGE ( .BOTH. , #3201 ) ;
#10969 = VERTEX_POINT ( 'NONE', #5513 ) ;
#10970 = DIRECTION ( 'NONE',  ( 0.1379310344827607837, 0.000000000000000000, -0.9904418356100046505 ) ) ;
#10971 = ORIENTED_EDGE ( 'NONE', *, *, #7205, .T. ) ;
#10972 = DIRECTION ( 'NONE',  ( 0.000000000000000000, 0.000000000000000000, 1.000000000000000000 ) ) ;
#10973 = ORIENTED_EDGE ( 'NONE', *, *, #3823, .F. ) ;
#10974 = DIRECTION ( 'NONE',  ( 0.000000000000000000, 0.000000000000000000, -1.000000000000000000 ) ) ;
#10975 = EDGE_CURVE ( 'NONE', #647, #11654, #3720, .T. ) ;
#10978 = DIRECTION ( 'NONE',  ( -1.000000000000000000, 0.000000000000000000, -1.084202172485501594E-14 ) ) ;
#10977 = DIRECTION ( 'NONE',  ( -0.000000000000000000, 1.000000000000000000, -0.000000000000000000 ) ) ;
#10976 =( GEOMETRIC_REPRESENTATION_CONTEXT ( 3 ) GLOBAL_UNCERTAINTY_ASSIGNED_CONTEXT ( ( #6380 ) ) GLOBAL_UNIT_ASSIGNED_CONTEXT ( ( #9266, #11168, #11351 ) ) REPRESENTATION_CONTEXT ( 'NONE', 'WORKASPACE' ) );
#10979 = FILL_AREA_STYLE_COLOUR ( '', #10859 ) ;
#10980 = EDGE_CURVE ( 'NONE', #333, #10937, #4306, .T. ) ;
#10981 = ORIENTED_EDGE ( 'NONE', *, *, #3346, .F. ) ;
#10982 =( LENGTH_UNIT ( ) NAMED_UNIT ( * ) SI_UNIT ( .MILLI., .METRE. ) );
#10983 = ORIENTED_EDGE ( 'NONE', *, *, #2873, .T. ) ;
#10984 = APPLICATION_CONTEXT ( 'automotive_design' ) ;
#10985 = DIRECTION ( 'NONE',  ( 0.000000000000000000, -1.000000000000000000, 0.000000000000000000 ) ) ;
#10986 = CARTESIAN_POINT ( 'NONE',  ( -0.3190119375089375819, 0.5700000000000000622, -0.9349999999999977218 ) ) ;
#10987 = VECTOR ( 'NONE', #8727, 1000.000000000000000 ) ;
#10988 = DIRECTION ( 'NONE',  ( 0.000000000000000000, 0.000000000000000000, -1.000000000000000000 ) ) ;
#10989 = PRESENTATION_LAYER_ASSIGNMENT (  '', '', ( #730 ) ) ;
#10990 = DIRECTION ( 'NONE',  ( -0.000000000000000000, 1.000000000000000000, -0.000000000000000000 ) ) ;
#10991 = CARTESIAN_POINT ( 'NONE',  ( -0.08098806249106238475, 0.5700000000000000622, -0.9159880624910624602 ) ) ;
#10992 = ADVANCED_FACE ( 'NONE', ( #2640 ), #2517, .F. ) ;
#10993 = FACE_OUTER_BOUND ( 'NONE', #783, .T. ) ;
#10994 = EDGE_CURVE ( 'NONE', #330, #5372, #1113, .T. ) ;
#10995 = PLANE ( 'NONE',  #7100 ) ;
#10996 = CIRCLE ( 'NONE', #4511, 0.02901193750893746315 ) ;
#10997 =( NAMED_UNIT ( * ) SI_UNIT ( $, .STERADIAN. ) SOLID_ANGLE_UNIT ( ) );
#10998 = AXIS2_PLACEMENT_3D ( 'NONE', #1009, #5625, #8690 ) ;
#10999 = DIRECTION ( 'NONE',  ( -3.346796241128596237E-15, 0.000000000000000000, -1.000000000000000000 ) ) ;
#11000 = ORIENTED_EDGE ( 'NONE', *, *, #5540, .T. ) ;
#11001 = LINE ( 'NONE', #11944, #3588 ) ;
#11002 = PLANE ( 'NONE',  #9536 ) ;
#11003 = FILL_AREA_STYLE ('',( #1422 ) ) ;
#11004 = EDGE_CURVE ( 'NONE', #2317, #11632, #11179, .T. ) ;
#11005 = VERTEX_POINT ( 'NONE', #5691 ) ;
#11006 = PRESENTATION_STYLE_ASSIGNMENT (( #8026 ) ) ;
#11007 = CARTESIAN_POINT ( 'NONE',  ( 0.9159880624910627933, 0.5600000000000000533, 0.1149999999999990752 ) ) ;
#11008 = CIRCLE ( 'NONE', #8169, 0.01901193750893743692 ) ;
#11009 = EDGE_LOOP ( 'NONE', ( #7489, #3108, #11974, #698 ) ) ;
#11010 = SURFACE_STYLE_USAGE ( .BOTH. , #10755 ) ;
#11011 =( LENGTH_UNIT ( ) NAMED_UNIT ( * ) SI_UNIT ( .MILLI., .METRE. ) );
#11012 = LINE ( 'NONE', #8034, #3067 ) ;
#11013 = AXIS2_PLACEMENT_3D ( 'NONE', #4026, #8122, #4208 ) ;
#11014 = AXIS2_PLACEMENT_3D ( 'NONE', #10208, #595, #10274 ) ;
#11015 = DIRECTION ( 'NONE',  ( -0.000000000000000000, -1.000000000000000000, -0.000000000000000000 ) ) ;
#11016 = ORIENTED_EDGE ( 'NONE', *, *, #10660, .T. ) ;
#11017 = DIRECTION ( 'NONE',  ( -0.000000000000000000, -1.000000000000000000, -0.000000000000000000 ) ) ;
#11018 = VECTOR ( 'NONE', #8134, 1000.000000000000000 ) ;
#11019 = ORIENTED_EDGE ( 'NONE', *, *, #6469, .F. ) ;
#11020 = ORIENTED_EDGE ( 'NONE', *, *, #9656, .T. ) ;
#11021 = EDGE_LOOP ( 'NONE', ( #9467, #243, #8019, #4570 ) ) ;
#11022 = SURFACE_STYLE_FILL_AREA ( #10770 ) ;
#11023 = SURFACE_STYLE_USAGE ( .BOTH. , #10185 ) ;
#11024 = VECTOR ( 'NONE', #6478, 1000.000000000000000 ) ;
#11025 = STYLED_ITEM ( 'NONE', ( #9078 ), #9292 ) ;
#11026 = SURFACE_SIDE_STYLE ('',( #9258 ) ) ;
#11027 = EDGE_CURVE ( 'NONE', #12018, #1808, #5635, .T. ) ;
#11028 = ORIENTED_EDGE ( 'NONE', *, *, #11206, .F. ) ;
#11029 = FILL_AREA_STYLE ('',( #3271 ) ) ;
#11030 = ORIENTED_EDGE ( 'NONE', *, *, #6640, .T. ) ;
#11031 =( LENGTH_UNIT ( ) NAMED_UNIT ( * ) SI_UNIT ( .MILLI., .METRE. ) );
#11032 = CARTESIAN_POINT ( 'NONE',  ( 0.01250000000000057489, 0.4750000000000000333, -1.000000000000000000 ) ) ;
#11033 =( NAMED_UNIT ( * ) SI_UNIT ( $, .STERADIAN. ) SOLID_ANGLE_UNIT ( ) );
#11034 = FILL_AREA_STYLE ('',( #7177 ) ) ;
#11035 = COLOUR_RGB ( '',0.6666666666666666297, 0.6980392156862744724, 0.7686274509803920907 ) ;
#11036 = VECTOR ( 'NONE', #4379, 1000.000000000000000 ) ;
#11038 =( NAMED_UNIT ( * ) SI_UNIT ( $, .STERADIAN. ) SOLID_ANGLE_UNIT ( ) );
#11037 = DIRECTION ( 'NONE',  ( 0.000000000000000000, 0.000000000000000000, 1.000000000000000000 ) ) ;
#11039 = ORIENTED_EDGE ( 'NONE', *, *, #9062, .F. ) ;
#11040 = CARTESIAN_POINT ( 'NONE',  ( 0.7549999999999997824, 0.5700000000000000622, 0.1440119375089355669 ) ) ;
#11041 = UNCERTAINTY_MEASURE_WITH_UNIT (LENGTH_MEASURE( 1.000000000000000082E-05 ), #903, 'distance_accuracy_value', 'NONE');
#11042 = VERTEX_POINT ( 'NONE', #3006 ) ;
#11043 = AXIS2_PLACEMENT_3D ( 'NONE', #9815, #6776, #4126 ) ;
#11044 = ORIENTED_EDGE ( 'NONE', *, *, #5647, .T. ) ;
#11045 = CARTESIAN_POINT ( 'NONE',  ( -0.5000000000000000000, 0.5700000000000000622, -0.5000000000000002220 ) ) ;
#11046 = CIRCLE ( 'NONE', #5574, 0.01901193750893906409 ) ;
#11047 = VECTOR ( 'NONE', #2797, 1000.000000000000000 ) ;
#11048 = CARTESIAN_POINT ( 'NONE',  ( -0.4800000000000000377, 0.5600000000000000533, -0.5000000000000002220 ) ) ;
#11049 = STYLED_ITEM ( 'NONE', ( #3499 ), #2725 ) ;
#11050 = EDGE_CURVE ( 'NONE', #4529, #5040, #2930, .T. ) ;
#11051 = AXIS2_PLACEMENT_3D ( 'NONE', #1863, #992, #2859 ) ;
#11052 = CYLINDRICAL_SURFACE ( 'NONE', #3651, 0.01000000000000002623 ) ;
#11053 = ADVANCED_FACE ( 'NONE', ( #1132 ), #10579, .F. ) ;
#11054 = DIRECTION ( 'NONE',  ( 0.000000000000000000, 0.000000000000000000, -1.000000000000000000 ) ) ;
#11055 =( GEOMETRIC_REPRESENTATION_CONTEXT ( 3 ) GLOBAL_UNCERTAINTY_ASSIGNED_CONTEXT ( ( #5451 ) ) GLOBAL_UNIT_ASSIGNED_CONTEXT ( ( #306, #11572, #10748 ) ) REPRESENTATION_CONTEXT ( 'NONE', 'WORKASPACE' ) );
#11056 = DIRECTION ( 'NONE',  ( 0.000000000000000000, 0.000000000000000000, -1.000000000000000000 ) ) ;
#11057 = STYLED_ITEM ( 'NONE', ( #5652 ), #11927 ) ;
#11058 = FILL_AREA_STYLE_COLOUR ( '', #2385 ) ;
#11059 = STYLED_ITEM ( 'NONE', ( #10680 ), #66 ) ;
#11060 = PRESENTATION_LAYER_ASSIGNMENT (  '', '', ( #6605 ) ) ;
#11061 = LINE ( 'NONE', #531, #1073 ) ;
#11062 = AXIS2_PLACEMENT_3D ( 'NONE', #6757, #6514, #8610 ) ;
#11063 = UNCERTAINTY_MEASURE_WITH_UNIT (LENGTH_MEASURE( 1.000000000000000082E-05 ), #3309, 'distance_accuracy_value', 'NONE');
#11064 = PRESENTATION_LAYER_ASSIGNMENT (  '', '', ( #9448 ) ) ;
#11065 = UNCERTAINTY_MEASURE_WITH_UNIT (LENGTH_MEASURE( 1.000000000000000082E-05 ), #1059, 'distance_accuracy_value', 'NONE');
#11066 = CARTESIAN_POINT ( 'NONE',  ( 1.000000000000000222, 0.4500000000000000111, 0.6874999999999991118 ) ) ;
#11067 = DIRECTION ( 'NONE',  ( 0.000000000000000000, 0.000000000000000000, 1.000000000000000000 ) ) ;
#11068 = AXIS2_PLACEMENT_3D ( 'NONE', #11566, #8609, #11870 ) ;
#11069 = FACE_OUTER_BOUND ( 'NONE', #6204, .T. ) ;
#11070 = ADVANCED_FACE ( 'NONE', ( #6594 ), #11763, .F. ) ;
#11071 = VERTEX_POINT ( 'NONE', #10702 ) ;
#11072 = DIRECTION ( 'NONE',  ( -3.722798880116137554E-15, 0.000000000000000000, -1.000000000000000000 ) ) ;
#11073 = AXIS2_PLACEMENT_3D ( 'NONE', #9658, #1036, #4828 ) ;
#11074 = DIRECTION ( 'NONE',  ( -0.000000000000000000, 1.000000000000000000, -0.000000000000000000 ) ) ;
#11075 = PRESENTATION_STYLE_ASSIGNMENT (( #1418 ) ) ;
#11076 = ORIENTED_EDGE ( 'NONE', *, *, #9246, .T. ) ;
#11077 = CARTESIAN_POINT ( 'NONE',  ( 0.4809880624910629066, 0.5700000000000000622, -0.7549999999999966738 ) ) ;
#11078 = DIRECTION ( 'NONE',  ( 0.000000000000000000, 0.000000000000000000, -1.000000000000000000 ) ) ;
#11079 = CARTESIAN_POINT ( 'NONE',  ( -0.4809880624910625735, 0.5500000000000000444, -0.7740119375089341558 ) ) ;
#11080 = EDGE_LOOP ( 'NONE', ( #5410, #6500, #5510, #10473 ) ) ;
#11081 = CARTESIAN_POINT ( 'NONE',  ( 0.7740119375089370424, 0.5600000000000000533, -0.3059880624910606972 ) ) ;
#11082 = VECTOR ( 'NONE', #4530, 1000.000000000000000 ) ;
#11083 = AXIS2_PLACEMENT_3D ( 'NONE', #10726, #3145, #8909 ) ;
#11084 = UNCERTAINTY_MEASURE_WITH_UNIT (LENGTH_MEASURE( 1.000000000000000082E-05 ), #9668, 'distance_accuracy_value', 'NONE');
#11085 =( NAMED_UNIT ( * ) PLANE_ANGLE_UNIT ( ) SI_UNIT ( $, .RADIAN. ) );
#11086 = VERTEX_POINT ( 'NONE', #7104 ) ;
#11087 = DIRECTION ( 'NONE',  ( -7.636510523315148333E-15, 0.000000000000000000, -1.000000000000000000 ) ) ;
#11088 = FILL_AREA_STYLE ('',( #552 ) ) ;
#11089 = EDGE_CURVE ( 'NONE', #3507, #7727, #6320, .T. ) ;
#11090 = CARTESIAN_POINT ( 'NONE',  ( 0.4809880624910629066, 0.5700000000000000622, -0.7549999999999966738 ) ) ;
#11091 = PLANE ( 'NONE',  #7572 ) ;
#11092 = DIRECTION ( 'NONE',  ( -0.000000000000000000, 1.000000000000000000, -0.000000000000000000 ) ) ;
#11093 = DIRECTION ( 'NONE',  ( 0.000000000000000000, 0.000000000000000000, -1.000000000000000000 ) ) ;
#11094 = VERTEX_POINT ( 'NONE', #1436 ) ;
#11095 = ORIENTED_EDGE ( 'NONE', *, *, #3890, .T. ) ;
#11096 =( NAMED_UNIT ( * ) SI_UNIT ( $, .STERADIAN. ) SOLID_ANGLE_UNIT ( ) );
#11097 = ORIENTED_EDGE ( 'NONE', *, *, #9203, .F. ) ;
#11098 = DIRECTION ( 'NONE',  ( 0.000000000000000000, 0.000000000000000000, -1.000000000000000000 ) ) ;
#11099 =( NAMED_UNIT ( * ) PLANE_ANGLE_UNIT ( ) SI_UNIT ( $, .RADIAN. ) );
#11100 = AXIS2_PLACEMENT_3D ( 'NONE', #7820, #11860, #1101 ) ;
#11101 = DIRECTION ( 'NONE',  ( 1.000000000000000000, 0.000000000000000000, -6.693592482257194052E-15 ) ) ;
#11102 = ORIENTED_EDGE ( 'NONE', *, *, #6972, .F. ) ;
#11103 =( NAMED_UNIT ( * ) PLANE_ANGLE_UNIT ( ) SI_UNIT ( $, .RADIAN. ) );
#11104 =( LENGTH_UNIT ( ) NAMED_UNIT ( * ) SI_UNIT ( .MILLI., .METRE. ) );
#11105 = ORIENTED_EDGE ( 'NONE', *, *, #3671, .F. ) ;
#11106 =( LENGTH_UNIT ( ) NAMED_UNIT ( * ) SI_UNIT ( .MILLI., .METRE. ) );
#11107 =( NAMED_UNIT ( * ) SI_UNIT ( $, .STERADIAN. ) SOLID_ANGLE_UNIT ( ) );
#11108 = DIRECTION ( 'NONE',  ( 1.000000000000000000, -0.000000000000000000, 7.636510523315148333E-15 ) ) ;
#11109 = FACE_OUTER_BOUND ( 'NONE', #7863, .T. ) ;
#11110 = LINE ( 'NONE', #8179, #6146 ) ;
#11111 = STYLED_ITEM ( 'NONE', ( #6356 ), #3032 ) ;
#11112 = ADVANCED_FACE ( 'NONE', ( #4125 ), #316, .F. ) ;
#11113 =( NAMED_UNIT ( * ) PLANE_ANGLE_UNIT ( ) SI_UNIT ( $, .RADIAN. ) );
#11114 = ORIENTED_EDGE ( 'NONE', *, *, #7111, .F. ) ;
#11115 = CARTESIAN_POINT ( 'NONE',  ( -0.4809880624910628510, 0.5500000000000000444, -0.9449999999999966205 ) ) ;
#11116 = SURFACE_SIDE_STYLE ('',( #12238 ) ) ;
#11117 = LINE ( 'NONE', #2468, #4930 ) ;
#11118 = AXIS2_PLACEMENT_3D ( 'NONE', #6486, #7511, #10143 ) ;
#11119 = AXIS2_PLACEMENT_3D ( 'NONE', #6730, #8773, #8958 ) ;
#11120 = DIRECTION ( 'NONE',  ( -1.000000000000000000, -0.000000000000000000, -6.024233234031475909E-15 ) ) ;
#11121 = FILL_AREA_STYLE ('',( #1223 ) ) ;
#11122 =( GEOMETRIC_REPRESENTATION_CONTEXT ( 3 ) GLOBAL_UNCERTAINTY_ASSIGNED_CONTEXT ( ( #11063 ) ) GLOBAL_UNIT_ASSIGNED_CONTEXT ( ( #3309, #7220, #11143 ) ) REPRESENTATION_CONTEXT ( 'NONE', 'WORKASPACE' ) );
#11123 = CARTESIAN_POINT ( 'NONE',  ( 0.09999999999999883982, 0.5700000000000000622, -0.9159880624910630154 ) ) ;
#11124 = DIRECTION ( 'NONE',  ( -0.000000000000000000, -1.000000000000000000, -0.000000000000000000 ) ) ;
#11125 = AXIS2_PLACEMENT_3D ( 'NONE', #3522, #7361, #10972 ) ;
#11126 = ADVANCED_FACE ( 'NONE', ( #7038 ), #254, .F. ) ;
#11127 = PRESENTATION_LAYER_ASSIGNMENT (  '', '', ( #4050 ) ) ;
#11128 =( NAMED_UNIT ( * ) PLANE_ANGLE_UNIT ( ) SI_UNIT ( $, .RADIAN. ) );
#11129 = COLOUR_RGB ( '',0.6666666666666666297, 0.6980392156862744724, 0.7686274509803920907 ) ;
#11130 = DIRECTION ( 'NONE',  ( 0.000000000000000000, 0.000000000000000000, -1.000000000000000000 ) ) ;
#11131 = FILL_AREA_STYLE_COLOUR ( '', #5446 ) ;
#11132 = VECTOR ( 'NONE', #10225, 1000.000000000000000 ) ;
#11133 = ORIENTED_EDGE ( 'NONE', *, *, #11259, .T. ) ;
#11134 = CARTESIAN_POINT ( 'NONE',  ( 0.9159880624910617941, 0.5700000000000000622, -0.3249999999999990119 ) ) ;
#11135 =( GEOMETRIC_REPRESENTATION_CONTEXT ( 3 ) GLOBAL_UNCERTAINTY_ASSIGNED_CONTEXT ( ( #1341 ) ) GLOBAL_UNIT_ASSIGNED_CONTEXT ( ( #1508, #10320, #7352 ) ) REPRESENTATION_CONTEXT ( 'NONE', 'WORKASPACE' ) );
#11136 =( NAMED_UNIT ( * ) PLANE_ANGLE_UNIT ( ) SI_UNIT ( $, .RADIAN. ) );
#11137 = VECTOR ( 'NONE', #5051, 1000.000000000000000 ) ;
#11138 = ORIENTED_EDGE ( 'NONE', *, *, #1235, .T. ) ;
#11139 = EDGE_CURVE ( 'NONE', #1869, #12268, #10851, .T. ) ;
#11140 = FACE_OUTER_BOUND ( 'NONE', #6269, .T. ) ;
#11141 = EDGE_CURVE ( 'NONE', #6421, #3338, #9875, .T. ) ;
#11142 = VECTOR ( 'NONE', #9434, 1000.000000000000000 ) ;
#11143 =( NAMED_UNIT ( * ) SI_UNIT ( $, .STERADIAN. ) SOLID_ANGLE_UNIT ( ) );
#11144 = CARTESIAN_POINT ( 'NONE',  ( -0.7549999999999976730, 0.5600000000000000533, -0.7559880624910606528 ) ) ;
#11145 = ORIENTED_EDGE ( 'NONE', *, *, #673, .T. ) ;
#11146 = DIRECTION ( 'NONE',  ( -0.000000000000000000, -1.000000000000000000, -0.000000000000000000 ) ) ;
#11147 = VECTOR ( 'NONE', #4853, 1000.000000000000000 ) ;
#11148 = AXIS2_PLACEMENT_3D ( 'NONE', #7719, #5805, #1797 ) ;
#11149 = CARTESIAN_POINT ( 'NONE',  ( 0.7740119375089357101, 0.5500000000000000444, 0.5649999999999981704 ) ) ;
#11150 = FILL_AREA_STYLE ('',( #1502 ) ) ;
#11151 = DIRECTION ( 'NONE',  ( 0.000000000000000000, 1.000000000000000000, -0.000000000000000000 ) ) ;
#11152 = CARTESIAN_POINT ( 'NONE',  ( 1.000000000000000222, 0.4749999999999999223, -0.2375000000000009603 ) ) ;
#11153 = ADVANCED_FACE ( 'NONE', ( #5052 ), #6124, .F. ) ;
#11154 = ORIENTED_EDGE ( 'NONE', *, *, #5772, .F. ) ;
#11155 = EDGE_CURVE ( 'NONE', #7793, #444, #8432, .T. ) ;
#11156 = ORIENTED_EDGE ( 'NONE', *, *, #7443, .T. ) ;
#11157 = DIRECTION ( 'NONE',  ( 0.000000000000000000, -1.000000000000000000, 0.000000000000000000 ) ) ;
#11158 = VERTEX_POINT ( 'NONE', #10376 ) ;
#11159 = ORIENTED_EDGE ( 'NONE', *, *, #132, .F. ) ;
#11160 = DIRECTION ( 'NONE',  ( 0.000000000000000000, 0.000000000000000000, -1.000000000000000000 ) ) ;
#11161 = VERTEX_POINT ( 'NONE', #9312 ) ;
#11162 = ORIENTED_EDGE ( 'NONE', *, *, #6220, .T. ) ;
#11163 = SURFACE_SIDE_STYLE ('',( #8170 ) ) ;
#11164 = PRESENTATION_LAYER_ASSIGNMENT (  '', '', ( #1898 ) ) ;
#11165 = PRESENTATION_STYLE_ASSIGNMENT (( #7248 ) ) ;
#11166 = ORIENTED_EDGE ( 'NONE', *, *, #7399, .T. ) ;
#11167 = FILL_AREA_STYLE ('',( #4444 ) ) ;
#11168 =( NAMED_UNIT ( * ) PLANE_ANGLE_UNIT ( ) SI_UNIT ( $, .RADIAN. ) );
#11169 = SURFACE_STYLE_FILL_AREA ( #11034 ) ;
#11170 = EDGE_CURVE ( 'NONE', #5431, #6210, #3158, .T. ) ;
#11171 = UNCERTAINTY_MEASURE_WITH_UNIT (LENGTH_MEASURE( 1.000000000000000082E-05 ), #5852, 'distance_accuracy_value', 'NONE');
#11172 = ORIENTED_EDGE ( 'NONE', *, *, #11738, .T. ) ;
#11173 = MECHANICAL_DESIGN_GEOMETRIC_PRESENTATION_REPRESENTATION (  '', ( #1298 ), #2101 ) ;
#11174 = CARTESIAN_POINT ( 'NONE',  ( 0.9159880624910604618, 0.5700000000000000622, -0.7749999999999992450 ) ) ;
#11175 =( NAMED_UNIT ( * ) SI_UNIT ( $, .STERADIAN. ) SOLID_ANGLE_UNIT ( ) );
#11176 = SURFACE_STYLE_FILL_AREA ( #5389 ) ;
#11177 = FACE_OUTER_BOUND ( 'NONE', #2505, .T. ) ;
#11178 =( LENGTH_UNIT ( ) NAMED_UNIT ( * ) SI_UNIT ( .MILLI., .METRE. ) );
#11179 = CIRCLE ( 'NONE', #7741, 0.01901193750893743692 ) ;
#11180 = DIRECTION ( 'NONE',  ( 1.710823274023216041E-14, 0.000000000000000000, -1.000000000000000000 ) ) ;
#11181 =( LENGTH_UNIT ( ) NAMED_UNIT ( * ) SI_UNIT ( .MILLI., .METRE. ) );
#11182 = DIRECTION ( 'NONE',  ( 1.000000000000000000, 0.000000000000000000, 0.000000000000000000 ) ) ;
#11183 = AXIS2_PLACEMENT_3D ( 'NONE', #6599, #10583, #1946 ) ;
#11184 = CARTESIAN_POINT ( 'NONE',  ( 0.7740119375089357101, 0.5600000000000000533, -0.5649999999999981704 ) ) ;
#11185 = UNCERTAINTY_MEASURE_WITH_UNIT (LENGTH_MEASURE( 1.000000000000000082E-05 ), #12412, 'distance_accuracy_value', 'NONE');
#11186 = DIRECTION ( 'NONE',  ( -0.000000000000000000, -1.000000000000000000, -0.000000000000000000 ) ) ;
#11187 = STYLED_ITEM ( 'NONE', ( #11856 ), #8370 ) ;
#11188 =( LENGTH_UNIT ( ) NAMED_UNIT ( * ) SI_UNIT ( .MILLI., .METRE. ) );
#11189 = ORIENTED_EDGE ( 'NONE', *, *, #3786, .T. ) ;
#11190 =( NAMED_UNIT ( * ) SI_UNIT ( $, .STERADIAN. ) SOLID_ANGLE_UNIT ( ) );
#11191 = EDGE_CURVE ( 'NONE', #8961, #9960, #12213, .T. ) ;
#11192 = CARTESIAN_POINT ( 'NONE',  ( 0.9349999999999980549, 0.5700000000000000622, -0.5940119375089366605 ) ) ;
#11193 = VERTEX_POINT ( 'NONE', #7408 ) ;
#11194 = DIRECTION ( 'NONE',  ( 6.024233234031475909E-15, 0.000000000000000000, -1.000000000000000000 ) ) ;
#11195 = AXIS2_PLACEMENT_3D ( 'NONE', #6297, #6226, #10082 ) ;
#11196 = PRESENTATION_STYLE_ASSIGNMENT (( #9361 ) ) ;
#11197 =( LENGTH_UNIT ( ) NAMED_UNIT ( * ) SI_UNIT ( .MILLI., .METRE. ) );
#11198 = ORIENTED_EDGE ( 'NONE', *, *, #12294, .T. ) ;
#11199 = CARTESIAN_POINT ( 'NONE',  ( 0.9449999999999998401, 0.5500000000000000444, 0.1440119375089367604 ) ) ;
#11200 = LINE ( 'NONE', #11317, #4565 ) ;
#11201 = VERTEX_POINT ( 'NONE', #2498 ) ;
#11202 = SURFACE_STYLE_USAGE ( .BOTH. , #5285 ) ;
#11203 = SURFACE_SIDE_STYLE ('',( #7289 ) ) ;
#11204 =( GEOMETRIC_REPRESENTATION_CONTEXT ( 3 ) GLOBAL_UNCERTAINTY_ASSIGNED_CONTEXT ( ( #9063 ) ) GLOBAL_UNIT_ASSIGNED_CONTEXT ( ( #8629, #9619, #11520 ) ) REPRESENTATION_CONTEXT ( 'NONE', 'WORKASPACE' ) );
#11205 = SURFACE_STYLE_FILL_AREA ( #11088 ) ;
#11206 = EDGE_CURVE ( 'NONE', #12339, #2103, #9642, .T. ) ;
#11207 = CARTESIAN_POINT ( 'NONE',  ( -0.4800000000000000377, 0.5500000000000000444, -0.5100000000000002309 ) ) ;
#11208 = EDGE_CURVE ( 'NONE', #6212, #3450, #20, .T. ) ;
#11209 = FILL_AREA_STYLE ('',( #2435 ) ) ;
#11210 = SURFACE_STYLE_USAGE ( .BOTH. , #7346 ) ;
#11211 = CARTESIAN_POINT ( 'NONE',  ( 0.7449999999999996625, 0.5600000000000000533, 0.1440119375089355669 ) ) ;
#11212 = EDGE_LOOP ( 'NONE', ( #3881, #7922, #3269, #5706 ) ) ;
#11213 = ORIENTED_EDGE ( 'NONE', *, *, #7958, .T. ) ;
#11214 = PRESENTATION_STYLE_ASSIGNMENT (( #563 ) ) ;
#11215 = ORIENTED_EDGE ( 'NONE', *, *, #9370, .T. ) ;
#11216 = VECTOR ( 'NONE', #11349, 1000.000000000000000 ) ;
#11217 = ORIENTED_EDGE ( 'NONE', *, *, #2417, .F. ) ;
#11218 = ORIENTED_EDGE ( 'NONE', *, *, #6876, .T. ) ;
#11219 =( NAMED_UNIT ( * ) SI_UNIT ( $, .STERADIAN. ) SOLID_ANGLE_UNIT ( ) );
#11220 = EDGE_CURVE ( 'NONE', #1566, #4256, #5337, .T. ) ;
#11221 = FILL_AREA_STYLE ('',( #10894 ) ) ;
#11222 = VERTEX_POINT ( 'NONE', #2437 ) ;
#11223 = PRESENTATION_STYLE_ASSIGNMENT (( #2515 ) ) ;
#11224 = PRESENTATION_LAYER_ASSIGNMENT (  '', '', ( #9006 ) ) ;
#11225 = FACE_OUTER_BOUND ( 'NONE', #7587, .T. ) ;
#11226 = DIRECTION ( 'NONE',  ( -1.000000000000000000, 0.000000000000000000, 2.710505431213753985E-15 ) ) ;
#11227 = AXIS2_PLACEMENT_3D ( 'NONE', #6154, #4153, #466 ) ;
#11228 = ORIENTED_EDGE ( 'NONE', *, *, #8532, .F. ) ;
#11229 = SURFACE_STYLE_FILL_AREA ( #521 ) ;
#11230 = VECTOR ( 'NONE', #9475, 1000.000000000000000 ) ;
#11231 = CARTESIAN_POINT ( 'NONE',  ( -0.9449999999999993960, 0.5600000000000000533, -0.1440119375089366216 ) ) ;
#11232 = EDGE_CURVE ( 'NONE', #9748, #1630, #6396, .T. ) ;
#11233 = SURFACE_SIDE_STYLE ('',( #5523 ) ) ;
#11234 = COLOUR_RGB ( '',0.6666666666666666297, 0.6980392156862744724, 0.7686274509803920907 ) ;
#11236 = CARTESIAN_POINT ( 'NONE',  ( -0.4809880624910625735, 0.5700000000000000622, 0.7549999999999966738 ) ) ;
#11235 = STYLED_ITEM ( 'NONE', ( #2768 ), #9278 ) ;
#11237 = CARTESIAN_POINT ( 'NONE',  ( -0.7740119375089349329, 0.5600000000000000533, -0.7749999999999981348 ) ) ;
#11238 =( NAMED_UNIT ( * ) SI_UNIT ( $, .STERADIAN. ) SOLID_ANGLE_UNIT ( ) );
#11239 = VECTOR ( 'NONE', #6590, 1000.000000000000000 ) ;
#11240 = DIRECTION ( 'NONE',  ( 0.000000000000000000, -1.000000000000000000, 0.000000000000000000 ) ) ;
#11241 =( GEOMETRIC_REPRESENTATION_CONTEXT ( 3 ) GLOBAL_UNCERTAINTY_ASSIGNED_CONTEXT ( ( #4838 ) ) GLOBAL_UNIT_ASSIGNED_CONTEXT ( ( #2695, #6337, #4492 ) ) REPRESENTATION_CONTEXT ( 'NONE', 'WORKASPACE' ) );
#11242 = COLOUR_RGB ( '',0.6666666666666666297, 0.6980392156862744724, 0.7686274509803920907 ) ;
#11243 = CARTESIAN_POINT ( 'NONE',  ( 0.3190119375089377485, 0.5600000000000000533, -0.7549999999999977840 ) ) ;
#11244 = CIRCLE ( 'NONE', #389, 0.01901193750893743692 ) ;
#11245 = CYLINDRICAL_SURFACE ( 'NONE', #12032, 0.01901193750893732937 ) ;
#11246 = ORIENTED_EDGE ( 'NONE', *, *, #2364, .F. ) ;
#11247 = CARTESIAN_POINT ( 'NONE',  ( -0.9159880624910617941, 0.5500000000000000444, 0.1440119375089366216 ) ) ;
#11248 = DIRECTION ( 'NONE',  ( -2.566234911034824061E-14, 0.000000000000000000, -1.000000000000000000 ) ) ;
#11249 = AXIS2_PLACEMENT_3D ( 'NONE', #3620, #11563, #8556 ) ;
#11250 = ORIENTED_EDGE ( 'NONE', *, *, #7001, .F. ) ;
#11251 = CARTESIAN_POINT ( 'NONE',  ( -0.9449999999999976197, 0.5600000000000000533, -0.5940119375089367715 ) ) ;
#11252 = TOROIDAL_SURFACE ( 'NONE', #197, 0.03000000000000000583, 0.01000000000000000021 ) ;
#11253 = AXIS2_PLACEMENT_3D ( 'NONE', #2997, #6710, #2921 ) ;
#11254 = AXIS2_PLACEMENT_3D ( 'NONE', #6388, #625, #4481 ) ;
#11255 =( NAMED_UNIT ( * ) PLANE_ANGLE_UNIT ( ) SI_UNIT ( $, .RADIAN. ) );
#11256 = EDGE_LOOP ( 'NONE', ( #501, #9450, #10732, #11900 ) ) ;
#11257 = SURFACE_STYLE_USAGE ( .BOTH. , #7530 ) ;
#11258 = MECHANICAL_DESIGN_GEOMETRIC_PRESENTATION_REPRESENTATION (  '', ( #1991 ), #8446 ) ;
#11259 = EDGE_CURVE ( 'NONE', #7659, #444, #6780, .T. ) ;
#11260 = FILL_AREA_STYLE_COLOUR ( '', #1840 ) ;
#11261 = SURFACE_SIDE_STYLE ('',( #3624 ) ) ;
#11262 = EDGE_LOOP ( 'NONE', ( #4678, #1521, #11290, #8160 ) ) ;
#11263 = AXIS2_PLACEMENT_3D ( 'NONE', #3843, #8540, #5712 ) ;
#11264 = MECHANICAL_DESIGN_GEOMETRIC_PRESENTATION_REPRESENTATION (  '', ( #11855 ), #2362 ) ;
#11265 = SURFACE_SIDE_STYLE ('',( #2841 ) ) ;
#11266 = CARTESIAN_POINT ( 'NONE',  ( 0.3000000000000004885, 0.5700000000000000622, -0.9159880624910602398 ) ) ;
#11267 = CARTESIAN_POINT ( 'NONE',  ( 1.000000000000000222, 0.000000000000000000, -1.000000000000000000 ) ) ;
#11268 = DIRECTION ( 'NONE',  ( 0.000000000000000000, -1.000000000000000000, 0.000000000000000000 ) ) ;
#11269 =( NAMED_UNIT ( * ) SI_UNIT ( $, .STERADIAN. ) SOLID_ANGLE_UNIT ( ) );
#11270 = ORIENTED_EDGE ( 'NONE', *, *, #6324, .F. ) ;
#11271 = CARTESIAN_POINT ( 'NONE',  ( -0.9449999999999976197, 0.5500000000000000444, 0.5940119375089366605 ) ) ;
#11272 = EDGE_CURVE ( 'NONE', #7163, #11490, #7019, .T. ) ;
#11273 = EDGE_LOOP ( 'NONE', ( #4985, #8057, #11016, #2308 ) ) ;
#11274 = ORIENTED_EDGE ( 'NONE', *, *, #10656, .F. ) ;
#11275 = FILL_AREA_STYLE ('',( #6409 ) ) ;
#11276 = CARTESIAN_POINT ( 'NONE',  ( -0.9349999999999976108, 0.5700000000000000622, 0.7559880624910617630 ) ) ;
#11277 = CIRCLE ( 'NONE', #7244, 0.01901193750893743692 ) ;
#11278 = ORIENTED_EDGE ( 'NONE', *, *, #582, .F. ) ;
#11279 = ORIENTED_EDGE ( 'NONE', *, *, #10269, .F. ) ;
#11280 = CARTESIAN_POINT ( 'NONE',  ( 0.08098806249106006716, 0.5500000000000000444, 0.7450000000000016609 ) ) ;
#11281 = ORIENTED_EDGE ( 'NONE', *, *, #1184, .F. ) ;
#11282 = CARTESIAN_POINT ( 'NONE',  ( -0.7740119375089352660, 0.5500000000000000444, 0.5649999999999981704 ) ) ;
#11283 = FILL_AREA_STYLE_COLOUR ( '', #6277 ) ;
#11284 = SURFACE_STYLE_USAGE ( .BOTH. , #2705 ) ;
#11285 = FACE_OUTER_BOUND ( 'NONE', #11256, .T. ) ;
#11286 = ORIENTED_EDGE ( 'NONE', *, *, #3335, .F. ) ;
#11287 = FACE_OUTER_BOUND ( 'NONE', #3644, .T. ) ;
#11288 = UNCERTAINTY_MEASURE_WITH_UNIT (LENGTH_MEASURE( 1.000000000000000082E-05 ), #4543, 'distance_accuracy_value', 'NONE');
#11289 = ADVANCED_FACE ( 'NONE', ( #557 ), #12282, .F. ) ;
#11290 = ORIENTED_EDGE ( 'NONE', *, *, #10518, .F. ) ;
#11291 = EDGE_CURVE ( 'NONE', #12156, #2943, #8651, .T. ) ;
#11292 = SURFACE_STYLE_FILL_AREA ( #1706 ) ;
#11293 =( LENGTH_UNIT ( ) NAMED_UNIT ( * ) SI_UNIT ( .MILLI., .METRE. ) );
#11294 = CIRCLE ( 'NONE', #5614, 0.01000000000000002623 ) ;
#11295 = DIRECTION ( 'NONE',  ( 5.421010862427507971E-15, 0.000000000000000000, -1.000000000000000000 ) ) ;
#11296 = CYLINDRICAL_SURFACE ( 'NONE', #1003, 0.01999999999999999695 ) ;
#11297 =( NAMED_UNIT ( * ) SI_UNIT ( $, .STERADIAN. ) SOLID_ANGLE_UNIT ( ) );
#11298 = UNCERTAINTY_MEASURE_WITH_UNIT (LENGTH_MEASURE( 1.000000000000000082E-05 ), #2666, 'distance_accuracy_value', 'NONE');
#11299 = EDGE_CURVE ( 'NONE', #12016, #421, #877, .T. ) ;
#11300 = FILL_AREA_STYLE_COLOUR ( '', #12194 ) ;
#11301 = CIRCLE ( 'NONE', #2642, 0.01000000000000002623 ) ;
#11302 =( LENGTH_UNIT ( ) NAMED_UNIT ( * ) SI_UNIT ( .MILLI., .METRE. ) );
#11303 = PRESENTATION_LAYER_ASSIGNMENT (  '', '', ( #654 ) ) ;
#11304 = ORIENTED_EDGE ( 'NONE', *, *, #1050, .T. ) ;
#11305 = PRESENTATION_STYLE_ASSIGNMENT (( #11992 ) ) ;
#11306 = FACE_OUTER_BOUND ( 'NONE', #2294, .T. ) ;
#11307 = STYLED_ITEM ( 'NONE', ( #7314 ), #1558 ) ;
#11308 = VERTEX_POINT ( 'NONE', #3928 ) ;
#11309 = CARTESIAN_POINT ( 'NONE',  ( -0.7549999999999991163, 0.5600000000000000533, -0.3059880624910605862 ) ) ;
#11310 = COLOUR_RGB ( '',0.6666666666666666297, 0.6980392156862744724, 0.7686274509803920907 ) ;
#11311 = DIRECTION ( 'NONE',  ( -0.000000000000000000, -1.000000000000000000, -0.000000000000000000 ) ) ;
#11312 = CARTESIAN_POINT ( 'NONE',  ( 0.3874999999999998446, 0.5500000000000000444, 1.000000000000000000 ) ) ;
#11313 = PLANE ( 'NONE',  #4575 ) ;
#11314 = ADVANCED_FACE ( 'NONE', ( #6833 ), #4789, .F. ) ;
#11315 = UNCERTAINTY_MEASURE_WITH_UNIT (LENGTH_MEASURE( 1.000000000000000082E-05 ), #5106, 'distance_accuracy_value', 'NONE');
#11316 = FILL_AREA_STYLE ('',( #807 ) ) ;
#11317 = CARTESIAN_POINT ( 'NONE',  ( -0.9999999999999997780, 0.4500000000000001221, 1.000000000000000000 ) ) ;
#11318 = ORIENTED_EDGE ( 'NONE', *, *, #10934, .F. ) ;
#11319 =( NAMED_UNIT ( * ) SI_UNIT ( $, .STERADIAN. ) SOLID_ANGLE_UNIT ( ) );
#11320 = CIRCLE ( 'NONE', #3058, 0.01000000000000001929 ) ;
#11321 = MECHANICAL_DESIGN_GEOMETRIC_PRESENTATION_REPRESENTATION (  '', ( #12312 ), #9724 ) ;
#11322 =( GEOMETRIC_REPRESENTATION_CONTEXT ( 3 ) GLOBAL_UNCERTAINTY_ASSIGNED_CONTEXT ( ( #3845 ) ) GLOBAL_UNIT_ASSIGNED_CONTEXT ( ( #9793, #420, #3106 ) ) REPRESENTATION_CONTEXT ( 'NONE', 'WORKASPACE' ) );
#11323 = CARTESIAN_POINT ( 'NONE',  ( 0.4809880624910629066, 0.5600000000000000533, 0.7549999999999966738 ) ) ;
#11324 =( NAMED_UNIT ( * ) SI_UNIT ( $, .STERADIAN. ) SOLID_ANGLE_UNIT ( ) );
#11325 = AXIS2_PLACEMENT_3D ( 'NONE', #11714, #3073, #11828 ) ;
#11326 = PLANE ( 'NONE',  #9911 ) ;
#11327 = EDGE_CURVE ( 'NONE', #9267, #1532, #3370, .T. ) ;
#11328 =( NAMED_UNIT ( * ) PLANE_ANGLE_UNIT ( ) SI_UNIT ( $, .RADIAN. ) );
#11329 = SURFACE_STYLE_FILL_AREA ( #3442 ) ;
#11330 = PRESENTATION_STYLE_ASSIGNMENT (( #11210 ) ) ;
#11331 = VECTOR ( 'NONE', #788, 1000.000000000000000 ) ;
#11332 = ORIENTED_EDGE ( 'NONE', *, *, #5861, .F. ) ;
#11333 = CARTESIAN_POINT ( 'NONE',  ( -0.7449999999999993294, 0.5500000000000000444, 0.1440119375089355669 ) ) ;
#11334 = ORIENTED_EDGE ( 'NONE', *, *, #8355, .F. ) ;
#11335 =( NAMED_UNIT ( * ) SI_UNIT ( $, .STERADIAN. ) SOLID_ANGLE_UNIT ( ) );
#11336 = VERTEX_POINT ( 'NONE', #11449 ) ;
#11337 = VECTOR ( 'NONE', #2164, 1000.000000000000000 ) ;
#11338 = ORIENTED_EDGE ( 'NONE', *, *, #9435, .F. ) ;
#11339 = SURFACE_SIDE_STYLE ('',( #2506 ) ) ;
#11340 = VECTOR ( 'NONE', #11015, 1000.000000000000000 ) ;
#11341 = AXIS2_PLACEMENT_3D ( 'NONE', #8340, #9479, #3539 ) ;
#11342 =( GEOMETRIC_REPRESENTATION_CONTEXT ( 3 ) GLOBAL_UNCERTAINTY_ASSIGNED_CONTEXT ( ( #7126 ) ) GLOBAL_UNIT_ASSIGNED_CONTEXT ( ( #627, #4540, #8679 ) ) REPRESENTATION_CONTEXT ( 'NONE', 'WORKASPACE' ) );
#11343 = VERTEX_POINT ( 'NONE', #1801 ) ;
#11344 = ORIENTED_EDGE ( 'NONE', *, *, #7865, .T. ) ;
#11345 = PRESENTATION_STYLE_ASSIGNMENT (( #2511 ) ) ;
#11346 = FACE_BOUND ( 'NONE', #2374, .T. ) ;
#11347 = EDGE_CURVE ( 'NONE', #2486, #5758, #5616, .T. ) ;
#11348 = ORIENTED_EDGE ( 'NONE', *, *, #7109, .F. ) ;
#11349 = DIRECTION ( 'NONE',  ( 0.000000000000000000, -1.000000000000000000, 0.000000000000000000 ) ) ;
#11350 = FILL_AREA_STYLE_COLOUR ( '', #5206 ) ;
#11351 =( NAMED_UNIT ( * ) SI_UNIT ( $, .STERADIAN. ) SOLID_ANGLE_UNIT ( ) );
#11352 = DIRECTION ( 'NONE',  ( 0.000000000000000000, -1.000000000000000000, 0.000000000000000000 ) ) ;
#11353 = CARTESIAN_POINT ( 'NONE',  ( 0.9159880624910606839, 0.5500000000000000444, -0.5940119375089365494 ) ) ;
#11354 = EDGE_LOOP ( 'NONE', ( #3733, #915, #8023, #11697 ) ) ;
#11355 = CYLINDRICAL_SURFACE ( 'NONE', #1758, 0.01901193750893743692 ) ;
#11356 =( NAMED_UNIT ( * ) SI_UNIT ( $, .STERADIAN. ) SOLID_ANGLE_UNIT ( ) );
#11357 =( GEOMETRIC_REPRESENTATION_CONTEXT ( 3 ) GLOBAL_UNCERTAINTY_ASSIGNED_CONTEXT ( ( #11948 ) ) GLOBAL_UNIT_ASSIGNED_CONTEXT ( ( #10806, #10746, #9796 ) ) REPRESENTATION_CONTEXT ( 'NONE', 'WORKASPACE' ) );
#11358 = DIRECTION ( 'NONE',  ( -0.000000000000000000, -1.000000000000000000, -0.000000000000000000 ) ) ;
#11359 = FACE_OUTER_BOUND ( 'NONE', #2790, .T. ) ;
#11360 = FILL_AREA_STYLE_COLOUR ( '', #11709 ) ;
#11361 = EDGE_CURVE ( 'NONE', #12408, #11308, #6639, .T. ) ;
#11362 = DIRECTION ( 'NONE',  ( 0.000000000000000000, 0.000000000000000000, -1.000000000000000000 ) ) ;
#11363 = ADVANCED_FACE ( 'NONE', ( #5678 ), #4666, .T. ) ;
#11364 = DIRECTION ( 'NONE',  ( 0.000000000000000000, 1.000000000000000000, 0.000000000000000000 ) ) ;
#11365 = FACE_OUTER_BOUND ( 'NONE', #10014, .T. ) ;
#11366 = CARTESIAN_POINT ( 'NONE',  ( 0.7449999999999997735, 0.5600000000000000533, 0.1440119375089355391 ) ) ;
#11367 = SURFACE_SIDE_STYLE ('',( #12446 ) ) ;
#11368 =( GEOMETRIC_REPRESENTATION_CONTEXT ( 3 ) GLOBAL_UNCERTAINTY_ASSIGNED_CONTEXT ( ( #8029 ) ) GLOBAL_UNIT_ASSIGNED_CONTEXT ( ( #2655, #6611, #1960 ) ) REPRESENTATION_CONTEXT ( 'NONE', 'WORKASPACE' ) );
#11369 = EDGE_CURVE ( 'NONE', #3708, #7249, #3239, .T. ) ;
#11370 =( NAMED_UNIT ( * ) PLANE_ANGLE_UNIT ( ) SI_UNIT ( $, .RADIAN. ) );
#11371 = EDGE_CURVE ( 'NONE', #11632, #12096, #4112, .T. ) ;
#11372 = DIRECTION ( 'NONE',  ( -0.000000000000000000, 0.000000000000000000, 1.000000000000000000 ) ) ;
#11373 = ORIENTED_EDGE ( 'NONE', *, *, #10296, .F. ) ;
#11374 = DIRECTION ( 'NONE',  ( 1.000000000000000000, 0.000000000000000000, -7.063772234066506568E-15 ) ) ;
#11375 = SURFACE_SIDE_STYLE ('',( #9662 ) ) ;
#11376 = MECHANICAL_DESIGN_GEOMETRIC_PRESENTATION_REPRESENTATION (  '', ( #3912 ), #10976 ) ;
#11377 = FACE_OUTER_BOUND ( 'NONE', #8625, .T. ) ;
#11378 = PRESENTATION_STYLE_ASSIGNMENT (( #8673 ) ) ;
#11379 = ORIENTED_EDGE ( 'NONE', *, *, #3048, .F. ) ;
#11380 = DIRECTION ( 'NONE',  ( -0.000000000000000000, 1.000000000000000000, -0.000000000000000000 ) ) ;
#11381 = SURFACE_SIDE_STYLE ('',( #10371 ) ) ;
#11383 = FILL_AREA_STYLE ('',( #9308 ) ) ;
#11382 = PRESENTATION_LAYER_ASSIGNMENT (  '', '', ( #11187 ) ) ;
#11384 = EDGE_CURVE ( 'NONE', #6346, #7351, #2293, .T. ) ;
#11385 = FACE_OUTER_BOUND ( 'NONE', #9226, .T. ) ;
#11386 = SURFACE_STYLE_USAGE ( .BOTH. , #2034 ) ;
#11387 = LINE ( 'NONE', #1992, #11147 ) ;
#11388 = DIRECTION ( 'NONE',  ( 1.000000000000000000, 0.000000000000000000, -6.872859470983632553E-15 ) ) ;
#11389 = CARTESIAN_POINT ( 'NONE',  ( -0.9999999999999997780, 0.4500000000000001776, -0.2124999999999991340 ) ) ;
#11390 = ORIENTED_EDGE ( 'NONE', *, *, #1425, .T. ) ;
#11391 =( LENGTH_UNIT ( ) NAMED_UNIT ( * ) SI_UNIT ( .MILLI., .METRE. ) );
#11392 = VECTOR ( 'NONE', #7743, 1000.000000000000000 ) ;
#11393 = ORIENTED_EDGE ( 'NONE', *, *, #5215, .T. ) ;
#11394 = VERTEX_POINT ( 'NONE', #5095 ) ;
#11395 = FILL_AREA_STYLE ('',( #3822 ) ) ;
#11396 = FILL_AREA_STYLE ('',( #3824 ) ) ;
#11397 = CARTESIAN_POINT ( 'NONE',  ( 0.7740119375089354881, 0.5600000000000000533, -0.5940119375089355502 ) ) ;
#11398 = ORIENTED_EDGE ( 'NONE', *, *, #10425, .T. ) ;
#11399 = ORIENTED_EDGE ( 'NONE', *, *, #107, .T. ) ;
#11400 = DIRECTION ( 'NONE',  ( 0.000000000000000000, -1.000000000000000000, 0.000000000000000000 ) ) ;
#11401 = SURFACE_STYLE_USAGE ( .BOTH. , #77 ) ;
#11402 = ORIENTED_EDGE ( 'NONE', *, *, #5893, .F. ) ;
#11403 = DIRECTION ( 'NONE',  ( 0.000000000000000000, 0.000000000000000000, -1.000000000000000000 ) ) ;
#11404 = CARTESIAN_POINT ( 'NONE',  ( 0.08098806249106001165, 0.5700000000000000622, 0.7550000000000004485 ) ) ;
#11405 =( NAMED_UNIT ( * ) SI_UNIT ( $, .STERADIAN. ) SOLID_ANGLE_UNIT ( ) );
#11406 = DIRECTION ( 'NONE',  ( -7.362951730482916928E-15, 0.000000000000000000, -1.000000000000000000 ) ) ;
#11407 = CARTESIAN_POINT ( 'NONE',  ( -0.08098806249106238475, 0.5700000000000000622, 0.9159880624910624602 ) ) ;
#11408 = ORIENTED_EDGE ( 'NONE', *, *, #8426, .F. ) ;
#11409 =( NAMED_UNIT ( * ) PLANE_ANGLE_UNIT ( ) SI_UNIT ( $, .RADIAN. ) );
#11410 = EDGE_CURVE ( 'NONE', #9892, #6952, #3994, .T. ) ;
#11411 =( NAMED_UNIT ( * ) SI_UNIT ( $, .STERADIAN. ) SOLID_ANGLE_UNIT ( ) );
#11412 = SURFACE_SIDE_STYLE ('',( #3835 ) ) ;
#11413 = COLOUR_RGB ( '',0.6666666666666666297, 0.6980392156862744724, 0.7686274509803920907 ) ;
#11414 = DIRECTION ( 'NONE',  ( -1.000000000000000000, 0.000000000000000000, 0.000000000000000000 ) ) ;
#11415 =( NAMED_UNIT ( * ) SI_UNIT ( $, .STERADIAN. ) SOLID_ANGLE_UNIT ( ) );
#11416 = MECHANICAL_DESIGN_GEOMETRIC_PRESENTATION_REPRESENTATION (  '', ( #5543 ), #2353 ) ;
#11417 = PRESENTATION_LAYER_ASSIGNMENT (  '', '', ( #3557 ) ) ;
#11418 = CARTESIAN_POINT ( 'NONE',  ( -0.7740119375089362652, 0.5700000000000000622, -0.3249999999999980682 ) ) ;
#11419 =( LENGTH_UNIT ( ) NAMED_UNIT ( * ) SI_UNIT ( .MILLI., .METRE. ) );
#11420 = FACE_OUTER_BOUND ( 'NONE', #3896, .T. ) ;
#11421 = EDGE_CURVE ( 'NONE', #1688, #11086, #5349, .T. ) ;
#11422 = CARTESIAN_POINT ( 'NONE',  ( -0.7740119375089365983, 0.5500000000000000444, -0.1440119375089355669 ) ) ;
#11423 = MECHANICAL_DESIGN_GEOMETRIC_PRESENTATION_REPRESENTATION (  '', ( #5551 ), #6983 ) ;
#11424 = LINE ( 'NONE', #7452, #12266 ) ;
#11425 =( LENGTH_UNIT ( ) NAMED_UNIT ( * ) SI_UNIT ( .MILLI., .METRE. ) );
#11426 = DIRECTION ( 'NONE',  ( 0.000000000000000000, 0.000000000000000000, -1.000000000000000000 ) ) ;
#11427 = ORIENTED_EDGE ( 'NONE', *, *, #6449, .F. ) ;
#11428 = VECTOR ( 'NONE', #11971, 1000.000000000000000 ) ;
#11429 = SURFACE_STYLE_FILL_AREA ( #799 ) ;
#11430 = VERTEX_POINT ( 'NONE', #9056 ) ;
#11431 = DIRECTION ( 'NONE',  ( 1.000000000000000000, -5.421010862427508759E-15, -5.421010862427508759E-15 ) ) ;
#11432 = MECHANICAL_DESIGN_GEOMETRIC_PRESENTATION_REPRESENTATION (  '', ( #4981 ), #9217 ) ;
#11433 = VECTOR ( 'NONE', #12090, 1000.000000000000000 ) ;
#11434 = PRESENTATION_LAYER_ASSIGNMENT (  '', '', ( #7403 ) ) ;
#11435 = CARTESIAN_POINT ( 'NONE',  ( -0.08098806249106589583, 0.5700000000000000622, 0.9349999999999992761 ) ) ;
#11436 = UNCERTAINTY_MEASURE_WITH_UNIT (LENGTH_MEASURE( 1.000000000000000082E-05 ), #8447, 'distance_accuracy_value', 'NONE');
#11437 = ADVANCED_FACE ( 'NONE', ( #10807 ), #12250, .F. ) ;
#11438 = ORIENTED_EDGE ( 'NONE', *, *, #1732, .F. ) ;
#11439 = COLOUR_RGB ( '',0.6666666666666666297, 0.6980392156862744724, 0.7686274509803920907 ) ;
#11440 = CARTESIAN_POINT ( 'NONE',  ( -0.9349999999999992761, 0.5600000000000000533, -0.1440119375089365938 ) ) ;
#11441 = EDGE_CURVE ( 'NONE', #94, #4437, #3165, .T. ) ;
#11442 = PRESENTATION_LAYER_ASSIGNMENT (  '', '', ( #593 ) ) ;
#11443 = VECTOR ( 'NONE', #9836, 1000.000000000000000 ) ;
#11444 = PLANE ( 'NONE',  #5151 ) ;
#11445 = CIRCLE ( 'NONE', #1574, 0.01901193750893743692 ) ;
#11446 = AXIS2_PLACEMENT_3D ( 'NONE', #7653, #7590, #11499 ) ;
#11447 = AXIS2_PLACEMENT_3D ( 'NONE', #7277, #5154, #4297 ) ;
#11448 =( LENGTH_UNIT ( ) NAMED_UNIT ( * ) SI_UNIT ( .MILLI., .METRE. ) );
#11449 = CARTESIAN_POINT ( 'NONE',  ( -0.9999999999999997780, 0.4750000000000001443, -0.6624999999999992006 ) ) ;
#11450 = LINE ( 'NONE', #8620, #5582 ) ;
#11451 = CARTESIAN_POINT ( 'NONE',  ( 0.7449999999999997735, 0.5500000000000000444, 0.1440119375089355391 ) ) ;
#11452 = AXIS2_PLACEMENT_3D ( 'NONE', #1412, #5202, #9096 ) ;
#11453 = CARTESIAN_POINT ( 'NONE',  ( 0.4809880624910631841, 0.5600000000000000533, 0.9349999999999966116 ) ) ;
#11454 = ORIENTED_EDGE ( 'NONE', *, *, #4636, .T. ) ;
#11455 = ORIENTED_EDGE ( 'NONE', *, *, #10892, .F. ) ;
#11456 =( NAMED_UNIT ( * ) PLANE_ANGLE_UNIT ( ) SI_UNIT ( $, .RADIAN. ) );
#11457 = ADVANCED_FACE ( 'NONE', ( #7838 ), #10872, .F. ) ;
#11458 = SURFACE_STYLE_USAGE ( .BOTH. , #3755 ) ;
#11459 =( GEOMETRIC_REPRESENTATION_CONTEXT ( 3 ) GLOBAL_UNCERTAINTY_ASSIGNED_CONTEXT ( ( #715 ) ) GLOBAL_UNIT_ASSIGNED_CONTEXT ( ( #9222, #6912, #4349 ) ) REPRESENTATION_CONTEXT ( 'NONE', 'WORKASPACE' ) );
#11460 = FACE_OUTER_BOUND ( 'NONE', #7386, .T. ) ;
#11461 = VERTEX_POINT ( 'NONE', #7334 ) ;
#11462 = COLOUR_RGB ( '',0.6666666666666666297, 0.6980392156862744724, 0.7686274509803920907 ) ;
#11463 = AXIS2_PLACEMENT_3D ( 'NONE', #11422, #5717, #2897 ) ;
#11464 = DIRECTION ( 'NONE',  ( 5.421010862427507971E-15, 0.000000000000000000, -1.000000000000000000 ) ) ;
#11465 = FILL_AREA_STYLE ('',( #8457 ) ) ;
#11466 = DIRECTION ( 'NONE',  ( 2.008077744677158373E-15, -0.000000000000000000, 1.000000000000000000 ) ) ;
#11467 = CARTESIAN_POINT ( 'NONE',  ( 0.4809880624910630176, 0.5600000000000000533, -0.7740119375089341558 ) ) ;
#11468 = VERTEX_POINT ( 'NONE', #1489 ) ;
#11469 = SURFACE_STYLE_FILL_AREA ( #9634 ) ;
#11470 = SURFACE_STYLE_FILL_AREA ( #1821 ) ;
#11471 = ORIENTED_EDGE ( 'NONE', *, *, #3436, .F. ) ;
#11472 = SURFACE_SIDE_STYLE ('',( #6851 ) ) ;
#11473 = ADVANCED_FACE ( 'NONE', ( #8212 ), #2543, .F. ) ;
#11474 =( NAMED_UNIT ( * ) SI_UNIT ( $, .STERADIAN. ) SOLID_ANGLE_UNIT ( ) );
#11475 = CARTESIAN_POINT ( 'NONE',  ( 1.000000000000000222, 0.4749999999999999223, -0.2125000000000008826 ) ) ;
#11476 = CARTESIAN_POINT ( 'NONE',  ( -0.7740119375089349329, 0.5700000000000000622, -0.7749999999999981348 ) ) ;
#11477 = ORIENTED_EDGE ( 'NONE', *, *, #7608, .T. ) ;
#11478 = DIRECTION ( 'NONE',  ( -0.000000000000000000, -1.000000000000000000, -0.000000000000000000 ) ) ;
#11479 = ADVANCED_FACE ( 'NONE', ( #10044, #9362, #12070, #6374, #5408 ), #12138, .F. ) ;
#11480 = DIRECTION ( 'NONE',  ( 0.000000000000000000, 0.000000000000000000, 1.000000000000000000 ) ) ;
#11481 = DIRECTION ( 'NONE',  ( 0.000000000000000000, 1.000000000000000000, -0.000000000000000000 ) ) ;
#11482 = DIRECTION ( 'NONE',  ( 1.000000000000000000, 0.000000000000000000, 2.168404344971003504E-14 ) ) ;
#11483 = FILL_AREA_STYLE_COLOUR ( '', #667 ) ;
#11484 =( LENGTH_UNIT ( ) NAMED_UNIT ( * ) SI_UNIT ( .MILLI., .METRE. ) );
#11485 = CYLINDRICAL_SURFACE ( 'NONE', #7636, 0.009999999999999998473 ) ;
#11486 = LINE ( 'NONE', #3730, #3398 ) ;
#11487 = DIRECTION ( 'NONE',  ( -1.000000000000000000, 0.000000000000000000, 0.000000000000000000 ) ) ;
#11488 = CARTESIAN_POINT ( 'NONE',  ( -0.7740119375089349329, 0.5600000000000000533, 0.7749999999999981348 ) ) ;
#11489 = ORIENTED_EDGE ( 'NONE', *, *, #10877, .F. ) ;
#11490 = VERTEX_POINT ( 'NONE', #980 ) ;
#11491 = EDGE_CURVE ( 'NONE', #6708, #5065, #10491, .T. ) ;
#11492 = FILL_AREA_STYLE ('',( #8482 ) ) ;
#11493 = CARTESIAN_POINT ( 'NONE',  ( 0.4125000000000007550, 0.4750000000000000333, -1.000000000000000000 ) ) ;
#11494 = STYLED_ITEM ( 'NONE', ( #7384 ), #5698 ) ;
#11495 = SURFACE_STYLE_FILL_AREA ( #5795 ) ;
#11496 = CIRCLE ( 'NONE', #2253, 0.01000000000000002623 ) ;
#11497 = ORIENTED_EDGE ( 'NONE', *, *, #2603, .T. ) ;
#11498 = DIRECTION ( 'NONE',  ( -1.000000000000000000, 1.084202172485501752E-14, 0.000000000000000000 ) ) ;
#11499 = DIRECTION ( 'NONE',  ( 0.000000000000000000, 0.000000000000000000, -1.000000000000000000 ) ) ;
#11500 = CIRCLE ( 'NONE', #6042, 0.01901193750893765549 ) ;
#11501 = AXIS2_PLACEMENT_3D ( 'NONE', #212, #4019, #9951 ) ;
#11502 = SURFACE_STYLE_USAGE ( .BOTH. , #3742 ) ;
#11503 = COLOUR_RGB ( '',0.6666666666666666297, 0.6980392156862744724, 0.7686274509803920907 ) ;
#11504 = LINE ( 'NONE', #1056, #1087 ) ;
#11505 = EDGE_CURVE ( 'NONE', #4793, #117, #1850, .T. ) ;
#11506 = FACE_OUTER_BOUND ( 'NONE', #4924, .T. ) ;
#11507 = AXIS2_PLACEMENT_3D ( 'NONE', #4360, #8150, #8218 ) ;
#11508 = CARTESIAN_POINT ( 'NONE',  ( 0.7740119375089364873, 0.5500000000000000444, 0.3349999999999982991 ) ) ;
#11509 = EDGE_CURVE ( 'NONE', #7383, #10445, #8739, .T. ) ;
#11510 = ORIENTED_EDGE ( 'NONE', *, *, #6251, .F. ) ;
#11511 =( NAMED_UNIT ( * ) PLANE_ANGLE_UNIT ( ) SI_UNIT ( $, .RADIAN. ) );
#11512 = ORIENTED_EDGE ( 'NONE', *, *, #8139, .T. ) ;
#11513 =( LENGTH_UNIT ( ) NAMED_UNIT ( * ) SI_UNIT ( .MILLI., .METRE. ) );
#11514 = PRESENTATION_LAYER_ASSIGNMENT (  '', '', ( #1642 ) ) ;
#11515 = PLANE ( 'NONE',  #6888 ) ;
#11516 = CIRCLE ( 'NONE', #68, 0.01000000000000002623 ) ;
#11517 = VERTEX_POINT ( 'NONE', #10608 ) ;
#11518 = VERTEX_POINT ( 'NONE', #3735 ) ;
#11519 = PRESENTATION_STYLE_ASSIGNMENT (( #886 ) ) ;
#11520 =( NAMED_UNIT ( * ) SI_UNIT ( $, .STERADIAN. ) SOLID_ANGLE_UNIT ( ) );
#11521 = PRESENTATION_STYLE_ASSIGNMENT (( #7607 ) ) ;
#11522 = ORIENTED_EDGE ( 'NONE', *, *, #6674, .F. ) ;
#11523 = CARTESIAN_POINT ( 'NONE',  ( -0.4809880624910625735, 0.5600000000000000533, 0.9159880624910591296 ) ) ;
#11524 = CARTESIAN_POINT ( 'NONE',  ( 0.4809880624910632396, 0.5600000000000000533, -0.9449999999999966205 ) ) ;
#11525 = COLOUR_RGB ( '',0.6666666666666666297, 0.6980392156862744724, 0.7686274509803920907 ) ;
#11526 = STYLED_ITEM ( 'NONE', ( #10636 ), #6248 ) ;
#11527 = EDGE_CURVE ( 'NONE', #2637, #7051, #8483, .T. ) ;
#11528 = DIRECTION ( 'NONE',  ( 0.000000000000000000, -1.000000000000000000, 0.000000000000000000 ) ) ;
#11529 = ORIENTED_EDGE ( 'NONE', *, *, #618, .F. ) ;
#11530 = CIRCLE ( 'NONE', #6033, 0.01000000000000002623 ) ;
#11531 = DIRECTION ( 'NONE',  ( -1.000000000000000000, 0.000000000000000000, 3.346796241128597815E-15 ) ) ;
#11532 = EDGE_CURVE ( 'NONE', #4557, #12390, #7708, .T. ) ;
#11533 = ORIENTED_EDGE ( 'NONE', *, *, #2938, .F. ) ;
#11534 = LINE ( 'NONE', #3892, #9018 ) ;
#11535 = MECHANICAL_DESIGN_GEOMETRIC_PRESENTATION_REPRESENTATION (  '', ( #5657 ), #8926 ) ;
#11536 = ORIENTED_EDGE ( 'NONE', *, *, #5603, .T. ) ;
#11537 = FACE_OUTER_BOUND ( 'NONE', #10846, .T. ) ;
#11538 = CIRCLE ( 'NONE', #5244, 0.01000000000000002623 ) ;
#11539 = CARTESIAN_POINT ( 'NONE',  ( -0.4809880624910625735, 0.5700000000000000622, -0.9159880624910591296 ) ) ;
#11540 = ORIENTED_EDGE ( 'NONE', *, *, #10598, .T. ) ;
#11541 = DIRECTION ( 'NONE',  ( 0.000000000000000000, 0.000000000000000000, 1.000000000000000000 ) ) ;
#11542 = VECTOR ( 'NONE', #10442, 1000.000000000000000 ) ;
#11543 = DIRECTION ( 'NONE',  ( -1.000000000000000000, 0.000000000000000000, 2.168404344971009184E-14 ) ) ;
#11544 = EDGE_LOOP ( 'NONE', ( #8950, #6527, #9564, #5437 ) ) ;
#11545 = EDGE_CURVE ( 'NONE', #1317, #10302, #918, .T. ) ;
#11546 = AXIS2_PLACEMENT_3D ( 'NONE', #6314, #9359, #7272 ) ;
#11547 =( LENGTH_UNIT ( ) NAMED_UNIT ( * ) SI_UNIT ( .MILLI., .METRE. ) );
#11548 = CARTESIAN_POINT ( 'NONE',  ( 0.3190119375089379150, 0.5500000000000000444, 0.7740119375089351550 ) ) ;
#11549 = SURFACE_STYLE_FILL_AREA ( #2838 ) ;
#11550 = SURFACE_STYLE_FILL_AREA ( #11670 ) ;
#11551 = UNCERTAINTY_MEASURE_WITH_UNIT (LENGTH_MEASURE( 1.000000000000000082E-05 ), #4954, 'distance_accuracy_value', 'NONE');
#11552 =( NAMED_UNIT ( * ) PLANE_ANGLE_UNIT ( ) SI_UNIT ( $, .RADIAN. ) );
#11553 = FACE_OUTER_BOUND ( 'NONE', #3, .T. ) ;
#11554 = FILL_AREA_STYLE_COLOUR ( '', #5017 ) ;
#11555 = FILL_AREA_STYLE_COLOUR ( '', #9108 ) ;
#11556 = ORIENTED_EDGE ( 'NONE', *, *, #1283, .T. ) ;
#11557 = MECHANICAL_DESIGN_GEOMETRIC_PRESENTATION_REPRESENTATION (  '', ( #6706 ), #6094 ) ;
#11558 = VERTEX_POINT ( 'NONE', #7460 ) ;
#11559 = PRESENTATION_STYLE_ASSIGNMENT (( #6626 ) ) ;
#11560 = DIRECTION ( 'NONE',  ( -0.000000000000000000, -1.000000000000000000, -0.000000000000000000 ) ) ;
#11561 =( NAMED_UNIT ( * ) SI_UNIT ( $, .STERADIAN. ) SOLID_ANGLE_UNIT ( ) );
#11562 = UNCERTAINTY_MEASURE_WITH_UNIT (LENGTH_MEASURE( 1.000000000000000082E-05 ), #10982, 'distance_accuracy_value', 'NONE');
#11563 = DIRECTION ( 'NONE',  ( -0.000000000000000000, 1.000000000000000000, -0.000000000000000000 ) ) ;
#11564 = FILL_AREA_STYLE_COLOUR ( '', #4633 ) ;
#11565 = DIRECTION ( 'NONE',  ( 0.000000000000000000, 0.000000000000000000, -1.000000000000000000 ) ) ;
#11566 = CARTESIAN_POINT ( 'NONE',  ( 0.7740119375089370424, 0.5600000000000000533, -0.1440119375089355669 ) ) ;
#11567 =( NAMED_UNIT ( * ) PLANE_ANGLE_UNIT ( ) SI_UNIT ( $, .RADIAN. ) );
#11568 = AXIS2_PLACEMENT_3D ( 'NONE', #9404, #785, #12316 ) ;
#11569 = SURFACE_SIDE_STYLE ('',( #2983 ) ) ;
#11570 = CYLINDRICAL_SURFACE ( 'NONE', #1484, 0.01901193750893754447 ) ;
#11571 = STYLED_ITEM ( 'NONE', ( #4659 ), #8038 ) ;
#11572 =( NAMED_UNIT ( * ) PLANE_ANGLE_UNIT ( ) SI_UNIT ( $, .RADIAN. ) );
#11573 = CYLINDRICAL_SURFACE ( 'NONE', #6612, 0.01901193750893754447 ) ;
#11574 = ORIENTED_EDGE ( 'NONE', *, *, #4404, .T. ) ;
#11575 = ORIENTED_EDGE ( 'NONE', *, *, #2955, .F. ) ;
#11576 =( NAMED_UNIT ( * ) SI_UNIT ( $, .STERADIAN. ) SOLID_ANGLE_UNIT ( ) );
#11577 = DIRECTION ( 'NONE',  ( -2.677436992902878094E-15, 0.000000000000000000, 1.000000000000000000 ) ) ;
#11578 = EDGE_CURVE ( 'NONE', #3570, #8220, #6400, .T. ) ;
#11579 = COLOUR_RGB ( '',0.6666666666666666297, 0.6980392156862744724, 0.7686274509803920907 ) ;
#11580 = PRESENTATION_LAYER_ASSIGNMENT (  '', '', ( #6735 ) ) ;
#11581 = FACE_OUTER_BOUND ( 'NONE', #3684, .T. ) ;
#11582 = ORIENTED_EDGE ( 'NONE', *, *, #7661, .T. ) ;
#11583 = PLANE ( 'NONE',  #12044 ) ;
#11584 = CARTESIAN_POINT ( 'NONE',  ( 0.3190119375089380260, 0.5700000000000000622, -0.9349999999999977218 ) ) ;
#11585 = LINE ( 'NONE', #12420, #9324 ) ;
#11586 = CARTESIAN_POINT ( 'NONE',  ( 0.3190119375089379150, 0.5700000000000000622, 0.7740119375089351550 ) ) ;
#11587 = VERTEX_POINT ( 'NONE', #2905 ) ;
#11589 = DIRECTION ( 'NONE',  ( 0.000000000000000000, -1.000000000000000000, 0.000000000000000000 ) ) ;
#11588 = CIRCLE ( 'NONE', #6121, 0.02901193750893746315 ) ;
#11590 = ORIENTED_EDGE ( 'NONE', *, *, #5254, .T. ) ;
#11591 = PRESENTATION_STYLE_ASSIGNMENT (( #9524 ) ) ;
#11592 = FILL_AREA_STYLE ('',( #778 ) ) ;
#11593 = EDGE_CURVE ( 'NONE', #10493, #8943, #6803, .T. ) ;
#11594 = DIRECTION ( 'NONE',  ( 0.000000000000000000, -1.000000000000000000, 0.000000000000000000 ) ) ;
#11595 = ORIENTED_EDGE ( 'NONE', *, *, #11527, .F. ) ;
#11596 = PRESENTATION_LAYER_ASSIGNMENT (  '', '', ( #2331 ) ) ;
#11597 = SURFACE_SIDE_STYLE ('',( #1263 ) ) ;
#11598 = CARTESIAN_POINT ( 'NONE',  ( -0.7740119375089361542, 0.5700000000000000622, 0.3249999999999982347 ) ) ;
#11599 = ORIENTED_EDGE ( 'NONE', *, *, #11410, .T. ) ;
#11600 = ORIENTED_EDGE ( 'NONE', *, *, #8814, .F. ) ;
#11601 =( NAMED_UNIT ( * ) PLANE_ANGLE_UNIT ( ) SI_UNIT ( $, .RADIAN. ) );
#11602 = CARTESIAN_POINT ( 'NONE',  ( -0.7740119375089349329, 0.5600000000000000533, 0.7749999999999981348 ) ) ;
#11604 =( LENGTH_UNIT ( ) NAMED_UNIT ( * ) SI_UNIT ( .MILLI., .METRE. ) );
#11603 = DIRECTION ( 'NONE',  ( 1.000000000000000000, 0.000000000000000000, 6.693592482257192474E-15 ) ) ;
#11605 = PRESENTATION_STYLE_ASSIGNMENT (( #5713 ) ) ;
#11606 = PRESENTATION_LAYER_ASSIGNMENT (  '', '', ( #11801 ) ) ;
#11607 = CARTESIAN_POINT ( 'NONE',  ( 0.3000000000000004885, 0.5700000000000000622, 0.9159880624910602398 ) ) ;
#11608 = MECHANICAL_DESIGN_GEOMETRIC_PRESENTATION_REPRESENTATION (  '', ( #8604 ), #7175 ) ;
#11609 = EDGE_CURVE ( 'NONE', #7775, #128, #9486, .T. ) ;
#11610 = CARTESIAN_POINT ( 'NONE',  ( 0.9159880624910606839, 0.5700000000000000622, 0.5940119375089365494 ) ) ;
#11612 = DIRECTION ( 'NONE',  ( -0.000000000000000000, 1.000000000000000000, -0.000000000000000000 ) ) ;
#11611 = CARTESIAN_POINT ( 'NONE',  ( -0.08098806249106502153, 0.5500000000000000444, -0.7449999999999982192 ) ) ;
#11613 = SURFACE_SIDE_STYLE ('',( #106 ) ) ;
#11615 = CARTESIAN_POINT ( 'NONE',  ( -0.1000000000000012407, 0.5700000000000000622, 0.9159880624910617941 ) ) ;
#11614 = PRESENTATION_LAYER_ASSIGNMENT (  '', '', ( #4148 ) ) ;
#11616 = ORIENTED_EDGE ( 'NONE', *, *, #5473, .F. ) ;
#11617 = DIRECTION ( 'NONE',  ( -5.421010862427507971E-15, 0.000000000000000000, 1.000000000000000000 ) ) ;
#11618 = FILL_AREA_STYLE_COLOUR ( '', #8091 ) ;
#11619 =( LENGTH_UNIT ( ) NAMED_UNIT ( * ) SI_UNIT ( .MILLI., .METRE. ) );
#11620 =( NAMED_UNIT ( * ) PLANE_ANGLE_UNIT ( ) SI_UNIT ( $, .RADIAN. ) );
#11621 = AXIS2_PLACEMENT_3D ( 'NONE', #9994, #11964, #8044 ) ;
#11622 = TOROIDAL_SURFACE ( 'NONE', #9210, 0.02901193750893743539, 0.01000000000000000021 ) ;
#11623 = CIRCLE ( 'NONE', #11813, 0.01901193750893743692 ) ;
#11624 = DIRECTION ( 'NONE',  ( 0.000000000000000000, 1.000000000000000000, 0.000000000000000000 ) ) ;
#11625 = DIRECTION ( 'NONE',  ( 0.000000000000000000, 0.000000000000000000, -1.000000000000000000 ) ) ;
#11626 = FILL_AREA_STYLE ('',( #10620 ) ) ;
#11627 = ORIENTED_EDGE ( 'NONE', *, *, #5111, .F. ) ;
#11628 = TOROIDAL_SURFACE ( 'NONE', #12277, 0.02901193750893743539, 0.01000000000000000021 ) ;
#11629 = AXIS2_PLACEMENT_3D ( 'NONE', #941, #2696, #3756 ) ;
#11630 = CARTESIAN_POINT ( 'NONE',  ( 0.9159880624910622382, 0.5700000000000000622, -0.1440119375089366216 ) ) ;
#11631 = EDGE_CURVE ( 'NONE', #6421, #6644, #2976, .T. ) ;
#11632 = VERTEX_POINT ( 'NONE', #1790 ) ;
#11633 = ORIENTED_EDGE ( 'NONE', *, *, #4897, .T. ) ;
#11634 = FILL_AREA_STYLE ('',( #3750 ) ) ;
#11635 = FACE_OUTER_BOUND ( 'NONE', #4909, .T. ) ;
#11636 = ORIENTED_EDGE ( 'NONE', *, *, #4796, .T. ) ;
#11637 =( GEOMETRIC_REPRESENTATION_CONTEXT ( 3 ) GLOBAL_UNCERTAINTY_ASSIGNED_CONTEXT ( ( #3727 ) ) GLOBAL_UNIT_ASSIGNED_CONTEXT ( ( #9663, #112, #6507 ) ) REPRESENTATION_CONTEXT ( 'NONE', 'WORKASPACE' ) );
#11638 = DIRECTION ( 'NONE',  ( -1.084202172485501594E-14, 0.000000000000000000, 1.000000000000000000 ) ) ;
#11639 = CIRCLE ( 'NONE', #10632, 0.01000000000000002623 ) ;
#11640 = PRESENTATION_LAYER_ASSIGNMENT (  '', '', ( #2980 ) ) ;
#11641 = FACE_OUTER_BOUND ( 'NONE', #707, .T. ) ;
#11642 = DIRECTION ( 'NONE',  ( -1.000000000000000000, -0.000000000000000000, 7.254684997149389260E-15 ) ) ;
#11643 = AXIS2_PLACEMENT_3D ( 'NONE', #3648, #11352, #7497 ) ;
#11644 =( NAMED_UNIT ( * ) PLANE_ANGLE_UNIT ( ) SI_UNIT ( $, .RADIAN. ) );
#11645 = FILL_AREA_STYLE ('',( #7788 ) ) ;
#11646 = VECTOR ( 'NONE', #4776, 1000.000000000000000 ) ;
#11647 = CARTESIAN_POINT ( 'NONE',  ( 0.5000000000000004441, 0.5700000000000000622, 0.9159880624910591296 ) ) ;
#11648 = DIRECTION ( 'NONE',  ( 1.000000000000000000, 0.000000000000000000, 0.000000000000000000 ) ) ;
#11649 = EDGE_CURVE ( 'NONE', #8492, #1067, #4655, .T. ) ;
#11650 = EDGE_LOOP ( 'NONE', ( #2932, #7916, #6000, #2211 ) ) ;
#11651 = VECTOR ( 'NONE', #3924, 1000.000000000000000 ) ;
#11652 = DIRECTION ( 'NONE',  ( -1.000000000000000000, 0.000000000000000000, 0.000000000000000000 ) ) ;
#11653 = SURFACE_STYLE_USAGE ( .BOTH. , #4741 ) ;
#11654 = VERTEX_POINT ( 'NONE', #7645 ) ;
#11655 = TOROIDAL_SURFACE ( 'NONE', #13, 0.02901193750893743539, 0.01000000000000000021 ) ;
#11656 = PLANE ( 'NONE',  #12242 ) ;
#11657 = DIRECTION ( 'NONE',  ( 1.000000000000000000, 0.000000000000000000, 0.000000000000000000 ) ) ;
#11658 = CIRCLE ( 'NONE', #11263, 0.02901193750893887174 ) ;
#11659 = FILL_AREA_STYLE ('',( #11899 ) ) ;
#11660 = ORIENTED_EDGE ( 'NONE', *, *, #1977, .T. ) ;
#11661 = CIRCLE ( 'NONE', #9418, 0.01901193750893743692 ) ;
#11662 = VERTEX_POINT ( 'NONE', #11493 ) ;
#11663 = ORIENTED_EDGE ( 'NONE', *, *, #9742, .T. ) ;
#11664 = LINE ( 'NONE', #3021, #392 ) ;
#11665 = DIRECTION ( 'NONE',  ( 1.000000000000000000, 0.000000000000000000, 0.000000000000000000 ) ) ;
#11666 = ADVANCED_FACE ( 'NONE', ( #2851 ), #10422, .F. ) ;
#11668 = DIRECTION ( 'NONE',  ( -1.000000000000000000, -0.000000000000000000, -5.421010862427508759E-15 ) ) ;
#11667 =( NAMED_UNIT ( * ) SI_UNIT ( $, .STERADIAN. ) SOLID_ANGLE_UNIT ( ) );
#11669 = ADVANCED_FACE ( 'NONE', ( #5976 ), #4900, .F. ) ;
#11670 = FILL_AREA_STYLE ('',( #2023 ) ) ;
#11671 = UNCERTAINTY_MEASURE_WITH_UNIT (LENGTH_MEASURE( 1.000000000000000082E-05 ), #3664, 'distance_accuracy_value', 'NONE');
#11672 = CARTESIAN_POINT ( 'NONE',  ( -0.7449999999999994404, 0.5500000000000000444, -0.1440119375089354281 ) ) ;
#11673 = CARTESIAN_POINT ( 'NONE',  ( -0.5100000000000000089, 0.5500000000000000444, 0.4799999999999997047 ) ) ;
#11674 = SURFACE_STYLE_USAGE ( .BOTH. , #11613 ) ;
#11675 = ORIENTED_EDGE ( 'NONE', *, *, #535, .T. ) ;
#11676 = CARTESIAN_POINT ( 'NONE',  ( -0.7449999999999976641, 0.5500000000000000444, 0.5940119375089355502 ) ) ;
#11677 = EDGE_CURVE ( 'NONE', #504, #4438, #5912, .T. ) ;
#11678 = CYLINDRICAL_SURFACE ( 'NONE', #9040, 0.009999999999999998473 ) ;
#11679 = EDGE_CURVE ( 'NONE', #6136, #11005, #6944, .T. ) ;
#11680 = SURFACE_SIDE_STYLE ('',( #113 ) ) ;
#11681 = UNCERTAINTY_MEASURE_WITH_UNIT (LENGTH_MEASURE( 1.000000000000000082E-05 ), #5411, 'distance_accuracy_value', 'NONE');
#11682 = CARTESIAN_POINT ( 'NONE',  ( 0.7740119375089370424, 0.5600000000000000533, 0.3059880624910606972 ) ) ;
#11683 = LINE ( 'NONE', #4046, #3430 ) ;
#11684 = DIRECTION ( 'NONE',  ( 0.000000000000000000, 0.000000000000000000, -1.000000000000000000 ) ) ;
#11685 = PRESENTATION_STYLE_ASSIGNMENT (( #3301 ) ) ;
#11686 = SURFACE_STYLE_USAGE ( .BOTH. , #5990 ) ;
#11687 = EDGE_LOOP ( 'NONE', ( #11913, #7105, #7237, #1937 ) ) ;
#11688 = CIRCLE ( 'NONE', #2028, 0.01901193750893732937 ) ;
#11689 = SURFACE_STYLE_FILL_AREA ( #3993 ) ;
#11690 = DIRECTION ( 'NONE',  ( -1.000000000000000000, 0.000000000000000000, 1.843143693225352994E-13 ) ) ;
#11691 = EDGE_CURVE ( 'NONE', #2316, #5424, #3037, .T. ) ;
#11692 = CARTESIAN_POINT ( 'NONE',  ( 0.4809880624910630176, 0.5500000000000000444, 0.7740119375089341558 ) ) ;
#11693 = ORIENTED_EDGE ( 'NONE', *, *, #675, .T. ) ;
#11694 = CARTESIAN_POINT ( 'NONE',  ( -0.3000000000000000444, 0.5600000000000000533, -0.9159880624910602398 ) ) ;
#11695 = UNCERTAINTY_MEASURE_WITH_UNIT (LENGTH_MEASURE( 1.000000000000000082E-05 ), #9678, 'distance_accuracy_value', 'NONE');
#11696 = DIRECTION ( 'NONE',  ( 1.000000000000000000, -0.000000000000000000, 0.000000000000000000 ) ) ;
#11697 = ORIENTED_EDGE ( 'NONE', *, *, #9464, .F. ) ;
#11698 = STYLED_ITEM ( 'NONE', ( #9347 ), #5936 ) ;
#11699 = AXIS2_PLACEMENT_3D ( 'NONE', #10406, #9473, #2890 ) ;
#11700 = CARTESIAN_POINT ( 'NONE',  ( -0.7740119375089350440, 0.5600000000000000533, -0.5940119375089355502 ) ) ;
#11701 = ORIENTED_EDGE ( 'NONE', *, *, #5768, .T. ) ;
#11702 = CYLINDRICAL_SURFACE ( 'NONE', #10283, 0.01000000000000002623 ) ;
#11703 = PRESENTATION_LAYER_ASSIGNMENT (  '', '', ( #7474 ) ) ;
#11704 = DIRECTION ( 'NONE',  ( 1.000000000000000000, 0.000000000000000000, -7.362951730482913772E-15 ) ) ;
#11705 = CARTESIAN_POINT ( 'NONE',  ( 0.9159880624910625713, 0.5700000000000000622, 0.1249999999999991951 ) ) ;
#11706 = SURFACE_SIDE_STYLE ('',( #7850 ) ) ;
#11707 =( NAMED_UNIT ( * ) PLANE_ANGLE_UNIT ( ) SI_UNIT ( $, .RADIAN. ) );
#11708 = MECHANICAL_DESIGN_GEOMETRIC_PRESENTATION_REPRESENTATION (  '', ( #1247 ), #8288 ) ;
#11709 = COLOUR_RGB ( '',0.6666666666666666297, 0.6980392156862744724, 0.7686274509803920907 ) ;
#11710 = STYLED_ITEM ( 'NONE', ( #1754 ), #4094 ) ;
#11711 = VERTEX_POINT ( 'NONE', #4037 ) ;
#11712 =( LENGTH_UNIT ( ) NAMED_UNIT ( * ) SI_UNIT ( .MILLI., .METRE. ) );
#11713 = AXIS2_PLACEMENT_3D ( 'NONE', #626, #7404, #9373 ) ;
#11714 = CARTESIAN_POINT ( 'NONE',  ( 0.9159880624910606839, 0.5500000000000000444, 0.5940119375089365494 ) ) ;
#11715 = ORIENTED_EDGE ( 'NONE', *, *, #3600, .T. ) ;
#11716 = CARTESIAN_POINT ( 'NONE',  ( 0.3000000000000004885, 0.5600000000000000533, 0.7740119375089351550 ) ) ;
#11717 = PRESENTATION_LAYER_ASSIGNMENT (  '', '', ( #2250 ) ) ;
#11718 = AXIS2_PLACEMENT_3D ( 'NONE', #1954, #11543, #10593 ) ;
#11719 = ADVANCED_FACE ( 'NONE', ( #9915 ), #11678, .F. ) ;
#11720 = ORIENTED_EDGE ( 'NONE', *, *, #752, .F. ) ;
#11721 = MECHANICAL_DESIGN_GEOMETRIC_PRESENTATION_REPRESENTATION (  '', ( #2467 ), #7495 ) ;
#11722 = DIRECTION ( 'NONE',  ( -0.000000000000000000, 1.000000000000000000, -0.000000000000000000 ) ) ;
#11723 = VERTEX_POINT ( 'NONE', #6885 ) ;
#11724 = CARTESIAN_POINT ( 'NONE',  ( 0.3000000000000004885, 0.5700000000000000622, -0.9159880624910602398 ) ) ;
#11725 = ORIENTED_EDGE ( 'NONE', *, *, #10518, .T. ) ;
#11726 =( GEOMETRIC_REPRESENTATION_CONTEXT ( 3 ) GLOBAL_UNCERTAINTY_ASSIGNED_CONTEXT ( ( #6105 ) ) GLOBAL_UNIT_ASSIGNED_CONTEXT ( ( #8163, #503, #11096 ) ) REPRESENTATION_CONTEXT ( 'NONE', 'WORKASPACE' ) );
#11727 =( NAMED_UNIT ( * ) SI_UNIT ( $, .STERADIAN. ) SOLID_ANGLE_UNIT ( ) );
#11728 =( GEOMETRIC_REPRESENTATION_CONTEXT ( 3 ) GLOBAL_UNCERTAINTY_ASSIGNED_CONTEXT ( ( #1998 ) ) GLOBAL_UNIT_ASSIGNED_CONTEXT ( ( #9986, #253, #2116 ) ) REPRESENTATION_CONTEXT ( 'NONE', 'WORKASPACE' ) );
#11729 = SURFACE_SIDE_STYLE ('',( #8902 ) ) ;
#11730 = CARTESIAN_POINT ( 'NONE',  ( -0.4809880624910627400, 0.5700000000000000622, 0.9349999999999966116 ) ) ;
#11731 = VECTOR ( 'NONE', #4777, 1000.000000000000000 ) ;
#11732 = DIRECTION ( 'NONE',  ( 0.000000000000000000, 1.000000000000000000, 0.000000000000000000 ) ) ;
#11733 =( NAMED_UNIT ( * ) PLANE_ANGLE_UNIT ( ) SI_UNIT ( $, .RADIAN. ) );
#11734 = CIRCLE ( 'NONE', #6289, 0.01000000000000002623 ) ;
#11735 = CARTESIAN_POINT ( 'NONE',  ( -0.9159880624910603508, 0.5500000000000000444, -0.5649999999999991696 ) ) ;
#11736 = ADVANCED_FACE ( 'NONE', ( #5084 ), #2372, .F. ) ;
#11737 = CARTESIAN_POINT ( 'NONE',  ( -0.7740119375089352660, 0.5600000000000000533, -0.5649999999999981704 ) ) ;
#11738 = EDGE_CURVE ( 'NONE', #8652, #3569, #11046, .T. ) ;
#11739 = AXIS2_PLACEMENT_3D ( 'NONE', #8084, #2290, #172 ) ;
#11740 =( LENGTH_UNIT ( ) NAMED_UNIT ( * ) SI_UNIT ( .MILLI., .METRE. ) );
#11741 = VERTEX_POINT ( 'NONE', #10149 ) ;
#11742 = ORIENTED_EDGE ( 'NONE', *, *, #3003, .F. ) ;
#11743 = DIRECTION ( 'NONE',  ( 0.000000000000000000, 0.000000000000000000, 1.000000000000000000 ) ) ;
#11744 = DIRECTION ( 'NONE',  ( -1.000000000000000000, 0.000000000000000000, -7.445597760232267219E-15 ) ) ;
#11745 = COLOUR_RGB ( '',0.6666666666666666297, 0.6980392156862744724, 0.7686274509803920907 ) ;
#11746 = CARTESIAN_POINT ( 'NONE',  ( 0.08098806249106281496, 0.5500000000000000444, -0.7740119375089372644 ) ) ;
#11747 =( NAMED_UNIT ( * ) SI_UNIT ( $, .STERADIAN. ) SOLID_ANGLE_UNIT ( ) );
#11748 = FILL_AREA_STYLE ('',( #10739 ) ) ;
#11749 = CARTESIAN_POINT ( 'NONE',  ( -0.9349999999999976108, 0.5700000000000000622, -0.7559880624910617630 ) ) ;
#11750 = EDGE_CURVE ( 'NONE', #8110, #4197, #7207, .T. ) ;
#11751 = CIRCLE ( 'NONE', #5479, 0.01901193750893732937 ) ;
#11752 =( NAMED_UNIT ( * ) PLANE_ANGLE_UNIT ( ) SI_UNIT ( $, .RADIAN. ) );
#11753 = CARTESIAN_POINT ( 'NONE',  ( 1.000000000000000222, 0.5500000000000000444, 0.2124999999999991340 ) ) ;
#11754 = ORIENTED_EDGE ( 'NONE', *, *, #7562, .T. ) ;
#11755 = DIRECTION ( 'NONE',  ( -1.000000000000000000, 0.000000000000000000, 0.000000000000000000 ) ) ;
#11756 = CARTESIAN_POINT ( 'NONE',  ( -0.7549999999999976730, 0.5700000000000000622, -0.5940119375089355502 ) ) ;
#11757 = CARTESIAN_POINT ( 'NONE',  ( 0.3563859338365493179, 0.5500000000000000444, -0.4800000000000002043 ) ) ;
#11758 = SURFACE_SIDE_STYLE ('',( #9932 ) ) ;
#11759 = AXIS2_PLACEMENT_3D ( 'NONE', #9969, #415, #2035 ) ;
#11760 = ORIENTED_EDGE ( 'NONE', *, *, #5092, .F. ) ;
#11761 = CARTESIAN_POINT ( 'NONE',  ( -0.9999999999999997780, 0.5500000000000000444, -0.2124999999999991340 ) ) ;
#11762 = ADVANCED_FACE ( 'NONE', ( #10993 ), #3345, .F. ) ;
#11763 = TOROIDAL_SURFACE ( 'NONE', #9755, 0.02901193750893743539, 0.01000000000000000021 ) ;
#11764 = VECTOR ( 'NONE', #7870, 1000.000000000000000 ) ;
#11765 = CARTESIAN_POINT ( 'NONE',  ( 1.000000000000000222, 0.000000000000000000, 1.000000000000000000 ) ) ;
#11766 = LINE ( 'NONE', #2931, #2773 ) ;
#11767 = ORIENTED_EDGE ( 'NONE', *, *, #507, .F. ) ;
#11768 = CARTESIAN_POINT ( 'NONE',  ( -0.4809880624910625735, 0.5600000000000000533, 0.7549999999999966738 ) ) ;
#11769 = SURFACE_SIDE_STYLE ('',( #7915 ) ) ;
#11770 = ORIENTED_EDGE ( 'NONE', *, *, #12200, .T. ) ;
#11771 = AXIS2_PLACEMENT_3D ( 'NONE', #2856, #6697, #9491 ) ;
#11772 =( NAMED_UNIT ( * ) PLANE_ANGLE_UNIT ( ) SI_UNIT ( $, .RADIAN. ) );
#11773 = DIRECTION ( 'NONE',  ( -5.421010862427507971E-15, 0.000000000000000000, 1.000000000000000000 ) ) ;
#11774 = LINE ( 'NONE', #1204, #8617 ) ;
#11775 = ORIENTED_EDGE ( 'NONE', *, *, #8760, .F. ) ;
#11776 = PRESENTATION_STYLE_ASSIGNMENT (( #7924 ) ) ;
#11777 = SURFACE_STYLE_FILL_AREA ( #4079 ) ;
#11779 = ORIENTED_EDGE ( 'NONE', *, *, #10412, .F. ) ;
#11778 = CIRCLE ( 'NONE', #7157, 0.01901193750893743692 ) ;
#11780 = DIRECTION ( 'NONE',  ( 0.000000000000000000, -1.000000000000000000, 0.000000000000000000 ) ) ;
#11781 =( NAMED_UNIT ( * ) SI_UNIT ( $, .STERADIAN. ) SOLID_ANGLE_UNIT ( ) );
#11782 = DIRECTION ( 'NONE',  ( -1.000000000000000000, -0.000000000000000000, 6.872859470983631764E-15 ) ) ;
#11783 = ORIENTED_EDGE ( 'NONE', *, *, #3562, .F. ) ;
#11784 = EDGE_CURVE ( 'NONE', #11662, #11071, #9281, .T. ) ;
#11785 = CARTESIAN_POINT ( 'NONE',  ( -0.9349999999999976108, 0.5600000000000000533, -0.7559880624910617630 ) ) ;
#11786 = UNCERTAINTY_MEASURE_WITH_UNIT (LENGTH_MEASURE( 1.000000000000000082E-05 ), #10780, 'distance_accuracy_value', 'NONE');
#11787 = VERTEX_POINT ( 'NONE', #7139 ) ;
#11788 = LINE ( 'NONE', #4825, #1800 ) ;
#11789 = SURFACE_SIDE_STYLE ('',( #7939 ) ) ;
#11790 = DIRECTION ( 'NONE',  ( 1.000000000000000000, 0.000000000000000000, -1.084202172485501752E-14 ) ) ;
#11791 = DIRECTION ( 'NONE',  ( 0.000000000000000000, 0.000000000000000000, -1.000000000000000000 ) ) ;
#11792 = ORIENTED_EDGE ( 'NONE', *, *, #5383, .T. ) ;
#11793 = CARTESIAN_POINT ( 'NONE',  ( -0.5000000000000000000, 0.5700000000000000622, -0.5000000000000002220 ) ) ;
#11794 =( LENGTH_UNIT ( ) NAMED_UNIT ( * ) SI_UNIT ( .MILLI., .METRE. ) );
#11795 = PRESENTATION_STYLE_ASSIGNMENT (( #6041 ) ) ;
#11796 = CARTESIAN_POINT ( 'NONE',  ( 0.4800000000000000933, 0.5700000000000000622, 0.4799999999999997602 ) ) ;
#11797 = UNCERTAINTY_MEASURE_WITH_UNIT (LENGTH_MEASURE( 1.000000000000000082E-05 ), #10783, 'distance_accuracy_value', 'NONE');
#11798 = EDGE_CURVE ( 'NONE', #1089, #12304, #10037, .T. ) ;
#11799 = AXIS2_PLACEMENT_3D ( 'NONE', #8948, #6843, #8761 ) ;
#11800 = CARTESIAN_POINT ( 'NONE',  ( 0.3000000000000004885, 0.5700000000000000622, -0.7740119375089351550 ) ) ;
#11801 = STYLED_ITEM ( 'NONE', ( #8153 ), #8853 ) ;
#11802 = PLANE ( 'NONE',  #4056 ) ;
#11803 = PRESENTATION_STYLE_ASSIGNMENT (( #4110 ) ) ;
#11804 = ORIENTED_EDGE ( 'NONE', *, *, #2044, .F. ) ;
#11805 = DIRECTION ( 'NONE',  ( 1.000000000000000000, -0.000000000000000000, -7.636510523315146756E-15 ) ) ;
#11806 = CARTESIAN_POINT ( 'NONE',  ( 1.000000000000000222, 0.4749999999999999223, 1.000000000000000000 ) ) ;
#11807 = DIRECTION ( 'NONE',  ( 0.000000000000000000, 0.000000000000000000, -1.000000000000000000 ) ) ;
#11808 = EDGE_CURVE ( 'NONE', #8048, #5223, #4461, .T. ) ;
#11809 =( NAMED_UNIT ( * ) PLANE_ANGLE_UNIT ( ) SI_UNIT ( $, .RADIAN. ) );
#11810 = EDGE_CURVE ( 'NONE', #9110, #1185, #5986, .T. ) ;
#11811 = DIRECTION ( 'NONE',  ( -0.000000000000000000, 1.000000000000000000, -0.000000000000000000 ) ) ;
#11812 = EDGE_LOOP ( 'NONE', ( #12099, #4880, #3581, #8752 ) ) ;
#11813 = AXIS2_PLACEMENT_3D ( 'NONE', #10213, #1590, #722 ) ;
#11814 = DIRECTION ( 'NONE',  ( -0.000000000000000000, -1.000000000000000000, -0.000000000000000000 ) ) ;
#11815 = VECTOR ( 'NONE', #1503, 1000.000000000000000 ) ;
#11816 = DIRECTION ( 'NONE',  ( -0.000000000000000000, 1.000000000000000000, -0.000000000000000000 ) ) ;
#11817 = AXIS2_PLACEMENT_3D ( 'NONE', #10649, #1084, #10588 ) ;
#11818 = PRESENTATION_STYLE_ASSIGNMENT (( #3187 ) ) ;
#11819 = FACE_OUTER_BOUND ( 'NONE', #9253, .T. ) ;
#11820 =( GEOMETRIC_REPRESENTATION_CONTEXT ( 3 ) GLOBAL_UNCERTAINTY_ASSIGNED_CONTEXT ( ( #12179 ) ) GLOBAL_UNIT_ASSIGNED_CONTEXT ( ( #9769, #4939, #4023 ) ) REPRESENTATION_CONTEXT ( 'NONE', 'WORKASPACE' ) );
#11821 = CARTESIAN_POINT ( 'NONE',  ( -0.7549999999999976730, 0.5600000000000000533, -0.5940119375089355502 ) ) ;
#11822 = SURFACE_STYLE_USAGE ( .BOTH. , #4873 ) ;
#11823 = ORIENTED_EDGE ( 'NONE', *, *, #11441, .T. ) ;
#11824 = CARTESIAN_POINT ( 'NONE',  ( 0.1099999999999983630, 0.5500000000000000444, -0.7740119375089381526 ) ) ;
#11825 = MECHANICAL_DESIGN_GEOMETRIC_PRESENTATION_REPRESENTATION (  '', ( #3585 ), #1571 ) ;
#11826 = ADVANCED_FACE ( 'NONE', ( #475 ), #4285, .F. ) ;
#11828 = DIRECTION ( 'NONE',  ( 0.000000000000000000, 0.000000000000000000, -1.000000000000000000 ) ) ;
#11827 = VECTOR ( 'NONE', #9456, 1000.000000000000000 ) ;
#11829 = MECHANICAL_DESIGN_GEOMETRIC_PRESENTATION_REPRESENTATION (  '', ( #6999 ), #8828 ) ;
#11830 = CIRCLE ( 'NONE', #8416, 0.01000000000000002623 ) ;
#11831 = ORIENTED_EDGE ( 'NONE', *, *, #4998, .T. ) ;
#11832 = DIRECTION ( 'NONE',  ( -1.000000000000000000, 0.000000000000000000, 0.000000000000000000 ) ) ;
#11833 = CIRCLE ( 'NONE', #183, 0.01000000000000002623 ) ;
#11834 = CYLINDRICAL_SURFACE ( 'NONE', #3365, 0.01999999999999999695 ) ;
#11835 = ORIENTED_EDGE ( 'NONE', *, *, #5893, .T. ) ;
#11836 = STYLED_ITEM ( 'NONE', ( #7885 ), #11669 ) ;
#11837 = COLOUR_RGB ( '',0.6666666666666666297, 0.6980392156862744724, 0.7686274509803920907 ) ;
#11838 = DIRECTION ( 'NONE',  ( -0.000000000000000000, -1.000000000000000000, -0.000000000000000000 ) ) ;
#11839 = AXIS2_PLACEMENT_3D ( 'NONE', #8176, #6021, #3208 ) ;
#11840 = ORIENTED_EDGE ( 'NONE', *, *, #9023, .F. ) ;
#11842 = LINE ( 'NONE', #11724, #7864 ) ;
#11841 = STYLED_ITEM ( 'NONE', ( #10114 ), #9754 ) ;
#11843 = ORIENTED_EDGE ( 'NONE', *, *, #2955, .T. ) ;
#11844 =( LENGTH_UNIT ( ) NAMED_UNIT ( * ) SI_UNIT ( .MILLI., .METRE. ) );
#11845 = CARTESIAN_POINT ( 'NONE',  ( -0.9159880624910616831, 0.5700000000000000622, 0.3059880624910617519 ) ) ;
#11847 = DIRECTION ( 'NONE',  ( -0.000000000000000000, -1.000000000000000000, -0.000000000000000000 ) ) ;
#11846 = FILL_AREA_STYLE_COLOUR ( '', #509 ) ;
#11848 = AXIS2_PLACEMENT_3D ( 'NONE', #11079, #6246, #9930 ) ;
#11849 = ORIENTED_EDGE ( 'NONE', *, *, #10753, .T. ) ;
#11850 = EDGE_CURVE ( 'NONE', #735, #4876, #9240, .T. ) ;
#11851 = VERTEX_POINT ( 'NONE', #3726 ) ;
#11852 = PRESENTATION_LAYER_ASSIGNMENT (  '', '', ( #3986 ) ) ;
#11853 = CIRCLE ( 'NONE', #10448, 0.009999999999999998473 ) ;
#11854 = SURFACE_STYLE_USAGE ( .BOTH. , #8061 ) ;
#11855 = STYLED_ITEM ( 'NONE', ( #5554 ), #11314 ) ;
#11856 = PRESENTATION_STYLE_ASSIGNMENT (( #2089 ) ) ;
#11857 =( GEOMETRIC_REPRESENTATION_CONTEXT ( 3 ) GLOBAL_UNCERTAINTY_ASSIGNED_CONTEXT ( ( #3861 ) ) GLOBAL_UNIT_ASSIGNED_CONTEXT ( ( #1602, #8140, #1416 ) ) REPRESENTATION_CONTEXT ( 'NONE', 'WORKASPACE' ) );
#11858 = SURFACE_STYLE_USAGE ( .BOTH. , #2024 ) ;
#11859 = DIRECTION ( 'NONE',  ( -0.000000000000000000, 1.000000000000000000, -0.000000000000000000 ) ) ;
#11860 = DIRECTION ( 'NONE',  ( -1.000000000000000000, 0.000000000000000000, 0.000000000000000000 ) ) ;
#11861 = DIRECTION ( 'NONE',  ( 6.693592482257194052E-15, 0.000000000000000000, -1.000000000000000000 ) ) ;
#11862 = EDGE_CURVE ( 'NONE', #8503, #9869, #1787, .T. ) ;
#11863 = STYLED_ITEM ( 'NONE', ( #182 ), #12164 ) ;
#11864 = CIRCLE ( 'NONE', #10475, 0.01000000000000002623 ) ;
#11865 = ORIENTED_EDGE ( 'NONE', *, *, #3888, .F. ) ;
#11866 = CARTESIAN_POINT ( 'NONE',  ( 0.1099999999999968087, 0.5600000000000000533, 0.9159880624910630154 ) ) ;
#11867 = SURFACE_STYLE_FILL_AREA ( #350 ) ;
#11868 = FILL_AREA_STYLE ('',( #5854 ) ) ;
#11869 = DIRECTION ( 'NONE',  ( -0.000000000000000000, -1.000000000000000000, -0.000000000000000000 ) ) ;
#11870 = DIRECTION ( 'NONE',  ( 0.000000000000000000, 0.000000000000000000, -1.000000000000000000 ) ) ;
#11871 = PRESENTATION_LAYER_ASSIGNMENT (  '', '', ( #10666 ) ) ;
#11872 = PRESENTATION_STYLE_ASSIGNMENT (( #674 ) ) ;
#11873 = ORIENTED_EDGE ( 'NONE', *, *, #10088, .F. ) ;
#11874 = EDGE_CURVE ( 'NONE', #6644, #3836, #847, .T. ) ;
#11875 = FILL_AREA_STYLE ('',( #9052 ) ) ;
#11876 = CARTESIAN_POINT ( 'NONE',  ( 1.000000000000000222, 0.4500000000000000111, 1.000000000000000000 ) ) ;
#11877 = ORIENTED_EDGE ( 'NONE', *, *, #10823, .T. ) ;
#11878 = FACE_OUTER_BOUND ( 'NONE', #8935, .T. ) ;
#11879 = DIRECTION ( 'NONE',  ( 0.000000000000000000, 0.000000000000000000, -1.000000000000000000 ) ) ;
#11880 = DIRECTION ( 'NONE',  ( -1.000000000000000000, 0.000000000000000000, 6.693592482257194052E-15 ) ) ;
#11881 = SURFACE_STYLE_FILL_AREA ( #5876 ) ;
#11882 = VERTEX_POINT ( 'NONE', #787 ) ;
#11883 =( NAMED_UNIT ( * ) PLANE_ANGLE_UNIT ( ) SI_UNIT ( $, .RADIAN. ) );
#11884 = SURFACE_SIDE_STYLE ('',( #7033 ) ) ;
#11885 = COLOUR_RGB ( '',0.6666666666666666297, 0.6980392156862744724, 0.7686274509803920907 ) ;
#11886 = EDGE_CURVE ( 'NONE', #2103, #7353, #6494, .T. ) ;
#11887 = EDGE_CURVE ( 'NONE', #7659, #1688, #11658, .T. ) ;
#11888 = FILL_AREA_STYLE_COLOUR ( '', #11129 ) ;
#11889 = DIRECTION ( 'NONE',  ( -1.000000000000000000, 0.000000000000000000, -7.636510523315148333E-15 ) ) ;
#11890 = CARTESIAN_POINT ( 'NONE',  ( -0.9449999999999992850, 0.5500000000000000444, 0.1440119375089367326 ) ) ;
#11891 = LINE ( 'NONE', #2438, #3973 ) ;
#11892 = VERTEX_POINT ( 'NONE', #8473 ) ;
#11893 = CIRCLE ( 'NONE', #10083, 0.02901193750893594353 ) ;
#11894 = ORIENTED_EDGE ( 'NONE', *, *, #535, .F. ) ;
#11895 =( LENGTH_UNIT ( ) NAMED_UNIT ( * ) SI_UNIT ( .MILLI., .METRE. ) );
#11897 = ORIENTED_EDGE ( 'NONE', *, *, #1499, .F. ) ;
#11896 = VECTOR ( 'NONE', #8187, 1000.000000000000000 ) ;
#11898 = DIRECTION ( 'NONE',  ( 0.000000000000000000, 0.000000000000000000, -1.000000000000000000 ) ) ;
#11899 = FILL_AREA_STYLE_COLOUR ( '', #12021 ) ;
#11900 = ORIENTED_EDGE ( 'NONE', *, *, #9310, .F. ) ;
#11901 = EDGE_CURVE ( 'NONE', #7430, #1119, #7222, .T. ) ;
#11902 = EDGE_CURVE ( 'NONE', #5758, #2996, #12273, .T. ) ;
#11903 = DIRECTION ( 'NONE',  ( -1.000000000000000000, 0.000000000000000000, 6.872859470983632553E-15 ) ) ;
#11904 = ORIENTED_EDGE ( 'NONE', *, *, #2603, .F. ) ;
#11905 = DIRECTION ( 'NONE',  ( -1.000000000000000000, 0.000000000000000000, 5.421010862427507971E-15 ) ) ;
#11906 = ORIENTED_EDGE ( 'NONE', *, *, #4692, .T. ) ;
#11907 = FACE_OUTER_BOUND ( 'NONE', #3303, .T. ) ;
#11908 = FILL_AREA_STYLE_COLOUR ( '', #1387 ) ;
#11910 =( NAMED_UNIT ( * ) SI_UNIT ( $, .STERADIAN. ) SOLID_ANGLE_UNIT ( ) );
#11909 = DIRECTION ( 'NONE',  ( 0.000000000000000000, 0.000000000000000000, -1.000000000000000000 ) ) ;
#11911 = VECTOR ( 'NONE', #7281, 1000.000000000000000 ) ;
#11912 = FACE_OUTER_BOUND ( 'NONE', #6837, .T. ) ;
#11913 = ORIENTED_EDGE ( 'NONE', *, *, #8294, .T. ) ;
#11914 = DIRECTION ( 'NONE',  ( 0.000000000000000000, -1.000000000000000000, 0.000000000000000000 ) ) ;
#11915 = UNCERTAINTY_MEASURE_WITH_UNIT (LENGTH_MEASURE( 1.000000000000000082E-05 ), #10311, 'distance_accuracy_value', 'NONE');
#11916 = ORIENTED_EDGE ( 'NONE', *, *, #9807, .F. ) ;
#11917 = EDGE_LOOP ( 'NONE', ( #2399, #12098, #1180, #5489 ) ) ;
#11918 = SURFACE_STYLE_FILL_AREA ( #4151 ) ;
#11919 = MECHANICAL_DESIGN_GEOMETRIC_PRESENTATION_REPRESENTATION (  '', ( #2250 ), #6678 ) ;
#11920 = AXIS2_PLACEMENT_3D ( 'NONE', #3326, #7171, #1207 ) ;
#11921 =( NAMED_UNIT ( * ) SI_UNIT ( $, .STERADIAN. ) SOLID_ANGLE_UNIT ( ) );
#11922 = MECHANICAL_DESIGN_GEOMETRIC_PRESENTATION_REPRESENTATION (  '', ( #9082 ), #2631 ) ;
#11923 = CARTESIAN_POINT ( 'NONE',  ( -0.1000000000000031697, 0.5600000000000000533, -0.9159880624910617941 ) ) ;
#11924 = MECHANICAL_DESIGN_GEOMETRIC_PRESENTATION_REPRESENTATION (  '', ( #3260 ), #8691 ) ;
#11925 = COLOUR_RGB ( '',0.6666666666666666297, 0.6980392156862744724, 0.7686274509803920907 ) ;
#11926 = FILL_AREA_STYLE ('',( #6300 ) ) ;
#11927 = ADVANCED_FACE ( 'NONE', ( #9587 ), #11296, .T. ) ;
#11928 =( NAMED_UNIT ( * ) PLANE_ANGLE_UNIT ( ) SI_UNIT ( $, .RADIAN. ) );
#11929 = CIRCLE ( 'NONE', #6479, 0.01999999999999999695 ) ;
#11930 = SURFACE_SIDE_STYLE ('',( #10861 ) ) ;
#11931 = STYLED_ITEM ( 'NONE', ( #1407 ), #3855 ) ;
#11932 = SURFACE_SIDE_STYLE ('',( #11867 ) ) ;
#11933 = CARTESIAN_POINT ( 'NONE',  ( -0.3190119375089374709, 0.5700000000000000622, 0.9159880624910602398 ) ) ;
#11934 = FACE_BOUND ( 'NONE', #8461, .T. ) ;
#11935 = UNCERTAINTY_MEASURE_WITH_UNIT (LENGTH_MEASURE( 1.000000000000000082E-05 ), #6030, 'distance_accuracy_value', 'NONE');
#11936 = VECTOR ( 'NONE', #4489, 1000.000000000000000 ) ;
#11937 = CIRCLE ( 'NONE', #1468, 0.01000000000000002623 ) ;
#11938 =( GEOMETRIC_REPRESENTATION_CONTEXT ( 3 ) GLOBAL_UNCERTAINTY_ASSIGNED_CONTEXT ( ( #2096 ) ) GLOBAL_UNIT_ASSIGNED_CONTEXT ( ( #906, #9721, #9589 ) ) REPRESENTATION_CONTEXT ( 'NONE', 'WORKASPACE' ) );
#11939 = CIRCLE ( 'NONE', #90, 0.01901193750893743692 ) ;
#11940 = PRESENTATION_STYLE_ASSIGNMENT (( #8078 ) ) ;
#11941 =( LENGTH_UNIT ( ) NAMED_UNIT ( * ) SI_UNIT ( .MILLI., .METRE. ) );
#11942 = CARTESIAN_POINT ( 'NONE',  ( -0.3190119375089374709, 0.5500000000000000444, -0.7740119375089351550 ) ) ;
#11943 = ORIENTED_EDGE ( 'NONE', *, *, #8113, .T. ) ;
#11944 = CARTESIAN_POINT ( 'NONE',  ( 0.7740119375089354881, 0.5600000000000000533, -0.7749999999999981348 ) ) ;
#11945 = SURFACE_STYLE_FILL_AREA ( #425 ) ;
#11946 = ORIENTED_EDGE ( 'NONE', *, *, #522, .F. ) ;
#11947 =( LENGTH_UNIT ( ) NAMED_UNIT ( * ) SI_UNIT ( .MILLI., .METRE. ) );
#11948 = UNCERTAINTY_MEASURE_WITH_UNIT (LENGTH_MEASURE( 1.000000000000000082E-05 ), #10806, 'distance_accuracy_value', 'NONE');
#11949 = EDGE_CURVE ( 'NONE', #11654, #2306, #7058, .T. ) ;
#11950 = SURFACE_STYLE_USAGE ( .BOTH. , #4241 ) ;
#11951 = ORIENTED_EDGE ( 'NONE', *, *, #8294, .F. ) ;
#11952 = FILL_AREA_STYLE ('',( #8095 ) ) ;
#11953 = AXIS2_PLACEMENT_3D ( 'NONE', #238, #4052, #11755 ) ;
#11954 = DIRECTION ( 'NONE',  ( 0.000000000000000000, 0.000000000000000000, -1.000000000000000000 ) ) ;
#11955 = CARTESIAN_POINT ( 'NONE',  ( -0.9349999999999976108, 0.5700000000000000622, 0.5940119375089366605 ) ) ;
#11956 = SURFACE_STYLE_FILL_AREA ( #9247 ) ;
#11957 = DIRECTION ( 'NONE',  ( -0.000000000000000000, -0.000000000000000000, 1.000000000000000000 ) ) ;
#11958 = TOROIDAL_SURFACE ( 'NONE', #3703, 0.02901193750893743539, 0.01000000000000000021 ) ;
#11959 = ORIENTED_EDGE ( 'NONE', *, *, #7381, .T. ) ;
#11960 = ORIENTED_EDGE ( 'NONE', *, *, #3333, .F. ) ;
#11961 = FILL_AREA_STYLE_COLOUR ( '', #11925 ) ;
#11962 = VERTEX_POINT ( 'NONE', #6866 ) ;
#11963 = EDGE_LOOP ( 'NONE', ( #442, #11897, #9753, #11393 ) ) ;
#11964 = DIRECTION ( 'NONE',  ( 1.000000000000000000, -0.000000000000000000, 0.000000000000000000 ) ) ;
#11965 = AXIS2_PLACEMENT_3D ( 'NONE', #4819, #9648, #11295 ) ;
#11966 = FILL_AREA_STYLE ('',( #9326 ) ) ;
#11967 = ORIENTED_EDGE ( 'NONE', *, *, #5013, .T. ) ;
#11968 =( NAMED_UNIT ( * ) PLANE_ANGLE_UNIT ( ) SI_UNIT ( $, .RADIAN. ) );
#11969 = ORIENTED_EDGE ( 'NONE', *, *, #219, .F. ) ;
#11970 =( NAMED_UNIT ( * ) SI_UNIT ( $, .STERADIAN. ) SOLID_ANGLE_UNIT ( ) );
#11971 = DIRECTION ( 'NONE',  ( -0.000000000000000000, -1.000000000000000000, -0.000000000000000000 ) ) ;
#11972 = VERTEX_POINT ( 'NONE', #7753 ) ;
#11973 = DIRECTION ( 'NONE',  ( -1.000000000000000000, 0.000000000000000000, -7.636510523315148333E-15 ) ) ;
#11974 = ORIENTED_EDGE ( 'NONE', *, *, #8052, .F. ) ;
#11975 = ADVANCED_FACE ( 'NONE', ( #7813 ), #9896, .T. ) ;
#11976 = LINE ( 'NONE', #8907, #9301 ) ;
#11977 =( NAMED_UNIT ( * ) PLANE_ANGLE_UNIT ( ) SI_UNIT ( $, .RADIAN. ) );
#11978 = LINE ( 'NONE', #11048, #10201 ) ;
#11979 = AXIS2_PLACEMENT_3D ( 'NONE', #2204, #1404, #9029 ) ;
#11980 = DIRECTION ( 'NONE',  ( -0.000000000000000000, 0.000000000000000000, 1.000000000000000000 ) ) ;
#11981 = ORIENTED_EDGE ( 'NONE', *, *, #4604, .T. ) ;
#11982 = DIRECTION ( 'NONE',  ( -0.000000000000000000, 1.000000000000000000, -0.000000000000000000 ) ) ;
#11983 = FILL_AREA_STYLE_COLOUR ( '', #8835 ) ;
#11984 = FACE_OUTER_BOUND ( 'NONE', #10964, .T. ) ;
#11985 = PRESENTATION_LAYER_ASSIGNMENT (  '', '', ( #736 ) ) ;
#11986 = ADVANCED_FACE ( 'NONE', ( #9771 ), #7872, .F. ) ;
#11987 = DIRECTION ( 'NONE',  ( 0.000000000000000000, 0.000000000000000000, -1.000000000000000000 ) ) ;
#11988 =( LENGTH_UNIT ( ) NAMED_UNIT ( * ) SI_UNIT ( .MILLI., .METRE. ) );
#11989 = CARTESIAN_POINT ( 'NONE',  ( 1.000000000000000222, 0.4749999999999999223, 1.000000000000000000 ) ) ;
#11990 = ORIENTED_EDGE ( 'NONE', *, *, #3995, .T. ) ;
#11992 = SURFACE_STYLE_USAGE ( .BOTH. , #4468 ) ;
#11991 = MECHANICAL_DESIGN_GEOMETRIC_PRESENTATION_REPRESENTATION (  '', ( #2331 ), #945 ) ;
#11993 = FILL_AREA_STYLE_COLOUR ( '', #9929 ) ;
#11994 = ORIENTED_EDGE ( 'NONE', *, *, #4897, .F. ) ;
#11995 = DIRECTION ( 'NONE',  ( -1.000000000000000000, -0.000000000000000000, -2.168404344971003504E-14 ) ) ;
#11996 = CARTESIAN_POINT ( 'NONE',  ( -0.08098806249106234312, 0.5600000000000000533, -0.7740119375089372644 ) ) ;
#11997 = AXIS2_PLACEMENT_3D ( 'NONE', #7555, #10391, #10577 ) ;
#11998 = LINE ( 'NONE', #12071, #1589 ) ;
#11999 = ORIENTED_EDGE ( 'NONE', *, *, #5232, .F. ) ;
#12000 = CARTESIAN_POINT ( 'NONE',  ( -0.3874999999999994005, 0.5500000000000000444, -1.000000000000000000 ) ) ;
#12001 = FACE_OUTER_BOUND ( 'NONE', #6384, .T. ) ;
#12002 = PRESENTATION_LAYER_ASSIGNMENT (  '', '', ( #3142 ) ) ;
#12003 = ORIENTED_EDGE ( 'NONE', *, *, #11410, .F. ) ;
#12004 = DIRECTION ( 'NONE',  ( 0.000000000000000000, -1.000000000000000000, 0.000000000000000000 ) ) ;
#12005 = CIRCLE ( 'NONE', #1953, 0.01901193750893884551 ) ;
#12006 = SURFACE_SIDE_STYLE ('',( #11205 ) ) ;
#12007 = EDGE_CURVE ( 'NONE', #3074, #11430, #8221, .T. ) ;
#12008 =( GEOMETRIC_REPRESENTATION_CONTEXT ( 3 ) GLOBAL_UNCERTAINTY_ASSIGNED_CONTEXT ( ( #114 ) ) GLOBAL_UNIT_ASSIGNED_CONTEXT ( ( #9895, #1323, #3334 ) ) REPRESENTATION_CONTEXT ( 'NONE', 'WORKASPACE' ) );
#12009 = DIRECTION ( 'NONE',  ( -0.000000000000000000, -1.000000000000000000, -0.000000000000000000 ) ) ;
#12010 = COLOUR_RGB ( '',0.6666666666666666297, 0.6980392156862744724, 0.7686274509803920907 ) ;
#12011 = DIRECTION ( 'NONE',  ( 0.000000000000000000, 0.000000000000000000, -1.000000000000000000 ) ) ;
#12012 = FILL_AREA_STYLE_COLOUR ( '', #2149 ) ;
#12013 = CYLINDRICAL_SURFACE ( 'NONE', #5356, 0.01901193750893730161 ) ;
#12014 = ORIENTED_EDGE ( 'NONE', *, *, #2724, .F. ) ;
#12015 = COLOUR_RGB ( '',0.6666666666666666297, 0.6980392156862744724, 0.7686274509803920907 ) ;
#12016 = VERTEX_POINT ( 'NONE', #3139 ) ;
#12017 = VERTEX_POINT ( 'NONE', #5836 ) ;
#12018 = VERTEX_POINT ( 'NONE', #6986 ) ;
#12019 = DIRECTION ( 'NONE',  ( 0.000000000000000000, 0.000000000000000000, -1.000000000000000000 ) ) ;
#12020 = FACE_OUTER_BOUND ( 'NONE', #6882, .T. ) ;
#12021 = COLOUR_RGB ( '',0.6666666666666666297, 0.6980392156862744724, 0.7686274509803920907 ) ;
#12022 = CARTESIAN_POINT ( 'NONE',  ( -0.4809880624910627955, 0.5600000000000000533, -0.9449999999999966205 ) ) ;
#12023 = VERTEX_POINT ( 'NONE', #1095 ) ;
#12024 = CARTESIAN_POINT ( 'NONE',  ( 0.09999999999999847899, 0.5700000000000000622, 0.7740119375089381526 ) ) ;
#12025 = FILL_AREA_STYLE_COLOUR ( '', #2846 ) ;
#12026 = EDGE_CURVE ( 'NONE', #4867, #273, #2410, .T. ) ;
#12027 = ORIENTED_EDGE ( 'NONE', *, *, #3100, .F. ) ;
#12028 = CARTESIAN_POINT ( 'NONE',  ( -0.3190119375089374709, 0.5700000000000000622, 0.9159880624910602398 ) ) ;
#12029 = SURFACE_STYLE_USAGE ( .BOTH. , #3275 ) ;
#12030 = MECHANICAL_DESIGN_GEOMETRIC_PRESENTATION_REPRESENTATION (  '', ( #4946 ), #3772 ) ;
#12031 = FILL_AREA_STYLE ('',( #6142 ) ) ;
#12032 = AXIS2_PLACEMENT_3D ( 'NONE', #3029, #9777, #1221 ) ;
#12033 = COLOUR_RGB ( '',0.6666666666666666297, 0.6980392156862744724, 0.7686274509803920907 ) ;
#12034 = CIRCLE ( 'NONE', #1366, 0.01901193750893743692 ) ;
#12035 = SURFACE_STYLE_FILL_AREA ( #6291 ) ;
#12036 = UNCERTAINTY_MEASURE_WITH_UNIT (LENGTH_MEASURE( 1.000000000000000082E-05 ), #6701, 'distance_accuracy_value', 'NONE');
#12037 = ORIENTED_EDGE ( 'NONE', *, *, #6569, .T. ) ;
#12038 = AXIS2_PLACEMENT_3D ( 'NONE', #317, #10703, #11648 ) ;
#12039 =( LENGTH_UNIT ( ) NAMED_UNIT ( * ) SI_UNIT ( .MILLI., .METRE. ) );
#12040 = FILL_AREA_STYLE_COLOUR ( '', #137 ) ;
#12041 = PRESENTATION_LAYER_ASSIGNMENT (  '', '', ( #10433 ) ) ;
#12042 = CIRCLE ( 'NONE', #6188, 0.02901193750893746315 ) ;
#12043 = CARTESIAN_POINT ( 'NONE',  ( -0.9999999999999997780, 0.5500000000000000444, 0.6625000000000008660 ) ) ;
#12044 = AXIS2_PLACEMENT_3D ( 'NONE', #7282, #2616, #10367 ) ;
#12045 = AXIS2_PLACEMENT_3D ( 'NONE', #4117, #6962, #5101 ) ;
#12046 = SURFACE_STYLE_USAGE ( .BOTH. , #1467 ) ;
#12047 = DIRECTION ( 'NONE',  ( 1.000000000000000000, 0.000000000000000000, 1.084202172485501752E-14 ) ) ;
#12048 = ADVANCED_FACE ( 'NONE', ( #1740 ), #9318, .F. ) ;
#12049 = FILL_AREA_STYLE_COLOUR ( '', #3270 ) ;
#12050 = EDGE_CURVE ( 'NONE', #10453, #3820, #3405, .T. ) ;
#12051 = SURFACE_SIDE_STYLE ('',( #8192 ) ) ;
#12052 = MECHANICAL_DESIGN_GEOMETRIC_PRESENTATION_REPRESENTATION (  '', ( #2787 ), #6603 ) ;
#12053 = SURFACE_STYLE_FILL_AREA ( #8194 ) ;
#12054 = VECTOR ( 'NONE', #151, 1000.000000000000000 ) ;
#12055 = DIRECTION ( 'NONE',  ( 1.000000000000000000, 0.000000000000000000, 1.084202172485501752E-14 ) ) ;
#12056 = UNCERTAINTY_MEASURE_WITH_UNIT (LENGTH_MEASURE( 1.000000000000000082E-05 ), #11031, 'distance_accuracy_value', 'NONE');
#12057 = MECHANICAL_DESIGN_GEOMETRIC_PRESENTATION_REPRESENTATION (  '', ( #10654 ), #4387 ) ;
#12058 = SURFACE_STYLE_USAGE ( .BOTH. , #12319 ) ;
#12059 = STYLED_ITEM ( 'NONE', ( #6705 ), #12147 ) ;
#12060 = PRESENTATION_LAYER_ASSIGNMENT (  '', '', ( #4978 ) ) ;
#12061 = SURFACE_SIDE_STYLE ('',( #6842 ) ) ;
#12062 = EDGE_CURVE ( 'NONE', #10465, #3507, #2185, .T. ) ;
#12063 = STYLED_ITEM ( 'NONE', ( #8451 ), #10351 ) ;
#12064 = DIRECTION ( 'NONE',  ( 0.000000000000000000, 0.000000000000000000, -1.000000000000000000 ) ) ;
#12065 = EDGE_CURVE ( 'NONE', #5531, #12225, #1408, .T. ) ;
#12066 = DIRECTION ( 'NONE',  ( -1.000000000000000000, -0.000000000000000000, 7.636510523315148333E-15 ) ) ;
#12067 = ORIENTED_EDGE ( 'NONE', *, *, #2775, .F. ) ;
#12068 = CARTESIAN_POINT ( 'NONE',  ( -0.7449999999999976641, 0.5500000000000000444, -0.5940119375089355502 ) ) ;
#12069 = DIRECTION ( 'NONE',  ( 0.000000000000000000, 0.000000000000000000, -1.000000000000000000 ) ) ;
#12070 = FACE_OUTER_BOUND ( 'NONE', #6924, .T. ) ;
#12071 = CARTESIAN_POINT ( 'NONE',  ( 0.7549999999999992273, 0.5600000000000000533, 0.3059880624910607527 ) ) ;
#12072 = ORIENTED_EDGE ( 'NONE', *, *, #6193, .T. ) ;
#12073 = CARTESIAN_POINT ( 'NONE',  ( -0.3190119375089373044, 0.5700000000000000622, 0.7549999999999977840 ) ) ;
#12074 = VECTOR ( 'NONE', #4217, 1000.000000000000000 ) ;
#12075 = UNCERTAINTY_MEASURE_WITH_UNIT (LENGTH_MEASURE( 1.000000000000000082E-05 ), #4409, 'distance_accuracy_value', 'NONE');
#12076 = ORIENTED_EDGE ( 'NONE', *, *, #2284, .T. ) ;
#12077 = SURFACE_STYLE_USAGE ( .BOTH. , #2432 ) ;
#12078 = DIRECTION ( 'NONE',  ( -0.000000000000000000, -1.000000000000000000, -0.000000000000000000 ) ) ;
#12079 = SURFACE_STYLE_USAGE ( .BOTH. , #8362 ) ;
#12080 = EDGE_CURVE ( 'NONE', #4172, #8961, #3807, .T. ) ;
#12081 = DIRECTION ( 'NONE',  ( 0.000000000000000000, -0.000000000000000000, 1.000000000000000000 ) ) ;
#12082 = LINE ( 'NONE', #1501, #9185 ) ;
#12083 = CARTESIAN_POINT ( 'NONE',  ( -0.08098806249106234312, 0.5700000000000000622, -0.7740119375089372644 ) ) ;
#12084 = LINE ( 'NONE', #10960, #6184 ) ;
#12085 = EDGE_LOOP ( 'NONE', ( #10407, #9322, #9295, #838 ) ) ;
#12086 = ORIENTED_EDGE ( 'NONE', *, *, #1022, .F. ) ;
#12087 = FILL_AREA_STYLE ('',( #8237 ) ) ;
#12088 = VERTEX_POINT ( 'NONE', #10010 ) ;
#12089 = ORIENTED_EDGE ( 'NONE', *, *, #1830, .F. ) ;
#12090 = DIRECTION ( 'NONE',  ( 1.000000000000000000, 0.000000000000000000, -7.362951730482916928E-15 ) ) ;
#12091 = SURFACE_SIDE_STYLE ('',( #8112 ) ) ;
#12092 = CIRCLE ( 'NONE', #1228, 0.01901193750893743692 ) ;
#12093 = CARTESIAN_POINT ( 'NONE',  ( 0.7740119375089355991, 0.5700000000000000622, -0.5749999999999981792 ) ) ;
#12094 = VERTEX_POINT ( 'NONE', #8056 ) ;
#12095 = DIRECTION ( 'NONE',  ( 0.000000000000000000, -1.000000000000000000, 0.000000000000000000 ) ) ;
#12096 = VERTEX_POINT ( 'NONE', #12217 ) ;
#12097 = SURFACE_SIDE_STYLE ('',( #574 ) ) ;
#12098 = ORIENTED_EDGE ( 'NONE', *, *, #10918, .T. ) ;
#12099 = ORIENTED_EDGE ( 'NONE', *, *, #387, .T. ) ;
#12100 = DIRECTION ( 'NONE',  ( -0.000000000000000000, -1.000000000000000000, 0.000000000000000000 ) ) ;
#12101 = DIRECTION ( 'NONE',  ( 0.000000000000000000, -1.000000000000000000, 0.000000000000000000 ) ) ;
#12102 = COLOUR_RGB ( '',0.6666666666666666297, 0.6980392156862744724, 0.7686274509803920907 ) ;
#12103 = LINE ( 'NONE', #7252, #11428 ) ;
#12104 =( NAMED_UNIT ( * ) SI_UNIT ( $, .STERADIAN. ) SOLID_ANGLE_UNIT ( ) );
#12105 = ORIENTED_EDGE ( 'NONE', *, *, #5786, .F. ) ;
#12106 = PRESENTATION_STYLE_ASSIGNMENT (( #4572 ) ) ;
#12107 = ADVANCED_FACE ( 'NONE', ( #11912 ), #6455, .F. ) ;
#12108 = DIRECTION ( 'NONE',  ( 1.000000000000000000, 0.000000000000000000, 0.000000000000000000 ) ) ;
#12109 = CARTESIAN_POINT ( 'NONE',  ( 0.9349999999999980549, 0.5700000000000000622, -0.5940119375089366605 ) ) ;
#12110 = AXIS2_PLACEMENT_3D ( 'NONE', #6157, #2408, #8915 ) ;
#12111 = PRESENTATION_LAYER_ASSIGNMENT (  '', '', ( #4628 ) ) ;
#12112 = MECHANICAL_DESIGN_GEOMETRIC_PRESENTATION_REPRESENTATION (  '', ( #6873 ), #6258 ) ;
#12113 = DIRECTION ( 'NONE',  ( 1.000000000000000000, 0.000000000000000000, 0.000000000000000000 ) ) ;
#12114 = CARTESIAN_POINT ( 'NONE',  ( -0.9159880624910600178, 0.5700000000000000622, -0.7749999999999992450 ) ) ;
#12115 = COLOUR_RGB ( '',0.6666666666666666297, 0.6980392156862744724, 0.7686274509803920907 ) ;
#12116 = LINE ( 'NONE', #474, #11018 ) ;
#12117 = CARTESIAN_POINT ( 'NONE',  ( -0.7549999999999976730, 0.5600000000000000533, 0.7559880624910606528 ) ) ;
#12118 = DIRECTION ( 'NONE',  ( 0.000000000000000000, 0.000000000000000000, 1.000000000000000000 ) ) ;
#12119 = AXIS2_PLACEMENT_3D ( 'NONE', #9652, #4889, #12384 ) ;
#12120 = AXIS2_PLACEMENT_3D ( 'NONE', #2572, #1632, #8319 ) ;
#12121 = PRESENTATION_STYLE_ASSIGNMENT (( #6429 ) ) ;
#12122 = COLOUR_RGB ( '',0.6666666666666666297, 0.6980392156862744724, 0.7686274509803920907 ) ;
#12123 = AXIS2_PLACEMENT_3D ( 'NONE', #6690, #8736, #8550 ) ;
#12124 = CARTESIAN_POINT ( 'NONE',  ( -0.7549999999999976730, 0.5700000000000000622, 0.7559880624910606528 ) ) ;
#12125 = EDGE_CURVE ( 'NONE', #4443, #2014, #8369, .T. ) ;
#12126 = CARTESIAN_POINT ( 'NONE',  ( 0.4809880624910630176, 0.5700000000000000622, -0.7740119375089341558 ) ) ;
#12127 = TOROIDAL_SURFACE ( 'NONE', #5857, 0.02901193750893743539, 0.01000000000000000021 ) ;
#12128 = EDGE_CURVE ( 'NONE', #8245, #8579, #3878, .T. ) ;
#12129 = STYLED_ITEM ( 'NONE', ( #5109 ), #1034 ) ;
#12130 = VECTOR ( 'NONE', #3376, 1000.000000000000000 ) ;
#12131 = PLANE ( 'NONE',  #441 ) ;
#12132 = DIRECTION ( 'NONE',  ( 1.000000000000000000, -0.000000000000000000, -7.063772234066506568E-15 ) ) ;
#12133 = AXIS2_PLACEMENT_3D ( 'NONE', #5324, #3537, #10087 ) ;
#12134 = LINE ( 'NONE', #3302, #10538 ) ;
#12135 = ORIENTED_EDGE ( 'NONE', *, *, #5861, .T. ) ;
#12136 = SURFACE_STYLE_USAGE ( .BOTH. , #2540 ) ;
#12137 = FILL_AREA_STYLE ('',( #8281 ) ) ;
#12138 = PLANE ( 'NONE',  #10827 ) ;
#12139 = COLOUR_RGB ( '',0.6666666666666666297, 0.6980392156862744724, 0.7686274509803920907 ) ;
#12140 = EDGE_LOOP ( 'NONE', ( #622, #11097, #12236, #10685 ) ) ;
#12141 = CARTESIAN_POINT ( 'NONE',  ( 0.9159880624910625713, 0.5700000000000000622, -0.1249999999999991673 ) ) ;
#12142 = AXIS2_PLACEMENT_3D ( 'NONE', #11184, #1527, #1712 ) ;
#12143 = CARTESIAN_POINT ( 'NONE',  ( -0.9449999999999976197, 0.5500000000000000444, 0.5940119375089366605 ) ) ;
#12144 = EDGE_CURVE ( 'NONE', #12304, #7738, #5740, .T. ) ;
#12145 = VERTEX_POINT ( 'NONE', #2809 ) ;
#12146 =( NAMED_UNIT ( * ) SI_UNIT ( $, .STERADIAN. ) SOLID_ANGLE_UNIT ( ) );
#12147 = ADVANCED_FACE ( 'NONE', ( #9613 ), #1120, .T. ) ;
#12148 = TOROIDAL_SURFACE ( 'NONE', #10940, 0.02901193750893743539, 0.01000000000000000021 ) ;
#12149 = DIRECTION ( 'NONE',  ( 1.000000000000000000, -0.000000000000000000, -6.693592482257192474E-15 ) ) ;
#12150 = CYLINDRICAL_SURFACE ( 'NONE', #11148, 0.01000000000000002623 ) ;
#12151 = AXIS2_PLACEMENT_3D ( 'NONE', #9225, #10999, #10040 ) ;
#12152 =( LENGTH_UNIT ( ) NAMED_UNIT ( * ) SI_UNIT ( .MILLI., .METRE. ) );
#12153 = DIRECTION ( 'NONE',  ( 0.000000000000000000, -1.000000000000000000, 0.000000000000000000 ) ) ;
#12154 = SURFACE_STYLE_FILL_AREA ( #10121 ) ;
#12155 = DIRECTION ( 'NONE',  ( 0.000000000000000000, -1.000000000000000000, 0.000000000000000000 ) ) ;
#12156 = VERTEX_POINT ( 'NONE', #10507 ) ;
#12157 = DIRECTION ( 'NONE',  ( 1.000000000000000000, 0.000000000000000000, -1.084202172485501752E-14 ) ) ;
#12158 = PRESENTATION_LAYER_ASSIGNMENT (  '', '', ( #2690 ) ) ;
#12159 = ORIENTED_EDGE ( 'NONE', *, *, #144, .F. ) ;
#12160 = PRESENTATION_STYLE_ASSIGNMENT (( #3125 ) ) ;
#12161 = ORIENTED_EDGE ( 'NONE', *, *, #11750, .T. ) ;
#12162 = ORIENTED_EDGE ( 'NONE', *, *, #4681, .F. ) ;
#12163 = CARTESIAN_POINT ( 'NONE',  ( -0.08098806249106589583, 0.5700000000000000622, 0.9349999999999992761 ) ) ;
#12164 = ADVANCED_FACE ( 'NONE', ( #10567 ), #11573, .T. ) ;
#12165 = DIRECTION ( 'NONE',  ( -0.000000000000000000, -1.000000000000000000, -0.000000000000000000 ) ) ;
#12166 = CARTESIAN_POINT ( 'NONE',  ( 0.4809880624910630176, 0.5700000000000000622, -0.9159880624910591296 ) ) ;
#12167 = VERTEX_POINT ( 'NONE', #10446 ) ;
#12168 = COLOUR_RGB ( '',0.6666666666666666297, 0.6980392156862744724, 0.7686274509803920907 ) ;
#12169 = SURFACE_SIDE_STYLE ('',( #2512 ) ) ;
#12170 = ORIENTED_EDGE ( 'NONE', *, *, #8426, .T. ) ;
#12171 = DIRECTION ( 'NONE',  ( 0.000000000000000000, 0.000000000000000000, -1.000000000000000000 ) ) ;
#12172 = VERTEX_POINT ( 'NONE', #5620 ) ;
#12173 =( NAMED_UNIT ( * ) PLANE_ANGLE_UNIT ( ) SI_UNIT ( $, .RADIAN. ) );
#12174 = DIRECTION ( 'NONE',  ( 0.000000000000000000, 0.000000000000000000, 1.000000000000000000 ) ) ;
#12175 = VERTEX_POINT ( 'NONE', #4669 ) ;
#12176 = EDGE_LOOP ( 'NONE', ( #10046, #1811, #11189, #10643 ) ) ;
#12177 = FILL_AREA_STYLE_COLOUR ( '', #4929 ) ;
#12178 =( LENGTH_UNIT ( ) NAMED_UNIT ( * ) SI_UNIT ( .MILLI., .METRE. ) );
#12179 = UNCERTAINTY_MEASURE_WITH_UNIT (LENGTH_MEASURE( 1.000000000000000082E-05 ), #9769, 'distance_accuracy_value', 'NONE');
#12180 = ORIENTED_EDGE ( 'NONE', *, *, #1295, .T. ) ;
#12181 = VECTOR ( 'NONE', #2396, 1000.000000000000000 ) ;
#12182 = LINE ( 'NONE', #8388, #5918 ) ;
#12183 =( NAMED_UNIT ( * ) PLANE_ANGLE_UNIT ( ) SI_UNIT ( $, .RADIAN. ) );
#12184 =( NAMED_UNIT ( * ) PLANE_ANGLE_UNIT ( ) SI_UNIT ( $, .RADIAN. ) );
#12185 = DIRECTION ( 'NONE',  ( -0.000000000000000000, -0.000000000000000000, -1.000000000000000000 ) ) ;
#12186 = STYLED_ITEM ( 'NONE', ( #5753 ), #11053 ) ;
#12187 = CIRCLE ( 'NONE', #1520, 0.01901193750893727386 ) ;
#12188 = EDGE_CURVE ( 'NONE', #6007, #8503, #8567, .T. ) ;
#12189 = DIRECTION ( 'NONE',  ( -0.000000000000000000, -0.000000000000000000, 1.000000000000000000 ) ) ;
#12190 = LINE ( 'NONE', #6495, #10529 ) ;
#12191 = UNCERTAINTY_MEASURE_WITH_UNIT (LENGTH_MEASURE( 1.000000000000000082E-05 ), #6979, 'distance_accuracy_value', 'NONE');
#12192 = SURFACE_STYLE_USAGE ( .BOTH. , #2416 ) ;
#12193 = TOROIDAL_SURFACE ( 'NONE', #6537, 0.02901193750893727233, 0.01000000000000000021 ) ;
#12194 = COLOUR_RGB ( '',0.6666666666666666297, 0.6980392156862744724, 0.7686274509803920907 ) ;
#12195 = DIRECTION ( 'NONE',  ( 0.000000000000000000, -0.000000000000000000, 1.000000000000000000 ) ) ;
#12196 = ORIENTED_EDGE ( 'NONE', *, *, #3361, .T. ) ;
#12197 =( NAMED_UNIT ( * ) SI_UNIT ( $, .STERADIAN. ) SOLID_ANGLE_UNIT ( ) );
#12198 = ORIENTED_EDGE ( 'NONE', *, *, #4783, .F. ) ;
#12199 = SURFACE_STYLE_FILL_AREA ( #10230 ) ;
#12200 = EDGE_CURVE ( 'NONE', #8442, #11558, #934, .T. ) ;
#12201 = CARTESIAN_POINT ( 'NONE',  ( 0.9159880624910605729, 0.5700000000000000622, 0.7559880624910617630 ) ) ;
#12202 = ORIENTED_EDGE ( 'NONE', *, *, #3903, .F. ) ;
#12203 = LINE ( 'NONE', #12073, #11082 ) ;
#12204 = DIRECTION ( 'NONE',  ( -0.000000000000000000, -1.000000000000000000, -0.000000000000000000 ) ) ;
#12205 = VERTEX_POINT ( 'NONE', #18 ) ;
#12206 =( NAMED_UNIT ( * ) PLANE_ANGLE_UNIT ( ) SI_UNIT ( $, .RADIAN. ) );
#12207 =( LENGTH_UNIT ( ) NAMED_UNIT ( * ) SI_UNIT ( .MILLI., .METRE. ) );
#12208 = MECHANICAL_DESIGN_GEOMETRIC_PRESENTATION_REPRESENTATION (  '', ( #2738 ), #9971 ) ;
#12209 = CARTESIAN_POINT ( 'NONE',  ( 0.7740119375089354881, 0.5600000000000000533, 0.5749999999999981792 ) ) ;
#12210 =( LENGTH_UNIT ( ) NAMED_UNIT ( * ) SI_UNIT ( .MILLI., .METRE. ) );
#12211 = EDGE_CURVE ( 'NONE', #10493, #8667, #816, .T. ) ;
#12212 = SURFACE_STYLE_USAGE ( .BOTH. , #8363 ) ;
#12213 = LINE ( 'NONE', #4311, #11815 ) ;
#12214 = EDGE_CURVE ( 'NONE', #421, #9748, #9851, .T. ) ;
#12215 = CARTESIAN_POINT ( 'NONE',  ( 0.3000000000000004885, 0.5600000000000000533, 0.9159880624910602398 ) ) ;
#12216 = VERTEX_POINT ( 'NONE', #5156 ) ;
#12217 = CARTESIAN_POINT ( 'NONE',  ( -0.3000000000000000444, 0.5600000000000000533, -0.7740119375089351550 ) ) ;
#12218 = DIRECTION ( 'NONE',  ( 0.000000000000000000, 0.000000000000000000, -1.000000000000000000 ) ) ;
#12219 = ORIENTED_EDGE ( 'NONE', *, *, #9062, .T. ) ;
#12220 = PRESENTATION_LAYER_ASSIGNMENT (  '', '', ( #5117 ) ) ;
#12221 = ORIENTED_EDGE ( 'NONE', *, *, #3805, .T. ) ;
#12222 = LINE ( 'NONE', #5369, #781 ) ;
#12223 =( NAMED_UNIT ( * ) PLANE_ANGLE_UNIT ( ) SI_UNIT ( $, .RADIAN. ) );
#12224 = ORIENTED_EDGE ( 'NONE', *, *, #4076, .T. ) ;
#12225 = VERTEX_POINT ( 'NONE', #7090 ) ;
#12226 = DIRECTION ( 'NONE',  ( -1.000000000000000000, 0.000000000000000000, -7.636510523315148333E-15 ) ) ;
#12227 = CARTESIAN_POINT ( 'NONE',  ( 0.000000000000000000, 0.5500000000000000444, 0.000000000000000000 ) ) ;
#12228 = VERTEX_POINT ( 'NONE', #8090 ) ;
#12229 = EDGE_LOOP ( 'NONE', ( #5187, #10653, #5622, #3446 ) ) ;
#12230 = MECHANICAL_DESIGN_GEOMETRIC_PRESENTATION_REPRESENTATION (  '', ( #5939 ), #8399 ) ;
#12231 = DIRECTION ( 'NONE',  ( -0.000000000000000000, 0.000000000000000000, 1.000000000000000000 ) ) ;
#12232 = CYLINDRICAL_SURFACE ( 'NONE', #8964, 0.01000000000000002623 ) ;
#12233 = EDGE_CURVE ( 'NONE', #12096, #9110, #3241, .T. ) ;
#12234 =( LENGTH_UNIT ( ) NAMED_UNIT ( * ) SI_UNIT ( .MILLI., .METRE. ) );
#12235 = PLANE ( 'NONE',  #1255 ) ;
#12236 = ORIENTED_EDGE ( 'NONE', *, *, #5647, .F. ) ;
#12237 = DIRECTION ( 'NONE',  ( 0.000000000000000000, -0.000000000000000000, 1.000000000000000000 ) ) ;
#12238 = SURFACE_STYLE_FILL_AREA ( #8129 ) ;
#12239 = CARTESIAN_POINT ( 'NONE',  ( -0.3000000000000000444, 0.5600000000000000533, -0.9159880624910602398 ) ) ;
#12240 = AXIS2_PLACEMENT_3D ( 'NONE', #6264, #2685, #7295 ) ;
#12241 = DIRECTION ( 'NONE',  ( 1.000000000000000000, 0.000000000000000000, -7.254684997149389260E-15 ) ) ;
#12242 = AXIS2_PLACEMENT_3D ( 'NONE', #10710, #5823, #1950 ) ;
#12243 = CARTESIAN_POINT ( 'NONE',  ( 0.9449999999999980638, 0.5600000000000000533, 0.7559880624910617630 ) ) ;
#12244 = ADVANCED_FACE ( 'NONE', ( #428 ), #9060, .F. ) ;
#12245 = FILL_AREA_STYLE_COLOUR ( '', #8611 ) ;
#12246 =( NAMED_UNIT ( * ) PLANE_ANGLE_UNIT ( ) SI_UNIT ( $, .RADIAN. ) );
#12247 =( GEOMETRIC_REPRESENTATION_CONTEXT ( 3 ) GLOBAL_UNCERTAINTY_ASSIGNED_CONTEXT ( ( #4449 ) ) GLOBAL_UNIT_ASSIGNED_CONTEXT ( ( #5754, #771, #4737 ) ) REPRESENTATION_CONTEXT ( 'NONE', 'WORKASPACE' ) );
#12248 =( NAMED_UNIT ( * ) SI_UNIT ( $, .STERADIAN. ) SOLID_ANGLE_UNIT ( ) );
#12249 = CARTESIAN_POINT ( 'NONE',  ( -0.4809880624910625735, 0.5700000000000000622, -0.7740119375089341558 ) ) ;
#12250 = TOROIDAL_SURFACE ( 'NONE', #8627, 0.03000000000000000583, 0.01000000000000000021 ) ;
#12251 = COLOUR_RGB ( '',0.6666666666666666297, 0.6980392156862744724, 0.7686274509803920907 ) ;
#12252 = DIRECTION ( 'NONE',  ( -0.000000000000000000, -1.000000000000000000, -0.000000000000000000 ) ) ;
#12253 = STYLED_ITEM ( 'NONE', ( #9684 ), #2518 ) ;
#12254 = VECTOR ( 'NONE', #9371, 1000.000000000000000 ) ;
#12255 = SURFACE_STYLE_FILL_AREA ( #8476 ) ;
#12256 = ADVANCED_FACE ( 'NONE', ( #9866 ), #7957, .F. ) ;
#12257 = CARTESIAN_POINT ( 'NONE',  ( 0.7740119375089365983, 0.5700000000000000622, 0.3249999999999982347 ) ) ;
#12258 = ORIENTED_EDGE ( 'NONE', *, *, #8328, .F. ) ;
#12259 = PLANE ( 'NONE',  #6856 ) ;
#12260 = COLOUR_RGB ( '',0.6666666666666666297, 0.6980392156862744724, 0.7686274509803920907 ) ;
#12261 = STYLED_ITEM ( 'NONE', ( #6930 ), #714 ) ;
#12262 = DIRECTION ( 'NONE',  ( -0.000000000000000000, 1.000000000000000000, -0.000000000000000000 ) ) ;
#12263 = ORIENTED_EDGE ( 'NONE', *, *, #5955, .F. ) ;
#12264 = FILL_AREA_STYLE_COLOUR ( '', #6189 ) ;
#12265 = COLOUR_RGB ( '',0.6666666666666666297, 0.6980392156862744724, 0.7686274509803920907 ) ;
#12266 = VECTOR ( 'NONE', #913, 1000.000000000000000 ) ;
#12267 = FILL_AREA_STYLE ('',( #3427 ) ) ;
#12268 = VERTEX_POINT ( 'NONE', #2295 ) ;
#12269 = VECTOR ( 'NONE', #5738, 1000.000000000000000 ) ;
#12270 = SURFACE_STYLE_FILL_AREA ( #7650 ) ;
#12271 = DIRECTION ( 'NONE',  ( 0.000000000000000000, 0.000000000000000000, -1.000000000000000000 ) ) ;
#12272 = ORIENTED_EDGE ( 'NONE', *, *, #10067, .F. ) ;
#12273 = CIRCLE ( 'NONE', #9049, 0.01000000000000002623 ) ;
#12274 = STYLED_ITEM ( 'NONE', ( #5860 ), #50 ) ;
#12275 = SURFACE_STYLE_FILL_AREA ( #4536 ) ;
#12276 = EDGE_CURVE ( 'NONE', #6787, #9065, #1355, .T. ) ;
#12277 = AXIS2_PLACEMENT_3D ( 'NONE', #10131, #6342, #5438 ) ;
#12278 = DIRECTION ( 'NONE',  ( 0.000000000000000000, 0.000000000000000000, -1.000000000000000000 ) ) ;
#12279 = FACE_OUTER_BOUND ( 'NONE', #9251, .T. ) ;
#12280 = PRESENTATION_LAYER_ASSIGNMENT (  '', '', ( #2604 ) ) ;
#12281 = MECHANICAL_DESIGN_GEOMETRIC_PRESENTATION_REPRESENTATION (  '', ( #1793 ), #612 ) ;
#12282 = PLANE ( 'NONE',  #4165 ) ;
#12283 = VERTEX_POINT ( 'NONE', #8941 ) ;
#12284 =( NAMED_UNIT ( * ) PLANE_ANGLE_UNIT ( ) SI_UNIT ( $, .RADIAN. ) );
#12285 = ORIENTED_EDGE ( 'NONE', *, *, #6086, .T. ) ;
#12286 =( NAMED_UNIT ( * ) SI_UNIT ( $, .STERADIAN. ) SOLID_ANGLE_UNIT ( ) );
#12287 = ORIENTED_EDGE ( 'NONE', *, *, #10296, .T. ) ;
#12288 = FACE_OUTER_BOUND ( 'NONE', #2662, .T. ) ;
#12289 = ORIENTED_EDGE ( 'NONE', *, *, #11691, .T. ) ;
#12290 = VERTEX_POINT ( 'NONE', #307 ) ;
#12291 = SURFACE_STYLE_USAGE ( .BOTH. , #6276 ) ;
#12292 = FACE_OUTER_BOUND ( 'NONE', #10718, .T. ) ;
#12293 = ADVANCED_FACE ( 'NONE', ( #11140 ), #2545, .T. ) ;
#12294 = EDGE_CURVE ( 'NONE', #12408, #1445, #1611, .T. ) ;
#12295 = ORIENTED_EDGE ( 'NONE', *, *, #7258, .F. ) ;
#12296 = ORIENTED_EDGE ( 'NONE', *, *, #12369, .F. ) ;
#12297 = DIRECTION ( 'NONE',  ( -1.000000000000000000, 0.000000000000000000, 0.000000000000000000 ) ) ;
#12298 = FACE_BOUND ( 'NONE', #9516, .T. ) ;
#12299 = ORIENTED_EDGE ( 'NONE', *, *, #10683, .T. ) ;
#12300 = CARTESIAN_POINT ( 'NONE',  ( -0.9349999999999988320, 0.5700000000000000622, 0.3059880624910619185 ) ) ;
#12301 = DIRECTION ( 'NONE',  ( -1.000000000000000000, 0.000000000000000000, 1.084202172485501752E-14 ) ) ;
#12302 = DIRECTION ( 'NONE',  ( 1.084202172485501594E-14, 0.000000000000000000, 1.000000000000000000 ) ) ;
#12303 = UNCERTAINTY_MEASURE_WITH_UNIT (LENGTH_MEASURE( 1.000000000000000082E-05 ), #2395, 'distance_accuracy_value', 'NONE');
#12304 = VERTEX_POINT ( 'NONE', #10298 ) ;
#12305 = CARTESIAN_POINT ( 'NONE',  ( 0.9349999999999980549, 0.5600000000000000533, -0.7559880624910617630 ) ) ;
#12306 = CYLINDRICAL_SURFACE ( 'NONE', #3535, 0.01901193750893743692 ) ;
#12307 = EDGE_CURVE ( 'NONE', #3014, #12094, #7336, .T. ) ;
#12308 = EDGE_CURVE ( 'NONE', #7683, #12023, #3553, .T. ) ;
#12309 =( LENGTH_UNIT ( ) NAMED_UNIT ( * ) SI_UNIT ( .MILLI., .METRE. ) );
#12310 = CARTESIAN_POINT ( 'NONE',  ( 0.3563859338365493179, 0.5600000000000000533, -0.4800000000000002043 ) ) ;
#12311 = DIRECTION ( 'NONE',  ( 1.000000000000000000, -5.421010862427508759E-15, 5.421010862427508759E-15 ) ) ;
#12312 = STYLED_ITEM ( 'NONE', ( #5573 ), #6933 ) ;
#12313 = VERTEX_POINT ( 'NONE', #1610 ) ;
#12314 = MECHANICAL_DESIGN_GEOMETRIC_PRESENTATION_REPRESENTATION (  '', ( #7262 ), #6849 ) ;
#12315 = SURFACE_STYLE_USAGE ( .BOTH. , #2835 ) ;
#12316 = DIRECTION ( 'NONE',  ( 5.421010862427507971E-15, 0.000000000000000000, 1.000000000000000000 ) ) ;
#12317 = CARTESIAN_POINT ( 'NONE',  ( -0.4809880624910624070, 0.5600000000000000533, -0.7449999999999966649 ) ) ;
#12318 =( NAMED_UNIT ( * ) SI_UNIT ( $, .STERADIAN. ) SOLID_ANGLE_UNIT ( ) );
#12319 = SURFACE_SIDE_STYLE ('',( #8475 ) ) ;
#12320 = COLOUR_RGB ( '',0.6666666666666666297, 0.6980392156862744724, 0.7686274509803920907 ) ;
#12321 = PLANE ( 'NONE',  #3200 ) ;
#12322 = EDGE_CURVE ( 'NONE', #444, #2202, #10108, .T. ) ;
#12323 = DIRECTION ( 'NONE',  ( -0.000000000000000000, -1.000000000000000000, -0.000000000000000000 ) ) ;
#12324 = ORIENTED_EDGE ( 'NONE', *, *, #3873, .T. ) ;
#12325 = DIRECTION ( 'NONE',  ( -1.000000000000000000, 0.000000000000000000, 6.693592482257194052E-15 ) ) ;
#12326 = VERTEX_POINT ( 'NONE', #8216 ) ;
#12327 = FILL_AREA_STYLE ('',( #540 ) ) ;
#12328 = CIRCLE ( 'NONE', #5638, 0.01000000000000002623 ) ;
#12329 = STYLED_ITEM ( 'NONE', ( #1926 ), #3248 ) ;
#12330 = PRESENTATION_STYLE_ASSIGNMENT (( #4706 ) ) ;
#12331 = DIRECTION ( 'NONE',  ( -0.000000000000000000, -1.000000000000000000, -0.000000000000000000 ) ) ;
#12332 = ORIENTED_EDGE ( 'NONE', *, *, #3421, .F. ) ;
#12333 = DIRECTION ( 'NONE',  ( 0.000000000000000000, 0.000000000000000000, -1.000000000000000000 ) ) ;
#12334 = CARTESIAN_POINT ( 'NONE',  ( 0.000000000000000000, 0.000000000000000000, 0.000000000000000000 ) ) ;
#12335 = CIRCLE ( 'NONE', #6261, 0.02901193750893746315 ) ;
#12336 = DIRECTION ( 'NONE',  ( -1.000000000000000000, 0.000000000000000000, 7.063772234066505779E-15 ) ) ;
#12337 = CARTESIAN_POINT ( 'NONE',  ( 0.4800000000000001488, 0.5600000000000000533, 0.5100000000000000089 ) ) ;
#12338 =( NAMED_UNIT ( * ) PLANE_ANGLE_UNIT ( ) SI_UNIT ( $, .RADIAN. ) );
#12339 = VERTEX_POINT ( 'NONE', #1492 ) ;
#12340 = PRESENTATION_LAYER_ASSIGNMENT (  '', '', ( #5233 ) ) ;
#12341 =( GEOMETRIC_REPRESENTATION_CONTEXT ( 3 ) GLOBAL_UNCERTAINTY_ASSIGNED_CONTEXT ( ( #7256 ) ) GLOBAL_UNIT_ASSIGNED_CONTEXT ( ( #1146, #6927, #855 ) ) REPRESENTATION_CONTEXT ( 'NONE', 'WORKASPACE' ) );
#12342 = STYLED_ITEM ( 'NONE', ( #3989 ), #3306 ) ;
#12343 = CARTESIAN_POINT ( 'NONE',  ( 0.5000000000000004441, 0.5600000000000000533, 0.7740119375089341558 ) ) ;
#12344 = FILL_AREA_STYLE ('',( #8747 ) ) ;
#12345 = DIRECTION ( 'NONE',  ( -0.000000000000000000, 1.000000000000000000, -0.000000000000000000 ) ) ;
#12346 =( NAMED_UNIT ( * ) PLANE_ANGLE_UNIT ( ) SI_UNIT ( $, .RADIAN. ) );
#12347 =( NAMED_UNIT ( * ) SI_UNIT ( $, .STERADIAN. ) SOLID_ANGLE_UNIT ( ) );
#12348 = AXIS2_PLACEMENT_3D ( 'NONE', #5883, #7554, #11464 ) ;
#12349 = EDGE_CURVE ( 'NONE', #1027, #1974, #8664, .T. ) ;
#12350 = DIRECTION ( 'NONE',  ( -0.000000000000000000, 1.000000000000000000, -0.000000000000000000 ) ) ;
#12351 = ORIENTED_EDGE ( 'NONE', *, *, #9792, .T. ) ;
#12352 = FILL_AREA_STYLE_COLOUR ( '', #5997 ) ;
#12353 = CARTESIAN_POINT ( 'NONE',  ( -0.7740119375089350440, 0.5700000000000000622, -0.7559880624910606528 ) ) ;
#12354 = ORIENTED_EDGE ( 'NONE', *, *, #4121, .F. ) ;
#12355 = MECHANICAL_DESIGN_GEOMETRIC_PRESENTATION_REPRESENTATION (  '', ( #6898 ), #249 ) ;
#12356 = ORIENTED_EDGE ( 'NONE', *, *, #10054, .T. ) ;
#12357 = SURFACE_STYLE_USAGE ( .BOTH. , #4794 ) ;
#12358 = VECTOR ( 'NONE', #436, 1000.000000000000000 ) ;
#12359 = SURFACE_STYLE_USAGE ( .BOTH. , #4616 ) ;
#12360 = ORIENTED_EDGE ( 'NONE', *, *, #5786, .T. ) ;
#12361 = ORIENTED_EDGE ( 'NONE', *, *, #9687, .T. ) ;
#12362 = DIRECTION ( 'NONE',  ( -0.000000000000000000, -1.000000000000000000, -0.000000000000000000 ) ) ;
#12363 = CARTESIAN_POINT ( 'NONE',  ( 1.000000000000000222, 0.5500000000000000444, 1.000000000000000000 ) ) ;
#12364 = VERTEX_POINT ( 'NONE', #10362 ) ;
#12365 = CARTESIAN_POINT ( 'NONE',  ( -0.7740119375089370424, 0.5500000000000000444, 0.1149999999999982703 ) ) ;
#12366 = FILL_AREA_STYLE ('',( #11283 ) ) ;
#12367 = PRESENTATION_STYLE_ASSIGNMENT (( #8459 ) ) ;
#12368 = VECTOR ( 'NONE', #11805, 1000.000000000000000 ) ;
#12369 = EDGE_CURVE ( 'NONE', #1566, #6148, #7837, .T. ) ;
#12370 = DIRECTION ( 'NONE',  ( -0.000000000000000000, -1.000000000000000000, -0.000000000000000000 ) ) ;
#12371 = CARTESIAN_POINT ( 'NONE',  ( -0.08098806249106589583, 0.5600000000000000533, 0.9349999999999992761 ) ) ;
#12372 = ORIENTED_EDGE ( 'NONE', *, *, #86, .F. ) ;
#12373 = CARTESIAN_POINT ( 'NONE',  ( -0.08098806249106775546, 0.5500000000000000444, 0.9449999999999992850 ) ) ;
#12374 = VECTOR ( 'NONE', #8991, 1000.000000000000000 ) ;
#12375 = PLANE ( 'NONE',  #8403 ) ;
#12376 =( NAMED_UNIT ( * ) SI_UNIT ( $, .STERADIAN. ) SOLID_ANGLE_UNIT ( ) );
#12377 = VERTEX_POINT ( 'NONE', #9168 ) ;
#12378 = LINE ( 'NONE', #11602, #11230 ) ;
#12379 = LINE ( 'NONE', #3724, #717 ) ;
#12380 = EDGE_CURVE ( 'NONE', #1869, #8957, #10260, .T. ) ;
#12381 = DIRECTION ( 'NONE',  ( -1.000000000000000000, 0.000000000000000000, 0.000000000000000000 ) ) ;
#12382 = EDGE_CURVE ( 'NONE', #12205, #1448, #12203, .T. ) ;
#12383 = AXIS2_PLACEMENT_3D ( 'NONE', #2280, #3155, #8982 ) ;
#12384 = DIRECTION ( 'NONE',  ( 0.000000000000000000, 0.000000000000000000, -1.000000000000000000 ) ) ;
#12385 = PRESENTATION_STYLE_ASSIGNMENT (( #8547 ) ) ;
#12386 = PRESENTATION_LAYER_ASSIGNMENT (  '', '', ( #1298 ) ) ;
#12387 = FILL_AREA_STYLE_COLOUR ( '', #10076 ) ;
#12388 = CARTESIAN_POINT ( 'NONE',  ( -0.5000000000000000000, 0.5700000000000000622, -0.9159880624910591296 ) ) ;
#12389 = DIRECTION ( 'NONE',  ( 0.000000000000000000, 1.000000000000000000, -0.000000000000000000 ) ) ;
#12390 = VERTEX_POINT ( 'NONE', #2487 ) ;
#12391 = LINE ( 'NONE', #4596, #7116 ) ;
#12392 = CARTESIAN_POINT ( 'NONE',  ( 0.3190119375089377485, 0.5700000000000000622, -0.7549999999999977840 ) ) ;
#12393 = EDGE_CURVE ( 'NONE', #12268, #3008, #7392, .T. ) ;
#12394 = FACE_OUTER_BOUND ( 'NONE', #3702, .T. ) ;
#12395 = CIRCLE ( 'NONE', #2104, 0.03000000000000002318 ) ;
#12396 = PRESENTATION_STYLE_ASSIGNMENT (( #54 ) ) ;
#12397 = PRESENTATION_LAYER_ASSIGNMENT (  '', '', ( #5699 ) ) ;
#12398 = DIRECTION ( 'NONE',  ( -1.000000000000000000, 0.000000000000000000, 0.000000000000000000 ) ) ;
#12399 = DIRECTION ( 'NONE',  ( 0.000000000000000000, 1.000000000000000000, -0.000000000000000000 ) ) ;
#12400 = DIRECTION ( 'NONE',  ( 0.000000000000000000, 0.000000000000000000, 1.000000000000000000 ) ) ;
#12401 = FILL_AREA_STYLE ('',( #4784 ) ) ;
#12402 =( GEOMETRIC_REPRESENTATION_CONTEXT ( 3 ) GLOBAL_UNCERTAINTY_ASSIGNED_CONTEXT ( ( #6905 ) ) GLOBAL_UNIT_ASSIGNED_CONTEXT ( ( #7697, #3673, #9537 ) ) REPRESENTATION_CONTEXT ( 'NONE', 'WORKASPACE' ) );
#12403 = CARTESIAN_POINT ( 'NONE',  ( -0.4800000000000000377, 0.5700000000000000622, -0.4800000000000002043 ) ) ;
#12404 = DIRECTION ( 'NONE',  ( -0.000000000000000000, 0.000000000000000000, 1.000000000000000000 ) ) ;
#12405 = CARTESIAN_POINT ( 'NONE',  ( -0.9349999999999976108, 0.5700000000000000622, -0.5940119375089366605 ) ) ;
#12406 = CARTESIAN_POINT ( 'NONE',  ( -0.9449999999999976197, 0.5600000000000000533, -0.7559880624910617630 ) ) ;
#12407 = ORIENTED_EDGE ( 'NONE', *, *, #10656, .T. ) ;
#12408 = VERTEX_POINT ( 'NONE', #12141 ) ;
#12409 = CARTESIAN_POINT ( 'NONE',  ( -0.2899999999999999800, 0.5500000000000000444, -0.7740119375089351550 ) ) ;
#12410 = ORIENTED_EDGE ( 'NONE', *, *, #119, .F. ) ;
#12411 = ORIENTED_EDGE ( 'NONE', *, *, #5287, .F. ) ;
#12412 =( LENGTH_UNIT ( ) NAMED_UNIT ( * ) SI_UNIT ( .MILLI., .METRE. ) );
#12413 = PLANE ( 'NONE',  #11629 ) ;
#12414 = EDGE_CURVE ( 'NONE', #10594, #3922, #9257, .T. ) ;
#12415 = ORIENTED_EDGE ( 'NONE', *, *, #12349, .T. ) ;
#12416 = CARTESIAN_POINT ( 'NONE',  ( -0.7740119375089365983, 0.5500000000000000444, -0.3059880624910606972 ) ) ;
#12417 = DIRECTION ( 'NONE',  ( -1.000000000000000000, 0.000000000000000000, 7.636510523315148333E-15 ) ) ;
#12418 = ORIENTED_EDGE ( 'NONE', *, *, #11505, .F. ) ;
#12419 = COLOUR_RGB ( '',0.6666666666666666297, 0.6980392156862744724, 0.7686274509803920907 ) ;
#12420 = CARTESIAN_POINT ( 'NONE',  ( 0.4809880624910629066, 0.5700000000000000622, 0.7549999999999966738 ) ) ;
#12421 =( LENGTH_UNIT ( ) NAMED_UNIT ( * ) SI_UNIT ( .MILLI., .METRE. ) );
#12422 = LINE ( 'NONE', #9519, #6992 ) ;
#12423 = ORIENTED_EDGE ( 'NONE', *, *, #5317, .T. ) ;
#12424 = DIRECTION ( 'NONE',  ( 1.084202172485504311E-16, -0.000000000000000000, 1.000000000000000000 ) ) ;
#12425 = AXIS2_PLACEMENT_3D ( 'NONE', #2175, #6966, #79 ) ;
#12426 =( LENGTH_UNIT ( ) NAMED_UNIT ( * ) SI_UNIT ( .MILLI., .METRE. ) );
#12427 = ORIENTED_EDGE ( 'NONE', *, *, #10808, .F. ) ;
#12428 = STYLED_ITEM ( 'NONE', ( #1271 ), #740 ) ;
#12429 = SURFACE_STYLE_USAGE ( .BOTH. , #6784 ) ;
#12430 = AXIS2_PLACEMENT_3D ( 'NONE', #1070, #9937, #2062 ) ;
#12431 = EDGE_CURVE ( 'NONE', #1748, #11193, #3496, .T. ) ;
#12432 = STYLED_ITEM ( 'NONE', ( #1682 ), #4515 ) ;
#12433 = LINE ( 'NONE', #957, #4441 ) ;
#12434 = CARTESIAN_POINT ( 'NONE',  ( 0.3190119375089380815, 0.5500000000000000444, 0.9449999999999977307 ) ) ;
#12435 = FILL_AREA_STYLE ('',( #6736 ) ) ;
#12436 = STYLED_ITEM ( 'NONE', ( #901 ), #9183 ) ;
#12438 = SURFACE_STYLE_FILL_AREA ( #2837 ) ;
#12437 = FACE_OUTER_BOUND ( 'NONE', #1178, .T. ) ;
#12439 = FILL_AREA_STYLE_COLOUR ( '', #10777 ) ;
#12440 = DIRECTION ( 'NONE',  ( 1.000000000000000000, 0.000000000000000000, 0.000000000000000000 ) ) ;
#12441 = STYLED_ITEM ( 'NONE', ( #6330 ), #11289 ) ;
#12442 = DIRECTION ( 'NONE',  ( 0.000000000000000000, 1.000000000000000000, 0.000000000000000000 ) ) ;
#12443 = MECHANICAL_DESIGN_GEOMETRIC_PRESENTATION_REPRESENTATION (  '', ( #3959 ), #4167 ) ;
#12444 = EDGE_CURVE ( 'NONE', #11632, #3637, #2969, .T. ) ;
#12445 = CIRCLE ( 'NONE', #4168, 0.1250000000000000000 ) ;
#12446 = SURFACE_STYLE_FILL_AREA ( #1784 ) ;
#12447 = EDGE_CURVE ( 'NONE', #1067, #7249, #11277, .T. ) ;
#12448 =( NAMED_UNIT ( * ) PLANE_ANGLE_UNIT ( ) SI_UNIT ( $, .RADIAN. ) );
#12449 =( LENGTH_UNIT ( ) NAMED_UNIT ( * ) SI_UNIT ( .MILLI., .METRE. ) );
#12450 = AXIS2_PLACEMENT_3D ( 'NONE', #947, #5637, #3764 ) ;
#12451 = ORIENTED_EDGE ( 'NONE', *, *, #12211, .F. ) ;
#12452 = CARTESIAN_POINT ( 'NONE',  ( 0.9159880624910605729, 0.5700000000000000622, 0.7559880624910617630 ) ) ;
#12453 = COLOUR_RGB ( '',0.6666666666666666297, 0.6980392156862744724, 0.7686274509803920907 ) ;
#12454 = DIRECTION ( 'NONE',  ( 0.000000000000000000, 0.000000000000000000, 1.000000000000000000 ) ) ;
#12455 = VECTOR ( 'NONE', #2933, 1000.000000000000000 ) ;
#12456 = MECHANICAL_DESIGN_GEOMETRIC_PRESENTATION_REPRESENTATION (  '', ( #2158 ), #6165 ) ;
#12457 =( NAMED_UNIT ( * ) PLANE_ANGLE_UNIT ( ) SI_UNIT ( $, .RADIAN. ) );
#12458 = VECTOR ( 'NONE', #3199, 1000.000000000000000 ) ;
#12459 = UNCERTAINTY_MEASURE_WITH_UNIT (LENGTH_MEASURE( 1.000000000000000082E-05 ), #1894, 'distance_accuracy_value', 'NONE');
#12460 = DIRECTION ( 'NONE',  ( -0.000000000000000000, -0.000000000000000000, -1.000000000000000000 ) ) ;
#12461 = VECTOR ( 'NONE', #5929, 1000.000000000000000 ) ;
#12462 = CARTESIAN_POINT ( 'NONE',  ( -0.5000000000000000000, 0.5700000000000000622, 0.4999999999999997780 ) ) ;
#12463 = UNCERTAINTY_MEASURE_WITH_UNIT (LENGTH_MEASURE( 1.000000000000000082E-05 ), #5007, 'distance_accuracy_value', 'NONE');
ENDSEC;
END-ISO-10303-21;
