ISO-10303-21;
HEADER;
FILE_DESCRIPTION (( 'STEP AP214' ),
    '1' );
FILE_NAME ('GALI-84+.STEP',
    '2024-12-15T17:08:15',
    ( '' ),
    ( '' ),
    'SwSTEP 2.0',
    'SolidWorks 2023',
    '' );
FILE_SCHEMA (( 'AUTOMOTIVE_DESIGN' ));
ENDSEC;

DATA;
#1 = CARTESIAN_POINT ( 'NONE',  ( -1.990426101976808138, -0.9629261019768078356, 1.550000000000000488 ) ) ;
#2 = CARTESIAN_POINT ( 'NONE',  ( 2.247500000000000053, 1.169999999999999041, 0.000000000000000000 ) ) ;
#3 = PRESENTATION_STYLE_ASSIGNMENT (( #2715 ) ) ;
#4 = FILL_AREA_STYLE_COLOUR ( '', #141 ) ;
#5 = PRESENTATION_STYLE_ASSIGNMENT (( #2523 ) ) ;
#6 =( NAMED_UNIT ( * ) SI_UNIT ( $, .STERADIAN. ) SOLID_ANGLE_UNIT ( ) );
#7 = ORIENTED_EDGE ( 'NONE', *, *, #2670, .T. ) ;
#8 = VECTOR ( 'NONE', #79, 1000.000000000000000 ) ;
#9 = ORIENTED_EDGE ( 'NONE', *, *, #2319, .F. ) ;
#10 =( GEOMETRIC_REPRESENTATION_CONTEXT ( 3 ) GLOBAL_UNCERTAINTY_ASSIGNED_CONTEXT ( ( #1713 ) ) GLOBAL_UNIT_ASSIGNED_CONTEXT ( ( #197, #1902, #623 ) ) REPRESENTATION_CONTEXT ( 'NONE', 'WORKASPACE' ) );
#11 = CARTESIAN_POINT ( 'NONE',  ( -0.8250000000000001776, 1.219999999999999529, 0.3800000000000000044 ) ) ;
#12 = PRESENTATION_STYLE_ASSIGNMENT (( #2381 ) ) ;
#13 = SURFACE_SIDE_STYLE ('',( #215 ) ) ;
#14 = EDGE_CURVE ( 'NONE', #2044, #2364, #1178, .T. ) ;
#15 = SURFACE_STYLE_FILL_AREA ( #1915 ) ;
#16 = VERTEX_POINT ( 'NONE', #2501 ) ;
#17 = UNCERTAINTY_MEASURE_WITH_UNIT (LENGTH_MEASURE( 1.000000000000000082E-05 ), #2230, 'distance_accuracy_value', 'NONE');
#18 = FILL_AREA_STYLE_COLOUR ( '', #2081 ) ;
#19 = EDGE_CURVE ( 'NONE', #253, #684, #852, .T. ) ;
#20 = EDGE_LOOP ( 'NONE', ( #1681, #1796, #133, #2192 ) ) ;
#21 = COLOUR_RGB ( '',0.8431372549019607865, 0.8431372549019607865, 0.8431372549019607865 ) ;
#22 = CARTESIAN_POINT ( 'NONE',  ( -1.152024203891909515, 1.152024203891909515, 0.000000000000000000 ) ) ;
#23 = DIRECTION ( 'NONE',  ( -1.381149264312744580E-16, -1.000000000000000000, 0.000000000000000000 ) ) ;
#24 =( NAMED_UNIT ( * ) SI_UNIT ( $, .STERADIAN. ) SOLID_ANGLE_UNIT ( ) );
#25 = SURFACE_SIDE_STYLE ('',( #2592 ) ) ;
#26 =( LENGTH_UNIT ( ) NAMED_UNIT ( * ) SI_UNIT ( .MILLI., .METRE. ) );
#27 = CARTESIAN_POINT ( 'NONE',  ( 2.247500000000000053, -1.219999999999999973, 0.000000000000000000 ) ) ;
#28 = ORIENTED_EDGE ( 'NONE', *, *, #2105, .T. ) ;
#29 = DIRECTION ( 'NONE',  ( -1.000000000000000000, 0.000000000000000000, -0.000000000000000000 ) ) ;
#30 = DIRECTION ( 'NONE',  ( -0.000000000000000000, -0.000000000000000000, 1.000000000000000000 ) ) ;
#31 = ORIENTED_EDGE ( 'NONE', *, *, #967, .T. ) ;
#32 = STYLED_ITEM ( 'NONE', ( #470 ), #1917 ) ;
#33 =( NAMED_UNIT ( * ) SI_UNIT ( $, .STERADIAN. ) SOLID_ANGLE_UNIT ( ) );
#34 = DIRECTION ( 'NONE',  ( 1.000000000000000000, 0.000000000000000000, 0.000000000000000000 ) ) ;
#35 = APPLICATION_CONTEXT ( 'automotive_design' ) ;
#36 = CARTESIAN_POINT ( 'NONE',  ( 1.705000000000000293, -1.219999999999999973, 0.3800000000000000044 ) ) ;
#37 = DIRECTION ( 'NONE',  ( 1.000000000000000000, -4.824036362560642651E-17, -0.000000000000000000 ) ) ;
#38 = FILL_AREA_STYLE_COLOUR ( '', #2199 ) ;
#39 = EDGE_CURVE ( 'NONE', #2620, #2341, #2024, .T. ) ;
#40 = FILL_AREA_STYLE_COLOUR ( '', #1682 ) ;
#41 = SURFACE_STYLE_FILL_AREA ( #2563 ) ;
#42 = PRESENTATION_LAYER_ASSIGNMENT (  '', '', ( #2228 ) ) ;
#43 = AXIS2_PLACEMENT_3D ( 'NONE', #2571, #1933, #202 ) ;
#44 = VERTEX_POINT ( 'NONE', #788 ) ;
#45 = UNCERTAINTY_MEASURE_WITH_UNIT (LENGTH_MEASURE( 1.000000000000000082E-05 ), #2241, 'distance_accuracy_value', 'NONE');
#46 =( NAMED_UNIT ( * ) PLANE_ANGLE_UNIT ( ) SI_UNIT ( $, .RADIAN. ) );
#47 =( LENGTH_UNIT ( ) NAMED_UNIT ( * ) SI_UNIT ( .MILLI., .METRE. ) );
#48 = DIRECTION ( 'NONE',  ( 0.000000000000000000, 0.000000000000000000, -1.000000000000000000 ) ) ;
#49 = ORIENTED_EDGE ( 'NONE', *, *, #2449, .F. ) ;
#50 = ADVANCED_FACE ( 'NONE', ( #2471 ), #1709, .T. ) ;
#51 = SURFACE_STYLE_FILL_AREA ( #2588 ) ;
#52 =( GEOMETRIC_REPRESENTATION_CONTEXT ( 3 ) GLOBAL_UNCERTAINTY_ASSIGNED_CONTEXT ( ( #1257 ) ) GLOBAL_UNIT_ASSIGNED_CONTEXT ( ( #911, #2007, #1141 ) ) REPRESENTATION_CONTEXT ( 'NONE', 'WORKASPACE' ) );
#53 = CARTESIAN_POINT ( 'NONE',  ( -0.000000000000000000, -2.259999999999999787, 0.000000000000000000 ) ) ;
#54 = SURFACE_STYLE_USAGE ( .BOTH. , #856 ) ;
#55 = AXIS2_PLACEMENT_3D ( 'NONE', #711, #2437, #2157 ) ;
#56 = STYLED_ITEM ( 'NONE', ( #1544 ), #1038 ) ;
#57 = CARTESIAN_POINT ( 'NONE',  ( 1.990426101976808582, 1.004881083535671182, 1.600000000000000311 ) ) ;
#58 = VERTEX_POINT ( 'NONE', #948 ) ;
#59 =( GEOMETRIC_REPRESENTATION_CONTEXT ( 3 ) GLOBAL_UNCERTAINTY_ASSIGNED_CONTEXT ( ( #2530 ) ) GLOBAL_UNIT_ASSIGNED_CONTEXT ( ( #604, #414, #6 ) ) REPRESENTATION_CONTEXT ( 'NONE', 'WORKASPACE' ) );
#60 = CYLINDRICAL_SURFACE ( 'NONE', #1171, 0.04999999999999991257 ) ;
#61 = LINE ( 'NONE', #1108, #2525 ) ;
#62 = SURFACE_STYLE_USAGE ( .BOTH. , #1515 ) ;
#63 = ORIENTED_EDGE ( 'NONE', *, *, #1417, .T. ) ;
#64 = PRODUCT_RELATED_PRODUCT_CATEGORY ( 'part', '', ( #2177 ) ) ;
#65 = CARTESIAN_POINT ( 'NONE',  ( -1.705000000000000293, -2.259999999999999787, 0.3800000000000000044 ) ) ;
#66 = LINE ( 'NONE', #1112, #1911 ) ;
#67 = DIRECTION ( 'NONE',  ( 1.000000000000000000, -4.824036362560642651E-17, -0.000000000000000000 ) ) ;
#68 = ORIENTED_EDGE ( 'NONE', *, *, #1897, .T. ) ;
#69 = STYLED_ITEM ( 'NONE', ( #936 ), #1605 ) ;
#70 = EDGE_CURVE ( 'NONE', #2256, #596, #756, .T. ) ;
#71 = AXIS2_PLACEMENT_3D ( 'NONE', #1269, #1690, #594 ) ;
#72 = FACE_OUTER_BOUND ( 'NONE', #361, .T. ) ;
#73 = VERTEX_POINT ( 'NONE', #2665 ) ;
#74 = DIRECTION ( 'NONE',  ( 1.000000000000000000, 0.000000000000000000, 0.000000000000000000 ) ) ;
#75 = CARTESIAN_POINT ( 'NONE',  ( 0.000000000000000000, 0.000000000000000000, 0.3800000000000000044 ) ) ;
#76 = ORIENTED_EDGE ( 'NONE', *, *, #1371, .T. ) ;
#77 = PRESENTATION_LAYER_ASSIGNMENT (  '', '', ( #337 ) ) ;
#78 = CYLINDRICAL_SURFACE ( 'NONE', #510, 0.05000000000000002359 ) ;
#79 = DIRECTION ( 'NONE',  ( 1.000000000000000000, -4.824036362560642651E-17, -0.000000000000000000 ) ) ;
#80 = AXIS2_PLACEMENT_3D ( 'NONE', #1986, #718, #1822 ) ;
#81 = PRESENTATION_STYLE_ASSIGNMENT (( #1980 ) ) ;
#82 = STYLED_ITEM ( 'NONE', ( #1016 ), #2339 ) ;
#83 = FILL_AREA_STYLE ('',( #1666 ) ) ;
#84 = ORIENTED_EDGE ( 'NONE', *, *, #183, .F. ) ;
#85 =( GEOMETRIC_REPRESENTATION_CONTEXT ( 3 ) GLOBAL_UNCERTAINTY_ASSIGNED_CONTEXT ( ( #847 ) ) GLOBAL_UNIT_ASSIGNED_CONTEXT ( ( #1670, #802, #815 ) ) REPRESENTATION_CONTEXT ( 'NONE', 'WORKASPACE' ) );
#86 = DIRECTION ( 'NONE',  ( 0.000000000000000000, 0.000000000000000000, -1.000000000000000000 ) ) ;
#87 = CARTESIAN_POINT ( 'NONE',  ( 0.2049999999999999878, -2.260951592216180472, 0.3800000000000000044 ) ) ;
#88 = COLOUR_RGB ( '',0.2862745098039215508, 0.2862745098039215508, 0.2862745098039215508 ) ;
#89 = VERTEX_POINT ( 'NONE', #552 ) ;
#90 = ADVANCED_FACE ( 'NONE', ( #2591 ), #2171, .F. ) ;
#91 = CARTESIAN_POINT ( 'NONE',  ( -2.197751321222675802, -1.219999999999999973, 0.3799999999999995604 ) ) ;
#92 = LINE ( 'NONE', #2149, #2566 ) ;
#93 = DIRECTION ( 'NONE',  ( 0.6337921334316444222, -0.7735034140843624062, 0.000000000000000000 ) ) ;
#94 = EDGE_LOOP ( 'NONE', ( #977, #1916, #1608, #2066 ) ) ;
#95 = EDGE_CURVE ( 'NONE', #1320, #1220, #254, .T. ) ;
#96 = CARTESIAN_POINT ( 'NONE',  ( 1.705000000000000071, 2.354859495653229448E-16, 0.000000000000000000 ) ) ;
#97 = LINE ( 'NONE', #896, #354 ) ;
#98 =( NAMED_UNIT ( * ) PLANE_ANGLE_UNIT ( ) SI_UNIT ( $, .RADIAN. ) );
#99 = FILL_AREA_STYLE_COLOUR ( '', #2039 ) ;
#100 = CARTESIAN_POINT ( 'NONE',  ( 1.705000000000000293, -2.259999999999999787, 0.3800000000000000044 ) ) ;
#101 = ADVANCED_FACE ( 'NONE', ( #1749 ), #642, .T. ) ;
#102 = ORIENTED_EDGE ( 'NONE', *, *, #743, .T. ) ;
#103 = MECHANICAL_DESIGN_GEOMETRIC_PRESENTATION_REPRESENTATION (  '', ( #1282 ), #2373 ) ;
#104 = CARTESIAN_POINT ( 'NONE',  ( -0.2050000000000001543, -0.9263797891933148732, 0.3800000000000000044 ) ) ;
#105 = ADVANCED_FACE ( 'NONE', ( #2616 ), #270, .T. ) ;
#106 = SURFACE_STYLE_USAGE ( .BOTH. , #1179 ) ;
#107 =( NAMED_UNIT ( * ) SI_UNIT ( $, .STERADIAN. ) SOLID_ANGLE_UNIT ( ) );
#108 = VERTEX_POINT ( 'NONE', #1273 ) ;
#109 = CARTESIAN_POINT ( 'NONE',  ( -1.705000000000000071, -0.6899999999999998357, 0.3800000000000000044 ) ) ;
#110 = EDGE_CURVE ( 'NONE', #1557, #505, #1046, .T. ) ;
#111 = DIRECTION ( 'NONE',  ( 0.1710878697460358755, 0.1710878697460358477, -0.9702875252478138091 ) ) ;
#112 = DIRECTION ( 'NONE',  ( 1.000000000000000000, 2.168404344971012812E-15, 0.000000000000000000 ) ) ;
#113 = CARTESIAN_POINT ( 'NONE',  ( -0.8250000000000000666, 9.428274908110979445E-17, 0.3800000000000000044 ) ) ;
#114 = PRESENTATION_STYLE_ASSIGNMENT (( #300 ) ) ;
#115 = FACE_OUTER_BOUND ( 'NONE', #1244, .T. ) ;
#116 = ORIENTED_EDGE ( 'NONE', *, *, #2219, .T. ) ;
#117 = LINE ( 'NONE', #1132, #2247 ) ;
#118 = DIRECTION ( 'NONE',  ( 1.142821200983148897E-16, 1.000000000000000000, 0.000000000000000000 ) ) ;
#119 = ORIENTED_EDGE ( 'NONE', *, *, #741, .F. ) ;
#120 = DIRECTION ( 'NONE',  ( -1.142821200983148897E-16, -1.000000000000000000, 0.000000000000000000 ) ) ;
#121 = FILL_AREA_STYLE ('',( #1565 ) ) ;
#122 = DIRECTION ( 'NONE',  ( 1.000000000000000000, 0.000000000000000000, 8.673617379884049672E-15 ) ) ;
#123 = COLOUR_RGB ( '',0.2862745098039215508, 0.2862745098039215508, 0.2862745098039215508 ) ;
#124 = CARTESIAN_POINT ( 'NONE',  ( -1.705000000000000071, 2.354859495653229448E-16, 0.3800000000000000044 ) ) ;
#125 = EDGE_CURVE ( 'NONE', #147, #1452, #869, .T. ) ;
#126 = VECTOR ( 'NONE', #120, 1000.000000000000000 ) ;
#127 =( NAMED_UNIT ( * ) SI_UNIT ( $, .STERADIAN. ) SOLID_ANGLE_UNIT ( ) );
#128 = ORIENTED_EDGE ( 'NONE', *, *, #1735, .F. ) ;
#129 = SURFACE_STYLE_USAGE ( .BOTH. , #734 ) ;
#130 = LINE ( 'NONE', #745, #176 ) ;
#131 =( GEOMETRIC_REPRESENTATION_CONTEXT ( 3 ) GLOBAL_UNCERTAINTY_ASSIGNED_CONTEXT ( ( #2077 ) ) GLOBAL_UNIT_ASSIGNED_CONTEXT ( ( #226, #251, #24 ) ) REPRESENTATION_CONTEXT ( 'NONE', 'WORKASPACE' ) );
#132 = DIRECTION ( 'NONE',  ( -0.7735034140843622952, -0.6337921334316444222, 0.000000000000000000 ) ) ;
#133 = ORIENTED_EDGE ( 'NONE', *, *, #1094, .F. ) ;
#134 = SURFACE_SIDE_STYLE ('',( #533 ) ) ;
#135 = CARTESIAN_POINT ( 'NONE',  ( 2.199700930650072994, 1.172200930650071804, 0.3631434688417056744 ) ) ;
#136 = SURFACE_STYLE_USAGE ( .BOTH. , #347 ) ;
#137 = ADVANCED_FACE ( 'NONE', ( #483 ), #1061, .T. ) ;
#138 = ORIENTED_EDGE ( 'NONE', *, *, #2058, .F. ) ;
#139 = FILL_AREA_STYLE ('',( #2669 ) ) ;
#140 = CARTESIAN_POINT ( 'NONE',  ( 0.000000000000000000, 0.000000000000000000, 0.000000000000000000 ) ) ;
#141 = COLOUR_RGB ( '',0.2862745098039215508, 0.2862745098039215508, 0.2862745098039215508 ) ;
#142 = LINE ( 'NONE', #2618, #528 ) ;
#143 = ADVANCED_FACE ( 'NONE', ( #1370 ), #712, .T. ) ;
#144 = VERTEX_POINT ( 'NONE', #915 ) ;
#145 = MECHANICAL_DESIGN_GEOMETRIC_PRESENTATION_REPRESENTATION (  '', ( #1134 ), #2139 ) ;
#146 = PRESENTATION_STYLE_ASSIGNMENT (( #129 ) ) ;
#147 = VERTEX_POINT ( 'NONE', #153 ) ;
#148 = DIRECTION ( 'NONE',  ( -1.381149264312744580E-16, 1.000000000000000000, 0.000000000000000000 ) ) ;
#149 = CARTESIAN_POINT ( 'NONE',  ( -2.247499999999999609, -1.170251321222675056, 0.3800000000000032241 ) ) ;
#150 = VECTOR ( 'NONE', #549, 1000.000000000000000 ) ;
#151 = PRESENTATION_LAYER_ASSIGNMENT (  '', '', ( #1334 ) ) ;
#152 = LINE ( 'NONE', #927, #611 ) ;
#153 = CARTESIAN_POINT ( 'NONE',  ( -1.295000000000000595, -1.219999999999999751, 0.3800000000000000044 ) ) ;
#154 = DIRECTION ( 'NONE',  ( 0.000000000000000000, 0.000000000000000000, 1.000000000000000000 ) ) ;
#155 = VECTOR ( 'NONE', #1123, 1000.000000000000227 ) ;
#156 = ADVANCED_FACE ( 'NONE', ( #1345 ), #1126, .F. ) ;
#157 = DIRECTION ( 'NONE',  ( 0.000000000000000000, 0.000000000000000000, -1.000000000000000000 ) ) ;
#158 = ORIENTED_EDGE ( 'NONE', *, *, #1136, .T. ) ;
#159 = EDGE_CURVE ( 'NONE', #2712, #684, #1358, .T. ) ;
#160 = DIRECTION ( 'NONE',  ( 0.000000000000000000, -0.000000000000000000, -1.000000000000000000 ) ) ;
#161 = DIRECTION ( 'NONE',  ( -0.1710878697460358755, -0.1710878697460358477, -0.9702875252478136980 ) ) ;
#162 = ORIENTED_EDGE ( 'NONE', *, *, #2071, .F. ) ;
#163 = CARTESIAN_POINT ( 'NONE',  ( -0.2050000000000000155, 2.721568718688101992E-17, 0.3800000000000000044 ) ) ;
#164 =( GEOMETRIC_REPRESENTATION_CONTEXT ( 3 ) GLOBAL_UNCERTAINTY_ASSIGNED_CONTEXT ( ( #1431 ) ) GLOBAL_UNIT_ASSIGNED_CONTEXT ( ( #950, #737, #609 ) ) REPRESENTATION_CONTEXT ( 'NONE', 'WORKASPACE' ) );
#165 = CARTESIAN_POINT ( 'NONE',  ( -1.705000000000000071, -0.6899999999999998357, 0.3800000000000000044 ) ) ;
#166 = ORIENTED_EDGE ( 'NONE', *, *, #2356, .F. ) ;
#167 = DIRECTION ( 'NONE',  ( -1.327594496921025224E-16, -1.000000000000000000, 0.000000000000000000 ) ) ;
#168 =( BOUNDED_CURVE ( )  B_SPLINE_CURVE ( 3, ( #1507, #265, #1097, #1963 ),
 .UNSPECIFIED., .F., .T. ) 
 B_SPLINE_CURVE_WITH_KNOTS ( ( 4, 4 ),
 ( 5.512866274278610312, 7.053504340080549717 ),
 .UNSPECIFIED. ) 
 CURVE ( )  GEOMETRIC_REPRESENTATION_ITEM ( )  RATIONAL_B_SPLINE_CURVE ( ( 1.000000000000000000, 0.8117923620232503357, 0.8117923620232503357, 1.000000000000000000 ) ) 
 REPRESENTATION_ITEM ( '' )  );
#169 = CARTESIAN_POINT ( 'NONE',  ( 2.247500000000000053, -1.219999999999999973, 0.3800000000000000044 ) ) ;
#170 = LINE ( 'NONE', #766, #1321 ) ;
#171 = ORIENTED_EDGE ( 'NONE', *, *, #1468, .F. ) ;
#172 = AXIS2_PLACEMENT_3D ( 'NONE', #252, #1103, #1750 ) ;
#173 = CARTESIAN_POINT ( 'NONE',  ( -1.705000000000000071, 2.354859495653229448E-16, 0.000000000000000000 ) ) ;
#174 = AXIS2_PLACEMENT_3D ( 'NONE', #2506, #534, #2093 ) ;
#175 = ORIENTED_EDGE ( 'NONE', *, *, #1149, .F. ) ;
#176 = VECTOR ( 'NONE', #2470, 1000.000000000000000 ) ;
#177 = CARTESIAN_POINT ( 'NONE',  ( -2.198253927952687370, 1.219994315603297741, 0.3800322378156715253 ) ) ;
#178 = ADVANCED_FACE ( 'NONE', ( #2520 ), #1883, .T. ) ;
#179 = EDGE_LOOP ( 'NONE', ( #2600, #485, #2442, #2062 ) ) ;
#180 =( LENGTH_UNIT ( ) NAMED_UNIT ( * ) SI_UNIT ( .MILLI., .METRE. ) );
#181 = ORIENTED_EDGE ( 'NONE', *, *, #464, .F. ) ;
#182 = AXIS2_PLACEMENT_3D ( 'NONE', #547, #154, #1416 ) ;
#183 = EDGE_CURVE ( 'NONE', #211, #429, #2111, .T. ) ;
#184 = DIRECTION ( 'NONE',  ( 0.7735034140843622952, -0.6337921334316444222, 0.000000000000000000 ) ) ;
#185 = EDGE_LOOP ( 'NONE', ( #1823, #635, #888, #2683 ) ) ;
#186 = COLOUR_RGB ( '',0.2862745098039215508, 0.2862745098039215508, 0.2862745098039215508 ) ;
#187 = ORIENTED_EDGE ( 'NONE', *, *, #727, .T. ) ;
#188 = MECHANICAL_DESIGN_GEOMETRIC_PRESENTATION_REPRESENTATION (  '', ( #405 ), #2289 ) ;
#189 = CIRCLE ( 'NONE', #1957, 0.05000000000000012768 ) ;
#190 = VECTOR ( 'NONE', #838, 1000.000000000000000 ) ;
#191 = FILL_AREA_STYLE_COLOUR ( '', #216 ) ;
#192 = VECTOR ( 'NONE', #2526, 1000.000000000000114 ) ;
#193 = DIRECTION ( 'NONE',  ( 1.000000000000000000, 0.000000000000000000, -8.673617379884013384E-15 ) ) ;
#194 =( LENGTH_UNIT ( ) NAMED_UNIT ( * ) SI_UNIT ( .MILLI., .METRE. ) );
#195 = VERTEX_POINT ( 'NONE', #2122 ) ;
#196 = FILL_AREA_STYLE ('',( #401 ) ) ;
#197 =( LENGTH_UNIT ( ) NAMED_UNIT ( * ) SI_UNIT ( .MILLI., .METRE. ) );
#198 = ORIENTED_EDGE ( 'NONE', *, *, #1206, .T. ) ;
#199 = FILL_AREA_STYLE ('',( #595 ) ) ;
#200 = ORIENTED_EDGE ( 'NONE', *, *, #298, .F. ) ;
#201 = FACE_OUTER_BOUND ( 'NONE', #969, .T. ) ;
#202 = DIRECTION ( 'NONE',  ( -1.381149264312744580E-16, -1.000000000000000000, 0.000000000000000000 ) ) ;
#203 = CARTESIAN_POINT ( 'NONE',  ( 2.247494315603297377, -1.170753927952687290, 0.3800322378156727465 ) ) ;
#204 = EDGE_CURVE ( 'NONE', #516, #792, #1029, .T. ) ;
#205 = COLOUR_RGB ( '',0.2862745098039215508, 0.2862745098039215508, 0.2862745098039215508 ) ;
#206 = PRESENTATION_STYLE_ASSIGNMENT (( #1208 ) ) ;
#207 = SURFACE_STYLE_USAGE ( .BOTH. , #1035 ) ;
#208 = ORIENTED_EDGE ( 'NONE', *, *, #1663, .T. ) ;
#209 = UNCERTAINTY_MEASURE_WITH_UNIT (LENGTH_MEASURE( 1.000000000000000082E-05 ), #180, 'distance_accuracy_value', 'NONE');
#210 = VECTOR ( 'NONE', #1227, 1000.000000000000000 ) ;
#211 = VERTEX_POINT ( 'NONE', #1639 ) ;
#212 = EDGE_CURVE ( 'NONE', #16, #2314, #765, .T. ) ;
#213 = LINE ( 'NONE', #22, #677 ) ;
#214 = AXIS2_PLACEMENT_3D ( 'NONE', #2186, #280, #241 ) ;
#215 = SURFACE_STYLE_FILL_AREA ( #2123 ) ;
#216 = COLOUR_RGB ( '',0.2862745098039215508, 0.2862745098039215508, 0.2862745098039215508 ) ;
#217 = ADVANCED_FACE ( 'NONE', ( #380 ), #941, .F. ) ;
#218 = ORIENTED_EDGE ( 'NONE', *, *, #478, .T. ) ;
#219 = VECTOR ( 'NONE', #600, 1000.000000000000000 ) ;
#220 = FACE_OUTER_BOUND ( 'NONE', #2020, .T. ) ;
#221 = ORIENTED_EDGE ( 'NONE', *, *, #648, .T. ) ;
#222 = VECTOR ( 'NONE', #1064, 999.9999999999998863 ) ;
#223 = CARTESIAN_POINT ( 'NONE',  ( 2.198002635302201746, -1.219998105165195579, 0.3800107461421773913 ) ) ;
#224 = DIRECTION ( 'NONE',  ( 0.000000000000000000, 0.000000000000000000, -1.000000000000000000 ) ) ;
#225 = MECHANICAL_DESIGN_GEOMETRIC_PRESENTATION_REPRESENTATION (  '', ( #1873 ), #529 ) ;
#226 =( LENGTH_UNIT ( ) NAMED_UNIT ( * ) SI_UNIT ( .MILLI., .METRE. ) );
#227 =( NAMED_UNIT ( * ) PLANE_ANGLE_UNIT ( ) SI_UNIT ( $, .RADIAN. ) );
#228 = AXIS2_PLACEMENT_3D ( 'NONE', #2143, #1767, #229 ) ;
#229 = DIRECTION ( 'NONE',  ( 1.381149264312744580E-16, -1.000000000000000000, 0.000000000000000000 ) ) ;
#230 = ORIENTED_EDGE ( 'NONE', *, *, #159, .T. ) ;
#231 = EDGE_CURVE ( 'NONE', #44, #2091, #728, .T. ) ;
#232 = DIRECTION ( 'NONE',  ( 0.000000000000000000, 0.000000000000000000, -1.000000000000000000 ) ) ;
#233 = LINE ( 'NONE', #261, #763 ) ;
#234 = ORIENTED_EDGE ( 'NONE', *, *, #1413, .F. ) ;
#235 = STYLED_ITEM ( 'NONE', ( #849 ), #2716 ) ;
#236 = VECTOR ( 'NONE', #1299, 1000.000000000000227 ) ;
#237 = LINE ( 'NONE', #649, #2271 ) ;
#238 =( LENGTH_UNIT ( ) NAMED_UNIT ( * ) SI_UNIT ( .MILLI., .METRE. ) );
#239 = CARTESIAN_POINT ( 'NONE',  ( 1.295000000000000373, -0.6899999999999998357, 0.3800000000000000044 ) ) ;
#240 = CARTESIAN_POINT ( 'NONE',  ( 0.2049999999999999878, -0.9263797891933150952, 0.000000000000000000 ) ) ;
#241 = DIRECTION ( 'NONE',  ( 0.9848077530122073542, 0.000000000000000000, -0.1736481776669347721 ) ) ;
#242 = DIRECTION ( 'NONE',  ( -1.000000000000000000, -1.381149264312744580E-16, 0.000000000000000000 ) ) ;
#243 = VERTEX_POINT ( 'NONE', #484 ) ;
#244 = VERTEX_POINT ( 'NONE', #898 ) ;
#245 = MECHANICAL_DESIGN_GEOMETRIC_PRESENTATION_REPRESENTATION (  '', ( #1066 ), #1450 ) ;
#246 = LINE ( 'NONE', #1077, #1383 ) ;
#247 = CARTESIAN_POINT ( 'NONE',  ( 0.000000000000000000, -2.260951592216180472, 0.3800000000000000044 ) ) ;
#248 = SURFACE_STYLE_USAGE ( .BOTH. , #1966 ) ;
#249 = FACE_OUTER_BOUND ( 'NONE', #985, .T. ) ;
#250 = AXIS2_PLACEMENT_3D ( 'NONE', #1114, #1102, #433 ) ;
#251 =( NAMED_UNIT ( * ) PLANE_ANGLE_UNIT ( ) SI_UNIT ( $, .RADIAN. ) );
#252 = CARTESIAN_POINT ( 'NONE',  ( 2.199700930650072994, -1.172200930650072914, 0.3631434688417056744 ) ) ;
#253 = VERTEX_POINT ( 'NONE', #1127 ) ;
#254 = CIRCLE ( 'NONE', #214, 0.05000000000000012074 ) ;
#255 = FILL_AREA_STYLE_COLOUR ( '', #618 ) ;
#256 = DIRECTION ( 'NONE',  ( -0.000000000000000000, 1.000000000000000000, -0.000000000000000000 ) ) ;
#257 = VERTEX_POINT ( 'NONE', #1982 ) ;
#258 =( GEOMETRIC_REPRESENTATION_CONTEXT ( 3 ) GLOBAL_UNCERTAINTY_ASSIGNED_CONTEXT ( ( #2575 ) ) GLOBAL_UNIT_ASSIGNED_CONTEXT ( ( #1733, #1331, #953 ) ) REPRESENTATION_CONTEXT ( 'NONE', 'WORKASPACE' ) );
#259 = UNCERTAINTY_MEASURE_WITH_UNIT (LENGTH_MEASURE( 1.000000000000000082E-05 ), #1491, 'distance_accuracy_value', 'NONE');
#260 = CARTESIAN_POINT ( 'NONE',  ( 0.000000000000000000, -0.6899999999999998357, 0.3800000000000000044 ) ) ;
#261 = CARTESIAN_POINT ( 'NONE',  ( -2.039666489627418144, 1.004881083535672071, 1.558682408883346859 ) ) ;
#262 = SURFACE_SIDE_STYLE ('',( #2389 ) ) ;
#263 = ORIENTED_EDGE ( 'NONE', *, *, #559, .T. ) ;
#264 = FACE_OUTER_BOUND ( 'NONE', #957, .T. ) ;
#265 = CARTESIAN_POINT ( 'NONE',  ( 2.247063163919205575, 1.199344369904814078, 0.3824774205231614155 ) ) ;
#266 =( NAMED_UNIT ( * ) SI_UNIT ( $, .STERADIAN. ) SOLID_ANGLE_UNIT ( ) );
#267 = STYLED_ITEM ( 'NONE', ( #2018 ), #619 ) ;
#268 = EDGE_CURVE ( 'NONE', #596, #1065, #1804, .T. ) ;
#269 = CARTESIAN_POINT ( 'NONE',  ( -0.5364957350010770565, -0.6547592826975169311, 0.3800000000000000044 ) ) ;
#270 = PLANE ( 'NONE',  #250 ) ;
#271 = VECTOR ( 'NONE', #1260, 1000.000000000000000 ) ;
#272 = DIRECTION ( 'NONE',  ( -0.000000000000000000, 1.000000000000000000, 0.000000000000000000 ) ) ;
#273 = VECTOR ( 'NONE', #148, 1000.000000000000000 ) ;
#274 = FACE_OUTER_BOUND ( 'NONE', #1687, .T. ) ;
#275 = VERTEX_POINT ( 'NONE', #1994 ) ;
#276 =( NAMED_UNIT ( * ) SI_UNIT ( $, .STERADIAN. ) SOLID_ANGLE_UNIT ( ) );
#277 = ORIENTED_EDGE ( 'NONE', *, *, #1206, .F. ) ;
#278 = CARTESIAN_POINT ( 'NONE',  ( 1.705000000000000071, -0.6899999999999998357, 0.3800000000000000044 ) ) ;
#279 = CARTESIAN_POINT ( 'NONE',  ( -2.247494315603297377, 1.170753927952687290, 0.3800322378156727465 ) ) ;
#280 = DIRECTION ( 'NONE',  ( 0.1710878697460382347, -0.1710878697460359865, 0.9702875252478133650 ) ) ;
#281 =( NAMED_UNIT ( * ) PLANE_ANGLE_UNIT ( ) SI_UNIT ( $, .RADIAN. ) );
#282 =( GEOMETRIC_REPRESENTATION_CONTEXT ( 3 ) GLOBAL_UNCERTAINTY_ASSIGNED_CONTEXT ( ( #607 ) ) GLOBAL_UNIT_ASSIGNED_CONTEXT ( ( #2047, #923, #2681 ) ) REPRESENTATION_CONTEXT ( 'NONE', 'WORKASPACE' ) );
#283 = FILL_AREA_STYLE ('',( #1148 ) ) ;
#284 = ADVANCED_FACE ( 'NONE', ( #1603 ), #2412, .F. ) ;
#285 = DIRECTION ( 'NONE',  ( -0.000000000000000000, -0.000000000000000000, -1.000000000000000000 ) ) ;
#286 = ORIENTED_EDGE ( 'NONE', *, *, #2422, .T. ) ;
#287 = DIRECTION ( 'NONE',  ( 1.000000000000000000, 0.000000000000000000, 0.000000000000000000 ) ) ;
#288 = CARTESIAN_POINT ( 'NONE',  ( -1.705000000000000293, -2.259999999999999787, 0.000000000000000000 ) ) ;
#289 = CARTESIAN_POINT ( 'NONE',  ( 0.2049999999999998768, -1.219999999999999973, 0.3800000000000000044 ) ) ;
#290 =( NAMED_UNIT ( * ) SI_UNIT ( $, .STERADIAN. ) SOLID_ANGLE_UNIT ( ) );
#291 = VERTEX_POINT ( 'NONE', #2033 ) ;
#292 = MECHANICAL_DESIGN_GEOMETRIC_PRESENTATION_REPRESENTATION (  '', ( #544 ), #1572 ) ;
#293 =( LENGTH_UNIT ( ) NAMED_UNIT ( * ) SI_UNIT ( .MILLI., .METRE. ) );
#294 = SURFACE_STYLE_FILL_AREA ( #691 ) ;
#295 = CARTESIAN_POINT ( 'NONE',  ( -0.5364957350010770565, -0.6547592826975169311, 0.000000000000000000 ) ) ;
#296 =( GEOMETRIC_REPRESENTATION_CONTEXT ( 3 ) GLOBAL_UNCERTAINTY_ASSIGNED_CONTEXT ( ( #2310 ) ) GLOBAL_UNIT_ASSIGNED_CONTEXT ( ( #2421, #1760, #1314 ) ) REPRESENTATION_CONTEXT ( 'NONE', 'WORKASPACE' ) );
#297 = CARTESIAN_POINT ( 'NONE',  ( -1.990426101976808582, -1.004881083535671848, 1.600000000000000311 ) ) ;
#298 = EDGE_CURVE ( 'NONE', #144, #2428, #1534, .T. ) ;
#299 = VECTOR ( 'NONE', #680, 1000.000000000000000 ) ;
#300 = SURFACE_STYLE_USAGE ( .BOTH. , #1145 ) ;
#301 = PRESENTATION_LAYER_ASSIGNMENT (  '', '', ( #1578 ) ) ;
#302 = LINE ( 'NONE', #100, #1147 ) ;
#303 = STYLED_ITEM ( 'NONE', ( #1647 ), #50 ) ;
#304 = ORIENTED_EDGE ( 'NONE', *, *, #2662, .T. ) ;
#305 = LINE ( 'NONE', #2469, #2054 ) ;
#306 = PLANE ( 'NONE',  #986 ) ;
#307 = DIRECTION ( 'NONE',  ( 0.000000000000000000, 0.000000000000000000, -1.000000000000000000 ) ) ;
#308 = LINE ( 'NONE', #2474, #418 ) ;
#309 = ORIENTED_EDGE ( 'NONE', *, *, #1772, .F. ) ;
#310 = CARTESIAN_POINT ( 'NONE',  ( 0.8249999999999999556, 1.219999999999999307, 0.3800000000000000044 ) ) ;
#311 = COLOUR_RGB ( '',0.2862745098039215508, 0.2862745098039215508, 0.2862745098039215508 ) ;
#312 = DIRECTION ( 'NONE',  ( 0.000000000000000000, 0.000000000000000000, -1.000000000000000000 ) ) ;
#313 = MECHANICAL_DESIGN_GEOMETRIC_PRESENTATION_REPRESENTATION (  '', ( #1601 ), #1914 ) ;
#314 = ORIENTED_EDGE ( 'NONE', *, *, #2643, .T. ) ;
#315 = AXIS2_PLACEMENT_3D ( 'NONE', #717, #1626, #330 ) ;
#316 = LINE ( 'NONE', #1152, #2687 ) ;
#317 = ORIENTED_EDGE ( 'NONE', *, *, #761, .T. ) ;
#318 = VECTOR ( 'NONE', #184, 999.9999999999998863 ) ;
#319 = FILL_AREA_STYLE_COLOUR ( '', #1042 ) ;
#320 = LINE ( 'NONE', #1155, #126 ) ;
#321 = EDGE_CURVE ( 'NONE', #1197, #1557, #2112, .T. ) ;
#322 = CARTESIAN_POINT ( 'NONE',  ( 2.199700930650072994, 1.221441318300682255, 0.3718258777250522118 ) ) ;
#323 = DIRECTION ( 'NONE',  ( 1.880790961315666459E-29, 1.000000000000000000, -2.168404344971012812E-15 ) ) ;
#324 = VECTOR ( 'NONE', #2170, 1000.000000000000000 ) ;
#325 =( NAMED_UNIT ( * ) SI_UNIT ( $, .STERADIAN. ) SOLID_ANGLE_UNIT ( ) );
#326 = PRODUCT_DEFINITION_CONTEXT ( 'detailed design', #35, 'design' ) ;
#327 = VECTOR ( 'NONE', #556, 1000.000000000000000 ) ;
#328 = ORIENTED_EDGE ( 'NONE', *, *, #1615, .T. ) ;
#329 = EDGE_CURVE ( 'NONE', #1903, #491, #966, .T. ) ;
#330 = DIRECTION ( 'NONE',  ( -0.7735034140843624062, 0.6337921334316444222, 0.000000000000000000 ) ) ;
#331 =( NAMED_UNIT ( * ) PLANE_ANGLE_UNIT ( ) SI_UNIT ( $, .RADIAN. ) );
#332 = PRESENTATION_LAYER_ASSIGNMENT (  '', '', ( #2169 ) ) ;
#333 = ORIENTED_EDGE ( 'NONE', *, *, #434, .F. ) ;
#334 = CARTESIAN_POINT ( 'NONE',  ( 0.000000000000000000, -2.259999999999999787, 0.3800000000000000044 ) ) ;
#335 = CARTESIAN_POINT ( 'NONE',  ( 2.198253927952687814, 1.219994315603296853, 0.3800322378156716363 ) ) ;
#336 =( BOUNDED_CURVE ( )  B_SPLINE_CURVE ( 3, ( #1441, #592, #2089, #2322 ),
 .UNSPECIFIED., .F., .T. ) 
 B_SPLINE_CURVE_WITH_KNOTS ( ( 4, 4 ),
 ( 5.512866274278596990, 7.053504340080548829 ),
 .UNSPECIFIED. ) 
 CURVE ( )  GEOMETRIC_REPRESENTATION_ITEM ( )  RATIONAL_B_SPLINE_CURVE ( ( 1.000000000000000000, 0.8117923620232474491, 0.8117923620232474491, 1.000000000000000000 ) ) 
 REPRESENTATION_ITEM ( '' )  );
#337 = STYLED_ITEM ( 'NONE', ( #1071 ), #1688 ) ;
#338 = CARTESIAN_POINT ( 'NONE',  ( 1.990426101976808138, 0.9629261019768071694, 1.550000000000000488 ) ) ;
#339 = DIRECTION ( 'NONE',  ( 1.327594496921025224E-16, 1.000000000000000000, 0.000000000000000000 ) ) ;
#340 = CARTESIAN_POINT ( 'NONE',  ( 0.2049999999999999878, -0.9263797891933150952, 0.3800000000000000044 ) ) ;
#341 = VERTEX_POINT ( 'NONE', #2480 ) ;
#342 = CARTESIAN_POINT ( 'NONE',  ( 2.247500000000000053, -1.219999999999999973, 0.3800000000000000044 ) ) ;
#343 = COLOUR_RGB ( '',0.2862745098039215508, 0.2862745098039215508, 0.2862745098039215508 ) ;
#344 = SURFACE_STYLE_FILL_AREA ( #2042 ) ;
#345 = COLOUR_RGB ( '',0.2862745098039215508, 0.2862745098039215508, 0.2862745098039215508 ) ;
#346 = ORIENTED_EDGE ( 'NONE', *, *, #2147, .F. ) ;
#347 = SURFACE_SIDE_STYLE ('',( #542 ) ) ;
#348 = ORIENTED_EDGE ( 'NONE', *, *, #2243, .F. ) ;
#349 = AXIS2_PLACEMENT_3D ( 'NONE', #169, #979, #2546 ) ;
#350 = FACE_OUTER_BOUND ( 'NONE', #1977, .T. ) ;
#351 = DIRECTION ( 'NONE',  ( -2.412018181280320093E-16, -1.000000000000000000, 0.000000000000000000 ) ) ;
#352 = LINE ( 'NONE', #1623, #219 ) ;
#353 = EDGE_CURVE ( 'NONE', #2222, #58, #352, .T. ) ;
#354 = VECTOR ( 'NONE', #1122, 1000.000000000000000 ) ;
#355 = FACE_OUTER_BOUND ( 'NONE', #2308, .T. ) ;
#356 = PRESENTATION_STYLE_ASSIGNMENT (( #1474 ) ) ;
#357 = ORIENTED_EDGE ( 'NONE', *, *, #822, .T. ) ;
#358 = MECHANICAL_DESIGN_GEOMETRIC_PRESENTATION_REPRESENTATION (  '', ( #2279 ), #1912 ) ;
#359 = CARTESIAN_POINT ( 'NONE',  ( 1.990426101976808138, -0.9629261019768080576, 1.550000000000000488 ) ) ;
#360 = CARTESIAN_POINT ( 'NONE',  ( 0.000000000000000000, -0.6899999999999998357, 0.000000000000000000 ) ) ;
#361 = EDGE_LOOP ( 'NONE', ( #158, #1723, #554, #286 ) ) ;
#362 = PRESENTATION_LAYER_ASSIGNMENT (  '', '', ( #2667 ) ) ;
#363 = AXIS2_PLACEMENT_3D ( 'NONE', #573, #1677, #2534 ) ;
#364 = PLANE ( 'NONE',  #1550 ) ;
#365 = SURFACE_SIDE_STYLE ('',( #1410 ) ) ;
#366 = CARTESIAN_POINT ( 'NONE',  ( 2.247500000000000053, -1.169999999999999929, 0.000000000000000000 ) ) ;
#367 =( GEOMETRIC_REPRESENTATION_CONTEXT ( 3 ) GLOBAL_UNCERTAINTY_ASSIGNED_CONTEXT ( ( #1198 ) ) GLOBAL_UNIT_ASSIGNED_CONTEXT ( ( #293, #1182, #1631 ) ) REPRESENTATION_CONTEXT ( 'NONE', 'WORKASPACE' ) );
#368 = ORIENTED_EDGE ( 'NONE', *, *, #1242, .F. ) ;
#369 = PLANE ( 'NONE',  #2325 ) ;
#370 = EDGE_CURVE ( 'NONE', #2569, #89, #1188, .T. ) ;
#371 = ORIENTED_EDGE ( 'NONE', *, *, #889, .F. ) ;
#372 = EDGE_CURVE ( 'NONE', #1444, #2222, #809, .T. ) ;
#373 = SURFACE_SIDE_STYLE ('',( #400 ) ) ;
#374 = SURFACE_STYLE_FILL_AREA ( #2562 ) ;
#375 = CARTESIAN_POINT ( 'NONE',  ( 1.295000000000000373, -0.6899999999999998357, 0.3800000000000000044 ) ) ;
#376 = ORIENTED_EDGE ( 'NONE', *, *, #1632, .F. ) ;
#377 = UNCERTAINTY_MEASURE_WITH_UNIT (LENGTH_MEASURE( 1.000000000000000082E-05 ), #1820, 'distance_accuracy_value', 'NONE');
#378 = CARTESIAN_POINT ( 'NONE',  ( -2.247494315603297377, -1.170753927952686180, 0.3800322378156751335 ) ) ;
#379 = EDGE_LOOP ( 'NONE', ( #1361, #2337, #1205, #2211 ) ) ;
#380 = FACE_OUTER_BOUND ( 'NONE', #2475, .T. ) ;
#381 = FACE_OUTER_BOUND ( 'NONE', #1784, .T. ) ;
#382 = EDGE_CURVE ( 'NONE', #2712, #2227, #1588, .T. ) ;
#383 = SURFACE_STYLE_USAGE ( .BOTH. , #2302 ) ;
#384 =( NAMED_UNIT ( * ) SI_UNIT ( $, .STERADIAN. ) SOLID_ANGLE_UNIT ( ) );
#385 = EDGE_LOOP ( 'NONE', ( #817, #716, #138, #2574 ) ) ;
#386 = VECTOR ( 'NONE', #409, 1000.000000000000000 ) ;
#387 = DIRECTION ( 'NONE',  ( 0.000000000000000000, 0.000000000000000000, -1.000000000000000000 ) ) ;
#388 = SURFACE_SIDE_STYLE ('',( #2528 ) ) ;
#389 = COLOUR_RGB ( '',0.2862745098039215508, 0.2862745098039215508, 0.2862745098039215508 ) ;
#390 = ORIENTED_EDGE ( 'NONE', *, *, #2309, .T. ) ;
#391 = VECTOR ( 'NONE', #1454, 1000.000000000000000 ) ;
#392 = ORIENTED_EDGE ( 'NONE', *, *, #2142, .T. ) ;
#393 = CIRCLE ( 'NONE', #1217, 0.04999999999999991257 ) ;
#394 = CARTESIAN_POINT ( 'NONE',  ( -0.8250000000000000666, -0.4183650660873066141, 0.3800000000000000044 ) ) ;
#395 =( NAMED_UNIT ( * ) PLANE_ANGLE_UNIT ( ) SI_UNIT ( $, .RADIAN. ) );
#396 = CARTESIAN_POINT ( 'NONE',  ( -0.2050000000000000155, 2.721568718688101992E-17, 0.3800000000000000044 ) ) ;
#397 = VECTOR ( 'NONE', #2301, 1000.000000000000000 ) ;
#398 = ORIENTED_EDGE ( 'NONE', *, *, #2239, .T. ) ;
#399 = AXIS2_PLACEMENT_3D ( 'NONE', #140, #2217, #1582 ) ;
#400 = SURFACE_STYLE_FILL_AREA ( #2292 ) ;
#401 = FILL_AREA_STYLE_COLOUR ( '', #1074 ) ;
#402 = ORIENTED_EDGE ( 'NONE', *, *, #2319, .T. ) ;
#403 = UNCERTAINTY_MEASURE_WITH_UNIT (LENGTH_MEASURE( 1.000000000000000082E-05 ), #2046, 'distance_accuracy_value', 'NONE');
#404 = ORIENTED_EDGE ( 'NONE', *, *, #159, .F. ) ;
#405 = STYLED_ITEM ( 'NONE', ( #1585 ), #1400 ) ;
#406 = EDGE_LOOP ( 'NONE', ( #309, #1522, #208, #1281 ) ) ;
#407 = LINE ( 'NONE', #629, #1372 ) ;
#408 = EDGE_CURVE ( 'NONE', #426, #593, #1869, .T. ) ;
#409 = DIRECTION ( 'NONE',  ( -0.000000000000000000, -0.000000000000000000, -1.000000000000000000 ) ) ;
#410 = LINE ( 'NONE', #396, #997 ) ;
#411 = PRESENTATION_LAYER_ASSIGNMENT (  '', '', ( #2010 ) ) ;
#412 = SPHERICAL_SURFACE ( 'NONE', #793, 0.05000000000000000278 ) ;
#413 = CARTESIAN_POINT ( 'NONE',  ( 2.197499999999999787, -1.169999999999999929, 0.000000000000000000 ) ) ;
#414 =( NAMED_UNIT ( * ) PLANE_ANGLE_UNIT ( ) SI_UNIT ( $, .RADIAN. ) );
#415 = FACE_OUTER_BOUND ( 'NONE', #859, .T. ) ;
#416 =( NAMED_UNIT ( * ) SI_UNIT ( $, .STERADIAN. ) SOLID_ANGLE_UNIT ( ) );
#417 = ORIENTED_EDGE ( 'NONE', *, *, #434, .T. ) ;
#418 = VECTOR ( 'NONE', #1196, 1000.000000000000000 ) ;
#419 = EDGE_CURVE ( 'NONE', #1197, #1452, #410, .T. ) ;
#420 = FILL_AREA_STYLE ('',( #2326 ) ) ;
#421 = ORIENTED_EDGE ( 'NONE', *, *, #1770, .T. ) ;
#422 = MECHANICAL_DESIGN_GEOMETRIC_PRESENTATION_REPRESENTATION (  '', ( #69 ), #282 ) ;
#423 = DIRECTION ( 'NONE',  ( 0.000000000000000000, -0.000000000000000000, 1.000000000000000000 ) ) ;
#424 = CARTESIAN_POINT ( 'NONE',  ( -2.247500000000000053, 1.169999999999999929, 0.3800000000000000044 ) ) ;
#425 = VECTOR ( 'NONE', #2266, 1000.000000000000000 ) ;
#426 = VERTEX_POINT ( 'NONE', #1202 ) ;
#427 = UNCERTAINTY_MEASURE_WITH_UNIT (LENGTH_MEASURE( 1.000000000000000082E-05 ), #2660, 'distance_accuracy_value', 'NONE');
#428 = MECHANICAL_DESIGN_GEOMETRIC_PRESENTATION_REPRESENTATION (  '', ( #82 ), #2689 ) ;
#429 = VERTEX_POINT ( 'NONE', #587 ) ;
#430 = PLANE ( 'NONE',  #43 ) ;
#431 = CLOSED_SHELL ( 'NONE', ( #798, #90, #1362, #498, #217, #2339, #1498, #1485, #2182, #2638, #1887, #1389, #628, #178, #446, #603, #1400, #1038, #2391, #2290, #1715, #846, #1930, #50, #1901, #2198, #137, #1605, #2473, #1479, #1023, #2483, #1752, #1082, #1634, #2716, #2714, #1212, #506, #284, #2370, #1814, #1380, #1917, #2593, #1688 ) ) ;
#432 = PRESENTATION_LAYER_ASSIGNMENT (  '', '', ( #1490 ) ) ;
#433 = DIRECTION ( 'NONE',  ( -1.000000000000000000, 0.000000000000000000, -0.000000000000000000 ) ) ;
#434 = EDGE_CURVE ( 'NONE', #684, #2087, #170, .T. ) ;
#435 = DIRECTION ( 'NONE',  ( 0.000000000000000000, -0.1736481776669307198, 0.9848077530122080203 ) ) ;
#436 = ORIENTED_EDGE ( 'NONE', *, *, #2367, .T. ) ;
#437 = ORIENTED_EDGE ( 'NONE', *, *, #212, .T. ) ;
#438 = VECTOR ( 'NONE', #1355, 1000.000000000000000 ) ;
#439 = ORIENTED_EDGE ( 'NONE', *, *, #1663, .F. ) ;
#440 = DIRECTION ( 'NONE',  ( 0.000000000000000000, 4.336808689942025625E-15, 1.000000000000000000 ) ) ;
#441 = PRESENTATION_STYLE_ASSIGNMENT (( #2411 ) ) ;
#442 = CARTESIAN_POINT ( 'NONE',  ( 1.295000000000000373, 1.788588297285004786E-16, 0.3800000000000000044 ) ) ;
#443 = AXIS2_PLACEMENT_3D ( 'NONE', #1699, #2552, #1207 ) ;
#444 = PRESENTATION_STYLE_ASSIGNMENT (( #1050 ) ) ;
#445 = EDGE_LOOP ( 'NONE', ( #1554, #1088, #1778, #1940 ) ) ;
#446 = ADVANCED_FACE ( 'NONE', ( #381 ), #2726, .T. ) ;
#447 = VECTOR ( 'NONE', #1316, 1000.000000000000000 ) ;
#448 = CARTESIAN_POINT ( 'NONE',  ( -2.197499999999999343, 1.219999999999999973, 0.000000000000000000 ) ) ;
#449 = PLANE ( 'NONE',  #1722 ) ;
#450 = SURFACE_STYLE_FILL_AREA ( #1323 ) ;
#451 = CARTESIAN_POINT ( 'NONE',  ( -2.197499999999999787, 1.169999999999999929, 0.000000000000000000 ) ) ;
#452 = EDGE_LOOP ( 'NONE', ( #1960, #1424, #2176, #459, #1892, #825, #972, #1055, #2386, #1270 ) ) ;
#453 = DIRECTION ( 'NONE',  ( 0.7071067811865474617, -0.7071067811865474617, 0.000000000000000000 ) ) ;
#454 = PRESENTATION_LAYER_ASSIGNMENT (  '', '', ( #1111 ) ) ;
#455 = CARTESIAN_POINT ( 'NONE',  ( -0.4749999999999998668, 1.829048407783819608, 0.3800000000000000044 ) ) ;
#456 = PLANE ( 'NONE',  #2251 ) ;
#457 = CARTESIAN_POINT ( 'NONE',  ( 0.5364957350010770565, -0.6547592826975169311, 0.3800000000000000044 ) ) ;
#458 = FACE_OUTER_BOUND ( 'NONE', #646, .T. ) ;
#459 = ORIENTED_EDGE ( 'NONE', *, *, #870, .F. ) ;
#460 = ADVANCED_FACE ( 'NONE', ( #2288 ), #369, .T. ) ;
#461 = DIRECTION ( 'NONE',  ( 0.7735034140843622952, -0.6337921334316444222, 0.000000000000000000 ) ) ;
#462 = VERTEX_POINT ( 'NONE', #1910 ) ;
#463 = CARTESIAN_POINT ( 'NONE',  ( -2.247494315603297377, 1.170753927952687290, 0.3800322378156727465 ) ) ;
#464 = EDGE_CURVE ( 'NONE', #563, #1444, #640, .T. ) ;
#465 = ORIENTED_EDGE ( 'NONE', *, *, #2723, .F. ) ;
#466 =( GEOMETRIC_REPRESENTATION_CONTEXT ( 3 ) GLOBAL_UNCERTAINTY_ASSIGNED_CONTEXT ( ( #17 ) ) GLOBAL_UNIT_ASSIGNED_CONTEXT ( ( #2230, #2006, #909 ) ) REPRESENTATION_CONTEXT ( 'NONE', 'WORKASPACE' ) );
#467 = CARTESIAN_POINT ( 'NONE',  ( -0.8249999999999998446, 1.479048407783819519, 0.000000000000000000 ) ) ;
#468 = DIRECTION ( 'NONE',  ( 1.000000000000000000, 0.000000000000000000, 0.000000000000000000 ) ) ;
#469 = CARTESIAN_POINT ( 'NONE',  ( 2.247500000000000053, -1.219999999999999973, 0.3800000000000000044 ) ) ;
#470 = PRESENTATION_STYLE_ASSIGNMENT (( #2371 ) ) ;
#471 = ORIENTED_EDGE ( 'NONE', *, *, #382, .T. ) ;
#472 = FILL_AREA_STYLE ('',( #255 ) ) ;
#473 = EDGE_LOOP ( 'NONE', ( #892, #328, #368, #1297 ) ) ;
#474 = UNCERTAINTY_MEASURE_WITH_UNIT (LENGTH_MEASURE( 1.000000000000000082E-05 ), #238, 'distance_accuracy_value', 'NONE');
#475 = SURFACE_SIDE_STYLE ('',( #2598 ) ) ;
#476 =( GEOMETRIC_REPRESENTATION_CONTEXT ( 3 ) GLOBAL_UNCERTAINTY_ASSIGNED_CONTEXT ( ( #1878 ) ) GLOBAL_UNIT_ASSIGNED_CONTEXT ( ( #2645, #1160, #325 ) ) REPRESENTATION_CONTEXT ( 'NONE', 'WORKASPACE' ) );
#477 = ORIENTED_EDGE ( 'NONE', *, *, #1346, .T. ) ;
#478 = EDGE_CURVE ( 'NONE', #1705, #2253, #1934, .T. ) ;
#479 = DIRECTION ( 'NONE',  ( 1.381149264312744580E-16, -1.000000000000000000, -0.000000000000000000 ) ) ;
#480 = CARTESIAN_POINT ( 'NONE',  ( -2.247063163919205131, 1.199344369904815411, 0.3824774205231627477 ) ) ;
#481 = EDGE_CURVE ( 'NONE', #1220, #462, #2542, .T. ) ;
#482 = FILL_AREA_STYLE ('',( #509 ) ) ;
#483 = FACE_OUTER_BOUND ( 'NONE', #1668, .T. ) ;
#484 = CARTESIAN_POINT ( 'NONE',  ( -2.197499999999999343, -1.219999999999999751, 0.000000000000000000 ) ) ;
#485 = ORIENTED_EDGE ( 'NONE', *, *, #492, .F. ) ;
#486 = VECTOR ( 'NONE', #1447, 1000.000000000000000 ) ;
#487 = VECTOR ( 'NONE', #1162, 1000.000000000000114 ) ;
#488 = ORIENTED_EDGE ( 'NONE', *, *, #1329, .T. ) ;
#489 = CARTESIAN_POINT ( 'NONE',  ( 2.197751321222675358, 1.219999999999998641, 0.3799999999999995048 ) ) ;
#490 = DIRECTION ( 'NONE',  ( -0.000000000000000000, 0.000000000000000000, -1.000000000000000000 ) ) ;
#491 = VERTEX_POINT ( 'NONE', #1948 ) ;
#492 = EDGE_CURVE ( 'NONE', #844, #1846, #1718, .T. ) ;
#493 = FILL_AREA_STYLE_COLOUR ( '', #868 ) ;
#494 = LINE ( 'NONE', #1342, #236 ) ;
#495 = CARTESIAN_POINT ( 'NONE',  ( -2.197499999999999343, -1.169999999999999707, 0.3800000000000000044 ) ) ;
#496 = EDGE_CURVE ( 'NONE', #1452, #1705, #1509, .T. ) ;
#497 = LINE ( 'NONE', #297, #1049 ) ;
#498 = ADVANCED_FACE ( 'NONE', ( #866 ), #853, .F. ) ;
#499 = CARTESIAN_POINT ( 'NONE',  ( -2.247500000000000053, 1.219999999999999973, 0.3800000000000000044 ) ) ;
#500 = STYLED_ITEM ( 'NONE', ( #992 ), #1642 ) ;
#501 = EDGE_LOOP ( 'NONE', ( #754, #200, #643, #1877 ) ) ;
#502 = DIRECTION ( 'NONE',  ( -0.000000000000000000, -0.000000000000000000, -1.000000000000000000 ) ) ;
#503 =( NAMED_UNIT ( * ) PLANE_ANGLE_UNIT ( ) SI_UNIT ( $, .RADIAN. ) );
#504 = FACE_OUTER_BOUND ( 'NONE', #2516, .T. ) ;
#505 = VERTEX_POINT ( 'NONE', #617 ) ;
#506 = ADVANCED_FACE ( 'NONE', ( #1483 ), #1473, .T. ) ;
#507 = CARTESIAN_POINT ( 'NONE',  ( 2.247500000000000053, -1.219999999999999973, 0.000000000000000000 ) ) ;
#508 = AXIS2_PLACEMENT_3D ( 'NONE', #1872, #2717, #435 ) ;
#509 = FILL_AREA_STYLE_COLOUR ( '', #2191 ) ;
#510 = AXIS2_PLACEMENT_3D ( 'NONE', #1531, #1775, #882 ) ;
#511 = EDGE_CURVE ( 'NONE', #2253, #2390, #1648, .T. ) ;
#512 = DIRECTION ( 'NONE',  ( -0.1710878697460364584, -0.1710878697460357090, 0.9702875252478139201 ) ) ;
#513 = VECTOR ( 'NONE', #1261, 1000.000000000000000 ) ;
#514 = VERTEX_POINT ( 'NONE', #2409 ) ;
#515 = DIRECTION ( 'NONE',  ( 1.000000000000000000, -1.142821200983148897E-16, 0.000000000000000000 ) ) ;
#516 = VERTEX_POINT ( 'NONE', #375 ) ;
#517 = DIRECTION ( 'NONE',  ( 1.000000000000000000, 0.000000000000000000, 0.000000000000000000 ) ) ;
#518 = SURFACE_STYLE_FILL_AREA ( #775 ) ;
#519 = VECTOR ( 'NONE', #2082, 1000.000000000000114 ) ;
#520 = CARTESIAN_POINT ( 'NONE',  ( 1.295000000000000373, 1.788588297285004786E-16, 0.000000000000000000 ) ) ;
#521 =( NAMED_UNIT ( * ) SI_UNIT ( $, .STERADIAN. ) SOLID_ANGLE_UNIT ( ) );
#522 = EDGE_CURVE ( 'NONE', #341, #1893, #1429, .T. ) ;
#523 = VECTOR ( 'NONE', #2204, 1000.000000000000000 ) ;
#524 = DIRECTION ( 'NONE',  ( -0.9848077530122080203, 0.000000000000000000, 0.1736481776669307198 ) ) ;
#525 = CARTESIAN_POINT ( 'NONE',  ( 0.000000000000000000, -2.259999999999999787, 0.000000000000000000 ) ) ;
#526 = VERTEX_POINT ( 'NONE', #2629 ) ;
#527 = EDGE_CURVE ( 'NONE', #2329, #2091, #883, .T. ) ;
#528 = VECTOR ( 'NONE', #697, 1000.000000000000000 ) ;
#529 =( GEOMETRIC_REPRESENTATION_CONTEXT ( 3 ) GLOBAL_UNCERTAINTY_ASSIGNED_CONTEXT ( ( #1226 ) ) GLOBAL_UNIT_ASSIGNED_CONTEXT ( ( #1505, #1517, #33 ) ) REPRESENTATION_CONTEXT ( 'NONE', 'WORKASPACE' ) );
#530 = LINE ( 'NONE', #2207, #487 ) ;
#531 = ORIENTED_EDGE ( 'NONE', *, *, #1559, .T. ) ;
#532 = CIRCLE ( 'NONE', #1506, 0.05000000000000012768 ) ;
#533 = SURFACE_STYLE_FILL_AREA ( #2460 ) ;
#534 = DIRECTION ( 'NONE',  ( -1.000000000000000000, -1.381149264312744580E-16, 0.000000000000000000 ) ) ;
#535 = DIRECTION ( 'NONE',  ( 1.000000000000000000, 1.529392764415426147E-15, -8.673617379884048094E-15 ) ) ;
#536 = CARTESIAN_POINT ( 'NONE',  ( 0.8249999999999998446, 1.479048407783819519, 0.3800000000000000044 ) ) ;
#537 = CARTESIAN_POINT ( 'NONE',  ( -2.197499999999999343, 1.219999999999999973, 0.3800000000000000044 ) ) ;
#538 = ORIENTED_EDGE ( 'NONE', *, *, #2304, .T. ) ;
#539 = EDGE_CURVE ( 'NONE', #341, #1027, #97, .T. ) ;
#540 = CARTESIAN_POINT ( 'NONE',  ( 1.705000000000000071, 2.354859495653229448E-16, 0.3800000000000000044 ) ) ;
#541 = ORIENTED_EDGE ( 'NONE', *, *, #1729, .T. ) ;
#542 = SURFACE_STYLE_FILL_AREA ( #1848 ) ;
#543 = ORIENTED_EDGE ( 'NONE', *, *, #2439, .T. ) ;
#544 = STYLED_ITEM ( 'NONE', ( #1091 ), #1715 ) ;
#545 = COLOUR_RGB ( '',0.2862745098039215508, 0.2862745098039215508, 0.2862745098039215508 ) ;
#546 =( NAMED_UNIT ( * ) SI_UNIT ( $, .STERADIAN. ) SOLID_ANGLE_UNIT ( ) );
#547 = CARTESIAN_POINT ( 'NONE',  ( 0.000000000000000000, 0.000000000000000000, 1.600000000000000311 ) ) ;
#548 = EDGE_LOOP ( 'NONE', ( #2145, #2497, #1235, #63 ) ) ;
#549 = DIRECTION ( 'NONE',  ( -1.000000000000000000, 0.000000000000000000, 0.000000000000000000 ) ) ;
#550 = SURFACE_SIDE_STYLE ('',( #1860 ) ) ;
#551 = AXIS2_PLACEMENT_3D ( 'NONE', #959, #2295, #1209 ) ;
#552 = CARTESIAN_POINT ( 'NONE',  ( 1.295000000000000373, -0.6899999999999998357, 0.000000000000000000 ) ) ;
#553 = CARTESIAN_POINT ( 'NONE',  ( 2.032381083535672150, -0.9629261019768079466, 1.600000000000000311 ) ) ;
#554 = ORIENTED_EDGE ( 'NONE', *, *, #2195, .F. ) ;
#555 = UNCERTAINTY_MEASURE_WITH_UNIT (LENGTH_MEASURE( 1.000000000000000082E-05 ), #2226, 'distance_accuracy_value', 'NONE');
#556 = DIRECTION ( 'NONE',  ( -1.000000000000000000, 0.000000000000000000, 0.000000000000000000 ) ) ;
#557 = CARTESIAN_POINT ( 'NONE',  ( -2.197499999999999343, 1.219999999999999973, 0.3800000000000000044 ) ) ;
#558 = ORIENTED_EDGE ( 'NONE', *, *, #1346, .F. ) ;
#559 = EDGE_CURVE ( 'NONE', #2256, #243, #66, .T. ) ;
#560 = CARTESIAN_POINT ( 'NONE',  ( -1.990426101976808138, -0.9629261019768078356, 1.550000000000000488 ) ) ;
#561 = VECTOR ( 'NONE', #2053, 1000.000000000000000 ) ;
#562 = CARTESIAN_POINT ( 'NONE',  ( 0.2049999999999999878, -2.260951592216180472, 0.3800000000000000044 ) ) ;
#563 = VERTEX_POINT ( 'NONE', #1761 ) ;
#564 = MECHANICAL_DESIGN_GEOMETRIC_PRESENTATION_REPRESENTATION (  '', ( #2547 ), #567 ) ;
#565 = CARTESIAN_POINT ( 'NONE',  ( 0.000000000000000000, -2.260951592216180472, 0.000000000000000000 ) ) ;
#566 = PRESENTATION_STYLE_ASSIGNMENT (( #772 ) ) ;
#567 =( GEOMETRIC_REPRESENTATION_CONTEXT ( 3 ) GLOBAL_UNCERTAINTY_ASSIGNED_CONTEXT ( ( #1307 ) ) GLOBAL_UNIT_ASSIGNED_CONTEXT ( ( #2383, #1566, #2590 ) ) REPRESENTATION_CONTEXT ( 'NONE', 'WORKASPACE' ) );
#568 =( LENGTH_UNIT ( ) NAMED_UNIT ( * ) SI_UNIT ( .MILLI., .METRE. ) );
#569 = ORIENTED_EDGE ( 'NONE', *, *, #690, .F. ) ;
#570 =( GEOMETRIC_REPRESENTATION_CONTEXT ( 3 ) GLOBAL_UNCERTAINTY_ASSIGNED_CONTEXT ( ( #1661 ) ) GLOBAL_UNIT_ASSIGNED_CONTEXT ( ( #1838, #767, #998 ) ) REPRESENTATION_CONTEXT ( 'NONE', 'WORKASPACE' ) );
#571 = EDGE_CURVE ( 'NONE', #1728, #244, #2248, .T. ) ;
#572 = EDGE_LOOP ( 'NONE', ( #1121, #2076, #1241, #951 ) ) ;
#573 = CARTESIAN_POINT ( 'NONE',  ( -1.152024203891909515, 1.152024203891909515, 0.3800000000000000044 ) ) ;
#574 = EDGE_CURVE ( 'NONE', #195, #1225, #2357, .T. ) ;
#575 = DIRECTION ( 'NONE',  ( -0.7071067811865474617, 0.7071067811865474617, 0.000000000000000000 ) ) ;
#576 = AXIS2_PLACEMENT_3D ( 'NONE', #451, #490, #2210 ) ;
#577 =( NAMED_UNIT ( * ) PLANE_ANGLE_UNIT ( ) SI_UNIT ( $, .RADIAN. ) );
#578 = AXIS2_PLACEMENT_3D ( 'NONE', #1741, #48, #1783 ) ;
#579 = ORIENTED_EDGE ( 'NONE', *, *, #370, .T. ) ;
#580 = DIRECTION ( 'NONE',  ( 0.7735034140843622952, -0.6337921334316444222, 0.000000000000000000 ) ) ;
#581 = EDGE_LOOP ( 'NONE', ( #2104, #2181, #76, #1341 ) ) ;
#582 = FACE_OUTER_BOUND ( 'NONE', #179, .T. ) ;
#583 = ORIENTED_EDGE ( 'NONE', *, *, #887, .F. ) ;
#584 = UNCERTAINTY_MEASURE_WITH_UNIT (LENGTH_MEASURE( 1.000000000000000082E-05 ), #2126, 'distance_accuracy_value', 'NONE');
#585 = DIRECTION ( 'NONE',  ( 0.000000000000000000, 0.000000000000000000, -1.000000000000000000 ) ) ;
#586 = ORIENTED_EDGE ( 'NONE', *, *, #933, .F. ) ;
#587 = CARTESIAN_POINT ( 'NONE',  ( -2.247500000000000053, 1.169999999999999263, 0.000000000000000000 ) ) ;
#588 = VECTOR ( 'NONE', #307, 1000.000000000000000 ) ;
#589 =( NAMED_UNIT ( * ) PLANE_ANGLE_UNIT ( ) SI_UNIT ( $, .RADIAN. ) );
#590 = ORIENTED_EDGE ( 'NONE', *, *, #1304, .T. ) ;
#591 = CARTESIAN_POINT ( 'NONE',  ( -1.990426101976808582, 1.012166489627418509, 1.558682408883346859 ) ) ;
#592 = CARTESIAN_POINT ( 'NONE',  ( -2.247063163919206463, -1.199344369904814522, 0.3824774205231639135 ) ) ;
#593 = VERTEX_POINT ( 'NONE', #1776 ) ;
#594 = DIRECTION ( 'NONE',  ( -0.000000000000000000, 0.000000000000000000, -1.000000000000000000 ) ) ;
#595 = FILL_AREA_STYLE_COLOUR ( '', #389 ) ;
#596 = VERTEX_POINT ( 'NONE', #2614 ) ;
#597 = ORIENTED_EDGE ( 'NONE', *, *, #1168, .F. ) ;
#598 = LINE ( 'NONE', #1460, #2100 ) ;
#599 = SURFACE_STYLE_FILL_AREA ( #2153 ) ;
#600 = DIRECTION ( 'NONE',  ( -0.000000000000000000, -0.000000000000000000, -1.000000000000000000 ) ) ;
#601 = AXIS2_PLACEMENT_3D ( 'NONE', #1186, #1159, #2052 ) ;
#602 = LINE ( 'NONE', #1900, #2527 ) ;
#603 = ADVANCED_FACE ( 'NONE', ( #693 ), #2602, .T. ) ;
#604 =( LENGTH_UNIT ( ) NAMED_UNIT ( * ) SI_UNIT ( .MILLI., .METRE. ) );
#605 = MECHANICAL_DESIGN_GEOMETRIC_PRESENTATION_REPRESENTATION (  '', ( #267 ), #647 ) ;
#606 = ORIENTED_EDGE ( 'NONE', *, *, #2400, .T. ) ;
#607 = UNCERTAINTY_MEASURE_WITH_UNIT (LENGTH_MEASURE( 1.000000000000000082E-05 ), #2047, 'distance_accuracy_value', 'NONE');
#608 = VECTOR ( 'NONE', #1806, 1000.000000000000000 ) ;
#609 =( NAMED_UNIT ( * ) SI_UNIT ( $, .STERADIAN. ) SOLID_ANGLE_UNIT ( ) );
#610 = VERTEX_POINT ( 'NONE', #1790 ) ;
#611 = VECTOR ( 'NONE', #1158, 1000.000000000000000 ) ;
#612 = ORIENTED_EDGE ( 'NONE', *, *, #2195, .T. ) ;
#613 = FACE_OUTER_BOUND ( 'NONE', #2291, .T. ) ;
#614 = MECHANICAL_DESIGN_GEOMETRIC_PRESENTATION_REPRESENTATION (  '', ( #1193 ), #1422 ) ;
#615 = LINE ( 'NONE', #2559, #386 ) ;
#616 = SURFACE_STYLE_FILL_AREA ( #2536 ) ;
#617 = CARTESIAN_POINT ( 'NONE',  ( -0.2050000000000001821, -1.219999999999999973, 0.000000000000000000 ) ) ;
#618 = COLOUR_RGB ( '',0.2862745098039215508, 0.2862745098039215508, 0.2862745098039215508 ) ;
#619 = MANIFOLD_SOLID_BREP ( 'Boss-Extrude3[3]', #2537 ) ;
#620 = SURFACE_STYLE_FILL_AREA ( #1190 ) ;
#621 = FACE_OUTER_BOUND ( 'NONE', #2267, .T. ) ;
#622 =( GEOMETRIC_REPRESENTATION_CONTEXT ( 3 ) GLOBAL_UNCERTAINTY_ASSIGNED_CONTEXT ( ( #2680 ) ) GLOBAL_UNIT_ASSIGNED_CONTEXT ( ( #1541, #1944, #290 ) ) REPRESENTATION_CONTEXT ( 'NONE', 'WORKASPACE' ) );
#623 =( NAMED_UNIT ( * ) SI_UNIT ( $, .STERADIAN. ) SOLID_ANGLE_UNIT ( ) );
#624 = EDGE_LOOP ( 'NONE', ( #2650, #1714, #2016 ) ) ;
#625 = VECTOR ( 'NONE', #1340, 1000.000000000000114 ) ;
#626 = ORIENTED_EDGE ( 'NONE', *, *, #353, .T. ) ;
#627 = VECTOR ( 'NONE', #759, 1000.000000000000000 ) ;
#628 = ADVANCED_FACE ( 'NONE', ( #1210 ), #723, .T. ) ;
#629 = CARTESIAN_POINT ( 'NONE',  ( -1.295000000000000373, 1.788588297285004786E-16, 0.3800000000000000044 ) ) ;
#630 = STYLED_ITEM ( 'NONE', ( #749 ), #1634 ) ;
#631 = FACE_OUTER_BOUND ( 'NONE', #736, .T. ) ;
#632 = DIRECTION ( 'NONE',  ( 1.000000000000000000, -2.412018181280321079E-16, 0.000000000000000000 ) ) ;
#633 = CARTESIAN_POINT ( 'NONE',  ( 2.197499999999999787, 1.169999999999999041, 0.3800000000000000044 ) ) ;
#634 = SURFACE_STYLE_USAGE ( .BOTH. , #25 ) ;
#635 = ORIENTED_EDGE ( 'NONE', *, *, #110, .F. ) ;
#636 = UNCERTAINTY_MEASURE_WITH_UNIT (LENGTH_MEASURE( 1.000000000000000082E-05 ), #2327, 'distance_accuracy_value', 'NONE');
#637 = VECTOR ( 'NONE', #2003, 1000.000000000000000 ) ;
#638 = ORIENTED_EDGE ( 'NONE', *, *, #522, .T. ) ;
#639 = CARTESIAN_POINT ( 'NONE',  ( 1.990426101976808582, 0.9629261019768070584, 1.550000000000000488 ) ) ;
#640 = LINE ( 'NONE', #1263, #952 ) ;
#641 = VECTOR ( 'NONE', #1923, 1000.000000000000000 ) ;
#642 = PLANE ( 'NONE',  #1773 ) ;
#643 = ORIENTED_EDGE ( 'NONE', *, *, #1745, .F. ) ;
#644 = SURFACE_STYLE_FILL_AREA ( #2148 ) ;
#645 = DIRECTION ( 'NONE',  ( 1.381149264312744580E-16, -1.000000000000000000, -0.000000000000000000 ) ) ;
#646 = EDGE_LOOP ( 'NONE', ( #471, #757, #1866, #404 ) ) ;
#647 =( GEOMETRIC_REPRESENTATION_CONTEXT ( 3 ) GLOBAL_UNCERTAINTY_ASSIGNED_CONTEXT ( ( #777 ) ) GLOBAL_UNIT_ASSIGNED_CONTEXT ( ( #568, #2090, #416 ) ) REPRESENTATION_CONTEXT ( 'NONE', 'WORKASPACE' ) );
#648 = EDGE_CURVE ( 'NONE', #1881, #275, #789, .T. ) ;
#649 = CARTESIAN_POINT ( 'NONE',  ( 0.5364957350010770565, -0.6547592826975169311, 0.000000000000000000 ) ) ;
#650 = VECTOR ( 'NONE', #663, 1000.000000000000000 ) ;
#651 = DIRECTION ( 'NONE',  ( 0.000000000000000000, -2.168404344971012812E-15, 1.000000000000000000 ) ) ;
#652 = PRESENTATION_LAYER_ASSIGNMENT (  '', '', ( #1282 ) ) ;
#653 = EDGE_CURVE ( 'NONE', #491, #73, #2553, .T. ) ;
#654 = DIRECTION ( 'NONE',  ( -1.000000000000000000, -1.381149264312744580E-16, 0.000000000000000000 ) ) ;
#655 = ORIENTED_EDGE ( 'NONE', *, *, #1371, .F. ) ;
#656 = UNCERTAINTY_MEASURE_WITH_UNIT (LENGTH_MEASURE( 1.000000000000000082E-05 ), #842, 'distance_accuracy_value', 'NONE');
#657 = AXIS2_PLACEMENT_3D ( 'NONE', #1549, #1497, #23 ) ;
#658 = CARTESIAN_POINT ( 'NONE',  ( -2.039666489627418144, -0.9629261019768078356, 1.558682408883346859 ) ) ;
#659 = FILL_AREA_STYLE ('',( #2585 ) ) ;
#660 = EDGE_LOOP ( 'NONE', ( #1835, #1660, #1351 ) ) ;
#661 = FILL_AREA_STYLE_COLOUR ( '', #907 ) ;
#662 = DIRECTION ( 'NONE',  ( 1.000000000000000000, 1.142821200983148897E-16, -0.000000000000000000 ) ) ;
#663 = DIRECTION ( 'NONE',  ( -1.381149264312744580E-16, -1.000000000000000000, 0.000000000000000000 ) ) ;
#664 = CARTESIAN_POINT ( 'NONE',  ( 2.197499999999999787, 1.219999999999998863, 0.3800000000000000044 ) ) ;
#665 = DIRECTION ( 'NONE',  ( 0.000000000000000000, -0.000000000000000000, 1.000000000000000000 ) ) ;
#666 = ORIENTED_EDGE ( 'NONE', *, *, #1187, .F. ) ;
#667 = EDGE_CURVE ( 'NONE', #2734, #2328, #2323, .T. ) ;
#668 = CARTESIAN_POINT ( 'NONE',  ( 0.000000000000000000, -0.6899999999999998357, 0.000000000000000000 ) ) ;
#669 = VECTOR ( 'NONE', #1973, 1000.000000000000114 ) ;
#670 = SURFACE_SIDE_STYLE ('',( #644 ) ) ;
#671 =( LENGTH_UNIT ( ) NAMED_UNIT ( * ) SI_UNIT ( .MILLI., .METRE. ) );
#672 = ORIENTED_EDGE ( 'NONE', *, *, #1786, .T. ) ;
#673 =( NAMED_UNIT ( * ) SI_UNIT ( $, .STERADIAN. ) SOLID_ANGLE_UNIT ( ) );
#674 = CARTESIAN_POINT ( 'NONE',  ( 0.000000000000000000, -0.6899999999999998357, 0.3800000000000000044 ) ) ;
#675 = SURFACE_SIDE_STYLE ('',( #2231 ) ) ;
#676 = LINE ( 'NONE', #1533, #324 ) ;
#677 = VECTOR ( 'NONE', #1078, 1000.000000000000114 ) ;
#678 = FILL_AREA_STYLE_COLOUR ( '', #1403 ) ;
#679 = MANIFOLD_SOLID_BREP ( 'Cut-Extrude1', #431 ) ;
#680 = DIRECTION ( 'NONE',  ( 1.000000000000000000, -4.824036362560642651E-17, -0.000000000000000000 ) ) ;
#681 = VERTEX_POINT ( 'NONE', #2515 ) ;
#682 = ADVANCED_FACE ( 'NONE', ( #582 ), #824, .T. ) ;
#683 = CARTESIAN_POINT ( 'NONE',  ( 0.000000000000000000, -2.259999999999999787, 0.3800000000000000044 ) ) ;
#684 = VERTEX_POINT ( 'NONE', #1117 ) ;
#685 =( NAMED_UNIT ( * ) PLANE_ANGLE_UNIT ( ) SI_UNIT ( $, .RADIAN. ) );
#686 = MECHANICAL_DESIGN_GEOMETRIC_PRESENTATION_REPRESENTATION (  '', ( #2187 ), #476 ) ;
#687 = PLANE ( 'NONE',  #878 ) ;
#688 = VERTEX_POINT ( 'NONE', #2606 ) ;
#689 = CARTESIAN_POINT ( 'NONE',  ( 0.8250000000000000666, 9.428274908110979445E-17, 0.3800000000000000044 ) ) ;
#690 = EDGE_CURVE ( 'NONE', #1153, #1557, #1291, .T. ) ;
#691 = FILL_AREA_STYLE ('',( #2627 ) ) ;
#692 = DIRECTION ( 'NONE',  ( -1.000000000000000000, 0.000000000000000000, 0.000000000000000000 ) ) ;
#693 = FACE_OUTER_BOUND ( 'NONE', #2038, .T. ) ;
#694 = CARTESIAN_POINT ( 'NONE',  ( -0.2050000000000000155, 2.721568718688101992E-17, 0.000000000000000000 ) ) ;
#695 = DIRECTION ( 'NONE',  ( -1.000000000000000000, 0.000000000000000000, -0.000000000000000000 ) ) ;
#696 = ORIENTED_EDGE ( 'NONE', *, *, #2452, .F. ) ;
#697 = DIRECTION ( 'NONE',  ( -1.142821200983148897E-16, -1.000000000000000000, 0.000000000000000000 ) ) ;
#698 = VECTOR ( 'NONE', #2719, 1000.000000000000000 ) ;
#699 = ORIENTED_EDGE ( 'NONE', *, *, #1885, .F. ) ;
#700 = VECTOR ( 'NONE', #2688, 1000.000000000000000 ) ;
#701 = CARTESIAN_POINT ( 'NONE',  ( -2.197499999999999343, -1.219999999999999751, 0.3800000000000000044 ) ) ;
#702 = EDGE_LOOP ( 'NONE', ( #346, #2405, #803, #836 ) ) ;
#703 = AXIS2_PLACEMENT_3D ( 'NONE', #1381, #1802, #1579 ) ;
#704 = EDGE_CURVE ( 'NONE', #2620, #806, #2160, .T. ) ;
#705 = FACE_OUTER_BOUND ( 'NONE', #1481, .T. ) ;
#707 = LINE ( 'NONE', #1789, #1218 ) ;
#706 = PRESENTATION_LAYER_ASSIGNMENT (  '', '', ( #235 ) ) ;
#708 = DIRECTION ( 'NONE',  ( 0.7735034140843622952, -0.6337921334316444222, 0.000000000000000000 ) ) ;
#709 = ADVANCED_FACE ( 'NONE', ( #274 ), #1939, .T. ) ;
#710 = CARTESIAN_POINT ( 'NONE',  ( -0.2050000000000003209, -2.260951592216180472, 0.3800000000000000044 ) ) ;
#711 = CARTESIAN_POINT ( 'NONE',  ( 2.247500000000000053, -1.219999999999999973, 0.3800000000000000044 ) ) ;
#712 = PLANE ( 'NONE',  #601 ) ;
#713 = FILL_AREA_STYLE ('',( #99 ) ) ;
#714 = FACE_OUTER_BOUND ( 'NONE', #1672, .T. ) ;
#715 = CARTESIAN_POINT ( 'NONE',  ( 1.990426101976808138, 0.9629261019768070584, 1.550000000000000488 ) ) ;
#716 = ORIENTED_EDGE ( 'NONE', *, *, #1849, .T. ) ;
#717 = CARTESIAN_POINT ( 'NONE',  ( -0.5364957350010770565, -0.6547592826975169311, 0.3800000000000000044 ) ) ;
#718 = DIRECTION ( 'NONE',  ( 0.000000000000000000, 0.000000000000000000, -1.000000000000000000 ) ) ;
#719 = ORIENTED_EDGE ( 'NONE', *, *, #1471, .F. ) ;
#720 = CARTESIAN_POINT ( 'NONE',  ( -0.000000000000000000, -0.6899999999999998357, 0.000000000000000000 ) ) ;
#721 = DIRECTION ( 'NONE',  ( -0.9848077530122077983, 0.000000000000000000, -0.1736481776669312749 ) ) ;
#722 = DIRECTION ( 'NONE',  ( -0.000000000000000000, -1.000000000000000000, -0.000000000000000000 ) ) ;
#723 = PLANE ( 'NONE',  #2415 ) ;
#724 = VECTOR ( 'NONE', #1525, 1000.000000000000000 ) ;
#725 = CARTESIAN_POINT ( 'NONE',  ( -1.295000000000000595, -2.259999999999999787, 0.3800000000000000044 ) ) ;
#726 = CARTESIAN_POINT ( 'NONE',  ( -1.295000000000000595, -2.259999999999999787, 0.3800000000000000044 ) ) ;
#727 = EDGE_CURVE ( 'NONE', #1850, #1754, #2414, .T. ) ;
#728 = LINE ( 'NONE', #1115, #2498 ) ;
#729 = LINE ( 'NONE', #954, #299 ) ;
#730 = EDGE_CURVE ( 'NONE', #253, #1537, #2175, .T. ) ;
#731 = MECHANICAL_DESIGN_GEOMETRIC_PRESENTATION_REPRESENTATION (  '', ( #2228 ), #131 ) ;
#732 = PRESENTATION_LAYER_ASSIGNMENT (  '', '', ( #1942 ) ) ;
#733 = EDGE_LOOP ( 'NONE', ( #872, #1742, #626, #2518 ) ) ;
#734 = SURFACE_SIDE_STYLE ('',( #2022 ) ) ;
#735 = CARTESIAN_POINT ( 'NONE',  ( 0.000000000000000000, 0.000000000000000000, 0.000000000000000000 ) ) ;
#736 = EDGE_LOOP ( 'NONE', ( #655, #919, #543, #999 ) ) ;
#737 =( NAMED_UNIT ( * ) PLANE_ANGLE_UNIT ( ) SI_UNIT ( $, .RADIAN. ) );
#738 = PRESENTATION_STYLE_ASSIGNMENT (( #2436 ) ) ;
#739 = DIRECTION ( 'NONE',  ( 1.381149264312744580E-16, 1.000000000000000000, 0.000000000000000000 ) ) ;
#740 = VECTOR ( 'NONE', #1375, 1000.000000000000000 ) ;
#741 = EDGE_CURVE ( 'NONE', #806, #799, #1087, .T. ) ;
#742 = EDGE_LOOP ( 'NONE', ( #1625, #28, #1888, #1306, #1489, #1364, #2001, #1467, #230, #417, #2094, #198 ) ) ;
#743 = EDGE_CURVE ( 'NONE', #684, #688, #863, .T. ) ;
#744 = COLOUR_RGB ( '',0.2862745098039215508, 0.2862745098039215508, 0.2862745098039215508 ) ;
#745 = CARTESIAN_POINT ( 'NONE',  ( -1.705000000000000071, 2.354859495653229448E-16, 0.3800000000000000044 ) ) ;
#746 = LINE ( 'NONE', #27, #2352 ) ;
#747 = VERTEX_POINT ( 'NONE', #537 ) ;
#748 = VECTOR ( 'NONE', #2275, 1000.000000000000000 ) ;
#749 = PRESENTATION_STYLE_ASSIGNMENT (( #2064 ) ) ;
#750 = VERTEX_POINT ( 'NONE', #929 ) ;
#751 = CARTESIAN_POINT ( 'NONE',  ( 0.2049999999999999878, 0.000000000000000000, 0.3800000000000000044 ) ) ;
#752 = AXIS2_PLACEMENT_3D ( 'NONE', #2630, #312, #912 ) ;
#753 = SURFACE_STYLE_FILL_AREA ( #2151 ) ;
#754 = ORIENTED_EDGE ( 'NONE', *, *, #1075, .T. ) ;
#755 = CARTESIAN_POINT ( 'NONE',  ( 2.198253927952687814, 1.219994315603296853, 0.3800322378156716363 ) ) ;
#756 = LINE ( 'NONE', #1821, #1223 ) ;
#757 = ORIENTED_EDGE ( 'NONE', *, *, #1528, .F. ) ;
#758 = DIRECTION ( 'NONE',  ( 1.000000000000000000, 0.000000000000000000, 0.000000000000000000 ) ) ;
#759 = DIRECTION ( 'NONE',  ( -1.142821200983148897E-16, 1.000000000000000000, 0.000000000000000000 ) ) ;
#760 = CARTESIAN_POINT ( 'NONE',  ( -1.705000000000000293, -1.219999999999999751, 0.3800000000000000044 ) ) ;
#761 = EDGE_CURVE ( 'NONE', #2298, #1985, #2037, .T. ) ;
#762 = ORIENTED_EDGE ( 'NONE', *, *, #419, .F. ) ;
#763 = VECTOR ( 'NONE', #2209, 1000.000000000000000 ) ;
#764 = CARTESIAN_POINT ( 'NONE',  ( -1.990426101976808138, 0.9629261019768079466, 1.550000000000000488 ) ) ;
#765 = LINE ( 'NONE', #2698, #397 ) ;
#766 = CARTESIAN_POINT ( 'NONE',  ( -2.032381083535672150, -1.012166489627418287, 1.558682408883346859 ) ) ;
#767 =( NAMED_UNIT ( * ) PLANE_ANGLE_UNIT ( ) SI_UNIT ( $, .RADIAN. ) );
#768 = PLANE ( 'NONE',  #508 ) ;
#769 = ORIENTED_EDGE ( 'NONE', *, *, #511, .T. ) ;
#770 = EDGE_CURVE ( 'NONE', #776, #1150, #2236, .T. ) ;
#771 = CARTESIAN_POINT ( 'NONE',  ( 2.247500000000000053, -1.169999999999999929, 0.3800000000000000044 ) ) ;
#772 = SURFACE_STYLE_USAGE ( .BOTH. , #550 ) ;
#773 =( NAMED_UNIT ( * ) SI_UNIT ( $, .STERADIAN. ) SOLID_ANGLE_UNIT ( ) );
#774 = AXIS2_PLACEMENT_3D ( 'NONE', #764, #1414, #808 ) ;
#775 = FILL_AREA_STYLE ('',( #1577 ) ) ;
#776 = VERTEX_POINT ( 'NONE', #2649 ) ;
#777 = UNCERTAINTY_MEASURE_WITH_UNIT (LENGTH_MEASURE( 1.000000000000000082E-05 ), #568, 'distance_accuracy_value', 'NONE');
#778 = CARTESIAN_POINT ( 'NONE',  ( 0.2049999999999999878, -1.219999999999999973, 0.000000000000000000 ) ) ;
#779 = ORIENTED_EDGE ( 'NONE', *, *, #1897, .F. ) ;
#780 = VECTOR ( 'NONE', #1909, 1000.000000000000000 ) ;
#781 = EDGE_CURVE ( 'NONE', #2416, #44, #1587, .T. ) ;
#782 = CARTESIAN_POINT ( 'NONE',  ( 2.198253927952686482, -1.219994315603297963, 0.3800322378156713032 ) ) ;
#783 = AXIS2_PLACEMENT_3D ( 'NONE', #2369, #1495, #651 ) ;
#784 = FACE_OUTER_BOUND ( 'NONE', #812, .T. ) ;
#785 = SURFACE_SIDE_STYLE ('',( #2702 ) ) ;
#786 = VERTEX_POINT ( 'NONE', #2252 ) ;
#787 = LINE ( 'NONE', #565, #698 ) ;
#788 = CARTESIAN_POINT ( 'NONE',  ( -1.295000000000000595, -2.259999999999999787, 0.000000000000000000 ) ) ;
#789 = LINE ( 'NONE', #1686, #1955 ) ;
#790 = ORIENTED_EDGE ( 'NONE', *, *, #653, .F. ) ;
#791 = CARTESIAN_POINT ( 'NONE',  ( -2.197499999999999343, -1.219999999999999751, 0.3800000000000000044 ) ) ;
#792 = VERTEX_POINT ( 'NONE', #913 ) ;
#793 = AXIS2_PLACEMENT_3D ( 'NONE', #2055, #1871, #193 ) ;
#794 =( GEOMETRIC_REPRESENTATION_CONTEXT ( 3 ) GLOBAL_UNCERTAINTY_ASSIGNED_CONTEXT ( ( #1739 ) ) GLOBAL_UNIT_ASSIGNED_CONTEXT ( ( #1685, #2706, #2514 ) ) REPRESENTATION_CONTEXT ( 'NONE', 'WORKASPACE' ) );
#795 = CARTESIAN_POINT ( 'NONE',  ( 1.295000000000000373, -0.6899999999999998357, 0.3800000000000000044 ) ) ;
#796 = FILL_AREA_STYLE ('',( #1899 ) ) ;
#797 = STYLED_ITEM ( 'NONE', ( #1081 ), #2593 ) ;
#798 = ADVANCED_FACE ( 'NONE', ( #249 ), #2216, .F. ) ;
#799 = VERTEX_POINT ( 'NONE', #240 ) ;
#800 = CARTESIAN_POINT ( 'NONE',  ( -1.705000000000000293, -2.259999999999999787, 0.3800000000000000044 ) ) ;
#801 = MECHANICAL_DESIGN_GEOMETRIC_PRESENTATION_REPRESENTATION (  '', ( #1253 ), #1052 ) ;
#802 =( NAMED_UNIT ( * ) PLANE_ANGLE_UNIT ( ) SI_UNIT ( $, .RADIAN. ) );
#803 = ORIENTED_EDGE ( 'NONE', *, *, #268, .F. ) ;
#804 = UNCERTAINTY_MEASURE_WITH_UNIT (LENGTH_MEASURE( 1.000000000000000082E-05 ), #26, 'distance_accuracy_value', 'NONE');
#805 =( NAMED_UNIT ( * ) PLANE_ANGLE_UNIT ( ) SI_UNIT ( $, .RADIAN. ) );
#806 = VERTEX_POINT ( 'NONE', #1059 ) ;
#807 = EDGE_CURVE ( 'NONE', #1412, #2399, #1317, .T. ) ;
#808 = DIRECTION ( 'NONE',  ( 1.000000000000000000, 0.000000000000000000, 8.673617379884049672E-15 ) ) ;
#809 = LINE ( 'NONE', #1641, #1232 ) ;
#810 = EDGE_CURVE ( 'NONE', #1320, #2303, #152, .T. ) ;
#811 = SURFACE_STYLE_FILL_AREA ( #1886 ) ;
#812 = EDGE_LOOP ( 'NONE', ( #769, #1459, #2736, #218 ) ) ;
#813 = EDGE_CURVE ( 'NONE', #2661, #44, #2031, .T. ) ;
#814 = LINE ( 'NONE', #1841, #700 ) ;
#815 =( NAMED_UNIT ( * ) SI_UNIT ( $, .STERADIAN. ) SOLID_ANGLE_UNIT ( ) );
#816 = ORIENTED_EDGE ( 'NONE', *, *, #2646, .F. ) ;
#817 = ORIENTED_EDGE ( 'NONE', *, *, #2223, .F. ) ;
#818 = DIRECTION ( 'NONE',  ( 0.1710878697460364861, 0.1710878697460342102, 0.9702875252478140311 ) ) ;
#819 = CARTESIAN_POINT ( 'NONE',  ( -1.990426101976808582, -1.012166489627418287, 1.558682408883346859 ) ) ;
#820 = DIRECTION ( 'NONE',  ( -1.381149264312744580E-16, -1.000000000000000000, 0.000000000000000000 ) ) ;
#821 = VECTOR ( 'NONE', #2521, 1000.000000000000000 ) ;
#822 = EDGE_CURVE ( 'NONE', #275, #2620, #978, .T. ) ;
#823 = COLOUR_RGB ( '',0.8431372549019607865, 0.8431372549019607865, 0.8431372549019607865 ) ;
#824 = PLANE ( 'NONE',  #1415 ) ;
#825 = ORIENTED_EDGE ( 'NONE', *, *, #1449, .F. ) ;
#826 = EDGE_CURVE ( 'NONE', #2303, #1537, #1870, .T. ) ;
#827 = ADVANCED_FACE ( 'NONE', ( #350 ), #2509, .T. ) ;
#828 = UNCERTAINTY_MEASURE_WITH_UNIT (LENGTH_MEASURE( 1.000000000000000082E-05 ), #2168, 'distance_accuracy_value', 'NONE');
#829 = SURFACE_SIDE_STYLE ('',( #1258 ) ) ;
#830 = ORIENTED_EDGE ( 'NONE', *, *, #204, .F. ) ;
#831 = PRESENTATION_LAYER_ASSIGNMENT (  '', '', ( #56 ) ) ;
#832 = CARTESIAN_POINT ( 'NONE',  ( 2.247500000000000053, -1.219999999999999973, 0.3800000000000000044 ) ) ;
#833 = SURFACE_STYLE_USAGE ( .BOTH. , #1031 ) ;
#834 = CARTESIAN_POINT ( 'NONE',  ( 0.8250000000000000666, -0.4183650660873066141, 0.000000000000000000 ) ) ;
#835 = FILL_AREA_STYLE_COLOUR ( '', #186 ) ;
#836 = ORIENTED_EDGE ( 'NONE', *, *, #2309, .F. ) ;
#837 = VERTEX_POINT ( 'NONE', #1580 ) ;
#838 = DIRECTION ( 'NONE',  ( 0.000000000000000000, 0.000000000000000000, -1.000000000000000000 ) ) ;
#839 = DIRECTION ( 'NONE',  ( -0.7735034140843622952, -0.6337921334316444222, 0.000000000000000000 ) ) ;
#840 = PLANE ( 'NONE',  #657 ) ;
#841 = DIRECTION ( 'NONE',  ( -1.327594496921025224E-16, -1.000000000000000000, 0.000000000000000000 ) ) ;
#842 =( LENGTH_UNIT ( ) NAMED_UNIT ( * ) SI_UNIT ( .MILLI., .METRE. ) );
#843 = MECHANICAL_DESIGN_GEOMETRIC_PRESENTATION_REPRESENTATION (  '', ( #337 ), #2438 ) ;
#844 = VERTEX_POINT ( 'NONE', #1382 ) ;
#845 = AXIS2_PLACEMENT_3D ( 'NONE', #1799, #692, #2628 ) ;
#846 = ADVANCED_FACE ( 'NONE', ( #2011 ), #2494, .T. ) ;
#847 = UNCERTAINTY_MEASURE_WITH_UNIT (LENGTH_MEASURE( 1.000000000000000082E-05 ), #1670, 'distance_accuracy_value', 'NONE');
#848 = FILL_AREA_STYLE_COLOUR ( '', #1060 ) ;
#849 = PRESENTATION_STYLE_ASSIGNMENT (( #62 ) ) ;
#850 = VERTEX_POINT ( 'NONE', #1817 ) ;
#851 = DIRECTION ( 'NONE',  ( -1.000000000000000000, 0.000000000000000000, 0.000000000000000000 ) ) ;
#852 = CIRCLE ( 'NONE', #551, 0.05000000000000002359 ) ;
#853 = PLANE ( 'NONE',  #2043 ) ;
#854 = VECTOR ( 'NONE', #1764, 1000.000000000000000 ) ;
#855 = FILL_AREA_STYLE ('',( #38 ) ) ;
#856 = SURFACE_SIDE_STYLE ('',( #1950 ) ) ;
#857 = FILL_AREA_STYLE_COLOUR ( '', #88 ) ;
#858 = SURFACE_SIDE_STYLE ('',( #1303 ) ) ;
#859 = EDGE_LOOP ( 'NONE', ( #2027, #1051, #1292, #1551 ) ) ;
#860 = DIRECTION ( 'NONE',  ( -1.000000000000000000, 0.000000000000000000, -0.000000000000000000 ) ) ;
#861 = CARTESIAN_POINT ( 'NONE',  ( 0.5364957350010770565, -0.6547592826975169311, 0.3800000000000000044 ) ) ;
#862 = VERTEX_POINT ( 'NONE', #1170 ) ;
#863 = CIRCLE ( 'NONE', #1236, 0.04999999999999987788 ) ;
#864 = CARTESIAN_POINT ( 'NONE',  ( -0.000000000000000000, -2.259999999999999787, 0.3800000000000000044 ) ) ;
#865 = PLANE ( 'NONE',  #1581 ) ;
#866 = FACE_OUTER_BOUND ( 'NONE', #1952, .T. ) ;
#867 = CIRCLE ( 'NONE', #1604, 0.04999999999999987788 ) ;
#868 = COLOUR_RGB ( '',0.2862745098039215508, 0.2862745098039215508, 0.2862745098039215508 ) ;
#869 = LINE ( 'NONE', #1967, #1174 ) ;
#870 = EDGE_CURVE ( 'NONE', #244, #1656, #1803, .T. ) ;
#871 = PLANE ( 'NONE',  #1487 ) ;
#872 = ORIENTED_EDGE ( 'NONE', *, *, #2071, .T. ) ;
#873 = ORIENTED_EDGE ( 'NONE', *, *, #511, .F. ) ;
#874 = CARTESIAN_POINT ( 'NONE',  ( 1.295000000000000373, 1.788588297285004786E-16, 0.3800000000000000044 ) ) ;
#875 = FILL_AREA_STYLE ('',( #2567 ) ) ;
#876 = CYLINDRICAL_SURFACE ( 'NONE', #80, 0.05000000000000012768 ) ;
#877 = ORIENTED_EDGE ( 'NONE', *, *, #2304, .F. ) ;
#878 = AXIS2_PLACEMENT_3D ( 'NONE', #861, #93, #2624 ) ;
#879 = SURFACE_STYLE_USAGE ( .BOTH. , #2366 ) ;
#880 = LINE ( 'NONE', #1989, #2476 ) ;
#881 = VECTOR ( 'NONE', #851, 1000.000000000000000 ) ;
#882 = DIRECTION ( 'NONE',  ( 4.824036362560646965E-17, 1.000000000000000000, 0.000000000000000000 ) ) ;
#883 = LINE ( 'NONE', #925, #1998 ) ;
#884 = EDGE_CURVE ( 'NONE', #243, #681, #189, .T. ) ;
#885 = CYLINDRICAL_SURFACE ( 'NONE', #172, 0.04999999999999987788 ) ;
#886 = ORIENTED_EDGE ( 'NONE', *, *, #926, .F. ) ;
#887 = EDGE_CURVE ( 'NONE', #2637, #1674, #1700, .T. ) ;
#888 = ORIENTED_EDGE ( 'NONE', *, *, #321, .F. ) ;
#889 = EDGE_CURVE ( 'NONE', #681, #750, #2462, .T. ) ;
#890 =( NAMED_UNIT ( * ) PLANE_ANGLE_UNIT ( ) SI_UNIT ( $, .RADIAN. ) );
#891 = DIRECTION ( 'NONE',  ( 0.000000000000000000, 0.000000000000000000, -1.000000000000000000 ) ) ;
#892 = ORIENTED_EDGE ( 'NONE', *, *, #653, .T. ) ;
#893 = SURFACE_SIDE_STYLE ('',( #1978 ) ) ;
#894 = CARTESIAN_POINT ( 'NONE',  ( -2.247500000000000053, -1.219999999999999751, 0.3800000000000000044 ) ) ;
#895 = SURFACE_STYLE_FILL_AREA ( #2183 ) ;
#896 = CARTESIAN_POINT ( 'NONE',  ( -0.8249999999999998446, 1.479048407783819519, 0.3800000000000000044 ) ) ;
#897 =( NAMED_UNIT ( * ) SI_UNIT ( $, .STERADIAN. ) SOLID_ANGLE_UNIT ( ) );
#898 = CARTESIAN_POINT ( 'NONE',  ( -0.2050000000000001543, -0.9263797891933148732, 0.000000000000000000 ) ) ;
#899 = SURFACE_SIDE_STYLE ('',( #2220 ) ) ;
#900 = CARTESIAN_POINT ( 'NONE',  ( 1.990426101976808138, -0.9629261019768081686, 1.550000000000000488 ) ) ;
#901 = ORIENTED_EDGE ( 'NONE', *, *, #2250, .F. ) ;
#902 = CARTESIAN_POINT ( 'NONE',  ( 2.197499999999999787, 1.169999999999999041, 0.000000000000000000 ) ) ;
#903 = STYLED_ITEM ( 'NONE', ( #1837 ), #446 ) ;
#904 = EDGE_CURVE ( 'NONE', #776, #1881, #1028, .T. ) ;
#905 = CARTESIAN_POINT ( 'NONE',  ( 0.8250000000000000666, 9.428274908110979445E-17, 0.000000000000000000 ) ) ;
#906 = EDGE_LOOP ( 'NONE', ( #1664, #2596, #2451, #2666 ) ) ;
#907 = COLOUR_RGB ( '',0.2862745098039215508, 0.2862745098039215508, 0.2862745098039215508 ) ;
#908 = DIRECTION ( 'NONE',  ( -0.7735034140843622952, -0.6337921334316444222, 0.000000000000000000 ) ) ;
#909 =( NAMED_UNIT ( * ) SI_UNIT ( $, .STERADIAN. ) SOLID_ANGLE_UNIT ( ) );
#910 = ADVANCED_FACE ( 'NONE', ( #2300 ), #1230, .T. ) ;
#911 =( LENGTH_UNIT ( ) NAMED_UNIT ( * ) SI_UNIT ( .MILLI., .METRE. ) );
#912 = DIRECTION ( 'NONE',  ( -1.000000000000000000, 0.000000000000000000, -0.000000000000000000 ) ) ;
#913 = CARTESIAN_POINT ( 'NONE',  ( 1.295000000000000373, -0.6899999999999998357, 0.000000000000000000 ) ) ;
#914 = VECTOR ( 'NONE', #1368, 1000.000000000000000 ) ;
#915 = CARTESIAN_POINT ( 'NONE',  ( 1.705000000000000071, -0.6899999999999998357, 0.3800000000000000044 ) ) ;
#916 = SURFACE_SIDE_STYLE ('',( #2463 ) ) ;
#917 = VECTOR ( 'NONE', #1502, 1000.000000000000000 ) ;
#918 = CARTESIAN_POINT ( 'NONE',  ( 2.247500000000000053, -1.219999999999999973, 0.000000000000000000 ) ) ;
#919 = ORIENTED_EDGE ( 'NONE', *, *, #1272, .F. ) ;
#920 =( NAMED_UNIT ( * ) SI_UNIT ( $, .STERADIAN. ) SOLID_ANGLE_UNIT ( ) );
#921 = ORIENTED_EDGE ( 'NONE', *, *, #2250, .T. ) ;
#922 = LINE ( 'NONE', #1365, #273 ) ;
#923 =( NAMED_UNIT ( * ) PLANE_ANGLE_UNIT ( ) SI_UNIT ( $, .RADIAN. ) );
#924 = DIRECTION ( 'NONE',  ( 0.000000000000000000, 0.000000000000000000, -1.000000000000000000 ) ) ;
#925 = CARTESIAN_POINT ( 'NONE',  ( -1.295000000000000373, -0.6899999999999998357, 0.3800000000000000044 ) ) ;
#926 = EDGE_CURVE ( 'NONE', #253, #688, #956, .T. ) ;
#927 = CARTESIAN_POINT ( 'NONE',  ( 2.032381083535672150, 1.012166489627417398, 1.558682408883346859 ) ) ;
#928 = PLANE ( 'NONE',  #2244 ) ;
#929 = CARTESIAN_POINT ( 'NONE',  ( -2.247500000000000053, -1.169999999999999707, 0.3800000000000000044 ) ) ;
#930 = ORIENTED_EDGE ( 'NONE', *, *, #2723, .T. ) ;
#931 = LINE ( 'NONE', #2486, #1983 ) ;
#932 = ORIENTED_EDGE ( 'NONE', *, *, #1510, .T. ) ;
#933 = EDGE_CURVE ( 'NONE', #1596, #1500, #1665, .T. ) ;
#934 = AXIS2_PLACEMENT_3D ( 'NONE', #413, #1421, #1249 ) ;
#935 = CARTESIAN_POINT ( 'NONE',  ( -2.199700930650073438, -1.172200930650072692, 0.3631434688417056744 ) ) ;
#936 = PRESENTATION_STYLE_ASSIGNMENT (( #2245 ) ) ;
#937 = DIRECTION ( 'NONE',  ( -0.9848077530122077983, 0.000000000000000000, 0.1736481776669312749 ) ) ;
#938 = SURFACE_STYLE_FILL_AREA ( #121 ) ;
#939 =( NAMED_UNIT ( * ) PLANE_ANGLE_UNIT ( ) SI_UNIT ( $, .RADIAN. ) );
#940 = AXIS2_PLACEMENT_3D ( 'NONE', #2402, #2610, #29 ) ;
#941 = PLANE ( 'NONE',  #399 ) ;
#942 = CARTESIAN_POINT ( 'NONE',  ( 0.000000000000000000, 0.000000000000000000, 0.000000000000000000 ) ) ;
#943 = EDGE_CURVE ( 'NONE', #147, #786, #407, .T. ) ;
#944 = PRESENTATION_LAYER_ASSIGNMENT (  '', '', ( #303 ) ) ;
#945 = CYLINDRICAL_SURFACE ( 'NONE', #1743, 0.05000000000000012768 ) ;
#946 = ORIENTED_EDGE ( 'NONE', *, *, #1702, .T. ) ;
#947 = FILL_AREA_STYLE_COLOUR ( '', #2510 ) ;
#948 = CARTESIAN_POINT ( 'NONE',  ( 1.705000000000000071, -0.6899999999999998357, 0.000000000000000000 ) ) ;
#949 = ORIENTED_EDGE ( 'NONE', *, *, #943, .F. ) ;
#950 =( LENGTH_UNIT ( ) NAMED_UNIT ( * ) SI_UNIT ( .MILLI., .METRE. ) );
#951 = ORIENTED_EDGE ( 'NONE', *, *, #1413, .T. ) ;
#952 = VECTOR ( 'NONE', #1030, 1000.000000000000000 ) ;
#953 =( NAMED_UNIT ( * ) SI_UNIT ( $, .STERADIAN. ) SOLID_ANGLE_UNIT ( ) );
#954 = CARTESIAN_POINT ( 'NONE',  ( 2.247500000000000053, -1.219999999999999973, 0.3800000000000000044 ) ) ;
#955 = SURFACE_STYLE_USAGE ( .BOTH. , #899 ) ;
#956 = CIRCLE ( 'NONE', #1191, 0.04999999999999991257 ) ;
#957 = EDGE_LOOP ( 'NONE', ( #2377, #1405, #2350, #1512 ) ) ;
#958 = DIRECTION ( 'NONE',  ( 0.000000000000000000, -1.000000000000000000, 0.000000000000000000 ) ) ;
#959 = CARTESIAN_POINT ( 'NONE',  ( 1.990426101976808582, -0.9629261019768079466, 1.550000000000000488 ) ) ;
#960 = ORIENTED_EDGE ( 'NONE', *, *, #2558, .F. ) ;
#961 = UNCERTAINTY_MEASURE_WITH_UNIT (LENGTH_MEASURE( 1.000000000000000082E-05 ), #1143, 'distance_accuracy_value', 'NONE');
#962 = CARTESIAN_POINT ( 'NONE',  ( 1.990426101976808138, 1.012166489627417398, 1.558682408883346859 ) ) ;
#963 = PRESENTATION_STYLE_ASSIGNMENT (( #1620 ) ) ;
#964 = MECHANICAL_DESIGN_GEOMETRIC_PRESENTATION_REPRESENTATION (  '', ( #2063 ), #622 ) ;
#965 = DIRECTION ( 'NONE',  ( 1.000000000000000000, -1.327594496921025224E-16, 0.000000000000000000 ) ) ;
#966 = LINE ( 'NONE', #996, #2704 ) ;
#967 = EDGE_CURVE ( 'NONE', #1893, #1728, #1271, .T. ) ;
#968 = COLOUR_RGB ( '',0.2862745098039215508, 0.2862745098039215508, 0.2862745098039215508 ) ;
#969 = EDGE_LOOP ( 'NONE', ( #2131, #1446, #421, #1819 ) ) ;
#970 = COLOUR_RGB ( '',0.8431372549019607865, 0.8431372549019607865, 0.8431372549019607865 ) ;
#971 = DIRECTION ( 'NONE',  ( 0.000000000000000000, -1.000000000000000000, 0.000000000000000000 ) ) ;
#972 = ORIENTED_EDGE ( 'NONE', *, *, #2096, .T. ) ;
#973 = LINE ( 'NONE', #1795, #425 ) ;
#974 = CARTESIAN_POINT ( 'NONE',  ( 0.000000000000000000, 0.000000000000000000, 0.000000000000000000 ) ) ;
#975 = ORIENTED_EDGE ( 'NONE', *, *, #19, .T. ) ;
#976 = PRESENTATION_STYLE_ASSIGNMENT (( #136 ) ) ;
#977 = ORIENTED_EDGE ( 'NONE', *, *, #231, .T. ) ;
#978 = LINE ( 'NONE', #1638, #914 ) ;
#979 = DIRECTION ( 'NONE',  ( 0.9848077530122080203, 0.000000000000000000, 0.1736481776669307198 ) ) ;
#980 = DIRECTION ( 'NONE',  ( -1.000000000000000000, 4.824036362560643267E-17, -0.000000000000000000 ) ) ;
#981 = PRESENTATION_LAYER_ASSIGNMENT (  '', '', ( #2218 ) ) ;
#982 = VECTOR ( 'NONE', #722, 1000.000000000000000 ) ;
#983 = DIRECTION ( 'NONE',  ( 4.824036362560642035E-17, 1.000000000000000000, -0.000000000000000000 ) ) ;
#984 = FILL_AREA_STYLE ('',( #2685 ) ) ;
#985 = EDGE_LOOP ( 'NONE', ( #162, #672, #1455, #1348 ) ) ;
#986 = AXIS2_PLACEMENT_3D ( 'NONE', #735, #1593, #2453 ) ;
#987 = ADVANCED_BREP_SHAPE_REPRESENTATION ( 'GALI-84+', ( #679, #1552, #1642, #619, #1619 ), #2065 ) ;
#988 = CIRCLE ( 'NONE', #2573, 0.04999999999999991257 ) ;
#989 =( NAMED_UNIT ( * ) PLANE_ANGLE_UNIT ( ) SI_UNIT ( $, .RADIAN. ) );
#990 = ORIENTED_EDGE ( 'NONE', *, *, #2147, .T. ) ;
#991 = UNCERTAINTY_MEASURE_WITH_UNIT (LENGTH_MEASURE( 1.000000000000000082E-05 ), #1953, 'distance_accuracy_value', 'NONE');
#992 = PRESENTATION_STYLE_ASSIGNMENT (( #2312 ) ) ;
#993 = LINE ( 'NONE', #1865, #1399 ) ;
#994 = ORIENTED_EDGE ( 'NONE', *, *, #1008, .F. ) ;
#995 = MECHANICAL_DESIGN_GEOMETRIC_PRESENTATION_REPRESENTATION (  '', ( #2701 ), #1590 ) ;
#996 = CARTESIAN_POINT ( 'NONE',  ( 2.197499999999999787, 1.219999999999998863, 0.3800000000000000044 ) ) ;
#997 = VECTOR ( 'NONE', #1216, 1000.000000000000000 ) ;
#998 =( NAMED_UNIT ( * ) SI_UNIT ( $, .STERADIAN. ) SOLID_ANGLE_UNIT ( ) );
#999 = ORIENTED_EDGE ( 'NONE', *, *, #1748, .T. ) ;
#1000 = LINE ( 'NONE', #800, #2102 ) ;
#1001 = ORIENTED_EDGE ( 'NONE', *, *, #298, .T. ) ;
#1002 = AXIS2_PLACEMENT_3D ( 'NONE', #1, #818, #1693 ) ;
#1003 = ADVANCED_FACE ( 'NONE', ( #201 ), #2095, .T. ) ;
#1004 = PRESENTATION_LAYER_ASSIGNMENT (  '', '', ( #2249 ) ) ;
#1005 = VERTEX_POINT ( 'NONE', #1470 ) ;
#1006 = DIRECTION ( 'NONE',  ( 0.000000000000000000, 1.000000000000000000, 0.000000000000000000 ) ) ;
#1007 = CARTESIAN_POINT ( 'NONE',  ( 2.247063163919206019, -1.199344369904815633, 0.3824774205231614710 ) ) ;
#1008 = EDGE_CURVE ( 'NONE', #1537, #462, #598, .T. ) ;
#1009 = MECHANICAL_DESIGN_GEOMETRIC_PRESENTATION_REPRESENTATION (  '', ( #797 ), #1751 ) ;
#1010 = FILL_AREA_STYLE_COLOUR ( '', #2257 ) ;
#1011 = EDGE_LOOP ( 'NONE', ( #2539, #1176, #2242, #1874 ) ) ;
#1012 = CARTESIAN_POINT ( 'NONE',  ( 2.247498105165195881, -1.170502635302202332, 0.3800107461421786681 ) ) ;
#1013 = MECHANICAL_DESIGN_GEOMETRIC_PRESENTATION_REPRESENTATION (  '', ( #1203 ), #1976 ) ;
#1014 = EDGE_LOOP ( 'NONE', ( #1575, #1589, #1771, #1988 ) ) ;
#1015 = UNCERTAINTY_MEASURE_WITH_UNIT (LENGTH_MEASURE( 1.000000000000000082E-05 ), #1813, 'distance_accuracy_value', 'NONE');
#1016 = PRESENTATION_STYLE_ASSIGNMENT (( #2340 ) ) ;
#1017 = ORIENTED_EDGE ( 'NONE', *, *, #2400, .F. ) ;
#1018 = DIRECTION ( 'NONE',  ( -1.000000000000000000, 2.412018181280321572E-16, -0.000000000000000000 ) ) ;
#1019 = LINE ( 'NONE', #1898, #2695 ) ;
#1020 =( NAMED_UNIT ( * ) PLANE_ANGLE_UNIT ( ) SI_UNIT ( $, .RADIAN. ) );
#1021 = AXIS2_PLACEMENT_3D ( 'NONE', #1643, #1697, #2086 ) ;
#1022 = EDGE_CURVE ( 'NONE', #1674, #2087, #1961, .T. ) ;
#1023 = ADVANCED_FACE ( 'NONE', ( #613 ), #2392, .T. ) ;
#1024 = FILL_AREA_STYLE ('',( #2294 ) ) ;
#1025 = ORIENTED_EDGE ( 'NONE', *, *, #1304, .F. ) ;
#1026 = PRESENTATION_LAYER_ASSIGNMENT (  '', '', ( #32 ) ) ;
#1027 = VERTEX_POINT ( 'NONE', #467 ) ;
#1028 = LINE ( 'NONE', #11, #271 ) ;
#1029 = LINE ( 'NONE', #795, #780 ) ;
#1030 = DIRECTION ( 'NONE',  ( 1.000000000000000000, -4.824036362560642651E-17, -0.000000000000000000 ) ) ;
#1031 = SURFACE_SIDE_STYLE ('',( #374 ) ) ;
#1032 = AXIS2_PLACEMENT_3D ( 'NONE', #1359, #2261, #1332 ) ;
#1033 = LINE ( 'NONE', #1720, #854 ) ;
#1034 =( NAMED_UNIT ( * ) PLANE_ANGLE_UNIT ( ) SI_UNIT ( $, .RADIAN. ) );
#1035 = SURFACE_SIDE_STYLE ('',( #1240 ) ) ;
#1036 = PRESENTATION_LAYER_ASSIGNMENT (  '', '', ( #2279 ) ) ;
#1037 = ORIENTED_EDGE ( 'NONE', *, *, #14, .T. ) ;
#1038 = ADVANCED_FACE ( 'NONE', ( #264 ), #1096, .T. ) ;
#1039 = UNCERTAINTY_MEASURE_WITH_UNIT (LENGTH_MEASURE( 1.000000000000000082E-05 ), #1856, 'distance_accuracy_value', 'NONE');
#1040 = COLOUR_RGB ( '',0.2862745098039215508, 0.2862745098039215508, 0.2862745098039215508 ) ;
#1041 = ORIENTED_EDGE ( 'NONE', *, *, #1468, .T. ) ;
#1042 = COLOUR_RGB ( '',0.2862745098039215508, 0.2862745098039215508, 0.2862745098039215508 ) ;
#1043 = DIRECTION ( 'NONE',  ( 3.823481911038581145E-16, 1.000000000000000000, -2.168404344971015968E-15 ) ) ;
#1044 = SURFACE_SIDE_STYLE ('',( #599 ) ) ;
#1045 = SURFACE_SIDE_STYLE ('',( #51 ) ) ;
#1046 = LINE ( 'NONE', #694, #1815 ) ;
#1047 =( NAMED_UNIT ( * ) PLANE_ANGLE_UNIT ( ) SI_UNIT ( $, .RADIAN. ) );
#1048 = EDGE_CURVE ( 'NONE', #2201, #2661, #1797, .T. ) ;
#1049 = VECTOR ( 'NONE', #1992, 1000.000000000000000 ) ;
#1050 = SURFACE_STYLE_USAGE ( .BOTH. , #2349 ) ;
#1051 = ORIENTED_EDGE ( 'NONE', *, *, #39, .F. ) ;
#1052 =( GEOMETRIC_REPRESENTATION_CONTEXT ( 3 ) GLOBAL_UNCERTAINTY_ASSIGNED_CONTEXT ( ( #2505 ) ) GLOBAL_UNIT_ASSIGNED_CONTEXT ( ( #1353, #1746, #673 ) ) REPRESENTATION_CONTEXT ( 'NONE', 'WORKASPACE' ) );
#1053 = SURFACE_SIDE_STYLE ('',( #2576 ) ) ;
#1054 = LINE ( 'NONE', #905, #2152 ) ;
#1055 = ORIENTED_EDGE ( 'NONE', *, *, #667, .T. ) ;
#1056 = MECHANICAL_DESIGN_GEOMETRIC_PRESENTATION_REPRESENTATION (  '', ( #500 ), #1388 ) ;
#1057 = DIRECTION ( 'NONE',  ( 0.000000000000000000, 0.000000000000000000, -1.000000000000000000 ) ) ;
#1058 = LINE ( 'NONE', #1494, #1125 ) ;
#1059 = CARTESIAN_POINT ( 'NONE',  ( 0.2049999999999999878, -0.9263797891933150952, 0.3800000000000000044 ) ) ;
#1060 = COLOUR_RGB ( '',0.2862745098039215508, 0.2862745098039215508, 0.2862745098039215508 ) ;
#1061 = CYLINDRICAL_SURFACE ( 'NONE', #1129, 0.05000000000000002359 ) ;
#1062 =( NAMED_UNIT ( * ) SI_UNIT ( $, .STERADIAN. ) SOLID_ANGLE_UNIT ( ) );
#1063 = CIRCLE ( 'NONE', #934, 0.05000000000000012768 ) ;
#1064 = DIRECTION ( 'NONE',  ( -0.7735034140843622952, -0.6337921334316444222, 0.000000000000000000 ) ) ;
#1065 = VERTEX_POINT ( 'NONE', #109 ) ;
#1066 = STYLED_ITEM ( 'NONE', ( #1929 ), #2370 ) ;
#1067 = UNCERTAINTY_MEASURE_WITH_UNIT (LENGTH_MEASURE( 1.000000000000000082E-05 ), #1946, 'distance_accuracy_value', 'NONE');
#1068 = CARTESIAN_POINT ( 'NONE',  ( 2.247500000000000053, 1.170251321222674612, 0.3800000000000005596 ) ) ;
#1069 = CARTESIAN_POINT ( 'NONE',  ( 0.4749999999999998668, 1.829048407783819608, 0.3800000000000000044 ) ) ;
#1070 = MECHANICAL_DESIGN_GEOMETRIC_PRESENTATION_REPRESENTATION (  '', ( #1578 ), #2028 ) ;
#1071 = PRESENTATION_STYLE_ASSIGNMENT (( #1295 ) ) ;
#1072 = SURFACE_STYLE_USAGE ( .BOTH. , #262 ) ;
#1073 = EDGE_LOOP ( 'NONE', ( #181, #946, #376, #2504 ) ) ;
#1074 = COLOUR_RGB ( '',0.2862745098039215508, 0.2862745098039215508, 0.2862745098039215508 ) ;
#1075 = EDGE_CURVE ( 'NONE', #2237, #2428, #922, .T. ) ;
#1076 = CARTESIAN_POINT ( 'NONE',  ( 1.990426101976808582, 0.000000000000000000, 1.550000000000000488 ) ) ;
#1077 = CARTESIAN_POINT ( 'NONE',  ( 0.5364957350010770565, -0.6547592826975169311, 0.000000000000000000 ) ) ;
#1078 = DIRECTION ( 'NONE',  ( 0.7071067811865474617, 0.7071067811865474617, 0.000000000000000000 ) ) ;
#1079 = CLOSED_SHELL ( 'NONE', ( #2565, #2384, #2125, #1378, #2343, #143 ) ) ;
#1080 = CARTESIAN_POINT ( 'NONE',  ( 2.247500000000000053, -1.219999999999999973, 0.3800000000000000044 ) ) ;
#1081 = PRESENTATION_STYLE_ASSIGNMENT (( #248 ) ) ;
#1082 = ADVANCED_FACE ( 'NONE', ( #2640 ), #364, .T. ) ;
#1083 = DIRECTION ( 'NONE',  ( 0.6337921334316444222, -0.7735034140843624062, 0.000000000000000000 ) ) ;
#1084 = DIRECTION ( 'NONE',  ( 1.381149264312744580E-16, -1.000000000000000000, 0.000000000000000000 ) ) ;
#1085 = ORIENTED_EDGE ( 'NONE', *, *, #1136, .F. ) ;
#1086 = SURFACE_STYLE_USAGE ( .BOTH. , #858 ) ;
#1087 = LINE ( 'NONE', #1954, #1598 ) ;
#1088 = ORIENTED_EDGE ( 'NONE', *, *, #2558, .T. ) ;
#1089 = LINE ( 'NONE', #668, #2550 ) ;
#1090 = CARTESIAN_POINT ( 'NONE',  ( -2.247498105165195881, 1.170502635302202332, 0.3800107461421786681 ) ) ;
#1091 = PRESENTATION_STYLE_ASSIGNMENT (( #1943 ) ) ;
#1092 = FILL_AREA_STYLE_COLOUR ( '', #2156 ) ;
#1093 = VERTEX_POINT ( 'NONE', #1138 ) ;
#1094 = EDGE_CURVE ( 'NONE', #844, #516, #2311, .T. ) ;
#1095 = STYLED_ITEM ( 'NONE', ( #2130 ), #679 ) ;
#1096 = CYLINDRICAL_SURFACE ( 'NONE', #2285, 0.04999999999999987788 ) ;
#1097 = CARTESIAN_POINT ( 'NONE',  ( 2.226844369904815490, 1.219563163919204607, 0.3824774205231614155 ) ) ;
#1098 = FACE_OUTER_BOUND ( 'NONE', #1907, .T. ) ;
#1099 = CARTESIAN_POINT ( 'NONE',  ( 0.2049999999999998768, -1.219999999999999973, 0.3800000000000000044 ) ) ;
#1100 = DIRECTION ( 'NONE',  ( 0.6337921334316444222, 0.7735034140843624062, 0.000000000000000000 ) ) ;
#1101 = AXIS2_PLACEMENT_3D ( 'NONE', #1175, #1335, #2036 ) ;
#1102 = DIRECTION ( 'NONE',  ( 0.000000000000000000, 0.000000000000000000, -1.000000000000000000 ) ) ;
#1103 = DIRECTION ( 'NONE',  ( 0.1710878697460358755, -0.1710878697460358755, -0.9702875252478138091 ) ) ;
#1104 = ORIENTED_EDGE ( 'NONE', *, *, #212, .F. ) ;
#1105 = CARTESIAN_POINT ( 'NONE',  ( 0.4749999999999998668, 1.829048407783819608, 0.000000000000000000 ) ) ;
#1106 = ORIENTED_EDGE ( 'NONE', *, *, #2541, .F. ) ;
#1107 = PRESENTATION_STYLE_ASSIGNMENT (( #1322 ) ) ;
#1108 = CARTESIAN_POINT ( 'NONE',  ( 0.000000000000000000, -0.6899999999999998357, 0.3800000000000000044 ) ) ;
#1109 = LINE ( 'NONE', #2376, #625 ) ;
#1110 = ORIENTED_EDGE ( 'NONE', *, *, #2387, .F. ) ;
#1111 = STYLED_ITEM ( 'NONE', ( #2700 ), #1498 ) ;
#1112 = CARTESIAN_POINT ( 'NONE',  ( -2.197499999999999343, -1.219999999999999751, 0.3800000000000000044 ) ) ;
#1113 = SURFACE_STYLE_FILL_AREA ( #482 ) ;
#1114 = CARTESIAN_POINT ( 'NONE',  ( 0.000000000000000000, 0.000000000000000000, 0.000000000000000000 ) ) ;
#1115 = CARTESIAN_POINT ( 'NONE',  ( -1.295000000000000373, 1.788588297285004786E-16, 0.000000000000000000 ) ) ;
#1116 = ORIENTED_EDGE ( 'NONE', *, *, #730, .T. ) ;
#1117 = CARTESIAN_POINT ( 'NONE',  ( 1.990426101976808138, -1.012166489627418509, 1.558682408883346859 ) ) ;
#1118 = ORIENTED_EDGE ( 'NONE', *, *, #648, .F. ) ;
#1119 = CARTESIAN_POINT ( 'NONE',  ( -2.198002635302202634, -1.219998105165195357, 0.3800107461421775579 ) ) ;
#1120 =( GEOMETRIC_REPRESENTATION_CONTEXT ( 3 ) GLOBAL_UNCERTAINTY_ASSIGNED_CONTEXT ( ( #1456 ) ) GLOBAL_UNIT_ASSIGNED_CONTEXT ( ( #194, #2729, #1451 ) ) REPRESENTATION_CONTEXT ( 'NONE', 'WORKASPACE' ) );
#1121 = ORIENTED_EDGE ( 'NONE', *, *, #1569, .F. ) ;
#1122 = DIRECTION ( 'NONE',  ( 0.000000000000000000, 0.000000000000000000, -1.000000000000000000 ) ) ;
#1123 = DIRECTION ( 'NONE',  ( 0.1710878697460358200, 0.1710878697460357922, -0.9702875252478136980 ) ) ;
#1124 = VECTOR ( 'NONE', #1442, 1000.000000000000000 ) ;
#1125 = VECTOR ( 'NONE', #1482, 1000.000000000000000 ) ;
#1126 = PLANE ( 'NONE',  #2540 ) ;
#1127 = CARTESIAN_POINT ( 'NONE',  ( 1.990426101976808582, -0.9629261019768079466, 1.600000000000000311 ) ) ;
#1128 = LINE ( 'NONE', #918, #1546 ) ;
#1129 = AXIS2_PLACEMENT_3D ( 'NONE', #1602, #1622, #351 ) ;
#1130 = ORIENTED_EDGE ( 'NONE', *, *, #1683, .F. ) ;
#1131 = COLOUR_RGB ( '',0.2862745098039215508, 0.2862745098039215508, 0.2862745098039215508 ) ;
#1132 = CARTESIAN_POINT ( 'NONE',  ( 0.2049999999999999878, 0.000000000000000000, 0.3800000000000000044 ) ) ;
#1133 = FACE_OUTER_BOUND ( 'NONE', #2109, .T. ) ;
#1134 = STYLED_ITEM ( 'NONE', ( #2560 ), #498 ) ;
#1135 = ORIENTED_EDGE ( 'NONE', *, *, #1780, .F. ) ;
#1136 = EDGE_CURVE ( 'NONE', #2265, #1412, #1089, .T. ) ;
#1137 =( GEOMETRIC_REPRESENTATION_CONTEXT ( 3 ) GLOBAL_UNCERTAINTY_ASSIGNED_CONTEXT ( ( #474 ) ) GLOBAL_UNIT_ASSIGNED_CONTEXT ( ( #238, #1315, #2548 ) ) REPRESENTATION_CONTEXT ( 'NONE', 'WORKASPACE' ) );
#1138 = CARTESIAN_POINT ( 'NONE',  ( 0.2049999999999999878, -0.9263797891933150952, 0.000000000000000000 ) ) ;
#1139 = FILL_AREA_STYLE ('',( #2447 ) ) ;
#1140 = DIRECTION ( 'NONE',  ( 1.381149264312744580E-16, 1.000000000000000000, 0.000000000000000000 ) ) ;
#1141 =( NAMED_UNIT ( * ) SI_UNIT ( $, .STERADIAN. ) SOLID_ANGLE_UNIT ( ) );
#1142 = VECTOR ( 'NONE', #1659, 1000.000000000000000 ) ;
#1143 =( LENGTH_UNIT ( ) NAMED_UNIT ( * ) SI_UNIT ( .MILLI., .METRE. ) );
#1144 = DIRECTION ( 'NONE',  ( 2.201855477212264832E-15, -1.000000000000000000, 0.000000000000000000 ) ) ;
#1145 = SURFACE_SIDE_STYLE ('',( #2425 ) ) ;
#1146 = CARTESIAN_POINT ( 'NONE',  ( 2.247500000000000053, 1.169999999999999041, 0.3800000000000000044 ) ) ;
#1147 = VECTOR ( 'NONE', #86, 1000.000000000000000 ) ;
#1148 = FILL_AREA_STYLE_COLOUR ( '', #1040 ) ;
#1149 = EDGE_CURVE ( 'NONE', #1500, #426, #2173, .T. ) ;
#1150 = VERTEX_POINT ( 'NONE', #448 ) ;
#1151 = CARTESIAN_POINT ( 'NONE',  ( 2.247494315603297821, 1.170753927952686180, 0.3800322378156726910 ) ) ;
#1152 = CARTESIAN_POINT ( 'NONE',  ( -0.000000000000000000, -0.6899999999999998357, 0.000000000000000000 ) ) ;
#1153 = VERTEX_POINT ( 'NONE', #1610 ) ;
#1154 = PRODUCT_DEFINITION_SHAPE ( 'NONE', 'NONE',  #2085 ) ;
#1155 = CARTESIAN_POINT ( 'NONE',  ( -0.8250000000000000666, 9.428274908110979445E-17, 0.3800000000000000044 ) ) ;
#1156 = SURFACE_STYLE_USAGE ( .BOTH. , #1366 ) ;
#1157 = CARTESIAN_POINT ( 'NONE',  ( -1.990426101976808582, -0.9629261019768077245, 1.600000000000000311 ) ) ;
#1158 = DIRECTION ( 'NONE',  ( 1.000000000000000000, -2.412018181280321079E-16, 1.195289917421519302E-32 ) ) ;
#1159 = DIRECTION ( 'NONE',  ( 0.000000000000000000, 0.000000000000000000, -1.000000000000000000 ) ) ;
#1160 =( NAMED_UNIT ( * ) PLANE_ANGLE_UNIT ( ) SI_UNIT ( $, .RADIAN. ) );
#1161 = ORIENTED_EDGE ( 'NONE', *, *, #1237, .T. ) ;
#1162 = DIRECTION ( 'NONE',  ( 0.7071067811865474617, -0.7071067811865474617, 0.000000000000000000 ) ) ;
#1163 = CARTESIAN_POINT ( 'NONE',  ( 1.295000000000000595, -1.219999999999999973, 0.3800000000000000044 ) ) ;
#1164 = LINE ( 'NONE', #360, #2482 ) ;
#1165 = DIRECTION ( 'NONE',  ( 0.000000000000000000, 0.000000000000000000, 1.000000000000000000 ) ) ;
#1166 = ORIENTED_EDGE ( 'NONE', *, *, #1698, .T. ) ;
#1167 = PRESENTATION_LAYER_ASSIGNMENT (  '', '', ( #2572 ) ) ;
#1168 = EDGE_CURVE ( 'NONE', #144, #516, #1794, .T. ) ;
#1169 = DIRECTION ( 'NONE',  ( -1.327594496921025224E-16, -1.000000000000000000, 0.000000000000000000 ) ) ;
#1170 = CARTESIAN_POINT ( 'NONE',  ( 2.197499999999999787, -1.219999999999999973, 0.3800000000000000044 ) ) ;
#1171 = AXIS2_PLACEMENT_3D ( 'NONE', #1627, #958, #2240 ) ;
#1172 = DIRECTION ( 'NONE',  ( 1.000000000000000000, 0.000000000000000000, -0.000000000000000000 ) ) ;
#1173 = EDGE_CURVE ( 'NONE', #2364, #16, #530, .T. ) ;
#1174 = VECTOR ( 'NONE', #67, 1000.000000000000000 ) ;
#1175 = CARTESIAN_POINT ( 'NONE',  ( -1.990426101976808582, -0.9629261019768079466, 1.550000000000000488 ) ) ;
#1176 = ORIENTED_EDGE ( 'NONE', *, *, #967, .F. ) ;
#1177 = DIRECTION ( 'NONE',  ( 1.000000000000000000, -4.824036362560642651E-17, -0.000000000000000000 ) ) ;
#1178 = LINE ( 'NONE', #1428, #1124 ) ;
#1179 = SURFACE_SIDE_STYLE ('',( #344 ) ) ;
#1180 = ORIENTED_EDGE ( 'NONE', *, *, #321, .T. ) ;
#1181 = PRESENTATION_LAYER_ASSIGNMENT (  '', '', ( #2407 ) ) ;
#1182 =( NAMED_UNIT ( * ) PLANE_ANGLE_UNIT ( ) SI_UNIT ( $, .RADIAN. ) );
#1183 = VECTOR ( 'NONE', #2233, 1000.000000000000000 ) ;
#1184 =( NAMED_UNIT ( * ) SI_UNIT ( $, .STERADIAN. ) SOLID_ANGLE_UNIT ( ) );
#1185 = EDGE_CURVE ( 'NONE', #1846, #792, #305, .T. ) ;
#1186 = CARTESIAN_POINT ( 'NONE',  ( 0.000000000000000000, 0.000000000000000000, 0.000000000000000000 ) ) ;
#1187 = EDGE_CURVE ( 'NONE', #806, #1705, #117, .T. ) ;
#1188 = LINE ( 'NONE', #2699, #561 ) ;
#1189 = VECTOR ( 'NONE', #1006, 1000.000000000000000 ) ;
#1190 = FILL_AREA_STYLE ('',( #2114 ) ) ;
#1191 = AXIS2_PLACEMENT_3D ( 'NONE', #1716, #1043, #2725 ) ;
#1192 = ORIENTED_EDGE ( 'NONE', *, *, #770, .F. ) ;
#1193 = STYLED_ITEM ( 'NONE', ( #1561 ), #1082 ) ;
#1194 = FACE_OUTER_BOUND ( 'NONE', #906, .T. ) ;
#1195 = DIRECTION ( 'NONE',  ( 1.000000000000000000, 0.000000000000000000, 0.000000000000000000 ) ) ;
#1196 = DIRECTION ( 'NONE',  ( -0.000000000000000000, -1.000000000000000000, -0.000000000000000000 ) ) ;
#1197 = VERTEX_POINT ( 'NONE', #104 ) ;
#1198 = UNCERTAINTY_MEASURE_WITH_UNIT (LENGTH_MEASURE( 1.000000000000000082E-05 ), #293, 'distance_accuracy_value', 'NONE');
#1199 = CARTESIAN_POINT ( 'NONE',  ( 0.8250000000000000666, -0.4183650660873066141, 0.3800000000000000044 ) ) ;
#1200 = ORIENTED_EDGE ( 'NONE', *, *, #1471, .T. ) ;
#1201 = PLANE ( 'NONE',  #2078 ) ;
#1202 = CARTESIAN_POINT ( 'NONE',  ( 2.247494315603297821, 1.170753927952686180, 0.3800322378156726910 ) ) ;
#1203 = STYLED_ITEM ( 'NONE', ( #2522 ), #1485 ) ;
#1204 =( NAMED_UNIT ( * ) SI_UNIT ( $, .STERADIAN. ) SOLID_ANGLE_UNIT ( ) );
#1205 = ORIENTED_EDGE ( 'NONE', *, *, #95, .F. ) ;
#1206 = EDGE_CURVE ( 'NONE', #837, #2256, #2459, .T. ) ;
#1207 = DIRECTION ( 'NONE',  ( -1.000000000000000000, 4.824036362560642035E-17, 0.000000000000000000 ) ) ;
#1208 = SURFACE_STYLE_USAGE ( .BOTH. , #1239 ) ;
#1209 = DIRECTION ( 'NONE',  ( 8.673617379884030739E-15, 1.000000000000000000, 0.000000000000000000 ) ) ;
#1210 = FACE_OUTER_BOUND ( 'NONE', #742, .T. ) ;
#1211 = ORIENTED_EDGE ( 'NONE', *, *, #2611, .T. ) ;
#1212 = ADVANCED_FACE ( 'NONE', ( #1390 ), #1592, .T. ) ;
#1213 = FILL_AREA_STYLE_COLOUR ( '', #1523 ) ;
#1214 = ORIENTED_EDGE ( 'NONE', *, *, #1858, .F. ) ;
#1215 = DIRECTION ( 'NONE',  ( 1.381149264312744580E-16, 1.000000000000000000, 0.000000000000000000 ) ) ;
#1216 = DIRECTION ( 'NONE',  ( -1.327594496921025224E-16, -1.000000000000000000, 0.000000000000000000 ) ) ;
#1217 = AXIS2_PLACEMENT_3D ( 'NONE', #1717, #1694, #440 ) ;
#1218 = VECTOR ( 'NONE', #1547, 1000.000000000000000 ) ;
#1219 = PRESENTATION_STYLE_ASSIGNMENT (( #383 ) ) ;
#1220 = VERTEX_POINT ( 'NONE', #2264 ) ;
#1221 = CARTESIAN_POINT ( 'NONE',  ( 2.247500000000000053, -1.170251321222675500, 0.3800000000000005596 ) ) ;
#1222 = SPHERICAL_SURFACE ( 'NONE', #1640, 0.05000000000000000278 ) ;
#1223 = VECTOR ( 'NONE', #2485, 1000.000000000000000 ) ;
#1224 = SURFACE_STYLE_USAGE ( .BOTH. , #388 ) ;
#1225 = VERTEX_POINT ( 'NONE', #2484 ) ;
#1226 = UNCERTAINTY_MEASURE_WITH_UNIT (LENGTH_MEASURE( 1.000000000000000082E-05 ), #1505, 'distance_accuracy_value', 'NONE');
#1227 = DIRECTION ( 'NONE',  ( 0.000000000000000000, -1.000000000000000000, 0.000000000000000000 ) ) ;
#1228 = EDGE_CURVE ( 'NONE', #1444, #862, #1833, .T. ) ;
#1229 = ORIENTED_EDGE ( 'NONE', *, *, #110, .T. ) ;
#1230 = PLANE ( 'NONE',  #1419 ) ;
#1231 =( LENGTH_UNIT ( ) NAMED_UNIT ( * ) SI_UNIT ( .MILLI., .METRE. ) );
#1232 = VECTOR ( 'NONE', #1462, 1000.000000000000000 ) ;
#1233 = DIRECTION ( 'NONE',  ( -1.000000000000000000, 4.824036362560642035E-17, 0.000000000000000000 ) ) ;
#1234 = CARTESIAN_POINT ( 'NONE',  ( 2.247500000000000053, -1.219999999999999973, 0.000000000000000000 ) ) ;
#1235 = ORIENTED_EDGE ( 'NONE', *, *, #1780, .T. ) ;
#1236 = AXIS2_PLACEMENT_3D ( 'NONE', #900, #1624, #2466 ) ;
#1237 = EDGE_CURVE ( 'NONE', #491, #1985, #532, .T. ) ;
#1238 = FACE_OUTER_BOUND ( 'NONE', #2362, .T. ) ;
#1239 = SURFACE_SIDE_STYLE ('',( #1254 ) ) ;
#1240 = SURFACE_STYLE_FILL_AREA ( #2075 ) ;
#1241 = ORIENTED_EDGE ( 'NONE', *, *, #1173, .T. ) ;
#1242 = EDGE_CURVE ( 'NONE', #1903, #275, #814, .T. ) ;
#1243 = MECHANICAL_DESIGN_GEOMETRIC_PRESENTATION_REPRESENTATION (  '', ( #2249 ), #59 ) ;
#1244 = EDGE_LOOP ( 'NONE', ( #1387, #1618, #1037, #1302 ) ) ;
#1245 = ORIENTED_EDGE ( 'NONE', *, *, #943, .T. ) ;
#1246 = CARTESIAN_POINT ( 'NONE',  ( 2.198253927952686482, -1.219994315603297963, 0.3800322378156713032 ) ) ;
#1247 =( LENGTH_UNIT ( ) NAMED_UNIT ( * ) SI_UNIT ( .MILLI., .METRE. ) );
#1248 = SURFACE_STYLE_FILL_AREA ( #796 ) ;
#1249 = DIRECTION ( 'NONE',  ( 1.000000000000000000, 0.000000000000000000, 0.000000000000000000 ) ) ;
#1250 = MECHANICAL_DESIGN_GEOMETRIC_PRESENTATION_REPRESENTATION (  '', ( #235 ), #2468 ) ;
#1251 = ORIENTED_EDGE ( 'NONE', *, *, #704, .T. ) ;
#1252 = DIRECTION ( 'NONE',  ( 0.000000000000000000, -1.000000000000000000, -0.000000000000000000 ) ) ;
#1253 = STYLED_ITEM ( 'NONE', ( #1545 ), #1552 ) ;
#1254 = SURFACE_STYLE_FILL_AREA ( #1024 ) ;
#1255 = FILL_AREA_STYLE_COLOUR ( '', #2098 ) ;
#1256 = ORIENTED_EDGE ( 'NONE', *, *, #730, .F. ) ;
#1257 = UNCERTAINTY_MEASURE_WITH_UNIT (LENGTH_MEASURE( 1.000000000000000082E-05 ), #911, 'distance_accuracy_value', 'NONE');
#1258 = SURFACE_STYLE_FILL_AREA ( #420 ) ;
#1259 = ORIENTED_EDGE ( 'NONE', *, *, #1735, .T. ) ;
#1260 = DIRECTION ( 'NONE',  ( 0.000000000000000000, 0.000000000000000000, 1.000000000000000000 ) ) ;
#1261 = DIRECTION ( 'NONE',  ( 1.000000000000000000, -4.824036362560642651E-17, -0.000000000000000000 ) ) ;
#1262 = DIRECTION ( 'NONE',  ( 0.000000000000000000, 0.000000000000000000, -1.000000000000000000 ) ) ;
#1263 = CARTESIAN_POINT ( 'NONE',  ( 2.247500000000000053, -1.219999999999999973, 0.3800000000000000044 ) ) ;
#1264 = EDGE_CURVE ( 'NONE', #1656, #1754, #787, .T. ) ;
#1265 = PRESENTATION_LAYER_ASSIGNMENT (  '', '', ( #2315 ) ) ;
#1266 =( LENGTH_UNIT ( ) NAMED_UNIT ( * ) SI_UNIT ( .MILLI., .METRE. ) );
#1267 = ORIENTED_EDGE ( 'NONE', *, *, #2142, .F. ) ;
#1268 = MECHANICAL_DESIGN_GEOMETRIC_PRESENTATION_REPRESENTATION (  '', ( #32 ), #2128 ) ;
#1269 = CARTESIAN_POINT ( 'NONE',  ( 0.2049999999999999878, 0.000000000000000000, 0.3800000000000000044 ) ) ;
#1270 = ORIENTED_EDGE ( 'NONE', *, *, #2678, .T. ) ;
#1271 = LINE ( 'NONE', #394, #190 ) ;
#1272 = EDGE_CURVE ( 'NONE', #2201, #2416, #1000, .T. ) ;
#1273 = CARTESIAN_POINT ( 'NONE',  ( -0.8250000000000000666, -0.4183650660873066141, 0.3800000000000000044 ) ) ;
#1274 = MECHANICAL_DESIGN_GEOMETRIC_PRESENTATION_REPRESENTATION (  '', ( #903 ), #2092 ) ;
#1275 = PRESENTATION_LAYER_ASSIGNMENT (  '', '', ( #1134 ) ) ;
#1276 =( NAMED_UNIT ( * ) SI_UNIT ( $, .STERADIAN. ) SOLID_ANGLE_UNIT ( ) );
#1277 = CARTESIAN_POINT ( 'NONE',  ( 1.295000000000000373, 1.788588297285004786E-16, 0.3800000000000000044 ) ) ;
#1278 = ORIENTED_EDGE ( 'NONE', *, *, #884, .F. ) ;
#1279 = CARTESIAN_POINT ( 'NONE',  ( -2.247500000000000053, 1.169999999999999263, 0.3800000000000000044 ) ) ;
#1280 = CARTESIAN_POINT ( 'NONE',  ( 2.197499999999999787, -1.219999999999999973, 0.3800000000000000044 ) ) ;
#1281 = ORIENTED_EDGE ( 'NONE', *, *, #527, .T. ) ;
#1282 = STYLED_ITEM ( 'NONE', ( #146 ), #1212 ) ;
#1283 =( BOUNDED_CURVE ( )  B_SPLINE_CURVE ( 3, ( #1286, #1731, #223, #1246 ),
 .UNSPECIFIED., .F., .T. ) 
 B_SPLINE_CURVE_WITH_KNOTS ( ( 4, 4 ),
 ( 4.824036362560643884E-17, 0.01507913049645932466 ),
 .UNSPECIFIED. ) 
 CURVE ( )  GEOMETRIC_REPRESENTATION_ITEM ( )  RATIONAL_B_SPLINE_CURVE ( ( 1.000000000000000000, 0.9999810517417158096, 0.9999810517417158096, 1.000000000000000000 ) ) 
 REPRESENTATION_ITEM ( '' )  );
#1284 = PRESENTATION_STYLE_ASSIGNMENT (( #879 ) ) ;
#1285 = VECTOR ( 'NONE', #580, 999.9999999999998863 ) ;
#1286 = CARTESIAN_POINT ( 'NONE',  ( 2.197499999999999787, -1.219999999999999973, 0.3800000000000000044 ) ) ;
#1287 = LINE ( 'NONE', #2396, #2013 ) ;
#1288 = FILL_AREA_STYLE ('',( #678 ) ) ;
#1289 = FACE_OUTER_BOUND ( 'NONE', #1807, .T. ) ;
#1290 = FILL_AREA_STYLE_COLOUR ( '', #2668 ) ;
#1291 = LINE ( 'NONE', #1319, #1737 ) ;
#1292 = ORIENTED_EDGE ( 'NONE', *, *, #822, .F. ) ;
#1293 = CARTESIAN_POINT ( 'NONE',  ( 2.247500000000000053, 1.169999999999999041, 0.3800000000000000044 ) ) ;
#1294 = SURFACE_STYLE_USAGE ( .BOTH. , #670 ) ;
#1295 = SURFACE_STYLE_USAGE ( .BOTH. , #1053 ) ;
#1296 = FILL_AREA_STYLE ('',( #1092 ) ) ;
#1297 = ORIENTED_EDGE ( 'NONE', *, *, #329, .T. ) ;
#1298 = EDGE_CURVE ( 'NONE', #799, #2253, #1657, .T. ) ;
#1299 = DIRECTION ( 'NONE',  ( 0.1710878697460358200, -0.1710878697460357922, -0.9702875252478136980 ) ) ;
#1300 = CARTESIAN_POINT ( 'NONE',  ( -1.295000000000000373, -0.6899999999999998357, 0.000000000000000000 ) ) ;
#1301 = DIRECTION ( 'NONE',  ( -1.000000000000000000, 1.381149264312744580E-16, 0.000000000000000000 ) ) ;
#1302 = ORIENTED_EDGE ( 'NONE', *, *, #2372, .T. ) ;
#1303 = SURFACE_STYLE_FILL_AREA ( #472 ) ;
#1304 = EDGE_CURVE ( 'NONE', #108, #1197, #2513, .T. ) ;
#1305 = DIRECTION ( 'NONE',  ( 0.000000000000000000, -1.000000000000000000, -0.000000000000000000 ) ) ;
#1306 = ORIENTED_EDGE ( 'NONE', *, *, #496, .T. ) ;
#1307 = UNCERTAINTY_MEASURE_WITH_UNIT (LENGTH_MEASURE( 1.000000000000000082E-05 ), #2383, 'distance_accuracy_value', 'NONE');
#1308 =( NAMED_UNIT ( * ) SI_UNIT ( $, .STERADIAN. ) SOLID_ANGLE_UNIT ( ) );
#1309 = SURFACE_SIDE_STYLE ('',( #450 ) ) ;
#1310 = FACE_OUTER_BOUND ( 'NONE', #1529, .T. ) ;
#1311 = ORIENTED_EDGE ( 'NONE', *, *, #574, .F. ) ;
#1312 = EDGE_CURVE ( 'NONE', #195, #1320, #1684, .T. ) ;
#1313 = CARTESIAN_POINT ( 'NONE',  ( 2.247500000000000053, 1.169999999999999041, 0.3800000000000000044 ) ) ;
#1314 =( NAMED_UNIT ( * ) SI_UNIT ( $, .STERADIAN. ) SOLID_ANGLE_UNIT ( ) );
#1315 =( NAMED_UNIT ( * ) PLANE_ANGLE_UNIT ( ) SI_UNIT ( $, .RADIAN. ) );
#1316 = DIRECTION ( 'NONE',  ( -1.000000000000000000, 0.000000000000000000, 0.000000000000000000 ) ) ;
#1317 = LINE ( 'NONE', #1747, #650 ) ;
#1318 = DIRECTION ( 'NONE',  ( -1.000000000000000000, 4.824036362560642035E-17, 0.000000000000000000 ) ) ;
#1319 = CARTESIAN_POINT ( 'NONE',  ( -0.5364957350010770565, -0.6547592826975169311, 0.000000000000000000 ) ) ;
#1320 = VERTEX_POINT ( 'NONE', #591 ) ;
#1321 = VECTOR ( 'NONE', #980, 1000.000000000000000 ) ;
#1322 = SURFACE_STYLE_USAGE ( .BOTH. , #475 ) ;
#1323 = FILL_AREA_STYLE ('',( #2584 ) ) ;
#1324 = ORIENTED_EDGE ( 'NONE', *, *, #478, .F. ) ;
#1325 = PRESENTATION_LAYER_ASSIGNMENT (  '', '', ( #2547 ) ) ;
#1326 = ADVANCED_FACE ( 'NONE', ( #1238 ), #2088, .F. ) ;
#1327 = SURFACE_SIDE_STYLE ('',( #294 ) ) ;
#1328 = CARTESIAN_POINT ( 'NONE',  ( -1.295000000000000373, 1.788588297285004786E-16, 0.3800000000000000044 ) ) ;
#1329 = EDGE_CURVE ( 'NONE', #2227, #1596, #2621, .T. ) ;
#1330 = PRESENTATION_LAYER_ASSIGNMENT (  '', '', ( #1193 ) ) ;
#1331 =( NAMED_UNIT ( * ) PLANE_ANGLE_UNIT ( ) SI_UNIT ( $, .RADIAN. ) );
#1332 = DIRECTION ( 'NONE',  ( -1.381149264312744580E-16, -1.000000000000000000, 0.000000000000000000 ) ) ;
#1333 = ORIENTED_EDGE ( 'NONE', *, *, #2439, .F. ) ;
#1334 = STYLED_ITEM ( 'NONE', ( #444 ), #1389 ) ;
#1335 = DIRECTION ( 'NONE',  ( 1.000000000000000000, -0.000000000000000000, -0.000000000000000000 ) ) ;
#1336 = PRESENTATION_LAYER_ASSIGNMENT (  '', '', ( #2556 ) ) ;
#1337 = ORIENTED_EDGE ( 'NONE', *, *, #408, .T. ) ;
#1338 = DIRECTION ( 'NONE',  ( 0.000000000000000000, 0.000000000000000000, 1.000000000000000000 ) ) ;
#1339 = CARTESIAN_POINT ( 'NONE',  ( 0.000000000000000000, -0.6899999999999998357, 0.3800000000000000044 ) ) ;
#1340 = DIRECTION ( 'NONE',  ( -0.1710878697460358477, 0.1710878697460358477, -0.9702875252478136980 ) ) ;
#1341 = ORIENTED_EDGE ( 'NONE', *, *, #1772, .T. ) ;
#1342 = CARTESIAN_POINT ( 'NONE',  ( 2.248941318300683001, -1.172200930650072914, 0.3718258777250522118 ) ) ;
#1343 = AXIS2_PLACEMENT_3D ( 'NONE', #894, #34, #1057 ) ;
#1344 = CARTESIAN_POINT ( 'NONE',  ( -0.8250000000000000666, 9.428274908110979445E-17, 0.3800000000000000044 ) ) ;
#1345 = FACE_OUTER_BOUND ( 'NONE', #1011, .T. ) ;
#1346 = EDGE_CURVE ( 'NONE', #1893, #850, #2321, .T. ) ;
#1347 = CARTESIAN_POINT ( 'NONE',  ( -0.2050000000000001821, -1.219999999999999751, 0.3800000000000000044 ) ) ;
#1348 = ORIENTED_EDGE ( 'NONE', *, *, #1228, .F. ) ;
#1349 = CARTESIAN_POINT ( 'NONE',  ( -0.8250000000000000666, 9.428274908110979445E-17, 0.3800000000000000044 ) ) ;
#1350 =( GEOMETRIC_REPRESENTATION_CONTEXT ( 3 ) GLOBAL_UNCERTAINTY_ASSIGNED_CONTEXT ( ( #2597 ) ) GLOBAL_UNIT_ASSIGNED_CONTEXT ( ( #1231, #2097, #546 ) ) REPRESENTATION_CONTEXT ( 'NONE', 'WORKASPACE' ) );
#1351 = ORIENTED_EDGE ( 'NONE', *, *, #2113, .F. ) ;
#1352 = MECHANICAL_DESIGN_GEOMETRIC_PRESENTATION_REPRESENTATION (  '', ( #2572 ), #466 ) ;
#1353 =( LENGTH_UNIT ( ) NAMED_UNIT ( * ) SI_UNIT ( .MILLI., .METRE. ) );
#1354 = LINE ( 'NONE', #2246, #982 ) ;
#1355 = DIRECTION ( 'NONE',  ( -1.142821200983148897E-16, -1.000000000000000000, 0.000000000000000000 ) ) ;
#1356 = EDGE_CURVE ( 'NONE', #1881, #747, #2499, .T. ) ;
#1357 = CARTESIAN_POINT ( 'NONE',  ( -2.197499999999999343, -1.169999999999999707, 0.000000000000000000 ) ) ;
#1358 = LINE ( 'NONE', #2346, #1691 ) ;
#1359 = CARTESIAN_POINT ( 'NONE',  ( -1.705000000000000071, 2.354859495653229448E-16, 0.3800000000000000044 ) ) ;
#1360 = DIRECTION ( 'NONE',  ( 0.9848077530122077983, 0.000000000000000000, 0.1736481776669312749 ) ) ;
#1361 = ORIENTED_EDGE ( 'NONE', *, *, #574, .T. ) ;
#1362 = ADVANCED_FACE ( 'NONE', ( #1876 ), #2115, .F. ) ;
#1363 = FILL_AREA_STYLE_COLOUR ( '', #2120 ) ;
#1364 = ORIENTED_EDGE ( 'NONE', *, *, #464, .T. ) ;
#1365 = CARTESIAN_POINT ( 'NONE',  ( 1.705000000000000071, 2.354859495653229448E-16, 0.000000000000000000 ) ) ;
#1366 = SURFACE_SIDE_STYLE ('',( #518 ) ) ;
#1367 = LINE ( 'NONE', #322, #155 ) ;
#1368 = DIRECTION ( 'NONE',  ( 1.142821200983148897E-16, -1.000000000000000000, 0.000000000000000000 ) ) ;
#1369 = PRESENTATION_LAYER_ASSIGNMENT (  '', '', ( #405 ) ) ;
#1370 = FACE_OUTER_BOUND ( 'NONE', #581, .T. ) ;
#1371 = EDGE_CURVE ( 'NONE', #2416, #610, #2074, .T. ) ;
#1372 = VECTOR ( 'NONE', #1215, 1000.000000000000000 ) ;
#1373 = CARTESIAN_POINT ( 'NONE',  ( 0.000000000000000000, 1.829048407783819608, 0.3800000000000000044 ) ) ;
#1374 = VECTOR ( 'NONE', #971, 1000.000000000000000 ) ;
#1375 = DIRECTION ( 'NONE',  ( 1.000000000000000000, 0.000000000000000000, 0.000000000000000000 ) ) ;
#1376 = ORIENTED_EDGE ( 'NONE', *, *, #704, .F. ) ;
#1377 = PRESENTATION_LAYER_ASSIGNMENT (  '', '', ( #2533 ) ) ;
#1378 = ADVANCED_FACE ( 'NONE', ( #1194 ), #2705, .F. ) ;
#1379 = ORIENTED_EDGE ( 'NONE', *, *, #2508, .T. ) ;
#1380 = ADVANCED_FACE ( 'NONE', ( #1521 ), #2582, .T. ) ;
#1381 = CARTESIAN_POINT ( 'NONE',  ( 2.247500000000000053, 1.219999999999998863, 0.3800000000000000044 ) ) ;
#1382 = CARTESIAN_POINT ( 'NONE',  ( 1.295000000000000595, -2.259999999999999787, 0.3800000000000000044 ) ) ;
#1383 = VECTOR ( 'NONE', #908, 999.9999999999998863 ) ;
#1384 = FACE_OUTER_BOUND ( 'NONE', #1014, .T. ) ;
#1385 = DIRECTION ( 'NONE',  ( 0.000000000000000000, -0.000000000000000000, 1.000000000000000000 ) ) ;
#1386 = DIRECTION ( 'NONE',  ( 0.000000000000000000, 0.000000000000000000, -1.000000000000000000 ) ) ;
#1387 = ORIENTED_EDGE ( 'NONE', *, *, #667, .F. ) ;
#1388 =( GEOMETRIC_REPRESENTATION_CONTEXT ( 3 ) GLOBAL_UNCERTAINTY_ASSIGNED_CONTEXT ( ( #1904 ) ) GLOBAL_UNIT_ASSIGNED_CONTEXT ( ( #1905, #805, #1919 ) ) REPRESENTATION_CONTEXT ( 'NONE', 'WORKASPACE' ) );
#1389 = ADVANCED_FACE ( 'NONE', ( #621 ), #1475, .T. ) ;
#1390 = FACE_OUTER_BOUND ( 'NONE', #1439, .T. ) ;
#1391 = AXIS2_PLACEMENT_3D ( 'NONE', #1339, #2179, #2375 ) ;
#1392 = SHAPE_DEFINITION_REPRESENTATION ( #1154, #987 ) ;
#1393 = ORIENTED_EDGE ( 'NONE', *, *, #1423, .F. ) ;
#1394 = PRESENTATION_LAYER_ASSIGNMENT (  '', '', ( #1889 ) ) ;
#1395 = ADVANCED_FACE ( 'NONE', ( #115 ), #928, .T. ) ;
#1396 = SURFACE_STYLE_FILL_AREA ( #1650 ) ;
#1397 = CARTESIAN_POINT ( 'NONE',  ( -2.199700930650073438, 1.172200930650072914, 0.3631434688417056744 ) ) ;
#1398 = ORIENTED_EDGE ( 'NONE', *, *, #889, .T. ) ;
#1399 = VECTOR ( 'NONE', #2711, 1000.000000000000000 ) ;
#1400 = ADVANCED_FACE ( 'NONE', ( #1805 ), #945, .T. ) ;
#1401 = STYLED_ITEM ( 'NONE', ( #566 ), #2473 ) ;
#1402 = CARTESIAN_POINT ( 'NONE',  ( 2.226844369904814602, -1.219563163919206161, 0.3824774205231613600 ) ) ;
#1403 = COLOUR_RGB ( '',0.2862745098039215508, 0.2862745098039215508, 0.2862745098039215508 ) ;
#1404 = PLANE ( 'NONE',  #2633 ) ;
#1405 = ORIENTED_EDGE ( 'NONE', *, *, #2728, .F. ) ;
#1406 = FILL_AREA_STYLE_COLOUR ( '', #1744 ) ;
#1407 = ORIENTED_EDGE ( 'NONE', *, *, #1149, .T. ) ;
#1408 = SURFACE_STYLE_USAGE ( .BOTH. , #134 ) ;
#1409 = VECTOR ( 'NONE', #2332, 1000.000000000000000 ) ;
#1410 = SURFACE_STYLE_FILL_AREA ( #1139 ) ;
#1411 = DIRECTION ( 'NONE',  ( 0.000000000000000000, 0.000000000000000000, 1.000000000000000000 ) ) ;
#1412 = VERTEX_POINT ( 'NONE', #1606 ) ;
#1413 = EDGE_CURVE ( 'NONE', #16, #514, #1535, .T. ) ;
#1414 = DIRECTION ( 'NONE',  ( 0.000000000000000000, 1.000000000000000000, -0.000000000000000000 ) ) ;
#1415 = AXIS2_PLACEMENT_3D ( 'NONE', #1277, #242, #1499 ) ;
#1416 = DIRECTION ( 'NONE',  ( 1.000000000000000000, 0.000000000000000000, -0.000000000000000000 ) ) ;
#1417 = EDGE_CURVE ( 'NONE', #257, #1093, #2262, .T. ) ;
#1418 = EDGE_CURVE ( 'NONE', #2637, #2087, #1828, .T. ) ;
#1419 = AXIS2_PLACEMENT_3D ( 'NONE', #2136, #1436, #2316 ) ;
#1420 =( LENGTH_UNIT ( ) NAMED_UNIT ( * ) SI_UNIT ( .MILLI., .METRE. ) );
#1421 = DIRECTION ( 'NONE',  ( -0.000000000000000000, 0.000000000000000000, -1.000000000000000000 ) ) ;
#1422 =( GEOMETRIC_REPRESENTATION_CONTEXT ( 3 ) GLOBAL_UNCERTAINTY_ASSIGNED_CONTEXT ( ( #403 ) ) GLOBAL_UNIT_ASSIGNED_CONTEXT ( ( #2046, #2490, #2258 ) ) REPRESENTATION_CONTEXT ( 'NONE', 'WORKASPACE' ) );
#1423 = EDGE_CURVE ( 'NONE', #2320, #2237, #302, .T. ) ;
#1424 = ORIENTED_EDGE ( 'NONE', *, *, #2259, .T. ) ;
#1425 = VECTOR ( 'NONE', #1177, 1000.000000000000000 ) ;
#1426 = CARTESIAN_POINT ( 'NONE',  ( 2.247500000000000053, 1.219999999999998863, 0.3800000000000000044 ) ) ;
#1427 = DIRECTION ( 'NONE',  ( 1.000000000000000000, 0.000000000000000000, -8.673617379884013384E-15 ) ) ;
#1428 = CARTESIAN_POINT ( 'NONE',  ( -0.000000000000000000, 1.829048407783819608, 0.3800000000000000044 ) ) ;
#1429 = LINE ( 'NONE', #1344, #438 ) ;
#1430 = ORIENTED_EDGE ( 'NONE', *, *, #926, .T. ) ;
#1431 = UNCERTAINTY_MEASURE_WITH_UNIT (LENGTH_MEASURE( 1.000000000000000082E-05 ), #950, 'distance_accuracy_value', 'NONE');
#1432 = CARTESIAN_POINT ( 'NONE',  ( 0.8250000000000000666, 9.428274908110979445E-17, 0.000000000000000000 ) ) ;
#1433 = LINE ( 'NONE', #2692, #1637 ) ;
#1434 = EDGE_LOOP ( 'NONE', ( #2263, #1017, #1997, #175, #166, #2577 ) ) ;
#1435 = VECTOR ( 'NONE', #645, 1000.000000000000000 ) ;
#1436 = DIRECTION ( 'NONE',  ( 1.000000000000000000, 1.142821200983148897E-16, 0.000000000000000000 ) ) ;
#1437 = VECTOR ( 'NONE', #161, 1000.000000000000114 ) ;
#1438 = FILL_AREA_STYLE ('',( #1465 ) ) ;
#1439 = EDGE_LOOP ( 'NONE', ( #569, #2512, #590, #1180 ) ) ;
#1440 = CARTESIAN_POINT ( 'NONE',  ( -2.068127519661879354, 1.089867907312489947, 1.118015771407479653 ) ) ;
#1441 = CARTESIAN_POINT ( 'NONE',  ( -2.247494315603297377, -1.170753927952686180, 0.3800322378156751335 ) ) ;
#1442 = DIRECTION ( 'NONE',  ( 1.000000000000000000, 0.000000000000000000, 0.000000000000000000 ) ) ;
#1443 = CARTESIAN_POINT ( 'NONE',  ( 2.247500000000000053, 1.219999999999998863, 0.000000000000000000 ) ) ;
#1444 = VERTEX_POINT ( 'NONE', #1779 ) ;
#1445 = CARTESIAN_POINT ( 'NONE',  ( -2.247500000000000053, -1.169999999999999707, 0.3800000000000000044 ) ) ;
#1446 = ORIENTED_EDGE ( 'NONE', *, *, #539, .F. ) ;
#1447 = DIRECTION ( 'NONE',  ( -0.000000000000000000, -0.000000000000000000, 1.000000000000000000 ) ) ;
#1448 =( GEOMETRIC_REPRESENTATION_CONTEXT ( 3 ) GLOBAL_UNCERTAINTY_ASSIGNED_CONTEXT ( ( #1015 ) ) GLOBAL_UNIT_ASSIGNED_CONTEXT ( ( #1813, #1825, #1184 ) ) REPRESENTATION_CONTEXT ( 'NONE', 'WORKASPACE' ) );
#1449 = EDGE_CURVE ( 'NONE', #1027, #1728, #142, .T. ) ;
#1450 =( GEOMETRIC_REPRESENTATION_CONTEXT ( 3 ) GLOBAL_UNCERTAINTY_ASSIGNED_CONTEXT ( ( #1928 ) ) GLOBAL_UNIT_ASSIGNED_CONTEXT ( ( #2418, #46, #1308 ) ) REPRESENTATION_CONTEXT ( 'NONE', 'WORKASPACE' ) );
#1451 =( NAMED_UNIT ( * ) SI_UNIT ( $, .STERADIAN. ) SOLID_ANGLE_UNIT ( ) );
#1452 = VERTEX_POINT ( 'NONE', #1347 ) ;
#1453 = CARTESIAN_POINT ( 'NONE',  ( 0.000000000000000000, -0.6899999999999998357, 0.3800000000000000044 ) ) ;
#1454 = DIRECTION ( 'NONE',  ( -0.000000000000000000, -1.000000000000000000, 0.000000000000000000 ) ) ;
#1455 = ORIENTED_EDGE ( 'NONE', *, *, #1683, .T. ) ;
#1456 = UNCERTAINTY_MEASURE_WITH_UNIT (LENGTH_MEASURE( 1.000000000000000082E-05 ), #194, 'distance_accuracy_value', 'NONE');
#1457 = SURFACE_SIDE_STYLE ('',( #1906 ) ) ;
#1458 = ORIENTED_EDGE ( 'NONE', *, *, #1528, .T. ) ;
#1459 = ORIENTED_EDGE ( 'NONE', *, *, #2408, .T. ) ;
#1460 = CARTESIAN_POINT ( 'NONE',  ( -2.032381083535672150, 0.9629261019768079466, 1.600000000000000311 ) ) ;
#1461 = CARTESIAN_POINT ( 'NONE',  ( -1.295000000000000373, -0.6899999999999998357, 0.3800000000000000044 ) ) ;
#1462 = DIRECTION ( 'NONE',  ( -1.381149264312744580E-16, 1.000000000000000000, 0.000000000000000000 ) ) ;
#1463 = VECTOR ( 'NONE', #2138, 1000.000000000000000 ) ;
#1464 = AXIS2_PLACEMENT_3D ( 'NONE', #495, #160, #2214 ) ;
#1465 = FILL_AREA_STYLE_COLOUR ( '', #744 ) ;
#1466 = DIRECTION ( 'NONE',  ( -4.750748410662532056E-17, -0.9848077530122080203, 0.1736481776669307198 ) ) ;
#1467 = ORIENTED_EDGE ( 'NONE', *, *, #2158, .T. ) ;
#1468 = EDGE_CURVE ( 'NONE', #243, #526, #1128, .T. ) ;
#1469 = ORIENTED_EDGE ( 'NONE', *, *, #408, .F. ) ;
#1470 = CARTESIAN_POINT ( 'NONE',  ( -2.247494315603297377, -1.170753927952686180, 0.3800322378156751335 ) ) ;
#1471 = EDGE_CURVE ( 'NONE', #593, #2303, #867, .T. ) ;
#1472 = DIRECTION ( 'NONE',  ( -1.381149264312744580E-16, -1.000000000000000000, 0.000000000000000000 ) ) ;
#1473 = PLANE ( 'NONE',  #1538 ) ;
#1474 = SURFACE_STYLE_USAGE ( .BOTH. , #2496 ) ;
#1475 = PLANE ( 'NONE',  #2282 ) ;
#1476 =( GEOMETRIC_REPRESENTATION_CONTEXT ( 3 ) GLOBAL_UNCERTAINTY_ASSIGNED_CONTEXT ( ( #1067 ) ) GLOBAL_UNIT_ASSIGNED_CONTEXT ( ( #1946, #1562, #2213 ) ) REPRESENTATION_CONTEXT ( 'NONE', 'WORKASPACE' ) );
#1477 = FILL_AREA_STYLE ('',( #835 ) ) ;
#1478 = ORIENTED_EDGE ( 'NONE', *, *, #1356, .F. ) ;
#1479 = ADVANCED_FACE ( 'NONE', ( #2235 ), #412, .T. ) ;
#1480 = UNCERTAINTY_MEASURE_WITH_UNIT (LENGTH_MEASURE( 1.000000000000000082E-05 ), #1247, 'distance_accuracy_value', 'NONE');
#1481 = EDGE_LOOP ( 'NONE', ( #531, #2273, #719, #1469 ) ) ;
#1482 = DIRECTION ( 'NONE',  ( 0.000000000000000000, 0.000000000000000000, -1.000000000000000000 ) ) ;
#1483 = FACE_OUTER_BOUND ( 'NONE', #1921, .T. ) ;
#1484 = PRESENTATION_LAYER_ASSIGNMENT (  '', '', ( #544 ) ) ;
#1485 = ADVANCED_FACE ( 'NONE', ( #784 ), #1404, .F. ) ;
#1486 = MECHANICAL_DESIGN_GEOMETRIC_PRESENTATION_REPRESENTATION (  '', ( #2169 ), #1120 ) ;
#1487 = AXIS2_PLACEMENT_3D ( 'NONE', #942, #1385, #1172 ) ;
#1488 = VECTOR ( 'NONE', #232, 1000.000000000000000 ) ;
#1489 = ORIENTED_EDGE ( 'NONE', *, *, #2342, .T. ) ;
#1490 = STYLED_ITEM ( 'NONE', ( #2032 ), #1930 ) ;
#1491 =( LENGTH_UNIT ( ) NAMED_UNIT ( * ) SI_UNIT ( .MILLI., .METRE. ) );
#1492 = PLANE ( 'NONE',  #1391 ) ;
#1493 = ORIENTED_EDGE ( 'NONE', *, *, #1584, .F. ) ;
#1494 = CARTESIAN_POINT ( 'NONE',  ( -0.2050000000000003209, -2.260951592216180472, 0.3800000000000000044 ) ) ;
#1495 = DIRECTION ( 'NONE',  ( 3.823481911038581145E-16, 1.000000000000000000, 2.168404344971015968E-15 ) ) ;
#1496 = VECTOR ( 'NONE', #1262, 1000.000000000000000 ) ;
#1497 = DIRECTION ( 'NONE',  ( -1.000000000000000000, 1.381149264312744580E-16, 0.000000000000000000 ) ) ;
#1498 = ADVANCED_FACE ( 'NONE', ( #355 ), #2099, .F. ) ;
#1499 = DIRECTION ( 'NONE',  ( 1.381149264312744580E-16, -1.000000000000000000, 0.000000000000000000 ) ) ;
#1500 = VERTEX_POINT ( 'NONE', #1313 ) ;
#1501 = PRESENTATION_LAYER_ASSIGNMENT (  '', '', ( #1601 ) ) ;
#1502 = DIRECTION ( 'NONE',  ( -1.381149264312744580E-16, 1.000000000000000000, 0.000000000000000000 ) ) ;
#1503 = EDGE_LOOP ( 'NONE', ( #2432, #1214, #558, #31 ) ) ;
#1504 = VECTOR ( 'NONE', #758, 1000.000000000000000 ) ;
#1505 =( LENGTH_UNIT ( ) NAMED_UNIT ( * ) SI_UNIT ( .MILLI., .METRE. ) );
#1506 = AXIS2_PLACEMENT_3D ( 'NONE', #902, #2673, #287 ) ;
#1507 = CARTESIAN_POINT ( 'NONE',  ( 2.247494315603297821, 1.170753927952686180, 0.3800322378156726910 ) ) ;
#1508 = DIRECTION ( 'NONE',  ( -8.673617379884051249E-15, 0.000000000000000000, 1.000000000000000000 ) ) ;
#1509 = LINE ( 'NONE', #1080, #1695 ) ;
#1510 = EDGE_CURVE ( 'NONE', #2320, #844, #2166, .T. ) ;
#1511 = DIRECTION ( 'NONE',  ( 0.7735034140843624062, 0.6337921334316444222, 0.000000000000000000 ) ) ;
#1512 = ORIENTED_EDGE ( 'NONE', *, *, #1801, .F. ) ;
#1513 = AXIS2_PLACEMENT_3D ( 'NONE', #135, #111, #721 ) ;
#1514 = DIRECTION ( 'NONE',  ( 0.000000000000000000, -0.000000000000000000, 1.000000000000000000 ) ) ;
#1515 = SURFACE_SIDE_STYLE ('',( #1556 ) ) ;
#1516 = ORIENTED_EDGE ( 'NONE', *, *, #2105, .F. ) ;
#1517 =( NAMED_UNIT ( * ) PLANE_ANGLE_UNIT ( ) SI_UNIT ( $, .RADIAN. ) );
#1518 = FILL_AREA_STYLE_COLOUR ( '', #1936 ) ;
#1519 = SURFACE_SIDE_STYLE ('',( #1763 ) ) ;
#1520 =( GEOMETRIC_REPRESENTATION_CONTEXT ( 3 ) GLOBAL_UNCERTAINTY_ASSIGNED_CONTEXT ( ( #45 ) ) GLOBAL_UNIT_ASSIGNED_CONTEXT ( ( #2241, #503, #2444 ) ) REPRESENTATION_CONTEXT ( 'NONE', 'WORKASPACE' ) );
#1521 = FACE_OUTER_BOUND ( 'NONE', #733, .T. ) ;
#1522 = ORIENTED_EDGE ( 'NONE', *, *, #1748, .F. ) ;
#1523 = COLOUR_RGB ( '',0.2862745098039215508, 0.2862745098039215508, 0.2862745098039215508 ) ;
#1524 = UNCERTAINTY_MEASURE_WITH_UNIT (LENGTH_MEASURE( 1.000000000000000082E-05 ), #1949, 'distance_accuracy_value', 'NONE');
#1525 = DIRECTION ( 'NONE',  ( -1.000000000000000000, 0.000000000000000000, 0.000000000000000000 ) ) ;
#1526 = LINE ( 'NONE', #1280, #2118 ) ;
#1527 =( NAMED_UNIT ( * ) PLANE_ANGLE_UNIT ( ) SI_UNIT ( $, .RADIAN. ) );
#1528 = EDGE_CURVE ( 'NONE', #688, #2227, #494, .T. ) ;
#1529 = EDGE_LOOP ( 'NONE', ( #1765, #119, #1376, #2654 ) ) ;
#1530 = SURFACE_STYLE_USAGE ( .BOTH. , #1327 ) ;
#1531 = CARTESIAN_POINT ( 'NONE',  ( -4.645190530394899190E-17, -0.9629261019768078356, 1.550000000000000488 ) ) ;
#1532 = SURFACE_STYLE_USAGE ( .BOTH. , #675 ) ;
#1533 = CARTESIAN_POINT ( 'NONE',  ( -2.197499999999999343, 1.219999999999999973, 0.3800000000000000044 ) ) ;
#1534 = LINE ( 'NONE', #2200, #821 ) ;
#1535 = LINE ( 'NONE', #536, #1600 ) ;
#1536 = DIRECTION ( 'NONE',  ( 0.000000000000000000, 0.000000000000000000, -1.000000000000000000 ) ) ;
#1537 = VERTEX_POINT ( 'NONE', #1730 ) ;
#1538 = AXIS2_PLACEMENT_3D ( 'NONE', #2154, #1301, #820 ) ;
#1539 = AXIS2_PLACEMENT_3D ( 'NONE', #683, #1305, #1536 ) ;
#1540 =( NAMED_UNIT ( * ) SI_UNIT ( $, .STERADIAN. ) SOLID_ANGLE_UNIT ( ) );
#1541 =( LENGTH_UNIT ( ) NAMED_UNIT ( * ) SI_UNIT ( .MILLI., .METRE. ) );
#1542 = ORIENTED_EDGE ( 'NONE', *, *, #2678, .F. ) ;
#1543 = CARTESIAN_POINT ( 'NONE',  ( 0.4749999999999998668, 1.829048407783819608, 0.3800000000000000044 ) ) ;
#1544 = PRESENTATION_STYLE_ASSIGNMENT (( #1774 ) ) ;
#1545 = PRESENTATION_STYLE_ASSIGNMENT (( #1530 ) ) ;
#1546 = VECTOR ( 'NONE', #2632, 1000.000000000000000 ) ;
#1547 = DIRECTION ( 'NONE',  ( 0.000000000000000000, 0.000000000000000000, 1.000000000000000000 ) ) ;
#1548 = FILL_AREA_STYLE ('',( #2435 ) ) ;
#1549 = CARTESIAN_POINT ( 'NONE',  ( -1.295000000000000373, 1.788588297285004786E-16, 0.3800000000000000044 ) ) ;
#1550 = AXIS2_PLACEMENT_3D ( 'NONE', #163, #1785, #2626 ) ;
#1551 = ORIENTED_EDGE ( 'NONE', *, *, #1615, .F. ) ;
#1552 = MANIFOLD_SOLID_BREP ( 'Boss-Extrude3[1]', #1079 ) ;
#1553 = DIRECTION ( 'NONE',  ( 0.1736481776669307198, 0.000000000000000000, 0.9848077530122080203 ) ) ;
#1554 = ORIENTED_EDGE ( 'NONE', *, *, #1075, .F. ) ;
#1555 = LINE ( 'NONE', #2000, #588 ) ;
#1556 = SURFACE_STYLE_FILL_AREA ( #659 ) ;
#1557 = VERTEX_POINT ( 'NONE', #2420 ) ;
#1558 = PRODUCT_DEFINITION_FORMATION_WITH_SPECIFIED_SOURCE ( 'ANY', '', #2177, .NOT_KNOWN. ) ;
#1559 = EDGE_CURVE ( 'NONE', #426, #2270, #168, .T. ) ;
#1560 = VECTOR ( 'NONE', #479, 1000.000000000000000 ) ;
#1561 = PRESENTATION_STYLE_ASSIGNMENT (( #1408 ) ) ;
#1562 =( NAMED_UNIT ( * ) PLANE_ANGLE_UNIT ( ) SI_UNIT ( $, .RADIAN. ) );
#1563 = CARTESIAN_POINT ( 'NONE',  ( 2.247494315603297377, -1.170753927952687290, 0.3800322378156727465 ) ) ;
#1564 = CARTESIAN_POINT ( 'NONE',  ( -2.226844369904815046, 1.219563163919205717, 0.3824774205231627477 ) ) ;
#1565 = FILL_AREA_STYLE_COLOUR ( '', #2465 ) ;
#1566 =( NAMED_UNIT ( * ) PLANE_ANGLE_UNIT ( ) SI_UNIT ( $, .RADIAN. ) );
#1567 = DIRECTION ( 'NONE',  ( 1.142821200983148897E-16, 1.000000000000000000, 0.000000000000000000 ) ) ;
#1568 = PRESENTATION_STYLE_ASSIGNMENT (( #1791 ) ) ;
#1569 = EDGE_CURVE ( 'NONE', #2328, #514, #880, .T. ) ;
#1570 = DIRECTION ( 'NONE',  ( 0.000000000000000000, 0.000000000000000000, -1.000000000000000000 ) ) ;
#1571 = ORIENTED_EDGE ( 'NONE', *, *, #826, .F. ) ;
#1572 =( GEOMETRIC_REPRESENTATION_CONTEXT ( 3 ) GLOBAL_UNCERTAINTY_ASSIGNED_CONTEXT ( ( #2555 ) ) GLOBAL_UNIT_ASSIGNED_CONTEXT ( ( #47, #890, #1540 ) ) REPRESENTATION_CONTEXT ( 'NONE', 'WORKASPACE' ) );
#1573 = CARTESIAN_POINT ( 'NONE',  ( -0.8250000000000000666, -0.4183650660873066141, 0.000000000000000000 ) ) ;
#1574 = MECHANICAL_DESIGN_GEOMETRIC_PRESENTATION_REPRESENTATION (  '', ( #2218 ), #1725 ) ;
#1575 = ORIENTED_EDGE ( 'NONE', *, *, #870, .T. ) ;
#1576 = DIRECTION ( 'NONE',  ( 0.000000000000000000, 0.000000000000000000, 1.000000000000000000 ) ) ;
#1577 = FILL_AREA_STYLE_COLOUR ( '', #823 ) ;
#1578 = STYLED_ITEM ( 'NONE', ( #1107 ), #2391 ) ;
#1579 = DIRECTION ( 'NONE',  ( 1.000000000000000000, -2.412018181280321079E-16, 0.000000000000000000 ) ) ;
#1580 = CARTESIAN_POINT ( 'NONE',  ( -2.198253927952688258, -1.219994315603297741, 0.3800322378156716918 ) ) ;
#1581 = AXIS2_PLACEMENT_3D ( 'NONE', #247, #1908, #423 ) ;
#1582 = DIRECTION ( 'NONE',  ( 1.000000000000000000, 0.000000000000000000, -0.000000000000000000 ) ) ;
#1583 = DIRECTION ( 'NONE',  ( 0.000000000000000000, 0.000000000000000000, -1.000000000000000000 ) ) ;
#1584 = EDGE_CURVE ( 'NONE', #58, #291, #1759, .T. ) ;
#1585 = PRESENTATION_STYLE_ASSIGNMENT (( #955 ) ) ;
#1586 = PRESENTATION_LAYER_ASSIGNMENT (  '', '', ( #2493 ) ) ;
#1587 = LINE ( 'NONE', #525, #740 ) ;
#1588 =( BOUNDED_CURVE ( )  B_SPLINE_CURVE ( 3, ( #782, #1402, #1007, #203 ),
 .UNSPECIFIED., .F., .T. ) 
 B_SPLINE_CURVE_WITH_KNOTS ( ( 4, 4 ),
 ( 5.512866274278596990, 7.053504340080562152 ),
 .UNSPECIFIED. ) 
 CURVE ( )  GEOMETRIC_REPRESENTATION_ITEM ( )  RATIONAL_B_SPLINE_CURVE ( ( 1.000000000000000000, 0.8117923620232444515, 0.8117923620232444515, 1.000000000000000000 ) ) 
 REPRESENTATION_ITEM ( '' )  );
#1589 = ORIENTED_EDGE ( 'NONE', *, *, #2034, .F. ) ;
#1590 =( GEOMETRIC_REPRESENTATION_CONTEXT ( 3 ) GLOBAL_UNCERTAINTY_ASSIGNED_CONTEXT ( ( #2709 ) ) GLOBAL_UNIT_ASSIGNED_CONTEXT ( ( #2659, #281, #2631 ) ) REPRESENTATION_CONTEXT ( 'NONE', 'WORKASPACE' ) );
#1591 = EDGE_CURVE ( 'NONE', #1927, #1093, #246, .T. ) ;
#1592 = PLANE ( 'NONE',  #315 ) ;
#1593 = DIRECTION ( 'NONE',  ( 0.000000000000000000, 0.000000000000000000, -1.000000000000000000 ) ) ;
#1594 = LINE ( 'NONE', #2025, #1895 ) ;
#1595 = PRESENTATION_LAYER_ASSIGNMENT (  '', '', ( #903 ) ) ;
#1596 = VERTEX_POINT ( 'NONE', #1787 ) ;
#1597 = DIRECTION ( 'NONE',  ( -0.9848077530122077983, 0.000000000000000000, 0.1736481776669312749 ) ) ;
#1598 = VECTOR ( 'NONE', #285, 1000.000000000000000 ) ;
#1599 = PLANE ( 'NONE',  #703 ) ;
#1600 = VECTOR ( 'NONE', #1386, 1000.000000000000000 ) ;
#1601 = STYLED_ITEM ( 'NONE', ( #963 ), #846 ) ;
#1602 = CARTESIAN_POINT ( 'NONE',  ( 2.322595265197448609E-16, 0.9629261019768073915, 1.550000000000000488 ) ) ;
#1603 = FACE_OUTER_BOUND ( 'NONE', #702, .T. ) ;
#1604 = AXIS2_PLACEMENT_3D ( 'NONE', #715, #512, #1360 ) ;
#1605 = ADVANCED_FACE ( 'NONE', ( #705 ), #2433, .T. ) ;
#1606 = CARTESIAN_POINT ( 'NONE',  ( -1.295000000000000373, -0.6899999999999998357, 0.000000000000000000 ) ) ;
#1607 = AXIS2_PLACEMENT_3D ( 'NONE', #2059, #272, #665 ) ;
#1608 = ORIENTED_EDGE ( 'NONE', *, *, #2202, .F. ) ;
#1609 = EDGE_CURVE ( 'NONE', #2341, #73, #2005, .T. ) ;
#1610 = CARTESIAN_POINT ( 'NONE',  ( -0.8250000000000000666, -0.4183650660873066141, 0.000000000000000000 ) ) ;
#1611 = CARTESIAN_POINT ( 'NONE',  ( 0.8250000000000000666, -0.4183650660873066141, 0.3800000000000000044 ) ) ;
#1612 = LINE ( 'NONE', #553, #2733 ) ;
#1613 = APPLICATION_PROTOCOL_DEFINITION ( 'draft international standard', 'automotive_design', 1998, #35 ) ;
#1614 = EDGE_LOOP ( 'NONE', ( #1692, #2108, #583, #816 ) ) ;
#1615 = EDGE_CURVE ( 'NONE', #73, #275, #2657, .T. ) ;
#1617 = PLANE ( 'NONE',  #174 ) ;
#1616 = AXIS2_PLACEMENT_3D ( 'NONE', #75, #891, #2431 ) ;
#1618 = ORIENTED_EDGE ( 'NONE', *, *, #1719, .F. ) ;
#1619 = AXIS2_PLACEMENT_3D ( 'NONE', #974, #1165, #1845 ) ;
#1620 = SURFACE_STYLE_USAGE ( .BOTH. , #2050 ) ;
#1621 = PRESENTATION_LAYER_ASSIGNMENT (  '', '', ( #69 ) ) ;
#1622 = DIRECTION ( 'NONE',  ( -1.000000000000000000, 2.412018181280321572E-16, 0.000000000000000000 ) ) ;
#1623 = CARTESIAN_POINT ( 'NONE',  ( 1.705000000000000071, -0.6899999999999998357, 0.3800000000000000044 ) ) ;
#1624 = DIRECTION ( 'NONE',  ( -0.1710878697460368192, 0.1710878697460360698, 0.9702875252478138091 ) ) ;
#1625 = ORIENTED_EDGE ( 'NONE', *, *, #70, .T. ) ;
#1626 = DIRECTION ( 'NONE',  ( 0.6337921334316444222, 0.7735034140843624062, -0.000000000000000000 ) ) ;
#1627 = CARTESIAN_POINT ( 'NONE',  ( -1.990426101976808582, 0.000000000000000000, 1.550000000000000488 ) ) ;
#1628 = CARTESIAN_POINT ( 'NONE',  ( -2.199700930650073438, -1.221441318300683143, 0.3718258777250522673 ) ) ;
#1629 = ORIENTED_EDGE ( 'NONE', *, *, #1298, .F. ) ;
#1630 = UNCERTAINTY_MEASURE_WITH_UNIT (LENGTH_MEASURE( 1.000000000000000082E-05 ), #1757, 'distance_accuracy_value', 'NONE');
#1631 =( NAMED_UNIT ( * ) SI_UNIT ( $, .STERADIAN. ) SOLID_ANGLE_UNIT ( ) );
#1632 = EDGE_CURVE ( 'NONE', #2222, #2569, #1633, .T. ) ;
#1633 = LINE ( 'NONE', #2491, #327 ) ;
#1634 = ADVANCED_FACE ( 'NONE', ( #2641 ), #1798, .F. ) ;
#1635 = CARTESIAN_POINT ( 'NONE',  ( -2.197751321222674914, 1.219999999999999751, 0.3799999999999993938 ) ) ;
#1636 = ORIENTED_EDGE ( 'NONE', *, *, #2697, .T. ) ;
#1637 = VECTOR ( 'NONE', #585, 1000.000000000000000 ) ;
#1638 = CARTESIAN_POINT ( 'NONE',  ( 0.8250000000000000666, 9.428274908110979445E-17, 0.3800000000000000044 ) ) ;
#1639 = CARTESIAN_POINT ( 'NONE',  ( -2.247500000000000053, 1.169999999999999263, 0.3800000000000000044 ) ) ;
#1640 = AXIS2_PLACEMENT_3D ( 'NONE', #359, #1646, #1427 ) ;
#1641 = CARTESIAN_POINT ( 'NONE',  ( 1.705000000000000071, 2.354859495653229448E-16, 0.3800000000000000044 ) ) ;
#1642 = MANIFOLD_SOLID_BREP ( 'Boss-Extrude3[2]', #1724 ) ;
#1643 = CARTESIAN_POINT ( 'NONE',  ( 0.000000000000000000, -0.6899999999999998357, 0.3800000000000000044 ) ) ;
#1644 = ORIENTED_EDGE ( 'NONE', *, *, #2113, .T. ) ;
#1645 = CARTESIAN_POINT ( 'NONE',  ( -0.5364957350010770565, -0.6547592826975169311, 0.3800000000000000044 ) ) ;
#1646 = DIRECTION ( 'NONE',  ( -1.880790961315658611E-29, 1.000000000000000000, -2.168404344971012812E-15 ) ) ;
#1647 = PRESENTATION_STYLE_ASSIGNMENT (( #833 ) ) ;
#1648 = LINE ( 'NONE', #507, #8 ) ;
#1649 = ORIENTED_EDGE ( 'NONE', *, *, #810, .F. ) ;
#1650 = FILL_AREA_STYLE ('',( #2268 ) ) ;
#1651 = CARTESIAN_POINT ( 'NONE',  ( -1.705000000000000071, -0.6899999999999998357, 0.000000000000000000 ) ) ;
#1652 = ORIENTED_EDGE ( 'NONE', *, *, #492, .T. ) ;
#1653 = ADVANCED_FACE ( 'NONE', ( #2568 ), #1864, .F. ) ;
#1654 = DIRECTION ( 'NONE',  ( -0.000000000000000000, 0.000000000000000000, -1.000000000000000000 ) ) ;
#1655 = SURFACE_SIDE_STYLE ('',( #616 ) ) ;
#1656 = VERTEX_POINT ( 'NONE', #1931 ) ;
#1657 = LINE ( 'NONE', #2305, #1374 ) ;
#1658 = DIRECTION ( 'NONE',  ( -1.000000000000000000, 0.000000000000000000, 0.000000000000000000 ) ) ;
#1659 = DIRECTION ( 'NONE',  ( 1.000000000000000000, 0.000000000000000000, 0.000000000000000000 ) ) ;
#1660 = ORIENTED_EDGE ( 'NONE', *, *, #481, .T. ) ;
#1661 = UNCERTAINTY_MEASURE_WITH_UNIT (LENGTH_MEASURE( 1.000000000000000082E-05 ), #1838, 'distance_accuracy_value', 'NONE');
#1662 = CARTESIAN_POINT ( 'NONE',  ( 1.705000000000000293, -2.259999999999999787, 0.3800000000000000044 ) ) ;
#1663 = EDGE_CURVE ( 'NONE', #2278, #2329, #61, .T. ) ;
#1664 = ORIENTED_EDGE ( 'NONE', *, *, #781, .T. ) ;
#1665 = LINE ( 'NONE', #2519, #1189 ) ;
#1666 = FILL_AREA_STYLE_COLOUR ( '', #1131 ) ;
#1667 = SURFACE_SIDE_STYLE ('',( #1248 ) ) ;
#1668 = EDGE_LOOP ( 'NONE', ( #1644, #994, #1571, #1649 ) ) ;
#1669 = CARTESIAN_POINT ( 'NONE',  ( 2.247494315603297377, -1.170753927952687290, 0.3800322378156727465 ) ) ;
#1670 =( LENGTH_UNIT ( ) NAMED_UNIT ( * ) SI_UNIT ( .MILLI., .METRE. ) );
#1671 = CARTESIAN_POINT ( 'NONE',  ( -0.000000000000000000, 1.829048407783819608, 0.000000000000000000 ) ) ;
#1672 = EDGE_LOOP ( 'NONE', ( #2532, #439, #1333, #2557 ) ) ;
#1673 = AXIS2_PLACEMENT_3D ( 'NONE', #2710, #1879, #860 ) ;
#1674 = VERTEX_POINT ( 'NONE', #658 ) ;
#1675 = ORIENTED_EDGE ( 'NONE', *, *, #904, .T. ) ;
#1676 = STYLED_ITEM ( 'NONE', ( #356 ), #1887 ) ;
#1677 = DIRECTION ( 'NONE',  ( -0.7071067811865475727, 0.7071067811865475727, 0.000000000000000000 ) ) ;
#1678 = CARTESIAN_POINT ( 'NONE',  ( -0.2050000000000001543, -0.9263797891933148732, 0.3800000000000000044 ) ) ;
#1679 = COLOUR_RGB ( '',0.2862745098039215508, 0.2862745098039215508, 0.2862745098039215508 ) ;
#1680 = SURFACE_STYLE_USAGE ( .BOTH. , #1855 ) ;
#1681 = ORIENTED_EDGE ( 'NONE', *, *, #1745, .T. ) ;
#1682 = COLOUR_RGB ( '',0.2862745098039215508, 0.2862745098039215508, 0.2862745098039215508 ) ;
#1683 = EDGE_CURVE ( 'NONE', #2159, #862, #1526, .T. ) ;
#1684 = LINE ( 'NONE', #1440, #192 ) ;
#1685 =( LENGTH_UNIT ( ) NAMED_UNIT ( * ) SI_UNIT ( .MILLI., .METRE. ) );
#1686 = CARTESIAN_POINT ( 'NONE',  ( 2.247500000000000053, 1.219999999999998863, 0.3800000000000000044 ) ) ;
#1687 = EDGE_LOOP ( 'NONE', ( #960, #1393, #932, #1652 ) ) ;
#1688 = ADVANCED_FACE ( 'NONE', ( #2599 ), #1492, .T. ) ;
#1689 = UNCERTAINTY_MEASURE_WITH_UNIT (LENGTH_MEASURE( 1.000000000000000082E-05 ), #1420, 'distance_accuracy_value', 'NONE');
#1690 = DIRECTION ( 'NONE',  ( 1.000000000000000000, 0.000000000000000000, -0.000000000000000000 ) ) ;
#1691 = VECTOR ( 'NONE', #2068, 1000.000000000000227 ) ;
#1692 = ORIENTED_EDGE ( 'NONE', *, *, #481, .F. ) ;
#1693 = DIRECTION ( 'NONE',  ( 0.9848077530122080203, 0.000000000000000000, -0.1736481776669305532 ) ) ;
#1694 = DIRECTION ( 'NONE',  ( 1.000000000000000000, -0.000000000000000000, -0.000000000000000000 ) ) ;
#1695 = VECTOR ( 'NONE', #37, 1000.000000000000000 ) ;
#1696 = COLOUR_RGB ( '',0.2862745098039215508, 0.2862745098039215508, 0.2862745098039215508 ) ;
#1697 = DIRECTION ( 'NONE',  ( 0.000000000000000000, 1.000000000000000000, 0.000000000000000000 ) ) ;
#1698 = EDGE_CURVE ( 'NONE', #1674, #1220, #233, .T. ) ;
#1699 = CARTESIAN_POINT ( 'NONE',  ( 2.247500000000000053, -1.219999999999999973, 0.3800000000000000044 ) ) ;
#1700 = CIRCLE ( 'NONE', #2333, 0.04999999999999991257 ) ;
#1701 = DIRECTION ( 'NONE',  ( -1.000000000000000000, 2.412018181280321079E-16, 0.000000000000000000 ) ) ;
#1702 = EDGE_CURVE ( 'NONE', #563, #2569, #92, .T. ) ;
#1703 = ORIENTED_EDGE ( 'NONE', *, *, #727, .F. ) ;
#1704 = PRESENTATION_LAYER_ASSIGNMENT (  '', '', ( #1873 ) ) ;
#1705 = VERTEX_POINT ( 'NONE', #289 ) ;
#1707 = FACE_OUTER_BOUND ( 'NONE', #1956, .T. ) ;
#1706 = MECHANICAL_DESIGN_GEOMETRIC_PRESENTATION_REPRESENTATION (  '', ( #2556 ), #1922 ) ;
#1708 =( NAMED_UNIT ( * ) PLANE_ANGLE_UNIT ( ) SI_UNIT ( $, .RADIAN. ) );
#1709 = CYLINDRICAL_SURFACE ( 'NONE', #2607, 0.05000000000000012768 ) ;
#1710 = FILL_AREA_STYLE_COLOUR ( '', #345 ) ;
#1711 = ORIENTED_EDGE ( 'NONE', *, *, #1264, .T. ) ;
#1712 = COLOUR_RGB ( '',0.2862745098039215508, 0.2862745098039215508, 0.2862745098039215508 ) ;
#1713 = UNCERTAINTY_MEASURE_WITH_UNIT (LENGTH_MEASURE( 1.000000000000000082E-05 ), #197, 'distance_accuracy_value', 'NONE');
#1714 = ORIENTED_EDGE ( 'NONE', *, *, #1022, .T. ) ;
#1715 = ADVANCED_FACE ( 'NONE', ( #2363 ), #876, .T. ) ;
#1716 = CARTESIAN_POINT ( 'NONE',  ( 1.990426101976808138, -0.9629261019768080576, 1.550000000000000488 ) ) ;
#1717 = CARTESIAN_POINT ( 'NONE',  ( -1.990426101976808582, 0.9629261019768079466, 1.550000000000000488 ) ) ;
#1718 = LINE ( 'NONE', #2184, #2365 ) ;
#1719 = EDGE_CURVE ( 'NONE', #2044, #2734, #1555, .T. ) ;
#1720 = CARTESIAN_POINT ( 'NONE',  ( 0.2049999999999999878, 0.000000000000000000, 0.3800000000000000044 ) ) ;
#1721 = DIRECTION ( 'NONE',  ( 1.000000000000000000, -4.824036362560642651E-17, -0.000000000000000000 ) ) ;
#1722 = AXIS2_PLACEMENT_3D ( 'NONE', #260, #2163, #1514 ) ;
#1723 = ORIENTED_EDGE ( 'NONE', *, *, #1979, .F. ) ;
#1724 = CLOSED_SHELL ( 'NONE', ( #101, #910, #460, #1395, #1003, #156, #2589, #1941, #1968, #827, #2691, #105 ) ) ;
#1725 =( GEOMETRIC_REPRESENTATION_CONTEXT ( 3 ) GLOBAL_UNCERTAINTY_ASSIGNED_CONTEXT ( ( #656 ) ) GLOBAL_UNIT_ASSIGNED_CONTEXT ( ( #842, #227, #2398 ) ) REPRESENTATION_CONTEXT ( 'NONE', 'WORKASPACE' ) );
#1726 = FILL_AREA_STYLE ('',( #848 ) ) ;
#1727 = PLANE ( 'NONE',  #578 ) ;
#1728 = VERTEX_POINT ( 'NONE', #1573 ) ;
#1729 = EDGE_CURVE ( 'NONE', #2637, #253, #1612, .T. ) ;
#1730 = CARTESIAN_POINT ( 'NONE',  ( 1.990426101976808582, 0.9629261019768070584, 1.600000000000000311 ) ) ;
#1731 = CARTESIAN_POINT ( 'NONE',  ( 2.197751321222675358, -1.219999999999999973, 0.3799999999999994493 ) ) ;
#1732 = DIRECTION ( 'NONE',  ( -2.412018181280321079E-16, -1.000000000000000000, 0.000000000000000000 ) ) ;
#1733 =( LENGTH_UNIT ( ) NAMED_UNIT ( * ) SI_UNIT ( .MILLI., .METRE. ) );
#1734 = SURFACE_SIDE_STYLE ('',( #41 ) ) ;
#1735 = EDGE_CURVE ( 'NONE', #58, #89, #316, .T. ) ;
#1736 = STYLED_ITEM ( 'NONE', ( #1991 ), #603 ) ;
#1737 = VECTOR ( 'NONE', #461, 999.9999999999998863 ) ;
#1738 = ORIENTED_EDGE ( 'NONE', *, *, #14, .F. ) ;
#1739 = UNCERTAINTY_MEASURE_WITH_UNIT (LENGTH_MEASURE( 1.000000000000000082E-05 ), #1685, 'distance_accuracy_value', 'NONE');
#1740 = FACE_OUTER_BOUND ( 'NONE', #406, .T. ) ;
#1741 = CARTESIAN_POINT ( 'NONE',  ( 0.000000000000000000, 0.000000000000000000, 0.3800000000000000044 ) ) ;
#1742 = ORIENTED_EDGE ( 'NONE', *, *, #372, .T. ) ;
#1743 = AXIS2_PLACEMENT_3D ( 'NONE', #1818, #1570, #2648 ) ;
#1744 = COLOUR_RGB ( '',0.2862745098039215508, 0.2862745098039215508, 0.2862745098039215508 ) ;
#1745 = EDGE_CURVE ( 'NONE', #2320, #144, #2472, .T. ) ;
#1746 =( NAMED_UNIT ( * ) PLANE_ANGLE_UNIT ( ) SI_UNIT ( $, .RADIAN. ) );
#1747 = CARTESIAN_POINT ( 'NONE',  ( -1.295000000000000373, 1.788588297285004786E-16, 0.000000000000000000 ) ) ;
#1748 = EDGE_CURVE ( 'NONE', #2278, #610, #973, .T. ) ;
#1749 = FACE_OUTER_BOUND ( 'NONE', #548, .T. ) ;
#1750 = DIRECTION ( 'NONE',  ( -0.9848077530122077983, 0.000000000000000000, -0.1736481776669312749 ) ) ;
#1751 =( GEOMETRIC_REPRESENTATION_CONTEXT ( 3 ) GLOBAL_UNCERTAINTY_ASSIGNED_CONTEXT ( ( #1524 ) ) GLOBAL_UNIT_ASSIGNED_CONTEXT ( ( #1949, #1762, #897 ) ) REPRESENTATION_CONTEXT ( 'NONE', 'WORKASPACE' ) );
#1752 = ADVANCED_FACE ( 'NONE', ( #1133 ), #2277, .T. ) ;
#1753 = CARTESIAN_POINT ( 'NONE',  ( -2.177519933915545991, -1.100779546264935016, 0.7768766765204074831 ) ) ;
#1754 = VERTEX_POINT ( 'NONE', #2225 ) ;
#1755 = ORIENTED_EDGE ( 'NONE', *, *, #770, .T. ) ;
#1756 = DIRECTION ( 'NONE',  ( 1.000000000000000000, 0.000000000000000000, 0.000000000000000000 ) ) ;
#1757 =( LENGTH_UNIT ( ) NAMED_UNIT ( * ) SI_UNIT ( .MILLI., .METRE. ) );
#1758 = ORIENTED_EDGE ( 'NONE', *, *, #2280, .T. ) ;
#1759 = LINE ( 'NONE', #96, #1560 ) ;
#1760 =( NAMED_UNIT ( * ) PLANE_ANGLE_UNIT ( ) SI_UNIT ( $, .RADIAN. ) );
#1761 = CARTESIAN_POINT ( 'NONE',  ( 1.295000000000000595, -1.219999999999999973, 0.3800000000000000044 ) ) ;
#1762 =( NAMED_UNIT ( * ) PLANE_ANGLE_UNIT ( ) SI_UNIT ( $, .RADIAN. ) );
#1763 = SURFACE_STYLE_FILL_AREA ( #1288 ) ;
#1764 = DIRECTION ( 'NONE',  ( 0.000000000000000000, -1.000000000000000000, 0.000000000000000000 ) ) ;
#1765 = ORIENTED_EDGE ( 'NONE', *, *, #1972, .T. ) ;
#1766 = MECHANICAL_DESIGN_GEOMETRIC_PRESENTATION_REPRESENTATION (  '', ( #1889 ), #1520 ) ;
#1767 = DIRECTION ( 'NONE',  ( -1.000000000000000000, -1.381149264312744580E-16, 0.000000000000000000 ) ) ;
#1768 = ORIENTED_EDGE ( 'NONE', *, *, #19, .F. ) ;
#1769 = VECTOR ( 'NONE', #1411, 1000.000000000000000 ) ;
#1770 = EDGE_CURVE ( 'NONE', #341, #2044, #931, .T. ) ;
#1771 = ORIENTED_EDGE ( 'NONE', *, *, #2643, .F. ) ;
#1772 = EDGE_CURVE ( 'NONE', #610, #2091, #1164, .T. ) ;
#1773 = AXIS2_PLACEMENT_3D ( 'NONE', #457, #1083, #1511 ) ;
#1774 = SURFACE_STYLE_USAGE ( .BOTH. , #893 ) ;
#1775 = DIRECTION ( 'NONE',  ( 1.000000000000000000, -4.824036362560643267E-17, 0.000000000000000000 ) ) ;
#1776 = CARTESIAN_POINT ( 'NONE',  ( 2.039666489627418144, 0.9629261019768070584, 1.558682408883346859 ) ) ;
#1777 = CARTESIAN_POINT ( 'NONE',  ( 0.8250000000000000666, -0.4183650660873066141, 0.000000000000000000 ) ) ;
#1778 = ORIENTED_EDGE ( 'NONE', *, *, #1185, .T. ) ;
#1779 = CARTESIAN_POINT ( 'NONE',  ( 1.705000000000000293, -1.219999999999999973, 0.3800000000000000044 ) ) ;
#1780 = EDGE_CURVE ( 'NONE', #2314, #257, #1594, .T. ) ;
#1781 = ORIENTED_EDGE ( 'NONE', *, *, #2646, .T. ) ;
#1782 = VECTOR ( 'NONE', #256, 1000.000000000000000 ) ;
#1783 = DIRECTION ( 'NONE',  ( -1.000000000000000000, 0.000000000000000000, -0.000000000000000000 ) ) ;
#1784 = EDGE_LOOP ( 'NONE', ( #541, #1116, #2135, #1781 ) ) ;
#1785 = DIRECTION ( 'NONE',  ( 1.000000000000000000, -1.327594496921025224E-16, 0.000000000000000000 ) ) ;
#1786 = EDGE_CURVE ( 'NONE', #291, #2159, #746, .T. ) ;
#1787 = CARTESIAN_POINT ( 'NONE',  ( 2.247500000000000053, -1.169999999999999929, 0.3800000000000000044 ) ) ;
#1788 = VECTOR ( 'NONE', #2426, 1000.000000000000000 ) ;
#1789 = CARTESIAN_POINT ( 'NONE',  ( -1.295000000000000595, -1.219999999999999751, 0.3800000000000000044 ) ) ;
#1790 = CARTESIAN_POINT ( 'NONE',  ( -1.705000000000000071, -0.6899999999999998357, 0.000000000000000000 ) ) ;
#1791 = SURFACE_STYLE_USAGE ( .BOTH. , #916 ) ;
#1792 = CIRCLE ( 'NONE', #576, 0.05000000000000012768 ) ;
#1793 = EDGE_LOOP ( 'NONE', ( #975, #102, #886 ) ) ;
#1794 = LINE ( 'NONE', #2443, #150 ) ;
#1795 = CARTESIAN_POINT ( 'NONE',  ( -1.705000000000000071, -0.6899999999999998357, 0.3800000000000000044 ) ) ;
#1796 = ORIENTED_EDGE ( 'NONE', *, *, #1168, .T. ) ;
#1797 = LINE ( 'NONE', #334, #1504 ) ;
#1798 = PLANE ( 'NONE',  #71 ) ;
#1799 = CARTESIAN_POINT ( 'NONE',  ( 2.247500000000000053, -1.219999999999999973, 0.3800000000000000044 ) ) ;
#1800 = DIRECTION ( 'NONE',  ( 0.000000000000000000, 0.000000000000000000, -1.000000000000000000 ) ) ;
#1801 = EDGE_CURVE ( 'NONE', #1005, #1674, #1938, .T. ) ;
#1802 = DIRECTION ( 'NONE',  ( -2.412018181280321079E-16, -1.000000000000000000, 0.000000000000000000 ) ) ;
#1803 = LINE ( 'NONE', #2283, #2417 ) ;
#1804 = LINE ( 'NONE', #124, #1183 ) ;
#1805 = FACE_OUTER_BOUND ( 'NONE', #2161, .T. ) ;
#1806 = DIRECTION ( 'NONE',  ( -1.000000000000000000, 2.412018181280321079E-16, 0.000000000000000000 ) ) ;
#1807 = EDGE_LOOP ( 'NONE', ( #1945, #2737, #2595, #2117 ) ) ;
#1808 = AXIS2_PLACEMENT_3D ( 'NONE', #1349, #515, #118 ) ;
#1809 = FACE_OUTER_BOUND ( 'NONE', #445, .T. ) ;
#1810 = DIRECTION ( 'NONE',  ( 0.7071067811865474617, 0.7071067811865474617, 0.000000000000000000 ) ) ;
#1811 = AXIS2_PLACEMENT_3D ( 'NONE', #1397, #2269, #937 ) ;
#1812 = ORIENTED_EDGE ( 'NONE', *, *, #1979, .T. ) ;
#1813 =( LENGTH_UNIT ( ) NAMED_UNIT ( * ) SI_UNIT ( .MILLI., .METRE. ) );
#1814 = ADVANCED_FACE ( 'NONE', ( #72 ), #2538, .F. ) ;
#1815 = VECTOR ( 'NONE', #841, 1000.000000000000000 ) ;
#1816 = SURFACE_SIDE_STYLE ('',( #938 ) ) ;
#1817 = CARTESIAN_POINT ( 'NONE',  ( -0.2050000000000001543, -0.9263797891933148732, 0.3800000000000000044 ) ) ;
#1818 = CARTESIAN_POINT ( 'NONE',  ( -2.197499999999999787, 1.169999999999999929, 0.3800000000000000044 ) ) ;
#1819 = ORIENTED_EDGE ( 'NONE', *, *, #1719, .T. ) ;
#1820 =( LENGTH_UNIT ( ) NAMED_UNIT ( * ) SI_UNIT ( .MILLI., .METRE. ) );
#1821 = CARTESIAN_POINT ( 'NONE',  ( 2.247500000000000053, -1.219999999999999973, 0.3800000000000000044 ) ) ;
#1822 = DIRECTION ( 'NONE',  ( -1.000000000000000000, 0.000000000000000000, 0.000000000000000000 ) ) ;
#1823 = ORIENTED_EDGE ( 'NONE', *, *, #2058, .T. ) ;
#1824 = PRESENTATION_LAYER_ASSIGNMENT (  '', '', ( #267 ) ) ;
#1825 =( NAMED_UNIT ( * ) PLANE_ANGLE_UNIT ( ) SI_UNIT ( $, .RADIAN. ) );
#1826 = PRESENTATION_LAYER_ASSIGNMENT (  '', '', ( #1095 ) ) ;
#1827 = SURFACE_STYLE_FILL_AREA ( #139 ) ;
#1828 = CIRCLE ( 'NONE', #1101, 0.04999999999999991257 ) ;
#1829 = COLOUR_RGB ( '',0.2862745098039215508, 0.2862745098039215508, 0.2862745098039215508 ) ;
#1830 = SURFACE_SIDE_STYLE ('',( #753 ) ) ;
#1831 = AXIS2_PLACEMENT_3D ( 'NONE', #1453, #1252, #387 ) ;
#1832 = ORIENTED_EDGE ( 'NONE', *, *, #2259, .F. ) ;
#1833 = LINE ( 'NONE', #342, #1425 ) ;
#1834 = DIRECTION ( 'NONE',  ( -0.000000000000000000, -0.000000000000000000, -1.000000000000000000 ) ) ;
#1835 = ORIENTED_EDGE ( 'NONE', *, *, #95, .T. ) ;
#1836 = SPHERICAL_SURFACE ( 'NONE', #774, 0.05000000000000000278 ) ;
#1837 = PRESENTATION_STYLE_ASSIGNMENT (( #1852 ) ) ;
#1838 =( LENGTH_UNIT ( ) NAMED_UNIT ( * ) SI_UNIT ( .MILLI., .METRE. ) );
#1839 = FACE_OUTER_BOUND ( 'NONE', #2686, .T. ) ;
#1840 = ORIENTED_EDGE ( 'NONE', *, *, #268, .T. ) ;
#1841 = CARTESIAN_POINT ( 'NONE',  ( 2.247500000000000053, 1.219999999999998863, 0.3800000000000000044 ) ) ;
#1842 = LINE ( 'NONE', #2500, #391 ) ;
#1843 = FILL_AREA_STYLE_COLOUR ( '', #343 ) ;
#1844 = CARTESIAN_POINT ( 'NONE',  ( -2.198253927952687370, 1.219994315603297741, 0.3800322378156715253 ) ) ;
#1845 = DIRECTION ( 'NONE',  ( 1.000000000000000000, 0.000000000000000000, 0.000000000000000000 ) ) ;
#1846 = VERTEX_POINT ( 'NONE', #2072 ) ;
#1847 =( GEOMETRIC_REPRESENTATION_CONTEXT ( 3 ) GLOBAL_UNCERTAINTY_ASSIGNED_CONTEXT ( ( #1039 ) ) GLOBAL_UNIT_ASSIGNED_CONTEXT ( ( #1856, #577, #384 ) ) REPRESENTATION_CONTEXT ( 'NONE', 'WORKASPACE' ) );
#1848 = FILL_AREA_STYLE ('',( #1213 ) ) ;
#1849 = EDGE_CURVE ( 'NONE', #2399, #505, #2549, .T. ) ;
#1850 = VERTEX_POINT ( 'NONE', #562 ) ;
#1851 = AXIS2_PLACEMENT_3D ( 'NONE', #2440, #1583, #695 ) ;
#1852 = SURFACE_STYLE_USAGE ( .BOTH. , #1667 ) ;
#1853 =( GEOMETRIC_REPRESENTATION_CONTEXT ( 3 ) GLOBAL_UNCERTAINTY_ASSIGNED_CONTEXT ( ( #2338 ) ) GLOBAL_UNIT_ASSIGNED_CONTEXT ( ( #2306, #2276, #773 ) ) REPRESENTATION_CONTEXT ( 'NONE', 'WORKASPACE' ) );
#1854 = VECTOR ( 'NONE', #2545, 1000.000000000000000 ) ;
#1855 = SURFACE_SIDE_STYLE ('',( #811 ) ) ;
#1856 =( LENGTH_UNIT ( ) NAMED_UNIT ( * ) SI_UNIT ( .MILLI., .METRE. ) );
#1857 = ORIENTED_EDGE ( 'NONE', *, *, #1417, .F. ) ;
#1858 = EDGE_CURVE ( 'NONE', #850, #244, #602, .T. ) ;
#1859 = DIRECTION ( 'NONE',  ( -1.000000000000000000, 2.412018181280321079E-16, 0.000000000000000000 ) ) ;
#1860 = SURFACE_STYLE_FILL_AREA ( #196 ) ;
#1861 = DIRECTION ( 'NONE',  ( 1.000000000000000000, -2.412018181280321572E-16, -0.000000000000000000 ) ) ;
#1862 = ORIENTED_EDGE ( 'NONE', *, *, #1187, .T. ) ;
#1863 = PRESENTATION_LAYER_ASSIGNMENT (  '', '', ( #2701 ) ) ;
#1864 = PLANE ( 'NONE',  #1673 ) ;
#1865 = CARTESIAN_POINT ( 'NONE',  ( -0.8250000000000000666, 9.428274908110979445E-17, 0.000000000000000000 ) ) ;
#1866 = ORIENTED_EDGE ( 'NONE', *, *, #743, .F. ) ;
#1867 = STYLED_ITEM ( 'NONE', ( #2394 ), #506 ) ;
#1868 = VECTOR ( 'NONE', #1701, 1000.000000000000000 ) ;
#1869 = LINE ( 'NONE', #2317, #519 ) ;
#1870 = CIRCLE ( 'NONE', #2002, 0.04999999999999991257 ) ;
#1871 = DIRECTION ( 'NONE',  ( -0.000000000000000000, 1.000000000000000000, 0.000000000000000000 ) ) ;
#1872 = CARTESIAN_POINT ( 'NONE',  ( 2.247500000000000053, 1.219999999999998863, 0.3800000000000000044 ) ) ;
#1873 = STYLED_ITEM ( 'NONE', ( #1284 ), #1023 ) ;
#1874 = ORIENTED_EDGE ( 'NONE', *, *, #539, .T. ) ;
#1875 = VECTOR ( 'NONE', #1859, 1000.000000000000000 ) ;
#1876 = FACE_OUTER_BOUND ( 'NONE', #2057, .T. ) ;
#1877 = ORIENTED_EDGE ( 'NONE', *, *, #1423, .T. ) ;
#1878 = UNCERTAINTY_MEASURE_WITH_UNIT (LENGTH_MEASURE( 1.000000000000000082E-05 ), #2645, 'distance_accuracy_value', 'NONE');
#1879 = DIRECTION ( 'NONE',  ( 0.000000000000000000, 0.000000000000000000, -1.000000000000000000 ) ) ;
#1880 = FACE_OUTER_BOUND ( 'NONE', #2690, .T. ) ;
#1881 = VERTEX_POINT ( 'NONE', #2334 ) ;
#1882 = PRESENTATION_LAYER_ASSIGNMENT (  '', '', ( #2063 ) ) ;
#1883 = PLANE ( 'NONE',  #349 ) ;
#1884 = DIRECTION ( 'NONE',  ( 0.000000000000000000, 0.000000000000000000, -1.000000000000000000 ) ) ;
#1885 = EDGE_CURVE ( 'NONE', #2298, #2159, #1063, .T. ) ;
#1886 = FILL_AREA_STYLE ('',( #1010 ) ) ;
#1887 = ADVANCED_FACE ( 'NONE', ( #1839 ), #768, .T. ) ;
#1888 = ORIENTED_EDGE ( 'NONE', *, *, #125, .T. ) ;
#1889 = STYLED_ITEM ( 'NONE', ( #2455 ), #1752 ) ;
#1890 = SURFACE_STYLE_USAGE ( .BOTH. , #373 ) ;
#1891 = PRESENTATION_STYLE_ASSIGNMENT (( #207 ) ) ;
#1892 = ORIENTED_EDGE ( 'NONE', *, *, #571, .F. ) ;
#1893 = VERTEX_POINT ( 'NONE', #2348 ) ;
#1894 = ORIENTED_EDGE ( 'NONE', *, *, #741, .T. ) ;
#1895 = VECTOR ( 'NONE', #132, 999.9999999999998863 ) ;
#1896 = CARTESIAN_POINT ( 'NONE',  ( -2.247500000000000053, -1.169999999999999707, 0.3800000000000000044 ) ) ;
#1897 = EDGE_CURVE ( 'NONE', #257, #1850, #1033, .T. ) ;
#1898 = CARTESIAN_POINT ( 'NONE',  ( -0.2049999999999998768, -1.219999999999999751, 0.3800000000000000044 ) ) ;
#1899 = FILL_AREA_STYLE_COLOUR ( '', #311 ) ;
#1900 = CARTESIAN_POINT ( 'NONE',  ( -0.2050000000000001543, -0.9263797891933148732, 0.3800000000000000044 ) ) ;
#1901 = ADVANCED_FACE ( 'NONE', ( #458 ), #885, .T. ) ;
#1902 =( NAMED_UNIT ( * ) PLANE_ANGLE_UNIT ( ) SI_UNIT ( $, .RADIAN. ) );
#1903 = VERTEX_POINT ( 'NONE', #664 ) ;
#1904 = UNCERTAINTY_MEASURE_WITH_UNIT (LENGTH_MEASURE( 1.000000000000000082E-05 ), #1905, 'distance_accuracy_value', 'NONE');
#1905 =( LENGTH_UNIT ( ) NAMED_UNIT ( * ) SI_UNIT ( .MILLI., .METRE. ) );
#1906 = SURFACE_STYLE_FILL_AREA ( #199 ) ;
#1907 = EDGE_LOOP ( 'NONE', ( #2531, #333, #1768, #2625 ) ) ;
#1908 = DIRECTION ( 'NONE',  ( -0.000000000000000000, 1.000000000000000000, 0.000000000000000000 ) ) ;
#1909 = DIRECTION ( 'NONE',  ( 0.000000000000000000, 0.000000000000000000, -1.000000000000000000 ) ) ;
#1910 = CARTESIAN_POINT ( 'NONE',  ( -1.990426101976808582, 0.9629261019768079466, 1.600000000000000311 ) ) ;
#1911 = VECTOR ( 'NONE', #1800, 1000.000000000000000 ) ;
#1912 =( GEOMETRIC_REPRESENTATION_CONTEXT ( 3 ) GLOBAL_UNCERTAINTY_ASSIGNED_CONTEXT ( ( #2106 ) ) GLOBAL_UNIT_ASSIGNED_CONTEXT ( ( #1266, #989, #2720 ) ) REPRESENTATION_CONTEXT ( 'NONE', 'WORKASPACE' ) );
#1913 = PLANE ( 'NONE',  #2229 ) ;
#1914 =( GEOMETRIC_REPRESENTATION_CONTEXT ( 3 ) GLOBAL_UNCERTAINTY_ASSIGNED_CONTEXT ( ( #2162 ) ) GLOBAL_UNIT_ASSIGNED_CONTEXT ( ( #2272, #939, #521 ) ) REPRESENTATION_CONTEXT ( 'NONE', 'WORKASPACE' ) );
#1915 = FILL_AREA_STYLE ('',( #1290 ) ) ;
#1916 = ORIENTED_EDGE ( 'NONE', *, *, #527, .F. ) ;
#1917 = ADVANCED_FACE ( 'NONE', ( #1289 ), #1913, .F. ) ;
#1918 = PLANE ( 'NONE',  #940 ) ;
#1919 =( NAMED_UNIT ( * ) SI_UNIT ( $, .STERADIAN. ) SOLID_ANGLE_UNIT ( ) );
#1920 = MECHANICAL_DESIGN_GEOMETRIC_PRESENTATION_REPRESENTATION (  '', ( #1334 ), #2457 ) ;
#1921 = EDGE_LOOP ( 'NONE', ( #2351, #1245, #1812, #2492 ) ) ;
#1923 = DIRECTION ( 'NONE',  ( -0.000000000000000000, -0.000000000000000000, -1.000000000000000000 ) ) ;
#1922 =( GEOMETRIC_REPRESENTATION_CONTEXT ( 3 ) GLOBAL_UNCERTAINTY_ASSIGNED_CONTEXT ( ( #961 ) ) GLOBAL_UNIT_ASSIGNED_CONTEXT ( ( #1143, #98, #2215 ) ) REPRESENTATION_CONTEXT ( 'NONE', 'WORKASPACE' ) );
#1924 = CARTESIAN_POINT ( 'NONE',  ( 2.247500000000000053, 1.219999999999998863, 0.3800000000000000044 ) ) ;
#1925 = DIRECTION ( 'NONE',  ( -0.7735034140843624062, 0.6337921334316444222, 0.000000000000000000 ) ) ;
#1926 = PRESENTATION_STYLE_ASSIGNMENT (( #54 ) ) ;
#1927 = VERTEX_POINT ( 'NONE', #834 ) ;
#1928 = UNCERTAINTY_MEASURE_WITH_UNIT (LENGTH_MEASURE( 1.000000000000000082E-05 ), #2418, 'distance_accuracy_value', 'NONE');
#1929 = PRESENTATION_STYLE_ASSIGNMENT (( #1294 ) ) ;
#1930 = ADVANCED_FACE ( 'NONE', ( #1951 ), #1836, .T. ) ;
#1931 = CARTESIAN_POINT ( 'NONE',  ( -0.2050000000000003209, -2.260951592216180472, 0.000000000000000000 ) ) ;
#1932 = ORIENTED_EDGE ( 'NONE', *, *, #2508, .F. ) ;
#1933 = DIRECTION ( 'NONE',  ( -1.000000000000000000, 1.381149264312744580E-16, 0.000000000000000000 ) ) ;
#1934 = LINE ( 'NONE', #1099, #1463 ) ;
#1935 = PLANE ( 'NONE',  #752 ) ;
#1936 = COLOUR_RGB ( '',0.2862745098039215508, 0.2862745098039215508, 0.2862745098039215508 ) ;
#1937 = PRESENTATION_LAYER_ASSIGNMENT (  '', '', ( #82 ) ) ;
#1938 = LINE ( 'NONE', #1753, #669 ) ;
#1939 = PLANE ( 'NONE',  #1539 ) ;
#1940 = ORIENTED_EDGE ( 'NONE', *, *, #2367, .F. ) ;
#1941 = ADVANCED_FACE ( 'NONE', ( #1384 ), #1201, .F. ) ;
#1942 = STYLED_ITEM ( 'NONE', ( #12 ), #2182 ) ;
#1943 = SURFACE_STYLE_USAGE ( .BOTH. , #1309 ) ;
#1944 =( NAMED_UNIT ( * ) PLANE_ANGLE_UNIT ( ) SI_UNIT ( $, .RADIAN. ) );
#1945 = ORIENTED_EDGE ( 'NONE', *, *, #2662, .F. ) ;
#1946 =( LENGTH_UNIT ( ) NAMED_UNIT ( * ) SI_UNIT ( .MILLI., .METRE. ) );
#1947 = CARTESIAN_POINT ( 'NONE',  ( 2.197499999999999787, -1.219999999999999973, 0.000000000000000000 ) ) ;
#1948 = CARTESIAN_POINT ( 'NONE',  ( 2.197499999999999787, 1.219999999999998863, 0.000000000000000000 ) ) ;
#1949 =( LENGTH_UNIT ( ) NAMED_UNIT ( * ) SI_UNIT ( .MILLI., .METRE. ) );
#1950 = SURFACE_STYLE_FILL_AREA ( #2580 ) ;
#1951 = FACE_OUTER_BOUND ( 'NONE', #660, .T. ) ;
#1952 = EDGE_LOOP ( 'NONE', ( #2564, #1755, #1379, #1478 ) ) ;
#1953 =( LENGTH_UNIT ( ) NAMED_UNIT ( * ) SI_UNIT ( .MILLI., .METRE. ) );
#1954 = CARTESIAN_POINT ( 'NONE',  ( 0.2049999999999999878, -0.9263797891933150952, 0.3800000000000000044 ) ) ;
#1955 = VECTOR ( 'NONE', #1861, 1000.000000000000000 ) ;
#1956 = EDGE_LOOP ( 'NONE', ( #1711, #1703, #1106, #2718 ) ) ;
#1957 = AXIS2_PLACEMENT_3D ( 'NONE', #1357, #1654, #2232 ) ;
#1958 = CARTESIAN_POINT ( 'NONE',  ( 1.295000000000000595, -1.219999999999999973, 0.000000000000000000 ) ) ;
#1959 = PRESENTATION_STYLE_ASSIGNMENT (( #1072 ) ) ;
#1960 = ORIENTED_EDGE ( 'NONE', *, *, #1591, .T. ) ;
#1961 = CIRCLE ( 'NONE', #1002, 0.05000000000000008604 ) ;
#1962 = FILL_AREA_STYLE_COLOUR ( '', #1829 ) ;
#1963 = CARTESIAN_POINT ( 'NONE',  ( 2.198253927952687814, 1.219994315603296853, 0.3800322378156716363 ) ) ;
#1964 = PRESENTATION_STYLE_ASSIGNMENT (( #2393 ) ) ;
#1965 = DIRECTION ( 'NONE',  ( 0.000000000000000000, 0.000000000000000000, -1.000000000000000000 ) ) ;
#1966 = SURFACE_SIDE_STYLE ('',( #2410 ) ) ;
#1967 = CARTESIAN_POINT ( 'NONE',  ( 2.247500000000000053, -1.219999999999999973, 0.3800000000000000044 ) ) ;
#1968 = ADVANCED_FACE ( 'NONE', ( #1707 ), #865, .F. ) ;
#1969 = FILL_AREA_STYLE ('',( #2581 ) ) ;
#1970 = ORIENTED_EDGE ( 'NONE', *, *, #70, .F. ) ;
#1971 = PRESENTATION_STYLE_ASSIGNMENT (( #1086 ) ) ;
#1972 = EDGE_CURVE ( 'NONE', #2341, #799, #237, .T. ) ;
#1973 = DIRECTION ( 'NONE',  ( 0.1710878697460358477, 0.1710878697460358200, 0.9702875252478136980 ) ) ;
#1974 =( NAMED_UNIT ( * ) SI_UNIT ( $, .STERADIAN. ) SOLID_ANGLE_UNIT ( ) );
#1975 = ORIENTED_EDGE ( 'NONE', *, *, #761, .F. ) ;
#1976 =( GEOMETRIC_REPRESENTATION_CONTEXT ( 3 ) GLOBAL_UNCERTAINTY_ASSIGNED_CONTEXT ( ( #1689 ) ) GLOBAL_UNIT_ASSIGNED_CONTEXT ( ( #1420, #589, #1204 ) ) REPRESENTATION_CONTEXT ( 'NONE', 'WORKASPACE' ) );
#1977 = EDGE_LOOP ( 'NONE', ( #1832, #1857, #68, #187 ) ) ;
#1978 = SURFACE_STYLE_FILL_AREA ( #2601 ) ;
#1979 = EDGE_CURVE ( 'NONE', #786, #1412, #2137, .T. ) ;
#1980 = SURFACE_STYLE_USAGE ( .BOTH. , #2397 ) ;
#1981 = DIRECTION ( 'NONE',  ( 4.824036362560642035E-17, 1.000000000000000000, -0.000000000000000000 ) ) ;
#1982 = CARTESIAN_POINT ( 'NONE',  ( 0.2049999999999999878, -0.9263797891933150952, 0.3800000000000000044 ) ) ;
#1983 = VECTOR ( 'NONE', #1810, 1000.000000000000114 ) ;
#1984 = DIRECTION ( 'NONE',  ( 0.000000000000000000, -0.000000000000000000, 1.000000000000000000 ) ) ;
#1985 = VERTEX_POINT ( 'NONE', #2 ) ;
#1986 = CARTESIAN_POINT ( 'NONE',  ( 2.197499999999999787, -1.169999999999999929, 0.3800000000000000044 ) ) ;
#1987 = CARTESIAN_POINT ( 'NONE',  ( 2.198253927952686482, -1.219994315603297963, 0.3800322378156713032 ) ) ;
#1988 = ORIENTED_EDGE ( 'NONE', *, *, #1858, .T. ) ;
#1989 = CARTESIAN_POINT ( 'NONE',  ( 1.152024203891909515, 1.152024203891909515, 0.000000000000000000 ) ) ;
#1990 = SURFACE_SIDE_STYLE ('',( #895 ) ) ;
#1991 = PRESENTATION_STYLE_ASSIGNMENT (( #1532 ) ) ;
#1992 = DIRECTION ( 'NONE',  ( -0.000000000000000000, -1.000000000000000000, 0.000000000000000000 ) ) ;
#1993 = DIRECTION ( 'NONE',  ( 1.000000000000000000, -1.142821200983148897E-16, 0.000000000000000000 ) ) ;
#1994 = CARTESIAN_POINT ( 'NONE',  ( 0.8249999999999999556, 1.219999999999999307, 0.3800000000000000044 ) ) ;
#1995 =( GEOMETRIC_REPRESENTATION_CONTEXT ( 3 ) GLOBAL_UNCERTAINTY_ASSIGNED_CONTEXT ( ( #1480 ) ) GLOBAL_UNIT_ASSIGNED_CONTEXT ( ( #1247, #395, #2331 ) ) REPRESENTATION_CONTEXT ( 'NONE', 'WORKASPACE' ) );
#1996 = DIRECTION ( 'NONE',  ( -0.000000000000000000, 1.000000000000000000, 0.000000000000000000 ) ) ;
#1997 = ORIENTED_EDGE ( 'NONE', *, *, #1559, .F. ) ;
#1998 = VECTOR ( 'NONE', #1965, 1000.000000000000000 ) ;
#1999 = DIRECTION ( 'NONE',  ( 0.000000000000000000, -1.000000000000000000, 0.000000000000000000 ) ) ;
#2000 = CARTESIAN_POINT ( 'NONE',  ( -0.4749999999999998668, 1.829048407783819608, 0.3800000000000000044 ) ) ;
#2001 = ORIENTED_EDGE ( 'NONE', *, *, #1228, .T. ) ;
#2002 = AXIS2_PLACEMENT_3D ( 'NONE', #338, #535, #2696 ) ;
#2003 = DIRECTION ( 'NONE',  ( -0.000000000000000000, -0.000000000000000000, 1.000000000000000000 ) ) ;
#2004 = DIRECTION ( 'NONE',  ( -0.1710878697460359033, -0.1710878697460358755, -0.9702875252478139201 ) ) ;
#2005 = LINE ( 'NONE', #1432, #627 ) ;
#2006 =( NAMED_UNIT ( * ) PLANE_ANGLE_UNIT ( ) SI_UNIT ( $, .RADIAN. ) );
#2007 =( NAMED_UNIT ( * ) PLANE_ANGLE_UNIT ( ) SI_UNIT ( $, .RADIAN. ) );
#2008 = APPLICATION_CONTEXT ( 'automotive_design' ) ;
#2009 = CARTESIAN_POINT ( 'NONE',  ( -0.2050000000000000155, 2.721568718688101992E-17, 0.3800000000000000044 ) ) ;
#2010 = STYLED_ITEM ( 'NONE', ( #1971 ), #1380 ) ;
#2011 = FACE_OUTER_BOUND ( 'NONE', #624, .T. ) ;
#2012 =( NAMED_UNIT ( * ) SI_UNIT ( $, .STERADIAN. ) SOLID_ANGLE_UNIT ( ) );
#2013 = VECTOR ( 'NONE', #468, 1000.000000000000000 ) ;
#2014 = EDGE_LOOP ( 'NONE', ( #901, #2030, #2073, #2165, #1130, #699 ) ) ;
#2015 = EDGE_CURVE ( 'NONE', #108, #1153, #615, .T. ) ;
#2016 = ORIENTED_EDGE ( 'NONE', *, *, #1418, .F. ) ;
#2017 = PRESENTATION_LAYER_ASSIGNMENT (  '', '', ( #1253 ) ) ;
#2018 = PRESENTATION_STYLE_ASSIGNMENT (( #1156 ) ) ;
#2019 = FACE_OUTER_BOUND ( 'NONE', #473, .T. ) ;
#2020 = EDGE_LOOP ( 'NONE', ( #1516, #1840, #612, #949 ) ) ;
#2021 = PRESENTATION_LAYER_ASSIGNMENT (  '', '', ( #1676 ) ) ;
#2022 = SURFACE_STYLE_FILL_AREA ( #2041 ) ;
#2023 = CARTESIAN_POINT ( 'NONE',  ( 1.705000000000000071, -0.6899999999999998357, 0.000000000000000000 ) ) ;
#2024 = LINE ( 'NONE', #1611, #2694 ) ;
#2025 = CARTESIAN_POINT ( 'NONE',  ( 0.5364957350010770565, -0.6547592826975169311, 0.3800000000000000044 ) ) ;
#2026 = PRODUCT_CONTEXT ( 'NONE', #2008, 'mechanical' ) ;
#2027 = ORIENTED_EDGE ( 'NONE', *, *, #1609, .F. ) ;
#2028 =( GEOMETRIC_REPRESENTATION_CONTEXT ( 3 ) GLOBAL_UNCERTAINTY_ASSIGNED_CONTEXT ( ( #259 ) ) GLOBAL_UNIT_ASSIGNED_CONTEXT ( ( #1491, #685, #920 ) ) REPRESENTATION_CONTEXT ( 'NONE', 'WORKASPACE' ) );
#2029 = FACE_OUTER_BOUND ( 'NONE', #501, .T. ) ;
#2030 = ORIENTED_EDGE ( 'NONE', *, *, #1329, .F. ) ;
#2031 = LINE ( 'NONE', #726, #2051 ) ;
#2032 = PRESENTATION_STYLE_ASSIGNMENT (( #2286 ) ) ;
#2033 = CARTESIAN_POINT ( 'NONE',  ( 1.705000000000000293, -1.219999999999999973, 0.000000000000000000 ) ) ;
#2034 = EDGE_CURVE ( 'NONE', #2612, #1656, #1058, .T. ) ;
#2035 = MECHANICAL_DESIGN_GEOMETRIC_PRESENTATION_REPRESENTATION (  '', ( #2493 ), #258 ) ;
#2036 = DIRECTION ( 'NONE',  ( 0.000000000000000000, 0.000000000000000000, 1.000000000000000000 ) ) ;
#2037 = LINE ( 'NONE', #2671, #2664 ) ;
#2038 = EDGE_LOOP ( 'NONE', ( #2049, #277, #696, #2456, #371, #1278 ) ) ;
#2039 = COLOUR_RGB ( '',0.2862745098039215508, 0.2862745098039215508, 0.2862745098039215508 ) ;
#2040 =( BOUNDED_CURVE ( )  B_SPLINE_CURVE ( 3, ( #1445, #149, #2313, #378 ),
 .UNSPECIFIED., .F., .T. ) 
 B_SPLINE_CURVE_WITH_KNOTS ( ( 4, 4 ),
 ( 0.000000000000000000, 0.01507913049645493234 ),
 .UNSPECIFIED. ) 
 CURVE ( )  GEOMETRIC_REPRESENTATION_ITEM ( )  RATIONAL_B_SPLINE_CURVE ( ( 1.000000000000000000, 0.9999810517417158096, 0.9999810517417158096, 1.000000000000000000 ) ) 
 REPRESENTATION_ITEM ( '' )  );
#2041 = FILL_AREA_STYLE ('',( #947 ) ) ;
#2042 = FILL_AREA_STYLE ('',( #1363 ) ) ;
#2043 = AXIS2_PLACEMENT_3D ( 'NONE', #1924, #1732, #632 ) ;
#2044 = VERTEX_POINT ( 'NONE', #455 ) ;
#2045 = MECHANICAL_DESIGN_GEOMETRIC_PRESENTATION_REPRESENTATION (  '', ( #1736 ), #52 ) ;
#2046 =( LENGTH_UNIT ( ) NAMED_UNIT ( * ) SI_UNIT ( .MILLI., .METRE. ) );
#2047 =( LENGTH_UNIT ( ) NAMED_UNIT ( * ) SI_UNIT ( .MILLI., .METRE. ) );
#2048 = LINE ( 'NONE', #2517, #210 ) ;
#2049 = ORIENTED_EDGE ( 'NONE', *, *, #559, .F. ) ;
#2050 = SURFACE_SIDE_STYLE ('',( #1827 ) ) ;
#2051 = VECTOR ( 'NONE', #2450, 1000.000000000000000 ) ;
#2052 = DIRECTION ( 'NONE',  ( -1.000000000000000000, 0.000000000000000000, -0.000000000000000000 ) ) ;
#2053 = DIRECTION ( 'NONE',  ( -0.000000000000000000, -0.000000000000000000, -1.000000000000000000 ) ) ;
#2054 = VECTOR ( 'NONE', #2254, 1000.000000000000000 ) ;
#2055 = CARTESIAN_POINT ( 'NONE',  ( 1.990426101976808138, 0.9629261019768070584, 1.550000000000000488 ) ) ;
#2056 = DIRECTION ( 'NONE',  ( 1.000000000000000000, -4.824036362560642651E-17, -0.000000000000000000 ) ) ;
#2057 = EDGE_LOOP ( 'NONE', ( #1041, #390, #1970, #263 ) ) ;
#2058 = EDGE_CURVE ( 'NONE', #1452, #505, #1019, .T. ) ;
#2059 = CARTESIAN_POINT ( 'NONE',  ( 0.000000000000000000, -2.259999999999999787, 0.3800000000000000044 ) ) ;
#2060 = FACE_OUTER_BOUND ( 'NONE', #1793, .T. ) ;
#2061 = LINE ( 'NONE', #1628, #1437 ) ;
#2062 = ORIENTED_EDGE ( 'NONE', *, *, #204, .T. ) ;
#2063 = STYLED_ITEM ( 'NONE', ( #1959 ), #2714 ) ;
#2064 = SURFACE_STYLE_USAGE ( .BOTH. , #365 ) ;
#2065 =( GEOMETRIC_REPRESENTATION_CONTEXT ( 3 ) GLOBAL_UNCERTAINTY_ASSIGNED_CONTEXT ( ( #555 ) ) GLOBAL_UNIT_ASSIGNED_CONTEXT ( ( #2226, #331, #107 ) ) REPRESENTATION_CONTEXT ( 'NONE', 'WORKASPACE' ) );
#2066 = ORIENTED_EDGE ( 'NONE', *, *, #813, .T. ) ;
#2067 = DIRECTION ( 'NONE',  ( 0.000000000000000000, 0.000000000000000000, -1.000000000000000000 ) ) ;
#2068 = DIRECTION ( 'NONE',  ( -0.1710878697460357922, 0.1710878697460358200, 0.9702875252478136980 ) ) ;
#2069 = CARTESIAN_POINT ( 'NONE',  ( 1.152024203891909515, 1.152024203891909515, 0.3800000000000000044 ) ) ;
#2070 = PRESENTATION_LAYER_ASSIGNMENT (  '', '', ( #500 ) ) ;
#2071 = EDGE_CURVE ( 'NONE', #291, #1444, #2167, .T. ) ;
#2072 = CARTESIAN_POINT ( 'NONE',  ( 1.295000000000000595, -2.259999999999999787, 0.000000000000000000 ) ) ;
#2073 = ORIENTED_EDGE ( 'NONE', *, *, #382, .F. ) ;
#2074 = LINE ( 'NONE', #173, #748 ) ;
#2075 = FILL_AREA_STYLE ('',( #1255 ) ) ;
#2076 = ORIENTED_EDGE ( 'NONE', *, *, #2372, .F. ) ;
#2077 = UNCERTAINTY_MEASURE_WITH_UNIT (LENGTH_MEASURE( 1.000000000000000082E-05 ), #226, 'distance_accuracy_value', 'NONE');
#2078 = AXIS2_PLACEMENT_3D ( 'NONE', #2260, #965, #339 ) ;
#2079 = CARTESIAN_POINT ( 'NONE',  ( -2.198002635302202190, 1.219998105165195579, 0.3800107461421774468 ) ) ;
#2080 = ORIENTED_EDGE ( 'NONE', *, *, #1312, .T. ) ;
#2081 = COLOUR_RGB ( '',0.2862745098039215508, 0.2862745098039215508, 0.2862745098039215508 ) ;
#2082 = DIRECTION ( 'NONE',  ( -0.1710878697460358477, -0.1710878697460357922, 0.9702875252478138091 ) ) ;
#2083 = COLOUR_RGB ( '',0.2862745098039215508, 0.2862745098039215508, 0.2862745098039215508 ) ;
#2084 = FILL_AREA_STYLE_COLOUR ( '', #968 ) ;
#2085 = PRODUCT_DEFINITION ( 'UNKNOWN', '', #1558, #326 ) ;
#2086 = DIRECTION ( 'NONE',  ( 0.000000000000000000, -0.000000000000000000, 1.000000000000000000 ) ) ;
#2087 = VERTEX_POINT ( 'NONE', #819 ) ;
#2088 = PLANE ( 'NONE',  #1831 ) ;
#2089 = CARTESIAN_POINT ( 'NONE',  ( -2.226844369904815935, -1.219563163919205051, 0.3824774205231639135 ) ) ;
#2090 =( NAMED_UNIT ( * ) PLANE_ANGLE_UNIT ( ) SI_UNIT ( $, .RADIAN. ) );
#2091 = VERTEX_POINT ( 'NONE', #1300 ) ;
#2092 =( GEOMETRIC_REPRESENTATION_CONTEXT ( 3 ) GLOBAL_UNCERTAINTY_ASSIGNED_CONTEXT ( ( #209 ) ) GLOBAL_UNIT_ASSIGNED_CONTEXT ( ( #180, #1020, #2495 ) ) REPRESENTATION_CONTEXT ( 'NONE', 'WORKASPACE' ) );
#2093 = DIRECTION ( 'NONE',  ( 1.381149264312744580E-16, -1.000000000000000000, 0.000000000000000000 ) ) ;
#2094 = ORIENTED_EDGE ( 'NONE', *, *, #2728, .T. ) ;
#2095 = PLANE ( 'NONE',  #363 ) ;
#2096 = EDGE_CURVE ( 'NONE', #1027, #2734, #213, .T. ) ;
#2097 =( NAMED_UNIT ( * ) PLANE_ANGLE_UNIT ( ) SI_UNIT ( $, .RADIAN. ) );
#2098 = COLOUR_RGB ( '',0.2862745098039215508, 0.2862745098039215508, 0.2862745098039215508 ) ;
#2099 = PLANE ( 'NONE',  #1343 ) ;
#2100 = VECTOR ( 'NONE', #1018, 1000.000000000000000 ) ;
#2101 = ORIENTED_EDGE ( 'NONE', *, *, #2243, .T. ) ;
#2102 = VECTOR ( 'NONE', #2103, 1000.000000000000000 ) ;
#2103 = DIRECTION ( 'NONE',  ( 0.000000000000000000, 0.000000000000000000, -1.000000000000000000 ) ) ;
#2104 = ORIENTED_EDGE ( 'NONE', *, *, #231, .F. ) ;
#2105 = EDGE_CURVE ( 'NONE', #596, #147, #2110, .T. ) ;
#2106 = UNCERTAINTY_MEASURE_WITH_UNIT (LENGTH_MEASURE( 1.000000000000000082E-05 ), #1266, 'distance_accuracy_value', 'NONE');
#2107 = MECHANICAL_DESIGN_GEOMETRIC_PRESENTATION_REPRESENTATION (  '', ( #2533 ), #794 ) ;
#2108 = ORIENTED_EDGE ( 'NONE', *, *, #1698, .F. ) ;
#2109 = EDGE_LOOP ( 'NONE', ( #1675, #2101, #2672, #402 ) ) ;
#2110 = LINE ( 'NONE', #832, #513 ) ;
#2111 = LINE ( 'NONE', #424, #1496 ) ;
#2112 = LINE ( 'NONE', #1678, #1409 ) ;
#2113 = EDGE_CURVE ( 'NONE', #1320, #462, #393, .T. ) ;
#2114 = FILL_AREA_STYLE_COLOUR ( '', #123 ) ;
#2115 = PLANE ( 'NONE',  #443 ) ;
#2116 = CARTESIAN_POINT ( 'NONE',  ( -2.247500000000000053, -1.219999999999999751, 0.3800000000000000044 ) ) ;
#2117 = ORIENTED_EDGE ( 'NONE', *, *, #2408, .F. ) ;
#2118 = VECTOR ( 'NONE', #30, 1000.000000000000000 ) ;
#2119 = ORIENTED_EDGE ( 'NONE', *, *, #1173, .F. ) ;
#2120 = COLOUR_RGB ( '',0.2862745098039215508, 0.2862745098039215508, 0.2862745098039215508 ) ;
#2121 = LINE ( 'NONE', #2535, #2446 ) ;
#2122 = CARTESIAN_POINT ( 'NONE',  ( -2.198253927952687370, 1.219994315603297741, 0.3800322378156715253 ) ) ;
#2123 = FILL_AREA_STYLE ('',( #4 ) ) ;
#2124 = MECHANICAL_DESIGN_GEOMETRIC_PRESENTATION_REPRESENTATION (  '', ( #1401 ), #85 ) ;
#2125 = ADVANCED_FACE ( 'NONE', ( #631 ), #430, .T. ) ;
#2126 =( LENGTH_UNIT ( ) NAMED_UNIT ( * ) SI_UNIT ( .MILLI., .METRE. ) );
#2127 = MECHANICAL_DESIGN_GEOMETRIC_PRESENTATION_REPRESENTATION (  '', ( #303 ), #1853 ) ;
#2128 =( GEOMETRIC_REPRESENTATION_CONTEXT ( 3 ) GLOBAL_UNCERTAINTY_ASSIGNED_CONTEXT ( ( #584 ) ) GLOBAL_UNIT_ASSIGNED_CONTEXT ( ( #2126, #1047, #1062 ) ) REPRESENTATION_CONTEXT ( 'NONE', 'WORKASPACE' ) );
#2129 =( NAMED_UNIT ( * ) PLANE_ANGLE_UNIT ( ) SI_UNIT ( $, .RADIAN. ) );
#2130 = PRESENTATION_STYLE_ASSIGNMENT (( #1224 ) ) ;
#2131 = ORIENTED_EDGE ( 'NONE', *, *, #2096, .F. ) ;
#2132 = UNCERTAINTY_MEASURE_WITH_UNIT (LENGTH_MEASURE( 1.000000000000000082E-05 ), #671, 'distance_accuracy_value', 'NONE');
#2133 = CARTESIAN_POINT ( 'NONE',  ( -2.247500000000000053, 1.170251321222675500, 0.3800000000000005596 ) ) ;
#2134 = MECHANICAL_DESIGN_GEOMETRIC_PRESENTATION_REPRESENTATION (  '', ( #2407 ), #1995 ) ;
#2135 = ORIENTED_EDGE ( 'NONE', *, *, #1008, .T. ) ;
#2136 = CARTESIAN_POINT ( 'NONE',  ( 0.8250000000000000666, 9.428274908110979445E-17, 0.3800000000000000044 ) ) ;
#2137 = LINE ( 'NONE', #1461, #641 ) ;
#2138 = DIRECTION ( 'NONE',  ( 0.000000000000000000, 0.000000000000000000, -1.000000000000000000 ) ) ;
#2139 =( GEOMETRIC_REPRESENTATION_CONTEXT ( 3 ) GLOBAL_UNCERTAINTY_ASSIGNED_CONTEXT ( ( #828 ) ) GLOBAL_UNIT_ASSIGNED_CONTEXT ( ( #2168, #1708, #266 ) ) REPRESENTATION_CONTEXT ( 'NONE', 'WORKASPACE' ) );
#2140 = FACE_OUTER_BOUND ( 'NONE', #1503, .T. ) ;
#2141 = SURFACE_SIDE_STYLE ('',( #2188 ) ) ;
#2142 = EDGE_CURVE ( 'NONE', #593, #1537, #988, .T. ) ;
#2143 = CARTESIAN_POINT ( 'NONE',  ( 1.705000000000000071, 2.354859495653229448E-16, 0.3800000000000000044 ) ) ;
#2144 = AXIS2_PLACEMENT_3D ( 'NONE', #1076, #2196, #2379 ) ;
#2145 = ORIENTED_EDGE ( 'NONE', *, *, #1591, .F. ) ;
#2146 =( GEOMETRIC_REPRESENTATION_CONTEXT ( 3 ) GLOBAL_UNCERTAINTY_ASSIGNED_CONTEXT ( ( #991 ) ) GLOBAL_UNIT_ASSIGNED_CONTEXT ( ( #1953, #1034, #1276 ) ) REPRESENTATION_CONTEXT ( 'NONE', 'WORKASPACE' ) );
#2147 = EDGE_CURVE ( 'NONE', #2265, #526, #2121, .T. ) ;
#2148 = FILL_AREA_STYLE ('',( #18 ) ) ;
#2149 = CARTESIAN_POINT ( 'NONE',  ( 1.295000000000000373, 1.788588297285004786E-16, 0.3800000000000000044 ) ) ;
#2150 = EDGE_LOOP ( 'NONE', ( #128, #2281, #2703, #579 ) ) ;
#2151 = FILL_AREA_STYLE ('',( #2084 ) ) ;
#2153 = FILL_AREA_STYLE ('',( #2345 ) ) ;
#2152 = VECTOR ( 'NONE', #2404, 1000.000000000000000 ) ;
#2154 = CARTESIAN_POINT ( 'NONE',  ( -1.295000000000000373, 1.788588297285004786E-16, 0.3800000000000000044 ) ) ;
#2155 = LINE ( 'NONE', #53, #447 ) ;
#2156 = COLOUR_RGB ( '',0.2862745098039215508, 0.2862745098039215508, 0.2862745098039215508 ) ;
#2157 = DIRECTION ( 'NONE',  ( -1.000000000000000000, 4.824036362560642035E-17, 0.000000000000000000 ) ) ;
#2158 = EDGE_CURVE ( 'NONE', #862, #2712, #1283, .T. ) ;
#2159 = VERTEX_POINT ( 'NONE', #1947 ) ;
#2160 = LINE ( 'NONE', #2190, #222 ) ;
#2161 = EDGE_LOOP ( 'NONE', ( #84, #1110, #1311, #877, #1932, #2730 ) ) ;
#2162 = UNCERTAINTY_MEASURE_WITH_UNIT (LENGTH_MEASURE( 1.000000000000000082E-05 ), #2272, 'distance_accuracy_value', 'NONE');
#2163 = DIRECTION ( 'NONE',  ( -0.000000000000000000, 1.000000000000000000, 0.000000000000000000 ) ) ;
#2164 =( NAMED_UNIT ( * ) PLANE_ANGLE_UNIT ( ) SI_UNIT ( $, .RADIAN. ) );
#2165 = ORIENTED_EDGE ( 'NONE', *, *, #2158, .F. ) ;
#2166 = LINE ( 'NONE', #864, #881 ) ;
#2167 = LINE ( 'NONE', #36, #1854 ) ;
#2168 =( LENGTH_UNIT ( ) NAMED_UNIT ( * ) SI_UNIT ( .MILLI., .METRE. ) );
#2169 = STYLED_ITEM ( 'NONE', ( #5 ), #1814 ) ;
#2170 = DIRECTION ( 'NONE',  ( -0.000000000000000000, -0.000000000000000000, 1.000000000000000000 ) ) ;
#2171 = PLANE ( 'NONE',  #2655 ) ;
#2172 = FILL_AREA_STYLE ('',( #857 ) ) ;
#2173 =( BOUNDED_CURVE ( )  B_SPLINE_CURVE ( 3, ( #1293, #1068, #2224, #1151 ),
 .UNSPECIFIED., .F., .F. ) 
 B_SPLINE_CURVE_WITH_KNOTS ( ( 4, 4 ),
 ( 0.000000000000000000, 0.01507913049647229171 ),
 .UNSPECIFIED. ) 
 CURVE ( )  GEOMETRIC_REPRESENTATION_ITEM ( )  RATIONAL_B_SPLINE_CURVE ( ( 1.000000000000000000, 0.9999810517417155875, 0.9999810517417155875, 1.000000000000000000 ) ) 
 REPRESENTATION_ITEM ( '' )  );
#2174 = COLOUR_RGB ( '',0.2862745098039215508, 0.2862745098039215508, 0.2862745098039215508 ) ;
#2175 = LINE ( 'NONE', #57, #1782 ) ;
#2176 = ORIENTED_EDGE ( 'NONE', *, *, #1264, .F. ) ;
#2177 = PRODUCT ( 'GALI-84+', 'GALI-84+', '', ( #2026 ) ) ;
#2178 = LINE ( 'NONE', #1069, #1488 ) ;
#2179 = DIRECTION ( 'NONE',  ( 0.000000000000000000, -1.000000000000000000, 0.000000000000000000 ) ) ;
#2180 = PLANE ( 'NONE',  #1616 ) ;
#2181 = ORIENTED_EDGE ( 'NONE', *, *, #781, .F. ) ;
#2182 = ADVANCED_FACE ( 'NONE', ( #2579 ), #2368, .F. ) ;
#2183 = FILL_AREA_STYLE ('',( #1518 ) ) ;
#2184 = CARTESIAN_POINT ( 'NONE',  ( 1.295000000000000595, -2.259999999999999787, 0.3800000000000000044 ) ) ;
#2185 = FACE_OUTER_BOUND ( 'NONE', #94, .T. ) ;
#2186 = CARTESIAN_POINT ( 'NONE',  ( -1.990426101976808582, 0.9629261019768081686, 1.550000000000000488 ) ) ;
#2187 = STYLED_ITEM ( 'NONE', ( #1568 ), #284 ) ;
#2188 = SURFACE_STYLE_FILL_AREA ( #2172 ) ;
#2189 = VECTOR ( 'NONE', #708, 999.9999999999998863 ) ;
#2190 = CARTESIAN_POINT ( 'NONE',  ( 0.5364957350010770565, -0.6547592826975169311, 0.3800000000000000044 ) ) ;
#2191 = COLOUR_RGB ( '',0.2862745098039215508, 0.2862745098039215508, 0.2862745098039215508 ) ;
#2192 = ORIENTED_EDGE ( 'NONE', *, *, #1510, .F. ) ;
#2193 = FACE_OUTER_BOUND ( 'NONE', #2413, .T. ) ;
#2194 = ORIENTED_EDGE ( 'NONE', *, *, #2449, .T. ) ;
#2195 = EDGE_CURVE ( 'NONE', #1065, #786, #2642, .T. ) ;
#2196 = DIRECTION ( 'NONE',  ( 0.000000000000000000, 1.000000000000000000, 0.000000000000000000 ) ) ;
#2197 = LINE ( 'NONE', #2613, #2487 ) ;
#2198 = ADVANCED_FACE ( 'NONE', ( #1098 ), #78, .T. ) ;
#2199 = COLOUR_RGB ( '',0.2862745098039215508, 0.2862745098039215508, 0.2862745098039215508 ) ;
#2200 = CARTESIAN_POINT ( 'NONE',  ( 1.705000000000000071, -0.6899999999999998357, 0.3800000000000000044 ) ) ;
#2201 = VERTEX_POINT ( 'NONE', #65 ) ;
#2202 = EDGE_CURVE ( 'NONE', #2661, #2329, #2587, .T. ) ;
#2203 = COLOUR_RGB ( '',0.2862745098039215508, 0.2862745098039215508, 0.2862745098039215508 ) ;
#2204 = DIRECTION ( 'NONE',  ( 0.000000000000000000, 0.000000000000000000, -1.000000000000000000 ) ) ;
#2205 = ORIENTED_EDGE ( 'NONE', *, *, #1242, .T. ) ;
#2206 = VECTOR ( 'NONE', #1576, 1000.000000000000000 ) ;
#2207 = CARTESIAN_POINT ( 'NONE',  ( 1.152024203891909515, 1.152024203891909515, 0.3800000000000000044 ) ) ;
#2208 = LINE ( 'NONE', #1163, #2738 ) ;
#2209 = DIRECTION ( 'NONE',  ( -0.000000000000000000, 1.000000000000000000, -0.000000000000000000 ) ) ;
#2210 = DIRECTION ( 'NONE',  ( 1.000000000000000000, 0.000000000000000000, 0.000000000000000000 ) ) ;
#2211 = ORIENTED_EDGE ( 'NONE', *, *, #1312, .F. ) ;
#2212 = PRESENTATION_LAYER_ASSIGNMENT (  '', '', ( #630 ) ) ;
#2213 =( NAMED_UNIT ( * ) SI_UNIT ( $, .STERADIAN. ) SOLID_ANGLE_UNIT ( ) );
#2214 = DIRECTION ( 'NONE',  ( -1.000000000000000000, 0.000000000000000000, 0.000000000000000000 ) ) ;
#2215 =( NAMED_UNIT ( * ) SI_UNIT ( $, .STERADIAN. ) SOLID_ANGLE_UNIT ( ) );
#2216 = PLANE ( 'NONE',  #55 ) ;
#2217 = DIRECTION ( 'NONE',  ( 0.000000000000000000, -0.000000000000000000, 1.000000000000000000 ) ) ;
#2218 = STYLED_ITEM ( 'NONE', ( #2359 ), #1901 ) ;
#2219 = EDGE_CURVE ( 'NONE', #2314, #1927, #2197, .T. ) ;
#2220 = SURFACE_STYLE_FILL_AREA ( #283 ) ;
#2221 = CARTESIAN_POINT ( 'NONE',  ( 2.247500000000000053, 1.219999999999998863, 0.000000000000000000 ) ) ;
#2222 = VERTEX_POINT ( 'NONE', #278 ) ;
#2223 = EDGE_CURVE ( 'NONE', #2399, #147, #707, .T. ) ;
#2224 = CARTESIAN_POINT ( 'NONE',  ( 2.247498105165195881, 1.170502635302201222, 0.3800107461421786681 ) ) ;
#2225 = CARTESIAN_POINT ( 'NONE',  ( 0.2049999999999999878, -2.260951592216180472, 0.000000000000000000 ) ) ;
#2226 =( LENGTH_UNIT ( ) NAMED_UNIT ( * ) SI_UNIT ( .MILLI., .METRE. ) );
#2227 = VERTEX_POINT ( 'NONE', #1563 ) ;
#2228 = STYLED_ITEM ( 'NONE', ( #441 ), #90 ) ;
#2229 = AXIS2_PLACEMENT_3D ( 'NONE', #442, #654, #1084 ) ;
#2230 =( LENGTH_UNIT ( ) NAMED_UNIT ( * ) SI_UNIT ( .MILLI., .METRE. ) );
#2231 = SURFACE_STYLE_FILL_AREA ( #1548 ) ;
#2232 = DIRECTION ( 'NONE',  ( 1.000000000000000000, 0.000000000000000000, 0.000000000000000000 ) ) ;
#2233 = DIRECTION ( 'NONE',  ( 1.381149264312744580E-16, 1.000000000000000000, 0.000000000000000000 ) ) ;
#2234 = LINE ( 'NONE', #1146, #637 ) ;
#2235 = FACE_OUTER_BOUND ( 'NONE', #2445, .T. ) ;
#2236 = LINE ( 'NONE', #2221, #608 ) ;
#2237 = VERTEX_POINT ( 'NONE', #2434 ) ;
#2238 = MECHANICAL_DESIGN_GEOMETRIC_PRESENTATION_REPRESENTATION (  '', ( #1867 ), #1137 ) ;
#2239 = EDGE_CURVE ( 'NONE', #211, #750, #1354, .T. ) ;
#2240 = DIRECTION ( 'NONE',  ( 0.000000000000000000, 0.000000000000000000, -1.000000000000000000 ) ) ;
#2241 =( LENGTH_UNIT ( ) NAMED_UNIT ( * ) SI_UNIT ( .MILLI., .METRE. ) );
#2242 = ORIENTED_EDGE ( 'NONE', *, *, #522, .F. ) ;
#2243 = EDGE_CURVE ( 'NONE', #1881, #108, #320, .T. ) ;
#2244 = AXIS2_PLACEMENT_3D ( 'NONE', #1373, #1996, #1984 ) ;
#2245 = SURFACE_STYLE_USAGE ( .BOTH. , #2461 ) ;
#2246 = CARTESIAN_POINT ( 'NONE',  ( -2.247500000000000053, -1.219999999999999751, 0.3800000000000000044 ) ) ;
#2247 = VECTOR ( 'NONE', #1999, 1000.000000000000000 ) ;
#2248 = LINE ( 'NONE', #295, #2189 ) ;
#2249 = STYLED_ITEM ( 'NONE', ( #2731 ), #1362 ) ;
#2250 = EDGE_CURVE ( 'NONE', #1596, #2298, #1433, .T. ) ;
#2251 = AXIS2_PLACEMENT_3D ( 'NONE', #269, #1100, #1925 ) ;
#2252 = CARTESIAN_POINT ( 'NONE',  ( -1.295000000000000373, -0.6899999999999998357, 0.3800000000000000044 ) ) ;
#2253 = VERTEX_POINT ( 'NONE', #778 ) ;
#2254 = DIRECTION ( 'NONE',  ( -1.381149264312744580E-16, 1.000000000000000000, 0.000000000000000000 ) ) ;
#2255 = CARTESIAN_POINT ( 'NONE',  ( 2.198002635302202634, 1.219998105165194469, 0.3800107461421775579 ) ) ;
#2256 = VERTEX_POINT ( 'NONE', #791 ) ;
#2257 = COLOUR_RGB ( '',0.2862745098039215508, 0.2862745098039215508, 0.2862745098039215508 ) ;
#2258 =( NAMED_UNIT ( * ) SI_UNIT ( $, .STERADIAN. ) SOLID_ANGLE_UNIT ( ) );
#2259 = EDGE_CURVE ( 'NONE', #1093, #1754, #2048, .T. ) ;
#2260 = CARTESIAN_POINT ( 'NONE',  ( -0.2050000000000000155, 2.721568718688101992E-17, 0.3800000000000000044 ) ) ;
#2261 = DIRECTION ( 'NONE',  ( -1.000000000000000000, 1.381149264312744580E-16, 0.000000000000000000 ) ) ;
#2262 = LINE ( 'NONE', #340, #1788 ) ;
#2263 = ORIENTED_EDGE ( 'NONE', *, *, #329, .F. ) ;
#2264 = CARTESIAN_POINT ( 'NONE',  ( -2.039666489627418144, 0.9629261019768080576, 1.558682408883346859 ) ) ;
#2265 = VERTEX_POINT ( 'NONE', #1651 ) ;
#2266 = DIRECTION ( 'NONE',  ( 0.000000000000000000, 0.000000000000000000, -1.000000000000000000 ) ) ;
#2267 = EDGE_LOOP ( 'NONE', ( #1636, #2583, #398, #1758, #2481, #1166 ) ) ;
#2268 = FILL_AREA_STYLE_COLOUR ( '', #2299 ) ;
#2269 = DIRECTION ( 'NONE',  ( -0.1710878697460359033, 0.1710878697460359033, -0.9702875252478139201 ) ) ;
#2270 = VERTEX_POINT ( 'NONE', #335 ) ;
#2271 = VECTOR ( 'NONE', #839, 999.9999999999998863 ) ;
#2272 =( LENGTH_UNIT ( ) NAMED_UNIT ( * ) SI_UNIT ( .MILLI., .METRE. ) );
#2273 = ORIENTED_EDGE ( 'NONE', *, *, #2611, .F. ) ;
#2274 = PRESENTATION_LAYER_ASSIGNMENT (  '', '', ( #2187 ) ) ;
#2275 = DIRECTION ( 'NONE',  ( 1.381149264312744580E-16, 1.000000000000000000, 0.000000000000000000 ) ) ;
#2276 =( NAMED_UNIT ( * ) PLANE_ANGLE_UNIT ( ) SI_UNIT ( $, .RADIAN. ) );
#2277 = PLANE ( 'NONE',  #1808 ) ;
#2278 = VERTEX_POINT ( 'NONE', #165 ) ;
#2279 = STYLED_ITEM ( 'NONE', ( #1891 ), #628 ) ;
#2280 = EDGE_CURVE ( 'NONE', #750, #1005, #2040, .T. ) ;
#2281 = ORIENTED_EDGE ( 'NONE', *, *, #353, .F. ) ;
#2282 = AXIS2_PLACEMENT_3D ( 'NONE', #499, #524, #1553 ) ;
#2283 = CARTESIAN_POINT ( 'NONE',  ( -0.2050000000000000155, 2.721568718688101992E-17, 0.000000000000000000 ) ) ;
#2284 = MECHANICAL_DESIGN_GEOMETRIC_PRESENTATION_REPRESENTATION (  '', ( #2667 ), #570 ) ;
#2285 = AXIS2_PLACEMENT_3D ( 'NONE', #935, #2004, #1597 ) ;
#2286 = SURFACE_STYLE_USAGE ( .BOTH. , #1734 ) ;
#2287 = ADVANCED_FACE ( 'NONE', ( #2029 ), #1617, .F. ) ;
#2288 = FACE_OUTER_BOUND ( 'NONE', #572, .T. ) ;
#2289 =( GEOMETRIC_REPRESENTATION_CONTEXT ( 3 ) GLOBAL_UNCERTAINTY_ASSIGNED_CONTEXT ( ( #427 ) ) GLOBAL_UNIT_ASSIGNED_CONTEXT ( ( #2660, #2464, #127 ) ) REPRESENTATION_CONTEXT ( 'NONE', 'WORKASPACE' ) );
#2290 = ADVANCED_FACE ( 'NONE', ( #2297 ), #2477, .T. ) ;
#2291 = EDGE_LOOP ( 'NONE', ( #1430, #49, #392, #1256 ) ) ;
#2292 = FILL_AREA_STYLE ('',( #1406 ) ) ;
#2293 = VECTOR ( 'NONE', #1169, 1000.000000000000000 ) ;
#2294 = FILL_AREA_STYLE_COLOUR ( '', #2174 ) ;
#2295 = DIRECTION ( 'NONE',  ( 1.000000000000000000, -8.807421908848923646E-15, 0.000000000000000000 ) ) ;
#2296 = ORIENTED_EDGE ( 'NONE', *, *, #690, .T. ) ;
#2297 = FACE_OUTER_BOUND ( 'NONE', #379, .T. ) ;
#2298 = VERTEX_POINT ( 'NONE', #366 ) ;
#2299 = COLOUR_RGB ( '',0.2862745098039215508, 0.2862745098039215508, 0.2862745098039215508 ) ;
#2300 = FACE_OUTER_BOUND ( 'NONE', #2724, .T. ) ;
#2301 = DIRECTION ( 'NONE',  ( 1.142821200983148897E-16, -1.000000000000000000, 0.000000000000000000 ) ) ;
#2302 = SURFACE_SIDE_STYLE ('',( #2684 ) ) ;
#2303 = VERTEX_POINT ( 'NONE', #962 ) ;
#2304 = EDGE_CURVE ( 'NONE', #747, #195, #2361, .T. ) ;
#2305 = CARTESIAN_POINT ( 'NONE',  ( 0.2049999999999999878, 0.000000000000000000, 0.000000000000000000 ) ) ;
#2306 =( LENGTH_UNIT ( ) NAMED_UNIT ( * ) SI_UNIT ( .MILLI., .METRE. ) );
#2307 = DIRECTION ( 'NONE',  ( 0.000000000000000000, -0.1736481776669307198, -0.9848077530122080203 ) ) ;
#2308 = EDGE_LOOP ( 'NONE', ( #2677, #2478, #930, #1398 ) ) ;
#2309 = EDGE_CURVE ( 'NONE', #526, #596, #2682, .T. ) ;
#2310 = UNCERTAINTY_MEASURE_WITH_UNIT (LENGTH_MEASURE( 1.000000000000000082E-05 ), #2421, 'distance_accuracy_value', 'NONE');
#2311 = LINE ( 'NONE', #874, #917 ) ;
#2312 = SURFACE_STYLE_USAGE ( .BOTH. , #829 ) ;
#2313 = CARTESIAN_POINT ( 'NONE',  ( -2.247498105165194993, -1.170502635302201444, 0.3800107461421812216 ) ) ;
#2314 = VERTEX_POINT ( 'NONE', #1199 ) ;
#2315 = STYLED_ITEM ( 'NONE', ( #976 ), #2290 ) ;
#2316 = DIRECTION ( 'NONE',  ( -1.142821200983148897E-16, 1.000000000000000000, 0.000000000000000000 ) ) ;
#2317 = CARTESIAN_POINT ( 'NONE',  ( 2.177519933915545991, 1.100779546264934572, 0.7768766765204072611 ) ) ;
#2318 = CARTESIAN_POINT ( 'NONE',  ( 2.247500000000000053, -1.219999999999999973, 0.3800000000000000044 ) ) ;
#2319 = EDGE_CURVE ( 'NONE', #1153, #776, #993, .T. ) ;
#2320 = VERTEX_POINT ( 'NONE', #1662 ) ;
#2321 = LINE ( 'NONE', #1645, #318 ) ;
#2322 = CARTESIAN_POINT ( 'NONE',  ( -2.198253927952688258, -1.219994315603297741, 0.3800322378156716918 ) ) ;
#2323 = LINE ( 'NONE', #1671, #1142 ) ;
#2324 = ORIENTED_EDGE ( 'NONE', *, *, #807, .F. ) ;
#2325 = AXIS2_PLACEMENT_3D ( 'NONE', #2069, #2511, #575 ) ;
#2326 = FILL_AREA_STYLE_COLOUR ( '', #970 ) ;
#2327 =( LENGTH_UNIT ( ) NAMED_UNIT ( * ) SI_UNIT ( .MILLI., .METRE. ) );
#2328 = VERTEX_POINT ( 'NONE', #1105 ) ;
#2329 = VERTEX_POINT ( 'NONE', #2722 ) ;
#2330 = DIRECTION ( 'NONE',  ( -0.000000000000000000, -1.000000000000000000, -0.000000000000000000 ) ) ;
#2331 =( NAMED_UNIT ( * ) SI_UNIT ( $, .STERADIAN. ) SOLID_ANGLE_UNIT ( ) );
#2332 = DIRECTION ( 'NONE',  ( -0.000000000000000000, -0.000000000000000000, -1.000000000000000000 ) ) ;
#2333 = AXIS2_PLACEMENT_3D ( 'NONE', #2658, #1144, #112 ) ;
#2334 = CARTESIAN_POINT ( 'NONE',  ( -0.8249999999999999556, 1.219999999999999307, 0.3800000000000000044 ) ) ;
#2335 = MECHANICAL_DESIGN_GEOMETRIC_PRESENTATION_REPRESENTATION (  '', ( #56 ), #367 ) ;
#2336 = CARTESIAN_POINT ( 'NONE',  ( -0.5364957350010770565, -0.6547592826975169311, 0.3800000000000000044 ) ) ;
#2337 = ORIENTED_EDGE ( 'NONE', *, *, #2697, .F. ) ;
#2338 = UNCERTAINTY_MEASURE_WITH_UNIT (LENGTH_MEASURE( 1.000000000000000082E-05 ), #2306, 'distance_accuracy_value', 'NONE');
#2339 = ADVANCED_FACE ( 'NONE', ( #1880 ), #871, .F. ) ;
#2340 = SURFACE_STYLE_USAGE ( .BOTH. , #1457 ) ;
#2341 = VERTEX_POINT ( 'NONE', #1777 ) ;
#2342 = EDGE_CURVE ( 'NONE', #1705, #563, #729, .T. ) ;
#2343 = ADVANCED_FACE ( 'NONE', ( #714 ), #2617, .F. ) ;
#2344 =( BOUNDED_CURVE ( )  B_SPLINE_CURVE ( 3, ( #463, #1090, #2133, #1279 ),
 .UNSPECIFIED., .F., .T. ) 
 B_SPLINE_CURVE_WITH_KNOTS ( ( 4, 4 ),
 ( 6.268106176683113873, 6.283185307179586232 ),
 .UNSPECIFIED. ) 
 CURVE ( )  GEOMETRIC_REPRESENTATION_ITEM ( )  RATIONAL_B_SPLINE_CURVE ( ( 1.000000000000000000, 0.9999810517417155875, 0.9999810517417155875, 1.000000000000000000 ) ) 
 REPRESENTATION_ITEM ( '' )  );
#2345 = FILL_AREA_STYLE_COLOUR ( '', #2083 ) ;
#2346 = CARTESIAN_POINT ( 'NONE',  ( 2.068127519661878466, -1.089867907312490170, 1.118015771407479209 ) ) ;
#2347 = SURFACE_STYLE_USAGE ( .BOTH. , #13 ) ;
#2348 = CARTESIAN_POINT ( 'NONE',  ( -0.8250000000000000666, -0.4183650660873066141, 0.3800000000000000044 ) ) ;
#2349 = SURFACE_SIDE_STYLE ('',( #15 ) ) ;
#2350 = ORIENTED_EDGE ( 'NONE', *, *, #1022, .F. ) ;
#2351 = ORIENTED_EDGE ( 'NONE', *, *, #2223, .T. ) ;
#2352 = VECTOR ( 'NONE', #1721, 1000.000000000000000 ) ;
#2353 = DIRECTION ( 'NONE',  ( 0.000000000000000000, 0.000000000000000000, -1.000000000000000000 ) ) ;
#2354 = SURFACE_STYLE_USAGE ( .BOTH. , #1045 ) ;
#2355 = MECHANICAL_DESIGN_GEOMETRIC_PRESENTATION_REPRESENTATION (  '', ( #2315 ), #1448 ) ;
#2356 = EDGE_CURVE ( 'NONE', #1985, #1500, #2234, .T. ) ;
#2357 =( BOUNDED_CURVE ( )  B_SPLINE_CURVE ( 3, ( #1844, #1564, #480, #279 ),
 .UNSPECIFIED., .F., .F. ) 
 B_SPLINE_CURVE_WITH_KNOTS ( ( 4, 4 ),
 ( 5.512866274278614753, 7.053504340080557711 ),
 .UNSPECIFIED. ) 
 CURVE ( )  GEOMETRIC_REPRESENTATION_ITEM ( )  RATIONAL_B_SPLINE_CURVE ( ( 1.000000000000000000, 0.8117923620232494475, 0.8117923620232494475, 1.000000000000000000 ) ) 
 REPRESENTATION_ITEM ( '' )  );
#2358 = VECTOR ( 'NONE', #502, 1000.000000000000000 ) ;
#2359 = PRESENTATION_STYLE_ASSIGNMENT (( #634 ) ) ;
#2360 = MECHANICAL_DESIGN_GEOMETRIC_PRESENTATION_REPRESENTATION (  '', ( #1676 ), #1847 ) ;
#2361 =( BOUNDED_CURVE ( )  B_SPLINE_CURVE ( 3, ( #557, #1635, #2079, #177 ),
 .UNSPECIFIED., .F., .T. ) 
 B_SPLINE_CURVE_WITH_KNOTS ( ( 4, 4 ),
 ( -7.993605777301127091E-15, 0.01507913049647687659 ),
 .UNSPECIFIED. ) 
 CURVE ( )  GEOMETRIC_REPRESENTATION_ITEM ( )  RATIONAL_B_SPLINE_CURVE ( ( 1.000000000000000000, 0.9999810517417155875, 0.9999810517417155875, 1.000000000000000000 ) ) 
 REPRESENTATION_ITEM ( '' )  );
#2362 = EDGE_LOOP ( 'NONE', ( #436, #830, #597, #1001 ) ) ;
#2363 = FACE_OUTER_BOUND ( 'NONE', #2014, .T. ) ;
#2364 = VERTEX_POINT ( 'NONE', #1543 ) ;
#2365 = VECTOR ( 'NONE', #224, 1000.000000000000000 ) ;
#2366 = SURFACE_SIDE_STYLE ('',( #2578 ) ) ;
#2367 = EDGE_CURVE ( 'NONE', #2428, #792, #2639, .T. ) ;
#2368 = PLANE ( 'NONE',  #845 ) ;
#2369 = CARTESIAN_POINT ( 'NONE',  ( -1.990426101976808138, 0.9629261019768080576, 1.550000000000000488 ) ) ;
#2370 = ADVANCED_FACE ( 'NONE', ( #220 ), #1918, .T. ) ;
#2371 = SURFACE_STYLE_USAGE ( .BOTH. , #2141 ) ;
#2372 = EDGE_CURVE ( 'NONE', #2364, #2328, #2178, .T. ) ;
#2373 =( GEOMETRIC_REPRESENTATION_CONTEXT ( 3 ) GLOBAL_UNCERTAINTY_ASSIGNED_CONTEXT ( ( #377 ) ) GLOBAL_UNIT_ASSIGNED_CONTEXT ( ( #1820, #2622, #2635 ) ) REPRESENTATION_CONTEXT ( 'NONE', 'WORKASPACE' ) );
#2374 = ORIENTED_EDGE ( 'NONE', *, *, #1786, .F. ) ;
#2375 = DIRECTION ( 'NONE',  ( 0.000000000000000000, -0.000000000000000000, -1.000000000000000000 ) ) ;
#2376 = CARTESIAN_POINT ( 'NONE',  ( -2.248941318300683001, 1.172200930650072914, 0.3718258777250522118 ) ) ;
#2377 = ORIENTED_EDGE ( 'NONE', *, *, #2452, .T. ) ;
#2378 = AXIS2_PLACEMENT_3D ( 'NONE', #689, #662, #2382 ) ;
#2379 = DIRECTION ( 'NONE',  ( 0.000000000000000000, 0.000000000000000000, 1.000000000000000000 ) ) ;
#2381 = SURFACE_STYLE_USAGE ( .BOTH. , #1044 ) ;
#2380 = PRESENTATION_LAYER_ASSIGNMENT (  '', '', ( #797 ) ) ;
#2382 = DIRECTION ( 'NONE',  ( -1.142821200983148897E-16, 1.000000000000000000, 0.000000000000000000 ) ) ;
#2383 =( LENGTH_UNIT ( ) NAMED_UNIT ( * ) SI_UNIT ( .MILLI., .METRE. ) );
#2384 = ADVANCED_FACE ( 'NONE', ( #1740 ), #449, .T. ) ;
#2385 = MECHANICAL_DESIGN_GEOMETRIC_PRESENTATION_REPRESENTATION (  '', ( #630 ), #164 ) ;
#2386 = ORIENTED_EDGE ( 'NONE', *, *, #1569, .T. ) ;
#2387 = EDGE_CURVE ( 'NONE', #1225, #211, #2344, .T. ) ;
#2388 = FACE_OUTER_BOUND ( 'NONE', #1614, .T. ) ;
#2389 = SURFACE_STYLE_FILL_AREA ( #1296 ) ;
#2390 = VERTEX_POINT ( 'NONE', #1958 ) ;
#2391 = ADVANCED_FACE ( 'NONE', ( #2388 ), #60, .T. ) ;
#2392 = CYLINDRICAL_SURFACE ( 'NONE', #2144, 0.04999999999999991257 ) ;
#2393 = SURFACE_STYLE_USAGE ( .BOTH. , #1990 ) ;
#2394 = PRESENTATION_STYLE_ASSIGNMENT (( #2354 ) ) ;
#2395 = VECTOR ( 'NONE', #2636, 1000.000000000000000 ) ;
#2396 = CARTESIAN_POINT ( 'NONE',  ( 0.000000000000000000, -2.260951592216180472, 0.3800000000000000044 ) ) ;
#2397 = SURFACE_SIDE_STYLE ('',( #1113 ) ) ;
#2398 =( NAMED_UNIT ( * ) SI_UNIT ( $, .STERADIAN. ) SOLID_ANGLE_UNIT ( ) );
#2399 = VERTEX_POINT ( 'NONE', #2674 ) ;
#2400 = EDGE_CURVE ( 'NONE', #2270, #1903, #2605, .T. ) ;
#2401 = ORIENTED_EDGE ( 'NONE', *, *, #1356, .T. ) ;
#2402 = CARTESIAN_POINT ( 'NONE',  ( 0.000000000000000000, 0.000000000000000000, 0.3800000000000000044 ) ) ;
#2403 =( NAMED_UNIT ( * ) SI_UNIT ( $, .STERADIAN. ) SOLID_ANGLE_UNIT ( ) );
#2404 = DIRECTION ( 'NONE',  ( 1.142821200983148897E-16, -1.000000000000000000, 0.000000000000000000 ) ) ;
#2405 = ORIENTED_EDGE ( 'NONE', *, *, #2422, .F. ) ;
#2406 = FILL_AREA_STYLE ('',( #493 ) ) ;
#2407 = STYLED_ITEM ( 'NONE', ( #3 ), #178 ) ;
#2408 = EDGE_CURVE ( 'NONE', #2390, #563, #2208, .T. ) ;
#2409 = CARTESIAN_POINT ( 'NONE',  ( 0.8249999999999998446, 1.479048407783819519, 0.000000000000000000 ) ) ;
#2410 = SURFACE_STYLE_FILL_AREA ( #855 ) ;
#2411 = SURFACE_STYLE_USAGE ( .BOTH. , #1519 ) ;
#2412 = PLANE ( 'NONE',  #1032 ) ;
#2413 = EDGE_LOOP ( 'NONE', ( #221, #357, #1251, #1862, #2467, #762, #1025, #348 ) ) ;
#2414 = LINE ( 'NONE', #87, #523 ) ;
#2415 = AXIS2_PLACEMENT_3D ( 'NONE', #2116, #1466, #2307 ) ;
#2416 = VERTEX_POINT ( 'NONE', #288 ) ;
#2417 = VECTOR ( 'NONE', #167, 1000.000000000000000 ) ;
#2418 =( LENGTH_UNIT ( ) NAMED_UNIT ( * ) SI_UNIT ( .MILLI., .METRE. ) );
#2419 = ORIENTED_EDGE ( 'NONE', *, *, #826, .T. ) ;
#2420 = CARTESIAN_POINT ( 'NONE',  ( -0.2050000000000001543, -0.9263797891933148732, 0.000000000000000000 ) ) ;
#2421 =( LENGTH_UNIT ( ) NAMED_UNIT ( * ) SI_UNIT ( .MILLI., .METRE. ) );
#2422 = EDGE_CURVE ( 'NONE', #1065, #2265, #2429, .T. ) ;
#2423 = ADVANCED_FACE ( 'NONE', ( #1809 ), #306, .T. ) ;
#2424 = LINE ( 'NONE', #2009, #2293 ) ;
#2425 = SURFACE_STYLE_FILL_AREA ( #83 ) ;
#2426 = DIRECTION ( 'NONE',  ( 0.000000000000000000, 0.000000000000000000, -1.000000000000000000 ) ) ;
#2427 = DIRECTION ( 'NONE',  ( 0.000000000000000000, 1.000000000000000000, 0.000000000000000000 ) ) ;
#2428 = VERTEX_POINT ( 'NONE', #2023 ) ;
#2429 = LINE ( 'NONE', #2663, #2358 ) ;
#2430 = DIRECTION ( 'NONE',  ( -1.000000000000000000, 0.000000000000000000, 0.000000000000000000 ) ) ;
#2431 = DIRECTION ( 'NONE',  ( -1.000000000000000000, 0.000000000000000000, -0.000000000000000000 ) ) ;
#2432 = ORIENTED_EDGE ( 'NONE', *, *, #571, .T. ) ;
#2433 = CYLINDRICAL_SURFACE ( 'NONE', #1513, 0.04999999999999987788 ) ;
#2434 = CARTESIAN_POINT ( 'NONE',  ( 1.705000000000000293, -2.259999999999999787, 0.000000000000000000 ) ) ;
#2435 = FILL_AREA_STYLE_COLOUR ( '', #1696 ) ;
#2436 = SURFACE_STYLE_USAGE ( .BOTH. , #1816 ) ;
#2437 = DIRECTION ( 'NONE',  ( 4.824036362560642035E-17, 1.000000000000000000, -0.000000000000000000 ) ) ;
#2438 =( GEOMETRIC_REPRESENTATION_CONTEXT ( 3 ) GLOBAL_UNCERTAINTY_ASSIGNED_CONTEXT ( ( #2132 ) ) GLOBAL_UNIT_ASSIGNED_CONTEXT ( ( #671, #2164, #2403 ) ) REPRESENTATION_CONTEXT ( 'NONE', 'WORKASPACE' ) );
#2439 = EDGE_CURVE ( 'NONE', #2201, #2278, #130, .T. ) ;
#2440 = CARTESIAN_POINT ( 'NONE',  ( 0.000000000000000000, 0.000000000000000000, 0.3800000000000000044 ) ) ;
#2441 = VECTOR ( 'NONE', #517, 1000.000000000000000 ) ;
#2442 = ORIENTED_EDGE ( 'NONE', *, *, #1094, .T. ) ;
#2443 = CARTESIAN_POINT ( 'NONE',  ( -0.000000000000000000, -0.6899999999999998357, 0.3800000000000000044 ) ) ;
#2444 =( NAMED_UNIT ( * ) SI_UNIT ( $, .STERADIAN. ) SOLID_ANGLE_UNIT ( ) );
#2445 = EDGE_LOOP ( 'NONE', ( #1200, #2419, #1267 ) ) ;
#2446 = VECTOR ( 'NONE', #1472, 1000.000000000000000 ) ;
#2447 = FILL_AREA_STYLE_COLOUR ( '', #1712 ) ;
#2448 = LINE ( 'NONE', #520, #1435 ) ;
#2449 = EDGE_CURVE ( 'NONE', #593, #688, #1842, .T. ) ;
#2450 = DIRECTION ( 'NONE',  ( 0.000000000000000000, 0.000000000000000000, -1.000000000000000000 ) ) ;
#2451 = ORIENTED_EDGE ( 'NONE', *, *, #1048, .F. ) ;
#2452 = EDGE_CURVE ( 'NONE', #1005, #837, #336, .T. ) ;
#2453 = DIRECTION ( 'NONE',  ( -1.000000000000000000, 0.000000000000000000, -0.000000000000000000 ) ) ;
#2454 = MECHANICAL_DESIGN_GEOMETRIC_PRESENTATION_REPRESENTATION (  '', ( #1095 ), #10 ) ;
#2455 = PRESENTATION_STYLE_ASSIGNMENT (( #106 ) ) ;
#2456 = ORIENTED_EDGE ( 'NONE', *, *, #2280, .F. ) ;
#2457 =( GEOMETRIC_REPRESENTATION_CONTEXT ( 3 ) GLOBAL_UNCERTAINTY_ASSIGNED_CONTEXT ( ( #804 ) ) GLOBAL_UNIT_ASSIGNED_CONTEXT ( ( #26, #2129, #2012 ) ) REPRESENTATION_CONTEXT ( 'NONE', 'WORKASPACE' ) );
#2458 = AXIS2_PLACEMENT_3D ( 'NONE', #751, #2479, #2067 ) ;
#2459 =( BOUNDED_CURVE ( )  B_SPLINE_CURVE ( 3, ( #2651, #1119, #91, #701 ),
 .UNSPECIFIED., .F., .F. ) 
 B_SPLINE_CURVE_WITH_KNOTS ( ( 4, 4 ),
 ( 6.268106176683083675, 6.283185307179586232 ),
 .UNSPECIFIED. ) 
 CURVE ( )  GEOMETRIC_REPRESENTATION_ITEM ( )  RATIONAL_B_SPLINE_CURVE ( ( 1.000000000000000000, 0.9999810517417154765, 0.9999810517417154765, 1.000000000000000000 ) ) 
 REPRESENTATION_ITEM ( '' )  );
#2460 = FILL_AREA_STYLE ('',( #319 ) ) ;
#2461 = SURFACE_SIDE_STYLE ('',( #1396 ) ) ;
#2462 = LINE ( 'NONE', #1896, #486 ) ;
#2463 = SURFACE_STYLE_FILL_AREA ( #713 ) ;
#2464 =( NAMED_UNIT ( * ) PLANE_ANGLE_UNIT ( ) SI_UNIT ( $, .RADIAN. ) );
#2465 = COLOUR_RGB ( '',0.2862745098039215508, 0.2862745098039215508, 0.2862745098039215508 ) ;
#2466 = DIRECTION ( 'NONE',  ( 0.9848077530122077983, 0.000000000000000000, 0.1736481776669312749 ) ) ;
#2467 = ORIENTED_EDGE ( 'NONE', *, *, #496, .F. ) ;
#2468 =( GEOMETRIC_REPRESENTATION_CONTEXT ( 3 ) GLOBAL_UNCERTAINTY_ASSIGNED_CONTEXT ( ( #1630 ) ) GLOBAL_UNIT_ASSIGNED_CONTEXT ( ( #1757, #1527, #276 ) ) REPRESENTATION_CONTEXT ( 'NONE', 'WORKASPACE' ) );
#2469 = CARTESIAN_POINT ( 'NONE',  ( 1.295000000000000373, 1.788588297285004786E-16, 0.000000000000000000 ) ) ;
#2470 = DIRECTION ( 'NONE',  ( 1.381149264312744580E-16, 1.000000000000000000, 0.000000000000000000 ) ) ;
#2471 = FACE_OUTER_BOUND ( 'NONE', #1434, .T. ) ;
#2472 = LINE ( 'NONE', #540, #2395 ) ;
#2473 = ADVANCED_FACE ( 'NONE', ( #2060 ), #1222, .T. ) ;
#2474 = CARTESIAN_POINT ( 'NONE',  ( -2.247500000000000053, -1.219999999999999751, 0.000000000000000000 ) ) ;
#2475 = EDGE_LOOP ( 'NONE', ( #1493, #1259, #304, #873, #1629, #2586, #2604, #790, #1161, #1975, #2609, #2374 ) ) ;
#2476 = VECTOR ( 'NONE', #453, 1000.000000000000114 ) ;
#2477 = CYLINDRICAL_SURFACE ( 'NONE', #1811, 0.04999999999999987788 ) ;
#2478 = ORIENTED_EDGE ( 'NONE', *, *, #183, .T. ) ;
#2479 = DIRECTION ( 'NONE',  ( 1.000000000000000000, 0.000000000000000000, 0.000000000000000000 ) ) ;
#2480 = CARTESIAN_POINT ( 'NONE',  ( -0.8249999999999998446, 1.479048407783819519, 0.3800000000000000044 ) ) ;
#2481 = ORIENTED_EDGE ( 'NONE', *, *, #1801, .T. ) ;
#2482 = VECTOR ( 'NONE', #1195, 1000.000000000000000 ) ;
#2483 = ADVANCED_FACE ( 'NONE', ( #415 ), #2732, .F. ) ;
#2484 = CARTESIAN_POINT ( 'NONE',  ( -2.247494315603297377, 1.170753927952687290, 0.3800322378156727465 ) ) ;
#2485 = DIRECTION ( 'NONE',  ( 1.000000000000000000, -4.824036362560642651E-17, -0.000000000000000000 ) ) ;
#2486 = CARTESIAN_POINT ( 'NONE',  ( -1.152024203891909515, 1.152024203891909515, 0.3800000000000000044 ) ) ;
#2487 = VECTOR ( 'NONE', #924, 1000.000000000000000 ) ;
#2488 = CARTESIAN_POINT ( 'NONE',  ( -0.4749999999999998668, 1.829048407783819608, 0.000000000000000000 ) ) ;
#2489 = EDGE_LOOP ( 'NONE', ( #666, #1894, #2507, #1324 ) ) ;
#2490 =( NAMED_UNIT ( * ) PLANE_ANGLE_UNIT ( ) SI_UNIT ( $, .RADIAN. ) );
#2491 = CARTESIAN_POINT ( 'NONE',  ( 0.000000000000000000, -0.6899999999999998357, 0.3800000000000000044 ) ) ;
#2492 = ORIENTED_EDGE ( 'NONE', *, *, #807, .T. ) ;
#2493 = STYLED_ITEM ( 'NONE', ( #1926 ), #137 ) ;
#2494 = SPHERICAL_SURFACE ( 'NONE', #2619, 0.05000000000000000278 ) ;
#2495 =( NAMED_UNIT ( * ) SI_UNIT ( $, .STERADIAN. ) SOLID_ANGLE_UNIT ( ) );
#2496 = SURFACE_SIDE_STYLE ('',( #620 ) ) ;
#2497 = ORIENTED_EDGE ( 'NONE', *, *, #2219, .F. ) ;
#2498 = VECTOR ( 'NONE', #739, 1000.000000000000000 ) ;
#2499 = LINE ( 'NONE', #1426, #1875 ) ;
#2500 = CARTESIAN_POINT ( 'NONE',  ( 2.039666489627418144, -1.004881083535672071, 1.558682408883346859 ) ) ;
#2501 = CARTESIAN_POINT ( 'NONE',  ( 0.8249999999999998446, 1.479048407783819519, 0.3800000000000000044 ) ) ;
#2502 = PRESENTATION_LAYER_ASSIGNMENT (  '', '', ( #1867 ) ) ;
#2503 = APPLICATION_PROTOCOL_DEFINITION ( 'draft international standard', 'automotive_design', 1998, #2008 ) ;
#2504 = ORIENTED_EDGE ( 'NONE', *, *, #372, .F. ) ;
#2505 = UNCERTAINTY_MEASURE_WITH_UNIT (LENGTH_MEASURE( 1.000000000000000082E-05 ), #1353, 'distance_accuracy_value', 'NONE');
#2506 = CARTESIAN_POINT ( 'NONE',  ( 1.705000000000000071, 2.354859495653229448E-16, 0.3800000000000000044 ) ) ;
#2507 = ORIENTED_EDGE ( 'NONE', *, *, #1298, .T. ) ;
#2508 = EDGE_CURVE ( 'NONE', #1150, #747, #676, .T. ) ;
#2509 = PLANE ( 'NONE',  #2458 ) ;
#2510 = COLOUR_RGB ( '',0.2862745098039215508, 0.2862745098039215508, 0.2862745098039215508 ) ;
#2511 = DIRECTION ( 'NONE',  ( 0.7071067811865475727, 0.7071067811865475727, 0.000000000000000000 ) ) ;
#2512 = ORIENTED_EDGE ( 'NONE', *, *, #2015, .F. ) ;
#2513 = LINE ( 'NONE', #2336, #1285 ) ;
#2514 =( NAMED_UNIT ( * ) SI_UNIT ( $, .STERADIAN. ) SOLID_ANGLE_UNIT ( ) );
#2515 = CARTESIAN_POINT ( 'NONE',  ( -2.247500000000000053, -1.169999999999999707, 0.000000000000000000 ) ) ;
#2516 = EDGE_LOOP ( 'NONE', ( #1135, #1104, #2119, #1738, #2524, #638, #477, #314, #2529, #779 ) ) ;
#2517 = CARTESIAN_POINT ( 'NONE',  ( 0.2049999999999999878, 0.000000000000000000, 0.000000000000000000 ) ) ;
#2518 = ORIENTED_EDGE ( 'NONE', *, *, #1584, .T. ) ;
#2519 = CARTESIAN_POINT ( 'NONE',  ( 2.247500000000000053, -1.219999999999999973, 0.3800000000000000044 ) ) ;
#2520 = FACE_OUTER_BOUND ( 'NONE', #2543, .T. ) ;
#2521 = DIRECTION ( 'NONE',  ( 0.000000000000000000, 0.000000000000000000, -1.000000000000000000 ) ) ;
#2522 = PRESENTATION_STYLE_ASSIGNMENT (( #2727 ) ) ;
#2523 = SURFACE_STYLE_USAGE ( .BOTH. , #785 ) ;
#2524 = ORIENTED_EDGE ( 'NONE', *, *, #1770, .F. ) ;
#2525 = VECTOR ( 'NONE', #1756, 1000.000000000000000 ) ;
#2526 = DIRECTION ( 'NONE',  ( 0.1710878697460358477, -0.1710878697460358755, 0.9702875252478136980 ) ) ;
#2527 = VECTOR ( 'NONE', #157, 1000.000000000000000 ) ;
#2528 = SURFACE_STYLE_FILL_AREA ( #1477 ) ;
#2529 = ORIENTED_EDGE ( 'NONE', *, *, #2541, .T. ) ;
#2530 = UNCERTAINTY_MEASURE_WITH_UNIT (LENGTH_MEASURE( 1.000000000000000082E-05 ), #604, 'distance_accuracy_value', 'NONE');
#2531 = ORIENTED_EDGE ( 'NONE', *, *, #1418, .T. ) ;
#2532 = ORIENTED_EDGE ( 'NONE', *, *, #2202, .T. ) ;
#2533 = STYLED_ITEM ( 'NONE', ( #206 ), #2483 ) ;
#2534 = DIRECTION ( 'NONE',  ( -0.7071067811865474617, -0.7071067811865474617, 0.000000000000000000 ) ) ;
#2535 = CARTESIAN_POINT ( 'NONE',  ( -1.705000000000000071, 2.354859495653229448E-16, 0.000000000000000000 ) ) ;
#2536 = FILL_AREA_STYLE ('',( #191 ) ) ;
#2537 = CLOSED_SHELL ( 'NONE', ( #2287, #1326, #682, #709, #1653, #2423 ) ) ;
#2538 = PLANE ( 'NONE',  #1021 ) ;
#2539 = ORIENTED_EDGE ( 'NONE', *, *, #1449, .T. ) ;
#2540 = AXIS2_PLACEMENT_3D ( 'NONE', #113, #1993, #1567 ) ;
#2541 = EDGE_CURVE ( 'NONE', #2612, #1850, #1287, .T. ) ;
#2542 = CIRCLE ( 'NONE', #783, 0.04999999999999991257 ) ;
#2543 = EDGE_LOOP ( 'NONE', ( #2554, #1407, #1337, #2194, #1458, #488 ) ) ;
#2544 = ORIENTED_EDGE ( 'NONE', *, *, #810, .T. ) ;
#2545 = DIRECTION ( 'NONE',  ( 0.000000000000000000, 0.000000000000000000, 1.000000000000000000 ) ) ;
#2546 = DIRECTION ( 'NONE',  ( 0.1736481776669307198, 0.000000000000000000, -0.9848077530122080203 ) ) ;
#2547 = STYLED_ITEM ( 'NONE', ( #81 ), #798 ) ;
#2548 =( NAMED_UNIT ( * ) SI_UNIT ( $, .STERADIAN. ) SOLID_ANGLE_UNIT ( ) );
#2549 = LINE ( 'NONE', #1234, #2603 ) ;
#2550 = VECTOR ( 'NONE', #74, 1000.000000000000000 ) ;
#2551 = MECHANICAL_DESIGN_GEOMETRIC_PRESENTATION_REPRESENTATION (  '', ( #2010 ), #2146 ) ;
#2552 = DIRECTION ( 'NONE',  ( 4.824036362560642035E-17, 1.000000000000000000, -0.000000000000000000 ) ) ;
#2553 = LINE ( 'NONE', #1443, #1868 ) ;
#2554 = ORIENTED_EDGE ( 'NONE', *, *, #933, .T. ) ;
#2555 = UNCERTAINTY_MEASURE_WITH_UNIT (LENGTH_MEASURE( 1.000000000000000082E-05 ), #47, 'distance_accuracy_value', 'NONE');
#2556 = STYLED_ITEM ( 'NONE', ( #738 ), #2638 ) ;
#2557 = ORIENTED_EDGE ( 'NONE', *, *, #1048, .T. ) ;
#2558 = EDGE_CURVE ( 'NONE', #2237, #1846, #2155, .T. ) ;
#2559 = CARTESIAN_POINT ( 'NONE',  ( -0.8250000000000000666, -0.4183650660873066141, 0.3800000000000000044 ) ) ;
#2560 = PRESENTATION_STYLE_ASSIGNMENT (( #2347 ) ) ;
#2561 = PRESENTATION_LAYER_ASSIGNMENT (  '', '', ( #1203 ) ) ;
#2562 = FILL_AREA_STYLE ('',( #1843 ) ) ;
#2563 = FILL_AREA_STYLE ('',( #1710 ) ) ;
#2564 = ORIENTED_EDGE ( 'NONE', *, *, #904, .F. ) ;
#2565 = ADVANCED_FACE ( 'NONE', ( #2185 ), #840, .F. ) ;
#2566 = VECTOR ( 'NONE', #2623, 1000.000000000000000 ) ;
#2567 = FILL_AREA_STYLE_COLOUR ( '', #1679 ) ;
#2568 = FACE_OUTER_BOUND ( 'NONE', #20, .T. ) ;
#2569 = VERTEX_POINT ( 'NONE', #239 ) ;
#2570 = MECHANICAL_DESIGN_GEOMETRIC_PRESENTATION_REPRESENTATION (  '', ( #1490 ), #1350 ) ;
#2571 = CARTESIAN_POINT ( 'NONE',  ( -1.705000000000000071, 2.354859495653229448E-16, 0.3800000000000000044 ) ) ;
#2572 = STYLED_ITEM ( 'NONE', ( #1964 ), #2198 ) ;
#2573 = AXIS2_PLACEMENT_3D ( 'NONE', #639, #2330, #1508 ) ;
#2574 = ORIENTED_EDGE ( 'NONE', *, *, #125, .F. ) ;
#2575 = UNCERTAINTY_MEASURE_WITH_UNIT (LENGTH_MEASURE( 1.000000000000000082E-05 ), #1733, 'distance_accuracy_value', 'NONE');
#2576 = SURFACE_STYLE_FILL_AREA ( #1726 ) ;
#2577 = ORIENTED_EDGE ( 'NONE', *, *, #1237, .F. ) ;
#2578 = SURFACE_STYLE_FILL_AREA ( #2406 ) ;
#2579 = FACE_OUTER_BOUND ( 'NONE', #2708, .T. ) ;
#2580 = FILL_AREA_STYLE ('',( #40 ) ) ;
#2581 = FILL_AREA_STYLE_COLOUR ( '', #2656 ) ;
#2582 = PLANE ( 'NONE',  #228 ) ;
#2583 = ORIENTED_EDGE ( 'NONE', *, *, #2387, .T. ) ;
#2584 = FILL_AREA_STYLE_COLOUR ( '', #205 ) ;
#2585 = FILL_AREA_STYLE_COLOUR ( '', #2203 ) ;
#2586 = ORIENTED_EDGE ( 'NONE', *, *, #1972, .F. ) ;
#2587 = LINE ( 'NONE', #1328, #2735 ) ;
#2588 = FILL_AREA_STYLE ('',( #661 ) ) ;
#2589 = ADVANCED_FACE ( 'NONE', ( #2140 ), #456, .F. ) ;
#2590 =( NAMED_UNIT ( * ) SI_UNIT ( $, .STERADIAN. ) SOLID_ANGLE_UNIT ( ) );
#2591 = FACE_OUTER_BOUND ( 'NONE', #385, .T. ) ;
#2592 = SURFACE_STYLE_FILL_AREA ( #1969 ) ;
#2593 = ADVANCED_FACE ( 'NONE', ( #2615 ), #1935, .T. ) ;
#2594 =( NAMED_UNIT ( * ) PLANE_ANGLE_UNIT ( ) SI_UNIT ( $, .RADIAN. ) );
#2595 = ORIENTED_EDGE ( 'NONE', *, *, #1702, .F. ) ;
#2596 = ORIENTED_EDGE ( 'NONE', *, *, #813, .F. ) ;
#2597 = UNCERTAINTY_MEASURE_WITH_UNIT (LENGTH_MEASURE( 1.000000000000000082E-05 ), #1231, 'distance_accuracy_value', 'NONE');
#2598 = SURFACE_STYLE_FILL_AREA ( #875 ) ;
#2599 = FACE_OUTER_BOUND ( 'NONE', #2150, .T. ) ;
#2600 = ORIENTED_EDGE ( 'NONE', *, *, #1185, .F. ) ;
#2601 = FILL_AREA_STYLE ('',( #1962 ) ) ;
#2602 = CYLINDRICAL_SURFACE ( 'NONE', #1464, 0.05000000000000012768 ) ;
#2603 = VECTOR ( 'NONE', #2056, 1000.000000000000000 ) ;
#2604 = ORIENTED_EDGE ( 'NONE', *, *, #1609, .T. ) ;
#2605 =( BOUNDED_CURVE ( )  B_SPLINE_CURVE ( 3, ( #755, #2255, #489, #2652 ),
 .UNSPECIFIED., .F., .F. ) 
 B_SPLINE_CURVE_WITH_KNOTS ( ( 4, 4 ),
 ( 6.268106176683101438, 6.283185307179586232 ),
 .UNSPECIFIED. ) 
 CURVE ( )  GEOMETRIC_REPRESENTATION_ITEM ( )  RATIONAL_B_SPLINE_CURVE ( ( 1.000000000000000000, 0.9999810517417155875, 0.9999810517417155875, 1.000000000000000000 ) ) 
 REPRESENTATION_ITEM ( '' )  );
#2606 = CARTESIAN_POINT ( 'NONE',  ( 2.039666489627418144, -0.9629261019768080576, 1.558682408883346859 ) ) ;
#2607 = AXIS2_PLACEMENT_3D ( 'NONE', #633, #2675, #1658 ) ;
#2608 = MECHANICAL_DESIGN_GEOMETRIC_PRESENTATION_REPRESENTATION (  '', ( #1942 ), #296 ) ;
#2609 = ORIENTED_EDGE ( 'NONE', *, *, #1885, .T. ) ;
#2610 = DIRECTION ( 'NONE',  ( 0.000000000000000000, 0.000000000000000000, -1.000000000000000000 ) ) ;
#2611 = EDGE_CURVE ( 'NONE', #2303, #2270, #1367, .T. ) ;
#2612 = VERTEX_POINT ( 'NONE', #710 ) ;
#2613 = CARTESIAN_POINT ( 'NONE',  ( 0.8250000000000000666, -0.4183650660873066141, 0.3800000000000000044 ) ) ;
#2614 = CARTESIAN_POINT ( 'NONE',  ( -1.705000000000000293, -1.219999999999999751, 0.3800000000000000044 ) ) ;
#2615 = FACE_OUTER_BOUND ( 'NONE', #1073, .T. ) ;
#2616 = FACE_OUTER_BOUND ( 'NONE', #452, .T. ) ;
#2617 = PLANE ( 'NONE',  #1851 ) ;
#2618 = CARTESIAN_POINT ( 'NONE',  ( -0.8250000000000000666, 9.428274908110979445E-17, 0.000000000000000000 ) ) ;
#2619 = AXIS2_PLACEMENT_3D ( 'NONE', #560, #323, #122 ) ;
#2620 = VERTEX_POINT ( 'NONE', #2644 ) ;
#2621 =( BOUNDED_CURVE ( )  B_SPLINE_CURVE ( 3, ( #1669, #1012, #1221, #771 ),
 .UNSPECIFIED., .F., .T. ) 
 B_SPLINE_CURVE_WITH_KNOTS ( ( 4, 4 ),
 ( 6.268106176683113873, 6.283185307179586232 ),
 .UNSPECIFIED. ) 
 CURVE ( )  GEOMETRIC_REPRESENTATION_ITEM ( )  RATIONAL_B_SPLINE_CURVE ( ( 1.000000000000000000, 0.9999810517417155875, 0.9999810517417155875, 1.000000000000000000 ) ) 
 REPRESENTATION_ITEM ( '' )  );
#2622 =( NAMED_UNIT ( * ) PLANE_ANGLE_UNIT ( ) SI_UNIT ( $, .RADIAN. ) );
#2623 = DIRECTION ( 'NONE',  ( -1.381149264312744580E-16, 1.000000000000000000, 0.000000000000000000 ) ) ;
#2624 = DIRECTION ( 'NONE',  ( 0.7735034140843624062, 0.6337921334316444222, 0.000000000000000000 ) ) ;
#2625 = ORIENTED_EDGE ( 'NONE', *, *, #1729, .F. ) ;
#2626 = DIRECTION ( 'NONE',  ( 1.327594496921025224E-16, 1.000000000000000000, 0.000000000000000000 ) ) ;
#2627 = FILL_AREA_STYLE_COLOUR ( '', #21 ) ;
#2628 = DIRECTION ( 'NONE',  ( 0.000000000000000000, 0.000000000000000000, 1.000000000000000000 ) ) ;
#2629 = CARTESIAN_POINT ( 'NONE',  ( -1.705000000000000293, -1.219999999999999973, 0.000000000000000000 ) ) ;
#2630 = CARTESIAN_POINT ( 'NONE',  ( 0.000000000000000000, 0.000000000000000000, 0.3800000000000000044 ) ) ;
#2631 =( NAMED_UNIT ( * ) SI_UNIT ( $, .STERADIAN. ) SOLID_ANGLE_UNIT ( ) );
#2632 = DIRECTION ( 'NONE',  ( 1.000000000000000000, -4.824036362560642651E-17, -0.000000000000000000 ) ) ;
#2633 = AXIS2_PLACEMENT_3D ( 'NONE', #2318, #983, #1233 ) ;
#2634 = ORIENTED_EDGE ( 'NONE', *, *, #1849, .F. ) ;
#2635 =( NAMED_UNIT ( * ) SI_UNIT ( $, .STERADIAN. ) SOLID_ANGLE_UNIT ( ) );
#2636 = DIRECTION ( 'NONE',  ( -1.381149264312744580E-16, 1.000000000000000000, 0.000000000000000000 ) ) ;
#2637 = VERTEX_POINT ( 'NONE', #1157 ) ;
#2638 = ADVANCED_FACE ( 'NONE', ( #2019 ), #1599, .F. ) ;
#2639 = LINE ( 'NONE', #720, #724 ) ;
#2640 = FACE_OUTER_BOUND ( 'NONE', #185, .T. ) ;
#2641 = FACE_OUTER_BOUND ( 'NONE', #2489, .T. ) ;
#2642 = LINE ( 'NONE', #674, #2441 ) ;
#2643 = EDGE_CURVE ( 'NONE', #850, #2612, #2424, .T. ) ;
#2644 = CARTESIAN_POINT ( 'NONE',  ( 0.8250000000000000666, -0.4183650660873066141, 0.3800000000000000044 ) ) ;
#2645 =( LENGTH_UNIT ( ) NAMED_UNIT ( * ) SI_UNIT ( .MILLI., .METRE. ) );
#2646 = EDGE_CURVE ( 'NONE', #462, #2637, #497, .T. ) ;
#2647 = PRESENTATION_LAYER_ASSIGNMENT (  '', '', ( #1066 ) ) ;
#2648 = DIRECTION ( 'NONE',  ( -1.000000000000000000, 0.000000000000000000, 0.000000000000000000 ) ) ;
#2649 = CARTESIAN_POINT ( 'NONE',  ( -0.8249999999999999556, 1.219999999999999973, 0.000000000000000000 ) ) ;
#2650 = ORIENTED_EDGE ( 'NONE', *, *, #887, .T. ) ;
#2651 = CARTESIAN_POINT ( 'NONE',  ( -2.198253927952688258, -1.219994315603297741, 0.3800322378156716918 ) ) ;
#2652 = CARTESIAN_POINT ( 'NONE',  ( 2.197499999999999787, 1.219999999999998863, 0.3800000000000000044 ) ) ;
#2653 = PRESENTATION_LAYER_ASSIGNMENT (  '', '', ( #1401 ) ) ;
#2654 = ORIENTED_EDGE ( 'NONE', *, *, #39, .T. ) ;
#2655 = AXIS2_PLACEMENT_3D ( 'NONE', #469, #1981, #1318 ) ;
#2656 = COLOUR_RGB ( '',0.2862745098039215508, 0.2862745098039215508, 0.2862745098039215508 ) ;
#2657 = LINE ( 'NONE', #310, #2206 ) ;
#2658 = CARTESIAN_POINT ( 'NONE',  ( -1.990426101976808582, -0.9629261019768077245, 1.550000000000000488 ) ) ;
#2659 =( LENGTH_UNIT ( ) NAMED_UNIT ( * ) SI_UNIT ( .MILLI., .METRE. ) );
#2660 =( LENGTH_UNIT ( ) NAMED_UNIT ( * ) SI_UNIT ( .MILLI., .METRE. ) );
#2661 = VERTEX_POINT ( 'NONE', #725 ) ;
#2662 = EDGE_CURVE ( 'NONE', #89, #2390, #2448, .T. ) ;
#2663 = CARTESIAN_POINT ( 'NONE',  ( -1.705000000000000071, -0.6899999999999998357, 0.3800000000000000044 ) ) ;
#2664 = VECTOR ( 'NONE', #2427, 1000.000000000000000 ) ;
#2665 = CARTESIAN_POINT ( 'NONE',  ( 0.8249999999999999556, 1.219999999999999973, 0.000000000000000000 ) ) ;
#2666 = ORIENTED_EDGE ( 'NONE', *, *, #1272, .T. ) ;
#2667 = STYLED_ITEM ( 'NONE', ( #1219 ), #1479 ) ;
#2668 = COLOUR_RGB ( '',0.2862745098039215508, 0.2862745098039215508, 0.2862745098039215508 ) ;
#2669 = FILL_AREA_STYLE_COLOUR ( '', #2713 ) ;
#2670 = EDGE_CURVE ( 'NONE', #429, #1150, #1792, .T. ) ;
#2671 = CARTESIAN_POINT ( 'NONE',  ( 2.247500000000000053, -1.219999999999999973, 0.000000000000000000 ) ) ;
#2672 = ORIENTED_EDGE ( 'NONE', *, *, #2015, .T. ) ;
#2673 = DIRECTION ( 'NONE',  ( -0.000000000000000000, 0.000000000000000000, -1.000000000000000000 ) ) ;
#2674 = CARTESIAN_POINT ( 'NONE',  ( -1.295000000000000595, -1.219999999999999973, 0.000000000000000000 ) ) ;
#2675 = DIRECTION ( 'NONE',  ( 0.000000000000000000, 0.000000000000000000, -1.000000000000000000 ) ) ;
#2676 = DIRECTION ( 'NONE',  ( 1.000000000000000000, -4.824036362560643267E-17, -0.000000000000000000 ) ) ;
#2677 = ORIENTED_EDGE ( 'NONE', *, *, #2239, .F. ) ;
#2678 = EDGE_CURVE ( 'NONE', #514, #1927, #1054, .T. ) ;
#2679 = MECHANICAL_DESIGN_GEOMETRIC_PRESENTATION_REPRESENTATION (  '', ( #1111 ), #1476 ) ;
#2680 = UNCERTAINTY_MEASURE_WITH_UNIT (LENGTH_MEASURE( 1.000000000000000082E-05 ), #1541, 'distance_accuracy_value', 'NONE');
#2681 =( NAMED_UNIT ( * ) SI_UNIT ( $, .STERADIAN. ) SOLID_ANGLE_UNIT ( ) );
#2682 = LINE ( 'NONE', #760, #1769 ) ;
#2683 = ORIENTED_EDGE ( 'NONE', *, *, #419, .T. ) ;
#2684 = SURFACE_STYLE_FILL_AREA ( #1438 ) ;
#2685 = FILL_AREA_STYLE_COLOUR ( '', #545 ) ;
#2686 = EDGE_LOOP ( 'NONE', ( #1211, #606, #2205, #1118, #2401, #538, #2080, #2544 ) ) ;
#2687 = VECTOR ( 'NONE', #2430, 1000.000000000000000 ) ;
#2688 = DIRECTION ( 'NONE',  ( -1.000000000000000000, 2.412018181280321079E-16, 0.000000000000000000 ) ) ;
#2689 =( GEOMETRIC_REPRESENTATION_CONTEXT ( 3 ) GLOBAL_UNCERTAINTY_ASSIGNED_CONTEXT ( ( #636 ) ) GLOBAL_UNIT_ASSIGNED_CONTEXT ( ( #2327, #2594, #1974 ) ) REPRESENTATION_CONTEXT ( 'NONE', 'WORKASPACE' ) );
#2690 = EDGE_LOOP ( 'NONE', ( #2324, #1085, #990, #171, #2693, #465, #7, #1192, #9, #2296, #1229, #2634 ) ) ;
#2691 = ADVANCED_FACE ( 'NONE', ( #504 ), #1727, .F. ) ;
#2692 = CARTESIAN_POINT ( 'NONE',  ( 2.247500000000000053, -1.169999999999999929, 0.3800000000000000044 ) ) ;
#2693 = ORIENTED_EDGE ( 'NONE', *, *, #884, .T. ) ;
#2694 = VECTOR ( 'NONE', #1834, 1000.000000000000000 ) ;
#2695 = VECTOR ( 'NONE', #2353, 1000.000000000000000 ) ;
#2696 = DIRECTION ( 'NONE',  ( -8.673617379884051249E-15, 0.000000000000000000, -1.000000000000000000 ) ) ;
#2697 = EDGE_CURVE ( 'NONE', #1220, #1225, #1109, .T. ) ;
#2698 = CARTESIAN_POINT ( 'NONE',  ( 0.8250000000000000666, 9.428274908110979445E-17, 0.3800000000000000044 ) ) ;
#2699 = CARTESIAN_POINT ( 'NONE',  ( 1.295000000000000373, -0.6899999999999998357, 0.3800000000000000044 ) ) ;
#2700 = PRESENTATION_STYLE_ASSIGNMENT (( #1680 ) ) ;
#2701 = STYLED_ITEM ( 'NONE', ( #114 ), #217 ) ;
#2702 = SURFACE_STYLE_FILL_AREA ( #984 ) ;
#2703 = ORIENTED_EDGE ( 'NONE', *, *, #1632, .T. ) ;
#2704 = VECTOR ( 'NONE', #1884, 1000.000000000000000 ) ;
#2705 = PLANE ( 'NONE',  #1607 ) ;
#2706 =( NAMED_UNIT ( * ) PLANE_ANGLE_UNIT ( ) SI_UNIT ( $, .RADIAN. ) );
#2707 = PRESENTATION_LAYER_ASSIGNMENT (  '', '', ( #1736 ) ) ;
#2708 = EDGE_LOOP ( 'NONE', ( #586, #921, #317, #2721 ) ) ;
#2709 = UNCERTAINTY_MEASURE_WITH_UNIT (LENGTH_MEASURE( 1.000000000000000082E-05 ), #2659, 'distance_accuracy_value', 'NONE');
#2710 = CARTESIAN_POINT ( 'NONE',  ( 0.000000000000000000, 0.000000000000000000, 0.3800000000000000044 ) ) ;
#2711 = DIRECTION ( 'NONE',  ( 1.142821200983148897E-16, 1.000000000000000000, 0.000000000000000000 ) ) ;
#2712 = VERTEX_POINT ( 'NONE', #1987 ) ;
#2713 = COLOUR_RGB ( '',0.2862745098039215508, 0.2862745098039215508, 0.2862745098039215508 ) ;
#2714 = ADVANCED_FACE ( 'NONE', ( #1310 ), #687, .F. ) ;
#2715 = SURFACE_STYLE_USAGE ( .BOTH. , #1655 ) ;
#2716 = ADVANCED_FACE ( 'NONE', ( #2193 ), #2180, .T. ) ;
#2717 = DIRECTION ( 'NONE',  ( 2.375374205331265782E-16, 0.9848077530122080203, 0.1736481776669307198 ) ) ;
#2718 = ORIENTED_EDGE ( 'NONE', *, *, #2034, .T. ) ;
#2719 = DIRECTION ( 'NONE',  ( 1.000000000000000000, 0.000000000000000000, 0.000000000000000000 ) ) ;
#2720 =( NAMED_UNIT ( * ) SI_UNIT ( $, .STERADIAN. ) SOLID_ANGLE_UNIT ( ) );
#2721 = ORIENTED_EDGE ( 'NONE', *, *, #2356, .T. ) ;
#2722 = CARTESIAN_POINT ( 'NONE',  ( -1.295000000000000373, -0.6899999999999998357, 0.3800000000000000044 ) ) ;
#2723 = EDGE_CURVE ( 'NONE', #429, #681, #308, .T. ) ;
#2724 = EDGE_LOOP ( 'NONE', ( #1542, #234, #437, #116 ) ) ;
#2725 = DIRECTION ( 'NONE',  ( 0.000000000000000000, -2.168404344971012812E-15, -1.000000000000000000 ) ) ;
#2726 = PLANE ( 'NONE',  #182 ) ;
#2727 = SURFACE_STYLE_USAGE ( .BOTH. , #1830 ) ;
#2728 = EDGE_CURVE ( 'NONE', #2087, #837, #2061, .T. ) ;
#2729 =( NAMED_UNIT ( * ) PLANE_ANGLE_UNIT ( ) SI_UNIT ( $, .RADIAN. ) );
#2730 = ORIENTED_EDGE ( 'NONE', *, *, #2670, .F. ) ;
#2731 = PRESENTATION_STYLE_ASSIGNMENT (( #1890 ) ) ;
#2732 = PLANE ( 'NONE',  #2378 ) ;
#2733 = VECTOR ( 'NONE', #2676, 1000.000000000000000 ) ;
#2734 = VERTEX_POINT ( 'NONE', #2488 ) ;
#2735 = VECTOR ( 'NONE', #1140, 1000.000000000000000 ) ;
#2736 = ORIENTED_EDGE ( 'NONE', *, *, #2342, .F. ) ;
#2737 = ORIENTED_EDGE ( 'NONE', *, *, #370, .F. ) ;
#2738 = VECTOR ( 'NONE', #1338, 1000.000000000000000 ) ;
ENDSEC;
END-ISO-10303-21;
