ISO-10303-21;
HEADER;
FILE_DESCRIPTION (( 'STEP AP214' ),
    '1' );
FILE_NAME ('LFCN-6000+.STEP',
    '2025-07-17T09:23:09',
    ( '' ),
    ( '' ),
    'SwSTEP 2.0',
    'SolidWorks 2023',
    '' );
FILE_SCHEMA (( 'AUTOMOTIVE_DESIGN' ));
ENDSEC;

DATA;
#1 = CARTESIAN_POINT ( 'NONE',  ( 0.000000000000000000, -0.7600000000000001199, -0.4699999999999999734 ) ) ;
#2 = ADVANCED_FACE ( 'NONE', ( #2910 ), #4275, .F. ) ;
#3 = CIRCLE ( 'NONE', #2417, 0.04000000000000010492 ) ;
#4 = DIRECTION ( 'NONE',  ( 0.000000000000000000, 0.000000000000000000, -1.000000000000000000 ) ) ;
#5 = STYLED_ITEM ( 'NONE', ( #814 ), #2882 ) ;
#6 = DIRECTION ( 'NONE',  ( 1.000000000000000000, -0.000000000000000000, 0.000000000000000000 ) ) ;
#7 = CARTESIAN_POINT ( 'NONE',  ( 0.000000000000000000, -0.8000000000000001554, 0.4699999999999999734 ) ) ;
#8 = UNCERTAINTY_MEASURE_WITH_UNIT (LENGTH_MEASURE( 1.000000000000000082E-05 ), #1691, 'distance_accuracy_value', 'NONE');
#9 =( GEOMETRIC_REPRESENTATION_CONTEXT ( 3 ) GLOBAL_UNCERTAINTY_ASSIGNED_CONTEXT ( ( #2670 ) ) GLOBAL_UNIT_ASSIGNED_CONTEXT ( ( #1595, #589, #3801 ) ) REPRESENTATION_CONTEXT ( 'NONE', 'WORKASPACE' ) );
#10 = ORIENTED_EDGE ( 'NONE', *, *, #1238, .T. ) ;
#11 = VECTOR ( 'NONE', #3725, 1000.000000000000000 ) ;
#12 = ORIENTED_EDGE ( 'NONE', *, *, #2813, .F. ) ;
#13 = LINE ( 'NONE', #3756, #3341 ) ;
#14 = DIRECTION ( 'NONE',  ( 0.000000000000000000, -0.000000000000000000, 1.000000000000000000 ) ) ;
#15 = VECTOR ( 'NONE', #3715, 1000.000000000000000 ) ;
#16 =( GEOMETRIC_REPRESENTATION_CONTEXT ( 3 ) GLOBAL_UNCERTAINTY_ASSIGNED_CONTEXT ( ( #3440 ) ) GLOBAL_UNIT_ASSIGNED_CONTEXT ( ( #776, #2801, #1117 ) ) REPRESENTATION_CONTEXT ( 'NONE', 'WORKASPACE' ) );
#17 = ORIENTED_EDGE ( 'NONE', *, *, #1336, .F. ) ;
#18 = SURFACE_STYLE_USAGE ( .BOTH. , #745 ) ;
#19 = DIRECTION ( 'NONE',  ( 0.000000000000000000, -0.000000000000000000, 1.000000000000000000 ) ) ;
#20 = DIRECTION ( 'NONE',  ( 0.000000000000000000, -1.000000000000000000, 0.000000000000000000 ) ) ;
#21 = SURFACE_STYLE_FILL_AREA ( #322 ) ;
#22 = FILL_AREA_STYLE ('',( #679 ) ) ;
#23 = ORIENTED_EDGE ( 'NONE', *, *, #3939, .F. ) ;
#24 = SURFACE_STYLE_FILL_AREA ( #1322 ) ;
#25 = SURFACE_STYLE_USAGE ( .BOTH. , #2660 ) ;
#26 = CARTESIAN_POINT ( 'NONE',  ( 0.4050000000000000266, 0.000000000000000000, 0.000000000000000000 ) ) ;
#27 = ORIENTED_EDGE ( 'NONE', *, *, #106, .F. ) ;
#28 = VERTEX_POINT ( 'NONE', #3809 ) ;
#29 = FILL_AREA_STYLE ('',( #3779 ) ) ;
#30 = CARTESIAN_POINT ( 'NONE',  ( -1.089999999999999858, 0.7599999999999998979, 0.4299999999999999933 ) ) ;
#31 = DIRECTION ( 'NONE',  ( 0.000000000000000000, -1.000000000000000000, -1.129377263005734114E-16 ) ) ;
#32 = SURFACE_STYLE_USAGE ( .BOTH. , #4284 ) ;
#33 = PRESENTATION_STYLE_ASSIGNMENT (( #3130 ) ) ;
#34 = MECHANICAL_DESIGN_GEOMETRIC_PRESENTATION_REPRESENTATION (  '', ( #2458 ), #1864 ) ;
#35 = UNCERTAINTY_MEASURE_WITH_UNIT (LENGTH_MEASURE( 1.000000000000000082E-05 ), #2013, 'distance_accuracy_value', 'NONE');
#36 = EDGE_CURVE ( 'NONE', #3553, #1616, #253, .T. ) ;
#37 = DIRECTION ( 'NONE',  ( 0.000000000000000000, -1.000000000000000000, 0.000000000000000000 ) ) ;
#38 = COLOUR_RGB ( '',0.7529411764705882248, 0.7529411764705882248, 0.7529411764705882248 ) ;
#39 = FACE_OUTER_BOUND ( 'NONE', #853, .T. ) ;
#40 = VERTEX_POINT ( 'NONE', #168 ) ;
#41 = MECHANICAL_DESIGN_GEOMETRIC_PRESENTATION_REPRESENTATION (  '', ( #321 ), #3744 ) ;
#42 = DIRECTION ( 'NONE',  ( 0.000000000000000000, -1.000000000000000000, -1.129377263005734114E-16 ) ) ;
#43 = LINE ( 'NONE', #1120, #839 ) ;
#44 = CARTESIAN_POINT ( 'NONE',  ( 0.000000000000000000, -0.7600000000000001199, -0.4299999999999999933 ) ) ;
#45 =( LENGTH_UNIT ( ) NAMED_UNIT ( * ) SI_UNIT ( .MILLI., .METRE. ) );
#46 = VECTOR ( 'NONE', #669, 1000.000000000000000 ) ;
#47 = STYLED_ITEM ( 'NONE', ( #2297 ), #651 ) ;
#48 = EDGE_LOOP ( 'NONE', ( #17, #895, #3453, #2234 ) ) ;
#49 = VERTEX_POINT ( 'NONE', #970 ) ;
#50 = VECTOR ( 'NONE', #2696, 1000.000000000000000 ) ;
#51 = ORIENTED_EDGE ( 'NONE', *, *, #2813, .T. ) ;
#52 = DIRECTION ( 'NONE',  ( 0.000000000000000000, -0.000000000000000000, -1.000000000000000000 ) ) ;
#53 =( NAMED_UNIT ( * ) SI_UNIT ( $, .STERADIAN. ) SOLID_ANGLE_UNIT ( ) );
#54 = CIRCLE ( 'NONE', #2558, 0.03999999999999999389 ) ;
#55 = VECTOR ( 'NONE', #314, 1000.000000000000000 ) ;
#56 = EDGE_CURVE ( 'NONE', #2838, #3778, #1354, .T. ) ;
#57 = EDGE_CURVE ( 'NONE', #4017, #1759, #2382, .T. ) ;
#58 = DIRECTION ( 'NONE',  ( 0.000000000000000000, -1.000000000000000000, 0.000000000000000000 ) ) ;
#59 = ORIENTED_EDGE ( 'NONE', *, *, #1569, .T. ) ;
#60 =( GEOMETRIC_REPRESENTATION_CONTEXT ( 3 ) GLOBAL_UNCERTAINTY_ASSIGNED_CONTEXT ( ( #2300 ) ) GLOBAL_UNIT_ASSIGNED_CONTEXT ( ( #1780, #2565, #3235 ) ) REPRESENTATION_CONTEXT ( 'NONE', 'WORKASPACE' ) );
#61 = DIRECTION ( 'NONE',  ( 0.000000000000000000, 0.000000000000000000, -1.000000000000000000 ) ) ;
#62 = SURFACE_SIDE_STYLE ('',( #1430 ) ) ;
#63 = PLANE ( 'NONE',  #1218 ) ;
#64 = DIRECTION ( 'NONE',  ( 1.000000000000000000, 0.000000000000000000, 0.000000000000000000 ) ) ;
#65 = ORIENTED_EDGE ( 'NONE', *, *, #2133, .F. ) ;
#66 = MECHANICAL_DESIGN_GEOMETRIC_PRESENTATION_REPRESENTATION (  '', ( #1607 ), #3847 ) ;
#67 = LINE ( 'NONE', #3244, #1880 ) ;
#68 = LINE ( 'NONE', #3543, #3237 ) ;
#69 = CARTESIAN_POINT ( 'NONE',  ( -0.4050000000000000266, -0.5700000000000001732, -0.3899999999999999578 ) ) ;
#70 = FACE_OUTER_BOUND ( 'NONE', #3687, .T. ) ;
#71 = ORIENTED_EDGE ( 'NONE', *, *, #3081, .T. ) ;
#72 = ORIENTED_EDGE ( 'NONE', *, *, #2367, .F. ) ;
#73 = CARTESIAN_POINT ( 'NONE',  ( -0.4050000000000000266, -0.5700000000000001732, 0.000000000000000000 ) ) ;
#74 = LINE ( 'NONE', #1125, #2744 ) ;
#75 = AXIS2_PLACEMENT_3D ( 'NONE', #3161, #1143, #1837 ) ;
#76 = ORIENTED_EDGE ( 'NONE', *, *, #865, .T. ) ;
#77 = SURFACE_STYLE_USAGE ( .BOTH. , #1151 ) ;
#78 = PRESENTATION_STYLE_ASSIGNMENT (( #3897 ) ) ;
#79 = PRESENTATION_LAYER_ASSIGNMENT (  '', '', ( #1098 ) ) ;
#80 = PRESENTATION_LAYER_ASSIGNMENT (  '', '', ( #3486 ) ) ;
#81 = SURFACE_STYLE_USAGE ( .BOTH. , #4199 ) ;
#82 = VERTEX_POINT ( 'NONE', #3416 ) ;
#83 = AXIS2_PLACEMENT_3D ( 'NONE', #3026, #973, #302 ) ;
#84 = CARTESIAN_POINT ( 'NONE',  ( 0.4050000000000000266, -0.7200000000000001954, 0.3899999999999998468 ) ) ;
#85 = VECTOR ( 'NONE', #3618, 1000.000000000000000 ) ;
#86 = PRESENTATION_STYLE_ASSIGNMENT (( #4245 ) ) ;
#87 = DIRECTION ( 'NONE',  ( 1.000000000000000000, -0.000000000000000000, 0.000000000000000000 ) ) ;
#88 = ORIENTED_EDGE ( 'NONE', *, *, #3723, .F. ) ;
#89 = ADVANCED_FACE ( 'NONE', ( #298 ), #3739, .T. ) ;
#90 = LINE ( 'NONE', #1139, #3384 ) ;
#91 = FILL_AREA_STYLE_COLOUR ( '', #1426 ) ;
#92 = EDGE_CURVE ( 'NONE', #920, #3323, #1797, .T. ) ;
#93 = CARTESIAN_POINT ( 'NONE',  ( -0.8499999999999997558, -0.1999999999999999833, 0.3699999999999999956 ) ) ;
#94 = EDGE_CURVE ( 'NONE', #3772, #2951, #1152, .T. ) ;
#95 = CARTESIAN_POINT ( 'NONE',  ( 1.090000000000000080, 0.000000000000000000, -0.4699999999999999734 ) ) ;
#96 = ORIENTED_EDGE ( 'NONE', *, *, #2934, .F. ) ;
#97 =( NAMED_UNIT ( * ) PLANE_ANGLE_UNIT ( ) SI_UNIT ( $, .RADIAN. ) );
#98 = FILL_AREA_STYLE ('',( #3250 ) ) ;
#99 = ORIENTED_EDGE ( 'NONE', *, *, #1554, .F. ) ;
#100 = FILL_AREA_STYLE ('',( #3214 ) ) ;
#101 = SURFACE_STYLE_FILL_AREA ( #2796 ) ;
#102 = UNCERTAINTY_MEASURE_WITH_UNIT (LENGTH_MEASURE( 1.000000000000000082E-05 ), #4231, 'distance_accuracy_value', 'NONE');
#103 = ADVANCED_FACE ( 'NONE', ( #2124 ), #3856, .T. ) ;
#104 = DIRECTION ( 'NONE',  ( -1.000000000000000000, -0.000000000000000000, 0.000000000000000000 ) ) ;
#105 = SURFACE_SIDE_STYLE ('',( #1602 ) ) ;
#106 = EDGE_CURVE ( 'NONE', #4396, #2445, #3090, .T. ) ;
#107 = DIRECTION ( 'NONE',  ( -0.000000000000000000, 0.000000000000000000, 1.000000000000000000 ) ) ;
#108 = ADVANCED_FACE ( 'NONE', ( #3556 ), #3215, .T. ) ;
#109 = VERTEX_POINT ( 'NONE', #157 ) ;
#110 = SURFACE_SIDE_STYLE ('',( #2249 ) ) ;
#111 = AXIS2_PLACEMENT_3D ( 'NONE', #2592, #3604, #3653 ) ;
#112 = PLANE ( 'NONE',  #3036 ) ;
#113 = ORIENTED_EDGE ( 'NONE', *, *, #984, .T. ) ;
#114 = VECTOR ( 'NONE', #4374, 1000.000000000000000 ) ;
#115 = VECTOR ( 'NONE', #37, 1000.000000000000000 ) ;
#116 =( GEOMETRIC_REPRESENTATION_CONTEXT ( 3 ) GLOBAL_UNCERTAINTY_ASSIGNED_CONTEXT ( ( #3958 ) ) GLOBAL_UNIT_ASSIGNED_CONTEXT ( ( #820, #2241, #432 ) ) REPRESENTATION_CONTEXT ( 'NONE', 'WORKASPACE' ) );
#117 = VERTEX_POINT ( 'NONE', #1956 ) ;
#118 = SURFACE_STYLE_USAGE ( .BOTH. , #829 ) ;
#119 = EDGE_CURVE ( 'NONE', #3772, #28, #184, .T. ) ;
#120 = STYLED_ITEM ( 'NONE', ( #4377 ), #2164 ) ;
#121 = STYLED_ITEM ( 'NONE', ( #4225 ), #1280 ) ;
#122 = SURFACE_STYLE_USAGE ( .BOTH. , #3178 ) ;
#123 = SURFACE_SIDE_STYLE ('',( #1483 ) ) ;
#124 = COLOUR_RGB ( '',0.7529411764705882248, 0.7529411764705882248, 0.7529411764705882248 ) ;
#125 = CARTESIAN_POINT ( 'NONE',  ( -1.600000000000000089, 0.000000000000000000, -0.4299999999999999933 ) ) ;
#126 = AXIS2_PLACEMENT_3D ( 'NONE', #1690, #2404, #2717 ) ;
#127 = FACE_OUTER_BOUND ( 'NONE', #2628, .T. ) ;
#128 = PRESENTATION_LAYER_ASSIGNMENT (  '', '', ( #3981 ) ) ;
#129 = LINE ( 'NONE', #2267, #4218 ) ;
#130 = ORIENTED_EDGE ( 'NONE', *, *, #3752, .T. ) ;
#131 =( NAMED_UNIT ( * ) PLANE_ANGLE_UNIT ( ) SI_UNIT ( $, .RADIAN. ) );
#132 = CARTESIAN_POINT ( 'NONE',  ( 0.4050000000000000266, -0.7200000000000001954, -0.3899999999999999578 ) ) ;
#133 = DIRECTION ( 'NONE',  ( 1.000000000000000000, -0.000000000000000000, -0.000000000000000000 ) ) ;
#134 = STYLED_ITEM ( 'NONE', ( #1312 ), #2805 ) ;
#135 = SURFACE_SIDE_STYLE ('',( #1185 ) ) ;
#136 = EDGE_LOOP ( 'NONE', ( #3638, #3737, #3884, #3730 ) ) ;
#137 = COLOUR_RGB ( '',0.7529411764705882248, 0.7529411764705882248, 0.7529411764705882248 ) ;
#138 = CARTESIAN_POINT ( 'NONE',  ( -1.089999999999999858, 0.000000000000000000, 0.4699999999999999734 ) ) ;
#139 = SURFACE_STYLE_USAGE ( .BOTH. , #1931 ) ;
#140 = DIRECTION ( 'NONE',  ( -0.000000000000000000, -0.000000000000000000, 1.000000000000000000 ) ) ;
#141 = CARTESIAN_POINT ( 'NONE',  ( 0.4050000000000000266, -0.5700000000000001732, 0.4699999999999999734 ) ) ;
#142 = VERTEX_POINT ( 'NONE', #1564 ) ;
#143 =( NAMED_UNIT ( * ) SI_UNIT ( $, .STERADIAN. ) SOLID_ANGLE_UNIT ( ) );
#144 = FILL_AREA_STYLE ('',( #2007 ) ) ;
#145 = VECTOR ( 'NONE', #2883, 1000.000000000000000 ) ;
#146 = VECTOR ( 'NONE', #2875, 1000.000000000000000 ) ;
#147 = CARTESIAN_POINT ( 'NONE',  ( 0.4050000000000000266, -0.8000000000000001554, -0.4299999999999999933 ) ) ;
#148 = VECTOR ( 'NONE', #1061, 1000.000000000000000 ) ;
#149 = FACE_OUTER_BOUND ( 'NONE', #2832, .T. ) ;
#150 = PLANE ( 'NONE',  #2677 ) ;
#151 = VECTOR ( 'NONE', #1189, 1000.000000000000000 ) ;
#152 = CARTESIAN_POINT ( 'NONE',  ( 1.560000000000000275, 0.7599999999999998979, -0.4299999999999999933 ) ) ;
#153 = EDGE_LOOP ( 'NONE', ( #96, #2027, #966, #3121 ) ) ;
#154 = DIRECTION ( 'NONE',  ( 1.000000000000000000, -0.000000000000000000, 0.000000000000000000 ) ) ;
#155 = VERTEX_POINT ( 'NONE', #3639 ) ;
#156 = CARTESIAN_POINT ( 'NONE',  ( 0.000000000000000000, 0.000000000000000000, -0.4699999999999999734 ) ) ;
#157 = CARTESIAN_POINT ( 'NONE',  ( -0.4050000000000000266, 0.7999999999999999334, 0.4299999999999999933 ) ) ;
#158 = ADVANCED_FACE ( 'NONE', ( #1321 ), #915, .T. ) ;
#159 = CARTESIAN_POINT ( 'NONE',  ( 0.4050000000000000266, 0.5700000000000001732, 0.000000000000000000 ) ) ;
#160 =( NAMED_UNIT ( * ) SI_UNIT ( $, .STERADIAN. ) SOLID_ANGLE_UNIT ( ) );
#161 = FACE_OUTER_BOUND ( 'NONE', #443, .T. ) ;
#162 = EDGE_LOOP ( 'NONE', ( #401, #2998, #2073, #353 ) ) ;
#163 = PRESENTATION_STYLE_ASSIGNMENT (( #118 ) ) ;
#164 = SURFACE_SIDE_STYLE ('',( #3021 ) ) ;
#165 = CARTESIAN_POINT ( 'NONE',  ( -1.560000000000000053, 0.7999999999999999334, -0.4299999999999999933 ) ) ;
#166 = LINE ( 'NONE', #455, #3926 ) ;
#167 = CARTESIAN_POINT ( 'NONE',  ( 0.000000000000000000, -0.7600000000000001199, 0.4299999999999999933 ) ) ;
#168 = CARTESIAN_POINT ( 'NONE',  ( 0.4050000000000000266, 0.5700000000000001732, -0.3899999999999999578 ) ) ;
#169 = EDGE_CURVE ( 'NONE', #1035, #326, #3980, .T. ) ;
#170 = PRESENTATION_STYLE_ASSIGNMENT (( #1632 ) ) ;
#171 = SURFACE_STYLE_USAGE ( .BOTH. , #4311 ) ;
#172 = PRESENTATION_STYLE_ASSIGNMENT (( #2655 ) ) ;
#173 =( NAMED_UNIT ( * ) PLANE_ANGLE_UNIT ( ) SI_UNIT ( $, .RADIAN. ) );
#174 = FILL_AREA_STYLE ('',( #4016 ) ) ;
#175 = ORIENTED_EDGE ( 'NONE', *, *, #1686, .T. ) ;
#176 = SURFACE_STYLE_USAGE ( .BOTH. , #1559 ) ;
#177 = EDGE_CURVE ( 'NONE', #2894, #4247, #3951, .T. ) ;
#178 = DIRECTION ( 'NONE',  ( 1.000000000000000000, -0.000000000000000000, -0.000000000000000000 ) ) ;
#179 = DIRECTION ( 'NONE',  ( -1.000000000000000000, -0.000000000000000000, -0.000000000000000000 ) ) ;
#180 = COLOUR_RGB ( '',0.7254901960784313486, 0.6666666666666666297, 0.6509803921568627638 ) ;
#181 = EDGE_CURVE ( 'NONE', #575, #1514, #1229, .T. ) ;
#182 = ORIENTED_EDGE ( 'NONE', *, *, #3883, .T. ) ;
#183 = CARTESIAN_POINT ( 'NONE',  ( 0.4050000000000000266, 0.7999999999999999334, -0.4299999999999999933 ) ) ;
#184 = LINE ( 'NONE', #4283, #1799 ) ;
#185 = PRESENTATION_LAYER_ASSIGNMENT (  '', '', ( #321 ) ) ;
#186 = VECTOR ( 'NONE', #3230, 1000.000000000000000 ) ;
#187 =( GEOMETRIC_REPRESENTATION_CONTEXT ( 3 ) GLOBAL_UNCERTAINTY_ASSIGNED_CONTEXT ( ( #1849 ) ) GLOBAL_UNIT_ASSIGNED_CONTEXT ( ( #3360, #2968, #4063 ) ) REPRESENTATION_CONTEXT ( 'NONE', 'WORKASPACE' ) );
#188 = ORIENTED_EDGE ( 'NONE', *, *, #2317, .F. ) ;
#189 = DIRECTION ( 'NONE',  ( 0.000000000000000000, 0.000000000000000000, -1.000000000000000000 ) ) ;
#190 = CIRCLE ( 'NONE', #2681, 0.03999999999999999389 ) ;
#191 = AXIS2_PLACEMENT_3D ( 'NONE', #2223, #3202, #42 ) ;
#192 = PRESENTATION_STYLE_ASSIGNMENT (( #3305 ) ) ;
#193 =( GEOMETRIC_REPRESENTATION_CONTEXT ( 3 ) GLOBAL_UNCERTAINTY_ASSIGNED_CONTEXT ( ( #4050 ) ) GLOBAL_UNIT_ASSIGNED_CONTEXT ( ( #3767, #2721, #2783 ) ) REPRESENTATION_CONTEXT ( 'NONE', 'WORKASPACE' ) );
#194 = CARTESIAN_POINT ( 'NONE',  ( -0.4050000000000000266, 0.7599999999999998979, 0.4299999999999999933 ) ) ;
#195 = PRESENTATION_LAYER_ASSIGNMENT (  '', '', ( #2554 ) ) ;
#196 =( LENGTH_UNIT ( ) NAMED_UNIT ( * ) SI_UNIT ( .MILLI., .METRE. ) );
#197 = SURFACE_STYLE_USAGE ( .BOTH. , #956 ) ;
#198 = CARTESIAN_POINT ( 'NONE',  ( 0.000000000000000000, 0.7599999999999998979, -0.4299999999999999933 ) ) ;
#199 = CARTESIAN_POINT ( 'NONE',  ( 0.000000000000000000, -0.8000000000000001554, -0.4299999999999999933 ) ) ;
#200 =( GEOMETRIC_REPRESENTATION_CONTEXT ( 3 ) GLOBAL_UNCERTAINTY_ASSIGNED_CONTEXT ( ( #1708 ) ) GLOBAL_UNIT_ASSIGNED_CONTEXT ( ( #2646, #293, #2299 ) ) REPRESENTATION_CONTEXT ( 'NONE', 'WORKASPACE' ) );
#201 = ORIENTED_EDGE ( 'NONE', *, *, #1474, .F. ) ;
#202 = CARTESIAN_POINT ( 'NONE',  ( -1.560000000000000053, -0.8000000000000001554, 0.4699999999999999734 ) ) ;
#203 = SURFACE_STYLE_USAGE ( .BOTH. , #870 ) ;
#204 = CARTESIAN_POINT ( 'NONE',  ( -0.4050000000000000266, 0.7599999999999998979, 0.4699999999999999734 ) ) ;
#205 = VECTOR ( 'NONE', #3583, 1000.000000000000000 ) ;
#206 = ORIENTED_EDGE ( 'NONE', *, *, #3640, .F. ) ;
#207 = ORIENTED_EDGE ( 'NONE', *, *, #4041, .T. ) ;
#208 =( LENGTH_UNIT ( ) NAMED_UNIT ( * ) SI_UNIT ( .MILLI., .METRE. ) );
#209 = PRESENTATION_LAYER_ASSIGNMENT (  '', '', ( #3697 ) ) ;
#210 = EDGE_CURVE ( 'NONE', #3128, #3783, #3934, .T. ) ;
#211 = DIRECTION ( 'NONE',  ( 0.000000000000000000, -1.390002785237826374E-16, 1.000000000000000000 ) ) ;
#212 = DIRECTION ( 'NONE',  ( 0.000000000000000000, -1.000000000000000000, -1.129377263005734114E-16 ) ) ;
#213 = AXIS2_PLACEMENT_3D ( 'NONE', #3992, #882, #1967 ) ;
#214 = EDGE_LOOP ( 'NONE', ( #3932, #2004, #4150, #4053 ) ) ;
#215 = LINE ( 'NONE', #1028, #2774 ) ;
#216 = DIRECTION ( 'NONE',  ( 1.000000000000000000, -0.000000000000000000, -0.000000000000000000 ) ) ;
#217 = STYLED_ITEM ( 'NONE', ( #1466 ), #3239 ) ;
#218 = DIRECTION ( 'NONE',  ( 0.000000000000000000, -1.000000000000000000, 0.000000000000000000 ) ) ;
#219 = CARTESIAN_POINT ( 'NONE',  ( -0.8499999999999997558, 0.1999999999999999833, 0.4699999999999999734 ) ) ;
#220 = EDGE_CURVE ( 'NONE', #4413, #945, #3163, .T. ) ;
#221 = VECTOR ( 'NONE', #3927, 1000.000000000000000 ) ;
#222 = CARTESIAN_POINT ( 'NONE',  ( -0.4050000000000000266, -0.8000000000000001554, 0.4299999999999999933 ) ) ;
#223 = FACE_OUTER_BOUND ( 'NONE', #4188, .T. ) ;
#224 = VERTEX_POINT ( 'NONE', #3315 ) ;
#225 = MECHANICAL_DESIGN_GEOMETRIC_PRESENTATION_REPRESENTATION (  '', ( #4433 ), #2853 ) ;
#226 =( GEOMETRIC_REPRESENTATION_CONTEXT ( 3 ) GLOBAL_UNCERTAINTY_ASSIGNED_CONTEXT ( ( #347 ) ) GLOBAL_UNIT_ASSIGNED_CONTEXT ( ( #4175, #2081, #2452 ) ) REPRESENTATION_CONTEXT ( 'NONE', 'WORKASPACE' ) );
#227 = EDGE_CURVE ( 'NONE', #1928, #560, #1800, .T. ) ;
#228 = PRESENTATION_STYLE_ASSIGNMENT (( #4044 ) ) ;
#229 = ORIENTED_EDGE ( 'NONE', *, *, #1603, .T. ) ;
#230 = DIRECTION ( 'NONE',  ( 0.000000000000000000, -0.000000000000000000, 1.000000000000000000 ) ) ;
#231 = UNCERTAINTY_MEASURE_WITH_UNIT (LENGTH_MEASURE( 1.000000000000000082E-05 ), #3368, 'distance_accuracy_value', 'NONE');
#232 = CARTESIAN_POINT ( 'NONE',  ( -0.8499999999999997558, 0.1999999999999999833, 0.3699999999999999956 ) ) ;
#233 = ORIENTED_EDGE ( 'NONE', *, *, #1177, .T. ) ;
#234 = DIRECTION ( 'NONE',  ( 0.000000000000000000, 0.000000000000000000, -1.000000000000000000 ) ) ;
#235 = EDGE_CURVE ( 'NONE', #3065, #3830, #3249, .T. ) ;
#236 = CARTESIAN_POINT ( 'NONE',  ( 1.090000000000000080, 0.7999999999999999334, 0.4299999999999999933 ) ) ;
#237 =( NAMED_UNIT ( * ) PLANE_ANGLE_UNIT ( ) SI_UNIT ( $, .RADIAN. ) );
#238 = FILL_AREA_STYLE ('',( #3702 ) ) ;
#239 = LINE ( 'NONE', #3376, #1969 ) ;
#240 = ORIENTED_EDGE ( 'NONE', *, *, #923, .F. ) ;
#241 = EDGE_CURVE ( 'NONE', #3343, #737, #1535, .T. ) ;
#242 = DIRECTION ( 'NONE',  ( 0.000000000000000000, 0.000000000000000000, -1.000000000000000000 ) ) ;
#243 = LINE ( 'NONE', #3381, #990 ) ;
#244 = DIRECTION ( 'NONE',  ( 1.000000000000000000, 0.000000000000000000, -0.000000000000000000 ) ) ;
#245 = ADVANCED_FACE ( 'NONE', ( #1560 ), #2640, .T. ) ;
#246 = VERTEX_POINT ( 'NONE', #2703 ) ;
#247 = VERTEX_POINT ( 'NONE', #1635 ) ;
#248 =( NAMED_UNIT ( * ) PLANE_ANGLE_UNIT ( ) SI_UNIT ( $, .RADIAN. ) );
#249 = MECHANICAL_DESIGN_GEOMETRIC_PRESENTATION_REPRESENTATION (  '', ( #2311 ), #2095 ) ;
#250 = SURFACE_STYLE_USAGE ( .BOTH. , #1069 ) ;
#251 = CARTESIAN_POINT ( 'NONE',  ( 1.560000000000000275, -0.7600000000000001199, 0.4299999999999999933 ) ) ;
#252 = ORIENTED_EDGE ( 'NONE', *, *, #3865, .F. ) ;
#253 = LINE ( 'NONE', #4076, #3229 ) ;
#254 = DIRECTION ( 'NONE',  ( 1.000000000000000000, 0.000000000000000000, 0.000000000000000000 ) ) ;
#255 = AXIS2_PLACEMENT_3D ( 'NONE', #1946, #2344, #4018 ) ;
#256 = CARTESIAN_POINT ( 'NONE',  ( -0.8499999999999997558, 0.1999999999999999833, 0.3699999999999999956 ) ) ;
#257 = EDGE_CURVE ( 'NONE', #1029, #3830, #4431, .T. ) ;
#258 = SURFACE_STYLE_FILL_AREA ( #1249 ) ;
#259 = AXIS2_PLACEMENT_3D ( 'NONE', #44, #286, #3077 ) ;
#260 = COLOUR_RGB ( '',0.7254901960784313486, 0.6666666666666666297, 0.6509803921568627638 ) ;
#261 = CARTESIAN_POINT ( 'NONE',  ( -0.4050000000000000266, -0.8000000000000001554, 0.000000000000000000 ) ) ;
#262 = PRESENTATION_LAYER_ASSIGNMENT (  '', '', ( #1287 ) ) ;
#263 = CARTESIAN_POINT ( 'NONE',  ( -1.600000000000000089, -0.8000000000000001554, 0.4299999999999999933 ) ) ;
#264 = ORIENTED_EDGE ( 'NONE', *, *, #2797, .T. ) ;
#265 = STYLED_ITEM ( 'NONE', ( #1709 ), #2282 ) ;
#266 = STYLED_ITEM ( 'NONE', ( #3587 ), #1544 ) ;
#267 = ORIENTED_EDGE ( 'NONE', *, *, #177, .F. ) ;
#268 = CARTESIAN_POINT ( 'NONE',  ( 1.600000000000000311, 0.7599999999999998979, 0.4699999999999999734 ) ) ;
#269 = VECTOR ( 'NONE', #3475, 1000.000000000000000 ) ;
#270 = ORIENTED_EDGE ( 'NONE', *, *, #3275, .F. ) ;
#271 = MECHANICAL_DESIGN_GEOMETRIC_PRESENTATION_REPRESENTATION (  '', ( #946 ), #1304 ) ;
#272 = PLANE ( 'NONE',  #2066 ) ;
#273 = FILL_AREA_STYLE_COLOUR ( '', #4249 ) ;
#274 = SURFACE_SIDE_STYLE ('',( #3436 ) ) ;
#275 = MECHANICAL_DESIGN_GEOMETRIC_PRESENTATION_REPRESENTATION (  '', ( #2704 ), #1012 ) ;
#276 = CARTESIAN_POINT ( 'NONE',  ( 0.4050000000000000266, 0.5700000000000001732, 0.3900000000000000133 ) ) ;
#277 = PRESENTATION_LAYER_ASSIGNMENT (  '', '', ( #2571 ) ) ;
#278 = CARTESIAN_POINT ( 'NONE',  ( -1.089999999999999858, 0.7999999999999999334, 0.4299999999999999933 ) ) ;
#279 = DIRECTION ( 'NONE',  ( -0.000000000000000000, 1.000000000000000000, 0.000000000000000000 ) ) ;
#280 =( GEOMETRIC_REPRESENTATION_CONTEXT ( 3 ) GLOBAL_UNCERTAINTY_ASSIGNED_CONTEXT ( ( #2736 ) ) GLOBAL_UNIT_ASSIGNED_CONTEXT ( ( #3568, #1744, #2789 ) ) REPRESENTATION_CONTEXT ( 'NONE', 'WORKASPACE' ) );
#281 = DIRECTION ( 'NONE',  ( 0.000000000000000000, -1.000000000000000000, 0.000000000000000000 ) ) ;
#282 = AXIS2_PLACEMENT_3D ( 'NONE', #156, #2585, #4308 ) ;
#283 = CIRCLE ( 'NONE', #880, 0.04000000000000010492 ) ;
#284 = SURFACE_STYLE_USAGE ( .BOTH. , #2110 ) ;
#285 = DIRECTION ( 'NONE',  ( -0.000000000000000000, 0.000000000000000000, -1.000000000000000000 ) ) ;
#286 = DIRECTION ( 'NONE',  ( 1.000000000000000000, -0.000000000000000000, 0.000000000000000000 ) ) ;
#287 = AXIS2_PLACEMENT_3D ( 'NONE', #167, #885, #3670 ) ;
#288 = COLOUR_RGB ( '',0.7529411764705882248, 0.7529411764705882248, 0.7529411764705882248 ) ;
#289 = VERTEX_POINT ( 'NONE', #3774 ) ;
#290 = ORIENTED_EDGE ( 'NONE', *, *, #1113, .F. ) ;
#291 = DIRECTION ( 'NONE',  ( 0.000000000000000000, 0.000000000000000000, -1.000000000000000000 ) ) ;
#292 = MECHANICAL_DESIGN_GEOMETRIC_PRESENTATION_REPRESENTATION (  '', ( #605 ), #3789 ) ;
#293 =( NAMED_UNIT ( * ) PLANE_ANGLE_UNIT ( ) SI_UNIT ( $, .RADIAN. ) );
#294 =( NAMED_UNIT ( * ) SI_UNIT ( $, .STERADIAN. ) SOLID_ANGLE_UNIT ( ) );
#295 = ORIENTED_EDGE ( 'NONE', *, *, #2220, .F. ) ;
#296 = ADVANCED_FACE ( 'NONE', ( #4477 ), #1652, .F. ) ;
#297 = DIRECTION ( 'NONE',  ( 0.000000000000000000, 1.000000000000000000, 0.000000000000000000 ) ) ;
#298 = FACE_OUTER_BOUND ( 'NONE', #750, .T. ) ;
#299 = FILL_AREA_STYLE ('',( #2079 ) ) ;
#300 = DIRECTION ( 'NONE',  ( 1.000000000000000000, -0.000000000000000000, 0.000000000000000000 ) ) ;
#301 = DIRECTION ( 'NONE',  ( 1.000000000000000000, -0.000000000000000000, 0.000000000000000000 ) ) ;
#302 = DIRECTION ( 'NONE',  ( 1.000000000000000000, 0.000000000000000000, 0.000000000000000000 ) ) ;
#303 = UNCERTAINTY_MEASURE_WITH_UNIT (LENGTH_MEASURE( 1.000000000000000082E-05 ), #4079, 'distance_accuracy_value', 'NONE');
#304 = DIRECTION ( 'NONE',  ( -1.000000000000000000, 0.000000000000000000, -0.000000000000000000 ) ) ;
#305 = CARTESIAN_POINT ( 'NONE',  ( 1.090000000000000080, 0.7999999999999999334, -0.4299999999999999933 ) ) ;
#306 = ORIENTED_EDGE ( 'NONE', *, *, #3915, .F. ) ;
#307 = UNCERTAINTY_MEASURE_WITH_UNIT (LENGTH_MEASURE( 1.000000000000000082E-05 ), #1589, 'distance_accuracy_value', 'NONE');
#308 = SURFACE_STYLE_USAGE ( .BOTH. , #3427 ) ;
#309 = EDGE_LOOP ( 'NONE', ( #3521, #1074, #3078, #986 ) ) ;
#310 = EDGE_CURVE ( 'NONE', #1982, #2490, #3076, .T. ) ;
#311 = VERTEX_POINT ( 'NONE', #3710 ) ;
#312 = CARTESIAN_POINT ( 'NONE',  ( 1.090000000000000080, -0.7600000000000001199, -0.4299999999999999933 ) ) ;
#313 = DIRECTION ( 'NONE',  ( 0.000000000000000000, 0.000000000000000000, 1.000000000000000000 ) ) ;
#314 = DIRECTION ( 'NONE',  ( -0.000000000000000000, -0.000000000000000000, 1.000000000000000000 ) ) ;
#315 = ADVANCED_FACE ( 'NONE', ( #4454 ), #943, .F. ) ;
#316 = VERTEX_POINT ( 'NONE', #2524 ) ;
#317 = CARTESIAN_POINT ( 'NONE',  ( -0.4050000000000000266, -0.5700000000000001732, -0.4699999999999999734 ) ) ;
#318 = CARTESIAN_POINT ( 'NONE',  ( -0.4050000000000000266, 0.000000000000000000, 0.000000000000000000 ) ) ;
#319 = ORIENTED_EDGE ( 'NONE', *, *, #731, .F. ) ;
#320 = LINE ( 'NONE', #1017, #3106 ) ;
#321 = STYLED_ITEM ( 'NONE', ( #3970 ), #461 ) ;
#322 = FILL_AREA_STYLE ('',( #1018 ) ) ;
#323 = FACE_OUTER_BOUND ( 'NONE', #4364, .T. ) ;
#324 = DIRECTION ( 'NONE',  ( 1.000000000000000000, 0.000000000000000000, -0.000000000000000000 ) ) ;
#325 =( GEOMETRIC_REPRESENTATION_CONTEXT ( 3 ) GLOBAL_UNCERTAINTY_ASSIGNED_CONTEXT ( ( #1427 ) ) GLOBAL_UNIT_ASSIGNED_CONTEXT ( ( #2642, #4344, #3635 ) ) REPRESENTATION_CONTEXT ( 'NONE', 'WORKASPACE' ) );
#326 = VERTEX_POINT ( 'NONE', #733 ) ;
#327 = LINE ( 'NONE', #1342, #2400 ) ;
#328 =( NAMED_UNIT ( * ) PLANE_ANGLE_UNIT ( ) SI_UNIT ( $, .RADIAN. ) );
#329 = LINE ( 'NONE', #2112, #2178 ) ;
#330 = AXIS2_PLACEMENT_3D ( 'NONE', #3075, #1024, #2738 ) ;
#331 = PRESENTATION_STYLE_ASSIGNMENT (( #3776 ) ) ;
#332 = EDGE_LOOP ( 'NONE', ( #409, #4234, #2948, #982 ) ) ;
#334 = EDGE_LOOP ( 'NONE', ( #1512, #2533, #474, #240 ) ) ;
#333 = AXIS2_PLACEMENT_3D ( 'NONE', #1181, #3946, #1836 ) ;
#335 = AXIS2_PLACEMENT_3D ( 'NONE', #1711, #3420, #4 ) ;
#336 = CARTESIAN_POINT ( 'NONE',  ( 1.090000000000000080, 0.000000000000000000, 0.4699999999999999734 ) ) ;
#337 = STYLED_ITEM ( 'NONE', ( #1432 ), #2062 ) ;
#338 = EDGE_LOOP ( 'NONE', ( #1308, #3350, #877, #306 ) ) ;
#339 = PRESENTATION_STYLE_ASSIGNMENT (( #3459 ) ) ;
#340 = STYLED_ITEM ( 'NONE', ( #2495 ), #2351 ) ;
#341 = EDGE_CURVE ( 'NONE', #2938, #3920, #2716, .T. ) ;
#342 = DIRECTION ( 'NONE',  ( 0.000000000000000000, 0.000000000000000000, -1.000000000000000000 ) ) ;
#343 =( NAMED_UNIT ( * ) SI_UNIT ( $, .STERADIAN. ) SOLID_ANGLE_UNIT ( ) );
#344 = VECTOR ( 'NONE', #3226, 1000.000000000000000 ) ;
#345 = LINE ( 'NONE', #3175, #4152 ) ;
#346 = PRESENTATION_LAYER_ASSIGNMENT (  '', '', ( #3119 ) ) ;
#347 = UNCERTAINTY_MEASURE_WITH_UNIT (LENGTH_MEASURE( 1.000000000000000082E-05 ), #4175, 'distance_accuracy_value', 'NONE');
#348 = CARTESIAN_POINT ( 'NONE',  ( 0.4050000000000000266, 0.000000000000000000, -0.3899999999999999578 ) ) ;
#349 = CARTESIAN_POINT ( 'NONE',  ( -0.8499999999999997558, 0.1999999999999999833, 0.4699999999999999734 ) ) ;
#350 = CYLINDRICAL_SURFACE ( 'NONE', #501, 0.03999999999999999389 ) ;
#351 = VECTOR ( 'NONE', #2566, 1000.000000000000000 ) ;
#352 = SURFACE_STYLE_USAGE ( .BOTH. , #704 ) ;
#353 = ORIENTED_EDGE ( 'NONE', *, *, #699, .T. ) ;
#354 = CARTESIAN_POINT ( 'NONE',  ( -0.8499999999999997558, -0.1999999999999999833, 0.4699999999999999734 ) ) ;
#355 = LINE ( 'NONE', #707, #1055 ) ;
#356 = COLOUR_RGB ( '',0.7529411764705882248, 0.7529411764705882248, 0.7529411764705882248 ) ;
#357 = SURFACE_SIDE_STYLE ('',( #3426 ) ) ;
#358 = FILL_AREA_STYLE_COLOUR ( '', #3546 ) ;
#359 = SURFACE_STYLE_FILL_AREA ( #4212 ) ;
#360 = EDGE_LOOP ( 'NONE', ( #1007, #4480, #3558, #1022, #1138, #3414, #1924, #2230, #2376, #1481, #2512, #512 ) ) ;
#361 = STYLED_ITEM ( 'NONE', ( #2715 ), #4115 ) ;
#362 = VECTOR ( 'NONE', #281, 1000.000000000000000 ) ;
#363 = VERTEX_POINT ( 'NONE', #1461 ) ;
#364 = FILL_AREA_STYLE_COLOUR ( '', #3925 ) ;
#365 = EDGE_CURVE ( 'NONE', #117, #2067, #1868, .T. ) ;
#366 = CARTESIAN_POINT ( 'NONE',  ( 0.4050000000000000266, 0.5700000000000001732, 0.4699999999999999734 ) ) ;
#367 = DIRECTION ( 'NONE',  ( 0.000000000000000000, 0.000000000000000000, -1.000000000000000000 ) ) ;
#368 =( GEOMETRIC_REPRESENTATION_CONTEXT ( 3 ) GLOBAL_UNCERTAINTY_ASSIGNED_CONTEXT ( ( #35 ) ) GLOBAL_UNIT_ASSIGNED_CONTEXT ( ( #2013, #3055, #4451 ) ) REPRESENTATION_CONTEXT ( 'NONE', 'WORKASPACE' ) );
#369 = ORIENTED_EDGE ( 'NONE', *, *, #1019, .F. ) ;
#370 = FILL_AREA_STYLE_COLOUR ( '', #3495 ) ;
#371 =( LENGTH_UNIT ( ) NAMED_UNIT ( * ) SI_UNIT ( .MILLI., .METRE. ) );
#372 = MECHANICAL_DESIGN_GEOMETRIC_PRESENTATION_REPRESENTATION (  '', ( #3785 ), #226 ) ;
#373 = UNCERTAINTY_MEASURE_WITH_UNIT (LENGTH_MEASURE( 1.000000000000000082E-05 ), #1717, 'distance_accuracy_value', 'NONE');
#374 = PRESENTATION_STYLE_ASSIGNMENT (( #32 ) ) ;
#375 = CARTESIAN_POINT ( 'NONE',  ( 0.000000000000000000, 0.7599999999999998979, 0.4299999999999999933 ) ) ;
#376 = CIRCLE ( 'NONE', #1848, 0.03999999999999999389 ) ;
#377 = EDGE_LOOP ( 'NONE', ( #3569, #51, #233, #1259, #2864, #2280, #2246, #1746, #2826, #1235 ) ) ;
#378 = FACE_OUTER_BOUND ( 'NONE', #2493, .T. ) ;
#379 = DIRECTION ( 'NONE',  ( -0.000000000000000000, 0.000000000000000000, -1.000000000000000000 ) ) ;
#380 = EDGE_CURVE ( 'NONE', #3873, #1745, #471, .T. ) ;
#381 = FILL_AREA_STYLE ('',( #2129 ) ) ;
#382 = LINE ( 'NONE', #4132, #2835 ) ;
#383 =( LENGTH_UNIT ( ) NAMED_UNIT ( * ) SI_UNIT ( .MILLI., .METRE. ) );
#384 = EDGE_LOOP ( 'NONE', ( #2467, #206, #3726, #1341 ) ) ;
#385 = FACE_OUTER_BOUND ( 'NONE', #1297, .T. ) ;
#386 = CARTESIAN_POINT ( 'NONE',  ( -0.8499999999999997558, 0.1999999999999999833, 0.3699999999999999956 ) ) ;
#387 = VERTEX_POINT ( 'NONE', #4207 ) ;
#388 = ORIENTED_EDGE ( 'NONE', *, *, #1034, .F. ) ;
#389 = DIRECTION ( 'NONE',  ( 1.000000000000000000, -0.000000000000000000, 0.000000000000000000 ) ) ;
#390 = EDGE_CURVE ( 'NONE', #1721, #466, #355, .T. ) ;
#391 = EDGE_CURVE ( 'NONE', #2067, #531, #1835, .T. ) ;
#392 = DIRECTION ( 'NONE',  ( 1.000000000000000000, -0.000000000000000000, 0.000000000000000000 ) ) ;
#393 = ORIENTED_EDGE ( 'NONE', *, *, #3438, .F. ) ;
#394 = CARTESIAN_POINT ( 'NONE',  ( -1.560000000000000053, -0.7600000000000001199, 0.4299999999999999933 ) ) ;
#395 = DIRECTION ( 'NONE',  ( 0.000000000000000000, 0.000000000000000000, -1.000000000000000000 ) ) ;
#396 = ORIENTED_EDGE ( 'NONE', *, *, #3881, .T. ) ;
#397 = DIRECTION ( 'NONE',  ( -1.000000000000000000, 0.000000000000000000, 0.000000000000000000 ) ) ;
#398 =( NAMED_UNIT ( * ) PLANE_ANGLE_UNIT ( ) SI_UNIT ( $, .RADIAN. ) );
#399 = VECTOR ( 'NONE', #133, 1000.000000000000000 ) ;
#400 = FILL_AREA_STYLE_COLOUR ( '', #1160 ) ;
#401 = ORIENTED_EDGE ( 'NONE', *, *, #4420, .F. ) ;
#402 = MECHANICAL_DESIGN_GEOMETRIC_PRESENTATION_REPRESENTATION (  '', ( #3826 ), #924 ) ;
#403 = SURFACE_STYLE_FILL_AREA ( #4248 ) ;
#404 = FILL_AREA_STYLE ('',( #3204 ) ) ;
#405 = SURFACE_STYLE_FILL_AREA ( #1398 ) ;
#406 = MECHANICAL_DESIGN_GEOMETRIC_PRESENTATION_REPRESENTATION (  '', ( #4335 ), #842 ) ;
#407 = VECTOR ( 'NONE', #2000, 1000.000000000000000 ) ;
#408 = SURFACE_SIDE_STYLE ('',( #785 ) ) ;
#409 = ORIENTED_EDGE ( 'NONE', *, *, #865, .F. ) ;
#410 = ORIENTED_EDGE ( 'NONE', *, *, #2954, .F. ) ;
#411 =( NAMED_UNIT ( * ) PLANE_ANGLE_UNIT ( ) SI_UNIT ( $, .RADIAN. ) );
#412 = AXIS2_PLACEMENT_3D ( 'NONE', #2705, #4368, #2321 ) ;
#413 = CARTESIAN_POINT ( 'NONE',  ( 1.090000000000000080, -0.7600000000000001199, 0.4299999999999999933 ) ) ;
#414 = LINE ( 'NONE', #3456, #3028 ) ;
#415 = MECHANICAL_DESIGN_GEOMETRIC_PRESENTATION_REPRESENTATION (  '', ( #2967 ), #3105 ) ;
#416 = AXIS2_PLACEMENT_3D ( 'NONE', #4157, #2409, #304 ) ;
#417 = ORIENTED_EDGE ( 'NONE', *, *, #1603, .F. ) ;
#418 =( NAMED_UNIT ( * ) PLANE_ANGLE_UNIT ( ) SI_UNIT ( $, .RADIAN. ) );
#419 = COLOUR_RGB ( '',0.7254901960784313486, 0.6666666666666666297, 0.6509803921568627638 ) ;
#420 = MECHANICAL_DESIGN_GEOMETRIC_PRESENTATION_REPRESENTATION (  '', ( #3973 ), #1510 ) ;
#421 = UNCERTAINTY_MEASURE_WITH_UNIT (LENGTH_MEASURE( 1.000000000000000082E-05 ), #2128, 'distance_accuracy_value', 'NONE');
#422 = FILL_AREA_STYLE ('',( #1082 ) ) ;
#423 = LINE ( 'NONE', #1547, #351 ) ;
#424 = EDGE_CURVE ( 'NONE', #2994, #2932, #757, .T. ) ;
#425 = DIRECTION ( 'NONE',  ( -1.000000000000000000, 0.000000000000000000, 0.000000000000000000 ) ) ;
#426 = ADVANCED_FACE ( 'NONE', ( #3117 ), #4135, .T. ) ;
#427 = EDGE_CURVE ( 'NONE', #3612, #2802, #43, .T. ) ;
#428 = DIRECTION ( 'NONE',  ( 0.000000000000000000, 0.000000000000000000, -1.000000000000000000 ) ) ;
#429 = CARTESIAN_POINT ( 'NONE',  ( 1.600000000000000311, -0.7600000000000001199, -0.4299999999999999933 ) ) ;
#430 = VERTEX_POINT ( 'NONE', #2183 ) ;
#431 = AXIS2_PLACEMENT_3D ( 'NONE', #4160, #279, #2412 ) ;
#432 =( NAMED_UNIT ( * ) SI_UNIT ( $, .STERADIAN. ) SOLID_ANGLE_UNIT ( ) );
#433 = EDGE_CURVE ( 'NONE', #1122, #1176, #68, .T. ) ;
#434 = FACE_OUTER_BOUND ( 'NONE', #4004, .T. ) ;
#435 = SURFACE_STYLE_USAGE ( .BOTH. , #1775 ) ;
#436 = ORIENTED_EDGE ( 'NONE', *, *, #747, .F. ) ;
#437 = ORIENTED_EDGE ( 'NONE', *, *, #3939, .T. ) ;
#438 = FACE_OUTER_BOUND ( 'NONE', #944, .T. ) ;
#439 = AXIS2_PLACEMENT_3D ( 'NONE', #4324, #4455, #1216 ) ;
#440 = CYLINDRICAL_SURFACE ( 'NONE', #2543, 0.03999999999999999389 ) ;
#441 = PRODUCT_DEFINITION ( 'UNKNOWN', '', #663, #2155 ) ;
#442 = CARTESIAN_POINT ( 'NONE',  ( 0.4050000000000000266, -0.5700000000000001732, 0.000000000000000000 ) ) ;
#443 = EDGE_LOOP ( 'NONE', ( #3961, #72, #1972, #3228 ) ) ;
#444 = PRESENTATION_STYLE_ASSIGNMENT (( #1909 ) ) ;
#445 = DIRECTION ( 'NONE',  ( 0.000000000000000000, 0.000000000000000000, 1.000000000000000000 ) ) ;
#446 = PRESENTATION_LAYER_ASSIGNMENT (  '', '', ( #1317 ) ) ;
#447 = SURFACE_STYLE_FILL_AREA ( #422 ) ;
#448 = CARTESIAN_POINT ( 'NONE',  ( 0.4050000000000000266, -0.7200000000000001954, -0.3899999999999999578 ) ) ;
#449 = EDGE_CURVE ( 'NONE', #2802, #2648, #3498, .T. ) ;
#450 = ORIENTED_EDGE ( 'NONE', *, *, #2896, .F. ) ;
#451 = COLOUR_RGB ( '',0.7254901960784313486, 0.6666666666666666297, 0.6509803921568627638 ) ;
#452 = MECHANICAL_DESIGN_GEOMETRIC_PRESENTATION_REPRESENTATION (  '', ( #3069 ), #2140 ) ;
#453 =( LENGTH_UNIT ( ) NAMED_UNIT ( * ) SI_UNIT ( .MILLI., .METRE. ) );
#454 = ADVANCED_FACE ( 'NONE', ( #2087 ), #2609, .T. ) ;
#455 = CARTESIAN_POINT ( 'NONE',  ( 0.4050000000000000266, 0.000000000000000000, 0.4699999999999999734 ) ) ;
#456 = FILL_AREA_STYLE ('',( #2901 ) ) ;
#457 = DIRECTION ( 'NONE',  ( -1.000000000000000000, 0.000000000000000000, -0.000000000000000000 ) ) ;
#458 = FACE_OUTER_BOUND ( 'NONE', #309, .T. ) ;
#459 = CARTESIAN_POINT ( 'NONE',  ( 0.000000000000000000, -0.7600000000000001199, 0.4299999999999999933 ) ) ;
#460 = ORIENTED_EDGE ( 'NONE', *, *, #1163, .T. ) ;
#461 = ADVANCED_FACE ( 'NONE', ( #2902 ), #2289, .T. ) ;
#462 = ORIENTED_EDGE ( 'NONE', *, *, #4282, .F. ) ;
#463 = CARTESIAN_POINT ( 'NONE',  ( -0.4050000000000000266, 0.7199999999999999734, 0.3900000000000000133 ) ) ;
#464 = DIRECTION ( 'NONE',  ( 0.000000000000000000, 0.000000000000000000, 1.000000000000000000 ) ) ;
#465 = DIRECTION ( 'NONE',  ( 1.000000000000000000, -0.000000000000000000, 0.000000000000000000 ) ) ;
#466 = VERTEX_POINT ( 'NONE', #3263 ) ;
#467 =( NAMED_UNIT ( * ) SI_UNIT ( $, .STERADIAN. ) SOLID_ANGLE_UNIT ( ) );
#468 = SURFACE_STYLE_FILL_AREA ( #775 ) ;
#469 =( NAMED_UNIT ( * ) PLANE_ANGLE_UNIT ( ) SI_UNIT ( $, .RADIAN. ) );
#470 = LINE ( 'NONE', #2182, #2180 ) ;
#471 = CIRCLE ( 'NONE', #3023, 0.03999999999999999389 ) ;
#472 = FACE_OUTER_BOUND ( 'NONE', #681, .T. ) ;
#473 = FILL_AREA_STYLE_COLOUR ( '', #2489 ) ;
#474 = ORIENTED_EDGE ( 'NONE', *, *, #3537, .F. ) ;
#475 = ORIENTED_EDGE ( 'NONE', *, *, #805, .F. ) ;
#476 = DIRECTION ( 'NONE',  ( -0.000000000000000000, -0.000000000000000000, -1.000000000000000000 ) ) ;
#477 = DIRECTION ( 'NONE',  ( 0.000000000000000000, 0.000000000000000000, -1.000000000000000000 ) ) ;
#478 = CARTESIAN_POINT ( 'NONE',  ( 0.000000000000000000, 0.7599999999999998979, -0.4299999999999999933 ) ) ;
#479 = VECTOR ( 'NONE', #178, 1000.000000000000000 ) ;
#480 = ORIENTED_EDGE ( 'NONE', *, *, #391, .F. ) ;
#482 = ORIENTED_EDGE ( 'NONE', *, *, #2631, .F. ) ;
#481 = COLOUR_RGB ( '',0.7254901960784313486, 0.6666666666666666297, 0.6509803921568627638 ) ;
#483 = SURFACE_SIDE_STYLE ('',( #4262 ) ) ;
#484 = VECTOR ( 'NONE', #1904, 1000.000000000000000 ) ;
#485 = CARTESIAN_POINT ( 'NONE',  ( 1.560000000000000275, -0.7600000000000001199, -0.4299999999999999933 ) ) ;
#486 = CIRCLE ( 'NONE', #850, 0.03999999999999999389 ) ;
#487 = COLOUR_RGB ( '',0.7254901960784313486, 0.6666666666666666297, 0.6509803921568627638 ) ;
#488 =( NAMED_UNIT ( * ) SI_UNIT ( $, .STERADIAN. ) SOLID_ANGLE_UNIT ( ) );
#489 = ORIENTED_EDGE ( 'NONE', *, *, #4139, .T. ) ;
#490 = FACE_OUTER_BOUND ( 'NONE', #2419, .T. ) ;
#491 = PRESENTATION_LAYER_ASSIGNMENT (  '', '', ( #337 ) ) ;
#492 =( GEOMETRIC_REPRESENTATION_CONTEXT ( 3 ) GLOBAL_UNCERTAINTY_ASSIGNED_CONTEXT ( ( #3880 ) ) GLOBAL_UNIT_ASSIGNED_CONTEXT ( ( #3277, #2254, #1190 ) ) REPRESENTATION_CONTEXT ( 'NONE', 'WORKASPACE' ) );
#493 = DIRECTION ( 'NONE',  ( 0.000000000000000000, 0.000000000000000000, -1.000000000000000000 ) ) ;
#494 = PRESENTATION_LAYER_ASSIGNMENT (  '', '', ( #2693 ) ) ;
#495 = LINE ( 'NONE', #1552, #2273 ) ;
#496 = AXIS2_PLACEMENT_3D ( 'NONE', #3054, #2698, #4084 ) ;
#497 = DIRECTION ( 'NONE',  ( 0.000000000000000000, 1.390002785237826621E-16, -1.000000000000000000 ) ) ;
#498 = SURFACE_STYLE_FILL_AREA ( #404 ) ;
#499 = PLANE ( 'NONE',  #3254 ) ;
#500 = EDGE_CURVE ( 'NONE', #1908, #2014, #821, .T. ) ;
#501 = AXIS2_PLACEMENT_3D ( 'NONE', #754, #1433, #1764 ) ;
#502 = ORIENTED_EDGE ( 'NONE', *, *, #1714, .F. ) ;
#503 = FILL_AREA_STYLE_COLOUR ( '', #3379 ) ;
#504 = EDGE_LOOP ( 'NONE', ( #4436, #4026, #2498, #618 ) ) ;
#505 = ADVANCED_BREP_SHAPE_REPRESENTATION ( 'LFCN-6000+', ( #4346, #1328, #1280, #2882, #1334, #4326, #83 ), #2931 ) ;
#506 = MECHANICAL_DESIGN_GEOMETRIC_PRESENTATION_REPRESENTATION (  '', ( #1458 ), #1310 ) ;
#507 = DIRECTION ( 'NONE',  ( -0.000000000000000000, -0.000000000000000000, 1.000000000000000000 ) ) ;
#508 = SURFACE_STYLE_FILL_AREA ( #2972 ) ;
#509 = UNCERTAINTY_MEASURE_WITH_UNIT (LENGTH_MEASURE( 1.000000000000000082E-05 ), #4271, 'distance_accuracy_value', 'NONE');
#510 = PRESENTATION_STYLE_ASSIGNMENT (( #1546 ) ) ;
#511 = AXIS2_PLACEMENT_3D ( 'NONE', #1720, #3646, #3324 ) ;
#512 = ORIENTED_EDGE ( 'NONE', *, *, #3572, .T. ) ;
#513 = ADVANCED_FACE ( 'NONE', ( #834 ), #150, .T. ) ;
#514 = CARTESIAN_POINT ( 'NONE',  ( -1.600000000000000089, 0.7599999999999998979, 0.4299999999999999933 ) ) ;
#515 = PRESENTATION_LAYER_ASSIGNMENT (  '', '', ( #3264 ) ) ;
#516 =( GEOMETRIC_REPRESENTATION_CONTEXT ( 3 ) GLOBAL_UNCERTAINTY_ASSIGNED_CONTEXT ( ( #3401 ) ) GLOBAL_UNIT_ASSIGNED_CONTEXT ( ( #3872, #2862, #1048 ) ) REPRESENTATION_CONTEXT ( 'NONE', 'WORKASPACE' ) );
#517 = PRESENTATION_STYLE_ASSIGNMENT (( #1267 ) ) ;
#518 = CARTESIAN_POINT ( 'NONE',  ( -0.4050000000000000266, -0.7600000000000001199, -0.4299999999999999933 ) ) ;
#519 = CARTESIAN_POINT ( 'NONE',  ( 1.560000000000000275, 0.7599999999999998979, 0.4299999999999999933 ) ) ;
#520 = PLANE ( 'NONE',  #1955 ) ;
#521 = PRESENTATION_STYLE_ASSIGNMENT (( #171 ) ) ;
#522 =( NAMED_UNIT ( * ) SI_UNIT ( $, .STERADIAN. ) SOLID_ANGLE_UNIT ( ) );
#523 = LINE ( 'NONE', #2593, #3410 ) ;
#524 = ORIENTED_EDGE ( 'NONE', *, *, #1196, .F. ) ;
#525 = VERTEX_POINT ( 'NONE', #4382 ) ;
#526 = CARTESIAN_POINT ( 'NONE',  ( 0.4050000000000000266, 0.7999999999999999334, -0.4299999999999999933 ) ) ;
#527 = DIRECTION ( 'NONE',  ( -1.000000000000000000, -0.000000000000000000, 0.000000000000000000 ) ) ;
#528 = CARTESIAN_POINT ( 'NONE',  ( -0.4050000000000000266, -0.8000000000000001554, 0.000000000000000000 ) ) ;
#529 = PLANE ( 'NONE',  #2408 ) ;
#530 = CARTESIAN_POINT ( 'NONE',  ( -0.4050000000000000266, -4.404571325722362379E-17, 0.3899999999999999578 ) ) ;
#531 = VERTEX_POINT ( 'NONE', #4035 ) ;
#532 = ADVANCED_FACE ( 'NONE', ( #2340 ), #3433, .F. ) ;
#533 = FILL_AREA_STYLE ('',( #2350 ) ) ;
#534 = SURFACE_STYLE_FILL_AREA ( #1565 ) ;
#535 = CARTESIAN_POINT ( 'NONE',  ( 1.090000000000000080, -0.8000000000000001554, 0.4299999999999999933 ) ) ;
#536 =( LENGTH_UNIT ( ) NAMED_UNIT ( * ) SI_UNIT ( .MILLI., .METRE. ) );
#537 = VERTEX_POINT ( 'NONE', #3781 ) ;
#538 = SURFACE_STYLE_FILL_AREA ( #2768 ) ;
#539 = DIRECTION ( 'NONE',  ( 0.000000000000000000, 0.000000000000000000, -1.000000000000000000 ) ) ;
#540 = DIRECTION ( 'NONE',  ( -0.000000000000000000, 1.000000000000000000, 0.000000000000000000 ) ) ;
#541 =( LENGTH_UNIT ( ) NAMED_UNIT ( * ) SI_UNIT ( .MILLI., .METRE. ) );
#542 = CYLINDRICAL_SURFACE ( 'NONE', #1316, 0.03999999999999999389 ) ;
#543 = SURFACE_SIDE_STYLE ('',( #2574 ) ) ;
#544 = CARTESIAN_POINT ( 'NONE',  ( 0.000000000000000000, -0.7600000000000001199, -0.4699999999999999734 ) ) ;
#545 = SURFACE_STYLE_USAGE ( .BOTH. , #1578 ) ;
#546 = DIRECTION ( 'NONE',  ( -1.000000000000000000, 0.000000000000000000, -0.000000000000000000 ) ) ;
#547 = ORIENTED_EDGE ( 'NONE', *, *, #2990, .F. ) ;
#548 = AXIS2_PLACEMENT_3D ( 'NONE', #1128, #1425, #2537 ) ;
#549 = EDGE_CURVE ( 'NONE', #2790, #2315, #670, .T. ) ;
#550 = DIRECTION ( 'NONE',  ( -1.000000000000000000, 0.000000000000000000, -5.421010862427507971E-15 ) ) ;
#551 = CARTESIAN_POINT ( 'NONE',  ( 0.4050000000000000266, 0.5700000000000001732, 0.000000000000000000 ) ) ;
#552 =( LENGTH_UNIT ( ) NAMED_UNIT ( * ) SI_UNIT ( .MILLI., .METRE. ) );
#553 =( NAMED_UNIT ( * ) SI_UNIT ( $, .STERADIAN. ) SOLID_ANGLE_UNIT ( ) );
#554 =( GEOMETRIC_REPRESENTATION_CONTEXT ( 3 ) GLOBAL_UNCERTAINTY_ASSIGNED_CONTEXT ( ( #2587 ) ) GLOBAL_UNIT_ASSIGNED_CONTEXT ( ( #1974, #3033, #1741 ) ) REPRESENTATION_CONTEXT ( 'NONE', 'WORKASPACE' ) );
#555 = EDGE_LOOP ( 'NONE', ( #687, #4280, #1030, #2148 ) ) ;
#556 = ORIENTED_EDGE ( 'NONE', *, *, #1414, .F. ) ;
#557 =( GEOMETRIC_REPRESENTATION_CONTEXT ( 3 ) GLOBAL_UNCERTAINTY_ASSIGNED_CONTEXT ( ( #102 ) ) GLOBAL_UNIT_ASSIGNED_CONTEXT ( ( #4231, #328, #1486 ) ) REPRESENTATION_CONTEXT ( 'NONE', 'WORKASPACE' ) );
#558 = LINE ( 'NONE', #1958, #2034 ) ;
#559 = AXIS2_PLACEMENT_3D ( 'NONE', #1301, #1537, #313 ) ;
#560 = VERTEX_POINT ( 'NONE', #1842 ) ;
#561 = FILL_AREA_STYLE_COLOUR ( '', #356 ) ;
#562 =( LENGTH_UNIT ( ) NAMED_UNIT ( * ) SI_UNIT ( .MILLI., .METRE. ) );
#563 = EDGE_CURVE ( 'NONE', #3637, #2791, #3211, .T. ) ;
#564 =( GEOMETRIC_REPRESENTATION_CONTEXT ( 3 ) GLOBAL_UNCERTAINTY_ASSIGNED_CONTEXT ( ( #2756 ) ) GLOBAL_UNIT_ASSIGNED_CONTEXT ( ( #1095, #2766, #1742 ) ) REPRESENTATION_CONTEXT ( 'NONE', 'WORKASPACE' ) );
#565 = MECHANICAL_DESIGN_GEOMETRIC_PRESENTATION_REPRESENTATION (  '', ( #2686 ), #1734 ) ;
#566 = CARTESIAN_POINT ( 'NONE',  ( -0.4050000000000000266, -0.7200000000000001954, 0.3899999999999998468 ) ) ;
#567 = EDGE_CURVE ( 'NONE', #2662, #3755, #742, .T. ) ;
#568 = MECHANICAL_DESIGN_GEOMETRIC_PRESENTATION_REPRESENTATION (  '', ( #634 ), #193 ) ;
#569 = EDGE_CURVE ( 'NONE', #2623, #3982, #3525, .T. ) ;
#570 = CARTESIAN_POINT ( 'NONE',  ( -0.4050000000000000266, -4.404571325722362379E-17, 0.3899999999999999578 ) ) ;
#571 = EDGE_CURVE ( 'NONE', #4303, #246, #414, .T. ) ;
#572 = FILL_AREA_STYLE_COLOUR ( '', #2684 ) ;
#573 = AXIS2_PLACEMENT_3D ( 'NONE', #1599, #1986, #1246 ) ;
#574 = DIRECTION ( 'NONE',  ( 0.000000000000000000, -1.000000000000000000, 0.000000000000000000 ) ) ;
#575 = VERTEX_POINT ( 'NONE', #2191 ) ;
#576 = LINE ( 'NONE', #3676, #11 ) ;
#577 = ORIENTED_EDGE ( 'NONE', *, *, #3572, .F. ) ;
#578 =( GEOMETRIC_REPRESENTATION_CONTEXT ( 3 ) GLOBAL_UNCERTAINTY_ASSIGNED_CONTEXT ( ( #4372 ) ) GLOBAL_UNIT_ASSIGNED_CONTEXT ( ( #1639, #3594, #2329 ) ) REPRESENTATION_CONTEXT ( 'NONE', 'WORKASPACE' ) );
#579 = LINE ( 'NONE', #1610, #479 ) ;
#580 = LINE ( 'NONE', #4019, #993 ) ;
#581 = ORIENTED_EDGE ( 'NONE', *, *, #2534, .F. ) ;
#582 = SURFACE_STYLE_FILL_AREA ( #1999 ) ;
#583 = VECTOR ( 'NONE', #3422, 1000.000000000000000 ) ;
#584 = EDGE_CURVE ( 'NONE', #82, #2623, #4217, .T. ) ;
#585 = SURFACE_SIDE_STYLE ('',( #3061 ) ) ;
#586 = CARTESIAN_POINT ( 'NONE',  ( -0.4050000000000000266, 0.7199999999999999734, 0.3900000000000000133 ) ) ;
#587 = SURFACE_SIDE_STYLE ('',( #3986 ) ) ;
#588 = ORIENTED_EDGE ( 'NONE', *, *, #3466, .T. ) ;
#589 =( NAMED_UNIT ( * ) PLANE_ANGLE_UNIT ( ) SI_UNIT ( $, .RADIAN. ) );
#590 = FILL_AREA_STYLE ('',( #1934 ) ) ;
#591 = STYLED_ITEM ( 'NONE', ( #2078 ), #4130 ) ;
#592 = VECTOR ( 'NONE', #4104, 1000.000000000000000 ) ;
#593 = PLANE ( 'NONE',  #3564 ) ;
#594 = ADVANCED_FACE ( 'NONE', ( #2515 ), #3168, .T. ) ;
#595 = SURFACE_SIDE_STYLE ('',( #3625 ) ) ;
#596 = SURFACE_STYLE_FILL_AREA ( #238 ) ;
#597 = AXIS2_PLACEMENT_3D ( 'NONE', #3446, #2851, #2156 ) ;
#598 = FILL_AREA_STYLE_COLOUR ( '', #3115 ) ;
#599 = LINE ( 'NONE', #3771, #1620 ) ;
#600 = PRESENTATION_LAYER_ASSIGNMENT (  '', '', ( #3347 ) ) ;
#601 = DIRECTION ( 'NONE',  ( 0.000000000000000000, 1.000000000000000000, 0.000000000000000000 ) ) ;
#602 = CARTESIAN_POINT ( 'NONE',  ( 0.4050000000000000266, -0.7200000000000001954, 0.000000000000000000 ) ) ;
#603 = DIRECTION ( 'NONE',  ( -0.000000000000000000, -0.000000000000000000, -1.000000000000000000 ) ) ;
#604 = UNCERTAINTY_MEASURE_WITH_UNIT (LENGTH_MEASURE( 1.000000000000000082E-05 ), #562, 'distance_accuracy_value', 'NONE');
#605 = STYLED_ITEM ( 'NONE', ( #2752 ), #4116 ) ;
#606 = EDGE_LOOP ( 'NONE', ( #3844, #766, #3174, #2134 ) ) ;
#607 = EDGE_LOOP ( 'NONE', ( #828, #1845, #1814, #3617 ) ) ;
#608 = PLANE ( 'NONE',  #1984 ) ;
#609 = DIRECTION ( 'NONE',  ( 0.000000000000000000, 0.000000000000000000, -1.000000000000000000 ) ) ;
#610 = ADVANCED_FACE ( 'NONE', ( #3588 ), #112, .T. ) ;
#611 = SURFACE_STYLE_USAGE ( .BOTH. , #2003 ) ;
#612 = ORIENTED_EDGE ( 'NONE', *, *, #2942, .F. ) ;
#613 = DIRECTION ( 'NONE',  ( -1.000000000000000000, 0.000000000000000000, 0.000000000000000000 ) ) ;
#614 = SURFACE_SIDE_STYLE ('',( #3049 ) ) ;
#615 = DIRECTION ( 'NONE',  ( -1.000000000000000000, 0.000000000000000000, 0.000000000000000000 ) ) ;
#616 = LINE ( 'NONE', #3375, #4194 ) ;
#617 = SURFACE_STYLE_FILL_AREA ( #2371 ) ;
#618 = ORIENTED_EDGE ( 'NONE', *, *, #3523, .F. ) ;
#619 = CARTESIAN_POINT ( 'NONE',  ( 0.4050000000000000266, 0.000000000000000000, -0.4699999999999999734 ) ) ;
#620 =( NAMED_UNIT ( * ) SI_UNIT ( $, .STERADIAN. ) SOLID_ANGLE_UNIT ( ) );
#621 = ORIENTED_EDGE ( 'NONE', *, *, #2150, .F. ) ;
#622 = ORIENTED_EDGE ( 'NONE', *, *, #923, .T. ) ;
#623 = DIRECTION ( 'NONE',  ( 1.000000000000000000, -0.000000000000000000, 0.000000000000000000 ) ) ;
#624 = ORIENTED_EDGE ( 'NONE', *, *, #1230, .T. ) ;
#625 = DIRECTION ( 'NONE',  ( -1.000000000000000000, -3.952820420520068413E-16, -0.000000000000000000 ) ) ;
#626 = PRESENTATION_LAYER_ASSIGNMENT (  '', '', ( #266 ) ) ;
#627 =( GEOMETRIC_REPRESENTATION_CONTEXT ( 3 ) GLOBAL_UNCERTAINTY_ASSIGNED_CONTEXT ( ( #2936 ) ) GLOBAL_UNIT_ASSIGNED_CONTEXT ( ( #3979, #2294, #3658 ) ) REPRESENTATION_CONTEXT ( 'NONE', 'WORKASPACE' ) );
#628 = DIRECTION ( 'NONE',  ( 0.000000000000000000, 1.000000000000000000, 0.000000000000000000 ) ) ;
#629 = SURFACE_STYLE_USAGE ( .BOTH. , #4380 ) ;
#630 = VECTOR ( 'NONE', #3225, 1000.000000000000000 ) ;
#631 = COLOUR_RGB ( '',0.7254901960784313486, 0.6666666666666666297, 0.6509803921568627638 ) ;
#632 = DIRECTION ( 'NONE',  ( 0.000000000000000000, 1.000000000000000000, 0.000000000000000000 ) ) ;
#633 = DIRECTION ( 'NONE',  ( 1.000000000000000000, 0.000000000000000000, -0.000000000000000000 ) ) ;
#634 = STYLED_ITEM ( 'NONE', ( #2454 ), #1952 ) ;
#635 = STYLED_ITEM ( 'NONE', ( #1828 ), #1309 ) ;
#636 = CARTESIAN_POINT ( 'NONE',  ( -0.4050000000000000266, 0.5700000000000001732, 0.4699999999999999734 ) ) ;
#637 = ORIENTED_EDGE ( 'NONE', *, *, #2760, .T. ) ;
#638 = MECHANICAL_DESIGN_GEOMETRIC_PRESENTATION_REPRESENTATION (  '', ( #265 ), #2759 ) ;
#639 = VECTOR ( 'NONE', #2120, 1000.000000000000000 ) ;
#640 =( NAMED_UNIT ( * ) PLANE_ANGLE_UNIT ( ) SI_UNIT ( $, .RADIAN. ) );
#641 = SURFACE_STYLE_FILL_AREA ( #1718 ) ;
#642 = UNCERTAINTY_MEASURE_WITH_UNIT (LENGTH_MEASURE( 1.000000000000000082E-05 ), #3443, 'distance_accuracy_value', 'NONE');
#643 = FILL_AREA_STYLE ('',( #4432 ) ) ;
#644 = EDGE_CURVE ( 'NONE', #4247, #1548, #4317, .T. ) ;
#645 = VECTOR ( 'NONE', #2052, 1000.000000000000000 ) ;
#646 = ORIENTED_EDGE ( 'NONE', *, *, #433, .T. ) ;
#647 = PRESENTATION_STYLE_ASSIGNMENT (( #3147 ) ) ;
#648 = ORIENTED_EDGE ( 'NONE', *, *, #1072, .F. ) ;
#649 = AXIS2_PLACEMENT_3D ( 'NONE', #4292, #3511, #428 ) ;
#650 = CARTESIAN_POINT ( 'NONE',  ( 0.000000000000000000, 0.7599999999999998979, 0.4699999999999999734 ) ) ;
#651 = ADVANCED_FACE ( 'NONE', ( #3614 ), #894, .F. ) ;
#652 = DIRECTION ( 'NONE',  ( 0.000000000000000000, 0.000000000000000000, -1.000000000000000000 ) ) ;
#653 = FILL_AREA_STYLE_COLOUR ( '', #1394 ) ;
#654 = MECHANICAL_DESIGN_GEOMETRIC_PRESENTATION_REPRESENTATION (  '', ( #4210 ), #1089 ) ;
#655 = CARTESIAN_POINT ( 'NONE',  ( -0.4050000000000000266, 0.5700000000000001732, 0.3900000000000000133 ) ) ;
#656 = EDGE_CURVE ( 'NONE', #1705, #363, #3753, .T. ) ;
#657 = MECHANICAL_DESIGN_GEOMETRIC_PRESENTATION_REPRESENTATION (  '', ( #2926 ), #2426 ) ;
#658 = CARTESIAN_POINT ( 'NONE',  ( -1.560000000000000053, -0.7600000000000001199, 0.4699999999999999734 ) ) ;
#659 = COLOUR_RGB ( '',1.000000000000000000, 0.000000000000000000, 0.000000000000000000 ) ;
#660 = VECTOR ( 'NONE', #615, 1000.000000000000000 ) ;
#661 = EDGE_CURVE ( 'NONE', #1908, #1616, #2176, .T. ) ;
#662 = CARTESIAN_POINT ( 'NONE',  ( -1.089999999999999858, 0.000000000000000000, -0.4699999999999999734 ) ) ;
#663 = PRODUCT_DEFINITION_FORMATION_WITH_SPECIFIED_SOURCE ( 'ANY', '', #4142, .NOT_KNOWN. ) ;
#664 = VECTOR ( 'NONE', #1455, 1000.000000000000000 ) ;
#665 = SURFACE_STYLE_FILL_AREA ( #2999 ) ;
#666 = ORIENTED_EDGE ( 'NONE', *, *, #2797, .F. ) ;
#667 = ORIENTED_EDGE ( 'NONE', *, *, #2150, .T. ) ;
#668 = AXIS2_PLACEMENT_3D ( 'NONE', #1550, #104, #3238 ) ;
#669 = DIRECTION ( 'NONE',  ( 0.000000000000000000, -1.000000000000000000, -1.129377263005734114E-16 ) ) ;
#670 = LINE ( 'NONE', #586, #4029 ) ;
#671 =( LENGTH_UNIT ( ) NAMED_UNIT ( * ) SI_UNIT ( .MILLI., .METRE. ) );
#672 = ORIENTED_EDGE ( 'NONE', *, *, #2955, .F. ) ;
#673 = SURFACE_STYLE_FILL_AREA ( #3784 ) ;
#674 = DIRECTION ( 'NONE',  ( 0.000000000000000000, 0.000000000000000000, -1.000000000000000000 ) ) ;
#675 = SURFACE_STYLE_USAGE ( .BOTH. , #1410 ) ;
#676 = FILL_AREA_STYLE_COLOUR ( '', #883 ) ;
#677 = DIRECTION ( 'NONE',  ( 0.000000000000000000, 0.000000000000000000, -1.000000000000000000 ) ) ;
#678 = DIRECTION ( 'NONE',  ( 1.000000000000000000, 0.000000000000000000, -0.000000000000000000 ) ) ;
#679 = FILL_AREA_STYLE_COLOUR ( '', #4056 ) ;
#680 = SURFACE_STYLE_FILL_AREA ( #755 ) ;
#681 = EDGE_LOOP ( 'NONE', ( #1862, #1053, #3142, #666, #3520, #2021, #1123, #1449, #3573, #3435, #3586, #2275 ) ) ;
#682 = CARTESIAN_POINT ( 'NONE',  ( -0.4050000000000000266, -0.5700000000000001732, 0.000000000000000000 ) ) ;
#683 = DIRECTION ( 'NONE',  ( 0.000000000000000000, 0.000000000000000000, 1.000000000000000000 ) ) ;
#684 = FACE_OUTER_BOUND ( 'NONE', #1104, .T. ) ;
#685 = UNCERTAINTY_MEASURE_WITH_UNIT (LENGTH_MEASURE( 1.000000000000000082E-05 ), #1863, 'distance_accuracy_value', 'NONE');
#686 = FILL_AREA_STYLE_COLOUR ( '', #1016 ) ;
#687 = ORIENTED_EDGE ( 'NONE', *, *, #1867, .F. ) ;
#688 = EDGE_CURVE ( 'NONE', #2668, #2867, #691, .T. ) ;
#689 = ORIENTED_EDGE ( 'NONE', *, *, #4354, .T. ) ;
#690 = PRESENTATION_STYLE_ASSIGNMENT (( #4190 ) ) ;
#691 = LINE ( 'NONE', #1747, #407 ) ;
#692 = DIRECTION ( 'NONE',  ( 0.000000000000000000, 1.000000000000000000, 0.000000000000000000 ) ) ;
#693 = VERTEX_POINT ( 'NONE', #3633 ) ;
#694 = DIRECTION ( 'NONE',  ( 0.000000000000000000, -1.000000000000000000, 0.000000000000000000 ) ) ;
#695 = UNCERTAINTY_MEASURE_WITH_UNIT (LENGTH_MEASURE( 1.000000000000000082E-05 ), #4085, 'distance_accuracy_value', 'NONE');
#696 = LINE ( 'NONE', #3740, #645 ) ;
#697 = FILL_AREA_STYLE_COLOUR ( '', #2199 ) ;
#698 = AXIS2_PLACEMENT_3D ( 'NONE', #602, #2390, #2416 ) ;
#699 = EDGE_CURVE ( 'NONE', #3982, #1442, #3290, .T. ) ;
#700 = LINE ( 'NONE', #4082, #2186 ) ;
#701 = PRESENTATION_LAYER_ASSIGNMENT (  '', '', ( #3953 ) ) ;
#702 = EDGE_CURVE ( 'NONE', #737, #1809, #1516, .T. ) ;
#703 = PRESENTATION_LAYER_ASSIGNMENT (  '', '', ( #3750 ) ) ;
#704 = SURFACE_SIDE_STYLE ('',( #2437 ) ) ;
#705 = ORIENTED_EDGE ( 'NONE', *, *, #2019, .T. ) ;
#706 = CARTESIAN_POINT ( 'NONE',  ( -1.600000000000000089, -0.7600000000000001199, -0.4299999999999999933 ) ) ;
#707 = CARTESIAN_POINT ( 'NONE',  ( 1.090000000000000080, -0.8000000000000001554, 0.4699999999999999734 ) ) ;
#708 = DIRECTION ( 'NONE',  ( 1.000000000000000000, 0.000000000000000000, -0.000000000000000000 ) ) ;
#709 = AXIS2_PLACEMENT_3D ( 'NONE', #1633, #1920, #3997 ) ;
#710 = PRESENTATION_LAYER_ASSIGNMENT (  '', '', ( #1211 ) ) ;
#711 = FACE_OUTER_BOUND ( 'NONE', #1976, .T. ) ;
#712 = VERTEX_POINT ( 'NONE', #869 ) ;
#713 = VERTEX_POINT ( 'NONE', #526 ) ;
#714 = DIRECTION ( 'NONE',  ( 0.000000000000000000, 0.000000000000000000, 1.000000000000000000 ) ) ;
#715 = PRESENTATION_STYLE_ASSIGNMENT (( #765 ) ) ;
#716 = AXIS2_PLACEMENT_3D ( 'NONE', #4222, #1110, #1823 ) ;
#717 = ORIENTED_EDGE ( 'NONE', *, *, #36, .F. ) ;
#718 =( NAMED_UNIT ( * ) PLANE_ANGLE_UNIT ( ) SI_UNIT ( $, .RADIAN. ) );
#719 = EDGE_CURVE ( 'NONE', #3940, #3596, #2911, .T. ) ;
#720 = CARTESIAN_POINT ( 'NONE',  ( 1.560000000000000275, 0.7599999999999998979, 0.4299999999999999933 ) ) ;
#721 = COLOUR_RGB ( '',0.7529411764705882248, 0.7529411764705882248, 0.7529411764705882248 ) ;
#722 = DIRECTION ( 'NONE',  ( 0.000000000000000000, -1.390002785237826374E-16, 1.000000000000000000 ) ) ;
#723 = PRESENTATION_STYLE_ASSIGNMENT (( #675 ) ) ;
#724 = MECHANICAL_DESIGN_GEOMETRIC_PRESENTATION_REPRESENTATION (  '', ( #801 ), #3251 ) ;
#725 = CARTESIAN_POINT ( 'NONE',  ( 1.090000000000000080, 0.7599999999999998979, -0.4699999999999999734 ) ) ;
#726 = DIRECTION ( 'NONE',  ( 0.000000000000000000, 0.000000000000000000, -1.000000000000000000 ) ) ;
#727 = FACE_OUTER_BOUND ( 'NONE', #334, .T. ) ;
#728 = EDGE_CURVE ( 'NONE', #965, #109, #1879, .T. ) ;
#729 =( GEOMETRIC_REPRESENTATION_CONTEXT ( 3 ) GLOBAL_UNCERTAINTY_ASSIGNED_CONTEXT ( ( #4367 ) ) GLOBAL_UNIT_ASSIGNED_CONTEXT ( ( #4286, #4223, #488 ) ) REPRESENTATION_CONTEXT ( 'NONE', 'WORKASPACE' ) );
#730 = DIRECTION ( 'NONE',  ( -0.000000000000000000, 1.000000000000000000, -0.000000000000000000 ) ) ;
#731 = EDGE_CURVE ( 'NONE', #2887, #224, #4339, .T. ) ;
#732 = ORIENTED_EDGE ( 'NONE', *, *, #728, .T. ) ;
#733 = CARTESIAN_POINT ( 'NONE',  ( 0.4050000000000000266, -0.5700000000000001732, -0.4699999999999999734 ) ) ;
#734 =( GEOMETRIC_REPRESENTATION_CONTEXT ( 3 ) GLOBAL_UNCERTAINTY_ASSIGNED_CONTEXT ( ( #4185 ) ) GLOBAL_UNIT_ASSIGNED_CONTEXT ( ( #1961, #2627, #876 ) ) REPRESENTATION_CONTEXT ( 'NONE', 'WORKASPACE' ) );
#735 = FACE_OUTER_BOUND ( 'NONE', #1436, .T. ) ;
#736 = FACE_OUTER_BOUND ( 'NONE', #3660, .T. ) ;
#737 = VERTEX_POINT ( 'NONE', #4025 ) ;
#738 = CIRCLE ( 'NONE', #2849, 0.03999999999999999389 ) ;
#739 = VECTOR ( 'NONE', #2292, 1000.000000000000000 ) ;
#740 = ORIENTED_EDGE ( 'NONE', *, *, #3582, .F. ) ;
#741 = LINE ( 'NONE', #336, #4260 ) ;
#742 = LINE ( 'NONE', #1494, #1726 ) ;
#743 = PRESENTATION_LAYER_ASSIGNMENT (  '', '', ( #1626 ) ) ;
#744 = ORIENTED_EDGE ( 'NONE', *, *, #1465, .T. ) ;
#745 = SURFACE_SIDE_STYLE ('',( #4195 ) ) ;
#746 = COLOUR_RGB ( '',0.7529411764705882248, 0.7529411764705882248, 0.7529411764705882248 ) ;
#747 = EDGE_CURVE ( 'NONE', #3213, #1187, #2682, .T. ) ;
#748 = CARTESIAN_POINT ( 'NONE',  ( -1.089999999999999858, 0.7999999999999999334, 0.4699999999999999734 ) ) ;
#749 = COLOUR_RGB ( '',0.7254901960784313486, 0.6666666666666666297, 0.6509803921568627638 ) ;
#750 = EDGE_LOOP ( 'NONE', ( #792, #502, #2037, #2708 ) ) ;
#751 = SURFACE_STYLE_USAGE ( .BOTH. , #3791 ) ;
#752 = CARTESIAN_POINT ( 'NONE',  ( 1.090000000000000080, 0.000000000000000000, 0.4699999999999999734 ) ) ;
#753 = DIRECTION ( 'NONE',  ( -1.000000000000000000, 0.000000000000000000, -0.000000000000000000 ) ) ;
#754 = CARTESIAN_POINT ( 'NONE',  ( 0.000000000000000000, 0.7599999999999998979, -0.4299999999999999933 ) ) ;
#755 = FILL_AREA_STYLE ('',( #4246 ) ) ;
#756 = VERTEX_POINT ( 'NONE', #1994 ) ;
#757 = LINE ( 'NONE', #3158, #3374 ) ;
#758 = SURFACE_STYLE_USAGE ( .BOTH. , #1811 ) ;
#759 = CARTESIAN_POINT ( 'NONE',  ( -1.089999999999999858, 0.7599999999999998979, 0.4699999999999999734 ) ) ;
#760 = ORIENTED_EDGE ( 'NONE', *, *, #3397, .T. ) ;
#761 = VERTEX_POINT ( 'NONE', #2679 ) ;
#762 = DIRECTION ( 'NONE',  ( 0.000000000000000000, 0.000000000000000000, -1.000000000000000000 ) ) ;
#763 = DIRECTION ( 'NONE',  ( -1.000000000000000000, -0.000000000000000000, -0.000000000000000000 ) ) ;
#764 = EDGE_CURVE ( 'NONE', #3007, #2938, #2319, .T. ) ;
#765 = SURFACE_STYLE_USAGE ( .BOTH. , #2885 ) ;
#766 = ORIENTED_EDGE ( 'NONE', *, *, #898, .T. ) ;
#767 = EDGE_CURVE ( 'NONE', #3097, #117, #579, .T. ) ;
#768 = DIRECTION ( 'NONE',  ( -1.000000000000000000, 0.000000000000000000, -0.000000000000000000 ) ) ;
#769 = CARTESIAN_POINT ( 'NONE',  ( -0.4050000000000000266, -0.5700000000000001732, 0.4699999999999999734 ) ) ;
#770 = ORIENTED_EDGE ( 'NONE', *, *, #4228, .F. ) ;
#771 = PLANE ( 'NONE',  #3717 ) ;
#772 = EDGE_CURVE ( 'NONE', #326, #2268, #243, .T. ) ;
#773 =( NAMED_UNIT ( * ) SI_UNIT ( $, .STERADIAN. ) SOLID_ANGLE_UNIT ( ) );
#774 = PRESENTATION_LAYER_ASSIGNMENT (  '', '', ( #2538 ) ) ;
#775 = FILL_AREA_STYLE ('',( #400 ) ) ;
#776 =( LENGTH_UNIT ( ) NAMED_UNIT ( * ) SI_UNIT ( .MILLI., .METRE. ) );
#777 = VERTEX_POINT ( 'NONE', #2016 ) ;
#778 = EDGE_CURVE ( 'NONE', #1475, #2490, #3100, .T. ) ;
#779 = DIRECTION ( 'NONE',  ( 0.000000000000000000, -1.000000000000000000, -1.390002785237826621E-16 ) ) ;
#780 = DIRECTION ( 'NONE',  ( -1.000000000000000000, 0.000000000000000000, 0.000000000000000000 ) ) ;
#781 = CARTESIAN_POINT ( 'NONE',  ( -0.4050000000000000266, -4.404571325722362379E-17, 0.3899999999999999578 ) ) ;
#782 = DIRECTION ( 'NONE',  ( 1.000000000000000000, -5.646886315028668105E-17, 0.000000000000000000 ) ) ;
#783 = PRESENTATION_LAYER_ASSIGNMENT (  '', '', ( #3960 ) ) ;
#784 = STYLED_ITEM ( 'NONE', ( #2803 ), #863 ) ;
#785 = SURFACE_STYLE_FILL_AREA ( #3519 ) ;
#786 = ORIENTED_EDGE ( 'NONE', *, *, #2051, .F. ) ;
#787 = DIRECTION ( 'NONE',  ( -1.000000000000000000, 0.000000000000000000, -0.000000000000000000 ) ) ;
#788 = PRESENTATION_LAYER_ASSIGNMENT (  '', '', ( #2749 ) ) ;
#789 =( NAMED_UNIT ( * ) SI_UNIT ( $, .STERADIAN. ) SOLID_ANGLE_UNIT ( ) );
#790 = PRESENTATION_LAYER_ASSIGNMENT (  '', '', ( #3039 ) ) ;
#791 =( GEOMETRIC_REPRESENTATION_CONTEXT ( 3 ) GLOBAL_UNCERTAINTY_ASSIGNED_CONTEXT ( ( #1109 ) ) GLOBAL_UNIT_ASSIGNED_CONTEXT ( ( #2001, #2688, #2709 ) ) REPRESENTATION_CONTEXT ( 'NONE', 'WORKASPACE' ) );
#792 = ORIENTED_EDGE ( 'NONE', *, *, #2200, .F. ) ;
#793 = FACE_OUTER_BOUND ( 'NONE', #360, .T. ) ;
#794 = EDGE_CURVE ( 'NONE', #4205, #3380, #1256, .T. ) ;
#795 = DIRECTION ( 'NONE',  ( 0.000000000000000000, -0.000000000000000000, -1.000000000000000000 ) ) ;
#796 = AXIS2_PLACEMENT_3D ( 'NONE', #1853, #1917, #3696 ) ;
#797 = UNCERTAINTY_MEASURE_WITH_UNIT (LENGTH_MEASURE( 1.000000000000000082E-05 ), #1948, 'distance_accuracy_value', 'NONE');
#798 =( NAMED_UNIT ( * ) SI_UNIT ( $, .STERADIAN. ) SOLID_ANGLE_UNIT ( ) );
#799 = FILL_AREA_STYLE ('',( #3256 ) ) ;
#800 = ORIENTED_EDGE ( 'NONE', *, *, #2687, .T. ) ;
#801 = STYLED_ITEM ( 'NONE', ( #3887 ), #2575 ) ;
#802 = DIRECTION ( 'NONE',  ( 1.000000000000000000, -0.000000000000000000, 0.000000000000000000 ) ) ;
#803 = FACE_OUTER_BOUND ( 'NONE', #1490, .T. ) ;
#804 = LINE ( 'NONE', #2923, #1146 ) ;
#805 = EDGE_CURVE ( 'NONE', #945, #2166, #1300, .T. ) ;
#806 = ORIENTED_EDGE ( 'NONE', *, *, #2560, .T. ) ;
#807 = ADVANCED_FACE ( 'NONE', ( #2987 ), #4340, .T. ) ;
#808 = VECTOR ( 'NONE', #2072, 1000.000000000000000 ) ;
#809 = FACE_OUTER_BOUND ( 'NONE', #555, .T. ) ;
#810 = AXIS2_PLACEMENT_3D ( 'NONE', #3072, #3031, #3091 ) ;
#811 = ORIENTED_EDGE ( 'NONE', *, *, #3124, .F. ) ;
#812 = LINE ( 'NONE', #3574, #3707 ) ;
#813 = VECTOR ( 'NONE', #2287, 1000.000000000000000 ) ;
#814 = PRESENTATION_STYLE_ASSIGNMENT (( #2217 ) ) ;
#815 = EDGE_LOOP ( 'NONE', ( #1265, #1097, #1794, #480 ) ) ;
#816 =( NAMED_UNIT ( * ) PLANE_ANGLE_UNIT ( ) SI_UNIT ( $, .RADIAN. ) );
#817 =( GEOMETRIC_REPRESENTATION_CONTEXT ( 3 ) GLOBAL_UNCERTAINTY_ASSIGNED_CONTEXT ( ( #3729 ) ) GLOBAL_UNIT_ASSIGNED_CONTEXT ( ( #2097, #718, #1009 ) ) REPRESENTATION_CONTEXT ( 'NONE', 'WORKASPACE' ) );
#818 = FILL_AREA_STYLE_COLOUR ( '', #3684 ) ;
#819 = DIRECTION ( 'NONE',  ( 1.355252715606880789E-16, -1.000000000000000000, 0.000000000000000000 ) ) ;
#820 =( LENGTH_UNIT ( ) NAMED_UNIT ( * ) SI_UNIT ( .MILLI., .METRE. ) );
#821 = LINE ( 'NONE', #2263, #2957 ) ;
#822 = ORIENTED_EDGE ( 'NONE', *, *, #390, .F. ) ;
#823 = DIRECTION ( 'NONE',  ( 0.000000000000000000, 0.000000000000000000, -1.000000000000000000 ) ) ;
#824 =( NAMED_UNIT ( * ) SI_UNIT ( $, .STERADIAN. ) SOLID_ANGLE_UNIT ( ) );
#825 = ORIENTED_EDGE ( 'NONE', *, *, #2392, .T. ) ;
#826 = DIRECTION ( 'NONE',  ( 0.000000000000000000, 1.000000000000000000, -0.000000000000000000 ) ) ;
#827 = DIRECTION ( 'NONE',  ( 1.000000000000000000, 0.000000000000000000, 5.421010862427522959E-15 ) ) ;
#828 = ORIENTED_EDGE ( 'NONE', *, *, #1258, .T. ) ;
#829 = SURFACE_SIDE_STYLE ('',( #4310 ) ) ;
#830 = CYLINDRICAL_SURFACE ( 'NONE', #796, 0.03999999999999999389 ) ;
#831 = DIRECTION ( 'NONE',  ( -1.000000000000000000, -0.000000000000000000, -0.000000000000000000 ) ) ;
#832 = MECHANICAL_DESIGN_GEOMETRIC_PRESENTATION_REPRESENTATION (  '', ( #4023 ), #4314 ) ;
#833 = DIRECTION ( 'NONE',  ( -1.000000000000000000, 0.000000000000000000, -0.000000000000000000 ) ) ;
#834 = FACE_OUTER_BOUND ( 'NONE', #2971, .T. ) ;
#835 = FILL_AREA_STYLE_COLOUR ( '', #481 ) ;
#836 = FILL_AREA_STYLE ('',( #2611 ) ) ;
#837 = SURFACE_SIDE_STYLE ('',( #4363 ) ) ;
#838 = ORIENTED_EDGE ( 'NONE', *, *, #3385, .T. ) ;
#839 = VECTOR ( 'NONE', #3515, 1000.000000000000000 ) ;
#840 = ORIENTED_EDGE ( 'NONE', *, *, #2018, .T. ) ;
#841 = CARTESIAN_POINT ( 'NONE',  ( -0.4050000000000000266, 0.5700000000000001732, 0.3900000000000000133 ) ) ;
#842 =( GEOMETRIC_REPRESENTATION_CONTEXT ( 3 ) GLOBAL_UNCERTAINTY_ASSIGNED_CONTEXT ( ( #2891 ) ) GLOBAL_UNIT_ASSIGNED_CONTEXT ( ( #2465, #3432, #2094 ) ) REPRESENTATION_CONTEXT ( 'NONE', 'WORKASPACE' ) );
#843 = PRESENTATION_LAYER_ASSIGNMENT (  '', '', ( #4475 ) ) ;
#844 = ADVANCED_FACE ( 'NONE', ( #2618 ), #2373, .T. ) ;
#845 = ORIENTED_EDGE ( 'NONE', *, *, #731, .T. ) ;
#846 = AXIS2_PLACEMENT_3D ( 'NONE', #1418, #4478, #2829 ) ;
#847 =( GEOMETRIC_REPRESENTATION_CONTEXT ( 3 ) GLOBAL_UNCERTAINTY_ASSIGNED_CONTEXT ( ( #695 ) ) GLOBAL_UNIT_ASSIGNED_CONTEXT ( ( #4085, #1369, #3406 ) ) REPRESENTATION_CONTEXT ( 'NONE', 'WORKASPACE' ) );
#848 =( NAMED_UNIT ( * ) PLANE_ANGLE_UNIT ( ) SI_UNIT ( $, .RADIAN. ) );
#849 = LINE ( 'NONE', #2626, #2913 ) ;
#850 = AXIS2_PLACEMENT_3D ( 'NONE', #1737, #3111, #726 ) ;
#851 = MECHANICAL_DESIGN_GEOMETRIC_PRESENTATION_REPRESENTATION (  '', ( #2331 ), #791 ) ;
#852 = FILL_AREA_STYLE ('',( #3279 ) ) ;
#853 = EDGE_LOOP ( 'NONE', ( #4313, #2769, #460, #2047 ) ) ;
#854 = DIRECTION ( 'NONE',  ( 0.000000000000000000, 0.000000000000000000, -1.000000000000000000 ) ) ;
#855 = AXIS2_PLACEMENT_3D ( 'NONE', #4445, #2427, #342 ) ;
#856 = PRESENTATION_LAYER_ASSIGNMENT (  '', '', ( #4103 ) ) ;
#857 =( NAMED_UNIT ( * ) PLANE_ANGLE_UNIT ( ) SI_UNIT ( $, .RADIAN. ) );
#858 =( NAMED_UNIT ( * ) SI_UNIT ( $, .STERADIAN. ) SOLID_ANGLE_UNIT ( ) );
#859 = FILL_AREA_STYLE ('',( #2288 ) ) ;
#860 = FILL_AREA_STYLE ('',( #3969 ) ) ;
#861 =( NAMED_UNIT ( * ) SI_UNIT ( $, .STERADIAN. ) SOLID_ANGLE_UNIT ( ) );
#862 =( NAMED_UNIT ( * ) PLANE_ANGLE_UNIT ( ) SI_UNIT ( $, .RADIAN. ) );
#863 = ADVANCED_FACE ( 'NONE', ( #2484 ), #3845, .F. ) ;
#864 = DIRECTION ( 'NONE',  ( 1.000000000000000000, -0.000000000000000000, -0.000000000000000000 ) ) ;
#865 = EDGE_CURVE ( 'NONE', #2315, #2932, #327, .T. ) ;
#866 = MECHANICAL_DESIGN_GEOMETRIC_PRESENTATION_REPRESENTATION (  '', ( #3476 ), #3400 ) ;
#867 =( LENGTH_UNIT ( ) NAMED_UNIT ( * ) SI_UNIT ( .MILLI., .METRE. ) );
#868 = ORIENTED_EDGE ( 'NONE', *, *, #310, .T. ) ;
#869 = CARTESIAN_POINT ( 'NONE',  ( 1.090000000000000080, 0.7599999999999998979, -0.4699999999999999734 ) ) ;
#870 = SURFACE_SIDE_STYLE ('',( #3135 ) ) ;
#871 =( NAMED_UNIT ( * ) PLANE_ANGLE_UNIT ( ) SI_UNIT ( $, .RADIAN. ) );
#872 = EDGE_LOOP ( 'NONE', ( #3365, #2595, #1662, #4110 ) ) ;
#873 = PRESENTATION_LAYER_ASSIGNMENT (  '', '', ( #2265 ) ) ;
#874 = UNCERTAINTY_MEASURE_WITH_UNIT (LENGTH_MEASURE( 1.000000000000000082E-05 ), #3282, 'distance_accuracy_value', 'NONE');
#875 =( GEOMETRIC_REPRESENTATION_CONTEXT ( 3 ) GLOBAL_UNCERTAINTY_ASSIGNED_CONTEXT ( ( #1783 ) ) GLOBAL_UNIT_ASSIGNED_CONTEXT ( ( #3931, #2907, #1226 ) ) REPRESENTATION_CONTEXT ( 'NONE', 'WORKASPACE' ) );
#876 =( NAMED_UNIT ( * ) SI_UNIT ( $, .STERADIAN. ) SOLID_ANGLE_UNIT ( ) );
#877 = ORIENTED_EDGE ( 'NONE', *, *, #3748, .F. ) ;
#878 =( NAMED_UNIT ( * ) PLANE_ANGLE_UNIT ( ) SI_UNIT ( $, .RADIAN. ) );
#879 = PRESENTATION_LAYER_ASSIGNMENT (  '', '', ( #1023 ) ) ;
#880 = AXIS2_PLACEMENT_3D ( 'NONE', #519, #2202, #3222 ) ;
#881 = LINE ( 'NONE', #1966, #4042 ) ;
#882 = DIRECTION ( 'NONE',  ( -0.000000000000000000, 1.000000000000000000, 0.000000000000000000 ) ) ;
#883 = COLOUR_RGB ( '',0.7529411764705882248, 0.7529411764705882248, 0.7529411764705882248 ) ;
#884 = DIRECTION ( 'NONE',  ( 1.000000000000000000, -0.000000000000000000, 0.000000000000000000 ) ) ;
#885 = DIRECTION ( 'NONE',  ( -1.000000000000000000, 0.000000000000000000, -0.000000000000000000 ) ) ;
#886 =( GEOMETRIC_REPRESENTATION_CONTEXT ( 3 ) GLOBAL_UNCERTAINTY_ASSIGNED_CONTEXT ( ( #3724 ) ) GLOBAL_UNIT_ASSIGNED_CONTEXT ( ( #2005, #4376, #1964 ) ) REPRESENTATION_CONTEXT ( 'NONE', 'WORKASPACE' ) );
#887 = SURFACE_SIDE_STYLE ('',( #3995 ) ) ;
#888 = SURFACE_SIDE_STYLE ('',( #1575 ) ) ;
#889 = LINE ( 'NONE', #199, #3966 ) ;
#890 = DIRECTION ( 'NONE',  ( 0.000000000000000000, 1.000000000000000000, 0.000000000000000000 ) ) ;
#891 = PRESENTATION_STYLE_ASSIGNMENT (( #1921 ) ) ;
#892 = VERTEX_POINT ( 'NONE', #706 ) ;
#893 = DIRECTION ( 'NONE',  ( -0.000000000000000000, 0.000000000000000000, -1.000000000000000000 ) ) ;
#894 = PLANE ( 'NONE',  #4105 ) ;
#895 = ORIENTED_EDGE ( 'NONE', *, *, #3466, .F. ) ;
#896 = ADVANCED_FACE ( 'NONE', ( #385 ), #2723, .T. ) ;
#897 = CARTESIAN_POINT ( 'NONE',  ( 0.4050000000000000266, 0.000000000000000000, 0.4699999999999999734 ) ) ;
#898 = EDGE_CURVE ( 'NONE', #713, #2668, #1771, .T. ) ;
#899 =( NAMED_UNIT ( * ) SI_UNIT ( $, .STERADIAN. ) SOLID_ANGLE_UNIT ( ) );
#900 = EDGE_CURVE ( 'NONE', #1776, #3065, #2415, .T. ) ;
#901 = ORIENTED_EDGE ( 'NONE', *, *, #2986, .T. ) ;
#902 = CARTESIAN_POINT ( 'NONE',  ( -0.4050000000000000266, -0.5700000000000001732, -0.3899999999999999578 ) ) ;
#903 = FACE_OUTER_BOUND ( 'NONE', #1003, .T. ) ;
#904 = DIRECTION ( 'NONE',  ( 0.000000000000000000, 0.000000000000000000, -1.000000000000000000 ) ) ;
#905 = FILL_AREA_STYLE_COLOUR ( '', #4348 ) ;
#906 =( NAMED_UNIT ( * ) PLANE_ANGLE_UNIT ( ) SI_UNIT ( $, .RADIAN. ) );
#907 = CYLINDRICAL_SURFACE ( 'NONE', #287, 0.03999999999999999389 ) ;
#908 = LINE ( 'NONE', #4036, #2185 ) ;
#909 = PRESENTATION_STYLE_ASSIGNMENT (( #4015 ) ) ;
#910 = ORIENTED_EDGE ( 'NONE', *, *, #2691, .T. ) ;
#911 = FILL_AREA_STYLE ('',( #3948 ) ) ;
#912 = ORIENTED_EDGE ( 'NONE', *, *, #1338, .F. ) ;
#913 = EDGE_CURVE ( 'NONE', #1518, #537, #1395, .T. ) ;
#914 = AXIS2_PLACEMENT_3D ( 'NONE', #720, #2470, #2869 ) ;
#915 = PLANE ( 'NONE',  #2236 ) ;
#916 = FILL_AREA_STYLE_COLOUR ( '', #2607 ) ;
#917 =( NAMED_UNIT ( * ) SI_UNIT ( $, .STERADIAN. ) SOLID_ANGLE_UNIT ( ) );
#918 = DIRECTION ( 'NONE',  ( 1.000000000000000000, 0.000000000000000000, 0.000000000000000000 ) ) ;
#919 = MECHANICAL_DESIGN_GEOMETRIC_PRESENTATION_REPRESENTATION (  '', ( #2538 ), #554 ) ;
#920 = VERTEX_POINT ( 'NONE', #3868 ) ;
#921 = ORIENTED_EDGE ( 'NONE', *, *, #1399, .F. ) ;
#922 =( NAMED_UNIT ( * ) SI_UNIT ( $, .STERADIAN. ) SOLID_ANGLE_UNIT ( ) );
#923 = EDGE_CURVE ( 'NONE', #712, #1908, #67, .T. ) ;
#924 =( GEOMETRIC_REPRESENTATION_CONTEXT ( 3 ) GLOBAL_UNCERTAINTY_ASSIGNED_CONTEXT ( ( #1521 ) ) GLOBAL_UNIT_ASSIGNED_CONTEXT ( ( #3626, #1896, #2242 ) ) REPRESENTATION_CONTEXT ( 'NONE', 'WORKASPACE' ) );
#925 = SURFACE_STYLE_USAGE ( .BOTH. , #3734 ) ;
#926 = UNCERTAINTY_MEASURE_WITH_UNIT (LENGTH_MEASURE( 1.000000000000000082E-05 ), #3499, 'distance_accuracy_value', 'NONE');
#927 = STYLED_ITEM ( 'NONE', ( #3775 ), #1683 ) ;
#928 = ORIENTED_EDGE ( 'NONE', *, *, #36, .T. ) ;
#929 = ADVANCED_FACE ( 'NONE', ( #127 ), #1506, .T. ) ;
#930 = DIRECTION ( 'NONE',  ( -1.000000000000000000, -0.000000000000000000, 0.000000000000000000 ) ) ;
#931 = MECHANICAL_DESIGN_GEOMETRIC_PRESENTATION_REPRESENTATION (  '', ( #927 ), #564 ) ;
#932 = COLOUR_RGB ( '',0.7254901960784313486, 0.6666666666666666297, 0.6509803921568627638 ) ;
#933 = CARTESIAN_POINT ( 'NONE',  ( -0.4050000000000000266, 0.5700000000000001732, 0.4699999999999999734 ) ) ;
#934 = STYLED_ITEM ( 'NONE', ( #2154 ), #2049 ) ;
#935 = DIRECTION ( 'NONE',  ( 1.000000000000000000, 0.000000000000000000, -0.000000000000000000 ) ) ;
#936 = MECHANICAL_DESIGN_GEOMETRIC_PRESENTATION_REPRESENTATION (  '', ( #2554 ), #2818 ) ;
#937 = CARTESIAN_POINT ( 'NONE',  ( 0.4050000000000000266, 0.000000000000000000, -0.4699999999999999734 ) ) ;
#938 = VECTOR ( 'NONE', #4398, 1000.000000000000000 ) ;
#939 =( NAMED_UNIT ( * ) PLANE_ANGLE_UNIT ( ) SI_UNIT ( $, .RADIAN. ) );
#940 = MECHANICAL_DESIGN_GEOMETRIC_PRESENTATION_REPRESENTATION (  '', ( #3838 ), #578 ) ;
#941 = EDGE_CURVE ( 'NONE', #2445, #1721, #470, .T. ) ;
#942 = PRESENTATION_STYLE_ASSIGNMENT (( #1973 ) ) ;
#943 = PLANE ( 'NONE',  #1135 ) ;
#944 = EDGE_LOOP ( 'NONE', ( #1144, #2142, #1777, #1119 ) ) ;
#945 = VERTEX_POINT ( 'NONE', #2508 ) ;
#946 = STYLED_ITEM ( 'NONE', ( #2436 ), #2652 ) ;
#947 =( NAMED_UNIT ( * ) SI_UNIT ( $, .STERADIAN. ) SOLID_ANGLE_UNIT ( ) );
#948 = SURFACE_STYLE_USAGE ( .BOTH. , #1464 ) ;
#949 = PRESENTATION_LAYER_ASSIGNMENT (  '', '', ( #2494 ) ) ;
#950 = ORIENTED_EDGE ( 'NONE', *, *, #2760, .F. ) ;
#951 = CARTESIAN_POINT ( 'NONE',  ( -0.4050000000000000266, -0.8000000000000001554, -0.4299999999999999933 ) ) ;
#952 = PRESENTATION_LAYER_ASSIGNMENT (  '', '', ( #2921 ) ) ;
#953 = DIRECTION ( 'NONE',  ( 0.000000000000000000, -1.000000000000000000, -0.000000000000000000 ) ) ;
#954 = VECTOR ( 'NONE', #2513, 1000.000000000000000 ) ;
#955 = COLOUR_RGB ( '',0.7254901960784313486, 0.6666666666666666297, 0.6509803921568627638 ) ;
#956 = SURFACE_SIDE_STYLE ('',( #4034 ) ) ;
#957 = VECTOR ( 'NONE', #4091, 1000.000000000000000 ) ;
#958 = CIRCLE ( 'NONE', #597, 0.03999999999999999389 ) ;
#959 =( NAMED_UNIT ( * ) SI_UNIT ( $, .STERADIAN. ) SOLID_ANGLE_UNIT ( ) );
#960 = DIRECTION ( 'NONE',  ( 0.000000000000000000, 0.000000000000000000, -1.000000000000000000 ) ) ;
#961 = AXIS2_PLACEMENT_3D ( 'NONE', #2197, #1217, #854 ) ;
#962 = SURFACE_STYLE_FILL_AREA ( #4366 ) ;
#963 = PLANE ( 'NONE',  #846 ) ;
#964 =( GEOMETRIC_REPRESENTATION_CONTEXT ( 3 ) GLOBAL_UNCERTAINTY_ASSIGNED_CONTEXT ( ( #604 ) ) GLOBAL_UNIT_ASSIGNED_CONTEXT ( ( #562, #3738, #2381 ) ) REPRESENTATION_CONTEXT ( 'NONE', 'WORKASPACE' ) );
#965 = VERTEX_POINT ( 'NONE', #1529 ) ;
#966 = ORIENTED_EDGE ( 'NONE', *, *, #2990, .T. ) ;
#967 = DIRECTION ( 'NONE',  ( 0.000000000000000000, -0.000000000000000000, 1.000000000000000000 ) ) ;
#968 = UNCERTAINTY_MEASURE_WITH_UNIT (LENGTH_MEASURE( 1.000000000000000082E-05 ), #3196, 'distance_accuracy_value', 'NONE');
#969 = ORIENTED_EDGE ( 'NONE', *, *, #1591, .F. ) ;
#970 = CARTESIAN_POINT ( 'NONE',  ( -0.8499999999999997558, 0.1999999999999999833, 0.3699999999999999956 ) ) ;
#971 =( LENGTH_UNIT ( ) NAMED_UNIT ( * ) SI_UNIT ( .MILLI., .METRE. ) );
#972 = CARTESIAN_POINT ( 'NONE',  ( -0.8499999999999997558, -0.1999999999999999833, 0.3699999999999999956 ) ) ;
#973 = DIRECTION ( 'NONE',  ( 0.000000000000000000, 0.000000000000000000, 1.000000000000000000 ) ) ;
#974 = ADVANCED_FACE ( 'NONE', ( #3514 ), #1834, .T. ) ;
#975 = DIRECTION ( 'NONE',  ( -0.000000000000000000, -0.000000000000000000, 1.000000000000000000 ) ) ;
#976 =( NAMED_UNIT ( * ) PLANE_ANGLE_UNIT ( ) SI_UNIT ( $, .RADIAN. ) );
#977 = CARTESIAN_POINT ( 'NONE',  ( -1.600000000000000089, 0.000000000000000000, 0.4699999999999999734 ) ) ;
#978 = CARTESIAN_POINT ( 'NONE',  ( -1.560000000000000053, 0.7999999999999999334, 0.4299999999999999933 ) ) ;
#979 = DIRECTION ( 'NONE',  ( 0.000000000000000000, -1.000000000000000000, -1.129377263005734114E-16 ) ) ;
#980 = ORIENTED_EDGE ( 'NONE', *, *, #220, .T. ) ;
#981 = STYLED_ITEM ( 'NONE', ( #78 ), #103 ) ;
#982 = ORIENTED_EDGE ( 'NONE', *, *, #1233, .T. ) ;
#983 = CARTESIAN_POINT ( 'NONE',  ( 1.600000000000000311, -0.7600000000000001199, 0.4299999999999999933 ) ) ;
#984 = EDGE_CURVE ( 'NONE', #920, #2463, #90, .T. ) ;
#985 = PLANE ( 'NONE',  #1205 ) ;
#986 = ORIENTED_EDGE ( 'NONE', *, *, #241, .T. ) ;
#987 = PRESENTATION_LAYER_ASSIGNMENT (  '', '', ( #2466 ) ) ;
#988 = SURFACE_STYLE_USAGE ( .BOTH. , #4444 ) ;
#989 = DIRECTION ( 'NONE',  ( 0.000000000000000000, 0.000000000000000000, -1.000000000000000000 ) ) ;
#990 = VECTOR ( 'NONE', #3032, 1000.000000000000000 ) ;
#991 = SURFACE_STYLE_USAGE ( .BOTH. , #1013 ) ;
#992 = EDGE_CURVE ( 'NONE', #525, #3504, #804, .T. ) ;
#993 = VECTOR ( 'NONE', #2725, 1000.000000000000000 ) ;
#994 =( LENGTH_UNIT ( ) NAMED_UNIT ( * ) SI_UNIT ( .MILLI., .METRE. ) );
#995 =( GEOMETRIC_REPRESENTATION_CONTEXT ( 3 ) GLOBAL_UNCERTAINTY_ASSIGNED_CONTEXT ( ( #4415 ) ) GLOBAL_UNIT_ASSIGNED_CONTEXT ( ( #1555, #1463, #1487 ) ) REPRESENTATION_CONTEXT ( 'NONE', 'WORKASPACE' ) );
#996 = DIRECTION ( 'NONE',  ( -1.000000000000000000, 0.000000000000000000, -0.000000000000000000 ) ) ;
#997 = ORIENTED_EDGE ( 'NONE', *, *, #719, .F. ) ;
#998 = CIRCLE ( 'NONE', #2022, 0.03999999999999999389 ) ;
#999 = CARTESIAN_POINT ( 'NONE',  ( 0.4050000000000000266, 0.7999999999999999334, -0.4299999999999999933 ) ) ;
#1000 = VECTOR ( 'NONE', #2665, 1000.000000000000000 ) ;
#1001 = DIRECTION ( 'NONE',  ( 0.000000000000000000, 0.000000000000000000, -1.000000000000000000 ) ) ;
#1002 = ORIENTED_EDGE ( 'NONE', *, *, #3081, .F. ) ;
#1003 = EDGE_LOOP ( 'NONE', ( #980, #4112, #524 ) ) ;
#1004 = LINE ( 'NONE', #2420, #3489 ) ;
#1005 = MECHANICAL_DESIGN_GEOMETRIC_PRESENTATION_REPRESENTATION (  '', ( #3473 ), #2765 ) ;
#1006 = SURFACE_STYLE_USAGE ( .BOTH. , #2748 ) ;
#1007 = ORIENTED_EDGE ( 'NONE', *, *, #3212, .T. ) ;
#1008 = COLOUR_RGB ( '',0.7254901960784313486, 0.6666666666666666297, 0.6509803921568627638 ) ;
#1009 =( NAMED_UNIT ( * ) SI_UNIT ( $, .STERADIAN. ) SOLID_ANGLE_UNIT ( ) );
#1010 = UNCERTAINTY_MEASURE_WITH_UNIT (LENGTH_MEASURE( 1.000000000000000082E-05 ), #2374, 'distance_accuracy_value', 'NONE');
#1011 = DIRECTION ( 'NONE',  ( 0.000000000000000000, 0.000000000000000000, -1.000000000000000000 ) ) ;
#1012 =( GEOMETRIC_REPRESENTATION_CONTEXT ( 3 ) GLOBAL_UNCERTAINTY_ASSIGNED_CONTEXT ( ( #1371 ) ) GLOBAL_UNIT_ASSIGNED_CONTEXT ( ( #971, #1388, #343 ) ) REPRESENTATION_CONTEXT ( 'NONE', 'WORKASPACE' ) );
#1013 = SURFACE_SIDE_STYLE ('',( #2383 ) ) ;
#1014 = DIRECTION ( 'NONE',  ( -0.000000000000000000, 0.000000000000000000, -1.000000000000000000 ) ) ;
#1015 = APPLICATION_PROTOCOL_DEFINITION ( 'draft international standard', 'automotive_design', 1998, #3841 ) ;
#1016 = COLOUR_RGB ( '',0.7254901960784313486, 0.6666666666666666297, 0.6509803921568627638 ) ;
#1017 = CARTESIAN_POINT ( 'NONE',  ( 1.560000000000000275, -0.8000000000000001554, 0.4699999999999999734 ) ) ;
#1018 = FILL_AREA_STYLE_COLOUR ( '', #3679 ) ;
#1019 = EDGE_CURVE ( 'NONE', #3102, #1499, #4206, .T. ) ;
#1020 = CIRCLE ( 'NONE', #3560, 0.03999999999999999389 ) ;
#1021 = DIRECTION ( 'NONE',  ( -1.000000000000000000, -0.000000000000000000, -0.000000000000000000 ) ) ;
#1022 = ORIENTED_EDGE ( 'NONE', *, *, #235, .F. ) ;
#1023 = STYLED_ITEM ( 'NONE', ( #3345 ), #4326 ) ;
#1024 = DIRECTION ( 'NONE',  ( -1.000000000000000000, 0.000000000000000000, -0.000000000000000000 ) ) ;
#1025 = DIRECTION ( 'NONE',  ( 0.000000000000000000, 0.000000000000000000, -1.000000000000000000 ) ) ;
#1026 = CYLINDRICAL_SURFACE ( 'NONE', #259, 0.03999999999999999389 ) ;
#1027 =( GEOMETRIC_REPRESENTATION_CONTEXT ( 3 ) GLOBAL_UNCERTAINTY_ASSIGNED_CONTEXT ( ( #1086 ) ) GLOBAL_UNIT_ASSIGNED_CONTEXT ( ( #2694, #2309, #4099 ) ) REPRESENTATION_CONTEXT ( 'NONE', 'WORKASPACE' ) );
#1028 = CARTESIAN_POINT ( 'NONE',  ( -0.4050000000000000266, -0.7200000000000001954, 0.000000000000000000 ) ) ;
#1029 = VERTEX_POINT ( 'NONE', #2368 ) ;
#1030 = ORIENTED_EDGE ( 'NONE', *, *, #3116, .F. ) ;
#1031 = LINE ( 'NONE', #2395, #4360 ) ;
#1032 = PRESENTATION_LAYER_ASSIGNMENT (  '', '', ( #3000 ) ) ;
#1033 = DIRECTION ( 'NONE',  ( 1.000000000000000000, -0.000000000000000000, 0.000000000000000000 ) ) ;
#1034 = EDGE_CURVE ( 'NONE', #3424, #2648, #1574, .T. ) ;
#1035 = VERTEX_POINT ( 'NONE', #3354 ) ;
#1036 = ADVANCED_FACE ( 'NONE', ( #2262 ), #520, .F. ) ;
#1037 = SURFACE_STYLE_USAGE ( .BOTH. , #274 ) ;
#1038 = DIRECTION ( 'NONE',  ( 0.000000000000000000, 0.000000000000000000, -1.000000000000000000 ) ) ;
#1039 = ORIENTED_EDGE ( 'NONE', *, *, #563, .F. ) ;
#1040 = CARTESIAN_POINT ( 'NONE',  ( -0.3699999999999997735, 0.2000000000000001776, 0.3699999999999999956 ) ) ;
#1041 = FILL_AREA_STYLE ('',( #4156 ) ) ;
#1042 = LINE ( 'NONE', #1363, #1076 ) ;
#1043 = LINE ( 'NONE', #349, #3387 ) ;
#1044 = DIRECTION ( 'NONE',  ( 0.000000000000000000, 1.000000000000000000, 0.000000000000000000 ) ) ;
#1045 = DIRECTION ( 'NONE',  ( 0.000000000000000000, -0.000000000000000000, 1.000000000000000000 ) ) ;
#1046 = FILL_AREA_STYLE_COLOUR ( '', #3035 ) ;
#1047 = PLANE ( 'NONE',  #2338 ) ;
#1048 =( NAMED_UNIT ( * ) SI_UNIT ( $, .STERADIAN. ) SOLID_ANGLE_UNIT ( ) );
#1049 = ORIENTED_EDGE ( 'NONE', *, *, #427, .T. ) ;
#1050 = VERTEX_POINT ( 'NONE', #2654 ) ;
#1051 = CYLINDRICAL_SURFACE ( 'NONE', #1538, 0.03999999999999999389 ) ;
#1052 = CLOSED_SHELL ( 'NONE', ( #4328, #1355, #1816, #4253, #1309, #3137, #3811, #315, #4115, #1058, #2282, #3008, #2091, #1683, #532, #844, #974, #3807, #4081, #594, #461, #2488, #3079, #2, #3485, #1036, #1379, #2678, #3104, #896, #3306, #454, #1981, #3685, #4457 ) ) ;
#1053 = ORIENTED_EDGE ( 'NONE', *, *, #1755, .T. ) ;
#1054 = ADVANCED_FACE ( 'NONE', ( #149 ), #3027, .F. ) ;
#1055 = VECTOR ( 'NONE', #2485, 1000.000000000000000 ) ;
#1056 = UNCERTAINTY_MEASURE_WITH_UNIT (LENGTH_MEASURE( 1.000000000000000082E-05 ), #3929, 'distance_accuracy_value', 'NONE');
#1057 = SURFACE_SIDE_STYLE ('',( #4173 ) ) ;
#1058 = ADVANCED_FACE ( 'NONE', ( #2635 ), #2608, .T. ) ;
#1059 = PRESENTATION_LAYER_ASSIGNMENT (  '', '', ( #3826 ) ) ;
#1060 = ORIENTED_EDGE ( 'NONE', *, *, #257, .F. ) ;
#1061 = DIRECTION ( 'NONE',  ( 1.000000000000000000, -0.000000000000000000, 0.000000000000000000 ) ) ;
#1062 = CYLINDRICAL_SURFACE ( 'NONE', #1153, 0.03999999999999999389 ) ;
#1063 = STYLED_ITEM ( 'NONE', ( #2740 ), #1739 ) ;
#1064 = ORIENTED_EDGE ( 'NONE', *, *, #1891, .T. ) ;
#1065 = CARTESIAN_POINT ( 'NONE',  ( -1.560000000000000053, 0.000000000000000000, 0.4299999999999999933 ) ) ;
#1066 = CARTESIAN_POINT ( 'NONE',  ( -1.560000000000000053, -0.7600000000000001199, -0.4299999999999999933 ) ) ;
#1067 = COLOUR_RGB ( '',0.7529411764705882248, 0.7529411764705882248, 0.7529411764705882248 ) ;
#1068 = PRESENTATION_LAYER_ASSIGNMENT (  '', '', ( #3457 ) ) ;
#1069 = SURFACE_SIDE_STYLE ('',( #1682 ) ) ;
#1070 = DIRECTION ( 'NONE',  ( -1.000000000000000000, 0.000000000000000000, 0.000000000000000000 ) ) ;
#1071 = ORIENTED_EDGE ( 'NONE', *, *, #2506, .T. ) ;
#1072 = EDGE_CURVE ( 'NONE', #1444, #756, #2453, .T. ) ;
#1074 = ORIENTED_EDGE ( 'NONE', *, *, #4211, .T. ) ;
#1073 = COLOUR_RGB ( '',0.7529411764705882248, 0.7529411764705882248, 0.7529411764705882248 ) ;
#1075 =( LENGTH_UNIT ( ) NAMED_UNIT ( * ) SI_UNIT ( .MILLI., .METRE. ) );
#1076 = VECTOR ( 'NONE', #3402, 1000.000000000000000 ) ;
#1077 = LINE ( 'NONE', #4147, #639 ) ;
#1078 = PRESENTATION_LAYER_ASSIGNMENT (  '', '', ( #3838 ) ) ;
#1079 = ORIENTED_EDGE ( 'NONE', *, *, #2200, .T. ) ;
#1080 = DIRECTION ( 'NONE',  ( 1.000000000000000000, -0.000000000000000000, 0.000000000000000000 ) ) ;
#1081 = COLOUR_RGB ( '',0.7529411764705882248, 0.7529411764705882248, 0.7529411764705882248 ) ;
#1082 = FILL_AREA_STYLE_COLOUR ( '', #1220 ) ;
#1083 = CARTESIAN_POINT ( 'NONE',  ( -0.8499999999999997558, -0.1999999999999999833, 0.4699999999999999734 ) ) ;
#1084 = ORIENTED_EDGE ( 'NONE', *, *, #210, .F. ) ;
#1085 =( GEOMETRIC_REPRESENTATION_CONTEXT ( 3 ) GLOBAL_UNCERTAINTY_ASSIGNED_CONTEXT ( ( #2295 ) ) GLOBAL_UNIT_ASSIGNED_CONTEXT ( ( #4030, #4400, #4330 ) ) REPRESENTATION_CONTEXT ( 'NONE', 'WORKASPACE' ) );
#1086 = UNCERTAINTY_MEASURE_WITH_UNIT (LENGTH_MEASURE( 1.000000000000000082E-05 ), #2694, 'distance_accuracy_value', 'NONE');
#1087 = SURFACE_STYLE_USAGE ( .BOTH. , #3154 ) ;
#1088 = SURFACE_STYLE_FILL_AREA ( #1415 ) ;
#1089 =( GEOMETRIC_REPRESENTATION_CONTEXT ( 3 ) GLOBAL_UNCERTAINTY_ASSIGNED_CONTEXT ( ( #3824 ) ) GLOBAL_UNIT_ASSIGNED_CONTEXT ( ( #4395, #4350, #1621 ) ) REPRESENTATION_CONTEXT ( 'NONE', 'WORKASPACE' ) );
#1090 = CYLINDRICAL_SURFACE ( 'NONE', #3268, 0.04000000000000010492 ) ;
#1091 = ORIENTED_EDGE ( 'NONE', *, *, #4261, .T. ) ;
#1092 = CARTESIAN_POINT ( 'NONE',  ( 0.4050000000000000266, 0.7199999999999999734, 1.000802005371234881E-16 ) ) ;
#1093 = CARTESIAN_POINT ( 'NONE',  ( 0.4050000000000000266, 0.000000000000000000, 0.4699999999999999734 ) ) ;
#1094 = PRESENTATION_LAYER_ASSIGNMENT (  '', '', ( #3993 ) ) ;
#1095 =( LENGTH_UNIT ( ) NAMED_UNIT ( * ) SI_UNIT ( .MILLI., .METRE. ) );
#1096 = PRESENTATION_STYLE_ASSIGNMENT (( #250 ) ) ;
#1097 = ORIENTED_EDGE ( 'NONE', *, *, #767, .F. ) ;
#1098 = STYLED_ITEM ( 'NONE', ( #647 ), #4346 ) ;
#1099 = COLOUR_RGB ( '',0.7254901960784313486, 0.6666666666666666297, 0.6509803921568627638 ) ;
#1100 = ORIENTED_EDGE ( 'NONE', *, *, #1930, .T. ) ;
#1101 = CARTESIAN_POINT ( 'NONE',  ( -1.089999999999999858, 0.000000000000000000, 0.4699999999999999734 ) ) ;
#1102 = CARTESIAN_POINT ( 'NONE',  ( 1.560000000000000497, -0.7600000000000001199, 0.4299999999999999933 ) ) ;
#1103 = DIRECTION ( 'NONE',  ( 1.000000000000000000, -0.000000000000000000, 0.000000000000000000 ) ) ;
#1104 = EDGE_LOOP ( 'NONE', ( #2401, #1402, #450, #3337 ) ) ;
#1105 =( NAMED_UNIT ( * ) PLANE_ANGLE_UNIT ( ) SI_UNIT ( $, .RADIAN. ) );
#1106 = FILL_AREA_STYLE_COLOUR ( '', #1989 ) ;
#1107 =( NAMED_UNIT ( * ) SI_UNIT ( $, .STERADIAN. ) SOLID_ANGLE_UNIT ( ) );
#1108 = AXIS2_PLACEMENT_3D ( 'NONE', #4031, #935, #2336 ) ;
#1109 = UNCERTAINTY_MEASURE_WITH_UNIT (LENGTH_MEASURE( 1.000000000000000082E-05 ), #2001, 'distance_accuracy_value', 'NONE');
#1110 = DIRECTION ( 'NONE',  ( -1.355252715606880789E-16, 1.000000000000000000, 0.000000000000000000 ) ) ;
#1111 = CARTESIAN_POINT ( 'NONE',  ( -0.4050000000000000266, 0.7199999999999999734, -0.3899999999999999578 ) ) ;
#1112 = ORIENTED_EDGE ( 'NONE', *, *, #2196, .F. ) ;
#1113 = EDGE_CURVE ( 'NONE', #4181, #4205, #1883, .T. ) ;
#1114 = LINE ( 'NONE', #2101, #664 ) ;
#1115 = FILL_AREA_STYLE ('',( #818 ) ) ;
#1116 =( LENGTH_UNIT ( ) NAMED_UNIT ( * ) SI_UNIT ( .MILLI., .METRE. ) );
#1117 =( NAMED_UNIT ( * ) SI_UNIT ( $, .STERADIAN. ) SOLID_ANGLE_UNIT ( ) );
#1118 = EDGE_CURVE ( 'NONE', #4307, #2445, #320, .T. ) ;
#1119 = ORIENTED_EDGE ( 'NONE', *, *, #3319, .F. ) ;
#1120 = CARTESIAN_POINT ( 'NONE',  ( -0.8499999999999997558, 0.1999999999999999833, 0.3699999999999999956 ) ) ;
#1121 = FACE_BOUND ( 'NONE', #4287, .T. ) ;
#1122 = VERTEX_POINT ( 'NONE', #2082 ) ;
#1123 = ORIENTED_EDGE ( 'NONE', *, *, #4259, .T. ) ;
#1124 = LINE ( 'NONE', #3890, #3346 ) ;
#1125 = CARTESIAN_POINT ( 'NONE',  ( 0.4050000000000000266, 0.7199999999999999734, 1.000802005371234881E-16 ) ) ;
#1126 = ORIENTED_EDGE ( 'NONE', *, *, #241, .F. ) ;
#1127 = PRESENTATION_STYLE_ASSIGNMENT (( #77 ) ) ;
#1128 = CARTESIAN_POINT ( 'NONE',  ( 0.000000000000000000, 0.000000000000000000, 0.4699999999999999734 ) ) ;
#1129 = FACE_OUTER_BOUND ( 'NONE', #3911, .T. ) ;
#1130 = SURFACE_STYLE_FILL_AREA ( #3192 ) ;
#1131 = VERTEX_POINT ( 'NONE', #4100 ) ;
#1132 = DIRECTION ( 'NONE',  ( 1.000000000000000000, 1.355252715606880789E-16, -0.000000000000000000 ) ) ;
#1133 = COLOUR_RGB ( '',0.7529411764705882248, 0.7529411764705882248, 0.7529411764705882248 ) ;
#1134 = EDGE_CURVE ( 'NONE', #3755, #2268, #3441, .T. ) ;
#1135 = AXIS2_PLACEMENT_3D ( 'NONE', #7, #1810, #1045 ) ;
#1136 = CARTESIAN_POINT ( 'NONE',  ( 0.4050000000000000266, 0.7999999999999999334, 0.000000000000000000 ) ) ;
#1137 = EDGE_CURVE ( 'NONE', #1820, #3458, #700, .T. ) ;
#1138 = ORIENTED_EDGE ( 'NONE', *, *, #1177, .F. ) ;
#1139 = CARTESIAN_POINT ( 'NONE',  ( 1.560000000000000275, 0.7999999999999999334, 0.4699999999999999734 ) ) ;
#1140 = CARTESIAN_POINT ( 'NONE',  ( -1.089999999999999858, -0.7600000000000001199, 0.4299999999999999933 ) ) ;
#1141 = SURFACE_STYLE_USAGE ( .BOTH. , #4232 ) ;
#1142 = STYLED_ITEM ( 'NONE', ( #2639 ), #807 ) ;
#1143 = DIRECTION ( 'NONE',  ( -0.000000000000000000, 0.000000000000000000, 1.000000000000000000 ) ) ;
#1144 = ORIENTED_EDGE ( 'NONE', *, *, #3550, .F. ) ;
#1145 = CIRCLE ( 'NONE', #2962, 0.03999999999999999389 ) ;
#1146 = VECTOR ( 'NONE', #2828, 1000.000000000000000 ) ;
#1147 = FILL_AREA_STYLE ('',( #2884 ) ) ;
#1148 = COLOUR_RGB ( '',0.7529411764705882248, 0.7529411764705882248, 0.7529411764705882248 ) ;
#1149 = PRESENTATION_LAYER_ASSIGNMENT (  '', '', ( #1960 ) ) ;
#1150 = EDGE_LOOP ( 'NONE', ( #2303, #3164, #3267, #3888 ) ) ;
#1151 = SURFACE_SIDE_STYLE ('',( #2596 ) ) ;
#1152 = LINE ( 'NONE', #3530, #2532 ) ;
#1153 = AXIS2_PLACEMENT_3D ( 'NONE', #2590, #3943, #4267 ) ;
#1154 = CARTESIAN_POINT ( 'NONE',  ( 0.4050000000000000266, 0.000000000000000000, 0.4699999999999999734 ) ) ;
#1155 = VERTEX_POINT ( 'NONE', #655 ) ;
#1156 = PRESENTATION_LAYER_ASSIGNMENT (  '', '', ( #1601 ) ) ;
#1157 = PRESENTATION_STYLE_ASSIGNMENT (( #122 ) ) ;
#1158 = FACE_OUTER_BOUND ( 'NONE', #3955, .T. ) ;
#1159 = LINE ( 'NONE', #2922, #813 ) ;
#1160 = COLOUR_RGB ( '',0.7529411764705882248, 0.7529411764705882248, 0.7529411764705882248 ) ;
#1161 = SURFACE_STYLE_FILL_AREA ( #456 ) ;
#1162 = FILL_AREA_STYLE ('',( #3286 ) ) ;
#1163 = EDGE_CURVE ( 'NONE', #693, #49, #3052, .T. ) ;
#1164 = LINE ( 'NONE', #2576, #2978 ) ;
#1165 = AXIS2_PLACEMENT_3D ( 'NONE', #375, #300, #1038 ) ;
#1166 = SURFACE_STYLE_FILL_AREA ( #174 ) ;
#1167 = ORIENTED_EDGE ( 'NONE', *, *, #1253, .T. ) ;
#1168 =( GEOMETRIC_REPRESENTATION_CONTEXT ( 3 ) GLOBAL_UNCERTAINTY_ASSIGNED_CONTEXT ( ( #1184 ) ) GLOBAL_UNIT_ASSIGNED_CONTEXT ( ( #536, #2975, #899 ) ) REPRESENTATION_CONTEXT ( 'NONE', 'WORKASPACE' ) );
#1169 =( NAMED_UNIT ( * ) PLANE_ANGLE_UNIT ( ) SI_UNIT ( $, .RADIAN. ) );
#1170 = VECTOR ( 'NONE', #4385, 1000.000000000000000 ) ;
#1171 = EDGE_LOOP ( 'NONE', ( #2372, #3855, #2706, #2770 ) ) ;
#1172 = CARTESIAN_POINT ( 'NONE',  ( 0.000000000000000000, 0.000000000000000000, 0.4699999999999999734 ) ) ;
#1173 =( GEOMETRIC_REPRESENTATION_CONTEXT ( 3 ) GLOBAL_UNCERTAINTY_ASSIGNED_CONTEXT ( ( #2443 ) ) GLOBAL_UNIT_ASSIGNED_CONTEXT ( ( #2075, #2093, #2792 ) ) REPRESENTATION_CONTEXT ( 'NONE', 'WORKASPACE' ) );
#1174 = MECHANICAL_DESIGN_GEOMETRIC_PRESENTATION_REPRESENTATION (  '', ( #2780 ), #16 ) ;
#1175 =( NAMED_UNIT ( * ) SI_UNIT ( $, .STERADIAN. ) SOLID_ANGLE_UNIT ( ) );
#1176 = VERTEX_POINT ( 'NONE', #2032 ) ;
#1177 = EDGE_CURVE ( 'NONE', #1419, #3065, #1042, .T. ) ;
#1178 = CIRCLE ( 'NONE', #2786, 0.03999999999999999389 ) ;
#1179 = PRESENTATION_STYLE_ASSIGNMENT (( #2941 ) ) ;
#1180 = DIRECTION ( 'NONE',  ( 1.000000000000000000, -0.000000000000000000, 0.000000000000000000 ) ) ;
#1181 = CARTESIAN_POINT ( 'NONE',  ( 1.560000000000000275, -0.7600000000000001199, 0.4699999999999999734 ) ) ;
#1182 = EDGE_LOOP ( 'NONE', ( #1420, #319, #2751, #588 ) ) ;
#1183 = CARTESIAN_POINT ( 'NONE',  ( 0.000000000000000000, 0.7999999999999999334, 0.4299999999999999933 ) ) ;
#1184 = UNCERTAINTY_MEASURE_WITH_UNIT (LENGTH_MEASURE( 1.000000000000000082E-05 ), #536, 'distance_accuracy_value', 'NONE');
#1185 = SURFACE_STYLE_FILL_AREA ( #2930 ) ;
#1186 = SURFACE_STYLE_FILL_AREA ( #2947 ) ;
#1187 = VERTEX_POINT ( 'NONE', #278 ) ;
#1188 = ORIENTED_EDGE ( 'NONE', *, *, #702, .F. ) ;
#1189 = DIRECTION ( 'NONE',  ( -0.000000000000000000, 0.000000000000000000, 1.000000000000000000 ) ) ;
#1190 =( NAMED_UNIT ( * ) SI_UNIT ( $, .STERADIAN. ) SOLID_ANGLE_UNIT ( ) );
#1191 = DIRECTION ( 'NONE',  ( -1.000000000000000000, 0.000000000000000000, 0.000000000000000000 ) ) ;
#1192 = SURFACE_STYLE_FILL_AREA ( #1214 ) ;
#1193 = ORIENTED_EDGE ( 'NONE', *, *, #4407, .T. ) ;
#1194 = LINE ( 'NONE', #4265, #4301 ) ;
#1195 = EDGE_CURVE ( 'NONE', #2887, #1035, #2477, .T. ) ;
#1196 = EDGE_CURVE ( 'NONE', #4413, #1594, #1593, .T. ) ;
#1197 = CARTESIAN_POINT ( 'NONE',  ( 0.000000000000000000, -0.7600000000000001199, -0.4299999999999999933 ) ) ;
#1198 = FILL_AREA_STYLE_COLOUR ( '', #3964 ) ;
#1199 = FACE_OUTER_BOUND ( 'NONE', #1367, .T. ) ;
#1200 = FACE_OUTER_BOUND ( 'NONE', #3893, .T. ) ;
#1201 = CARTESIAN_POINT ( 'NONE',  ( -0.4050000000000000266, 0.000000000000000000, -0.3899999999999999578 ) ) ;
#1202 = EDGE_LOOP ( 'NONE', ( #1902, #1567, #1188, #2562, #2730, #4213, #2511, #1725 ) ) ;
#1203 = VECTOR ( 'NONE', #367, 1000.000000000000000 ) ;
#1204 = FILL_AREA_STYLE ('',( #4315 ) ) ;
#1205 = AXIS2_PLACEMENT_3D ( 'NONE', #4169, #692, #14 ) ;
#1206 = PRESENTATION_LAYER_ASSIGNMENT (  '', '', ( #784 ) ) ;
#1207 =( NAMED_UNIT ( * ) PLANE_ANGLE_UNIT ( ) SI_UNIT ( $, .RADIAN. ) );
#1208 = ORIENTED_EDGE ( 'NONE', *, *, #2365, .T. ) ;
#1209 =( GEOMETRIC_REPRESENTATION_CONTEXT ( 3 ) GLOBAL_UNCERTAINTY_ASSIGNED_CONTEXT ( ( #3014 ) ) GLOBAL_UNIT_ASSIGNED_CONTEXT ( ( #3605, #3545, #3886 ) ) REPRESENTATION_CONTEXT ( 'NONE', 'WORKASPACE' ) );
#1210 = PRESENTATION_STYLE_ASSIGNMENT (( #3388 ) ) ;
#1211 = STYLED_ITEM ( 'NONE', ( #3652 ), #1058 ) ;
#1212 =( NAMED_UNIT ( * ) PLANE_ANGLE_UNIT ( ) SI_UNIT ( $, .RADIAN. ) );
#1213 = COLOUR_RGB ( '',0.7529411764705882248, 0.7529411764705882248, 0.7529411764705882248 ) ;
#1214 = FILL_AREA_STYLE ('',( #2937 ) ) ;
#1215 = ORIENTED_EDGE ( 'NONE', *, *, #1118, .T. ) ;
#1216 = DIRECTION ( 'NONE',  ( 0.000000000000000000, -0.000000000000000000, 1.000000000000000000 ) ) ;
#1217 = DIRECTION ( 'NONE',  ( 1.000000000000000000, -0.000000000000000000, 0.000000000000000000 ) ) ;
#1218 = AXIS2_PLACEMENT_3D ( 'NONE', #2874, #3600, #2848 ) ;
#1219 = SURFACE_STYLE_FILL_AREA ( #3327 ) ;
#1220 = COLOUR_RGB ( '',0.7529411764705882248, 0.7529411764705882248, 0.7529411764705882248 ) ;
#1221 = DIRECTION ( 'NONE',  ( 1.000000000000000000, 1.355252715606878077E-16, 0.000000000000000000 ) ) ;
#1222 = DIRECTION ( 'NONE',  ( -1.000000000000000000, 0.000000000000000000, -0.000000000000000000 ) ) ;
#1223 = MECHANICAL_DESIGN_GEOMETRIC_PRESENTATION_REPRESENTATION (  '', ( #3182 ), #3764 ) ;
#1224 =( LENGTH_UNIT ( ) NAMED_UNIT ( * ) SI_UNIT ( .MILLI., .METRE. ) );
#1225 = SURFACE_SIDE_STYLE ('',( #4362 ) ) ;
#1226 =( NAMED_UNIT ( * ) SI_UNIT ( $, .STERADIAN. ) SOLID_ANGLE_UNIT ( ) );
#1227 = ORIENTED_EDGE ( 'NONE', *, *, #1072, .T. ) ;
#1228 = EDGE_CURVE ( 'NONE', #2867, #3790, #1736, .T. ) ;
#1229 = LINE ( 'NONE', #2151, #1502 ) ;
#1230 = EDGE_CURVE ( 'NONE', #2852, #1759, #2403, .T. ) ;
#1231 = VECTOR ( 'NONE', #2588, 1000.000000000000000 ) ;
#1232 = CARTESIAN_POINT ( 'NONE',  ( 0.4050000000000000266, -4.404571325722362379E-17, 0.3899999999999999578 ) ) ;
#1233 = EDGE_CURVE ( 'NONE', #1155, #2932, #4470, .T. ) ;
#1234 = PRESENTATION_STYLE_ASSIGNMENT (( #1882 ) ) ;
#1235 = ORIENTED_EDGE ( 'NONE', *, *, #4244, .T. ) ;
#1236 = SURFACE_SIDE_STYLE ('',( #1657 ) ) ;
#1237 = UNCERTAINTY_MEASURE_WITH_UNIT (LENGTH_MEASURE( 1.000000000000000082E-05 ), #3898, 'distance_accuracy_value', 'NONE');
#1238 = EDGE_CURVE ( 'NONE', #2014, #3553, #4266, .T. ) ;
#1239 = DIRECTION ( 'NONE',  ( -1.000000000000000000, 0.000000000000000000, -0.000000000000000000 ) ) ;
#1240 = SURFACE_SIDE_STYLE ('',( #1192 ) ) ;
#1241 = VERTEX_POINT ( 'NONE', #2762 ) ;
#1242 = SURFACE_SIDE_STYLE ('',( #538 ) ) ;
#1243 = SPHERICAL_SURFACE ( 'NONE', #4442, 0.04000000000000000777 ) ;
#1244 = AXIS2_PLACEMENT_3D ( 'NONE', #4371, #3040, #1929 ) ;
#1245 = VECTOR ( 'NONE', #87, 1000.000000000000000 ) ;
#1246 = DIRECTION ( 'NONE',  ( 0.000000000000000000, 0.000000000000000000, -1.000000000000000000 ) ) ;
#1247 = SURFACE_SIDE_STYLE ('',( #3022 ) ) ;
#1248 = MECHANICAL_DESIGN_GEOMETRIC_PRESENTATION_REPRESENTATION (  '', ( #2283 ), #4365 ) ;
#1249 = FILL_AREA_STYLE ('',( #3765 ) ) ;
#1250 = CIRCLE ( 'NONE', #3567, 0.03999999999999999389 ) ;
#1251 = DIRECTION ( 'NONE',  ( 1.000000000000000000, 0.000000000000000000, 0.000000000000000000 ) ) ;
#1252 =( NAMED_UNIT ( * ) SI_UNIT ( $, .STERADIAN. ) SOLID_ANGLE_UNIT ( ) );
#1253 = EDGE_CURVE ( 'NONE', #2418, #155, #616, .T. ) ;
#1254 = PRESENTATION_STYLE_ASSIGNMENT (( #2577 ) ) ;
#1255 = ORIENTED_EDGE ( 'NONE', *, *, #2229, .F. ) ;
#1256 = LINE ( 'NONE', #4411, #1284 ) ;
#1257 = SURFACE_STYLE_FILL_AREA ( #2989 ) ;
#1258 = EDGE_CURVE ( 'NONE', #531, #4089, #3792, .T. ) ;
#1259 = ORIENTED_EDGE ( 'NONE', *, *, #900, .F. ) ;
#1260 = EDGE_LOOP ( 'NONE', ( #65, #2257, #740, #1039 ) ) ;
#1261 = LINE ( 'NONE', #268, #4148 ) ;
#1262 = FILL_AREA_STYLE_COLOUR ( '', #1949 ) ;
#1263 = FILL_AREA_STYLE ('',( #2278 ) ) ;
#1264 = DIRECTION ( 'NONE',  ( -0.000000000000000000, 1.000000000000000000, 0.000000000000000000 ) ) ;
#1265 = ORIENTED_EDGE ( 'NONE', *, *, #365, .F. ) ;
#1266 =( LENGTH_UNIT ( ) NAMED_UNIT ( * ) SI_UNIT ( .MILLI., .METRE. ) );
#1267 = SURFACE_STYLE_USAGE ( .BOTH. , #164 ) ;
#1268 = EDGE_CURVE ( 'NONE', #2463, #1616, #2689, .T. ) ;
#1269 =( NAMED_UNIT ( * ) SI_UNIT ( $, .STERADIAN. ) SOLID_ANGLE_UNIT ( ) );
#1270 = SPHERICAL_SURFACE ( 'NONE', #3832, 0.04000000000000000777 ) ;
#1271 = CLOSED_SHELL ( 'NONE', ( #158, #2575, #2620, #2504, #108, #1627, #1573, #3326, #2549, #4080, #2164, #2866, #426, #2049, #1544, #2753, #3155, #1872 ) ) ;
#1272 =( LENGTH_UNIT ( ) NAMED_UNIT ( * ) SI_UNIT ( .MILLI., .METRE. ) );
#1273 = ORIENTED_EDGE ( 'NONE', *, *, #2220, .T. ) ;
#1274 = PRESENTATION_STYLE_ASSIGNMENT (( #1676 ) ) ;
#1275 = MECHANICAL_DESIGN_GEOMETRIC_PRESENTATION_REPRESENTATION (  '', ( #1870 ), #2015 ) ;
#1276 = ORIENTED_EDGE ( 'NONE', *, *, #3537, .T. ) ;
#1277 = COLOUR_RGB ( '',0.7254901960784313486, 0.6666666666666666297, 0.6509803921568627638 ) ;
#1278 = CARTESIAN_POINT ( 'NONE',  ( -0.4050000000000000266, -0.5700000000000001732, 0.000000000000000000 ) ) ;
#1279 = UNCERTAINTY_MEASURE_WITH_UNIT (LENGTH_MEASURE( 1.000000000000000082E-05 ), #2961, 'distance_accuracy_value', 'NONE');
#1280 = MANIFOLD_SOLID_BREP ( 'Fillet4', #2012 ) ;
#1281 = DIRECTION ( 'NONE',  ( -1.000000000000000000, 0.000000000000000000, 0.000000000000000000 ) ) ;
#1282 = PRESENTATION_STYLE_ASSIGNMENT (( #611 ) ) ;
#1283 = CIRCLE ( 'NONE', #4479, 0.03999999999999999389 ) ;
#1284 = VECTOR ( 'NONE', #4043, 1000.000000000000000 ) ;
#1285 = ORIENTED_EDGE ( 'NONE', *, *, #1134, .F. ) ;
#1286 = DIRECTION ( 'NONE',  ( 1.000000000000000000, 0.000000000000000000, 0.000000000000000000 ) ) ;
#1287 = STYLED_ITEM ( 'NONE', ( #4158 ), #1981 ) ;
#1288 = MECHANICAL_DESIGN_GEOMETRIC_PRESENTATION_REPRESENTATION (  '', ( #3457 ), #847 ) ;
#1289 =( NAMED_UNIT ( * ) PLANE_ANGLE_UNIT ( ) SI_UNIT ( $, .RADIAN. ) );
#1290 = CIRCLE ( 'NONE', #855, 0.03999999999999999389 ) ;
#1291 = CARTESIAN_POINT ( 'NONE',  ( 1.560000000000000275, 0.7599999999999998979, 0.4299999999999999933 ) ) ;
#1292 = VECTOR ( 'NONE', #4447, 1000.000000000000000 ) ;
#1293 =( NAMED_UNIT ( * ) SI_UNIT ( $, .STERADIAN. ) SOLID_ANGLE_UNIT ( ) );
#1294 = LINE ( 'NONE', #2697, #115 ) ;
#1295 = COLOUR_RGB ( '',0.7529411764705882248, 0.7529411764705882248, 0.7529411764705882248 ) ;
#1296 = PLANE ( 'NONE',  #496 ) ;
#1297 = EDGE_LOOP ( 'NONE', ( #3179, #2077, #3146, #577 ) ) ;
#1298 = LINE ( 'NONE', #2065, #592 ) ;
#1299 = MECHANICAL_DESIGN_GEOMETRIC_PRESENTATION_REPRESENTATION (  '', ( #3325 ), #1890 ) ;
#1300 = LINE ( 'NONE', #202, #4403 ) ;
#1301 = CARTESIAN_POINT ( 'NONE',  ( 1.560000000000000275, 0.7599999999999998979, -0.4299999999999999933 ) ) ;
#1302 = AXIS2_PLACEMENT_3D ( 'NONE', #1197, #802, #3538 ) ;
#1303 = ORIENTED_EDGE ( 'NONE', *, *, #1712, .T. ) ;
#1304 =( GEOMETRIC_REPRESENTATION_CONTEXT ( 3 ) GLOBAL_UNCERTAINTY_ASSIGNED_CONTEXT ( ( #2391 ) ) GLOBAL_UNIT_ASSIGNED_CONTEXT ( ( #2785, #2063, #3113 ) ) REPRESENTATION_CONTEXT ( 'NONE', 'WORKASPACE' ) );
#1305 = DIRECTION ( 'NONE',  ( -0.000000000000000000, 1.000000000000000000, 0.000000000000000000 ) ) ;
#1306 = CARTESIAN_POINT ( 'NONE',  ( -0.4050000000000000266, -0.5700000000000001732, -0.4699999999999999734 ) ) ;
#1307 = VECTOR ( 'NONE', #58, 1000.000000000000000 ) ;
#1308 = ORIENTED_EDGE ( 'NONE', *, *, #3788, .T. ) ;
#1309 = ADVANCED_FACE ( 'NONE', ( #3882 ), #3536, .T. ) ;
#1310 =( GEOMETRIC_REPRESENTATION_CONTEXT ( 3 ) GLOBAL_UNCERTAINTY_ASSIGNED_CONTEXT ( ( #3224 ) ) GLOBAL_UNIT_ASSIGNED_CONTEXT ( ( #671, #4120, #294 ) ) REPRESENTATION_CONTEXT ( 'NONE', 'WORKASPACE' ) );
#1311 = LINE ( 'NONE', #1666, #4484 ) ;
#1312 = PRESENTATION_STYLE_ASSIGNMENT (( #1600 ) ) ;
#1313 = STYLED_ITEM ( 'NONE', ( #1210 ), #4328 ) ;
#1314 = MECHANICAL_DESIGN_GEOMETRIC_PRESENTATION_REPRESENTATION (  '', ( #3993 ), #1462 ) ;
#1315 = DIRECTION ( 'NONE',  ( 0.000000000000000000, -1.000000000000000000, -0.000000000000000000 ) ) ;
#1316 = AXIS2_PLACEMENT_3D ( 'NONE', #1938, #787, #3968 ) ;
#1317 = STYLED_ITEM ( 'NONE', ( #1179 ), #3685 ) ;
#1318 =( NAMED_UNIT ( * ) PLANE_ANGLE_UNIT ( ) SI_UNIT ( $, .RADIAN. ) );
#1319 = LINE ( 'NONE', #3405, #362 ) ;
#1320 = ADVANCED_FACE ( 'NONE', ( #3195 ), #3957, .F. ) ;
#1321 = FACE_OUTER_BOUND ( 'NONE', #1202, .T. ) ;
#1322 = FILL_AREA_STYLE ('',( #4183 ) ) ;
#1323 = CARTESIAN_POINT ( 'NONE',  ( -1.089999999999999858, 0.7599999999999998979, -0.4299999999999999933 ) ) ;
#1324 = AXIS2_PLACEMENT_3D ( 'NONE', #3171, #694, #52 ) ;
#1325 = ORIENTED_EDGE ( 'NONE', *, *, #3723, .T. ) ;
#1326 = DIRECTION ( 'NONE',  ( 0.000000000000000000, 0.000000000000000000, 1.000000000000000000 ) ) ;
#1327 = SURFACE_STYLE_FILL_AREA ( #2996 ) ;
#1328 = MANIFOLD_SOLID_BREP ( 'Fillet2', #4464 ) ;
#1329 = FILL_AREA_STYLE ('',( #1350 ) ) ;
#1330 = ORIENTED_EDGE ( 'NONE', *, *, #4420, .T. ) ;
#1331 = DIRECTION ( 'NONE',  ( 0.000000000000000000, 0.000000000000000000, 1.000000000000000000 ) ) ;
#1332 = DIRECTION ( 'NONE',  ( -1.000000000000000000, -0.000000000000000000, -0.000000000000000000 ) ) ;
#1333 =( NAMED_UNIT ( * ) PLANE_ANGLE_UNIT ( ) SI_UNIT ( $, .RADIAN. ) );
#1334 = MANIFOLD_SOLID_BREP ( 'Fillet3', #1052 ) ;
#1335 = FILL_AREA_STYLE ('',( #653 ) ) ;
#1336 = EDGE_CURVE ( 'NONE', #3169, #2268, #1957, .T. ) ;
#1337 = SHAPE_DEFINITION_REPRESENTATION ( #3333, #505 ) ;
#1338 = EDGE_CURVE ( 'NONE', #155, #1050, #1817, .T. ) ;
#1339 = DIRECTION ( 'NONE',  ( -0.000000000000000000, -0.000000000000000000, 1.000000000000000000 ) ) ;
#1340 = SURFACE_SIDE_STYLE ('',( #1763 ) ) ;
#1341 = ORIENTED_EDGE ( 'NONE', *, *, #4349, .F. ) ;
#1342 = CARTESIAN_POINT ( 'NONE',  ( 0.4050000000000000266, -4.404571325722362379E-17, 0.3899999999999999578 ) ) ;
#1343 = SURFACE_SIDE_STYLE ('',( #1995 ) ) ;
#1344 = CARTESIAN_POINT ( 'NONE',  ( 0.4050000000000000266, 0.7599999999999998979, -0.4699999999999999734 ) ) ;
#1345 = EDGE_LOOP ( 'NONE', ( #2042, #672, #2074, #1636 ) ) ;
#1346 = AXIS2_PLACEMENT_3D ( 'NONE', #2006, #1728, #2449 ) ;
#1347 = DIRECTION ( 'NONE',  ( 5.421010862427522959E-15, 1.000000000000000000, 0.000000000000000000 ) ) ;
#1348 = COLOUR_RGB ( '',0.7529411764705882248, 0.7529411764705882248, 0.7529411764705882248 ) ;
#1349 = DIRECTION ( 'NONE',  ( 1.000000000000000000, -0.000000000000000000, 0.000000000000000000 ) ) ;
#1350 = FILL_AREA_STYLE_COLOUR ( '', #3261 ) ;
#1351 = EDGE_LOOP ( 'NONE', ( #3849, #3548, #1922, #3059 ) ) ;
#1352 = DIRECTION ( 'NONE',  ( 0.000000000000000000, 0.000000000000000000, -1.000000000000000000 ) ) ;
#1353 = PRESENTATION_LAYER_ASSIGNMENT (  '', '', ( #4397 ) ) ;
#1354 = LINE ( 'NONE', #3103, #2090 ) ;
#1355 = ADVANCED_FACE ( 'NONE', ( #3321 ), #985, .F. ) ;
#1356 = MECHANICAL_DESIGN_GEOMETRIC_PRESENTATION_REPRESENTATION (  '', ( #3960 ), #200 ) ;
#1357 =( GEOMETRIC_REPRESENTATION_CONTEXT ( 3 ) GLOBAL_UNCERTAINTY_ASSIGNED_CONTEXT ( ( #373 ) ) GLOBAL_UNIT_ASSIGNED_CONTEXT ( ( #1717, #640, #2086 ) ) REPRESENTATION_CONTEXT ( 'NONE', 'WORKASPACE' ) );
#1358 = FACE_OUTER_BOUND ( 'NONE', #2393, .T. ) ;
#1359 = SURFACE_SIDE_STYLE ('',( #3465 ) ) ;
#1360 = MECHANICAL_DESIGN_GEOMETRIC_PRESENTATION_REPRESENTATION (  '', ( #2749 ), #995 ) ;
#1361 =( GEOMETRIC_REPRESENTATION_CONTEXT ( 3 ) GLOBAL_UNCERTAINTY_ASSIGNED_CONTEXT ( ( #1566 ) ) GLOBAL_UNIT_ASSIGNED_CONTEXT ( ( #4381, #237, #1269 ) ) REPRESENTATION_CONTEXT ( 'NONE', 'WORKASPACE' ) );
#1362 = UNCERTAINTY_MEASURE_WITH_UNIT (LENGTH_MEASURE( 1.000000000000000082E-05 ), #1760, 'distance_accuracy_value', 'NONE');
#1363 = CARTESIAN_POINT ( 'NONE',  ( -0.4050000000000000266, 0.000000000000000000, -0.4699999999999999734 ) ) ;
#1364 =( NAMED_UNIT ( * ) PLANE_ANGLE_UNIT ( ) SI_UNIT ( $, .RADIAN. ) );
#1365 = AXIS2_PLACEMENT_3D ( 'NONE', #2720, #3815, #2384 ) ;
#1366 = DIRECTION ( 'NONE',  ( -1.000000000000000000, -0.000000000000000000, -0.000000000000000000 ) ) ;
#1367 = EDGE_LOOP ( 'NONE', ( #1826, #2314, #1614 ) ) ;
#1368 =( GEOMETRIC_REPRESENTATION_CONTEXT ( 3 ) GLOBAL_UNCERTAINTY_ASSIGNED_CONTEXT ( ( #2625 ) ) GLOBAL_UNIT_ASSIGNED_CONTEXT ( ( #1869, #1524, #773 ) ) REPRESENTATION_CONTEXT ( 'NONE', 'WORKASPACE' ) );
#1369 =( NAMED_UNIT ( * ) PLANE_ANGLE_UNIT ( ) SI_UNIT ( $, .RADIAN. ) );
#1370 = SURFACE_STYLE_USAGE ( .BOTH. , #1926 ) ;
#1371 = UNCERTAINTY_MEASURE_WITH_UNIT (LENGTH_MEASURE( 1.000000000000000082E-05 ), #971, 'distance_accuracy_value', 'NONE');
#1372 = UNCERTAINTY_MEASURE_WITH_UNIT (LENGTH_MEASURE( 1.000000000000000082E-05 ), #208, 'distance_accuracy_value', 'NONE');
#1373 = EDGE_CURVE ( 'NONE', #2663, #2418, #2031, .T. ) ;
#1374 = COLOUR_RGB ( '',0.7529411764705882248, 0.7529411764705882248, 0.7529411764705882248 ) ;
#1375 = FILL_AREA_STYLE_COLOUR ( '', #1977 ) ;
#1376 = ORIENTED_EDGE ( 'NONE', *, *, #3644, .F. ) ;
#1377 = ORIENTED_EDGE ( 'NONE', *, *, #1163, .F. ) ;
#1378 = EDGE_CURVE ( 'NONE', #3949, #1518, #3875, .T. ) ;
#1379 = ADVANCED_FACE ( 'NONE', ( #3186 ), #2793, .T. ) ;
#1380 = PRESENTATION_LAYER_ASSIGNMENT (  '', '', ( #3325 ) ) ;
#1381 = FILL_AREA_STYLE_COLOUR ( '', #1598 ) ;
#1382 = ORIENTED_EDGE ( 'NONE', *, *, #1996, .T. ) ;
#1383 = COLOUR_RGB ( '',0.7529411764705882248, 0.7529411764705882248, 0.7529411764705882248 ) ;
#1384 = DIRECTION ( 'NONE',  ( -0.000000000000000000, 0.000000000000000000, -1.000000000000000000 ) ) ;
#1385 = UNCERTAINTY_MEASURE_WITH_UNIT (LENGTH_MEASURE( 1.000000000000000082E-05 ), #4086, 'distance_accuracy_value', 'NONE');
#1386 = DIRECTION ( 'NONE',  ( 0.000000000000000000, 0.000000000000000000, -1.000000000000000000 ) ) ;
#1387 = MECHANICAL_DESIGN_GEOMETRIC_PRESENTATION_REPRESENTATION (  '', ( #3329 ), #2045 ) ;
#1388 =( NAMED_UNIT ( * ) PLANE_ANGLE_UNIT ( ) SI_UNIT ( $, .RADIAN. ) );
#1389 = DIRECTION ( 'NONE',  ( -1.000000000000000000, -0.000000000000000000, -0.000000000000000000 ) ) ;
#1390 = AXIS2_PLACEMENT_3D ( 'NONE', #232, #1640, #2046 ) ;
#1391 = DIRECTION ( 'NONE',  ( 1.000000000000000000, -0.000000000000000000, -0.000000000000000000 ) ) ;
#1392 = SURFACE_STYLE_FILL_AREA ( #22 ) ;
#1393 =( GEOMETRIC_REPRESENTATION_CONTEXT ( 3 ) GLOBAL_UNCERTAINTY_ASSIGNED_CONTEXT ( ( #1372 ) ) GLOBAL_UNIT_ASSIGNED_CONTEXT ( ( #208, #1680, #3983 ) ) REPRESENTATION_CONTEXT ( 'NONE', 'WORKASPACE' ) );
#1394 = COLOUR_RGB ( '',0.7254901960784313486, 0.6666666666666666297, 0.6509803921568627638 ) ;
#1395 = LINE ( 'NONE', #354, #3532 ) ;
#1396 = DIRECTION ( 'NONE',  ( 0.000000000000000000, -1.000000000000000000, 0.000000000000000000 ) ) ;
#1397 = LINE ( 'NONE', #2442, #3674 ) ;
#1398 = FILL_AREA_STYLE ('',( #358 ) ) ;
#1399 = EDGE_CURVE ( 'NONE', #1187, #109, #1077, .T. ) ;
#1400 = PRESENTATION_LAYER_ASSIGNMENT (  '', '', ( #2060 ) ) ;
#1401 = ORIENTED_EDGE ( 'NONE', *, *, #1268, .F. ) ;
#1402 = ORIENTED_EDGE ( 'NONE', *, *, #3907, .F. ) ;
#1403 = DIRECTION ( 'NONE',  ( 0.000000000000000000, -1.000000000000000000, 0.000000000000000000 ) ) ;
#1404 = EDGE_CURVE ( 'NONE', #4243, #2663, #741, .T. ) ;
#1405 = AXIS2_PLACEMENT_3D ( 'NONE', #4462, #3505, #1352 ) ;
#1406 = CARTESIAN_POINT ( 'NONE',  ( 0.4050000000000000266, 0.7599999999999998979, -0.4299999999999999933 ) ) ;
#1407 = ORIENTED_EDGE ( 'NONE', *, *, #571, .T. ) ;
#1408 =( NAMED_UNIT ( * ) SI_UNIT ( $, .STERADIAN. ) SOLID_ANGLE_UNIT ( ) );
#1409 = LINE ( 'NONE', #3837, #1743 ) ;
#1410 = SURFACE_SIDE_STYLE ('',( #2451 ) ) ;
#1411 = UNCERTAINTY_MEASURE_WITH_UNIT (LENGTH_MEASURE( 1.000000000000000082E-05 ), #2284, 'distance_accuracy_value', 'NONE');
#1412 = CARTESIAN_POINT ( 'NONE',  ( -0.4050000000000000266, 0.000000000000000000, -0.4699999999999999734 ) ) ;
#1413 = CARTESIAN_POINT ( 'NONE',  ( 0.4050000000000000266, 0.000000000000000000, -0.3899999999999999578 ) ) ;
#1414 = EDGE_CURVE ( 'NONE', #3833, #713, #998, .T. ) ;
#1415 = FILL_AREA_STYLE ('',( #2822 ) ) ;
#1416 = EDGE_LOOP ( 'NONE', ( #3364, #1208, #4230 ) ) ;
#1417 = CARTESIAN_POINT ( 'NONE',  ( 0.000000000000000000, -0.8000000000000001554, 0.4699999999999999734 ) ) ;
#1418 = CARTESIAN_POINT ( 'NONE',  ( -0.4050000000000000266, 0.000000000000000000, 0.000000000000000000 ) ) ;
#1419 = VERTEX_POINT ( 'NONE', #3150 ) ;
#1420 = ORIENTED_EDGE ( 'NONE', *, *, #4014, .F. ) ;
#1421 = DIRECTION ( 'NONE',  ( -0.000000000000000000, 1.000000000000000000, -0.000000000000000000 ) ) ;
#1422 = DIRECTION ( 'NONE',  ( 1.000000000000000000, 0.000000000000000000, -0.000000000000000000 ) ) ;
#1423 = ORIENTED_EDGE ( 'NONE', *, *, #2163, .T. ) ;
#1424 = SURFACE_SIDE_STYLE ('',( #673 ) ) ;
#1425 = DIRECTION ( 'NONE',  ( 0.000000000000000000, 0.000000000000000000, 1.000000000000000000 ) ) ;
#1426 = COLOUR_RGB ( '',0.7529411764705882248, 0.7529411764705882248, 0.7529411764705882248 ) ;
#1427 = UNCERTAINTY_MEASURE_WITH_UNIT (LENGTH_MEASURE( 1.000000000000000082E-05 ), #2642, 'distance_accuracy_value', 'NONE');
#1428 = DIRECTION ( 'NONE',  ( 0.000000000000000000, 1.000000000000000000, 1.129377263005734114E-16 ) ) ;
#1429 = COLOUR_RGB ( '',0.7529411764705882248, 0.7529411764705882248, 0.7529411764705882248 ) ;
#1430 = SURFACE_STYLE_FILL_AREA ( #2277 ) ;
#1431 = COLOUR_RGB ( '',0.7529411764705882248, 0.7529411764705882248, 0.7529411764705882248 ) ;
#1432 = PRESENTATION_STYLE_ASSIGNMENT (( #3578 ) ) ;
#1433 = DIRECTION ( 'NONE',  ( -1.000000000000000000, 0.000000000000000000, -0.000000000000000000 ) ) ;
#1434 = CARTESIAN_POINT ( 'NONE',  ( 1.090000000000000080, -0.7600000000000001199, 0.4699999999999999734 ) ) ;
#1435 = PRESENTATION_LAYER_ASSIGNMENT (  '', '', ( #3900 ) ) ;
#1436 = EDGE_LOOP ( 'NONE', ( #2161, #2794, #270, #1542 ) ) ;
#1437 = DIRECTION ( 'NONE',  ( -0.000000000000000000, -0.000000000000000000, 1.000000000000000000 ) ) ;
#1438 = LINE ( 'NONE', #2509, #2472 ) ;
#1439 = MECHANICAL_DESIGN_GEOMETRIC_PRESENTATION_REPRESENTATION (  '', ( #934 ), #4331 ) ;
#1440 = AXIS2_PLACEMENT_3D ( 'NONE', #3136, #20, #4176 ) ;
#1441 = PLANE ( 'NONE',  #4489 ) ;
#1442 = VERTEX_POINT ( 'NONE', #2446 ) ;
#1444 = VERTEX_POINT ( 'NONE', #4117 ) ;
#1443 = MECHANICAL_DESIGN_GEOMETRIC_PRESENTATION_REPRESENTATION (  '', ( #3834 ), #1520 ) ;
#1445 = DIRECTION ( 'NONE',  ( 0.000000000000000000, 1.000000000000000000, 0.000000000000000000 ) ) ;
#1446 = VECTOR ( 'NONE', #763, 1000.000000000000000 ) ;
#1447 = DIRECTION ( 'NONE',  ( 1.000000000000000000, 0.000000000000000000, -0.000000000000000000 ) ) ;
#1448 = DIRECTION ( 'NONE',  ( 1.000000000000000000, -0.000000000000000000, -0.000000000000000000 ) ) ;
#1449 = ORIENTED_EDGE ( 'NONE', *, *, #181, .T. ) ;
#1450 = CARTESIAN_POINT ( 'NONE',  ( -1.560000000000000053, 0.7599999999999998979, -0.4299999999999999933 ) ) ;
#1451 = PRESENTATION_LAYER_ASSIGNMENT (  '', '', ( #3473 ) ) ;
#1452 = CARTESIAN_POINT ( 'NONE',  ( 0.000000000000000000, 0.7599999999999998979, 0.4299999999999999933 ) ) ;
#1453 = EDGE_CURVE ( 'NONE', #2790, #1155, #2836, .T. ) ;
#1454 = AXIS2_PLACEMENT_3D ( 'NONE', #3197, #2201, #64 ) ;
#1455 = DIRECTION ( 'NONE',  ( 1.355252715606880789E-16, -1.000000000000000000, 0.000000000000000000 ) ) ;
#1456 =( GEOMETRIC_REPRESENTATION_CONTEXT ( 3 ) GLOBAL_UNCERTAINTY_ASSIGNED_CONTEXT ( ( #3094 ) ) GLOBAL_UNIT_ASSIGNED_CONTEXT ( ( #3352, #1629, #1987 ) ) REPRESENTATION_CONTEXT ( 'NONE', 'WORKASPACE' ) );
#1457 = SURFACE_SIDE_STYLE ('',( #468 ) ) ;
#1458 = STYLED_ITEM ( 'NONE', ( #2729 ), #3079 ) ;
#1459 = ORIENTED_EDGE ( 'NONE', *, *, #2564, .F. ) ;
#1460 = PRESENTATION_STYLE_ASSIGNMENT (( #3565 ) ) ;
#1461 = CARTESIAN_POINT ( 'NONE',  ( -0.4050000000000000266, 0.5700000000000001732, -0.4699999999999999734 ) ) ;
#1462 =( GEOMETRIC_REPRESENTATION_CONTEXT ( 3 ) GLOBAL_UNCERTAINTY_ASSIGNED_CONTEXT ( ( #1694 ) ) GLOBAL_UNIT_ASSIGNED_CONTEXT ( ( #2527, #4166, #3848 ) ) REPRESENTATION_CONTEXT ( 'NONE', 'WORKASPACE' ) );
#1463 =( NAMED_UNIT ( * ) PLANE_ANGLE_UNIT ( ) SI_UNIT ( $, .RADIAN. ) );
#1464 = SURFACE_SIDE_STYLE ('',( #2830 ) ) ;
#1465 = EDGE_CURVE ( 'NONE', #3504, #311, #4483, .T. ) ;
#1466 = PRESENTATION_STYLE_ASSIGNMENT (( #1813 ) ) ;
#1467 = ORIENTED_EDGE ( 'NONE', *, *, #3073, .F. ) ;
#1468 = AXIS2_PLACEMENT_3D ( 'NONE', #312, #2044, #291 ) ;
#1469 = VECTOR ( 'NONE', #3494, 1000.000000000000000 ) ;
#1470 = ORIENTED_EDGE ( 'NONE', *, *, #1513, .T. ) ;
#1471 = SURFACE_STYLE_USAGE ( .BOTH. , #3651 ) ;
#1472 = DIRECTION ( 'NONE',  ( 0.000000000000000000, 0.000000000000000000, -1.000000000000000000 ) ) ;
#1473 = AXIS2_PLACEMENT_3D ( 'NONE', #1492, #1222, #762 ) ;
#1474 = EDGE_CURVE ( 'NONE', #1820, #920, #3481, .T. ) ;
#1475 = VERTEX_POINT ( 'NONE', #4216 ) ;
#1476 = CARTESIAN_POINT ( 'NONE',  ( 0.4050000000000000266, 0.000000000000000000, -0.4699999999999999734 ) ) ;
#1477 = MECHANICAL_DESIGN_GEOMETRIC_PRESENTATION_REPRESENTATION (  '', ( #591 ), #2145 ) ;
#1478 = EDGE_CURVE ( 'NONE', #3128, #2482, #2746, .T. ) ;
#1479 = UNCERTAINTY_MEASURE_WITH_UNIT (LENGTH_MEASURE( 1.000000000000000082E-05 ), #552, 'distance_accuracy_value', 'NONE');
#1480 = CARTESIAN_POINT ( 'NONE',  ( -1.560000000000000053, -0.7600000000000001199, -0.4299999999999999933 ) ) ;
#1481 = ORIENTED_EDGE ( 'NONE', *, *, #4417, .T. ) ;
#1482 = FILL_AREA_STYLE ('',( #3559 ) ) ;
#1483 = SURFACE_STYLE_FILL_AREA ( #2545 ) ;
#1484 = LINE ( 'NONE', #3843, #146 ) ;
#1485 = EDGE_LOOP ( 'NONE', ( #3731, #621, #3526, #2491 ) ) ;
#1486 =( NAMED_UNIT ( * ) SI_UNIT ( $, .STERADIAN. ) SOLID_ANGLE_UNIT ( ) );
#1487 =( NAMED_UNIT ( * ) SI_UNIT ( $, .STERADIAN. ) SOLID_ANGLE_UNIT ( ) );
#1488 = SURFACE_STYLE_USAGE ( .BOTH. , #3974 ) ;
#1489 = FILL_AREA_STYLE_COLOUR ( '', #3857 ) ;
#1490 = EDGE_LOOP ( 'NONE', ( #4094, #4141, #12, #393 ) ) ;
#1491 = ORIENTED_EDGE ( 'NONE', *, *, #1258, .F. ) ;
#1492 = CARTESIAN_POINT ( 'NONE',  ( -0.4050000000000000266, 0.7599999999999998979, -0.4299999999999999933 ) ) ;
#1493 = CYLINDRICAL_SURFACE ( 'NONE', #412, 0.03999999999999999389 ) ;
#1494 = CARTESIAN_POINT ( 'NONE',  ( 0.4050000000000000266, -0.7600000000000001199, -0.4699999999999999734 ) ) ;
#1495 = ORIENTED_EDGE ( 'NONE', *, *, #4394, .F. ) ;
#1496 = CARTESIAN_POINT ( 'NONE',  ( 0.4050000000000000266, 0.7999999999999999334, 0.000000000000000000 ) ) ;
#1497 =( NAMED_UNIT ( * ) PLANE_ANGLE_UNIT ( ) SI_UNIT ( $, .RADIAN. ) );
#1498 = SURFACE_SIDE_STYLE ('',( #3919 ) ) ;
#1499 = VERTEX_POINT ( 'NONE', #1778 ) ;
#1500 = PRESENTATION_LAYER_ASSIGNMENT (  '', '', ( #2458 ) ) ;
#1501 = EDGE_CURVE ( 'NONE', #737, #3713, #2960, .T. ) ;
#1502 = VECTOR ( 'NONE', #2227, 1000.000000000000000 ) ;
#1503 =( NAMED_UNIT ( * ) PLANE_ANGLE_UNIT ( ) SI_UNIT ( $, .RADIAN. ) );
#1504 = DIRECTION ( 'NONE',  ( 0.000000000000000000, 0.000000000000000000, -1.000000000000000000 ) ) ;
#1505 = PRESENTATION_LAYER_ASSIGNMENT (  '', '', ( #4255 ) ) ;
#1506 = PLANE ( 'NONE',  #2476 ) ;
#1507 = DIRECTION ( 'NONE',  ( 0.000000000000000000, 0.000000000000000000, 1.000000000000000000 ) ) ;
#1508 = LINE ( 'NONE', #781, #4327 ) ;
#1509 =( NAMED_UNIT ( * ) PLANE_ANGLE_UNIT ( ) SI_UNIT ( $, .RADIAN. ) );
#1510 =( GEOMETRIC_REPRESENTATION_CONTEXT ( 3 ) GLOBAL_UNCERTAINTY_ASSIGNED_CONTEXT ( ( #1479 ) ) GLOBAL_UNIT_ASSIGNED_CONTEXT ( ( #552, #3383, #620 ) ) REPRESENTATION_CONTEXT ( 'NONE', 'WORKASPACE' ) );
#1511 =( NAMED_UNIT ( * ) SI_UNIT ( $, .STERADIAN. ) SOLID_ANGLE_UNIT ( ) );
#1512 = ORIENTED_EDGE ( 'NONE', *, *, #3883, .F. ) ;
#1513 = EDGE_CURVE ( 'NONE', #4251, #2445, #3377, .T. ) ;
#1514 = VERTEX_POINT ( 'NONE', #4278 ) ;
#1515 = CIRCLE ( 'NONE', #1664, 0.03999999999999999389 ) ;
#1516 = LINE ( 'NONE', #3978, #2240 ) ;
#1517 =( LENGTH_UNIT ( ) NAMED_UNIT ( * ) SI_UNIT ( .MILLI., .METRE. ) );
#1518 = VERTEX_POINT ( 'NONE', #4305 ) ;
#1519 = EDGE_CURVE ( 'NONE', #3183, #3612, #1861, .T. ) ;
#1520 =( GEOMETRIC_REPRESENTATION_CONTEXT ( 3 ) GLOBAL_UNCERTAINTY_ASSIGNED_CONTEXT ( ( #874 ) ) GLOBAL_UNIT_ASSIGNED_CONTEXT ( ( #3282, #1289, #1568 ) ) REPRESENTATION_CONTEXT ( 'NONE', 'WORKASPACE' ) );
#1521 = UNCERTAINTY_MEASURE_WITH_UNIT (LENGTH_MEASURE( 1.000000000000000082E-05 ), #3626, 'distance_accuracy_value', 'NONE');
#1522 = DIRECTION ( 'NONE',  ( -0.000000000000000000, -0.000000000000000000, -1.000000000000000000 ) ) ;
#1523 = DIRECTION ( 'NONE',  ( 1.000000000000000000, 2.710505431213760099E-16, -0.000000000000000000 ) ) ;
#1524 =( NAMED_UNIT ( * ) PLANE_ANGLE_UNIT ( ) SI_UNIT ( $, .RADIAN. ) );
#1525 = COLOUR_RGB ( '',0.7529411764705882248, 0.7529411764705882248, 0.7529411764705882248 ) ;
#1526 =( NAMED_UNIT ( * ) PLANE_ANGLE_UNIT ( ) SI_UNIT ( $, .RADIAN. ) );
#1527 = LINE ( 'NONE', #4269, #3712 ) ;
#1528 = PRESENTATION_LAYER_ASSIGNMENT (  '', '', ( #1607 ) ) ;
#1529 = CARTESIAN_POINT ( 'NONE',  ( -0.4050000000000000266, 0.7999999999999999334, -0.4299999999999999933 ) ) ;
#1530 = FILL_AREA_STYLE ('',( #1939 ) ) ;
#1531 = SURFACE_SIDE_STYLE ('',( #2525 ) ) ;
#1532 = AXIS2_PLACEMENT_3D ( 'NONE', #1668, #540, #19 ) ;
#1533 = ORIENTED_EDGE ( 'NONE', *, *, #778, .F. ) ;
#1534 = COLOUR_RGB ( '',0.7529411764705882248, 0.7529411764705882248, 0.7529411764705882248 ) ;
#1535 = LINE ( 'NONE', #1183, #2953 ) ;
#1536 = DIRECTION ( 'NONE',  ( -1.000000000000000000, 0.000000000000000000, -0.000000000000000000 ) ) ;
#1537 = DIRECTION ( 'NONE',  ( 0.000000000000000000, -1.000000000000000000, -0.000000000000000000 ) ) ;
#1538 = AXIS2_PLACEMENT_3D ( 'NONE', #3123, #4437, #1326 ) ;
#1539 = PRESENTATION_LAYER_ASSIGNMENT (  '', '', ( #217 ) ) ;
#1540 = ORIENTED_EDGE ( 'NONE', *, *, #1478, .T. ) ;
#1541 = ADVANCED_FACE ( 'NONE', ( #2190 ), #529, .F. ) ;
#1542 = ORIENTED_EDGE ( 'NONE', *, *, #3444, .T. ) ;
#1543 = CARTESIAN_POINT ( 'NONE',  ( -1.089999999999999858, 0.7599999999999998979, -0.4699999999999999734 ) ) ;
#1544 = ADVANCED_FACE ( 'NONE', ( #3613 ), #440, .T. ) ;
#1545 = VECTOR ( 'NONE', #3994, 1000.000000000000000 ) ;
#1546 = SURFACE_STYLE_USAGE ( .BOTH. , #3642 ) ;
#1547 = CARTESIAN_POINT ( 'NONE',  ( 0.000000000000000000, 0.7599999999999998979, 0.4699999999999999734 ) ) ;
#1548 = VERTEX_POINT ( 'NONE', #841 ) ;
#1549 = MECHANICAL_DESIGN_GEOMETRIC_PRESENTATION_REPRESENTATION (  '', ( #2995 ), #4295 ) ;
#1550 = CARTESIAN_POINT ( 'NONE',  ( -1.089999999999999858, -0.7600000000000001199, -0.4299999999999999933 ) ) ;
#1551 = MECHANICAL_DESIGN_GEOMETRIC_PRESENTATION_REPRESENTATION (  '', ( #4154 ), #964 ) ;
#1552 = CARTESIAN_POINT ( 'NONE',  ( -0.8499999999999997558, 0.1999999999999999833, 0.4699999999999999734 ) ) ;
#1553 =( NAMED_UNIT ( * ) PLANE_ANGLE_UNIT ( ) SI_UNIT ( $, .RADIAN. ) );
#1554 = EDGE_CURVE ( 'NONE', #756, #2894, #74, .T. ) ;
#1555 =( LENGTH_UNIT ( ) NAMED_UNIT ( * ) SI_UNIT ( .MILLI., .METRE. ) );
#1556 = LINE ( 'NONE', #2555, #344 ) ;
#1557 = CARTESIAN_POINT ( 'NONE',  ( -0.4050000000000000266, -0.7600000000000001199, -0.4299999999999999933 ) ) ;
#1558 = ORIENTED_EDGE ( 'NONE', *, *, #913, .T. ) ;
#1559 = SURFACE_SIDE_STYLE ('',( #3933 ) ) ;
#1560 = FACE_OUTER_BOUND ( 'NONE', #3796, .T. ) ;
#1561 = CARTESIAN_POINT ( 'NONE',  ( 0.4050000000000000266, 0.000000000000000000, 0.4699999999999999734 ) ) ;
#1562 = ORIENTED_EDGE ( 'NONE', *, *, #235, .T. ) ;
#1563 = DIRECTION ( 'NONE',  ( 0.000000000000000000, -1.000000000000000000, 0.000000000000000000 ) ) ;
#1564 = CARTESIAN_POINT ( 'NONE',  ( -0.4050000000000000266, -0.5700000000000001732, 0.3899999999999999023 ) ) ;
#1565 = FILL_AREA_STYLE ('',( #3840 ) ) ;
#1566 = UNCERTAINTY_MEASURE_WITH_UNIT (LENGTH_MEASURE( 1.000000000000000082E-05 ), #4381, 'distance_accuracy_value', 'NONE');
#1567 = ORIENTED_EDGE ( 'NONE', *, *, #1582, .T. ) ;
#1568 =( NAMED_UNIT ( * ) SI_UNIT ( $, .STERADIAN. ) SOLID_ANGLE_UNIT ( ) );
#1569 = EDGE_CURVE ( 'NONE', #712, #3269, #3552, .T. ) ;
#1570 = MECHANICAL_DESIGN_GEOMETRIC_PRESENTATION_REPRESENTATION (  '', ( #981 ), #1936 ) ;
#1571 = LINE ( 'NONE', #125, #1545 ) ;
#1572 = SURFACE_STYLE_FILL_AREA ( #859 ) ;
#1573 = ADVANCED_FACE ( 'NONE', ( #809 ), #1493, .T. ) ;
#1574 = LINE ( 'NONE', #219, #3675 ) ;
#1576 = VECTOR ( 'NONE', #823, 1000.000000000000000 ) ;
#1575 = SURFACE_STYLE_FILL_AREA ( #2924 ) ;
#1577 = DIRECTION ( 'NONE',  ( 1.000000000000000000, 0.000000000000000000, -0.000000000000000000 ) ) ;
#1578 = SURFACE_SIDE_STYLE ('',( #3404 ) ) ;
#1579 = FACE_OUTER_BOUND ( 'NONE', #2615, .T. ) ;
#1580 = ORIENTED_EDGE ( 'NONE', *, *, #3665, .T. ) ;
#1581 = MECHANICAL_DESIGN_GEOMETRIC_PRESENTATION_REPRESENTATION (  '', ( #3953 ), #557 ) ;
#1582 = EDGE_CURVE ( 'NONE', #1982, #1809, #1145, .T. ) ;
#1583 = SURFACE_STYLE_USAGE ( .BOTH. , #3339 ) ;
#1584 =( NAMED_UNIT ( * ) SI_UNIT ( $, .STERADIAN. ) SOLID_ANGLE_UNIT ( ) );
#1585 = VECTOR ( 'NONE', #3126, 1000.000000000000000 ) ;
#1586 = SURFACE_SIDE_STYLE ('',( #3294 ) ) ;
#1587 = ORIENTED_EDGE ( 'NONE', *, *, #2317, .T. ) ;
#1588 = VECTOR ( 'NONE', #603, 1000.000000000000000 ) ;
#1589 =( LENGTH_UNIT ( ) NAMED_UNIT ( * ) SI_UNIT ( .MILLI., .METRE. ) );
#1590 = VECTOR ( 'NONE', #2441, 1000.000000000000000 ) ;
#1591 = EDGE_CURVE ( 'NONE', #2802, #3949, #580, .T. ) ;
#1592 =( GEOMETRIC_REPRESENTATION_CONTEXT ( 3 ) GLOBAL_UNCERTAINTY_ASSIGNED_CONTEXT ( ( #1980 ) ) GLOBAL_UNIT_ASSIGNED_CONTEXT ( ( #994, #976, #3421 ) ) REPRESENTATION_CONTEXT ( 'NONE', 'WORKASPACE' ) );
#1593 = CIRCLE ( 'NONE', #335, 0.03999999999999999389 ) ;
#1594 = VERTEX_POINT ( 'NONE', #3057 ) ;
#1595 =( LENGTH_UNIT ( ) NAMED_UNIT ( * ) SI_UNIT ( .MILLI., .METRE. ) );
#1596 = CARTESIAN_POINT ( 'NONE',  ( -0.4050000000000000266, 0.7199999999999999734, -0.3899999999999999578 ) ) ;
#1597 =( GEOMETRIC_REPRESENTATION_CONTEXT ( 3 ) GLOBAL_UNCERTAINTY_ASSIGNED_CONTEXT ( ( #2973 ) ) GLOBAL_UNIT_ASSIGNED_CONTEXT ( ( #2362, #857, #3991 ) ) REPRESENTATION_CONTEXT ( 'NONE', 'WORKASPACE' ) );
#1598 = COLOUR_RGB ( '',0.7254901960784313486, 0.6666666666666666297, 0.6509803921568627638 ) ;
#1599 = CARTESIAN_POINT ( 'NONE',  ( -1.560000000000000053, -0.7600000000000001199, -0.4299999999999999933 ) ) ;
#1600 = SURFACE_STYLE_USAGE ( .BOTH. , #1247 ) ;
#1601 = STYLED_ITEM ( 'NONE', ( #1096 ), #2488 ) ;
#1602 = SURFACE_STYLE_FILL_AREA ( #3650 ) ;
#1603 = EDGE_CURVE ( 'NONE', #2791, #1745, #3340, .T. ) ;
#1604 = DIRECTION ( 'NONE',  ( -1.000000000000000000, -3.952820420520068413E-16, 0.000000000000000000 ) ) ;
#1605 =( LENGTH_UNIT ( ) NAMED_UNIT ( * ) SI_UNIT ( .MILLI., .METRE. ) );
#1606 = FILL_AREA_STYLE_COLOUR ( '', #721 ) ;
#1607 = STYLED_ITEM ( 'NONE', ( #3493 ), #2678 ) ;
#1608 = CARTESIAN_POINT ( 'NONE',  ( -1.089999999999999858, -0.8000000000000001554, 0.4699999999999999734 ) ) ;
#1609 = ORIENTED_EDGE ( 'NONE', *, *, #1233, .F. ) ;
#1610 = CARTESIAN_POINT ( 'NONE',  ( 0.4050000000000000266, -0.7600000000000001199, 0.4699999999999999734 ) ) ;
#1611 = CARTESIAN_POINT ( 'NONE',  ( -0.4050000000000000266, -0.5700000000000001732, -0.4699999999999999734 ) ) ;
#1612 = FILL_AREA_STYLE_COLOUR ( '', #3899 ) ;
#1613 = DIRECTION ( 'NONE',  ( 0.000000000000000000, -0.000000000000000000, 1.000000000000000000 ) ) ;
#1614 = ORIENTED_EDGE ( 'NONE', *, *, #3788, .F. ) ;
#1615 = STYLED_ITEM ( 'NONE', ( #331 ), #3137 ) ;
#1616 = VERTEX_POINT ( 'NONE', #2641 ) ;
#1617 = UNCERTAINTY_MEASURE_WITH_UNIT (LENGTH_MEASURE( 1.000000000000000082E-05 ), #3507, 'distance_accuracy_value', 'NONE');
#1618 = EDGE_CURVE ( 'NONE', #2894, #3783, #3659, .T. ) ;
#1619 = LINE ( 'NONE', #4393, #1000 ) ;
#1620 = VECTOR ( 'NONE', #1021, 1000.000000000000000 ) ;
#1621 =( NAMED_UNIT ( * ) SI_UNIT ( $, .STERADIAN. ) SOLID_ANGLE_UNIT ( ) );
#1622 = ORIENTED_EDGE ( 'NONE', *, *, #984, .F. ) ;
#1623 = CYLINDRICAL_SURFACE ( 'NONE', #511, 0.03999999999999999389 ) ;
#1624 = CARTESIAN_POINT ( 'NONE',  ( -0.4050000000000000266, 0.000000000000000000, -0.3899999999999999578 ) ) ;
#1625 = PRESENTATION_LAYER_ASSIGNMENT (  '', '', ( #1769 ) ) ;
#1626 = STYLED_ITEM ( 'NONE', ( #2505 ), #3610 ) ;
#1627 = ADVANCED_FACE ( 'NONE', ( #4387 ), #1653, .F. ) ;
#1628 = SURFACE_SIDE_STYLE ('',( #1219 ) ) ;
#1629 =( NAMED_UNIT ( * ) PLANE_ANGLE_UNIT ( ) SI_UNIT ( $, .RADIAN. ) );
#1630 = DIRECTION ( 'NONE',  ( 0.000000000000000000, 0.000000000000000000, -1.000000000000000000 ) ) ;
#1631 = COLOUR_RGB ( '',0.7254901960784313486, 0.6666666666666666297, 0.6509803921568627638 ) ;
#1632 = SURFACE_STYLE_USAGE ( .BOTH. , #595 ) ;
#1633 = CARTESIAN_POINT ( 'NONE',  ( -1.560000000000000053, 0.7599999999999998979, 0.4699999999999999734 ) ) ;
#1634 = FILL_AREA_STYLE ('',( #4336 ) ) ;
#1635 = CARTESIAN_POINT ( 'NONE',  ( -0.4050000000000000266, 0.7599999999999998979, 0.4699999999999999734 ) ) ;
#1636 = ORIENTED_EDGE ( 'NONE', *, *, #4211, .F. ) ;
#1637 = SURFACE_STYLE_USAGE ( .BOTH. , #1978 ) ;
#1638 = DIRECTION ( 'NONE',  ( 0.000000000000000000, 0.000000000000000000, -1.000000000000000000 ) ) ;
#1639 =( LENGTH_UNIT ( ) NAMED_UNIT ( * ) SI_UNIT ( .MILLI., .METRE. ) );
#1640 = DIRECTION ( 'NONE',  ( -1.000000000000000000, 0.000000000000000000, 0.000000000000000000 ) ) ;
#1641 = ORIENTED_EDGE ( 'NONE', *, *, #1554, .T. ) ;
#1642 = SURFACE_STYLE_FILL_AREA ( #3693 ) ;
#1643 = FILL_AREA_STYLE_COLOUR ( '', #3418 ) ;
#1644 = FILL_AREA_STYLE_COLOUR ( '', #1073 ) ;
#1645 = CARTESIAN_POINT ( 'NONE',  ( 0.4050000000000000266, -0.5700000000000001732, 0.4699999999999999734 ) ) ;
#1646 = UNCERTAINTY_MEASURE_WITH_UNIT (LENGTH_MEASURE( 1.000000000000000082E-05 ), #453, 'distance_accuracy_value', 'NONE');
#1647 = CARTESIAN_POINT ( 'NONE',  ( -1.089999999999999858, 0.7599999999999998979, 0.4299999999999999933 ) ) ;
#1648 = FILL_AREA_STYLE ('',( #598 ) ) ;
#1649 = ORIENTED_EDGE ( 'NONE', *, *, #3800, .T. ) ;
#1650 = SURFACE_SIDE_STYLE ('',( #617 ) ) ;
#1651 = VECTOR ( 'NONE', #2345, 1000.000000000000000 ) ;
#1652 = PLANE ( 'NONE',  #2169 ) ;
#1653 = PLANE ( 'NONE',  #2814 ) ;
#1654 =( GEOMETRIC_REPRESENTATION_CONTEXT ( 3 ) GLOBAL_UNCERTAINTY_ASSIGNED_CONTEXT ( ( #1801 ) ) GLOBAL_UNIT_ASSIGNED_CONTEXT ( ( #1605, #1105, #4093 ) ) REPRESENTATION_CONTEXT ( 'NONE', 'WORKASPACE' ) );
#1655 = ORIENTED_EDGE ( 'NONE', *, *, #4200, .T. ) ;
#1656 = ORIENTED_EDGE ( 'NONE', *, *, #2392, .F. ) ;
#1657 = SURFACE_STYLE_FILL_AREA ( #533 ) ;
#1658 = PRESENTATION_LAYER_ASSIGNMENT (  '', '', ( #3671 ) ) ;
#1659 = SURFACE_STYLE_USAGE ( .BOTH. , #585 ) ;
#1660 = UNCERTAINTY_MEASURE_WITH_UNIT (LENGTH_MEASURE( 1.000000000000000082E-05 ), #1272, 'distance_accuracy_value', 'NONE');
#1661 = PLANE ( 'NONE',  #3854 ) ;
#1662 = ORIENTED_EDGE ( 'NONE', *, *, #3273, .T. ) ;
#1663 = SURFACE_STYLE_FILL_AREA ( #3001 ) ;
#1664 = AXIS2_PLACEMENT_3D ( 'NONE', #1140, #1577, #3006 ) ;
#1665 = AXIS2_PLACEMENT_3D ( 'NONE', #1671, #1784, #397 ) ;
#1666 = CARTESIAN_POINT ( 'NONE',  ( 0.4050000000000000266, 0.7199999999999999734, 1.000802005371234881E-16 ) ) ;
#1667 = EDGE_CURVE ( 'NONE', #4106, #2790, #3316, .T. ) ;
#1668 = CARTESIAN_POINT ( 'NONE',  ( 0.4050000000000000266, 0.5700000000000001732, 0.000000000000000000 ) ) ;
#1669 = STYLED_ITEM ( 'NONE', ( #1157 ), #2053 ) ;
#1670 = PRESENTATION_STYLE_ASSIGNMENT (( #2653 ) ) ;
#1671 = CARTESIAN_POINT ( 'NONE',  ( 1.560000000000000275, 0.7599999999999998979, -0.4299999999999999933 ) ) ;
#1672 = DIRECTION ( 'NONE',  ( 1.000000000000000000, 0.000000000000000000, 0.000000000000000000 ) ) ;
#1673 = MECHANICAL_DESIGN_GEOMETRIC_PRESENTATION_REPRESENTATION (  '', ( #2693 ), #60 ) ;
#1674 = ORIENTED_EDGE ( 'NONE', *, *, #1137, .F. ) ;
#1675 =( GEOMETRIC_REPRESENTATION_CONTEXT ( 3 ) GLOBAL_UNCERTAINTY_ASSIGNED_CONTEXT ( ( #231 ) ) GLOBAL_UNIT_ASSIGNED_CONTEXT ( ( #3368, #173, #2187 ) ) REPRESENTATION_CONTEXT ( 'NONE', 'WORKASPACE' ) );
#1676 = SURFACE_STYLE_USAGE ( .BOTH. , #4064 ) ;
#1677 = DIRECTION ( 'NONE',  ( 0.000000000000000000, 0.000000000000000000, -1.000000000000000000 ) ) ;
#1678 = VERTEX_POINT ( 'NONE', #204 ) ;
#1679 = ORIENTED_EDGE ( 'NONE', *, *, #3649, .F. ) ;
#1680 =( NAMED_UNIT ( * ) PLANE_ANGLE_UNIT ( ) SI_UNIT ( $, .RADIAN. ) );
#1681 = CARTESIAN_POINT ( 'NONE',  ( 1.090000000000000080, -0.7600000000000001199, -0.4299999999999999933 ) ) ;
#1682 = SURFACE_STYLE_FILL_AREA ( #2159 ) ;
#1683 = ADVANCED_FACE ( 'NONE', ( #4065 ), #963, .T. ) ;
#1684 = CARTESIAN_POINT ( 'NONE',  ( -0.3699999999999996625, -0.2000000000000000111, 0.4699999999999999734 ) ) ;
#1685 = ORIENTED_EDGE ( 'NONE', *, *, #1034, .T. ) ;
#1686 = EDGE_CURVE ( 'NONE', #1928, #4303, #2040, .T. ) ;
#1687 = SURFACE_STYLE_USAGE ( .BOTH. , #2979 ) ;
#1688 = FILL_AREA_STYLE ('',( #273 ) ) ;
#1689 = CIRCLE ( 'NONE', #2205, 0.03999999999999999389 ) ;
#1690 = CARTESIAN_POINT ( 'NONE',  ( -0.4050000000000000266, 0.7199999999999999734, 1.000802005371234881E-16 ) ) ;
#1691 =( LENGTH_UNIT ( ) NAMED_UNIT ( * ) SI_UNIT ( .MILLI., .METRE. ) );
#1692 = MECHANICAL_DESIGN_GEOMETRIC_PRESENTATION_REPRESENTATION (  '', ( #1769 ), #2928 ) ;
#1693 = CARTESIAN_POINT ( 'NONE',  ( -0.4050000000000000266, -0.7600000000000001199, -0.4699999999999999734 ) ) ;
#1694 = UNCERTAINTY_MEASURE_WITH_UNIT (LENGTH_MEASURE( 1.000000000000000082E-05 ), #2527, 'distance_accuracy_value', 'NONE');
#1695 =( NAMED_UNIT ( * ) PLANE_ANGLE_UNIT ( ) SI_UNIT ( $, .RADIAN. ) );
#1696 = CIRCLE ( 'NONE', #3782, 0.03999999999999999389 ) ;
#1697 =( NAMED_UNIT ( * ) SI_UNIT ( $, .STERADIAN. ) SOLID_ANGLE_UNIT ( ) );
#1698 = PRESENTATION_STYLE_ASSIGNMENT (( #4427 ) ) ;
#1699 = AXIS2_PLACEMENT_3D ( 'NONE', #3194, #1132, #3962 ) ;
#1700 = UNCERTAINTY_MEASURE_WITH_UNIT (LENGTH_MEASURE( 1.000000000000000082E-05 ), #1830, 'distance_accuracy_value', 'NONE');
#1701 = ORIENTED_EDGE ( 'NONE', *, *, #1378, .F. ) ;
#1702 = ORIENTED_EDGE ( 'NONE', *, *, #4463, .T. ) ;
#1703 = LINE ( 'NONE', #2809, #2429 ) ;
#1704 = FILL_AREA_STYLE ('',( #1979 ) ) ;
#1705 = VERTEX_POINT ( 'NONE', #3825 ) ;
#1706 = DIRECTION ( 'NONE',  ( 0.000000000000000000, 0.000000000000000000, 1.000000000000000000 ) ) ;
#1707 =( LENGTH_UNIT ( ) NAMED_UNIT ( * ) SI_UNIT ( .MILLI., .METRE. ) );
#1708 = UNCERTAINTY_MEASURE_WITH_UNIT (LENGTH_MEASURE( 1.000000000000000082E-05 ), #2646, 'distance_accuracy_value', 'NONE');
#1709 = PRESENTATION_STYLE_ASSIGNMENT (( #1037 ) ) ;
#1710 = PRESENTATION_STYLE_ASSIGNMENT (( #629 ) ) ;
#1711 = CARTESIAN_POINT ( 'NONE',  ( -1.560000000000000053, -0.7600000000000001199, 0.4299999999999999933 ) ) ;
#1712 = EDGE_CURVE ( 'NONE', #1943, #3343, #4109, .T. ) ;
#1713 = CYLINDRICAL_SURFACE ( 'NONE', #4193, 0.03999999999999999389 ) ;
#1714 = EDGE_CURVE ( 'NONE', #4089, #3813, #1397, .T. ) ;
#1715 = EDGE_CURVE ( 'NONE', #430, #3833, #4186, .T. ) ;
#1716 = LINE ( 'NONE', #1971, #3708 ) ;
#1717 =( LENGTH_UNIT ( ) NAMED_UNIT ( * ) SI_UNIT ( .MILLI., .METRE. ) );
#1718 = FILL_AREA_STYLE ('',( #2724 ) ) ;
#1719 = DIRECTION ( 'NONE',  ( 0.000000000000000000, 0.000000000000000000, 1.000000000000000000 ) ) ;
#1720 = CARTESIAN_POINT ( 'NONE',  ( 0.000000000000000000, 0.7599999999999998979, 0.4299999999999999933 ) ) ;
#1721 = VERTEX_POINT ( 'NONE', #3144 ) ;
#1722 = PRESENTATION_LAYER_ASSIGNMENT (  '', '', ( #3662 ) ) ;
#1723 = ORIENTED_EDGE ( 'NONE', *, *, #1945, .F. ) ;
#1724 = SURFACE_STYLE_FILL_AREA ( #2492 ) ;
#1725 = ORIENTED_EDGE ( 'NONE', *, *, #778, .T. ) ;
#1726 = VECTOR ( 'NONE', #2837, 1000.000000000000000 ) ;
#1727 = EDGE_CURVE ( 'NONE', #892, #4413, #329, .T. ) ;
#1728 = DIRECTION ( 'NONE',  ( -5.646886315028668105E-17, -1.000000000000000000, 0.000000000000000000 ) ) ;
#1729 = PLANE ( 'NONE',  #4486 ) ;
#1730 = MECHANICAL_DESIGN_GEOMETRIC_PRESENTATION_REPRESENTATION (  '', ( #3671 ), #627 ) ;
#1731 = CYLINDRICAL_SURFACE ( 'NONE', #1165, 0.03999999999999999389 ) ;
#1732 = ORIENTED_EDGE ( 'NONE', *, *, #2286, .F. ) ;
#1733 = DIRECTION ( 'NONE',  ( -1.000000000000000000, 0.000000000000000000, -0.000000000000000000 ) ) ;
#1734 =( GEOMETRIC_REPRESENTATION_CONTEXT ( 3 ) GLOBAL_UNCERTAINTY_ASSIGNED_CONTEXT ( ( #3107 ) ) GLOBAL_UNIT_ASSIGNED_CONTEXT ( ( #1224, #1553, #4059 ) ) REPRESENTATION_CONTEXT ( 'NONE', 'WORKASPACE' ) );
#1735 = EDGE_CURVE ( 'NONE', #3472, #2166, #1283, .T. ) ;
#1736 = LINE ( 'NONE', #4129, #1292 ) ;
#1737 = CARTESIAN_POINT ( 'NONE',  ( -0.4050000000000000266, -0.7600000000000001199, 0.4299999999999999933 ) ) ;
#1738 = CARTESIAN_POINT ( 'NONE',  ( -1.560000000000000053, 0.7599999999999998979, -0.4699999999999999734 ) ) ;
#1739 = ADVANCED_FACE ( 'NONE', ( #684 ), #1026, .T. ) ;
#1740 = MECHANICAL_DESIGN_GEOMETRIC_PRESENTATION_REPRESENTATION (  '', ( #1669 ), #2334 ) ;
#1741 =( NAMED_UNIT ( * ) SI_UNIT ( $, .STERADIAN. ) SOLID_ANGLE_UNIT ( ) );
#1742 =( NAMED_UNIT ( * ) SI_UNIT ( $, .STERADIAN. ) SOLID_ANGLE_UNIT ( ) );
#1743 = VECTOR ( 'NONE', #625, 1000.000000000000000 ) ;
#1744 =( NAMED_UNIT ( * ) PLANE_ANGLE_UNIT ( ) SI_UNIT ( $, .RADIAN. ) );
#1745 = VERTEX_POINT ( 'NONE', #4208 ) ;
#1746 = ORIENTED_EDGE ( 'NONE', *, *, #3985, .F. ) ;
#1747 = CARTESIAN_POINT ( 'NONE',  ( -0.4050000000000000266, 0.7999999999999999334, 0.000000000000000000 ) ) ;
#1748 = STYLED_ITEM ( 'NONE', ( #2207 ), #2549 ) ;
#1749 = DIRECTION ( 'NONE',  ( 0.000000000000000000, 0.000000000000000000, -1.000000000000000000 ) ) ;
#1750 = CARTESIAN_POINT ( 'NONE',  ( 0.4050000000000000266, -4.404571325722362379E-17, 0.3899999999999999578 ) ) ;
#1751 = ORIENTED_EDGE ( 'NONE', *, *, #1804, .T. ) ;
#1752 = MECHANICAL_DESIGN_GEOMETRIC_PRESENTATION_REPRESENTATION (  '', ( #134 ), #1085 ) ;
#1753 = FILL_AREA_STYLE ('',( #1106 ) ) ;
#1754 =( LENGTH_UNIT ( ) NAMED_UNIT ( * ) SI_UNIT ( .MILLI., .METRE. ) );
#1755 = EDGE_CURVE ( 'NONE', #4243, #3501, #1438, .T. ) ;
#1756 = DIRECTION ( 'NONE',  ( -1.000000000000000000, -0.000000000000000000, 0.000000000000000000 ) ) ;
#1757 = STYLED_ITEM ( 'NONE', ( #192 ), #2858 ) ;
#1758 = SURFACE_SIDE_STYLE ('',( #3153 ) ) ;
#1759 = VERTEX_POINT ( 'NONE', #2224 ) ;
#1760 =( LENGTH_UNIT ( ) NAMED_UNIT ( * ) SI_UNIT ( .MILLI., .METRE. ) );
#1761 = PRESENTATION_LAYER_ASSIGNMENT (  '', '', ( #1615 ) ) ;
#1762 = CARTESIAN_POINT ( 'NONE',  ( -0.8499999999999997558, 0.1999999999999999833, 0.3699999999999999956 ) ) ;
#1763 = SURFACE_STYLE_FILL_AREA ( #2061 ) ;
#1764 = DIRECTION ( 'NONE',  ( 0.000000000000000000, 0.000000000000000000, 1.000000000000000000 ) ) ;
#1765 = STYLED_ITEM ( 'NONE', ( #4095 ), #4080 ) ;
#1766 = AXIS2_PLACEMENT_3D ( 'NONE', #2160, #2459, #1070 ) ;
#1767 = DIRECTION ( 'NONE',  ( 0.000000000000000000, 0.000000000000000000, -1.000000000000000000 ) ) ;
#1768 = ORIENTED_EDGE ( 'NONE', *, *, #380, .T. ) ;
#1769 = STYLED_ITEM ( 'NONE', ( #690 ), #4388 ) ;
#1770 = MECHANICAL_DESIGN_GEOMETRIC_PRESENTATION_REPRESENTATION (  '', ( #1317 ), #3862 ) ;
#1771 = LINE ( 'NONE', #999, #1590 ) ;
#1772 = SURFACE_SIDE_STYLE ('',( #2111 ) ) ;
#1773 = DIRECTION ( 'NONE',  ( 1.000000000000000000, -0.000000000000000000, -0.000000000000000000 ) ) ;
#1774 = STYLED_ITEM ( 'NONE', ( #3549 ), #4448 ) ;
#1775 = SURFACE_SIDE_STYLE ('',( #359 ) ) ;
#1776 = VERTEX_POINT ( 'NONE', #69 ) ;
#1777 = ORIENTED_EDGE ( 'NONE', *, *, #1513, .F. ) ;
#1778 = CARTESIAN_POINT ( 'NONE',  ( -0.3699999999999997735, 0.2000000000000001776, 0.4699999999999999734 ) ) ;
#1779 = ORIENTED_EDGE ( 'NONE', *, *, #4070, .F. ) ;
#1780 =( LENGTH_UNIT ( ) NAMED_UNIT ( * ) SI_UNIT ( .MILLI., .METRE. ) );
#1781 = CARTESIAN_POINT ( 'NONE',  ( 0.4050000000000000266, 0.000000000000000000, -0.4699999999999999734 ) ) ;
#1782 = SURFACE_STYLE_USAGE ( .BOTH. , #1359 ) ;
#1783 = UNCERTAINTY_MEASURE_WITH_UNIT (LENGTH_MEASURE( 1.000000000000000082E-05 ), #3931, 'distance_accuracy_value', 'NONE');
#1784 = DIRECTION ( 'NONE',  ( 0.000000000000000000, 0.000000000000000000, -1.000000000000000000 ) ) ;
#1785 = SURFACE_STYLE_FILL_AREA ( #381 ) ;
#1786 = FILL_AREA_STYLE_COLOUR ( '', #3490 ) ;
#1787 = ORIENTED_EDGE ( 'NONE', *, *, #1715, .F. ) ;
#1788 = FILL_AREA_STYLE ('',( #4430 ) ) ;
#1789 = CARTESIAN_POINT ( 'NONE',  ( 0.4050000000000000266, -0.7600000000000001199, 0.4299999999999999933 ) ) ;
#1790 =( NAMED_UNIT ( * ) SI_UNIT ( $, .STERADIAN. ) SOLID_ANGLE_UNIT ( ) );
#1791 = DIRECTION ( 'NONE',  ( 0.000000000000000000, -0.000000000000000000, 1.000000000000000000 ) ) ;
#1792 = PRESENTATION_STYLE_ASSIGNMENT (( #3120 ) ) ;
#1793 = EDGE_LOOP ( 'NONE', ( #3083, #1459, #1084, #1540 ) ) ;
#1794 = ORIENTED_EDGE ( 'NONE', *, *, #2018, .F. ) ;
#1795 = EDGE_CURVE ( 'NONE', #1122, #40, #3180, .T. ) ;
#1796 = CARTESIAN_POINT ( 'NONE',  ( 0.000000000000000000, 0.7999999999999999334, 0.4299999999999999933 ) ) ;
#1797 = CIRCLE ( 'NONE', #914, 0.03999999999999999389 ) ;
#1798 = ORIENTED_EDGE ( 'NONE', *, *, #1844, .T. ) ;
#1799 = VECTOR ( 'NONE', #2586, 1000.000000000000000 ) ;
#1800 = LINE ( 'NONE', #528, #4098 ) ;
#1801 = UNCERTAINTY_MEASURE_WITH_UNIT (LENGTH_MEASURE( 1.000000000000000082E-05 ), #1605, 'distance_accuracy_value', 'NONE');
#1802 = LINE ( 'NONE', #3173, #1307 ) ;
#1803 = ORIENTED_EDGE ( 'NONE', *, *, #4450, .T. ) ;
#1804 = EDGE_CURVE ( 'NONE', #761, #965, #190, .T. ) ;
#1805 = FACE_OUTER_BOUND ( 'NONE', #2589, .T. ) ;
#1806 = DIRECTION ( 'NONE',  ( -1.000000000000000000, 0.000000000000000000, 0.000000000000000000 ) ) ;
#1807 = AXIS2_PLACEMENT_3D ( 'NONE', #3581, #107, #3517 ) ;
#1808 = DIRECTION ( 'NONE',  ( 0.000000000000000000, 0.000000000000000000, -1.000000000000000000 ) ) ;
#1809 = VERTEX_POINT ( 'NONE', #4272 ) ;
#1810 = DIRECTION ( 'NONE',  ( 0.000000000000000000, 1.000000000000000000, 0.000000000000000000 ) ) ;
#1811 = SURFACE_SIDE_STYLE ('',( #498 ) ) ;
#1812 = PRESENTATION_LAYER_ASSIGNMENT (  '', '', ( #635 ) ) ;
#1813 = SURFACE_STYLE_USAGE ( .BOTH. , #408 ) ;
#1814 = ORIENTED_EDGE ( 'NONE', *, *, #3397, .F. ) ;
#1815 = EDGE_LOOP ( 'NONE', ( #1962, #1609, #1953, #264 ) ) ;
#1816 = ADVANCED_FACE ( 'NONE', ( #1121, #472 ), #3266, .T. ) ;
#1817 = CIRCLE ( 'NONE', #2396, 0.03999999999999999389 ) ;
#1818 = PRESENTATION_STYLE_ASSIGNMENT (( #3502 ) ) ;
#1819 = CIRCLE ( 'NONE', #1968, 0.04000000000000010492 ) ;
#1820 = VERTEX_POINT ( 'NONE', #2610 ) ;
#1821 = CARTESIAN_POINT ( 'NONE',  ( -0.4050000000000000266, -0.7600000000000001199, 0.4299999999999999933 ) ) ;
#1822 = AXIS2_PLACEMENT_3D ( 'NONE', #977, #633, #3655 ) ;
#1823 = DIRECTION ( 'NONE',  ( -1.000000000000000000, -1.355252715606878077E-16, 0.000000000000000000 ) ) ;
#1824 = FILL_AREA_STYLE_COLOUR ( '', #4426 ) ;
#1825 = VECTOR ( 'NONE', #4424, 1000.000000000000000 ) ;
#1826 = ORIENTED_EDGE ( 'NONE', *, *, #3733, .T. ) ;
#1827 = MECHANICAL_DESIGN_GEOMETRIC_PRESENTATION_REPRESENTATION (  '', ( #2494 ), #2772 ) ;
#1828 = PRESENTATION_STYLE_ASSIGNMENT (( #2175 ) ) ;
#1829 =( NAMED_UNIT ( * ) PLANE_ANGLE_UNIT ( ) SI_UNIT ( $, .RADIAN. ) );
#1830 =( LENGTH_UNIT ( ) NAMED_UNIT ( * ) SI_UNIT ( .MILLI., .METRE. ) );
#1831 = AXIS2_PLACEMENT_3D ( 'NONE', #3643, #2357, #212 ) ;
#1832 = LINE ( 'NONE', #1434, #1245 ) ;
#1833 = ORIENTED_EDGE ( 'NONE', *, *, #2661, .T. ) ;
#1834 = PLANE ( 'NONE',  #191 ) ;
#1835 = LINE ( 'NONE', #4163, #2807 ) ;
#1836 = DIRECTION ( 'NONE',  ( 1.000000000000000000, 0.000000000000000000, 0.000000000000000000 ) ) ;
#1837 = DIRECTION ( 'NONE',  ( 1.000000000000000000, 0.000000000000000000, 0.000000000000000000 ) ) ;
#1838 = ORIENTED_EDGE ( 'NONE', *, *, #365, .T. ) ;
#1839 = CIRCLE ( 'NONE', #2992, 0.03999999999999999389 ) ;
#1840 = FILL_AREA_STYLE ('',( #1919 ) ) ;
#1841 = CARTESIAN_POINT ( 'NONE',  ( 1.090000000000000080, 0.000000000000000000, -0.4699999999999999734 ) ) ;
#1842 = CARTESIAN_POINT ( 'NONE',  ( -0.4050000000000000266, -0.8000000000000001554, -0.4299999999999999933 ) ) ;
#1843 = CIRCLE ( 'NONE', #2645, 0.03999999999999999389 ) ;
#1844 = EDGE_CURVE ( 'NONE', #525, #2598, #1508, .T. ) ;
#1845 = ORIENTED_EDGE ( 'NONE', *, *, #1714, .T. ) ;
#1846 = PLANE ( 'NONE',  #282 ) ;
#1847 = DIRECTION ( 'NONE',  ( 1.000000000000000000, 0.000000000000000000, 0.000000000000000000 ) ) ;
#1848 = AXIS2_PLACEMENT_3D ( 'NONE', #1450, #297, #1706 ) ;
#1849 = UNCERTAINTY_MEASURE_WITH_UNIT (LENGTH_MEASURE( 1.000000000000000082E-05 ), #3360, 'distance_accuracy_value', 'NONE');
#1850 = PLANE ( 'NONE',  #1885 ) ;
#1851 = CARTESIAN_POINT ( 'NONE',  ( 0.4050000000000000266, 0.7199999999999999734, 0.3900000000000000133 ) ) ;
#1852 = EDGE_LOOP ( 'NONE', ( #207, #489, #2349 ) ) ;
#1853 = CARTESIAN_POINT ( 'NONE',  ( 0.4050000000000000266, 0.7599999999999998979, -0.4299999999999999933 ) ) ;
#1854 = DIRECTION ( 'NONE',  ( 0.000000000000000000, 0.000000000000000000, 1.000000000000000000 ) ) ;
#1855 = ADVANCED_FACE ( 'NONE', ( #434 ), #4299, .T. ) ;
#1856 = CARTESIAN_POINT ( 'NONE',  ( 0.4050000000000000266, 0.7599999999999998979, 0.4699999999999999734 ) ) ;
#1857 = FILL_AREA_STYLE_COLOUR ( '', #4399 ) ;
#1858 = ADVANCED_FACE ( 'NONE', ( #1199 ), #1270, .T. ) ;
#1859 =( NAMED_UNIT ( * ) PLANE_ANGLE_UNIT ( ) SI_UNIT ( $, .RADIAN. ) );
#1860 = ORIENTED_EDGE ( 'NONE', *, *, #424, .F. ) ;
#1861 = LINE ( 'NONE', #1881, #186 ) ;
#1862 = ORIENTED_EDGE ( 'NONE', *, *, #1404, .F. ) ;
#1863 =( LENGTH_UNIT ( ) NAMED_UNIT ( * ) SI_UNIT ( .MILLI., .METRE. ) );
#1864 =( GEOMETRIC_REPRESENTATION_CONTEXT ( 3 ) GLOBAL_UNCERTAINTY_ASSIGNED_CONTEXT ( ( #3593 ) ) GLOBAL_UNIT_ASSIGNED_CONTEXT ( ( #1707, #4220, #1107 ) ) REPRESENTATION_CONTEXT ( 'NONE', 'WORKASPACE' ) );
#1865 = LINE ( 'NONE', #2497, #3480 ) ;
#1866 = ORIENTED_EDGE ( 'NONE', *, *, #1453, .F. ) ;
#1867 = EDGE_CURVE ( 'NONE', #4189, #316, #1515, .T. ) ;
#1868 = CIRCLE ( 'NONE', #4392, 0.03999999999999999389 ) ;
#1869 =( LENGTH_UNIT ( ) NAMED_UNIT ( * ) SI_UNIT ( .MILLI., .METRE. ) );
#1870 = STYLED_ITEM ( 'NONE', ( #1274 ), #296 ) ;
#1871 = CARTESIAN_POINT ( 'NONE',  ( 0.4050000000000000266, -0.7600000000000001199, 0.4299999999999999933 ) ) ;
#1872 = ADVANCED_FACE ( 'NONE', ( #4333 ), #3356, .T. ) ;
#1873 = DIRECTION ( 'NONE',  ( 1.000000000000000000, -0.000000000000000000, 0.000000000000000000 ) ) ;
#1874 = CARTESIAN_POINT ( 'NONE',  ( -0.4050000000000000266, -0.5700000000000001732, -0.3899999999999999578 ) ) ;
#1875 = VECTOR ( 'NONE', #2580, 1000.000000000000000 ) ;
#1876 = EDGE_CURVE ( 'NONE', #2166, #1475, #889, .T. ) ;
#1877 = VERTEX_POINT ( 'NONE', #3654 ) ;
#1878 = PRESENTATION_STYLE_ASSIGNMENT (( #176 ) ) ;
#1879 = LINE ( 'NONE', #3248, #484 ) ;
#1880 = VECTOR ( 'NONE', #1180, 1000.000000000000000 ) ;
#1881 = CARTESIAN_POINT ( 'NONE',  ( -0.3699999999999997735, 0.2000000000000001776, 0.3699999999999999956 ) ) ;
#1882 = SURFACE_STYLE_USAGE ( .BOTH. , #4257 ) ;
#1883 = CIRCLE ( 'NONE', #1365, 0.03999999999999999389 ) ;
#1884 = ORIENTED_EDGE ( 'NONE', *, *, #549, .T. ) ;
#1885 = AXIS2_PLACEMENT_3D ( 'NONE', #4241, #2918, #1428 ) ;
#1886 = UNCERTAINTY_MEASURE_WITH_UNIT (LENGTH_MEASURE( 1.000000000000000082E-05 ), #2551, 'distance_accuracy_value', 'NONE');
#1887 = DIRECTION ( 'NONE',  ( 0.000000000000000000, -0.000000000000000000, 1.000000000000000000 ) ) ;
#1888 = CARTESIAN_POINT ( 'NONE',  ( 0.4050000000000000266, 0.5700000000000001732, 0.3900000000000000133 ) ) ;
#1889 = ORIENTED_EDGE ( 'NONE', *, *, #4298, .F. ) ;
#1890 =( GEOMETRIC_REPRESENTATION_CONTEXT ( 3 ) GLOBAL_UNCERTAINTY_ASSIGNED_CONTEXT ( ( #1660 ) ) GLOBAL_UNIT_ASSIGNED_CONTEXT ( ( #1272, #1318, #2982 ) ) REPRESENTATION_CONTEXT ( 'NONE', 'WORKASPACE' ) );
#1891 = EDGE_CURVE ( 'NONE', #2490, #3472, #3332, .T. ) ;
#1892 = CIRCLE ( 'NONE', #649, 0.03999999999999999389 ) ;
#1893 =( NAMED_UNIT ( * ) SI_UNIT ( $, .STERADIAN. ) SOLID_ANGLE_UNIT ( ) );
#1894 = MECHANICAL_DESIGN_GEOMETRIC_PRESENTATION_REPRESENTATION (  '', ( #1757 ), #1456 ) ;
#1895 = DIRECTION ( 'NONE',  ( 0.000000000000000000, 0.000000000000000000, 1.000000000000000000 ) ) ;
#1896 =( NAMED_UNIT ( * ) PLANE_ANGLE_UNIT ( ) SI_UNIT ( $, .RADIAN. ) );
#1897 = DIRECTION ( 'NONE',  ( 0.000000000000000000, 0.000000000000000000, -1.000000000000000000 ) ) ;
#1898 =( LENGTH_UNIT ( ) NAMED_UNIT ( * ) SI_UNIT ( .MILLI., .METRE. ) );
#1899 = PRESENTATION_LAYER_ASSIGNMENT (  '', '', ( #2704 ) ) ;
#1900 = CYLINDRICAL_SURFACE ( 'NONE', #2778, 0.04000000000000010492 ) ;
#1901 = EDGE_LOOP ( 'NONE', ( #4067, #3452, #3145, #2425 ) ) ;
#1902 = ORIENTED_EDGE ( 'NONE', *, *, #310, .F. ) ;
#1903 = MECHANICAL_DESIGN_GEOMETRIC_PRESENTATION_REPRESENTATION (  '', ( #2983 ), #9 ) ;
#1904 = DIRECTION ( 'NONE',  ( -0.000000000000000000, 0.000000000000000000, 1.000000000000000000 ) ) ;
#1905 = DIRECTION ( 'NONE',  ( 1.000000000000000000, 0.000000000000000000, -0.000000000000000000 ) ) ;
#1906 = MECHANICAL_DESIGN_GEOMETRIC_PRESENTATION_REPRESENTATION (  '', ( #1023 ), #1393 ) ;
#1907 = STYLED_ITEM ( 'NONE', ( #1254 ), #3306 ) ;
#1908 = VERTEX_POINT ( 'NONE', #2981 ) ;
#1909 = SURFACE_STYLE_USAGE ( .BOTH. , #483 ) ;
#1910 = DIRECTION ( 'NONE',  ( 1.000000000000000000, 0.000000000000000000, 0.000000000000000000 ) ) ;
#1911 = FILL_AREA_STYLE_COLOUR ( '', #2905 ) ;
#1912 = PRESENTATION_STYLE_ASSIGNMENT (( #3621 ) ) ;
#1913 = EDGE_LOOP ( 'NONE', ( #637, #770, #624, #2143 ) ) ;
#1914 = PRESENTATION_LAYER_ASSIGNMENT (  '', '', ( #3785 ) ) ;
#1915 = PRESENTATION_STYLE_ASSIGNMENT (( #3577 ) ) ;
#1916 = PRESENTATION_LAYER_ASSIGNMENT (  '', '', ( #1765 ) ) ;
#1917 = DIRECTION ( 'NONE',  ( -1.000000000000000000, 0.000000000000000000, 0.000000000000000000 ) ) ;
#1918 = DIRECTION ( 'NONE',  ( 0.000000000000000000, -1.000000000000000000, 0.000000000000000000 ) ) ;
#1919 = FILL_AREA_STYLE_COLOUR ( '', #3716 ) ;
#1920 = DIRECTION ( 'NONE',  ( 0.000000000000000000, -0.000000000000000000, 1.000000000000000000 ) ) ;
#1921 = SURFACE_STYLE_USAGE ( .BOTH. , #837 ) ;
#1922 = ORIENTED_EDGE ( 'NONE', *, *, #2687, .F. ) ;
#1923 = EDGE_CURVE ( 'NONE', #1176, #761, #3030, .T. ) ;
#1924 = ORIENTED_EDGE ( 'NONE', *, *, #794, .F. ) ;
#1925 = DIRECTION ( 'NONE',  ( -0.000000000000000000, 0.000000000000000000, -1.000000000000000000 ) ) ;
#1926 = SURFACE_SIDE_STYLE ('',( #2269 ) ) ;
#1927 = FILL_AREA_STYLE ('',( #503 ) ) ;
#1928 = VERTEX_POINT ( 'NONE', #222 ) ;
#1929 = DIRECTION ( 'NONE',  ( 0.000000000000000000, 1.000000000000000000, 1.129377263005734114E-16 ) ) ;
#1930 = EDGE_CURVE ( 'NONE', #2578, #3686, #908, .T. ) ;
#1931 = SURFACE_SIDE_STYLE ('',( #534 ) ) ;
#1932 = EDGE_LOOP ( 'NONE', ( #4309, #3496, #705, #1382 ) ) ;
#1933 = LINE ( 'NONE', #4353, #808 ) ;
#1934 = FILL_AREA_STYLE_COLOUR ( '', #2649 ) ;
#1935 = DIRECTION ( 'NONE',  ( 1.000000000000000000, -0.000000000000000000, 0.000000000000000000 ) ) ;
#1936 =( GEOMETRIC_REPRESENTATION_CONTEXT ( 3 ) GLOBAL_UNCERTAINTY_ASSIGNED_CONTEXT ( ( #3234 ) ) GLOBAL_UNIT_ASSIGNED_CONTEXT ( ( #371, #1497, #2889 ) ) REPRESENTATION_CONTEXT ( 'NONE', 'WORKASPACE' ) );
#1937 =( NAMED_UNIT ( * ) PLANE_ANGLE_UNIT ( ) SI_UNIT ( $, .RADIAN. ) );
#1938 = CARTESIAN_POINT ( 'NONE',  ( 0.000000000000000000, -0.7600000000000001199, 0.4299999999999999933 ) ) ;
#1940 = STYLED_ITEM ( 'NONE', ( #4304 ), #158 ) ;
#1939 = FILL_AREA_STYLE_COLOUR ( '', #1277 ) ;
#1941 = DIRECTION ( 'NONE',  ( -1.000000000000000000, -0.000000000000000000, -0.000000000000000000 ) ) ;
#1942 = SPHERICAL_SURFACE ( 'NONE', #4357, 0.04000000000000000777 ) ;
#1943 = VERTEX_POINT ( 'NONE', #4404 ) ;
#1944 = VECTOR ( 'NONE', #1103, 1000.000000000000000 ) ;
#1945 = EDGE_CURVE ( 'NONE', #1241, #3097, #1294, .T. ) ;
#1946 = CARTESIAN_POINT ( 'NONE',  ( -1.089999999999999858, -0.7600000000000001199, -0.4299999999999999933 ) ) ;
#1947 = DIRECTION ( 'NONE',  ( 0.000000000000000000, 0.000000000000000000, 1.000000000000000000 ) ) ;
#1948 =( LENGTH_UNIT ( ) NAMED_UNIT ( * ) SI_UNIT ( .MILLI., .METRE. ) );
#1949 = COLOUR_RGB ( '',0.7254901960784313486, 0.6666666666666666297, 0.6509803921568627638 ) ;
#1950 = VECTOR ( 'NONE', #2582, 1000.000000000000000 ) ;
#1951 = DIRECTION ( 'NONE',  ( 0.000000000000000000, 0.000000000000000000, -1.000000000000000000 ) ) ;
#1952 = ADVANCED_FACE ( 'NONE', ( #3403 ), #2434, .T. ) ;
#1953 = ORIENTED_EDGE ( 'NONE', *, *, #2986, .F. ) ;
#1954 = ORIENTED_EDGE ( 'NONE', *, *, #500, .T. ) ;
#1955 = AXIS2_PLACEMENT_3D ( 'NONE', #2672, #2339, #1604 ) ;
#1956 = CARTESIAN_POINT ( 'NONE',  ( 0.4050000000000000266, -0.7600000000000001199, 0.4699999999999999734 ) ) ;
#1957 = LINE ( 'NONE', #1278, #4321 ) ;
#1958 = CARTESIAN_POINT ( 'NONE',  ( -0.4050000000000000266, 0.7199999999999999734, 1.000802005371234881E-16 ) ) ;
#1959 = PRESENTATION_LAYER_ASSIGNMENT (  '', '', ( #634 ) ) ;
#1960 = STYLED_ITEM ( 'NONE', ( #3366 ), #1334 ) ;
#1961 =( LENGTH_UNIT ( ) NAMED_UNIT ( * ) SI_UNIT ( .MILLI., .METRE. ) );
#1962 = ORIENTED_EDGE ( 'NONE', *, *, #424, .T. ) ;
#1963 = LINE ( 'NONE', #2629, #2348 ) ;
#1964 =( NAMED_UNIT ( * ) SI_UNIT ( $, .STERADIAN. ) SOLID_ANGLE_UNIT ( ) );
#1965 = PRESENTATION_LAYER_ASSIGNMENT (  '', '', ( #3834 ) ) ;
#1966 = CARTESIAN_POINT ( 'NONE',  ( 0.4050000000000000266, -0.5700000000000001732, 0.000000000000000000 ) ) ;
#1967 = DIRECTION ( 'NONE',  ( 0.000000000000000000, -0.000000000000000000, 1.000000000000000000 ) ) ;
#1968 = AXIS2_PLACEMENT_3D ( 'NONE', #1480, #3015, #1191 ) ;
#1969 = VECTOR ( 'NONE', #574, 1000.000000000000000 ) ;
#1970 = SURFACE_SIDE_STYLE ('',( #3309 ) ) ;
#1971 = CARTESIAN_POINT ( 'NONE',  ( 0.4050000000000000266, -0.5700000000000001732, -0.3899999999999999578 ) ) ;
#1972 = ORIENTED_EDGE ( 'NONE', *, *, #2631, .T. ) ;
#1973 = SURFACE_STYLE_USAGE ( .BOTH. , #3727 ) ;
#1974 =( LENGTH_UNIT ( ) NAMED_UNIT ( * ) SI_UNIT ( .MILLI., .METRE. ) );
#1975 = UNCERTAINTY_MEASURE_WITH_UNIT (LENGTH_MEASURE( 1.000000000000000082E-05 ), #2054, 'distance_accuracy_value', 'NONE');
#1976 = EDGE_LOOP ( 'NONE', ( #3252, #622, #1954, #3483 ) ) ;
#1977 = COLOUR_RGB ( '',0.7254901960784313486, 0.6666666666666666297, 0.6509803921568627638 ) ;
#1978 = SURFACE_SIDE_STYLE ('',( #582 ) ) ;
#1979 = FILL_AREA_STYLE_COLOUR ( '', #1213 ) ;
#1980 = UNCERTAINTY_MEASURE_WITH_UNIT (LENGTH_MEASURE( 1.000000000000000082E-05 ), #994, 'distance_accuracy_value', 'NONE');
#1981 = ADVANCED_FACE ( 'NONE', ( #3842 ), #1713, .T. ) ;
#1982 = VERTEX_POINT ( 'NONE', #2763 ) ;
#1983 = FACE_OUTER_BOUND ( 'NONE', #3386, .T. ) ;
#1984 = AXIS2_PLACEMENT_3D ( 'NONE', #4022, #4069, #967 ) ;
#1985 = MECHANICAL_DESIGN_GEOMETRIC_PRESENTATION_REPRESENTATION (  '', ( #1626 ), #3996 ) ;
#1986 = DIRECTION ( 'NONE',  ( 0.000000000000000000, 1.000000000000000000, 0.000000000000000000 ) ) ;
#1987 =( NAMED_UNIT ( * ) SI_UNIT ( $, .STERADIAN. ) SOLID_ANGLE_UNIT ( ) );
#1988 = PRESENTATION_LAYER_ASSIGNMENT (  '', '', ( #2283 ) ) ;
#1989 = COLOUR_RGB ( '',0.7529411764705882248, 0.7529411764705882248, 0.7529411764705882248 ) ;
#1990 = DIRECTION ( 'NONE',  ( -1.000000000000000000, -3.952820420520068413E-16, -0.000000000000000000 ) ) ;
#1991 = SURFACE_SIDE_STYLE ('',( #596 ) ) ;
#1992 = CARTESIAN_POINT ( 'NONE',  ( -0.4050000000000000266, -0.7200000000000001954, 0.3899999999999998468 ) ) ;
#1993 = CARTESIAN_POINT ( 'NONE',  ( -0.4050000000000000266, -0.7200000000000001954, 0.000000000000000000 ) ) ;
#1994 = CARTESIAN_POINT ( 'NONE',  ( 0.4050000000000000266, 0.7199999999999999734, -0.3899999999999999578 ) ) ;
#1995 = SURFACE_STYLE_FILL_AREA ( #3681 ) ;
#1996 = EDGE_CURVE ( 'NONE', #2951, #3102, #4131, .T. ) ;
#1997 = SURFACE_STYLE_USAGE ( .BOTH. , #3570 ) ;
#1998 = EDGE_LOOP ( 'NONE', ( #1407, #3821, #4046, #175 ) ) ;
#1999 = FILL_AREA_STYLE ('',( #3732 ) ) ;
#2000 = DIRECTION ( 'NONE',  ( -0.000000000000000000, 0.000000000000000000, 1.000000000000000000 ) ) ;
#2001 =( LENGTH_UNIT ( ) NAMED_UNIT ( * ) SI_UNIT ( .MILLI., .METRE. ) );
#2002 = FACE_OUTER_BOUND ( 'NONE', #3630, .T. ) ;
#2003 = SURFACE_SIDE_STYLE ('',( #4052 ) ) ;
#2004 = ORIENTED_EDGE ( 'NONE', *, *, #2784, .F. ) ;
#2005 =( LENGTH_UNIT ( ) NAMED_UNIT ( * ) SI_UNIT ( .MILLI., .METRE. ) );
#2006 = CARTESIAN_POINT ( 'NONE',  ( -0.8499999999999997558, -0.1999999999999999833, 0.3699999999999999956 ) ) ;
#2007 = FILL_AREA_STYLE_COLOUR ( '', #3464 ) ;
#2008 = PLANE ( 'NONE',  #1532 ) ;
#2009 = PLANE ( 'NONE',  #1108 ) ;
#2010 = DIRECTION ( 'NONE',  ( 0.000000000000000000, 1.000000000000000000, 0.000000000000000000 ) ) ;
#2011 =( NAMED_UNIT ( * ) PLANE_ANGLE_UNIT ( ) SI_UNIT ( $, .RADIAN. ) );
#2012 = CLOSED_SHELL ( 'NONE', ( #2805, #2440, #2652, #1054, #2435, #2333, #245, #2337, #4116, #2601, #89, #2701 ) ) ;
#2013 =( LENGTH_UNIT ( ) NAMED_UNIT ( * ) SI_UNIT ( .MILLI., .METRE. ) );
#2014 = VERTEX_POINT ( 'NONE', #3468 ) ;
#2015 =( GEOMETRIC_REPRESENTATION_CONTEXT ( 3 ) GLOBAL_UNCERTAINTY_ASSIGNED_CONTEXT ( ( #1010 ) ) GLOBAL_UNIT_ASSIGNED_CONTEXT ( ( #2374, #2739, #2680 ) ) REPRESENTATION_CONTEXT ( 'NONE', 'WORKASPACE' ) );
#2016 = CARTESIAN_POINT ( 'NONE',  ( 0.4050000000000000266, 0.5700000000000001732, -0.4699999999999999734 ) ) ;
#2017 = DIRECTION ( 'NONE',  ( 0.000000000000000000, 1.000000000000000000, 0.000000000000000000 ) ) ;
#2018 = EDGE_CURVE ( 'NONE', #531, #3097, #486, .T. ) ;
#2019 = EDGE_CURVE ( 'NONE', #3513, #2951, #1043, .T. ) ;
#2020 = ORIENTED_EDGE ( 'NONE', *, *, #1474, .T. ) ;
#2021 = ORIENTED_EDGE ( 'NONE', *, *, #2942, .T. ) ;
#2022 = AXIS2_PLACEMENT_3D ( 'NONE', #1406, #1033, #3780 ) ;
#2023 =( LENGTH_UNIT ( ) NAMED_UNIT ( * ) SI_UNIT ( .MILLI., .METRE. ) );
#2024 = UNCERTAINTY_MEASURE_WITH_UNIT (LENGTH_MEASURE( 1.000000000000000082E-05 ), #1898, 'distance_accuracy_value', 'NONE');
#2025 =( NAMED_UNIT ( * ) SI_UNIT ( $, .STERADIAN. ) SOLID_ANGLE_UNIT ( ) );
#2026 = STYLED_ITEM ( 'NONE', ( #2573 ), #974 ) ;
#2027 = ORIENTED_EDGE ( 'NONE', *, *, #3786, .T. ) ;
#2028 = VECTOR ( 'NONE', #677, 1000.000000000000000 ) ;
#2029 = CARTESIAN_POINT ( 'NONE',  ( 0.4050000000000000266, 0.7199999999999999734, 0.3900000000000000133 ) ) ;
#2030 = FACE_OUTER_BOUND ( 'NONE', #3058, .T. ) ;
#2031 = CIRCLE ( 'NONE', #3099, 0.03999999999999999389 ) ;
#2032 = CARTESIAN_POINT ( 'NONE',  ( -0.4050000000000000266, 0.5700000000000001732, -0.4699999999999999734 ) ) ;
#2033 = DIRECTION ( 'NONE',  ( 1.000000000000000000, -5.646886315028668105E-17, 0.000000000000000000 ) ) ;
#2034 = VECTOR ( 'NONE', #211, 1000.000000000000000 ) ;
#2035 =( LENGTH_UNIT ( ) NAMED_UNIT ( * ) SI_UNIT ( .MILLI., .METRE. ) );
#2036 = CARTESIAN_POINT ( 'NONE',  ( 0.4050000000000000266, -0.8000000000000001554, 0.000000000000000000 ) ) ;
#2037 = ORIENTED_EDGE ( 'NONE', *, *, #3304, .F. ) ;
#2038 = PRESENTATION_STYLE_ASSIGNMENT (( #284 ) ) ;
#2039 = CARTESIAN_POINT ( 'NONE',  ( 1.090000000000000080, 0.000000000000000000, 0.4699999999999999734 ) ) ;
#2040 = LINE ( 'NONE', #2070, #2099 ) ;
#2041 = PRESENTATION_LAYER_ASSIGNMENT (  '', '', ( #134 ) ) ;
#2042 = ORIENTED_EDGE ( 'NONE', *, *, #1582, .F. ) ;
#2043 = ORIENTED_EDGE ( 'NONE', *, *, #3829, .F. ) ;
#2044 = DIRECTION ( 'NONE',  ( -1.000000000000000000, -0.000000000000000000, 0.000000000000000000 ) ) ;
#2045 =( GEOMETRIC_REPRESENTATION_CONTEXT ( 3 ) GLOBAL_UNCERTAINTY_ASSIGNED_CONTEXT ( ( #8 ) ) GLOBAL_UNIT_ASSIGNED_CONTEXT ( ( #1691, #2171, #1175 ) ) REPRESENTATION_CONTEXT ( 'NONE', 'WORKASPACE' ) );
#2046 = DIRECTION ( 'NONE',  ( 0.000000000000000000, 0.000000000000000000, 1.000000000000000000 ) ) ;
#2047 = ORIENTED_EDGE ( 'NONE', *, *, #2367, .T. ) ;
#2048 = SURFACE_STYLE_USAGE ( .BOTH. , #1424 ) ;
#2049 = ADVANCED_FACE ( 'NONE', ( #4177 ), #1062, .T. ) ;
#2050 = COLOUR_RGB ( '',0.7529411764705882248, 0.7529411764705882248, 0.7529411764705882248 ) ;
#2051 = EDGE_CURVE ( 'NONE', #2578, #3920, #2479, .T. ) ;
#2052 = DIRECTION ( 'NONE',  ( 1.000000000000000000, -0.000000000000000000, 0.000000000000000000 ) ) ;
#2053 = ADVANCED_FACE ( 'NONE', ( #1805 ), #63, .F. ) ;
#2054 =( LENGTH_UNIT ( ) NAMED_UNIT ( * ) SI_UNIT ( .MILLI., .METRE. ) );
#2055 = MECHANICAL_DESIGN_GEOMETRIC_PRESENTATION_REPRESENTATION (  '', ( #1313 ), #2503 ) ;
#2056 = CIRCLE ( 'NONE', #4066, 0.03999999999999999389 ) ;
#2057 = SURFACE_SIDE_STYLE ('',( #258 ) ) ;
#2058 = UNCERTAINTY_MEASURE_WITH_UNIT (LENGTH_MEASURE( 1.000000000000000082E-05 ), #383, 'distance_accuracy_value', 'NONE');
#2059 = VECTOR ( 'NONE', #4236, 1000.000000000000000 ) ;
#2060 = STYLED_ITEM ( 'NONE', ( #1670 ), #3811 ) ;
#2061 = FILL_AREA_STYLE ('',( #4449 ) ) ;
#2062 = ADVANCED_FACE ( 'NONE', ( #2221 ), #830, .T. ) ;
#2063 =( NAMED_UNIT ( * ) PLANE_ANGLE_UNIT ( ) SI_UNIT ( $, .RADIAN. ) );
#2064 = UNCERTAINTY_MEASURE_WITH_UNIT (LENGTH_MEASURE( 1.000000000000000082E-05 ), #3742, 'distance_accuracy_value', 'NONE');
#2065 = CARTESIAN_POINT ( 'NONE',  ( 0.4050000000000000266, 0.000000000000000000, -0.3899999999999999578 ) ) ;
#2066 = AXIS2_PLACEMENT_3D ( 'NONE', #1624, #189, #4054 ) ;
#2067 = VERTEX_POINT ( 'NONE', #4028 ) ;
#2068 = FILL_AREA_STYLE_COLOUR ( '', #180 ) ;
#2069 = UNCERTAINTY_MEASURE_WITH_UNIT (LENGTH_MEASURE( 1.000000000000000082E-05 ), #1116, 'distance_accuracy_value', 'NONE');
#2070 = CARTESIAN_POINT ( 'NONE',  ( -1.089999999999999858, -0.8000000000000001554, 0.4299999999999999933 ) ) ;
#2071 = EDGE_CURVE ( 'NONE', #3472, #892, #2909, .T. ) ;
#2072 = DIRECTION ( 'NONE',  ( -2.710505431213760099E-16, 1.000000000000000000, -0.000000000000000000 ) ) ;
#2073 = ORIENTED_EDGE ( 'NONE', *, *, #569, .T. ) ;
#2074 = ORIENTED_EDGE ( 'NONE', *, *, #4041, .F. ) ;
#2075 =( LENGTH_UNIT ( ) NAMED_UNIT ( * ) SI_UNIT ( .MILLI., .METRE. ) );
#2076 = SURFACE_SIDE_STYLE ('',( #1724 ) ) ;
#2077 = ORIENTED_EDGE ( 'NONE', *, *, #3678, .F. ) ;
#2078 = PRESENTATION_STYLE_ASSIGNMENT (( #2048 ) ) ;
#2079 = FILL_AREA_STYLE_COLOUR ( '', #419 ) ;
#2080 = EDGE_CURVE ( 'NONE', #1419, #3380, #2692, .T. ) ;
#2081 =( NAMED_UNIT ( * ) PLANE_ANGLE_UNIT ( ) SI_UNIT ( $, .RADIAN. ) );
#2082 = CARTESIAN_POINT ( 'NONE',  ( -0.4050000000000000266, 0.5700000000000001732, -0.3899999999999999578 ) ) ;
#2083 = CARTESIAN_POINT ( 'NONE',  ( -0.4050000000000000266, 0.7999999999999999334, -0.4299999999999999933 ) ) ;
#2084 = PRESENTATION_STYLE_ASSIGNMENT (( #4161 ) ) ;
#2085 = ORIENTED_EDGE ( 'NONE', *, *, #1118, .F. ) ;
#2086 =( NAMED_UNIT ( * ) SI_UNIT ( $, .STERADIAN. ) SOLID_ANGLE_UNIT ( ) );
#2087 = FACE_OUTER_BOUND ( 'NONE', #3761, .T. ) ;
#2088 = DIRECTION ( 'NONE',  ( 0.000000000000000000, 0.000000000000000000, 1.000000000000000000 ) ) ;
#2089 = ORIENTED_EDGE ( 'NONE', *, *, #500, .F. ) ;
#2090 = VECTOR ( 'NONE', #4151, 1000.000000000000000 ) ;
#2091 = ADVANCED_FACE ( 'NONE', ( #2650 ), #3667, .F. ) ;
#2092 = EDGE_LOOP ( 'NONE', ( #2764, #1751, #732, #3312, #1580, #901, #1866, #2683, #2845, #646 ) ) ;
#2093 =( NAMED_UNIT ( * ) PLANE_ANGLE_UNIT ( ) SI_UNIT ( $, .RADIAN. ) );
#2094 =( NAMED_UNIT ( * ) SI_UNIT ( $, .STERADIAN. ) SOLID_ANGLE_UNIT ( ) );
#2095 =( GEOMETRIC_REPRESENTATION_CONTEXT ( 3 ) GLOBAL_UNCERTAINTY_ASSIGNED_CONTEXT ( ( #1385 ) ) GLOBAL_UNIT_ASSIGNED_CONTEXT ( ( #4086, #3747, #917 ) ) REPRESENTATION_CONTEXT ( 'NONE', 'WORKASPACE' ) );
#2096 = ORIENTED_EDGE ( 'NONE', *, *, #2535, .T. ) ;
#2097 =( LENGTH_UNIT ( ) NAMED_UNIT ( * ) SI_UNIT ( .MILLI., .METRE. ) );
#2098 =( GEOMETRIC_REPRESENTATION_CONTEXT ( 3 ) GLOBAL_UNCERTAINTY_ASSIGNED_CONTEXT ( ( #1886 ) ) GLOBAL_UNIT_ASSIGNED_CONTEXT ( ( #2551, #2204, #3005 ) ) REPRESENTATION_CONTEXT ( 'NONE', 'WORKASPACE' ) );
#2099 = VECTOR ( 'NONE', #4137, 1000.000000000000000 ) ;
#2100 = MECHANICAL_DESIGN_GEOMETRIC_PRESENTATION_REPRESENTATION (  '', ( #47 ), #3241 ) ;
#2101 = CARTESIAN_POINT ( 'NONE',  ( 1.600000000000000311, 2.168404344971009361E-16, 0.4299999999999999933 ) ) ;
#2102 = DIRECTION ( 'NONE',  ( -1.000000000000000000, -3.952820420520068413E-16, -0.000000000000000000 ) ) ;
#2103 =( NAMED_UNIT ( * ) PLANE_ANGLE_UNIT ( ) SI_UNIT ( $, .RADIAN. ) );
#2104 = UNCERTAINTY_MEASURE_WITH_UNIT (LENGTH_MEASURE( 1.000000000000000082E-05 ), #4011, 'distance_accuracy_value', 'NONE');
#2105 = AXIS2_PLACEMENT_3D ( 'NONE', #4355, #953, #539 ) ;
#2106 =( GEOMETRIC_REPRESENTATION_CONTEXT ( 3 ) GLOBAL_UNCERTAINTY_ASSIGNED_CONTEXT ( ( #4465 ) ) GLOBAL_UNIT_ASSIGNED_CONTEXT ( ( #2023, #4459, #947 ) ) REPRESENTATION_CONTEXT ( 'NONE', 'WORKASPACE' ) );
#2107 = CARTESIAN_POINT ( 'NONE',  ( 0.4050000000000000266, 0.7599999999999998979, 0.4699999999999999734 ) ) ;
#2108 = ORIENTED_EDGE ( 'NONE', *, *, #1268, .T. ) ;
#2109 = AXIS2_PLACEMENT_3D ( 'NONE', #2501, #753, #493 ) ;
#2110 = SURFACE_SIDE_STYLE ('',( #4453 ) ) ;
#2111 = SURFACE_STYLE_FILL_AREA ( #3798 ) ;
#2112 = CARTESIAN_POINT ( 'NONE',  ( -1.600000000000000089, -0.7600000000000001199, 0.4699999999999999734 ) ) ;
#2113 =( NAMED_UNIT ( * ) PLANE_ANGLE_UNIT ( ) SI_UNIT ( $, .RADIAN. ) );
#2114 = MECHANICAL_DESIGN_GEOMETRIC_PRESENTATION_REPRESENTATION (  '', ( #2411 ), #2827 ) ;
#2115 = CARTESIAN_POINT ( 'NONE',  ( -0.3699999999999996625, -0.2000000000000000111, 0.3699999999999999956 ) ) ;
#2116 = ORIENTED_EDGE ( 'NONE', *, *, #1195, .F. ) ;
#2117 = EDGE_LOOP ( 'NONE', ( #786, #3850, #4352, #2742 ) ) ;
#2118 = FACE_OUTER_BOUND ( 'NONE', #1351, .T. ) ;
#2119 = PRESENTATION_LAYER_ASSIGNMENT (  '', '', ( #801 ) ) ;
#2120 = DIRECTION ( 'NONE',  ( 1.000000000000000000, -0.000000000000000000, 0.000000000000000000 ) ) ;
#2121 = FILL_AREA_STYLE_COLOUR ( '', #4182 ) ;
#2122 = VERTEX_POINT ( 'NONE', #2956 ) ;
#2123 = FACE_OUTER_BOUND ( 'NONE', #606, .T. ) ;
#2124 = FACE_OUTER_BOUND ( 'NONE', #1932, .T. ) ;
#2125 = UNCERTAINTY_MEASURE_WITH_UNIT (LENGTH_MEASURE( 1.000000000000000082E-05 ), #2945, 'distance_accuracy_value', 'NONE');
#2126 = AXIS2_PLACEMENT_3D ( 'NONE', #518, #1935, #2363 ) ;
#2127 = LINE ( 'NONE', #4127, #148 ) ;
#2128 =( LENGTH_UNIT ( ) NAMED_UNIT ( * ) SI_UNIT ( .MILLI., .METRE. ) );
#2129 = FILL_AREA_STYLE_COLOUR ( '', #2904 ) ;
#2130 = SURFACE_SIDE_STYLE ('',( #1392 ) ) ;
#2131 = PRESENTATION_LAYER_ASSIGNMENT (  '', '', ( #1313 ) ) ;
#2132 = MECHANICAL_DESIGN_GEOMETRIC_PRESENTATION_REPRESENTATION (  '', ( #217 ), #280 ) ;
#2133 = EDGE_CURVE ( 'NONE', #3501, #3637, #3758, .T. ) ;
#2134 = ORIENTED_EDGE ( 'NONE', *, *, #1228, .T. ) ;
#2135 = AXIS2_PLACEMENT_3D ( 'NONE', #2546, #2239, #3905 ) ;
#2136 = DIRECTION ( 'NONE',  ( 0.000000000000000000, 1.000000000000000000, 0.000000000000000000 ) ) ;
#2137 = DIRECTION ( 'NONE',  ( 0.000000000000000000, 1.000000000000000000, 0.000000000000000000 ) ) ;
#2138 =( NAMED_UNIT ( * ) PLANE_ANGLE_UNIT ( ) SI_UNIT ( $, .RADIAN. ) );
#2139 = PRESENTATION_STYLE_ASSIGNMENT (( #4165 ) ) ;
#2140 =( GEOMETRIC_REPRESENTATION_CONTEXT ( 3 ) GLOBAL_UNCERTAINTY_ASSIGNED_CONTEXT ( ( #1646 ) ) GLOBAL_UNIT_ASSIGNED_CONTEXT ( ( #453, #816, #143 ) ) REPRESENTATION_CONTEXT ( 'NONE', 'WORKASPACE' ) );
#2141 = FILL_AREA_STYLE_COLOUR ( '', #2712 ) ;
#2142 = ORIENTED_EDGE ( 'NONE', *, *, #941, .F. ) ;
#2143 = ORIENTED_EDGE ( 'NONE', *, *, #57, .F. ) ;
#2144 =( NAMED_UNIT ( * ) PLANE_ANGLE_UNIT ( ) SI_UNIT ( $, .RADIAN. ) );
#2145 =( GEOMETRIC_REPRESENTATION_CONTEXT ( 3 ) GLOBAL_UNCERTAINTY_ASSIGNED_CONTEXT ( ( #4087 ) ) GLOBAL_UNIT_ASSIGNED_CONTEXT ( ( #3808, #2149, #2810 ) ) REPRESENTATION_CONTEXT ( 'NONE', 'WORKASPACE' ) );
#2146 = DIRECTION ( 'NONE',  ( 0.000000000000000000, -1.000000000000000000, 0.000000000000000000 ) ) ;
#2147 = DIRECTION ( 'NONE',  ( -0.000000000000000000, -0.000000000000000000, -1.000000000000000000 ) ) ;
#2148 = ORIENTED_EDGE ( 'NONE', *, *, #3444, .F. ) ;
#2149 =( NAMED_UNIT ( * ) PLANE_ANGLE_UNIT ( ) SI_UNIT ( $, .RADIAN. ) );
#2150 = EDGE_CURVE ( 'NONE', #2598, #311, #2306, .T. ) ;
#2151 = CARTESIAN_POINT ( 'NONE',  ( -0.4050000000000000266, -0.7600000000000001199, 0.4699999999999999734 ) ) ;
#2152 = LINE ( 'NONE', #1111, #2919 ) ;
#2153 =( NAMED_UNIT ( * ) SI_UNIT ( $, .STERADIAN. ) SOLID_ANGLE_UNIT ( ) );
#2154 = PRESENTATION_STYLE_ASSIGNMENT (( #1087 ) ) ;
#2155 = PRODUCT_DEFINITION_CONTEXT ( 'detailed design', #3060, 'design' ) ;
#2156 = DIRECTION ( 'NONE',  ( 0.000000000000000000, 0.000000000000000000, -1.000000000000000000 ) ) ;
#2157 = ORIENTED_EDGE ( 'NONE', *, *, #4476, .T. ) ;
#2158 = DIRECTION ( 'NONE',  ( 0.000000000000000000, 0.000000000000000000, -1.000000000000000000 ) ) ;
#2159 = FILL_AREA_STYLE ('',( #2804 ) ) ;
#2160 = CARTESIAN_POINT ( 'NONE',  ( -1.560000000000000053, 0.7599999999999998979, -0.4299999999999999933 ) ) ;
#2161 = ORIENTED_EDGE ( 'NONE', *, *, #805, .T. ) ;
#2162 = EDGE_LOOP ( 'NONE', ( #1779, #3500, #3777, #2685 ) ) ;
#2163 = EDGE_CURVE ( 'NONE', #2938, #3504, #881, .T. ) ;
#2164 = ADVANCED_FACE ( 'NONE', ( #2258 ), #3302, .T. ) ;
#2165 = CARTESIAN_POINT ( 'NONE',  ( -0.8499999999999997558, -0.1999999999999999833, 0.3699999999999999956 ) ) ;
#2166 = VERTEX_POINT ( 'NONE', #4329 ) ;
#2167 = DIRECTION ( 'NONE',  ( 0.000000000000000000, 0.000000000000000000, 1.000000000000000000 ) ) ;
#2168 = FILL_AREA_STYLE_COLOUR ( '', #1133 ) ;
#2169 = AXIS2_PLACEMENT_3D ( 'NONE', #2039, #2320, #285 ) ;
#2170 = UNCERTAINTY_MEASURE_WITH_UNIT (LENGTH_MEASURE( 1.000000000000000082E-05 ), #1517, 'distance_accuracy_value', 'NONE');
#2171 =( NAMED_UNIT ( * ) PLANE_ANGLE_UNIT ( ) SI_UNIT ( $, .RADIAN. ) );
#2172 = VECTOR ( 'NONE', #1437, 1000.000000000000000 ) ;
#2173 = ORIENTED_EDGE ( 'NONE', *, *, #2198, .T. ) ;
#2174 = CARTESIAN_POINT ( 'NONE',  ( 0.4050000000000000266, -0.5700000000000001732, -0.4699999999999999734 ) ) ;
#2175 = SURFACE_STYLE_USAGE ( .BOTH. , #62 ) ;
#2176 = CIRCLE ( 'NONE', #559, 0.03999999999999999389 ) ;
#2177 = CYLINDRICAL_SURFACE ( 'NONE', #3912, 0.03999999999999999389 ) ;
#2178 = VECTOR ( 'NONE', #3799, 1000.000000000000000 ) ;
#2179 = CARTESIAN_POINT ( 'NONE',  ( 1.090000000000000080, 0.7599999999999998979, -0.4699999999999999734 ) ) ;
#2180 = VECTOR ( 'NONE', #833, 1000.000000000000000 ) ;
#2181 = EDGE_LOOP ( 'NONE', ( #1285, #3976, #1491, #840, #1723, #2157, #1330, #3318, #3802, #3860 ) ) ;
#2182 = CARTESIAN_POINT ( 'NONE',  ( 1.090000000000000080, -0.8000000000000001554, 0.4299999999999999933 ) ) ;
#2183 = CARTESIAN_POINT ( 'NONE',  ( -0.4050000000000000266, 0.7599999999999998979, -0.4699999999999999734 ) ) ;
#2184 = CARTESIAN_POINT ( 'NONE',  ( -0.4050000000000000266, 0.5700000000000001732, -0.3899999999999999578 ) ) ;
#2185 = VECTOR ( 'NONE', #2341, 1000.000000000000000 ) ;
#2186 = VECTOR ( 'NONE', #3766, 1000.000000000000000 ) ;
#2187 =( NAMED_UNIT ( * ) SI_UNIT ( $, .STERADIAN. ) SOLID_ANGLE_UNIT ( ) );
#2188 = ORIENTED_EDGE ( 'NONE', *, *, #1591, .T. ) ;
#2189 = DIRECTION ( 'NONE',  ( 0.000000000000000000, 1.000000000000000000, 0.000000000000000000 ) ) ;
#2190 = FACE_OUTER_BOUND ( 'NONE', #153, .T. ) ;
#2191 = CARTESIAN_POINT ( 'NONE',  ( -1.089999999999999858, -0.7600000000000001199, 0.4699999999999999734 ) ) ;
#2192 = ORIENTED_EDGE ( 'NONE', *, *, #210, .T. ) ;
#2193 = CARTESIAN_POINT ( 'NONE',  ( 0.4050000000000000266, -0.7600000000000001199, -0.4299999999999999933 ) ) ;
#2194 = VECTOR ( 'NONE', #864, 1000.000000000000000 ) ;
#2195 = EDGE_LOOP ( 'NONE', ( #3187, #3828, #1798, #667 ) ) ;
#2196 = EDGE_CURVE ( 'NONE', #387, #2315, #1311, .T. ) ;
#2197 = CARTESIAN_POINT ( 'NONE',  ( 0.4050000000000000266, 0.000000000000000000, 0.000000000000000000 ) ) ;
#2198 = EDGE_CURVE ( 'NONE', #2418, #2578, #3763, .T. ) ;
#2199 = COLOUR_RGB ( '',0.7529411764705882248, 0.7529411764705882248, 0.7529411764705882248 ) ;
#2200 = EDGE_CURVE ( 'NONE', #3813, #2662, #1290, .T. ) ;
#2201 = DIRECTION ( 'NONE',  ( 0.000000000000000000, 1.000000000000000000, 0.000000000000000000 ) ) ;
#2202 = DIRECTION ( 'NONE',  ( 0.000000000000000000, 0.000000000000000000, 1.000000000000000000 ) ) ;
#2203 = CARTESIAN_POINT ( 'NONE',  ( -0.3699999999999997735, 0.2000000000000001776, 0.4699999999999999734 ) ) ;
#2204 =( NAMED_UNIT ( * ) PLANE_ANGLE_UNIT ( ) SI_UNIT ( $, .RADIAN. ) );
#2205 = AXIS2_PLACEMENT_3D ( 'NONE', #1557, #546, #3629 ) ;
#2206 = DIRECTION ( 'NONE',  ( 0.000000000000000000, -1.000000000000000000, -1.129377263005734114E-16 ) ) ;
#2207 = PRESENTATION_STYLE_ASSIGNMENT (( #1488 ) ) ;
#2208 = DIRECTION ( 'NONE',  ( 0.000000000000000000, -1.000000000000000000, 0.000000000000000000 ) ) ;
#2209 = EDGE_LOOP ( 'NONE', ( #3803, #10, #1656 ) ) ;
#2210 = CIRCLE ( 'NONE', #1468, 0.03999999999999999389 ) ;
#2211 = AXIS2_PLACEMENT_3D ( 'NONE', #2455, #3540, #3199 ) ;
#2212 = SURFACE_STYLE_FILL_AREA ( #1147 ) ;
#2213 = CARTESIAN_POINT ( 'NONE',  ( 0.000000000000000000, 0.7999999999999999334, 0.4699999999999999734 ) ) ;
#2214 = ORIENTED_EDGE ( 'NONE', *, *, #4349, .T. ) ;
#2215 = DIRECTION ( 'NONE',  ( 0.000000000000000000, 0.000000000000000000, -1.000000000000000000 ) ) ;
#2216 = PRESENTATION_STYLE_ASSIGNMENT (( #2518 ) ) ;
#2217 = SURFACE_STYLE_USAGE ( .BOTH. , #1498 ) ;
#2218 = EDGE_CURVE ( 'NONE', #3713, #1943, #3396, .T. ) ;
#2219 = ORIENTED_EDGE ( 'NONE', *, *, #571, .F. ) ;
#2220 = EDGE_CURVE ( 'NONE', #4396, #3553, #3048, .T. ) ;
#2221 = FACE_OUTER_BOUND ( 'NONE', #2252, .T. ) ;
#2222 = DIRECTION ( 'NONE',  ( 0.000000000000000000, -1.000000000000000000, 0.000000000000000000 ) ) ;
#2223 = CARTESIAN_POINT ( 'NONE',  ( -0.4050000000000000266, -4.404571325722362379E-17, 0.3899999999999999578 ) ) ;
#2224 = CARTESIAN_POINT ( 'NONE',  ( -1.600000000000000089, 0.7599999999999998979, -0.4299999999999999933 ) ) ;
#2225 = LINE ( 'NONE', #1874, #2194 ) ;
#2226 = ORIENTED_EDGE ( 'NONE', *, *, #57, .T. ) ;
#2227 = DIRECTION ( 'NONE',  ( 1.000000000000000000, -0.000000000000000000, 0.000000000000000000 ) ) ;
#2228 = DIRECTION ( 'NONE',  ( 0.000000000000000000, -1.000000000000000000, -0.000000000000000000 ) ) ;
#2229 = EDGE_CURVE ( 'NONE', #2838, #1820, #54, .T. ) ;
#2230 = ORIENTED_EDGE ( 'NONE', *, *, #2286, .T. ) ;
#2231 = CARTESIAN_POINT ( 'NONE',  ( 1.560000000000000275, 2.114194236346734386E-16, 0.4699999999999999734 ) ) ;
#2232 = DIRECTION ( 'NONE',  ( -0.000000000000000000, 1.000000000000000000, 0.000000000000000000 ) ) ;
#2233 = DIRECTION ( 'NONE',  ( 5.421010862427522959E-15, 0.000000000000000000, -1.000000000000000000 ) ) ;
#2234 = ORIENTED_EDGE ( 'NONE', *, *, #772, .T. ) ;
#2235 = CARTESIAN_POINT ( 'NONE',  ( -0.8499999999999997558, -0.1999999999999999833, 0.3699999999999999956 ) ) ;
#2236 = AXIS2_PLACEMENT_3D ( 'NONE', #4341, #1905, #893 ) ;
#2237 = MECHANICAL_DESIGN_GEOMETRIC_PRESENTATION_REPRESENTATION (  '', ( #4255 ), #2316 ) ;
#2238 = CARTESIAN_POINT ( 'NONE',  ( -1.560000000000000053, 0.7599999999999998979, 0.4299999999999999933 ) ) ;
#2239 = DIRECTION ( 'NONE',  ( 1.000000000000000000, -0.000000000000000000, 0.000000000000000000 ) ) ;
#2240 = VECTOR ( 'NONE', #476, 1000.000000000000000 ) ;
#2241 =( NAMED_UNIT ( * ) PLANE_ANGLE_UNIT ( ) SI_UNIT ( $, .RADIAN. ) );
#2242 =( NAMED_UNIT ( * ) SI_UNIT ( $, .STERADIAN. ) SOLID_ANGLE_UNIT ( ) );
#2243 = CARTESIAN_POINT ( 'NONE',  ( -0.4050000000000000266, 0.7599999999999998979, -0.4299999999999999933 ) ) ;
#2244 = CARTESIAN_POINT ( 'NONE',  ( 0.000000000000000000, -0.7600000000000001199, -0.4299999999999999933 ) ) ;
#2245 =( GEOMETRIC_REPRESENTATION_CONTEXT ( 3 ) GLOBAL_UNCERTAINTY_ASSIGNED_CONTEXT ( ( #1056 ) ) GLOBAL_UNIT_ASSIGNED_CONTEXT ( ( #3929, #2523, #3885 ) ) REPRESENTATION_CONTEXT ( 'NONE', 'WORKASPACE' ) );
#2246 = ORIENTED_EDGE ( 'NONE', *, *, #1844, .F. ) ;
#2247 =( NAMED_UNIT ( * ) SI_UNIT ( $, .STERADIAN. ) SOLID_ANGLE_UNIT ( ) );
#2248 = VECTOR ( 'NONE', #2737, 1000.000000000000000 ) ;
#2249 = SURFACE_STYLE_FILL_AREA ( #98 ) ;
#2250 = VECTOR ( 'NONE', #1011, 1000.000000000000000 ) ;
#2251 = VECTOR ( 'NONE', #3210, 1000.000000000000000 ) ;
#2252 = EDGE_LOOP ( 'NONE', ( #556, #1787, #4323, #2833 ) ) ;
#2253 = MECHANICAL_DESIGN_GEOMETRIC_PRESENTATION_REPRESENTATION (  '', ( #3977 ), #3688 ) ;
#2254 =( NAMED_UNIT ( * ) PLANE_ANGLE_UNIT ( ) SI_UNIT ( $, .RADIAN. ) );
#2255 = UNCERTAINTY_MEASURE_WITH_UNIT (LENGTH_MEASURE( 1.000000000000000082E-05 ), #1754, 'distance_accuracy_value', 'NONE');
#2256 = FILL_AREA_STYLE_COLOUR ( '', #1295 ) ;
#2257 = ORIENTED_EDGE ( 'NONE', *, *, #1755, .F. ) ;
#2258 = FACE_OUTER_BOUND ( 'NONE', #1416, .T. ) ;
#2259 = CYLINDRICAL_SURFACE ( 'NONE', #2135, 0.03999999999999999389 ) ;
#2260 = PRESENTATION_STYLE_ASSIGNMENT (( #1471 ) ) ;
#2261 = PRESENTATION_LAYER_ASSIGNMENT (  '', '', ( #4210 ) ) ;
#2262 = FACE_OUTER_BOUND ( 'NONE', #3988, .T. ) ;
#2263 = CARTESIAN_POINT ( 'NONE',  ( 1.560000000000000497, -0.8000000000000001554, -0.4699999999999999734 ) ) ;
#2264 = DIRECTION ( 'NONE',  ( 0.000000000000000000, 0.000000000000000000, 1.000000000000000000 ) ) ;
#2265 = STYLED_ITEM ( 'NONE', ( #1282 ), #3011 ) ;
#2266 = EDGE_CURVE ( 'NONE', #311, #3596, #3108, .T. ) ;
#2267 = CARTESIAN_POINT ( 'NONE',  ( 0.000000000000000000, 0.7599999999999998979, 0.4699999999999999734 ) ) ;
#2268 = VERTEX_POINT ( 'NONE', #317 ) ;
#2269 = SURFACE_STYLE_FILL_AREA ( #1204 ) ;
#2270 =( NAMED_UNIT ( * ) SI_UNIT ( $, .STERADIAN. ) SOLID_ANGLE_UNIT ( ) );
#2271 = CARTESIAN_POINT ( 'NONE',  ( -0.4050000000000000266, -0.5700000000000001732, 0.000000000000000000 ) ) ;
#2272 =( GEOMETRIC_REPRESENTATION_CONTEXT ( 3 ) GLOBAL_UNCERTAINTY_ASSIGNED_CONTEXT ( ( #685 ) ) GLOBAL_UNIT_ASSIGNED_CONTEXT ( ( #1863, #418, #3956 ) ) REPRESENTATION_CONTEXT ( 'NONE', 'WORKASPACE' ) );
#2273 = VECTOR ( 'NONE', #2222, 1000.000000000000000 ) ;
#2274 = ORIENTED_EDGE ( 'NONE', *, *, #1618, .T. ) ;
#2275 = ORIENTED_EDGE ( 'NONE', *, *, #3580, .T. ) ;
#2276 = AXIS2_PLACEMENT_3D ( 'NONE', #3134, #1014, #425 ) ;
#2277 = FILL_AREA_STYLE ('',( #1911 ) ) ;
#2278 = FILL_AREA_STYLE_COLOUR ( '', #4049 ) ;
#2279 = SURFACE_SIDE_STYLE ('',( #1130 ) ) ;
#2280 = ORIENTED_EDGE ( 'NONE', *, *, #3445, .F. ) ;
#2281 = CARTESIAN_POINT ( 'NONE',  ( 0.4050000000000000266, 0.5700000000000001732, 0.4699999999999999734 ) ) ;
#2282 = ADVANCED_FACE ( 'NONE', ( #4422 ), #2450, .T. ) ;
#2283 = STYLED_ITEM ( 'NONE', ( #2846 ), #3923 ) ;
#2284 =( LENGTH_UNIT ( ) NAMED_UNIT ( * ) SI_UNIT ( .MILLI., .METRE. ) );
#2285 = FACE_OUTER_BOUND ( 'NONE', #1171, .T. ) ;
#2286 = EDGE_CURVE ( 'NONE', #4205, #761, #696, .T. ) ;
#2287 = DIRECTION ( 'NONE',  ( 0.000000000000000000, -1.000000000000000000, 0.000000000000000000 ) ) ;
#2288 = FILL_AREA_STYLE_COLOUR ( '', #451 ) ;
#2289 = PLANE ( 'NONE',  #111 ) ;
#2290 = DIRECTION ( 'NONE',  ( 1.000000000000000000, -0.000000000000000000, 0.000000000000000000 ) ) ;
#2291 = EDGE_CURVE ( 'NONE', #1499, #3513, #1409, .T. ) ;
#2292 = DIRECTION ( 'NONE',  ( 0.000000000000000000, 1.000000000000000000, 0.000000000000000000 ) ) ;
#2293 = ORIENTED_EDGE ( 'NONE', *, *, #1113, .T. ) ;
#2294 =( NAMED_UNIT ( * ) PLANE_ANGLE_UNIT ( ) SI_UNIT ( $, .RADIAN. ) );
#2295 = UNCERTAINTY_MEASURE_WITH_UNIT (LENGTH_MEASURE( 1.000000000000000082E-05 ), #4030, 'distance_accuracy_value', 'NONE');
#2296 = UNCERTAINTY_MEASURE_WITH_UNIT (LENGTH_MEASURE( 1.000000000000000082E-05 ), #4171, 'distance_accuracy_value', 'NONE');
#2297 = PRESENTATION_STYLE_ASSIGNMENT (( #2970 ) ) ;
#2298 = ORIENTED_EDGE ( 'NONE', *, *, #2988, .T. ) ;
#2299 =( NAMED_UNIT ( * ) SI_UNIT ( $, .STERADIAN. ) SOLID_ANGLE_UNIT ( ) );
#2300 = UNCERTAINTY_MEASURE_WITH_UNIT (LENGTH_MEASURE( 1.000000000000000082E-05 ), #1780, 'distance_accuracy_value', 'NONE');
#2301 = CARTESIAN_POINT ( 'NONE',  ( 1.560000000000000275, -0.8000000000000001554, 0.4299999999999999933 ) ) ;
#2302 = DIRECTION ( 'NONE',  ( 1.000000000000000000, 0.000000000000000000, -5.421010862427507971E-15 ) ) ;
#2303 = ORIENTED_EDGE ( 'NONE', *, *, #4159, .T. ) ;
#2304 = PLANE ( 'NONE',  #439 ) ;
#2305 = SURFACE_STYLE_FILL_AREA ( #590 ) ;
#2306 = LINE ( 'NONE', #566, #4045 ) ;
#2307 = FILL_AREA_STYLE ('',( #905 ) ) ;
#2308 = AXIS2_PLACEMENT_3D ( 'NONE', #2812, #795, #1847 ) ;
#2309 =( NAMED_UNIT ( * ) PLANE_ANGLE_UNIT ( ) SI_UNIT ( $, .RADIAN. ) );
#2310 =( LENGTH_UNIT ( ) NAMED_UNIT ( * ) SI_UNIT ( .MILLI., .METRE. ) );
#2311 = STYLED_ITEM ( 'NONE', ( #3382 ), #245 ) ;
#2312 = SURFACE_STYLE_USAGE ( .BOTH. , #3053 ) ;
#2313 = PLANE ( 'NONE',  #1822 ) ;
#2314 = ORIENTED_EDGE ( 'NONE', *, *, #92, .T. ) ;
#2315 = VERTEX_POINT ( 'NONE', #2029 ) ;
#2316 =( GEOMETRIC_REPRESENTATION_CONTEXT ( 3 ) GLOBAL_UNCERTAINTY_ASSIGNED_CONTEXT ( ( #4153 ) ) GLOBAL_UNIT_ASSIGNED_CONTEXT ( ( #3127, #1207, #553 ) ) REPRESENTATION_CONTEXT ( 'NONE', 'WORKASPACE' ) );
#2317 = EDGE_CURVE ( 'NONE', #40, #777, #4096, .T. ) ;
#2318 = DIRECTION ( 'NONE',  ( -1.000000000000000000, -0.000000000000000000, -0.000000000000000000 ) ) ;
#2319 = LINE ( 'NONE', #3291, #4033 ) ;
#2320 = DIRECTION ( 'NONE',  ( 1.000000000000000000, 0.000000000000000000, -0.000000000000000000 ) ) ;
#2321 = DIRECTION ( 'NONE',  ( 0.000000000000000000, 0.000000000000000000, 1.000000000000000000 ) ) ;
#2322 = PRESENTATION_LAYER_ASSIGNMENT (  '', '', ( #1142 ) ) ;
#2323 = ORIENTED_EDGE ( 'NONE', *, *, #449, .F. ) ;
#2325 = ORIENTED_EDGE ( 'NONE', *, *, #4463, .F. ) ;
#2324 =( GEOMETRIC_REPRESENTATION_CONTEXT ( 3 ) GLOBAL_UNCERTAINTY_ASSIGNED_CONTEXT ( ( #797 ) ) GLOBAL_UNIT_ASSIGNED_CONTEXT ( ( #1948, #3293, #1584 ) ) REPRESENTATION_CONTEXT ( 'NONE', 'WORKASPACE' ) );
#2326 = LINE ( 'NONE', #3296, #15 ) ;
#2327 = AXIS2_PLACEMENT_3D ( 'NONE', #937, #1895, #2943 ) ;
#2328 = PRESENTATION_STYLE_ASSIGNMENT (( #3412 ) ) ;
#2329 =( NAMED_UNIT ( * ) SI_UNIT ( $, .STERADIAN. ) SOLID_ANGLE_UNIT ( ) );
#2330 = VECTOR ( 'NONE', #2033, 1000.000000000000000 ) ;
#2331 = STYLED_ITEM ( 'NONE', ( #2328 ), #1328 ) ;
#2332 = ORIENTED_EDGE ( 'NONE', *, *, #3348, .F. ) ;
#2333 = ADVANCED_FACE ( 'NONE', ( #2757 ), #1729, .T. ) ;
#2334 =( GEOMETRIC_REPRESENTATION_CONTEXT ( 3 ) GLOBAL_UNCERTAINTY_ASSIGNED_CONTEXT ( ( #4092 ) ) GLOBAL_UNIT_ASSIGNED_CONTEXT ( ( #3220, #1829, #4226 ) ) REPRESENTATION_CONTEXT ( 'NONE', 'WORKASPACE' ) );
#2335 = DIRECTION ( 'NONE',  ( -0.000000000000000000, 0.000000000000000000, -1.000000000000000000 ) ) ;
#2336 = DIRECTION ( 'NONE',  ( -0.000000000000000000, 0.000000000000000000, -1.000000000000000000 ) ) ;
#2337 = ADVANCED_FACE ( 'NONE', ( #3191 ), #1850, .T. ) ;
#2338 = AXIS2_PLACEMENT_3D ( 'NONE', #3063, #2711, #1791 ) ;
#2339 = DIRECTION ( 'NONE',  ( -3.952820420520068413E-16, 1.000000000000000000, 0.000000000000000000 ) ) ;
#2340 = FACE_OUTER_BOUND ( 'NONE', #4338, .T. ) ;
#2341 = DIRECTION ( 'NONE',  ( 0.000000000000000000, 0.000000000000000000, -1.000000000000000000 ) ) ;
#2342 = FACE_OUTER_BOUND ( 'NONE', #607, .T. ) ;
#2343 = LINE ( 'NONE', #2036, #3338 ) ;
#2344 = DIRECTION ( 'NONE',  ( 1.000000000000000000, 0.000000000000000000, -0.000000000000000000 ) ) ;
#2345 = DIRECTION ( 'NONE',  ( 0.000000000000000000, -1.000000000000000000, 0.000000000000000000 ) ) ;
#2346 = CARTESIAN_POINT ( 'NONE',  ( 0.4050000000000000266, 0.5700000000000001732, -0.4699999999999999734 ) ) ;
#2347 = ORIENTED_EDGE ( 'NONE', *, *, #1238, .F. ) ;
#2348 = VECTOR ( 'NONE', #3989, 1000.000000000000000 ) ;
#2349 = ORIENTED_EDGE ( 'NONE', *, *, #1230, .F. ) ;
#2350 = FILL_AREA_STYLE_COLOUR ( '', #4062 ) ;
#2351 = ADVANCED_FACE ( 'NONE', ( #1129 ), #2843, .T. ) ;
#2352 = FILL_AREA_STYLE ('',( #1262 ) ) ;
#2353 = UNCERTAINTY_MEASURE_WITH_UNIT (LENGTH_MEASURE( 1.000000000000000082E-05 ), #3691, 'distance_accuracy_value', 'NONE');
#2354 = MECHANICAL_DESIGN_GEOMETRIC_PRESENTATION_REPRESENTATION (  '', ( #1765 ), #886 ) ;
#2355 = PRESENTATION_STYLE_ASSIGNMENT (( #948 ) ) ;
#2356 = VECTOR ( 'NONE', #3359, 1000.000000000000000 ) ;
#2357 = DIRECTION ( 'NONE',  ( 0.000000000000000000, -1.129377263005734114E-16, 1.000000000000000000 ) ) ;
#2358 = ORIENTED_EDGE ( 'NONE', *, *, #1795, .T. ) ;
#2359 = FILL_AREA_STYLE_COLOUR ( '', #1631 ) ;
#2360 = MECHANICAL_DESIGN_GEOMETRIC_PRESENTATION_REPRESENTATION (  '', ( #3264 ), #3062 ) ;
#2361 = AXIS2_PLACEMENT_3D ( 'NONE', #2825, #6, #1767 ) ;
#2362 =( LENGTH_UNIT ( ) NAMED_UNIT ( * ) SI_UNIT ( .MILLI., .METRE. ) );
#2363 = DIRECTION ( 'NONE',  ( 0.000000000000000000, 0.000000000000000000, -1.000000000000000000 ) ) ;
#2364 = MECHANICAL_DESIGN_GEOMETRIC_PRESENTATION_REPRESENTATION (  '', ( #3347 ), #1027 ) ;
#2365 = EDGE_CURVE ( 'NONE', #2166, #892, #1819, .T. ) ;
#2366 =( NAMED_UNIT ( * ) PLANE_ANGLE_UNIT ( ) SI_UNIT ( $, .RADIAN. ) );
#2367 = EDGE_CURVE ( 'NONE', #49, #3513, #1619, .T. ) ;
#2368 = CARTESIAN_POINT ( 'NONE',  ( 0.4050000000000000266, -0.7600000000000001199, -0.4699999999999999734 ) ) ;
#2369 = FILL_AREA_STYLE ('',( #572 ) ) ;
#2370 = DIRECTION ( 'NONE',  ( 0.000000000000000000, -0.000000000000000000, 1.000000000000000000 ) ) ;
#2371 = FILL_AREA_STYLE ('',( #3423 ) ) ;
#2372 = ORIENTED_EDGE ( 'NONE', *, *, #3608, .T. ) ;
#2373 = PLANE ( 'NONE',  #2745 ) ;
#2374 =( LENGTH_UNIT ( ) NAMED_UNIT ( * ) SI_UNIT ( .MILLI., .METRE. ) );
#2375 = ORIENTED_EDGE ( 'NONE', *, *, #3149, .T. ) ;
#2376 = ORIENTED_EDGE ( 'NONE', *, *, #1923, .F. ) ;
#2377 = CARTESIAN_POINT ( 'NONE',  ( -1.089999999999999858, -0.8000000000000001554, 0.4299999999999999933 ) ) ;
#2378 = EDGE_CURVE ( 'NONE', #3612, #3424, #849, .T. ) ;
#2379 = CARTESIAN_POINT ( 'NONE',  ( 0.000000000000000000, -0.8000000000000001554, -0.4299999999999999933 ) ) ;
#2380 = ORIENTED_EDGE ( 'NONE', *, *, #4256, .T. ) ;
#2381 =( NAMED_UNIT ( * ) SI_UNIT ( $, .STERADIAN. ) SOLID_ANGLE_UNIT ( ) );
#2382 = LINE ( 'NONE', #3085, #3020 ) ;
#2383 = SURFACE_STYLE_FILL_AREA ( #4097 ) ;
#2384 = DIRECTION ( 'NONE',  ( 0.000000000000000000, 0.000000000000000000, -1.000000000000000000 ) ) ;
#2385 = AXIS2_PLACEMENT_3D ( 'NONE', #2193, #4239, #445 ) ;
#2386 = CARTESIAN_POINT ( 'NONE',  ( 0.000000000000000000, 0.7999999999999999334, 0.4699999999999999734 ) ) ;
#2387 = CARTESIAN_POINT ( 'NONE',  ( 1.090000000000000080, 0.7999999999999999334, -0.4299999999999999933 ) ) ;
#2388 = ORIENTED_EDGE ( 'NONE', *, *, #2564, .T. ) ;
#2389 = VECTOR ( 'NONE', #179, 1000.000000000000000 ) ;
#2390 = DIRECTION ( 'NONE',  ( -0.000000000000000000, 1.000000000000000000, 0.000000000000000000 ) ) ;
#2391 = UNCERTAINTY_MEASURE_WITH_UNIT (LENGTH_MEASURE( 1.000000000000000082E-05 ), #2785, 'distance_accuracy_value', 'NONE');
#2392 = EDGE_CURVE ( 'NONE', #4307, #3553, #3047, .T. ) ;
#2393 = EDGE_LOOP ( 'NONE', ( #2548, #1126, #3874, #3393 ) ) ;
#2394 = ORIENTED_EDGE ( 'NONE', *, *, #2934, .T. ) ;
#2395 = CARTESIAN_POINT ( 'NONE',  ( -1.560000000000000053, 0.000000000000000000, -0.4699999999999999734 ) ) ;
#2396 = AXIS2_PLACEMENT_3D ( 'NONE', #1681, #3689, #1638 ) ;
#2397 = AXIS2_PLACEMENT_3D ( 'NONE', #1647, #527, #4386 ) ;
#2398 = FACE_OUTER_BOUND ( 'NONE', #1150, .T. ) ;
#2399 = COLOUR_RGB ( '',0.7529411764705882248, 0.7529411764705882248, 0.7529411764705882248 ) ;
#2400 = VECTOR ( 'NONE', #3797, 1000.000000000000000 ) ;
#2401 = ORIENTED_EDGE ( 'NONE', *, *, #4343, .F. ) ;
#2402 = PRESENTATION_STYLE_ASSIGNMENT (( #988 ) ) ;
#2403 = CIRCLE ( 'NONE', #2480, 0.04000000000000010492 ) ;
#2404 = DIRECTION ( 'NONE',  ( 0.000000000000000000, 1.000000000000000000, 1.390002785237826621E-16 ) ) ;
#2405 = FACE_OUTER_BOUND ( 'NONE', #4452, .T. ) ;
#2406 = PRESENTATION_LAYER_ASSIGNMENT (  '', '', ( #1669 ) ) ;
#2407 = CARTESIAN_POINT ( 'NONE',  ( -0.4050000000000000266, -0.7200000000000001954, 0.000000000000000000 ) ) ;
#2408 = AXIS2_PLACEMENT_3D ( 'NONE', #1561, #1472, #1536 ) ;
#2409 = DIRECTION ( 'NONE',  ( 0.000000000000000000, 0.000000000000000000, -1.000000000000000000 ) ) ;
#2410 = DIRECTION ( 'NONE',  ( 0.000000000000000000, 0.000000000000000000, 1.000000000000000000 ) ) ;
#2411 = STYLED_ITEM ( 'NONE', ( #510 ), #2440 ) ;
#2412 = DIRECTION ( 'NONE',  ( 0.000000000000000000, -0.000000000000000000, 1.000000000000000000 ) ) ;
#2413 = EDGE_LOOP ( 'NONE', ( #3370, #3754, #229, #3233 ) ) ;
#2414 = COLOUR_RGB ( '',1.000000000000000000, 0.000000000000000000, 0.000000000000000000 ) ;
#2415 = LINE ( 'NONE', #682, #2815 ) ;
#2416 = DIRECTION ( 'NONE',  ( 0.000000000000000000, -0.000000000000000000, 1.000000000000000000 ) ) ;
#2417 = AXIS2_PLACEMENT_3D ( 'NONE', #2238, #2335, #2651 ) ;
#2418 = VERTEX_POINT ( 'NONE', #535 ) ;
#2419 = EDGE_LOOP ( 'NONE', ( #2877, #1273, #928, #4021 ) ) ;
#2420 = CARTESIAN_POINT ( 'NONE',  ( -0.4050000000000000266, 0.5700000000000001732, -0.4699999999999999734 ) ) ;
#2421 = CARTESIAN_POINT ( 'NONE',  ( -0.4050000000000000266, -4.404571325722362379E-17, 0.3899999999999999578 ) ) ;
#2422 = DIRECTION ( 'NONE',  ( 0.000000000000000000, 0.000000000000000000, -1.000000000000000000 ) ) ;
#2423 = CARTESIAN_POINT ( 'NONE',  ( -0.3699999999999996625, -0.2000000000000000111, 0.3699999999999999956 ) ) ;
#2424 =( GEOMETRIC_REPRESENTATION_CONTEXT ( 3 ) GLOBAL_UNCERTAINTY_ASSIGNED_CONTEXT ( ( #3869 ) ) GLOBAL_UNIT_ASSIGNED_CONTEXT ( ( #1266, #878, #4140 ) ) REPRESENTATION_CONTEXT ( 'NONE', 'WORKASPACE' ) );
#2425 = ORIENTED_EDGE ( 'NONE', *, *, #992, .T. ) ;
#2426 =( GEOMETRIC_REPRESENTATION_CONTEXT ( 3 ) GLOBAL_UNCERTAINTY_ASSIGNED_CONTEXT ( ( #3087 ) ) GLOBAL_UNIT_ASSIGNED_CONTEXT ( ( #867, #3656, #1511 ) ) REPRESENTATION_CONTEXT ( 'NONE', 'WORKASPACE' ) );
#2427 = DIRECTION ( 'NONE',  ( 1.000000000000000000, -0.000000000000000000, 0.000000000000000000 ) ) ;
#2428 = ORIENTED_EDGE ( 'NONE', *, *, #2051, .T. ) ;
#2429 = VECTOR ( 'NONE', #389, 1000.000000000000000 ) ;
#2430 = CARTESIAN_POINT ( 'NONE',  ( 0.4050000000000000266, 0.7599999999999998979, -0.4699999999999999734 ) ) ;
#2431 = DIRECTION ( 'NONE',  ( -0.000000000000000000, -0.000000000000000000, -1.000000000000000000 ) ) ;
#2432 = PRESENTATION_LAYER_ASSIGNMENT (  '', '', ( #1774 ) ) ;
#2433 = VECTOR ( 'NONE', #3281, 1000.000000000000000 ) ;
#2434 = PLANE ( 'NONE',  #3313 ) ;
#2435 = ADVANCED_FACE ( 'NONE', ( #3298 ), #3620, .T. ) ;
#2436 = PRESENTATION_STYLE_ASSIGNMENT (( #545 ) ) ;
#2437 = SURFACE_STYLE_FILL_AREA ( #4180 ) ;
#2438 = PRESENTATION_LAYER_ASSIGNMENT (  '', '', ( #361 ) ) ;
#2439 = ORIENTED_EDGE ( 'NONE', *, *, #4487, .T. ) ;
#2440 = ADVANCED_FACE ( 'NONE', ( #2647 ), #3255, .F. ) ;
#2441 = DIRECTION ( 'NONE',  ( -1.000000000000000000, 0.000000000000000000, 0.000000000000000000 ) ) ;
#2442 = CARTESIAN_POINT ( 'NONE',  ( 0.4050000000000000266, -0.8000000000000001554, -0.4299999999999999933 ) ) ;
#2443 = UNCERTAINTY_MEASURE_WITH_UNIT (LENGTH_MEASURE( 1.000000000000000082E-05 ), #2075, 'distance_accuracy_value', 'NONE');
#2444 = ORIENTED_EDGE ( 'NONE', *, *, #644, .T. ) ;
#2445 = VERTEX_POINT ( 'NONE', #2301 ) ;
#2446 = CARTESIAN_POINT ( 'NONE',  ( -0.4050000000000000266, -0.7200000000000001954, 0.3899999999999998468 ) ) ;
#2447 = ORIENTED_EDGE ( 'NONE', *, *, #4417, .F. ) ;
#2448 = PLANE ( 'NONE',  #1324 ) ;
#2449 = DIRECTION ( 'NONE',  ( 1.000000000000000000, -5.646886315028668105E-17, 0.000000000000000000 ) ) ;
#2450 = PLANE ( 'NONE',  #126 ) ;
#2451 = SURFACE_STYLE_FILL_AREA ( #2474 ) ;
#2452 =( NAMED_UNIT ( * ) SI_UNIT ( $, .STERADIAN. ) SOLID_ANGLE_UNIT ( ) );
#2453 = LINE ( 'NONE', #348, #3967 ) ;
#2454 = PRESENTATION_STYLE_ASSIGNMENT (( #3089 ) ) ;
#2455 = CARTESIAN_POINT ( 'NONE',  ( -0.8499999999999997558, 0.1999999999999999833, 0.3699999999999999956 ) ) ;
#2456 = ORIENTED_EDGE ( 'NONE', *, *, #220, .F. ) ;
#2458 = STYLED_ITEM ( 'NONE', ( #2402 ), #89 ) ;
#2457 = DIRECTION ( 'NONE',  ( 1.000000000000000000, -0.000000000000000000, 0.000000000000000000 ) ) ;
#2459 = DIRECTION ( 'NONE',  ( 0.000000000000000000, 1.000000000000000000, 0.000000000000000000 ) ) ;
#2460 = VERTEX_POINT ( 'NONE', #3663 ) ;
#2461 = PRESENTATION_LAYER_ASSIGNMENT (  '', '', ( #1870 ) ) ;
#2462 = EDGE_CURVE ( 'NONE', #1877, #4247, #558, .T. ) ;
#2463 = VERTEX_POINT ( 'NONE', #4373 ) ;
#2464 = SURFACE_SIDE_STYLE ('',( #4145 ) ) ;
#2465 =( LENGTH_UNIT ( ) NAMED_UNIT ( * ) SI_UNIT ( .MILLI., .METRE. ) );
#2466 = STYLED_ITEM ( 'NONE', ( #3930 ), #513 ) ;
#2467 = ORIENTED_EDGE ( 'NONE', *, *, #2071, .T. ) ;
#2468 = DIRECTION ( 'NONE',  ( 0.000000000000000000, 0.000000000000000000, -1.000000000000000000 ) ) ;
#2469 = MECHANICAL_DESIGN_GEOMETRIC_PRESENTATION_REPRESENTATION (  '', ( #2466 ), #2098 ) ;
#2470 = DIRECTION ( 'NONE',  ( 1.000000000000000000, 0.000000000000000000, 0.000000000000000000 ) ) ;
#2471 = CARTESIAN_POINT ( 'NONE',  ( 0.4050000000000000266, -0.7200000000000001954, 0.000000000000000000 ) ) ;
#2472 = VECTOR ( 'NONE', #3870, 1000.000000000000000 ) ;
#2473 = COLOUR_RGB ( '',0.7529411764705882248, 0.7529411764705882248, 0.7529411764705882248 ) ;
#2474 = FILL_AREA_STYLE ('',( #3488 ) ) ;
#2475 = CARTESIAN_POINT ( 'NONE',  ( 1.090000000000000080, 0.7599999999999998979, -0.4299999999999999933 ) ) ;
#2476 = AXIS2_PLACEMENT_3D ( 'NONE', #1092, #779, #497 ) ;
#2477 = LINE ( 'NONE', #3071, #3535 ) ;
#2478 = CARTESIAN_POINT ( 'NONE',  ( -0.8499999999999997558, -0.1999999999999999833, 0.4699999999999999734 ) ) ;
#2479 = CIRCLE ( 'NONE', #2109, 0.03999999999999999389 ) ;
#2480 = AXIS2_PLACEMENT_3D ( 'NONE', #2800, #975, #3743 ) ;
#2481 = SURFACE_SIDE_STYLE ('',( #680 ) ) ;
#2482 = VERTEX_POINT ( 'NONE', #2510 ) ;
#2483 =( GEOMETRIC_REPRESENTATION_CONTEXT ( 3 ) GLOBAL_UNCERTAINTY_ASSIGNED_CONTEXT ( ( #1237 ) ) GLOBAL_UNIT_ASSIGNED_CONTEXT ( ( #3898, #3531, #2892 ) ) REPRESENTATION_CONTEXT ( 'NONE', 'WORKASPACE' ) );
#2484 = FACE_OUTER_BOUND ( 'NONE', #4090, .T. ) ;
#2485 = DIRECTION ( 'NONE',  ( -0.000000000000000000, -0.000000000000000000, -1.000000000000000000 ) ) ;
#2486 = SURFACE_STYLE_USAGE ( .BOTH. , #357 ) ;
#2487 = DIRECTION ( 'NONE',  ( 0.000000000000000000, 0.000000000000000000, -1.000000000000000000 ) ) ;
#2488 = ADVANCED_FACE ( 'NONE', ( #2002 ), #3181, .F. ) ;
#2489 = COLOUR_RGB ( '',0.7529411764705882248, 0.7529411764705882248, 0.7529411764705882248 ) ;
#2490 = VERTEX_POINT ( 'NONE', #3871 ) ;
#2491 = ORIENTED_EDGE ( 'NONE', *, *, #719, .T. ) ;
#2492 = FILL_AREA_STYLE ('',( #1381 ) ) ;
#2493 = EDGE_LOOP ( 'NONE', ( #1401, #1622, #4369, #1889 ) ) ;
#2494 = STYLED_ITEM ( 'NONE', ( #723 ), #2860 ) ;
#2495 = PRESENTATION_STYLE_ASSIGNMENT (( #81 ) ) ;
#2496 = CIRCLE ( 'NONE', #3056, 0.03999999999999999389 ) ;
#2497 = CARTESIAN_POINT ( 'NONE',  ( -0.4050000000000000266, 0.5700000000000001732, 0.000000000000000000 ) ) ;
#2498 = ORIENTED_EDGE ( 'NONE', *, *, #4261, .F. ) ;
#2499 =( NAMED_UNIT ( * ) PLANE_ANGLE_UNIT ( ) SI_UNIT ( $, .RADIAN. ) );
#2500 =( LENGTH_UNIT ( ) NAMED_UNIT ( * ) SI_UNIT ( .MILLI., .METRE. ) );
#2501 = CARTESIAN_POINT ( 'NONE',  ( 0.4050000000000000266, -0.7600000000000001199, 0.4299999999999999933 ) ) ;
#2502 = SURFACE_SIDE_STYLE ('',( #1088 ) ) ;
#2503 =( GEOMETRIC_REPRESENTATION_CONTEXT ( 3 ) GLOBAL_UNCERTAINTY_ASSIGNED_CONTEXT ( ( #4138 ) ) GLOBAL_UNIT_ASSIGNED_CONTEXT ( ( #4005, #2624, #3661 ) ) REPRESENTATION_CONTEXT ( 'NONE', 'WORKASPACE' ) );
#2504 = ADVANCED_FACE ( 'NONE', ( #735 ), #1047, .F. ) ;
#2505 = PRESENTATION_STYLE_ASSIGNMENT (( #352 ) ) ;
#2506 = EDGE_CURVE ( 'NONE', #2122, #1877, #3518, .T. ) ;
#2507 = ORIENTED_EDGE ( 'NONE', *, *, #4256, .F. ) ;
#2508 = CARTESIAN_POINT ( 'NONE',  ( -1.560000000000000053, -0.8000000000000001554, 0.4299999999999999933 ) ) ;
#2509 = CARTESIAN_POINT ( 'NONE',  ( 0.000000000000000000, 0.7599999999999998979, 0.4699999999999999734 ) ) ;
#2510 = CARTESIAN_POINT ( 'NONE',  ( -0.4050000000000000266, 0.5700000000000001732, 0.4699999999999999734 ) ) ;
#2511 = ORIENTED_EDGE ( 'NONE', *, *, #3275, .T. ) ;
#2512 = ORIENTED_EDGE ( 'NONE', *, *, #2876, .T. ) ;
#2513 = DIRECTION ( 'NONE',  ( 0.000000000000000000, -1.000000000000000000, -1.129377263005734114E-16 ) ) ;
#2514 = AXIS2_PLACEMENT_3D ( 'NONE', #2795, #1080, #2468 ) ;
#2515 = FACE_OUTER_BOUND ( 'NONE', #2690, .T. ) ;
#2516 = ORIENTED_EDGE ( 'NONE', *, *, #4159, .F. ) ;
#2517 = LINE ( 'NONE', #1476, #4293 ) ;
#2518 = SURFACE_STYLE_USAGE ( .BOTH. , #1057 ) ;
#2519 = CARTESIAN_POINT ( 'NONE',  ( 0.4050000000000000266, 0.5700000000000001732, 0.4699999999999999734 ) ) ;
#2520 = ORIENTED_EDGE ( 'NONE', *, *, #3308, .F. ) ;
#2521 = CARTESIAN_POINT ( 'NONE',  ( 1.090000000000000080, 0.7599999999999998979, 0.4299999999999999933 ) ) ;
#2522 = EDGE_LOOP ( 'NONE', ( #113, #1833, #1674, #2020 ) ) ;
#2523 =( NAMED_UNIT ( * ) PLANE_ANGLE_UNIT ( ) SI_UNIT ( $, .RADIAN. ) );
#2524 = CARTESIAN_POINT ( 'NONE',  ( -1.089999999999999858, -0.8000000000000001554, 0.4299999999999999933 ) ) ;
#2525 = SURFACE_STYLE_FILL_AREA ( #2857 ) ;
#2526 = CARTESIAN_POINT ( 'NONE',  ( 0.4050000000000000266, 0.5700000000000001732, 0.3900000000000000133 ) ) ;
#2527 =( LENGTH_UNIT ( ) NAMED_UNIT ( * ) SI_UNIT ( .MILLI., .METRE. ) );
#2528 = EDGE_LOOP ( 'NONE', ( #1558, #1467, #2043, #3258 ) ) ;
#2529 = SURFACE_SIDE_STYLE ('',( #2865 ) ) ;
#2530 = DIRECTION ( 'NONE',  ( 0.000000000000000000, -1.390002785237826374E-16, 1.000000000000000000 ) ) ;
#2531 = ADVANCED_FACE ( 'NONE', ( #70 ), #1441, .T. ) ;
#2532 = VECTOR ( 'NONE', #3189, 1000.000000000000000 ) ;
#2533 = ORIENTED_EDGE ( 'NONE', *, *, #2661, .F. ) ;
#2534 = EDGE_CURVE ( 'NONE', #2482, #1548, #1164, .T. ) ;
#2535 = EDGE_CURVE ( 'NONE', #756, #1877, #1556, .T. ) ;
#2536 = FILL_AREA_STYLE ('',( #3274 ) ) ;
#2537 = DIRECTION ( 'NONE',  ( 1.000000000000000000, 0.000000000000000000, -0.000000000000000000 ) ) ;
#2538 = STYLED_ITEM ( 'NONE', ( #3361 ), #315 ) ;
#2539 = DIRECTION ( 'NONE',  ( 1.000000000000000000, -0.000000000000000000, 0.000000000000000000 ) ) ;
#2540 = AXIS2_PLACEMENT_3D ( 'NONE', #1065, #2137, #683 ) ;
#2541 = ORIENTED_EDGE ( 'NONE', *, *, #941, .T. ) ;
#2542 = LINE ( 'NONE', #2873, #3636 ) ;
#2543 = AXIS2_PLACEMENT_3D ( 'NONE', #478, #3634, #3952 ) ;
#2544 = PRESENTATION_LAYER_ASSIGNMENT (  '', '', ( #47 ) ) ;
#2545 = FILL_AREA_STYLE ('',( #4227 ) ) ;
#2546 = CARTESIAN_POINT ( 'NONE',  ( 0.000000000000000000, -0.7600000000000001199, -0.4299999999999999933 ) ) ;
#2547 = STYLED_ITEM ( 'NONE', ( #1460 ), #929 ) ;
#2548 = ORIENTED_EDGE ( 'NONE', *, *, #1501, .F. ) ;
#2549 = ADVANCED_FACE ( 'NONE', ( #1200 ), #2859, .T. ) ;
#2550 = DIRECTION ( 'NONE',  ( -0.000000000000000000, 0.000000000000000000, -1.000000000000000000 ) ) ;
#2551 =( LENGTH_UNIT ( ) NAMED_UNIT ( * ) SI_UNIT ( .MILLI., .METRE. ) );
#2552 = FILL_AREA_STYLE_COLOUR ( '', #1067 ) ;
#2553 = VECTOR ( 'NONE', #1941, 1000.000000000000000 ) ;
#2554 = STYLED_ITEM ( 'NONE', ( #4319 ), #1320 ) ;
#2555 = CARTESIAN_POINT ( 'NONE',  ( 0.4050000000000000266, 0.7199999999999999734, -0.3899999999999999578 ) ) ;
#2556 = PLANE ( 'NONE',  #75 ) ;
#2557 = EDGE_LOOP ( 'NONE', ( #2214, #4375, #868, #1064 ) ) ;
#2559 = FILL_AREA_STYLE ('',( #3289 ) ) ;
#2558 = AXIS2_PLACEMENT_3D ( 'NONE', #3372, #1756, #1386 ) ;
#2560 = EDGE_CURVE ( 'NONE', #1776, #289, #2225, .T. ) ;
#2561 = PRESENTATION_LAYER_ASSIGNMENT (  '', '', ( #3977 ) ) ;
#2562 = ORIENTED_EDGE ( 'NONE', *, *, #1501, .T. ) ;
#2563 = CARTESIAN_POINT ( 'NONE',  ( -0.3699999999999997735, 0.2000000000000001776, 0.4699999999999999734 ) ) ;
#2564 = EDGE_CURVE ( 'NONE', #3783, #1548, #2879, .T. ) ;
#2565 =( NAMED_UNIT ( * ) PLANE_ANGLE_UNIT ( ) SI_UNIT ( $, .RADIAN. ) );
#2566 = DIRECTION ( 'NONE',  ( -1.000000000000000000, -0.000000000000000000, -0.000000000000000000 ) ) ;
#2567 = ORIENTED_EDGE ( 'NONE', *, *, #1338, .T. ) ;
#2568 = FILL_AREA_STYLE_COLOUR ( '', #746 ) ;
#2569 = MECHANICAL_DESIGN_GEOMETRIC_PRESENTATION_REPRESENTATION (  '', ( #5 ), #729 ) ;
#2570 = SURFACE_STYLE_USAGE ( .BOTH. , #123 ) ;
#2571 = STYLED_ITEM ( 'NONE', ( #1912 ), #3024 ) ;
#2572 = CARTESIAN_POINT ( 'NONE',  ( 0.4050000000000000266, 0.7999999999999999334, -0.4299999999999999933 ) ) ;
#2573 = PRESENTATION_STYLE_ASSIGNMENT (( #3603 ) ) ;
#2574 = SURFACE_STYLE_FILL_AREA ( #1162 ) ;
#2575 = ADVANCED_FACE ( 'NONE', ( #458 ), #499, .T. ) ;
#2576 = CARTESIAN_POINT ( 'NONE',  ( -0.4050000000000000266, 0.5700000000000001732, 0.000000000000000000 ) ) ;
#2577 = SURFACE_STYLE_USAGE ( .BOTH. , #2614 ) ;
#2578 = VERTEX_POINT ( 'NONE', #3998 ) ;
#2579 = VECTOR ( 'NONE', #730, 1000.000000000000000 ) ;
#2580 = DIRECTION ( 'NONE',  ( 1.000000000000000000, -0.000000000000000000, -0.000000000000000000 ) ) ;
#2581 =( NAMED_UNIT ( * ) PLANE_ANGLE_UNIT ( ) SI_UNIT ( $, .RADIAN. ) );
#2582 = DIRECTION ( 'NONE',  ( 0.000000000000000000, -1.000000000000000000, -1.129377263005734114E-16 ) ) ;
#2583 = PRESENTATION_LAYER_ASSIGNMENT (  '', '', ( #2995 ) ) ;
#2584 = ORIENTED_EDGE ( 'NONE', *, *, #3748, .T. ) ;
#2585 = DIRECTION ( 'NONE',  ( -0.000000000000000000, 0.000000000000000000, 1.000000000000000000 ) ) ;
#2586 = DIRECTION ( 'NONE',  ( 1.000000000000000000, -5.646886315028668105E-17, 0.000000000000000000 ) ) ;
#2587 = UNCERTAINTY_MEASURE_WITH_UNIT (LENGTH_MEASURE( 1.000000000000000082E-05 ), #1974, 'distance_accuracy_value', 'NONE');
#2588 = DIRECTION ( 'NONE',  ( 0.000000000000000000, -1.000000000000000000, 0.000000000000000000 ) ) ;
#2589 = EDGE_LOOP ( 'NONE', ( #1702, #2638, #2507, #3046 ) ) ;
#2590 = CARTESIAN_POINT ( 'NONE',  ( -1.560000000000000053, 0.000000000000000000, -0.4299999999999999933 ) ) ;
#2591 = CARTESIAN_POINT ( 'NONE',  ( -0.3699999999999997735, 0.2000000000000001776, 0.3699999999999999956 ) ) ;
#2592 = CARTESIAN_POINT ( 'NONE',  ( -0.4050000000000000266, 0.000000000000000000, 0.000000000000000000 ) ) ;
#2593 = CARTESIAN_POINT ( 'NONE',  ( 1.600000000000000533, -0.7600000000000001199, 0.4699999999999999734 ) ) ;
#2594 = ORIENTED_EDGE ( 'NONE', *, *, #747, .T. ) ;
#2595 = ORIENTED_EDGE ( 'NONE', *, *, #1795, .F. ) ;
#2596 = SURFACE_STYLE_FILL_AREA ( #100 ) ;
#2597 = FACE_OUTER_BOUND ( 'NONE', #3288, .T. ) ;
#2598 = VERTEX_POINT ( 'NONE', #1992 ) ;
#2599 = CARTESIAN_POINT ( 'NONE',  ( -0.4050000000000000266, -0.7200000000000001954, -0.3899999999999999578 ) ) ;
#2600 = VECTOR ( 'NONE', #2017, 1000.000000000000000 ) ;
#2601 = ADVANCED_FACE ( 'NONE', ( #3357 ), #1296, .F. ) ;
#2602 = DIRECTION ( 'NONE',  ( 0.000000000000000000, 0.000000000000000000, -1.000000000000000000 ) ) ;
#2603 =( NAMED_UNIT ( * ) SI_UNIT ( $, .STERADIAN. ) SOLID_ANGLE_UNIT ( ) );
#2604 = CARTESIAN_POINT ( 'NONE',  ( 1.560000000000000275, 2.114194236346734139E-16, 0.4299999999999999933 ) ) ;
#2605 = FACE_OUTER_BOUND ( 'NONE', #2162, .T. ) ;
#2606 = VECTOR ( 'NONE', #392, 1000.000000000000000 ) ;
#2607 = COLOUR_RGB ( '',0.7254901960784313486, 0.6666666666666666297, 0.6509803921568627638 ) ;
#2608 = PLANE ( 'NONE',  #416 ) ;
#2609 = CYLINDRICAL_SURFACE ( 'NONE', #3592, 0.03999999999999999389 ) ;
#2610 = CARTESIAN_POINT ( 'NONE',  ( 1.090000000000000080, 0.7999999999999999334, 0.4299999999999999933 ) ) ;
#2611 = FILL_AREA_STYLE_COLOUR ( '', #1525 ) ;
#2612 = VECTOR ( 'NONE', #4412, 1000.000000000000000 ) ;
#2613 = PRESENTATION_LAYER_ASSIGNMENT (  '', '', ( #2686 ) ) ;
#2614 = SURFACE_SIDE_STYLE ('',( #1166 ) ) ;
#2615 = EDGE_LOOP ( 'NONE', ( #3616, #475, #2456, #4414 ) ) ;
#2616 = CARTESIAN_POINT ( 'NONE',  ( 0.4050000000000000266, -0.7200000000000001954, 0.3899999999999998468 ) ) ;
#2617 =( GEOMETRIC_REPRESENTATION_CONTEXT ( 3 ) GLOBAL_UNCERTAINTY_ASSIGNED_CONTEXT ( ( #421 ) ) GLOBAL_UNIT_ASSIGNED_CONTEXT ( ( #2128, #848, #3177 ) ) REPRESENTATION_CONTEXT ( 'NONE', 'WORKASPACE' ) );
#2618 = FACE_OUTER_BOUND ( 'NONE', #1901, .T. ) ;
#2619 = PRESENTATION_STYLE_ASSIGNMENT (( #4316 ) ) ;
#2620 = ADVANCED_FACE ( 'NONE', ( #4037 ), #2313, .F. ) ;
#2621 = PRESENTATION_LAYER_ASSIGNMENT (  '', '', ( #265 ) ) ;
#2622 = AXIS2_PLACEMENT_3D ( 'NONE', #3166, #714, #2773 ) ;
#2623 = VERTEX_POINT ( 'NONE', #3673 ) ;
#2624 =( NAMED_UNIT ( * ) PLANE_ANGLE_UNIT ( ) SI_UNIT ( $, .RADIAN. ) );
#2625 = UNCERTAINTY_MEASURE_WITH_UNIT (LENGTH_MEASURE( 1.000000000000000082E-05 ), #1869, 'distance_accuracy_value', 'NONE');
#2626 = CARTESIAN_POINT ( 'NONE',  ( -0.3699999999999997735, 0.2000000000000001776, 0.3699999999999999956 ) ) ;
#2627 =( NAMED_UNIT ( * ) PLANE_ANGLE_UNIT ( ) SI_UNIT ( $, .RADIAN. ) );
#2628 = EDGE_LOOP ( 'NONE', ( #3714, #3017, #1641, #3576 ) ) ;
#2629 = CARTESIAN_POINT ( 'NONE',  ( -0.3699999999999996625, -0.2000000000000000111, 0.3699999999999999956 ) ) ;
#2630 = DIRECTION ( 'NONE',  ( -2.710505431213760099E-16, 1.000000000000000000, 0.000000000000000000 ) ) ;
#2631 = EDGE_CURVE ( 'NONE', #49, #3772, #239, .T. ) ;
#2632 = CARTESIAN_POINT ( 'NONE',  ( 0.4050000000000000266, 0.7999999999999999334, 0.4299999999999999933 ) ) ;
#2633 = LINE ( 'NONE', #1101, #145 ) ;
#2634 = PRESENTATION_LAYER_ASSIGNMENT (  '', '', ( #5 ) ) ;
#2635 = FACE_OUTER_BOUND ( 'NONE', #872, .T. ) ;
#2636 = CARTESIAN_POINT ( 'NONE',  ( -0.8499999999999997558, 0.1999999999999999833, 0.4699999999999999734 ) ) ;
#2637 = PRESENTATION_LAYER_ASSIGNMENT (  '', '', ( #2983 ) ) ;
#2638 = ORIENTED_EDGE ( 'NONE', *, *, #1715, .T. ) ;
#2639 = PRESENTATION_STYLE_ASSIGNMENT (( #1583 ) ) ;
#2640 = PLANE ( 'NONE',  #698 ) ;
#2641 = CARTESIAN_POINT ( 'NONE',  ( 1.600000000000000311, 0.7599999999999998979, -0.4299999999999999933 ) ) ;
#2642 =( LENGTH_UNIT ( ) NAMED_UNIT ( * ) SI_UNIT ( .MILLI., .METRE. ) );
#2643 = CIRCLE ( 'NONE', #2361, 0.03999999999999999389 ) ;
#2644 = ORIENTED_EDGE ( 'NONE', *, *, #1804, .F. ) ;
#2645 = AXIS2_PLACEMENT_3D ( 'NONE', #2475, #3086, #61 ) ;
#2646 =( LENGTH_UNIT ( ) NAMED_UNIT ( * ) SI_UNIT ( .MILLI., .METRE. ) );
#2647 = FACE_OUTER_BOUND ( 'NONE', #136, .T. ) ;
#2648 = VERTEX_POINT ( 'NONE', #2636 ) ;
#2649 = COLOUR_RGB ( '',0.7529411764705882248, 0.7529411764705882248, 0.7529411764705882248 ) ;
#2650 = FACE_OUTER_BOUND ( 'NONE', #1815, .T. ) ;
#2651 = DIRECTION ( 'NONE',  ( 1.000000000000000000, 0.000000000000000000, 0.000000000000000000 ) ) ;
#2652 = ADVANCED_FACE ( 'NONE', ( #2342 ), #3704, .F. ) ;
#2653 = SURFACE_STYLE_USAGE ( .BOTH. , #2057 ) ;
#2654 = CARTESIAN_POINT ( 'NONE',  ( 1.090000000000000080, -0.7600000000000001199, -0.4699999999999999734 ) ) ;
#2655 = SURFACE_STYLE_USAGE ( .BOTH. , #1970 ) ;
#2656 = DIRECTION ( 'NONE',  ( 0.000000000000000000, 0.000000000000000000, 1.000000000000000000 ) ) ;
#2657 = ORIENTED_EDGE ( 'NONE', *, *, #341, .F. ) ;
#2658 = CARTESIAN_POINT ( 'NONE',  ( 1.560000000000000275, -0.7600000000000001199, -0.4299999999999999933 ) ) ;
#2659 = CARTESIAN_POINT ( 'NONE',  ( 0.4050000000000000266, 0.7199999999999999734, 0.3900000000000000133 ) ) ;
#2660 = SURFACE_SIDE_STYLE ('',( #1257 ) ) ;
#2661 = EDGE_CURVE ( 'NONE', #2463, #3458, #3768, .T. ) ;
#2662 = VERTEX_POINT ( 'NONE', #4102 ) ;
#2663 = VERTEX_POINT ( 'NONE', #3156 ) ;
#2664 = UNCERTAINTY_MEASURE_WITH_UNIT (LENGTH_MEASURE( 1.000000000000000082E-05 ), #45, 'distance_accuracy_value', 'NONE');
#2665 = DIRECTION ( 'NONE',  ( 0.000000000000000000, 0.000000000000000000, 1.000000000000000000 ) ) ;
#2666 = EDGE_CURVE ( 'NONE', #3940, #1776, #382, .T. ) ;
#2667 = ADVANCED_FACE ( 'NONE', ( #727 ), #350, .T. ) ;
#2668 = VERTEX_POINT ( 'NONE', #2083 ) ;
#2669 = SURFACE_SIDE_STYLE ('',( #1663 ) ) ;
#2670 = UNCERTAINTY_MEASURE_WITH_UNIT (LENGTH_MEASURE( 1.000000000000000082E-05 ), #1595, 'distance_accuracy_value', 'NONE');
#2671 = CARTESIAN_POINT ( 'NONE',  ( 1.090000000000000080, 0.7599999999999998979, 0.4699999999999999734 ) ) ;
#2672 = CARTESIAN_POINT ( 'NONE',  ( -0.8499999999999997558, 0.1999999999999999833, 0.3699999999999999956 ) ) ;
#2673 = CARTESIAN_POINT ( 'NONE',  ( 0.000000000000000000, 0.000000000000000000, 0.4699999999999999734 ) ) ;
#2674 = PRESENTATION_STYLE_ASSIGNMENT (( #4384 ) ) ;
#2675 = ORIENTED_EDGE ( 'NONE', *, *, #2229, .T. ) ;
#2676 = LINE ( 'NONE', #1993, #2356 ) ;
#2677 = AXIS2_PLACEMENT_3D ( 'NONE', #2673, #3331, #1251 ) ;
#2678 = ADVANCED_FACE ( 'NONE', ( #323 ), #3139, .T. ) ;
#2679 = CARTESIAN_POINT ( 'NONE',  ( -0.4050000000000000266, 0.7599999999999998979, -0.4699999999999999734 ) ) ;
#2680 =( NAMED_UNIT ( * ) SI_UNIT ( $, .STERADIAN. ) SOLID_ANGLE_UNIT ( ) );
#2681 = AXIS2_PLACEMENT_3D ( 'NONE', #2243, #1873, #1897 ) ;
#2682 = CIRCLE ( 'NONE', #2397, 0.03999999999999999389 ) ;
#2683 = ORIENTED_EDGE ( 'NONE', *, *, #1667, .F. ) ;
#2685 = ORIENTED_EDGE ( 'NONE', *, *, #181, .F. ) ;
#2684 = COLOUR_RGB ( '',0.7529411764705882248, 0.7529411764705882248, 0.7529411764705882248 ) ;
#2686 = STYLED_ITEM ( 'NONE', ( #4012 ), #1054 ) ;
#2687 = EDGE_CURVE ( 'NONE', #247, #2867, #1892, .T. ) ;
#2688 =( NAMED_UNIT ( * ) PLANE_ANGLE_UNIT ( ) SI_UNIT ( $, .RADIAN. ) );
#2689 = CIRCLE ( 'NONE', #1665, 0.04000000000000010492 ) ;
#2690 = EDGE_LOOP ( 'NONE', ( #1679, #3151, #2714, #1562 ) ) ;
#2691 = EDGE_CURVE ( 'NONE', #713, #3790, #2920, .T. ) ;
#2692 = LINE ( 'NONE', #3721, #938 ) ;
#2693 = STYLED_ITEM ( 'NONE', ( #2216 ), #2333 ) ;
#2694 =( LENGTH_UNIT ( ) NAMED_UNIT ( * ) SI_UNIT ( .MILLI., .METRE. ) );
#2695 =( GEOMETRIC_REPRESENTATION_CONTEXT ( 3 ) GLOBAL_UNCERTAINTY_ASSIGNED_CONTEXT ( ( #3367 ) ) GLOBAL_UNIT_ASSIGNED_CONTEXT ( ( #3909, #1509, #3205 ) ) REPRESENTATION_CONTEXT ( 'NONE', 'WORKASPACE' ) );
#2696 = DIRECTION ( 'NONE',  ( -2.710505431213760099E-16, 1.000000000000000000, -0.000000000000000000 ) ) ;
#2697 = CARTESIAN_POINT ( 'NONE',  ( -0.4050000000000000266, 0.000000000000000000, 0.4699999999999999734 ) ) ;
#2698 = DIRECTION ( 'NONE',  ( 1.000000000000000000, -0.000000000000000000, 0.000000000000000000 ) ) ;
#2699 = VECTOR ( 'NONE', #4356, 1000.000000000000000 ) ;
#2700 = LINE ( 'NONE', #263, #1170 ) ;
#2701 = ADVANCED_FACE ( 'NONE', ( #3579 ), #2177, .T. ) ;
#2702 = FILL_AREA_STYLE_COLOUR ( '', #2473 ) ;
#2703 = CARTESIAN_POINT ( 'NONE',  ( -1.089999999999999858, -0.8000000000000001554, -0.4299999999999999933 ) ) ;
#2704 = STYLED_ITEM ( 'NONE', ( #3398 ), #2866 ) ;
#2705 = CARTESIAN_POINT ( 'NONE',  ( 0.000000000000000000, -0.7600000000000001199, 0.4299999999999999933 ) ) ;
#2706 = ORIENTED_EDGE ( 'NONE', *, *, #4407, .F. ) ;
#2707 = COLOUR_RGB ( '',1.000000000000000000, 0.000000000000000000, 0.000000000000000000 ) ;
#2708 = ORIENTED_EDGE ( 'NONE', *, *, #567, .F. ) ;
#2709 =( NAMED_UNIT ( * ) SI_UNIT ( $, .STERADIAN. ) SOLID_ANGLE_UNIT ( ) );
#2710 = UNCERTAINTY_MEASURE_WITH_UNIT (LENGTH_MEASURE( 1.000000000000000082E-05 ), #2035, 'distance_accuracy_value', 'NONE');
#2711 = DIRECTION ( 'NONE',  ( 0.000000000000000000, 1.000000000000000000, 0.000000000000000000 ) ) ;
#2712 = COLOUR_RGB ( '',0.7529411764705882248, 0.7529411764705882248, 0.7529411764705882248 ) ;
#2713 = LINE ( 'NONE', #2379, #4136 ) ;
#2714 = ORIENTED_EDGE ( 'NONE', *, *, #900, .T. ) ;
#2715 = PRESENTATION_STYLE_ASSIGNMENT (( #4027 ) ) ;
#2716 = LINE ( 'NONE', #1093, #3448 ) ;
#2717 = DIRECTION ( 'NONE',  ( 0.000000000000000000, -1.390002785237826621E-16, 1.000000000000000000 ) ) ;
#2718 = LINE ( 'NONE', #3648, #3770 ) ;
#2719 = VECTOR ( 'NONE', #768, 1000.000000000000000 ) ;
#2720 = CARTESIAN_POINT ( 'NONE',  ( -1.089999999999999858, 0.7599999999999998979, -0.4299999999999999933 ) ) ;
#2721 =( NAMED_UNIT ( * ) PLANE_ANGLE_UNIT ( ) SI_UNIT ( $, .RADIAN. ) );
#2722 = SURFACE_SIDE_STYLE ('',( #4060 ) ) ;
#2723 = CYLINDRICAL_SURFACE ( 'NONE', #330, 0.03999999999999999389 ) ;
#2724 = FILL_AREA_STYLE_COLOUR ( '', #3889 ) ;
#2725 = DIRECTION ( 'NONE',  ( 0.000000000000000000, -1.000000000000000000, 0.000000000000000000 ) ) ;
#2726 = EDGE_LOOP ( 'NONE', ( #3692, #3645, #4235, #3295 ) ) ;
#2727 = ORIENTED_EDGE ( 'NONE', *, *, #2218, .T. ) ;
#2728 = LINE ( 'NONE', #3411, #957 ) ;
#2729 = PRESENTATION_STYLE_ASSIGNMENT (( #1006 ) ) ;
#2730 = ORIENTED_EDGE ( 'NONE', *, *, #4428, .T. ) ;
#2731 = PRESENTATION_STYLE_ASSIGNMENT (( #3720 ) ) ;
#2732 =( NAMED_UNIT ( * ) PLANE_ANGLE_UNIT ( ) SI_UNIT ( $, .RADIAN. ) );
#2733 =( NAMED_UNIT ( * ) SI_UNIT ( $, .STERADIAN. ) SOLID_ANGLE_UNIT ( ) );
#2734 = CARTESIAN_POINT ( 'NONE',  ( 0.4050000000000000266, 0.7599999999999998979, 0.4299999999999999933 ) ) ;
#2735 = EDGE_CURVE ( 'NONE', #2623, #142, #2898, .T. ) ;
#2736 = UNCERTAINTY_MEASURE_WITH_UNIT (LENGTH_MEASURE( 1.000000000000000082E-05 ), #3568, 'distance_accuracy_value', 'NONE');
#2737 = DIRECTION ( 'NONE',  ( 0.000000000000000000, 1.000000000000000000, 0.000000000000000000 ) ) ;
#2738 = DIRECTION ( 'NONE',  ( 0.000000000000000000, 0.000000000000000000, 1.000000000000000000 ) ) ;
#2739 =( NAMED_UNIT ( * ) PLANE_ANGLE_UNIT ( ) SI_UNIT ( $, .RADIAN. ) );
#2740 = PRESENTATION_STYLE_ASSIGNMENT (( #2486 ) ) ;
#2741 = FACE_OUTER_BOUND ( 'NONE', #1852, .T. ) ;
#2742 = ORIENTED_EDGE ( 'NONE', *, *, #3580, .F. ) ;
#2743 = DIRECTION ( 'NONE',  ( 0.000000000000000000, 0.000000000000000000, -1.000000000000000000 ) ) ;
#2744 = VECTOR ( 'NONE', #2530, 1000.000000000000000 ) ;
#2745 = AXIS2_PLACEMENT_3D ( 'NONE', #3497, #4162, #3823 ) ;
#2746 = LINE ( 'NONE', #366, #1446 ) ;
#2747 = CARTESIAN_POINT ( 'NONE',  ( 0.4050000000000000266, 0.000000000000000000, 0.000000000000000000 ) ) ;
#2748 = SURFACE_SIDE_STYLE ('',( #4073 ) ) ;
#2749 = STYLED_ITEM ( 'NONE', ( #2903 ), #1855 ) ;
#2750 = MECHANICAL_DESIGN_GEOMETRIC_PRESENTATION_REPRESENTATION (  '', ( #3900 ), #1361 ) ;
#2751 = ORIENTED_EDGE ( 'NONE', *, *, #1195, .T. ) ;
#2752 = PRESENTATION_STYLE_ASSIGNMENT (( #18 ) ) ;
#2753 = ADVANCED_FACE ( 'NONE', ( #1158 ), #3965, .T. ) ;
#2754 = PRESENTATION_LAYER_ASSIGNMENT (  '', '', ( #2967 ) ) ;
#2755 = AXIS2_PLACEMENT_3D ( 'NONE', #159, #1305, #230 ) ;
#2756 = UNCERTAINTY_MEASURE_WITH_UNIT (LENGTH_MEASURE( 1.000000000000000082E-05 ), #1095, 'distance_accuracy_value', 'NONE');
#2757 = FACE_OUTER_BOUND ( 'NONE', #1182, .T. ) ;
#2758 = CYLINDRICAL_SURFACE ( 'NONE', #2980, 0.03999999999999999389 ) ;
#2759 =( GEOMETRIC_REPRESENTATION_CONTEXT ( 3 ) GLOBAL_UNCERTAINTY_ASSIGNED_CONTEXT ( ( #3735 ) ) GLOBAL_UNIT_ASSIGNED_CONTEXT ( ( #3810, #2732, #4466 ) ) REPRESENTATION_CONTEXT ( 'NONE', 'WORKASPACE' ) );
#2760 = EDGE_CURVE ( 'NONE', #4017, #3343, #3, .T. ) ;
#2761 = PRODUCT_CONTEXT ( 'NONE', #3841, 'mechanical' ) ;
#2762 = CARTESIAN_POINT ( 'NONE',  ( -0.4050000000000000266, -0.5700000000000001732, 0.4699999999999999734 ) ) ;
#2763 = CARTESIAN_POINT ( 'NONE',  ( -1.089999999999999858, 0.7599999999999998979, -0.4699999999999999734 ) ) ;
#2764 = ORIENTED_EDGE ( 'NONE', *, *, #1923, .T. ) ;
#2765 =( GEOMETRIC_REPRESENTATION_CONTEXT ( 3 ) GLOBAL_UNCERTAINTY_ASSIGNED_CONTEXT ( ( #926 ) ) GLOBAL_UNIT_ASSIGNED_CONTEXT ( ( #3499, #4209, #2025 ) ) REPRESENTATION_CONTEXT ( 'NONE', 'WORKASPACE' ) );
#2766 =( NAMED_UNIT ( * ) PLANE_ANGLE_UNIT ( ) SI_UNIT ( $, .RADIAN. ) );
#2767 =( GEOMETRIC_REPRESENTATION_CONTEXT ( 3 ) GLOBAL_UNCERTAINTY_ASSIGNED_CONTEXT ( ( #1700 ) ) GLOBAL_UNIT_ASSIGNED_CONTEXT ( ( #1830, #1503, #1893 ) ) REPRESENTATION_CONTEXT ( 'NONE', 'WORKASPACE' ) );
#2768 = FILL_AREA_STYLE ('',( #686 ) ) ;
#2769 = ORIENTED_EDGE ( 'NONE', *, *, #3066, .F. ) ;
#2770 = ORIENTED_EDGE ( 'NONE', *, *, #4282, .T. ) ;
#2771 = DIRECTION ( 'NONE',  ( 1.000000000000000000, -0.000000000000000000, -0.000000000000000000 ) ) ;
#2772 =( GEOMETRIC_REPRESENTATION_CONTEXT ( 3 ) GLOBAL_UNCERTAINTY_ASSIGNED_CONTEXT ( ( #1975 ) ) GLOBAL_UNIT_ASSIGNED_CONTEXT ( ( #2054, #1333, #2733 ) ) REPRESENTATION_CONTEXT ( 'NONE', 'WORKASPACE' ) );
#2773 = DIRECTION ( 'NONE',  ( 1.000000000000000000, 0.000000000000000000, -0.000000000000000000 ) ) ;
#2774 = VECTOR ( 'NONE', #1001, 1000.000000000000000 ) ;
#2775 = EDGE_LOOP ( 'NONE', ( #1255, #2520, #3806, #201 ) ) ;
#2776 = PLANE ( 'NONE',  #2514 ) ;
#2777 = DIRECTION ( 'NONE',  ( -1.355252715606880789E-16, 1.000000000000000000, -0.000000000000000000 ) ) ;
#2778 = AXIS2_PLACEMENT_3D ( 'NONE', #658, #3378, #3009 ) ;
#2779 = CARTESIAN_POINT ( 'NONE',  ( 0.4050000000000000266, -0.8000000000000001554, 0.4299999999999999933 ) ) ;
#2780 = STYLED_ITEM ( 'NONE', ( #2084 ), #3544 ) ;
#2781 = DIRECTION ( 'NONE',  ( 1.000000000000000000, -5.646886315028668105E-17, 0.000000000000000000 ) ) ;
#2782 = MECHANICAL_DESIGN_GEOMETRIC_PRESENTATION_REPRESENTATION (  '', ( #2060 ), #3271 ) ;
#2783 =( NAMED_UNIT ( * ) SI_UNIT ( $, .STERADIAN. ) SOLID_ANGLE_UNIT ( ) );
#2784 = EDGE_CURVE ( 'NONE', #82, #1241, #4009, .T. ) ;
#2785 =( LENGTH_UNIT ( ) NAMED_UNIT ( * ) SI_UNIT ( .MILLI., .METRE. ) );
#2786 = AXIS2_PLACEMENT_3D ( 'NONE', #3067, #613, #1331 ) ;
#2787 = DIRECTION ( 'NONE',  ( 1.000000000000000000, 0.000000000000000000, -0.000000000000000000 ) ) ;
#2788 = DIRECTION ( 'NONE',  ( -1.000000000000000000, -0.000000000000000000, -0.000000000000000000 ) ) ;
#2789 =( NAMED_UNIT ( * ) SI_UNIT ( $, .STERADIAN. ) SOLID_ANGLE_UNIT ( ) );
#2790 = VERTEX_POINT ( 'NONE', #2958 ) ;
#2791 = VERTEX_POINT ( 'NONE', #236 ) ;
#2792 =( NAMED_UNIT ( * ) SI_UNIT ( $, .STERADIAN. ) SOLID_ANGLE_UNIT ( ) );
#2793 = PLANE ( 'NONE',  #2622 ) ;
#2794 = ORIENTED_EDGE ( 'NONE', *, *, #1876, .T. ) ;
#2795 = CARTESIAN_POINT ( 'NONE',  ( 0.4050000000000000266, 0.000000000000000000, 0.000000000000000000 ) ) ;
#2796 = FILL_AREA_STYLE ('',( #2168 ) ) ;
#2797 = EDGE_CURVE ( 'NONE', #3344, #2994, #4378, .T. ) ;
#2798 = CARTESIAN_POINT ( 'NONE',  ( 0.4050000000000000266, 0.5700000000000001732, 0.000000000000000000 ) ) ;
#2799 = PLANE ( 'NONE',  #4351 ) ;
#2800 = CARTESIAN_POINT ( 'NONE',  ( -1.560000000000000053, 0.7599999999999998979, -0.4299999999999999933 ) ) ;
#2801 =( NAMED_UNIT ( * ) PLANE_ANGLE_UNIT ( ) SI_UNIT ( $, .RADIAN. ) );
#2802 = VERTEX_POINT ( 'NONE', #256 ) ;
#2803 = PRESENTATION_STYLE_ASSIGNMENT (( #3773 ) ) ;
#2804 = FILL_AREA_STYLE_COLOUR ( '', #3542 ) ;
#2805 = ADVANCED_FACE ( 'NONE', ( #3698 ), #3722, .T. ) ;
#2806 = EDGE_LOOP ( 'NONE', ( #4485, #1049, #2188, #2808 ) ) ;
#2807 = VECTOR ( 'NONE', #780, 1000.000000000000000 ) ;
#2808 = ORIENTED_EDGE ( 'NONE', *, *, #3829, .T. ) ;
#2809 = CARTESIAN_POINT ( 'NONE',  ( 0.000000000000000000, -0.8000000000000001554, -0.4299999999999999933 ) ) ;
#2810 =( NAMED_UNIT ( * ) SI_UNIT ( $, .STERADIAN. ) SOLID_ANGLE_UNIT ( ) );
#2811 = AXIS2_PLACEMENT_3D ( 'NONE', #2658, #601, #550 ) ;
#2812 = CARTESIAN_POINT ( 'NONE',  ( 1.560000000000000275, -0.7600000000000001199, 0.4299999999999999933 ) ) ;
#2813 = EDGE_CURVE ( 'NONE', #560, #1419, #3554, .T. ) ;
#2814 = AXIS2_PLACEMENT_3D ( 'NONE', #4342, #3034, #918 ) ;
#2815 = VECTOR ( 'NONE', #3449, 1000.000000000000000 ) ;
#2816 = EDGE_CURVE ( 'NONE', #3007, #1514, #2718, .T. ) ;
#2817 = ORIENTED_EDGE ( 'NONE', *, *, #1618, .F. ) ;
#2818 =( GEOMETRIC_REPRESENTATION_CONTEXT ( 3 ) GLOBAL_UNCERTAINTY_ASSIGNED_CONTEXT ( ( #2842 ) ) GLOBAL_UNIT_ASSIGNED_CONTEXT ( ( #2500, #1212, #2153 ) ) REPRESENTATION_CONTEXT ( 'NONE', 'WORKASPACE' ) );
#2819 = UNCERTAINTY_MEASURE_WITH_UNIT (LENGTH_MEASURE( 1.000000000000000082E-05 ), #541, 'distance_accuracy_value', 'NONE');
#2820 = DIRECTION ( 'NONE',  ( 1.000000000000000000, 0.000000000000000000, -0.000000000000000000 ) ) ;
#2821 = FILL_AREA_STYLE ('',( #3863 ) ) ;
#2822 = FILL_AREA_STYLE_COLOUR ( '', #1008 ) ;
#2823 = VECTOR ( 'NONE', #3417, 1000.000000000000000 ) ;
#2824 = AXIS2_PLACEMENT_3D ( 'NONE', #30, #1422, #4192 ) ;
#2825 = CARTESIAN_POINT ( 'NONE',  ( 1.560000000000000275, 0.7599999999999998979, -0.4299999999999999933 ) ) ;
#2826 = ORIENTED_EDGE ( 'NONE', *, *, #2816, .T. ) ;
#2827 =( GEOMETRIC_REPRESENTATION_CONTEXT ( 3 ) GLOBAL_UNCERTAINTY_ASSIGNED_CONTEXT ( ( #2353 ) ) GLOBAL_UNIT_ASSIGNED_CONTEXT ( ( #3691, #3959, #160 ) ) REPRESENTATION_CONTEXT ( 'NONE', 'WORKASPACE' ) );
#2828 = DIRECTION ( 'NONE',  ( 1.000000000000000000, -0.000000000000000000, -0.000000000000000000 ) ) ;
#2829 = DIRECTION ( 'NONE',  ( 0.000000000000000000, 0.000000000000000000, -1.000000000000000000 ) ) ;
#2830 = SURFACE_STYLE_FILL_AREA ( #4416 ) ;
#2831 = PRESENTATION_LAYER_ASSIGNMENT (  '', '', ( #3182 ) ) ;
#2832 = EDGE_LOOP ( 'NONE', ( #23, #2908, #4441, #4121 ) ) ;
#2833 = ORIENTED_EDGE ( 'NONE', *, *, #898, .F. ) ;
#2834 = LINE ( 'NONE', #3165, #4000 ) ;
#2835 = VECTOR ( 'NONE', #1044, 1000.000000000000000 ) ;
#2836 = LINE ( 'NONE', #2421, #46 ) ;
#2837 = DIRECTION ( 'NONE',  ( -1.000000000000000000, -0.000000000000000000, 0.000000000000000000 ) ) ;
#2838 = VERTEX_POINT ( 'NONE', #2671 ) ;
#2839 = COLOUR_RGB ( '',0.7529411764705882248, 0.7529411764705882248, 0.7529411764705882248 ) ;
#2840 = FACE_OUTER_BOUND ( 'NONE', #3430, .T. ) ;
#2841 = SURFACE_STYLE_FILL_AREA ( #4172 ) ;
#2842 = UNCERTAINTY_MEASURE_WITH_UNIT (LENGTH_MEASURE( 1.000000000000000082E-05 ), #2500, 'distance_accuracy_value', 'NONE');
#2843 = CYLINDRICAL_SURFACE ( 'NONE', #716, 0.04000000000000010492 ) ;
#2844 = VECTOR ( 'NONE', #3434, 1000.000000000000000 ) ;
#2845 = ORIENTED_EDGE ( 'NONE', *, *, #3273, .F. ) ;
#2846 = PRESENTATION_STYLE_ASSIGNMENT (( #1782 ) ) ;
#2847 = PRESENTATION_LAYER_ASSIGNMENT (  '', '', ( #1907 ) ) ;
#2848 = DIRECTION ( 'NONE',  ( 1.000000000000000000, 0.000000000000000000, -0.000000000000000000 ) ) ;
#2849 = AXIS2_PLACEMENT_3D ( 'NONE', #3555, #826, #2167 ) ;
#2850 = CIRCLE ( 'NONE', #3627, 0.03999999999999999389 ) ;
#2851 = DIRECTION ( 'NONE',  ( -1.000000000000000000, -0.000000000000000000, 0.000000000000000000 ) ) ;
#2852 = VERTEX_POINT ( 'NONE', #165 ) ;
#2853 =( GEOMETRIC_REPRESENTATION_CONTEXT ( 3 ) GLOBAL_UNCERTAINTY_ASSIGNED_CONTEXT ( ( #2104 ) ) GLOBAL_UNIT_ASSIGNED_CONTEXT ( ( #4011, #411, #4358 ) ) REPRESENTATION_CONTEXT ( 'NONE', 'WORKASPACE' ) );
#2854 = COLOUR_RGB ( '',0.7254901960784313486, 0.6666666666666666297, 0.6509803921568627638 ) ;
#2855 = SURFACE_SIDE_STYLE ('',( #403 ) ) ;
#2856 = DIRECTION ( 'NONE',  ( 0.000000000000000000, 0.000000000000000000, -1.000000000000000000 ) ) ;
#2857 = FILL_AREA_STYLE ('',( #835 ) ) ;
#2858 = ADVANCED_FACE ( 'NONE', ( #2285 ), #2008, .F. ) ;
#2859 = CYLINDRICAL_SURFACE ( 'NONE', #4126, 0.03999999999999999389 ) ;
#2860 = ADVANCED_FACE ( 'NONE', ( #2405 ), #2799, .F. ) ;
#2861 = AXIS2_PLACEMENT_3D ( 'NONE', #1821, #3253, #2215 ) ;
#2862 =( NAMED_UNIT ( * ) PLANE_ANGLE_UNIT ( ) SI_UNIT ( $, .RADIAN. ) );
#2863 = ORIENTED_EDGE ( 'NONE', *, *, #3319, .T. ) ;
#2864 = ORIENTED_EDGE ( 'NONE', *, *, #2666, .F. ) ;
#2865 = SURFACE_STYLE_FILL_AREA ( #1840 ) ;
#2866 = ADVANCED_FACE ( 'NONE', ( #1358 ), #1731, .T. ) ;
#2867 = VERTEX_POINT ( 'NONE', #3741 ) ;
#2868 = CARTESIAN_POINT ( 'NONE',  ( 1.090000000000000080, 0.7599999999999998979, 0.4699999999999999734 ) ) ;
#2869 = DIRECTION ( 'NONE',  ( 0.000000000000000000, 0.000000000000000000, -1.000000000000000000 ) ) ;
#2870 = SURFACE_STYLE_FILL_AREA ( #3487 ) ;
#2871 = CARTESIAN_POINT ( 'NONE',  ( 1.560000000000000275, -0.7600000000000001199, -0.4299999999999999933 ) ) ;
#2872 = ORIENTED_EDGE ( 'NONE', *, *, #3149, .F. ) ;
#2873 = CARTESIAN_POINT ( 'NONE',  ( -0.4050000000000000266, -0.5700000000000001732, 0.000000000000000000 ) ) ;
#2874 = CARTESIAN_POINT ( 'NONE',  ( 0.4050000000000000266, 0.000000000000000000, -0.4699999999999999734 ) ) ;
#2875 = DIRECTION ( 'NONE',  ( 0.000000000000000000, 0.000000000000000000, -1.000000000000000000 ) ) ;
#2876 = EDGE_CURVE ( 'NONE', #777, #1131, #4467, .T. ) ;
#2877 = ORIENTED_EDGE ( 'NONE', *, *, #3915, .T. ) ;
#2878 = SURFACE_STYLE_USAGE ( .BOTH. , #543 ) ;
#2879 = LINE ( 'NONE', #2526, #205 ) ;
#2880 = ADVANCED_FACE ( 'NONE', ( #3812 ), #2758, .T. ) ;
#2881 = ORIENTED_EDGE ( 'NONE', *, *, #1735, .F. ) ;
#2882 = MANIFOLD_SOLID_BREP ( 'Fillet5', #3159 ) ;
#2883 = DIRECTION ( 'NONE',  ( 0.000000000000000000, -1.000000000000000000, 0.000000000000000000 ) ) ;
#2884 = FILL_AREA_STYLE_COLOUR ( '', #3391 ) ;
#2885 = SURFACE_SIDE_STYLE ('',( #3876 ) ) ;
#2886 = COLOUR_RGB ( '',1.000000000000000000, 0.000000000000000000, 0.000000000000000000 ) ;
#2887 = VERTEX_POINT ( 'NONE', #448 ) ;
#2888 = LINE ( 'NONE', #138, #4221 ) ;
#2889 =( NAMED_UNIT ( * ) SI_UNIT ( $, .STERADIAN. ) SOLID_ANGLE_UNIT ( ) );
#2890 = PRESENTATION_LAYER_ASSIGNMENT (  '', '', ( #2311 ) ) ;
#2891 = UNCERTAINTY_MEASURE_WITH_UNIT (LENGTH_MEASURE( 1.000000000000000082E-05 ), #2465, 'distance_accuracy_value', 'NONE');
#2892 =( NAMED_UNIT ( * ) SI_UNIT ( $, .STERADIAN. ) SOLID_ANGLE_UNIT ( ) );
#2893 = AXIS2_PLACEMENT_3D ( 'NONE', #2271, #2228, #1951 ) ;
#2894 = VERTEX_POINT ( 'NONE', #1851 ) ;
#2895 = FILL_AREA_STYLE ('',( #2568 ) ) ;
#2896 = EDGE_CURVE ( 'NONE', #4307, #2014, #3125, .T. ) ;
#2897 = VECTOR ( 'NONE', #1773, 1000.000000000000000 ) ;
#2898 = LINE ( 'NONE', #4268, #3051 ) ;
#2899 = VECTOR ( 'NONE', #979, 1000.000000000000000 ) ;
#2900 =( NAMED_UNIT ( * ) SI_UNIT ( $, .STERADIAN. ) SOLID_ANGLE_UNIT ( ) );
#2901 = FILL_AREA_STYLE_COLOUR ( '', #4405 ) ;
#2902 = FACE_OUTER_BOUND ( 'NONE', #377, .T. ) ;
#2903 = PRESENTATION_STYLE_ASSIGNMENT (( #758 ) ) ;
#2904 = COLOUR_RGB ( '',0.7529411764705882248, 0.7529411764705882248, 0.7529411764705882248 ) ;
#2905 = COLOUR_RGB ( '',0.7254901960784313486, 0.6666666666666666297, 0.6509803921568627638 ) ;
#2906 = DIRECTION ( 'NONE',  ( -5.646886315028668105E-17, -1.000000000000000000, 0.000000000000000000 ) ) ;
#2907 =( NAMED_UNIT ( * ) PLANE_ANGLE_UNIT ( ) SI_UNIT ( $, .RADIAN. ) );
#2908 = ORIENTED_EDGE ( 'NONE', *, *, #567, .T. ) ;
#2910 = FACE_OUTER_BOUND ( 'NONE', #2528, .T. ) ;
#2909 = CIRCLE ( 'NONE', #573, 0.03999999999999999389 ) ;
#2911 = LINE ( 'NONE', #3950, #1875 ) ;
#2912 = CARTESIAN_POINT ( 'NONE',  ( 0.4050000000000000266, -0.5700000000000001732, 0.000000000000000000 ) ) ;
#2913 = VECTOR ( 'NONE', #3278, 1000.000000000000000 ) ;
#2914 = ORIENTED_EDGE ( 'NONE', *, *, #661, .F. ) ;
#2915 = CARTESIAN_POINT ( 'NONE',  ( -1.089999999999999858, 0.7999999999999999334, -0.4299999999999999933 ) ) ;
#2916 = DIRECTION ( 'NONE',  ( -0.000000000000000000, 0.000000000000000000, 1.000000000000000000 ) ) ;
#2917 = MECHANICAL_DESIGN_GEOMETRIC_PRESENTATION_REPRESENTATION (  '', ( #1748 ), #2695 ) ;
#2918 = DIRECTION ( 'NONE',  ( 0.000000000000000000, 1.129377263005734114E-16, -1.000000000000000000 ) ) ;
#2919 = VECTOR ( 'NONE', #3508, 1000.000000000000000 ) ;
#2920 = LINE ( 'NONE', #1136, #3257 ) ;
#2921 = STYLED_ITEM ( 'NONE', ( #1792 ), #3155 ) ;
#2922 = CARTESIAN_POINT ( 'NONE',  ( -0.4050000000000000266, 0.000000000000000000, 0.4699999999999999734 ) ) ;
#2923 = CARTESIAN_POINT ( 'NONE',  ( -0.4050000000000000266, -0.5700000000000001732, 0.3899999999999999023 ) ) ;
#2924 = FILL_AREA_STYLE ('',( #1857 ) ) ;
#2925 = MECHANICAL_DESIGN_GEOMETRIC_PRESENTATION_REPRESENTATION (  '', ( #361 ), #817 ) ;
#2926 = STYLED_ITEM ( 'NONE', ( #891 ), #3326 ) ;
#2927 = DIRECTION ( 'NONE',  ( 1.000000000000000000, -0.000000000000000000, 0.000000000000000000 ) ) ;
#2928 =( GEOMETRIC_REPRESENTATION_CONTEXT ( 3 ) GLOBAL_UNCERTAINTY_ASSIGNED_CONTEXT ( ( #3769 ) ) GLOBAL_UNIT_ASSIGNED_CONTEXT ( ( #1075, #2144, #3851 ) ) REPRESENTATION_CONTEXT ( 'NONE', 'WORKASPACE' ) );
#2929 = DIRECTION ( 'NONE',  ( 0.000000000000000000, 0.000000000000000000, -1.000000000000000000 ) ) ;
#2930 = FILL_AREA_STYLE ('',( #4254 ) ) ;
#2931 =( GEOMETRIC_REPRESENTATION_CONTEXT ( 3 ) GLOBAL_UNCERTAINTY_ASSIGNED_CONTEXT ( ( #2064 ) ) GLOBAL_UNIT_ASSIGNED_CONTEXT ( ( #3742, #2366, #1293 ) ) REPRESENTATION_CONTEXT ( 'NONE', 'WORKASPACE' ) );
#2932 = VERTEX_POINT ( 'NONE', #1888 ) ;
#2933 = PLANE ( 'NONE',  #1244 ) ;
#2934 = EDGE_CURVE ( 'NONE', #3657, #3128, #3938, .T. ) ;
#2935 = PRESENTATION_LAYER_ASSIGNMENT (  '', '', ( #4154 ) ) ;
#2936 = UNCERTAINTY_MEASURE_WITH_UNIT (LENGTH_MEASURE( 1.000000000000000082E-05 ), #3979, 'distance_accuracy_value', 'NONE');
#2937 = FILL_AREA_STYLE_COLOUR ( '', #2707 ) ;
#2938 = VERTEX_POINT ( 'NONE', #141 ) ;
#2939 = FACE_OUTER_BOUND ( 'NONE', #3437, .T. ) ;
#2940 = DIRECTION ( 'NONE',  ( -0.000000000000000000, 0.000000000000000000, 1.000000000000000000 ) ) ;
#2941 = SURFACE_STYLE_USAGE ( .BOTH. , #105 ) ;
#2942 = EDGE_CURVE ( 'NONE', #1678, #3213, #423, .T. ) ;
#2943 = DIRECTION ( 'NONE',  ( 1.000000000000000000, 0.000000000000000000, -0.000000000000000000 ) ) ;
#2944 = ORIENTED_EDGE ( 'NONE', *, *, #56, .F. ) ;
#2945 =( LENGTH_UNIT ( ) NAMED_UNIT ( * ) SI_UNIT ( .MILLI., .METRE. ) );
#2946 = SURFACE_STYLE_USAGE ( .BOTH. , #135 ) ;
#2947 = FILL_AREA_STYLE ('',( #3270 ) ) ;
#2948 = ORIENTED_EDGE ( 'NONE', *, *, #1453, .T. ) ;
#2949 = LINE ( 'NONE', #3895, #2719 ) ;
#2950 = DIRECTION ( 'NONE',  ( 0.000000000000000000, 0.000000000000000000, -1.000000000000000000 ) ) ;
#2951 = VERTEX_POINT ( 'NONE', #1083 ) ;
#2952 = PLANE ( 'NONE',  #961 ) ;
#2953 = VECTOR ( 'NONE', #154, 1000.000000000000000 ) ;
#2954 = EDGE_CURVE ( 'NONE', #4106, #387, #2152, .T. ) ;
#2955 = EDGE_CURVE ( 'NONE', #3541, #1982, #3595, .T. ) ;
#2956 = CARTESIAN_POINT ( 'NONE',  ( -0.4050000000000000266, 0.5700000000000001732, -0.3899999999999999578 ) ) ;
#2957 = VECTOR ( 'NONE', #3945, 1000.000000000000000 ) ;
#2958 = CARTESIAN_POINT ( 'NONE',  ( -0.4050000000000000266, 0.7199999999999999734, 0.3900000000000000133 ) ) ;
#2959 = DIRECTION ( 'NONE',  ( 0.000000000000000000, 0.000000000000000000, -1.000000000000000000 ) ) ;
#2960 = CIRCLE ( 'NONE', #2824, 0.03999999999999999389 ) ;
#2961 =( LENGTH_UNIT ( ) NAMED_UNIT ( * ) SI_UNIT ( .MILLI., .METRE. ) );
#2962 = AXIS2_PLACEMENT_3D ( 'NONE', #1323, #244, #1677 ) ;
#2963 = PRESENTATION_LAYER_ASSIGNMENT (  '', '', ( #2547 ) ) ;
#2964 = LINE ( 'NONE', #1608, #3265 ) ;
#2965 = EDGE_LOOP ( 'NONE', ( #4006, #2727, #3664, #396 ) ) ;
#2966 = ORIENTED_EDGE ( 'NONE', *, *, #119, .F. ) ;
#2967 = STYLED_ITEM ( 'NONE', ( #3703 ), #1858 ) ;
#2968 =( NAMED_UNIT ( * ) PLANE_ANGLE_UNIT ( ) SI_UNIT ( $, .RADIAN. ) );
#2969 =( LENGTH_UNIT ( ) NAMED_UNIT ( * ) SI_UNIT ( .MILLI., .METRE. ) );
#2970 = SURFACE_STYLE_USAGE ( .BOTH. , #1586 ) ;
#2971 = EDGE_LOOP ( 'NONE', ( #1655, #3999, #4039, #2863 ) ) ;
#2972 = FILL_AREA_STYLE ('',( #3297 ) ) ;
#2973 = UNCERTAINTY_MEASURE_WITH_UNIT (LENGTH_MEASURE( 1.000000000000000082E-05 ), #2362, 'distance_accuracy_value', 'NONE');
#2974 = SURFACE_STYLE_FILL_AREA ( #1263 ) ;
#2975 =( NAMED_UNIT ( * ) PLANE_ANGLE_UNIT ( ) SI_UNIT ( $, .RADIAN. ) );
#2976 = ORIENTED_EDGE ( 'NONE', *, *, #3523, .T. ) ;
#2977 = DIRECTION ( 'NONE',  ( -1.000000000000000000, 0.000000000000000000, 0.000000000000000000 ) ) ;
#2978 = VECTOR ( 'NONE', #3947, 1000.000000000000000 ) ;
#2979 = SURFACE_SIDE_STYLE ('',( #2305 ) ) ;
#2980 = AXIS2_PLACEMENT_3D ( 'NONE', #1452, #2539, #3901 ) ;
#2981 = CARTESIAN_POINT ( 'NONE',  ( 1.560000000000000275, 0.7599999999999998979, -0.4699999999999999734 ) ) ;
#2982 =( NAMED_UNIT ( * ) SI_UNIT ( $, .STERADIAN. ) SOLID_ANGLE_UNIT ( ) );
#2983 = STYLED_ITEM ( 'NONE', ( #3018 ), #3104 ) ;
#2984 = CARTESIAN_POINT ( 'NONE',  ( 1.560000000000000275, 0.7599999999999998979, 0.4699999999999999734 ) ) ;
#2985 = ORIENTED_EDGE ( 'NONE', *, *, #661, .T. ) ;
#2986 = EDGE_CURVE ( 'NONE', #3344, #1155, #1865, .T. ) ;
#2987 = FACE_OUTER_BOUND ( 'NONE', #2209, .T. ) ;
#2988 = EDGE_CURVE ( 'NONE', #1187, #4181, #3859, .T. ) ;
#2989 = FILL_AREA_STYLE ('',( #1612 ) ) ;
#2990 = EDGE_CURVE ( 'NONE', #247, #2482, #1802, .T. ) ;
#2991 = COLOUR_RGB ( '',0.7529411764705882248, 0.7529411764705882248, 0.7529411764705882248 ) ;
#2992 = AXIS2_PLACEMENT_3D ( 'NONE', #1291, #3050, #4425 ) ;
#2993 = EDGE_LOOP ( 'NONE', ( #1112, #410, #3218, #1884 ) ) ;
#2994 = VERTEX_POINT ( 'NONE', #2519 ) ;
#2995 = STYLED_ITEM ( 'NONE', ( #163 ), #3942 ) ;
#2996 = FILL_AREA_STYLE ('',( #4439 ) ) ;
#2997 = FILL_AREA_STYLE ('',( #2256 ) ) ;
#2998 = ORIENTED_EDGE ( 'NONE', *, *, #2735, .F. ) ;
#2999 = FILL_AREA_STYLE ('',( #561 ) ) ;
#3000 = STYLED_ITEM ( 'NONE', ( #444 ), #4253 ) ;
#3001 = FILL_AREA_STYLE ('',( #2359 ) ) ;
#3002 = SURFACE_STYLE_USAGE ( .BOTH. , #1628 ) ;
#3003 = PRODUCT_RELATED_PRODUCT_CATEGORY ( 'part', '', ( #4142 ) ) ;
#3004 =( NAMED_UNIT ( * ) SI_UNIT ( $, .STERADIAN. ) SOLID_ANGLE_UNIT ( ) );
#3005 =( NAMED_UNIT ( * ) SI_UNIT ( $, .STERADIAN. ) SOLID_ANGLE_UNIT ( ) );
#3006 = DIRECTION ( 'NONE',  ( 0.000000000000000000, 0.000000000000000000, -1.000000000000000000 ) ) ;
#3007 = VERTEX_POINT ( 'NONE', #769 ) ;
#3008 = ADVANCED_FACE ( 'NONE', ( #4242 ), #3236, .T. ) ;
#3009 = DIRECTION ( 'NONE',  ( -1.000000000000000000, 0.000000000000000000, 0.000000000000000000 ) ) ;
#3010 = FILL_AREA_STYLE ('',( #916 ) ) ;
#3011 = ADVANCED_FACE ( 'NONE', ( #2597 ), #3369, .T. ) ;
#3012 = ORIENTED_EDGE ( 'NONE', *, *, #1727, .T. ) ;
#3013 = DIRECTION ( 'NONE',  ( 0.000000000000000000, -0.000000000000000000, 1.000000000000000000 ) ) ;
#3014 = UNCERTAINTY_MEASURE_WITH_UNIT (LENGTH_MEASURE( 1.000000000000000082E-05 ), #3605, 'distance_accuracy_value', 'NONE');
#3015 = DIRECTION ( 'NONE',  ( -0.000000000000000000, -0.000000000000000000, -1.000000000000000000 ) ) ;
#3016 = SURFACE_STYLE_USAGE ( .BOTH. , #2279 ) ;
#3017 = ORIENTED_EDGE ( 'NONE', *, *, #2535, .F. ) ;
#3018 = PRESENTATION_STYLE_ASSIGNMENT (( #308 ) ) ;
#3019 = CARTESIAN_POINT ( 'NONE',  ( -1.560000000000000053, -0.7600000000000001199, 0.4299999999999999933 ) ) ;
#3020 = VECTOR ( 'NONE', #1384, 1000.000000000000000 ) ;
#3021 = SURFACE_STYLE_FILL_AREA ( #144 ) ;
#3022 = SURFACE_STYLE_FILL_AREA ( #2307 ) ;
#3023 = AXIS2_PLACEMENT_3D ( 'NONE', #3203, #2787, #2856 ) ;
#3024 = ADVANCED_FACE ( 'NONE', ( #161 ), #4024, .T. ) ;
#3025 = LINE ( 'NONE', #4401, #4001 ) ;
#3026 = CARTESIAN_POINT ( 'NONE',  ( 0.000000000000000000, 0.000000000000000000, 0.000000000000000000 ) ) ;
#3027 = PLANE ( 'NONE',  #2327 ) ;
#3029 = PRESENTATION_STYLE_ASSIGNMENT (( #3355 ) ) ;
#3028 = VECTOR ( 'NONE', #2147, 1000.000000000000000 ) ;
#3030 = LINE ( 'NONE', #4361, #3243 ) ;
#3031 = DIRECTION ( 'NONE',  ( -1.000000000000000000, 0.000000000000000000, -0.000000000000000000 ) ) ;
#3032 = DIRECTION ( 'NONE',  ( -1.000000000000000000, -0.000000000000000000, -0.000000000000000000 ) ) ;
#3033 =( NAMED_UNIT ( * ) PLANE_ANGLE_UNIT ( ) SI_UNIT ( $, .RADIAN. ) );
#3034 = DIRECTION ( 'NONE',  ( -0.000000000000000000, 0.000000000000000000, 1.000000000000000000 ) ) ;
#3035 = COLOUR_RGB ( '',0.7529411764705882248, 0.7529411764705882248, 0.7529411764705882248 ) ;
#3036 = AXIS2_PLACEMENT_3D ( 'NONE', #2213, #3571, #1613 ) ;
#3037 = DIRECTION ( 'NONE',  ( -1.000000000000000000, -0.000000000000000000, -0.000000000000000000 ) ) ;
#3038 = ORIENTED_EDGE ( 'NONE', *, *, #169, .F. ) ;
#3039 = STYLED_ITEM ( 'NONE', ( #172 ), #1872 ) ;
#3040 = DIRECTION ( 'NONE',  ( 0.000000000000000000, 1.129377263005734114E-16, -1.000000000000000000 ) ) ;
#3041 = MECHANICAL_DESIGN_GEOMETRIC_PRESENTATION_REPRESENTATION (  '', ( #2026 ), #2245 ) ;
#3042 = FILL_AREA_STYLE_COLOUR ( '', #2414 ) ;
#3043 = AXIS2_PLACEMENT_3D ( 'NONE', #4055, #4008, #904 ) ;
#3044 = VECTOR ( 'NONE', #2102, 1000.000000000000000 ) ;
#3045 = DIRECTION ( 'NONE',  ( 1.000000000000000000, 2.710505431213760099E-16, 0.000000000000000000 ) ) ;
#3046 = ORIENTED_EDGE ( 'NONE', *, *, #656, .T. ) ;
#3047 = CIRCLE ( 'NONE', #3247, 0.04000000000000010492 ) ;
#3048 = LINE ( 'NONE', #4077, #4197 ) ;
#3049 = SURFACE_STYLE_FILL_AREA ( #4078 ) ;
#3050 = DIRECTION ( 'NONE',  ( -0.000000000000000000, -1.000000000000000000, -0.000000000000000000 ) ) ;
#3051 = VECTOR ( 'NONE', #831, 1000.000000000000000 ) ;
#3052 = LINE ( 'NONE', #1762, #3044 ) ;
#3053 = SURFACE_SIDE_STYLE ('',( #4013 ) ) ;
#3054 = CARTESIAN_POINT ( 'NONE',  ( -0.4050000000000000266, 0.000000000000000000, 0.000000000000000000 ) ) ;
#3055 =( NAMED_UNIT ( * ) PLANE_ANGLE_UNIT ( ) SI_UNIT ( $, .RADIAN. ) );
#3056 = AXIS2_PLACEMENT_3D ( 'NONE', #3095, #2977, #2088 ) ;
#3057 = CARTESIAN_POINT ( 'NONE',  ( -1.560000000000000053, -0.7600000000000001199, 0.4699999999999999734 ) ) ;
#3058 = EDGE_LOOP ( 'NONE', ( #2298, #2293, #4456, #4047, #2219, #3547, #3208, #2594 ) ) ;
#3059 = ORIENTED_EDGE ( 'NONE', *, *, #3786, .F. ) ;
#3060 = APPLICATION_CONTEXT ( 'automotive_design' ) ;
#3061 = SURFACE_STYLE_FILL_AREA ( #2352 ) ;
#3062 =( GEOMETRIC_REPRESENTATION_CONTEXT ( 3 ) GLOBAL_UNCERTAINTY_ASSIGNED_CONTEXT ( ( #307 ) ) GLOBAL_UNIT_ASSIGNED_CONTEXT ( ( #1589, #248, #922 ) ) REPRESENTATION_CONTEXT ( 'NONE', 'WORKASPACE' ) );
#3063 = CARTESIAN_POINT ( 'NONE',  ( 0.000000000000000000, -0.8000000000000001554, 0.4699999999999999734 ) ) ;
#3064 = FACE_OUTER_BOUND ( 'NONE', #1260, .T. ) ;
#3065 = VERTEX_POINT ( 'NONE', #1306 ) ;
#3066 = EDGE_CURVE ( 'NONE', #693, #1499, #3736, .T. ) ;
#3067 = CARTESIAN_POINT ( 'NONE',  ( -1.560000000000000053, 0.7599999999999998979, -0.4299999999999999933 ) ) ;
#3068 = SURFACE_STYLE_FILL_AREA ( #1688 ) ;
#3069 = STYLED_ITEM ( 'NONE', ( #1915 ), #3954 ) ;
#3070 = DIRECTION ( 'NONE',  ( 0.000000000000000000, 0.000000000000000000, -1.000000000000000000 ) ) ;
#3071 = CARTESIAN_POINT ( 'NONE',  ( 0.4050000000000000266, 0.000000000000000000, -0.3899999999999999578 ) ) ;
#3072 = CARTESIAN_POINT ( 'NONE',  ( 0.4050000000000000266, 0.7599999999999998979, -0.4299999999999999933 ) ) ;
#3073 = EDGE_CURVE ( 'NONE', #3183, #537, #3760, .T. ) ;
#3074 = ORIENTED_EDGE ( 'NONE', *, *, #4146, .F. ) ;
#3075 = CARTESIAN_POINT ( 'NONE',  ( 0.000000000000000000, 0.7599999999999998979, -0.4299999999999999933 ) ) ;
#3076 = LINE ( 'NONE', #662, #1651 ) ;
#3077 = DIRECTION ( 'NONE',  ( 0.000000000000000000, 0.000000000000000000, -1.000000000000000000 ) ) ;
#3078 = ORIENTED_EDGE ( 'NONE', *, *, #4228, .T. ) ;
#3079 = ADVANCED_FACE ( 'NONE', ( #2398 ), #1661, .F. ) ;
#3080 = CARTESIAN_POINT ( 'NONE',  ( -1.560000000000000053, -0.8000000000000001554, 0.4699999999999999734 ) ) ;
#3081 = EDGE_CURVE ( 'NONE', #3686, #155, #2713, .T. ) ;
#3082 = DIRECTION ( 'NONE',  ( -2.710505431213760099E-16, 1.000000000000000000, 0.000000000000000000 ) ) ;
#3083 = ORIENTED_EDGE ( 'NONE', *, *, #2534, .T. ) ;
#3084 = LINE ( 'NONE', #1496, #151 ) ;
#3085 = CARTESIAN_POINT ( 'NONE',  ( -1.600000000000000089, 0.7599999999999998979, -0.4699999999999999734 ) ) ;
#3086 = DIRECTION ( 'NONE',  ( -1.000000000000000000, -0.000000000000000000, 0.000000000000000000 ) ) ;
#3087 = UNCERTAINTY_MEASURE_WITH_UNIT (LENGTH_MEASURE( 1.000000000000000082E-05 ), #867, 'distance_accuracy_value', 'NONE');
#3088 =( NAMED_UNIT ( * ) SI_UNIT ( $, .STERADIAN. ) SOLID_ANGLE_UNIT ( ) );
#3089 = SURFACE_STYLE_USAGE ( .BOTH. , #1340 ) ;
#3090 = CIRCLE ( 'NONE', #2308, 0.04000000000000010492 ) ;
#3091 = DIRECTION ( 'NONE',  ( 0.000000000000000000, 0.000000000000000000, -1.000000000000000000 ) ) ;
#3092 =( GEOMETRIC_REPRESENTATION_CONTEXT ( 3 ) GLOBAL_UNCERTAINTY_ASSIGNED_CONTEXT ( ( #2255 ) ) GLOBAL_UNIT_ASSIGNED_CONTEXT ( ( #1754, #4196, #53 ) ) REPRESENTATION_CONTEXT ( 'NONE', 'WORKASPACE' ) );
#3093 = DIRECTION ( 'NONE',  ( 0.000000000000000000, -0.000000000000000000, 1.000000000000000000 ) ) ;
#3094 = UNCERTAINTY_MEASURE_WITH_UNIT (LENGTH_MEASURE( 1.000000000000000082E-05 ), #3352, 'distance_accuracy_value', 'NONE');
#3095 = CARTESIAN_POINT ( 'NONE',  ( -1.560000000000000053, -0.7600000000000001199, 0.4299999999999999933 ) ) ;
#3096 = ORIENTED_EDGE ( 'NONE', *, *, #3640, .T. ) ;
#3097 = VERTEX_POINT ( 'NONE', #3392 ) ;
#3098 = SURFACE_SIDE_STYLE ('',( #4458 ) ) ;
#3099 = AXIS2_PLACEMENT_3D ( 'NONE', #413, #1447, #1749 ) ;
#3100 = CIRCLE ( 'NONE', #255, 0.03999999999999999389 ) ;
#3101 =( GEOMETRIC_REPRESENTATION_CONTEXT ( 3 ) GLOBAL_UNCERTAINTY_ASSIGNED_CONTEXT ( ( #4240 ) ) GLOBAL_UNIT_ASSIGNED_CONTEXT ( ( #3846, #2138, #1790 ) ) REPRESENTATION_CONTEXT ( 'NONE', 'WORKASPACE' ) );
#3102 = VERTEX_POINT ( 'NONE', #1684 ) ;
#3103 = CARTESIAN_POINT ( 'NONE',  ( 1.090000000000000080, 0.000000000000000000, 0.4699999999999999734 ) ) ;
#3104 = ADVANCED_FACE ( 'NONE', ( #3064 ), #1623, .T. ) ;
#3105 =( GEOMETRIC_REPRESENTATION_CONTEXT ( 3 ) GLOBAL_UNCERTAINTY_ASSIGNED_CONTEXT ( ( #1279 ) ) GLOBAL_UNIT_ASSIGNED_CONTEXT ( ( #2961, #2011, #959 ) ) REPRESENTATION_CONTEXT ( 'NONE', 'WORKASPACE' ) );
#3106 = VECTOR ( 'NONE', #1339, 1000.000000000000000 ) ;
#3107 = UNCERTAINTY_MEASURE_WITH_UNIT (LENGTH_MEASURE( 1.000000000000000082E-05 ), #1224, 'distance_accuracy_value', 'NONE');
#3108 = LINE ( 'NONE', #2471, #2250 ) ;
#3109 = ORIENTED_EDGE ( 'NONE', *, *, #3066, .T. ) ;
#3110 = CYLINDRICAL_SURFACE ( 'NONE', #2276, 0.04000000000000010492 ) ;
#3111 = DIRECTION ( 'NONE',  ( -1.000000000000000000, 0.000000000000000000, -0.000000000000000000 ) ) ;
#3112 = PRESENTATION_LAYER_ASSIGNMENT (  '', '', ( #2411 ) ) ;
#3113 =( NAMED_UNIT ( * ) SI_UNIT ( $, .STERADIAN. ) SOLID_ANGLE_UNIT ( ) );
#3114 = CARTESIAN_POINT ( 'NONE',  ( 0.4050000000000000266, -0.5700000000000001732, 0.3899999999999999023 ) ) ;
#3115 = COLOUR_RGB ( '',0.7529411764705882248, 0.7529411764705882248, 0.7529411764705882248 ) ;
#3116 = EDGE_CURVE ( 'NONE', #945, #1594, #2496, .T. ) ;
#3117 = FACE_OUTER_BOUND ( 'NONE', #504, .T. ) ;
#3118 = CARTESIAN_POINT ( 'NONE',  ( -1.560000000000000053, 0.7599999999999998979, 0.4299999999999999933 ) ) ;
#3119 = STYLED_ITEM ( 'NONE', ( #3818 ), #2667 ) ;
#3120 = SURFACE_STYLE_USAGE ( .BOTH. , #3351 ) ;
#3121 = ORIENTED_EDGE ( 'NONE', *, *, #1478, .F. ) ;
#3122 = ORIENTED_EDGE ( 'NONE', *, *, #1891, .F. ) ;
#3123 = CARTESIAN_POINT ( 'NONE',  ( 0.4050000000000000266, 0.7599999999999998979, 0.4299999999999999933 ) ) ;
#3124 = EDGE_CURVE ( 'NONE', #1442, #224, #215, .T. ) ;
#3125 = CIRCLE ( 'NONE', #3700, 0.03999999999999999389 ) ;
#3126 = DIRECTION ( 'NONE',  ( 0.000000000000000000, -1.000000000000000000, -1.129377263005734114E-16 ) ) ;
#3127 =( LENGTH_UNIT ( ) NAMED_UNIT ( * ) SI_UNIT ( .MILLI., .METRE. ) );
#3128 = VERTEX_POINT ( 'NONE', #2281 ) ;
#3129 = AXIS2_PLACEMENT_3D ( 'NONE', #459, #3975, #2656 ) ;
#3130 = SURFACE_STYLE_USAGE ( .BOTH. , #1758 ) ;
#3131 = EDGE_LOOP ( 'NONE', ( #1167, #2567, #3913, #1768, #417, #3509, #4167, #4074 ) ) ;
#3132 = MECHANICAL_DESIGN_GEOMETRIC_PRESENTATION_REPRESENTATION (  '', ( #1098 ), #1173 ) ;
#3133 = COLOUR_RGB ( '',0.7254901960784313486, 0.6666666666666666297, 0.6509803921568627638 ) ;
#3134 = CARTESIAN_POINT ( 'NONE',  ( 1.560000000000000275, 0.7599999999999998979, 0.4699999999999999734 ) ) ;
#3135 = SURFACE_STYLE_FILL_AREA ( #1041 ) ;
#3136 = CARTESIAN_POINT ( 'NONE',  ( 1.560000000000000497, -0.7600000000000001199, -0.4299999999999999933 ) ) ;
#3137 = ADVANCED_FACE ( 'NONE', ( #3451 ), #2304, .T. ) ;
#3138 = DIRECTION ( 'NONE',  ( 0.000000000000000000, -1.000000000000000000, 0.000000000000000000 ) ) ;
#3139 = CYLINDRICAL_SURFACE ( 'NONE', #1302, 0.03999999999999999389 ) ;
#3140 = LINE ( 'NONE', #3470, #2579 ) ;
#3141 = PRESENTATION_LAYER_ASSIGNMENT (  '', '', ( #591 ) ) ;
#3142 = ORIENTED_EDGE ( 'NONE', *, *, #3471, .T. ) ;
#3143 = SURFACE_STYLE_USAGE ( .BOTH. , #1772 ) ;
#3144 = CARTESIAN_POINT ( 'NONE',  ( 1.090000000000000080, -0.8000000000000001554, 0.4299999999999999933 ) ) ;
#3145 = ORIENTED_EDGE ( 'NONE', *, *, #3985, .T. ) ;
#3146 = ORIENTED_EDGE ( 'NONE', *, *, #380, .F. ) ;
#3147 = SURFACE_STYLE_USAGE ( .BOTH. , #2464 ) ;
#3148 = EDGE_CURVE ( 'NONE', #28, #3102, #1963, .T. ) ;
#3149 = EDGE_CURVE ( 'NONE', #28, #693, #1933, .T. ) ;
#3150 = CARTESIAN_POINT ( 'NONE',  ( -0.4050000000000000266, -0.7600000000000001199, -0.4699999999999999734 ) ) ;
#3151 = ORIENTED_EDGE ( 'NONE', *, *, #2560, .F. ) ;
#3152 = SURFACE_SIDE_STYLE ('',( #2841 ) ) ;
#3153 = SURFACE_STYLE_FILL_AREA ( #4125 ) ;
#3154 = SURFACE_SIDE_STYLE ('',( #1785 ) ) ;
#3155 = ADVANCED_FACE ( 'NONE', ( #2741 ), #3477, .T. ) ;
#3156 = CARTESIAN_POINT ( 'NONE',  ( 1.090000000000000080, -0.7600000000000001199, 0.4699999999999999734 ) ) ;
#3157 = ORIENTED_EDGE ( 'NONE', *, *, #2378, .T. ) ;
#3159 = CLOSED_SHELL ( 'NONE', ( #1541, #1320, #4277, #929, #1952, #2858, #2053, #4130, #3942, #2860, #2062, #4388 ) ) ;
#3158 = CARTESIAN_POINT ( 'NONE',  ( 0.4050000000000000266, 0.5700000000000001732, 0.000000000000000000 ) ) ;
#3160 = CARTESIAN_POINT ( 'NONE',  ( -0.4050000000000000266, 0.000000000000000000, -0.3899999999999999578 ) ) ;
#3161 = CARTESIAN_POINT ( 'NONE',  ( 0.000000000000000000, 0.000000000000000000, -0.4699999999999999734 ) ) ;
#3162 = ORIENTED_EDGE ( 'NONE', *, *, #106, .T. ) ;
#3163 = CIRCLE ( 'NONE', #4252, 0.04000000000000010492 ) ;
#3164 = ORIENTED_EDGE ( 'NONE', *, *, #2378, .F. ) ;
#3165 = CARTESIAN_POINT ( 'NONE',  ( -0.4050000000000000266, 0.000000000000000000, -0.4699999999999999734 ) ) ;
#3166 = CARTESIAN_POINT ( 'NONE',  ( 0.000000000000000000, 0.000000000000000000, 0.3699999999999999956 ) ) ;
#3167 = VECTOR ( 'NONE', #31, 1000.000000000000000 ) ;
#3168 = PLANE ( 'NONE',  #2893 ) ;
#3169 = VERTEX_POINT ( 'NONE', #902 ) ;
#3170 = MECHANICAL_DESIGN_GEOMETRIC_PRESENTATION_REPRESENTATION (  '', ( #266 ), #3745 ) ;
#3171 = CARTESIAN_POINT ( 'NONE',  ( 0.4050000000000000266, 0.7999999999999999334, 0.000000000000000000 ) ) ;
#3172 = COLOUR_RGB ( '',0.7529411764705882248, 0.7529411764705882248, 0.7529411764705882248 ) ;
#3173 = CARTESIAN_POINT ( 'NONE',  ( -0.4050000000000000266, 0.000000000000000000, 0.4699999999999999734 ) ) ;
#3174 = ORIENTED_EDGE ( 'NONE', *, *, #688, .T. ) ;
#3175 = CARTESIAN_POINT ( 'NONE',  ( -1.089999999999999858, 0.7999999999999999334, -0.4299999999999999933 ) ) ;
#3176 = MECHANICAL_DESIGN_GEOMETRIC_PRESENTATION_REPRESENTATION (  '', ( #1287 ), #1592 ) ;
#3177 =( NAMED_UNIT ( * ) SI_UNIT ( $, .STERADIAN. ) SOLID_ANGLE_UNIT ( ) );
#3178 = SURFACE_SIDE_STYLE ('',( #3242 ) ) ;
#3179 = ORIENTED_EDGE ( 'NONE', *, *, #3385, .F. ) ;
#3180 = LINE ( 'NONE', #2184, #630 ) ;
#3181 = PLANE ( 'NONE',  #4345 ) ;
#3182 = STYLED_ITEM ( 'NONE', ( #2674 ), #2620 ) ;
#3183 = VERTEX_POINT ( 'NONE', #2115 ) ;
#3184 = ORIENTED_EDGE ( 'NONE', *, *, #2133, .T. ) ;
#3185 = PRESENTATION_LAYER_ASSIGNMENT (  '', '', ( #3476 ) ) ;
#3186 = FACE_OUTER_BOUND ( 'NONE', #2806, .T. ) ;
#3187 = ORIENTED_EDGE ( 'NONE', *, *, #1465, .F. ) ;
#3188 = DIRECTION ( 'NONE',  ( -1.355252715606880789E-16, 1.000000000000000000, -0.000000000000000000 ) ) ;
#3189 = DIRECTION ( 'NONE',  ( 0.000000000000000000, 0.000000000000000000, 1.000000000000000000 ) ) ;
#3190 = UNCERTAINTY_MEASURE_WITH_UNIT (LENGTH_MEASURE( 1.000000000000000082E-05 ), #3891, 'distance_accuracy_value', 'NONE');
#3191 = FACE_OUTER_BOUND ( 'NONE', #162, .T. ) ;
#3192 = FILL_AREA_STYLE ('',( #1824 ) ) ;
#3193 = ORIENTED_EDGE ( 'NONE', *, *, #3330, .F. ) ;
#3194 = CARTESIAN_POINT ( 'NONE',  ( 1.600000000000000311, 2.168404344971009361E-16, 0.4699999999999999734 ) ) ;
#3195 = FACE_OUTER_BOUND ( 'NONE', #1793, .T. ) ;
#3196 =( LENGTH_UNIT ( ) NAMED_UNIT ( * ) SI_UNIT ( .MILLI., .METRE. ) );
#3197 = CARTESIAN_POINT ( 'NONE',  ( -1.560000000000000053, 0.7599999999999998979, 0.4299999999999999933 ) ) ;
#3198 = AXIS2_PLACEMENT_3D ( 'NONE', #4040, #996, #3864 ) ;
#3199 = DIRECTION ( 'NONE',  ( -1.000000000000000000, -3.952820420520068413E-16, 0.000000000000000000 ) ) ;
#3200 = ORIENTED_EDGE ( 'NONE', *, *, #2196, .T. ) ;
#3201 = COLOUR_RGB ( '',1.000000000000000000, 0.000000000000000000, 0.000000000000000000 ) ;
#3202 = DIRECTION ( 'NONE',  ( 0.000000000000000000, -1.129377263005734114E-16, 1.000000000000000000 ) ) ;
#3203 = CARTESIAN_POINT ( 'NONE',  ( 1.090000000000000080, 0.7599999999999998979, -0.4299999999999999933 ) ) ;
#3204 = FILL_AREA_STYLE_COLOUR ( '', #2399 ) ;
#3205 =( NAMED_UNIT ( * ) SI_UNIT ( $, .STERADIAN. ) SOLID_ANGLE_UNIT ( ) );
#3206 = PRESENTATION_LAYER_ASSIGNMENT (  '', '', ( #605 ) ) ;
#3207 = EDGE_LOOP ( 'NONE', ( #2976, #2226, #3096, #3012 ) ) ;
#3208 = ORIENTED_EDGE ( 'NONE', *, *, #4259, .F. ) ;
#3209 =( NAMED_UNIT ( * ) SI_UNIT ( $, .STERADIAN. ) SOLID_ANGLE_UNIT ( ) );
#3210 = DIRECTION ( 'NONE',  ( 0.000000000000000000, -1.000000000000000000, 0.000000000000000000 ) ) ;
#3211 = LINE ( 'NONE', #3853, #1944 ) ;
#3212 = EDGE_CURVE ( 'NONE', #3873, #1050, #3827, .T. ) ;
#3213 = VERTEX_POINT ( 'NONE', #759 ) ;
#3214 = FILL_AREA_STYLE_COLOUR ( '', #2991 ) ;
#3215 = PLANE ( 'NONE',  #3817 ) ;
#3216 = ADVANCED_FACE ( 'NONE', ( #711 ), #2556, .F. ) ;
#3217 = DIRECTION ( 'NONE',  ( 1.000000000000000000, 0.000000000000000000, -0.000000000000000000 ) ) ;
#3218 = ORIENTED_EDGE ( 'NONE', *, *, #1667, .T. ) ;
#3219 = DIRECTION ( 'NONE',  ( 0.000000000000000000, 0.000000000000000000, -1.000000000000000000 ) ) ;
#3220 =( LENGTH_UNIT ( ) NAMED_UNIT ( * ) SI_UNIT ( .MILLI., .METRE. ) );
#3221 =( NAMED_UNIT ( * ) SI_UNIT ( $, .STERADIAN. ) SOLID_ANGLE_UNIT ( ) );
#3222 = DIRECTION ( 'NONE',  ( 1.000000000000000000, 0.000000000000000000, 0.000000000000000000 ) ) ;
#3223 = SURFACE_STYLE_FILL_AREA ( #1530 ) ;
#3224 = UNCERTAINTY_MEASURE_WITH_UNIT (LENGTH_MEASURE( 1.000000000000000082E-05 ), #671, 'distance_accuracy_value', 'NONE');
#3225 = DIRECTION ( 'NONE',  ( 1.000000000000000000, -0.000000000000000000, -0.000000000000000000 ) ) ;
#3226 = DIRECTION ( 'NONE',  ( -1.000000000000000000, -0.000000000000000000, -0.000000000000000000 ) ) ;
#3227 = CYLINDRICAL_SURFACE ( 'NONE', #3129, 0.03999999999999999389 ) ;
#3228 = ORIENTED_EDGE ( 'NONE', *, *, #94, .T. ) ;
#3229 = VECTOR ( 'NONE', #2777, 1000.000000000000000 ) ;
#3230 = DIRECTION ( 'NONE',  ( -2.710505431213760099E-16, 1.000000000000000000, -0.000000000000000000 ) ) ;
#3231 =( NAMED_UNIT ( * ) PLANE_ANGLE_UNIT ( ) SI_UNIT ( $, .RADIAN. ) );
#3232 = PRESENTATION_LAYER_ASSIGNMENT (  '', '', ( #4023 ) ) ;
#3233 = ORIENTED_EDGE ( 'NONE', *, *, #3678, .T. ) ;
#3234 = UNCERTAINTY_MEASURE_WITH_UNIT (LENGTH_MEASURE( 1.000000000000000082E-05 ), #371, 'distance_accuracy_value', 'NONE');
#3235 =( NAMED_UNIT ( * ) SI_UNIT ( $, .STERADIAN. ) SOLID_ANGLE_UNIT ( ) );
#3236 = PLANE ( 'NONE',  #1831 ) ;
#3237 = VECTOR ( 'NONE', #1025, 1000.000000000000000 ) ;
#3238 = DIRECTION ( 'NONE',  ( 0.000000000000000000, 0.000000000000000000, -1.000000000000000000 ) ) ;
#3239 = ADVANCED_FACE ( 'NONE', ( #736 ), #1942, .T. ) ;
#3240 = MECHANICAL_DESIGN_GEOMETRIC_PRESENTATION_REPRESENTATION (  '', ( #3750 ), #1209 ) ;
#3241 =( GEOMETRIC_REPRESENTATION_CONTEXT ( 3 ) GLOBAL_UNCERTAINTY_ASSIGNED_CONTEXT ( ( #3506 ) ) GLOBAL_UNIT_ASSIGNED_CONTEXT ( ( #4279, #3231, #824 ) ) REPRESENTATION_CONTEXT ( 'NONE', 'WORKASPACE' ) );
#3242 = SURFACE_STYLE_FILL_AREA ( #2821 ) ;
#3243 = VECTOR ( 'NONE', #4383, 1000.000000000000000 ) ;
#3244 = CARTESIAN_POINT ( 'NONE',  ( 1.600000000000000311, 0.7599999999999998979, -0.4699999999999999734 ) ) ;
#3245 = COLOUR_RGB ( '',0.7529411764705882248, 0.7529411764705882248, 0.7529411764705882248 ) ;
#3246 = DIRECTION ( 'NONE',  ( 0.000000000000000000, 0.000000000000000000, -1.000000000000000000 ) ) ;
#3247 = AXIS2_PLACEMENT_3D ( 'NONE', #485, #140, #1281 ) ;
#3248 = CARTESIAN_POINT ( 'NONE',  ( -0.4050000000000000266, 0.7999999999999999334, 0.000000000000000000 ) ) ;
#3249 = LINE ( 'NONE', #1611, #399 ) ;
#3250 = FILL_AREA_STYLE_COLOUR ( '', #4473 ) ;
#3251 =( GEOMETRIC_REPRESENTATION_CONTEXT ( 3 ) GLOBAL_UNCERTAINTY_ASSIGNED_CONTEXT ( ( #2024 ) ) GLOBAL_UNIT_ASSIGNED_CONTEXT ( ( #1898, #1859, #4300 ) ) REPRESENTATION_CONTEXT ( 'NONE', 'WORKASPACE' ) );
#3252 = ORIENTED_EDGE ( 'NONE', *, *, #1569, .F. ) ;
#3253 = DIRECTION ( 'NONE',  ( 1.000000000000000000, -0.000000000000000000, 0.000000000000000000 ) ) ;
#3254 = AXIS2_PLACEMENT_3D ( 'NONE', #2386, #890, #2370 ) ;
#3255 = PLANE ( 'NONE',  #3395 ) ;
#3256 = FILL_AREA_STYLE_COLOUR ( '', #4133 ) ;
#3257 = VECTOR ( 'NONE', #2940, 1000.000000000000000 ) ;
#3258 = ORIENTED_EDGE ( 'NONE', *, *, #1378, .T. ) ;
#3259 = VECTOR ( 'NONE', #1522, 1000.000000000000000 ) ;
#3260 = SURFACE_SIDE_STYLE ('',( #4291 ) ) ;
#3261 = COLOUR_RGB ( '',0.7254901960784313486, 0.6666666666666666297, 0.6509803921568627638 ) ;
#3262 = FILL_AREA_STYLE_COLOUR ( '', #631 ) ;
#3263 = CARTESIAN_POINT ( 'NONE',  ( 1.090000000000000080, -0.8000000000000001554, -0.4299999999999999933 ) ) ;
#3264 = STYLED_ITEM ( 'NONE', ( #1127 ), #4277 ) ;
#3265 = VECTOR ( 'NONE', #3584, 1000.000000000000000 ) ;
#3266 = PLANE ( 'NONE',  #1807 ) ;
#3267 = ORIENTED_EDGE ( 'NONE', *, *, #1519, .F. ) ;
#3268 = AXIS2_PLACEMENT_3D ( 'NONE', #2604, #819, #1221 ) ;
#3269 = VERTEX_POINT ( 'NONE', #3910 ) ;
#3270 = FILL_AREA_STYLE_COLOUR ( '', #1431 ) ;
#3271 =( GEOMETRIC_REPRESENTATION_CONTEXT ( 3 ) GLOBAL_UNCERTAINTY_ASSIGNED_CONTEXT ( ( #303 ) ) GLOBAL_UNIT_ASSIGNED_CONTEXT ( ( #4079, #906, #3004 ) ) REPRESENTATION_CONTEXT ( 'NONE', 'WORKASPACE' ) );
#3272 = ORIENTED_EDGE ( 'NONE', *, *, #644, .F. ) ;
#3273 = EDGE_CURVE ( 'NONE', #1122, #4106, #3311, .T. ) ;
#3274 = FILL_AREA_STYLE_COLOUR ( '', #749 ) ;
#3275 = EDGE_CURVE ( 'NONE', #316, #1475, #2964, .T. ) ;
#3276 = MECHANICAL_DESIGN_GEOMETRIC_PRESENTATION_REPRESENTATION (  '', ( #3000 ), #2272 ) ;
#3277 =( LENGTH_UNIT ( ) NAMED_UNIT ( * ) SI_UNIT ( .MILLI., .METRE. ) );
#3278 = DIRECTION ( 'NONE',  ( -0.000000000000000000, -0.000000000000000000, 1.000000000000000000 ) ) ;
#3279 = FILL_AREA_STYLE_COLOUR ( '', #1534 ) ;
#3280 = EDGE_LOOP ( 'NONE', ( #1100, #71, #3428, #2173 ) ) ;
#3281 = DIRECTION ( 'NONE',  ( 0.000000000000000000, 1.000000000000000000, 0.000000000000000000 ) ) ;
#3282 =( LENGTH_UNIT ( ) NAMED_UNIT ( * ) SI_UNIT ( .MILLI., .METRE. ) );
#3283 = DIRECTION ( 'NONE',  ( 0.000000000000000000, -1.000000000000000000, 0.000000000000000000 ) ) ;
#3284 = DIRECTION ( 'NONE',  ( 0.000000000000000000, 0.000000000000000000, -1.000000000000000000 ) ) ;
#3285 = FILL_AREA_STYLE ('',( #1198 ) ) ;
#3286 = FILL_AREA_STYLE_COLOUR ( '', #3450 ) ;
#3287 = SURFACE_STYLE_FILL_AREA ( #836 ) ;
#3288 = EDGE_LOOP ( 'NONE', ( #2584, #1470, #27 ) ) ;
#3289 = FILL_AREA_STYLE_COLOUR ( '', #3442 ) ;
#3290 = LINE ( 'NONE', #2616, #4322 ) ;
#3291 = CARTESIAN_POINT ( 'NONE',  ( -0.4050000000000000266, -0.5700000000000001732, 0.4699999999999999734 ) ) ;
#3292 = DIRECTION ( 'NONE',  ( 1.000000000000000000, 0.000000000000000000, 0.000000000000000000 ) ) ;
#3293 =( NAMED_UNIT ( * ) PLANE_ANGLE_UNIT ( ) SI_UNIT ( $, .RADIAN. ) );
#3294 = SURFACE_STYLE_FILL_AREA ( #1927 ) ;
#3295 = ORIENTED_EDGE ( 'NONE', *, *, #1399, .T. ) ;
#3296 = CARTESIAN_POINT ( 'NONE',  ( 0.4050000000000000266, 0.5700000000000001732, -0.3899999999999999578 ) ) ;
#3297 = FILL_AREA_STYLE_COLOUR ( '', #4410 ) ;
#3298 = FACE_OUTER_BOUND ( 'NONE', #48, .T. ) ;
#3299 = PRESENTATION_STYLE_ASSIGNMENT (( #3016 ) ) ;
#3300 = ORIENTED_EDGE ( 'NONE', *, *, #1414, .T. ) ;
#3301 = FACE_OUTER_BOUND ( 'NONE', #3533, .T. ) ;
#3302 = SPHERICAL_SURFACE ( 'NONE', #4409, 0.04000000000000000777 ) ;
#3303 = COLOUR_RGB ( '',0.7254901960784313486, 0.6666666666666666297, 0.6509803921568627638 ) ;
#3304 = EDGE_CURVE ( 'NONE', #3755, #4089, #1689, .T. ) ;
#3305 = SURFACE_STYLE_USAGE ( .BOTH. , #614 ) ;
#3306 = ADVANCED_FACE ( 'NONE', ( #3611 ), #3227, .T. ) ;
#3307 = SURFACE_STYLE_USAGE ( .BOTH. , #2529 ) ;
#3308 = EDGE_CURVE ( 'NONE', #3323, #2838, #129, .T. ) ;
#3309 = SURFACE_STYLE_FILL_AREA ( #2369 ) ;
#3310 = AXIS2_PLACEMENT_3D ( 'NONE', #3118, #3408, #1719 ) ;
#3311 = LINE ( 'NONE', #1201, #739 ) ;
#3312 = ORIENTED_EDGE ( 'NONE', *, *, #3644, .T. ) ;
#3313 = AXIS2_PLACEMENT_3D ( 'NONE', #1413, #2410, #678 ) ;
#3314 = COLOUR_RGB ( '',0.7254901960784313486, 0.6666666666666666297, 0.6509803921568627638 ) ;
#3315 = CARTESIAN_POINT ( 'NONE',  ( -0.4050000000000000266, -0.7200000000000001954, -0.3899999999999999578 ) ) ;
#3316 = LINE ( 'NONE', #4003, #2612 ) ;
#3317 = ORIENTED_EDGE ( 'NONE', *, *, #4343, .T. ) ;
#3318 = ORIENTED_EDGE ( 'NONE', *, *, #3124, .T. ) ;
#3319 = EDGE_CURVE ( 'NONE', #3778, #4251, #523, .T. ) ;
#3320 = VECTOR ( 'NONE', #989, 1000.000000000000000 ) ;
#3321 = FACE_OUTER_BOUND ( 'NONE', #1998, .T. ) ;
#3322 = PRESENTATION_STYLE_ASSIGNMENT (( #3349 ) ) ;
#3323 = VERTEX_POINT ( 'NONE', #2984 ) ;
#3324 = DIRECTION ( 'NONE',  ( 0.000000000000000000, 0.000000000000000000, -1.000000000000000000 ) ) ;
#3325 = STYLED_ITEM ( 'NONE', ( #909 ), #2601 ) ;
#3326 = ADVANCED_FACE ( 'NONE', ( #1579 ), #1900, .T. ) ;
#3327 = FILL_AREA_STYLE ('',( #1644 ) ) ;
#3328 = CARTESIAN_POINT ( 'NONE',  ( 0.4050000000000000266, 0.7999999999999999334, 0.4299999999999999933 ) ) ;
#3329 = STYLED_ITEM ( 'NONE', ( #33 ), #2880 ) ;
#3330 = EDGE_CURVE ( 'NONE', #1029, #3686, #1020, .T. ) ;
#3331 = DIRECTION ( 'NONE',  ( -0.000000000000000000, 0.000000000000000000, 1.000000000000000000 ) ) ;
#3332 = LINE ( 'NONE', #544, #2553 ) ;
#3333 = PRODUCT_DEFINITION_SHAPE ( 'NONE', 'NONE',  #441 ) ;
#3334 = FILL_AREA_STYLE ('',( #1606 ) ) ;
#3335 = MECHANICAL_DESIGN_GEOMETRIC_PRESENTATION_REPRESENTATION (  '', ( #2265 ), #1168 ) ;
#3336 = CARTESIAN_POINT ( 'NONE',  ( -1.089999999999999858, -0.7600000000000001199, -0.4699999999999999734 ) ) ;
#3337 = ORIENTED_EDGE ( 'NONE', *, *, #4354, .F. ) ;
#3338 = VECTOR ( 'NONE', #242, 1000.000000000000000 ) ;
#3339 = SURFACE_SIDE_STYLE ('',( #962 ) ) ;
#3340 = LINE ( 'NONE', #3749, #1588 ) ;
#3341 = VECTOR ( 'NONE', #2743, 1000.000000000000000 ) ;
#3342 = PRESENTATION_LAYER_ASSIGNMENT (  '', '', ( #2780 ) ) ;
#3343 = VERTEX_POINT ( 'NONE', #978 ) ;
#3344 = VERTEX_POINT ( 'NONE', #636 ) ;
#3345 = PRESENTATION_STYLE_ASSIGNMENT (( #1637 ) ) ;
#3346 = VECTOR ( 'NONE', #2189, 1000.000000000000000 ) ;
#3347 = STYLED_ITEM ( 'NONE', ( #1710 ), #3807 ) ;
#3348 = EDGE_CURVE ( 'NONE', #1050, #1029, #599, .T. ) ;
#3349 = SURFACE_STYLE_USAGE ( .BOTH. , #587 ) ;
#3350 = ORIENTED_EDGE ( 'NONE', *, *, #4200, .F. ) ;
#3351 = SURFACE_SIDE_STYLE ('',( #665 ) ) ;
#3352 =( LENGTH_UNIT ( ) NAMED_UNIT ( * ) SI_UNIT ( .MILLI., .METRE. ) );
#3353 = CARTESIAN_POINT ( 'NONE',  ( 0.4050000000000000266, -0.8000000000000001554, -0.4299999999999999933 ) ) ;
#3354 = CARTESIAN_POINT ( 'NONE',  ( 0.4050000000000000266, -0.5700000000000001732, -0.3899999999999999578 ) ) ;
#3355 = SURFACE_STYLE_USAGE ( .BOTH. , #1991 ) ;
#3356 = CYLINDRICAL_SURFACE ( 'NONE', #709, 0.04000000000000010492 ) ;
#3357 = FACE_OUTER_BOUND ( 'NONE', #2181, .T. ) ;
#3358 = ORIENTED_EDGE ( 'NONE', *, *, #2876, .F. ) ;
#3359 = DIRECTION ( 'NONE',  ( 0.000000000000000000, 0.000000000000000000, -1.000000000000000000 ) ) ;
#3360 =( LENGTH_UNIT ( ) NAMED_UNIT ( * ) SI_UNIT ( .MILLI., .METRE. ) );
#3361 = PRESENTATION_STYLE_ASSIGNMENT (( #3425 ) ) ;
#3362 = PRESENTATION_STYLE_ASSIGNMENT (( #1997 ) ) ;
#3363 = DIRECTION ( 'NONE',  ( 1.000000000000000000, 0.000000000000000000, -0.000000000000000000 ) ) ;
#3364 = ORIENTED_EDGE ( 'NONE', *, *, #1735, .T. ) ;
#3365 = ORIENTED_EDGE ( 'NONE', *, *, #4487, .F. ) ;
#3366 = PRESENTATION_STYLE_ASSIGNMENT (( #925 ) ) ;
#3367 = UNCERTAINTY_MEASURE_WITH_UNIT (LENGTH_MEASURE( 1.000000000000000082E-05 ), #3909, 'distance_accuracy_value', 'NONE');
#3368 =( LENGTH_UNIT ( ) NAMED_UNIT ( * ) SI_UNIT ( .MILLI., .METRE. ) );
#3369 = SPHERICAL_SURFACE ( 'NONE', #3918, 0.04000000000000000777 ) ;
#3370 = ORIENTED_EDGE ( 'NONE', *, *, #4146, .T. ) ;
#3371 = DIRECTION ( 'NONE',  ( 0.000000000000000000, 0.000000000000000000, -1.000000000000000000 ) ) ;
#3372 = CARTESIAN_POINT ( 'NONE',  ( 1.090000000000000080, 0.7599999999999998979, 0.4299999999999999933 ) ) ;
#3373 = FILL_AREA_STYLE_COLOUR ( '', #2839 ) ;
#3374 = VECTOR ( 'NONE', #3474, 1000.000000000000000 ) ;
#3375 = CARTESIAN_POINT ( 'NONE',  ( 1.090000000000000080, -0.8000000000000001554, 0.4699999999999999734 ) ) ;
#3376 = CARTESIAN_POINT ( 'NONE',  ( -0.8499999999999997558, 0.1999999999999999833, 0.3699999999999999956 ) ) ;
#3377 = CIRCLE ( 'NONE', #3539, 0.03999999999999999389 ) ;
#3378 = DIRECTION ( 'NONE',  ( -0.000000000000000000, 0.000000000000000000, -1.000000000000000000 ) ) ;
#3379 = COLOUR_RGB ( '',1.000000000000000000, 0.000000000000000000, 0.000000000000000000 ) ;
#3380 = VERTEX_POINT ( 'NONE', #3336 ) ;
#3381 = CARTESIAN_POINT ( 'NONE',  ( 0.4050000000000000266, -0.5700000000000001732, -0.4699999999999999734 ) ) ;
#3382 = PRESENTATION_STYLE_ASSIGNMENT (( #1370 ) ) ;
#3383 =( NAMED_UNIT ( * ) PLANE_ANGLE_UNIT ( ) SI_UNIT ( $, .RADIAN. ) );
#3384 = VECTOR ( 'NONE', #2550, 1000.000000000000000 ) ;
#3385 = EDGE_CURVE ( 'NONE', #4318, #1131, #4143, .T. ) ;
#3386 = EDGE_LOOP ( 'NONE', ( #1587, #2447, #3585, #2358 ) ) ;
#3387 = VECTOR ( 'NONE', #3138, 1000.000000000000000 ) ;
#3388 = SURFACE_STYLE_USAGE ( .BOTH. , #1236 ) ;
#3389 = AXIS2_PLACEMENT_3D ( 'NONE', #752, #2820, #379 ) ;
#3390 = SURFACE_STYLE_FILL_AREA ( #1704 ) ;
#3391 = COLOUR_RGB ( '',0.7529411764705882248, 0.7529411764705882248, 0.7529411764705882248 ) ;
#3392 = CARTESIAN_POINT ( 'NONE',  ( -0.4050000000000000266, -0.7600000000000001199, 0.4699999999999999734 ) ) ;
#3393 = ORIENTED_EDGE ( 'NONE', *, *, #2218, .F. ) ;
#3394 = SURFACE_STYLE_FILL_AREA ( #3695 ) ;
#3395 = AXIS2_PLACEMENT_3D ( 'NONE', #897, #2950, #1239 ) ;
#3396 = LINE ( 'NONE', #650, #3606 ) ;
#3397 = EDGE_CURVE ( 'NONE', #2067, #3813, #2343, .T. ) ;
#3398 = PRESENTATION_STYLE_ASSIGNMENT (( #991 ) ) ;
#3399 = APPLICATION_PROTOCOL_DEFINITION ( 'draft international standard', 'automotive_design', 1998, #3060 ) ;
#3400 =( GEOMETRIC_REPRESENTATION_CONTEXT ( 3 ) GLOBAL_UNCERTAINTY_ASSIGNED_CONTEXT ( ( #2069 ) ) GLOBAL_UNIT_ASSIGNED_CONTEXT ( ( #1116, #1526, #2603 ) ) REPRESENTATION_CONTEXT ( 'NONE', 'WORKASPACE' ) );
#3401 = UNCERTAINTY_MEASURE_WITH_UNIT (LENGTH_MEASURE( 1.000000000000000082E-05 ), #3872, 'distance_accuracy_value', 'NONE');
#3402 = DIRECTION ( 'NONE',  ( 0.000000000000000000, 1.000000000000000000, 0.000000000000000000 ) ) ;
#3403 = FACE_OUTER_BOUND ( 'NONE', #3935, .T. ) ;
#3404 = SURFACE_STYLE_FILL_AREA ( #1648 ) ;
#3405 = CARTESIAN_POINT ( 'NONE',  ( 0.4050000000000000266, 0.000000000000000000, 0.4699999999999999734 ) ) ;
#3406 =( NAMED_UNIT ( * ) SI_UNIT ( $, .STERADIAN. ) SOLID_ANGLE_UNIT ( ) );
#3407 = UNCERTAINTY_MEASURE_WITH_UNIT (LENGTH_MEASURE( 1.000000000000000082E-05 ), #4472, 'distance_accuracy_value', 'NONE');
#3408 = DIRECTION ( 'NONE',  ( -1.000000000000000000, 0.000000000000000000, 0.000000000000000000 ) ) ;
#3409 = ORIENTED_EDGE ( 'NONE', *, *, #2462, .T. ) ;
#3410 = VECTOR ( 'NONE', #2927, 1000.000000000000000 ) ;
#3411 = CARTESIAN_POINT ( 'NONE',  ( 0.4050000000000000266, -0.7200000000000001954, 0.000000000000000000 ) ) ;
#3412 = SURFACE_STYLE_USAGE ( .BOTH. , #3718 ) ;
#3413 = CARTESIAN_POINT ( 'NONE',  ( -0.3699999999999997735, 0.2000000000000001776, 0.3699999999999999956 ) ) ;
#3414 = ORIENTED_EDGE ( 'NONE', *, *, #2080, .T. ) ;
#3415 = CIRCLE ( 'NONE', #1473, 0.03999999999999999389 ) ;
#3416 = CARTESIAN_POINT ( 'NONE',  ( 0.4050000000000000266, -0.5700000000000001732, 0.4699999999999999734 ) ) ;
#3417 = DIRECTION ( 'NONE',  ( -1.000000000000000000, 0.000000000000000000, -0.000000000000000000 ) ) ;
#3418 = COLOUR_RGB ( '',0.7254901960784313486, 0.6666666666666666297, 0.6509803921568627638 ) ;
#3419 = FACE_OUTER_BOUND ( 'NONE', #1485, .T. ) ;
#3420 = DIRECTION ( 'NONE',  ( -0.000000000000000000, 1.000000000000000000, -0.000000000000000000 ) ) ;
#3421 =( NAMED_UNIT ( * ) SI_UNIT ( $, .STERADIAN. ) SOLID_ANGLE_UNIT ( ) );
#3422 = DIRECTION ( 'NONE',  ( -1.000000000000000000, 0.000000000000000000, -0.000000000000000000 ) ) ;
#3423 = FILL_AREA_STYLE_COLOUR ( '', #955 ) ;
#3424 = VERTEX_POINT ( 'NONE', #4406 ) ;
#3425 = SURFACE_STYLE_USAGE ( .BOTH. , #1343 ) ;
#3426 = SURFACE_STYLE_FILL_AREA ( #4108 ) ;
#3427 = SURFACE_SIDE_STYLE ('',( #1642 ) ) ;
#3428 = ORIENTED_EDGE ( 'NONE', *, *, #1253, .F. ) ;
#3429 = EDGE_CURVE ( 'NONE', #3596, #289, #1298, .T. ) ;
#3430 = EDGE_LOOP ( 'NONE', ( #760, #1079, #437, #3038, #2116, #1495, #4481, #4020, #130, #1838 ) ) ;
#3431 = FILL_AREA_STYLE ('',( #364 ) ) ;
#3432 =( NAMED_UNIT ( * ) PLANE_ANGLE_UNIT ( ) SI_UNIT ( $, .RADIAN. ) );
#3433 = PLANE ( 'NONE',  #3892 ) ;
#3434 = DIRECTION ( 'NONE',  ( 0.000000000000000000, 0.000000000000000000, 1.000000000000000000 ) ) ;
#3435 = ORIENTED_EDGE ( 'NONE', *, *, #764, .T. ) ;
#3436 = SURFACE_STYLE_FILL_AREA ( #299 ) ;
#3437 = EDGE_LOOP ( 'NONE', ( #2380, #3300, #910, #1649, #2394, #2192, #2817, #99, #648, #1193 ) ) ;
#3438 = EDGE_CURVE ( 'NONE', #246, #560, #576, .T. ) ;
#3439 = SURFACE_STYLE_FILL_AREA ( #4202 ) ;
#3440 = UNCERTAINTY_MEASURE_WITH_UNIT (LENGTH_MEASURE( 1.000000000000000082E-05 ), #776, 'distance_accuracy_value', 'NONE');
#3441 = LINE ( 'NONE', #1412, #2248 ) ;
#3442 = COLOUR_RGB ( '',0.7254901960784313486, 0.6666666666666666297, 0.6509803921568627638 ) ;
#3443 =( LENGTH_UNIT ( ) NAMED_UNIT ( * ) SI_UNIT ( .MILLI., .METRE. ) );
#3444 = EDGE_CURVE ( 'NONE', #316, #945, #2700, .T. ) ;
#3445 = EDGE_CURVE ( 'NONE', #2598, #3940, #2676, .T. ) ;
#3446 = CARTESIAN_POINT ( 'NONE',  ( 1.090000000000000080, -0.7600000000000001199, 0.4299999999999999933 ) ) ;
#3447 = ORIENTED_EDGE ( 'NONE', *, *, #427, .F. ) ;
#3448 = VECTOR ( 'NONE', #1396, 1000.000000000000000 ) ;
#3449 = DIRECTION ( 'NONE',  ( 0.000000000000000000, 0.000000000000000000, -1.000000000000000000 ) ) ;
#3450 = COLOUR_RGB ( '',0.7529411764705882248, 0.7529411764705882248, 0.7529411764705882248 ) ;
#3451 = FACE_OUTER_BOUND ( 'NONE', #2413, .T. ) ;
#3452 = ORIENTED_EDGE ( 'NONE', *, *, #764, .F. ) ;
#3453 = ORIENTED_EDGE ( 'NONE', *, *, #169, .T. ) ;
#3454 = MECHANICAL_DESIGN_GEOMETRIC_PRESENTATION_REPRESENTATION (  '', ( #1063 ), #3101 ) ;
#3455 = MECHANICAL_DESIGN_GEOMETRIC_PRESENTATION_REPRESENTATION (  '', ( #784 ), #1357 ) ;
#3456 = CARTESIAN_POINT ( 'NONE',  ( -1.089999999999999858, -0.8000000000000001554, 0.4699999999999999734 ) ) ;
#3457 = STYLED_ITEM ( 'NONE', ( #2038 ), #896 ) ;
#3458 = VERTEX_POINT ( 'NONE', #2387 ) ;
#3459 = SURFACE_STYLE_USAGE ( .BOTH. , #4263 ) ;
#3460 = PRESENTATION_LAYER_ASSIGNMENT (  '', '', ( #934 ) ) ;
#3461 = PRESENTATION_LAYER_ASSIGNMENT (  '', '', ( #2331 ) ) ;
#3462 = CARTESIAN_POINT ( 'NONE',  ( -1.560000000000000053, -0.7600000000000001199, -0.4299999999999999933 ) ) ;
#3463 = FILL_AREA_STYLE_COLOUR ( '', #137 ) ;
#3464 = COLOUR_RGB ( '',0.7254901960784313486, 0.6666666666666666297, 0.6509803921568627638 ) ;
#3465 = SURFACE_STYLE_FILL_AREA ( #3839 ) ;
#3466 = EDGE_CURVE ( 'NONE', #1035, #3169, #1716, .T. ) ;
#3467 = CARTESIAN_POINT ( 'NONE',  ( -0.4050000000000000266, 0.5700000000000001732, 0.3900000000000000133 ) ) ;
#3468 = CARTESIAN_POINT ( 'NONE',  ( 1.560000000000000497, -0.7600000000000001199, -0.4699999999999999734 ) ) ;
#3469 = AXIS2_PLACEMENT_3D ( 'NONE', #4320, #2232, #1887 ) ;
#3470 = CARTESIAN_POINT ( 'NONE',  ( -1.600000000000000089, 0.7999999999999999334, 0.4299999999999999933 ) ) ;
#3471 = EDGE_CURVE ( 'NONE', #3501, #2994, #1319, .T. ) ;
#3472 = VERTEX_POINT ( 'NONE', #4061 ) ;
#3473 = STYLED_ITEM ( 'NONE', ( #2139 ), #2504 ) ;
#3474 = DIRECTION ( 'NONE',  ( 0.000000000000000000, 0.000000000000000000, -1.000000000000000000 ) ) ;
#3475 = DIRECTION ( 'NONE',  ( 0.000000000000000000, 1.000000000000000000, 0.000000000000000000 ) ) ;
#3476 = STYLED_ITEM ( 'NONE', ( #3924 ), #2753 ) ;
#3477 = SPHERICAL_SURFACE ( 'NONE', #1766, 0.04000000000000000777 ) ;
#3478 = ORIENTED_EDGE ( 'NONE', *, *, #390, .T. ) ;
#3479 = ORIENTED_EDGE ( 'NONE', *, *, #3550, .T. ) ;
#3480 = VECTOR ( 'NONE', #395, 1000.000000000000000 ) ;
#3481 = LINE ( 'NONE', #1796, #2606 ) ;
#3482 = MECHANICAL_DESIGN_GEOMETRIC_PRESENTATION_REPRESENTATION (  '', ( #2921 ), #516 ) ;
#3483 = ORIENTED_EDGE ( 'NONE', *, *, #3907, .T. ) ;
#3484 = FILL_AREA_STYLE_COLOUR ( '', #2886 ) ;
#3485 = ADVANCED_FACE ( 'NONE', ( #223 ), #4134, .F. ) ;
#3486 = STYLED_ITEM ( 'NONE', ( #1698 ), #3485 ) ;
#3487 = FILL_AREA_STYLE ('',( #3917 ) ) ;
#3488 = FILL_AREA_STYLE_COLOUR ( '', #4423 ) ;
#3489 = VECTOR ( 'NONE', #2771, 1000.000000000000000 ) ;
#3490 = COLOUR_RGB ( '',0.7529411764705882248, 0.7529411764705882248, 0.7529411764705882248 ) ;
#3491 = LINE ( 'NONE', #1, #4438 ) ;
#3492 = PRESENTATION_LAYER_ASSIGNMENT (  '', '', ( #3069 ) ) ;
#3493 = PRESENTATION_STYLE_ASSIGNMENT (( #4179 ) ) ;
#3494 = DIRECTION ( 'NONE',  ( 1.000000000000000000, -0.000000000000000000, 0.000000000000000000 ) ) ;
#3495 = COLOUR_RGB ( '',0.7529411764705882248, 0.7529411764705882248, 0.7529411764705882248 ) ;
#3496 = ORIENTED_EDGE ( 'NONE', *, *, #2291, .T. ) ;
#3497 = CARTESIAN_POINT ( 'NONE',  ( -0.4050000000000000266, -0.5700000000000001732, 0.000000000000000000 ) ) ;
#3498 = LINE ( 'NONE', #386, #2172 ) ;
#3499 =( LENGTH_UNIT ( ) NAMED_UNIT ( * ) SI_UNIT ( .MILLI., .METRE. ) );
#3500 = ORIENTED_EDGE ( 'NONE', *, *, #1686, .F. ) ;
#3501 = VERTEX_POINT ( 'NONE', #2107 ) ;
#3502 = SURFACE_STYLE_USAGE ( .BOTH. , #2076 ) ;
#3503 = FILL_AREA_STYLE ('',( #2121 ) ) ;
#3504 = VERTEX_POINT ( 'NONE', #3114 ) ;
#3505 = DIRECTION ( 'NONE',  ( 0.000000000000000000, -1.000000000000000000, -0.000000000000000000 ) ) ;
#3506 = UNCERTAINTY_MEASURE_WITH_UNIT (LENGTH_MEASURE( 1.000000000000000082E-05 ), #4279, 'distance_accuracy_value', 'NONE');
#3507 =( LENGTH_UNIT ( ) NAMED_UNIT ( * ) SI_UNIT ( .MILLI., .METRE. ) );
#3508 = DIRECTION ( 'NONE',  ( 1.000000000000000000, -0.000000000000000000, -0.000000000000000000 ) ) ;
#3509 = ORIENTED_EDGE ( 'NONE', *, *, #3582, .T. ) ;
#3510 =( NAMED_UNIT ( * ) SI_UNIT ( $, .STERADIAN. ) SOLID_ANGLE_UNIT ( ) );
#3511 = DIRECTION ( 'NONE',  ( -1.000000000000000000, 0.000000000000000000, -0.000000000000000000 ) ) ;
#3512 = CARTESIAN_POINT ( 'NONE',  ( -0.8499999999999997558, 0.1999999999999999833, 0.4699999999999999734 ) ) ;
#3513 = VERTEX_POINT ( 'NONE', #3512 ) ;
#3514 = FACE_OUTER_BOUND ( 'NONE', #2195, .T. ) ;
#3516 = PRESENTATION_LAYER_ASSIGNMENT (  '', '', ( #981 ) ) ;
#3515 = DIRECTION ( 'NONE',  ( -1.000000000000000000, -3.952820420520068413E-16, -0.000000000000000000 ) ) ;
#3517 = DIRECTION ( 'NONE',  ( 1.000000000000000000, 0.000000000000000000, 0.000000000000000000 ) ) ;
#3518 = LINE ( 'NONE', #3160, #269 ) ;
#3519 = FILL_AREA_STYLE ('',( #2141 ) ) ;
#3520 = ORIENTED_EDGE ( 'NONE', *, *, #3665, .F. ) ;
#3521 = ORIENTED_EDGE ( 'NONE', *, *, #702, .T. ) ;
#3522 = LINE ( 'NONE', #570, #954 ) ;
#3523 = EDGE_CURVE ( 'NONE', #4413, #4017, #3140, .T. ) ;
#3524 = DIRECTION ( 'NONE',  ( 1.000000000000000000, -5.421010862427522959E-15, 0.000000000000000000 ) ) ;
#3525 = LINE ( 'NONE', #1750, #3167 ) ;
#3526 = ORIENTED_EDGE ( 'NONE', *, *, #3445, .T. ) ;
#3527 = MECHANICAL_DESIGN_GEOMETRIC_PRESENTATION_REPRESENTATION (  '', ( #4103 ), #4119 ) ;
#3528 = FACE_OUTER_BOUND ( 'NONE', #4461, .T. ) ;
#3529 = MECHANICAL_DESIGN_GEOMETRIC_PRESENTATION_REPRESENTATION (  '', ( #1142 ), #187 ) ;
#3530 = CARTESIAN_POINT ( 'NONE',  ( -0.8499999999999997558, -0.1999999999999999833, 0.3699999999999999956 ) ) ;
#3531 =( NAMED_UNIT ( * ) PLANE_ANGLE_UNIT ( ) SI_UNIT ( $, .RADIAN. ) );
#3532 = VECTOR ( 'NONE', #3944, 1000.000000000000000 ) ;
#3533 = EDGE_LOOP ( 'NONE', ( #3590, #997, #3622, #806 ) ) ;
#3534 = PRESENTATION_STYLE_ASSIGNMENT (( #751 ) ) ;
#3535 = VECTOR ( 'NONE', #2010, 1000.000000000000000 ) ;
#3536 = PLANE ( 'NONE',  #3389 ) ;
#3537 = EDGE_CURVE ( 'NONE', #1908, #2463, #2643, .T. ) ;
#3538 = DIRECTION ( 'NONE',  ( 0.000000000000000000, 0.000000000000000000, -1.000000000000000000 ) ) ;
#3539 = AXIS2_PLACEMENT_3D ( 'NONE', #1102, #3524, #1347 ) ;
#3540 = DIRECTION ( 'NONE',  ( -3.952820420520068413E-16, 1.000000000000000000, 0.000000000000000000 ) ) ;
#3541 = VERTEX_POINT ( 'NONE', #1738 ) ;
#3542 = COLOUR_RGB ( '',0.7254901960784313486, 0.6666666666666666297, 0.6509803921568627638 ) ;
#3543 = CARTESIAN_POINT ( 'NONE',  ( -0.4050000000000000266, 0.5700000000000001732, 0.000000000000000000 ) ) ;
#3544 = ADVANCED_FACE ( 'NONE', ( #39 ), #3795, .T. ) ;
#3545 =( NAMED_UNIT ( * ) PLANE_ANGLE_UNIT ( ) SI_UNIT ( $, .RADIAN. ) );
#3546 = COLOUR_RGB ( '',0.7529411764705882248, 0.7529411764705882248, 0.7529411764705882248 ) ;
#3547 = ORIENTED_EDGE ( 'NONE', *, *, #4070, .T. ) ;
#3548 = ORIENTED_EDGE ( 'NONE', *, *, #1228, .F. ) ;
#3549 = PRESENTATION_STYLE_ASSIGNMENT (( #3307 ) ) ;
#3550 = EDGE_CURVE ( 'NONE', #1721, #3778, #958, .T. ) ;
#3551 = MECHANICAL_DESIGN_GEOMETRIC_PRESENTATION_REPRESENTATION (  '', ( #3119 ), #4421 ) ;
#3552 = LINE ( 'NONE', #1841, #2251 ) ;
#3553 = VERTEX_POINT ( 'NONE', #429 ) ;
#3554 = CIRCLE ( 'NONE', #2126, 0.03999999999999999389 ) ;
#3555 = CARTESIAN_POINT ( 'NONE',  ( -1.560000000000000053, 0.7599999999999998979, 0.4299999999999999933 ) ) ;
#3556 = FACE_OUTER_BOUND ( 'NONE', #2965, .T. ) ;
#3557 = MECHANICAL_DESIGN_GEOMETRIC_PRESENTATION_REPRESENTATION (  '', ( #2571 ), #734 ) ;
#3558 = ORIENTED_EDGE ( 'NONE', *, *, #257, .T. ) ;
#3559 = FILL_AREA_STYLE_COLOUR ( '', #288 ) ;
#3560 = AXIS2_PLACEMENT_3D ( 'NONE', #3746, #4474, #960 ) ;
#3561 = VECTOR ( 'NONE', #1403, 1000.000000000000000 ) ;
#3562 = CIRCLE ( 'NONE', #4149, 0.03999999999999999389 ) ;
#3563 = CARTESIAN_POINT ( 'NONE',  ( 1.560000000000000275, -0.7600000000000001199, 0.4299999999999999933 ) ) ;
#3564 = AXIS2_PLACEMENT_3D ( 'NONE', #2407, #1315, #3070 ) ;
#3565 = SURFACE_STYLE_USAGE ( .BOTH. , #4270 ) ;
#3566 = PRESENTATION_STYLE_ASSIGNMENT (( #4312 ) ) ;
#3567 = AXIS2_PLACEMENT_3D ( 'NONE', #4075, #930, #234 ) ;
#3568 =( LENGTH_UNIT ( ) NAMED_UNIT ( * ) SI_UNIT ( .MILLI., .METRE. ) );
#3569 = ORIENTED_EDGE ( 'NONE', *, *, #227, .T. ) ;
#3570 = SURFACE_SIDE_STYLE ('',( #2212 ) ) ;
#3571 = DIRECTION ( 'NONE',  ( 0.000000000000000000, 1.000000000000000000, 0.000000000000000000 ) ) ;
#3572 = EDGE_CURVE ( 'NONE', #1131, #3873, #4229, .T. ) ;
#3573 = ORIENTED_EDGE ( 'NONE', *, *, #2816, .F. ) ;
#3574 = CARTESIAN_POINT ( 'NONE',  ( -1.560000000000000053, 0.7999999999999999334, 0.4699999999999999734 ) ) ;
#3575 = CARTESIAN_POINT ( 'NONE',  ( -1.089999999999999858, 0.7599999999999998979, -0.4699999999999999734 ) ) ;
#3576 = ORIENTED_EDGE ( 'NONE', *, *, #177, .T. ) ;
#3577 = SURFACE_STYLE_USAGE ( .BOTH. , #3597 ) ;
#3578 = SURFACE_STYLE_USAGE ( .BOTH. , #3260 ) ;
#3579 = FACE_OUTER_BOUND ( 'NONE', #815, .T. ) ;
#3580 = EDGE_CURVE ( 'NONE', #3920, #2663, #1832, .T. ) ;
#3581 = CARTESIAN_POINT ( 'NONE',  ( 0.000000000000000000, 0.000000000000000000, 0.4699999999999999734 ) ) ;
#3582 = EDGE_CURVE ( 'NONE', #2791, #4243, #1696, .T. ) ;
#3583 = DIRECTION ( 'NONE',  ( -1.000000000000000000, -0.000000000000000000, -0.000000000000000000 ) ) ;
#3584 = DIRECTION ( 'NONE',  ( -0.000000000000000000, -0.000000000000000000, -1.000000000000000000 ) ) ;
#3585 = ORIENTED_EDGE ( 'NONE', *, *, #433, .F. ) ;
#3586 = ORIENTED_EDGE ( 'NONE', *, *, #341, .T. ) ;
#3587 = PRESENTATION_STYLE_ASSIGNMENT (( #2946 ) ) ;
#3588 = FACE_OUTER_BOUND ( 'NONE', #2522, .T. ) ;
#3589 = PRESENTATION_LAYER_ASSIGNMENT (  '', '', ( #1940 ) ) ;
#3590 = ORIENTED_EDGE ( 'NONE', *, *, #3429, .F. ) ;
#3591 = CARTESIAN_POINT ( 'NONE',  ( 1.560000000000000497, -0.7600000000000001199, 0.4699999999999999734 ) ) ;
#3592 = AXIS2_PLACEMENT_3D ( 'NONE', #198, #457, #1507 ) ;
#3593 = UNCERTAINTY_MEASURE_WITH_UNIT (LENGTH_MEASURE( 1.000000000000000082E-05 ), #1707, 'distance_accuracy_value', 'NONE');
#3594 =( NAMED_UNIT ( * ) PLANE_ANGLE_UNIT ( ) SI_UNIT ( $, .RADIAN. ) );
#3595 = LINE ( 'NONE', #3575, #4058 ) ;
#3596 = VERTEX_POINT ( 'NONE', #4204 ) ;
#3597 = SURFACE_SIDE_STYLE ('',( #3941 ) ) ;
#3598 = MECHANICAL_DESIGN_GEOMETRIC_PRESENTATION_REPRESENTATION (  '', ( #4264 ), #2324 ) ;
#3599 = PRESENTATION_LAYER_ASSIGNMENT (  '', '', ( #2026 ) ) ;
#3600 = DIRECTION ( 'NONE',  ( 0.000000000000000000, 0.000000000000000000, 1.000000000000000000 ) ) ;
#3601 = CARTESIAN_POINT ( 'NONE',  ( -1.089999999999999858, 0.7599999999999998979, 0.4699999999999999734 ) ) ;
#3602 = MECHANICAL_DESIGN_GEOMETRIC_PRESENTATION_REPRESENTATION (  '', ( #2547 ), #116 ) ;
#3603 = SURFACE_STYLE_USAGE ( .BOTH. , #2855 ) ;
#3604 = DIRECTION ( 'NONE',  ( 1.000000000000000000, -0.000000000000000000, 0.000000000000000000 ) ) ;
#3605 =( LENGTH_UNIT ( ) NAMED_UNIT ( * ) SI_UNIT ( .MILLI., .METRE. ) );
#3606 = VECTOR ( 'NONE', #1332, 1000.000000000000000 ) ;
#3607 = COLOUR_RGB ( '',0.7529411764705882248, 0.7529411764705882248, 0.7529411764705882248 ) ;
#3608 = EDGE_CURVE ( 'NONE', #2122, #363, #1484, .T. ) ;
#3609 = DIRECTION ( 'NONE',  ( 1.000000000000000000, -0.000000000000000000, 0.000000000000000000 ) ) ;
#3610 = ADVANCED_FACE ( 'NONE', ( #3820 ), #1090, .T. ) ;
#3611 = FACE_OUTER_BOUND ( 'NONE', #2117, .T. ) ;
#3612 = VERTEX_POINT ( 'NONE', #2591 ) ;
#3613 = FACE_OUTER_BOUND ( 'NONE', #1345, .T. ) ;
#3614 = FACE_OUTER_BOUND ( 'NONE', #4347, .T. ) ;
#3615 =( GEOMETRIC_REPRESENTATION_CONTEXT ( 3 ) GLOBAL_UNCERTAINTY_ASSIGNED_CONTEXT ( ( #2664 ) ) GLOBAL_UNIT_ASSIGNED_CONTEXT ( ( #45, #2113, #4440 ) ) REPRESENTATION_CONTEXT ( 'NONE', 'WORKASPACE' ) );
#3616 = ORIENTED_EDGE ( 'NONE', *, *, #2365, .F. ) ;
#3617 = ORIENTED_EDGE ( 'NONE', *, *, #391, .T. ) ;
#3618 = DIRECTION ( 'NONE',  ( -2.710505431213760099E-16, 1.000000000000000000, -0.000000000000000000 ) ) ;
#3619 = PRESENTATION_LAYER_ASSIGNMENT (  '', '', ( #946 ) ) ;
#3620 = PLANE ( 'NONE',  #3469 ) ;
#3621 = SURFACE_STYLE_USAGE ( .BOTH. , #1240 ) ;
#3622 = ORIENTED_EDGE ( 'NONE', *, *, #2666, .T. ) ;
#3623 = DIRECTION ( 'NONE',  ( 0.000000000000000000, 1.000000000000000000, 0.000000000000000000 ) ) ;
#3624 = LINE ( 'NONE', #2572, #221 ) ;
#3625 = SURFACE_STYLE_FILL_AREA ( #3701 ) ;
#3626 =( LENGTH_UNIT ( ) NAMED_UNIT ( * ) SI_UNIT ( .MILLI., .METRE. ) );
#3627 = AXIS2_PLACEMENT_3D ( 'NONE', #194, #884, #1504 ) ;
#3628 = SURFACE_STYLE_FILL_AREA ( #4250 ) ;
#3629 = DIRECTION ( 'NONE',  ( 0.000000000000000000, 0.000000000000000000, -1.000000000000000000 ) ) ;
#3630 = EDGE_LOOP ( 'NONE', ( #1060, #4274, #3902, #2428, #2657, #1423, #744, #4389, #3706, #4219 ) ) ;
#3631 = COLOUR_RGB ( '',1.000000000000000000, 0.000000000000000000, 0.000000000000000000 ) ;
#3632 = ORIENTED_EDGE ( 'NONE', *, *, #3148, .T. ) ;
#3633 = CARTESIAN_POINT ( 'NONE',  ( -0.3699999999999997735, 0.2000000000000001776, 0.3699999999999999956 ) ) ;
#3634 = DIRECTION ( 'NONE',  ( -1.000000000000000000, 0.000000000000000000, -0.000000000000000000 ) ) ;
#3635 =( NAMED_UNIT ( * ) SI_UNIT ( $, .STERADIAN. ) SOLID_ANGLE_UNIT ( ) );
#3636 = VECTOR ( 'NONE', #3219, 1000.000000000000000 ) ;
#3637 = VERTEX_POINT ( 'NONE', #2632 ) ;
#3638 = ORIENTED_EDGE ( 'NONE', *, *, #1945, .T. ) ;
#3639 = CARTESIAN_POINT ( 'NONE',  ( 1.090000000000000080, -0.8000000000000001554, -0.4299999999999999933 ) ) ;
#3640 = EDGE_CURVE ( 'NONE', #1759, #892, #1571, .T. ) ;
#3641 = SURFACE_STYLE_USAGE ( .BOTH. , #3984 ) ;
#3642 = SURFACE_SIDE_STYLE ('',( #2974 ) ) ;
#3643 = CARTESIAN_POINT ( 'NONE',  ( -0.4050000000000000266, -4.404571325722362379E-17, 0.3899999999999999578 ) ) ;
#3644 = EDGE_CURVE ( 'NONE', #109, #1678, #2850, .T. ) ;
#3645 = ORIENTED_EDGE ( 'NONE', *, *, #3865, .T. ) ;
#3646 = DIRECTION ( 'NONE',  ( 1.000000000000000000, -0.000000000000000000, 0.000000000000000000 ) ) ;
#3647 = PLANE ( 'NONE',  #1699 ) ;
#3648 = CARTESIAN_POINT ( 'NONE',  ( -0.4050000000000000266, 0.000000000000000000, 0.4699999999999999734 ) ) ;
#3649 = EDGE_CURVE ( 'NONE', #289, #3830, #1527, .T. ) ;
#3650 = FILL_AREA_STYLE ('',( #4294 ) ) ;
#3651 = SURFACE_SIDE_STYLE ('',( #1572 ) ) ;
#3652 = PRESENTATION_STYLE_ASSIGNMENT (( #4359 ) ) ;
#3653 = DIRECTION ( 'NONE',  ( 0.000000000000000000, 0.000000000000000000, -1.000000000000000000 ) ) ;
#3654 = CARTESIAN_POINT ( 'NONE',  ( -0.4050000000000000266, 0.7199999999999999734, -0.3899999999999999578 ) ) ;
#3655 = DIRECTION ( 'NONE',  ( -0.000000000000000000, 0.000000000000000000, -1.000000000000000000 ) ) ;
#3656 =( NAMED_UNIT ( * ) PLANE_ANGLE_UNIT ( ) SI_UNIT ( $, .RADIAN. ) );
#3657 = VERTEX_POINT ( 'NONE', #1856 ) ;
#3658 =( NAMED_UNIT ( * ) SI_UNIT ( $, .STERADIAN. ) SOLID_ANGLE_UNIT ( ) );
#3659 = LINE ( 'NONE', #1232, #2899 ) ;
#3660 = EDGE_LOOP ( 'NONE', ( #1276, #2108, #2914 ) ) ;
#3661 =( NAMED_UNIT ( * ) SI_UNIT ( $, .STERADIAN. ) SOLID_ANGLE_UNIT ( ) );
#3662 = STYLED_ITEM ( 'NONE', ( #339 ), #108 ) ;
#3663 = CARTESIAN_POINT ( 'NONE',  ( 1.600000000000000311, 0.7599999999999998979, 0.4299999999999999933 ) ) ;
#3664 = ORIENTED_EDGE ( 'NONE', *, *, #4379, .T. ) ;
#3665 = EDGE_CURVE ( 'NONE', #1678, #3344, #1159, .T. ) ;
#3666 = MECHANICAL_DESIGN_GEOMETRIC_PRESENTATION_REPRESENTATION (  '', ( #3662 ), #3092 ) ;
#3667 = PLANE ( 'NONE',  #2105 ) ;
#3668 = MECHANICAL_DESIGN_GEOMETRIC_PRESENTATION_REPRESENTATION (  '', ( #4397 ), #1654 ) ;
#3669 = SURFACE_STYLE_FILL_AREA ( #1335 ) ;
#3670 = DIRECTION ( 'NONE',  ( 0.000000000000000000, 0.000000000000000000, 1.000000000000000000 ) ) ;
#3671 = STYLED_ITEM ( 'NONE', ( #942 ), #844 ) ;
#3672 = CARTESIAN_POINT ( 'NONE',  ( 1.560000000000000275, 0.7599999999999998979, 0.4299999999999999933 ) ) ;
#3673 = CARTESIAN_POINT ( 'NONE',  ( 0.4050000000000000266, -0.5700000000000001732, 0.3899999999999999023 ) ) ;
#3674 = VECTOR ( 'NONE', #708, 1000.000000000000000 ) ;
#3675 = VECTOR ( 'NONE', #1990, 1000.000000000000000 ) ;
#3676 = CARTESIAN_POINT ( 'NONE',  ( 0.000000000000000000, -0.8000000000000001554, -0.4299999999999999933 ) ) ;
#3677 = ORIENTED_EDGE ( 'NONE', *, *, #699, .F. ) ;
#3678 = EDGE_CURVE ( 'NONE', #1745, #4318, #3624, .T. ) ;
#3679 = COLOUR_RGB ( '',0.7254901960784313486, 0.6666666666666666297, 0.6509803921568627638 ) ;
#3680 = MECHANICAL_DESIGN_GEOMETRIC_PRESENTATION_REPRESENTATION (  '', ( #1960 ), #2106 ) ;
#3681 = FILL_AREA_STYLE ('',( #2068 ) ) ;
#3682 = SURFACE_STYLE_FILL_AREA ( #643 ) ;
#3683 = DIRECTION ( 'NONE',  ( 0.000000000000000000, 0.000000000000000000, 1.000000000000000000 ) ) ;
#3684 = COLOUR_RGB ( '',0.7529411764705882248, 0.7529411764705882248, 0.7529411764705882248 ) ;
#3685 = ADVANCED_FACE ( 'NONE', ( #803 ), #2259, .T. ) ;
#3686 = VERTEX_POINT ( 'NONE', #147 ) ;
#3687 = EDGE_LOOP ( 'NONE', ( #4144, #4170, #4419, #3632 ) ) ;
#3688 =( GEOMETRIC_REPRESENTATION_CONTEXT ( 3 ) GLOBAL_UNCERTAINTY_ASSIGNED_CONTEXT ( ( #1617 ) ) GLOBAL_UNIT_ASSIGNED_CONTEXT ( ( #3507, #3858, #798 ) ) REPRESENTATION_CONTEXT ( 'NONE', 'WORKASPACE' ) );
#3689 = DIRECTION ( 'NONE',  ( 1.000000000000000000, 0.000000000000000000, -0.000000000000000000 ) ) ;
#3690 = UNCERTAINTY_MEASURE_WITH_UNIT (LENGTH_MEASURE( 1.000000000000000082E-05 ), #3971, 'distance_accuracy_value', 'NONE');
#3691 =( LENGTH_UNIT ( ) NAMED_UNIT ( * ) SI_UNIT ( .MILLI., .METRE. ) );
#3692 = ORIENTED_EDGE ( 'NONE', *, *, #728, .F. ) ;
#3693 = FILL_AREA_STYLE ('',( #1375 ) ) ;
#3694 = MECHANICAL_DESIGN_GEOMETRIC_PRESENTATION_REPRESENTATION (  '', ( #3981 ), #1675 ) ;
#3695 = FILL_AREA_STYLE ('',( #1643 ) ) ;
#3696 = DIRECTION ( 'NONE',  ( 0.000000000000000000, 0.000000000000000000, 1.000000000000000000 ) ) ;
#3697 = STYLED_ITEM ( 'NONE', ( #86 ), #2701 ) ;
#3698 = FACE_OUTER_BOUND ( 'NONE', #214, .T. ) ;
#3699 = CARTESIAN_POINT ( 'NONE',  ( 0.4050000000000000266, 0.7599999999999998979, 0.4699999999999999734 ) ) ;
#3700 = AXIS2_PLACEMENT_3D ( 'NONE', #2871, #827, #2233 ) ;
#3701 = FILL_AREA_STYLE ('',( #3262 ) ) ;
#3702 = FILL_AREA_STYLE_COLOUR ( '', #3303 ) ;
#3703 = PRESENTATION_STYLE_ASSIGNMENT (( #2312 ) ) ;
#3704 = PLANE ( 'NONE',  #431 ) ;
#3705 = VECTOR ( 'NONE', #4460, 1000.000000000000000 ) ;
#3706 = ORIENTED_EDGE ( 'NONE', *, *, #3429, .T. ) ;
#3707 = VECTOR ( 'NONE', #507, 1000.000000000000000 ) ;
#3708 = VECTOR ( 'NONE', #1366, 1000.000000000000000 ) ;
#3709 = DIRECTION ( 'NONE',  ( 1.000000000000000000, -0.000000000000000000, -0.000000000000000000 ) ) ;
#3710 = CARTESIAN_POINT ( 'NONE',  ( 0.4050000000000000266, -0.7200000000000001954, 0.3899999999999998468 ) ) ;
#3711 = COLOUR_RGB ( '',0.7529411764705882248, 0.7529411764705882248, 0.7529411764705882248 ) ;
#3712 = VECTOR ( 'NONE', #2959, 1000.000000000000000 ) ;
#3713 = VERTEX_POINT ( 'NONE', #3601 ) ;
#3714 = ORIENTED_EDGE ( 'NONE', *, *, #2462, .F. ) ;
#3715 = DIRECTION ( 'NONE',  ( -1.000000000000000000, -0.000000000000000000, -0.000000000000000000 ) ) ;
#3716 = COLOUR_RGB ( '',0.7529411764705882248, 0.7529411764705882248, 0.7529411764705882248 ) ;
#3717 = AXIS2_PLACEMENT_3D ( 'NONE', #1040, #1523, #2630 ) ;
#3718 = SURFACE_SIDE_STYLE ('',( #3390 ) ) ;
#3719 = ORIENTED_EDGE ( 'NONE', *, *, #688, .F. ) ;
#3720 = SURFACE_STYLE_USAGE ( .BOTH. , #4443 ) ;
#3721 = CARTESIAN_POINT ( 'NONE',  ( 0.000000000000000000, -0.7600000000000001199, -0.4699999999999999734 ) ) ;
#3722 = PLANE ( 'NONE',  #213 ) ;
#3723 = EDGE_CURVE ( 'NONE', #2648, #1518, #495, .T. ) ;
#3724 = UNCERTAINTY_MEASURE_WITH_UNIT (LENGTH_MEASURE( 1.000000000000000082E-05 ), #2005, 'distance_accuracy_value', 'NONE');
#3725 = DIRECTION ( 'NONE',  ( 1.000000000000000000, -0.000000000000000000, 0.000000000000000000 ) ) ;
#3726 = ORIENTED_EDGE ( 'NONE', *, *, #4139, .F. ) ;
#3727 = SURFACE_SIDE_STYLE ('',( #4002 ) ) ;
#3728 = SURFACE_SIDE_STYLE ('',( #3682 ) ) ;
#3729 = UNCERTAINTY_MEASURE_WITH_UNIT (LENGTH_MEASURE( 1.000000000000000082E-05 ), #2097, 'distance_accuracy_value', 'NONE');
#3730 = ORIENTED_EDGE ( 'NONE', *, *, #2784, .T. ) ;
#3731 = ORIENTED_EDGE ( 'NONE', *, *, #2266, .F. ) ;
#3732 = FILL_AREA_STYLE_COLOUR ( '', #659 ) ;
#3733 = EDGE_CURVE ( 'NONE', #2460, #920, #283, .T. ) ;
#3734 = SURFACE_SIDE_STYLE ('',( #1327 ) ) ;
#3735 = UNCERTAINTY_MEASURE_WITH_UNIT (LENGTH_MEASURE( 1.000000000000000082E-05 ), #3810, 'distance_accuracy_value', 'NONE');
#3736 = LINE ( 'NONE', #4418, #2844 ) ;
#3737 = ORIENTED_EDGE ( 'NONE', *, *, #767, .T. ) ;
#3738 =( NAMED_UNIT ( * ) PLANE_ANGLE_UNIT ( ) SI_UNIT ( $, .RADIAN. ) );
#3739 = CYLINDRICAL_SURFACE ( 'NONE', #2385, 0.03999999999999999389 ) ;
#3740 = CARTESIAN_POINT ( 'NONE',  ( -0.4050000000000000266, 0.7599999999999998979, -0.4699999999999999734 ) ) ;
#3741 = CARTESIAN_POINT ( 'NONE',  ( -0.4050000000000000266, 0.7999999999999999334, 0.4299999999999999933 ) ) ;
#3742 =( LENGTH_UNIT ( ) NAMED_UNIT ( * ) SI_UNIT ( .MILLI., .METRE. ) );
#3743 = DIRECTION ( 'NONE',  ( -1.000000000000000000, 0.000000000000000000, 0.000000000000000000 ) ) ;
#3744 =( GEOMETRIC_REPRESENTATION_CONTEXT ( 3 ) GLOBAL_UNCERTAINTY_ASSIGNED_CONTEXT ( ( #509 ) ) GLOBAL_UNIT_ASSIGNED_CONTEXT ( ( #4271, #4297, #861 ) ) REPRESENTATION_CONTEXT ( 'NONE', 'WORKASPACE' ) );
#3745 =( GEOMETRIC_REPRESENTATION_CONTEXT ( 3 ) GLOBAL_UNCERTAINTY_ASSIGNED_CONTEXT ( ( #3190 ) ) GLOBAL_UNIT_ASSIGNED_CONTEXT ( ( #3891, #1169, #789 ) ) REPRESENTATION_CONTEXT ( 'NONE', 'WORKASPACE' ) );
#3746 = CARTESIAN_POINT ( 'NONE',  ( 0.4050000000000000266, -0.7600000000000001199, -0.4299999999999999933 ) ) ;
#3747 =( NAMED_UNIT ( * ) PLANE_ANGLE_UNIT ( ) SI_UNIT ( $, .RADIAN. ) );
#3748 = EDGE_CURVE ( 'NONE', #4396, #4251, #2056, .T. ) ;
#3749 = CARTESIAN_POINT ( 'NONE',  ( 1.090000000000000080, 0.7999999999999999334, 0.4699999999999999734 ) ) ;
#3750 = STYLED_ITEM ( 'NONE', ( #3566 ), #1816 ) ;
#3751 = MECHANICAL_DESIGN_GEOMETRIC_PRESENTATION_REPRESENTATION (  '', ( #1211 ), #4038 ) ;
#3752 = EDGE_CURVE ( 'NONE', #82, #117, #166, .T. ) ;
#3753 = LINE ( 'NONE', #2346, #3831 ) ;
#3754 = ORIENTED_EDGE ( 'NONE', *, *, #563, .T. ) ;
#3755 = VERTEX_POINT ( 'NONE', #1693 ) ;
#3756 = CARTESIAN_POINT ( 'NONE',  ( 0.4050000000000000266, 0.5700000000000001732, 0.000000000000000000 ) ) ;
#3757 = PRESENTATION_STYLE_ASSIGNMENT (( #1659 ) ) ;
#3758 = CIRCLE ( 'NONE', #3043, 0.03999999999999999389 ) ;
#3759 = PRESENTATION_LAYER_ASSIGNMENT (  '', '', ( #3973 ) ) ;
#3760 = LINE ( 'NONE', #2423, #3705 ) ;
#3761 = EDGE_LOOP ( 'NONE', ( #290, #252, #2644, #1732 ) ) ;
#3762 = PRESENTATION_LAYER_ASSIGNMENT (  '', '', ( #340 ) ) ;
#3763 = LINE ( 'NONE', #2779, #2823 ) ;
#3764 =( GEOMETRIC_REPRESENTATION_CONTEXT ( 3 ) GLOBAL_UNCERTAINTY_ASSIGNED_CONTEXT ( ( #2710 ) ) GLOBAL_UNIT_ASSIGNED_CONTEXT ( ( #2035, #939, #1252 ) ) REPRESENTATION_CONTEXT ( 'NONE', 'WORKASPACE' ) );
#3765 = FILL_AREA_STYLE_COLOUR ( '', #2854 ) ;
#3766 = DIRECTION ( 'NONE',  ( -0.000000000000000000, -0.000000000000000000, -1.000000000000000000 ) ) ;
#3767 =( LENGTH_UNIT ( ) NAMED_UNIT ( * ) SI_UNIT ( .MILLI., .METRE. ) );
#3768 = LINE ( 'NONE', #305, #583 ) ;
#3769 = UNCERTAINTY_MEASURE_WITH_UNIT (LENGTH_MEASURE( 1.000000000000000082E-05 ), #1075, 'distance_accuracy_value', 'NONE');
#3770 = VECTOR ( 'NONE', #3283, 1000.000000000000000 ) ;
#3771 = CARTESIAN_POINT ( 'NONE',  ( 0.000000000000000000, -0.7600000000000001199, -0.4699999999999999734 ) ) ;
#3772 = VERTEX_POINT ( 'NONE', #972 ) ;
#3773 = SURFACE_STYLE_USAGE ( .BOTH. , #4107 ) ;
#3774 = CARTESIAN_POINT ( 'NONE',  ( 0.4050000000000000266, -0.5700000000000001732, -0.3899999999999999578 ) ) ;
#3775 = PRESENTATION_STYLE_ASSIGNMENT (( #25 ) ) ;
#3776 = SURFACE_STYLE_USAGE ( .BOTH. , #1242 ) ;
#3777 = ORIENTED_EDGE ( 'NONE', *, *, #4244, .F. ) ;
#3778 = VERTEX_POINT ( 'NONE', #4057 ) ;
#3779 = FILL_AREA_STYLE_COLOUR ( '', #3711 ) ;
#3780 = DIRECTION ( 'NONE',  ( 0.000000000000000000, 0.000000000000000000, -1.000000000000000000 ) ) ;
#3781 = CARTESIAN_POINT ( 'NONE',  ( -0.3699999999999996625, -0.2000000000000000111, 0.4699999999999999734 ) ) ;
#3782 = AXIS2_PLACEMENT_3D ( 'NONE', #2521, #324, #1808 ) ;
#3783 = VERTEX_POINT ( 'NONE', #276 ) ;
#3784 = FILL_AREA_STYLE ('',( #370 ) ) ;
#3785 = STYLED_ITEM ( 'NONE', ( #3534 ), #3879 ) ;
#3786 = EDGE_CURVE ( 'NONE', #3657, #247, #4446, .T. ) ;
#3787 = FILL_AREA_STYLE ('',( #4124 ) ) ;
#3788 = EDGE_CURVE ( 'NONE', #2460, #3323, #1839, .T. ) ;
#3789 =( GEOMETRIC_REPRESENTATION_CONTEXT ( 3 ) GLOBAL_UNCERTAINTY_ASSIGNED_CONTEXT ( ( #2296 ) ) GLOBAL_UNIT_ASSIGNED_CONTEXT ( ( #4171, #4122, #1408 ) ) REPRESENTATION_CONTEXT ( 'NONE', 'WORKASPACE' ) );
#3790 = VERTEX_POINT ( 'NONE', #3328 ) ;
#3791 = SURFACE_SIDE_STYLE ('',( #3439 ) ) ;
#3792 = LINE ( 'NONE', #261, #2028 ) ;
#3793 = DIRECTION ( 'NONE',  ( 1.000000000000000000, -0.000000000000000000, 0.000000000000000000 ) ) ;
#3794 = SURFACE_STYLE_USAGE ( .BOTH. , #2130 ) ;
#3795 = PLANE ( 'NONE',  #2211 ) ;
#3796 = EDGE_LOOP ( 'NONE', ( #811, #3677, #4214, #845 ) ) ;
#3797 = DIRECTION ( 'NONE',  ( 0.000000000000000000, -1.000000000000000000, -1.129377263005734114E-16 ) ) ;
#3798 = FILL_AREA_STYLE ('',( #91 ) ) ;
#3799 = DIRECTION ( 'NONE',  ( 0.000000000000000000, -0.000000000000000000, 1.000000000000000000 ) ) ;
#3800 = EDGE_CURVE ( 'NONE', #3790, #3657, #3562, .T. ) ;
#3801 =( NAMED_UNIT ( * ) SI_UNIT ( $, .STERADIAN. ) SOLID_ANGLE_UNIT ( ) );
#3802 = ORIENTED_EDGE ( 'NONE', *, *, #4014, .T. ) ;
#3803 = ORIENTED_EDGE ( 'NONE', *, *, #2896, .T. ) ;
#3804 = LINE ( 'NONE', #3080, #3561 ) ;
#3805 = CARTESIAN_POINT ( 'NONE',  ( 0.4050000000000000266, -4.404571325722362379E-17, 0.3899999999999999578 ) ) ;
#3806 = ORIENTED_EDGE ( 'NONE', *, *, #92, .F. ) ;
#3807 = ADVANCED_FACE ( 'NONE', ( #3419 ), #593, .T. ) ;
#3808 =( LENGTH_UNIT ( ) NAMED_UNIT ( * ) SI_UNIT ( .MILLI., .METRE. ) );
#3809 = CARTESIAN_POINT ( 'NONE',  ( -0.3699999999999996625, -0.2000000000000000111, 0.3699999999999999956 ) ) ;
#3810 =( LENGTH_UNIT ( ) NAMED_UNIT ( * ) SI_UNIT ( .MILLI., .METRE. ) );
#3811 = ADVANCED_FACE ( 'NONE', ( #2030 ), #2009, .F. ) ;
#3812 = FACE_OUTER_BOUND ( 'NONE', #2775, .T. ) ;
#3813 = VERTEX_POINT ( 'NONE', #3353 ) ;
#3814 = FILL_AREA_STYLE_COLOUR ( '', #3201 ) ;
#3815 = DIRECTION ( 'NONE',  ( -1.000000000000000000, -0.000000000000000000, 0.000000000000000000 ) ) ;
#3816 = CARTESIAN_POINT ( 'NONE',  ( 0.000000000000000000, 0.7599999999999998979, 0.4299999999999999933 ) ) ;
#3817 = AXIS2_PLACEMENT_3D ( 'NONE', #1172, #2916, #1910 ) ;
#3818 = PRESENTATION_STYLE_ASSIGNMENT (( #3794 ) ) ;
#3819 = UNCERTAINTY_MEASURE_WITH_UNIT (LENGTH_MEASURE( 1.000000000000000082E-05 ), #196, 'distance_accuracy_value', 'NONE');
#3820 = FACE_OUTER_BOUND ( 'NONE', #338, .T. ) ;
#3821 = ORIENTED_EDGE ( 'NONE', *, *, #3438, .T. ) ;
#3822 = MECHANICAL_DESIGN_GEOMETRIC_PRESENTATION_REPRESENTATION (  '', ( #1940 ), #4468 ) ;
#3823 = DIRECTION ( 'NONE',  ( 0.000000000000000000, 0.000000000000000000, -1.000000000000000000 ) ) ;
#3824 = UNCERTAINTY_MEASURE_WITH_UNIT (LENGTH_MEASURE( 1.000000000000000082E-05 ), #4395, 'distance_accuracy_value', 'NONE');
#3825 = CARTESIAN_POINT ( 'NONE',  ( 0.4050000000000000266, 0.5700000000000001732, -0.4699999999999999734 ) ) ;
#3826 = STYLED_ITEM ( 'NONE', ( #521 ), #454 ) ;
#3827 = LINE ( 'NONE', #95, #4290 ) ;
#3828 = ORIENTED_EDGE ( 'NONE', *, *, #992, .F. ) ;
#3829 = EDGE_CURVE ( 'NONE', #3949, #3183, #3025, .T. ) ;
#3830 = VERTEX_POINT ( 'NONE', #2174 ) ;
#3831 = VECTOR ( 'NONE', #3037, 1000.000000000000000 ) ;
#3832 = AXIS2_PLACEMENT_3D ( 'NONE', #3672, #1672, #2264 ) ;
#3833 = VERTEX_POINT ( 'NONE', #2430 ) ;
#3834 = STYLED_ITEM ( 'NONE', ( #517 ), #2091 ) ;
#3835 = VECTOR ( 'NONE', #1391, 1000.000000000000000 ) ;
#3836 = UNCERTAINTY_MEASURE_WITH_UNIT (LENGTH_MEASURE( 1.000000000000000082E-05 ), #2310, 'distance_accuracy_value', 'NONE');
#3837 = CARTESIAN_POINT ( 'NONE',  ( -0.8499999999999997558, 0.1999999999999999833, 0.4699999999999999734 ) ) ;
#3838 = STYLED_ITEM ( 'NONE', ( #3322 ), #2435 ) ;
#3839 = FILL_AREA_STYLE ('',( #3814 ) ) ;
#3840 = FILL_AREA_STYLE_COLOUR ( '', #3607 ) ;
#3841 = APPLICATION_CONTEXT ( 'automotive_design' ) ;
#3842 = FACE_OUTER_BOUND ( 'NONE', #4435, .T. ) ;
#3843 = CARTESIAN_POINT ( 'NONE',  ( -0.4050000000000000266, 0.5700000000000001732, 0.000000000000000000 ) ) ;
#3844 = ORIENTED_EDGE ( 'NONE', *, *, #2691, .F. ) ;
#3845 = PLANE ( 'NONE',  #3896 ) ;
#3846 =( LENGTH_UNIT ( ) NAMED_UNIT ( * ) SI_UNIT ( .MILLI., .METRE. ) );
#3847 =( GEOMETRIC_REPRESENTATION_CONTEXT ( 3 ) GLOBAL_UNCERTAINTY_ASSIGNED_CONTEXT ( ( #3407 ) ) GLOBAL_UNIT_ASSIGNED_CONTEXT ( ( #4472, #1364, #3221 ) ) REPRESENTATION_CONTEXT ( 'NONE', 'WORKASPACE' ) );
#3848 =( NAMED_UNIT ( * ) SI_UNIT ( $, .STERADIAN. ) SOLID_ANGLE_UNIT ( ) );
#3849 = ORIENTED_EDGE ( 'NONE', *, *, #3800, .F. ) ;
#3850 = ORIENTED_EDGE ( 'NONE', *, *, #2198, .F. ) ;
#3851 =( NAMED_UNIT ( * ) SI_UNIT ( $, .STERADIAN. ) SOLID_ANGLE_UNIT ( ) );
#3852 = PRESENTATION_LAYER_ASSIGNMENT (  '', '', ( #1757 ) ) ;
#3853 = CARTESIAN_POINT ( 'NONE',  ( 0.000000000000000000, 0.7999999999999999334, 0.4299999999999999933 ) ) ;
#3854 = AXIS2_PLACEMENT_3D ( 'NONE', #3413, #3045, #3082 ) ;
#3855 = ORIENTED_EDGE ( 'NONE', *, *, #656, .F. ) ;
#3856 = PLANE ( 'NONE',  #548 ) ;
#3857 = COLOUR_RGB ( '',0.7529411764705882248, 0.7529411764705882248, 0.7529411764705882248 ) ;
#3858 =( NAMED_UNIT ( * ) PLANE_ANGLE_UNIT ( ) SI_UNIT ( $, .RADIAN. ) );
#3859 = LINE ( 'NONE', #748, #3259 ) ;
#3860 = ORIENTED_EDGE ( 'NONE', *, *, #1336, .T. ) ;
#3861 = MECHANICAL_DESIGN_GEOMETRIC_PRESENTATION_REPRESENTATION (  '', ( #1774 ), #3928 ) ;
#3862 =( GEOMETRIC_REPRESENTATION_CONTEXT ( 3 ) GLOBAL_UNCERTAINTY_ASSIGNED_CONTEXT ( ( #2819 ) ) GLOBAL_UNIT_ASSIGNED_CONTEXT ( ( #541, #469, #858 ) ) REPRESENTATION_CONTEXT ( 'NONE', 'WORKASPACE' ) );
#3863 = FILL_AREA_STYLE_COLOUR ( '', #3245 ) ;
#3864 = DIRECTION ( 'NONE',  ( -0.000000000000000000, 0.000000000000000000, 1.000000000000000000 ) ) ;
#3865 = EDGE_CURVE ( 'NONE', #965, #4181, #345, .T. ) ;
#3866 = VECTOR ( 'NONE', #3188, 1000.000000000000000 ) ;
#3867 = ORIENTED_EDGE ( 'NONE', *, *, #3471, .F. ) ;
#3868 = CARTESIAN_POINT ( 'NONE',  ( 1.560000000000000275, 0.7999999999999999334, 0.4299999999999999933 ) ) ;
#3869 = UNCERTAINTY_MEASURE_WITH_UNIT (LENGTH_MEASURE( 1.000000000000000082E-05 ), #1266, 'distance_accuracy_value', 'NONE');
#3870 = DIRECTION ( 'NONE',  ( -1.000000000000000000, -0.000000000000000000, -0.000000000000000000 ) ) ;
#3871 = CARTESIAN_POINT ( 'NONE',  ( -1.089999999999999858, -0.7600000000000001199, -0.4699999999999999734 ) ) ;
#3872 =( LENGTH_UNIT ( ) NAMED_UNIT ( * ) SI_UNIT ( .MILLI., .METRE. ) );
#3873 = VERTEX_POINT ( 'NONE', #725 ) ;
#3874 = ORIENTED_EDGE ( 'NONE', *, *, #1712, .F. ) ;
#3875 = LINE ( 'NONE', #2165, #55 ) ;
#3876 = SURFACE_STYLE_FILL_AREA ( #3503 ) ;
#3877 = ORIENTED_EDGE ( 'NONE', *, *, #449, .T. ) ;
#3878 = LINE ( 'NONE', #2563, #85 ) ;
#3879 = ADVANCED_FACE ( 'NONE', ( #378 ), #3110, .T. ) ;
#3880 = UNCERTAINTY_MEASURE_WITH_UNIT (LENGTH_MEASURE( 1.000000000000000082E-05 ), #3277, 'distance_accuracy_value', 'NONE');
#3881 = EDGE_CURVE ( 'NONE', #1594, #4189, #2127, .T. ) ;
#3882 = FACE_OUTER_BOUND ( 'NONE', #3131, .T. ) ;
#3883 = EDGE_CURVE ( 'NONE', #3458, #712, #1843, .T. ) ;
#3884 = ORIENTED_EDGE ( 'NONE', *, *, #3752, .F. ) ;
#3885 =( NAMED_UNIT ( * ) SI_UNIT ( $, .STERADIAN. ) SOLID_ANGLE_UNIT ( ) );
#3886 =( NAMED_UNIT ( * ) SI_UNIT ( $, .STERADIAN. ) SOLID_ANGLE_UNIT ( ) );
#3887 = PRESENTATION_STYLE_ASSIGNMENT (( #1141 ) ) ;
#3888 = ORIENTED_EDGE ( 'NONE', *, *, #3073, .T. ) ;
#3889 = COLOUR_RGB ( '',0.7529411764705882248, 0.7529411764705882248, 0.7529411764705882248 ) ;
#3890 = CARTESIAN_POINT ( 'NONE',  ( 0.4050000000000000266, 0.000000000000000000, -0.3899999999999999578 ) ) ;
#3891 =( LENGTH_UNIT ( ) NAMED_UNIT ( * ) SI_UNIT ( .MILLI., .METRE. ) );
#3892 = AXIS2_PLACEMENT_3D ( 'NONE', #2747, #1349, #2422 ) ;
#3893 = EDGE_LOOP ( 'NONE', ( #1533, #4306, #2881, #3122 ) ) ;
#3894 = PRESENTATION_LAYER_ASSIGNMENT (  '', '', ( #4335 ) ) ;
#3895 = CARTESIAN_POINT ( 'NONE',  ( -1.600000000000000089, 0.7999999999999999334, -0.4299999999999999933 ) ) ;
#3896 = AXIS2_PLACEMENT_3D ( 'NONE', #1417, #2136, #3093 ) ;
#3897 = SURFACE_STYLE_USAGE ( .BOTH. , #3152 ) ;
#3898 =( LENGTH_UNIT ( ) NAMED_UNIT ( * ) SI_UNIT ( .MILLI., .METRE. ) );
#3899 = COLOUR_RGB ( '',0.7254901960784313486, 0.6666666666666666297, 0.6509803921568627638 ) ;
#3900 = STYLED_ITEM ( 'NONE', ( #170 ), #1036 ) ;
#3901 = DIRECTION ( 'NONE',  ( 0.000000000000000000, 0.000000000000000000, -1.000000000000000000 ) ) ;
#3902 = ORIENTED_EDGE ( 'NONE', *, *, #1930, .F. ) ;
#3903 =( NAMED_UNIT ( * ) PLANE_ANGLE_UNIT ( ) SI_UNIT ( $, .RADIAN. ) );
#3904 =( GEOMETRIC_REPRESENTATION_CONTEXT ( 3 ) GLOBAL_UNCERTAINTY_ASSIGNED_CONTEXT ( ( #3690 ) ) GLOBAL_UNIT_ASSIGNED_CONTEXT ( ( #3971, #862, #522 ) ) REPRESENTATION_CONTEXT ( 'NONE', 'WORKASPACE' ) );
#3905 = DIRECTION ( 'NONE',  ( 0.000000000000000000, 0.000000000000000000, -1.000000000000000000 ) ) ;
#3906 = MECHANICAL_DESIGN_GEOMETRIC_PRESENTATION_REPRESENTATION (  '', ( #340 ), #2483 ) ;
#3907 = EDGE_CURVE ( 'NONE', #2014, #3269, #3491, .T. ) ;
#3908 = FILL_AREA_STYLE ('',( #2552 ) ) ;
#3909 =( LENGTH_UNIT ( ) NAMED_UNIT ( * ) SI_UNIT ( .MILLI., .METRE. ) );
#3910 = CARTESIAN_POINT ( 'NONE',  ( 1.090000000000000080, -0.7600000000000001199, -0.4699999999999999734 ) ) ;
#3911 = EDGE_LOOP ( 'NONE', ( #2985, #717, #2347, #2089 ) ) ;
#3912 = AXIS2_PLACEMENT_3D ( 'NONE', #1871, #1806, #1854 ) ;
#3913 = ORIENTED_EDGE ( 'NONE', *, *, #3212, .F. ) ;
#3914 = PRESENTATION_LAYER_ASSIGNMENT (  '', '', ( #3329 ) ) ;
#3915 = EDGE_CURVE ( 'NONE', #2460, #4396, #1114, .T. ) ;
#3916 = UNCERTAINTY_MEASURE_WITH_UNIT (LENGTH_MEASURE( 1.000000000000000082E-05 ), #2969, 'distance_accuracy_value', 'NONE');
#3917 = FILL_AREA_STYLE_COLOUR ( '', #124 ) ;
#3918 = AXIS2_PLACEMENT_3D ( 'NONE', #251, #1264, #2302 ) ;
#3919 = SURFACE_STYLE_FILL_AREA ( #799 ) ;
#3920 = VERTEX_POINT ( 'NONE', #4155 ) ;
#3921 = CARTESIAN_POINT ( 'NONE',  ( 0.4050000000000000266, 0.000000000000000000, -0.4699999999999999734 ) ) ;
#3922 = PRESENTATION_LAYER_ASSIGNMENT (  '', '', ( #2926 ) ) ;
#3923 = ADVANCED_FACE ( 'NONE', ( #4469 ), #771, .T. ) ;
#3924 = PRESENTATION_STYLE_ASSIGNMENT (( #2570 ) ) ;
#3925 = COLOUR_RGB ( '',0.7529411764705882248, 0.7529411764705882248, 0.7529411764705882248 ) ;
#3926 = VECTOR ( 'NONE', #218, 1000.000000000000000 ) ;
#3927 = DIRECTION ( 'NONE',  ( -1.000000000000000000, 0.000000000000000000, -0.000000000000000000 ) ) ;
#3928 =( GEOMETRIC_REPRESENTATION_CONTEXT ( 3 ) GLOBAL_UNCERTAINTY_ASSIGNED_CONTEXT ( ( #3819 ) ) GLOBAL_UNIT_ASSIGNED_CONTEXT ( ( #196, #97, #3209 ) ) REPRESENTATION_CONTEXT ( 'NONE', 'WORKASPACE' ) );
#3929 =( LENGTH_UNIT ( ) NAMED_UNIT ( * ) SI_UNIT ( .MILLI., .METRE. ) );
#3930 = PRESENTATION_STYLE_ASSIGNMENT (( #2878 ) ) ;
#3931 =( LENGTH_UNIT ( ) NAMED_UNIT ( * ) SI_UNIT ( .MILLI., .METRE. ) );
#3932 = ORIENTED_EDGE ( 'NONE', *, *, #4476, .F. ) ;
#3933 = SURFACE_STYLE_FILL_AREA ( #2559 ) ;
#3934 = LINE ( 'NONE', #551, #1576 ) ;
#3935 = EDGE_LOOP ( 'NONE', ( #4370, #462, #1227, #2096 ) ) ;
#3936 = DIRECTION ( 'NONE',  ( 0.000000000000000000, 1.000000000000000000, 0.000000000000000000 ) ) ;
#3937 = CARTESIAN_POINT ( 'NONE',  ( 0.4050000000000000266, 0.000000000000000000, -0.3899999999999999578 ) ) ;
#3938 = LINE ( 'NONE', #1154, #1231 ) ;
#3939 = EDGE_CURVE ( 'NONE', #2662, #326, #4325, .T. ) ;
#3940 = VERTEX_POINT ( 'NONE', #2599 ) ;
#3941 = SURFACE_STYLE_FILL_AREA ( #1482 ) ;
#3942 = ADVANCED_FACE ( 'NONE', ( #2939 ), #2952, .T. ) ;
#3943 = DIRECTION ( 'NONE',  ( 0.000000000000000000, -1.000000000000000000, 0.000000000000000000 ) ) ;
#3944 = DIRECTION ( 'NONE',  ( 1.000000000000000000, -5.646886315028668105E-17, 0.000000000000000000 ) ) ;
#3945 = DIRECTION ( 'NONE',  ( 1.355252715606880789E-16, -1.000000000000000000, 0.000000000000000000 ) ) ;
#3946 = DIRECTION ( 'NONE',  ( 0.000000000000000000, -0.000000000000000000, 1.000000000000000000 ) ) ;
#3947 = DIRECTION ( 'NONE',  ( 0.000000000000000000, 0.000000000000000000, -1.000000000000000000 ) ) ;
#3948 = FILL_AREA_STYLE_COLOUR ( '', #2050 ) ;
#3949 = VERTEX_POINT ( 'NONE', #2235 ) ;
#3950 = CARTESIAN_POINT ( 'NONE',  ( -0.4050000000000000266, -0.7200000000000001954, -0.3899999999999999578 ) ) ;
#3951 = LINE ( 'NONE', #2659, #2389 ) ;
#3952 = DIRECTION ( 'NONE',  ( 0.000000000000000000, 0.000000000000000000, 1.000000000000000000 ) ) ;
#3953 = STYLED_ITEM ( 'NONE', ( #4184 ), #426 ) ;
#3954 = ADVANCED_FACE ( 'NONE', ( #490 ), #3647, .T. ) ;
#3955 = EDGE_LOOP ( 'NONE', ( #1091, #1303, #950 ) ) ;
#3956 =( NAMED_UNIT ( * ) SI_UNIT ( $, .STERADIAN. ) SOLID_ANGLE_UNIT ( ) );
#3957 = PLANE ( 'NONE',  #2755 ) ;
#3958 = UNCERTAINTY_MEASURE_WITH_UNIT (LENGTH_MEASURE( 1.000000000000000082E-05 ), #820, 'distance_accuracy_value', 'NONE');
#3959 =( NAMED_UNIT ( * ) PLANE_ANGLE_UNIT ( ) SI_UNIT ( $, .RADIAN. ) );
#3960 = STYLED_ITEM ( 'NONE', ( #3757 ), #1355 ) ;
#3961 = ORIENTED_EDGE ( 'NONE', *, *, #2019, .F. ) ;
#3962 = DIRECTION ( 'NONE',  ( -1.355252715606880789E-16, 1.000000000000000000, 0.000000000000000000 ) ) ;
#3963 = PRESENTATION_LAYER_ASSIGNMENT (  '', '', ( #927 ) ) ;
#3964 = COLOUR_RGB ( '',0.7529411764705882248, 0.7529411764705882248, 0.7529411764705882248 ) ;
#3965 = SPHERICAL_SURFACE ( 'NONE', #1454, 0.04000000000000000777 ) ;
#3966 = VECTOR ( 'NONE', #2290, 1000.000000000000000 ) ;
#3967 = VECTOR ( 'NONE', #632, 1000.000000000000000 ) ;
#3968 = DIRECTION ( 'NONE',  ( 0.000000000000000000, 0.000000000000000000, 1.000000000000000000 ) ) ;
#3969 = FILL_AREA_STYLE_COLOUR ( '', #932 ) ;
#3970 = PRESENTATION_STYLE_ASSIGNMENT (( #4332 ) ) ;
#3971 =( LENGTH_UNIT ( ) NAMED_UNIT ( * ) SI_UNIT ( .MILLI., .METRE. ) );
#3972 = MECHANICAL_DESIGN_GEOMETRIC_PRESENTATION_REPRESENTATION (  '', ( #337 ), #1368 ) ;
#3973 = STYLED_ITEM ( 'NONE', ( #3362 ), #1573 ) ;
#3974 = SURFACE_SIDE_STYLE ('',( #3287 ) ) ;
#3975 = DIRECTION ( 'NONE',  ( -1.000000000000000000, 0.000000000000000000, -0.000000000000000000 ) ) ;
#3976 = ORIENTED_EDGE ( 'NONE', *, *, #3304, .T. ) ;
#3977 = STYLED_ITEM ( 'NONE', ( #374 ), #2337 ) ;
#3978 = CARTESIAN_POINT ( 'NONE',  ( -1.089999999999999858, 0.7999999999999999334, 0.4699999999999999734 ) ) ;
#3979 =( LENGTH_UNIT ( ) NAMED_UNIT ( * ) SI_UNIT ( .MILLI., .METRE. ) );
#3980 = LINE ( 'NONE', #2912, #4178 ) ;
#3981 = STYLED_ITEM ( 'NONE', ( #2355 ), #2531 ) ;
#3982 = VERTEX_POINT ( 'NONE', #84 ) ;
#3983 =( NAMED_UNIT ( * ) SI_UNIT ( $, .STERADIAN. ) SOLID_ANGLE_UNIT ( ) );
#3984 = SURFACE_SIDE_STYLE ('',( #508 ) ) ;
#3985 = EDGE_CURVE ( 'NONE', #3007, #525, #2542, .T. ) ;
#3986 = SURFACE_STYLE_FILL_AREA ( #2997 ) ;
#3987 = VECTOR ( 'NONE', #628, 1000.000000000000000 ) ;
#3988 = EDGE_LOOP ( 'NONE', ( #1685, #2323, #3447, #3157 ) ) ;
#3989 = DIRECTION ( 'NONE',  ( 0.000000000000000000, 0.000000000000000000, 1.000000000000000000 ) ) ;
#3990 = PRESENTATION_LAYER_ASSIGNMENT (  '', '', ( #1458 ) ) ;
#3991 =( NAMED_UNIT ( * ) SI_UNIT ( $, .STERADIAN. ) SOLID_ANGLE_UNIT ( ) );
#3992 = CARTESIAN_POINT ( 'NONE',  ( 0.4050000000000000266, -0.5700000000000001732, 0.000000000000000000 ) ) ;
#3993 = STYLED_ITEM ( 'NONE', ( #4233 ), #3216 ) ;
#3994 = DIRECTION ( 'NONE',  ( 0.000000000000000000, -1.000000000000000000, 0.000000000000000000 ) ) ;
#3995 = SURFACE_STYLE_FILL_AREA ( #860 ) ;
#3996 =( GEOMETRIC_REPRESENTATION_CONTEXT ( 3 ) GLOBAL_UNCERTAINTY_ASSIGNED_CONTEXT ( ( #2058 ) ) GLOBAL_UNIT_ASSIGNED_CONTEXT ( ( #383, #1937, #2900 ) ) REPRESENTATION_CONTEXT ( 'NONE', 'WORKASPACE' ) );
#3997 = DIRECTION ( 'NONE',  ( 1.000000000000000000, 0.000000000000000000, 0.000000000000000000 ) ) ;
#3998 = CARTESIAN_POINT ( 'NONE',  ( 0.4050000000000000266, -0.8000000000000001554, 0.4299999999999999933 ) ) ;
#3999 = ORIENTED_EDGE ( 'NONE', *, *, #3308, .T. ) ;
#4000 = VECTOR ( 'NONE', #1445, 1000.000000000000000 ) ;
#4001 = VECTOR ( 'NONE', #2781, 1000.000000000000000 ) ;
#4002 = SURFACE_STYLE_FILL_AREA ( #3010 ) ;
#4003 = CARTESIAN_POINT ( 'NONE',  ( -0.4050000000000000266, 0.7199999999999999734, 1.000802005371234881E-16 ) ) ;
#4004 = EDGE_LOOP ( 'NONE', ( #3162, #2085, #825, #295 ) ) ;
#4005 =( LENGTH_UNIT ( ) NAMED_UNIT ( * ) SI_UNIT ( .MILLI., .METRE. ) );
#4006 = ORIENTED_EDGE ( 'NONE', *, *, #4428, .F. ) ;
#4007 = PLANE ( 'NONE',  #1405 ) ;
#4008 = DIRECTION ( 'NONE',  ( -1.000000000000000000, 0.000000000000000000, -0.000000000000000000 ) ) ;
#4009 = LINE ( 'NONE', #1645, #1825 ) ;
#4010 = EDGE_CURVE ( 'NONE', #3380, #246, #4224, .T. ) ;
#4011 =( LENGTH_UNIT ( ) NAMED_UNIT ( * ) SI_UNIT ( .MILLI., .METRE. ) );
#4012 = PRESENTATION_STYLE_ASSIGNMENT (( #197 ) ) ;
#4013 = SURFACE_STYLE_FILL_AREA ( #3908 ) ;
#4014 = EDGE_CURVE ( 'NONE', #224, #3169, #1194, .T. ) ;
#4015 = SURFACE_STYLE_USAGE ( .BOTH. , #2722 ) ;
#4016 = FILL_AREA_STYLE_COLOUR ( '', #1099 ) ;
#4017 = VERTEX_POINT ( 'NONE', #514 ) ;
#4018 = DIRECTION ( 'NONE',  ( 0.000000000000000000, 0.000000000000000000, -1.000000000000000000 ) ) ;
#4019 = CARTESIAN_POINT ( 'NONE',  ( -0.8499999999999997558, 0.1999999999999999833, 0.3699999999999999956 ) ) ;
#4020 = ORIENTED_EDGE ( 'NONE', *, *, #584, .F. ) ;
#4021 = ORIENTED_EDGE ( 'NONE', *, *, #4298, .T. ) ;
#4022 = CARTESIAN_POINT ( 'NONE',  ( 0.000000000000000000, 0.7999999999999999334, 0.4699999999999999734 ) ) ;
#4023 = STYLED_ITEM ( 'NONE', ( #1878 ), #2 ) ;
#4024 = PLANE ( 'NONE',  #1390 ) ;
#4025 = CARTESIAN_POINT ( 'NONE',  ( -1.089999999999999858, 0.7999999999999999334, 0.4299999999999999933 ) ) ;
#4026 = ORIENTED_EDGE ( 'NONE', *, *, #4379, .F. ) ;
#4027 = SURFACE_STYLE_USAGE ( .BOTH. , #2669 ) ;
#4028 = CARTESIAN_POINT ( 'NONE',  ( 0.4050000000000000266, -0.8000000000000001554, 0.4299999999999999933 ) ) ;
#4029 = VECTOR ( 'NONE', #1448, 1000.000000000000000 ) ;
#4030 =( LENGTH_UNIT ( ) NAMED_UNIT ( * ) SI_UNIT ( .MILLI., .METRE. ) );
#4031 = CARTESIAN_POINT ( 'NONE',  ( -1.089999999999999858, 0.000000000000000000, 0.4699999999999999734 ) ) ;
#4032 = COLOUR_RGB ( '',0.7529411764705882248, 0.7529411764705882248, 0.7529411764705882248 ) ;
#4033 = VECTOR ( 'NONE', #3709, 1000.000000000000000 ) ;
#4034 = SURFACE_STYLE_FILL_AREA ( #3285 ) ;
#4035 = CARTESIAN_POINT ( 'NONE',  ( -0.4050000000000000266, -0.8000000000000001554, 0.4299999999999999933 ) ) ;
#4036 = CARTESIAN_POINT ( 'NONE',  ( 0.4050000000000000266, -0.8000000000000001554, 0.000000000000000000 ) ) ;
#4037 = FACE_OUTER_BOUND ( 'NONE', #3207, .T. ) ;
#4038 =( GEOMETRIC_REPRESENTATION_CONTEXT ( 3 ) GLOBAL_UNCERTAINTY_ASSIGNED_CONTEXT ( ( #3836 ) ) GLOBAL_UNIT_ASSIGNED_CONTEXT ( ( #2310, #1695, #3088 ) ) REPRESENTATION_CONTEXT ( 'NONE', 'WORKASPACE' ) );
#4039 = ORIENTED_EDGE ( 'NONE', *, *, #56, .T. ) ;
#4040 = CARTESIAN_POINT ( 'NONE',  ( -0.8499999999999997558, 0.1999999999999999833, 0.3699999999999999956 ) ) ;
#4041 = EDGE_CURVE ( 'NONE', #2852, #3541, #1178, .T. ) ;
#4042 = VECTOR ( 'NONE', #2602, 1000.000000000000000 ) ;
#4043 = DIRECTION ( 'NONE',  ( 0.000000000000000000, -1.000000000000000000, 0.000000000000000000 ) ) ;
#4044 = SURFACE_STYLE_USAGE ( .BOTH. , #3728 ) ;
#4045 = VECTOR ( 'NONE', #216, 1000.000000000000000 ) ;
#4046 = ORIENTED_EDGE ( 'NONE', *, *, #227, .F. ) ;
#4047 = ORIENTED_EDGE ( 'NONE', *, *, #4010, .T. ) ;
#4048 = FACE_OUTER_BOUND ( 'NONE', #2726, .T. ) ;
#4049 = COLOUR_RGB ( '',0.7529411764705882248, 0.7529411764705882248, 0.7529411764705882248 ) ;
#4050 = UNCERTAINTY_MEASURE_WITH_UNIT (LENGTH_MEASURE( 1.000000000000000082E-05 ), #3767, 'distance_accuracy_value', 'NONE');
#4051 = DIRECTION ( 'NONE',  ( 1.000000000000000000, -0.000000000000000000, 0.000000000000000000 ) ) ;
#4052 = SURFACE_STYLE_FILL_AREA ( #852 ) ;
#4053 = ORIENTED_EDGE ( 'NONE', *, *, #2735, .T. ) ;
#4054 = DIRECTION ( 'NONE',  ( -1.000000000000000000, 0.000000000000000000, -0.000000000000000000 ) ) ;
#4055 = CARTESIAN_POINT ( 'NONE',  ( 0.4050000000000000266, 0.7599999999999998979, 0.4299999999999999933 ) ) ;
#4056 = COLOUR_RGB ( '',0.7529411764705882248, 0.7529411764705882248, 0.7529411764705882248 ) ;
#4057 = CARTESIAN_POINT ( 'NONE',  ( 1.090000000000000080, -0.7600000000000001199, 0.4699999999999999734 ) ) ;
#4058 = VECTOR ( 'NONE', #465, 1000.000000000000000 ) ;
#4059 =( NAMED_UNIT ( * ) SI_UNIT ( $, .STERADIAN. ) SOLID_ANGLE_UNIT ( ) );
#4060 = SURFACE_STYLE_FILL_AREA ( #3334 ) ;
#4061 = CARTESIAN_POINT ( 'NONE',  ( -1.560000000000000053, -0.7600000000000001199, -0.4699999999999999734 ) ) ;
#4062 = COLOUR_RGB ( '',0.7254901960784313486, 0.6666666666666666297, 0.6509803921568627638 ) ;
#4063 =( NAMED_UNIT ( * ) SI_UNIT ( $, .STERADIAN. ) SOLID_ANGLE_UNIT ( ) );
#4064 = SURFACE_SIDE_STYLE ('',( #641 ) ) ;
#4065 = FACE_OUTER_BOUND ( 'NONE', #2092, .T. ) ;
#4066 = AXIS2_PLACEMENT_3D ( 'NONE', #3563, #1918, #3284 ) ;
#4067 = ORIENTED_EDGE ( 'NONE', *, *, #2163, .F. ) ;
#4068 = ORIENTED_EDGE ( 'NONE', *, *, #1137, .T. ) ;
#4069 = DIRECTION ( 'NONE',  ( 0.000000000000000000, 1.000000000000000000, 0.000000000000000000 ) ) ;
#4070 = EDGE_CURVE ( 'NONE', #4303, #575, #1250, .T. ) ;
#4071 = PRESENTATION_LAYER_ASSIGNMENT (  '', '', ( #4433 ) ) ;
#4072 = SURFACE_SIDE_STYLE ('',( #405 ) ) ;
#4073 = SURFACE_STYLE_FILL_AREA ( #1329 ) ;
#4074 = ORIENTED_EDGE ( 'NONE', *, *, #1373, .T. ) ;
#4075 = CARTESIAN_POINT ( 'NONE',  ( -1.089999999999999858, -0.7600000000000001199, 0.4299999999999999933 ) ) ;
#4076 = CARTESIAN_POINT ( 'NONE',  ( 1.600000000000000311, 0.7999999999999999334, -0.4299999999999999933 ) ) ;
#4077 = CARTESIAN_POINT ( 'NONE',  ( 1.600000000000000311, -0.7600000000000001199, -0.4699999999999999734 ) ) ;
#4078 = FILL_AREA_STYLE ('',( #3373 ) ) ;
#4079 =( LENGTH_UNIT ( ) NAMED_UNIT ( * ) SI_UNIT ( .MILLI., .METRE. ) );
#4080 = ADVANCED_FACE ( 'NONE', ( #903 ), #1243, .T. ) ;
#4081 = ADVANCED_FACE ( 'NONE', ( #3301 ), #272, .T. ) ;
#4082 = CARTESIAN_POINT ( 'NONE',  ( 1.090000000000000080, 0.7999999999999999334, 0.4699999999999999734 ) ) ;
#4083 = SURFACE_SIDE_STYLE ('',( #21 ) ) ;
#4084 = DIRECTION ( 'NONE',  ( 0.000000000000000000, 0.000000000000000000, -1.000000000000000000 ) ) ;
#4085 =( LENGTH_UNIT ( ) NAMED_UNIT ( * ) SI_UNIT ( .MILLI., .METRE. ) );
#4086 =( LENGTH_UNIT ( ) NAMED_UNIT ( * ) SI_UNIT ( .MILLI., .METRE. ) );
#4087 = UNCERTAINTY_MEASURE_WITH_UNIT (LENGTH_MEASURE( 1.000000000000000082E-05 ), #3808, 'distance_accuracy_value', 'NONE');
#4088 = CARTESIAN_POINT ( 'NONE',  ( 0.000000000000000000, 0.000000000000000000, 0.3699999999999999956 ) ) ;
#4089 = VERTEX_POINT ( 'NONE', #951 ) ;
#4090 = EDGE_LOOP ( 'NONE', ( #3478, #689, #1215, #2541 ) ) ;
#4091 = DIRECTION ( 'NONE',  ( 0.000000000000000000, 0.000000000000000000, -1.000000000000000000 ) ) ;
#4092 = UNCERTAINTY_MEASURE_WITH_UNIT (LENGTH_MEASURE( 1.000000000000000082E-05 ), #3220, 'distance_accuracy_value', 'NONE');
#4093 =( NAMED_UNIT ( * ) SI_UNIT ( $, .STERADIAN. ) SOLID_ANGLE_UNIT ( ) );
#4094 = ORIENTED_EDGE ( 'NONE', *, *, #4010, .F. ) ;
#4095 = PRESENTATION_STYLE_ASSIGNMENT (( #1687 ) ) ;
#4096 = LINE ( 'NONE', #2798, #3320 ) ;
#4097 = FILL_AREA_STYLE ('',( #3463 ) ) ;
#4098 = VECTOR ( 'NONE', #477, 1000.000000000000000 ) ;
#4099 =( NAMED_UNIT ( * ) SI_UNIT ( $, .STERADIAN. ) SOLID_ANGLE_UNIT ( ) );
#4100 = CARTESIAN_POINT ( 'NONE',  ( 0.4050000000000000266, 0.7599999999999998979, -0.4699999999999999734 ) ) ;
#4101 = SURFACE_STYLE_USAGE ( .BOTH. , #4083 ) ;
#4102 = CARTESIAN_POINT ( 'NONE',  ( 0.4050000000000000266, -0.7600000000000001199, -0.4699999999999999734 ) ) ;
#4103 = STYLED_ITEM ( 'NONE', ( #2619 ), #1541 ) ;
#4104 = DIRECTION ( 'NONE',  ( 0.000000000000000000, 1.000000000000000000, 0.000000000000000000 ) ) ;
#4105 = AXIS2_PLACEMENT_3D ( 'NONE', #4088, #3683, #3363 ) ;
#4106 = VERTEX_POINT ( 'NONE', #1596 ) ;
#4107 = SURFACE_SIDE_STYLE ('',( #24 ) ) ;
#4108 = FILL_AREA_STYLE ('',( #1046 ) ) ;
#4109 = CIRCLE ( 'NONE', #3310, 0.03999999999999999389 ) ;
#4110 = ORIENTED_EDGE ( 'NONE', *, *, #2954, .T. ) ;
#4112 = ORIENTED_EDGE ( 'NONE', *, *, #3116, .T. ) ;
#4111 = MECHANICAL_DESIGN_GEOMETRIC_PRESENTATION_REPRESENTATION (  '', ( #3039 ), #3904 ) ;
#4113 = CARTESIAN_POINT ( 'NONE',  ( -1.600000000000000089, -0.7600000000000001199, 0.4299999999999999933 ) ) ;
#4114 = MECHANICAL_DESIGN_GEOMETRIC_PRESENTATION_REPRESENTATION (  '', ( #121 ), #2617 ) ;
#4115 = ADVANCED_FACE ( 'NONE', ( #1983 ), #4007, .F. ) ;
#4116 = ADVANCED_FACE ( 'NONE', ( #2840 ), #2776, .T. ) ;
#4117 = CARTESIAN_POINT ( 'NONE',  ( 0.4050000000000000266, 0.5700000000000001732, -0.3899999999999999578 ) ) ;
#4118 = MECHANICAL_DESIGN_GEOMETRIC_PRESENTATION_REPRESENTATION (  '', ( #120 ), #1597 ) ;
#4119 =( GEOMETRIC_REPRESENTATION_CONTEXT ( 3 ) GLOBAL_UNCERTAINTY_ASSIGNED_CONTEXT ( ( #2170 ) ) GLOBAL_UNIT_ASSIGNED_CONTEXT ( ( #1517, #871, #2270 ) ) REPRESENTATION_CONTEXT ( 'NONE', 'WORKASPACE' ) );
#4120 =( NAMED_UNIT ( * ) PLANE_ANGLE_UNIT ( ) SI_UNIT ( $, .RADIAN. ) );
#4121 = ORIENTED_EDGE ( 'NONE', *, *, #772, .F. ) ;
#4122 =( NAMED_UNIT ( * ) PLANE_ANGLE_UNIT ( ) SI_UNIT ( $, .RADIAN. ) );
#4123 = MECHANICAL_DESIGN_GEOMETRIC_PRESENTATION_REPRESENTATION (  '', ( #1601 ), #3615 ) ;
#4124 = FILL_AREA_STYLE_COLOUR ( '', #1374 ) ;
#4125 = FILL_AREA_STYLE ('',( #697 ) ) ;
#4126 = AXIS2_PLACEMENT_3D ( 'NONE', #2244, #3609, #3246 ) ;
#4127 = CARTESIAN_POINT ( 'NONE',  ( -1.089999999999999858, -0.7600000000000001199, 0.4699999999999999734 ) ) ;
#4128 = MECHANICAL_DESIGN_GEOMETRIC_PRESENTATION_REPRESENTATION (  '', ( #3697 ), #2767 ) ;
#4129 = CARTESIAN_POINT ( 'NONE',  ( 0.4050000000000000266, 0.7999999999999999334, 0.4299999999999999933 ) ) ;
#4130 = ADVANCED_FACE ( 'NONE', ( #2123 ), #2448, .F. ) ;
#4131 = LINE ( 'NONE', #2478, #2330 ) ;
#4132 = CARTESIAN_POINT ( 'NONE',  ( -0.4050000000000000266, 0.000000000000000000, -0.3899999999999999578 ) ) ;
#4133 = COLOUR_RGB ( '',0.7529411764705882248, 0.7529411764705882248, 0.7529411764705882248 ) ;
#4134 = PLANE ( 'NONE',  #3198 ) ;
#4135 = CYLINDRICAL_SURFACE ( 'NONE', #2540, 0.03999999999999999389 ) ;
#4136 = VECTOR ( 'NONE', #623, 1000.000000000000000 ) ;
#4137 = DIRECTION ( 'NONE',  ( -1.000000000000000000, 0.000000000000000000, -0.000000000000000000 ) ) ;
#4138 = UNCERTAINTY_MEASURE_WITH_UNIT (LENGTH_MEASURE( 1.000000000000000082E-05 ), #4005, 'distance_accuracy_value', 'NONE');
#4139 = EDGE_CURVE ( 'NONE', #3541, #1759, #376, .T. ) ;
#4140 =( NAMED_UNIT ( * ) SI_UNIT ( $, .STERADIAN. ) SOLID_ANGLE_UNIT ( ) );
#4141 = ORIENTED_EDGE ( 'NONE', *, *, #2080, .F. ) ;
#4142 = PRODUCT ( 'LFCN-6000+', 'LFCN-6000+', '', ( #2761 ) ) ;
#4143 = CIRCLE ( 'NONE', #810, 0.03999999999999999389 ) ;
#4144 = ORIENTED_EDGE ( 'NONE', *, *, #1996, .F. ) ;
#4145 = SURFACE_STYLE_FILL_AREA ( #3431 ) ;
#4146 = EDGE_CURVE ( 'NONE', #4318, #3637, #3084, .T. ) ;
#4147 = CARTESIAN_POINT ( 'NONE',  ( 0.000000000000000000, 0.7999999999999999334, 0.4299999999999999933 ) ) ;
#4148 = VECTOR ( 'NONE', #3013, 1000.000000000000000 ) ;
#4149 = AXIS2_PLACEMENT_3D ( 'NONE', #2734, #301, #1630 ) ;
#4150 = ORIENTED_EDGE ( 'NONE', *, *, #584, .T. ) ;
#4151 = DIRECTION ( 'NONE',  ( 0.000000000000000000, -1.000000000000000000, 0.000000000000000000 ) ) ;
#4152 = VECTOR ( 'NONE', #1733, 1000.000000000000000 ) ;
#4153 = UNCERTAINTY_MEASURE_WITH_UNIT (LENGTH_MEASURE( 1.000000000000000082E-05 ), #3127, 'distance_accuracy_value', 'NONE');
#4154 = STYLED_ITEM ( 'NONE', ( #2731 ), #4081 ) ;
#4155 = CARTESIAN_POINT ( 'NONE',  ( 0.4050000000000000266, -0.7600000000000001199, 0.4699999999999999734 ) ) ;
#4156 = FILL_AREA_STYLE_COLOUR ( '', #38 ) ;
#4157 = CARTESIAN_POINT ( 'NONE',  ( -0.4050000000000000266, 0.000000000000000000, -0.3899999999999999578 ) ) ;
#4158 = PRESENTATION_STYLE_ASSIGNMENT (( #4101 ) ) ;
#4159 = EDGE_CURVE ( 'NONE', #537, #3424, #3878, .T. ) ;
#4160 = CARTESIAN_POINT ( 'NONE',  ( 0.4050000000000000266, -0.8000000000000001554, 0.000000000000000000 ) ) ;
#4161 = SURFACE_STYLE_USAGE ( .BOTH. , #2481 ) ;
#4162 = DIRECTION ( 'NONE',  ( 0.000000000000000000, -1.000000000000000000, -0.000000000000000000 ) ) ;
#4163 = CARTESIAN_POINT ( 'NONE',  ( 0.4050000000000000266, -0.8000000000000001554, 0.4299999999999999933 ) ) ;
#4164 = DIRECTION ( 'NONE',  ( 0.000000000000000000, 0.000000000000000000, 1.000000000000000000 ) ) ;
#4165 = SURFACE_STYLE_USAGE ( .BOTH. , #4072 ) ;
#4166 =( NAMED_UNIT ( * ) PLANE_ANGLE_UNIT ( ) SI_UNIT ( $, .RADIAN. ) );
#4167 = ORIENTED_EDGE ( 'NONE', *, *, #1404, .T. ) ;
#4168 = ORIENTED_EDGE ( 'NONE', *, *, #3608, .F. ) ;
#4169 = CARTESIAN_POINT ( 'NONE',  ( 0.000000000000000000, -0.8000000000000001554, 0.4699999999999999734 ) ) ;
#4170 = ORIENTED_EDGE ( 'NONE', *, *, #94, .F. ) ;
#4171 =( LENGTH_UNIT ( ) NAMED_UNIT ( * ) SI_UNIT ( .MILLI., .METRE. ) );
#4172 = FILL_AREA_STYLE ('',( #3484 ) ) ;
#4173 = SURFACE_STYLE_FILL_AREA ( #3787 ) ;
#4174 = DIRECTION ( 'NONE',  ( 1.000000000000000000, -0.000000000000000000, 0.000000000000000000 ) ) ;
#4175 =( LENGTH_UNIT ( ) NAMED_UNIT ( * ) SI_UNIT ( .MILLI., .METRE. ) );
#4176 = DIRECTION ( 'NONE',  ( 0.000000000000000000, 0.000000000000000000, -1.000000000000000000 ) ) ;
#4177 = FACE_OUTER_BOUND ( 'NONE', #384, .T. ) ;
#4178 = VECTOR ( 'NONE', #2929, 1000.000000000000000 ) ;
#4179 = SURFACE_STYLE_USAGE ( .BOTH. , #2502 ) ;
#4180 = FILL_AREA_STYLE ('',( #1786 ) ) ;
#4181 = VERTEX_POINT ( 'NONE', #2915 ) ;
#4182 = COLOUR_RGB ( '',0.7254901960784313486, 0.6666666666666666297, 0.6509803921568627638 ) ;
#4183 = FILL_AREA_STYLE_COLOUR ( '', #3172 ) ;
#4184 = PRESENTATION_STYLE_ASSIGNMENT (( #3143 ) ) ;
#4185 = UNCERTAINTY_MEASURE_WITH_UNIT (LENGTH_MEASURE( 1.000000000000000082E-05 ), #1961, 'distance_accuracy_value', 'NONE');
#4186 = LINE ( 'NONE', #1344, #2897 ) ;
#4187 = MECHANICAL_DESIGN_GEOMETRIC_PRESENTATION_REPRESENTATION (  '', ( #4475 ), #325 ) ;
#4188 = EDGE_LOOP ( 'NONE', ( #1325, #1701, #969, #3877 ) ) ;
#4189 = VERTEX_POINT ( 'NONE', #4281 ) ;
#4190 = SURFACE_STYLE_USAGE ( .BOTH. , #3098 ) ;
#4191 = PRESENTATION_LAYER_ASSIGNMENT (  '', '', ( #1063 ) ) ;
#4192 = DIRECTION ( 'NONE',  ( 0.000000000000000000, 0.000000000000000000, -1.000000000000000000 ) ) ;
#4193 = AXIS2_PLACEMENT_3D ( 'NONE', #3816, #3793, #4471 ) ;
#4194 = VECTOR ( 'NONE', #2431, 1000.000000000000000 ) ;
#4195 = SURFACE_STYLE_FILL_AREA ( #1753 ) ;
#4196 =( NAMED_UNIT ( * ) PLANE_ANGLE_UNIT ( ) SI_UNIT ( $, .RADIAN. ) );
#4197 = VECTOR ( 'NONE', #4488, 1000.000000000000000 ) ;
#4198 = MECHANICAL_DESIGN_GEOMETRIC_PRESENTATION_REPRESENTATION (  '', ( #635 ), #492 ) ;
#4199 = SURFACE_SIDE_STYLE ('',( #2870 ) ) ;
#4200 = EDGE_CURVE ( 'NONE', #4251, #3323, #4238, .T. ) ;
#4201 = EDGE_LOOP ( 'NONE', ( #4068, #182, #59, #3317, #822, #3479, #2944, #2675 ) ) ;
#4202 = FILL_AREA_STYLE ('',( #676 ) ) ;
#4203 = PRESENTATION_LAYER_ASSIGNMENT (  '', '', ( #1748 ) ) ;
#4204 = CARTESIAN_POINT ( 'NONE',  ( 0.4050000000000000266, -0.7200000000000001954, -0.3899999999999999578 ) ) ;
#4205 = VERTEX_POINT ( 'NONE', #1543 ) ;
#4206 = LINE ( 'NONE', #2203, #50 ) ;
#4207 = CARTESIAN_POINT ( 'NONE',  ( 0.4050000000000000266, 0.7199999999999999734, -0.3899999999999999578 ) ) ;
#4208 = CARTESIAN_POINT ( 'NONE',  ( 1.090000000000000080, 0.7999999999999999334, -0.4299999999999999933 ) ) ;
#4209 =( NAMED_UNIT ( * ) PLANE_ANGLE_UNIT ( ) SI_UNIT ( $, .RADIAN. ) );
#4210 = STYLED_ITEM ( 'NONE', ( #3299 ), #3008 ) ;
#4211 = EDGE_CURVE ( 'NONE', #1809, #2852, #2949, .T. ) ;
#4212 = FILL_AREA_STYLE ('',( #1489 ) ) ;
#4213 = ORIENTED_EDGE ( 'NONE', *, *, #1867, .T. ) ;
#4214 = ORIENTED_EDGE ( 'NONE', *, *, #4394, .T. ) ;
#4215 = LINE ( 'NONE', #73, #2059 ) ;
#4216 = CARTESIAN_POINT ( 'NONE',  ( -1.089999999999999858, -0.8000000000000001554, -0.4299999999999999933 ) ) ;
#4217 = LINE ( 'NONE', #442, #1203 ) ;
#4218 = VECTOR ( 'NONE', #4302, 1000.000000000000000 ) ;
#4219 = ORIENTED_EDGE ( 'NONE', *, *, #3649, .T. ) ;
#4220 =( NAMED_UNIT ( * ) PLANE_ANGLE_UNIT ( ) SI_UNIT ( $, .RADIAN. ) );
#4221 = VECTOR ( 'NONE', #1563, 1000.000000000000000 ) ;
#4222 = CARTESIAN_POINT ( 'NONE',  ( 1.560000000000000275, 2.114194236346734386E-16, -0.4299999999999999933 ) ) ;
#4223 =( NAMED_UNIT ( * ) PLANE_ANGLE_UNIT ( ) SI_UNIT ( $, .RADIAN. ) );
#4224 = CIRCLE ( 'NONE', #668, 0.03999999999999999389 ) ;
#4225 = PRESENTATION_STYLE_ASSIGNMENT (( #3641 ) ) ;
#4226 =( NAMED_UNIT ( * ) SI_UNIT ( $, .STERADIAN. ) SOLID_ANGLE_UNIT ( ) );
#4227 = FILL_AREA_STYLE_COLOUR ( '', #1383 ) ;
#4228 = EDGE_CURVE ( 'NONE', #2852, #3343, #812, .T. ) ;
#4229 = LINE ( 'NONE', #2179, #1469 ) ;
#4230 = ORIENTED_EDGE ( 'NONE', *, *, #2071, .F. ) ;
#4231 =( LENGTH_UNIT ( ) NAMED_UNIT ( * ) SI_UNIT ( .MILLI., .METRE. ) );
#4232 = SURFACE_SIDE_STYLE ('',( #3628 ) ) ;
#4233 = PRESENTATION_STYLE_ASSIGNMENT (( #435 ) ) ;
#4234 = ORIENTED_EDGE ( 'NONE', *, *, #549, .F. ) ;
#4235 = ORIENTED_EDGE ( 'NONE', *, *, #2988, .F. ) ;
#4236 = DIRECTION ( 'NONE',  ( 0.000000000000000000, 0.000000000000000000, -1.000000000000000000 ) ) ;
#4237 = EDGE_LOOP ( 'NONE', ( #369, #4408, #2375, #3109 ) ) ;
#4238 = LINE ( 'NONE', #2231, #3866 ) ;
#4239 = DIRECTION ( 'NONE',  ( -1.000000000000000000, -0.000000000000000000, 0.000000000000000000 ) ) ;
#4240 = UNCERTAINTY_MEASURE_WITH_UNIT (LENGTH_MEASURE( 1.000000000000000082E-05 ), #3846, 'distance_accuracy_value', 'NONE');
#4241 = CARTESIAN_POINT ( 'NONE',  ( 0.4050000000000000266, -4.404571325722362379E-17, 0.3899999999999999578 ) ) ;
#4242 = FACE_OUTER_BOUND ( 'NONE', #332, .T. ) ;
#4243 = VERTEX_POINT ( 'NONE', #2868 ) ;
#4244 = EDGE_CURVE ( 'NONE', #1514, #1928, #4289, .T. ) ;
#4245 = SURFACE_STYLE_USAGE ( .BOTH. , #1457 ) ;
#4246 = FILL_AREA_STYLE_COLOUR ( '', #3631 ) ;
#4247 = VERTEX_POINT ( 'NONE', #463 ) ;
#4248 = FILL_AREA_STYLE ('',( #4296 ) ) ;
#4249 = COLOUR_RGB ( '',0.7529411764705882248, 0.7529411764705882248, 0.7529411764705882248 ) ;
#4250 = FILL_AREA_STYLE ('',( #473 ) ) ;
#4251 = VERTEX_POINT ( 'NONE', #3591 ) ;
#4252 = AXIS2_PLACEMENT_3D ( 'NONE', #394, #1947, #3292 ) ;
#4253 = ADVANCED_FACE ( 'NONE', ( #793 ), #1846, .F. ) ;
#4254 = FILL_AREA_STYLE_COLOUR ( '', #1429 ) ;
#4255 = STYLED_ITEM ( 'NONE', ( #715 ), #594 ) ;
#4256 = EDGE_CURVE ( 'NONE', #1705, #3833, #2517, .T. ) ;
#4257 = SURFACE_SIDE_STYLE ('',( #1186 ) ) ;
#4258 = ORIENTED_EDGE ( 'NONE', *, *, #913, .F. ) ;
#4259 = EDGE_CURVE ( 'NONE', #3213, #575, #2888, .T. ) ;
#4260 = VECTOR ( 'NONE', #2146, 1000.000000000000000 ) ;
#4261 = EDGE_CURVE ( 'NONE', #4017, #1943, #738, .T. ) ;
#4262 = SURFACE_STYLE_FILL_AREA ( #2536 ) ;
#4263 = SURFACE_SIDE_STYLE ('',( #101 ) ) ;
#4264 = STYLED_ITEM ( 'NONE', ( #228 ), #1627 ) ;
#4265 = CARTESIAN_POINT ( 'NONE',  ( -0.4050000000000000266, 0.000000000000000000, -0.3899999999999999578 ) ) ;
#4266 = CIRCLE ( 'NONE', #1440, 0.03999999999999999389 ) ;
#4267 = DIRECTION ( 'NONE',  ( 0.000000000000000000, 0.000000000000000000, -1.000000000000000000 ) ) ;
#4268 = CARTESIAN_POINT ( 'NONE',  ( 0.4050000000000000266, -0.5700000000000001732, 0.3899999999999999023 ) ) ;
#4269 = CARTESIAN_POINT ( 'NONE',  ( 0.4050000000000000266, -0.5700000000000001732, 0.000000000000000000 ) ) ;
#4270 = SURFACE_SIDE_STYLE ('',( #1161 ) ) ;
#4271 =( LENGTH_UNIT ( ) NAMED_UNIT ( * ) SI_UNIT ( .MILLI., .METRE. ) );
#4272 = CARTESIAN_POINT ( 'NONE',  ( -1.089999999999999858, 0.7999999999999999334, -0.4299999999999999933 ) ) ;
#4273 = DIRECTION ( 'NONE',  ( 1.000000000000000000, 0.000000000000000000, 0.000000000000000000 ) ) ;
#4274 = ORIENTED_EDGE ( 'NONE', *, *, #3330, .T. ) ;
#4275 = PLANE ( 'NONE',  #1346 ) ;
#4276 =( NAMED_UNIT ( * ) SI_UNIT ( $, .STERADIAN. ) SOLID_ANGLE_UNIT ( ) );
#4277 = ADVANCED_FACE ( 'NONE', ( #3528 ), #2933, .T. ) ;
#4278 = CARTESIAN_POINT ( 'NONE',  ( -0.4050000000000000266, -0.7600000000000001199, 0.4699999999999999734 ) ) ;
#4279 =( LENGTH_UNIT ( ) NAMED_UNIT ( * ) SI_UNIT ( .MILLI., .METRE. ) );
#4280 = ORIENTED_EDGE ( 'NONE', *, *, #3881, .F. ) ;
#4281 = CARTESIAN_POINT ( 'NONE',  ( -1.089999999999999858, -0.7600000000000001199, 0.4699999999999999734 ) ) ;
#4282 = EDGE_CURVE ( 'NONE', #1444, #2122, #2326, .T. ) ;
#4283 = CARTESIAN_POINT ( 'NONE',  ( -0.8499999999999997558, -0.1999999999999999833, 0.3699999999999999956 ) ) ;
#4284 = SURFACE_SIDE_STYLE ('',( #447 ) ) ;
#4285 = MECHANICAL_DESIGN_GEOMETRIC_PRESENTATION_REPRESENTATION (  '', ( #1615 ), #2424 ) ;
#4286 =( LENGTH_UNIT ( ) NAMED_UNIT ( * ) SI_UNIT ( .MILLI., .METRE. ) );
#4287 = EDGE_LOOP ( 'NONE', ( #2516, #4258, #88, #388 ) ) ;
#4288 =( NAMED_UNIT ( * ) SI_UNIT ( $, .STERADIAN. ) SOLID_ANGLE_UNIT ( ) );
#4289 = CIRCLE ( 'NONE', #2861, 0.03999999999999999389 ) ;
#4290 = VECTOR ( 'NONE', #2208, 1000.000000000000000 ) ;
#4291 = SURFACE_STYLE_FILL_AREA ( #1115 ) ;
#4292 = CARTESIAN_POINT ( 'NONE',  ( -0.4050000000000000266, 0.7599999999999998979, 0.4299999999999999933 ) ) ;
#4293 = VECTOR ( 'NONE', #3936, 1000.000000000000000 ) ;
#4294 = FILL_AREA_STYLE_COLOUR ( '', #3133 ) ;
#4295 =( GEOMETRIC_REPRESENTATION_CONTEXT ( 3 ) GLOBAL_UNCERTAINTY_ASSIGNED_CONTEXT ( ( #1411 ) ) GLOBAL_UNIT_ASSIGNED_CONTEXT ( ( #2284, #3903, #4288 ) ) REPRESENTATION_CONTEXT ( 'NONE', 'WORKASPACE' ) );
#4296 = FILL_AREA_STYLE_COLOUR ( '', #487 ) ;
#4297 =( NAMED_UNIT ( * ) PLANE_ANGLE_UNIT ( ) SI_UNIT ( $, .RADIAN. ) );
#4298 = EDGE_CURVE ( 'NONE', #1616, #2460, #1261, .T. ) ;
#4299 = CYLINDRICAL_SURFACE ( 'NONE', #333, 0.04000000000000010492 ) ;
#4300 =( NAMED_UNIT ( * ) SI_UNIT ( $, .STERADIAN. ) SOLID_ANGLE_UNIT ( ) );
#4301 = VECTOR ( 'NONE', #3623, 1000.000000000000000 ) ;
#4302 = DIRECTION ( 'NONE',  ( -1.000000000000000000, -0.000000000000000000, -0.000000000000000000 ) ) ;
#4303 = VERTEX_POINT ( 'NONE', #2377 ) ;
#4304 = PRESENTATION_STYLE_ASSIGNMENT (( #203 ) ) ;
#4305 = CARTESIAN_POINT ( 'NONE',  ( -0.8499999999999997558, -0.1999999999999999833, 0.4699999999999999734 ) ) ;
#4306 = ORIENTED_EDGE ( 'NONE', *, *, #1876, .F. ) ;
#4307 = VERTEX_POINT ( 'NONE', #4391 ) ;
#4308 = DIRECTION ( 'NONE',  ( 1.000000000000000000, 0.000000000000000000, 0.000000000000000000 ) ) ;
#4309 = ORIENTED_EDGE ( 'NONE', *, *, #1019, .T. ) ;
#4310 = SURFACE_STYLE_FILL_AREA ( #2895 ) ;
#4311 = SURFACE_SIDE_STYLE ('',( #3223 ) ) ;
#4312 = SURFACE_STYLE_USAGE ( .BOTH. , #1531 ) ;
#4313 = ORIENTED_EDGE ( 'NONE', *, *, #2291, .F. ) ;
#4314 =( GEOMETRIC_REPRESENTATION_CONTEXT ( 3 ) GLOBAL_UNCERTAINTY_ASSIGNED_CONTEXT ( ( #2125 ) ) GLOBAL_UNIT_ASSIGNED_CONTEXT ( ( #2945, #131, #2247 ) ) REPRESENTATION_CONTEXT ( 'NONE', 'WORKASPACE' ) );
#4315 = FILL_AREA_STYLE_COLOUR ( '', #1348 ) ;
#4316 = SURFACE_STYLE_USAGE ( .BOTH. , #110 ) ;
#4317 = LINE ( 'NONE', #530, #1950 ) ;
#4318 = VERTEX_POINT ( 'NONE', #183 ) ;
#4319 = PRESENTATION_STYLE_ASSIGNMENT (( #139 ) ) ;
#4320 = CARTESIAN_POINT ( 'NONE',  ( 0.4050000000000000266, -0.5700000000000001732, 0.000000000000000000 ) ) ;
#4321 = VECTOR ( 'NONE', #609, 1000.000000000000000 ) ;
#4322 = VECTOR ( 'NONE', #2318, 1000.000000000000000 ) ;
#4323 = ORIENTED_EDGE ( 'NONE', *, *, #4450, .F. ) ;
#4324 = CARTESIAN_POINT ( 'NONE',  ( 0.000000000000000000, 0.7999999999999999334, 0.4699999999999999734 ) ) ;
#4325 = LINE ( 'NONE', #3921, #2433 ) ;
#4326 = MANIFOLD_SOLID_BREP ( 'Boss-Extrude4', #4390 ) ;
#4327 = VECTOR ( 'NONE', #2206, 1000.000000000000000 ) ;
#4328 = ADVANCED_FACE ( 'NONE', ( #4048 ), #608, .T. ) ;
#4329 = CARTESIAN_POINT ( 'NONE',  ( -1.560000000000000053, -0.8000000000000001554, -0.4299999999999999933 ) ) ;
#4330 =( NAMED_UNIT ( * ) SI_UNIT ( $, .STERADIAN. ) SOLID_ANGLE_UNIT ( ) );
#4331 =( GEOMETRIC_REPRESENTATION_CONTEXT ( 3 ) GLOBAL_UNCERTAINTY_ASSIGNED_CONTEXT ( ( #968 ) ) GLOBAL_UNIT_ASSIGNED_CONTEXT ( ( #3196, #398, #467 ) ) REPRESENTATION_CONTEXT ( 'NONE', 'WORKASPACE' ) );
#4332 = SURFACE_STYLE_USAGE ( .BOTH. , #888 ) ;
#4333 = FACE_OUTER_BOUND ( 'NONE', #1913, .T. ) ;
#4334 = PRESENTATION_LAYER_ASSIGNMENT (  '', '', ( #120 ) ) ;
#4335 = STYLED_ITEM ( 'NONE', ( #1818 ), #1379 ) ;
#4336 = FILL_AREA_STYLE_COLOUR ( '', #1081 ) ;
#4337 = DIRECTION ( 'NONE',  ( 0.000000000000000000, 0.000000000000000000, 1.000000000000000000 ) ) ;
#4338 = EDGE_LOOP ( 'NONE', ( #3867, #3184, #3074, #838, #3358, #188, #2439, #3200, #76, #1860 ) ) ;
#4339 = LINE ( 'NONE', #132, #114 ) ;
#4340 = SPHERICAL_SURFACE ( 'NONE', #2811, 0.04000000000000000777 ) ;
#4341 = CARTESIAN_POINT ( 'NONE',  ( -1.089999999999999858, 0.000000000000000000, 0.4699999999999999734 ) ) ;
#4342 = CARTESIAN_POINT ( 'NONE',  ( 0.000000000000000000, 0.000000000000000000, -0.4699999999999999734 ) ) ;
#4343 = EDGE_CURVE ( 'NONE', #3269, #466, #2210, .T. ) ;
#4344 =( NAMED_UNIT ( * ) PLANE_ANGLE_UNIT ( ) SI_UNIT ( $, .RADIAN. ) );
#4345 = AXIS2_PLACEMENT_3D ( 'NONE', #26, #4051, #2487 ) ;
#4346 = MANIFOLD_SOLID_BREP ( 'Fillet1', #1271 ) ;
#4347 = EDGE_LOOP ( 'NONE', ( #2872, #2966, #482, #1377 ) ) ;
#4348 = COLOUR_RGB ( '',0.7529411764705882248, 0.7529411764705882248, 0.7529411764705882248 ) ;
#4349 = EDGE_CURVE ( 'NONE', #3472, #3541, #1031, .T. ) ;
#4350 =( NAMED_UNIT ( * ) PLANE_ANGLE_UNIT ( ) SI_UNIT ( $, .RADIAN. ) );
#4351 = AXIS2_PLACEMENT_3D ( 'NONE', #318, #4174, #652 ) ;
#4352 = ORIENTED_EDGE ( 'NONE', *, *, #1373, .F. ) ;
#4353 = CARTESIAN_POINT ( 'NONE',  ( -0.3699999999999997735, 0.2000000000000001776, 0.3699999999999999956 ) ) ;
#4354 = EDGE_CURVE ( 'NONE', #466, #4307, #1703, .T. ) ;
#4355 = CARTESIAN_POINT ( 'NONE',  ( -0.4050000000000000266, 0.5700000000000001732, 0.000000000000000000 ) ) ;
#4356 = DIRECTION ( 'NONE',  ( 1.000000000000000000, -0.000000000000000000, -0.000000000000000000 ) ) ;
#4357 = AXIS2_PLACEMENT_3D ( 'NONE', #152, #4273, #4337 ) ;
#4358 =( NAMED_UNIT ( * ) SI_UNIT ( $, .STERADIAN. ) SOLID_ANGLE_UNIT ( ) );
#4359 = SURFACE_STYLE_USAGE ( .BOTH. , #887 ) ;
#4360 = VECTOR ( 'NONE', #1421, 1000.000000000000000 ) ;
#4361 = CARTESIAN_POINT ( 'NONE',  ( -0.4050000000000000266, 0.000000000000000000, -0.4699999999999999734 ) ) ;
#4362 = SURFACE_STYLE_FILL_AREA ( #1634 ) ;
#4363 = SURFACE_STYLE_FILL_AREA ( #911 ) ;
#4364 = EDGE_LOOP ( 'NONE', ( #3193, #2332, #912, #1002 ) ) ;
#4365 =( GEOMETRIC_REPRESENTATION_CONTEXT ( 3 ) GLOBAL_UNCERTAINTY_ASSIGNED_CONTEXT ( ( #1362 ) ) GLOBAL_UNIT_ASSIGNED_CONTEXT ( ( #1760, #2499, #3510 ) ) REPRESENTATION_CONTEXT ( 'NONE', 'WORKASPACE' ) );
#4366 = FILL_AREA_STYLE ('',( #2702 ) ) ;
#4367 = UNCERTAINTY_MEASURE_WITH_UNIT (LENGTH_MEASURE( 1.000000000000000082E-05 ), #4286, 'distance_accuracy_value', 'NONE');
#4368 = DIRECTION ( 'NONE',  ( -1.000000000000000000, 0.000000000000000000, -0.000000000000000000 ) ) ;
#4369 = ORIENTED_EDGE ( 'NONE', *, *, #3733, .F. ) ;
#4370 = ORIENTED_EDGE ( 'NONE', *, *, #2506, .F. ) ;
#4371 = CARTESIAN_POINT ( 'NONE',  ( 0.4050000000000000266, -4.404571325722362379E-17, 0.3899999999999999578 ) ) ;
#4372 = UNCERTAINTY_MEASURE_WITH_UNIT (LENGTH_MEASURE( 1.000000000000000082E-05 ), #1639, 'distance_accuracy_value', 'NONE');
#4373 = CARTESIAN_POINT ( 'NONE',  ( 1.560000000000000275, 0.7999999999999999334, -0.4299999999999999933 ) ) ;
#4374 = DIRECTION ( 'NONE',  ( -1.000000000000000000, -0.000000000000000000, -0.000000000000000000 ) ) ;
#4375 = ORIENTED_EDGE ( 'NONE', *, *, #2955, .T. ) ;
#4376 =( NAMED_UNIT ( * ) PLANE_ANGLE_UNIT ( ) SI_UNIT ( $, .RADIAN. ) );
#4377 = PRESENTATION_STYLE_ASSIGNMENT (( #3002 ) ) ;
#4378 = LINE ( 'NONE', #933, #2699 ) ;
#4379 = EDGE_CURVE ( 'NONE', #1943, #1594, #3804, .T. ) ;
#4380 = SURFACE_SIDE_STYLE ('',( #3669 ) ) ;
#4381 =( LENGTH_UNIT ( ) NAMED_UNIT ( * ) SI_UNIT ( .MILLI., .METRE. ) );
#4382 = CARTESIAN_POINT ( 'NONE',  ( -0.4050000000000000266, -0.5700000000000001732, 0.3899999999999999023 ) ) ;
#4383 = DIRECTION ( 'NONE',  ( 0.000000000000000000, 1.000000000000000000, 0.000000000000000000 ) ) ;
#4384 = SURFACE_STYLE_USAGE ( .BOTH. , #1225 ) ;
#4385 = DIRECTION ( 'NONE',  ( -1.000000000000000000, 0.000000000000000000, -0.000000000000000000 ) ) ;
#4386 = DIRECTION ( 'NONE',  ( 0.000000000000000000, 0.000000000000000000, -1.000000000000000000 ) ) ;
#4387 = FACE_OUTER_BOUND ( 'NONE', #2557, .T. ) ;
#4388 = ADVANCED_FACE ( 'NONE', ( #2118 ), #1051, .T. ) ;
#4389 = ORIENTED_EDGE ( 'NONE', *, *, #2266, .T. ) ;
#4390 = CLOSED_SHELL ( 'NONE', ( #3923, #2531, #3024, #3544, #651, #103 ) ) ;
#4391 = CARTESIAN_POINT ( 'NONE',  ( 1.560000000000000275, -0.8000000000000001554, -0.4299999999999999933 ) ) ;
#4392 = AXIS2_PLACEMENT_3D ( 'NONE', #1789, #2457, #2158 ) ;
#4393 = CARTESIAN_POINT ( 'NONE',  ( -0.8499999999999997558, 0.1999999999999999833, 0.3699999999999999956 ) ) ;
#4394 = EDGE_CURVE ( 'NONE', #3982, #2887, #2728, .T. ) ;
#4395 =( LENGTH_UNIT ( ) NAMED_UNIT ( * ) SI_UNIT ( .MILLI., .METRE. ) );
#4396 = VERTEX_POINT ( 'NONE', #983 ) ;
#4397 = STYLED_ITEM ( 'NONE', ( #3029 ), #532 ) ;
#4398 = DIRECTION ( 'NONE',  ( -1.000000000000000000, -0.000000000000000000, -0.000000000000000000 ) ) ;
#4399 = COLOUR_RGB ( '',0.7254901960784313486, 0.6666666666666666297, 0.6509803921568627638 ) ;
#4400 =( NAMED_UNIT ( * ) PLANE_ANGLE_UNIT ( ) SI_UNIT ( $, .RADIAN. ) );
#4401 = CARTESIAN_POINT ( 'NONE',  ( -0.8499999999999997558, -0.1999999999999999833, 0.3699999999999999956 ) ) ;
#4402 = PRESENTATION_LAYER_ASSIGNMENT (  '', '', ( #4264 ) ) ;
#4403 = VECTOR ( 'NONE', #1925, 1000.000000000000000 ) ;
#4404 = CARTESIAN_POINT ( 'NONE',  ( -1.560000000000000053, 0.7599999999999998979, 0.4699999999999999734 ) ) ;
#4405 = COLOUR_RGB ( '',0.7529411764705882248, 0.7529411764705882248, 0.7529411764705882248 ) ;
#4406 = CARTESIAN_POINT ( 'NONE',  ( -0.3699999999999997735, 0.2000000000000001776, 0.4699999999999999734 ) ) ;
#4407 = EDGE_CURVE ( 'NONE', #1444, #1705, #13, .T. ) ;
#4408 = ORIENTED_EDGE ( 'NONE', *, *, #3148, .F. ) ;
#4409 = AXIS2_PLACEMENT_3D ( 'NONE', #3462, #254, #674 ) ;
#4410 = COLOUR_RGB ( '',0.7529411764705882248, 0.7529411764705882248, 0.7529411764705882248 ) ;
#4411 = CARTESIAN_POINT ( 'NONE',  ( -1.089999999999999858, 0.000000000000000000, -0.4699999999999999734 ) ) ;
#4412 = DIRECTION ( 'NONE',  ( 0.000000000000000000, -1.390002785237826374E-16, 1.000000000000000000 ) ) ;
#4413 = VERTEX_POINT ( 'NONE', #4113 ) ;
#4414 = ORIENTED_EDGE ( 'NONE', *, *, #1727, .F. ) ;
#4415 = UNCERTAINTY_MEASURE_WITH_UNIT (LENGTH_MEASURE( 1.000000000000000082E-05 ), #1555, 'distance_accuracy_value', 'NONE');
#4416 = FILL_AREA_STYLE ('',( #3042 ) ) ;
#4417 = EDGE_CURVE ( 'NONE', #1176, #777, #1004, .T. ) ;
#4418 = CARTESIAN_POINT ( 'NONE',  ( -0.3699999999999997735, 0.2000000000000001776, 0.3699999999999999956 ) ) ;
#4419 = ORIENTED_EDGE ( 'NONE', *, *, #119, .T. ) ;
#4420 = EDGE_CURVE ( 'NONE', #142, #1442, #3522, .T. ) ;
#4421 =( GEOMETRIC_REPRESENTATION_CONTEXT ( 3 ) GLOBAL_UNCERTAINTY_ASSIGNED_CONTEXT ( ( #642 ) ) GLOBAL_UNIT_ASSIGNED_CONTEXT ( ( #3443, #2103, #1697 ) ) REPRESENTATION_CONTEXT ( 'NONE', 'WORKASPACE' ) );
#4422 = FACE_OUTER_BOUND ( 'NONE', #2993, .T. ) ;
#4423 = COLOUR_RGB ( '',0.7529411764705882248, 0.7529411764705882248, 0.7529411764705882248 ) ;
#4424 = DIRECTION ( 'NONE',  ( -1.000000000000000000, -0.000000000000000000, -0.000000000000000000 ) ) ;
#4425 = DIRECTION ( 'NONE',  ( 0.000000000000000000, 0.000000000000000000, 1.000000000000000000 ) ) ;
#4426 = COLOUR_RGB ( '',0.7254901960784313486, 0.6666666666666666297, 0.6509803921568627638 ) ;
#4427 = SURFACE_STYLE_USAGE ( .BOTH. , #1650 ) ;
#4428 = EDGE_CURVE ( 'NONE', #3713, #4189, #2633, .T. ) ;
#4429 = MECHANICAL_DESIGN_GEOMETRIC_PRESENTATION_REPRESENTATION (  '', ( #1907 ), #875 ) ;
#4430 = FILL_AREA_STYLE_COLOUR ( '', #260 ) ;
#4431 = LINE ( 'NONE', #619, #2600 ) ;
#4432 = FILL_AREA_STYLE_COLOUR ( '', #4032 ) ;
#4433 = STYLED_ITEM ( 'NONE', ( #2260 ), #4457 ) ;
#4434 = MECHANICAL_DESIGN_GEOMETRIC_PRESENTATION_REPRESENTATION (  '', ( #3486 ), #368 ) ;
#4435 = EDGE_LOOP ( 'NONE', ( #436, #612, #1376, #921 ) ) ;
#4436 = ORIENTED_EDGE ( 'NONE', *, *, #1196, .T. ) ;
#4437 = DIRECTION ( 'NONE',  ( -1.000000000000000000, 0.000000000000000000, 0.000000000000000000 ) ) ;
#4438 = VECTOR ( 'NONE', #1389, 1000.000000000000000 ) ;
#4439 = FILL_AREA_STYLE_COLOUR ( '', #3314 ) ;
#4440 =( NAMED_UNIT ( * ) SI_UNIT ( $, .STERADIAN. ) SOLID_ANGLE_UNIT ( ) );
#4441 = ORIENTED_EDGE ( 'NONE', *, *, #1134, .T. ) ;
#4442 = AXIS2_PLACEMENT_3D ( 'NONE', #3019, #1286, #3371 ) ;
#4443 = SURFACE_SIDE_STYLE ('',( #3394 ) ) ;
#4444 = SURFACE_SIDE_STYLE ('',( #3068 ) ) ;
#4445 = CARTESIAN_POINT ( 'NONE',  ( 0.4050000000000000266, -0.7600000000000001199, -0.4299999999999999933 ) ) ;
#4446 = LINE ( 'NONE', #3699, #660 ) ;
#4447 = DIRECTION ( 'NONE',  ( 1.000000000000000000, -0.000000000000000000, -0.000000000000000000 ) ) ;
#4448 = ADVANCED_FACE ( 'NONE', ( #438 ), #542, .T. ) ;
#4449 = FILL_AREA_STYLE_COLOUR ( '', #1148 ) ;
#4450 = EDGE_CURVE ( 'NONE', #2668, #430, #3415, .T. ) ;
#4451 =( NAMED_UNIT ( * ) SI_UNIT ( $, .STERADIAN. ) SOLID_ANGLE_UNIT ( ) );
#4452 = EDGE_LOOP ( 'NONE', ( #3719, #1803, #2325, #4168, #1071, #3409, #2444, #581, #547, #800 ) ) ;
#4453 = SURFACE_STYLE_FILL_AREA ( #1788 ) ;
#4454 = FACE_OUTER_BOUND ( 'NONE', #3280, .T. ) ;
#4455 = DIRECTION ( 'NONE',  ( 0.000000000000000000, 1.000000000000000000, 0.000000000000000000 ) ) ;
#4456 = ORIENTED_EDGE ( 'NONE', *, *, #794, .T. ) ;
#4457 = ADVANCED_FACE ( 'NONE', ( #2605 ), #907, .T. ) ;
#4458 = SURFACE_STYLE_FILL_AREA ( #29 ) ;
#4459 =( NAMED_UNIT ( * ) PLANE_ANGLE_UNIT ( ) SI_UNIT ( $, .RADIAN. ) );
#4460 = DIRECTION ( 'NONE',  ( -0.000000000000000000, -0.000000000000000000, 1.000000000000000000 ) ) ;
#4461 = EDGE_LOOP ( 'NONE', ( #3272, #267, #2274, #2388 ) ) ;
#4462 = CARTESIAN_POINT ( 'NONE',  ( -0.4050000000000000266, 0.5700000000000001732, 0.000000000000000000 ) ) ;
#4463 = EDGE_CURVE ( 'NONE', #363, #430, #2834, .T. ) ;
#4464 = CLOSED_SHELL ( 'NONE', ( #610, #296, #863, #3954, #513, #3216, #2880, #3879, #2667, #1858, #3239, #4448, #3610, #2351, #1739, #3011, #807, #1855 ) ) ;
#4465 = UNCERTAINTY_MEASURE_WITH_UNIT (LENGTH_MEASURE( 1.000000000000000082E-05 ), #2023, 'distance_accuracy_value', 'NONE');
#4466 =( NAMED_UNIT ( * ) SI_UNIT ( $, .STERADIAN. ) SOLID_ANGLE_UNIT ( ) );
#4467 = LINE ( 'NONE', #1781, #3987 ) ;
#4468 =( GEOMETRIC_REPRESENTATION_CONTEXT ( 3 ) GLOBAL_UNCERTAINTY_ASSIGNED_CONTEXT ( ( #3916 ) ) GLOBAL_UNIT_ASSIGNED_CONTEXT ( ( #2969, #2581, #4276 ) ) REPRESENTATION_CONTEXT ( 'NONE', 'WORKASPACE' ) );
#4469 = FACE_OUTER_BOUND ( 'NONE', #4237, .T. ) ;
#4470 = LINE ( 'NONE', #3467, #3835 ) ;
#4471 = DIRECTION ( 'NONE',  ( 0.000000000000000000, 0.000000000000000000, -1.000000000000000000 ) ) ;
#4472 =( LENGTH_UNIT ( ) NAMED_UNIT ( * ) SI_UNIT ( .MILLI., .METRE. ) );
#4473 = COLOUR_RGB ( '',0.7529411764705882248, 0.7529411764705882248, 0.7529411764705882248 ) ;
#4474 = DIRECTION ( 'NONE',  ( -1.000000000000000000, 0.000000000000000000, -0.000000000000000000 ) ) ;
#4475 = STYLED_ITEM ( 'NONE', ( #1234 ), #610 ) ;
#4476 = EDGE_CURVE ( 'NONE', #1241, #142, #4215, .T. ) ;
#4477 = FACE_OUTER_BOUND ( 'NONE', #4201, .T. ) ;
#4478 = DIRECTION ( 'NONE',  ( 1.000000000000000000, -0.000000000000000000, 0.000000000000000000 ) ) ;
#4479 = AXIS2_PLACEMENT_3D ( 'NONE', #1066, #2788, #4164 ) ;
#4480 = ORIENTED_EDGE ( 'NONE', *, *, #3348, .T. ) ;
#4481 = ORIENTED_EDGE ( 'NONE', *, *, #569, .F. ) ;
#4482 = PRESENTATION_LAYER_ASSIGNMENT (  '', '', ( #121 ) ) ;
#4483 = LINE ( 'NONE', #3805, #1585 ) ;
#4484 = VECTOR ( 'NONE', #722, 1000.000000000000000 ) ;
#4485 = ORIENTED_EDGE ( 'NONE', *, *, #1519, .T. ) ;
#4486 = AXIS2_PLACEMENT_3D ( 'NONE', #3937, #464, #3217 ) ;
#4487 = EDGE_CURVE ( 'NONE', #40, #387, #1124, .T. ) ;
#4488 = DIRECTION ( 'NONE',  ( 0.000000000000000000, 0.000000000000000000, -1.000000000000000000 ) ) ;
#4489 = AXIS2_PLACEMENT_3D ( 'NONE', #93, #2906, #782 ) ;
ENDSEC;
END-ISO-10303-21;
