ISO-10303-21;
HEADER;
FILE_DESCRIPTION (( 'STEP AP214' ),
    '1' );
FILE_NAME ('XFL4020-222MEB.STEP',
    '2021-06-12T07:07:35',
    ( '' ),
    ( '' ),
    'SwSTEP 2.0',
    'SolidWorks 2018',
    '' );
FILE_SCHEMA (( 'AUTOMOTIVE_DESIGN' ));
ENDSEC;

DATA;
#1 = EDGE_CURVE ( 'NONE', #4214, #4281, #3403, .T. ) ;
#2 = MANIFOLD_SOLID_BREP ( 'Boss-Extrude3', #6270 ) ;
#3 = CARTESIAN_POINT ( 'NONE',  ( 0.3573487925822035893, 1.034999999999999920, -1.089532582265993810 ) ) ;
#4 = EDGE_LOOP ( 'NONE', ( #1843, #2542, #2245, #2366 ) ) ;
#5 = SURFACE_STYLE_USAGE ( .BOTH. , #5049 ) ;
#6 = CARTESIAN_POINT ( 'NONE',  ( -0.6812626622298580958, 1.034999999999999920, 0.7631169127271655306 ) ) ;
#7 = VERTEX_POINT ( 'NONE', #2848 ) ;
#8 = CARTESIAN_POINT ( 'NONE',  ( 0.5701670997292723753, 1.024999999999999911, 0.8366587838276426936 ) ) ;
#9 = CARTESIAN_POINT ( 'NONE',  ( -0.2113222727739264561, 1.034999999999999698, 1.355140911848129237 ) ) ;
#10 = EDGE_CURVE ( 'NONE', #1871, #175, #836, .T. ) ;
#11 = STYLED_ITEM ( 'NONE', ( #3858 ), #4521 ) ;
#12 = CARTESIAN_POINT ( 'NONE',  ( 0.2307692307692306155, 1.034999999999999920, 1.403846153846154410 ) ) ;
#13 = CARTESIAN_POINT ( 'NONE',  ( -0.7594458231531187042, 1.024999999999999911, 1.317561331180454154 ) ) ;
#14 = CARTESIAN_POINT ( 'NONE',  ( 0.6493710974169384365, 1.034999999999999476, 1.078940445635439893 ) ) ;
#15 = VERTEX_POINT ( 'NONE', #795 ) ;
#16 = CARTESIAN_POINT ( 'NONE',  ( -0.5213818887181209671, 1.024999999999999911, 0.8499915930093842054 ) ) ;
#17 = CARTESIAN_POINT ( 'NONE',  ( -0.3905382497827223909, 1.025000000000000577, 0.8407290785386313248 ) ) ;
#18 = B_SPLINE_CURVE_WITH_KNOTS ( 'NONE', 3,
 ( #4544, #436, #3985, #6057, #949, #4474, #969, #3031, #2493 ),
 .UNSPECIFIED., .F., .F.,
 ( 4, 1, 1, 1, 1, 1, 4 ),
 ( 0.000000000000000000, 0.1721040002205779518, 0.3251104590458972488, 0.4612272505695235725, 0.5810596373885457133, 0.7948419735329883551, 1.000000000000000000 ),
 .UNSPECIFIED. ) ;
#19 = ORIENTED_EDGE ( 'NONE', *, *, #5192, .F. ) ;
#20 = EDGE_CURVE ( 'NONE', #1467, #5392, #2059, .T. ) ;
#21 = CARTESIAN_POINT ( 'NONE',  ( -0.3242788461538456679, 1.034999999999999920, 0.1923076923076923184 ) ) ;
#22 = CARTESIAN_POINT ( 'NONE',  ( 0.7016076046600554506, 1.034999999999999698, 0.9708214919927355968 ) ) ;
#23 = CARTESIAN_POINT ( 'NONE',  ( 0.2836703517299277721, 1.034999999999999920, -0.7891061913658832250 ) ) ;
#24 = ORIENTED_EDGE ( 'NONE', *, *, #6245, .F. ) ;
#25 = CARTESIAN_POINT ( 'NONE',  ( 0.3647235576923080758, 1.024999999999999689, -1.085036057692307709 ) ) ;
#26 = CARTESIAN_POINT ( 'NONE',  ( -0.5736950307298518403, 1.024999999999999467, -0.2539866503397323894 ) ) ;
#27 = CARTESIAN_POINT ( 'NONE',  ( 1.849999999999999645, -1.024999999999999911, 1.849999999999999423 ) ) ;
#28 = DIRECTION ( 'NONE',  ( -1.000000000000000000, -1.106079984094548093E-13, 0.000000000000000000 ) ) ;
#29 = VERTEX_POINT ( 'NONE', #3414 ) ;
#30 = CARTESIAN_POINT ( 'NONE',  ( -0.09517521297205010222, 1.034999999999999698, 1.234212003388962753 ) ) ;
#31 = LINE ( 'NONE', #1162, #5788 ) ;
#32 = CARTESIAN_POINT ( 'NONE',  ( 0.4383311012913728155, 1.034999999999999920, 0.9028740862858286587 ) ) ;
#33 = CARTESIAN_POINT ( 'NONE',  ( -0.8232904239370620880, 1.024999999999999911, 1.424506378665185924 ) ) ;
#34 = CARTESIAN_POINT ( 'NONE',  ( 0.6994978286229907027, 1.034999999999999920, 0.9837818860903952967 ) ) ;
#35 = CARTESIAN_POINT ( 'NONE',  ( 0.1037841999836682377, 1.034999999999999920, 0.8900286707375897333 ) ) ;
#36 = CARTESIAN_POINT ( 'NONE',  ( -0.5712790676093170150, 1.035000000000000364, 0.04666810681196591898 ) ) ;
#37 = VERTEX_POINT ( 'NONE', #5396 ) ;
#38 = B_SPLINE_CURVE_WITH_KNOTS ( 'NONE', 3,
 ( #760, #327, #3891, #1327, #1345, #264, #832, #4911, #2811, #3806, #3374, #4890, #6392, #2786, #1857, #5405, #5895, #780, #851 ),
 .UNSPECIFIED., .F., .F.,
 ( 4, 1, 1, 1, 1, 1, 1, 1, 1, 1, 1, 1, 1, 1, 1, 1, 4 ),
 ( 0.000000000000000000, 0.06176215676807091104, 0.1211739926536290618, 0.1794214068253153216, 0.2368434346502752974, 0.2943217954133982017, 0.3531909627945244989, 0.4127207064163244676, 0.4745221507037177822, 0.5370567441421367771, 0.5995913375805556056, 0.6623669793543061068, 0.7252456446794918188, 0.7903164461250806738, 0.8577243009540927998, 0.9272319523784928741, 1.000000000000000000 ),
 .UNSPECIFIED. ) ;
#40 = COLOUR_RGB ( '',1.000000000000000000, 1.000000000000000000, 1.000000000000000000 ) ;
#39 = CARTESIAN_POINT ( 'NONE',  ( -0.1440344949841227684, 1.034999999999999920, 0.9148738954979118709 ) ) ;
#41 = CARTESIAN_POINT ( 'NONE',  ( 0.2399004381831472132, 1.024999999999999911, -1.114948317319025106 ) ) ;
#42 = SURFACE_STYLE_USAGE ( .BOTH. , #5554 ) ;
#43 = UNCERTAINTY_MEASURE_WITH_UNIT (LENGTH_MEASURE( 1.000000000000000082E-05 ), #2061, 'distance_accuracy_value', 'NONE');
#44 = CARTESIAN_POINT ( 'NONE',  ( 0.3172976528467607582, 1.024999999999999911, 1.494285306604467900 ) ) ;
#45 = PRESENTATION_LAYER_ASSIGNMENT (  '', '', ( #2876 ) ) ;
#46 = ORIENTED_EDGE ( 'NONE', *, *, #6228, .T. ) ;
#47 = PRESENTATION_STYLE_ASSIGNMENT (( #1083 ) ) ;
#48 = CIRCLE ( 'NONE', #4543, 0.04999999999999991257 ) ;
#49 = CARTESIAN_POINT ( 'NONE',  ( -0.5918774928055327011, 1.024999999999999467, -0.1084899168210473192 ) ) ;
#50 = CARTESIAN_POINT ( 'NONE',  ( 0.2826923076923082423, 1.025000000000000133, -0.9798677884615384359 ) ) ;
#51 = DIRECTION ( 'NONE',  ( 1.000000000000000000, -0.000000000000000000, 0.000000000000000000 ) ) ;
#52 = DIRECTION ( 'NONE',  ( 1.000000000000000000, -0.000000000000000000, -0.000000000000000000 ) ) ;
#53 = VERTEX_POINT ( 'NONE', #430 ) ;
#54 = STYLED_ITEM ( 'NONE', ( #1336 ), #3664 ) ;
#55 = VECTOR ( 'NONE', #5376, 1000.000000000000000 ) ;
#56 = CARTESIAN_POINT ( 'NONE',  ( -0.8365485009993929300, 1.034999999999999920, 1.494285306604467900 ) ) ;
#57 = DIRECTION ( 'NONE',  ( 0.000000000000000000, 0.000000000000000000, 1.000000000000000000 ) ) ;
#58 = DIRECTION ( 'NONE',  ( -0.000000000000000000, -1.000000000000000000, -0.000000000000000000 ) ) ;
#59 = CARTESIAN_POINT ( 'NONE',  ( 0.5787413002458381417, 1.034999999999999920, 1.150978442549882352 ) ) ;
#60 = CARTESIAN_POINT ( 'NONE',  ( -0.6040578046535315382, 1.024999999999999689, 0.8368925012777318484 ) ) ;
#61 = EDGE_LOOP ( 'NONE', ( #4525, #313, #1354, #667 ) ) ;
#62 = CARTESIAN_POINT ( 'NONE',  ( -0.4993689513519660728, 1.024999999999999689, 0.8631895418681121424 ) ) ;
#63 = CARTESIAN_POINT ( 'NONE',  ( -0.3708315397228558741, 1.025000000000000133, 0.8759254739018296210 ) ) ;
#64 = LINE ( 'NONE', #1369, #5531 ) ;
#65 = CARTESIAN_POINT ( 'NONE',  ( -0.1425305974246232066, 1.034999999999999698, 0.1673196915983768962 ) ) ;
#66 = APPLICATION_PROTOCOL_DEFINITION ( 'draft international standard', 'automotive_design', 1998, #1940 ) ;
#67 = CARTESIAN_POINT ( 'NONE',  ( -0.7398370312623998579, 1.034999999999999920, 0.08450636470554295787 ) ) ;
#68 = CARTESIAN_POINT ( 'NONE',  ( -0.04953861286756244819, 1.024999999999999911, -0.9972354046471213485 ) ) ;
#69 = CARTESIAN_POINT ( 'NONE',  ( 0.1591258674102027093, 1.025000000000000133, 0.8091909101105899671 ) ) ;
#70 = PLANE ( 'NONE',  #1143 ) ;
#71 = CARTESIAN_POINT ( 'NONE',  ( 0.3256516634535224775, 1.024999999999999689, 1.438671195898516331 ) ) ;
#72 = CARTESIAN_POINT ( 'NONE',  ( -0.5844380456911785204, 1.034999999999999920, -0.1985289288117806084 ) ) ;
#73 = VECTOR ( 'NONE', #1046, 1000.000000000000000 ) ;
#74 = FILL_AREA_STYLE ('',( #2585 ) ) ;
#75 =( NAMED_UNIT ( * ) PLANE_ANGLE_UNIT ( ) SI_UNIT ( $, .RADIAN. ) );
#76 = CARTESIAN_POINT ( 'NONE',  ( -0.7017214972734435730, 1.034999999999999920, 0.7708032052688807978 ) ) ;
#77 = CARTESIAN_POINT ( 'NONE',  ( 0.4295204489710672813, 1.024999999999999689, -0.8827832612608561558 ) ) ;
#78 = ORIENTED_EDGE ( 'NONE', *, *, #424, .T. ) ;
#79 = CARTESIAN_POINT ( 'NONE',  ( -0.7732125873212843947, 1.024999999999999689, 1.334250950148671899 ) ) ;
#80 = CARTESIAN_POINT ( 'NONE',  ( 0.6994978286229907027, 1.024999999999999911, 0.9837818860903952967 ) ) ;
#81 = CARTESIAN_POINT ( 'NONE',  ( -0.7613719684852172653, 1.034999999999999920, -0.1911989109514751206 ) ) ;
#82 = CARTESIAN_POINT ( 'NONE',  ( 0.6873853076905492854, 1.025000000000000133, 0.9000261689353129535 ) ) ;
#83 = CARTESIAN_POINT ( 'NONE',  ( -0.7208848868286070743, 1.024999999999999689, 0.7800866347188732952 ) ) ;
#84 = PRESENTATION_LAYER_ASSIGNMENT (  '', '', ( #1184 ) ) ;
#85 = CARTESIAN_POINT ( 'NONE',  ( -0.1995286036472132540, 1.024999999999999911, 0.1803566934286314760 ) ) ;
#86 = ORIENTED_EDGE ( 'NONE', *, *, #6162, .F. ) ;
#87 = CARTESIAN_POINT ( 'NONE',  ( -0.3859165284652604222, 1.035000000000000364, 0.3448924157040462735 ) ) ;
#88 = CARTESIAN_POINT ( 'NONE',  ( -0.4668181291219452578, 1.024999999999999911, 1.177012512762981800 ) ) ;
#89 = CARTESIAN_POINT ( 'NONE',  ( 0.4725834916162958144, 1.034999999999999920, 0.7631169127271655306 ) ) ;
#90 = CARTESIAN_POINT ( 'NONE',  ( 1.849999999999999645, 1.024999999999999911, 2.000000000000000000 ) ) ;
#91 = UNCERTAINTY_MEASURE_WITH_UNIT (LENGTH_MEASURE( 1.000000000000000082E-05 ), #1372, 'distance_accuracy_value', 'NONE');
#92 = VERTEX_POINT ( 'NONE', #4841 ) ;
#93 = ORIENTED_EDGE ( 'NONE', *, *, #2510, .F. ) ;
#94 = MECHANICAL_DESIGN_GEOMETRIC_PRESENTATION_REPRESENTATION (  '', ( #5109 ), #6412 ) ;
#95 = EDGE_CURVE ( 'NONE', #4565, #354, #5698, .T. ) ;
#96 =( NAMED_UNIT ( * ) SI_UNIT ( $, .STERADIAN. ) SOLID_ANGLE_UNIT ( ) );
#97 = CARTESIAN_POINT ( 'NONE',  ( -0.6849205315284643270, 1.025000000000000133, 0.1946866269890298318 ) ) ;
#98 = PRODUCT_DEFINITION_SHAPE ( 'NONE', 'NONE',  #1660 ) ;
#99 = CARTESIAN_POINT ( 'NONE',  ( 0.02312946384105593958, 1.034999999999999698, 1.130708011491502019 ) ) ;
#100 = DIRECTION ( 'NONE',  ( 0.000000000000000000, 0.000000000000000000, 1.000000000000000000 ) ) ;
#101 = EDGE_LOOP ( 'NONE', ( #3612, #4431, #238, #4965 ) ) ;
#102 = CARTESIAN_POINT ( 'NONE',  ( -0.6770680935031819780, 1.034999999999999920, 1.360971408330850840 ) ) ;
#103 = EDGE_CURVE ( 'NONE', #2690, #1494, #6171, .T. ) ;
#104 = PRESENTATION_LAYER_ASSIGNMENT (  '', '', ( #5727 ) ) ;
#105 =( LENGTH_UNIT ( ) NAMED_UNIT ( * ) SI_UNIT ( .MILLI., .METRE. ) );
#106 = CARTESIAN_POINT ( 'NONE',  ( 0.5119274830655170527, 1.024999999999999689, -1.108691614760225708 ) ) ;
#107 = CARTESIAN_POINT ( 'NONE',  ( -0.1235576923076918271, 1.025000000000000355, -1.129507211538461675 ) ) ;
#108 = FILL_AREA_STYLE ('',( #4645 ) ) ;
#109 = CARTESIAN_POINT ( 'NONE',  ( 0.2195110356128048001, 1.034999999999999920, -0.8931975061414779704 ) ) ;
#110 = EDGE_CURVE ( 'NONE', #5125, #1864, #1882, .T. ) ;
#111 = CARTESIAN_POINT ( 'NONE',  ( 0.5924385426592720938, 1.024999999999999911, -0.2685671670392585364 ) ) ;
#112 = PRESENTATION_STYLE_ASSIGNMENT (( #454 ) ) ;
#113 = VERTEX_POINT ( 'NONE', #2923 ) ;
#114 = CARTESIAN_POINT ( 'NONE',  ( -0.7066733836020947512, 1.034999999999999920, 0.1609778065568407968 ) ) ;
#115 = CARTESIAN_POINT ( 'NONE',  ( 0.2183820393925960390, 1.025000000000000133, -1.111100032772898594 ) ) ;
#116 = CARTESIAN_POINT ( 'NONE',  ( 0.5419591253121749386, 1.034999999999999920, 0.7505253949516117462 ) ) ;
#117 = CARTESIAN_POINT ( 'NONE',  ( 0.2307692307692306155, 1.034999999999999920, 1.403846153846154410 ) ) ;
#118 = COLOUR_RGB ( '',0.6470588235294117974, 0.5176470588235293491, 0.000000000000000000 ) ;
#119 = CARTESIAN_POINT ( 'NONE',  ( -0.1235576923076918271, 1.035000000000000142, -1.129507211538461675 ) ) ;
#120 = VERTEX_POINT ( 'NONE', #2870 ) ;
#121 = CARTESIAN_POINT ( 'NONE',  ( 0.1022007499196339181, 1.024999999999999689, 1.036833623450327035 ) ) ;
#122 = CARTESIAN_POINT ( 'NONE',  ( 0.2661046692710027917, 1.025000000000000133, -0.9635485289351736204 ) ) ;
#123 = CIRCLE ( 'NONE', #3177, 0.1499999999999999667 ) ;
#124 = PRESENTATION_STYLE_ASSIGNMENT (( #4857 ) ) ;
#125 = CARTESIAN_POINT ( 'NONE',  ( 0.8280408709267160772, 1.034999999999999920, -0.3240397907080368456 ) ) ;
#126 = CARTESIAN_POINT ( 'NONE',  ( 0.5009169445973420398, 1.025000000000000133, -1.132838265016181678 ) ) ;
#127 = DIRECTION ( 'NONE',  ( 0.000000000000000000, 0.000000000000000000, 1.000000000000000000 ) ) ;
#128 = CARTESIAN_POINT ( 'NONE',  ( 1.605000000000000204, -1.025000000000000133, -1.574999999999999734 ) ) ;
#129 = CIRCLE ( 'NONE', #858, 0.1499999999999999667 ) ;
#130 = CARTESIAN_POINT ( 'NONE',  ( 0.2521919065189246467, 1.034999999999999920, -0.9469047407815436301 ) ) ;
#131 = UNCERTAINTY_MEASURE_WITH_UNIT (LENGTH_MEASURE( 1.000000000000000082E-05 ), #2022, 'distance_accuracy_value', 'NONE');
#132 =( LENGTH_UNIT ( ) NAMED_UNIT ( * ) SI_UNIT ( .MILLI., .METRE. ) );
#133 = CARTESIAN_POINT ( 'NONE',  ( 0.03770079244571857696, 1.034999999999999920, 0.2615668493694585095 ) ) ;
#134 = CARTESIAN_POINT ( 'NONE',  ( 0.05883690797237183662, 1.024999999999999911, -1.055260754117563593 ) ) ;
#135 = CARTESIAN_POINT ( 'NONE',  ( 0.3593284318513517150, 1.034999999999999920, 0.8517178425193882019 ) ) ;
#136 = LINE ( 'NONE', #5290, #1717 ) ;
#137 = DIRECTION ( 'NONE',  ( -0.000000000000000000, -1.000000000000000000, -0.000000000000000000 ) ) ;
#138 = FILL_AREA_STYLE ('',( #6082 ) ) ;
#139 = ORIENTED_EDGE ( 'NONE', *, *, #798, .T. ) ;
#140 = CARTESIAN_POINT ( 'NONE',  ( -0.4339081234163183476, 1.024999999999999911, 0.7952156366747696881 ) ) ;
#141 = CARTESIAN_POINT ( 'NONE',  ( 0.1246845277369785371, 1.025000000000000133, 0.9708214919927359299 ) ) ;
#142 = CARTESIAN_POINT ( 'NONE',  ( 0.5976651066058232820, 1.034999999999999920, 1.258173606474872086 ) ) ;
#143 = EDGE_CURVE ( 'NONE', #2004, #2068, #1396, .T. ) ;
#144 = MECHANICAL_DESIGN_GEOMETRIC_PRESENTATION_REPRESENTATION (  '', ( #11 ), #5119 ) ;
#145 = CARTESIAN_POINT ( 'NONE',  ( 0.3929687500000005329, 1.024999999999999911, -0.8335336538461538547 ) ) ;
#146 = EDGE_CURVE ( 'NONE', #4281, #4197, #5833, .T. ) ;
#147 = CARTESIAN_POINT ( 'NONE',  ( 1.500000000000003109, 1.034999999999999920, -1.550000000000000711 ) ) ;
#148 = CARTESIAN_POINT ( 'NONE',  ( -0.6927154494785483507, 1.024999999999999911, -0.4721535821819479173 ) ) ;
#149 = CARTESIAN_POINT ( 'NONE',  ( 0.6123197115384620970, 1.034999999999999920, -0.2848557692307692180 ) ) ;
#150 = EDGE_CURVE ( 'NONE', #4608, #3336, #5085, .T. ) ;
#151 = VECTOR ( 'NONE', #3699, 1000.000000000000000 ) ;
#152 = CARTESIAN_POINT ( 'NONE',  ( -0.7008814822784084075, 1.034999999999999920, 0.8814623108698969034 ) ) ;
#153 = FILL_AREA_STYLE ('',( #4161 ) ) ;
#154 = CARTESIAN_POINT ( 'NONE',  ( 0.2210184691641560728, 1.024999999999999689, 0.9498072415089913179 ) ) ;
#155 = CARTESIAN_POINT ( 'NONE',  ( -0.1247728563804208352, 1.034999999999999698, 0.3173738862081202372 ) ) ;
#156 = CARTESIAN_POINT ( 'NONE',  ( -0.09384299234681901802, 1.034999999999999920, 0.8565253071957876774 ) ) ;
#157 = CARTESIAN_POINT ( 'NONE',  ( -0.1400841346153841038, 1.034999999999999920, -0.9344951923076924016 ) ) ;
#158 = STYLED_ITEM ( 'NONE', ( #297 ), #319 ) ;
#159 = FILL_AREA_STYLE_COLOUR ( '', #3006 ) ;
#160 = ORIENTED_EDGE ( 'NONE', *, *, #146, .T. ) ;
#161 = CARTESIAN_POINT ( 'NONE',  ( 0.4160778691295344833, 1.034999999999999698, -0.8630590810234309851 ) ) ;
#162 = EDGE_CURVE ( 'NONE', #958, #1512, #5916, .T. ) ;
#163 = CARTESIAN_POINT ( 'NONE',  ( -0.2495492788461539657, 1.034999999999999920, 1.433293269230769607 ) ) ;
#164 =( GEOMETRIC_REPRESENTATION_CONTEXT ( 3 ) GLOBAL_UNCERTAINTY_ASSIGNED_CONTEXT ( ( #2187 ) ) GLOBAL_UNIT_ASSIGNED_CONTEXT ( ( #4304, #816, #2779 ) ) REPRESENTATION_CONTEXT ( 'NONE', 'WORKASPACE' ) );
#165 =( GEOMETRIC_REPRESENTATION_CONTEXT ( 3 ) GLOBAL_UNCERTAINTY_ASSIGNED_CONTEXT ( ( #4925 ) ) GLOBAL_UNIT_ASSIGNED_CONTEXT ( ( #1605, #651, #5177 ) ) REPRESENTATION_CONTEXT ( 'NONE', 'WORKASPACE' ) );
#166 = STYLED_ITEM ( 'NONE', ( #605 ), #1343 ) ;
#167 = ORIENTED_EDGE ( 'NONE', *, *, #4582, .T. ) ;
#168 = CARTESIAN_POINT ( 'NONE',  ( 0.7980769230769230171, 1.024999999999999467, 0.9570312500000002220 ) ) ;
#169 = CARTESIAN_POINT ( 'NONE',  ( 0.3025240384615390798, 1.034999999999999920, -0.7884615384615384359 ) ) ;
#170 = VERTEX_POINT ( 'NONE', #6450 ) ;
#171 = CARTESIAN_POINT ( 'NONE',  ( 0.4111907834322256483, 1.034999999999999920, 0.05169397258592269701 ) ) ;
#172 = CARTESIAN_POINT ( 'NONE',  ( 0.01307091346153835265, 1.034999999999999920, 1.264723557692308153 ) ) ;
#173 = CARTESIAN_POINT ( 'NONE',  ( 0.1104622307674721499, 1.024999999999999911, 0.9000261689353128425 ) ) ;
#174 =( GEOMETRIC_REPRESENTATION_CONTEXT ( 3 ) GLOBAL_UNCERTAINTY_ASSIGNED_CONTEXT ( ( #3541 ) ) GLOBAL_UNIT_ASSIGNED_CONTEXT ( ( #3624, #2494, #5135 ) ) REPRESENTATION_CONTEXT ( 'NONE', 'WORKASPACE' ) );
#175 = VERTEX_POINT ( 'NONE', #407 ) ;
#176 = CARTESIAN_POINT ( 'NONE',  ( -0.3641093951549729812, 1.035000000000000142, 0.8949845457384372205 ) ) ;
#177 = CARTESIAN_POINT ( 'NONE',  ( 0.1248956125333308687, 1.035000000000000142, 0.9621975019446509236 ) ) ;
#178 = CARTESIAN_POINT ( 'NONE',  ( 0.2211538461538460343, 1.034999999999999920, 0.9570312500000004441 ) ) ;
#179 = EDGE_CURVE ( 'NONE', #3340, #1562, #3864, .T. ) ;
#180 = SURFACE_STYLE_FILL_AREA ( #1593 ) ;
#181 = CARTESIAN_POINT ( 'NONE',  ( -0.7089247792254714797, 1.024999999999999911, 0.8916546614439557761 ) ) ;
#182 = CARTESIAN_POINT ( 'NONE',  ( 0.4383311012913728155, 1.024999999999999911, 0.9028740862858286587 ) ) ;
#183 = CARTESIAN_POINT ( 'NONE',  ( -0.8240254068496583040, 1.024999999999999689, 0.9368557672397974656 ) ) ;
#184 = CARTESIAN_POINT ( 'NONE',  ( -0.7307692307692308376, 1.024999999999999911, 0.9711538461538463674 ) ) ;
#185 = CARTESIAN_POINT ( 'NONE',  ( 0.05554118820495588388, 1.025000000000000133, 0.8499915930093845384 ) ) ;
#186 = ADVANCED_FACE ( 'NONE', ( #1505 ), #6074, .F. ) ;
#187 = PRESENTATION_STYLE_ASSIGNMENT (( #1753 ) ) ;
#188 = CARTESIAN_POINT ( 'NONE',  ( -0.2831391832459439484, 1.024999999999999689, 0.1912586387461336357 ) ) ;
#189 = CARTESIAN_POINT ( 'NONE',  ( -0.5486251326171897036, 1.024999999999999911, 0.09188366501596632874 ) ) ;
#190 = SURFACE_STYLE_USAGE ( .BOTH. , #5299 ) ;
#191 = ORIENTED_EDGE ( 'NONE', *, *, #5197, .T. ) ;
#192 = ADVANCED_FACE ( 'NONE', ( #4199 ), #4711, .T. ) ;
#193 = VECTOR ( 'NONE', #4862, 1000.000000000000000 ) ;
#194 = SURFACE_STYLE_FILL_AREA ( #2356 ) ;
#195 = CARTESIAN_POINT ( 'NONE',  ( -0.4707154316245898418, 1.035000000000000142, 0.7728591684128818251 ) ) ;
#196 = EDGE_LOOP ( 'NONE', ( #3763, #6104, #3975, #5565 ) ) ;
#197 = SURFACE_STYLE_FILL_AREA ( #5385 ) ;
#198 = VECTOR ( 'NONE', #1603, 1000.000000000000000 ) ;
#199 = UNCERTAINTY_MEASURE_WITH_UNIT (LENGTH_MEASURE( 1.000000000000000082E-05 ), #1614, 'distance_accuracy_value', 'NONE');
#200 = CARTESIAN_POINT ( 'NONE',  ( -0.1709775200025005493, 1.034999999999999920, 1.304503635857037436 ) ) ;
#201 = CARTESIAN_POINT ( 'NONE',  ( 0.4890306126040769308, 1.034999999999999920, -0.9797866819997160803 ) ) ;
#202 = ORIENTED_EDGE ( 'NONE', *, *, #5969, .T. ) ;
#203 = SURFACE_SIDE_STYLE ('',( #5652 ) ) ;
#204 = CARTESIAN_POINT ( 'NONE',  ( -0.8240254068496583040, 1.034999999999999698, 0.9368557672397974656 ) ) ;
#205 = LINE ( 'NONE', #5870, #5277 ) ;
#206 = FACE_OUTER_BOUND ( 'NONE', #5480, .T. ) ;
#207 = CARTESIAN_POINT ( 'NONE',  ( 0.1369608420716999231, 1.034999999999999698, 1.149153048603420046 ) ) ;
#208 = ORIENTED_EDGE ( 'NONE', *, *, #1270, .F. ) ;
#209 = PRESENTATION_LAYER_ASSIGNMENT (  '', '', ( #3069 ) ) ;
#210 = CARTESIAN_POINT ( 'NONE',  ( -0.2884295631976929175, 1.024999999999999023, -0.7970381332304498079 ) ) ;
#211 = DIRECTION ( 'NONE',  ( -0.000000000000000000, -0.000000000000000000, -1.000000000000000000 ) ) ;
#212 = PRESENTATION_LAYER_ASSIGNMENT (  '', '', ( #3944 ) ) ;
#213 = SURFACE_SIDE_STYLE ('',( #5132 ) ) ;
#214 = COLOUR_RGB ( '',1.000000000000000000, 1.000000000000000000, 1.000000000000000000 ) ;
#215 = CARTESIAN_POINT ( 'NONE',  ( 0.5599910720627593319, 1.024999999999999689, 0.8366581879303758296 ) ) ;
#216 = EDGE_CURVE ( 'NONE', #823, #5462, #6374, .T. ) ;
#217 = STYLED_ITEM ( 'NONE', ( #6363 ), #4762 ) ;
#218 = EDGE_CURVE ( 'NONE', #3043, #1467, #5377, .T. ) ;
#219 = LINE ( 'NONE', #3314, #5985 ) ;
#220 = VECTOR ( 'NONE', #2723, 1000.000000000000000 ) ;
#221 = CARTESIAN_POINT ( 'NONE',  ( -0.7849999999999999201, -1.075000000000000400, 1.574999999999999956 ) ) ;
#222 = CARTESIAN_POINT ( 'NONE',  ( -0.2577146742192040207, 1.034999999999999920, 1.466000064178921480 ) ) ;
#223 = CARTESIAN_POINT ( 'NONE',  ( -0.6594614132106191295, 1.034999999999999920, 0.7572851291288785758 ) ) ;
#224 = CARTESIAN_POINT ( 'NONE',  ( -0.7253338131151673140, 1.034999999999999920, 0.9276918119063907175 ) ) ;
#225 = ORIENTED_EDGE ( 'NONE', *, *, #5999, .F. ) ;
#226 = ORIENTED_EDGE ( 'NONE', *, *, #845, .F. ) ;
#227 = COLOUR_RGB ( '',0.4980392156862745168, 0.4980392156862745168, 0.4980392156862745168 ) ;
#228 = CARTESIAN_POINT ( 'NONE',  ( -0.3242788461538456679, 1.024999999999999911, 0.1923076923076923184 ) ) ;
#229 = CARTESIAN_POINT ( 'NONE',  ( -0.3242788461538456679, 1.024999999999999911, 0.1923076923076923184 ) ) ;
#230 = CARTESIAN_POINT ( 'NONE',  ( 0.5899939903846154188, 1.024999999999999689, 1.264723557692307931 ) ) ;
#231 = CARTESIAN_POINT ( 'NONE',  ( -0.1173514582644627630, 1.034999999999999920, 1.378555665817289499 ) ) ;
#232 = ORIENTED_EDGE ( 'NONE', *, *, #2449, .T. ) ;
#233 = CARTESIAN_POINT ( 'NONE',  ( 0.7850000000000001421, -1.024999999999999911, 1.624999999999999778 ) ) ;
#234 = CARTESIAN_POINT ( 'NONE',  ( 1.605000000000000204, -1.074999999999999956, -1.574999999999998845 ) ) ;
#235 = CARTESIAN_POINT ( 'NONE',  ( 0.4264246871617130008, 1.034999999999999920, -1.228171464447248118 ) ) ;
#236 = CARTESIAN_POINT ( 'NONE',  ( -0.4872227032127436352, 1.034999999999999920, -0.5084503787613618986 ) ) ;
#237 = CARTESIAN_POINT ( 'NONE',  ( -0.7351063698627482434, 1.024999999999999689, 1.291137545940028941 ) ) ;
#238 = ORIENTED_EDGE ( 'NONE', *, *, #5663, .T. ) ;
#239 = EDGE_LOOP ( 'NONE', ( #1887, #6310, #6248, #1032 ) ) ;
#240 = CARTESIAN_POINT ( 'NONE',  ( 0.2621031612083700724, 1.035000000000000142, -0.02505928498801309953 ) ) ;
#241 = CARTESIAN_POINT ( 'NONE',  ( -0.4574593303330636296, 1.025000000000000133, 0.9969243262400651062 ) ) ;
#242 = CARTESIAN_POINT ( 'NONE',  ( -0.2596153846153847478, 1.034999999999999920, 1.500000000000000444 ) ) ;
#243 = CARTESIAN_POINT ( 'NONE',  ( -0.7208848868286070743, 1.024999999999999689, 0.7800866347188732952 ) ) ;
#244 = ORIENTED_EDGE ( 'NONE', *, *, #1777, .F. ) ;
#245 = CARTESIAN_POINT ( 'NONE',  ( -0.4620233154719587954, 1.024999999999999689, 1.010118407490751657 ) ) ;
#246 =( GEOMETRIC_REPRESENTATION_CONTEXT ( 3 ) GLOBAL_UNCERTAINTY_ASSIGNED_CONTEXT ( ( #5015 ) ) GLOBAL_UNIT_ASSIGNED_CONTEXT ( ( #5547, #1934, #2505 ) ) REPRESENTATION_CONTEXT ( 'NONE', 'WORKASPACE' ) );
#247 = SURFACE_STYLE_USAGE ( .BOTH. , #269 ) ;
#248 = CARTESIAN_POINT ( 'NONE',  ( 0.1817883925536819545, 1.034999999999999920, 1.090131206510949413 ) ) ;
#249 = CARTESIAN_POINT ( 'NONE',  ( -0.3336405278139464303, 1.024999999999999911, -0.7476885298322695217 ) ) ;
#250 =( LENGTH_UNIT ( ) NAMED_UNIT ( * ) SI_UNIT ( .MILLI., .METRE. ) );
#251 = SURFACE_STYLE_USAGE ( .BOTH. , #6291 ) ;
#252 = FACE_OUTER_BOUND ( 'NONE', #2208, .T. ) ;
#253 = CARTESIAN_POINT ( 'NONE',  ( -0.4973557692307689071, 1.035000000000000142, -0.8061899038461539657 ) ) ;
#254 = CARTESIAN_POINT ( 'NONE',  ( -0.5167011380783790297, 1.024999999999999911, 0.1299168511404120152 ) ) ;
#255 = CARTESIAN_POINT ( 'NONE',  ( 0.1062076452984871827, 1.034999999999999698, 0.7728591684128819361 ) ) ;
#256 = CARTESIAN_POINT ( 'NONE',  ( -0.2463673470139852995, 1.024999999999999911, 1.424506378665186590 ) ) ;
#257 = CARTESIAN_POINT ( 'NONE',  ( 0.4947857505198550165, 1.025000000000000355, 0.8502074897336966419 ) ) ;
#258 = EDGE_CURVE ( 'NONE', #5393, #5936, #5384, .T. ) ;
#259 = EDGE_CURVE ( 'NONE', #3759, #3154, #6416, .T. ) ;
#260 = ORIENTED_EDGE ( 'NONE', *, *, #4519, .T. ) ;
#261 =( NAMED_UNIT ( * ) PLANE_ANGLE_UNIT ( ) SI_UNIT ( $, .RADIAN. ) );
#262 = CARTESIAN_POINT ( 'NONE',  ( -0.1179670287050066380, 1.035000000000000142, -1.132745265255430844 ) ) ;
#263 = CARTESIAN_POINT ( 'NONE',  ( -0.2512714134695545054, 1.034999999999999920, 1.438671195898516997 ) ) ;
#264 = CARTESIAN_POINT ( 'NONE',  ( 0.6925913694554859390, 1.035000000000000142, 0.9106923435533436084 ) ) ;
#265 = CARTESIAN_POINT ( 'NONE',  ( -0.5951085444615579201, 1.024999999999999911, 0.7501776304870996226 ) ) ;
#266 = SURFACE_STYLE_FILL_AREA ( #3771 ) ;
#267 = CARTESIAN_POINT ( 'NONE',  ( -0.6438953436732306468, 1.024999999999999911, 1.211378676326420933 ) ) ;
#268 = ORIENTED_EDGE ( 'NONE', *, *, #3499, .T. ) ;
#269 = SURFACE_SIDE_STYLE ('',( #1067 ) ) ;
#270 = CARTESIAN_POINT ( 'NONE',  ( 0.5708984756573782793, 1.034999999999999920, 1.280269342272169819 ) ) ;
#271 = CARTESIAN_POINT ( 'NONE',  ( -0.4969438633981932418, 1.035000000000000142, 0.1457252904592511167 ) ) ;
#272 = CARTESIAN_POINT ( 'NONE',  ( -0.5199370261924975978, 1.034999999999999920, 1.226931528156839590 ) ) ;
#273 = CARTESIAN_POINT ( 'NONE',  ( 1.849999999999999645, -1.024999999999999911, -1.850000000000000977 ) ) ;
#274 = CARTESIAN_POINT ( 'NONE',  ( 0.08721449540433420800, 1.024999999999999689, 0.8715447404585627833 ) ) ;
#275 = CARTESIAN_POINT ( 'NONE',  ( 0.7980769230769230171, 1.024999999999999467, 0.9570312500000002220 ) ) ;
#276 = CARTESIAN_POINT ( 'NONE',  ( 0.2521919065189246467, 1.024999999999999911, -0.9469047407815436301 ) ) ;
#277 = CARTESIAN_POINT ( 'NONE',  ( -0.3242788461538456679, 1.034999999999999920, 0.1923076923076923184 ) ) ;
#278 = UNCERTAINTY_MEASURE_WITH_UNIT (LENGTH_MEASURE( 1.000000000000000082E-05 ), #5688, 'distance_accuracy_value', 'NONE');
#279 = CARTESIAN_POINT ( 'NONE',  ( -0.5844380456911785204, 1.034999999999999920, -0.1985289288117806084 ) ) ;
#280 = CARTESIAN_POINT ( 'NONE',  ( 0.4253353384381411417, 1.024999999999999689, 0.9414258259068326584 ) ) ;
#281 = ORIENTED_EDGE ( 'NONE', *, *, #4002, .F. ) ;
#282 = PRODUCT_DEFINITION_FORMATION_WITH_SPECIFIED_SOURCE ( 'ANY', '', #3038, .NOT_KNOWN. ) ;
#283 = SURFACE_SIDE_STYLE ('',( #5677 ) ) ;
#284 = CARTESIAN_POINT ( 'NONE',  ( 0.3999451352814074045, 1.035000000000000142, -0.8413258239733425459 ) ) ;
#285 = ADVANCED_FACE ( 'NONE', ( #1178 ), #457, .T. ) ;
#286 =( NAMED_UNIT ( * ) SI_UNIT ( $, .STERADIAN. ) SOLID_ANGLE_UNIT ( ) );
#287 = CARTESIAN_POINT ( 'NONE',  ( -0.4808639857458591460, 1.034999999999999920, 0.8804506858141276648 ) ) ;
#288 = CARTESIAN_POINT ( 'NONE',  ( 0.3416981596097826701, 1.034999999999999920, -1.099075049680693139 ) ) ;
#289 = ORIENTED_EDGE ( 'NONE', *, *, #2285, .T. ) ;
#290 = B_SPLINE_CURVE_WITH_KNOTS ( 'NONE', 3,
 ( #5927, #5464, #818, #2353, #2329, #2847, #3365, #3861, #1339, #5887, #6384, #4399, #2441, #1482, #1529, #4583, #6073, #5535, #4004 ),
 .UNSPECIFIED., .F., .F.,
 ( 4, 1, 1, 1, 1, 1, 1, 1, 1, 1, 1, 1, 1, 1, 1, 1, 4 ),
 ( 0.000000000000000000, 0.1114096600426611183, 0.2145263672558013757, 0.3094172254458344984, 0.3960871907990312080, 0.4742842164262463522, 0.5443738816396973546, 0.6064195628105359948, 0.6605816023749733201, 0.7097938180647574979, 0.7564506485918283119, 0.8007673253039319095, 0.8431682879413343601, 0.8842948685500483519, 0.9238845020552849396, 0.9623587101392159227, 1.000000000000000000 ),
 .UNSPECIFIED. ) ;
#291 = CARTESIAN_POINT ( 'NONE',  ( 0.5101741086146089899, 1.035000000000000142, 1.331288948873510680 ) ) ;
#292 =( GEOMETRIC_REPRESENTATION_CONTEXT ( 3 ) GLOBAL_UNCERTAINTY_ASSIGNED_CONTEXT ( ( #2152 ) ) GLOBAL_UNIT_ASSIGNED_CONTEXT ( ( #5501, #4511, #1448 ) ) REPRESENTATION_CONTEXT ( 'NONE', 'WORKASPACE' ) );
#293 = CARTESIAN_POINT ( 'NONE',  ( 0.3193670356830421997, 1.034999999999999920, 1.466193585245457731 ) ) ;
#294 = CARTESIAN_POINT ( 'NONE',  ( 0.7976761205744642425, 1.024999999999999467, 0.9356435630111532564 ) ) ;
#295 = EDGE_CURVE ( 'NONE', #2146, #5400, #371, .T. ) ;
#296 = CARTESIAN_POINT ( 'NONE',  ( 0.7978702046083667732, 1.024999999999999467, 0.9644531001897752587 ) ) ;
#297 = PRESENTATION_STYLE_ASSIGNMENT (( #6250 ) ) ;
#298 = PRESENTATION_STYLE_ASSIGNMENT (( #1624 ) ) ;
#299 = CARTESIAN_POINT ( 'NONE',  ( 0.8163176086182266644, 1.034999999999999920, -0.3039265020748548873 ) ) ;
#300 = EDGE_CURVE ( 'NONE', #4059, #170, #4998, .T. ) ;
#301 = SURFACE_STYLE_FILL_AREA ( #778 ) ;
#302 = DIRECTION ( 'NONE',  ( -0.000000000000000000, -1.000000000000000000, -0.000000000000000000 ) ) ;
#303 = CARTESIAN_POINT ( 'NONE',  ( -0.5597572789664123638, 1.024999999999999689, 0.8385928700513111123 ) ) ;
#304 = CARTESIAN_POINT ( 'NONE',  ( 0.7977342175872388363, 1.024999999999999689, -0.4548099921802073453 ) ) ;
#305 = VERTEX_POINT ( 'NONE', #6286 ) ;
#306 = CARTESIAN_POINT ( 'NONE',  ( 0.4295204489710672813, 1.024999999999999467, -0.8827832612608561558 ) ) ;
#307 = SURFACE_SIDE_STYLE ('',( #5781 ) ) ;
#308 = CARTESIAN_POINT ( 'NONE',  ( -0.2241533231784429425, 1.024999999999999911, -1.063631701879000024 ) ) ;
#309 = CARTESIAN_POINT ( 'NONE',  ( 0.3370346671733435717, 1.024999999999999911, 1.406614822300994438 ) ) ;
#310 = CARTESIAN_POINT ( 'NONE',  ( -0.5990718725262587085, 1.024999999999999689, 1.172529277259950931 ) ) ;
#311 = B_SPLINE_SURFACE_WITH_KNOTS ( 'NONE', 3, 1, ( 
 ( #3263, #4267 ),
 ( #688, #215 ),
 ( #4822, #1234 ),
 ( #3779, #4333 ),
 ( #5330, #1742 ),
 ( #3325, #5800 ),
 ( #2783, #257 ),
 ( #2284, #6274 ),
 ( #4251, #5287 ),
 ( #1291, #3799 ),
 ( #2240, #1269 ),
 ( #5778, #2756 ),
 ( #3282, #1808 ),
 ( #5827, #726 ),
 ( #2802, #1761 ),
 ( #5309, #280 ),
 ( #1212, #1724 ),
 ( #3997, #980 ),
 ( #5504, #3974 ) ),
 .UNSPECIFIED., .F., .F., .F.,
 ( 4, 1, 1, 1, 1, 1, 1, 1, 1, 1, 1, 1, 1, 1, 1, 1, 4 ),
 ( 2, 2 ),
 ( 0.000000000000000000, 0.07069648334337651219, 0.1383582132030683198, 0.2033698682591697782, 0.2657002133402295851, 0.3272558681973763983, 0.3865123433292942390, 0.4458582974819494393, 0.5051731438069388958, 0.5637797628070202460, 0.6223430642934396628, 0.6808235796100192694, 0.7397951568104398357, 0.8008011629883834415, 0.8642394615769080080, 0.9306310981734532417, 1.000000000000000000 ),
 ( 0.000000000000000000, 1.000000000000000000 ),
 .UNSPECIFIED. ) ;
#312 = EDGE_LOOP ( 'NONE', ( #4441, #2212, #2851, #4658 ) ) ;
#313 = ORIENTED_EDGE ( 'NONE', *, *, #4312, .F. ) ;
#314 = CARTESIAN_POINT ( 'NONE',  ( 0.6619532218267274448, 1.034999999999999698, -0.3271492266832871088 ) ) ;
#315 = CARTESIAN_POINT ( 'NONE',  ( -0.2062460659291941723, 1.034999999999999698, 0.8340822251097764761 ) ) ;
#316 = UNCERTAINTY_MEASURE_WITH_UNIT (LENGTH_MEASURE( 1.000000000000000082E-05 ), #2861, 'distance_accuracy_value', 'NONE');
#317 = CARTESIAN_POINT ( 'NONE',  ( -0.1001450165801050368, 1.035000000000000142, 1.360971408330851062 ) ) ;
#318 = DIRECTION ( 'NONE',  ( 0.9950371902099890420, 0.000000000000000000, 0.09950371902099883203 ) ) ;
#319 = ADVANCED_FACE ( 'NONE', ( #6163 ), #2468, .T. ) ;
#320 = ORIENTED_EDGE ( 'NONE', *, *, #1486, .T. ) ;
#321 = CARTESIAN_POINT ( 'NONE',  ( 0.2826923076923082423, 1.034999999999999920, -0.9798677884615384359 ) ) ;
#322 = CARTESIAN_POINT ( 'NONE',  ( 0.2128136817681038628, 1.024999999999999689, 0.8949845457384369984 ) ) ;
#323 = ORIENTED_EDGE ( 'NONE', *, *, #5558, .F. ) ;
#324 = B_SPLINE_CURVE_WITH_KNOTS ( 'NONE', 3,
 ( #5463, #1917, #843, #5018, #2419, #1890, #2868, #1941, #1382, #3434, #1967, #5905, #5415, #5947, #1431, #6473, #2352, #3981, #428 ),
 .UNSPECIFIED., .F., .F.,
 ( 4, 1, 1, 1, 1, 1, 1, 1, 1, 1, 1, 1, 1, 1, 1, 1, 4 ),
 ( 0.000000000000000000, 0.07471189030450074708, 0.1455392023749083885, 0.2133390572509726302, 0.2786150735384708699, 0.3420941969414981743, 0.4038900759591955714, 0.4650633525655205602, 0.5265767363834863435, 0.5873283340287678289, 0.6463804557031436193, 0.7043453083753260513, 0.7616719489990787517, 0.8194178590468651491, 0.8780393997816819951, 0.9377955090070549948, 1.000000000000000000 ),
 .UNSPECIFIED. ) ;
#325 = CARTESIAN_POINT ( 'NONE',  ( -0.4664608461556046803, 1.024999999999999689, 0.9000261689353128425 ) ) ;
#326 = CARTESIAN_POINT ( 'NONE',  ( 0.6831307222215643460, 1.035000000000000364, 0.7728591684128820471 ) ) ;
#327 = CARTESIAN_POINT ( 'NONE',  ( 0.7018186768974628009, 1.034999999999999920, 0.9537176434545547865 ) ) ;
#328 = CARTESIAN_POINT ( 'NONE',  ( 0.4479094431671649668, 1.035000000000000142, 1.263398958623645596 ) ) ;
#329 = STYLED_ITEM ( 'NONE', ( #4008 ), #2185 ) ;
#330 = B_SPLINE_CURVE_WITH_KNOTS ( 'NONE', 3,
 ( #881, #3946, #4457, #4955, #6461, #6397, #6485, #3470, #4936, #5431, #416, #3489, #2385, #4916, #1863, #5408, #5917, #6506, #531 ),
 .UNSPECIFIED., .F., .F.,
 ( 4, 1, 1, 1, 1, 1, 1, 1, 1, 1, 1, 1, 1, 1, 1, 1, 4 ),
 ( 0.000000000000000000, 0.07471189030450135771, 0.1455392023749086383, 0.2133390572509725469, 0.2786150735384710919, 0.3420941969414981743, 0.4038900759591956824, 0.4650633525655207268, 0.5265767363834863435, 0.5873283340287679399, 0.6463804557031436193, 0.7043453083753261623, 0.7616719489990788627, 0.8194178590468652601, 0.8780393997816821061, 0.9377955090070549948, 1.000000000000000000 ),
 .UNSPECIFIED. ) ;
#331 = CARTESIAN_POINT ( 'NONE',  ( 0.7126393670829229698, 1.035000000000000142, -0.3732416529636379821 ) ) ;
#332 = ORIENTED_EDGE ( 'NONE', *, *, #3713, .F. ) ;
#333 = CARTESIAN_POINT ( 'NONE',  ( -0.4817377446529020890, 1.024999999999999911, 0.3293958269302679764 ) ) ;
#334 = CARTESIAN_POINT ( 'NONE',  ( -0.2175946450717252956, 1.035000000000000364, 0.8517178425193889790 ) ) ;
#335 = CARTESIAN_POINT ( 'NONE',  ( -0.3338942307692303046, 1.035000000000000364, 0.3461538461538462563 ) ) ;
#336 = VERTEX_POINT ( 'NONE', #169 ) ;
#337 = EDGE_CURVE ( 'NONE', #1118, #5722, #2406, .T. ) ;
#338 = STYLED_ITEM ( 'NONE', ( #1082 ), #4785 ) ;
#339 = CARTESIAN_POINT ( 'NONE',  ( 0.2156684110218179407, 1.034999999999999920, -0.8695632752520079389 ) ) ;
#340 = CARTESIAN_POINT ( 'NONE',  ( 0.2601562500000004219, 1.024999999999999911, -1.115384615384615419 ) ) ;
#341 = CARTESIAN_POINT ( 'NONE',  ( 0.5530772984843815854, 1.025000000000000133, 1.295053357843855446 ) ) ;
#342 = CARTESIAN_POINT ( 'NONE',  ( 0.1970288297793945653, 1.034999999999999920, 0.8579668031823564078 ) ) ;
#343 = MECHANICAL_DESIGN_GEOMETRIC_PRESENTATION_REPRESENTATION (  '', ( #2058 ), #3211 ) ;
#344 = DIRECTION ( 'NONE',  ( 0.000000000000000000, 0.000000000000000000, -1.000000000000000000 ) ) ;
#345 = FILL_AREA_STYLE_COLOUR ( '', #1227 ) ;
#346 = CARTESIAN_POINT ( 'NONE',  ( 0.4295204489710672813, 1.034999999999999698, -0.8827832612608561558 ) ) ;
#347 = ORIENTED_EDGE ( 'NONE', *, *, #5232, .F. ) ;
#348 = CARTESIAN_POINT ( 'NONE',  ( 0.7633079040634315193, 1.034999999999999920, 0.8407290785386309917 ) ) ;
#349 = CARTESIAN_POINT ( 'NONE',  ( -0.4520274769486910538, 1.035000000000000142, 0.9537176434545550086 ) ) ;
#350 =( LENGTH_UNIT ( ) NAMED_UNIT ( * ) SI_UNIT ( .MILLI., .METRE. ) );
#351 = SURFACE_STYLE_FILL_AREA ( #6410 ) ;
#352 = CARTESIAN_POINT ( 'NONE',  ( 0.6996704596483112049, 1.025000000000000133, 0.9333452975440976740 ) ) ;
#353 = CARTESIAN_POINT ( 'NONE',  ( -0.8365685462712814102, 1.034999999999999698, 1.482875074157175455 ) ) ;
#354 = VERTEX_POINT ( 'NONE', #2200 ) ;
#355 = CARTESIAN_POINT ( 'NONE',  ( -0.4495910546867318280, 1.024999999999999467, -0.5853106937111854924 ) ) ;
#356 = CARTESIAN_POINT ( 'NONE',  ( -0.03496395161090221082, 1.034999999999999920, 0.7505253949516117462 ) ) ;
#357 = PRESENTATION_LAYER_ASSIGNMENT (  '', '', ( #3558 ) ) ;
#358 = CARTESIAN_POINT ( 'NONE',  ( 0.3172976528467607582, 1.024999999999999911, 1.494285306604467900 ) ) ;
#359 = CARTESIAN_POINT ( 'NONE',  ( 0.7388950688223768770, 1.034999999999999698, -0.2139691438659765965 ) ) ;
#360 = CARTESIAN_POINT ( 'NONE',  ( 0.7980769230769230171, 1.034999999999999920, 0.9570312500000002220 ) ) ;
#361 = CARTESIAN_POINT ( 'NONE',  ( -0.7155150525547808726, 1.034999999999999698, 0.9028740862858284366 ) ) ;
#362 = CARTESIAN_POINT ( 'NONE',  ( 0.6831307222215643460, 1.035000000000000364, 0.7728591684128820471 ) ) ;
#363 = COLOUR_RGB ( '',1.000000000000000000, 1.000000000000000000, 1.000000000000000000 ) ;
#364 = PRESENTATION_LAYER_ASSIGNMENT (  '', '', ( #166 ) ) ;
#365 = VECTOR ( 'NONE', #4077, 1000.000000000000000 ) ;
#366 = FILL_AREA_STYLE ('',( #345 ) ) ;
#367 = SURFACE_SIDE_STYLE ('',( #2759 ) ) ;
#368 =( NAMED_UNIT ( * ) PLANE_ANGLE_UNIT ( ) SI_UNIT ( $, .RADIAN. ) );
#369 =( NAMED_UNIT ( * ) SI_UNIT ( $, .STERADIAN. ) SOLID_ANGLE_UNIT ( ) );
#370 = CARTESIAN_POINT ( 'NONE',  ( 0.4408052884615384359, 1.034999999999999920, 1.403846153846154188 ) ) ;
#371 = LINE ( 'NONE', #1701, #2350 ) ;
#372 = B_SPLINE_CURVE_WITH_KNOTS ( 'NONE', 3,
 ( #4464, #490, #1478, #558, #3024, #2057, #5123, #4066, #5061 ),
 .UNSPECIFIED., .F., .F.,
 ( 4, 1, 1, 1, 1, 1, 4 ),
 ( 0.000000000000000000, 0.1721040002205779518, 0.3251104590458972488, 0.4612272505695235725, 0.5810596373885457133, 0.7948419735329883551, 1.000000000000000000 ),
 .UNSPECIFIED. ) ;
#373 = PRESENTATION_LAYER_ASSIGNMENT (  '', '', ( #54 ) ) ;
#374 = CARTESIAN_POINT ( 'NONE',  ( 0.1200420278956285391, 1.034999999999999698, 0.9216901571185678321 ) ) ;
#375 = DIRECTION ( 'NONE',  ( -1.000000000000000000, -0.000000000000000000, 7.228014483236695816E-17 ) ) ;
#376 = DIRECTION ( 'NONE',  ( -3.516331370223257730E-16, -0.000000000000000000, -1.000000000000000000 ) ) ;
#377 = ORIENTED_EDGE ( 'NONE', *, *, #4291, .F. ) ;
#378 = CARTESIAN_POINT ( 'NONE',  ( -0.05942551490823435451, 1.024999999999999911, 0.7531031900268579937 ) ) ;
#379 = SURFACE_STYLE_USAGE ( .BOTH. , #6428 ) ;
#380 = CARTESIAN_POINT ( 'NONE',  ( -0.7285108154080124354, 1.034999999999999920, 0.9414258259068326584 ) ) ;
#381 = CARTESIAN_POINT ( 'NONE',  ( -0.07763924145519682241, 1.024999999999999911, 1.340513759941373451 ) ) ;
#382 = B_SPLINE_SURFACE_WITH_KNOTS ( 'NONE', 3, 1, ( 
 ( #1126, #2142 ),
 ( #4606, #4163 ),
 ( #4698, #41 ),
 ( #3179, #115 ),
 ( #6141, #5667 ),
 ( #610, #4096 ),
 ( #4677, #3134 ),
 ( #1052, #134 ),
 ( #5596, #4142 ),
 ( #4652, #68 ),
 ( #2552, #5643 ),
 ( #1573, #1643 ),
 ( #5170, #3649 ) ),
 .UNSPECIFIED., .F., .F., .F.,
 ( 4, 1, 1, 1, 1, 1, 1, 1, 1, 1, 4 ),
 ( 2, 2 ),
 ( 0.000000000000000000, 0.04398504629311398434, 0.09255174981888075747, 0.1471760916490177651, 0.2077162963000876994, 0.3374908720733645895, 0.4746268733997882627, 0.6145941873578287806, 0.7553687989046374840, 0.8864344517503219834, 1.000000000000000000 ),
 ( 0.000000000000000000, 1.000000000000000000 ),
 .UNSPECIFIED. ) ;
#383 = CARTESIAN_POINT ( 'NONE',  ( 0.4215144230769235500, 1.024999999999999689, -1.232271634615384581 ) ) ;
#384 = EDGE_CURVE ( 'NONE', #2473, #2082, #3894, .T. ) ;
#385 = ORIENTED_EDGE ( 'NONE', *, *, #3008, .T. ) ;
#386 = CARTESIAN_POINT ( 'NONE',  ( 0.6369730754219823377, 1.034999999999999920, -0.3053373295392651787 ) ) ;
#387 = ORIENTED_EDGE ( 'NONE', *, *, #4130, .F. ) ;
#388 = CARTESIAN_POINT ( 'NONE',  ( -0.4541756941978427053, 1.024999999999999689, 0.9333452975440974519 ) ) ;
#389 = CARTESIAN_POINT ( 'NONE',  ( 0.4595716186586141228, 1.034999999999999698, 1.378555665817288833 ) ) ;
#390 = EDGE_LOOP ( 'NONE', ( #5600, #3266, #4006, #822 ) ) ;
#391 = CARTESIAN_POINT ( 'NONE',  ( 0.05698605073057927406, 1.034999999999999698, 1.226931528156839368 ) ) ;
#392 = CARTESIAN_POINT ( 'NONE',  ( 0.04195922953917772397, 1.024999999999999911, 1.111914594161551140 ) ) ;
#393 = VERTEX_POINT ( 'NONE', #4854 ) ;
#394 = UNCERTAINTY_MEASURE_WITH_UNIT (LENGTH_MEASURE( 1.000000000000000082E-05 ), #2199, 'distance_accuracy_value', 'NONE');
#395 = CARTESIAN_POINT ( 'NONE',  ( 0.6729821681002947642, 1.025000000000000133, 0.8804506858141276648 ) ) ;
#396 = VERTEX_POINT ( 'NONE', #5014 ) ;
#397 = PRODUCT_DEFINITION_CONTEXT ( 'detailed design', #4025, 'design' ) ;
#398 = CARTESIAN_POINT ( 'NONE',  ( 0.7016076046600554506, 1.024999999999999689, 0.9708214919927355968 ) ) ;
#399 =( LENGTH_UNIT ( ) NAMED_UNIT ( * ) SI_UNIT ( .MILLI., .METRE. ) );
#400 = CARTESIAN_POINT ( 'NONE',  ( 0.1037841999836682377, 1.034999999999999920, 0.8900286707375897333 ) ) ;
#401 = VERTEX_POINT ( 'NONE', #1960 ) ;
#402 = CARTESIAN_POINT ( 'NONE',  ( 0.5768030531107145586, 1.034999999999999920, -0.07437058000244567424 ) ) ;
#403 = CARTESIAN_POINT ( 'NONE',  ( 0.7109369966974191657, 1.024999999999999911, -0.1871877039025902079 ) ) ;
#404 = DIRECTION ( 'NONE',  ( 0.000000000000000000, 0.000000000000000000, 1.000000000000000000 ) ) ;
#405 = CARTESIAN_POINT ( 'NONE',  ( -0.2596254240763162247, 1.024999999999999911, 1.494285306604468122 ) ) ;
#406 = STYLED_ITEM ( 'NONE', ( #1210 ), #6402 ) ;
#407 = CARTESIAN_POINT ( 'NONE',  ( 0.2571514423076928235, 1.024999999999999911, -1.269230769230769162 ) ) ;
#408 = DIRECTION ( 'NONE',  ( 0.000000000000000000, -0.000000000000000000, 1.000000000000000000 ) ) ;
#409 = CARTESIAN_POINT ( 'NONE',  ( 0.006863659973813226491, 1.024999999999999911, -1.196497692296500936 ) ) ;
#410 = COLOUR_RGB ( '',0.4980392156862745168, 0.4980392156862745168, 0.4980392156862745168 ) ;
#411 = CARTESIAN_POINT ( 'NONE',  ( 0.3731240515489665510, 1.024999999999999689, -0.8134077580378032968 ) ) ;
#412 = STYLED_ITEM ( 'NONE', ( #3105 ), #3386 ) ;
#413 = SURFACE_SIDE_STYLE ('',( #3686 ) ) ;
#414 = EDGE_CURVE ( 'NONE', #37, #2738, #3781, .T. ) ;
#415 = ORIENTED_EDGE ( 'NONE', *, *, #1616, .T. ) ;
#416 = CARTESIAN_POINT ( 'NONE',  ( 0.7505765765693429570, 1.024999999999999911, 0.8244472621065871420 ) ) ;
#417 = CARTESIAN_POINT ( 'NONE',  ( -1.604999999999999982, -1.025000000000000577, -1.574999999999999734 ) ) ;
#418 = FACE_OUTER_BOUND ( 'NONE', #3573, .T. ) ;
#419 = CARTESIAN_POINT ( 'NONE',  ( 0.1248955999743857903, 1.035000000000000142, 0.9537176434545550086 ) ) ;
#420 = CARTESIAN_POINT ( 'NONE',  ( 0.4059455569205765446, 1.035000000000000142, 1.304503635857037214 ) ) ;
#421 = CARTESIAN_POINT ( 'NONE',  ( 0.2601562500000004219, 1.024999999999999911, -1.115384615384615419 ) ) ;
#422 = CARTESIAN_POINT ( 'NONE',  ( 0.7713591597378328668, 1.024999999999999689, 1.067602144398379194 ) ) ;
#423 = CARTESIAN_POINT ( 'NONE',  ( 0.4148695579704183012, 1.024999999999999911, -0.1300981908182175240 ) ) ;
#424 = EDGE_CURVE ( 'NONE', #3873, #2447, #5430, .T. ) ;
#425 = EDGE_LOOP ( 'NONE', ( #5268, #6387, #4778, #6177 ) ) ;
#426 = PRESENTATION_LAYER_ASSIGNMENT (  '', '', ( #11 ) ) ;
#427 = CARTESIAN_POINT ( 'NONE',  ( -0.1617230206174459228, 1.024999999999999689, 0.7911853970708487838 ) ) ;
#428 = CARTESIAN_POINT ( 'NONE',  ( -0.3557692307692307820, 1.034999999999999920, 0.9570312500000002220 ) ) ;
#429 = CARTESIAN_POINT ( 'NONE',  ( 1.605000000000000204, -1.024999999999999467, 1.625000000000000000 ) ) ;
#430 = CARTESIAN_POINT ( 'NONE',  ( -0.1361177884615386025, 1.034999999999999920, 1.403846153846154410 ) ) ;
#431 = CARTESIAN_POINT ( 'NONE',  ( 0.5224391118454452254, 1.024999999999999467, -1.072678611138124127 ) ) ;
#432 = STYLED_ITEM ( 'NONE', ( #5759 ), #192 ) ;
#433 = EDGE_LOOP ( 'NONE', ( #1782, #722, #1430, #3875 ) ) ;
#434 = LINE ( 'NONE', #1320, #55 ) ;
#435 = UNCERTAINTY_MEASURE_WITH_UNIT (LENGTH_MEASURE( 1.000000000000000082E-05 ), #6140, 'distance_accuracy_value', 'NONE');
#436 = CARTESIAN_POINT ( 'NONE',  ( 0.2669692883178034215, 1.024999999999999911, -1.269100579367465675 ) ) ;
#437 = CARTESIAN_POINT ( 'NONE',  ( 0.2504346767130117279, 1.035000000000000142, -1.269029477025444441 ) ) ;
#438 = CARTESIAN_POINT ( 'NONE',  ( 0.2117753373692803087, 1.035000000000000142, 1.023495007546662894 ) ) ;
#439 = CARTESIAN_POINT ( 'NONE',  ( 0.3025240384615390798, 1.024999999999999911, -0.7884615384615384359 ) ) ;
#440 = ORIENTED_EDGE ( 'NONE', *, *, #3326, .F. ) ;
#441 = CARTESIAN_POINT ( 'NONE',  ( 0.6324642651280327765, 1.025000000000000133, 0.8499915930093840943 ) ) ;
#442 = CARTESIAN_POINT ( 'NONE',  ( 0.5547742813198949241, 1.024999999999999911, 1.172529277259950931 ) ) ;
#443 = CARTESIAN_POINT ( 'NONE',  ( 0.2211538461538460343, 1.024999999999999689, 0.9570312500000004441 ) ) ;
#444 =( LENGTH_UNIT ( ) NAMED_UNIT ( * ) SI_UNIT ( .MILLI., .METRE. ) );
#445 = CARTESIAN_POINT ( 'NONE',  ( 0.3298207469964955507, 1.024999999999999911, 0.9368557672397974656 ) ) ;
#446 = ORIENTED_EDGE ( 'NONE', *, *, #5423, .T. ) ;
#447 = CARTESIAN_POINT ( 'NONE',  ( -0.3106497177393194309, 1.034999999999999920, 0.1919601521312886416 ) ) ;
#448 = CARTESIAN_POINT ( 'NONE',  ( 0.6339091276536564790, 1.035000000000000142, 1.226931528156839590 ) ) ;
#449 = FILL_AREA_STYLE ('',( #3497 ) ) ;
#450 = CARTESIAN_POINT ( 'NONE',  ( 0.04056952584390834116, 1.034999999999999920, 0.7533978999952610778 ) ) ;
#451 = LINE ( 'NONE', #3158, #2045 ) ;
#452 = ADVANCED_FACE ( 'NONE', ( #2127 ), #4727, .T. ) ;
#453 = B_SPLINE_CURVE_WITH_KNOTS ( 'NONE', 3,
 ( #1069, #5614, #60, #2094, #5636, #6134, #3170, #622, #4179, #5700, #2740, #181, #4235, #731, #6230, #4218, #1203, #5272, #5770 ),
 .UNSPECIFIED., .F., .F.,
 ( 4, 1, 1, 1, 1, 1, 1, 1, 1, 1, 1, 1, 1, 1, 1, 1, 4 ),
 ( 0.000000000000000000, 0.07069648334337648443, 0.1383582132030687362, 0.2033698682591697504, 0.2657002133402300292, 0.3272558681973767314, 0.3865123433292945720, 0.4458582974819496059, 0.5051731438069391178, 0.5637797628070205791, 0.6223430642934398849, 0.6808235796100194914, 0.7397951568104399467, 0.8008011629883835525, 0.8642394615769081190, 0.9306310981734532417, 1.000000000000000000 ),
 .UNSPECIFIED. ) ;
#454 = SURFACE_STYLE_USAGE ( .BOTH. , #4423 ) ;
#455 = CARTESIAN_POINT ( 'NONE',  ( -0.1048791617787825647, 1.034999999999999920, 0.8636569804084183177 ) ) ;
#456 = CARTESIAN_POINT ( 'NONE',  ( 1.605000000000000204, -1.024999999999999467, 1.625000000000000000 ) ) ;
#457 = B_SPLINE_SURFACE_WITH_KNOTS ( 'NONE', 3, 1, ( 
 ( #6168, #1167 ),
 ( #565, #5188 ),
 ( #5204, #3116 ),
 ( #6142, #2143 ),
 ( #4118, #3617 ),
 ( #3180, #1078 ),
 ( #135, #6120 ),
 ( #5147, #1599 ),
 ( #1100, #4724 ),
 ( #627, #611 ),
 ( #2101, #5128 ),
 ( #5686, #2081 ),
 ( #5668, #6205 ),
 ( #89, #3157 ),
 ( #2651, #5644 ),
 ( #3703, #4143 ),
 ( #116, #4187 ),
 ( #1664, #646 ),
 ( #5620, #2577 ) ),
 .UNSPECIFIED., .F., .F., .F.,
 ( 4, 1, 1, 1, 1, 1, 1, 1, 1, 1, 1, 1, 1, 1, 1, 1, 4 ),
 ( 2, 2 ),
 ( 0.000000000000000000, 0.07067529020333015999, 0.1374926938441249080, 0.2014728253723051254, 0.2628693217722904985, 0.3225500865261559658, 0.3807372513385549606, 0.4382197368560125095, 0.4954874370602862510, 0.5534836796953479521, 0.6113462062294293675, 0.6706437388141557321, 0.7315869484227134345, 0.7941831937999382918, 0.8594451119347497059, 0.9282076353998099938, 1.000000000000000000 ),
 ( 0.000000000000000000, 1.000000000000000000 ),
 .UNSPECIFIED. ) ;
#458 = PRESENTATION_STYLE_ASSIGNMENT (( #4833 ) ) ;
#459 = AXIS2_PLACEMENT_3D ( 'NONE', #3073, #5604, #28 ) ;
#460 = CARTESIAN_POINT ( 'NONE',  ( -0.7130408653846154188, 1.034999999999999920, 1.403846153846154188 ) ) ;
#461 = CARTESIAN_POINT ( 'NONE',  ( 0.1560260836043374510, 1.035000000000000142, -1.252405169871649182 ) ) ;
#462 = FACE_OUTER_BOUND ( 'NONE', #4144, .T. ) ;
#463 = CARTESIAN_POINT ( 'NONE',  ( -2.000000000000000000, -1.024999999999999911, 1.849999999999999423 ) ) ;
#464 = CARTESIAN_POINT ( 'NONE',  ( -0.1320017023023945801, 1.025000000000000133, 0.8916546614439557761 ) ) ;
#465 = CARTESIAN_POINT ( 'NONE',  ( 0.1101049478011315585, 1.024999999999999911, 1.177012512762981800 ) ) ;
#466 = CARTESIAN_POINT ( 'NONE',  ( -0.2495492788461539657, 1.024999999999999689, 1.433293269230769607 ) ) ;
#467 = MECHANICAL_DESIGN_GEOMETRIC_PRESENTATION_REPRESENTATION (  '', ( #2591 ), #1151 ) ;
#468 = CARTESIAN_POINT ( 'NONE',  ( -0.5990513877927807762, 1.024999999999999911, 0.2773487647443848569 ) ) ;
#469 = SURFACE_STYLE_USAGE ( .BOTH. , #3514 ) ;
#470 = CARTESIAN_POINT ( 'NONE',  ( 0.3173076923076922351, 1.034999999999999920, 1.500000000000000222 ) ) ;
#471 = CARTESIAN_POINT ( 'NONE',  ( -0.3594674135130906389, 1.035000000000000142, 0.1918791199386858659 ) ) ;
#472 =( LENGTH_UNIT ( ) NAMED_UNIT ( * ) SI_UNIT ( .MILLI., .METRE. ) );
#473 = EDGE_CURVE ( 'NONE', #6303, #4214, #372, .T. ) ;
#474 = ORIENTED_EDGE ( 'NONE', *, *, #5197, .F. ) ;
#475 = DIRECTION ( 'NONE',  ( -0.000000000000000000, -1.000000000000000000, -0.000000000000000000 ) ) ;
#476 = CARTESIAN_POINT ( 'NONE',  ( -0.5918774928055327011, 1.024999999999999911, -0.1084899168210473192 ) ) ;
#477 = SURFACE_SIDE_STYLE ('',( #1577 ) ) ;
#478 = EDGE_CURVE ( 'NONE', #4608, #5125, #219, .T. ) ;
#479 = ORIENTED_EDGE ( 'NONE', *, *, #4779, .F. ) ;
#480 = UNCERTAINTY_MEASURE_WITH_UNIT (LENGTH_MEASURE( 1.000000000000000082E-05 ), #5003, 'distance_accuracy_value', 'NONE');
#481 = CARTESIAN_POINT ( 'NONE',  ( 0.2601562500000004219, 1.034999999999999920, -1.115384615384615419 ) ) ;
#482 = CARTESIAN_POINT ( 'NONE',  ( 0.8076923076923077094, 1.034999999999999920, 1.403846153846154188 ) ) ;
#483 = CARTESIAN_POINT ( 'NONE',  ( -0.3242788461538456679, 1.024999999999999911, 0.1923076923076923184 ) ) ;
#484 = ORIENTED_EDGE ( 'NONE', *, *, #4288, .F. ) ;
#485 = CARTESIAN_POINT ( 'NONE',  ( 0.8446265795782917918, 1.024999999999999467, -0.3609046874003298266 ) ) ;
#486 = CARTESIAN_POINT ( 'NONE',  ( -0.1581832929396715381, 1.024999999999999689, 1.291137545940029163 ) ) ;
#487 = FILL_AREA_STYLE ('',( #3535 ) ) ;
#488 = CARTESIAN_POINT ( 'NONE',  ( 0.2153846153846159794, 1.034999999999999920, -0.8756009615384615641 ) ) ;
#489 = CARTESIAN_POINT ( 'NONE',  ( 0.1200420278956285391, 1.034999999999999698, 0.9216901571185678321 ) ) ;
#490 = CARTESIAN_POINT ( 'NONE',  ( 0.2669692883178034215, 1.034999999999999920, -1.269100579367465675 ) ) ;
#491 = CARTESIAN_POINT ( 'NONE',  ( 0.01595167423189602571, 1.034999999999999920, 0.7504378068874776320 ) ) ;
#492 = FACE_OUTER_BOUND ( 'NONE', #868, .T. ) ;
#493 = PRODUCT_CONTEXT ( 'NONE', #1940, 'mechanical' ) ;
#494 = MECHANICAL_DESIGN_GEOMETRIC_PRESENTATION_REPRESENTATION (  '', ( #1184 ), #164 ) ;
#495 = CARTESIAN_POINT ( 'NONE',  ( 0.3268078581907115088, 1.034999999999999698, -0.7899052677540470135 ) ) ;
#496 = DIRECTION ( 'NONE',  ( 0.000000000000000000, -0.000000000000000000, 1.000000000000000000 ) ) ;
#497 = SURFACE_STYLE_USAGE ( .BOTH. , #585 ) ;
#498 = CARTESIAN_POINT ( 'NONE',  ( 0.3256516634535224775, 1.034999999999999698, 1.438671195898516331 ) ) ;
#499 = ORIENTED_EDGE ( 'NONE', *, *, #983, .F. ) ;
#500 = LINE ( 'NONE', #2625, #2236 ) ;
#501 =( NAMED_UNIT ( * ) PLANE_ANGLE_UNIT ( ) SI_UNIT ( $, .RADIAN. ) );
#502 = CARTESIAN_POINT ( 'NONE',  ( -0.3824869941083212099, 1.035000000000000142, 1.067602144398379194 ) ) ;
#503 = PRESENTATION_STYLE_ASSIGNMENT (( #379 ) ) ;
#504 = AXIS2_PLACEMENT_3D ( 'NONE', #1084, #2538, #4035 ) ;
#505 = PRESENTATION_STYLE_ASSIGNMENT (( #4706 ) ) ;
#506 = CARTESIAN_POINT ( 'NONE',  ( 0.05698605073057927406, 1.024999999999999689, 1.226931528156839368 ) ) ;
#507 = B_SPLINE_SURFACE_WITH_KNOTS ( 'NONE', 3, 1, ( 
 ( #938, #2459 ),
 ( #3456, #2013 ),
 ( #491, #6534 ),
 ( #450, #3542 ),
 ( #4001, #1938 ),
 ( #962, #3953 ),
 ( #5485, #4518 ),
 ( #1480, #1005 ),
 ( #4558, #5084 ),
 ( #4137, #1340 ),
 ( #2849, #3392 ),
 ( #844, #6362 ),
 ( #342, #5889 ),
 ( #3366, #3884 ),
 ( #4401, #322 ),
 ( #3862, #6386 ),
 ( #820, #4376 ),
 ( #4906, #2871 ),
 ( #1850, #5398 ) ),
 .UNSPECIFIED., .F., .F., .F.,
 ( 4, 1, 1, 1, 1, 1, 1, 1, 1, 1, 1, 1, 1, 1, 1, 1, 4 ),
 ( 2, 2 ),
 ( 0.000000000000000000, 0.07471189030450103852, 0.1455392023749084995, 0.2133390572509725469, 0.2786150735384709809, 0.3420941969414982298, 0.4038900759591955714, 0.4650633525655206157, 0.5265767363834864545, 0.5873283340287679399, 0.6463804557031437303, 0.7043453083753261623, 0.7616719489990788627, 0.8194178590468652601, 0.8780393997816821061, 0.9377955090070549948, 1.000000000000000000 ),
 ( 0.000000000000000000, 1.000000000000000000 ),
 .UNSPECIFIED. ) ;
#508 = CARTESIAN_POINT ( 'NONE',  ( -0.2884295631976929175, 1.024999999999999467, -0.7970381332304498079 ) ) ;
#509 = PLANE ( 'NONE',  #4414 ) ;
#510 = ORIENTED_EDGE ( 'NONE', *, *, #1073, .F. ) ;
#511 = FILL_AREA_STYLE ('',( #4554 ) ) ;
#512 = AXIS2_PLACEMENT_3D ( 'NONE', #6113, #2507, #2529 ) ;
#513 = CARTESIAN_POINT ( 'NONE',  ( 0.6918228383741951149, 1.025000000000000133, 1.010118407490751880 ) ) ;
#514 = CARTESIAN_POINT ( 'NONE',  ( -0.3641093951549729812, 1.025000000000000133, 0.8949845457384372205 ) ) ;
#515 = FACE_OUTER_BOUND ( 'NONE', #3253, .T. ) ;
#516 = ORIENTED_EDGE ( 'NONE', *, *, #6043, .T. ) ;
#517 = ORIENTED_EDGE ( 'NONE', *, *, #6191, .F. ) ;
#518 = DIRECTION ( 'NONE',  ( 0.000000000000000000, -0.000000000000000000, 1.000000000000000000 ) ) ;
#519 = DIRECTION ( 'NONE',  ( -0.000000000000000000, -1.000000000000000000, -0.000000000000000000 ) ) ;
#520 = CARTESIAN_POINT ( 'NONE',  ( 0.2507567214230724262, 1.024999999999999911, -0.8015831361758598561 ) ) ;
#521 = LINE ( 'NONE', #2941, #2333 ) ;
#522 = VECTOR ( 'NONE', #691, 1000.000000000000000 ) ;
#523 = CARTESIAN_POINT ( 'NONE',  ( 0.3172976528467607582, 1.034999999999999920, 1.494285306604467900 ) ) ;
#524 = FACE_OUTER_BOUND ( 'NONE', #3420, .T. ) ;
#525 = CIRCLE ( 'NONE', #2398, 0.04999999999999991257 ) ;
#526 = CARTESIAN_POINT ( 'NONE',  ( -0.4796274038461533773, 1.024999999999999467, -0.5255408653846154188 ) ) ;
#527 = DIRECTION ( 'NONE',  ( 0.000000000000000000, 0.000000000000000000, 1.000000000000000000 ) ) ;
#528 = FILL_AREA_STYLE_COLOUR ( '', #3621 ) ;
#529 =( NAMED_UNIT ( * ) PLANE_ANGLE_UNIT ( ) SI_UNIT ( $, .RADIAN. ) );
#530 = CARTESIAN_POINT ( 'NONE',  ( -0.8346377511422808926, 1.025000000000000133, 1.466000064178921702 ) ) ;
#531 = CARTESIAN_POINT ( 'NONE',  ( 0.7980769230769230171, 1.024999999999999467, 0.9570312500000002220 ) ) ;
#532 = CARTESIAN_POINT ( 'NONE',  ( -0.7351063698627482434, 1.024999999999999689, 1.291137545940028941 ) ) ;
#533 = CARTESIAN_POINT ( 'NONE',  ( 0.4187397839834055557, 1.034999999999999920, 1.291137545940029163 ) ) ;
#534 = CARTESIAN_POINT ( 'NONE',  ( -0.5462354562025001359, 1.025000000000000355, 0.8412721904612345813 ) ) ;
#535 = CARTESIAN_POINT ( 'NONE',  ( -0.5609714026911809537, 1.025000000000000133, 0.7504378068874775209 ) ) ;
#536 = FILL_AREA_STYLE ('',( #1099 ) ) ;
#537 = DIRECTION ( 'NONE',  ( 0.000000000000000000, 0.000000000000000000, 1.000000000000000000 ) ) ;
#538 = SURFACE_SIDE_STYLE ('',( #5609 ) ) ;
#539 = ORIENTED_EDGE ( 'NONE', *, *, #3346, .T. ) ;
#540 = EDGE_CURVE ( 'NONE', #883, #3378, #6364, .T. ) ;
#541 = STYLED_ITEM ( 'NONE', ( #5726 ), #3234 ) ;
#542 = DIRECTION ( 'NONE',  ( -1.000000000000000000, 0.000000000000000000, 0.000000000000000000 ) ) ;
#543 = CARTESIAN_POINT ( 'NONE',  ( 0.3348163529023472917, 1.025000000000000355, -1.038770230689263885 ) ) ;
#544 = ORIENTED_EDGE ( 'NONE', *, *, #5717, .T. ) ;
#545 = CARTESIAN_POINT ( 'NONE',  ( 0.1248956125333308687, 1.025000000000000133, 0.9621975019446509236 ) ) ;
#546 = ORIENTED_EDGE ( 'NONE', *, *, #5423, .F. ) ;
#547 = CARTESIAN_POINT ( 'NONE',  ( -0.8316137394045788334, 1.034999999999999920, 1.449348915395678894 ) ) ;
#548 = B_SPLINE_SURFACE_WITH_KNOTS ( 'NONE', 3, 1, ( 
 ( #3296, #4323 ),
 ( #2819, #2773 ),
 ( #1778, #6332 ),
 ( #5323, #2275 ),
 ( #1284, #4860 ),
 ( #1822, #2322 ),
 ( #3950, #6467 ) ),
 .UNSPECIFIED., .F., .F., .F.,
 ( 4, 1, 1, 1, 4 ),
 ( 2, 2 ),
 ( 0.000000000000000000, 0.2802804073183726707, 0.5322082839513375685, 0.7701071987037836353, 1.000000000000000000 ),
 ( 0.000000000000000000, 1.000000000000000000 ),
 .UNSPECIFIED. ) ;
#549 = CARTESIAN_POINT ( 'NONE',  ( -0.2463673470139852995, 1.024999999999999689, 1.424506378665186590 ) ) ;
#550 = EDGE_CURVE ( 'NONE', #5445, #847, #5456, .T. ) ;
#551 =( GEOMETRIC_REPRESENTATION_CONTEXT ( 3 ) GLOBAL_UNCERTAINTY_ASSIGNED_CONTEXT ( ( #1134 ) ) GLOBAL_UNIT_ASSIGNED_CONTEXT ( ( #1810, #4704, #2084 ) ) REPRESENTATION_CONTEXT ( 'NONE', 'WORKASPACE' ) );
#552 = CARTESIAN_POINT ( 'NONE',  ( 0.4285123407309867072, 1.035000000000000142, 0.9276918119063907175 ) ) ;
#553 = SURFACE_STYLE_USAGE ( .BOTH. , #1066 ) ;
#554 = CARTESIAN_POINT ( 'NONE',  ( 0.6708099671644118800, 1.035000000000000142, 1.050369067633049491 ) ) ;
#555 = ORIENTED_EDGE ( 'NONE', *, *, #3168, .T. ) ;
#556 = DIRECTION ( 'NONE',  ( 1.000000000000000000, -0.000000000000000000, -0.000000000000000000 ) ) ;
#557 = CARTESIAN_POINT ( 'NONE',  ( 0.2836703517299277721, 1.024999999999999911, -0.7891061913658832250 ) ) ;
#558 = CARTESIAN_POINT ( 'NONE',  ( 0.3117942002809458990, 1.034999999999999698, -1.267440639392174884 ) ) ;
#559 = ORIENTED_EDGE ( 'NONE', *, *, #5703, .T. ) ;
#560 = EDGE_CURVE ( 'NONE', #5774, #2787, #2936, .T. ) ;
#561 = CARTESIAN_POINT ( 'NONE',  ( -0.1995286036472132540, 1.035000000000000142, 0.1803566934286314760 ) ) ;
#562 = STYLED_ITEM ( 'NONE', ( #4383 ), #5820 ) ;
#563 = CARTESIAN_POINT ( 'NONE',  ( -0.7653846153846148859, 1.034999999999999920, -0.09855769230769233225 ) ) ;
#564 = CARTESIAN_POINT ( 'NONE',  ( -0.3951346843693947508, 1.024999999999999911, 1.090131206510948969 ) ) ;
#565 = CARTESIAN_POINT ( 'NONE',  ( 0.3279068673665953004, 1.035000000000000142, 0.9531584188986652606 ) ) ;
#566 = ORIENTED_EDGE ( 'NONE', *, *, #5764, .F. ) ;
#567 = CARTESIAN_POINT ( 'NONE',  ( 0.3172776075748721114, 1.034999999999999698, 1.482875074157175455 ) ) ;
#568 = CARTESIAN_POINT ( 'NONE',  ( 0.2362522088696082101, 1.035000000000000142, -1.268604448015735908 ) ) ;
#569 = DIRECTION ( 'NONE',  ( -0.000000000000000000, -1.000000000000000000, -0.000000000000000000 ) ) ;
#570 = CARTESIAN_POINT ( 'NONE',  ( -0.3559759492377870815, 1.034999999999999920, 0.9644531001897752587 ) ) ;
#571 = CARTESIAN_POINT ( 'NONE',  ( 0.1102579278943475599, 1.025000000000000133, 0.2288260439057090145 ) ) ;
#572 = B_SPLINE_SURFACE_WITH_KNOTS ( 'NONE', 3, 1, ( 
 ( #3618, #4541 ),
 ( #523, #44 ),
 ( #567, #6122 ),
 ( #5129, #3524 ),
 ( #3117, #3066 ),
 ( #498, #71 ),
 ( #1010, #4051 ) ),
 .UNSPECIFIED., .F., .F., .F.,
 ( 4, 1, 1, 1, 4 ),
 ( 2, 2 ),
 ( 0.000000000000000000, 0.2526433275832366543, 0.5044398525799862476, 0.7504068042814560080, 1.000000000000000000 ),
 ( 0.000000000000000000, 1.000000000000000000 ),
 .UNSPECIFIED. ) ;
#573 =( NAMED_UNIT ( * ) PLANE_ANGLE_UNIT ( ) SI_UNIT ( $, .RADIAN. ) );
#574 = LINE ( 'NONE', #2437, #3903 ) ;
#575 = FACE_OUTER_BOUND ( 'NONE', #4933, .T. ) ;
#576 = CARTESIAN_POINT ( 'NONE',  ( -0.8036850919095607226, 1.035000000000000142, 1.380799805016254655 ) ) ;
#577 = CARTESIAN_POINT ( 'NONE',  ( 0.6860523257965557287, 1.024999999999999911, 1.023402570223235664 ) ) ;
#578 = CARTESIAN_POINT ( 'NONE',  ( -0.3713294895848328059, 1.024999999999999911, -0.9405298950300245986 ) ) ;
#579 = CARTESIAN_POINT ( 'NONE',  ( -0.6363485918313113165, 1.025000000000000355, 0.7531031900268578827 ) ) ;
#580 = CARTESIAN_POINT ( 'NONE',  ( 0.3403532860644428726, 1.034999999999999698, -0.07696020405434063349 ) ) ;
#581 = ORIENTED_EDGE ( 'NONE', *, *, #3346, .F. ) ;
#582 = EDGE_CURVE ( 'NONE', #1161, #4361, #1173, .T. ) ;
#583 =( NAMED_UNIT ( * ) PLANE_ANGLE_UNIT ( ) SI_UNIT ( $, .RADIAN. ) );
#584 = CARTESIAN_POINT ( 'NONE',  ( 0.06379714921873078093, 1.024999999999999689, 0.7580082180372673673 ) ) ;
#585 = SURFACE_SIDE_STYLE ('',( #194 ) ) ;
#586 = DIRECTION ( 'NONE',  ( 0.000000000000000000, -0.000000000000000000, 1.000000000000000000 ) ) ;
#587 =( GEOMETRIC_REPRESENTATION_CONTEXT ( 3 ) GLOBAL_UNCERTAINTY_ASSIGNED_CONTEXT ( ( #5207 ) ) GLOBAL_UNIT_ASSIGNED_CONTEXT ( ( #616, #1133, #3246 ) ) REPRESENTATION_CONTEXT ( 'NONE', 'WORKASPACE' ) );
#588 = LINE ( 'NONE', #2626, #5269 ) ;
#589 = LINE ( 'NONE', #5004, #1638 ) ;
#590 =( NAMED_UNIT ( * ) PLANE_ANGLE_UNIT ( ) SI_UNIT ( $, .RADIAN. ) );
#591 = CARTESIAN_POINT ( 'NONE',  ( -0.7509691229693329362, 1.024999999999999911, 0.04192850094834601332 ) ) ;
#592 = CARTESIAN_POINT ( 'NONE',  ( 0.07244802049386153686, 1.025000000000000133, 1.078940445635440781 ) ) ;
#593 = ORIENTED_EDGE ( 'NONE', *, *, #3488, .F. ) ;
#594 = EDGE_LOOP ( 'NONE', ( #1435, #474, #4902, #6099, #281, #3204, #3235, #2954 ) ) ;
#595 = MECHANICAL_DESIGN_GEOMETRIC_PRESENTATION_REPRESENTATION (  '', ( #4687 ), #4246 ) ;
#596 = SURFACE_STYLE_FILL_AREA ( #1471 ) ;
#597 = CARTESIAN_POINT ( 'NONE',  ( 0.8446265795782917918, 1.034999999999999476, -0.3609046874003298266 ) ) ;
#598 = EDGE_CURVE ( 'NONE', #948, #1510, #878, .T. ) ;
#599 = CARTESIAN_POINT ( 'NONE',  ( 0.5652043269230768718, 1.034999999999999920, 0.8365384615384617861 ) ) ;
#600 = CARTESIAN_POINT ( 'NONE',  ( -0.8232904239370620880, 1.034999999999999920, 1.424506378665185924 ) ) ;
#601 = CARTESIAN_POINT ( 'NONE',  ( -0.7560024200292642105, 1.034999999999999698, -0.2381135273256473617 ) ) ;
#602 = ORIENTED_EDGE ( 'NONE', *, *, #2041, .T. ) ;
#603 = CARTESIAN_POINT ( 'NONE',  ( -0.1538461538461539935, 1.034999999999999920, 0.9711538461538465894 ) ) ;
#604 = CARTESIAN_POINT ( 'NONE',  ( -0.8240254068496583040, 1.024999999999999689, 0.9368557672397974656 ) ) ;
#605 = PRESENTATION_STYLE_ASSIGNMENT (( #4576 ) ) ;
#606 = UNCERTAINTY_MEASURE_WITH_UNIT (LENGTH_MEASURE( 1.000000000000000082E-05 ), #5187, 'distance_accuracy_value', 'NONE');
#607 = EDGE_CURVE ( 'NONE', #5362, #5822, #3016, .T. ) ;
#608 = CARTESIAN_POINT ( 'NONE',  ( -0.6040578046535315382, 1.034999999999999698, 0.8368925012777318484 ) ) ;
#609 = CARTESIAN_POINT ( 'NONE',  ( 0.5107572115384619860, 1.024999999999999689, -0.02223557692307691694 ) ) ;
#610 = CARTESIAN_POINT ( 'NONE',  ( 0.1598482128031670224, 1.034999999999999698, -1.095686546644943915 ) ) ;
#611 = CARTESIAN_POINT ( 'NONE',  ( 0.3988491489814942614, 1.024999999999999689, 0.8038894595579940683 ) ) ;
#612 = CARTESIAN_POINT ( 'NONE',  ( -0.8346377511422808926, 1.025000000000000133, 1.466000064178921702 ) ) ;
#613 = FACE_OUTER_BOUND ( 'NONE', #3229, .T. ) ;
#614 = CARTESIAN_POINT ( 'NONE',  ( 0.1560260836043374510, 1.034999999999999920, -1.252405169871649182 ) ) ;
#615 = CARTESIAN_POINT ( 'NONE',  ( -0.4796274038461533773, 1.034999999999999920, -0.5255408653846154188 ) ) ;
#616 =( LENGTH_UNIT ( ) NAMED_UNIT ( * ) SI_UNIT ( .MILLI., .METRE. ) );
#617 = MECHANICAL_DESIGN_GEOMETRIC_PRESENTATION_REPRESENTATION (  '', ( #5282 ), #3141 ) ;
#618 = B_SPLINE_SURFACE_WITH_KNOTS ( 'NONE', 3, 1, ( 
 ( #1820, #4808 ),
 ( #5367, #2747 ),
 ( #6288, #2320 ),
 ( #742, #5859 ),
 ( #3255, #210 ),
 ( #3753, #249 ),
 ( #2273, #4299 ),
 ( #1774, #6311 ),
 ( #3315, #355 ),
 ( #1423, #2410 ),
 ( #2911, #1375 ) ),
 .UNSPECIFIED., .F., .F., .F.,
 ( 4, 1, 1, 1, 1, 1, 1, 1, 4 ),
 ( 2, 2 ),
 ( 0.000000000000000000, 0.1264630745233724651, 0.2522466205712358134, 0.3779551316873580591, 0.5025970568683888473, 0.6268928064531410493, 0.7507601890909383346, 0.8748330682497765798, 1.000000000000000000 ),
 ( 0.000000000000000000, 1.000000000000000000 ),
 .UNSPECIFIED. ) ;
#619 = CARTESIAN_POINT ( 'NONE',  ( 0.7126393670829229698, 1.024999999999999911, -0.3732416529636379821 ) ) ;
#620 = DIRECTION ( 'NONE',  ( 0.000000000000000000, -0.000000000000000000, 1.000000000000000000 ) ) ;
#621 = CARTESIAN_POINT ( 'NONE',  ( 0.2855155418569315651, 1.024999999999999911, -1.268854646174933931 ) ) ;
#622 = CARTESIAN_POINT ( 'NONE',  ( -0.6707660692698956817, 1.024999999999999245, 0.8565253071957872333 ) ) ;
#623 = CARTESIAN_POINT ( 'NONE',  ( 0.09605909117721764257, 1.035000000000000142, 0.8804506858141281089 ) ) ;
#624 = CARTESIAN_POINT ( 'NONE',  ( -0.2415561252545030124, 1.034999999999999920, 0.1873539520022203253 ) ) ;
#625 = ORIENTED_EDGE ( 'NONE', *, *, #2014, .T. ) ;
#626 = CARTESIAN_POINT ( 'NONE',  ( -0.4817377446529020890, 1.034999999999999920, 0.3293958269302679764 ) ) ;
#627 = CARTESIAN_POINT ( 'NONE',  ( 0.3988491489814942614, 1.034999999999999698, 0.8038894595579940683 ) ) ;
#628 = CARTESIAN_POINT ( 'NONE',  ( -0.5337406439331073837, 1.035000000000000142, 0.1118237917961432681 ) ) ;
#629 = DIRECTION ( 'NONE',  ( -1.000000000000000000, 0.000000000000000000, 0.000000000000000000 ) ) ;
#630 = ORIENTED_EDGE ( 'NONE', *, *, #1712, .F. ) ;
#631 = ORIENTED_EDGE ( 'NONE', *, *, #923, .F. ) ;
#632 = STYLED_ITEM ( 'NONE', ( #2165 ), #3165 ) ;
#633 = EDGE_CURVE ( 'NONE', #4811, #2467, #5341, .T. ) ;
#634 = SURFACE_SIDE_STYLE ('',( #2484 ) ) ;
#635 = CARTESIAN_POINT ( 'NONE',  ( -0.7130408653846154188, 1.034999999999999920, 1.403846153846154188 ) ) ;
#636 = ORIENTED_EDGE ( 'NONE', *, *, #1549, .T. ) ;
#637 = CARTESIAN_POINT ( 'NONE',  ( 0.4111907834322256483, 1.024999999999999911, 0.05169397258592269701 ) ) ;
#638 = ORIENTED_EDGE ( 'NONE', *, *, #1411, .F. ) ;
#639 = FILL_AREA_STYLE ('',( #2640 ) ) ;
#640 = EDGE_CURVE ( 'NONE', #847, #5774, #6327, .T. ) ;
#641 = CARTESIAN_POINT ( 'NONE',  ( -0.7439828851384415742, 1.024999999999999911, -0.3009824786210819614 ) ) ;
#642 = CARTESIAN_POINT ( 'NONE',  ( 0.5652043269230768718, 1.024999999999999911, 0.8365384615384617861 ) ) ;
#643 = CARTESIAN_POINT ( 'NONE',  ( 0.2661046692710027917, 1.034999999999999920, -0.9635485289351736204 ) ) ;
#644 = ORIENTED_EDGE ( 'NONE', *, *, #6343, .T. ) ;
#645 =( NAMED_UNIT ( * ) PLANE_ANGLE_UNIT ( ) SI_UNIT ( $, .RADIAN. ) );
#646 = CARTESIAN_POINT ( 'NONE',  ( 0.5587376093845957126, 1.025000000000000133, 0.7501776304870997336 ) ) ;
#647 = CARTESIAN_POINT ( 'NONE',  ( -0.3461538461538462008, 1.024999999999999911, 1.403846153846154188 ) ) ;
#648 = CARTESIAN_POINT ( 'NONE',  ( -0.8281944903926312662, 1.024999999999999689, 1.438671195898516331 ) ) ;
#649 = SURFACE_STYLE_FILL_AREA ( #2370 ) ;
#650 = VERTEX_POINT ( 'NONE', #6202 ) ;
#651 =( NAMED_UNIT ( * ) PLANE_ANGLE_UNIT ( ) SI_UNIT ( $, .RADIAN. ) );
#652 = COLOUR_RGB ( '',1.000000000000000000, 1.000000000000000000, 1.000000000000000000 ) ;
#653 = LINE ( 'NONE', #647, #808 ) ;
#654 = B_SPLINE_SURFACE_WITH_KNOTS ( 'NONE', 3, 1, ( 
 ( #1838, #3379 ),
 ( #5789, #4853 ),
 ( #1771, #3874 ),
 ( #2251, #5812 ),
 ( #2790, #1307 ),
 ( #1798, #5342 ),
 ( #2815, #6328 ) ),
 .UNSPECIFIED., .F., .F., .F.,
 ( 4, 1, 1, 1, 4 ),
 ( 2, 2 ),
 ( 0.000000000000000000, 0.2801255546166575572, 0.5241588868393993739, 0.7586449302000993766, 1.000000000000000000 ),
 ( 0.000000000000000000, 1.000000000000000000 ),
 .UNSPECIFIED. ) ;
#655 = CARTESIAN_POINT ( 'NONE',  ( 0.4215144230769235500, 1.024999999999999911, -1.232271634615384581 ) ) ;
#656 = CARTESIAN_POINT ( 'NONE',  ( 0.3929687500000005329, 1.034999999999999920, -0.8335336538461538547 ) ) ;
#657 = LINE ( 'NONE', #3458, #2654 ) ;
#658 = CARTESIAN_POINT ( 'NONE',  ( -0.6594614132106191295, 1.024999999999999911, 0.7572851291288785758 ) ) ;
#659 = CARTESIAN_POINT ( 'NONE',  ( -0.6590604033262992267, 1.035000000000000364, 0.8502074897336965309 ) ) ;
#660 =( LENGTH_UNIT ( ) NAMED_UNIT ( * ) SI_UNIT ( .MILLI., .METRE. ) );
#661 = CARTESIAN_POINT ( 'NONE',  ( 0.3143212458006600651, 1.034999999999999920, -1.011203171292209380 ) ) ;
#662 = SURFACE_STYLE_FILL_AREA ( #5401 ) ;
#663 = PRESENTATION_LAYER_ASSIGNMENT (  '', '', ( #696 ) ) ;
#664 = CARTESIAN_POINT ( 'NONE',  ( -0.5905545249870922664, 1.025000000000000133, -0.03364671067363699669 ) ) ;
#665 = CARTESIAN_POINT ( 'NONE',  ( -0.5413300909498250935, 1.035000000000000142, 1.245493178173427085 ) ) ;
#666 = PRESENTATION_LAYER_ASSIGNMENT (  '', '', ( #3622 ) ) ;
#667 = ORIENTED_EDGE ( 'NONE', *, *, #745, .T. ) ;
#668 = ORIENTED_EDGE ( 'NONE', *, *, #2757, .F. ) ;
#669 = SURFACE_STYLE_FILL_AREA ( #1425 ) ;
#670 = CARTESIAN_POINT ( 'NONE',  ( -0.1320017023023945801, 1.035000000000000142, 0.8916546614439557761 ) ) ;
#671 = CARTESIAN_POINT ( 'NONE',  ( -0.5909971491421553980, 1.034999999999999920, -0.1441871441899060247 ) ) ;
#672 = CARTESIAN_POINT ( 'NONE',  ( 0.2313020974749849246, 1.024999999999999245, -0.9172068903341110691 ) ) ;
#673 = PRESENTATION_LAYER_ASSIGNMENT (  '', '', ( #2242 ) ) ;
#674 = ORIENTED_EDGE ( 'NONE', *, *, #4116, .F. ) ;
#675 = ORIENTED_EDGE ( 'NONE', *, *, #5486, .T. ) ;
#676 = COLOUR_RGB ( '',0.4980392156862745168, 0.4980392156862745168, 0.4980392156862745168 ) ;
#677 = UNCERTAINTY_MEASURE_WITH_UNIT (LENGTH_MEASURE( 1.000000000000000082E-05 ), #5755, 'distance_accuracy_value', 'NONE');
#678 = CARTESIAN_POINT ( 'NONE',  ( -0.8168114866728102275, 1.034999999999999698, 1.406614822300993994 ) ) ;
#679 = CARTESIAN_POINT ( 'NONE',  ( 0.4688939157507855948, 1.034999999999999920, -0.9446510893511390616 ) ) ;
#680 = CARTESIAN_POINT ( 'NONE',  ( 0.4285123407309867072, 1.025000000000000133, 0.9276918119063907175 ) ) ;
#681 = CARTESIAN_POINT ( 'NONE',  ( -0.7945177219948019731, 1.024999999999999911, 0.8517178425193885349 ) ) ;
#682 = CARTESIAN_POINT ( 'NONE',  ( -0.6464977844380425109, 1.035000000000000142, 0.8451883045114931825 ) ) ;
#683 = COLOUR_RGB ( '',0.4980392156862745168, 0.4980392156862745168, 0.4980392156862745168 ) ;
#684 = CARTESIAN_POINT ( 'NONE',  ( 0.3635385003409744020, 1.034999999999999920, -1.082922609674822123 ) ) ;
#685 = FILL_AREA_STYLE_COLOUR ( '', #5502 ) ;
#686 = VECTOR ( 'NONE', #4400, 1000.000000000000000 ) ;
#687 = CARTESIAN_POINT ( 'NONE',  ( -0.4516463204215797611, 1.024999999999999689, 0.7831533228634257604 ) ) ;
#688 = CARTESIAN_POINT ( 'NONE',  ( 0.5599910720627593319, 1.034999999999999920, 0.8366581879303758296 ) ) ;
#689 = COLOUR_RGB ( '',0.7921568627450980005, 0.8196078431372548767, 0.9333333333333333481 ) ;
#690 = ORIENTED_EDGE ( 'NONE', *, *, #6191, .T. ) ;
#691 = DIRECTION ( 'NONE',  ( -0.000000000000000000, -0.000000000000000000, -1.000000000000000000 ) ) ;
#692 = ORIENTED_EDGE ( 'NONE', *, *, #300, .F. ) ;
#693 = CARTESIAN_POINT ( 'NONE',  ( 0.5230769230769236611, 1.024999999999999689, -1.066406250000000000 ) ) ;
#694 = DIRECTION ( 'NONE',  ( -0.000000000000000000, -1.000000000000000000, -0.000000000000000000 ) ) ;
#695 = CARTESIAN_POINT ( 'NONE',  ( -0.7697840173214464121, 1.034999999999999920, 0.8183052022479979648 ) ) ;
#696 = STYLED_ITEM ( 'NONE', ( #3225 ), #2842 ) ;
#697 = CARTESIAN_POINT ( 'NONE',  ( -0.7285108154080124354, 1.024999999999999911, 0.9414258259068326584 ) ) ;
#698 = ORIENTED_EDGE ( 'NONE', *, *, #5734, .F. ) ;
#699 = VERTEX_POINT ( 'NONE', #2668 ) ;
#700 = CARTESIAN_POINT ( 'NONE',  ( -0.4504852350230372782, 1.035000000000000586, 0.1716493857199549722 ) ) ;
#701 = CARTESIAN_POINT ( 'NONE',  ( -0.4668181291219452578, 1.024999999999999689, 1.177012512762981800 ) ) ;
#702 =( LENGTH_UNIT ( ) NAMED_UNIT ( * ) SI_UNIT ( .MILLI., .METRE. ) );
#703 = VERTEX_POINT ( 'NONE', #4136 ) ;
#704 = MECHANICAL_DESIGN_GEOMETRIC_PRESENTATION_REPRESENTATION (  '', ( #1262 ), #174 ) ;
#705 = UNCERTAINTY_MEASURE_WITH_UNIT (LENGTH_MEASURE( 1.000000000000000082E-05 ), #4398, 'distance_accuracy_value', 'NONE');
#706 = VERTEX_POINT ( 'NONE', #5682 ) ;
#707 = CARTESIAN_POINT ( 'NONE',  ( -0.01171875000000011796, 1.034999999999999920, 0.8365384615384620082 ) ) ;
#708 = CARTESIAN_POINT ( 'NONE',  ( -0.6545623183782736110, 1.024999999999999911, 1.340513759941373451 ) ) ;
#709 = DIRECTION ( 'NONE',  ( -0.000000000000000000, -1.000000000000000000, -0.000000000000000000 ) ) ;
#710 = CARTESIAN_POINT ( 'NONE',  ( -0.8264723557692307265, 1.024999999999999911, 1.433293269230769384 ) ) ;
#711 = EDGE_CURVE ( 'NONE', #5362, #4565, #2827, .T. ) ;
#712 = CYLINDRICAL_SURFACE ( 'NONE', #5957, 0.1499999999999999667 ) ;
#713 = CARTESIAN_POINT ( 'NONE',  ( 0.4476278661289336824, 1.034999999999999698, -0.9099912304720043643 ) ) ;
#714 = CARTESIAN_POINT ( 'NONE',  ( -0.2512714134695545054, 1.024999999999999911, 1.438671195898516997 ) ) ;
#715 = CARTESIAN_POINT ( 'NONE',  ( -0.8045570349474158167, 1.034999999999999920, 0.8706527266382477759 ) ) ;
#716 = CARTESIAN_POINT ( 'NONE',  ( -0.6535456730769231282, 1.034999999999999920, 1.219501201923077316 ) ) ;
#717 = VECTOR ( 'NONE', #3585, 1000.000000000000227 ) ;
#718 = CARTESIAN_POINT ( 'NONE',  ( 1.999999999999999112, 1.024999999999999911, -1.850000000000000977 ) ) ;
#719 = FILL_AREA_STYLE_COLOUR ( '', #2882 ) ;
#720 = DIRECTION ( 'NONE',  ( 0.000000000000000000, -0.000000000000000000, 1.000000000000000000 ) ) ;
#721 = FILL_AREA_STYLE ('',( #5841 ) ) ;
#722 = ORIENTED_EDGE ( 'NONE', *, *, #414, .F. ) ;
#723 = CARTESIAN_POINT ( 'NONE',  ( -0.4751407425805740381, 1.025000000000000133, 0.1599192117716702610 ) ) ;
#724 = CARTESIAN_POINT ( 'NONE',  ( -0.5829476781887755754, 1.025000000000000133, 1.280269342272169819 ) ) ;
#725 = CARTESIAN_POINT ( 'NONE',  ( -0.03485701459109043915, 1.024999999999999911, -1.176676445359459144 ) ) ;
#726 = CARTESIAN_POINT ( 'NONE',  ( 0.4328885819389543532, 1.024999999999999689, 0.9148738954979116489 ) ) ;
#727 = B_SPLINE_SURFACE_WITH_KNOTS ( 'NONE', 3, 1, ( 
 ( #6289, #4260 ),
 ( #2913, #1333 ),
 ( #2839, #2347 ),
 ( #5921, #4938 ),
 ( #6399, #5900 ),
 ( #2387, #6420 ),
 ( #3836, #4418 ),
 ( #315, #2889 ),
 ( #3814, #3407 ),
 ( #5389, #1884 ),
 ( #6353, #766 ),
 ( #4392, #5880 ),
 ( #2297, #4858 ),
 ( #4322, #5410 ),
 ( #3360, #4366 ),
 ( #3899, #840 ),
 ( #356, #1353 ),
 ( #3856, #813 ),
 ( #2371, #859 ) ),
 .UNSPECIFIED., .F., .F., .F.,
 ( 4, 1, 1, 1, 1, 1, 1, 1, 1, 1, 1, 1, 1, 1, 1, 1, 4 ),
 ( 2, 2 ),
 ( 0.000000000000000000, 0.07067529020333013223, 0.1374926938441248525, 0.2014728253723050144, 0.2628693217722903874, 0.3225500865261559102, 0.3807372513385547386, 0.4382197368560123429, 0.4954874370602860845, 0.5534836796953477300, 0.6113462062294290345, 0.6706437388141555100, 0.7315869484227132125, 0.7941831937999380697, 0.8594451119347495949, 0.9282076353998098828, 0.9999999999999998890 ),
 ( 0.000000000000000000, 1.000000000000000000 ),
 .UNSPECIFIED. ) ;
#728 = LINE ( 'NONE', #3053, #4736 ) ;
#729 = PRODUCT_DEFINITION_FORMATION_WITH_SPECIFIED_SOURCE ( 'ANY', '', #4550, .NOT_KNOWN. ) ;
#730 = CARTESIAN_POINT ( 'NONE',  ( 0.5924385426592720938, 1.035000000000000142, -0.2685671670392585364 ) ) ;
#731 = CARTESIAN_POINT ( 'NONE',  ( -0.7209575719071996680, 1.025000000000000133, 0.9148738954979116489 ) ) ;
#732 = ORIENTED_EDGE ( 'NONE', *, *, #20, .T. ) ;
#733 = PLANE ( 'NONE',  #3347 ) ;
#734 = CARTESIAN_POINT ( 'NONE',  ( 0.7637620192307699174, 1.035000000000000142, -0.2397836538461539380 ) ) ;
#735 = CARTESIAN_POINT ( 'NONE',  ( -0.7017214972734435730, 1.034999999999999920, 0.7708032052688807978 ) ) ;
#736 = LINE ( 'NONE', #3777, #2490 ) ;
#737 = CARTESIAN_POINT ( 'NONE',  ( -0.5537936130820210190, 1.034999999999999920, 1.130708011491501797 ) ) ;
#738 = ORIENTED_EDGE ( 'NONE', *, *, #4428, .F. ) ;
#739 = DIRECTION ( 'NONE',  ( -0.000000000000000000, -1.000000000000000000, -0.000000000000000000 ) ) ;
#740 = B_SPLINE_SURFACE_WITH_KNOTS ( 'NONE', 3, 1, ( 
 ( #2982, #2958 ),
 ( #4034, #5492 ),
 ( #992, #2444 ),
 ( #1974, #6026 ),
 ( #1439, #6454 ),
 ( #5514, #3464 ),
 ( #2469, #4009 ),
 ( #3482, #5978 ),
 ( #5561, #4567 ),
 ( #1535, #5090 ),
 ( #1513, #3964 ),
 ( #926, #6001 ),
 ( #460, #3011 ) ),
 .UNSPECIFIED., .F., .F., .F.,
 ( 4, 1, 1, 1, 1, 1, 1, 1, 1, 1, 4 ),
 ( 2, 2 ),
 ( 0.000000000000000000, 0.1241996726524872002, 0.2368296581100271803, 0.3394949853062829703, 0.4312535100312248071, 0.5114548721194182024, 0.5812230366234584222, 0.6404953748643703593, 0.6883082049320179419, 0.8503329734146883867, 0.9999999999999998890 ),
 ( 0.000000000000000000, 1.000000000000000000 ),
 .UNSPECIFIED. ) ;
#741 = AXIS2_PLACEMENT_3D ( 'NONE', #1881, #5474, #2885 ) ;
#742 = CARTESIAN_POINT ( 'NONE',  ( -0.2409956791037242974, 1.034999999999999920, -0.8446252017695189407 ) ) ;
#743 = CARTESIAN_POINT ( 'NONE',  ( -0.4259157166336094980, 1.035000000000000142, 1.132741021815065530 ) ) ;
#744 = SURFACE_STYLE_FILL_AREA ( #1023 ) ;
#745 = EDGE_CURVE ( 'NONE', #6396, #847, #4261, .T. ) ;
#746 = CARTESIAN_POINT ( 'NONE',  ( -0.1400985703205436250, 1.034999999999999920, -1.119468603191276168 ) ) ;
#747 = PRESENTATION_LAYER_ASSIGNMENT (  '', '', ( #3195 ) ) ;
#748 = CARTESIAN_POINT ( 'NONE',  ( -0.7613719684852172653, 1.034999999999999920, -0.1911989109514751206 ) ) ;
#749 = ORIENTED_EDGE ( 'NONE', *, *, #4992, .T. ) ;
#750 = CARTESIAN_POINT ( 'NONE',  ( 0.3606811036798523440, 1.034999999999999476, -1.077826688113032949 ) ) ;
#751 = CARTESIAN_POINT ( 'NONE',  ( 0.2207530436513871208, 1.034999999999999920, 0.9356435630111534785 ) ) ;
#752 = CARTESIAN_POINT ( 'NONE',  ( 0.2504346767130117279, 1.024999999999999911, -1.269029477025444441 ) ) ;
#753 = UNCERTAINTY_MEASURE_WITH_UNIT (LENGTH_MEASURE( 1.000000000000000082E-05 ), #5941, 'distance_accuracy_value', 'NONE');
#754 = CARTESIAN_POINT ( 'NONE',  ( -0.4495910546867318280, 1.034999999999999920, -0.5853106937111854924 ) ) ;
#755 = EDGE_CURVE ( 'NONE', #3166, #2082, #4193, .T. ) ;
#756 = PRESENTATION_LAYER_ASSIGNMENT (  '', '', ( #3210 ) ) ;
#757 = EDGE_CURVE ( 'NONE', #6334, #1254, #6292, .T. ) ;
#758 = PLANE ( 'NONE',  #3410 ) ;
#759 = CARTESIAN_POINT ( 'NONE',  ( 0.5230769230769236611, 1.024999999999999689, -1.066406250000000000 ) ) ;
#760 = CARTESIAN_POINT ( 'NONE',  ( 0.7019230769230769829, 1.034999999999999920, 0.9579326923076925127 ) ) ;
#761 = MECHANICAL_DESIGN_GEOMETRIC_PRESENTATION_REPRESENTATION (  '', ( #2247 ), #1124 ) ;
#762 = CARTESIAN_POINT ( 'NONE',  ( 1.605000000000000426, -1.024999999999999911, 1.624999999999999778 ) ) ;
#763 = VECTOR ( 'NONE', #4995, 1000.000000000000000 ) ;
#764 = CARTESIAN_POINT ( 'NONE',  ( 0.4854209920678782542, 1.024999999999999689, -0.1830055520264644575 ) ) ;
#765 = CARTESIAN_POINT ( 'NONE',  ( 0.8495653819259344486, 1.024999999999999911, -0.4017540928939037359 ) ) ;
#766 = CARTESIAN_POINT ( 'NONE',  ( -0.1617230206174459228, 1.024999999999999689, 0.7911853970708487838 ) ) ;
#767 = DIRECTION ( 'NONE',  ( 1.000000000000000000, 0.000000000000000000, 0.000000000000000000 ) ) ;
#768 = EDGE_LOOP ( 'NONE', ( #4973, #5639, #2695, #160 ) ) ;
#769 = ADVANCED_FACE ( 'NONE', ( #1412 ), #3216, .F. ) ;
#770 = CARTESIAN_POINT ( 'NONE',  ( -0.6074319325474580866, 1.034999999999999920, -0.6487998170869914150 ) ) ;
#771 = CARTESIAN_POINT ( 'NONE',  ( -0.3561700332716895567, 1.024999999999999911, 0.9356435630111530344 ) ) ;
#772 = CARTESIAN_POINT ( 'NONE',  ( -0.6942745351875394544, 1.024999999999999911, 1.378555665817289055 ) ) ;
#773 = CARTESIAN_POINT ( 'NONE',  ( -0.06617652215147054595, 1.024999999999999911, -1.160870314755158672 ) ) ;
#774 = CARTESIAN_POINT ( 'NONE',  ( -0.08290435250120309352, 1.024999999999999911, 1.224482152663803225 ) ) ;
#775 = VERTEX_POINT ( 'NONE', #5719 ) ;
#776 = MECHANICAL_DESIGN_GEOMETRIC_PRESENTATION_REPRESENTATION (  '', ( #2555 ), #821 ) ;
#777 = CARTESIAN_POINT ( 'NONE',  ( 0.6123197115384620970, 1.034999999999999920, -0.2848557692307692180 ) ) ;
#778 = FILL_AREA_STYLE ('',( #2264 ) ) ;
#779 = CARTESIAN_POINT ( 'NONE',  ( 0.7633079040634315193, 1.024999999999999467, 0.8407290785386309917 ) ) ;
#780 = CARTESIAN_POINT ( 'NONE',  ( 0.5701670997292723753, 1.034999999999999920, 0.8366587838276426936 ) ) ;
#781 = CARTESIAN_POINT ( 'NONE',  ( 0.4641704701746396378, 1.034999999999999476, 1.248891001546740487 ) ) ;
#782 = ORIENTED_EDGE ( 'NONE', *, *, #4236, .T. ) ;
#783 = CARTESIAN_POINT ( 'NONE',  ( -0.5990718725262587085, 1.034999999999999698, 1.172529277259950931 ) ) ;
#784 = PRESENTATION_LAYER_ASSIGNMENT (  '', '', ( #6000 ) ) ;
#785 = B_SPLINE_CURVE_WITH_KNOTS ( 'NONE', 3,
 ( #5104, #6496, #4028, #1507, #4563, #2976, #6537, #3064, #5086, #985, #3503, #3547, #6517, #4538, #5067, #5576, #22, #2513, #2017 ),
 .UNSPECIFIED., .F., .F.,
 ( 4, 1, 1, 1, 1, 1, 1, 1, 1, 1, 1, 1, 1, 1, 1, 1, 4 ),
 ( 0.000000000000000000, 0.1114096600426610489, 0.2145263672558011536, 0.3094172254458339433, 0.3960871907990311525, 0.4742842164262457416, 0.5443738816396979097, 0.6064195628105359948, 0.6605816023749734311, 0.7097938180647574979, 0.7564506485918283119, 0.8007673253039319095, 0.8431682879413343601, 0.8842948685500490180, 0.9238845020552842735, 0.9623587101392159227, 1.000000000000000000 ),
 .UNSPECIFIED. ) ;
#786 = CARTESIAN_POINT ( 'NONE',  ( 0.4992838354678801882, 1.034999999999999920, 1.340513759941373451 ) ) ;
#787 = SURFACE_SIDE_STYLE ('',( #266 ) ) ;
#788 =( NAMED_UNIT ( * ) PLANE_ANGLE_UNIT ( ) SI_UNIT ( $, .RADIAN. ) );
#789 = UNCERTAINTY_MEASURE_WITH_UNIT (LENGTH_MEASURE( 1.000000000000000082E-05 ), #4601, 'distance_accuracy_value', 'NONE');
#790 = CARTESIAN_POINT ( 'NONE',  ( -0.02384577843869551197, 1.034999999999999920, 1.295053357843855446 ) ) ;
#791 = CARTESIAN_POINT ( 'NONE',  ( 0.7974563114786952234, 1.024999999999999911, 0.9793131793324549861 ) ) ;
#792 = CARTESIAN_POINT ( 'NONE',  ( 0.000000000000000000, 0.000000000000000000, 0.000000000000000000 ) ) ;
#793 = CARTESIAN_POINT ( 'NONE',  ( 0.3480931429538268729, 1.034999999999999476, -1.057696923497338348 ) ) ;
#794 = CARTESIAN_POINT ( 'NONE',  ( 0.1736534996462657798, 1.034999999999999920, 0.8244472621065876972 ) ) ;
#795 = CARTESIAN_POINT ( 'NONE',  ( -0.6535456730769231282, 1.034999999999999920, 1.219501201923077316 ) ) ;
#796 = CARTESIAN_POINT ( 'NONE',  ( -0.1581832929396715381, 1.024999999999999911, 1.291137545940029163 ) ) ;
#797 = CARTESIAN_POINT ( 'NONE',  ( 0.7850000000000001421, -1.025000000000000355, 1.574999999999999956 ) ) ;
#798 = EDGE_CURVE ( 'NONE', #396, #3886, #4754, .T. ) ;
#799 = COLOUR_RGB ( '',0.4980392156862745168, 0.4980392156862745168, 0.4980392156862745168 ) ;
#800 = ORIENTED_EDGE ( 'NONE', *, *, #3646, .T. ) ;
#801 = CARTESIAN_POINT ( 'NONE',  ( -0.4612547843906681377, 1.034999999999999920, 0.9106923435533432754 ) ) ;
#802 = FILL_AREA_STYLE_COLOUR ( '', #5079 ) ;
#803 = CARTESIAN_POINT ( 'NONE',  ( 0.5225040702412534488, 1.024999999999999689, -1.055883598833726289 ) ) ;
#804 = ADVANCED_FACE ( 'NONE', ( #1011 ), #4750, .T. ) ;
#805 = DIRECTION ( 'NONE',  ( 0.000000000000000000, 1.000000000000000000, 0.000000000000000000 ) ) ;
#806 = CARTESIAN_POINT ( 'NONE',  ( -0.1400985703205436250, 1.035000000000000142, -1.119468603191276168 ) ) ;
#807 =( NAMED_UNIT ( * ) SI_UNIT ( $, .STERADIAN. ) SOLID_ANGLE_UNIT ( ) );
#808 = VECTOR ( 'NONE', #3222, 1000.000000000000000 ) ;
#809 = ADVANCED_FACE ( 'NONE', ( #2050 ), #1183, .T. ) ;
#810 = CARTESIAN_POINT ( 'NONE',  ( -0.5199370261924975978, 1.024999999999999911, 1.226931528156839590 ) ) ;
#811 = COLOUR_RGB ( '',1.000000000000000000, 1.000000000000000000, 1.000000000000000000 ) ;
#812 = CARTESIAN_POINT ( 'NONE',  ( 0.7109369966974191657, 1.035000000000000142, -0.1871877039025902079 ) ) ;
#813 = CARTESIAN_POINT ( 'NONE',  ( -0.01818546753848115580, 1.025000000000000133, 0.7501776304870999557 ) ) ;
#814 = CARTESIAN_POINT ( 'NONE',  ( -0.7130408653846154188, 1.034999999999999920, 1.403846153846154188 ) ) ;
#815 = VECTOR ( 'NONE', #519, 1000.000000000000000 ) ;
#816 =( NAMED_UNIT ( * ) PLANE_ANGLE_UNIT ( ) SI_UNIT ( $, .RADIAN. ) );
#817 = CARTESIAN_POINT ( 'NONE',  ( -0.5337406439331073837, 1.024999999999999911, 0.1118237917961432681 ) ) ;
#818 = CARTESIAN_POINT ( 'NONE',  ( -0.04838994535178251649, 1.035000000000000142, 1.195738238068862369 ) ) ;
#819 = CARTESIAN_POINT ( 'NONE',  ( 0.5009169445973420398, 1.035000000000000142, -1.132838265016181678 ) ) ;
#820 = CARTESIAN_POINT ( 'NONE',  ( 0.2207530436513871208, 1.034999999999999920, 0.9356435630111534785 ) ) ;
#821 =( GEOMETRIC_REPRESENTATION_CONTEXT ( 3 ) GLOBAL_UNCERTAINTY_ASSIGNED_CONTEXT ( ( #4058 ) ) GLOBAL_UNIT_ASSIGNED_CONTEXT ( ( #660, #5391, #1189 ) ) REPRESENTATION_CONTEXT ( 'NONE', 'WORKASPACE' ) );
#822 = ORIENTED_EDGE ( 'NONE', *, *, #3367, .T. ) ;
#823 = VERTEX_POINT ( 'NONE', #762 ) ;
#824 = B_SPLINE_SURFACE_WITH_KNOTS ( 'NONE', 3, 1, ( 
 ( #242, #4273 ),
 ( #5253, #3733 ),
 ( #6261, #4313 ),
 ( #222, #3308 ),
 ( #6279, #1748 ),
 ( #263, #714 ),
 ( #3805, #4256 ) ),
 .UNSPECIFIED., .F., .F., .F.,
 ( 4, 1, 1, 1, 4 ),
 ( 2, 2 ),
 ( 0.000000000000000000, 0.2526433275832365988, 0.5044398525799861366, 0.7504068042814558970, 1.000000000000000000 ),
 ( 0.000000000000000000, 1.000000000000000000 ),
 .UNSPECIFIED. ) ;
#825 = AXIS2_PLACEMENT_3D ( 'NONE', #5946, #404, #916 ) ;
#826 = LINE ( 'NONE', #6132, #3237 ) ;
#827 = CARTESIAN_POINT ( 'NONE',  ( 0.3656008041491505267, 1.034999999999999698, 1.355140911848129015 ) ) ;
#828 = AXIS2_PLACEMENT_3D ( 'NONE', #718, #3662, #6227 ) ;
#829 = DIRECTION ( 'NONE',  ( -0.000000000000000000, -1.000000000000000000, -0.000000000000000000 ) ) ;
#830 = CARTESIAN_POINT ( 'NONE',  ( 0.4476278661289336824, 1.034999999999999698, -0.9099912304720043643 ) ) ;
#831 = CARTESIAN_POINT ( 'NONE',  ( 0.6407202261418077915, 1.024999999999999245, 0.7580082180372670342 ) ) ;
#832 = CARTESIAN_POINT ( 'NONE',  ( 0.6873853076905492854, 1.035000000000000142, 0.9000261689353129535 ) ) ;
#833 = CARTESIAN_POINT ( 'NONE',  ( 0.2690032743478595334, 1.024999999999999911, -1.114926609055453488 ) ) ;
#834 = EDGE_LOOP ( 'NONE', ( #4255, #6382, #4173, #2099 ) ) ;
#835 = LINE ( 'NONE', #2471, #3551 ) ;
#836 = B_SPLINE_CURVE_WITH_KNOTS ( 'NONE', 3,
 ( #4864, #2330, #4905, #1849, #773, #725, #4286, #5328, #1760, #5306, #2261, #5799, #6295, #752, #1267 ),
 .UNSPECIFIED., .F., .F.,
 ( 4, 1, 1, 1, 1, 1, 1, 1, 1, 1, 1, 1, 4 ),
 ( 0.000000000000000000, 0.04741350635443523226, 0.1000397465125186097, 0.1582439758605849178, 0.2216942561323725081, 0.3575016929472446536, 0.4971755172671906142, 0.6367312879952646831, 0.7722818284601444816, 0.8366453526860625489, 0.8958985570776435425, 0.9506979322711623936, 1.000000000000000000 ),
 .UNSPECIFIED. ) ;
#837 = B_SPLINE_SURFACE_WITH_KNOTS ( 'NONE', 3, 1, ( 
 ( #2798, #5394 ),
 ( #2351, #2300 ),
 ( #1826, #6337 ),
 ( #1783, #2866 ),
 ( #4814, #3319 ),
 ( #5351, #4326 ),
 ( #299, #3387 ),
 ( #5325, #5303 ),
 ( #3881, #1247 ),
 ( #3363, #5844 ),
 ( #3841, #6357 ) ),
 .UNSPECIFIED., .F., .F., .F.,
 ( 4, 1, 1, 1, 1, 1, 1, 1, 4 ),
 ( 2, 2 ),
 ( 0.000000000000000000, 0.08982226816897592725, 0.1871858735996305978, 0.2931954017053314820, 0.4089337604228172607, 0.5383757029064345501, 0.6787602136966732758, 0.8331740874230403326, 1.000000000000000000 ),
 ( 0.000000000000000000, 1.000000000000000000 ),
 .UNSPECIFIED. ) ;
#838 = AXIS2_PLACEMENT_3D ( 'NONE', #1015, #3072, #4568 ) ;
#839 = CARTESIAN_POINT ( 'NONE',  ( 0.000000000000000000, -1.025000000000000577, 1.574999999999999956 ) ) ;
#840 = CARTESIAN_POINT ( 'NONE',  ( -0.05942551490823435451, 1.024999999999999911, 0.7531031900268579937 ) ) ;
#841 = FILL_AREA_STYLE ('',( #5347 ) ) ;
#842 = ADVANCED_FACE ( 'NONE', ( #2916 ), #2621, .T. ) ;
#843 = CARTESIAN_POINT ( 'NONE',  ( -0.5609714026911809537, 1.035000000000000142, 0.7504378068874775209 ) ) ;
#844 = CARTESIAN_POINT ( 'NONE',  ( 0.1863848271403546752, 1.035000000000000364, 0.8407290785386316578 ) ) ;
#845 = EDGE_CURVE ( 'NONE', #3113, #3218, #3092, .T. ) ;
#846 = CARTESIAN_POINT ( 'NONE',  ( -0.5213818887181209671, 1.034999999999999920, 0.8499915930093842054 ) ) ;
#847 = VERTEX_POINT ( 'NONE', #1301 ) ;
#848 = CARTESIAN_POINT ( 'NONE',  ( 0.4688939157507855948, 1.024999999999999689, -0.9446510893511390616 ) ) ;
#849 = CARTESIAN_POINT ( 'NONE',  ( 0.5759803543715629193, 1.034999999999999920, 0.7501485095022860650 ) ) ;
#850 = SURFACE_STYLE_FILL_AREA ( #721 ) ;
#851 = CARTESIAN_POINT ( 'NONE',  ( 0.5652043269230768718, 1.034999999999999920, 0.8365384615384617861 ) ) ;
#852 = CARTESIAN_POINT ( 'NONE',  ( 0.2601562500000004219, 1.034999999999999920, -1.115384615384615419 ) ) ;
#853 = CARTESIAN_POINT ( 'NONE',  ( 0.7850000000000001421, -1.024999999999999911, -1.625000000000000000 ) ) ;
#854 = ORIENTED_EDGE ( 'NONE', *, *, #1668, .F. ) ;
#855 = CARTESIAN_POINT ( 'NONE',  ( -0.7439828851384415742, 1.025000000000000133, -0.3009824786210819614 ) ) ;
#856 = ORIENTED_EDGE ( 'NONE', *, *, #5657, .T. ) ;
#857 = B_SPLINE_SURFACE_WITH_KNOTS ( 'NONE', 3, 1, ( 
 ( #2321, #3428 ),
 ( #6378, #5345 ),
 ( #4877, #1821 ),
 ( #5368, #3382 ),
 ( #5860, #333 ),
 ( #3877, #1984 ),
 ( #2504, #5459 ),
 ( #1933, #468 ),
 ( #1450, #2411 ),
 ( #3472, #2968 ),
 ( #5525, #2477 ),
 ( #2010, #3492 ),
 ( #1424, #6010 ),
 ( #6037, #3020 ),
 ( #979, #1500 ),
 ( #5546, #5057 ),
 ( #3041, #5479 ),
 ( #4512, #2434 ),
 ( #6530, #4985 ) ),
 .UNSPECIFIED., .F., .F., .F.,
 ( 4, 1, 1, 1, 1, 1, 1, 1, 1, 1, 1, 1, 1, 1, 1, 1, 4 ),
 ( 2, 2 ),
 ( 0.000000000000000000, 0.07541074235512768009, 0.1456952511249711146, 0.2123277195071691104, 0.2754673904410226415, 0.3356803348357260131, 0.3938728512593092645, 0.4504082724225710321, 0.5064122581723792260, 0.5623952053057698075, 0.6190778960641074580, 0.6765748594119131987, 0.7366657794253098634, 0.7988335232934143937, 0.8633755859743769134, 0.9301357679502563203, 1.000000000000000000 ),
 ( 0.000000000000000000, 1.000000000000000000 ),
 .UNSPECIFIED. ) ;
#858 = AXIS2_PLACEMENT_3D ( 'NONE', #5926, #2920, #4424 ) ;
#859 = CARTESIAN_POINT ( 'NONE',  ( -0.009615384615384716532, 1.024999999999999911, 0.7500000000000004441 ) ) ;
#860 = CARTESIAN_POINT ( 'NONE',  ( 0.6792223042076592776, 1.034999999999999920, -0.1594294256854960901 ) ) ;
#861 = B_SPLINE_CURVE_WITH_KNOTS ( 'NONE', 3,
 ( #1063, #4664, #5585, #4196, #5671, #3205, #173, #1104, #2632, #274, #4991, #6234, #185, #1207, #4767, #3847, #4885, #1832, #2336 ),
 .UNSPECIFIED., .F., .F.,
 ( 4, 1, 1, 1, 1, 1, 1, 1, 1, 1, 1, 1, 1, 1, 1, 1, 4 ),
 ( 0.000000000000000000, 0.06176215676807091798, 0.1211739926536290896, 0.1794214068253153771, 0.2368434346502752974, 0.2943217954133981462, 0.3531909627945247210, 0.4127207064163246897, 0.4745221507037176156, 0.5370567441421366661, 0.5995913375805559387, 0.6623669793543064399, 0.7252456446794923739, 0.7903164461250806738, 0.8577243009540929108, 0.9272319523784932072, 1.000000000000000000 ),
 .UNSPECIFIED. ) ;
#862 = ORIENTED_EDGE ( 'NONE', *, *, #923, .T. ) ;
#863 = FILL_AREA_STYLE ('',( #3904 ) ) ;
#864 = PLANE ( 'NONE',  #4613 ) ;
#865 = CARTESIAN_POINT ( 'NONE',  ( 1.500000000000003109, 1.034999999999999920, -1.550000000000000711 ) ) ;
#866 = CARTESIAN_POINT ( 'NONE',  ( -0.03980813274335292390, 1.024999999999999911, 1.308609899621553163 ) ) ;
#867 = CARTESIAN_POINT ( 'NONE',  ( 0.4215144230769235500, 1.034999999999999920, -1.232271634615384581 ) ) ;
#868 = EDGE_LOOP ( 'NONE', ( #226, #3691, #5765, #5645 ) ) ;
#869 = ORIENTED_EDGE ( 'NONE', *, *, #1322, .T. ) ;
#870 = FILL_AREA_STYLE_COLOUR ( '', #2569 ) ;
#871 = CARTESIAN_POINT ( 'NONE',  ( 0.4992838354678801882, 1.034999999999999920, 1.340513759941373451 ) ) ;
#872 = ADVANCED_FACE ( 'NONE', ( #1404 ), #2516, .T. ) ;
#873 = CARTESIAN_POINT ( 'NONE',  ( 0.1944360828147558562, 1.024999999999999911, 1.067602144398379416 ) ) ;
#874 = CARTESIAN_POINT ( 'NONE',  ( 0.3105257572970913649, 1.024999999999999911, -0.7889372591678415203 ) ) ;
#875 = UNCERTAINTY_MEASURE_WITH_UNIT (LENGTH_MEASURE( 1.000000000000000082E-05 ), #2881, 'distance_accuracy_value', 'NONE');
#876 =( NAMED_UNIT ( * ) PLANE_ANGLE_UNIT ( ) SI_UNIT ( $, .RADIAN. ) );
#877 = STYLED_ITEM ( 'NONE', ( #2901 ), #1915 ) ;
#878 = B_SPLINE_CURVE_WITH_KNOTS ( 'NONE', 3,
 ( #6040, #6089, #4578, #2547, #36, #2076, #6114, #1071, #2508, #3540, #1988, #5530, #1003, #2480, #471, #6533, #6014 ),
 .UNSPECIFIED., .F., .F.,
 ( 4, 1, 1, 1, 1, 1, 1, 1, 1, 1, 1, 1, 1, 1, 4 ),
 ( 0.000000000000000000, 0.1306390843628615628, 0.2544568901696821484, 0.3137772390120038835, 0.3703678411731463616, 0.4260729027491878540, 0.4813380520100981053, 0.5369781608614393464, 0.5924188786203403723, 0.6507905937605916735, 0.7112318957259234908, 0.7752293137976041804, 0.8447256086505677830, 0.9192770964749228391, 1.000000000000000000 ),
 .UNSPECIFIED. ) ;
#879 = VECTOR ( 'NONE', #694, 1000.000000000000000 ) ;
#880 = PRESENTATION_STYLE_ASSIGNMENT (( #5753 ) ) ;
#881 = CARTESIAN_POINT ( 'NONE',  ( 0.5673076923076922906, 1.025000000000000133, 0.7500000000000002220 ) ) ;
#882 = DIRECTION ( 'NONE',  ( 0.000000000000000000, 0.000000000000000000, 1.000000000000000000 ) ) ;
#883 = VERTEX_POINT ( 'NONE', #2215 ) ;
#884 = CARTESIAN_POINT ( 'NONE',  ( 0.1200420278956285391, 1.024999999999999467, 0.9216901571185678321 ) ) ;
#885 =( NAMED_UNIT ( * ) SI_UNIT ( $, .STERADIAN. ) SOLID_ANGLE_UNIT ( ) );
#886 = CARTESIAN_POINT ( 'NONE',  ( -0.2276339580243389726, 1.034999999999999698, 0.8706527266382478869 ) ) ;
#887 = DIRECTION ( 'NONE',  ( 0.000000000000000000, 1.000000000000000000, 0.000000000000000000 ) ) ;
#888 = EDGE_CURVE ( 'NONE', #5254, #1744, #64, .T. ) ;
#889 = VECTOR ( 'NONE', #2644, 1000.000000000000000 ) ;
#890 =( GEOMETRIC_REPRESENTATION_CONTEXT ( 3 ) GLOBAL_UNCERTAINTY_ASSIGNED_CONTEXT ( ( #316 ) ) GLOBAL_UNIT_ASSIGNED_CONTEXT ( ( #2861, #788, #6331 ) ) REPRESENTATION_CONTEXT ( 'NONE', 'WORKASPACE' ) );
#891 = CARTESIAN_POINT ( 'NONE',  ( -0.7302429383487287762, 1.034999999999999698, 0.9560362824859588438 ) ) ;
#892 = CARTESIAN_POINT ( 'NONE',  ( 0.5230769230769236611, 1.034999999999999920, -1.066406250000000000 ) ) ;
#893 = CARTESIAN_POINT ( 'NONE',  ( 0.4858491144879618084, 1.035000000000000142, -1.156702550493418302 ) ) ;
#894 = EDGE_CURVE ( 'NONE', #2004, #2102, #835, .T. ) ;
#895 = ORIENTED_EDGE ( 'NONE', *, *, #162, .F. ) ;
#896 = CARTESIAN_POINT ( 'NONE',  ( 0.6873969098756016471, 1.035000000000000142, -0.3498868159651466470 ) ) ;
#897 = B_SPLINE_SURFACE_WITH_KNOTS ( 'NONE', 3, 1, ( 
 ( #5081, #1677 ),
 ( #6213, #2193 ),
 ( #4155, #621 ),
 ( #6229, #2173 ),
 ( #4715, #2686 ),
 ( #3214, #1693 ),
 ( #2642, #4692 ),
 ( #6180, #5749 ),
 ( #3714, #655 ) ),
 .UNSPECIFIED., .F., .F., .F.,
 ( 4, 1, 1, 1, 1, 1, 4 ),
 ( 2, 2 ),
 ( 0.000000000000000000, 0.1721040002205779518, 0.3251104590458972488, 0.4612272505695235725, 0.5810596373885457133, 0.7948419735329883551, 1.000000000000000000 ),
 ( 0.000000000000000000, 1.000000000000000000 ),
 .UNSPECIFIED. ) ;
#898 = SURFACE_STYLE_FILL_AREA ( #3702 ) ;
#899 = VECTOR ( 'NONE', #5581, 1000.000000000000000 ) ;
#900 = SURFACE_STYLE_USAGE ( .BOTH. , #283 ) ;
#901 = CARTESIAN_POINT ( 'NONE',  ( 0.1119670840417978652, 1.025000000000000133, -1.238172269283417171 ) ) ;
#902 = CARTESIAN_POINT ( 'NONE',  ( -0.5886418269230768718, 1.034999999999999920, 0.8365384615384617861 ) ) ;
#903 = CARTESIAN_POINT ( 'NONE',  ( -0.04838994535178251649, 1.025000000000000133, 1.195738238068862369 ) ) ;
#904 = VECTOR ( 'NONE', #5366, 1000.000000000000000 ) ;
#905 = LINE ( 'NONE', #1256, #5740 ) ;
#906 = CARTESIAN_POINT ( 'NONE',  ( 0.6076106976436539409, 1.035000000000000142, 0.8412721904612346924 ) ) ;
#907 = CARTESIAN_POINT ( 'NONE',  ( 0.6708099671644118800, 1.025000000000000133, 1.050369067633049491 ) ) ;
#908 = ORIENTED_EDGE ( 'NONE', *, *, #1592, .T. ) ;
#909 = CARTESIAN_POINT ( 'NONE',  ( 0.5434891144720701561, 1.035000000000000142, -0.04732094589271203244 ) ) ;
#910 = CARTESIAN_POINT ( 'NONE',  ( 0.08721449540433420800, 1.034999999999999698, 0.8715447404585627833 ) ) ;
#911 = FACE_OUTER_BOUND ( 'NONE', #1752, .T. ) ;
#912 = FILL_AREA_STYLE_COLOUR ( '', #5520 ) ;
#913 = CARTESIAN_POINT ( 'NONE',  ( -1.499999999999996891, 1.034999999999999920, -1.550000000000000711 ) ) ;
#914 =( NAMED_UNIT ( * ) PLANE_ANGLE_UNIT ( ) SI_UNIT ( $, .RADIAN. ) );
#915 = PRESENTATION_STYLE_ASSIGNMENT (( #2070 ) ) ;
#916 = DIRECTION ( 'NONE',  ( 1.000000000000000000, 0.000000000000000000, 0.000000000000000000 ) ) ;
#917 = CARTESIAN_POINT ( 'NONE',  ( 0.3416981596097826701, 1.024999999999999911, -1.099075049680693139 ) ) ;
#918 = CARTESIAN_POINT ( 'NONE',  ( -0.2495492788461539657, 1.034999999999999920, 1.433293269230769607 ) ) ;
#919 = CARTESIAN_POINT ( 'NONE',  ( 0.7199380304298355071, 1.034999999999999920, 0.7952156366747696881 ) ) ;
#920 = CARTESIAN_POINT ( 'NONE',  ( 0.5009169445973420398, 1.035000000000000142, -1.132838265016181678 ) ) ;
#921 = B_SPLINE_CURVE_WITH_KNOTS ( 'NONE', 3,
 ( #1662, #4623, #87, #5186, #626, #3178, #1597, #4697, #3197, #6166, #3114, #114, #5203, #67, #2141, #3648, #2100, #2161, #563 ),
 .UNSPECIFIED., .F., .F.,
 ( 4, 1, 1, 1, 1, 1, 1, 1, 1, 1, 1, 1, 1, 1, 1, 1, 4 ),
 ( 0.000000000000000000, 0.07541074235512768009, 0.1456952511249711146, 0.2123277195071691104, 0.2754673904410226415, 0.3356803348357260131, 0.3938728512593092645, 0.4504082724225710321, 0.5064122581723792260, 0.5623952053057698075, 0.6190778960641074580, 0.6765748594119131987, 0.7366657794253098634, 0.7988335232934143937, 0.8633755859743769134, 0.9301357679502563203, 1.000000000000000000 ),
 .UNSPECIFIED. ) ;
#922 = CARTESIAN_POINT ( 'NONE',  ( 0.6123197115384620970, 1.024999999999999689, -0.2848557692307692180 ) ) ;
#923 = EDGE_CURVE ( 'NONE', #5055, #5713, #2837, .T. ) ;
#924 = ORIENTED_EDGE ( 'NONE', *, *, #1322, .F. ) ;
#925 = SURFACE_STYLE_FILL_AREA ( #2855 ) ;
#926 = CARTESIAN_POINT ( 'NONE',  ( -0.7069529773705758302, 1.034999999999999920, 1.395641797569606934 ) ) ;
#927 = CARTESIAN_POINT ( 'NONE',  ( -0.06674896830846809015, 1.034999999999999920, 1.331288948873510458 ) ) ;
#928 = CARTESIAN_POINT ( 'NONE',  ( 0.1369608420716999231, 1.024999999999999467, 1.149153048603420046 ) ) ;
#929 = CARTESIAN_POINT ( 'NONE',  ( -0.04204837628417965739, 1.025000000000000133, 0.8385981092399695802 ) ) ;
#930 = CARTESIAN_POINT ( 'NONE',  ( 0.6544772024941873934, 1.025000000000000133, 0.8631895418681122534 ) ) ;
#931 = AXIS2_PLACEMENT_3D ( 'NONE', #482, #2518, #4590 ) ;
#932 = CARTESIAN_POINT ( 'NONE',  ( 0.3501610619365932431, 1.025000000000000133, 1.380799805016254655 ) ) ;
#933 = CARTESIAN_POINT ( 'NONE',  ( 0.1156682925324087202, 1.035000000000000142, 0.9106923435533438305 ) ) ;
#934 = CARTESIAN_POINT ( 'NONE',  ( 0.3279068673665953004, 1.025000000000000133, 0.9531584188986652606 ) ) ;
#935 = CARTESIAN_POINT ( 'NONE',  ( 0.3256516634535224775, 1.024999999999999689, 1.438671195898516331 ) ) ;
#936 = CARTESIAN_POINT ( 'NONE',  ( 0.6533318338817487581, 1.034999999999999698, 1.209179511122381312 ) ) ;
#937 = CARTESIAN_POINT ( 'NONE',  ( -0.01171875000000011796, 1.034999999999999920, 0.8365384615384620082 ) ) ;
#938 = CARTESIAN_POINT ( 'NONE',  ( -0.009615384615384716532, 1.034999999999999920, 0.7500000000000004441 ) ) ;
#939 = EDGE_LOOP ( 'NONE', ( #5386, #2167, #1393, #1607 ) ) ;
#940 = EDGE_CURVE ( 'NONE', #2738, #3113, #3448, .T. ) ;
#941 = COLOUR_RGB ( '',1.000000000000000000, 1.000000000000000000, 1.000000000000000000 ) ;
#942 = FACE_OUTER_BOUND ( 'NONE', #4221, .T. ) ;
#943 = CARTESIAN_POINT ( 'NONE',  ( -0.03496395161090221082, 1.024999999999999911, 0.7505253949516117462 ) ) ;
#944 = CARTESIAN_POINT ( 'NONE',  ( -1.499999999999996891, 1.034999999999999920, -1.550000000000000711 ) ) ;
#945 = CARTESIAN_POINT ( 'NONE',  ( 0.7505765765693429570, 1.034999999999999920, 0.8244472621065871420 ) ) ;
#946 = CARTESIAN_POINT ( 'NONE',  ( 0.5119274830655170527, 1.024999999999999467, -1.108691614760225708 ) ) ;
#947 = EDGE_CURVE ( 'NONE', #5930, #5294, #1570, .T. ) ;
#948 = VERTEX_POINT ( 'NONE', #5050 ) ;
#949 = CARTESIAN_POINT ( 'NONE',  ( 0.3350132766199698242, 1.024999999999999911, -1.264866384183079395 ) ) ;
#950 = CARTESIAN_POINT ( 'NONE',  ( -0.006024601265698756487, 1.024999999999999689, 1.280269342272169819 ) ) ;
#951 = CARTESIAN_POINT ( 'NONE',  ( 0.2205332345556180185, 1.034999999999999698, 0.9793131793324545420 ) ) ;
#952 = CARTESIAN_POINT ( 'NONE',  ( 0.01307091346153835265, 1.024999999999999911, 1.264723557692308153 ) ) ;
#953 = ORIENTED_EDGE ( 'NONE', *, *, #4737, .F. ) ;
#954 = CARTESIAN_POINT ( 'NONE',  ( 0.2211538461538460343, 1.024999999999999689, 0.9570312500000004441 ) ) ;
#955 = CARTESIAN_POINT ( 'NONE',  ( -0.5165652840014129943, 1.024999999999999911, -0.7812224859088601203 ) ) ;
#956 =( NAMED_UNIT ( * ) PLANE_ANGLE_UNIT ( ) SI_UNIT ( $, .RADIAN. ) );
#957 = FILL_AREA_STYLE ('',( #912 ) ) ;
#958 = VERTEX_POINT ( 'NONE', #952 ) ;
#959 = CARTESIAN_POINT ( 'NONE',  ( 0.1810024900132512493, 1.024999999999999911, 0.02458421164367133316 ) ) ;
#960 = CARTESIAN_POINT ( 'NONE',  ( -0.2512714134695545054, 1.034999999999999920, 1.438671195898516997 ) ) ;
#961 = CARTESIAN_POINT ( 'NONE',  ( 0.5899939903846154188, 1.024999999999999245, 1.264723557692307931 ) ) ;
#962 = CARTESIAN_POINT ( 'NONE',  ( 0.08571969618865675489, 1.035000000000000364, 0.7644335898809591079 ) ) ;
#963 = SURFACE_STYLE_USAGE ( .BOTH. , #1551 ) ;
#964 = CARTESIAN_POINT ( 'NONE',  ( 0.4230769230769230171, 1.034999999999999920, 0.9711538461538463674 ) ) ;
#965 = CARTESIAN_POINT ( 'NONE',  ( 0.2836703517299277721, 1.024999999999999911, -0.7891061913658832250 ) ) ;
#966 =( NAMED_UNIT ( * ) SI_UNIT ( $, .STERADIAN. ) SOLID_ANGLE_UNIT ( ) );
#967 = VECTOR ( 'NONE', #5364, 1000.000000000000000 ) ;
#968 = UNCERTAINTY_MEASURE_WITH_UNIT (LENGTH_MEASURE( 1.000000000000000082E-05 ), #1609, 'distance_accuracy_value', 'NONE');
#969 = CARTESIAN_POINT ( 'NONE',  ( 0.3911119599344423658, 1.024999999999999689, -1.251079475078177961 ) ) ;
#970 = CARTESIAN_POINT ( 'NONE',  ( 0.2141237892273745169, 1.025000000000000355, -1.265855689187115996 ) ) ;
#971 = LINE ( 'NONE', #5411, #1925 ) ;
#972 = CARTESIAN_POINT ( 'NONE',  ( -1.849999999999999645, -1.024999999999999911, 2.000000000000000000 ) ) ;
#973 = CARTESIAN_POINT ( 'NONE',  ( 0.4940187244218740004, 1.024999999999999911, 1.224482152663802781 ) ) ;
#974 = PRESENTATION_LAYER_ASSIGNMENT (  '', '', ( #3812 ) ) ;
#975 = CARTESIAN_POINT ( 'NONE',  ( 0.2044474720275805402, 1.024999999999999467, 1.045491749235682555 ) ) ;
#976 = EDGE_CURVE ( 'NONE', #2758, #5392, #3853, .T. ) ;
#977 = ORIENTED_EDGE ( 'NONE', *, *, #6228, .F. ) ;
#978 = SURFACE_SIDE_STYLE ('',( #4975 ) ) ;
#979 = CARTESIAN_POINT ( 'NONE',  ( -0.7509691229693329362, 1.035000000000000142, 0.04192850094834601332 ) ) ;
#980 = CARTESIAN_POINT ( 'NONE',  ( 0.4232549001006278844, 1.024999999999999911, 0.9660415190853474110 ) ) ;
#981 = CARTESIAN_POINT ( 'NONE',  ( -0.4568810490274483604, 1.025000000000000133, 0.9216901571185679432 ) ) ;
#982 = DIRECTION ( 'NONE',  ( -1.000000000000000000, -0.000000000000000000, -0.000000000000000000 ) ) ;
#983 = EDGE_CURVE ( 'NONE', #2220, #3818, #4191, .T. ) ;
#984 = CARTESIAN_POINT ( 'NONE',  ( -0.01171875000000011796, 1.034999999999999920, 0.8365384615384620082 ) ) ;
#985 = CARTESIAN_POINT ( 'NONE',  ( 0.6609990807941873436, 1.035000000000000142, 1.064245337337988762 ) ) ;
#986 = CARTESIAN_POINT ( 'NONE',  ( -0.5433698671232168875, 1.024999999999999911, -0.3657578123004284198 ) ) ;
#987 =( NAMED_UNIT ( * ) PLANE_ANGLE_UNIT ( ) SI_UNIT ( $, .RADIAN. ) );
#988 = ORIENTED_EDGE ( 'NONE', *, *, #1632, .F. ) ;
#989 = PRESENTATION_STYLE_ASSIGNMENT (( #3095 ) ) ;
#990 = LINE ( 'NONE', #2584, #198 ) ;
#991 = SURFACE_STYLE_FILL_AREA ( #639 ) ;
#992 = CARTESIAN_POINT ( 'NONE',  ( -0.5829476781887755754, 1.035000000000000142, 1.280269342272169819 ) ) ;
#993 = ORIENTED_EDGE ( 'NONE', *, *, #3132, .F. ) ;
#994 = LINE ( 'NONE', #1501, #1648 ) ;
#995 = CARTESIAN_POINT ( 'NONE',  ( 0.8382453916543842753, 1.025000000000000355, -0.3426942379960157825 ) ) ;
#996 = LINE ( 'NONE', #1866, #4573 ) ;
#997 = CARTESIAN_POINT ( 'NONE',  ( -0.2463673470139852995, 1.034999999999999920, 1.424506378665186590 ) ) ;
#998 =( NAMED_UNIT ( * ) SI_UNIT ( $, .STERADIAN. ) SOLID_ANGLE_UNIT ( ) );
#999 = CARTESIAN_POINT ( 'NONE',  ( -0.6535456730769231282, 1.034999999999999920, 1.219501201923077316 ) ) ;
#1000 = CARTESIAN_POINT ( 'NONE',  ( -0.3461538461538462008, 1.034999999999999920, 1.403846153846154188 ) ) ;
#1001 = ORIENTED_EDGE ( 'NONE', *, *, #110, .T. ) ;
#1002 = DIRECTION ( 'NONE',  ( 0.000000000000000000, 0.000000000000000000, 1.000000000000000000 ) ) ;
#1003 = CARTESIAN_POINT ( 'NONE',  ( -0.4231165145142969375, 1.034999999999999920, 0.1811361825164377326 ) ) ;
#1004 = SURFACE_STYLE_FILL_AREA ( #2521 ) ;
#1005 = CARTESIAN_POINT ( 'NONE',  ( 0.1252767565014969164, 1.024999999999999689, 0.7831533228634260935 ) ) ;
#1006 = CARTESIAN_POINT ( 'NONE',  ( -0.1533198614256517378, 1.034999999999999920, 0.9560362824859591768 ) ) ;
#1007 =( NAMED_UNIT ( * ) PLANE_ANGLE_UNIT ( ) SI_UNIT ( $, .RADIAN. ) );
#1008 = CARTESIAN_POINT ( 'NONE',  ( 0.2277829839342950524, 1.034999999999999698, -0.8259784870660605849 ) ) ;
#1009 = UNCERTAINTY_MEASURE_WITH_UNIT (LENGTH_MEASURE( 1.000000000000000082E-05 ), #3593, 'distance_accuracy_value', 'NONE');
#1010 = CARTESIAN_POINT ( 'NONE',  ( 0.3273737980769230727, 1.034999999999999920, 1.433293269230769384 ) ) ;
#1011 = FACE_OUTER_BOUND ( 'NONE', #1825, .T. ) ;
#1012 =( GEOMETRIC_REPRESENTATION_CONTEXT ( 3 ) GLOBAL_UNCERTAINTY_ASSIGNED_CONTEXT ( ( #2548 ) ) GLOBAL_UNIT_ASSIGNED_CONTEXT ( ( #2771, #2793, #5838 ) ) REPRESENTATION_CONTEXT ( 'NONE', 'WORKASPACE' ) );
#1013 =( GEOMETRIC_REPRESENTATION_CONTEXT ( 3 ) GLOBAL_UNCERTAINTY_ASSIGNED_CONTEXT ( ( #4629 ) ) GLOBAL_UNIT_ASSIGNED_CONTEXT ( ( #1036, #5114, #4592 ) ) REPRESENTATION_CONTEXT ( 'NONE', 'WORKASPACE' ) );
#1014 = SURFACE_STYLE_USAGE ( .BOTH. , #2517 ) ;
#1015 = CARTESIAN_POINT ( 'NONE',  ( -0.7849999999999999201, -1.025000000000000577, -1.574999999999999734 ) ) ;
#1016 = CARTESIAN_POINT ( 'NONE',  ( -0.5005143199644048746, 1.034999999999999698, 1.209179511122381090 ) ) ;
#1017 = CARTESIAN_POINT ( 'NONE',  ( -0.5638521634615384359, 1.024999999999999911, 1.264723557692307931 ) ) ;
#1018 =( LENGTH_UNIT ( ) NAMED_UNIT ( * ) SI_UNIT ( .MILLI., .METRE. ) );
#1019 = EDGE_LOOP ( 'NONE', ( #4981, #2938, #5475, #3619 ) ) ;
#1020 = MECHANICAL_DESIGN_GEOMETRIC_PRESENTATION_REPRESENTATION (  '', ( #2242 ), #5231 ) ;
#1021 = LINE ( 'NONE', #4368, #6085 ) ;
#1022 = CARTESIAN_POINT ( 'NONE',  ( -1.849999999999999645, 1.024999999999999911, 1.849999999999999423 ) ) ;
#1023 = FILL_AREA_STYLE ('',( #2615 ) ) ;
#1024 = CARTESIAN_POINT ( 'NONE',  ( 0.1227473827252340277, 1.035000000000000142, 0.9333452975440976740 ) ) ;
#1025 = EDGE_CURVE ( 'NONE', #1254, #4327, #3810, .T. ) ;
#1026 = ORIENTED_EDGE ( 'NONE', *, *, #1271, .T. ) ;
#1027 = CARTESIAN_POINT ( 'NONE',  ( -0.3461538461538462008, 1.034999999999999920, 1.403846153846154188 ) ) ;
#1028 = FILL_AREA_STYLE_COLOUR ( '', #6351 ) ;
#1029 = CARTESIAN_POINT ( 'NONE',  ( 0.2381260191214930044, 1.034999999999999698, -0.8127853324200386975 ) ) ;
#1030 = CARTESIAN_POINT ( 'NONE',  ( -0.4747223270034429676, 1.035000000000000142, 1.036833623450326813 ) ) ;
#1031 = EDGE_LOOP ( 'NONE', ( #2607, #6102, #167, #1679 ) ) ;
#1032 = ORIENTED_EDGE ( 'NONE', *, *, #2416, .F. ) ;
#1033 =( NAMED_UNIT ( * ) PLANE_ANGLE_UNIT ( ) SI_UNIT ( $, .RADIAN. ) );
#1034 = PLANE ( 'NONE',  #828 ) ;
#1035 = CARTESIAN_POINT ( 'NONE',  ( -0.3859165284652604222, 1.025000000000000355, 0.3448924157040462735 ) ) ;
#1036 =( LENGTH_UNIT ( ) NAMED_UNIT ( * ) SI_UNIT ( .MILLI., .METRE. ) );
#1037 = CARTESIAN_POINT ( 'NONE',  ( 1.605000000000000204, -1.025000000000000133, 1.574999999999999956 ) ) ;
#1038 = ORIENTED_EDGE ( 'NONE', *, *, #4647, .F. ) ;
#1039 = CARTESIAN_POINT ( 'NONE',  ( 0.2209471276852897070, 1.024999999999999911, 0.9644531001897752587 ) ) ;
#1040 = LINE ( 'NONE', #6316, #3594 ) ;
#1041 = SURFACE_STYLE_USAGE ( .BOTH. , #3018 ) ;
#1042 = FILL_AREA_STYLE_COLOUR ( '', #5782 ) ;
#1043 = CARTESIAN_POINT ( 'NONE',  ( -0.6720982898951269879, 1.035000000000000142, 1.234212003388963197 ) ) ;
#1044 = SURFACE_SIDE_STYLE ('',( #744 ) ) ;
#1045 = CARTESIAN_POINT ( 'NONE',  ( -0.5836790541168817015, 1.025000000000000133, 0.8366587838276424716 ) ) ;
#1046 = DIRECTION ( 'NONE',  ( -0.000000000000000000, -1.000000000000000000, -0.000000000000000000 ) ) ;
#1047 = COLOUR_RGB ( '',1.000000000000000000, 1.000000000000000000, 1.000000000000000000 ) ;
#1048 = FACE_OUTER_BOUND ( 'NONE', #5418, .T. ) ;
#1049 = ADVANCED_FACE ( 'NONE', ( #2343 ), #6069, .T. ) ;
#1050 = B_SPLINE_CURVE_WITH_KNOTS ( 'NONE', 3,
 ( #4810, #358, #2413, #3474, #3431, #935, #1935 ),
 .UNSPECIFIED., .F., .F.,
 ( 4, 1, 1, 1, 4 ),
 ( 0.000000000000000000, 0.2526433275832366543, 0.5044398525799862476, 0.7504068042814560080, 1.000000000000000000 ),
 .UNSPECIFIED. ) ;
#1051 = CARTESIAN_POINT ( 'NONE',  ( -0.1484107361920903312, 1.024999999999999689, 0.9276918119063909396 ) ) ;
#1052 = CARTESIAN_POINT ( 'NONE',  ( 0.05883690797237183662, 1.034999999999999920, -1.055260754117563593 ) ) ;
#1053 = AXIS2_PLACEMENT_3D ( 'NONE', #293, #3813, #5280 ) ;
#1054 = CARTESIAN_POINT ( 'NONE',  ( -0.4520274643897460032, 1.034999999999999920, 0.9621975019446505906 ) ) ;
#1055 = PRESENTATION_LAYER_ASSIGNMENT (  '', '', ( #4587 ) ) ;
#1056 = CARTESIAN_POINT ( 'NONE',  ( -0.5243658366482211175, 1.035000000000000142, -0.4206875535002225774 ) ) ;
#1057 = PLANE ( 'NONE',  #931 ) ;
#1058 = ORIENTED_EDGE ( 'NONE', *, *, #2006, .F. ) ;
#1059 = DIRECTION ( 'NONE',  ( 0.000000000000000000, 1.000000000000000000, 0.000000000000000000 ) ) ;
#1060 = CARTESIAN_POINT ( 'NONE',  ( 0.1249999999999998890, 1.024999999999999911, 0.9579326923076927347 ) ) ;
#1061 = SURFACE_STYLE_FILL_AREA ( #3412 ) ;
#1062 = STYLED_ITEM ( 'NONE', ( #298 ), #4047 ) ;
#1063 = CARTESIAN_POINT ( 'NONE',  ( 0.1249999999999998890, 1.024999999999999911, 0.9579326923076927347 ) ) ;
#1064 = CARTESIAN_POINT ( 'NONE',  ( -0.2267620149864838508, 1.024999999999999911, 1.380799805016254878 ) ) ;
#1065 = ORIENTED_EDGE ( 'NONE', *, *, #6245, .T. ) ;
#1066 = SURFACE_SIDE_STYLE ('',( #2500 ) ) ;
#1067 = SURFACE_STYLE_FILL_AREA ( #6376 ) ;
#1068 = CARTESIAN_POINT ( 'NONE',  ( 0.6609990807941873436, 1.025000000000000133, 1.064245337337988762 ) ) ;
#1069 = CARTESIAN_POINT ( 'NONE',  ( -0.5886418269230768718, 1.025000000000000133, 0.8365384615384617861 ) ) ;
#1070 = CARTESIAN_POINT ( 'NONE',  ( 0.2507567214230724262, 1.024999999999999911, -0.8015831361758598561 ) ) ;
#1071 = CARTESIAN_POINT ( 'NONE',  ( -0.5337406439331073837, 1.034999999999999920, 0.1118237917961432681 ) ) ;
#1072 = B_SPLINE_CURVE_WITH_KNOTS ( 'NONE', 3,
 ( #5070, #1484, #5044, #2487, #5555, #4030, #5598, #2515, #1996, #4564, #4073, #1030, #6023, #5537, #1555, #1532, #5088, #1054, #2040 ),
 .UNSPECIFIED., .F., .F.,
 ( 4, 1, 1, 1, 1, 1, 1, 1, 1, 1, 1, 1, 1, 1, 1, 1, 4 ),
 ( 0.000000000000000000, 0.1114096600426612849, 0.2145263672558016255, 0.3094172254458341653, 0.3960871907990313745, 0.4742842164262462412, 0.5443738816396979097, 0.6064195628105362168, 0.6605816023749734311, 0.7097938180647576090, 0.7564506485918284229, 0.8007673253039321315, 0.8431682879413345821, 0.8842948685500490180, 0.9238845020552842735, 0.9623587101392159227, 1.000000000000000000 ),
 .UNSPECIFIED. ) ;
#1073 = EDGE_CURVE ( 'NONE', #823, #3525, #525, .T. ) ;
#1074 = CARTESIAN_POINT ( 'NONE',  ( 0.09788400270781720536, 1.034999999999999920, 0.07050238987258904133 ) ) ;
#1075 = ORIENTED_EDGE ( 'NONE', *, *, #6196, .T. ) ;
#1076 = DIRECTION ( 'NONE',  ( -0.000000000000000000, -1.000000000000000000, -0.000000000000000000 ) ) ;
#1077 =( NAMED_UNIT ( * ) SI_UNIT ( $, .STERADIAN. ) SOLID_ANGLE_UNIT ( ) );
#1078 = CARTESIAN_POINT ( 'NONE',  ( 0.3492891188987382600, 1.025000000000000355, 0.8706527266382479979 ) ) ;
#1079 = COLOUR_RGB ( '',0.6470588235294117974, 0.5176470588235293491, 0.000000000000000000 ) ;
#1080 = SURFACE_STYLE_FILL_AREA ( #1214 ) ;
#1081 = CARTESIAN_POINT ( 'NONE',  ( 0.4230769230769230171, 1.034999999999999920, 0.9711538461538463674 ) ) ;
#1082 = PRESENTATION_STYLE_ASSIGNMENT (( #2818 ) ) ;
#1083 = SURFACE_STYLE_USAGE ( .BOTH. , #4683 ) ;
#1084 = CARTESIAN_POINT ( 'NONE',  ( -0.7307692307692308376, 1.034999999999999920, 0.9711538461538463674 ) ) ;
#1085 = CARTESIAN_POINT ( 'NONE',  ( -0.06697226675015373332, 1.024999999999999911, 1.211378676326421155 ) ) ;
#1086 = CARTESIAN_POINT ( 'NONE',  ( -0.3651477395537966464, 1.035000000000000364, 1.023495007546663116 ) ) ;
#1087 = PRESENTATION_LAYER_ASSIGNMENT (  '', '', ( #5282 ) ) ;
#1088 = MECHANICAL_DESIGN_GEOMETRIC_PRESENTATION_REPRESENTATION (  '', ( #2912 ), #3834 ) ;
#1089 = ORIENTED_EDGE ( 'NONE', *, *, #2241, .F. ) ;
#1090 = CARTESIAN_POINT ( 'NONE',  ( -0.6312080182447957766, 1.034999999999999920, 1.320496778789089554 ) ) ;
#1091 = CARTESIAN_POINT ( 'NONE',  ( 0.01716579795666443170, 1.034999999999999920, 0.8385928700513111123 ) ) ;
#1092 = CARTESIAN_POINT ( 'NONE',  ( 0.5003004807692308376, 1.034999999999999920, 1.219501201923077316 ) ) ;
#1093 = CARTESIAN_POINT ( 'NONE',  ( -0.7613719684852172653, 1.024999999999999689, -0.1911989109514751206 ) ) ;
#1094 = CARTESIAN_POINT ( 'NONE',  ( 0.05554118820495588388, 1.035000000000000142, 0.8499915930093845384 ) ) ;
#1095 = SURFACE_STYLE_USAGE ( .BOTH. , #4646 ) ;
#1096 = VECTOR ( 'NONE', #4718, 1000.000000000000000 ) ;
#1097 = FILL_AREA_STYLE_COLOUR ( '', #3895 ) ;
#1098 = CARTESIAN_POINT ( 'NONE',  ( 0.4111907834322256483, 1.024999999999999689, 0.05169397258592269701 ) ) ;
#1099 = FILL_AREA_STYLE_COLOUR ( '', #4248 ) ;
#1100 = CARTESIAN_POINT ( 'NONE',  ( 0.3840621365247076646, 1.035000000000000364, 0.8183052022479979648 ) ) ;
#1101 = CARTESIAN_POINT ( 'NONE',  ( -0.2826914959039315556, 1.034999999999999698, 0.3450574798705117741 ) ) ;
#1102 = VECTOR ( 'NONE', #2977, 1000.000000000000000 ) ;
#1103 = COLOUR_RGB ( '',1.000000000000000000, 1.000000000000000000, 1.000000000000000000 ) ;
#1104 = CARTESIAN_POINT ( 'NONE',  ( 0.1037841999836682377, 1.024999999999999911, 0.8900286707375897333 ) ) ;
#1105 = PRESENTATION_LAYER_ASSIGNMENT (  '', '', ( #412 ) ) ;
#1106 = EDGE_CURVE ( 'NONE', #6396, #3794, #1862, .T. ) ;
#1107 = CARTESIAN_POINT ( 'NONE',  ( -1.604999999999999982, -1.075000000000000400, -1.574999999999998845 ) ) ;
#1108 = CARTESIAN_POINT ( 'NONE',  ( -0.7653846153846148859, 1.024999999999999911, -0.09855769230769233225 ) ) ;
#1109 = CARTESIAN_POINT ( 'NONE',  ( 0.1225747516999135950, 1.034999999999999476, 0.9837818860903952967 ) ) ;
#1110 = CARTESIAN_POINT ( 'NONE',  ( 0.8043269230769236611, 1.034999999999999920, -0.4615384615384615641 ) ) ;
#1111 = EDGE_LOOP ( 'NONE', ( #2989, #988, #800, #5670 ) ) ;
#1112 = CARTESIAN_POINT ( 'NONE',  ( 0.4073648061912791829, 1.024999999999999911, -0.8510345657392508478 ) ) ;
#1113 = EDGE_CURVE ( 'NONE', #3793, #6258, #3945, .T. ) ;
#1114 = ORIENTED_EDGE ( 'NONE', *, *, #5310, .T. ) ;
#1115 = MECHANICAL_DESIGN_GEOMETRIC_PRESENTATION_REPRESENTATION (  '', ( #5727 ), #551 ) ;
#1116 = CARTESIAN_POINT ( 'NONE',  ( 0.5497883491926220945, 1.034999999999999698, 0.8368925012777318484 ) ) ;
#1117 =( NAMED_UNIT ( * ) PLANE_ANGLE_UNIT ( ) SI_UNIT ( $, .RADIAN. ) );
#1118 = VERTEX_POINT ( 'NONE', #178 ) ;
#1119 = CARTESIAN_POINT ( 'NONE',  ( -0.6927154494785483507, 1.035000000000000142, -0.4721535821819479173 ) ) ;
#1120 = CARTESIAN_POINT ( 'NONE',  ( 0.6324642651280327765, 1.025000000000000133, 0.8499915930093840943 ) ) ;
#1121 = CARTESIAN_POINT ( 'NONE',  ( 0.2153846153846159794, 1.034999999999999920, -0.8756009615384615641 ) ) ;
#1122 = EDGE_CURVE ( 'NONE', #3336, #1864, #5746, .T. ) ;
#1123 = CARTESIAN_POINT ( 'NONE',  ( -0.6040578046535315382, 1.024999999999999689, 0.8368925012777318484 ) ) ;
#1124 =( GEOMETRIC_REPRESENTATION_CONTEXT ( 3 ) GLOBAL_UNCERTAINTY_ASSIGNED_CONTEXT ( ( #5721 ) ) GLOBAL_UNIT_ASSIGNED_CONTEXT ( ( #5819, #3220, #4394 ) ) REPRESENTATION_CONTEXT ( 'NONE', 'WORKASPACE' ) );
#1125 = CARTESIAN_POINT ( 'NONE',  ( 0.4777149341076136757, 1.035000000000000142, 0.002298804109529391411 ) ) ;
#1126 = CARTESIAN_POINT ( 'NONE',  ( 0.2601562500000004219, 1.034999999999999920, -1.115384615384615419 ) ) ;
#1127 = SURFACE_SIDE_STYLE ('',( #5539 ) ) ;
#1128 = ORIENTED_EDGE ( 'NONE', *, *, #3696, .F. ) ;
#1129 = DIRECTION ( 'NONE',  ( -0.000000000000000000, -0.000000000000000000, -1.000000000000000000 ) ) ;
#1130 = CARTESIAN_POINT ( 'NONE',  ( -0.3461538461538463118, 1.024999999999999911, 1.500000000000000000 ) ) ;
#1131 =( NAMED_UNIT ( * ) SI_UNIT ( $, .STERADIAN. ) SOLID_ANGLE_UNIT ( ) );
#1132 = PRESENTATION_STYLE_ASSIGNMENT (( #2845 ) ) ;
#1133 =( NAMED_UNIT ( * ) PLANE_ANGLE_UNIT ( ) SI_UNIT ( $, .RADIAN. ) );
#1134 = UNCERTAINTY_MEASURE_WITH_UNIT (LENGTH_MEASURE( 1.000000000000000082E-05 ), #1810, 'distance_accuracy_value', 'NONE');
#1135 = CARTESIAN_POINT ( 'NONE',  ( -0.6007688553617724914, 1.034999999999999698, 1.295053357843854336 ) ) ;
#1136 = SURFACE_SIDE_STYLE ('',( #1649 ) ) ;
#1137 = CARTESIAN_POINT ( 'NONE',  ( -0.7654663496555110802, 1.034999999999999920, -0.1448041258526025499 ) ) ;
#1138 = CARTESIAN_POINT ( 'NONE',  ( -0.5951085444615579201, 1.024999999999999911, 0.7501776304870996226 ) ) ;
#1139 = CARTESIAN_POINT ( 'NONE',  ( 0.09788400270781720536, 1.024999999999999689, 0.07050238987258904133 ) ) ;
#1140 = EDGE_LOOP ( 'NONE', ( #377, #3507, #674, #5234 ) ) ;
#1141 = CARTESIAN_POINT ( 'NONE',  ( 2.710505431213762564E-16, -1.025000000000000577, 1.574999999999999956 ) ) ;
#1142 = CARTESIAN_POINT ( 'NONE',  ( 0.2060915372002209978, 1.024999999999999911, 0.8759254739018299540 ) ) ;
#1143 = AXIS2_PLACEMENT_3D ( 'NONE', #117, #2144, #5205 ) ;
#1144 = CARTESIAN_POINT ( 'NONE',  ( -0.5917129518049482062, 1.035000000000000142, -0.07157377934745505488 ) ) ;
#1145 = CARTESIAN_POINT ( 'NONE',  ( -0.2308589069795600468, 1.035000000000000364, 0.3394991525899668239 ) ) ;
#1146 = PRESENTATION_LAYER_ASSIGNMENT (  '', '', ( #2835 ) ) ;
#1147 = LINE ( 'NONE', #3302, #4239 ) ;
#1148 = CARTESIAN_POINT ( 'NONE',  ( -0.5131259277043459521, 1.024999999999999689, 0.7580082180372671452 ) ) ;
#1149 = CARTESIAN_POINT ( 'NONE',  ( -0.09784746123551664454, 1.034999999999999920, -0.9666695307625216005 ) ) ;
#1150 = CARTESIAN_POINT ( 'NONE',  ( 0.7974563114786952234, 1.035000000000000364, 0.9793131793324549861 ) ) ;
#1151 =( GEOMETRIC_REPRESENTATION_CONTEXT ( 3 ) GLOBAL_UNCERTAINTY_ASSIGNED_CONTEXT ( ( #1009 ) ) GLOBAL_UNIT_ASSIGNED_CONTEXT ( ( #3593, #1575, #966 ) ) REPRESENTATION_CONTEXT ( 'NONE', 'WORKASPACE' ) );
#1152 = LINE ( 'NONE', #2393, #5434 ) ;
#1153 = COLOUR_RGB ( '',1.000000000000000000, 1.000000000000000000, 1.000000000000000000 ) ;
#1154 = CARTESIAN_POINT ( 'NONE',  ( 0.3305557299090917112, 1.034999999999999920, 1.424506378665186146 ) ) ;
#1155 =( LENGTH_UNIT ( ) NAMED_UNIT ( * ) SI_UNIT ( .MILLI., .METRE. ) );
#1156 = EDGE_CURVE ( 'NONE', #2068, #5091, #1817, .T. ) ;
#1157 = CARTESIAN_POINT ( 'NONE',  ( -0.7882453496970034390, 1.035000000000000142, 1.355140911848129237 ) ) ;
#1158 = CARTESIAN_POINT ( 'NONE',  ( 0.7377506108318956368, 1.025000000000000133, -0.3959859115656119699 ) ) ;
#1159 = CARTESIAN_POINT ( 'NONE',  ( -0.3236184157683018592, 1.024999999999999689, -0.9838377706742026385 ) ) ;
#1160 = ORIENTED_EDGE ( 'NONE', *, *, #150, .T. ) ;
#1161 = VERTEX_POINT ( 'NONE', #1110 ) ;
#1162 = CARTESIAN_POINT ( 'NONE',  ( -0.3461538461538462008, 1.034999999999999920, 1.500000000000000222 ) ) ;
#1163 = CARTESIAN_POINT ( 'NONE',  ( 0.2401513906992601421, 1.034999999999999920, -0.9317271042448359575 ) ) ;
#1164 = VECTOR ( 'NONE', #58, 1000.000000000000000 ) ;
#1165 = CARTESIAN_POINT ( 'NONE',  ( -0.6535456730769231282, 1.024999999999999911, 1.219501201923077316 ) ) ;
#1166 =( NAMED_UNIT ( * ) PLANE_ANGLE_UNIT ( ) SI_UNIT ( $, .RADIAN. ) );
#1167 = CARTESIAN_POINT ( 'NONE',  ( 0.3269230769230769273, 1.024999999999999911, 0.9615384615384617861 ) ) ;
#1168 = EDGE_LOOP ( 'NONE', ( #3580, #3189, #2278, #5497 ) ) ;
#1169 = SURFACE_SIDE_STYLE ('',( #2825 ) ) ;
#1170 = ORIENTED_EDGE ( 'NONE', *, *, #3499, .F. ) ;
#1171 = STYLED_ITEM ( 'NONE', ( #4397 ), #5302 ) ;
#1172 = SURFACE_STYLE_USAGE ( .BOTH. , #213 ) ;
#1173 = LINE ( 'NONE', #5100, #73 ) ;
#1174 = LINE ( 'NONE', #2355, #6284 ) ;
#1175 = FILL_AREA_STYLE_COLOUR ( '', #40 ) ;
#1176 = CARTESIAN_POINT ( 'NONE',  ( 0.7430206277123668768, 1.034999999999999476, 1.113162156003707715 ) ) ;
#1177 = UNCERTAINTY_MEASURE_WITH_UNIT (LENGTH_MEASURE( 1.000000000000000082E-05 ), #3521, 'distance_accuracy_value', 'NONE');
#1178 = FACE_OUTER_BOUND ( 'NONE', #4442, .T. ) ;
#1179 = VECTOR ( 'NONE', #6435, 1000.000000000000227 ) ;
#1180 = DIRECTION ( 'NONE',  ( -0.000000000000000000, -1.000000000000000000, -0.000000000000000000 ) ) ;
#1181 = CARTESIAN_POINT ( 'NONE',  ( -0.4520274643897460032, 1.024999999999999911, 0.9621975019446505906 ) ) ;
#1182 = DIRECTION ( 'NONE',  ( -0.000000000000000000, -1.000000000000000000, -0.000000000000000000 ) ) ;
#1183 = PLANE ( 'NONE',  #4017 ) ;
#1184 = STYLED_ITEM ( 'NONE', ( #1132 ), #6436 ) ;
#1185 = CARTESIAN_POINT ( 'NONE',  ( -0.7209575719071996680, 1.025000000000000133, 0.9148738954979116489 ) ) ;
#1186 =( GEOMETRIC_REPRESENTATION_CONTEXT ( 3 ) GLOBAL_UNCERTAINTY_ASSIGNED_CONTEXT ( ( #2639 ) ) GLOBAL_UNIT_ASSIGNED_CONTEXT ( ( #4265, #5285, #4792 ) ) REPRESENTATION_CONTEXT ( 'NONE', 'WORKASPACE' ) );
#1187 = ORIENTED_EDGE ( 'NONE', *, *, #2646, .F. ) ;
#1188 = FACE_OUTER_BOUND ( 'NONE', #4831, .T. ) ;
#1189 =( NAMED_UNIT ( * ) SI_UNIT ( $, .STERADIAN. ) SOLID_ANGLE_UNIT ( ) );
#1190 = CARTESIAN_POINT ( 'NONE',  ( 0.07640875695867181683, 1.034999999999999920, 1.209179511122381756 ) ) ;
#1191 = FILL_AREA_STYLE ('',( #4680 ) ) ;
#1192 = CARTESIAN_POINT ( 'NONE',  ( -0.4524131457746682905, 1.035000000000000142, 1.162661105553342455 ) ) ;
#1193 =( NAMED_UNIT ( * ) SI_UNIT ( $, .STERADIAN. ) SOLID_ANGLE_UNIT ( ) );
#1194 = ORIENTED_EDGE ( 'NONE', *, *, #5573, .T. ) ;
#1195 = VERTEX_POINT ( 'NONE', #635 ) ;
#1196 = MECHANICAL_DESIGN_GEOMETRIC_PRESENTATION_REPRESENTATION (  '', ( #3897 ), #3775 ) ;
#1197 = CARTESIAN_POINT ( 'NONE',  ( -0.3593822592349284473, 1.024999999999999467, 0.9148849069587252636 ) ) ;
#1198 = CARTESIAN_POINT ( 'NONE',  ( 0.7942258204726675430, 1.034999999999999476, 1.001524615184221645 ) ) ;
#1199 = VERTEX_POINT ( 'NONE', #2190 ) ;
#1200 = CARTESIAN_POINT ( 'NONE',  ( 0.3273737980769230727, 1.034999999999999920, 1.433293269230769384 ) ) ;
#1201 = ORIENTED_EDGE ( 'NONE', *, *, #1777, .T. ) ;
#1202 = CARTESIAN_POINT ( 'NONE',  ( -0.7210733881017117319, 1.034999999999999920, 1.277465502956919075 ) ) ;
#1203 = CARTESIAN_POINT ( 'NONE',  ( -0.7302429383487287762, 1.024999999999999689, 0.9560362824859588438 ) ) ;
#1204 = FILL_AREA_STYLE_COLOUR ( '', #3438 ) ;
#1205 = CARTESIAN_POINT ( 'NONE',  ( -0.5865384615384614531, 1.034999999999999920, 0.7500000000000002220 ) ) ;
#1206 = ORIENTED_EDGE ( 'NONE', *, *, #5399, .F. ) ;
#1207 = CARTESIAN_POINT ( 'NONE',  ( 0.04351053239648314253, 1.024999999999999689, 0.8449640240426657956 ) ) ;
#1208 = CARTESIAN_POINT ( 'NONE',  ( -0.5337406439331073837, 1.024999999999999911, 0.1118237917961432681 ) ) ;
#1209 = SURFACE_SIDE_STYLE ('',( #1321 ) ) ;
#1210 = PRESENTATION_STYLE_ASSIGNMENT (( #5854 ) ) ;
#1211 = CARTESIAN_POINT ( 'NONE',  ( -0.3798942471436822510, 1.024999999999999689, 0.8579668031823561858 ) ) ;
#1212 = CARTESIAN_POINT ( 'NONE',  ( 0.4236032154974251895, 1.034999999999999920, 0.9560362824859588438 ) ) ;
#1213 = ORIENTED_EDGE ( 'NONE', *, *, #6422, .F. ) ;
#1214 = FILL_AREA_STYLE ('',( #3694 ) ) ;
#1215 = CARTESIAN_POINT ( 'NONE',  ( -0.3338942307692303046, 1.035000000000000142, 0.3461538461538462563 ) ) ;
#1216 = ADVANCED_FACE ( 'NONE', ( #5448 ), #2572, .T. ) ;
#1217 = CARTESIAN_POINT ( 'NONE',  ( 0.5207167764688062084, 1.024999999999999911, 0.8412040476659464749 ) ) ;
#1218 = FILL_AREA_STYLE_COLOUR ( '', #1576 ) ;
#1219 = CARTESIAN_POINT ( 'NONE',  ( -0.6918213401987398647, 1.024999999999999911, 0.8721003435082629318 ) ) ;
#1220 = ORIENTED_EDGE ( 'NONE', *, *, #4046, .T. ) ;
#1221 = CARTESIAN_POINT ( 'NONE',  ( 0.3606811036798523440, 1.034999999999999476, -1.077826688113032949 ) ) ;
#1222 = SURFACE_STYLE_FILL_AREA ( #536 ) ;
#1223 = MECHANICAL_DESIGN_GEOMETRIC_PRESENTATION_REPRESENTATION (  '', ( #1702 ), #2124 ) ;
#1224 = PLANE ( 'NONE',  #1053 ) ;
#1225 = FILL_AREA_STYLE ('',( #5281 ) ) ;
#1226 = AXIS2_PLACEMENT_3D ( 'NONE', #1141, #1618, #4363 ) ;
#1227 = COLOUR_RGB ( '',1.000000000000000000, 1.000000000000000000, 1.000000000000000000 ) ;
#1229 = LINE ( 'NONE', #4574, #5810 ) ;
#1228 =( LENGTH_UNIT ( ) NAMED_UNIT ( * ) SI_UNIT ( .MILLI., .METRE. ) );
#1230 = CARTESIAN_POINT ( 'NONE',  ( 0.2210184691641560728, 1.034999999999999698, 0.9498072415089913179 ) ) ;
#1231 = CARTESIAN_POINT ( 'NONE',  ( 0.1249999999999998890, 1.024999999999999911, 0.9579326923076927347 ) ) ;
#1232 = AXIS2_PLACEMENT_3D ( 'NONE', #2877, #3395, #408 ) ;
#1233 = CARTESIAN_POINT ( 'NONE',  ( -0.5604149365682948858, 1.034999999999999920, -0.3101462130629180081 ) ) ;
#1234 = CARTESIAN_POINT ( 'NONE',  ( 0.5497883491926220945, 1.024999999999999467, 0.8368925012777318484 ) ) ;
#1235 = EDGE_CURVE ( 'NONE', #3336, #4447, #5142, .T. ) ;
#1236 = COLOUR_RGB ( '',1.000000000000000000, 1.000000000000000000, 1.000000000000000000 ) ;
#1237 = EDGE_CURVE ( 'NONE', #3818, #4935, #2367, .T. ) ;
#1238 =( NAMED_UNIT ( * ) SI_UNIT ( $, .STERADIAN. ) SOLID_ANGLE_UNIT ( ) );
#1239 = SURFACE_STYLE_USAGE ( .BOTH. , #203 ) ;
#1240 = CARTESIAN_POINT ( 'NONE',  ( -0.8045570349474158167, 1.024999999999999911, 0.8706527266382477759 ) ) ;
#1241 = CARTESIAN_POINT ( 'NONE',  ( 0.3480931429538268729, 1.034999999999999476, -1.057696923497338348 ) ) ;
#1242 = CARTESIAN_POINT ( 'NONE',  ( -0.3242788461538456679, 1.035000000000000142, 0.1923076923076923184 ) ) ;
#1243 =( NAMED_UNIT ( * ) PLANE_ANGLE_UNIT ( ) SI_UNIT ( $, .RADIAN. ) );
#1244 = CARTESIAN_POINT ( 'NONE',  ( -0.1361177884615386025, 1.034999999999999920, 1.403846153846154410 ) ) ;
#1245 = COLOUR_RGB ( '',1.000000000000000000, 1.000000000000000000, 1.000000000000000000 ) ;
#1246 = ADVANCED_FACE ( 'NONE', ( #5363 ), #311, .T. ) ;
#1247 = CARTESIAN_POINT ( 'NONE',  ( 0.7835722909579158069, 1.024999999999999911, -0.2616051572647334345 ) ) ;
#1248 = CARTESIAN_POINT ( 'NONE',  ( -1.604999999999999982, -1.025000000000000577, -1.574999999999999734 ) ) ;
#1249 = CARTESIAN_POINT ( 'NONE',  ( -0.1361177884615386025, 1.024999999999999911, 1.403846153846154410 ) ) ;
#1250 = CARTESIAN_POINT ( 'NONE',  ( -0.2500000000000001110, 1.034999999999999920, 0.9615384615384620082 ) ) ;
#1251 = CARTESIAN_POINT ( 'NONE',  ( -0.7732125873212843947, 1.024999999999999689, 1.334250950148671899 ) ) ;
#1252 = VECTOR ( 'NONE', #5481, 1000.000000000000000 ) ;
#1253 = CARTESIAN_POINT ( 'NONE',  ( -0.2495492788461539657, 1.024999999999999911, 1.433293269230769607 ) ) ;
#1254 = VERTEX_POINT ( 'NONE', #5846 ) ;
#1255 = CARTESIAN_POINT ( 'NONE',  ( -0.5990718725262587085, 1.024999999999999689, 1.172529277259950931 ) ) ;
#1256 = CARTESIAN_POINT ( 'NONE',  ( -1.604999999999999982, -1.075000000000000400, 1.574999999999999956 ) ) ;
#1257 = CARTESIAN_POINT ( 'NONE',  ( -0.7386460975405226836, 1.034999999999999920, 0.7911853970708486727 ) ) ;
#1258 = CARTESIAN_POINT ( 'NONE',  ( 0.2826923076923082423, 1.034999999999999920, -0.9798677884615384359 ) ) ;
#1259 = ORIENTED_EDGE ( 'NONE', *, *, #1971, .F. ) ;
#1260 = CARTESIAN_POINT ( 'NONE',  ( -0.4231165145142969375, 1.035000000000000142, 0.1811361825164377326 ) ) ;
#1261 =( LENGTH_UNIT ( ) NAMED_UNIT ( * ) SI_UNIT ( .MILLI., .METRE. ) );
#1262 = STYLED_ITEM ( 'NONE', ( #3017 ), #3939 ) ;
#1263 = ORIENTED_EDGE ( 'NONE', *, *, #2460, .F. ) ;
#1264 = CARTESIAN_POINT ( 'NONE',  ( 0.2381260191214930044, 1.034999999999999698, -0.8127853324200386975 ) ) ;
#1265 = CARTESIAN_POINT ( 'NONE',  ( 0.3647235576923080758, 1.034999999999999920, -1.085036057692307709 ) ) ;
#1266 = CARTESIAN_POINT ( 'NONE',  ( 0.1863848271403546752, 1.035000000000000364, 0.8407290785386316578 ) ) ;
#1267 = CARTESIAN_POINT ( 'NONE',  ( 0.2571514423076928235, 1.024999999999999911, -1.269230769230769162 ) ) ;
#1268 = CARTESIAN_POINT ( 'NONE',  ( 0.4479094431671649668, 1.035000000000000142, 1.263398958623645596 ) ) ;
#1269 = CARTESIAN_POINT ( 'NONE',  ( 0.4529646715677454472, 1.024999999999999689, 0.8814623108698970144 ) ) ;
#1270 = EDGE_CURVE ( 'NONE', #4122, #1516, #994, .T. ) ;
#1271 = EDGE_CURVE ( 'NONE', #4484, #2102, #4454, .T. ) ;
#1272 = FACE_OUTER_BOUND ( 'NONE', #6515, .T. ) ;
#1273 = CARTESIAN_POINT ( 'NONE',  ( 0.4854209920678782542, 1.034999999999999698, -0.1830055520264644575 ) ) ;
#1274 = CARTESIAN_POINT ( 'NONE',  ( -0.08712521564218052295, 1.025000000000000133, -1.149688886720175551 ) ) ;
#1275 = ADVANCED_FACE ( 'NONE', ( #6147 ), #4462, .T. ) ;
#1276 = FILL_AREA_STYLE ('',( #5381 ) ) ;
#1277 = CARTESIAN_POINT ( 'NONE',  ( -0.4169036892677493999, 1.025000000000000577, -0.8963014364629707798 ) ) ;
#1278 = ORIENTED_EDGE ( 'NONE', *, *, #4351, .F. ) ;
#1279 = CARTESIAN_POINT ( 'NONE',  ( 0.3944003306930352060, 1.034999999999999698, 1.317561331180454154 ) ) ;
#1280 = CARTESIAN_POINT ( 'NONE',  ( 0.5530772984843815854, 1.024999999999999467, 1.295053357843855446 ) ) ;
#1281 = CARTESIAN_POINT ( 'NONE',  ( -0.3363150999152985099, 1.025000000000000133, 0.1921610990765486304 ) ) ;
#1282 = DIRECTION ( 'NONE',  ( 1.000000000000000000, 0.000000000000000000, 0.000000000000000000 ) ) ;
#1283 = UNCERTAINTY_MEASURE_WITH_UNIT (LENGTH_MEASURE( 1.000000000000000082E-05 ), #5873, 'distance_accuracy_value', 'NONE');
#1284 = CARTESIAN_POINT ( 'NONE',  ( 0.3268078581907115088, 1.034999999999999698, -0.7899052677540470135 ) ) ;
#1285 = CARTESIAN_POINT ( 'NONE',  ( 0.03770079244571857696, 1.024999999999999467, 0.2615668493694585095 ) ) ;
#1286 = ORIENTED_EDGE ( 'NONE', *, *, #179, .F. ) ;
#1287 = AXIS2_PLACEMENT_3D ( 'NONE', #2764, #4257, #1768 ) ;
#1288 = PRESENTATION_STYLE_ASSIGNMENT (( #6314 ) ) ;
#1289 = CARTESIAN_POINT ( 'NONE',  ( -0.5486251326171897036, 1.024999999999999911, 0.09188366501596632874 ) ) ;
#1290 = CARTESIAN_POINT ( 'NONE',  ( -0.6167312096664295806, 1.024999999999999911, 1.308609899621553385 ) ) ;
#1291 = CARTESIAN_POINT ( 'NONE',  ( 0.4620248136474141565, 1.035000000000000364, 0.8721003435082631539 ) ) ;
#1292 = ORIENTED_EDGE ( 'NONE', *, *, #4675, .T. ) ;
#1293 = CARTESIAN_POINT ( 'NONE',  ( -0.07662259615384627021, 1.024999999999999911, 1.219501201923077538 ) ) ;
#1294 = VECTOR ( 'NONE', #2586, 1000.000000000000000 ) ;
#1295 = B_SPLINE_CURVE_WITH_KNOTS ( 'NONE', 3,
 ( #1715, #5236, #3764, #2196, #1217, #5737, #2741, #5275, #3269, #4800, #6231, #2246, #182, #2265, #680, #5751, #2724, #5785, #2763 ),
 .UNSPECIFIED., .F., .F.,
 ( 4, 1, 1, 1, 1, 1, 1, 1, 1, 1, 1, 1, 1, 1, 1, 1, 4 ),
 ( 0.000000000000000000, 0.07069648334337651219, 0.1383582132030683198, 0.2033698682591697782, 0.2657002133402295851, 0.3272558681973763983, 0.3865123433292942390, 0.4458582974819494393, 0.5051731438069388958, 0.5637797628070202460, 0.6223430642934396628, 0.6808235796100192694, 0.7397951568104398357, 0.8008011629883834415, 0.8642394615769080080, 0.9306310981734532417, 1.000000000000000000 ),
 .UNSPECIFIED. ) ;
#1296 = CARTESIAN_POINT ( 'NONE',  ( -1.499999999999996891, 1.034999999999999920, -1.650000000000000799 ) ) ;
#1297 = SURFACE_STYLE_USAGE ( .BOTH. , #4354 ) ;
#1298 = CARTESIAN_POINT ( 'NONE',  ( -0.1235576923076917993, 1.035000000000000142, -1.129507211538461453 ) ) ;
#1299 =( NAMED_UNIT ( * ) SI_UNIT ( $, .STERADIAN. ) SOLID_ANGLE_UNIT ( ) );
#1300 =( NAMED_UNIT ( * ) PLANE_ANGLE_UNIT ( ) SI_UNIT ( $, .RADIAN. ) );
#1301 = CARTESIAN_POINT ( 'NONE',  ( -0.8269230769230768718, 1.024999999999999911, 0.9615384615384615641 ) ) ;
#1302 = VECTOR ( 'NONE', #6048, 1000.000000000000000 ) ;
#1303 = LINE ( 'NONE', #3248, #522 ) ;
#1304 = FACE_OUTER_BOUND ( 'NONE', #1363, .T. ) ;
#1305 = CARTESIAN_POINT ( 'NONE',  ( -0.5751048536003156020, 1.035000000000000142, 1.150978442549882574 ) ) ;
#1306 = B_SPLINE_CURVE_WITH_KNOTS ( 'NONE', 3,
 ( #5948, #3459, #3570, #5553, #495, #3982, #5510 ),
 .UNSPECIFIED., .F., .F.,
 ( 4, 1, 1, 1, 4 ),
 ( 0.000000000000000000, 0.2802804073183726707, 0.5322082839513375685, 0.7701071987037836353, 1.000000000000000000 ),
 .UNSPECIFIED. ) ;
#1307 = CARTESIAN_POINT ( 'NONE',  ( 0.8487085151183106912, 1.024999999999999689, -0.4154018049632465237 ) ) ;
#1308 = CARTESIAN_POINT ( 'NONE',  ( 0.5107572115384620970, 1.025000000000000133, -0.02223557692307692041 ) ) ;
#1309 = ORIENTED_EDGE ( 'NONE', *, *, #2684, .T. ) ;
#1310 = STYLED_ITEM ( 'NONE', ( #4627 ), #3000 ) ;
#1311 = CARTESIAN_POINT ( 'NONE',  ( 0.8391768866871927024, 1.025000000000000133, -0.4340823287024250243 ) ) ;
#1312 = EDGE_CURVE ( 'NONE', #1819, #4476, #6519, .T. ) ;
#1313 = CARTESIAN_POINT ( 'NONE',  ( -0.4848726345497612611, 1.034999999999999920, -0.8210339849193231121 ) ) ;
#1314 = CARTESIAN_POINT ( 'NONE',  ( 0.7942258204726675430, 1.034999999999999476, 1.001524615184221645 ) ) ;
#1315 = SURFACE_STYLE_FILL_AREA ( #1473 ) ;
#1316 = ADVANCED_FACE ( 'NONE', ( #4183 ), #3924, .F. ) ;
#1317 = CARTESIAN_POINT ( 'NONE',  ( 0.2205949598000909728, 1.035000000000000142, -0.8411998290986865134 ) ) ;
#1318 = ORIENTED_EDGE ( 'NONE', *, *, #162, .T. ) ;
#1319 = CARTESIAN_POINT ( 'NONE',  ( -0.3559046077589207435, 1.024999999999999911, 0.9498072415089910958 ) ) ;
#1320 = CARTESIAN_POINT ( 'NONE',  ( -1.849999999999999645, 1.024999999999999911, 2.000000000000000000 ) ) ;
#1321 = SURFACE_STYLE_FILL_AREA ( #3316 ) ;
#1322 = EDGE_CURVE ( 'NONE', #1118, #3154, #521, .T. ) ;
#1323 = VECTOR ( 'NONE', #6128, 1000.000000000000000 ) ;
#1324 = CARTESIAN_POINT ( 'NONE',  ( -0.5462354562025001359, 1.025000000000000133, 0.8412721904612345813 ) ) ;
#1325 = CARTESIAN_POINT ( 'NONE',  ( 0.7837557416071432304, 1.035000000000000364, -0.4405436568411988385 ) ) ;
#1326 = CARTESIAN_POINT ( 'NONE',  ( -0.8269230769230769829, 1.034999999999999920, 0.9615384615384617861 ) ) ;
#1327 = CARTESIAN_POINT ( 'NONE',  ( 0.6996704596483112049, 1.035000000000000142, 0.9333452975440976740 ) ) ;
#1328 = CARTESIAN_POINT ( 'NONE',  ( 0.4187397839834055557, 1.034999999999999920, 1.291137545940029163 ) ) ;
#1329 = CARTESIAN_POINT ( 'NONE',  ( -0.4830361866817420857, 1.024999999999999911, 1.050369067633049491 ) ) ;
#1330 = CARTESIAN_POINT ( 'NONE',  ( -1.499999999999996891, 1.024999999999999911, -1.550000000000000711 ) ) ;
#1331 = CARTESIAN_POINT ( 'NONE',  ( 0.7558993943418096384, 1.035000000000000364, -0.2316214222362033837 ) ) ;
#1332 = MECHANICAL_DESIGN_GEOMETRIC_PRESENTATION_REPRESENTATION (  '', ( #3725 ), #4752 ) ;
#1333 = CARTESIAN_POINT ( 'NONE',  ( -0.2490162095564817657, 1.025000000000000133, 0.9531584188986654826 ) ) ;
#1334 = CARTESIAN_POINT ( 'NONE',  ( -0.2241533231784429425, 1.034999999999999698, -1.063631701879000024 ) ) ;
#1335 = CARTESIAN_POINT ( 'NONE',  ( -0.5923076923076919797, 1.025000000000000133, -0.09104567307692308653 ) ) ;
#1336 = PRESENTATION_STYLE_ASSIGNMENT (( #251 ) ) ;
#1337 = CARTESIAN_POINT ( 'NONE',  ( -0.7242078780703772312, 1.034999999999999476, -0.3795226689951302634 ) ) ;
#1338 = CARTESIAN_POINT ( 'NONE',  ( 0.2153846153846159794, 1.025000000000000133, -0.8756009615384615641 ) ) ;
#1339 = CARTESIAN_POINT ( 'NONE',  ( 0.07244802049386153686, 1.035000000000000142, 1.078940445635440781 ) ) ;
#1340 = CARTESIAN_POINT ( 'NONE',  ( 0.1591258674102027093, 1.024999999999999911, 0.8091909101105899671 ) ) ;
#1341 = STYLED_ITEM ( 'NONE', ( #2581 ), #1049 ) ;
#1342 = EDGE_LOOP ( 'NONE', ( #5202, #977, #4536, #3271 ) ) ;
#1343 = ADVANCED_FACE ( 'NONE', ( #2498 ), #4837, .T. ) ;
#1344 =( NAMED_UNIT ( * ) PLANE_ANGLE_UNIT ( ) SI_UNIT ( $, .RADIAN. ) );
#1345 = CARTESIAN_POINT ( 'NONE',  ( 0.6969651048187054387, 1.034999999999999698, 0.9216901571185674991 ) ) ;
#1346 = CARTESIAN_POINT ( 'NONE',  ( 0.2874816416264610042, 1.034999999999999254, -1.113969992589462388 ) ) ;
#1347 = EDGE_LOOP ( 'NONE', ( #581, #4597, #6315, #3430 ) ) ;
#1348 = CARTESIAN_POINT ( 'NONE',  ( 0.6873853076905492854, 1.025000000000000133, 0.9000261689353129535 ) ) ;
#1349 = AXIS2_PLACEMENT_3D ( 'NONE', #1492, #1059, #3529 ) ;
#1350 = ORIENTED_EDGE ( 'NONE', *, *, #4866, .T. ) ;
#1351 = B_SPLINE_CURVE_WITH_KNOTS ( 'NONE', 3,
 ( #2080, #6167, #5619, #6119, #3115, #3156, #3616, #564, #4117, #4625, #1598, #5146, #88, #6285, #2295, #810, #2768, #2317, #5878 ),
 .UNSPECIFIED., .F., .F.,
 ( 4, 1, 1, 1, 1, 1, 1, 1, 1, 1, 1, 1, 1, 1, 1, 1, 4 ),
 ( 0.000000000000000000, 0.05794487546232589964, 0.1160176254256826689, 0.1748257843638406361, 0.2346830900793710206, 0.2968270303289142764, 0.3640613359637882573, 0.4361924240497391247, 0.5142601195414410187, 0.5569758971654885649, 0.6048559283836539846, 0.6576752010734879805, 0.7157505846619325318, 0.7788397991664557374, 0.8475011894738632146, 0.9212282309463235563, 1.000000000000000000 ),
 .UNSPECIFIED. ) ;
#1352 =( NAMED_UNIT ( * ) SI_UNIT ( $, .STERADIAN. ) SOLID_ANGLE_UNIT ( ) );
#1353 = CARTESIAN_POINT ( 'NONE',  ( -0.03496395161090221082, 1.024999999999999911, 0.7505253949516117462 ) ) ;
#1354 = ORIENTED_EDGE ( 'NONE', *, *, #2172, .T. ) ;
#1355 = CARTESIAN_POINT ( 'NONE',  ( 0.1140217717651568069, 1.024999999999999689, -1.079663485806535261 ) ) ;
#1356 = CARTESIAN_POINT ( 'NONE',  ( -0.1782412323997484283, 1.035000000000000142, 0.3299898398132219968 ) ) ;
#1357 = MECHANICAL_DESIGN_GEOMETRIC_PRESENTATION_REPRESENTATION (  '', ( #2843 ), #3956 ) ;
#1358 = CARTESIAN_POINT ( 'NONE',  ( 0.6125160628963287612, 1.024999999999999911, 1.245493178173427085 ) ) ;
#1359 = CARTESIAN_POINT ( 'NONE',  ( -0.2577146742192040207, 1.024999999999999911, 1.466000064178921480 ) ) ;
#1360 = CARTESIAN_POINT ( 'NONE',  ( -0.4973557692307689071, 1.035000000000000142, -0.8061899038461539657 ) ) ;
#1361 = CARTESIAN_POINT ( 'NONE',  ( 0.7021998334245739271, 1.034999999999999698, 0.7831533228634257604 ) ) ;
#1362 = STYLED_ITEM ( 'NONE', ( #1975 ), #285 ) ;
#1363 = EDGE_LOOP ( 'NONE', ( #4686, #2418, #3286, #6139, #2862, #4551, #1894, #4921, #323, #4887, #1213, #630, #5245, #6540, #5869, #1206, #5168, #5915, #3627, #5861, #5130, #4740 ) ) ;
#1364 =( NAMED_UNIT ( * ) SI_UNIT ( $, .STERADIAN. ) SOLID_ANGLE_UNIT ( ) );
#1365 = CARTESIAN_POINT ( 'NONE',  ( 0.5035675598360680461, 1.034999999999999920, -1.008896259176364385 ) ) ;
#1366 = CARTESIAN_POINT ( 'NONE',  ( 0.7199380304298355071, 1.024999999999999467, 0.7952156366747696881 ) ) ;
#1367 = LINE ( 'NONE', #163, #5039 ) ;
#1368 = CARTESIAN_POINT ( 'NONE',  ( 0.1101049478011315585, 1.034999999999999920, 1.177012512762981800 ) ) ;
#1369 = CARTESIAN_POINT ( 'NONE',  ( 0.5652043269230768718, 1.034999999999999920, 0.8365384615384617861 ) ) ;
#1370 = FACE_OUTER_BOUND ( 'NONE', #1898, .T. ) ;
#1371 = UNCERTAINTY_MEASURE_WITH_UNIT (LENGTH_MEASURE( 1.000000000000000082E-05 ), #2782, 'distance_accuracy_value', 'NONE');
#1372 =( LENGTH_UNIT ( ) NAMED_UNIT ( * ) SI_UNIT ( .MILLI., .METRE. ) );
#1373 = ORIENTED_EDGE ( 'NONE', *, *, #2277, .F. ) ;
#1374 = CARTESIAN_POINT ( 'NONE',  ( -0.6074319325474580866, 1.024999999999999911, -0.6487998170869914150 ) ) ;
#1375 = CARTESIAN_POINT ( 'NONE',  ( -0.4796274038461533773, 1.024999999999999467, -0.5255408653846154188 ) ) ;
#1376 = FACE_OUTER_BOUND ( 'NONE', #1168, .T. ) ;
#1377 = CARTESIAN_POINT ( 'NONE',  ( -0.2356423811577771921, 1.035000000000000364, 0.8912785242938495722 ) ) ;
#1378 = CARTESIAN_POINT ( 'NONE',  ( 0.6459597251254767247, 1.034999999999999920, -0.1307696941625377529 ) ) ;
#1379 = ADVANCED_FACE ( 'NONE', ( #3467 ), #3766, .T. ) ;
#1380 = B_SPLINE_CURVE_WITH_KNOTS ( 'NONE', 3,
 ( #421, #5901, #4393, #4419, #1911, #5942, #1355, #2890, #3925, #4919, #2942, #4489, #1867 ),
 .UNSPECIFIED., .F., .F.,
 ( 4, 1, 1, 1, 1, 1, 1, 1, 1, 1, 4 ),
 ( 0.000000000000000000, 0.04398504629311398434, 0.09255174981888075747, 0.1471760916490177651, 0.2077162963000876994, 0.3374908720733645895, 0.4746268733997882627, 0.6145941873578287806, 0.7553687989046374840, 0.8864344517503219834, 1.000000000000000000 ),
 .UNSPECIFIED. ) ;
#1381 = CARTESIAN_POINT ( 'NONE',  ( -0.2423351168709556303, 1.024999999999999911, 0.9132441222960763216 ) ) ;
#1383 = LINE ( 'NONE', #370, #5426 ) ;
#1382 = CARTESIAN_POINT ( 'NONE',  ( -0.4339081234163183476, 1.034999999999999920, 0.7952156366747696881 ) ) ;
#1384 = CARTESIAN_POINT ( 'NONE',  ( 0.7944638946112254629, 1.035000000000000142, 0.9148849069587257077 ) ) ;
#1385 = VERTEX_POINT ( 'NONE', #1000 ) ;
#1386 = LINE ( 'NONE', #1360, #5276 ) ;
#1387 = FACE_OUTER_BOUND ( 'NONE', #2235, .T. ) ;
#1388 = MECHANICAL_DESIGN_GEOMETRIC_PRESENTATION_REPRESENTATION (  '', ( #1621 ), #3312 ) ;
#1389 = CARTESIAN_POINT ( 'NONE',  ( -0.4520274769486910538, 1.024999999999999911, 0.9537176434545550086 ) ) ;
#1390 = CARTESIAN_POINT ( 'NONE',  ( 0.7637620192307699174, 1.025000000000000133, -0.2397836538461539380 ) ) ;
#1391 = CARTESIAN_POINT ( 'NONE',  ( 0.09428627689420837621, 1.034999999999999920, 1.192704292644374720 ) ) ;
#1392 = CARTESIAN_POINT ( 'NONE',  ( -0.01693200486031759197, 1.024999999999999911, 0.8366581879303760516 ) ) ;
#1393 = ORIENTED_EDGE ( 'NONE', *, *, #2641, .T. ) ;
#1394 = CARTESIAN_POINT ( 'NONE',  ( 0.6873853076905492854, 1.035000000000000142, 0.9000261689353129535 ) ) ;
#1395 = VECTOR ( 'NONE', #2676, 1000.000000000000000 ) ;
#1396 = B_SPLINE_CURVE_WITH_KNOTS ( 'NONE', 3,
 ( #1461, #6430, #5490, #3883, #4470, #2442, #362, #1361, #919, #1919, #945, #3391, #5973, #6475, #3460, #1384, #5888, #1433, #6385 ),
 .UNSPECIFIED., .F., .F.,
 ( 4, 1, 1, 1, 1, 1, 1, 1, 1, 1, 1, 1, 1, 1, 1, 1, 4 ),
 ( 0.000000000000000000, 0.07471189030450135771, 0.1455392023749086383, 0.2133390572509725469, 0.2786150735384710919, 0.3420941969414981743, 0.4038900759591956824, 0.4650633525655207268, 0.5265767363834863435, 0.5873283340287679399, 0.6463804557031436193, 0.7043453083753261623, 0.7616719489990788627, 0.8194178590468652601, 0.8780393997816821061, 0.9377955090070549948, 1.000000000000000000 ),
 .UNSPECIFIED. ) ;
#1397 = CARTESIAN_POINT ( 'NONE',  ( 0.5285331315712945566, 1.024999999999999911, 1.195738238068862147 ) ) ;
#1398 = AXIS2_PLACEMENT_3D ( 'NONE', #1680, #556, #127 ) ;
#1399 = CARTESIAN_POINT ( 'NONE',  ( 0.7637620192307698064, 1.024999999999999911, -0.2397836538461539102 ) ) ;
#1400 = CARTESIAN_POINT ( 'NONE',  ( 0.1104622307674721499, 1.034999999999999920, 0.9000261689353128425 ) ) ;
#1401 = CARTESIAN_POINT ( 'NONE',  ( 0.3492891188987382600, 1.025000000000000355, 0.8706527266382479979 ) ) ;
#1402 = FILL_AREA_STYLE ('',( #2388 ) ) ;
#1403 = CARTESIAN_POINT ( 'NONE',  ( -0.2596153846153847478, 1.034999999999999920, 1.500000000000000444 ) ) ;
#1404 = FACE_OUTER_BOUND ( 'NONE', #2746, .T. ) ;
#1405 = PRESENTATION_STYLE_ASSIGNMENT (( #1297 ) ) ;
#1406 =( NAMED_UNIT ( * ) PLANE_ANGLE_UNIT ( ) SI_UNIT ( $, .RADIAN. ) );
#1407 = DIRECTION ( 'NONE',  ( -0.000000000000000000, -1.000000000000000000, -0.000000000000000000 ) ) ;
#1408 = CARTESIAN_POINT ( 'NONE',  ( 0.4595716186586141228, 1.024999999999999689, 1.378555665817288833 ) ) ;
#1409 = CARTESIAN_POINT ( 'NONE',  ( -0.1300299004474990694, 1.025000000000000133, 1.395641797569607379 ) ) ;
#1410 =( LENGTH_UNIT ( ) NAMED_UNIT ( * ) SI_UNIT ( .MILLI., .METRE. ) );
#1411 = EDGE_CURVE ( 'NONE', #2082, #4361, #5877, .T. ) ;
#1412 = FACE_OUTER_BOUND ( 'NONE', #3490, .T. ) ;
#1413 = CARTESIAN_POINT ( 'NONE',  ( -0.4522323041211668282, 1.024999999999999911, 0.9454479468394777486 ) ) ;
#1414 = ORIENTED_EDGE ( 'NONE', *, *, #6422, .T. ) ;
#1415 = CARTESIAN_POINT ( 'NONE',  ( 0.2504346767130117279, 1.024999999999999911, -1.269029477025444441 ) ) ;
#1416 = ADVANCED_FACE ( 'NONE', ( #911 ), #1034, .F. ) ;
#1417 = CARTESIAN_POINT ( 'NONE',  ( 0.02074202968274620196, 1.034999999999999920, 1.258173606474872752 ) ) ;
#1418 = CARTESIAN_POINT ( 'NONE',  ( 0.07244802049386153686, 1.025000000000000133, 1.078940445635440781 ) ) ;
#1419 = CARTESIAN_POINT ( 'NONE',  ( 0.6969651048187054387, 1.034999999999999698, 0.9216901571185674991 ) ) ;
#1420 = CARTESIAN_POINT ( 'NONE',  ( -0.8365384615384615641, 1.034999999999999920, 1.500000000000000222 ) ) ;
#1421 = ORIENTED_EDGE ( 'NONE', *, *, #5310, .F. ) ;
#1422 =( GEOMETRIC_REPRESENTATION_CONTEXT ( 3 ) GLOBAL_UNCERTAINTY_ASSIGNED_CONTEXT ( ( #677 ) ) GLOBAL_UNIT_ASSIGNED_CONTEXT ( ( #5755, #1733, #4298 ) ) REPRESENTATION_CONTEXT ( 'NONE', 'WORKASPACE' ) );
#1423 = CARTESIAN_POINT ( 'NONE',  ( -0.4695860310905232149, 1.035000000000000142, -0.5455223592266811306 ) ) ;
#1424 = CARTESIAN_POINT ( 'NONE',  ( -0.7247408575763278904, 1.035000000000000364, 0.1240900372869518653 ) ) ;
#1425 = FILL_AREA_STYLE ('',( #3452 ) ) ;
#1426 = CARTESIAN_POINT ( 'NONE',  ( -0.8365384615384616751, 1.024999999999999911, 1.500000000000000444 ) ) ;
#1427 = CARTESIAN_POINT ( 'NONE',  ( 0.5214117085729133017, 1.035000000000000142, -0.03040106579908926840 ) ) ;
#1428 = CARTESIAN_POINT ( 'NONE',  ( 0.4903629656854134322, 1.024999999999999245, 1.348635032081523466 ) ) ;
#1429 = CARTESIAN_POINT ( 'NONE',  ( -0.2308589069795600468, 1.025000000000000355, 0.3394991525899668239 ) ) ;
#1430 = ORIENTED_EDGE ( 'NONE', *, *, #5439, .T. ) ;
#1431 = CARTESIAN_POINT ( 'NONE',  ( -0.3641093951549729812, 1.035000000000000142, 0.8949845457384372205 ) ) ;
#1432 = CARTESIAN_POINT ( 'NONE',  ( 0.5899939903846154188, 1.024999999999999689, 1.264723557692307931 ) ) ;
#1433 = CARTESIAN_POINT ( 'NONE',  ( 0.7979415460872331112, 1.034999999999999698, 0.9498072415089909848 ) ) ;
#1434 = CARTESIAN_POINT ( 'NONE',  ( 0.4264246871617130008, 1.034999999999999920, -1.228171464447248118 ) ) ;
#1435 = ORIENTED_EDGE ( 'NONE', *, *, #798, .F. ) ;
#1436 = MECHANICAL_DESIGN_GEOMETRIC_PRESENTATION_REPRESENTATION (  '', ( #3518 ), #1763 ) ;
#1437 = CARTESIAN_POINT ( 'NONE',  ( 0.6619532218267274448, 1.034999999999999698, -0.3271492266832871088 ) ) ;
#1438 = VERTEX_POINT ( 'NONE', #3757 ) ;
#1439 = CARTESIAN_POINT ( 'NONE',  ( -0.6167312096664295806, 1.034999999999999920, 1.308609899621553385 ) ) ;
#1440 = CARTESIAN_POINT ( 'NONE',  ( -0.07763924145519682241, 1.034999999999999920, 1.340513759941373451 ) ) ;
#1441 = CARTESIAN_POINT ( 'NONE',  ( 0.1101049478011315585, 1.024999999999999689, 1.177012512762981800 ) ) ;
#1442 = CARTESIAN_POINT ( 'NONE',  ( -0.05620630045427086469, 1.025000000000000133, 0.8412040476659468080 ) ) ;
#1443 = MECHANICAL_DESIGN_GEOMETRIC_PRESENTATION_REPRESENTATION (  '', ( #412 ), #1773 ) ;
#1444 = CARTESIAN_POINT ( 'NONE',  ( 0.5940888748797414909, 1.024999999999999911, 0.8385928700513110012 ) ) ;
#1445 = EDGE_CURVE ( 'NONE', #3506, #3409, #4317, .T. ) ;
#1446 = COLOUR_RGB ( '',0.7921568627450980005, 0.8196078431372548767, 0.9333333333333333481 ) ;
#1447 = CARTESIAN_POINT ( 'NONE',  ( 0.5673076923076922906, 1.034999999999999920, 0.7500000000000002220 ) ) ;
#1448 =( NAMED_UNIT ( * ) SI_UNIT ( $, .STERADIAN. ) SOLID_ANGLE_UNIT ( ) );
#1449 = ORIENTED_EDGE ( 'NONE', *, *, #6431, .F. ) ;
#1450 = CARTESIAN_POINT ( 'NONE',  ( -0.6311577940984554047, 1.035000000000000364, 0.2530576970778043999 ) ) ;
#1451 = MECHANICAL_DESIGN_GEOMETRIC_PRESENTATION_REPRESENTATION (  '', ( #3195 ), #2209 ) ;
#1452 = CARTESIAN_POINT ( 'NONE',  ( 0.4329612670175467803, 1.024999999999999911, 0.7800866347188735173 ) ) ;
#1453 = CARTESIAN_POINT ( 'NONE',  ( 0.3403532860644428726, 1.024999999999999467, -0.07696020405434063349 ) ) ;
#1454 = CARTESIAN_POINT ( 'NONE',  ( -1.849999999999999645, -1.024999999999999911, 1.849999999999999423 ) ) ;
#1455 = CARTESIAN_POINT ( 'NONE',  ( 0.6792223042076592776, 1.024999999999999911, -0.1594294256854960901 ) ) ;
#1456 = EDGE_CURVE ( 'NONE', #1522, #1118, #6375, .T. ) ;
#1457 = PRESENTATION_LAYER_ASSIGNMENT (  '', '', ( #217 ) ) ;
#1458 = PRESENTATION_STYLE_ASSIGNMENT (( #4957 ) ) ;
#1459 = ADVANCED_FACE ( 'NONE', ( #4892 ), #5327, .F. ) ;
#1460 = CARTESIAN_POINT ( 'NONE',  ( -0.1780739279415826659, 1.024999999999999911, 0.8038894595579944014 ) ) ;
#1461 = CARTESIAN_POINT ( 'NONE',  ( 0.5673076923076922906, 1.034999999999999920, 0.7500000000000002220 ) ) ;
#1462 = PRESENTATION_LAYER_ASSIGNMENT (  '', '', ( #432 ) ) ;
#1463 = ORIENTED_EDGE ( 'NONE', *, *, #4997, .T. ) ;
#1464 = CARTESIAN_POINT ( 'NONE',  ( 0.3492891188987382600, 1.035000000000000364, 0.8706527266382479979 ) ) ;
#1465 = UNCERTAINTY_MEASURE_WITH_UNIT (LENGTH_MEASURE( 1.000000000000000082E-05 ), #1835, 'distance_accuracy_value', 'NONE');
#1466 = CARTESIAN_POINT ( 'NONE',  ( -0.5886418269230768718, 1.025000000000000133, 0.8365384615384617861 ) ) ;
#1467 = VERTEX_POINT ( 'NONE', #2823 ) ;
#1468 = CARTESIAN_POINT ( 'NONE',  ( 0.1369608420716999231, 1.034999999999999698, 1.149153048603420046 ) ) ;
#1469 = CARTESIAN_POINT ( 'NONE',  ( 0.3861230175919913021, 1.024999999999999911, -0.8265909181066614098 ) ) ;
#1470 = CARTESIAN_POINT ( 'NONE',  ( -0.8281944903926312662, 1.024999999999999689, 1.438671195898516331 ) ) ;
#1471 = FILL_AREA_STYLE ('',( #2988 ) ) ;
#1472 = DIRECTION ( 'NONE',  ( -2.644395542647571766E-16, 1.000000000000000000, 0.000000000000000000 ) ) ;
#1473 = FILL_AREA_STYLE ('',( #6508 ) ) ;
#1474 =( NAMED_UNIT ( * ) PLANE_ANGLE_UNIT ( ) SI_UNIT ( $, .RADIAN. ) );
#1475 = CARTESIAN_POINT ( 'NONE',  ( -0.3106497177393194309, 1.024999999999999689, 0.1919601521312886416 ) ) ;
#1476 = CARTESIAN_POINT ( 'NONE',  ( 0.6125160628963287612, 1.024999999999999467, 1.245493178173427085 ) ) ;
#1477 = COLOUR_RGB ( '',1.000000000000000000, 1.000000000000000000, 1.000000000000000000 ) ;
#1478 = CARTESIAN_POINT ( 'NONE',  ( 0.2855155418569315651, 1.034999999999999920, -1.268854646174933931 ) ) ;
#1479 = MECHANICAL_DESIGN_GEOMETRIC_PRESENTATION_REPRESENTATION (  '', ( #1171 ), #1807 ) ;
#1480 = CARTESIAN_POINT ( 'NONE',  ( 0.1252767565014969164, 1.034999999999999920, 0.7831533228634260935 ) ) ;
#1481 = CARTESIAN_POINT ( 'NONE',  ( -0.02713472773045475656, 1.034999999999999920, 0.8368925012777321815 ) ) ;
#1482 = CARTESIAN_POINT ( 'NONE',  ( 0.1148997614511178683, 1.034999999999999698, 1.010118407490752102 ) ) ;
#1483 = CARTESIAN_POINT ( 'NONE',  ( -1.604999999999999982, -1.075000000000000400, 1.625000000000000000 ) ) ;
#1484 = CARTESIAN_POINT ( 'NONE',  ( -0.6438953436732306468, 1.034999999999999920, 1.211378676326420933 ) ) ;
#1485 =( NAMED_UNIT ( * ) PLANE_ANGLE_UNIT ( ) SI_UNIT ( $, .RADIAN. ) );
#1486 = EDGE_CURVE ( 'NONE', #1980, #4640, #434, .T. ) ;
#1487 = ORIENTED_EDGE ( 'NONE', *, *, #3780, .T. ) ;
#1488 =( GEOMETRIC_REPRESENTATION_CONTEXT ( 3 ) GLOBAL_UNCERTAINTY_ASSIGNED_CONTEXT ( ( #2834 ) ) GLOBAL_UNIT_ASSIGNED_CONTEXT ( ( #4189, #1665, #4224 ) ) REPRESENTATION_CONTEXT ( 'NONE', 'WORKASPACE' ) );
#1489 = PRESENTATION_LAYER_ASSIGNMENT (  '', '', ( #6326 ) ) ;
#1490 = CARTESIAN_POINT ( 'NONE',  ( 1.500000000000003109, 1.034999999999999920, -1.650000000000001021 ) ) ;
#1491 = SURFACE_STYLE_USAGE ( .BOTH. , #2065 ) ;
#1492 = CARTESIAN_POINT ( 'NONE',  ( 1.849999999999999645, 1.024999999999999911, 1.849999999999999423 ) ) ;
#1493 = CARTESIAN_POINT ( 'NONE',  ( -0.1538461538461539935, 1.024999999999999911, 0.9711538461538465894 ) ) ;
#1494 = VERTEX_POINT ( 'NONE', #234 ) ;
#1495 = CARTESIAN_POINT ( 'NONE',  ( 0.1369608420716999231, 1.024999999999999689, 1.149153048603420046 ) ) ;
#1496 = LINE ( 'NONE', #1215, #4194 ) ;
#1497 = CARTESIAN_POINT ( 'NONE',  ( -0.2495492788461539657, 1.034999999999999920, 1.433293269230769607 ) ) ;
#1498 = MECHANICAL_DESIGN_GEOMETRIC_PRESENTATION_REPRESENTATION (  '', ( #338 ), #890 ) ;
#1499 = CARTESIAN_POINT ( 'NONE',  ( 0.3944003306930352060, 1.024999999999999689, 1.317561331180454154 ) ) ;
#1500 = CARTESIAN_POINT ( 'NONE',  ( -0.7509691229693329362, 1.024999999999999911, 0.04192850094834601332 ) ) ;
#1501 = CARTESIAN_POINT ( 'NONE',  ( -0.4519230769230769273, 1.034999999999999920, 0.9579326923076925127 ) ) ;
#1502 = CARTESIAN_POINT ( 'NONE',  ( -0.4897085815187425806, 1.024999999999999911, 0.8715447404585627833 ) ) ;
#1503 = CARTESIAN_POINT ( 'NONE',  ( -0.3557692307692307820, 1.024999999999999911, 0.9570312500000002220 ) ) ;
#1504 = EDGE_CURVE ( 'NONE', #401, #2286, #2660, .T. ) ;
#1505 = FACE_OUTER_BOUND ( 'NONE', #2308, .T. ) ;
#1506 =( NAMED_UNIT ( * ) SI_UNIT ( $, .STERADIAN. ) SOLID_ANGLE_UNIT ( ) );
#1507 = CARTESIAN_POINT ( 'NONE',  ( 0.5547742813198949241, 1.034999999999999920, 1.172529277259950931 ) ) ;
#1508 = UNCERTAINTY_MEASURE_WITH_UNIT (LENGTH_MEASURE( 1.000000000000000082E-05 ), #6075, 'distance_accuracy_value', 'NONE');
#1509 = CARTESIAN_POINT ( 'NONE',  ( 0.4725834916162958144, 1.034999999999999920, 0.7631169127271655306 ) ) ;
#1510 = VERTEX_POINT ( 'NONE', #277 ) ;
#1511 = SURFACE_STYLE_FILL_AREA ( #4014 ) ;
#1512 = VERTEX_POINT ( 'NONE', #1249 ) ;
#1513 = CARTESIAN_POINT ( 'NONE',  ( -0.6942745351875394544, 1.034999999999999920, 1.378555665817289055 ) ) ;
#1514 = CARTESIAN_POINT ( 'NONE',  ( -0.3338942307692303046, 1.024999999999999911, 0.3461538461538462563 ) ) ;
#1515 = CARTESIAN_POINT ( 'NONE',  ( -1.850000000000000089, 1.024999999999999911, -1.850000000000000977 ) ) ;
#1516 = VERTEX_POINT ( 'NONE', #4818 ) ;
#1517 = CARTESIAN_POINT ( 'NONE',  ( 0.8280408709267160772, 1.024999999999999911, -0.3240397907080368456 ) ) ;
#1518 = CARTESIAN_POINT ( 'NONE',  ( 0.8373762476669099897, 1.035000000000000142, -0.4349892488066513518 ) ) ;
#1519 = MECHANICAL_DESIGN_GEOMETRIC_PRESENTATION_REPRESENTATION (  '', ( #158 ), #1422 ) ;
#1520 = CARTESIAN_POINT ( 'NONE',  ( 0.5003004807692308376, 1.024999999999999911, 1.219501201923077316 ) ) ;
#1521 = CARTESIAN_POINT ( 'NONE',  ( 0.7019230769230769829, 1.034999999999999920, 0.9579326923076925127 ) ) ;
#1522 = VERTEX_POINT ( 'NONE', #1759 ) ;
#1523 = CARTESIAN_POINT ( 'NONE',  ( -0.5597572789664123638, 1.024999999999999911, 0.8385928700513111123 ) ) ;
#1524 = CARTESIAN_POINT ( 'NONE',  ( -0.7307692307692308376, 1.024999999999999911, 0.9711538461538463674 ) ) ;
#1525 = CARTESIAN_POINT ( 'NONE',  ( -0.5886418269230768718, 1.034999999999999920, 0.8365384615384617861 ) ) ;
#1526 = ORIENTED_EDGE ( 'NONE', *, *, #4542, .F. ) ;
#1527 = EDGE_CURVE ( 'NONE', #4640, #3159, #736, .T. ) ;
#1528 = CARTESIAN_POINT ( 'NONE',  ( -0.01171875000000011796, 1.024999999999999689, 0.8365384615384620082 ) ) ;
#1529 = CARTESIAN_POINT ( 'NONE',  ( 0.1194637465900133533, 1.035000000000000142, 0.9969243262400653283 ) ) ;
#1530 =( NAMED_UNIT ( * ) PLANE_ANGLE_UNIT ( ) SI_UNIT ( $, .RADIAN. ) );
#1531 = ORIENTED_EDGE ( 'NONE', *, *, #1675, .F. ) ;
#1532 = CARTESIAN_POINT ( 'NONE',  ( -0.4543483252231629854, 1.034999999999999920, 0.9837818860903955187 ) ) ;
#1533 = PRESENTATION_LAYER_ASSIGNMENT (  '', '', ( #3672 ) ) ;
#1534 = B_SPLINE_CURVE_WITH_KNOTS ( 'NONE', 3,
 ( #3882, #405, #2376, #1359, #5488, #2392, #2440 ),
 .UNSPECIFIED., .F., .F.,
 ( 4, 1, 1, 1, 4 ),
 ( 0.000000000000000000, 0.2526433275832365988, 0.5044398525799861366, 0.7504068042814558970, 1.000000000000000000 ),
 .UNSPECIFIED. ) ;
#1535 = CARTESIAN_POINT ( 'NONE',  ( -0.6770680935031819780, 1.034999999999999920, 1.360971408330850840 ) ) ;
#1536 = CYLINDRICAL_SURFACE ( 'NONE', #4274, 0.05000000000000002359 ) ;
#1537 = CARTESIAN_POINT ( 'NONE',  ( 0.3025240384615390798, 1.034999999999999920, -0.7884615384615384359 ) ) ;
#1538 = CARTESIAN_POINT ( 'NONE',  ( -0.3563898423674587979, 1.035000000000000364, 0.9793131793324549861 ) ) ;
#1539 = PRESENTATION_LAYER_ASSIGNMENT (  '', '', ( #2279 ) ) ;
#1540 = ORIENTED_EDGE ( 'NONE', *, *, #143, .T. ) ;
#1541 = CARTESIAN_POINT ( 'NONE',  ( -0.8264723557692307265, 1.024999999999999911, 1.433293269230769384 ) ) ;
#1542 = CARTESIAN_POINT ( 'NONE',  ( -0.2398884097497334944, 1.024999999999999689, 1.406614822300994661 ) ) ;
#1543 = CIRCLE ( 'NONE', #4113, 0.1500000000000001887 ) ;
#1544 = CARTESIAN_POINT ( 'NONE',  ( -0.1538461538461539935, 1.024999999999999911, 0.9711538461538465894 ) ) ;
#1545 = DIRECTION ( 'NONE',  ( 0.000000000000000000, 1.000000000000000000, 0.000000000000000000 ) ) ;
#1546 =( NAMED_UNIT ( * ) PLANE_ANGLE_UNIT ( ) SI_UNIT ( $, .RADIAN. ) );
#1547 = CARTESIAN_POINT ( 'NONE',  ( -0.4731388769394087035, 1.025000000000000355, 0.8900286707375898443 ) ) ;
#1548 = CARTESIAN_POINT ( 'NONE',  ( -1.499999999999996891, 1.034999999999999920, -1.650000000000000799 ) ) ;
#1549 = EDGE_CURVE ( 'NONE', #4657, #4484, #6509, .T. ) ;
#1550 = ORIENTED_EDGE ( 'NONE', *, *, #894, .T. ) ;
#1552 = FACE_OUTER_BOUND ( 'NONE', #4472, .T. ) ;
#1551 = SURFACE_SIDE_STYLE ('',( #4081 ) ) ;
#1553 = FILL_AREA_STYLE ('',( #1028 ) ) ;
#1554 = CARTESIAN_POINT ( 'NONE',  ( 0.2205949598000909728, 1.035000000000000142, -0.8411998290986865134 ) ) ;
#1555 = CARTESIAN_POINT ( 'NONE',  ( -0.4574593303330636296, 1.035000000000000142, 0.9969243262400651062 ) ) ;
#1556 = ORIENTED_EDGE ( 'NONE', *, *, #6017, .T. ) ;
#1557 = CIRCLE ( 'NONE', #1349, 0.1500000000000006051 ) ;
#1558 =( NAMED_UNIT ( * ) SI_UNIT ( $, .STERADIAN. ) SOLID_ANGLE_UNIT ( ) );
#1559 =( NAMED_UNIT ( * ) SI_UNIT ( $, .STERADIAN. ) SOLID_ANGLE_UNIT ( ) );
#1560 = CARTESIAN_POINT ( 'NONE',  ( -0.6118870285339792492, 1.035000000000000142, 0.7505253949516117462 ) ) ;
#1561 = ORIENTED_EDGE ( 'NONE', *, *, #3161, .F. ) ;
#1562 = VERTEX_POINT ( 'NONE', #1891 ) ;
#1563 = CARTESIAN_POINT ( 'NONE',  ( -0.8365685462712814102, 1.034999999999999698, 1.482875074157175455 ) ) ;
#1564 = CARTESIAN_POINT ( 'NONE',  ( 0.4449213746206823750, 1.034999999999999698, 0.8916546614439554430 ) ) ;
#1565 = CARTESIAN_POINT ( 'NONE',  ( -0.8168114866728102275, 1.034999999999999698, 1.406614822300993994 ) ) ;
#1566 = CARTESIAN_POINT ( 'NONE',  ( 0.3173076923076922351, 1.034999999999999920, 1.500000000000000222 ) ) ;
#1567 = VERTEX_POINT ( 'NONE', #918 ) ;
#1568 =( NAMED_UNIT ( * ) SI_UNIT ( $, .STERADIAN. ) SOLID_ANGLE_UNIT ( ) );
#1569 = CARTESIAN_POINT ( 'NONE',  ( -0.4177972095128741348, 1.024999999999999911, 0.8091909101105898561 ) ) ;
#1570 = LINE ( 'NONE', #3485, #3241 ) ;
#1571 = B_SPLINE_CURVE_WITH_KNOTS ( 'NONE', 3,
 ( #5678, #3188, #2589, #5158, #4689, #4615, #6129, #6280, #2130, #77, #6195, #1112, #5216, #4176, #145 ),
 .UNSPECIFIED., .F., .F.,
 ( 4, 1, 1, 1, 1, 1, 1, 1, 1, 1, 1, 1, 4 ),
 ( 0.000000000000000000, 0.03591997324286190507, 0.08120685519723139234, 0.1360147832088366426, 0.2010375103194009527, 0.3449822992729602023, 0.4991298974956019374, 0.6526645158108661526, 0.7986598545325869214, 0.8637593726083351298, 0.9189759817990864610, 0.9643592922044411653, 1.000000000000000000 ),
 .UNSPECIFIED. ) ;
#1572 = CARTESIAN_POINT ( 'NONE',  ( -0.1320017023023945801, 1.024999999999999911, 0.8916546614439557761 ) ) ;
#1573 = CARTESIAN_POINT ( 'NONE',  ( -0.1266930835313141712, 1.034999999999999920, -0.9446960006424259815 ) ) ;
#1574 = CARTESIAN_POINT ( 'NONE',  ( -0.5243658366482211175, 1.025000000000000133, -0.4206875535002225774 ) ) ;
#1575 =( NAMED_UNIT ( * ) PLANE_ANGLE_UNIT ( ) SI_UNIT ( $, .RADIAN. ) );
#1576 = COLOUR_RGB ( '',1.000000000000000000, 1.000000000000000000, 1.000000000000000000 ) ;
#1577 = SURFACE_STYLE_FILL_AREA ( #3091 ) ;
#1578 = STYLED_ITEM ( 'NONE', ( #1458 ), #2918 ) ;
#1579 = MECHANICAL_DESIGN_GEOMETRIC_PRESENTATION_REPRESENTATION (  '', ( #2835 ), #1904 ) ;
#1580 = PLANE ( 'NONE',  #504 ) ;
#1581 = CARTESIAN_POINT ( 'NONE',  ( 0.1194637465900133533, 1.025000000000000133, 0.9969243262400653283 ) ) ;
#1582 = CARTESIAN_POINT ( 'NONE',  ( -0.5829476781887755754, 1.035000000000000142, 1.280269342272169819 ) ) ;
#1583 = EDGE_CURVE ( 'NONE', #3304, #3886, #2181, .T. ) ;
#1584 = EDGE_LOOP ( 'NONE', ( #1901, #24, #2761, #2324 ) ) ;
#1585 = AXIS2_PLACEMENT_3D ( 'NONE', #1022, #1545, #3059 ) ;
#1586 = CARTESIAN_POINT ( 'NONE',  ( 0.5073483694081114548, 1.034999999999999698, 0.8451883045114928494 ) ) ;
#1587 = CARTESIAN_POINT ( 'NONE',  ( -0.8264723557692307265, 1.034999999999999920, 1.433293269230769384 ) ) ;
#1588 = CARTESIAN_POINT ( 'NONE',  ( 0.6188823064622549497, 1.034999999999999920, 1.111914594161550918 ) ) ;
#1589 = CARTESIAN_POINT ( 'NONE',  ( -0.5555546696689843689, 1.034999999999999698, -0.7305463340797554439 ) ) ;
#1590 =( NAMED_UNIT ( * ) PLANE_ANGLE_UNIT ( ) SI_UNIT ( $, .RADIAN. ) );
#1591 = UNCERTAINTY_MEASURE_WITH_UNIT (LENGTH_MEASURE( 1.000000000000000082E-05 ), #1018, 'distance_accuracy_value', 'NONE');
#1592 = EDGE_CURVE ( 'NONE', #4773, #775, #4852, .T. ) ;
#1593 = FILL_AREA_STYLE ('',( #1097 ) ) ;
#1594 = ORIENTED_EDGE ( 'NONE', *, *, #711, .F. ) ;
#1595 = ORIENTED_EDGE ( 'NONE', *, *, #1504, .T. ) ;
#1596 =( GEOMETRIC_REPRESENTATION_CONTEXT ( 3 ) GLOBAL_UNCERTAINTY_ASSIGNED_CONTEXT ( ( #435 ) ) GLOBAL_UNIT_ASSIGNED_CONTEXT ( ( #6140, #1166, #3667 ) ) REPRESENTATION_CONTEXT ( 'NONE', 'WORKASPACE' ) );
#1597 = CARTESIAN_POINT ( 'NONE',  ( -0.5633607858752271991, 1.034999999999999920, 0.2980271123610587769 ) ) ;
#1598 = CARTESIAN_POINT ( 'NONE',  ( -0.4399622348513769210, 1.024999999999999689, 1.149153048603420046 ) ) ;
#1599 = CARTESIAN_POINT ( 'NONE',  ( 0.3706770109938827829, 1.024999999999999911, 0.8340822251097768092 ) ) ;
#1600 = CARTESIAN_POINT ( 'NONE',  ( -0.3338942307692303046, 1.035000000000000142, 0.3461538461538462563 ) ) ;
#1601 = VERTEX_POINT ( 'NONE', #865 ) ;
#1602 = ORIENTED_EDGE ( 'NONE', *, *, #5960, .T. ) ;
#1603 = DIRECTION ( 'NONE',  ( 0.000000000000000000, 0.000000000000000000, 1.000000000000000000 ) ) ;
#1604 = CARTESIAN_POINT ( 'NONE',  ( -0.6311577940984554047, 1.025000000000000133, 0.2530576970778043999 ) ) ;
#1605 =( LENGTH_UNIT ( ) NAMED_UNIT ( * ) SI_UNIT ( .MILLI., .METRE. ) );
#1606 = CARTESIAN_POINT ( 'NONE',  ( -0.3596203333734858121, 1.034999999999999476, 1.001524615184221645 ) ) ;
#1607 = ORIENTED_EDGE ( 'NONE', *, *, #6298, .T. ) ;
#1608 = CARTESIAN_POINT ( 'NONE',  ( 0.7705333753552847664, 1.035000000000000142, -0.2472424698005582233 ) ) ;
#1609 =( LENGTH_UNIT ( ) NAMED_UNIT ( * ) SI_UNIT ( .MILLI., .METRE. ) );
#1610 = CARTESIAN_POINT ( 'NONE',  ( -0.6896756836715141059, 1.034999999999999920, 1.248891001546740709 ) ) ;
#1611 = CARTESIAN_POINT ( 'NONE',  ( 0.6000525407641328357, 1.035000000000000142, 1.130708011491502019 ) ) ;
#1612 = CARTESIAN_POINT ( 'NONE',  ( -0.7653846153846149969, 1.035000000000000142, -0.09855769230769234612 ) ) ;
#1613 =( NAMED_UNIT ( * ) SI_UNIT ( $, .STERADIAN. ) SOLID_ANGLE_UNIT ( ) );
#1614 =( LENGTH_UNIT ( ) NAMED_UNIT ( * ) SI_UNIT ( .MILLI., .METRE. ) );
#1615 = SURFACE_STYLE_FILL_AREA ( #5894 ) ;
#1616 = EDGE_CURVE ( 'NONE', #1819, #92, #1152, .T. ) ;
#1617 = SURFACE_STYLE_USAGE ( .BOTH. , #5169 ) ;
#1618 = DIRECTION ( 'NONE',  ( -1.000000000000000000, -2.644395542647571766E-16, 0.000000000000000000 ) ) ;
#1619 =( LENGTH_UNIT ( ) NAMED_UNIT ( * ) SI_UNIT ( .MILLI., .METRE. ) );
#1620 = FILL_AREA_STYLE_COLOUR ( '', #4751 ) ;
#1621 = STYLED_ITEM ( 'NONE', ( #2900 ), #1275 ) ;
#1622 = VECTOR ( 'NONE', #3491, 1000.000000000000000 ) ;
#1623 = CARTESIAN_POINT ( 'NONE',  ( 0.1119670840417978652, 1.035000000000000142, -1.238172269283417171 ) ) ;
#1624 = SURFACE_STYLE_USAGE ( .BOTH. , #5176 ) ;
#1625 = ORIENTED_EDGE ( 'NONE', *, *, #1921, .F. ) ;
#1626 = CARTESIAN_POINT ( 'NONE',  ( 0.1148997614511178683, 1.034999999999999698, 1.010118407490752102 ) ) ;
#1627 = CARTESIAN_POINT ( 'NONE',  ( 0.2242582968817667943, 1.035000000000000142, -0.9044005330044534441 ) ) ;
#1628 = PRESENTATION_STYLE_ASSIGNMENT (( #4205 ) ) ;
#1629 = STYLED_ITEM ( 'NONE', ( #5986 ), #4303 ) ;
#1630 = CARTESIAN_POINT ( 'NONE',  ( 0.03770079244571857696, 1.024999999999999689, 0.2615668493694585095 ) ) ;
#1631 = CARTESIAN_POINT ( 'NONE',  ( -0.7130408653846154188, 1.034999999999999920, 1.403846153846154188 ) ) ;
#1632 = EDGE_CURVE ( 'NONE', #5467, #5518, #1386, .T. ) ;
#1633 = EDGE_LOOP ( 'NONE', ( #738, #4021, #690, #3912 ) ) ;
#1634 = CARTESIAN_POINT ( 'NONE',  ( 0.4720439151442943904, 1.034999999999999698, 0.8636569804084177626 ) ) ;
#1635 = CARTESIAN_POINT ( 'NONE',  ( -0.6896756836715141059, 1.034999999999999920, 1.248891001546740709 ) ) ;
#1636 = CARTESIAN_POINT ( 'NONE',  ( 1.500000000000003109, 1.024999999999999911, -1.650000000000001021 ) ) ;
#1637 = CARTESIAN_POINT ( 'NONE',  ( -0.7549970048646593712, 1.024999999999999689, 0.8038894595579940683 ) ) ;
#1638 = VECTOR ( 'NONE', #4433, 1000.000000000000000 ) ;
#1639 = EDGE_CURVE ( 'NONE', #2369, #699, #5834, .T. ) ;
#1640 = CARTESIAN_POINT ( 'NONE',  ( -0.6189714532072565500, 1.034999999999999920, 0.8385981092399693582 ) ) ;
#1641 = ORIENTED_EDGE ( 'NONE', *, *, #5449, .T. ) ;
#1642 = CARTESIAN_POINT ( 'NONE',  ( 0.2009946833897158780, 1.024999999999999689, 0.1830551119440699814 ) ) ;
#1643 = CARTESIAN_POINT ( 'NONE',  ( -0.1266930835313141712, 1.024999999999999911, -0.9446960006424259815 ) ) ;
#1644 = CARTESIAN_POINT ( 'NONE',  ( 0.2128136817681038628, 1.024999999999999911, 0.8949845457384369984 ) ) ;
#1645 = FACE_OUTER_BOUND ( 'NONE', #2063, .T. ) ;
#1646 = LINE ( 'NONE', #4759, #4491 ) ;
#1647 = CARTESIAN_POINT ( 'NONE',  ( 0.7976761205744642425, 1.034999999999999920, 0.9356435630111532564 ) ) ;
#1648 = VECTOR ( 'NONE', #1909, 1000.000000000000000 ) ;
#1649 = SURFACE_STYLE_FILL_AREA ( #1656 ) ;
#1650 = CARTESIAN_POINT ( 'NONE',  ( -0.4872227032127436352, 1.024999999999999467, -0.5084503787613618986 ) ) ;
#1651 = CARTESIAN_POINT ( 'NONE',  ( 0.001818223322760980157, 1.024999999999999911, 1.150978442549882352 ) ) ;
#1652 = FILL_AREA_STYLE_COLOUR ( '', #4579 ) ;
#1653 = PRESENTATION_LAYER_ASSIGNMENT (  '', '', ( #2525 ) ) ;
#1654 = ORIENTED_EDGE ( 'NONE', *, *, #598, .T. ) ;
#1655 = CARTESIAN_POINT ( 'NONE',  ( -0.4973557692307687961, 1.035000000000000142, -0.8061899038461538547 ) ) ;
#1656 = FILL_AREA_STYLE ('',( #159 ) ) ;
#1657 = CARTESIAN_POINT ( 'NONE',  ( -0.4519230769230769273, 1.034999999999999920, 0.9579326923076925127 ) ) ;
#1658 = SURFACE_STYLE_USAGE ( .BOTH. , #4695 ) ;
#1659 = CARTESIAN_POINT ( 'NONE',  ( -0.7017214972734435730, 1.024999999999999911, 0.7708032052688807978 ) ) ;
#1660 = PRODUCT_DEFINITION ( 'UNKNOWN', '', #729, #4661 ) ;
#1661 = CARTESIAN_POINT ( 'NONE',  ( -0.6590604033262992267, 1.025000000000000355, 0.8502074897336965309 ) ) ;
#1662 = CARTESIAN_POINT ( 'NONE',  ( -0.3338942307692303046, 1.035000000000000142, 0.3461538461538462563 ) ) ;
#1663 = SURFACE_STYLE_USAGE ( .BOTH. , #3668 ) ;
#1664 = CARTESIAN_POINT ( 'NONE',  ( 0.5587376093845957126, 1.035000000000000142, 0.7501776304870997336 ) ) ;
#1665 =( NAMED_UNIT ( * ) PLANE_ANGLE_UNIT ( ) SI_UNIT ( $, .RADIAN. ) );
#1666 = PLANE ( 'NONE',  #2409 ) ;
#1667 = MECHANICAL_DESIGN_GEOMETRIC_PRESENTATION_REPRESENTATION (  '', ( #1310 ), #292 ) ;
#1668 = EDGE_CURVE ( 'NONE', #6334, #2495, #290, .T. ) ;
#1669 = CARTESIAN_POINT ( 'NONE',  ( -0.4912033807344199365, 1.024999999999999911, 0.7644335898809586638 ) ) ;
#1670 = CARTESIAN_POINT ( 'NONE',  ( -0.07662259615384627021, 1.024999999999999911, 1.219501201923077538 ) ) ;
#1671 = CARTESIAN_POINT ( 'NONE',  ( 0.2826923076923082423, 1.034999999999999920, -0.9798677884615384359 ) ) ;
#1672 = ORIENTED_EDGE ( 'NONE', *, *, #4519, .F. ) ;
#1673 = UNCERTAINTY_MEASURE_WITH_UNIT (LENGTH_MEASURE( 1.000000000000000082E-05 ), #702, 'distance_accuracy_value', 'NONE');
#1674 = CARTESIAN_POINT ( 'NONE',  ( -0.5704213158161256514, 1.035000000000000142, 1.270071547984030103 ) ) ;
#1675 = EDGE_CURVE ( 'NONE', #393, #4059, #785, .T. ) ;
#1676 = MECHANICAL_DESIGN_GEOMETRIC_PRESENTATION_REPRESENTATION (  '', ( #4844 ), #3635 ) ;
#1677 = CARTESIAN_POINT ( 'NONE',  ( 0.2571514423076928235, 1.024999999999999911, -1.269230769230769162 ) ) ;
#1678 = CARTESIAN_POINT ( 'NONE',  ( 0.7837557416071432304, 1.025000000000000355, -0.4405436568411988385 ) ) ;
#1679 = ORIENTED_EDGE ( 'NONE', *, *, #947, .T. ) ;
#1680 = CARTESIAN_POINT ( 'NONE',  ( 1.605000000000000204, -1.025000000000000133, -1.574999999999999734 ) ) ;
#1681 = CARTESIAN_POINT ( 'NONE',  ( 0.5940888748797414909, 1.024999999999999911, 0.8385928700513110012 ) ) ;
#1682 = CARTESIAN_POINT ( 'NONE',  ( -0.8269230769230769829, 1.034999999999999920, 0.9615384615384617861 ) ) ;
#1683 = CARTESIAN_POINT ( 'NONE',  ( -0.7008814822784084075, 1.024999999999999911, 0.8814623108698969034 ) ) ;
#1684 = CARTESIAN_POINT ( 'NONE',  ( 0.3635385003409744020, 1.024999999999999689, -1.082922609674822123 ) ) ;
#1685 = ORIENTED_EDGE ( 'NONE', *, *, #295, .T. ) ;
#1686 = ORIENTED_EDGE ( 'NONE', *, *, #4084, .T. ) ;
#1687 = MECHANICAL_DESIGN_GEOMETRIC_PRESENTATION_REPRESENTATION (  '', ( #2777 ), #1756 ) ;
#1688 = B_SPLINE_CURVE_WITH_KNOTS ( 'NONE', 3,
 ( #1403, #6401, #3977, #5013, #6421, #960, #2414 ),
 .UNSPECIFIED., .F., .F.,
 ( 4, 1, 1, 1, 4 ),
 ( 0.000000000000000000, 0.2526433275832365988, 0.5044398525799861366, 0.7504068042814558970, 1.000000000000000000 ),
 .UNSPECIFIED. ) ;
#1689 = ORIENTED_EDGE ( 'NONE', *, *, #6162, .T. ) ;
#1690 = CARTESIAN_POINT ( 'NONE',  ( -0.02713472773045475656, 1.034999999999999920, 0.8368925012777321815 ) ) ;
#1691 = CARTESIAN_POINT ( 'NONE',  ( 0.1022007499196339181, 1.034999999999999698, 1.036833623450327035 ) ) ;
#1692 = CARTESIAN_POINT ( 'NONE',  ( 0.7713591597378328668, 1.035000000000000142, 1.067602144398379194 ) ) ;
#1693 = CARTESIAN_POINT ( 'NONE',  ( 0.3612907688776517690, 1.024999999999999911, -1.259698088810414784 ) ) ;
#1694 = CARTESIAN_POINT ( 'NONE',  ( -0.6535456730769231282, 1.024999999999999911, 1.219501201923077316 ) ) ;
#1695 = CARTESIAN_POINT ( 'NONE',  ( 0.5673076923076922906, 1.034999999999999920, 0.7500000000000002220 ) ) ;
#1696 = CARTESIAN_POINT ( 'NONE',  ( -0.7831691428522710163, 1.035000000000000142, 0.8340822251097764761 ) ) ;
#1697 = DIRECTION ( 'NONE',  ( -0.000000000000000000, -1.000000000000000000, -0.000000000000000000 ) ) ;
#1698 = ORIENTED_EDGE ( 'NONE', *, *, #4559, .T. ) ;
#1699 = SURFACE_STYLE_FILL_AREA ( #153 ) ;
#1700 = FACE_OUTER_BOUND ( 'NONE', #5209, .T. ) ;
#1701 = CARTESIAN_POINT ( 'NONE',  ( -1.604999999999999982, -1.075000000000000400, 1.625000000000000000 ) ) ;
#1702 = STYLED_ITEM ( 'NONE', ( #124 ), #2879 ) ;
#1703 = CARTESIAN_POINT ( 'NONE',  ( -0.5820100102219785132, 1.034999999999999920, 0.01254943713729734199 ) ) ;
#1704 = CARTESIAN_POINT ( 'NONE',  ( -0.3651477395537966464, 1.035000000000000364, 1.023495007546663116 ) ) ;
#1705 = AXIS2_PLACEMENT_3D ( 'NONE', #3098, #5075, #2066 ) ;
#1706 = CARTESIAN_POINT ( 'NONE',  ( -0.05620630045427086469, 1.035000000000000142, 0.8412040476659468080 ) ) ;
#1707 =( LENGTH_UNIT ( ) NAMED_UNIT ( * ) SI_UNIT ( .MILLI., .METRE. ) );
#1708 = CARTESIAN_POINT ( 'NONE',  ( -0.5243658366482211175, 1.035000000000000142, -0.4206875535002225774 ) ) ;
#1709 = CARTESIAN_POINT ( 'NONE',  ( 0.7138839189947766561, 1.034999999999999698, 1.149153048603419824 ) ) ;
#1710 = VECTOR ( 'NONE', #1906, 1000.000000000000000 ) ;
#1711 = MECHANICAL_DESIGN_GEOMETRIC_PRESENTATION_REPRESENTATION (  '', ( #4215 ), #2108 ) ;
#1712 = EDGE_CURVE ( 'NONE', #3138, #336, #1306, .T. ) ;
#1713 = CARTESIAN_POINT ( 'NONE',  ( -0.7059367106789888879, 1.034999999999999920, 1.263398958623645596 ) ) ;
#1714 = CARTESIAN_POINT ( 'NONE',  ( 0.7616677374667714107, 1.024999999999999911, -0.4187544018592314066 ) ) ;
#1715 = CARTESIAN_POINT ( 'NONE',  ( 0.5652043269230768718, 1.024999999999999911, 0.8365384615384617861 ) ) ;
#1716 = FILL_AREA_STYLE_COLOUR ( '', #363 ) ;
#1717 = VECTOR ( 'NONE', #4868, 1000.000000000000000 ) ;
#1718 = SURFACE_SIDE_STYLE ('',( #2226 ) ) ;
#1719 = FILL_AREA_STYLE_COLOUR ( '', #2431 ) ;
#1720 = CARTESIAN_POINT ( 'NONE',  ( -0.5167011380783790297, 1.035000000000000142, 0.1299168511404120152 ) ) ;
#1721 = CARTESIAN_POINT ( 'NONE',  ( -0.3724756048954960264, 1.024999999999999245, 1.045491749235682333 ) ) ;
#1722 = VECTOR ( 'NONE', #3140, 1000.000000000000000 ) ;
#1723 = CARTESIAN_POINT ( 'NONE',  ( -0.1239584053553315218, 1.034999999999999476, 0.8814623108698971254 ) ) ;
#1724 = CARTESIAN_POINT ( 'NONE',  ( 0.4236032154974251895, 1.024999999999999689, 0.9560362824859588438 ) ) ;
#1725 = VECTOR ( 'NONE', #4716, 1000.000000000000000 ) ;
#1726 = CARTESIAN_POINT ( 'NONE',  ( -0.2415561252545030124, 1.034999999999999920, 0.1873539520022203253 ) ) ;
#1727 = CARTESIAN_POINT ( 'NONE',  ( -0.4830361866817420857, 1.024999999999999911, 1.050369067633049491 ) ) ;
#1728 = EDGE_CURVE ( 'NONE', #2616, #1871, #2993, .T. ) ;
#1729 = CARTESIAN_POINT ( 'NONE',  ( -0.7697840173214464121, 1.024999999999999911, 0.8183052022479979648 ) ) ;
#1730 = CARTESIAN_POINT ( 'NONE',  ( -0.7305912537455258038, 1.034999999999999920, 0.9660415190853473000 ) ) ;
#1731 = AXIS2_PLACEMENT_3D ( 'NONE', #2454, #6011, #3022 ) ;
#1732 = ORIENTED_EDGE ( 'NONE', *, *, #4177, .F. ) ;
#1733 =( NAMED_UNIT ( * ) PLANE_ANGLE_UNIT ( ) SI_UNIT ( $, .RADIAN. ) );
#1734 = CARTESIAN_POINT ( 'NONE',  ( 0.8487085151183106912, 1.024999999999999911, -0.4154018049632465237 ) ) ;
#1735 =( NAMED_UNIT ( * ) SI_UNIT ( $, .STERADIAN. ) SOLID_ANGLE_UNIT ( ) );
#1736 = CARTESIAN_POINT ( 'NONE',  ( -0.4169036892677493999, 1.035000000000000364, -0.8963014364629707798 ) ) ;
#1737 = EDGE_LOOP ( 'NONE', ( #4127, #4650, #3736, #1602 ) ) ;
#1738 =( GEOMETRIC_REPRESENTATION_CONTEXT ( 3 ) GLOBAL_UNCERTAINTY_ASSIGNED_CONTEXT ( ( #6121 ) ) GLOBAL_UNIT_ASSIGNED_CONTEXT ( ( #3695, #3640, #3660 ) ) REPRESENTATION_CONTEXT ( 'NONE', 'WORKASPACE' ) );
#1739 = CARTESIAN_POINT ( 'NONE',  ( -0.5363535510791684890, 1.024999999999999911, 0.7533978999952607447 ) ) ;
#1740 = CARTESIAN_POINT ( 'NONE',  ( -0.6007688553617724914, 1.024999999999999689, 1.295053357843854336 ) ) ;
#1741 = ORIENTED_EDGE ( 'NONE', *, *, #1675, .T. ) ;
#1742 = CARTESIAN_POINT ( 'NONE',  ( 0.5207167764688062084, 1.024999999999999689, 0.8412040476659464749 ) ) ;
#1743 = ORIENTED_EDGE ( 'NONE', *, *, #711, .T. ) ;
#1744 = VERTEX_POINT ( 'NONE', #2038 ) ;
#1745 = EDGE_CURVE ( 'NONE', #2467, #4395, #4654, .T. ) ;
#1746 = CARTESIAN_POINT ( 'NONE',  ( -0.2463673470139852995, 1.034999999999999920, 1.424506378665186590 ) ) ;
#1747 = DIRECTION ( 'NONE',  ( -0.000000000000000000, -1.000000000000000000, -0.000000000000000000 ) ) ;
#1748 = CARTESIAN_POINT ( 'NONE',  ( -0.2546906624815021281, 1.024999999999999911, 1.449348915395679116 ) ) ;
#1749 = CARTESIAN_POINT ( 'NONE',  ( -0.8192581937940324188, 1.024999999999999911, 0.9132441222960757665 ) ) ;
#1750 = ORIENTED_EDGE ( 'NONE', *, *, #5315, .T. ) ;
#1751 = CARTESIAN_POINT ( 'NONE',  ( -0.4677938280495980150, 1.024999999999999911, 1.023402570223235886 ) ) ;
#1752 = EDGE_LOOP ( 'NONE', ( #675, #4855, #2957, #3712 ) ) ;
#1753 = SURFACE_STYLE_USAGE ( .BOTH. , #787 ) ;
#1754 = CARTESIAN_POINT ( 'NONE',  ( -0.4259157166336094980, 1.024999999999999911, 1.132741021815065530 ) ) ;
#1755 = CARTESIAN_POINT ( 'NONE',  ( -0.1741733479791433004, 1.034999999999999698, -1.098788724700767050 ) ) ;
#1756 =( GEOMETRIC_REPRESENTATION_CONTEXT ( 3 ) GLOBAL_UNCERTAINTY_ASSIGNED_CONTEXT ( ( #43 ) ) GLOBAL_UNIT_ASSIGNED_CONTEXT ( ( #2061, #6093, #6516 ) ) REPRESENTATION_CONTEXT ( 'NONE', 'WORKASPACE' ) );
#1757 = CARTESIAN_POINT ( 'NONE',  ( 0.2277829839342950524, 1.034999999999999698, -0.8259784870660605849 ) ) ;
#1758 = FILL_AREA_STYLE_COLOUR ( '', #3833 ) ;
#1759 = CARTESIAN_POINT ( 'NONE',  ( -0.009615384615384716532, 1.034999999999999920, 0.7500000000000004441 ) ) ;
#1760 = CARTESIAN_POINT ( 'NONE',  ( 0.1119670840417978652, 1.025000000000000133, -1.238172269283417171 ) ) ;
#1761 = CARTESIAN_POINT ( 'NONE',  ( 0.4285123407309867072, 1.024999999999999911, 0.9276918119063907175 ) ) ;
#1762 = PRESENTATION_STYLE_ASSIGNMENT (( #2012 ) ) ;
#1763 =( GEOMETRIC_REPRESENTATION_CONTEXT ( 3 ) GLOBAL_UNCERTAINTY_ASSIGNED_CONTEXT ( ( #875 ) ) GLOBAL_UNIT_ASSIGNED_CONTEXT ( ( #2881, #6350, #369 ) ) REPRESENTATION_CONTEXT ( 'NONE', 'WORKASPACE' ) );
#1764 = VERTEX_POINT ( 'NONE', #3049 ) ;
#1765 = CARTESIAN_POINT ( 'NONE',  ( 0.3929687500000005329, 1.024999999999999689, -0.8335336538461538547 ) ) ;
#1766 =( NAMED_UNIT ( * ) PLANE_ANGLE_UNIT ( ) SI_UNIT ( $, .RADIAN. ) );
#1767 = CARTESIAN_POINT ( 'NONE',  ( -0.4541756941978427053, 1.034999999999999920, 0.9333452975440974519 ) ) ;
#1768 = DIRECTION ( 'NONE',  ( 0.000000000000000000, 0.000000000000000000, 1.000000000000000000 ) ) ;
#1769 = COLOUR_RGB ( '',0.6470588235294117974, 0.5176470588235293491, 0.000000000000000000 ) ;
#1770 = CARTESIAN_POINT ( 'NONE',  ( -0.6253130222748592981, 1.024999999999999911, 1.195738238068861925 ) ) ;
#1771 = CARTESIAN_POINT ( 'NONE',  ( 0.8243678017637242617, 1.035000000000000142, -0.4501949696066830375 ) ) ;
#1772 =( LENGTH_UNIT ( ) NAMED_UNIT ( * ) SI_UNIT ( .MILLI., .METRE. ) );
#1773 =( GEOMETRIC_REPRESENTATION_CONTEXT ( 3 ) GLOBAL_UNCERTAINTY_ASSIGNED_CONTEXT ( ( #3461 ) ) GLOBAL_UNIT_ASSIGNED_CONTEXT ( ( #2909, #876, #3893 ) ) REPRESENTATION_CONTEXT ( 'NONE', 'WORKASPACE' ) );
#1774 = CARTESIAN_POINT ( 'NONE',  ( -0.4147596292107220695, 1.034999999999999920, -0.6422062183519512413 ) ) ;
#1775 = CARTESIAN_POINT ( 'NONE',  ( -0.3951346843693947508, 1.024999999999999689, 1.090131206510948969 ) ) ;
#1776 = UNCERTAINTY_MEASURE_WITH_UNIT (LENGTH_MEASURE( 1.000000000000000082E-05 ), #5577, 'distance_accuracy_value', 'NONE');
#1777 = EDGE_CURVE ( 'NONE', #393, #4861, #3923, .T. ) ;
#1778 = CARTESIAN_POINT ( 'NONE',  ( 0.3731240515489665510, 1.034999999999999698, -0.8134077580378032968 ) ) ;
#1779 = CARTESIAN_POINT ( 'NONE',  ( -1.849999999999999645, -1.024999999999999911, 2.000000000000000000 ) ) ;
#1780 = PRODUCT_DEFINITION_SHAPE ( 'NONE', 'NONE',  #4027 ) ;
#1781 = ADVANCED_FACE ( 'NONE', ( #1645 ), #2533, .F. ) ;
#1782 = ORIENTED_EDGE ( 'NONE', *, *, #940, .F. ) ;
#1783 = CARTESIAN_POINT ( 'NONE',  ( 0.8446265795782917918, 1.034999999999999476, -0.3609046874003298266 ) ) ;
#1784 = CARTESIAN_POINT ( 'NONE',  ( 0.2195110356128048001, 1.024999999999999911, -0.8931975061414779704 ) ) ;
#1785 = CARTESIAN_POINT ( 'NONE',  ( -0.009615384615384716532, 1.034999999999999920, 0.7500000000000004441 ) ) ;
#1786 = CARTESIAN_POINT ( 'NONE',  ( 0.2307692307692306155, 1.034999999999999920, 1.500000000000000444 ) ) ;
#1787 = CARTESIAN_POINT ( 'NONE',  ( -0.4796274038461533773, 1.034999999999999920, -0.5255408653846154188 ) ) ;
#1788 = CARTESIAN_POINT ( 'NONE',  ( -0.6896756836715141059, 1.024999999999999911, 1.248891001546740709 ) ) ;
#1789 = EDGE_CURVE ( 'NONE', #823, #1199, #3620, .T. ) ;
#1790 = VERTEX_POINT ( 'NONE', #964 ) ;
#1791 =( GEOMETRIC_REPRESENTATION_CONTEXT ( 3 ) GLOBAL_UNCERTAINTY_ASSIGNED_CONTEXT ( ( #6257 ) ) GLOBAL_UNIT_ASSIGNED_CONTEXT ( ( #4050, #1530, #1969 ) ) REPRESENTATION_CONTEXT ( 'NONE', 'WORKASPACE' ) );
#1792 = CARTESIAN_POINT ( 'NONE',  ( 0.4148695579704183012, 1.034999999999999920, -0.1300981908182175240 ) ) ;
#1793 = CARTESIAN_POINT ( 'NONE',  ( 0.4688939157507855948, 1.034999999999999920, -0.9446510893511390616 ) ) ;
#1794 = DIRECTION ( 'NONE',  ( -1.000000000000000000, 0.000000000000000000, -0.000000000000000000 ) ) ;
#1795 = CARTESIAN_POINT ( 'NONE',  ( 0.4059455569205765446, 1.025000000000000133, 1.304503635857037214 ) ) ;
#1796 = ORIENTED_EDGE ( 'NONE', *, *, #5697, .F. ) ;
#1797 = CARTESIAN_POINT ( 'NONE',  ( -0.4747223270034429676, 1.025000000000000133, 1.036833623450326813 ) ) ;
#1798 = CARTESIAN_POINT ( 'NONE',  ( 0.8495653819259344486, 1.034999999999999920, -0.4017540928939037359 ) ) ;
#1799 = CARTESIAN_POINT ( 'NONE',  ( 0.5530772984843815854, 1.035000000000000142, 1.295053357843855446 ) ) ;
#1800 =( NAMED_UNIT ( * ) PLANE_ANGLE_UNIT ( ) SI_UNIT ( $, .RADIAN. ) );
#1801 = DIRECTION ( 'NONE',  ( -1.000000000000000000, -0.000000000000000000, 7.228014483236695816E-17 ) ) ;
#1802 = CARTESIAN_POINT ( 'NONE',  ( -0.07763924145519682241, 1.034999999999999920, 1.340513759941373451 ) ) ;
#1803 = CARTESIAN_POINT ( 'NONE',  ( -0.3338942307692303046, 1.024999999999999911, 0.3461538461538462563 ) ) ;
#1804 = CARTESIAN_POINT ( 'NONE',  ( 0.2836703517299277721, 1.034999999999999920, -0.7891061913658832250 ) ) ;
#1805 = CARTESIAN_POINT ( 'NONE',  ( -0.4504852350230372782, 1.025000000000000355, 0.1716493857199549722 ) ) ;
#1806 = SURFACE_SIDE_STYLE ('',( #5089 ) ) ;
#1807 =( GEOMETRIC_REPRESENTATION_CONTEXT ( 3 ) GLOBAL_UNCERTAINTY_ASSIGNED_CONTEXT ( ( #131 ) ) GLOBAL_UNIT_ASSIGNED_CONTEXT ( ( #2022, #501, #4054 ) ) REPRESENTATION_CONTEXT ( 'NONE', 'WORKASPACE' ) );
#1808 = CARTESIAN_POINT ( 'NONE',  ( 0.4383311012913728155, 1.024999999999999689, 0.9028740862858286587 ) ) ;
#1809 = CARTESIAN_POINT ( 'NONE',  ( -0.1127526067484372341, 1.034999999999999476, 1.248891001546740709 ) ) ;
#1810 =( LENGTH_UNIT ( ) NAMED_UNIT ( * ) SI_UNIT ( .MILLI., .METRE. ) );
#1811 = CARTESIAN_POINT ( 'NONE',  ( 0.3929687500000005329, 1.034999999999999920, -0.8335336538461538547 ) ) ;
#1812 = CARTESIAN_POINT ( 'NONE',  ( 0.7739519067024717147, 1.034999999999999920, 0.8579668031823564078 ) ) ;
#1813 = CARTESIAN_POINT ( 'NONE',  ( -0.4169036892677493999, 1.035000000000000586, -0.8963014364629707798 ) ) ;
#1814 = CARTESIAN_POINT ( 'NONE',  ( 0.4641704701746396378, 1.024999999999999467, 1.248891001546740487 ) ) ;
#1815 = UNCERTAINTY_MEASURE_WITH_UNIT (LENGTH_MEASURE( 1.000000000000000082E-05 ), #3155, 'distance_accuracy_value', 'NONE');
#1816 = CARTESIAN_POINT ( 'NONE',  ( -0.3461538461538462008, 1.034999999999999920, 1.500000000000000222 ) ) ;
#1817 = B_SPLINE_CURVE_WITH_KNOTS ( 'NONE', 3,
 ( #4151, #4685, #1150, #1198, #2716, #5195, #1692, #3677, #1176, #4172, #1709, #6242, #6194, #5675, #6176, #5178, #4735, #142, #2169 ),
 .UNSPECIFIED., .F., .F.,
 ( 4, 1, 1, 1, 1, 1, 1, 1, 1, 1, 1, 1, 1, 1, 1, 1, 4 ),
 ( 0.000000000000000000, 0.05794487546232589964, 0.1160176254256826689, 0.1748257843638406361, 0.2346830900793710206, 0.2968270303289142209, 0.3640613359637882573, 0.4361924240497391803, 0.5142601195414409077, 0.5569758971654886759, 0.6048559283836538736, 0.6576752010734879805, 0.7157505846619327539, 0.7788397991664557374, 0.8475011894738632146, 0.9212282309463235563, 1.000000000000000000 ),
 .UNSPECIFIED. ) ;
#1818 = SURFACE_SIDE_STYLE ('',( #197 ) ) ;
#1819 = VERTEX_POINT ( 'NONE', #5041 ) ;
#1820 = CARTESIAN_POINT ( 'NONE',  ( -0.1400841346153841038, 1.034999999999999920, -0.9344951923076924016 ) ) ;
#1821 = CARTESIAN_POINT ( 'NONE',  ( -0.3859165284652604222, 1.025000000000000355, 0.3448924157040462735 ) ) ;
#1822 = CARTESIAN_POINT ( 'NONE',  ( 0.3105257572970913649, 1.034999999999999920, -0.7889372591678415203 ) ) ;
#1823 = CARTESIAN_POINT ( 'NONE',  ( 0.7942258204726675430, 1.024999999999999023, 1.001524615184221645 ) ) ;
#1824 = MECHANICAL_DESIGN_GEOMETRIC_PRESENTATION_REPRESENTATION (  '', ( #3210 ), #5766 ) ;
#1825 = EDGE_LOOP ( 'NONE', ( #4271, #5729, #2628, #1750 ) ) ;
#1826 = CARTESIAN_POINT ( 'NONE',  ( 0.8493852422833564342, 1.035000000000000142, -0.3780622130387988888 ) ) ;
#1827 = DIRECTION ( 'NONE',  ( -3.516331370223257730E-16, -0.000000000000000000, -1.000000000000000000 ) ) ;
#1828 = CARTESIAN_POINT ( 'NONE',  ( 0.2128136817681038628, 1.034999999999999920, 0.8949845457384369984 ) ) ;
#1829 = EDGE_CURVE ( 'NONE', #5722, #958, #3376, .T. ) ;
#1830 = ORIENTED_EDGE ( 'NONE', *, *, #5558, .T. ) ;
#1831 = CARTESIAN_POINT ( 'NONE',  ( -0.4522323041211668282, 1.035000000000000142, 0.9454479468394777486 ) ) ;
#1832 = CARTESIAN_POINT ( 'NONE',  ( -0.006755977193804768924, 1.024999999999999911, 0.8366587838276429157 ) ) ;
#1833 = CARTESIAN_POINT ( 'NONE',  ( 0.5229012429291436392, 1.034999999999999920, -1.063179206688315004 ) ) ;
#1834 = CARTESIAN_POINT ( 'NONE',  ( 0.6174926027669854767, 1.024999999999999689, 0.7533978999952609668 ) ) ;
#1835 =( LENGTH_UNIT ( ) NAMED_UNIT ( * ) SI_UNIT ( .MILLI., .METRE. ) );
#1836 = CARTESIAN_POINT ( 'NONE',  ( 0.3149709885803871900, 1.034999999999999920, -1.107666567701245830 ) ) ;
#1837 = CARTESIAN_POINT ( 'NONE',  ( -0.4519230769230769273, 1.034999999999999920, 0.9579326923076925127 ) ) ;
#1838 = CARTESIAN_POINT ( 'NONE',  ( 0.8043269230769236611, 1.034999999999999920, -0.4615384615384615641 ) ) ;
#1839 = CARTESIAN_POINT ( 'NONE',  ( 0.5768030531107145586, 1.024999999999999911, -0.07437058000244567424 ) ) ;
#1840 = FILL_AREA_STYLE_COLOUR ( '', #4015 ) ;
#1841 = CARTESIAN_POINT ( 'NONE',  ( 0.2601562500000004219, 1.024999999999999911, -1.115384615384615419 ) ) ;
#1842 = CARTESIAN_POINT ( 'NONE',  ( -0.2308589069795600468, 1.025000000000000133, 0.3394991525899668239 ) ) ;
#1843 = ORIENTED_EDGE ( 'NONE', *, *, #6514, .F. ) ;
#1844 = ADVANCED_FACE ( 'NONE', ( #2103 ), #382, .T. ) ;
#1845 = FACE_OUTER_BOUND ( 'NONE', #5193, .T. ) ;
#1846 = CARTESIAN_POINT ( 'NONE',  ( -0.6531636197334607097, 1.035000000000000142, -0.5620760748862947409 ) ) ;
#1847 = CARTESIAN_POINT ( 'NONE',  ( 0.2661046692710027917, 1.024999999999999911, -0.9635485289351736204 ) ) ;
#1848 = CARTESIAN_POINT ( 'NONE',  ( 0.5708984756573782793, 1.024999999999999911, 1.280269342272169819 ) ) ;
#1849 = CARTESIAN_POINT ( 'NONE',  ( -0.08712521564218052295, 1.025000000000000133, -1.149688886720175551 ) ) ;
#1850 = CARTESIAN_POINT ( 'NONE',  ( 0.2211538461538460343, 1.034999999999999920, 0.9570312500000004441 ) ) ;
#1851 = EDGE_CURVE ( 'NONE', #706, #4693, #588, .T. ) ;
#1852 = SURFACE_STYLE_FILL_AREA ( #6338 ) ;
#1853 = LINE ( 'NONE', #1250, #6342 ) ;
#1854 = CARTESIAN_POINT ( 'NONE',  ( -0.4808639857458591460, 1.034999999999999920, 0.8804506858141276648 ) ) ;
#1855 = CARTESIAN_POINT ( 'NONE',  ( 0.4073648061912791829, 1.034999999999999920, -0.8510345657392508478 ) ) ;
#1856 = CARTESIAN_POINT ( 'NONE',  ( 0.5928747511549730120, 1.024999999999999245, 0.7504378068874770769 ) ) ;
#1857 = CARTESIAN_POINT ( 'NONE',  ( 0.6076106976436539409, 1.035000000000000142, 0.8412721904612346924 ) ) ;
#1858 = COLOUR_RGB ( '',1.000000000000000000, 1.000000000000000000, 1.000000000000000000 ) ;
#1859 = LINE ( 'NONE', #3033, #5592 ) ;
#1860 = UNCERTAINTY_MEASURE_WITH_UNIT (LENGTH_MEASURE( 1.000000000000000082E-05 ), #1707, 'distance_accuracy_value', 'NONE');
#1861 = CARTESIAN_POINT ( 'NONE',  ( 0.5701670997292723753, 1.034999999999999920, 0.8366587838276426936 ) ) ;
#1862 = B_SPLINE_CURVE_WITH_KNOTS ( 'NONE', 3,
 ( #4105, #5605, #6059, #3055, #6152, #5627, #3556, #2048, #2587, #4570, #4635, #6127, #76, #6, #3626, #4593, #1560, #5582, #5115 ),
 .UNSPECIFIED., .F., .F.,
 ( 4, 1, 1, 1, 1, 1, 1, 1, 1, 1, 1, 1, 1, 1, 1, 1, 4 ),
 ( 0.000000000000000000, 0.07067529020333017387, 0.1374926938441249080, 0.2014728253723050977, 0.2628693217722904429, 0.3225500865261560213, 0.3807372513385547941, 0.4382197368560123429, 0.4954874370602860845, 0.5534836796953477300, 0.6113462062294291455, 0.6706437388141555100, 0.7315869484227132125, 0.7941831937999380697, 0.8594451119347494839, 0.9282076353998096607, 0.9999999999999998890 ),
 .UNSPECIFIED. ) ;
#1863 = CARTESIAN_POINT ( 'NONE',  ( 0.7897367586911808734, 1.024999999999999911, 0.8949845457384369984 ) ) ;
#1864 = VERTEX_POINT ( 'NONE', #5127 ) ;
#1865 = CARTESIAN_POINT ( 'NONE',  ( 0.6792223042076592776, 1.035000000000000142, -0.1594294256854960901 ) ) ;
#1866 = CARTESIAN_POINT ( 'NONE',  ( -1.499999999999996891, 1.024999999999999911, -1.650000000000000799 ) ) ;
#1867 = CARTESIAN_POINT ( 'NONE',  ( -0.1400841346153841038, 1.024999999999999911, -0.9344951923076924016 ) ) ;
#1868 = CARTESIAN_POINT ( 'NONE',  ( 0.6339091276536564790, 1.024999999999999689, 1.226931528156839590 ) ) ;
#1869 = LINE ( 'NONE', #147, #2734 ) ;
#1870 = CARTESIAN_POINT ( 'NONE',  ( 0.7430206277123668768, 1.024999999999999467, 1.113162156003707715 ) ) ;
#1871 = VERTEX_POINT ( 'NONE', #2650 ) ;
#1872 = CARTESIAN_POINT ( 'NONE',  ( -0.6464977844380425109, 1.035000000000000142, 0.8451883045114931825 ) ) ;
#1873 = CARTESIAN_POINT ( 'NONE',  ( 0.8076923076923077094, 1.034999999999999920, 1.403846153846154188 ) ) ;
#1874 = EDGE_CURVE ( 'NONE', #2787, #3506, #1351, .T. ) ;
#1875 = CARTESIAN_POINT ( 'NONE',  ( -0.4519230769230769829, 1.024999999999999911, 0.9579326923076926237 ) ) ;
#1876 = CARTESIAN_POINT ( 'NONE',  ( 0.4408052884615384359, 1.034999999999999920, 1.403846153846154188 ) ) ;
#1877 = ADVANCED_FACE ( 'NONE', ( #206 ), #5131, .T. ) ;
#1878 = CARTESIAN_POINT ( 'NONE',  ( 0.7830146141232979806, 1.034999999999999920, 0.8759254739018295099 ) ) ;
#1879 = CARTESIAN_POINT ( 'NONE',  ( 0.1510073602894673184, 1.035000000000000142, 1.132741021815065752 ) ) ;
#1880 = FILL_AREA_STYLE_COLOUR ( '', #3244 ) ;
#1881 = CARTESIAN_POINT ( 'NONE',  ( 1.605000000000000204, -1.024999999999999467, 1.625000000000000000 ) ) ;
#1882 = LINE ( 'NONE', #2420, #763 ) ;
#1883 = FILL_AREA_STYLE_COLOUR ( '', #3142 ) ;
#1884 = CARTESIAN_POINT ( 'NONE',  ( -0.1780739279415826659, 1.024999999999999911, 0.8038894595579944014 ) ) ;
#1885 = CARTESIAN_POINT ( 'NONE',  ( -0.1043395853067812518, 1.035000000000000142, 0.7631169127271658637 ) ) ;
#1886 = CARTESIAN_POINT ( 'NONE',  ( 0.6113314052326520587, 1.034999999999999698, -0.1023239656277363518 ) ) ;
#1887 = ORIENTED_EDGE ( 'NONE', *, *, #3125, .F. ) ;
#1888 = B_SPLINE_CURVE_WITH_KNOTS ( 'NONE', 3,
 ( #6105, #3532, #5542, #485, #995, #1517, #5584, #5077, #2027, #5566, #4060 ),
 .UNSPECIFIED., .F., .F.,
 ( 4, 1, 1, 1, 1, 1, 1, 1, 4 ),
 ( 0.000000000000000000, 0.08982226816897592725, 0.1871858735996305978, 0.2931954017053314820, 0.4089337604228172607, 0.5383757029064345501, 0.6787602136966732758, 0.8331740874230403326, 1.000000000000000000 ),
 .UNSPECIFIED. ) ;
#1889 = CARTESIAN_POINT ( 'NONE',  ( -0.2490162095564817657, 1.025000000000000133, 0.9531584188986654826 ) ) ;
#1890 = CARTESIAN_POINT ( 'NONE',  ( -0.4912033807344199365, 1.034999999999999920, 0.7644335898809586638 ) ) ;
#1891 = CARTESIAN_POINT ( 'NONE',  ( -0.2596153846153848033, 1.024999999999999911, 1.500000000000000444 ) ) ;
#1892 = MECHANICAL_DESIGN_GEOMETRIC_PRESENTATION_REPRESENTATION (  '', ( #5903 ), #5101 ) ;
#1893 = DIRECTION ( 'NONE',  ( -1.000000000000000000, -0.000000000000000000, 0.000000000000000000 ) ) ;
#1894 = ORIENTED_EDGE ( 'NONE', *, *, #2549, .F. ) ;
#1895 = UNCERTAINTY_MEASURE_WITH_UNIT (LENGTH_MEASURE( 1.000000000000000082E-05 ), #4617, 'distance_accuracy_value', 'NONE');
#1896 = CARTESIAN_POINT ( 'NONE',  ( -0.5213818887181209671, 1.024999999999999689, 0.8499915930093842054 ) ) ;
#1897 = CARTESIAN_POINT ( 'NONE',  ( 0.4767780603429721542, 1.034999999999999920, 1.360971408330850618 ) ) ;
#1898 = EDGE_LOOP ( 'NONE', ( #6400, #4078, #1654, #5432 ) ) ;
#1899 = CARTESIAN_POINT ( 'NONE',  ( 0.07640875695867181683, 1.024999999999999689, 1.209179511122381756 ) ) ;
#1900 = CARTESIAN_POINT ( 'NONE',  ( 0.8076923076923077094, 1.034999999999999920, 1.500000000000000222 ) ) ;
#1901 = ORIENTED_EDGE ( 'NONE', *, *, #2097, .F. ) ;
#1902 = MECHANICAL_DESIGN_GEOMETRIC_PRESENTATION_REPRESENTATION (  '', ( #1578 ), #5191 ) ;
#1903 = CARTESIAN_POINT ( 'NONE',  ( 0.6807072769067453732, 1.024999999999999689, 0.8900286707375894002 ) ) ;
#1904 =( GEOMETRIC_REPRESENTATION_CONTEXT ( 3 ) GLOBAL_UNCERTAINTY_ASSIGNED_CONTEXT ( ( #1465 ) ) GLOBAL_UNIT_ASSIGNED_CONTEXT ( ( #1835, #1300, #4357 ) ) REPRESENTATION_CONTEXT ( 'NONE', 'WORKASPACE' ) );
#1905 = ORIENTED_EDGE ( 'NONE', *, *, #845, .T. ) ;
#1906 = DIRECTION ( 'NONE',  ( 1.000000000000000000, 0.000000000000000000, 0.000000000000000000 ) ) ;
#1907 = CARTESIAN_POINT ( 'NONE',  ( 0.7109369966974191657, 1.024999999999999911, -0.1871877039025902079 ) ) ;
#1908 = CARTESIAN_POINT ( 'NONE',  ( 0.09605909117721764257, 1.024999999999999911, 0.8804506858141281089 ) ) ;
#1909 = DIRECTION ( 'NONE',  ( -0.000000000000000000, -1.000000000000000000, -0.000000000000000000 ) ) ;
#1910 = ORIENTED_EDGE ( 'NONE', *, *, #4507, .F. ) ;
#1911 = CARTESIAN_POINT ( 'NONE',  ( 0.1946089425212500224, 1.025000000000000133, -1.106241961477663294 ) ) ;
#1912 = DIRECTION ( 'NONE',  ( -1.000000000000000000, -2.644395542647571273E-16, 0.000000000000000000 ) ) ;
#1913 = CARTESIAN_POINT ( 'NONE',  ( 0.4903629656854134322, 1.034999999999999920, 1.348635032081523466 ) ) ;
#1914 = EDGE_CURVE ( 'NONE', #354, #2230, #3760, .T. ) ;
#1915 = ADVANCED_FACE ( 'NONE', ( #4807 ), #654, .T. ) ;
#1916 = CARTESIAN_POINT ( 'NONE',  ( 0.7713591597378328668, 1.025000000000000133, 1.067602144398379194 ) ) ;
#1917 = CARTESIAN_POINT ( 'NONE',  ( -0.5778657994745910464, 1.035000000000000142, 0.7501485095022862870 ) ) ;
#1918 = CARTESIAN_POINT ( 'NONE',  ( -0.6918213401987398647, 1.034999999999999920, 0.8721003435082629318 ) ) ;
#1919 = CARTESIAN_POINT ( 'NONE',  ( 0.7360489443332798309, 1.035000000000000364, 0.8091909101105900781 ) ) ;
#1920 = CARTESIAN_POINT ( 'NONE',  ( 0.4702497597294386655, 1.024999999999999911, -1.180198572257634027 ) ) ;
#1921 = EDGE_CURVE ( 'NONE', #4861, #170, #2316, .T. ) ;
#1922 = LINE ( 'NONE', #5681, #5113 ) ;
#1923 = CARTESIAN_POINT ( 'NONE',  ( -0.4993689513519660728, 1.024999999999999467, 0.8631895418681121424 ) ) ;
#1924 = CARTESIAN_POINT ( 'NONE',  ( 0.5899939903846154188, 1.034999999999999920, 1.264723557692307931 ) ) ;
#1925 = VECTOR ( 'NONE', #1912, 1000.000000000000000 ) ;
#1926 = CARTESIAN_POINT ( 'NONE',  ( -0.5597572789664123638, 1.034999999999999920, 0.8385928700513111123 ) ) ;
#1927 = CARTESIAN_POINT ( 'NONE',  ( -0.08213732640322227163, 1.025000000000000133, 0.8502074897336967529 ) ) ;
#1928 = FILL_AREA_STYLE ('',( #3424 ) ) ;
#1929 = EDGE_LOOP ( 'NONE', ( #1170, #4927, #1698, #782 ) ) ;
#1930 = CARTESIAN_POINT ( 'NONE',  ( -0.7560024200292642105, 1.024999999999999689, -0.2381135273256473617 ) ) ;
#1931 = SURFACE_STYLE_FILL_AREA ( #3721 ) ;
#1932 = CARTESIAN_POINT ( 'NONE',  ( 0.5107572115384620970, 1.025000000000000133, -0.02223557692307692041 ) ) ;
#1933 = CARTESIAN_POINT ( 'NONE',  ( -0.5990513877927807762, 1.035000000000000142, 0.2773487647443848569 ) ) ;
#1934 =( NAMED_UNIT ( * ) PLANE_ANGLE_UNIT ( ) SI_UNIT ( $, .RADIAN. ) );
#1935 = CARTESIAN_POINT ( 'NONE',  ( 0.3273737980769230727, 1.024999999999999911, 1.433293269230769384 ) ) ;
#1936 = CARTESIAN_POINT ( 'NONE',  ( -0.4520274769486910538, 1.025000000000000133, 0.9537176434545550086 ) ) ;
#1937 = CARTESIAN_POINT ( 'NONE',  ( 0.4767780603429721542, 1.024999999999999245, 1.360971408330850618 ) ) ;
#1938 = CARTESIAN_POINT ( 'NONE',  ( 0.06379714921873078093, 1.024999999999999467, 0.7580082180372673673 ) ) ;
#1939 = B_SPLINE_CURVE_WITH_KNOTS ( 'NONE', 3,
 ( #5773, #5815, #4787, #1311, #1734, #765, #5298 ),
 .UNSPECIFIED., .F., .F.,
 ( 4, 1, 1, 1, 4 ),
 ( 0.000000000000000000, 0.2801255546166575572, 0.5241588868393993739, 0.7586449302000993766, 1.000000000000000000 ),
 .UNSPECIFIED. ) ;
#1940 = APPLICATION_CONTEXT ( 'automotive_design' ) ;
#1942 = SURFACE_STYLE_FILL_AREA ( #3555 ) ;
#1941 = CARTESIAN_POINT ( 'NONE',  ( -0.4516463204215797611, 1.034999999999999698, 0.7831533228634257604 ) ) ;
#1943 = CARTESIAN_POINT ( 'NONE',  ( -0.7305912537455258038, 1.034999999999999920, 0.9660415190853473000 ) ) ;
#1944 = DIRECTION ( 'NONE',  ( -0.000000000000000000, -1.000000000000000000, -0.000000000000000000 ) ) ;
#1945 = CARTESIAN_POINT ( 'NONE',  ( 0.5224391118454452254, 1.034999999999999698, -1.072678611138124127 ) ) ;
#1946 = ORIENTED_EDGE ( 'NONE', *, *, #940, .T. ) ;
#1947 = MECHANICAL_DESIGN_GEOMETRIC_PRESENTATION_REPRESENTATION (  '', ( #3852 ), #2268 ) ;
#1948 = PRESENTATION_STYLE_ASSIGNMENT (( #2339 ) ) ;
#1949 = UNCERTAINTY_MEASURE_WITH_UNIT (LENGTH_MEASURE( 1.000000000000000082E-05 ), #5738, 'distance_accuracy_value', 'NONE');
#1950 = CARTESIAN_POINT ( 'NONE',  ( -0.07763924145519682241, 1.024999999999999911, 1.340513759941373451 ) ) ;
#1951 = SURFACE_STYLE_USAGE ( .BOTH. , #3510 ) ;
#1952 = SURFACE_SIDE_STYLE ('',( #1982 ) ) ;
#1953 = CARTESIAN_POINT ( 'NONE',  ( -0.7613719684852172653, 1.024999999999999911, -0.1911989109514751206 ) ) ;
#1954 = PRESENTATION_LAYER_ASSIGNMENT (  '', '', ( #1629 ) ) ;
#1955 = CARTESIAN_POINT ( 'NONE',  ( 0.3370346671733435717, 1.024999999999999911, 1.406614822300994438 ) ) ;
#1956 = CARTESIAN_POINT ( 'NONE',  ( 0.06676003895610660432, 1.034999999999999920, 0.8562443421471487293 ) ) ;
#1957 = CARTESIAN_POINT ( 'NONE',  ( -0.1361177884615386025, 1.034999999999999920, 1.403846153846154410 ) ) ;
#1958 = CARTESIAN_POINT ( 'NONE',  ( -0.2831391832459439484, 1.024999999999999467, 0.1912586387461336357 ) ) ;
#1959 = CARTESIAN_POINT ( 'NONE',  ( 0.7109369966974191657, 1.034999999999999920, -0.1871877039025902079 ) ) ;
#1960 = CARTESIAN_POINT ( 'NONE',  ( -2.000000000000000000, 1.024999999999999911, 1.849999999999999423 ) ) ;
#1961 = PRESENTATION_STYLE_ASSIGNMENT (( #5913 ) ) ;
#1962 = DIRECTION ( 'NONE',  ( -1.000000000000000000, -0.000000000000000000, 0.000000000000000000 ) ) ;
#1963 = VECTOR ( 'NONE', #629, 1000.000000000000000 ) ;
#1964 = EDGE_CURVE ( 'NONE', #305, #4608, #3068, .T. ) ;
#1965 = CARTESIAN_POINT ( 'NONE',  ( -0.009615384615384716532, 1.024999999999999911, 0.7500000000000004441 ) ) ;
#1966 = ORIENTED_EDGE ( 'NONE', *, *, #2006, .T. ) ;
#1967 = CARTESIAN_POINT ( 'NONE',  ( -0.4032695772768110087, 1.034999999999999920, 0.8244472621065873641 ) ) ;
#1968 = DIRECTION ( 'NONE',  ( -0.000000000000000000, -0.000000000000000000, -1.000000000000000000 ) ) ;
#1969 =( NAMED_UNIT ( * ) SI_UNIT ( $, .STERADIAN. ) SOLID_ANGLE_UNIT ( ) );
#1970 = CARTESIAN_POINT ( 'NONE',  ( -0.3557692307692307820, 1.024999999999999911, 0.9570312500000002220 ) ) ;
#1971 = EDGE_CURVE ( 'NONE', #4134, #2220, #4362, .T. ) ;
#1972 = LINE ( 'NONE', #3109, #1725 ) ;
#1973 = CARTESIAN_POINT ( 'NONE',  ( 0.6873969098756016471, 1.024999999999999911, -0.3498868159651466470 ) ) ;
#1974 = CARTESIAN_POINT ( 'NONE',  ( -0.6007688553617724914, 1.034999999999999698, 1.295053357843854336 ) ) ;
#1975 = PRESENTATION_STYLE_ASSIGNMENT (( #3650 ) ) ;
#1976 = CARTESIAN_POINT ( 'NONE',  ( -0.02384577843869551197, 1.024999999999999911, 1.295053357843855446 ) ) ;
#1977 = PRESENTATION_STYLE_ASSIGNMENT (( #1491 ) ) ;
#1978 = CARTESIAN_POINT ( 'NONE',  ( 0.2117753373692803087, 1.024999999999999911, 1.023495007546662894 ) ) ;
#1979 = CARTESIAN_POINT ( 'NONE',  ( -0.1127526067484372341, 1.034999999999999476, 1.248891001546740709 ) ) ;
#1980 = VERTEX_POINT ( 'NONE', #2838 ) ;
#1981 = MECHANICAL_DESIGN_GEOMETRIC_PRESENTATION_REPRESENTATION (  '', ( #2525 ), #2865 ) ;
#1982 = SURFACE_STYLE_FILL_AREA ( #6395 ) ;
#1983 = CARTESIAN_POINT ( 'NONE',  ( 0.3273737980769230727, 1.024999999999999911, 1.433293269230769384 ) ) ;
#1984 = CARTESIAN_POINT ( 'NONE',  ( -0.5243458283257840247, 1.024999999999999911, 0.3155960902458150308 ) ) ;
#1985 = CARTESIAN_POINT ( 'NONE',  ( 0.3412806957652999573, 1.024999999999999911, 0.8912785242938491281 ) ) ;
#1986 = FILL_AREA_STYLE_COLOUR ( '', #3439 ) ;
#1987 = CARTESIAN_POINT ( 'NONE',  ( -1.999999999999999556, -1.024999999999999911, -1.850000000000000977 ) ) ;
#1988 = CARTESIAN_POINT ( 'NONE',  ( -0.4751407425805740381, 1.035000000000000142, 0.1599192117716702610 ) ) ;
#1989 = CARTESIAN_POINT ( 'NONE',  ( 0.7850000000000001421, -1.025000000000000355, -1.574999999999999734 ) ) ;
#1990 = ORIENTED_EDGE ( 'NONE', *, *, #3634, .F. ) ;
#1991 = ORIENTED_EDGE ( 'NONE', *, *, #2637, .T. ) ;
#1992 = CARTESIAN_POINT ( 'NONE',  ( -0.08213732640322227163, 1.035000000000000142, 0.8502074897336967529 ) ) ;
#1993 = CARTESIAN_POINT ( 'NONE',  ( 0.5003004807692308376, 1.034999999999999920, 1.219501201923077316 ) ) ;
#1994 = CARTESIAN_POINT ( 'NONE',  ( -0.5736950307298518403, 1.024999999999999911, -0.2539866503397323894 ) ) ;
#1995 = FILL_AREA_STYLE ('',( #3437 ) ) ;
#1996 = CARTESIAN_POINT ( 'NONE',  ( -0.5044750564292153072, 1.035000000000000142, 1.078940445635440559 ) ) ;
#1997 = AXIS2_PLACEMENT_3D ( 'NONE', #5965, #6510, #6038 ) ;
#1998 = ORIENTED_EDGE ( 'NONE', *, *, #3815, .F. ) ;
#1999 = FILL_AREA_STYLE ('',( #5047 ) ) ;
#2000 =( NAMED_UNIT ( * ) PLANE_ANGLE_UNIT ( ) SI_UNIT ( $, .RADIAN. ) );
#2001 = SURFACE_STYLE_USAGE ( .BOTH. , #6103 ) ;
#2002 = CARTESIAN_POINT ( 'NONE',  ( -0.02713472773045475656, 1.024999999999999911, 0.8368925012777321815 ) ) ;
#2003 =( GEOMETRIC_REPRESENTATION_CONTEXT ( 3 ) GLOBAL_UNCERTAINTY_ASSIGNED_CONTEXT ( ( #968 ) ) GLOBAL_UNIT_ASSIGNED_CONTEXT ( ( #1609, #5632, #2613 ) ) REPRESENTATION_CONTEXT ( 'NONE', 'WORKASPACE' ) );
#2004 = VERTEX_POINT ( 'NONE', #1447 ) ;
#2005 = CARTESIAN_POINT ( 'NONE',  ( 0.4777149341076136757, 1.024999999999999911, 0.002298804109529391411 ) ) ;
#2006 = EDGE_CURVE ( 'NONE', #2946, #5518, #4896, .T. ) ;
#2007 = FACE_OUTER_BOUND ( 'NONE', #3908, .T. ) ;
#2008 = CARTESIAN_POINT ( 'NONE',  ( -0.1825227462300418046, 1.024999999999999689, 1.317561331180454154 ) ) ;
#2009 =( LENGTH_UNIT ( ) NAMED_UNIT ( * ) SI_UNIT ( .MILLI., .METRE. ) );
#2010 = CARTESIAN_POINT ( 'NONE',  ( -0.7066733836020947512, 1.035000000000000142, 0.1609778065568407968 ) ) ;
#2011 = DIRECTION ( 'NONE',  ( -1.000000000000000000, 0.000000000000000000, -0.000000000000000000 ) ) ;
#2012 = SURFACE_STYLE_USAGE ( .BOTH. , #2546 ) ;
#2013 = CARTESIAN_POINT ( 'NONE',  ( -0.0009427225515141211603, 1.024999999999999689, 0.7501485095022863980 ) ) ;
#2014 = EDGE_CURVE ( 'NONE', #2102, #2666, #330, .T. ) ;
#2015 = PRESENTATION_LAYER_ASSIGNMENT (  '', '', ( #5311 ) ) ;
#2016 = CARTESIAN_POINT ( 'NONE',  ( -0.05620630045427086469, 1.024999999999999911, 0.8412040476659468080 ) ) ;
#2017 = CARTESIAN_POINT ( 'NONE',  ( 0.7019230769230769829, 1.034999999999999920, 0.9579326923076925127 ) ) ;
#2018 =( NAMED_UNIT ( * ) PLANE_ANGLE_UNIT ( ) SI_UNIT ( $, .RADIAN. ) );
#2019 = CARTESIAN_POINT ( 'NONE',  ( 0.4329612670175467803, 1.034999999999999920, 0.7800866347188735173 ) ) ;
#2020 = ORIENTED_EDGE ( 'NONE', *, *, #218, .F. ) ;
#2021 = SURFACE_STYLE_FILL_AREA ( #6418 ) ;
#2022 =( LENGTH_UNIT ( ) NAMED_UNIT ( * ) SI_UNIT ( .MILLI., .METRE. ) );
#2023 = CARTESIAN_POINT ( 'NONE',  ( -0.08656011123766355064, 1.035000000000000142, 1.348635032081523910 ) ) ;
#2024 =( LENGTH_UNIT ( ) NAMED_UNIT ( * ) SI_UNIT ( .MILLI., .METRE. ) );
#2025 = ADVANCED_FACE ( 'NONE', ( #1304 ), #509, .T. ) ;
#2026 = LINE ( 'NONE', #4070, #4237 ) ;
#2027 = CARTESIAN_POINT ( 'NONE',  ( 0.7835722909579158069, 1.024999999999999911, -0.2616051572647334345 ) ) ;
#2028 = PLANE ( 'NONE',  #4856 ) ;
#2029 = CARTESIAN_POINT ( 'NONE',  ( -0.7351063698627482434, 1.034999999999999698, 1.291137545940028941 ) ) ;
#2030 =( NAMED_UNIT ( * ) PLANE_ANGLE_UNIT ( ) SI_UNIT ( $, .RADIAN. ) );
#2031 = FILL_AREA_STYLE ('',( #5060 ) ) ;
#2032 = FACE_OUTER_BOUND ( 'NONE', #425, .T. ) ;
#2033 = CARTESIAN_POINT ( 'NONE',  ( 0.4408052884615384359, 1.034999999999999920, 1.403846153846154188 ) ) ;
#2034 = PRESENTATION_STYLE_ASSIGNMENT (( #5 ) ) ;
#2035 = B_SPLINE_CURVE_WITH_KNOTS ( 'NONE', 3,
 ( #615, #236, #4266, #1708, #6254, #1233, #3324, #279, #671, #4793, #5286 ),
 .UNSPECIFIED., .F., .F.,
 ( 4, 1, 1, 1, 1, 1, 1, 1, 4 ),
 ( 0.000000000000000000, 0.1240851874048755354, 0.2516831287137650808, 0.3805158425827885882, 0.5096002516413246086, 0.6374160462044770048, 0.7631891362247723576, 0.8842771068389632116, 1.000000000000000000 ),
 .UNSPECIFIED. ) ;
#2036 = ORIENTED_EDGE ( 'NONE', *, *, #5118, .T. ) ;
#2037 = CARTESIAN_POINT ( 'NONE',  ( -0.01693200486031759197, 1.024999999999999689, 0.8366581879303760516 ) ) ;
#2038 = CARTESIAN_POINT ( 'NONE',  ( 0.5652043269230768718, 1.024999999999999911, 0.8365384615384617861 ) ) ;
#2039 = CARTESIAN_POINT ( 'NONE',  ( 0.01595167423189602571, 1.024999999999999911, 0.7504378068874776320 ) ) ;
#2040 = CARTESIAN_POINT ( 'NONE',  ( -0.4519230769230769273, 1.034999999999999920, 0.9579326923076925127 ) ) ;
#2041 = EDGE_CURVE ( 'NONE', #1819, #883, #1229, .T. ) ;
#2042 = ORIENTED_EDGE ( 'NONE', *, *, #1411, .T. ) ;
#2043 = VECTOR ( 'NONE', #5517, 1000.000000000000000 ) ;
#2044 = STYLED_ITEM ( 'NONE', ( #505 ), #2618 ) ;
#2045 = VECTOR ( 'NONE', #137, 1000.000000000000000 ) ;
#2046 = CARTESIAN_POINT ( 'NONE',  ( -0.1300299004474990694, 1.035000000000000142, 1.395641797569607379 ) ) ;
#2047 = CARTESIAN_POINT ( 'NONE',  ( 0.5107572115384620970, 1.025000000000000133, -0.02223557692307692041 ) ) ;
#2048 = CARTESIAN_POINT ( 'NONE',  ( -0.7831691428522710163, 1.035000000000000142, 0.8340822251097764761 ) ) ;
#2049 =( NAMED_UNIT ( * ) SI_UNIT ( $, .STERADIAN. ) SOLID_ANGLE_UNIT ( ) );
#2050 = FACE_OUTER_BOUND ( 'NONE', #6471, .T. ) ;
#2051 = FACE_BOUND ( 'NONE', #5665, .T. ) ;
#2052 = FILL_AREA_STYLE_COLOUR ( '', #6433 ) ;
#2053 = STYLED_ITEM ( 'NONE', ( #3630 ), #5063 ) ;
#2054 = DIRECTION ( 'NONE',  ( -0.000000000000000000, -0.000000000000000000, -1.000000000000000000 ) ) ;
#2055 = CARTESIAN_POINT ( 'NONE',  ( -0.7594458231531187042, 1.034999999999999920, 1.317561331180454154 ) ) ;
#2056 = CARTESIAN_POINT ( 'NONE',  ( 0.5099508101729233189, 1.034999999999999920, 1.211378676326421155 ) ) ;
#2057 = CARTESIAN_POINT ( 'NONE',  ( 0.3612907688776517690, 1.034999999999999920, -1.259698088810414784 ) ) ;
#2058 = STYLED_ITEM ( 'NONE', ( #5160 ), #2 ) ;
#2059 = LINE ( 'NONE', #1786, #1102 ) ;
#2060 = ADVANCED_FACE ( 'NONE', ( #2249 ), #2728, .T. ) ;
#2061 =( LENGTH_UNIT ( ) NAMED_UNIT ( * ) SI_UNIT ( .MILLI., .METRE. ) );
#2062 = CARTESIAN_POINT ( 'NONE',  ( 0.3025240384615390798, 1.024999999999999911, -0.7884615384615384359 ) ) ;
#2063 = EDGE_LOOP ( 'NONE', ( #4268, #6498, #1128, #3962 ) ) ;
#2064 = CARTESIAN_POINT ( 'NONE',  ( -0.1061710529872759573, 1.034999999999999698, -1.139577370660544764 ) ) ;
#2065 = SURFACE_SIDE_STYLE ('',( #3658 ) ) ;
#2066 = DIRECTION ( 'NONE',  ( -1.000000000000000000, 0.000000000000000000, -0.000000000000000000 ) ) ;
#2067 = CARTESIAN_POINT ( 'NONE',  ( 0.1148997614511178683, 1.024999999999999689, 1.010118407490752102 ) ) ;
#2068 = VERTEX_POINT ( 'NONE', #2937 ) ;
#2069 = CARTESIAN_POINT ( 'NONE',  ( -0.8365485009993929300, 1.024999999999999911, 1.494285306604467900 ) ) ;
#2070 = SURFACE_STYLE_USAGE ( .BOTH. , #978 ) ;
#2071 = CARTESIAN_POINT ( 'NONE',  ( 0.4328885819389543532, 1.034999999999999920, 0.9148738954979116489 ) ) ;
#2072 = CARTESIAN_POINT ( 'NONE',  ( -0.7479005969255771991, 1.024999999999999911, 1.304503635857036992 ) ) ;
#2073 = CARTESIAN_POINT ( 'NONE',  ( 0.5285331315712945566, 1.024999999999999911, 1.195738238068862147 ) ) ;
#2074 = EDGE_LOOP ( 'NONE', ( #332, #1278, #3500, #4560 ) ) ;
#2075 = CARTESIAN_POINT ( 'NONE',  ( -0.6531636197334607097, 1.024999999999999911, -0.5620760748862947409 ) ) ;
#2076 = CARTESIAN_POINT ( 'NONE',  ( -0.5608621531985421571, 1.034999999999999698, 0.07006620613971947797 ) ) ;
#2077 = UNCERTAINTY_MEASURE_WITH_UNIT (LENGTH_MEASURE( 1.000000000000000082E-05 ), #399, 'distance_accuracy_value', 'NONE');
#2078 = B_SPLINE_CURVE_WITH_KNOTS ( 'NONE', 3,
 ( #1924, #5470, #3986, #4451, #4526, #4502, #3012, #871, #2381, #1897, #389, #5979, #1876 ),
 .UNSPECIFIED., .F., .F.,
 ( 4, 1, 1, 1, 1, 1, 1, 1, 1, 1, 4 ),
 ( 0.000000000000000000, 0.1241996726524872002, 0.2368296581100267917, 0.3394949853062829703, 0.4312535100312248071, 0.5114548721194182024, 0.5812230366234584222, 0.6404953748643703593, 0.6883082049320179419, 0.8503329734146882757, 1.000000000000000000 ),
 .UNSPECIFIED. ) ;
#2079 = CARTESIAN_POINT ( 'NONE',  ( 0.5107572115384619860, 1.035000000000000142, -0.02223557692307691694 ) ) ;
#2080 = CARTESIAN_POINT ( 'NONE',  ( -0.3557692307692307820, 1.024999999999999911, 0.9570312500000002220 ) ) ;
#2081 = CARTESIAN_POINT ( 'NONE',  ( 0.4329612670175467803, 1.024999999999999911, 0.7800866347188735173 ) ) ;
#2082 = VERTEX_POINT ( 'NONE', #5498 ) ;
#2083 = STYLED_ITEM ( 'NONE', ( #5817 ), #1379 ) ;
#2084 =( NAMED_UNIT ( * ) SI_UNIT ( $, .STERADIAN. ) SOLID_ANGLE_UNIT ( ) );
#2085 = SURFACE_SIDE_STYLE ('',( #6055 ) ) ;
#2086 = FILL_AREA_STYLE_COLOUR ( '', #2519 ) ;
#2087 = SURFACE_STYLE_USAGE ( .BOTH. , #3121 ) ;
#2088 = SURFACE_STYLE_FILL_AREA ( #3106 ) ;
#2089 = CARTESIAN_POINT ( 'NONE',  ( -0.6545623183782736110, 1.034999999999999920, 1.340513759941373451 ) ) ;
#2090 = FILL_AREA_STYLE_COLOUR ( '', #3519 ) ;
#2091 = SURFACE_STYLE_FILL_AREA ( #487 ) ;
#2092 = CARTESIAN_POINT ( 'NONE',  ( -0.6720982898951269879, 1.025000000000000133, 1.234212003388963197 ) ) ;
#2093 = CARTESIAN_POINT ( 'NONE',  ( 0.5547742813198949241, 1.034999999999999920, 1.172529277259950931 ) ) ;
#2094 = CARTESIAN_POINT ( 'NONE',  ( -0.6189714532072565500, 1.024999999999999911, 0.8385981092399693582 ) ) ;
#2095 = CARTESIAN_POINT ( 'NONE',  ( 0.6641375723274111076, 1.024999999999999689, 0.8715447404585627833 ) ) ;
#2096 = CARTESIAN_POINT ( 'NONE',  ( -0.8192581937940324188, 1.024999999999999911, 0.9132441222960757665 ) ) ;
#2097 = EDGE_CURVE ( 'NONE', #4703, #3731, #2183, .T. ) ;
#2098 = CARTESIAN_POINT ( 'NONE',  ( 0.01377140237181433309, 1.025000000000000133, 0.1112525291091422813 ) ) ;
#2099 = ORIENTED_EDGE ( 'NONE', *, *, #3125, .T. ) ;
#2100 = CARTESIAN_POINT ( 'NONE',  ( -0.7642343878807488222, 1.034999999999999920, -0.04998063394649490676 ) ) ;
#2101 = CARTESIAN_POINT ( 'NONE',  ( 0.4152000563056311155, 1.034999999999999920, 0.7911853970708486727 ) ) ;
#2102 = VERTEX_POINT ( 'NONE', #3533 ) ;
#2103 = FACE_OUTER_BOUND ( 'NONE', #2074, .T. ) ;
#2104 = SURFACE_STYLE_FILL_AREA ( #3162 ) ;
#2105 = CARTESIAN_POINT ( 'NONE',  ( -0.5918774928055327011, 1.034999999999999920, -0.1084899168210473192 ) ) ;
#2106 = CARTESIAN_POINT ( 'NONE',  ( -0.7595361534264861714, 1.024999999999999911, -0.002815824034507942268 ) ) ;
#2107 = CARTESIAN_POINT ( 'NONE',  ( 1.849999999999999645, 1.024999999999999911, -2.000000000000000888 ) ) ;
#2108 =( GEOMETRIC_REPRESENTATION_CONTEXT ( 3 ) GLOBAL_UNCERTAINTY_ASSIGNED_CONTEXT ( ( #2464 ) ) GLOBAL_UNIT_ASSIGNED_CONTEXT ( ( #4828, #1766, #3848 ) ) REPRESENTATION_CONTEXT ( 'NONE', 'WORKASPACE' ) );
#2109 = CARTESIAN_POINT ( 'NONE',  ( -0.7307692307692308376, 1.034999999999999920, 0.9711538461538463674 ) ) ;
#2110 = SURFACE_SIDE_STYLE ('',( #2088 ) ) ;
#2111 = CARTESIAN_POINT ( 'NONE',  ( 0.002947209758249406085, 1.034999999999999920, 0.8368940373264450727 ) ) ;
#2112 = CARTESIAN_POINT ( 'NONE',  ( 0.7018186894564079070, 1.024999999999999911, 0.9621975019446505906 ) ) ;
#2113 = CARTESIAN_POINT ( 'NONE',  ( 0.7019230769230769829, 1.034999999999999920, 0.9579326923076925127 ) ) ;
#2114 = ORIENTED_EDGE ( 'NONE', *, *, #2097, .T. ) ;
#2115 = CARTESIAN_POINT ( 'NONE',  ( 0.07755412557111047989, 1.034999999999999920, 0.8631895418681124754 ) ) ;
#2116 =( NAMED_UNIT ( * ) SI_UNIT ( $, .STERADIAN. ) SOLID_ANGLE_UNIT ( ) );
#2117 = COLOUR_RGB ( '',0.4980392156862745168, 0.4980392156862745168, 0.4980392156862745168 ) ;
#2118 = CARTESIAN_POINT ( 'NONE',  ( 0.4854209920678782542, 1.034999999999999698, -0.1830055520264644575 ) ) ;
#2119 = CARTESIAN_POINT ( 'NONE',  ( 1.500000000000003109, 1.034999999999999920, -1.650000000000001021 ) ) ;
#2120 = CARTESIAN_POINT ( 'NONE',  ( 0.2175408176881483413, 1.025000000000000133, 0.9148849069587258187 ) ) ;
#2121 = EDGE_LOOP ( 'NONE', ( #6181, #208, #2770, #2874 ) ) ;
#2122 = DIRECTION ( 'NONE',  ( 0.000000000000000000, 1.000000000000000000, 0.000000000000000000 ) ) ;
#2123 = FACE_OUTER_BOUND ( 'NONE', #5883, .T. ) ;
#2124 =( GEOMETRIC_REPRESENTATION_CONTEXT ( 3 ) GLOBAL_UNCERTAINTY_ASSIGNED_CONTEXT ( ( #2255 ) ) GLOBAL_UNIT_ASSIGNED_CONTEXT ( ( #4876, #1800, #5344 ) ) REPRESENTATION_CONTEXT ( 'NONE', 'WORKASPACE' ) );
#2125 = EDGE_CURVE ( 'NONE', #4134, #3731, #2328, .T. ) ;
#2126 = FILL_AREA_STYLE_COLOUR ( '', #3230 ) ;
#2127 = FACE_OUTER_BOUND ( 'NONE', #390, .T. ) ;
#2128 = CARTESIAN_POINT ( 'NONE',  ( -0.7247408575763278904, 1.025000000000000133, 0.1240900372869518653 ) ) ;
#2129 = CARTESIAN_POINT ( 'NONE',  ( 0.2313020974749849246, 1.034999999999999032, -0.9172068903341110691 ) ) ;
#2130 = CARTESIAN_POINT ( 'NONE',  ( 0.4476278661289336824, 1.024999999999999689, -0.9099912304720043643 ) ) ;
#2131 = EDGE_CURVE ( 'NONE', #5930, #5814, #6042, .T. ) ;
#2132 = VECTOR ( 'NONE', #537, 1000.000000000000000 ) ;
#2133 = FACE_OUTER_BOUND ( 'NONE', #2859, .T. ) ;
#2134 = CARTESIAN_POINT ( 'NONE',  ( 0.4236032154974251895, 1.034999999999999920, 0.9560362824859588438 ) ) ;
#2135 = CARTESIAN_POINT ( 'NONE',  ( -0.6535456730769231282, 1.024999999999999911, 1.219501201923077316 ) ) ;
#2136 = CARTESIAN_POINT ( 'NONE',  ( 0.6204336093195601531, 1.024999999999999689, 0.8449640240426656845 ) ) ;
#2137 = CARTESIAN_POINT ( 'NONE',  ( -0.6812626622298580958, 1.024999999999999911, 0.7631169127271655306 ) ) ;
#2138 = EDGE_CURVE ( 'NONE', #2230, #6275, #5137, .T. ) ;
#2139 = CARTESIAN_POINT ( 'NONE',  ( -0.3242788461538456679, 1.024999999999999689, 0.1923076923076923184 ) ) ;
#2140 = EDGE_LOOP ( 'NONE', ( #5998, #924, #6033, #5976 ) ) ;
#2141 = CARTESIAN_POINT ( 'NONE',  ( -0.7509691229693329362, 1.034999999999999920, 0.04192850094834601332 ) ) ;
#2142 = CARTESIAN_POINT ( 'NONE',  ( 0.2601562500000004219, 1.024999999999999911, -1.115384615384615419 ) ) ;
#2143 = CARTESIAN_POINT ( 'NONE',  ( 0.3345879600521213804, 1.024999999999999911, 0.9132441222960760996 ) ) ;
#2144 = DIRECTION ( 'NONE',  ( 1.000000000000000000, 0.000000000000000000, 0.000000000000000000 ) ) ;
#2145 = CARTESIAN_POINT ( 'NONE',  ( 0.3075481962512565115, 1.034999999999999476, 0.1204008754419296778 ) ) ;
#2146 = VERTEX_POINT ( 'NONE', #4152 ) ;
#2147 = CARTESIAN_POINT ( 'NONE',  ( -0.5026283188875922958, 1.024999999999999245, -0.4737855873020376807 ) ) ;
#2148 = CARTESIAN_POINT ( 'NONE',  ( 0.1091292488734788568, 1.035000000000000364, 1.023402570223236108 ) ) ;
#2149 = CARTESIAN_POINT ( 'NONE',  ( 0.2155848171870991814, 1.035000000000000142, -0.8781255115052709614 ) ) ;
#2150 = ORIENTED_EDGE ( 'NONE', *, *, #2510, .T. ) ;
#2151 = CARTESIAN_POINT ( 'NONE',  ( -0.1782412323997484283, 1.024999999999999911, 0.3299898398132219968 ) ) ;
#2152 = UNCERTAINTY_MEASURE_WITH_UNIT (LENGTH_MEASURE( 1.000000000000000082E-05 ), #5501, 'distance_accuracy_value', 'NONE');
#2153 = CARTESIAN_POINT ( 'NONE',  ( -0.4796274038461533773, 1.024999999999999467, -0.5255408653846154188 ) ) ;
#2154 = DIRECTION ( 'NONE',  ( -0.000000000000000000, -0.000000000000000000, -1.000000000000000000 ) ) ;
#2155 = CARTESIAN_POINT ( 'NONE',  ( -0.7479005969255771991, 1.034999999999999920, 1.304503635857036992 ) ) ;
#2156 = CARTESIAN_POINT ( 'NONE',  ( -0.7654117154578047311, 1.034999999999999920, -0.1138913059815343520 ) ) ;
#2157 = CARTESIAN_POINT ( 'NONE',  ( 0.6996704596483112049, 1.025000000000000133, 0.9333452975440976740 ) ) ;
#2158 = DIRECTION ( 'NONE',  ( -1.000000000000000000, 0.000000000000000000, -0.000000000000000000 ) ) ;
#2159 = PRESENTATION_STYLE_ASSIGNMENT (( #3446 ) ) ;
#2160 = EDGE_CURVE ( 'NONE', #4197, #5055, #1571, .T. ) ;
#2161 = CARTESIAN_POINT ( 'NONE',  ( -0.7649954426006994046, 1.034999999999999920, -0.08212192723225118784 ) ) ;
#2162 = FILL_AREA_STYLE ('',( #5706 ) ) ;
#2163 =( NAMED_UNIT ( * ) SI_UNIT ( $, .STERADIAN. ) SOLID_ANGLE_UNIT ( ) );
#2164 = MECHANICAL_DESIGN_GEOMETRIC_PRESENTATION_REPRESENTATION (  '', ( #6326 ), #6223 ) ;
#2165 = PRESENTATION_STYLE_ASSIGNMENT (( #6131 ) ) ;
#2166 = CARTESIAN_POINT ( 'NONE',  ( -0.3708315397228558741, 1.035000000000000142, 0.8759254739018296210 ) ) ;
#2167 = ORIENTED_EDGE ( 'NONE', *, *, #5801, .F. ) ;
#2168 = CARTESIAN_POINT ( 'NONE',  ( 0.1946089425212500224, 1.035000000000000142, -1.106241961477663294 ) ) ;
#2169 = CARTESIAN_POINT ( 'NONE',  ( 0.5899939903846154188, 1.034999999999999920, 1.264723557692307931 ) ) ;
#2170 = MECHANICAL_DESIGN_GEOMETRIC_PRESENTATION_REPRESENTATION (  '', ( #217 ), #2947 ) ;
#2171 = CARTESIAN_POINT ( 'NONE',  ( 0.7616677374667714107, 1.034999999999999920, -0.4187544018592314066 ) ) ;
#2172 = EDGE_CURVE ( 'NONE', #699, #6396, #3463, .T. ) ;
#2173 = CARTESIAN_POINT ( 'NONE',  ( 0.3117942002809458990, 1.024999999999999689, -1.267440639392174884 ) ) ;
#2174 = DIRECTION ( 'NONE',  ( 1.000000000000000000, 2.644395542647571766E-16, -0.000000000000000000 ) ) ;
#2175 = VECTOR ( 'NONE', #4561, 1000.000000000000000 ) ;
#2176 = CARTESIAN_POINT ( 'NONE',  ( -0.7697840173214464121, 1.024999999999999911, 0.8183052022479979648 ) ) ;
#2177 = CARTESIAN_POINT ( 'NONE',  ( -0.7302429383487287762, 1.024999999999999689, 0.9560362824859588438 ) ) ;
#2178 = ORIENTED_EDGE ( 'NONE', *, *, #4466, .T. ) ;
#2179 = CARTESIAN_POINT ( 'NONE',  ( 0.8500000000000005329, 1.034999999999999920, -0.3948317307692308376 ) ) ;
#2180 = CARTESIAN_POINT ( 'NONE',  ( 0.1245099311484084564, 1.035000000000000142, 1.162661105553342678 ) ) ;
#2181 = LINE ( 'NONE', #2897, #2733 ) ;
#2182 = CARTESIAN_POINT ( 'NONE',  ( -0.3338942307692303046, 1.024999999999999911, 0.3461538461538462563 ) ) ;
#2183 = LINE ( 'NONE', #5523, #2998 ) ;
#2184 = CARTESIAN_POINT ( 'NONE',  ( 0.1102579278943475599, 1.035000000000000142, 0.2288260439057090145 ) ) ;
#2185 = ADVANCED_FACE ( 'NONE', ( #6056 ), #5180, .T. ) ;
#2186 = ORIENTED_EDGE ( 'NONE', *, *, #4139, .F. ) ;
#2187 = UNCERTAINTY_MEASURE_WITH_UNIT (LENGTH_MEASURE( 1.000000000000000082E-05 ), #4304, 'distance_accuracy_value', 'NONE');
#2188 = CARTESIAN_POINT ( 'NONE',  ( -0.4516463204215797611, 1.034999999999999698, 0.7831533228634257604 ) ) ;
#2189 = FILL_AREA_STYLE ('',( #1175 ) ) ;
#2190 = CARTESIAN_POINT ( 'NONE',  ( 1.605000000000000204, -1.024999999999999467, -1.625000000000000000 ) ) ;
#2191 = STYLED_ITEM ( 'NONE', ( #5151 ), #769 ) ;
#2192 = EDGE_LOOP ( 'NONE', ( #1058, #347, #4633, #3885 ) ) ;
#2193 = CARTESIAN_POINT ( 'NONE',  ( 0.2669692883178034215, 1.024999999999999911, -1.269100579367465675 ) ) ;
#2194 = CARTESIAN_POINT ( 'NONE',  ( 0.5186337150232300797, 1.034999999999999920, -1.044226880279282454 ) ) ;
#2195 = EDGE_CURVE ( 'NONE', #6258, #1195, #3928, .T. ) ;
#2196 = CARTESIAN_POINT ( 'NONE',  ( 0.5348747006388974157, 1.025000000000000133, 0.8385981092399692471 ) ) ;
#2197 =( GEOMETRIC_REPRESENTATION_CONTEXT ( 3 ) GLOBAL_UNCERTAINTY_ASSIGNED_CONTEXT ( ( #1283 ) ) GLOBAL_UNIT_ASSIGNED_CONTEXT ( ( #5873, #3869, #286 ) ) REPRESENTATION_CONTEXT ( 'NONE', 'WORKASPACE' ) );
#2198 = SURFACE_STYLE_FILL_AREA ( #4385 ) ;
#2199 =( LENGTH_UNIT ( ) NAMED_UNIT ( * ) SI_UNIT ( .MILLI., .METRE. ) );
#2200 = CARTESIAN_POINT ( 'NONE',  ( -1.499999999999996891, 1.024999999999999911, -1.550000000000000711 ) ) ;
#2201 = CARTESIAN_POINT ( 'NONE',  ( -0.5486251326171897036, 1.035000000000000142, 0.09188366501596632874 ) ) ;
#2202 = CARTESIAN_POINT ( 'NONE',  ( -0.5561810472403306838, 1.034999999999999920, 1.258173606474872086 ) ) ;
#2203 = VECTOR ( 'NONE', #1944, 1000.000000000000000 ) ;
#2204 = PRESENTATION_STYLE_ASSIGNMENT (( #4514 ) ) ;
#2205 = STYLED_ITEM ( 'NONE', ( #2204 ), #3800 ) ;
#2206 = CARTESIAN_POINT ( 'NONE',  ( -0.3561700332716895567, 1.034999999999999920, 0.9356435630111530344 ) ) ;
#2207 = CARTESIAN_POINT ( 'NONE',  ( -0.5638521634615384359, 1.034999999999999920, 1.264723557692307931 ) ) ;
#2208 = EDGE_LOOP ( 'NONE', ( #387, #484, #2564, #6268 ) ) ;
#2209 =( GEOMETRIC_REPRESENTATION_CONTEXT ( 3 ) GLOBAL_UNCERTAINTY_ASSIGNED_CONTEXT ( ( #4679 ) ) GLOBAL_UNIT_ASSIGNED_CONTEXT ( ( #5219, #1590, #1613 ) ) REPRESENTATION_CONTEXT ( 'NONE', 'WORKASPACE' ) );
#2210 = ORIENTED_EDGE ( 'NONE', *, *, #2757, .T. ) ;
#2211 = CARTESIAN_POINT ( 'NONE',  ( -0.6598274294242799654, 1.035000000000000142, 1.224482152663803003 ) ) ;
#2212 = ORIENTED_EDGE ( 'NONE', *, *, #1504, .F. ) ;
#2213 = ADVANCED_FACE ( 'NONE', ( #2578 ), #5000, .T. ) ;
#2214 = DIRECTION ( 'NONE',  ( -0.000000000000000000, -1.000000000000000000, -0.000000000000000000 ) ) ;
#2215 = CARTESIAN_POINT ( 'NONE',  ( -0.7849999999999999201, -1.024999999999999911, -1.625000000000000000 ) ) ;
#2216 = CARTESIAN_POINT ( 'NONE',  ( -0.7209575719071996680, 1.035000000000000142, 0.9148738954979116489 ) ) ;
#2217 = SURFACE_SIDE_STYLE ('',( #2924 ) ) ;
#2218 = ORIENTED_EDGE ( 'NONE', *, *, #1874, .T. ) ;
#2219 = CARTESIAN_POINT ( 'NONE',  ( 1.500000000000003109, 1.034999999999999920, -1.650000000000001021 ) ) ;
#2220 = VERTEX_POINT ( 'NONE', #2313 ) ;
#2221 = ORIENTED_EDGE ( 'NONE', *, *, #259, .F. ) ;
#2222 =( NAMED_UNIT ( * ) SI_UNIT ( $, .STERADIAN. ) SOLID_ANGLE_UNIT ( ) );
#2223 = CARTESIAN_POINT ( 'NONE',  ( -0.4147596292107220695, 1.034999999999999920, -0.6422062183519512413 ) ) ;
#2224 = CARTESIAN_POINT ( 'NONE',  ( -0.6720982898951269879, 1.025000000000000133, 1.234212003388963197 ) ) ;
#2225 = STYLED_ITEM ( 'NONE', ( #4546 ), #6371 ) ;
#2226 = SURFACE_STYLE_FILL_AREA ( #4696 ) ;
#2227 = CARTESIAN_POINT ( 'NONE',  ( -0.07117166630517686443, 1.034999999999999920, 0.1451154953134258796 ) ) ;
#2228 = CARTESIAN_POINT ( 'NONE',  ( 0.5229012429291436392, 1.034999999999999920, -1.063179206688315004 ) ) ;
#2229 = FILL_AREA_STYLE_COLOUR ( '', #1047 ) ;
#2230 = VERTEX_POINT ( 'NONE', #5808 ) ;
#2231 = SURFACE_SIDE_STYLE ('',( #6446 ) ) ;
#2232 = PRESENTATION_STYLE_ASSIGNMENT (( #1658 ) ) ;
#2233 = CIRCLE ( 'NONE', #4038, 0.04999999999999991257 ) ;
#2234 = CARTESIAN_POINT ( 'NONE',  ( -0.4751407425805740381, 1.025000000000000133, 0.1599192117716702610 ) ) ;
#2235 = EDGE_LOOP ( 'NONE', ( #446, #4052, #1594, #5579 ) ) ;
#2236 = VECTOR ( 'NONE', #6118, 1000.000000000000000 ) ;
#2237 = CARTESIAN_POINT ( 'NONE',  ( 0.4230769230769230171, 1.024999999999999911, 0.9711538461538463674 ) ) ;
#2238 = CARTESIAN_POINT ( 'NONE',  ( -0.2398884097497334944, 1.024999999999999911, 1.406614822300994661 ) ) ;
#2239 = FILL_AREA_STYLE_COLOUR ( '', #3755 ) ;
#2240 = CARTESIAN_POINT ( 'NONE',  ( 0.4529646715677454472, 1.034999999999999920, 0.8814623108698970144 ) ) ;
#2241 = EDGE_CURVE ( 'NONE', #4059, #5254, #38, .T. ) ;
#2242 = STYLED_ITEM ( 'NONE', ( #3305 ), #4891 ) ;
#2243 = PRESENTATION_LAYER_ASSIGNMENT (  '', '', ( #2058 ) ) ;
#2244 = CARTESIAN_POINT ( 'NONE',  ( -0.3338942307692303046, 1.035000000000000142, 0.3461538461538462563 ) ) ;
#2245 = ORIENTED_EDGE ( 'NONE', *, *, #1156, .T. ) ;
#2246 = CARTESIAN_POINT ( 'NONE',  ( 0.4449213746206823750, 1.024999999999999689, 0.8916546614439554430 ) ) ;
#2247 = STYLED_ITEM ( 'NONE', ( #1288 ), #5882 ) ;
#2248 =( NAMED_UNIT ( * ) PLANE_ANGLE_UNIT ( ) SI_UNIT ( $, .RADIAN. ) );
#2249 = FACE_OUTER_BOUND ( 'NONE', #1342, .T. ) ;
#2250 = CARTESIAN_POINT ( 'NONE',  ( -0.5185713438862951108, 1.024999999999999911, 1.094640769511485479 ) ) ;
#2251 = CARTESIAN_POINT ( 'NONE',  ( 0.8391768866871927024, 1.035000000000000142, -0.4340823287024250243 ) ) ;
#2252 = CARTESIAN_POINT ( 'NONE',  ( 0.3551007412901766580, 1.025000000000000355, -1.069114892164733099 ) ) ;
#2253 = FILL_AREA_STYLE_COLOUR ( '', #1769 ) ;
#2254 = CARTESIAN_POINT ( 'NONE',  ( -0.3557692307692307820, 1.024999999999999689, 0.9570312500000002220 ) ) ;
#2255 = UNCERTAINTY_MEASURE_WITH_UNIT (LENGTH_MEASURE( 1.000000000000000082E-05 ), #4876, 'distance_accuracy_value', 'NONE');
#2256 = CARTESIAN_POINT ( 'NONE',  ( -0.006024601265698756487, 1.034999999999999698, 1.280269342272169819 ) ) ;
#2257 = PRESENTATION_STYLE_ASSIGNMENT (( #2940 ) ) ;
#2258 = CARTESIAN_POINT ( 'NONE',  ( -0.7654663496555110802, 1.034999999999999920, -0.1448041258526025499 ) ) ;
#2259 = ORIENTED_EDGE ( 'NONE', *, *, #4466, .F. ) ;
#2260 = CARTESIAN_POINT ( 'NONE',  ( 0.2826923076923082423, 1.025000000000000133, -0.9798677884615384359 ) ) ;
#2261 = CARTESIAN_POINT ( 'NONE',  ( 0.1903382224432993153, 1.024999999999999689, -1.260782450121067821 ) ) ;
#2262 = VECTOR ( 'NONE', #6370, 1000.000000000000227 ) ;
#2263 = CARTESIAN_POINT ( 'NONE',  ( -0.1425305974246232066, 1.034999999999999698, 0.1673196915983768962 ) ) ;
#2264 = FILL_AREA_STYLE_COLOUR ( '', #2271 ) ;
#2265 = CARTESIAN_POINT ( 'NONE',  ( 0.4328885819389543532, 1.024999999999999911, 0.9148738954979116489 ) ) ;
#2266 = CARTESIAN_POINT ( 'NONE',  ( -0.4848726345497612611, 1.035000000000000142, -0.8210339849193231121 ) ) ;
#2267 = CARTESIAN_POINT ( 'NONE',  ( -0.7386460975405226836, 1.024999999999999911, 0.7911853970708486727 ) ) ;
#2268 =( GEOMETRIC_REPRESENTATION_CONTEXT ( 3 ) GLOBAL_UNCERTAINTY_ASSIGNED_CONTEXT ( ( #2749 ) ) GLOBAL_UNIT_ASSIGNED_CONTEXT ( ( #1410, #2018, #5512 ) ) REPRESENTATION_CONTEXT ( 'NONE', 'WORKASPACE' ) );
#2269 = CARTESIAN_POINT ( 'NONE',  ( -0.4574593303330636296, 1.035000000000000142, 0.9969243262400651062 ) ) ;
#2270 = STYLED_ITEM ( 'NONE', ( #4748 ), #1216 ) ;
#2271 = COLOUR_RGB ( '',1.000000000000000000, 1.000000000000000000, 1.000000000000000000 ) ;
#2272 =( NAMED_UNIT ( * ) SI_UNIT ( $, .STERADIAN. ) SOLID_ANGLE_UNIT ( ) );
#2273 = CARTESIAN_POINT ( 'NONE',  ( -0.3763053364479025942, 1.034999999999999920, -0.6965070309103450485 ) ) ;
#2274 =( NAMED_UNIT ( * ) PLANE_ANGLE_UNIT ( ) SI_UNIT ( $, .RADIAN. ) );
#2275 = CARTESIAN_POINT ( 'NONE',  ( 0.3501566273940918683, 1.024999999999999911, -0.7995306153542193206 ) ) ;
#2276 = PLANE ( 'NONE',  #2767 ) ;
#2277 = EDGE_CURVE ( 'NONE', #4122, #2369, #6535, .T. ) ;
#2278 = ORIENTED_EDGE ( 'NONE', *, *, #1668, .T. ) ;
#2279 = STYLED_ITEM ( 'NONE', ( #3559 ), #4370 ) ;
#2280 = CARTESIAN_POINT ( 'NONE',  ( -0.6927154494785483507, 1.035000000000000142, -0.4721535821819479173 ) ) ;
#2281 = CARTESIAN_POINT ( 'NONE',  ( 0.2938315446458319991, 1.034999999999999920, -0.9909036396552924897 ) ) ;
#2282 = CARTESIAN_POINT ( 'NONE',  ( -0.6312080182447957766, 1.024999999999999911, 1.320496778789089554 ) ) ;
#2283 = CARTESIAN_POINT ( 'NONE',  ( -0.1962895103982076894, 1.025000000000000133, 1.334250950148672565 ) ) ;
#2284 = CARTESIAN_POINT ( 'NONE',  ( 0.4830800845762579510, 1.034999999999999920, 0.8565253071957876774 ) ) ;
#2285 = EDGE_CURVE ( 'NONE', #4476, #2146, #905, .T. ) ;
#2286 = VERTEX_POINT ( 'NONE', #463 ) ;
#2287 = FILL_AREA_STYLE ('',( #3307 ) ) ;
#2288 = CARTESIAN_POINT ( 'NONE',  ( 0.4073648061912791829, 1.024999999999999689, -0.8510345657392508478 ) ) ;
#2289 = CARTESIAN_POINT ( 'NONE',  ( 0.3025240384615390798, 1.034999999999999920, -0.7884615384615384359 ) ) ;
#2290 = CARTESIAN_POINT ( 'NONE',  ( -0.4612547843906681377, 1.034999999999999920, 0.9106923435533432754 ) ) ;
#2291 = CARTESIAN_POINT ( 'NONE',  ( 0.3501610619365932431, 1.025000000000000133, 1.380799805016254655 ) ) ;
#2292 = UNCERTAINTY_MEASURE_WITH_UNIT (LENGTH_MEASURE( 1.000000000000000082E-05 ), #4681, 'distance_accuracy_value', 'NONE');
#2293 = ORIENTED_EDGE ( 'NONE', *, *, #4888, .F. ) ;
#2294 = CARTESIAN_POINT ( 'NONE',  ( -0.4520274643897460032, 1.024999999999999911, 0.9621975019446505906 ) ) ;
#2295 = CARTESIAN_POINT ( 'NONE',  ( -0.5005143199644048746, 1.024999999999999689, 1.209179511122381090 ) ) ;
#2296 = CARTESIAN_POINT ( 'NONE',  ( 0.5371149441797241630, 1.034999999999999920, 1.308609899621552941 ) ) ;
#2297 = CARTESIAN_POINT ( 'NONE',  ( -0.1247984203503666734, 1.034999999999999920, 0.7708032052688811309 ) ) ;
#2298 = CARTESIAN_POINT ( 'NONE',  ( -0.08656011123766355064, 1.035000000000000142, 1.348635032081523910 ) ) ;
#2299 = VECTOR ( 'NONE', #5006, 1000.000000000000000 ) ;
#2300 = CARTESIAN_POINT ( 'NONE',  ( 0.8498006595324935075, 1.024999999999999911, -0.3893940706736460089 ) ) ;
#2301 = CARTESIAN_POINT ( 'NONE',  ( 0.2160440078270891850, 1.024999999999999689, -0.8839159174884698711 ) ) ;
#2302 = CARTESIAN_POINT ( 'NONE',  ( 0.4641704701746396378, 1.034999999999999476, 1.248891001546740487 ) ) ;
#2303 = FILL_AREA_STYLE ('',( #4307 ) ) ;
#2304 = LINE ( 'NONE', #1987, #2390 ) ;
#2305 = LINE ( 'NONE', #4062, #1622 ) ;
#2306 = AXIS2_PLACEMENT_3D ( 'NONE', #4930, #805, #4356 ) ;
#2307 =( GEOMETRIC_REPRESENTATION_CONTEXT ( 3 ) GLOBAL_UNCERTAINTY_ASSIGNED_CONTEXT ( ( #1860 ) ) GLOBAL_UNIT_ASSIGNED_CONTEXT ( ( #1707, #4249, #3959 ) ) REPRESENTATION_CONTEXT ( 'NONE', 'WORKASPACE' ) );
#2308 = EDGE_LOOP ( 'NONE', ( #1796, #289, #1685, #3002 ) ) ;
#2309 = B_SPLINE_CURVE_WITH_KNOTS ( 'NONE', 3,
 ( #321, #2281, #5326, #2753, #793, #4348, #750, #3860, #1265 ),
 .UNSPECIFIED., .F., .F.,
 ( 4, 1, 1, 1, 1, 1, 4 ),
 ( 0.000000000000000000, 0.3509222893589579173, 0.6454924037914960833, 0.7681706215885483191, 0.8690722653315180457, 0.9456999174901274952, 1.000000000000000000 ),
 .UNSPECIFIED. ) ;
#2310 = CARTESIAN_POINT ( 'NONE',  ( -0.1962895103982076894, 1.035000000000000142, 1.334250950148672565 ) ) ;
#2311 =( NAMED_UNIT ( * ) SI_UNIT ( $, .STERADIAN. ) SOLID_ANGLE_UNIT ( ) );
#2312 = CARTESIAN_POINT ( 'NONE',  ( 0.6174926027669854767, 1.035000000000000142, 0.7533978999952609668 ) ) ;
#2313 = CARTESIAN_POINT ( 'NONE',  ( -0.8264723557692307265, 1.034999999999999920, 1.433293269230769384 ) ) ;
#2314 = DIRECTION ( 'NONE',  ( 1.000000000000000000, 0.000000000000000000, 0.000000000000000000 ) ) ;
#2315 = ORIENTED_EDGE ( 'NONE', *, *, #4859, .T. ) ;
#2316 = B_SPLINE_CURVE_WITH_KNOTS ( 'NONE', 3,
 ( #3293, #3334, #1397, #442, #3405, #2910, #6417, #5007, #4510, #3449, #907, #3971, #2368, #5961, #2450, #4483, #398, #3426, #2965 ),
 .UNSPECIFIED., .F., .F.,
 ( 4, 1, 1, 1, 1, 1, 1, 1, 1, 1, 1, 1, 1, 1, 1, 1, 4 ),
 ( 0.000000000000000000, 0.1114096600426610489, 0.2145263672558011536, 0.3094172254458339433, 0.3960871907990311525, 0.4742842164262457416, 0.5443738816396979097, 0.6064195628105359948, 0.6605816023749734311, 0.7097938180647574979, 0.7564506485918283119, 0.8007673253039319095, 0.8431682879413343601, 0.8842948685500490180, 0.9238845020552842735, 0.9623587101392159227, 1.000000000000000000 ),
 .UNSPECIFIED. ) ;
#2317 = CARTESIAN_POINT ( 'NONE',  ( -0.5561810472403306838, 1.024999999999999911, 1.258173606474872086 ) ) ;
#2318 = VECTOR ( 'NONE', #4967, 1000.000000000000000 ) ;
#2319 = STYLED_ITEM ( 'NONE', ( #4456 ), #3171 ) ;
#2320 = CARTESIAN_POINT ( 'NONE',  ( -0.1917685378852437006, 1.024999999999999689, -0.8908502233264575798 ) ) ;
#2321 = CARTESIAN_POINT ( 'NONE',  ( -0.3338942307692302491, 1.035000000000000142, 0.3461538461538462008 ) ) ;
#2322 = CARTESIAN_POINT ( 'NONE',  ( 0.3105257572970913649, 1.024999999999999911, -0.7889372591678415203 ) ) ;
#2323 = CARTESIAN_POINT ( 'NONE',  ( 0.7886984142923576524, 1.024999999999999911, 1.023495007546663116 ) ) ;
#2324 = ORIENTED_EDGE ( 'NONE', *, *, #2125, .T. ) ;
#2325 = PRESENTATION_STYLE_ASSIGNMENT (( #5019 ) ) ;
#2326 = DIRECTION ( 'NONE',  ( -0.000000000000000000, -1.000000000000000000, -0.000000000000000000 ) ) ;
#2328 = LINE ( 'NONE', #6106, #6143 ) ;
#2327 = CARTESIAN_POINT ( 'NONE',  ( -0.5917129518049482062, 1.024999999999999911, -0.07157377934745505488 ) ) ;
#2329 = CARTESIAN_POINT ( 'NONE',  ( 0.001818223322760980157, 1.034999999999999920, 1.150978442549882352 ) ) ;
#2330 = CARTESIAN_POINT ( 'NONE',  ( -0.1179670287050066380, 1.024999999999999911, -1.132745265255430844 ) ) ;
#2331 = EDGE_CURVE ( 'NONE', #4603, #4484, #589, .T. ) ;
#2332 = EDGE_LOOP ( 'NONE', ( #3264, #2623, #953, #4277 ) ) ;
#2333 = VECTOR ( 'NONE', #2435, 1000.000000000000000 ) ;
#2334 = CARTESIAN_POINT ( 'NONE',  ( 0.3806335665248694045, 1.035000000000000142, 1.334250950148672343 ) ) ;
#2335 = CARTESIAN_POINT ( 'NONE',  ( -0.4568810490274483604, 1.024999999999999911, 0.9216901571185679432 ) ) ;
#2336 = CARTESIAN_POINT ( 'NONE',  ( -0.01171875000000011796, 1.024999999999999911, 0.8365384615384620082 ) ) ;
#2337 = ADVANCED_FACE ( 'NONE', ( #3152 ), #4920, .T. ) ;
#2338 = CARTESIAN_POINT ( 'NONE',  ( 0.7021998334245739271, 1.034999999999999698, 0.7831533228634257604 ) ) ;
#2339 = SURFACE_STYLE_USAGE ( .BOTH. , #5318 ) ;
#2340 = CARTESIAN_POINT ( 'NONE',  ( 0.3806335665248694045, 1.025000000000000133, 1.334250950148672343 ) ) ;
#2341 = ADVANCED_FACE ( 'NONE', ( #2806 ), #3625, .T. ) ;
#2342 = EDGE_LOOP ( 'NONE', ( #5635, #2557, #3577, #4410 ) ) ;
#2343 = FACE_OUTER_BOUND ( 'NONE', #4812, .T. ) ;
#2344 = UNCERTAINTY_MEASURE_WITH_UNIT (LENGTH_MEASURE( 1.000000000000000082E-05 ), #5589, 'distance_accuracy_value', 'NONE');
#2345 = CARTESIAN_POINT ( 'NONE',  ( -0.4620233154719587954, 1.034999999999999698, 1.010118407490751657 ) ) ;
#2346 = CARTESIAN_POINT ( 'NONE',  ( 0.3273737980769230727, 1.034999999999999920, 1.433293269230769384 ) ) ;
#2347 = CARTESIAN_POINT ( 'NONE',  ( -0.2471023299265814599, 1.025000000000000133, 0.9368557672397976877 ) ) ;
#2348 = CARTESIAN_POINT ( 'NONE',  ( -0.3557692307692307820, 1.034999999999999920, 0.9570312500000002220 ) ) ;
#2349 = CARTESIAN_POINT ( 'NONE',  ( -0.1782412323997484283, 1.024999999999999689, 0.3299898398132219968 ) ) ;
#2350 = VECTOR ( 'NONE', #4806, 1000.000000000000000 ) ;
#2351 = CARTESIAN_POINT ( 'NONE',  ( 0.8498006595324935075, 1.034999999999999920, -0.3893940706736460089 ) ) ;
#2352 = CARTESIAN_POINT ( 'NONE',  ( -0.3561700332716895567, 1.034999999999999920, 0.9356435630111530344 ) ) ;
#2353 = CARTESIAN_POINT ( 'NONE',  ( -0.02214879560318189916, 1.034999999999999920, 1.172529277259951153 ) ) ;
#2354 = CARTESIAN_POINT ( 'NONE',  ( 1.605000000000000204, -1.074999999999999956, -1.574999999999999734 ) ) ;
#2355 = CARTESIAN_POINT ( 'NONE',  ( -0.7307692307692308376, 1.034999999999999920, 0.9711538461538463674 ) ) ;
#2356 = FILL_AREA_STYLE ('',( #2239 ) ) ;
#2357 = PRESENTATION_STYLE_ASSIGNMENT (( #4432 ) ) ;
#2358 = CARTESIAN_POINT ( 'NONE',  ( -0.4664608461556046803, 1.034999999999999920, 0.9000261689353128425 ) ) ;
#2359 = CARTESIAN_POINT ( 'NONE',  ( 0.4215144230769235500, 1.024999999999999911, -1.232271634615384581 ) ) ;
#2360 = DIRECTION ( 'NONE',  ( 0.9950371902099890420, 0.000000000000000000, 0.09950371902099883203 ) ) ;
#2361 = PRESENTATION_STYLE_ASSIGNMENT (( #3079 ) ) ;
#2362 = CARTESIAN_POINT ( 'NONE',  ( -0.3713294895848328059, 1.035000000000000142, -0.9405298950300245986 ) ) ;
#2363 = CARTESIAN_POINT ( 'NONE',  ( 0.3273737980769230727, 1.024999999999999911, 1.433293269230769384 ) ) ;
#2364 =( GEOMETRIC_REPRESENTATION_CONTEXT ( 3 ) GLOBAL_UNCERTAINTY_ASSIGNED_CONTEXT ( ( #5133 ) ) GLOBAL_UNIT_ASSIGNED_CONTEXT ( ( #6185, #6116, #3685 ) ) REPRESENTATION_CONTEXT ( 'NONE', 'WORKASPACE' ) );
#2365 =( GEOMETRIC_REPRESENTATION_CONTEXT ( 3 ) GLOBAL_UNCERTAINTY_ASSIGNED_CONTEXT ( ( #1177 ) ) GLOBAL_UNIT_ASSIGNED_CONTEXT ( ( #3521, #1007, #5489 ) ) REPRESENTATION_CONTEXT ( 'NONE', 'WORKASPACE' ) );
#2366 = ORIENTED_EDGE ( 'NONE', *, *, #5840, .T. ) ;
#2367 = B_SPLINE_CURVE_WITH_KNOTS ( 'NONE', 3,
 ( #710, #3303, #3742, #5267, #4865, #1251, #5763, #4842, #237, #3822, #6296, #1788, #2224, #3758, #6320 ),
 .UNSPECIFIED., .F., .F.,
 ( 4, 1, 1, 1, 1, 1, 1, 1, 1, 1, 1, 1, 4 ),
 ( 0.000000000000000000, 0.1003881431397105201, 0.2044067930373087427, 0.3106860830942073659, 0.4221572938827999333, 0.4806854607703737181, 0.5432381544526685424, 0.6094995045645642540, 0.6795546087742241337, 0.7538412220511750972, 0.8316406764893862213, 0.9138127068095905914, 1.000000000000000000 ),
 .UNSPECIFIED. ) ;
#2368 = CARTESIAN_POINT ( 'NONE',  ( 0.6860523257965557287, 1.024999999999999911, 1.023402570223235664 ) ) ;
#2369 = VERTEX_POINT ( 'NONE', #5955 ) ;
#2370 = FILL_AREA_STYLE ('',( #1883 ) ) ;
#2371 = CARTESIAN_POINT ( 'NONE',  ( -0.009615384615384716532, 1.034999999999999920, 0.7500000000000004441 ) ) ;
#2372 = CARTESIAN_POINT ( 'NONE',  ( -0.2062460659291941723, 1.034999999999999698, 0.8340822251097764761 ) ) ;
#2373 = CARTESIAN_POINT ( 'NONE',  ( 0.7279304372125445788, 1.024999999999999911, 1.132741021815065974 ) ) ;
#2374 = PRESENTATION_LAYER_ASSIGNMENT (  '', '', ( #2053 ) ) ;
#2375 = VERTEX_POINT ( 'NONE', #4079 ) ;
#2376 = CARTESIAN_POINT ( 'NONE',  ( -0.2596454693482048159, 1.024999999999999689, 1.482875074157175677 ) ) ;
#2377 = CARTESIAN_POINT ( 'NONE',  ( 0.4468931764755779690, 1.024999999999999911, 1.395641797569606934 ) ) ;
#2378 = EDGE_CURVE ( 'NONE', #2146, #92, #48, .T. ) ;
#2379 = ORIENTED_EDGE ( 'NONE', *, *, #2285, .F. ) ;
#2380 =( LENGTH_UNIT ( ) NAMED_UNIT ( * ) SI_UNIT ( .MILLI., .METRE. ) );
#2381 = CARTESIAN_POINT ( 'NONE',  ( 0.4903629656854134322, 1.034999999999999920, 1.348635032081523466 ) ) ;
#2382 = CARTESIAN_POINT ( 'NONE',  ( 0.7897367586911808734, 1.034999999999999920, 0.8949845457384369984 ) ) ;
#2383 = CARTESIAN_POINT ( 'NONE',  ( -0.4897085815187425806, 1.034999999999999920, 0.8715447404585627833 ) ) ;
#2384 = SURFACE_SIDE_STYLE ('',( #925 ) ) ;
#2385 = CARTESIAN_POINT ( 'NONE',  ( 0.7739519067024717147, 1.024999999999999911, 0.8579668031823564078 ) ) ;
#2386 = CARTESIAN_POINT ( 'NONE',  ( 0.6792223042076592776, 1.024999999999999911, -0.1594294256854960901 ) ) ;
#2387 = CARTESIAN_POINT ( 'NONE',  ( -0.2276339580243389726, 1.034999999999999698, 0.8706527266382478869 ) ) ;
#2388 = FILL_AREA_STYLE_COLOUR ( '', #4339 ) ;
#2389 = CARTESIAN_POINT ( 'NONE',  ( 0.7430206277123668768, 1.024999999999999023, 1.113162156003707715 ) ) ;
#2390 = VECTOR ( 'NONE', #1002, 1000.000000000000000 ) ;
#2391 = CARTESIAN_POINT ( 'NONE',  ( 0.7138839189947766561, 1.024999999999999689, 1.149153048603419824 ) ) ;
#2392 = CARTESIAN_POINT ( 'NONE',  ( -0.2512714134695545054, 1.024999999999999911, 1.438671195898516997 ) ) ;
#2393 = CARTESIAN_POINT ( 'NONE',  ( -1.604999999999999982, -1.024999999999999911, 1.625000000000000000 ) ) ;
#2394 = CARTESIAN_POINT ( 'NONE',  ( -0.006024601265698756487, 1.024999999999999689, 1.280269342272169819 ) ) ;
#2395 = ORIENTED_EDGE ( 'NONE', *, *, #4377, .T. ) ;
#2396 = FACE_OUTER_BOUND ( 'NONE', #1584, .T. ) ;
#2397 = LINE ( 'NONE', #4036, #899 ) ;
#2398 = AXIS2_PLACEMENT_3D ( 'NONE', #1037, #52, #100 ) ;
#2399 =( NAMED_UNIT ( * ) SI_UNIT ( $, .STERADIAN. ) SOLID_ANGLE_UNIT ( ) );
#2400 = CARTESIAN_POINT ( 'NONE',  ( 0.01307091346153835265, 1.024999999999999911, 1.264723557692308153 ) ) ;
#2401 = ADVANCED_FACE ( 'NONE', ( #515 ), #6126, .T. ) ;
#2402 = ORIENTED_EDGE ( 'NONE', *, *, #6514, .T. ) ;
#2403 = CARTESIAN_POINT ( 'NONE',  ( 0.02074202968274620196, 1.024999999999999689, 1.258173606474872752 ) ) ;
#2404 = CARTESIAN_POINT ( 'NONE',  ( -0.1533198614256517378, 1.024999999999999911, 0.9560362824859591768 ) ) ;
#2405 = CARTESIAN_POINT ( 'NONE',  ( 0.6641375723274111076, 1.034999999999999698, 0.8715447404585627833 ) ) ;
#2406 = B_SPLINE_CURVE_WITH_KNOTS ( 'NONE', 3,
 ( #3722, #6236, #5790, #2730, #5296, #4786, #3254, #248, #3789, #4259, #207, #2180, #2745, #5725, #1190, #6264, #3274, #5241, #3238 ),
 .UNSPECIFIED., .F., .F.,
 ( 4, 1, 1, 1, 1, 1, 1, 1, 1, 1, 1, 1, 1, 1, 1, 1, 4 ),
 ( 0.000000000000000000, 0.05794487546232533065, 0.1160176254256832240, 0.1748257843638406361, 0.2346830900793710206, 0.2968270303289147760, 0.3640613359637882573, 0.4361924240497391247, 0.5142601195414410187, 0.5569758971654885649, 0.6048559283836539846, 0.6576752010734879805, 0.7157505846619325318, 0.7788397991664557374, 0.8475011894738632146, 0.9212282309463240004, 1.000000000000000000 ),
 .UNSPECIFIED. ) ;
#2407 = CARTESIAN_POINT ( 'NONE',  ( -0.7654117154578047311, 1.024999999999999911, -0.1138913059815343520 ) ) ;
#2408 = ORIENTED_EDGE ( 'NONE', *, *, #2803, .T. ) ;
#2409 = AXIS2_PLACEMENT_3D ( 'NONE', #4789, #2678, #3224 ) ;
#2410 = CARTESIAN_POINT ( 'NONE',  ( -0.4695860310905232149, 1.024999999999999689, -0.5455223592266811306 ) ) ;
#2411 = CARTESIAN_POINT ( 'NONE',  ( -0.6311577940984554047, 1.025000000000000133, 0.2530576970778043999 ) ) ;
#2412 = CARTESIAN_POINT ( 'NONE',  ( 0.5673076923076922906, 1.025000000000000133, 0.7500000000000002220 ) ) ;
#2413 = CARTESIAN_POINT ( 'NONE',  ( 0.3172776075748721114, 1.024999999999999689, 1.482875074157175455 ) ) ;
#2414 = CARTESIAN_POINT ( 'NONE',  ( -0.2495492788461539657, 1.034999999999999920, 1.433293269230769607 ) ) ;
#2415 = CARTESIAN_POINT ( 'NONE',  ( 0.7637620192307699174, 1.025000000000000133, -0.2397836538461539380 ) ) ;
#2416 = EDGE_CURVE ( 'NONE', #5400, #7, #1859, .T. ) ;
#2417 = CARTESIAN_POINT ( 'NONE',  ( 0.5899939903846154188, 1.024999999999999689, 1.264723557692307931 ) ) ;
#2418 = ORIENTED_EDGE ( 'NONE', *, *, #2945, .F. ) ;
#2419 = CARTESIAN_POINT ( 'NONE',  ( -0.5131259277043459521, 1.034999999999999698, 0.7580082180372671452 ) ) ;
#2420 = CARTESIAN_POINT ( 'NONE',  ( 0.8076923076923077094, 1.024999999999999911, 1.403846153846154188 ) ) ;
#2421 = VECTOR ( 'NONE', #1282, 1000.000000000000000 ) ;
#2422 = EDGE_CURVE ( 'NONE', #4640, #706, #1557, .T. ) ;
#2423 = SURFACE_STYLE_USAGE ( .BOTH. , #4946 ) ;
#2424 = ORIENTED_EDGE ( 'NONE', *, *, #3780, .F. ) ;
#2425 = FACE_OUTER_BOUND ( 'NONE', #6432, .T. ) ;
#2426 = CARTESIAN_POINT ( 'NONE',  ( -0.4897085815187425806, 1.024999999999999689, 0.8715447404585627833 ) ) ;
#2427 = CARTESIAN_POINT ( 'NONE',  ( -0.006024601265698756487, 1.034999999999999698, 1.280269342272169819 ) ) ;
#2428 = CARTESIAN_POINT ( 'NONE',  ( 0.01307091346153835265, 1.024999999999999689, 1.264723557692308153 ) ) ;
#2429 = CARTESIAN_POINT ( 'NONE',  ( -0.8264723557692307265, 1.034999999999999920, 1.433293269230769384 ) ) ;
#2430 = CARTESIAN_POINT ( 'NONE',  ( 0.6076106976436539409, 1.025000000000000133, 0.8412721904612346924 ) ) ;
#2431 = COLOUR_RGB ( '',1.000000000000000000, 1.000000000000000000, 1.000000000000000000 ) ;
#2432 = CARTESIAN_POINT ( 'NONE',  ( -0.8281944903926312662, 1.034999999999999698, 1.438671195898516331 ) ) ;
#2433 = CARTESIAN_POINT ( 'NONE',  ( 0.6123197115384620970, 1.034999999999999920, -0.2848557692307692180 ) ) ;
#2434 = CARTESIAN_POINT ( 'NONE',  ( -0.7649954426006994046, 1.024999999999999911, -0.08212192723225118784 ) ) ;
#2435 = DIRECTION ( 'NONE',  ( -0.000000000000000000, -1.000000000000000000, -0.000000000000000000 ) ) ;
#2436 = CARTESIAN_POINT ( 'NONE',  ( -1.499999999999996891, 1.034999999999999920, -1.650000000000000799 ) ) ;
#2437 = CARTESIAN_POINT ( 'NONE',  ( -1.849999999999999645, 1.024999999999999911, 2.000000000000000000 ) ) ;
#2438 = CARTESIAN_POINT ( 'NONE',  ( -0.1425305974246232066, 1.024999999999999689, 0.1673196915983768962 ) ) ;
#2439 = APPLICATION_PROTOCOL_DEFINITION ( 'draft international standard', 'automotive_design', 1998, #5487 ) ;
#2440 = CARTESIAN_POINT ( 'NONE',  ( -0.2495492788461539657, 1.024999999999999911, 1.433293269230769607 ) ) ;
#2441 = CARTESIAN_POINT ( 'NONE',  ( 0.1091292488734788568, 1.035000000000000364, 1.023402570223236108 ) ) ;
#2442 = CARTESIAN_POINT ( 'NONE',  ( 0.6626427731117336961, 1.034999999999999920, 0.7644335898809585528 ) ) ;
#2443 = ORIENTED_EDGE ( 'NONE', *, *, #4002, .T. ) ;
#2444 = CARTESIAN_POINT ( 'NONE',  ( -0.5829476781887755754, 1.024999999999999689, 1.280269342272169819 ) ) ;
#2445 = CARTESIAN_POINT ( 'NONE',  ( 0.3593284318513517150, 1.034999999999999920, 0.8517178425193882019 ) ) ;
#2446 = CARTESIAN_POINT ( 'NONE',  ( 0.2362522088696082101, 1.035000000000000364, -1.268604448015735908 ) ) ;
#2447 = VERTEX_POINT ( 'NONE', #2047 ) ;
#2448 =( GEOMETRIC_REPRESENTATION_CONTEXT ( 3 ) GLOBAL_UNCERTAINTY_ASSIGNED_CONTEXT ( ( #4517 ) ) GLOBAL_UNIT_ASSIGNED_CONTEXT ( ( #2009, #6009, #998 ) ) REPRESENTATION_CONTEXT ( 'NONE', 'WORKASPACE' ) );
#2449 = EDGE_CURVE ( 'NONE', #120, #6203, #2896, .T. ) ;
#2450 = CARTESIAN_POINT ( 'NONE',  ( 0.6963868235130904472, 1.025000000000000133, 0.9969243262400653283 ) ) ;
#2451 = SURFACE_SIDE_STYLE ('',( #2091 ) ) ;
#2452 = CARTESIAN_POINT ( 'NONE',  ( 0.05554118820495588388, 1.035000000000000142, 0.8499915930093845384 ) ) ;
#2453 = AXIS2_PLACEMENT_3D ( 'NONE', #3661, #1182, #5701 ) ;
#2454 = CARTESIAN_POINT ( 'NONE',  ( -0.7849999999999999201, -1.025000000000000577, 1.574999999999999956 ) ) ;
#2455 = VERTEX_POINT ( 'NONE', #972 ) ;
#2456 = CARTESIAN_POINT ( 'NONE',  ( 0.5508732536577788386, 1.024999999999999911, -0.2345128082822559301 ) ) ;
#2457 = CARTESIAN_POINT ( 'NONE',  ( 0.7138839189947766561, 1.034999999999999698, 1.149153048603419824 ) ) ;
#2458 = CARTESIAN_POINT ( 'NONE',  ( 0.6459597251254767247, 1.024999999999999911, -0.1307696941625377529 ) ) ;
#2459 = CARTESIAN_POINT ( 'NONE',  ( -0.009615384615384716532, 1.024999999999999689, 0.7500000000000004441 ) ) ;
#2460 = EDGE_CURVE ( 'NONE', #5814, #3873, #4391, .T. ) ;
#2461 = CARTESIAN_POINT ( 'NONE',  ( 0.7942258204726675430, 1.024999999999999467, 1.001524615184221645 ) ) ;
#2462 = CARTESIAN_POINT ( 'NONE',  ( -0.06957470751496550032, 1.024999999999999689, 0.8451883045114930715 ) ) ;
#2463 =( NAMED_UNIT ( * ) PLANE_ANGLE_UNIT ( ) SI_UNIT ( $, .RADIAN. ) );
#2464 = UNCERTAINTY_MEASURE_WITH_UNIT (LENGTH_MEASURE( 1.000000000000000082E-05 ), #4828, 'distance_accuracy_value', 'NONE');
#2465 = SURFACE_STYLE_USAGE ( .BOTH. , #2486 ) ;
#2466 = FILL_AREA_STYLE ('',( #5513 ) ) ;
#2467 = VERTEX_POINT ( 'NONE', #2558 ) ;
#2468 = B_SPLINE_SURFACE_WITH_KNOTS ( 'NONE', 3, 1, ( 
 ( #1258, #4770 ),
 ( #2769, #5259 ),
 ( #661, #2710 ),
 ( #4276, #3752 ),
 ( #1241, #4223 ),
 ( #4745, #2252 ),
 ( #1221, #3294 ),
 ( #684, #1684 ),
 ( #3221, #5278 ) ),
 .UNSPECIFIED., .F., .F., .F.,
 ( 4, 1, 1, 1, 1, 1, 4 ),
 ( 2, 2 ),
 ( 0.000000000000000000, 0.3509222893589579173, 0.6454924037914960833, 0.7681706215885483191, 0.8690722653315180457, 0.9456999174901274952, 1.000000000000000000 ),
 ( 0.000000000000000000, 1.000000000000000000 ),
 .UNSPECIFIED. ) ;
#2469 = CARTESIAN_POINT ( 'NONE',  ( -0.6436720452315449759, 1.035000000000000142, 1.331288948873510680 ) ) ;
#2470 = CARTESIAN_POINT ( 'NONE',  ( -0.03485701459109043915, 1.035000000000000142, -1.176676445359459144 ) ) ;
#2471 = CARTESIAN_POINT ( 'NONE',  ( 0.5673076923076922906, 1.034999999999999920, 0.7500000000000002220 ) ) ;
#2472 = CARTESIAN_POINT ( 'NONE',  ( 0.07640875695867181683, 1.024999999999999911, 1.209179511122381756 ) ) ;
#2473 = VERTEX_POINT ( 'NONE', #483 ) ;
#2474 = DIRECTION ( 'NONE',  ( -0.000000000000000000, -1.000000000000000000, -0.000000000000000000 ) ) ;
#2475 = FACE_OUTER_BOUND ( 'NONE', #4, .T. ) ;
#2476 = CARTESIAN_POINT ( 'NONE',  ( 0.3806335665248694045, 1.025000000000000133, 1.334250950148672343 ) ) ;
#2477 = CARTESIAN_POINT ( 'NONE',  ( -0.6849205315284643270, 1.025000000000000133, 0.1946866269890298318 ) ) ;
#2478 = FILL_AREA_STYLE_COLOUR ( '', #3383 ) ;
#2479 = CARTESIAN_POINT ( 'NONE',  ( 0.2277829839342950524, 1.024999999999999689, -0.8259784870660605849 ) ) ;
#2480 = CARTESIAN_POINT ( 'NONE',  ( -0.3927084994808447416, 1.034999999999999476, 0.1873888445340720077 ) ) ;
#2481 = FILL_AREA_STYLE_COLOUR ( '', #3247 ) ;
#2482 = FACE_OUTER_BOUND ( 'NONE', #239, .T. ) ;
#2484 = SURFACE_STYLE_FILL_AREA ( #2189 ) ;
#2483 = CARTESIAN_POINT ( 'NONE',  ( -0.09384299234681901802, 1.034999999999999920, 0.8565253071957876774 ) ) ;
#2485 = CARTESIAN_POINT ( 'NONE',  ( -0.5909971491421553980, 1.024999999999999911, -0.1441871441899060247 ) ) ;
#2486 = SURFACE_SIDE_STYLE ('',( #5583 ) ) ;
#2487 = CARTESIAN_POINT ( 'NONE',  ( -0.5990718725262587085, 1.034999999999999698, 1.172529277259950931 ) ) ;
#2488 = CARTESIAN_POINT ( 'NONE',  ( 0.6123197115384620970, 1.034999999999999920, -0.2848557692307692180 ) ) ;
#2489 = EDGE_CURVE ( 'NONE', #336, #5713, #5265, .T. ) ;
#2490 = VECTOR ( 'NONE', #3390, 1000.000000000000000 ) ;
#2491 = PRESENTATION_STYLE_ASSIGNMENT (( #3888 ) ) ;
#2492 =( GEOMETRIC_REPRESENTATION_CONTEXT ( 3 ) GLOBAL_UNCERTAINTY_ASSIGNED_CONTEXT ( ( #4146 ) ) GLOBAL_UNIT_ASSIGNED_CONTEXT ( ( #1155, #573, #3167 ) ) REPRESENTATION_CONTEXT ( 'NONE', 'WORKASPACE' ) );
#2493 = CARTESIAN_POINT ( 'NONE',  ( 0.4215144230769235500, 1.024999999999999911, -1.232271634615384581 ) ) ;
#2494 =( NAMED_UNIT ( * ) PLANE_ANGLE_UNIT ( ) SI_UNIT ( $, .RADIAN. ) );
#2495 = VERTEX_POINT ( 'NONE', #4547 ) ;
#2496 = DIRECTION ( 'NONE',  ( 0.000000000000000000, 0.000000000000000000, 1.000000000000000000 ) ) ;
#2497 = ORIENTED_EDGE ( 'NONE', *, *, #3823, .F. ) ;
#2498 = FACE_OUTER_BOUND ( 'NONE', #4798, .T. ) ;
#2499 = SURFACE_SIDE_STYLE ('',( #1511 ) ) ;
#2500 = SURFACE_STYLE_FILL_AREA ( #511 ) ;
#2501 = B_SPLINE_CURVE_WITH_KNOTS ( 'NONE', 3,
 ( #275, #4493, #3980, #2461, #3929, #4923, #1916, #5017, #1870, #3958, #2391, #2892, #5994, #5414, #3001, #6494, #1358, #3501, #2417 ),
 .UNSPECIFIED., .F., .F.,
 ( 4, 1, 1, 1, 1, 1, 1, 1, 1, 1, 1, 1, 1, 1, 1, 1, 4 ),
 ( 0.000000000000000000, 0.05794487546232589964, 0.1160176254256826689, 0.1748257843638406361, 0.2346830900793710206, 0.2968270303289142209, 0.3640613359637882573, 0.4361924240497391803, 0.5142601195414409077, 0.5569758971654886759, 0.6048559283836538736, 0.6576752010734879805, 0.7157505846619327539, 0.7788397991664557374, 0.8475011894738632146, 0.9212282309463235563, 1.000000000000000000 ),
 .UNSPECIFIED. ) ;
#2502 = CARTESIAN_POINT ( 'NONE',  ( -0.1127526067484372341, 1.024999999999999245, 1.248891001546740709 ) ) ;
#2503 = CARTESIAN_POINT ( 'NONE',  ( 0.4327727657444420672, 1.024999999999999911, 1.277465502956919075 ) ) ;
#2504 = CARTESIAN_POINT ( 'NONE',  ( -0.5633607858752271991, 1.035000000000000142, 0.2980271123610587769 ) ) ;
#2505 =( NAMED_UNIT ( * ) SI_UNIT ( $, .STERADIAN. ) SOLID_ANGLE_UNIT ( ) );
#2506 = ORIENTED_EDGE ( 'NONE', *, *, #1914, .F. ) ;
#2507 = DIRECTION ( 'NONE',  ( 0.000000000000000000, 0.000000000000000000, -1.000000000000000000 ) ) ;
#2508 = CARTESIAN_POINT ( 'NONE',  ( -0.5167011380783790297, 1.034999999999999920, 0.1299168511404120152 ) ) ;
#2509 = PRESENTATION_STYLE_ASSIGNMENT (( #4701 ) ) ;
#2510 = EDGE_CURVE ( 'NONE', #1467, #3340, #2397, .T. ) ;
#2511 = APPLICATION_PROTOCOL_DEFINITION ( 'draft international standard', 'automotive_design', 1998, #4025 ) ;
#2512 = CARTESIAN_POINT ( 'NONE',  ( -0.1385919756317040841, 1.034999999999999476, 0.9028740862858287697 ) ) ;
#2513 = CARTESIAN_POINT ( 'NONE',  ( 0.7018186894564079070, 1.034999999999999920, 0.9621975019446505906 ) ) ;
#2514 = CARTESIAN_POINT ( 'NONE',  ( 0.2507567214230724262, 1.034999999999999920, -0.8015831361758598561 ) ) ;
#2515 = CARTESIAN_POINT ( 'NONE',  ( -0.5185713438862951108, 1.034999999999999920, 1.094640769511485479 ) ) ;
#2516 = B_SPLINE_SURFACE_WITH_KNOTS ( 'NONE', 3, 1, ( 
 ( #3355, #2363 ),
 ( #6393, #4873 ),
 ( #3914, #309 ),
 ( #3829, #2291 ),
 ( #4314, #4358 ),
 ( #3850, #2340 ),
 ( #1279, #4849 ),
 ( #5875, #1795 ),
 ( #1328, #5339 ),
 ( #5832, #4338 ),
 ( #328, #6325 ),
 ( #781, #1814 ),
 ( #5005, #4012 ),
 ( #6503, #973 ),
 ( #3444, #3014 ) ),
 .UNSPECIFIED., .F., .F., .F.,
 ( 4, 1, 1, 1, 1, 1, 1, 1, 1, 1, 1, 1, 4 ),
 ( 2, 2 ),
 ( 0.000000000000000000, 0.1003881431397105894, 0.2044067930373087150, 0.3106860830942074214, 0.4221572938827999333, 0.4806854607703736071, 0.5432381544526684314, 0.6094995045645642540, 0.6795546087742240227, 0.7538412220511749862, 0.8316406764893861103, 0.9138127068095904804, 1.000000000000000000 ),
 ( 0.000000000000000000, 1.000000000000000000 ),
 .UNSPECIFIED. ) ;
#2517 = SURFACE_SIDE_STYLE ('',( #662 ) ) ;
#2518 = DIRECTION ( 'NONE',  ( 1.000000000000000000, 0.000000000000000000, 0.000000000000000000 ) ) ;
#2519 = COLOUR_RGB ( '',1.000000000000000000, 1.000000000000000000, 1.000000000000000000 ) ;
#2520 = CARTESIAN_POINT ( 'NONE',  ( 0.2601562500000004219, 1.034999999999999920, -1.115384615384615419 ) ) ;
#2521 = FILL_AREA_STYLE ('',( #3099 ) ) ;
#2522 = CARTESIAN_POINT ( 'NONE',  ( 0.2173027435495910042, 1.024999999999999911, 1.001524615184222089 ) ) ;
#2523 = DIRECTION ( 'NONE',  ( -1.000000000000000000, 0.000000000000000000, 0.000000000000000000 ) ) ;
#2524 = VERTEX_POINT ( 'NONE', #2520 ) ;
#2525 = STYLED_ITEM ( 'NONE', ( #4330 ), #804 ) ;
#2526 = DIRECTION ( 'NONE',  ( 7.228014483236697048E-17, -0.000000000000000000, 1.000000000000000000 ) ) ;
#2527 = CARTESIAN_POINT ( 'NONE',  ( 0.01716579795666443170, 1.024999999999999689, 0.8385928700513111123 ) ) ;
#2528 =( NAMED_UNIT ( * ) SI_UNIT ( $, .STERADIAN. ) SOLID_ANGLE_UNIT ( ) );
#2529 = DIRECTION ( 'NONE',  ( -1.000000000000000000, 0.000000000000000000, -0.000000000000000000 ) ) ;
#2530 = CARTESIAN_POINT ( 'NONE',  ( -0.5131259277043459521, 1.024999999999999689, 0.7580082180372671452 ) ) ;
#2531 = ORIENTED_EDGE ( 'NONE', *, *, #3457, .T. ) ;
#2532 = CARTESIAN_POINT ( 'NONE',  ( -0.04204837628417965739, 1.024999999999999911, 0.8385981092399695802 ) ) ;
#2533 = PLANE ( 'NONE',  #2582 ) ;
#2534 = SURFACE_SIDE_STYLE ('',( #4914 ) ) ;
#2535 = PRESENTATION_LAYER_ASSIGNMENT (  '', '', ( #1341 ) ) ;
#2536 = ORIENTED_EDGE ( 'NONE', *, *, #1271, .F. ) ;
#2537 = CARTESIAN_POINT ( 'NONE',  ( 0.5652043269230768718, 1.034999999999999920, 0.8365384615384617861 ) ) ;
#2538 = DIRECTION ( 'NONE',  ( -0.09950371902099879040, 0.000000000000000000, 0.9950371902099891530 ) ) ;
#2539 = CARTESIAN_POINT ( 'NONE',  ( 0.2183820393925960390, 1.035000000000000142, -1.111100032772898594 ) ) ;
#2540 =( NAMED_UNIT ( * ) SI_UNIT ( $, .STERADIAN. ) SOLID_ANGLE_UNIT ( ) );
#2541 = MECHANICAL_DESIGN_GEOMETRIC_PRESENTATION_REPRESENTATION (  '', ( #3994 ), #6008 ) ;
#2542 = ORIENTED_EDGE ( 'NONE', *, *, #5522, .F. ) ;
#2543 = CARTESIAN_POINT ( 'NONE',  ( -0.1709775200025005493, 1.024999999999999689, 1.304503635857037436 ) ) ;
#2544 = CARTESIAN_POINT ( 'NONE',  ( -0.006755977193804768924, 1.034999999999999920, 0.8366587838276429157 ) ) ;
#2545 = CARTESIAN_POINT ( 'NONE',  ( 0.6708099671644118800, 1.025000000000000133, 1.050369067633049491 ) ) ;
#2546 = SURFACE_SIDE_STYLE ('',( #5412 ) ) ;
#2547 = CARTESIAN_POINT ( 'NONE',  ( -0.5820100102219785132, 1.034999999999999698, 0.01254943713729734199 ) ) ;
#2548 = UNCERTAINTY_MEASURE_WITH_UNIT (LENGTH_MEASURE( 1.000000000000000082E-05 ), #2771, 'distance_accuracy_value', 'NONE');
#2549 = EDGE_CURVE ( 'NONE', #2524, #4783, #4492, .T. ) ;
#2550 = EDGE_LOOP ( 'NONE', ( #4851, #2379, #3572, #415 ) ) ;
#2551 = CARTESIAN_POINT ( 'NONE',  ( -0.1538461538461539935, 1.024999999999999689, 0.9711538461538465894 ) ) ;
#2552 = CARTESIAN_POINT ( 'NONE',  ( -0.09784746123551664454, 1.034999999999999920, -0.9666695307625216005 ) ) ;
#2553 = CARTESIAN_POINT ( 'NONE',  ( -1.499999999999996891, 1.034999999999999920, -1.550000000000000711 ) ) ;
#2554 = COLOUR_RGB ( '',1.000000000000000000, 1.000000000000000000, 1.000000000000000000 ) ;
#2555 = STYLED_ITEM ( 'NONE', ( #6204 ), #5945 ) ;
#2556 = CARTESIAN_POINT ( 'NONE',  ( 0.05896144353619249545, 1.034999999999999920, -1.218549679676853570 ) ) ;
#2557 = ORIENTED_EDGE ( 'NONE', *, *, #4093, .F. ) ;
#2558 = CARTESIAN_POINT ( 'NONE',  ( 0.2826923076923082423, 1.034999999999999920, -0.9798677884615384359 ) ) ;
#2559 = CARTESIAN_POINT ( 'NONE',  ( -0.4108255261337867559, 1.034999999999999920, 1.113162156003708159 ) ) ;
#2560 = AXIS2_PLACEMENT_3D ( 'NONE', #6184, #4619, #2158 ) ;
#2561 = COLOUR_RGB ( '',1.000000000000000000, 1.000000000000000000, 1.000000000000000000 ) ;
#2562 = CARTESIAN_POINT ( 'NONE',  ( -0.8365384615384615641, 1.024999999999999911, 1.500000000000000222 ) ) ;
#2563 = CARTESIAN_POINT ( 'NONE',  ( -0.07662259615384627021, 1.024999999999999689, 1.219501201923077538 ) ) ;
#2564 = ORIENTED_EDGE ( 'NONE', *, *, #1639, .T. ) ;
#2565 =( NAMED_UNIT ( * ) PLANE_ANGLE_UNIT ( ) SI_UNIT ( $, .RADIAN. ) );
#2566 = SURFACE_STYLE_USAGE ( .BOTH. , #1044 ) ;
#2567 = CARTESIAN_POINT ( 'NONE',  ( -0.5165652840014129943, 1.034999999999999920, -0.7812224859088601203 ) ) ;
#2568 = CARTESIAN_POINT ( 'NONE',  ( 0.2381260191214930044, 1.024999999999999689, -0.8127853324200386975 ) ) ;
#2569 = COLOUR_RGB ( '',1.000000000000000000, 1.000000000000000000, 1.000000000000000000 ) ;
#2570 = DIRECTION ( 'NONE',  ( -0.000000000000000000, -1.000000000000000000, -0.000000000000000000 ) ) ;
#2571 =( GEOMETRIC_REPRESENTATION_CONTEXT ( 3 ) GLOBAL_UNCERTAINTY_ASSIGNED_CONTEXT ( ( #3767 ) ) GLOBAL_UNIT_ASSIGNED_CONTEXT ( ( #6426, #5904, #3411 ) ) REPRESENTATION_CONTEXT ( 'NONE', 'WORKASPACE' ) );
#2572 = B_SPLINE_SURFACE_WITH_KNOTS ( 'NONE', 3, 1, ( 
 ( #4213, #4231 ),
 ( #2149, #5694 ),
 ( #5731, #4663 ),
 ( #3692, #2699 ),
 ( #1627, #2657 ),
 ( #2129, #672 ),
 ( #3185, #3228 ),
 ( #5711, #2683 ),
 ( #3164, #122 ),
 ( #4195, #6211 ),
 ( #1671, #3209 ) ),
 .UNSPECIFIED., .F., .F., .F.,
 ( 4, 1, 1, 1, 1, 1, 1, 1, 4 ),
 ( 2, 2 ),
 ( 0.000000000000000000, 0.05996688937102766931, 0.1375423895636743443, 0.2335473283895458108, 0.3496849205474031330, 0.4844921385367325639, 0.6373968565921700469, 0.8096962512820716773, 1.000000000000000000 ),
 ( 0.000000000000000000, 1.000000000000000000 ),
 .UNSPECIFIED. ) ;
#2573 = SURFACE_SIDE_STYLE ('',( #180 ) ) ;
#2574 = B_SPLINE_CURVE_WITH_KNOTS ( 'NONE', 3,
 ( #50, #3596, #4545, #543, #5048, #4055, #3032, #6079, #6524 ),
 .UNSPECIFIED., .F., .F.,
 ( 4, 1, 1, 1, 1, 1, 4 ),
 ( 0.000000000000000000, 0.3509222893589579173, 0.6454924037914960833, 0.7681706215885483191, 0.8690722653315180457, 0.9456999174901274952, 1.000000000000000000 ),
 .UNSPECIFIED. ) ;
#2575 = ORIENTED_EDGE ( 'NONE', *, *, #1122, .F. ) ;
#2576 =( NAMED_UNIT ( * ) SI_UNIT ( $, .STERADIAN. ) SOLID_ANGLE_UNIT ( ) );
#2577 = CARTESIAN_POINT ( 'NONE',  ( 0.5673076923076922906, 1.024999999999999911, 0.7500000000000002220 ) ) ;
#2578 = FACE_OUTER_BOUND ( 'NONE', #1111, .T. ) ;
#2579 = SURFACE_STYLE_USAGE ( .BOTH. , #538 ) ;
#2580 = ORIENTED_EDGE ( 'NONE', *, *, #4507, .T. ) ;
#2581 = PRESENTATION_STYLE_ASSIGNMENT (( #2087 ) ) ;
#2582 = AXIS2_PLACEMENT_3D ( 'NONE', #944, #4495, #3004 ) ;
#2583 = COLOUR_RGB ( '',1.000000000000000000, 1.000000000000000000, 1.000000000000000000 ) ;
#2584 = CARTESIAN_POINT ( 'NONE',  ( -1.499999999999996891, 1.024999999999999911, -1.650000000000000799 ) ) ;
#2585 = FILL_AREA_STYLE_COLOUR ( '', #4115 ) ;
#2586 = DIRECTION ( 'NONE',  ( -0.000000000000000000, -1.000000000000000000, -0.000000000000000000 ) ) ;
#2587 = CARTESIAN_POINT ( 'NONE',  ( -0.7697840173214464121, 1.034999999999999920, 0.8183052022479979648 ) ) ;
#2588 = UNCERTAINTY_MEASURE_WITH_UNIT (LENGTH_MEASURE( 1.000000000000000082E-05 ), #444, 'distance_accuracy_value', 'NONE');
#2589 = CARTESIAN_POINT ( 'NONE',  ( 0.5225040702412534488, 1.024999999999999911, -1.055883598833726289 ) ) ;
#2590 = EDGE_CURVE ( 'NONE', #1764, #2690, #4883, .T. ) ;
#2591 = STYLED_ITEM ( 'NONE', ( #3093 ), #4556 ) ;
#2592 = DIRECTION ( 'NONE',  ( 0.000000000000000000, 1.000000000000000000, 0.000000000000000000 ) ) ;
#2593 = CARTESIAN_POINT ( 'NONE',  ( 0.04351053239648314253, 1.024999999999999467, 0.8449640240426657956 ) ) ;
#2594 = CARTESIAN_POINT ( 'NONE',  ( 0.6609990807941873436, 1.035000000000000142, 1.064245337337988762 ) ) ;
#2595 = CARTESIAN_POINT ( 'NONE',  ( -0.6074319325474580866, 1.024999999999999689, -0.6487998170869914150 ) ) ;
#2596 = CARTESIAN_POINT ( 'NONE',  ( 0.6807072769067453732, 1.024999999999999689, 0.8900286707375894002 ) ) ;
#2597 = FILL_AREA_STYLE_COLOUR ( '', #3718 ) ;
#2598 = B_SPLINE_CURVE_WITH_KNOTS ( 'NONE', 3,
 ( #3706, #5689, #171, #2145, #6190, #2184, #3182, #5707, #4190, #155, #3223, #1145, #1101, #4726, #1600 ),
 .UNSPECIFIED., .F., .F.,
 ( 4, 1, 1, 1, 1, 1, 1, 1, 1, 1, 1, 1, 4 ),
 ( 0.000000000000000000, 0.1318370034776482902, 0.2654279718549516498, 0.3981764695722172509, 0.5276235755538550842, 0.5908330824838330386, 0.6531078999939821106, 0.7143051940854342474, 0.7745186265763558398, 0.8332069383880363889, 0.8902383150910625487, 0.9457341290753531471, 1.000000000000000000 ),
 .UNSPECIFIED. ) ;
#2599 = PRESENTATION_LAYER_ASSIGNMENT (  '', '', ( #5975 ) ) ;
#2600 = VECTOR ( 'NONE', #982, 1000.000000000000000 ) ;
#2601 = CARTESIAN_POINT ( 'NONE',  ( 0.6123197115384620970, 1.034999999999999920, -0.2848557692307692180 ) ) ;
#2602 = CIRCLE ( 'NONE', #838, 0.04999999999999991257 ) ;
#2603 = SURFACE_SIDE_STYLE ('',( #1699 ) ) ;
#2604 = DIRECTION ( 'NONE',  ( -0.000000000000000000, -1.000000000000000000, -0.000000000000000000 ) ) ;
#2605 = CARTESIAN_POINT ( 'NONE',  ( 0.1736534996462657798, 1.024999999999999911, 0.8244472621065876972 ) ) ;
#2606 = CARTESIAN_POINT ( 'NONE',  ( 0.8113069937680609245, 1.034999999999999920, -0.4575876180247832603 ) ) ;
#2607 = ORIENTED_EDGE ( 'NONE', *, *, #2850, .F. ) ;
#2608 = DIRECTION ( 'NONE',  ( 0.000000000000000000, 0.000000000000000000, 1.000000000000000000 ) ) ;
#2609 = CARTESIAN_POINT ( 'NONE',  ( -0.1573431819201525916, 1.034999999999999920, -0.9199207648865372899 ) ) ;
#2610 = ORIENTED_EDGE ( 'NONE', *, *, #1971, .T. ) ;
#2611 = CARTESIAN_POINT ( 'NONE',  ( -0.4695860310905232149, 1.025000000000000133, -0.5455223592266811306 ) ) ;
#2612 = CARTESIAN_POINT ( 'NONE',  ( 0.7835722909579158069, 1.034999999999999920, -0.2616051572647334345 ) ) ;
#2613 =( NAMED_UNIT ( * ) SI_UNIT ( $, .STERADIAN. ) SOLID_ANGLE_UNIT ( ) );
#2614 = CARTESIAN_POINT ( 'NONE',  ( -0.006755977193804768924, 1.024999999999999689, 0.8366587838276429157 ) ) ;
#2615 = FILL_AREA_STYLE_COLOUR ( '', #2117 ) ;
#2616 = VERTEX_POINT ( 'NONE', #6151 ) ;
#2617 = CARTESIAN_POINT ( 'NONE',  ( -0.7653846153846149969, 1.024999999999999911, -0.09855769230769234612 ) ) ;
#2618 = ADVANCED_FACE ( 'NONE', ( #1376 ), #5046, .T. ) ;
#2619 = DIRECTION ( 'NONE',  ( -0.000000000000000000, -1.000000000000000000, -0.000000000000000000 ) ) ;
#2620 =( NAMED_UNIT ( * ) PLANE_ANGLE_UNIT ( ) SI_UNIT ( $, .RADIAN. ) );
#2621 = B_SPLINE_SURFACE_WITH_KNOTS ( 'NONE', 3, 1, ( 
 ( #5855, #5896 ),
 ( #5425, #4912 ),
 ( #288, #3399 ),
 ( #1836, #2832 ),
 ( #1346, #2812 ),
 ( #3892, #833 ),
 ( #852, #3422 ) ),
 .UNSPECIFIED., .F., .F., .F.,
 ( 4, 1, 1, 1, 4 ),
 ( 2, 2 ),
 ( 0.000000000000000000, 0.2343467883413798969, 0.4973277816769109960, 0.7593319102577504864, 1.000000000000000000 ),
 ( 0.000000000000000000, 1.000000000000000000 ),
 .UNSPECIFIED. ) ;
#2622 = CARTESIAN_POINT ( 'NONE',  ( -0.5886418269230768718, 1.024999999999999911, 0.8365384615384617861 ) ) ;
#2623 = ORIENTED_EDGE ( 'NONE', *, *, #5335, .F. ) ;
#2624 = B_SPLINE_CURVE_WITH_KNOTS ( 'NONE', 3,
 ( #1200, #1154, #3632, #4884, #827, #2334, #3042, #420, #533, #4306, #1268, #2302, #3268, #3607, #2955 ),
 .UNSPECIFIED., .F., .F.,
 ( 4, 1, 1, 1, 1, 1, 1, 1, 1, 1, 1, 1, 4 ),
 ( 0.000000000000000000, 0.1003881431397105894, 0.2044067930373087150, 0.3106860830942074214, 0.4221572938827999333, 0.4806854607703736071, 0.5432381544526684314, 0.6094995045645642540, 0.6795546087742240227, 0.7538412220511749862, 0.8316406764893861103, 0.9138127068095904804, 1.000000000000000000 ),
 .UNSPECIFIED. ) ;
#2625 = CARTESIAN_POINT ( 'NONE',  ( 0.5899939903846154188, 1.034999999999999920, 1.264723557692307931 ) ) ;
#2626 = CARTESIAN_POINT ( 'NONE',  ( 2.000000000000000444, 1.024999999999999911, 1.849999999999999423 ) ) ;
#2627 = CARTESIAN_POINT ( 'NONE',  ( 0.1970288297793945653, 1.024999999999999911, 0.8579668031823564078 ) ) ;
#2628 = ORIENTED_EDGE ( 'NONE', *, *, #1106, .T. ) ;
#2629 = STYLED_ITEM ( 'NONE', ( #6208 ), #2775 ) ;
#2630 = CARTESIAN_POINT ( 'NONE',  ( 0.8391768866871927024, 1.035000000000000142, -0.4340823287024250243 ) ) ;
#2631 = PRESENTATION_LAYER_ASSIGNMENT (  '', '', ( #2083 ) ) ;
#2632 = CARTESIAN_POINT ( 'NONE',  ( 0.09605909117721764257, 1.025000000000000133, 0.8804506858141281089 ) ) ;
#2633 = PLANE ( 'NONE',  #5747 ) ;
#2634 = CARTESIAN_POINT ( 'NONE',  ( -0.5990513877927807762, 1.024999999999999911, 0.2773487647443848569 ) ) ;
#2635 = CARTESIAN_POINT ( 'NONE',  ( -0.02214879560318189916, 1.024999999999999911, 1.172529277259951153 ) ) ;
#2636 = FILL_AREA_STYLE ('',( #1652 ) ) ;
#2637 = EDGE_CURVE ( 'NONE', #4141, #4085, #3835, .T. ) ;
#2638 = MECHANICAL_DESIGN_GEOMETRIC_PRESENTATION_REPRESENTATION (  '', ( #2279 ), #5387 ) ;
#2639 = UNCERTAINTY_MEASURE_WITH_UNIT (LENGTH_MEASURE( 1.000000000000000082E-05 ), #4265, 'distance_accuracy_value', 'NONE');
#2640 = FILL_AREA_STYLE_COLOUR ( '', #3927 ) ;
#2641 = EDGE_CURVE ( 'NONE', #4783, #113, #5102, .T. ) ;
#2642 = CARTESIAN_POINT ( 'NONE',  ( 0.3911119599344423658, 1.034999999999999698, -1.251079475078177961 ) ) ;
#2643 = CARTESIAN_POINT ( 'NONE',  ( -0.7654663496555110802, 1.024999999999999689, -0.1448041258526025499 ) ) ;
#2644 = DIRECTION ( 'NONE',  ( -0.000000000000000000, -1.000000000000000000, -0.000000000000000000 ) ) ;
#2645 = CARTESIAN_POINT ( 'NONE',  ( 0.2242582968817667943, 1.035000000000000142, -0.9044005330044534441 ) ) ;
#2646 = EDGE_CURVE ( 'NONE', #5392, #1562, #1147, .T. ) ;
#2647 = CARTESIAN_POINT ( 'NONE',  ( 0.1810024900132512493, 1.035000000000000142, 0.02458421164367133316 ) ) ;
#2648 = ORIENTED_EDGE ( 'NONE', *, *, #20, .F. ) ;
#2649 = CARTESIAN_POINT ( 'NONE',  ( 0.1102579278943475599, 1.035000000000000364, 0.2288260439057090145 ) ) ;
#2650 = CARTESIAN_POINT ( 'NONE',  ( -0.1235576923076918271, 1.025000000000000355, -1.129507211538461675 ) ) ;
#2651 = CARTESIAN_POINT ( 'NONE',  ( 0.4943847406355347252, 1.034999999999999920, 0.7572851291288786868 ) ) ;
#2652 = CARTESIAN_POINT ( 'NONE',  ( -0.8365384615384616751, 1.024999999999999911, 1.500000000000000444 ) ) ;
#2653 = ORIENTED_EDGE ( 'NONE', *, *, #3047, .F. ) ;
#2654 = VECTOR ( 'NONE', #1407, 1000.000000000000000 ) ;
#2655 = CARTESIAN_POINT ( 'NONE',  ( -0.04204837628417965739, 1.035000000000000142, 0.8385981092399695802 ) ) ;
#2656 = CARTESIAN_POINT ( 'NONE',  ( 0.1194637465900133533, 1.025000000000000133, 0.9969243262400653283 ) ) ;
#2657 = CARTESIAN_POINT ( 'NONE',  ( 0.2242582968817667943, 1.025000000000000355, -0.9044005330044534441 ) ) ;
#2658 = MECHANICAL_DESIGN_GEOMETRIC_PRESENTATION_REPRESENTATION (  '', ( #6035 ), #3339 ) ;
#2659 = ORIENTED_EDGE ( 'NONE', *, *, #4737, .T. ) ;
#2660 = LINE ( 'NONE', #4285, #3537 ) ;
#2661 = PRESENTATION_STYLE_ASSIGNMENT (( #900 ) ) ;
#2662 = COLOUR_RGB ( '',1.000000000000000000, 1.000000000000000000, 1.000000000000000000 ) ;
#2663 = CARTESIAN_POINT ( 'NONE',  ( 0.8163176086182266644, 1.034999999999999920, -0.3039265020748548873 ) ) ;
#2664 =( LENGTH_UNIT ( ) NAMED_UNIT ( * ) SI_UNIT ( .MILLI., .METRE. ) );
#2665 = CARTESIAN_POINT ( 'NONE',  ( -0.1741733479791433004, 1.024999999999999689, -1.098788724700767050 ) ) ;
#2666 = VERTEX_POINT ( 'NONE', #4756 ) ;
#2667 =( LENGTH_UNIT ( ) NAMED_UNIT ( * ) SI_UNIT ( .MILLI., .METRE. ) );
#2668 = CARTESIAN_POINT ( 'NONE',  ( -0.7307692307692308376, 1.034999999999999920, 0.9711538461538463674 ) ) ;
#2669 = PRESENTATION_LAYER_ASSIGNMENT (  '', '', ( #406 ) ) ;
#2670 = PRESENTATION_STYLE_ASSIGNMENT (( #2721 ) ) ;
#2671 = CARTESIAN_POINT ( 'NONE',  ( 0.3647235576923080758, 1.034999999999999920, -1.085036057692307709 ) ) ;
#2672 =( GEOMETRIC_REPRESENTATION_CONTEXT ( 3 ) GLOBAL_UNCERTAINTY_ASSIGNED_CONTEXT ( ( #2344 ) ) GLOBAL_UNIT_ASSIGNED_CONTEXT ( ( #5589, #2030, #2528 ) ) REPRESENTATION_CONTEXT ( 'NONE', 'WORKASPACE' ) );
#2673 = CARTESIAN_POINT ( 'NONE',  ( 0.3075481962512565115, 1.034999999999999698, 0.1204008754419296778 ) ) ;
#2674 = CARTESIAN_POINT ( 'NONE',  ( 0.1863848271403546752, 1.025000000000000355, 0.8407290785386316578 ) ) ;
#2675 = ORIENTED_EDGE ( 'NONE', *, *, #5065, .F. ) ;
#2676 = DIRECTION ( 'NONE',  ( -0.000000000000000000, -1.000000000000000000, -0.000000000000000000 ) ) ;
#2677 = PRESENTATION_STYLE_ASSIGNMENT (( #4287 ) ) ;
#2678 = DIRECTION ( 'NONE',  ( 0.000000000000000000, 0.000000000000000000, 1.000000000000000000 ) ) ;
#2679 = STYLED_ITEM ( 'NONE', ( #5249 ), #3196 ) ;
#2680 = ADVANCED_BREP_SHAPE_REPRESENTATION ( 'XFL4020-222MEB', ( #2, #5720 ), #2571 ) ;
#2681 = CARTESIAN_POINT ( 'NONE',  ( -0.01693200486031759197, 1.034999999999999920, 0.8366581879303760516 ) ) ;
#2682 = CARTESIAN_POINT ( 'NONE',  ( 0.07244802049386153686, 1.035000000000000142, 1.078940445635440781 ) ) ;
#2683 = CARTESIAN_POINT ( 'NONE',  ( 0.2521919065189246467, 1.025000000000000133, -0.9469047407815436301 ) ) ;
#2684 = EDGE_CURVE ( 'NONE', #113, #948, #2035, .T. ) ;
#2685 = VECTOR ( 'NONE', #375, 1000.000000000000000 ) ;
#2686 = CARTESIAN_POINT ( 'NONE',  ( 0.3350132766199698242, 1.024999999999999911, -1.264866384183079395 ) ) ;
#2687 = CARTESIAN_POINT ( 'NONE',  ( 0.5225040702412534488, 1.034999999999999920, -1.055883598833726289 ) ) ;
#2688 = SURFACE_STYLE_USAGE ( .BOTH. , #3716 ) ;
#2689 = CARTESIAN_POINT ( 'NONE',  ( -1.499999999999996891, 1.034999999999999920, -1.650000000000000799 ) ) ;
#2690 = VERTEX_POINT ( 'NONE', #5308 ) ;
#2691 = FACE_OUTER_BOUND ( 'NONE', #5316, .T. ) ;
#2692 = FILL_AREA_STYLE_COLOUR ( '', #3290 ) ;
#2693 =( NAMED_UNIT ( * ) PLANE_ANGLE_UNIT ( ) SI_UNIT ( $, .RADIAN. ) );
#2694 = CARTESIAN_POINT ( 'NONE',  ( 1.605000000000000204, -1.074999999999999956, 1.574999999999999956 ) ) ;
#2695 = ORIENTED_EDGE ( 'NONE', *, *, #1, .T. ) ;
#2696 = B_SPLINE_SURFACE_WITH_KNOTS ( 'NONE', 3, 1, ( 
 ( #4438, #1399 ),
 ( #1331, #4917 ),
 ( #4365, #3898 ),
 ( #812, #1907 ),
 ( #1865, #2386 ),
 ( #4984, #5458 ),
 ( #2939, #3451 ),
 ( #4937, #1839 ),
 ( #909, #3359 ),
 ( #5920, #4459 ),
 ( #5409, #1932 ) ),
 .UNSPECIFIED., .F., .F., .F.,
 ( 4, 1, 1, 1, 1, 1, 1, 1, 4 ),
 ( 2, 2 ),
 ( 0.000000000000000000, 0.1017995767110253663, 0.2201597004284417958, 0.3476280565145599688, 0.4803480972350018807, 0.6145541392524830338, 0.7501523226899439178, 0.8794241792208842279, 1.000000000000000000 ),
 ( 0.000000000000000000, 1.000000000000000000 ),
 .UNSPECIFIED. ) ;
#2697 = CARTESIAN_POINT ( 'NONE',  ( -0.4032695772768110087, 1.034999999999999920, 0.8244472621065873641 ) ) ;
#2698 = CARTESIAN_POINT ( 'NONE',  ( 0.1091292488734788568, 1.025000000000000355, 1.023402570223236108 ) ) ;
#2699 = CARTESIAN_POINT ( 'NONE',  ( 0.2195110356128048001, 1.025000000000000133, -0.8931975061414779704 ) ) ;
#2700 = ORIENTED_EDGE ( 'NONE', *, *, #384, .T. ) ;
#2701 = CARTESIAN_POINT ( 'NONE',  ( 0.7616677374667714107, 1.024999999999999689, -0.4187544018592314066 ) ) ;
#2702 = ORIENTED_EDGE ( 'NONE', *, *, #5764, .T. ) ;
#2703 = CARTESIAN_POINT ( 'NONE',  ( 0.5209897867619566192, 1.024999999999999911, -1.086931559160239980 ) ) ;
#2704 = CARTESIAN_POINT ( 'NONE',  ( -0.4519230769230769273, 1.024999999999999911, 0.9579326923076925127 ) ) ;
#2705 =( NAMED_UNIT ( * ) PLANE_ANGLE_UNIT ( ) SI_UNIT ( $, .RADIAN. ) );
#2706 = CARTESIAN_POINT ( 'NONE',  ( -0.8192581937940324188, 1.034999999999999920, 0.9132441222960757665 ) ) ;
#2707 = EDGE_LOOP ( 'NONE', ( #6359, #6096, #1414, #2315 ) ) ;
#2708 = CARTESIAN_POINT ( 'NONE',  ( -0.7307692307692308376, 1.034999999999999920, 0.9711538461538463674 ) ) ;
#2709 = VECTOR ( 'NONE', #2326, 1000.000000000000000 ) ;
#2710 = CARTESIAN_POINT ( 'NONE',  ( 0.3143212458006600651, 1.024999999999999689, -1.011203171292209380 ) ) ;
#2711 = MECHANICAL_DESIGN_GEOMETRIC_PRESENTATION_REPRESENTATION (  '', ( #2319 ), #3486 ) ;
#2712 = SURFACE_STYLE_USAGE ( .BOTH. , #4207 ) ;
#2713 = CARTESIAN_POINT ( 'NONE',  ( -0.5638521634615384359, 1.034999999999999920, 1.264723557692307931 ) ) ;
#2714 = MECHANICAL_DESIGN_GEOMETRIC_PRESENTATION_REPRESENTATION (  '', ( #329 ), #2492 ) ;
#2715 = FACE_BOUND ( 'NONE', #5574, .T. ) ;
#2716 = CARTESIAN_POINT ( 'NONE',  ( 0.7886984142923576524, 1.035000000000000364, 1.023495007546663116 ) ) ;
#2717 = SURFACE_STYLE_FILL_AREA ( #108 ) ;
#2718 =( GEOMETRIC_REPRESENTATION_CONTEXT ( 3 ) GLOBAL_UNCERTAINTY_ASSIGNED_CONTEXT ( ( #5238 ) ) GLOBAL_UNIT_ASSIGNED_CONTEXT ( ( #3802, #261, #1238 ) ) REPRESENTATION_CONTEXT ( 'NONE', 'WORKASPACE' ) );
#2719 = EDGE_CURVE ( 'NONE', #5214, #3218, #1853, .T. ) ;
#2720 = ORIENTED_EDGE ( 'NONE', *, *, #5533, .T. ) ;
#2721 = SURFACE_STYLE_USAGE ( .BOTH. , #1136 ) ;
#2722 = CARTESIAN_POINT ( 'NONE',  ( 0.8043269230769236611, 1.024999999999999689, -0.4615384615384615641 ) ) ;
#2723 = DIRECTION ( 'NONE',  ( -0.000000000000000000, -1.000000000000000000, -0.000000000000000000 ) ) ;
#2724 = CARTESIAN_POINT ( 'NONE',  ( 0.4236032154974251895, 1.024999999999999911, 0.9560362824859588438 ) ) ;
#2725 = MECHANICAL_DESIGN_GEOMETRIC_PRESENTATION_REPRESENTATION (  '', ( #562 ), #4429 ) ;
#2726 = SURFACE_SIDE_STYLE ('',( #4665 ) ) ;
#2727 = VECTOR ( 'NONE', #1129, 1000.000000000000000 ) ;
#2728 = B_SPLINE_SURFACE_WITH_KNOTS ( 'NONE', 3, 1, ( 
 ( #1497, #466 ),
 ( #997, #549 ),
 ( #6083, #1542 ),
 ( #5053, #1064 ),
 ( #9, #4530 ),
 ( #4083, #5094 ),
 ( #3057, #2008 ),
 ( #3602, #2543 ),
 ( #5610, #486 ),
 ( #5543, #6007 ),
 ( #5080, #6063 ),
 ( #1979, #2502 ),
 ( #30, #6034 ),
 ( #6528, #3584 ),
 ( #5117, #2563 ) ),
 .UNSPECIFIED., .F., .F., .F.,
 ( 4, 1, 1, 1, 1, 1, 1, 1, 1, 1, 1, 1, 4 ),
 ( 2, 2 ),
 ( 0.000000000000000000, 0.1003881431397105894, 0.2044067930373087150, 0.3106860830942074214, 0.4221572938827999333, 0.4806854607703736071, 0.5432381544526684314, 0.6094995045645642540, 0.6795546087742242447, 0.7538412220511749862, 0.8316406764893861103, 0.9138127068095904804, 1.000000000000000000 ),
 ( 0.000000000000000000, 1.000000000000000000 ),
 .UNSPECIFIED. ) ;
#2729 = ORIENTED_EDGE ( 'NONE', *, *, #5022, .T. ) ;
#2730 = CARTESIAN_POINT ( 'NONE',  ( 0.2173027435495910042, 1.034999999999999920, 1.001524615184222089 ) ) ;
#2731 = LINE ( 'NONE', #1490, #4242 ) ;
#2732 = CARTESIAN_POINT ( 'NONE',  ( -0.3951346843693947508, 1.034999999999999920, 1.090131206510948969 ) ) ;
#2733 = VECTOR ( 'NONE', #4469, 1000.000000000000000 ) ;
#2734 = VECTOR ( 'NONE', #6322, 1000.000000000000000 ) ;
#2735 = CARTESIAN_POINT ( 'NONE',  ( -0.5609714026911809537, 1.035000000000000142, 0.7504378068874775209 ) ) ;
#2736 = CARTESIAN_POINT ( 'NONE',  ( 0.1591258674102027093, 1.035000000000000142, 0.8091909101105899671 ) ) ;
#2737 =( NAMED_UNIT ( * ) PLANE_ANGLE_UNIT ( ) SI_UNIT ( $, .RADIAN. ) );
#2738 = VERTEX_POINT ( 'NONE', #6273 ) ;
#2739 = CARTESIAN_POINT ( 'NONE',  ( 0.01377140237181433309, 1.035000000000000364, 0.1112525291091422813 ) ) ;
#2740 = CARTESIAN_POINT ( 'NONE',  ( -0.7008814822784084075, 1.024999999999999911, 0.8814623108698969034 ) ) ;
#2741 = CARTESIAN_POINT ( 'NONE',  ( 0.4947857505198550165, 1.025000000000000577, 0.8502074897336966419 ) ) ;
#2742 = CARTESIAN_POINT ( 'NONE',  ( -0.8125654580808538974, 1.034999999999999698, 0.8912785242938491281 ) ) ;
#2743 = DIRECTION ( 'NONE',  ( -1.000000000000000000, -0.000000000000000000, -0.000000000000000000 ) ) ;
#2744 = COLOUR_RGB ( '',1.000000000000000000, 1.000000000000000000, 1.000000000000000000 ) ;
#2745 = CARTESIAN_POINT ( 'NONE',  ( 0.1101049478011315585, 1.034999999999999920, 1.177012512762981800 ) ) ;
#2746 = EDGE_LOOP ( 'NONE', ( #2653, #5273, #2580, #1201 ) ) ;
#2747 = CARTESIAN_POINT ( 'NONE',  ( -0.1573431819201525916, 1.024999999999999467, -0.9199207648865372899 ) ) ;
#2748 = CARTESIAN_POINT ( 'NONE',  ( -0.4826368000288684401, 1.034999999999999920, 1.192704292644374497 ) ) ;
#2749 = UNCERTAINTY_MEASURE_WITH_UNIT (LENGTH_MEASURE( 1.000000000000000082E-05 ), #1410, 'distance_accuracy_value', 'NONE');
#2750 = CARTESIAN_POINT ( 'NONE',  ( -0.05428494132171902964, 1.035000000000000142, 1.320496778789090664 ) ) ;
#2751 = MECHANICAL_DESIGN_GEOMETRIC_PRESENTATION_REPRESENTATION (  '', ( #1629 ), #3450 ) ;
#2752 = B_SPLINE_SURFACE_WITH_KNOTS ( 'NONE', 3, 1, ( 
 ( #2488, #922 ),
 ( #6451, #4473 ),
 ( #386, #3936 ),
 ( #1437, #5021 ),
 ( #896, #1973 ),
 ( #5733, #619 ),
 ( #4710, #5215 ),
 ( #2171, #2701 ),
 ( #1325, #4869 ),
 ( #6345, #304 ),
 ( #5851, #5380 ) ),
 .UNSPECIFIED., .F., .F., .F.,
 ( 4, 1, 1, 1, 1, 1, 1, 1, 4 ),
 ( 2, 2 ),
 ( 0.000000000000000000, 0.1201183289450753061, 0.2482225052471394300, 0.3810992229538414655, 0.5122697488837058000, 0.6434402748135702454, 0.7704589569847414277, 0.8917409525509431001, 1.000000000000000000 ),
 ( 0.000000000000000000, 1.000000000000000000 ),
 .UNSPECIFIED. ) ;
#2753 = CARTESIAN_POINT ( 'NONE',  ( 0.3348163529023472917, 1.035000000000000364, -1.038770230689263885 ) ) ;
#2754 = CARTESIAN_POINT ( 'NONE',  ( -0.0009427225515141211603, 1.034999999999999920, 0.7501485095022863980 ) ) ;
#2755 = FILL_AREA_STYLE_COLOUR ( '', #689 ) ;
#2756 = CARTESIAN_POINT ( 'NONE',  ( 0.4449213746206823750, 1.024999999999999467, 0.8916546614439554430 ) ) ;
#2757 = EDGE_CURVE ( 'NONE', #1764, #5462, #4731, .T. ) ;
#2758 = VERTEX_POINT ( 'NONE', #3262 ) ;
#2759 = SURFACE_STYLE_FILL_AREA ( #5493 ) ;
#2760 = SURFACE_SIDE_STYLE ('',( #1080 ) ) ;
#2761 = ORIENTED_EDGE ( 'NONE', *, *, #3326, .T. ) ;
#2762 = CARTESIAN_POINT ( 'NONE',  ( -0.4677938280495980150, 1.024999999999999911, 1.023402570223235886 ) ) ;
#2763 = CARTESIAN_POINT ( 'NONE',  ( 0.4230769230769230171, 1.024999999999999689, 0.9711538461538463674 ) ) ;
#2764 = CARTESIAN_POINT ( 'NONE',  ( -1.850000000000000089, -1.024999999999999911, -1.850000000000000977 ) ) ;
#2765 = CARTESIAN_POINT ( 'NONE',  ( -0.4928470730519666221, 1.034999999999999698, 1.064245337337988540 ) ) ;
#2766 = ADVANCED_FACE ( 'NONE', ( #4803 ), #5072, .T. ) ;
#2767 = AXIS2_PLACEMENT_3D ( 'NONE', #5222, #3361, #318 ) ;
#2768 = CARTESIAN_POINT ( 'NONE',  ( -0.5413300909498250935, 1.025000000000000133, 1.245493178173427085 ) ) ;
#2769 = CARTESIAN_POINT ( 'NONE',  ( 0.2938315446458319991, 1.034999999999999920, -0.9909036396552924897 ) ) ;
#2770 = ORIENTED_EDGE ( 'NONE', *, *, #2277, .T. ) ;
#2771 =( LENGTH_UNIT ( ) NAMED_UNIT ( * ) SI_UNIT ( .MILLI., .METRE. ) );
#2772 =( NAMED_UNIT ( * ) SI_UNIT ( $, .STERADIAN. ) SOLID_ANGLE_UNIT ( ) );
#2773 = CARTESIAN_POINT ( 'NONE',  ( 0.3861230175919913021, 1.024999999999999911, -0.8265909181066614098 ) ) ;
#2774 = ORIENTED_EDGE ( 'NONE', *, *, #1106, .F. ) ;
#2775 = ADVANCED_FACE ( 'NONE', ( #1552 ), #70, .T. ) ;
#2776 =( GEOMETRIC_REPRESENTATION_CONTEXT ( 3 ) GLOBAL_UNCERTAINTY_ASSIGNED_CONTEXT ( ( #6170 ) ) GLOBAL_UNIT_ASSIGNED_CONTEXT ( ( #1619, #4678, #6187 ) ) REPRESENTATION_CONTEXT ( 'NONE', 'WORKASPACE' ) );
#2777 = STYLED_ITEM ( 'NONE', ( #6044 ), #5779 ) ;
#2778 = ORIENTED_EDGE ( 'NONE', *, *, #5999, .T. ) ;
#2779 =( NAMED_UNIT ( * ) SI_UNIT ( $, .STERADIAN. ) SOLID_ANGLE_UNIT ( ) );
#2780 = CARTESIAN_POINT ( 'NONE',  ( 0.2769830466595592511, 1.024999999999999689, -0.9742509001420098791 ) ) ;
#2781 = CARTESIAN_POINT ( 'NONE',  ( 0.1970288297793945653, 1.034999999999999920, 0.8579668031823564078 ) ) ;
#2782 =( LENGTH_UNIT ( ) NAMED_UNIT ( * ) SI_UNIT ( .MILLI., .METRE. ) );
#2783 = CARTESIAN_POINT ( 'NONE',  ( 0.4947857505198550165, 1.035000000000000586, 0.8502074897336966419 ) ) ;
#2784 = FACE_OUTER_BOUND ( 'NONE', #6423, .T. ) ;
#2785 = FILL_AREA_STYLE ('',( #1204 ) ) ;
#2786 = CARTESIAN_POINT ( 'NONE',  ( 0.6204336093195601531, 1.034999999999999698, 0.8449640240426656845 ) ) ;
#2787 = VERTEX_POINT ( 'NONE', #1970 ) ;
#2788 = CARTESIAN_POINT ( 'NONE',  ( -0.4520274643897460032, 1.034999999999999920, 0.9621975019446505906 ) ) ;
#2789 = SURFACE_STYLE_FILL_AREA ( #3604 ) ;
#2790 = CARTESIAN_POINT ( 'NONE',  ( 0.8487085151183106912, 1.034999999999999920, -0.4154018049632465237 ) ) ;
#2791 = CARTESIAN_POINT ( 'NONE',  ( 0.5834248380300282033, 1.024999999999999245, 1.270071547984030103 ) ) ;
#2792 = PRESENTATION_LAYER_ASSIGNMENT (  '', '', ( #632 ) ) ;
#2793 =( NAMED_UNIT ( * ) PLANE_ANGLE_UNIT ( ) SI_UNIT ( $, .RADIAN. ) );
#2794 = CARTESIAN_POINT ( 'NONE',  ( -0.5005143199644048746, 1.034999999999999698, 1.209179511122381090 ) ) ;
#2795 = EDGE_CURVE ( 'NONE', #5462, #3380, #3615, .T. ) ;
#2796 = CARTESIAN_POINT ( 'NONE',  ( -0.2826914959039315556, 1.034999999999999920, 0.3450574798705117741 ) ) ;
#2797 = ORIENTED_EDGE ( 'NONE', *, *, #4690, .F. ) ;
#2798 = CARTESIAN_POINT ( 'NONE',  ( 0.8500000000000005329, 1.034999999999999920, -0.3948317307692308376 ) ) ;
#2799 = CARTESIAN_POINT ( 'NONE',  ( -0.4969438633981932418, 1.024999999999999911, 0.1457252904592511167 ) ) ;
#2800 = CARTESIAN_POINT ( 'NONE',  ( 0.2175408176881483413, 1.035000000000000142, 0.9148849069587258187 ) ) ;
#2801 = CARTESIAN_POINT ( 'NONE',  ( 0.4376011954984548313, 1.034999999999999920, -1.218838853150802537 ) ) ;
#2802 = CARTESIAN_POINT ( 'NONE',  ( 0.4285123407309867072, 1.035000000000000142, 0.9276918119063907175 ) ) ;
#2803 = EDGE_CURVE ( 'NONE', #3046, #4703, #653, .T. ) ;
#2804 = CARTESIAN_POINT ( 'NONE',  ( -0.09517521297205010222, 1.024999999999999689, 1.234212003388962753 ) ) ;
#2805 = PRESENTATION_STYLE_ASSIGNMENT (( #3931 ) ) ;
#2806 = FACE_OUTER_BOUND ( 'NONE', #4138, .T. ) ;
#2807 = CARTESIAN_POINT ( 'NONE',  ( -0.2267620149864838508, 1.035000000000000142, 1.380799805016254878 ) ) ;
#2808 = CARTESIAN_POINT ( 'NONE',  ( 0.5230769230769236611, 1.034999999999999920, -1.066406250000000000 ) ) ;
#2809 = ORIENTED_EDGE ( 'NONE', *, *, #1829, .F. ) ;
#2810 = CARTESIAN_POINT ( 'NONE',  ( 0.7199380304298355071, 1.034999999999999920, 0.7952156366747696881 ) ) ;
#2811 = CARTESIAN_POINT ( 'NONE',  ( 0.6729821681002947642, 1.035000000000000142, 0.8804506858141276648 ) ) ;
#2812 = CARTESIAN_POINT ( 'NONE',  ( 0.2874816416264610042, 1.024999999999999023, -1.113969992589462388 ) ) ;
#2813 = LINE ( 'NONE', #5783, #5438 ) ;
#2814 = CARTESIAN_POINT ( 'NONE',  ( -0.4519230769230769273, 1.024999999999999911, 0.9579326923076925127 ) ) ;
#2815 = CARTESIAN_POINT ( 'NONE',  ( 0.8500000000000005329, 1.034999999999999920, -0.3948317307692308376 ) ) ;
#2816 = CARTESIAN_POINT ( 'NONE',  ( 0.5226381356013578561, 1.034999999999999920, 1.320496778789089998 ) ) ;
#2817 = EDGE_LOOP ( 'NONE', ( #5745, #3845, #1540, #5444 ) ) ;
#2818 = SURFACE_STYLE_USAGE ( .BOTH. , #5433 ) ;
#2819 = CARTESIAN_POINT ( 'NONE',  ( 0.3861230175919913021, 1.034999999999999920, -0.8265909181066614098 ) ) ;
#2820 = DIRECTION ( 'NONE',  ( 1.000000000000000000, 0.000000000000000000, 0.000000000000000000 ) ) ;
#2821 = VERTEX_POINT ( 'NONE', #2182 ) ;
#2822 = B_SPLINE_SURFACE_WITH_KNOTS ( 'NONE', 3, 1, ( 
 ( #3175, #2139 ),
 ( #447, #1475 ),
 ( #3647, #1958 ),
 ( #624, #5640 ),
 ( #561, #85 ),
 ( #65, #4185 ),
 ( #5505, #5683 ),
 ( #5143, #2098 ),
 ( #1074, #1139 ),
 ( #2647, #959 ),
 ( #5036, #3611 ),
 ( #580, #1453 ),
 ( #5664, #4159 ),
 ( #2118, #4140 ),
 ( #6489, #2456 ),
 ( #2995, #111 ),
 ( #2601, #6138 ) ),
 .UNSPECIFIED., .F., .F., .F.,
 ( 4, 1, 1, 1, 1, 1, 1, 1, 1, 1, 1, 1, 1, 1, 4 ),
 ( 2, 2 ),
 ( 0.000000000000000000, 0.03823400782736947889, 0.07717573414553512146, 0.1170349461603469726, 0.1576552057782703575, 0.2411027273318871178, 0.3263483256620565709, 0.4139312541954155433, 0.5030804128686517940, 0.5926037346473302936, 0.6805751152739308862, 0.7664029669045011595, 0.8492810361086622351, 0.9279093386235662821, 1.000000000000000000 ),
 ( 0.000000000000000000, 1.000000000000000000 ),
 .UNSPECIFIED. ) ;
#2823 = CARTESIAN_POINT ( 'NONE',  ( 0.2307692307692306155, 1.034999999999999920, 1.500000000000000444 ) ) ;
#2824 = CARTESIAN_POINT ( 'NONE',  ( 0.4858491144879618084, 1.035000000000000142, -1.156702550493418302 ) ) ;
#2825 = SURFACE_STYLE_FILL_AREA ( #3671 ) ;
#2826 = CARTESIAN_POINT ( 'NONE',  ( -1.999999999999999556, 1.024999999999999911, -1.850000000000000977 ) ) ;
#2827 = LINE ( 'NONE', #2689, #1096 ) ;
#2828 = B_SPLINE_CURVE_WITH_KNOTS ( 'NONE', 3,
 ( #5823, #2327, #3821, #5776, #5864, #2846, #1289, #817, #254, #2799, #723, #1805, #6360, #6317, #3320, #5304, #4373 ),
 .UNSPECIFIED., .F., .F.,
 ( 4, 1, 1, 1, 1, 1, 1, 1, 1, 1, 1, 1, 1, 1, 4 ),
 ( 0.000000000000000000, 0.1306390843628615628, 0.2544568901696821484, 0.3137772390120038835, 0.3703678411731463616, 0.4260729027491878540, 0.4813380520100981053, 0.5369781608614393464, 0.5924188786203403723, 0.6507905937605916735, 0.7112318957259234908, 0.7752293137976041804, 0.8447256086505677830, 0.9192770964749228391, 1.000000000000000000 ),
 .UNSPECIFIED. ) ;
#2829 = CARTESIAN_POINT ( 'NONE',  ( -0.09517521297205010222, 1.034999999999999698, 1.234212003388962753 ) ) ;
#2830 = CARTESIAN_POINT ( 'NONE',  ( -0.1061710529872759573, 1.024999999999999689, -1.139577370660544764 ) ) ;
#2831 = CARTESIAN_POINT ( 'NONE',  ( -0.4973557692307687961, 1.025000000000000133, -0.8061899038461538547 ) ) ;
#2832 = CARTESIAN_POINT ( 'NONE',  ( 0.3149709885803871900, 1.024999999999999689, -1.107666567701245830 ) ) ;
#2833 = MECHANICAL_DESIGN_GEOMETRIC_PRESENTATION_REPRESENTATION (  '', ( #696 ), #4893 ) ;
#2834 = UNCERTAINTY_MEASURE_WITH_UNIT (LENGTH_MEASURE( 1.000000000000000082E-05 ), #4189, 'distance_accuracy_value', 'NONE');
#2835 = STYLED_ITEM ( 'NONE', ( #1948 ), #2213 ) ;
#2836 = COLOUR_RGB ( '',1.000000000000000000, 1.000000000000000000, 1.000000000000000000 ) ;
#2837 = B_SPLINE_CURVE_WITH_KNOTS ( 'NONE', 3,
 ( #5454, #1469, #411, #5495, #5028, #874, #439 ),
 .UNSPECIFIED., .F., .F.,
 ( 4, 1, 1, 1, 4 ),
 ( 0.000000000000000000, 0.2802804073183726707, 0.5322082839513375685, 0.7701071987037836353, 1.000000000000000000 ),
 .UNSPECIFIED. ) ;
#2838 = CARTESIAN_POINT ( 'NONE',  ( -1.849999999999999645, 1.024999999999999911, 2.000000000000000000 ) ) ;
#2839 = CARTESIAN_POINT ( 'NONE',  ( -0.2471023299265814599, 1.035000000000000142, 0.9368557672397976877 ) ) ;
#2840 = CARTESIAN_POINT ( 'NONE',  ( 0.7813705489506576063, 1.034999999999999698, 1.045491749235682333 ) ) ;
#2841 = ORIENTED_EDGE ( 'NONE', *, *, #2125, .F. ) ;
#2842 = ADVANCED_FACE ( 'NONE', ( #1370 ), #2857, .T. ) ;
#2843 = STYLED_ITEM ( 'NONE', ( #2670 ), #4922 ) ;
#2844 = ADVANCED_FACE ( 'NONE', ( #1700 ), #1224, .T. ) ;
#2845 = SURFACE_STYLE_USAGE ( .BOTH. , #4838 ) ;
#2846 = CARTESIAN_POINT ( 'NONE',  ( -0.5608621531985421571, 1.024999999999999689, 0.07006620613971947797 ) ) ;
#2847 = CARTESIAN_POINT ( 'NONE',  ( 0.02312946384105593958, 1.034999999999999698, 1.130708011491502019 ) ) ;
#2848 = CARTESIAN_POINT ( 'NONE',  ( -0.7849999999999999201, -1.075000000000000400, -1.574999999999998845 ) ) ;
#2849 = CARTESIAN_POINT ( 'NONE',  ( 0.1736534996462657798, 1.034999999999999920, 0.8244472621065876972 ) ) ;
#2850 = EDGE_CURVE ( 'NONE', #4361, #5294, #1939, .T. ) ;
#2851 = ORIENTED_EDGE ( 'NONE', *, *, #4422, .F. ) ;
#2852 = DIRECTION ( 'NONE',  ( -0.000000000000000000, -1.000000000000000000, -0.000000000000000000 ) ) ;
#2853 = CARTESIAN_POINT ( 'NONE',  ( 0.5186337150232300797, 1.034999999999999920, -1.044226880279282454 ) ) ;
#2854 = CARTESIAN_POINT ( 'NONE',  ( -0.3236184157683018592, 1.024999999999999911, -0.9838377706742026385 ) ) ;
#2855 = FILL_AREA_STYLE ('',( #1880 ) ) ;
#2856 = ORIENTED_EDGE ( 'NONE', *, *, #4824, .T. ) ;
#2857 = B_SPLINE_SURFACE_WITH_KNOTS ( 'NONE', 3, 1, ( 
 ( #4243, #5260 ),
 ( #1144, #3689 ),
 ( #6221, #664 ),
 ( #1703, #3201 ),
 ( #6237, #3670 ),
 ( #4725, #4746 ),
 ( #2201, #189 ),
 ( #628, #1208 ),
 ( #1720, #3337 ),
 ( #271, #4278 ),
 ( #4321, #2234 ),
 ( #700, #3295 ),
 ( #1260, #6330 ),
 ( #3790, #3275 ),
 ( #4342, #5791 ),
 ( #5321, #1281 ),
 ( #1242, #229 ) ),
 .UNSPECIFIED., .F., .F., .F.,
 ( 4, 1, 1, 1, 1, 1, 1, 1, 1, 1, 1, 1, 1, 1, 4 ),
 ( 2, 2 ),
 ( 0.000000000000000000, 0.1306390843628615628, 0.2544568901696821484, 0.3137772390120038835, 0.3703678411731463616, 0.4260729027491878540, 0.4813380520100981053, 0.5369781608614393464, 0.5924188786203403723, 0.6507905937605916735, 0.7112318957259234908, 0.7752293137976041804, 0.8447256086505677830, 0.9192770964749228391, 1.000000000000000000 ),
 ( 0.000000000000000000, 1.000000000000000000 ),
 .UNSPECIFIED. ) ;
#2858 =( LENGTH_UNIT ( ) NAMED_UNIT ( * ) SI_UNIT ( .MILLI., .METRE. ) );
#2859 = EDGE_LOOP ( 'NONE', ( #895, #2809, #4367, #5594 ) ) ;
#2860 =( NAMED_UNIT ( * ) PLANE_ANGLE_UNIT ( ) SI_UNIT ( $, .RADIAN. ) );
#2861 =( LENGTH_UNIT ( ) NAMED_UNIT ( * ) SI_UNIT ( .MILLI., .METRE. ) );
#2862 = ORIENTED_EDGE ( 'NONE', *, *, #2684, .F. ) ;
#2863 = CARTESIAN_POINT ( 'NONE',  ( -0.05942551490823435451, 1.034999999999999920, 0.7531031900268579937 ) ) ;
#2864 = CARTESIAN_POINT ( 'NONE',  ( -0.3169546318886115599, 1.035000000000000142, 0.3457911310544520833 ) ) ;
#2865 =( GEOMETRIC_REPRESENTATION_CONTEXT ( 3 ) GLOBAL_UNCERTAINTY_ASSIGNED_CONTEXT ( ( #1949 ) ) GLOBAL_UNIT_ASSIGNED_CONTEXT ( ( #5738, #2248, #5237 ) ) REPRESENTATION_CONTEXT ( 'NONE', 'WORKASPACE' ) );
#2866 = CARTESIAN_POINT ( 'NONE',  ( 0.8446265795782917918, 1.024999999999999467, -0.3609046874003298266 ) ) ;
#2867 = B_SPLINE_SURFACE_WITH_KNOTS ( 'NONE', 3, 1, ( 
 ( #2808, #759 ),
 ( #1833, #5871 ),
 ( #6323, #803 ),
 ( #2853, #4406 ),
 ( #4870, #6367 ),
 ( #1365, #5893 ),
 ( #3329, #4846 ),
 ( #1793, #848 ),
 ( #830, #3396 ),
 ( #346, #306 ),
 ( #5402, #3867 ),
 ( #1855, #2288 ),
 ( #284, #4381 ),
 ( #6346, #3889 ),
 ( #1811, #1765 ) ),
 .UNSPECIFIED., .F., .F., .F.,
 ( 4, 1, 1, 1, 1, 1, 1, 1, 1, 1, 1, 1, 4 ),
 ( 2, 2 ),
 ( 0.000000000000000000, 0.03591997324286190507, 0.08120685519723139234, 0.1360147832088366426, 0.2010375103194009527, 0.3449822992729602023, 0.4991298974956019374, 0.6526645158108661526, 0.7986598545325869214, 0.8637593726083351298, 0.9189759817990864610, 0.9643592922044411653, 1.000000000000000000 ),
 ( 0.000000000000000000, 1.000000000000000000 ),
 .UNSPECIFIED. ) ;
#2868 = CARTESIAN_POINT ( 'NONE',  ( -0.4707154316245898418, 1.035000000000000142, 0.7728591684128818251 ) ) ;
#2869 = CARTESIAN_POINT ( 'NONE',  ( 0.5226381356013578561, 1.024999999999999911, 1.320496778789089998 ) ) ;
#2870 = CARTESIAN_POINT ( 'NONE',  ( 1.999999999999999112, 1.024999999999999911, -1.850000000000000977 ) ) ;
#2871 = CARTESIAN_POINT ( 'NONE',  ( 0.2210184691641560728, 1.024999999999999467, 0.9498072415089913179 ) ) ;
#2872 = VECTOR ( 'NONE', #2743, 1000.000000000000000 ) ;
#2873 = CARTESIAN_POINT ( 'NONE',  ( -0.1290136337559121549, 1.024999999999999911, 1.263398958623645596 ) ) ;
#2874 = ORIENTED_EDGE ( 'NONE', *, *, #4288, .T. ) ;
#2875 = MECHANICAL_DESIGN_GEOMETRIC_PRESENTATION_REPRESENTATION (  '', ( #2225 ), #2921 ) ;
#2876 = STYLED_ITEM ( 'NONE', ( #5210 ), #1316 ) ;
#2877 = CARTESIAN_POINT ( 'NONE',  ( 0.000000000000000000, 1.034999999999999920, 0.000000000000000000 ) ) ;
#2878 = CARTESIAN_POINT ( 'NONE',  ( -0.1235576923076917993, 1.024999999999999911, -1.129507211538461453 ) ) ;
#2879 = ADVANCED_FACE ( 'NONE', ( #5413 ), #618, .T. ) ;
#2880 = CARTESIAN_POINT ( 'NONE',  ( 0.7897367586911808734, 1.024999999999999467, 0.8949845457384369984 ) ) ;
#2881 =( LENGTH_UNIT ( ) NAMED_UNIT ( * ) SI_UNIT ( .MILLI., .METRE. ) );
#2882 = COLOUR_RGB ( '',1.000000000000000000, 1.000000000000000000, 1.000000000000000000 ) ;
#2883 = CARTESIAN_POINT ( 'NONE',  ( -0.2826914959039315556, 1.024999999999999689, 0.3450574798705117741 ) ) ;
#2884 = CARTESIAN_POINT ( 'NONE',  ( 0.5230769230769236611, 1.034999999999999920, -1.066406250000000000 ) ) ;
#2885 = DIRECTION ( 'NONE',  ( 0.000000000000000000, 0.000000000000000000, 1.000000000000000000 ) ) ;
#2886 = CARTESIAN_POINT ( 'NONE',  ( -0.7654663496555110802, 1.024999999999999911, -0.1448041258526025499 ) ) ;
#2887 = PRESENTATION_LAYER_ASSIGNMENT (  '', '', ( #3897 ) ) ;
#2888 = CARTESIAN_POINT ( 'NONE',  ( 0.7616677374667714107, 1.034999999999999920, -0.4187544018592314066 ) ) ;
#2889 = CARTESIAN_POINT ( 'NONE',  ( -0.2062460659291941723, 1.024999999999999689, 0.8340822251097764761 ) ) ;
#2890 = CARTESIAN_POINT ( 'NONE',  ( 0.05883690797237183662, 1.024999999999999911, -1.055260754117563593 ) ) ;
#2891 = EDGE_LOOP ( 'NONE', ( #5775, #6215, #1309, #1292 ) ) ;
#2892 = CARTESIAN_POINT ( 'NONE',  ( 0.7014330080714856752, 1.024999999999999911, 1.162661105553342678 ) ) ;
#2893 = B_SPLINE_SURFACE_WITH_KNOTS ( 'NONE', 3, 1, ( 
 ( #5805, #1875 ),
 ( #5420, #1389 ),
 ( #1831, #1413 ),
 ( #3370, #388 ),
 ( #4353, #2335 ),
 ( #801, #3351 ),
 ( #2358, #325 ),
 ( #4948, #3417 ),
 ( #1854, #3937 ),
 ( #4450, #2426 ),
 ( #4976, #1923 ),
 ( #5469, #5892 ),
 ( #846, #1896 ),
 ( #2902, #4380 ),
 ( #5931, #1324 ),
 ( #5952, #303 ),
 ( #2927, #4928 ),
 ( #6344, #3910 ),
 ( #3846, #6434 ) ),
 .UNSPECIFIED., .F., .F., .F.,
 ( 4, 1, 1, 1, 1, 1, 1, 1, 1, 1, 1, 1, 1, 1, 1, 1, 4 ),
 ( 2, 2 ),
 ( 0.000000000000000000, 0.06176215676807093186, 0.1211739926536291034, 0.1794214068253154049, 0.2368434346502753529, 0.2943217954133982017, 0.3531909627945247765, 0.4127207064163247452, 0.4745221507037175046, 0.5370567441421365551, 0.5995913375805563827, 0.6623669793543065509, 0.7252456446794927070, 0.7903164461250805628, 0.8577243009540927998, 0.9272319523784934292, 1.000000000000000000 ),
 ( 0.000000000000000000, 1.000000000000000000 ),
 .UNSPECIFIED. ) ;
#2894 = FACE_OUTER_BOUND ( 'NONE', #101, .T. ) ;
#2896 = LINE ( 'NONE', #3578, #3231 ) ;
#2895 = CARTESIAN_POINT ( 'NONE',  ( 0.3573487925822035893, 1.024999999999999911, -1.089532582265993810 ) ) ;
#2897 = CARTESIAN_POINT ( 'NONE',  ( -1.999999999999999556, 1.024999999999999911, -1.850000000000000977 ) ) ;
#2898 = CARTESIAN_POINT ( 'NONE',  ( 0.01307091346153835265, 1.024999999999999911, 1.264723557692308153 ) ) ;
#2899 = EDGE_CURVE ( 'NONE', #5023, #3030, #4233, .T. ) ;
#2900 = PRESENTATION_STYLE_ASSIGNMENT (( #4513 ) ) ;
#2901 = PRESENTATION_STYLE_ASSIGNMENT (( #4832 ) ) ;
#2902 = CARTESIAN_POINT ( 'NONE',  ( -0.5334125445265935905, 1.034999999999999698, 0.8449640240426656845 ) ) ;
#2903 = CARTESIAN_POINT ( 'NONE',  ( 0.01307091346153835265, 1.034999999999999920, 1.264723557692308153 ) ) ;
#2904 = CARTESIAN_POINT ( 'NONE',  ( 0.7021998334245739271, 1.024999999999999245, 0.7831533228634257604 ) ) ;
#2905 = CARTESIAN_POINT ( 'NONE',  ( -0.5739758671648274024, 1.034999999999999920, 0.8368940373264448507 ) ) ;
#2906 =( NAMED_UNIT ( * ) PLANE_ANGLE_UNIT ( ) SI_UNIT ( $, .RADIAN. ) );
#2907 = ORIENTED_EDGE ( 'NONE', *, *, #3283, .T. ) ;
#2908 = B_SPLINE_SURFACE_WITH_KNOTS ( 'NONE', 3, 1, ( 
 ( #5964, #6465 ),
 ( #419, #6442 ),
 ( #3996, #4532 ),
 ( #3972, #5989 ),
 ( #374, #884 ),
 ( #933, #4439 ),
 ( #1400, #4958 ),
 ( #400, #4486 ),
 ( #3948, #1908 ),
 ( #910, #2992 ),
 ( #4461, #5010 ),
 ( #1956, #5503 ),
 ( #2452, #6488 ),
 ( #3107, #2593 ),
 ( #6158, #5162 ),
 ( #1091, #2527 ),
 ( #2111, #5612 ),
 ( #2544, #2614 ),
 ( #3586, #6087 ) ),
 .UNSPECIFIED., .F., .F., .F.,
 ( 4, 1, 1, 1, 1, 1, 1, 1, 1, 1, 1, 1, 1, 1, 1, 1, 4 ),
 ( 2, 2 ),
 ( 0.000000000000000000, 0.06176215676807091798, 0.1211739926536290896, 0.1794214068253153771, 0.2368434346502752974, 0.2943217954133981462, 0.3531909627945247210, 0.4127207064163246897, 0.4745221507037176156, 0.5370567441421366661, 0.5995913375805559387, 0.6623669793543064399, 0.7252456446794923739, 0.7903164461250806738, 0.8577243009540929108, 0.9272319523784932072, 1.000000000000000000 ),
 ( 0.000000000000000000, 1.000000000000000000 ),
 .UNSPECIFIED. ) ;
#2909 =( LENGTH_UNIT ( ) NAMED_UNIT ( * ) SI_UNIT ( .MILLI., .METRE. ) );
#2910 = CARTESIAN_POINT ( 'NONE',  ( 0.6000525407641328357, 1.025000000000000133, 1.130708011491502019 ) ) ;
#2911 = CARTESIAN_POINT ( 'NONE',  ( -0.4796274038461533773, 1.034999999999999920, -0.5255408653846154188 ) ) ;
#2912 = STYLED_ITEM ( 'NONE', ( #503 ), #5736 ) ;
#2913 = CARTESIAN_POINT ( 'NONE',  ( -0.2490162095564817657, 1.035000000000000142, 0.9531584188986654826 ) ) ;
#2914 = DIRECTION ( 'NONE',  ( 1.000000000000000000, 0.000000000000000000, 0.000000000000000000 ) ) ;
#2915 = CARTESIAN_POINT ( 'NONE',  ( 0.5976651066058232820, 1.024999999999999467, 1.258173606474872086 ) ) ;
#2916 = FACE_OUTER_BOUND ( 'NONE', #6235, .T. ) ;
#2917 = ADVANCED_FACE ( 'NONE', ( #2980 ), #6492, .T. ) ;
#2918 = ADVANCED_FACE ( 'NONE', ( #418 ), #2696, .T. ) ;
#2919 = CARTESIAN_POINT ( 'NONE',  ( -0.1928609403983695125, 1.024999999999999911, 0.8183052022479981868 ) ) ;
#2920 = DIRECTION ( 'NONE',  ( 0.000000000000000000, 1.000000000000000000, -0.000000000000000000 ) ) ;
#2921 =( GEOMETRIC_REPRESENTATION_CONTEXT ( 3 ) GLOBAL_UNCERTAINTY_ASSIGNED_CONTEXT ( ( #3674 ) ) GLOBAL_UNIT_ASSIGNED_CONTEXT ( ( #4407, #1344, #1299 ) ) REPRESENTATION_CONTEXT ( 'NONE', 'WORKASPACE' ) );
#2922 = CARTESIAN_POINT ( 'NONE',  ( 0.4992838354678801882, 1.024999999999999911, 1.340513759941373451 ) ) ;
#2923 = CARTESIAN_POINT ( 'NONE',  ( -0.4796274038461533773, 1.034999999999999920, -0.5255408653846154188 ) ) ;
#2924 = SURFACE_STYLE_FILL_AREA ( #6219 ) ;
#2925 = LINE ( 'NONE', #4254, #3097 ) ;
#2926 =( GEOMETRIC_REPRESENTATION_CONTEXT ( 3 ) GLOBAL_UNCERTAINTY_ASSIGNED_CONTEXT ( ( #5435 ) ) GLOBAL_UNIT_ASSIGNED_CONTEXT ( ( #2667, #6201, #3193 ) ) REPRESENTATION_CONTEXT ( 'NONE', 'WORKASPACE' ) );
#2927 = CARTESIAN_POINT ( 'NONE',  ( -0.5739758671648274024, 1.034999999999999920, 0.8368940373264448507 ) ) ;
#2928 = ORIENTED_EDGE ( 'NONE', *, *, #3132, .T. ) ;
#2929 = CARTESIAN_POINT ( 'NONE',  ( -0.03980813274335292390, 1.034999999999999920, 1.308609899621553163 ) ) ;
#2930 = COLOUR_RGB ( '',1.000000000000000000, 1.000000000000000000, 1.000000000000000000 ) ;
#2931 =( NAMED_UNIT ( * ) SI_UNIT ( $, .STERADIAN. ) SOLID_ANGLE_UNIT ( ) );
#2932 = CARTESIAN_POINT ( 'NONE',  ( 0.2307692307692306155, 1.024999999999999911, 1.403846153846154410 ) ) ;
#2933 = MECHANICAL_DESIGN_GEOMETRIC_PRESENTATION_REPRESENTATION (  '', ( #2679 ), #5427 ) ;
#2934 = CARTESIAN_POINT ( 'NONE',  ( 0.6204336093195601531, 1.024999999999999689, 0.8449640240426656845 ) ) ;
#2935 = PRESENTATION_LAYER_ASSIGNMENT (  '', '', ( #5257 ) ) ;
#2936 = B_SPLINE_CURVE_WITH_KNOTS ( 'NONE', 3,
 ( #3588, #4023, #535, #5083, #2530, #3045, #6068, #3565, #4602, #1569, #5616, #17, #3110, #63, #514, #3609, #3516, #4112, #1503 ),
 .UNSPECIFIED., .F., .F.,
 ( 4, 1, 1, 1, 1, 1, 1, 1, 1, 1, 1, 1, 1, 1, 1, 1, 4 ),
 ( 0.000000000000000000, 0.07471189030450074708, 0.1455392023749083885, 0.2133390572509726302, 0.2786150735384708699, 0.3420941969414981743, 0.4038900759591955714, 0.4650633525655205602, 0.5265767363834863435, 0.5873283340287678289, 0.6463804557031436193, 0.7043453083753260513, 0.7616719489990787517, 0.8194178590468651491, 0.8780393997816819951, 0.9377955090070549948, 1.000000000000000000 ),
 .UNSPECIFIED. ) ;
#2937 = CARTESIAN_POINT ( 'NONE',  ( 0.7980769230769230171, 1.034999999999999920, 0.9570312500000002220 ) ) ;
#2938 = ORIENTED_EDGE ( 'NONE', *, *, #146, .F. ) ;
#2939 = CARTESIAN_POINT ( 'NONE',  ( 0.6113314052326520587, 1.034999999999999920, -0.1023239656277363518 ) ) ;
#2940 = SURFACE_STYLE_USAGE ( .BOTH. , #5034 ) ;
#2941 = CARTESIAN_POINT ( 'NONE',  ( 0.2211538461538460343, 1.034999999999999920, 0.9570312500000004441 ) ) ;
#2942 = CARTESIAN_POINT ( 'NONE',  ( -0.09784746123551664454, 1.024999999999999911, -0.9666695307625216005 ) ) ;
#2943 = DIRECTION ( 'NONE',  ( 0.000000000000000000, 0.000000000000000000, 1.000000000000000000 ) ) ;
#2944 = DIRECTION ( 'NONE',  ( -0.000000000000000000, -1.000000000000000000, -0.000000000000000000 ) ) ;
#2945 = EDGE_CURVE ( 'NONE', #3166, #1161, #3567, .T. ) ;
#2946 = VERTEX_POINT ( 'NONE', #3947 ) ;
#2947 =( GEOMETRIC_REPRESENTATION_CONTEXT ( 3 ) GLOBAL_UNCERTAINTY_ASSIGNED_CONTEXT ( ( #4766 ) ) GLOBAL_UNIT_ASSIGNED_CONTEXT ( ( #250, #1243, #1735 ) ) REPRESENTATION_CONTEXT ( 'NONE', 'WORKASPACE' ) );
#2948 = ORIENTED_EDGE ( 'NONE', *, *, #1745, .F. ) ;
#2949 = DIRECTION ( 'NONE',  ( 0.000000000000000000, 0.000000000000000000, 1.000000000000000000 ) ) ;
#2950 = CARTESIAN_POINT ( 'NONE',  ( 0.2690032743478595334, 1.025000000000000133, -1.114926609055453488 ) ) ;
#2951 = CARTESIAN_POINT ( 'NONE',  ( 0.5101741086146089899, 1.025000000000000133, 1.331288948873510680 ) ) ;
#2952 = CARTESIAN_POINT ( 'NONE',  ( 0.5119274830655170527, 1.034999999999999698, -1.108691614760225708 ) ) ;
#2953 = MECHANICAL_DESIGN_GEOMETRIC_PRESENTATION_REPRESENTATION (  '', ( #432 ), #1791 ) ;
#2954 = ORIENTED_EDGE ( 'NONE', *, *, #6115, .F. ) ;
#2955 = CARTESIAN_POINT ( 'NONE',  ( 0.5003004807692308376, 1.034999999999999920, 1.219501201923077316 ) ) ;
#2956 = PRESENTATION_LAYER_ASSIGNMENT (  '', '', ( #2247 ) ) ;
#2957 = ORIENTED_EDGE ( 'NONE', *, *, #6024, .F. ) ;
#2958 = CARTESIAN_POINT ( 'NONE',  ( -0.5638521634615384359, 1.024999999999999467, 1.264723557692307931 ) ) ;
#2959 = CARTESIAN_POINT ( 'NONE',  ( 0.2571514423076928235, 1.035000000000000142, -1.269230769230769162 ) ) ;
#2960 = CARTESIAN_POINT ( 'NONE',  ( 0.1660975507892901992, 1.034999999999999920, 1.113162156003708159 ) ) ;
#2961 = CARTESIAN_POINT ( 'NONE',  ( 0.09388689024133473060, 1.025000000000000133, 1.050369067633049713 ) ) ;
#2962 = B_SPLINE_SURFACE_WITH_KNOTS ( 'NONE', 3, 1, ( 
 ( #3183, #5247 ),
 ( #4211, #4732 ),
 ( #2735, #3756 ),
 ( #4791, #1739 ),
 ( #5284, #1148 ),
 ( #6240, #1669 ),
 ( #195, #3740 ),
 ( #2188, #687 ),
 ( #5743, #140 ),
 ( #3690, #4247 ),
 ( #2697, #3260 ),
 ( #4192, #5211 ),
 ( #6224, #1211 ),
 ( #2166, #3226 ),
 ( #176, #5709 ),
 ( #3726, #1197 ),
 ( #2206, #771 ),
 ( #5352, #1319 ),
 ( #3279, #6294 ) ),
 .UNSPECIFIED., .F., .F., .F.,
 ( 4, 1, 1, 1, 1, 1, 1, 1, 1, 1, 1, 1, 1, 1, 1, 1, 4 ),
 ( 2, 2 ),
 ( 0.000000000000000000, 0.07471189030450074708, 0.1455392023749083885, 0.2133390572509726302, 0.2786150735384708699, 0.3420941969414981743, 0.4038900759591955714, 0.4650633525655205602, 0.5265767363834863435, 0.5873283340287678289, 0.6463804557031436193, 0.7043453083753260513, 0.7616719489990787517, 0.8194178590468651491, 0.8780393997816819951, 0.9377955090070549948, 1.000000000000000000 ),
 ( 0.000000000000000000, 1.000000000000000000 ),
 .UNSPECIFIED. ) ;
#2963 = CARTESIAN_POINT ( 'NONE',  ( 0.7016138497249870820, 1.034999999999999920, 0.9454479468394775266 ) ) ;
#2964 = COLOUR_RGB ( '',1.000000000000000000, 1.000000000000000000, 1.000000000000000000 ) ;
#2965 = CARTESIAN_POINT ( 'NONE',  ( 0.7019230769230769829, 1.024999999999999911, 0.9579326923076925127 ) ) ;
#2966 = CARTESIAN_POINT ( 'NONE',  ( 0.4187397839834055557, 1.024999999999999911, 1.291137545940029163 ) ) ;
#2967 = B_SPLINE_CURVE_WITH_KNOTS ( 'NONE', 3,
 ( #5026, #3, #3553, #3508, #6523, #3527, #481 ),
 .UNSPECIFIED., .F., .F.,
 ( 4, 1, 1, 1, 4 ),
 ( 0.000000000000000000, 0.2343467883413798969, 0.4973277816769109960, 0.7593319102577504864, 1.000000000000000000 ),
 .UNSPECIFIED. ) ;
#2968 = CARTESIAN_POINT ( 'NONE',  ( -0.6599501028923885348, 1.024999999999999689, 0.2256499305191311811 ) ) ;
#2969 = CARTESIAN_POINT ( 'NONE',  ( 0.3269230769230766498, 1.024999999999999911, 0.9615384615384617861 ) ) ;
#2970 = CARTESIAN_POINT ( 'NONE',  ( -0.2423351168709556303, 1.034999999999999920, 0.9132441222960763216 ) ) ;
#2971 = DIRECTION ( 'NONE',  ( -0.000000000000000000, -1.000000000000000000, -0.000000000000000000 ) ) ;
#2972 = CARTESIAN_POINT ( 'NONE',  ( 0.4595716186586141228, 1.034999999999999698, 1.378555665817288833 ) ) ;
#2973 = CYLINDRICAL_SURFACE ( 'NONE', #2453, 0.1500000000000006051 ) ;
#2974 = CARTESIAN_POINT ( 'NONE',  ( -0.01818546753848115580, 1.025000000000000133, 0.7501776304870999557 ) ) ;
#2975 = DIRECTION ( 'NONE',  ( 0.000000000000000000, 0.000000000000000000, -1.000000000000000000 ) ) ;
#2976 = CARTESIAN_POINT ( 'NONE',  ( 0.6000525407641328357, 1.035000000000000142, 1.130708011491502019 ) ) ;
#2977 = DIRECTION ( 'NONE',  ( -0.000000000000000000, -1.000000000000000000, -0.000000000000000000 ) ) ;
#2978 = UNCERTAINTY_MEASURE_WITH_UNIT (LENGTH_MEASURE( 1.000000000000000082E-05 ), #4529, 'distance_accuracy_value', 'NONE');
#2979 = EDGE_LOOP ( 'NONE', ( #479, #4448, #2506, #546 ) ) ;
#2980 = FACE_OUTER_BOUND ( 'NONE', #2550, .T. ) ;
#2981 = PRESENTATION_LAYER_ASSIGNMENT (  '', '', ( #2270 ) ) ;
#2982 = CARTESIAN_POINT ( 'NONE',  ( -0.5638521634615384359, 1.034999999999999920, 1.264723557692307931 ) ) ;
#2983 =( NAMED_UNIT ( * ) SI_UNIT ( $, .STERADIAN. ) SOLID_ANGLE_UNIT ( ) );
#2984 = EDGE_LOOP ( 'NONE', ( #3076, #1732, #4986, #3918 ) ) ;
#2985 =( LENGTH_UNIT ( ) NAMED_UNIT ( * ) SI_UNIT ( .MILLI., .METRE. ) );
#2986 = VECTOR ( 'NONE', #1827, 1000.000000000000000 ) ;
#2987 = CARTESIAN_POINT ( 'NONE',  ( 0.6436831158791836982, 1.034999999999999698, 0.8562443421471485072 ) ) ;
#2988 = FILL_AREA_STYLE_COLOUR ( '', #3631 ) ;
#2989 = ORIENTED_EDGE ( 'NONE', *, *, #4084, .F. ) ;
#2990 = MECHANICAL_DESIGN_GEOMETRIC_PRESENTATION_REPRESENTATION (  '', ( #2205 ), #3581 ) ;
#2991 = FILL_AREA_STYLE_COLOUR ( '', #3213 ) ;
#2992 = CARTESIAN_POINT ( 'NONE',  ( 0.08721449540433420800, 1.024999999999999467, 0.8715447404585627833 ) ) ;
#2993 = LINE ( 'NONE', #3027, #815 ) ;
#2994 = CARTESIAN_POINT ( 'NONE',  ( 0.5419591253121749386, 1.024999999999999911, 0.7505253949516117462 ) ) ;
#2995 = CARTESIAN_POINT ( 'NONE',  ( 0.5924385426592720938, 1.035000000000000142, -0.2685671670392585364 ) ) ;
#2996 = CARTESIAN_POINT ( 'NONE',  ( 0.7138839189947766561, 1.024999999999999245, 1.149153048603419824 ) ) ;
#2997 = CARTESIAN_POINT ( 'NONE',  ( 0.5434891144720701561, 1.024999999999999911, -0.04732094589271203244 ) ) ;
#2998 = VECTOR ( 'NONE', #2523, 1000.000000000000000 ) ;
#2999 = EDGE_CURVE ( 'NONE', #92, #3378, #4714, .T. ) ;
#3000 = ADVANCED_FACE ( 'NONE', ( #3284 ), #2028, .F. ) ;
#3001 = CARTESIAN_POINT ( 'NONE',  ( 0.6533318338817487581, 1.024999999999999689, 1.209179511122381312 ) ) ;
#3002 = ORIENTED_EDGE ( 'NONE', *, *, #2416, .T. ) ;
#3003 = DIRECTION ( 'NONE',  ( -0.000000000000000000, -1.000000000000000000, -0.000000000000000000 ) ) ;
#3004 = DIRECTION ( 'NONE',  ( -1.000000000000000000, 0.000000000000000000, -0.000000000000000000 ) ) ;
#3005 = CARTESIAN_POINT ( 'NONE',  ( -0.5604149365682948858, 1.024999999999999911, -0.3101462130629180081 ) ) ;
#3006 = COLOUR_RGB ( '',1.000000000000000000, 1.000000000000000000, 1.000000000000000000 ) ;
#3007 = CARTESIAN_POINT ( 'NONE',  ( 0.4858491144879618084, 1.024999999999999911, -1.156702550493418302 ) ) ;
#3008 = EDGE_CURVE ( 'NONE', #4214, #3801, #2305, .T. ) ;
#3009 = ORIENTED_EDGE ( 'NONE', *, *, #5022, .F. ) ;
#3010 = LINE ( 'NONE', #2219, #4415 ) ;
#3011 = CARTESIAN_POINT ( 'NONE',  ( -0.7130408653846154188, 1.024999999999999467, 1.403846153846154188 ) ) ;
#3012 = CARTESIAN_POINT ( 'NONE',  ( 0.5101741086146089899, 1.035000000000000142, 1.331288948873510680 ) ) ;
#3013 = CARTESIAN_POINT ( 'NONE',  ( 0.2044474720275805402, 1.034999999999999476, 1.045491749235682555 ) ) ;
#3014 = CARTESIAN_POINT ( 'NONE',  ( 0.5003004807692308376, 1.024999999999999911, 1.219501201923077316 ) ) ;
#3015 = CARTESIAN_POINT ( 'NONE',  ( 0.02074202968274620196, 1.024999999999999911, 1.258173606474872752 ) ) ;
#3016 = LINE ( 'NONE', #1548, #4508 ) ;
#3017 = PRESENTATION_STYLE_ASSIGNMENT (( #4611 ) ) ;
#3018 = SURFACE_SIDE_STYLE ('',( #596 ) ) ;
#3019 = DIRECTION ( 'NONE',  ( 1.000000000000000000, 0.000000000000000000, -7.228014483236697048E-17 ) ) ;
#3020 = CARTESIAN_POINT ( 'NONE',  ( -0.7398370312623998579, 1.024999999999999911, 0.08450636470554295787 ) ) ;
#3021 = UNCERTAINTY_MEASURE_WITH_UNIT (LENGTH_MEASURE( 1.000000000000000082E-05 ), #4005, 'distance_accuracy_value', 'NONE');
#3022 = DIRECTION ( 'NONE',  ( 0.000000000000000000, 0.000000000000000000, 1.000000000000000000 ) ) ;
#3023 = CARTESIAN_POINT ( 'NONE',  ( 0.2153846153846159794, 1.025000000000000133, -0.8756009615384615641 ) ) ;
#3024 = CARTESIAN_POINT ( 'NONE',  ( 0.3350132766199698242, 1.034999999999999920, -1.264866384183079395 ) ) ;
#3025 = PRESENTATION_STYLE_ASSIGNMENT (( #4523 ) ) ;
#3026 = CARTESIAN_POINT ( 'NONE',  ( -0.1048791617787825647, 1.024999999999999689, 0.8636569804084183177 ) ) ;
#3027 = CARTESIAN_POINT ( 'NONE',  ( -0.1235576923076918271, 1.035000000000000142, -1.129507211538461675 ) ) ;
#3028 = CARTESIAN_POINT ( 'NONE',  ( 0.2960722398858498527, 1.024999999999999911, -0.7886821409754802836 ) ) ;
#3029 = FILL_AREA_STYLE ('',( #6539 ) ) ;
#3030 = VERTEX_POINT ( 'NONE', #4531 ) ;
#3031 = CARTESIAN_POINT ( 'NONE',  ( 0.4115203108548788347, 1.024999999999999911, -1.238454280651613892 ) ) ;
#3032 = CARTESIAN_POINT ( 'NONE',  ( 0.3606811036798523440, 1.024999999999999467, -1.077826688113032949 ) ) ;
#3033 = CARTESIAN_POINT ( 'NONE',  ( -1.604999999999999982, -1.075000000000000400, -1.574999999999999734 ) ) ;
#3034 = CARTESIAN_POINT ( 'NONE',  ( -0.02214879560318189916, 1.024999999999999911, 1.172529277259951153 ) ) ;
#3035 = ORIENTED_EDGE ( 'NONE', *, *, #1921, .T. ) ;
#3036 = PRESENTATION_LAYER_ASSIGNMENT (  '', '', ( #541 ) ) ;
#3037 =( NAMED_UNIT ( * ) PLANE_ANGLE_UNIT ( ) SI_UNIT ( $, .RADIAN. ) );
#3038 = PRODUCT ( 'XFL4020-222MEB', 'XFL4020-222MEB', '', ( #3478 ) ) ;
#3039 =( NAMED_UNIT ( * ) PLANE_ANGLE_UNIT ( ) SI_UNIT ( $, .RADIAN. ) );
#3040 = CARTESIAN_POINT ( 'NONE',  ( 0.4817478639510269223, 1.024999999999999689, 1.234212003388962753 ) ) ;
#3041 = CARTESIAN_POINT ( 'NONE',  ( -0.7642343878807488222, 1.035000000000000142, -0.04998063394649490676 ) ) ;
#3042 = CARTESIAN_POINT ( 'NONE',  ( 0.3944003306930352060, 1.034999999999999698, 1.317561331180454154 ) ) ;
#3043 = VERTEX_POINT ( 'NONE', #12 ) ;
#3044 = CARTESIAN_POINT ( 'NONE',  ( -0.4612547843906681377, 1.024999999999999911, 0.9106923435533432754 ) ) ;
#3045 = CARTESIAN_POINT ( 'NONE',  ( -0.4912033807344199365, 1.024999999999999911, 0.7644335898809586638 ) ) ;
#3046 = VERTEX_POINT ( 'NONE', #5033 ) ;
#3047 = EDGE_CURVE ( 'NONE', #3030, #4861, #5508, .T. ) ;
#3048 = CARTESIAN_POINT ( 'NONE',  ( -0.1515877384849358411, 1.034999999999999920, 0.9414258259068329915 ) ) ;
#3049 = CARTESIAN_POINT ( 'NONE',  ( 0.7850000000000001421, -1.075000000000000178, 1.574999999999999956 ) ) ;
#3050 = CARTESIAN_POINT ( 'NONE',  ( 0.2156684110218179407, 1.024999999999999911, -0.8695632752520079389 ) ) ;
#3051 = EDGE_LOOP ( 'NONE', ( #4460, #2948, #1830, #6005 ) ) ;
#3052 = CARTESIAN_POINT ( 'NONE',  ( 0.5673076923076922906, 1.034999999999999920, 0.7500000000000002220 ) ) ;
#3053 = CARTESIAN_POINT ( 'NONE',  ( -0.5865384615384614531, 1.034999999999999920, 0.7500000000000002220 ) ) ;
#3054 = PRESENTATION_STYLE_ASSIGNMENT (( #5807 ) ) ;
#3055 = CARTESIAN_POINT ( 'NONE',  ( -0.8192581937940324188, 1.034999999999999920, 0.9132441222960757665 ) ) ;
#3056 = ORIENTED_EDGE ( 'NONE', *, *, #110, .F. ) ;
#3057 = CARTESIAN_POINT ( 'NONE',  ( -0.1825227462300418046, 1.034999999999999920, 1.317561331180454154 ) ) ;
#3058 = CARTESIAN_POINT ( 'NONE',  ( 1.605000000000000204, -1.074999999999999956, 1.625000000000000000 ) ) ;
#3059 = DIRECTION ( 'NONE',  ( 0.000000000000000000, 0.000000000000000000, 1.000000000000000000 ) ) ;
#3060 = CARTESIAN_POINT ( 'NONE',  ( 0.6203593329913960064, 1.024999999999999911, -0.2915349385491523559 ) ) ;
#3061 = CARTESIAN_POINT ( 'NONE',  ( 0.7018186768974628009, 1.024999999999999911, 0.9537176434545547865 ) ) ;
#3062 = UNCERTAINTY_MEASURE_WITH_UNIT (LENGTH_MEASURE( 1.000000000000000082E-05 ), #2024, 'distance_accuracy_value', 'NONE');
#3063 = CARTESIAN_POINT ( 'NONE',  ( -0.1536681768224490985, 1.034999999999999920, 0.9660415190853475220 ) ) ;
#3064 = CARTESIAN_POINT ( 'NONE',  ( 0.6352748099598589659, 1.034999999999999920, 1.094640769511485479 ) ) ;
#3065 = CARTESIAN_POINT ( 'NONE',  ( 0.2960722398858498527, 1.034999999999999920, -0.7886821409754802836 ) ) ;
#3066 = CARTESIAN_POINT ( 'NONE',  ( 0.3222324144415747993, 1.024999999999999911, 1.449348915395678894 ) ) ;
#3067 = ORIENTED_EDGE ( 'NONE', *, *, #4888, .T. ) ;
#3068 = LINE ( 'NONE', #4983, #1710 ) ;
#3069 = STYLED_ITEM ( 'NONE', ( #880 ), #3313 ) ;
#3070 =( GEOMETRIC_REPRESENTATION_CONTEXT ( 3 ) GLOBAL_UNCERTAINTY_ASSIGNED_CONTEXT ( ( #4427 ) ) GLOBAL_UNIT_ASSIGNED_CONTEXT ( ( #2985, #368, #2931 ) ) REPRESENTATION_CONTEXT ( 'NONE', 'WORKASPACE' ) );
#3071 = CARTESIAN_POINT ( 'NONE',  ( -0.5736950307298518403, 1.034999999999999920, -0.2539866503397323894 ) ) ;
#3072 = DIRECTION ( 'NONE',  ( 1.000000000000000000, -0.000000000000000000, -0.000000000000000000 ) ) ;
#3073 = CARTESIAN_POINT ( 'NONE',  ( -0.8344791181631114885, 1.034999999999999920, 1.466193585245457731 ) ) ;
#3074 = CARTESIAN_POINT ( 'NONE',  ( -0.4399622348513769210, 1.034999999999999698, 1.149153048603420046 ) ) ;
#3075 = ORIENTED_EDGE ( 'NONE', *, *, #2803, .F. ) ;
#3076 = ORIENTED_EDGE ( 'NONE', *, *, #1874, .F. ) ;
#3077 = B_SPLINE_SURFACE_WITH_KNOTS ( 'NONE', 3, 1, ( 
 ( #2079, #609 ),
 ( #1125, #5705 ),
 ( #5684, #1098 ),
 ( #2673, #4676 ),
 ( #5618, #1642 ),
 ( #2649, #6186 ),
 ( #133, #1285 ),
 ( #4899, #6381 ),
 ( #5724, #5324 ),
 ( #5862, #3879 ),
 ( #1356, #2349 ),
 ( #4345, #1842 ),
 ( #2796, #4744 ),
 ( #2864, #3338 ),
 ( #335, #1803 ) ),
 .UNSPECIFIED., .F., .F., .F.,
 ( 4, 1, 1, 1, 1, 1, 1, 1, 1, 1, 1, 1, 4 ),
 ( 2, 2 ),
 ( 0.000000000000000000, 0.1318370034776482902, 0.2654279718549516498, 0.3981764695722172509, 0.5276235755538550842, 0.5908330824838330386, 0.6531078999939821106, 0.7143051940854342474, 0.7745186265763558398, 0.8332069383880363889, 0.8902383150910625487, 0.9457341290753531471, 1.000000000000000000 ),
 ( 0.000000000000000000, 1.000000000000000000 ),
 .UNSPECIFIED. ) ;
#3078 = B_SPLINE_CURVE_WITH_KNOTS ( 'NONE', 3,
 ( #4284, #4903, #2301, #1784, #6271, #5375, #4839, #276, #1847, #2780, #2260 ),
 .UNSPECIFIED., .F., .F.,
 ( 4, 1, 1, 1, 1, 1, 1, 1, 4 ),
 ( 0.000000000000000000, 0.05996688937102766931, 0.1375423895636743443, 0.2335473283895458108, 0.3496849205474031330, 0.4844921385367325639, 0.6373968565921700469, 0.8096962512820716773, 1.000000000000000000 ),
 .UNSPECIFIED. ) ;
#3079 = SURFACE_STYLE_USAGE ( .BOTH. , #2499 ) ;
#3080 = STYLED_ITEM ( 'NONE', ( #2661 ), #5190 ) ;
#3081 = CARTESIAN_POINT ( 'NONE',  ( 0.5599910720627593319, 1.034999999999999920, 0.8366581879303758296 ) ) ;
#3082 = CARTESIAN_POINT ( 'NONE',  ( -0.7882453496970034390, 1.025000000000000133, 1.355140911848129237 ) ) ;
#3083 = CARTESIAN_POINT ( 'NONE',  ( 0.6188823064622549497, 1.024999999999999911, 1.111914594161550918 ) ) ;
#3084 = ORIENTED_EDGE ( 'NONE', *, *, #560, .T. ) ;
#3085 = CARTESIAN_POINT ( 'NONE',  ( 0.3256516634535224775, 1.034999999999999698, 1.438671195898516331 ) ) ;
#3086 = DIRECTION ( 'NONE',  ( -0.000000000000000000, -1.000000000000000000, -0.000000000000000000 ) ) ;
#3087 = B_SPLINE_CURVE_WITH_KNOTS ( 'NONE', 3,
 ( #6198, #600, #678, #5699, #1157, #4668, #4178, #2155, #4234, #1202, #1713, #1635, #5250, #2211, #5182 ),
 .UNSPECIFIED., .F., .F.,
 ( 4, 1, 1, 1, 1, 1, 1, 1, 1, 1, 1, 1, 4 ),
 ( 0.000000000000000000, 0.1003881431397105201, 0.2044067930373087427, 0.3106860830942073659, 0.4221572938827999333, 0.4806854607703737181, 0.5432381544526685424, 0.6094995045645642540, 0.6795546087742241337, 0.7538412220511750972, 0.8316406764893862213, 0.9138127068095905914, 1.000000000000000000 ),
 .UNSPECIFIED. ) ;
#3088 = AXIS2_PLACEMENT_3D ( 'NONE', #1483, #4029, #496 ) ;
#3089 = CARTESIAN_POINT ( 'NONE',  ( -0.09384299234681901802, 1.024999999999999689, 0.8565253071957876774 ) ) ;
#3090 = FILL_AREA_STYLE_COLOUR ( '', #2836 ) ;
#3091 = FILL_AREA_STYLE ('',( #5106 ) ) ;
#3092 = LINE ( 'NONE', #4409, #2262 ) ;
#3093 = PRESENTATION_STYLE_ASSIGNMENT (( #5578 ) ) ;
#3094 = CARTESIAN_POINT ( 'NONE',  ( -0.5909971491421553980, 1.024999999999999467, -0.1441871441899060247 ) ) ;
#3095 = SURFACE_STYLE_USAGE ( .BOTH. , #6101 ) ;
#3096 = CARTESIAN_POINT ( 'NONE',  ( -0.4356378398387115713, 1.024999999999999689, 0.3392601711691884403 ) ) ;
#3097 = VECTOR ( 'NONE', #1747, 1000.000000000000000 ) ;
#3098 = CARTESIAN_POINT ( 'NONE',  ( -0.7130408653846154188, 1.034999999999999920, 1.403846153846154188 ) ) ;
#3099 = FILL_AREA_STYLE_COLOUR ( '', #676 ) ;
#3100 = ADVANCED_FACE ( 'NONE', ( #6256 ), #3995, .F. ) ;
#3101 = B_SPLINE_SURFACE_WITH_KNOTS ( 'NONE', 3, 1, ( 
 ( #4222, #3817 ),
 ( #6333, #296 ),
 ( #3838, #791 ),
 ( #1314, #1823 ),
 ( #5370, #2323 ),
 ( #2840, #6355 ),
 ( #3475, #422 ),
 ( #6490, #3926 ),
 ( #3901, #2389 ),
 ( #4420, #2373 ),
 ( #2457, #2996 ),
 ( #3496, #5922 ),
 ( #5437, #5902 ),
 ( #5990, #4515 ),
 ( #936, #3454 ),
 ( #448, #1868 ),
 ( #3999, #1476 ),
 ( #3432, #2915 ),
 ( #4941, #4963 ) ),
 .UNSPECIFIED., .F., .F., .F.,
 ( 4, 1, 1, 1, 1, 1, 1, 1, 1, 1, 1, 1, 1, 1, 1, 1, 4 ),
 ( 2, 2 ),
 ( 0.000000000000000000, 0.05794487546232589964, 0.1160176254256826689, 0.1748257843638406361, 0.2346830900793710206, 0.2968270303289142209, 0.3640613359637882573, 0.4361924240497391803, 0.5142601195414409077, 0.5569758971654886759, 0.6048559283836538736, 0.6576752010734879805, 0.7157505846619327539, 0.7788397991664557374, 0.8475011894738632146, 0.9212282309463235563, 1.000000000000000000 ),
 ( 0.000000000000000000, 1.000000000000000000 ),
 .UNSPECIFIED. ) ;
#3102 = CARTESIAN_POINT ( 'NONE',  ( 0.2117753373692803087, 1.025000000000000133, 1.023495007546662894 ) ) ;
#3103 = CARTESIAN_POINT ( 'NONE',  ( -0.3763053364479025942, 1.024999999999999911, -0.6965070309103450485 ) ) ;
#3104 = ORIENTED_EDGE ( 'NONE', *, *, #6301, .T. ) ;
#3105 = PRESENTATION_STYLE_ASSIGNMENT (( #4934 ) ) ;
#3106 = FILL_AREA_STYLE ('',( #1042 ) ) ;
#3107 = CARTESIAN_POINT ( 'NONE',  ( 0.04351053239648314253, 1.034999999999999698, 0.8449640240426657956 ) ) ;
#3108 = FILL_AREA_STYLE ('',( #2478 ) ) ;
#3109 = CARTESIAN_POINT ( 'NONE',  ( -0.5638521634615384359, 1.034999999999999920, 1.264723557692307931 ) ) ;
#3110 = CARTESIAN_POINT ( 'NONE',  ( -0.3798942471436822510, 1.024999999999999689, 0.8579668031823561858 ) ) ;
#3111 =( NAMED_UNIT ( * ) PLANE_ANGLE_UNIT ( ) SI_UNIT ( $, .RADIAN. ) );
#3112 = B_SPLINE_CURVE_WITH_KNOTS ( 'NONE', 3,
 ( #1514, #3554, #1035, #3096, #5673, #4632, #6174, #2634, #1604, #5152, #97, #3137, #2128, #3654, #591, #2106, #4148, #6150, #1108 ),
 .UNSPECIFIED., .F., .F.,
 ( 4, 1, 1, 1, 1, 1, 1, 1, 1, 1, 1, 1, 1, 1, 1, 1, 4 ),
 ( 0.000000000000000000, 0.07541074235512768009, 0.1456952511249711146, 0.2123277195071691104, 0.2754673904410226415, 0.3356803348357260131, 0.3938728512593092645, 0.4504082724225710321, 0.5064122581723792260, 0.5623952053057698075, 0.6190778960641074580, 0.6765748594119131987, 0.7366657794253098634, 0.7988335232934143937, 0.8633755859743769134, 0.9301357679502563203, 1.000000000000000000 ),
 .UNSPECIFIED. ) ;
#3113 = VERTEX_POINT ( 'NONE', #1544 ) ;
#3114 = CARTESIAN_POINT ( 'NONE',  ( -0.6849205315284643270, 1.035000000000000142, 0.1946866269890298318 ) ) ;
#3115 = CARTESIAN_POINT ( 'NONE',  ( -0.3651477395537966464, 1.025000000000000355, 1.023495007546663116 ) ) ;
#3116 = CARTESIAN_POINT ( 'NONE',  ( 0.3298207469964955507, 1.024999999999999911, 0.9368557672397974656 ) ) ;
#3117 = CARTESIAN_POINT ( 'NONE',  ( 0.3222324144415747993, 1.034999999999999920, 1.449348915395678894 ) ) ;
#3118 = ORIENTED_EDGE ( 'NONE', *, *, #5717, .F. ) ;
#3119 = CARTESIAN_POINT ( 'NONE',  ( -0.5604149365682948858, 1.024999999999999467, -0.3101462130629180081 ) ) ;
#3120 = CARTESIAN_POINT ( 'NONE',  ( -0.1173514582644627630, 1.024999999999999911, 1.378555665817289499 ) ) ;
#3121 = SURFACE_SIDE_STYLE ('',( #1004 ) ) ;
#3122 = AXIS2_PLACEMENT_3D ( 'NONE', #1989, #1962, #5550 ) ;
#3123 = ORIENTED_EDGE ( 'NONE', *, *, #2999, .F. ) ;
#3124 = CARTESIAN_POINT ( 'NONE',  ( 0.8498006595324935075, 1.034999999999999920, -0.3893940706736460089 ) ) ;
#3125 = EDGE_CURVE ( 'NONE', #3378, #5400, #2233, .T. ) ;
#3126 = CARTESIAN_POINT ( 'NONE',  ( 1.849999999999999645, 1.024999999999999911, -1.850000000000000977 ) ) ;
#3127 = CARTESIAN_POINT ( 'NONE',  ( -0.6598274294242799654, 1.025000000000000133, 1.224482152663803003 ) ) ;
#3128 = CARTESIAN_POINT ( 'NONE',  ( 0.6493710974169384365, 1.024999999999999467, 1.078940445635439893 ) ) ;
#3129 = CARTESIAN_POINT ( 'NONE',  ( -0.7242078780703772312, 1.024999999999999245, -0.3795226689951302634 ) ) ;
#3130 = CARTESIAN_POINT ( 'NONE',  ( 0.6076106976436539409, 1.025000000000000133, 0.8412721904612346924 ) ) ;
#3131 = FILL_AREA_STYLE ('',( #2597 ) ) ;
#3132 = EDGE_CURVE ( 'NONE', #4700, #3304, #4796, .T. ) ;
#3133 = DIRECTION ( 'NONE',  ( 0.000000000000000000, 0.000000000000000000, 1.000000000000000000 ) ) ;
#3134 = CARTESIAN_POINT ( 'NONE',  ( 0.1140217717651568069, 1.024999999999999689, -1.079663485806535261 ) ) ;
#3135 = FACE_OUTER_BOUND ( 'NONE', #3348, .T. ) ;
#3136 =( LENGTH_UNIT ( ) NAMED_UNIT ( * ) SI_UNIT ( .MILLI., .METRE. ) );
#3137 = CARTESIAN_POINT ( 'NONE',  ( -0.7066733836020947512, 1.024999999999999911, 0.1609778065568407968 ) ) ;
#3138 = VERTEX_POINT ( 'NONE', #3471 ) ;
#3139 = CARTESIAN_POINT ( 'NONE',  ( 0.02312946384105593958, 1.024999999999999689, 1.130708011491502019 ) ) ;
#3140 = DIRECTION ( 'NONE',  ( -0.000000000000000000, -1.000000000000000000, -0.000000000000000000 ) ) ;
#3141 =( GEOMETRIC_REPRESENTATION_CONTEXT ( 3 ) GLOBAL_UNCERTAINTY_ASSIGNED_CONTEXT ( ( #5397 ) ) GLOBAL_UNIT_ASSIGNED_CONTEXT ( ( #1772, #914, #6309 ) ) REPRESENTATION_CONTEXT ( 'NONE', 'WORKASPACE' ) );
#3142 = COLOUR_RGB ( '',1.000000000000000000, 1.000000000000000000, 1.000000000000000000 ) ;
#3143 = UNCERTAINTY_MEASURE_WITH_UNIT (LENGTH_MEASURE( 1.000000000000000082E-05 ), #3803, 'distance_accuracy_value', 'NONE');
#3144 = CARTESIAN_POINT ( 'NONE',  ( -0.4495910546867318280, 1.024999999999999911, -0.5853106937111854924 ) ) ;
#3145 = CARTESIAN_POINT ( 'NONE',  ( -0.6167312096664295806, 1.034999999999999920, 1.308609899621553385 ) ) ;
#3146 = ORIENTED_EDGE ( 'NONE', *, *, #6196, .F. ) ;
#3147 = SURFACE_STYLE_USAGE ( .BOTH. , #2110 ) ;
#3148 =( NAMED_UNIT ( * ) SI_UNIT ( $, .STERADIAN. ) SOLID_ANGLE_UNIT ( ) );
#3149 = CARTESIAN_POINT ( 'NONE',  ( -0.4848726345497612611, 1.024999999999999911, -0.8210339849193231121 ) ) ;
#3150 = CARTESIAN_POINT ( 'NONE',  ( 0.6729821681002947642, 1.025000000000000133, 0.8804506858141276648 ) ) ;
#3151 = CARTESIAN_POINT ( 'NONE',  ( -0.7386460975405226836, 1.024999999999999911, 0.7911853970708486727 ) ) ;
#3152 = FACE_OUTER_BOUND ( 'NONE', #2140, .T. ) ;
#3153 = PRESENTATION_LAYER_ASSIGNMENT (  '', '', ( #5903 ) ) ;
#3154 = VERTEX_POINT ( 'NONE', #443 ) ;
#3155 =( LENGTH_UNIT ( ) NAMED_UNIT ( * ) SI_UNIT ( .MILLI., .METRE. ) );
#3156 = CARTESIAN_POINT ( 'NONE',  ( -0.3724756048954960264, 1.024999999999999467, 1.045491749235682333 ) ) ;
#3157 = CARTESIAN_POINT ( 'NONE',  ( 0.4725834916162958144, 1.024999999999999911, 0.7631169127271655306 ) ) ;
#3158 = CARTESIAN_POINT ( 'NONE',  ( -0.5923076923076919797, 1.035000000000000142, -0.09104567307692308653 ) ) ;
#3159 = VERTEX_POINT ( 'NONE', #4667 ) ;
#3160 = AXIS2_PLACEMENT_3D ( 'NONE', #4485, #2526, #3019 ) ;
#3161 = EDGE_CURVE ( 'NONE', #650, #5214, #3445, .T. ) ;
#3162 = FILL_AREA_STYLE ('',( #2126 ) ) ;
#3163 = CARTESIAN_POINT ( 'NONE',  ( 0.08407600387111015261, 1.035000000000000142, 1.064245337337989206 ) ) ;
#3164 = CARTESIAN_POINT ( 'NONE',  ( 0.2661046692710027917, 1.034999999999999920, -0.9635485289351736204 ) ) ;
#3165 = ADVANCED_FACE ( 'NONE', ( #575 ), #712, .T. ) ;
#3166 = VERTEX_POINT ( 'NONE', #4154 ) ;
#3167 =( NAMED_UNIT ( * ) SI_UNIT ( $, .STERADIAN. ) SOLID_ANGLE_UNIT ( ) );
#3168 = EDGE_CURVE ( 'NONE', #5254, #1790, #5993, .T. ) ;
#3169 = CARTESIAN_POINT ( 'NONE',  ( 0.4531931899134608588, 1.024999999999999911, -1.200958137612798016 ) ) ;
#3170 = CARTESIAN_POINT ( 'NONE',  ( -0.6590604033262992267, 1.025000000000000355, 0.8502074897336965309 ) ) ;
#3171 = ADVANCED_FACE ( 'NONE', ( #1272 ), #4131, .T. ) ;
#3172 = CARTESIAN_POINT ( 'NONE',  ( 1.999999999999999112, -1.024999999999999911, -1.850000000000000977 ) ) ;
#3173 = CARTESIAN_POINT ( 'NONE',  ( 0.2826923076923082423, 1.034999999999999920, -0.9798677884615384359 ) ) ;
#3174 = SURFACE_STYLE_FILL_AREA ( #449 ) ;
#3175 = CARTESIAN_POINT ( 'NONE',  ( -0.3242788461538456679, 1.034999999999999920, 0.1923076923076923184 ) ) ;
#3176 = LINE ( 'NONE', #4739, #220 ) ;
#3177 = AXIS2_PLACEMENT_3D ( 'NONE', #273, #3384, #3857 ) ;
#3178 = CARTESIAN_POINT ( 'NONE',  ( -0.5243458283257840247, 1.034999999999999920, 0.3155960902458150308 ) ) ;
#3179 = CARTESIAN_POINT ( 'NONE',  ( 0.2183820393925960390, 1.035000000000000142, -1.111100032772898594 ) ) ;
#3180 = CARTESIAN_POINT ( 'NONE',  ( 0.3492891188987382600, 1.035000000000000364, 0.8706527266382479979 ) ) ;
#3181 =( NAMED_UNIT ( * ) SI_UNIT ( $, .STERADIAN. ) SOLID_ANGLE_UNIT ( ) );
#3182 = CARTESIAN_POINT ( 'NONE',  ( 0.03770079244571857696, 1.034999999999999698, 0.2615668493694585095 ) ) ;
#3183 = CARTESIAN_POINT ( 'NONE',  ( -0.5865384615384614531, 1.034999999999999920, 0.7500000000000002220 ) ) ;
#3184 = DIRECTION ( 'NONE',  ( -0.000000000000000000, -0.000000000000000000, -1.000000000000000000 ) ) ;
#3185 = CARTESIAN_POINT ( 'NONE',  ( 0.2401513906992601421, 1.034999999999999920, -0.9317271042448359575 ) ) ;
#3186 = PRESENTATION_STYLE_ASSIGNMENT (( #5208 ) ) ;
#3187 = ORIENTED_EDGE ( 'NONE', *, *, #6301, .F. ) ;
#3188 = CARTESIAN_POINT ( 'NONE',  ( 0.5229012429291436392, 1.024999999999999911, -1.063179206688315004 ) ) ;
#3189 = ORIENTED_EDGE ( 'NONE', *, *, #757, .F. ) ;
#3190 = CARTESIAN_POINT ( 'NONE',  ( 0.4702497597294386655, 1.025000000000000133, -1.180198572257634027 ) ) ;
#3191 = CARTESIAN_POINT ( 'NONE',  ( 0.7126393670829229698, 1.025000000000000133, -0.3732416529636379821 ) ) ;
#3192 = EDGE_LOOP ( 'NONE', ( #4540, #3839, #4094, #544, #5242, #3851, #6053, #1946, #1905, #3462, #6455, #2531, #1318 ) ) ;
#3193 =( NAMED_UNIT ( * ) SI_UNIT ( $, .STERADIAN. ) SOLID_ANGLE_UNIT ( ) );
#3194 = DIRECTION ( 'NONE',  ( -0.000000000000000000, -1.000000000000000000, -0.000000000000000000 ) ) ;
#3195 = STYLED_ITEM ( 'NONE', ( #3824 ), #6269 ) ;
#3196 = ADVANCED_FACE ( 'NONE', ( #4292 ), #2822, .T. ) ;
#3197 = CARTESIAN_POINT ( 'NONE',  ( -0.6311577940984554047, 1.035000000000000142, 0.2530576970778043999 ) ) ;
#3198 = CARTESIAN_POINT ( 'NONE',  ( 0.1062076452984871827, 1.024999999999999689, 0.7728591684128819361 ) ) ;
#3199 = ORIENTED_EDGE ( 'NONE', *, *, #540, .T. ) ;
#3200 = STYLED_ITEM ( 'NONE', ( #187 ), #2844 ) ;
#3201 = CARTESIAN_POINT ( 'NONE',  ( -0.5820100102219785132, 1.024999999999999689, 0.01254943713729734199 ) ) ;
#3202 = CARTESIAN_POINT ( 'NONE',  ( -1.850000000000000089, 1.024999999999999911, -2.000000000000000888 ) ) ;
#3203 =( GEOMETRIC_REPRESENTATION_CONTEXT ( 3 ) GLOBAL_UNCERTAINTY_ASSIGNED_CONTEXT ( ( #3257 ) ) GLOBAL_UNIT_ASSIGNED_CONTEXT ( ( #5295, #2860, #2272 ) ) REPRESENTATION_CONTEXT ( 'NONE', 'WORKASPACE' ) );
#3204 = ORIENTED_EDGE ( 'NONE', *, *, #5872, .F. ) ;
#3205 = CARTESIAN_POINT ( 'NONE',  ( 0.1156682925324087202, 1.025000000000000133, 0.9106923435533438305 ) ) ;
#3206 = ORIENTED_EDGE ( 'NONE', *, *, #4776, .T. ) ;
#3207 = CARTESIAN_POINT ( 'NONE',  ( -0.08213732640322227163, 1.035000000000000142, 0.8502074897336967529 ) ) ;
#3208 = CARTESIAN_POINT ( 'NONE',  ( 0.09388689024133473060, 1.025000000000000133, 1.050369067633049713 ) ) ;
#3209 = CARTESIAN_POINT ( 'NONE',  ( 0.2826923076923082423, 1.025000000000000133, -0.9798677884615384359 ) ) ;
#3210 = STYLED_ITEM ( 'NONE', ( #2509 ), #4722 ) ;
#3211 =( GEOMETRIC_REPRESENTATION_CONTEXT ( 3 ) GLOBAL_UNCERTAINTY_ASSIGNED_CONTEXT ( ( #1371 ) ) GLOBAL_UNIT_ASSIGNED_CONTEXT ( ( #2782, #4819, #3778 ) ) REPRESENTATION_CONTEXT ( 'NONE', 'WORKASPACE' ) );
#3212 = FACE_OUTER_BOUND ( 'NONE', #594, .T. ) ;
#3213 = COLOUR_RGB ( '',1.000000000000000000, 1.000000000000000000, 1.000000000000000000 ) ;
#3214 = CARTESIAN_POINT ( 'NONE',  ( 0.3612907688776517690, 1.034999999999999920, -1.259698088810414784 ) ) ;
#3215 = CARTESIAN_POINT ( 'NONE',  ( -0.006755977193804768924, 1.034999999999999920, 0.8366587838276429157 ) ) ;
#3216 = PLANE ( 'NONE',  #2560 ) ;
#3217 = CARTESIAN_POINT ( 'NONE',  ( -0.7155150525547808726, 1.024999999999999689, 0.9028740862858284366 ) ) ;
#3218 = VERTEX_POINT ( 'NONE', #5012 ) ;
#3219 = FACE_OUTER_BOUND ( 'NONE', #1929, .T. ) ;
#3220 =( NAMED_UNIT ( * ) PLANE_ANGLE_UNIT ( ) SI_UNIT ( $, .RADIAN. ) );
#3221 = CARTESIAN_POINT ( 'NONE',  ( 0.3647235576923080758, 1.034999999999999920, -1.085036057692307709 ) ) ;
#3222 = DIRECTION ( 'NONE',  ( 0.000000000000000000, 0.000000000000000000, 1.000000000000000000 ) ) ;
#3223 = CARTESIAN_POINT ( 'NONE',  ( -0.1782412323997484283, 1.034999999999999920, 0.3299898398132219968 ) ) ;
#3224 = DIRECTION ( 'NONE',  ( 1.000000000000000000, 0.000000000000000000, -0.000000000000000000 ) ) ;
#3225 = PRESENTATION_STYLE_ASSIGNMENT (( #2712 ) ) ;
#3226 = CARTESIAN_POINT ( 'NONE',  ( -0.3708315397228558741, 1.025000000000000133, 0.8759254739018296210 ) ) ;
#3227 = CARTESIAN_POINT ( 'NONE',  ( -0.04838994535178251649, 1.025000000000000133, 1.195738238068862369 ) ) ;
#3228 = CARTESIAN_POINT ( 'NONE',  ( 0.2401513906992601421, 1.025000000000000133, -0.9317271042448359575 ) ) ;
#3229 = EDGE_LOOP ( 'NONE', ( #1187, #2648, #2150, #4702 ) ) ;
#3230 = COLOUR_RGB ( '',1.000000000000000000, 1.000000000000000000, 1.000000000000000000 ) ;
#3231 = VECTOR ( 'NONE', #5626, 1000.000000000000000 ) ;
#3232 = CARTESIAN_POINT ( 'NONE',  ( 0.5224391118454452254, 1.024999999999999689, -1.072678611138124127 ) ) ;
#3233 = ORIENTED_EDGE ( 'NONE', *, *, #150, .F. ) ;
#3234 = ADVANCED_FACE ( 'NONE', ( #252 ), #4988, .T. ) ;
#3235 = ORIENTED_EDGE ( 'NONE', *, *, #5969, .F. ) ;
#3236 = CARTESIAN_POINT ( 'NONE',  ( -0.8269230769230769829, 1.024999999999999911, 0.9615384615384617861 ) ) ;
#3237 = VECTOR ( 'NONE', #4575, 1000.000000000000000 ) ;
#3238 = CARTESIAN_POINT ( 'NONE',  ( 0.01307091346153835265, 1.034999999999999920, 1.264723557692308153 ) ) ;
#3239 = EDGE_LOOP ( 'NONE', ( #2221, #19, #5622, #869 ) ) ;
#3240 = CARTESIAN_POINT ( 'NONE',  ( -0.3596203333734858121, 1.024999999999999245, 1.001524615184221645 ) ) ;
#3241 = VECTOR ( 'NONE', #5934, 1000.000000000000000 ) ;
#3242 = PRESENTATION_LAYER_ASSIGNMENT (  '', '', ( #3994 ) ) ;
#3243 = FILL_AREA_STYLE_COLOUR ( '', #1153 ) ;
#3244 = COLOUR_RGB ( '',1.000000000000000000, 1.000000000000000000, 1.000000000000000000 ) ;
#3245 = CARTESIAN_POINT ( 'NONE',  ( -0.2409956791037242974, 1.034999999999999920, -0.8446252017695189407 ) ) ;
#3246 =( NAMED_UNIT ( * ) SI_UNIT ( $, .STERADIAN. ) SOLID_ANGLE_UNIT ( ) );
#3247 = COLOUR_RGB ( '',1.000000000000000000, 1.000000000000000000, 1.000000000000000000 ) ;
#3248 = CARTESIAN_POINT ( 'NONE',  ( 1.605000000000000204, -1.074999999999999956, 1.625000000000000000 ) ) ;
#3249 = CARTESIAN_POINT ( 'NONE',  ( -0.5349638473838986830, 1.024999999999999689, 1.111914594161550918 ) ) ;
#3250 = CARTESIAN_POINT ( 'NONE',  ( -0.3461538461538462008, 1.034999999999999920, 1.403846153846154188 ) ) ;
#3251 =( NAMED_UNIT ( * ) SI_UNIT ( $, .STERADIAN. ) SOLID_ANGLE_UNIT ( ) );
#3252 = CARTESIAN_POINT ( 'NONE',  ( 0.4408052884615384359, 1.024999999999999911, 1.403846153846154188 ) ) ;
#3253 = EDGE_LOOP ( 'NONE', ( #6358, #6021, #3328, #2702 ) ) ;
#3254 = CARTESIAN_POINT ( 'NONE',  ( 0.1944360828147558562, 1.035000000000000142, 1.067602144398379416 ) ) ;
#3255 = CARTESIAN_POINT ( 'NONE',  ( -0.2884295631976929175, 1.034999999999999476, -0.7970381332304498079 ) ) ;
#3256 = CARTESIAN_POINT ( 'NONE',  ( -0.3724756048954960264, 1.034999999999999476, 1.045491749235682333 ) ) ;
#3257 = UNCERTAINTY_MEASURE_WITH_UNIT (LENGTH_MEASURE( 1.000000000000000082E-05 ), #5295, 'distance_accuracy_value', 'NONE');
#3258 = ORIENTED_EDGE ( 'NONE', *, *, #3666, .F. ) ;
#3259 = ORIENTED_EDGE ( 'NONE', *, *, #1456, .F. ) ;
#3260 = CARTESIAN_POINT ( 'NONE',  ( -0.4032695772768110087, 1.024999999999999911, 0.8244472621065873641 ) ) ;
#3261 = CARTESIAN_POINT ( 'NONE',  ( 0.2211538461538460343, 1.034999999999999920, 0.9570312500000004441 ) ) ;
#3262 = CARTESIAN_POINT ( 'NONE',  ( 0.2307692307692306155, 1.024999999999999911, 1.403846153846154410 ) ) ;
#3263 = CARTESIAN_POINT ( 'NONE',  ( 0.5652043269230768718, 1.034999999999999920, 0.8365384615384617861 ) ) ;
#3264 = ORIENTED_EDGE ( 'NONE', *, *, #2138, .T. ) ;
#3265 = STYLED_ITEM ( 'NONE', ( #112 ), #2680 ) ;
#3266 = ORIENTED_EDGE ( 'NONE', *, *, #5840, .F. ) ;
#3267 = CARTESIAN_POINT ( 'NONE',  ( -0.07662259615384627021, 1.034999999999999920, 1.219501201923077538 ) ) ;
#3268 = CARTESIAN_POINT ( 'NONE',  ( 0.4817478639510269223, 1.034999999999999698, 1.234212003388962753 ) ) ;
#3269 = CARTESIAN_POINT ( 'NONE',  ( 0.4720439151442943904, 1.024999999999999689, 0.8636569804084177626 ) ) ;
#3270 = CARTESIAN_POINT ( 'NONE',  ( -0.7017214972734435730, 1.024999999999999911, 0.7708032052688807978 ) ) ;
#3271 = ORIENTED_EDGE ( 'NONE', *, *, #757, .T. ) ;
#3272 = MECHANICAL_DESIGN_GEOMETRIC_PRESENTATION_REPRESENTATION (  '', ( #4580 ), #5647 ) ;
#3273 = CARTESIAN_POINT ( 'NONE',  ( -0.7089247792254714797, 1.034999999999999920, 0.8916546614439557761 ) ) ;
#3274 = CARTESIAN_POINT ( 'NONE',  ( 0.03559298597325188940, 1.035000000000000142, 1.245493178173427529 ) ) ;
#3275 = CARTESIAN_POINT ( 'NONE',  ( -0.3927084994808447416, 1.024999999999999467, 0.1873888445340720077 ) ) ;
#3276 = CARTESIAN_POINT ( 'NONE',  ( -0.5199370261924975978, 1.024999999999999689, 1.226931528156839590 ) ) ;
#3277 = PRESENTATION_LAYER_ASSIGNMENT (  '', '', ( #5876 ) ) ;
#3278 = SURFACE_STYLE_FILL_AREA ( #3289 ) ;
#3279 = CARTESIAN_POINT ( 'NONE',  ( -0.3557692307692307820, 1.034999999999999920, 0.9570312500000002220 ) ) ;
#3280 = DIRECTION ( 'NONE',  ( -0.000000000000000000, 0.000000000000000000, -1.000000000000000000 ) ) ;
#3281 = CARTESIAN_POINT ( 'NONE',  ( 0.4702497597294386655, 1.035000000000000142, -1.180198572257634027 ) ) ;
#3282 = CARTESIAN_POINT ( 'NONE',  ( 0.4383311012913728155, 1.034999999999999920, 0.9028740862858286587 ) ) ;
#3283 = EDGE_CURVE ( 'NONE', #4141, #4700, #6252, .T. ) ;
#3284 = FACE_OUTER_BOUND ( 'NONE', #6487, .T. ) ;
#3285 = EDGE_CURVE ( 'NONE', #3534, #4534, #5937, .T. ) ;
#3286 = ORIENTED_EDGE ( 'NONE', *, *, #5124, .F. ) ;
#3287 = CARTESIAN_POINT ( 'NONE',  ( 0.1810024900132512493, 1.035000000000000142, 0.02458421164367133316 ) ) ;
#3288 = CARTESIAN_POINT ( 'NONE',  ( 0.3951000138174065035, 1.034999999999999920, -0.8359141373746954429 ) ) ;
#3289 = FILL_AREA_STYLE ('',( #2229 ) ) ;
#3290 = COLOUR_RGB ( '',1.000000000000000000, 1.000000000000000000, 1.000000000000000000 ) ;
#3291 = CARTESIAN_POINT ( 'NONE',  ( -0.7549970048646593712, 1.024999999999999689, 0.8038894595579940683 ) ) ;
#3292 = CARTESIAN_POINT ( 'NONE',  ( -0.5044750564292153072, 1.025000000000000133, 1.078940445635440559 ) ) ;
#3293 = CARTESIAN_POINT ( 'NONE',  ( 0.5003004807692308376, 1.024999999999999911, 1.219501201923077316 ) ) ;
#3294 = CARTESIAN_POINT ( 'NONE',  ( 0.3606811036798523440, 1.024999999999999245, -1.077826688113032949 ) ) ;
#3295 = CARTESIAN_POINT ( 'NONE',  ( -0.4504852350230372782, 1.025000000000000355, 0.1716493857199549722 ) ) ;
#3296 = CARTESIAN_POINT ( 'NONE',  ( 0.3929687500000005329, 1.034999999999999920, -0.8335336538461538547 ) ) ;
#3297 = ORIENTED_EDGE ( 'NONE', *, *, #1156, .F. ) ;
#3298 = CARTESIAN_POINT ( 'NONE',  ( -0.5165652840014129943, 1.034999999999999920, -0.7812224859088601203 ) ) ;
#3299 = SURFACE_SIDE_STYLE ('',( #1852 ) ) ;
#3300 = CARTESIAN_POINT ( 'NONE',  ( -0.7130408653846154188, 1.024999999999999911, 1.403846153846154188 ) ) ;
#3301 = CARTESIAN_POINT ( 'NONE',  ( 0.5119274830655170527, 1.034999999999999698, -1.108691614760225708 ) ) ;
#3302 = CARTESIAN_POINT ( 'NONE',  ( 0.2307692307692306155, 1.024999999999999911, 1.500000000000000444 ) ) ;
#3303 = CARTESIAN_POINT ( 'NONE',  ( -0.8232904239370620880, 1.024999999999999911, 1.424506378665185924 ) ) ;
#3304 = VERTEX_POINT ( 'NONE', #5239 ) ;
#3305 = PRESENTATION_STYLE_ASSIGNMENT (( #553 ) ) ;
#3306 = B_SPLINE_CURVE_WITH_KNOTS ( 'NONE', 3,
 ( #5037, #3061, #5165, #2157, #3683, #6161, #82, #2596, #3150, #2095, #3697, #6135, #1120, #2136, #3130, #1681, #5199, #3641, #642 ),
 .UNSPECIFIED., .F., .F.,
 ( 4, 1, 1, 1, 1, 1, 1, 1, 1, 1, 1, 1, 1, 1, 1, 1, 4 ),
 ( 0.000000000000000000, 0.06176215676807091104, 0.1211739926536290618, 0.1794214068253153216, 0.2368434346502752974, 0.2943217954133982017, 0.3531909627945244989, 0.4127207064163244676, 0.4745221507037177822, 0.5370567441421367771, 0.5995913375805556056, 0.6623669793543061068, 0.7252456446794918188, 0.7903164461250806738, 0.8577243009540927998, 0.9272319523784928741, 1.000000000000000000 ),
 .UNSPECIFIED. ) ;
#3307 = FILL_AREA_STYLE_COLOUR ( '', #1477 ) ;
#3308 = CARTESIAN_POINT ( 'NONE',  ( -0.2577146742192040207, 1.024999999999999911, 1.466000064178921480 ) ) ;
#3309 = FILL_AREA_STYLE ('',( #3633 ) ) ;
#3310 = CARTESIAN_POINT ( 'NONE',  ( -0.5951085444615579201, 1.034999999999999920, 0.7501776304870996226 ) ) ;
#3311 = CARTESIAN_POINT ( 'NONE',  ( -0.4574593303330636296, 1.025000000000000133, 0.9969243262400651062 ) ) ;
#3312 =( GEOMETRIC_REPRESENTATION_CONTEXT ( 3 ) GLOBAL_UNCERTAINTY_ASSIGNED_CONTEXT ( ( #753 ) ) GLOBAL_UNIT_ASSIGNED_CONTEXT ( ( #5941, #1474, #885 ) ) REPRESENTATION_CONTEXT ( 'NONE', 'WORKASPACE' ) );
#3313 = ADVANCED_FACE ( 'NONE', ( #1048 ), #5059, .T. ) ;
#3314 = CARTESIAN_POINT ( 'NONE',  ( 0.8076923076923077094, 1.034999999999999920, 1.403846153846154188 ) ) ;
#3315 = CARTESIAN_POINT ( 'NONE',  ( -0.4495910546867318280, 1.034999999999999920, -0.5853106937111854924 ) ) ;
#3316 = FILL_AREA_STYLE ('',( #5206 ) ) ;
#3317 = CARTESIAN_POINT ( 'NONE',  ( -0.1300299004474990694, 1.035000000000000142, 1.395641797569607379 ) ) ;
#3318 =( GEOMETRIC_REPRESENTATION_CONTEXT ( 3 ) GLOBAL_UNCERTAINTY_ASSIGNED_CONTEXT ( ( #1673 ) ) GLOBAL_UNIT_ASSIGNED_CONTEXT ( ( #702, #5244, #3738 ) ) REPRESENTATION_CONTEXT ( 'NONE', 'WORKASPACE' ) );
#3319 = CARTESIAN_POINT ( 'NONE',  ( 0.8382453916543842753, 1.025000000000000355, -0.3426942379960157825 ) ) ;
#3320 = CARTESIAN_POINT ( 'NONE',  ( -0.3594674135130906389, 1.025000000000000133, 0.1918791199386858659 ) ) ;
#3321 = CARTESIAN_POINT ( 'NONE',  ( 0.06379714921873078093, 1.034999999999999698, 0.7580082180372673673 ) ) ;
#3322 = CARTESIAN_POINT ( 'NONE',  ( 0.5224391118454452254, 1.034999999999999698, -1.072678611138124127 ) ) ;
#3323 = CARTESIAN_POINT ( 'NONE',  ( -0.1825227462300418046, 1.024999999999999911, 1.317561331180454154 ) ) ;
#3324 = CARTESIAN_POINT ( 'NONE',  ( -0.5736950307298518403, 1.034999999999999920, -0.2539866503397323894 ) ) ;
#3325 = CARTESIAN_POINT ( 'NONE',  ( 0.5073483694081114548, 1.034999999999999698, 0.8451883045114928494 ) ) ;
#3326 = EDGE_CURVE ( 'NONE', #1438, #4134, #3350, .T. ) ;
#3327 = CARTESIAN_POINT ( 'NONE',  ( 0.3929687500000005329, 1.024999999999999911, -0.8335336538461538547 ) ) ;
#3328 = ORIENTED_EDGE ( 'NONE', *, *, #5909, .T. ) ;
#3329 = CARTESIAN_POINT ( 'NONE',  ( 0.4890306126040769308, 1.034999999999999920, -0.9797866819997160803 ) ) ;
#3330 = PLANE ( 'NONE',  #2306 ) ;
#3331 = CARTESIAN_POINT ( 'NONE',  ( -0.4731388769394087035, 1.035000000000000364, 0.8900286707375898443 ) ) ;
#3332 = UNCERTAINTY_MEASURE_WITH_UNIT (LENGTH_MEASURE( 1.000000000000000082E-05 ), #4016, 'distance_accuracy_value', 'NONE');
#3333 = CARTESIAN_POINT ( 'NONE',  ( -0.4543483252231629854, 1.024999999999999911, 0.9837818860903955187 ) ) ;
#3334 = CARTESIAN_POINT ( 'NONE',  ( 0.5099508101729233189, 1.024999999999999911, 1.211378676326421155 ) ) ;
#3335 = CARTESIAN_POINT ( 'NONE',  ( 0.5226381356013578561, 1.024999999999999245, 1.320496778789089998 ) ) ;
#3336 = VERTEX_POINT ( 'NONE', #3831 ) ;
#3337 = CARTESIAN_POINT ( 'NONE',  ( -0.5167011380783790297, 1.024999999999999911, 0.1299168511404120152 ) ) ;
#3338 = CARTESIAN_POINT ( 'NONE',  ( -0.3169546318886115599, 1.024999999999999689, 0.3457911310544520833 ) ) ;
#3339 =( GEOMETRIC_REPRESENTATION_CONTEXT ( 3 ) GLOBAL_UNCERTAINTY_ASSIGNED_CONTEXT ( ( #4226 ) ) GLOBAL_UNIT_ASSIGNED_CONTEXT ( ( #3749, #3807, #3251 ) ) REPRESENTATION_CONTEXT ( 'NONE', 'WORKASPACE' ) );
#3340 = VERTEX_POINT ( 'NONE', #4874 ) ;
#3341 = CARTESIAN_POINT ( 'NONE',  ( -0.1361177884615386025, 1.034999999999999920, 1.403846153846154410 ) ) ;
#3342 = CARTESIAN_POINT ( 'NONE',  ( 0.7980769230769230171, 1.034999999999999920, 0.9570312500000002220 ) ) ;
#3343 = CARTESIAN_POINT ( 'NONE',  ( -0.6770680935031819780, 1.024999999999999911, 1.360971408330850840 ) ) ;
#3344 = CARTESIAN_POINT ( 'NONE',  ( 0.4215144230769235500, 1.034999999999999920, -1.232271634615384581 ) ) ;
#3345 = ORIENTED_EDGE ( 'NONE', *, *, #4236, .F. ) ;
#3346 = EDGE_CURVE ( 'NONE', #775, #5125, #4067, .T. ) ;
#3347 = AXIS2_PLACEMENT_3D ( 'NONE', #3353, #3890, #2360 ) ;
#3348 = EDGE_LOOP ( 'NONE', ( #2443, #4980, #4320, #4311 ) ) ;
#3349 = AXIS2_PLACEMENT_3D ( 'NONE', #6159, #4043, #4600 ) ;
#3350 = LINE ( 'NONE', #1816, #967 ) ;
#3351 = CARTESIAN_POINT ( 'NONE',  ( -0.4612547843906681377, 1.024999999999999689, 0.9106923435533432754 ) ) ;
#3352 = SURFACE_STYLE_USAGE ( .BOTH. , #4355 ) ;
#3353 = CARTESIAN_POINT ( 'NONE',  ( -0.1538461538461539935, 1.034999999999999920, 0.9711538461538465894 ) ) ;
#3354 = CARTESIAN_POINT ( 'NONE',  ( -0.3236184157683018592, 1.034999999999999920, -0.9838377706742026385 ) ) ;
#3355 = CARTESIAN_POINT ( 'NONE',  ( 0.3273737980769230727, 1.034999999999999920, 1.433293269230769384 ) ) ;
#3356 = ADVANCED_FACE ( 'NONE', ( #2007 ), #5898, .F. ) ;
#3357 = CARTESIAN_POINT ( 'NONE',  ( -0.5751048536003156020, 1.025000000000000133, 1.150978442549882574 ) ) ;
#3358 = PRESENTATION_LAYER_ASSIGNMENT (  '', '', ( #2679 ) ) ;
#3359 = CARTESIAN_POINT ( 'NONE',  ( 0.5434891144720701561, 1.024999999999999911, -0.04732094589271203244 ) ) ;
#3360 = CARTESIAN_POINT ( 'NONE',  ( -0.08253833628754228546, 1.034999999999999476, 0.7572851291288784648 ) ) ;
#3361 = DIRECTION ( 'NONE',  ( -0.09950371902099884591, 0.000000000000000000, 0.9950371902099891530 ) ) ;
#3362 = ORIENTED_EDGE ( 'NONE', *, *, #550, .T. ) ;
#3363 = CARTESIAN_POINT ( 'NONE',  ( 0.7705333753552847664, 1.035000000000000142, -0.2472424698005582233 ) ) ;
#3364 = CARTESIAN_POINT ( 'NONE',  ( 1.999999999999999112, -1.024999999999999911, -1.850000000000000977 ) ) ;
#3365 = CARTESIAN_POINT ( 'NONE',  ( 0.04195922953917772397, 1.034999999999999920, 1.111914594161551140 ) ) ;
#3366 = CARTESIAN_POINT ( 'NONE',  ( 0.2060915372002209978, 1.034999999999999920, 0.8759254739018299540 ) ) ;
#3367 = EDGE_CURVE ( 'NONE', #305, #775, #1383, .T. ) ;
#3368 = VECTOR ( 'NONE', #569, 1000.000000000000000 ) ;
#3369 = UNCERTAINTY_MEASURE_WITH_UNIT (LENGTH_MEASURE( 1.000000000000000082E-05 ), #3784, 'distance_accuracy_value', 'NONE');
#3370 = CARTESIAN_POINT ( 'NONE',  ( -0.4541756941978427053, 1.034999999999999920, 0.9333452975440974519 ) ) ;
#3371 = CARTESIAN_POINT ( 'NONE',  ( -0.06617652215147054595, 1.035000000000000142, -1.160870314755158672 ) ) ;
#3372 = ORIENTED_EDGE ( 'NONE', *, *, #3666, .T. ) ;
#3373 = SURFACE_STYLE_USAGE ( .BOTH. , #307 ) ;
#3374 = CARTESIAN_POINT ( 'NONE',  ( 0.6544772024941873934, 1.035000000000000142, 0.8631895418681122534 ) ) ;
#3375 = FILL_AREA_STYLE_COLOUR ( '', #6283 ) ;
#3376 = LINE ( 'NONE', #6474, #4479 ) ;
#3377 = CARTESIAN_POINT ( 'NONE',  ( -0.4928470730519666221, 1.024999999999999689, 1.064245337337988540 ) ) ;
#3378 = VERTEX_POINT ( 'NONE', #5959 ) ;
#3379 = CARTESIAN_POINT ( 'NONE',  ( 0.8043269230769236611, 1.024999999999999689, -0.4615384615384615641 ) ) ;
#3380 = VERTEX_POINT ( 'NONE', #853 ) ;
#3381 = CARTESIAN_POINT ( 'NONE',  ( 0.6873969098756016471, 1.035000000000000142, -0.3498868159651466470 ) ) ;
#3382 = CARTESIAN_POINT ( 'NONE',  ( -0.4356378398387115713, 1.024999999999999689, 0.3392601711691884403 ) ) ;
#3383 = COLOUR_RGB ( '',1.000000000000000000, 1.000000000000000000, 1.000000000000000000 ) ;
#3384 = DIRECTION ( 'NONE',  ( 0.000000000000000000, 1.000000000000000000, -0.000000000000000000 ) ) ;
#3385 = FACE_OUTER_BOUND ( 'NONE', #5897, .T. ) ;
#3386 = ADVANCED_FACE ( 'NONE', ( #524 ), #4909, .T. ) ;
#3387 = CARTESIAN_POINT ( 'NONE',  ( 0.8163176086182266644, 1.024999999999999911, -0.3039265020748548873 ) ) ;
#3388 = ORIENTED_EDGE ( 'NONE', *, *, #633, .T. ) ;
#3389 = CARTESIAN_POINT ( 'NONE',  ( 0.2874816416264610042, 1.024999999999999245, -1.113969992589462388 ) ) ;
#3390 = DIRECTION ( 'NONE',  ( -0.000000000000000000, -1.000000000000000000, -0.000000000000000000 ) ) ;
#3391 = CARTESIAN_POINT ( 'NONE',  ( 0.7633079040634315193, 1.034999999999999920, 0.8407290785386309917 ) ) ;
#3392 = CARTESIAN_POINT ( 'NONE',  ( 0.1736534996462657798, 1.024999999999999689, 0.8244472621065876972 ) ) ;
#3393 = DIRECTION ( 'NONE',  ( 1.000000000000000000, 0.000000000000000000, 0.000000000000000000 ) ) ;
#3394 = FACE_BOUND ( 'NONE', #5954, .T. ) ;
#3395 = DIRECTION ( 'NONE',  ( 0.000000000000000000, 1.000000000000000000, 0.000000000000000000 ) ) ;
#3396 = CARTESIAN_POINT ( 'NONE',  ( 0.4476278661289336824, 1.024999999999999467, -0.9099912304720043643 ) ) ;
#3397 = CARTESIAN_POINT ( 'NONE',  ( 0.7944638946112254629, 1.024999999999999689, 0.9148849069587257077 ) ) ;
#3398 = CARTESIAN_POINT ( 'NONE',  ( -0.1235576923076918271, 1.035000000000000364, -1.129507211538461675 ) ) ;
#3399 = CARTESIAN_POINT ( 'NONE',  ( 0.3416981596097826701, 1.024999999999999689, -1.099075049680693139 ) ) ;
#3400 = MECHANICAL_DESIGN_GEOMETRIC_PRESENTATION_REPRESENTATION (  '', ( #3069 ), #3737 ) ;
#3401 = CARTESIAN_POINT ( 'NONE',  ( 0.7016138497249870820, 1.024999999999999911, 0.9454479468394775266 ) ) ;
#3402 = MECHANICAL_DESIGN_GEOMETRIC_PRESENTATION_REPRESENTATION (  '', ( #877 ), #3203 ) ;
#3403 = B_SPLINE_CURVE_WITH_KNOTS ( 'NONE', 3,
 ( #3344, #235, #2801, #3844, #3281, #2824, #819, #3301, #4329, #3322, #4375 ),
 .UNSPECIFIED., .F., .F.,
 ( 4, 1, 1, 1, 1, 1, 1, 1, 4 ),
 ( 0.000000000000000000, 0.09667456401900831331, 0.2200460203467192732, 0.3580523530425036016, 0.5030958817993885779, 0.6465867356323256043, 0.7842179938026717645, 0.9050398087554584192, 0.9999999999999998890 ),
 .UNSPECIFIED. ) ;
#3404 = SURFACE_STYLE_FILL_AREA ( #74 ) ;
#3405 = CARTESIAN_POINT ( 'NONE',  ( 0.5787413002458381417, 1.024999999999999911, 1.150978442549882352 ) ) ;
#3406 = CARTESIAN_POINT ( 'NONE',  ( 0.7977342175872388363, 1.034999999999999920, -0.4548099921802073453 ) ) ;
#3407 = CARTESIAN_POINT ( 'NONE',  ( -0.1928609403983695125, 1.024999999999999911, 0.8183052022479981868 ) ) ;
#3408 = CARTESIAN_POINT ( 'NONE',  ( -0.2471023299265814599, 1.035000000000000142, 0.9368557672397976877 ) ) ;
#3409 = VERTEX_POINT ( 'NONE', #3582 ) ;
#3410 = AXIS2_PLACEMENT_3D ( 'NONE', #1296, #3747, #4826 ) ;
#3411 =( NAMED_UNIT ( * ) SI_UNIT ( $, .STERADIAN. ) SOLID_ANGLE_UNIT ( ) );
#3412 = FILL_AREA_STYLE ('',( #4943 ) ) ;
#3413 = CARTESIAN_POINT ( 'NONE',  ( 0.4408052884615384359, 1.024999999999999911, 1.403846153846154188 ) ) ;
#3414 = CARTESIAN_POINT ( 'NONE',  ( -0.7653846153846148859, 1.034999999999999920, -0.09855769230769233225 ) ) ;
#3415 = PRESENTATION_LAYER_ASSIGNMENT (  '', '', ( #1362 ) ) ;
#3416 = ORIENTED_EDGE ( 'NONE', *, *, #4116, .T. ) ;
#3417 = CARTESIAN_POINT ( 'NONE',  ( -0.4731388769394087035, 1.025000000000000133, 0.8900286707375898443 ) ) ;
#3418 = FILL_AREA_STYLE_COLOUR ( '', #1103 ) ;
#3419 = ADVANCED_FACE ( 'NONE', ( #3574 ), #4947, .T. ) ;
#3420 = EDGE_LOOP ( 'NONE', ( #3146, #692, #4359, #3544 ) ) ;
#3421 = FILL_AREA_STYLE_COLOUR ( '', #4968 ) ;
#3422 = CARTESIAN_POINT ( 'NONE',  ( 0.2601562500000004219, 1.024999999999999689, -1.115384615384615419 ) ) ;
#3423 = ORIENTED_EDGE ( 'NONE', *, *, #10, .T. ) ;
#3424 = FILL_AREA_STYLE_COLOUR ( '', #5031 ) ;
#3425 = ORIENTED_EDGE ( 'NONE', *, *, #2719, .F. ) ;
#3426 = CARTESIAN_POINT ( 'NONE',  ( 0.7018186894564079070, 1.024999999999999911, 0.9621975019446505906 ) ) ;
#3427 = DIRECTION ( 'NONE',  ( -1.000000000000000000, 0.000000000000000000, -0.000000000000000000 ) ) ;
#3428 = CARTESIAN_POINT ( 'NONE',  ( -0.3338942307692302491, 1.024999999999999911, 0.3461538461538462008 ) ) ;
#3429 = CARTESIAN_POINT ( 'NONE',  ( 0.3840621365247076646, 1.025000000000000355, 0.8183052022479979648 ) ) ;
#3430 = ORIENTED_EDGE ( 'NONE', *, *, #478, .T. ) ;
#3431 = CARTESIAN_POINT ( 'NONE',  ( 0.3222324144415747993, 1.024999999999999911, 1.449348915395678894 ) ) ;
#3432 = CARTESIAN_POINT ( 'NONE',  ( 0.5976651066058232820, 1.034999999999999920, 1.258173606474872086 ) ) ;
#3433 = CARTESIAN_POINT ( 'NONE',  ( -0.2471023299265814599, 1.025000000000000133, 0.9368557672397976877 ) ) ;
#3434 = CARTESIAN_POINT ( 'NONE',  ( -0.4177972095128741348, 1.034999999999999920, 0.8091909101105898561 ) ) ;
#3435 = CARTESIAN_POINT ( 'NONE',  ( -0.6040578046535315382, 1.034999999999999698, 0.8368925012777318484 ) ) ;
#3436 = DIRECTION ( 'NONE',  ( 0.000000000000000000, 0.000000000000000000, 1.000000000000000000 ) ) ;
#3437 = FILL_AREA_STYLE_COLOUR ( '', #2561 ) ;
#3438 = COLOUR_RGB ( '',1.000000000000000000, 1.000000000000000000, 1.000000000000000000 ) ;
#3439 = COLOUR_RGB ( '',1.000000000000000000, 1.000000000000000000, 1.000000000000000000 ) ;
#3440 = B_SPLINE_CURVE_WITH_KNOTS ( 'NONE', 3,
 ( #5548, #4090, #3608, #1024, #489, #6067, #4577, #35, #623, #4717, #2115, #5662, #1094, #4202, #5718, #6183, #6216, #3215, #4670 ),
 .UNSPECIFIED., .F., .F.,
 ( 4, 1, 1, 1, 1, 1, 1, 1, 1, 1, 1, 1, 1, 1, 1, 1, 4 ),
 ( 0.000000000000000000, 0.06176215676807091798, 0.1211739926536290896, 0.1794214068253153771, 0.2368434346502752974, 0.2943217954133981462, 0.3531909627945247210, 0.4127207064163246897, 0.4745221507037176156, 0.5370567441421366661, 0.5995913375805559387, 0.6623669793543064399, 0.7252456446794923739, 0.7903164461250806738, 0.8577243009540929108, 0.9272319523784932072, 1.000000000000000000 ),
 .UNSPECIFIED. ) ;
#3441 = PRESENTATION_LAYER_ASSIGNMENT (  '', '', ( #3852 ) ) ;
#3442 = CARTESIAN_POINT ( 'NONE',  ( 0.1560260836043374510, 1.024999999999999911, -1.252405169871649182 ) ) ;
#3443 = CARTESIAN_POINT ( 'NONE',  ( 0.09428627689420837621, 1.024999999999999689, 1.192704292644374720 ) ) ;
#3444 = CARTESIAN_POINT ( 'NONE',  ( 0.5003004807692308376, 1.034999999999999920, 1.219501201923077316 ) ) ;
#3445 = LINE ( 'NONE', #6064, #717 ) ;
#3446 = SURFACE_STYLE_USAGE ( .BOTH. , #413 ) ;
#3447 = ORIENTED_EDGE ( 'NONE', *, *, #2637, .F. ) ;
#3448 = B_SPLINE_CURVE_WITH_KNOTS ( 'NONE', 3,
 ( #3967, #1392, #2002, #929, #1442, #6438, #1927, #3941, #3511, #6482, #3989, #464, #6004, #6459, #4951, #3530, #2404, #4504, #1493 ),
 .UNSPECIFIED., .F., .F.,
 ( 4, 1, 1, 1, 1, 1, 1, 1, 1, 1, 1, 1, 1, 1, 1, 1, 4 ),
 ( 0.000000000000000000, 0.07069648334337649831, 0.1383582132030685141, 0.2033698682591697782, 0.2657002133402298072, 0.3272558681973764538, 0.3865123433292943500, 0.4458582974819495504, 0.5051731438069390068, 0.5637797628070204681, 0.6223430642934396628, 0.6808235796100192694, 0.7397951568104399467, 0.8008011629883833304, 0.8642394615769080080, 0.9306310981734532417, 0.9999999999999998890 ),
 .UNSPECIFIED. ) ;
#3449 = CARTESIAN_POINT ( 'NONE',  ( 0.6609990807941873436, 1.025000000000000133, 1.064245337337988762 ) ) ;
#3450 =( GEOMETRIC_REPRESENTATION_CONTEXT ( 3 ) GLOBAL_UNCERTAINTY_ASSIGNED_CONTEXT ( ( #4188 ) ) GLOBAL_UNIT_ASSIGNED_CONTEXT ( ( #472, #6041, #3517 ) ) REPRESENTATION_CONTEXT ( 'NONE', 'WORKASPACE' ) );
#3451 = CARTESIAN_POINT ( 'NONE',  ( 0.6113314052326520587, 1.024999999999999689, -0.1023239656277363518 ) ) ;
#3452 = FILL_AREA_STYLE_COLOUR ( '', #4571 ) ;
#3453 = CARTESIAN_POINT ( 'NONE',  ( -0.2490162095564817657, 1.035000000000000142, 0.9531584188986654826 ) ) ;
#3454 = CARTESIAN_POINT ( 'NONE',  ( 0.6533318338817487581, 1.024999999999999245, 1.209179511122381312 ) ) ;
#3455 = CARTESIAN_POINT ( 'NONE',  ( 0.5768030531107145586, 1.024999999999999911, -0.07437058000244567424 ) ) ;
#3456 = CARTESIAN_POINT ( 'NONE',  ( -0.0009427225515141211603, 1.034999999999999920, 0.7501485095022863980 ) ) ;
#3457 = EDGE_CURVE ( 'NONE', #3154, #958, #5593, .T. ) ;
#3458 = CARTESIAN_POINT ( 'NONE',  ( 0.2307692307692306155, 1.034999999999999920, 1.403846153846154410 ) ) ;
#3459 = CARTESIAN_POINT ( 'NONE',  ( 0.3861230175919913021, 1.034999999999999920, -0.8265909181066614098 ) ) ;
#3460 = CARTESIAN_POINT ( 'NONE',  ( 0.7897367586911808734, 1.034999999999999920, 0.8949845457384369984 ) ) ;
#3461 = UNCERTAINTY_MEASURE_WITH_UNIT (LENGTH_MEASURE( 1.000000000000000082E-05 ), #2909, 'distance_accuracy_value', 'NONE');
#3462 = ORIENTED_EDGE ( 'NONE', *, *, #6505, .T. ) ;
#3463 = LINE ( 'NONE', #2109, #4817 ) ;
#3464 = CARTESIAN_POINT ( 'NONE',  ( -0.6312080182447957766, 1.024999999999999467, 1.320496778789089554 ) ) ;
#3465 = CARTESIAN_POINT ( 'NONE',  ( 0.2141237892273745169, 1.035000000000000586, -1.265855689187115996 ) ) ;
#3466 = CARTESIAN_POINT ( 'NONE',  ( 0.2173027435495910042, 1.024999999999999689, 1.001524615184222089 ) ) ;
#3467 = FACE_OUTER_BOUND ( 'NONE', #3587, .T. ) ;
#3468 = FILL_AREA_STYLE_COLOUR ( '', #2930 ) ;
#3469 = FACE_OUTER_BOUND ( 'NONE', #6016, .T. ) ;
#3470 = CARTESIAN_POINT ( 'NONE',  ( 0.7021998334245739271, 1.024999999999999689, 0.7831533228634257604 ) ) ;
#3471 = CARTESIAN_POINT ( 'NONE',  ( 0.3929687500000005329, 1.034999999999999920, -0.8335336538461538547 ) ) ;
#3472 = CARTESIAN_POINT ( 'NONE',  ( -0.6599501028923885348, 1.034999999999999920, 0.2256499305191311811 ) ) ;
#3473 = ORIENTED_EDGE ( 'NONE', *, *, #3283, .F. ) ;
#3474 = CARTESIAN_POINT ( 'NONE',  ( 0.3192084027038729621, 1.025000000000000133, 1.466000064178921702 ) ) ;
#3475 = CARTESIAN_POINT ( 'NONE',  ( 0.7713591597378328668, 1.035000000000000142, 1.067602144398379194 ) ) ;
#3476 = CARTESIAN_POINT ( 'NONE',  ( 0.4468931764755779690, 1.034999999999999920, 1.395641797569606934 ) ) ;
#3477 = LINE ( 'NONE', #6154, #1323 ) ;
#3478 = PRODUCT_CONTEXT ( 'NONE', #5487, 'mechanical' ) ;
#3479 =( NAMED_UNIT ( * ) PLANE_ANGLE_UNIT ( ) SI_UNIT ( $, .RADIAN. ) );
#3480 = SURFACE_SIDE_STYLE ('',( #3704 ) ) ;
#3481 = FILL_AREA_STYLE_COLOUR ( '', #4843 ) ;
#3482 = CARTESIAN_POINT ( 'NONE',  ( -0.6545623183782736110, 1.034999999999999920, 1.340513759941373451 ) ) ;
#3483 = CARTESIAN_POINT ( 'NONE',  ( -0.05428494132171902964, 1.025000000000000133, 1.320496778789090664 ) ) ;
#3484 = CARTESIAN_POINT ( 'NONE',  ( 0.2173027435495910042, 1.034999999999999920, 1.001524615184222089 ) ) ;
#3485 = CARTESIAN_POINT ( 'NONE',  ( 0.8500000000000005329, 1.034999999999999920, -0.3948317307692308376 ) ) ;
#3486 =( GEOMETRIC_REPRESENTATION_CONTEXT ( 3 ) GLOBAL_UNCERTAINTY_ASSIGNED_CONTEXT ( ( #3934 ) ) GLOBAL_UNIT_ASSIGNED_CONTEXT ( ( #105, #2565, #6109 ) ) REPRESENTATION_CONTEXT ( 'NONE', 'WORKASPACE' ) );
#3487 = CARTESIAN_POINT ( 'NONE',  ( 0.5798702866813263412, 1.034999999999999698, 0.8368940373264448507 ) ) ;
#3488 = EDGE_CURVE ( 'NONE', #5294, #3873, #1888, .T. ) ;
#3489 = CARTESIAN_POINT ( 'NONE',  ( 0.7633079040634315193, 1.024999999999999911, 0.8407290785386309917 ) ) ;
#3490 = EDGE_LOOP ( 'NONE', ( #6060, #3880, #6130, #5105 ) ) ;
#3491 = DIRECTION ( 'NONE',  ( -0.000000000000000000, -1.000000000000000000, -0.000000000000000000 ) ) ;
#3492 = CARTESIAN_POINT ( 'NONE',  ( -0.7066733836020947512, 1.024999999999999911, 0.1609778065568407968 ) ) ;
#3493 = UNCERTAINTY_MEASURE_WITH_UNIT (LENGTH_MEASURE( 1.000000000000000082E-05 ), #4942, 'distance_accuracy_value', 'NONE');
#3494 = CARTESIAN_POINT ( 'NONE',  ( 0.3706770109938827829, 1.024999999999999911, 0.8340822251097768092 ) ) ;
#3495 = SURFACE_SIDE_STYLE ('',( #3957 ) ) ;
#3496 = CARTESIAN_POINT ( 'NONE',  ( 0.7014330080714856752, 1.034999999999999920, 1.162661105553342678 ) ) ;
#3497 = FILL_AREA_STYLE_COLOUR ( '', #4672 ) ;
#3498 = CARTESIAN_POINT ( 'NONE',  ( 0.2960722398858498527, 1.034999999999999920, -0.7886821409754802836 ) ) ;
#3499 = EDGE_CURVE ( 'NONE', #2447, #2821, #5641, .T. ) ;
#3500 = ORIENTED_EDGE ( 'NONE', *, *, #2549, .T. ) ;
#3501 = CARTESIAN_POINT ( 'NONE',  ( 0.5976651066058232820, 1.024999999999999911, 1.258173606474872086 ) ) ;
#3502 = CARTESIAN_POINT ( 'NONE',  ( -0.5865384615384614531, 1.024999999999999911, 0.7500000000000002220 ) ) ;
#3503 = CARTESIAN_POINT ( 'NONE',  ( 0.6708099671644118800, 1.035000000000000142, 1.050369067633049491 ) ) ;
#3504 = CARTESIAN_POINT ( 'NONE',  ( 0.3025240384615390798, 1.034999999999999920, -0.7884615384615384359 ) ) ;
#3505 = AXIS2_PLACEMENT_3D ( 'NONE', #2119, #3614, #3133 ) ;
#3506 = VERTEX_POINT ( 'NONE', #1017 ) ;
#3507 = ORIENTED_EDGE ( 'NONE', *, *, #5960, .F. ) ;
#3508 = CARTESIAN_POINT ( 'NONE',  ( 0.3149709885803871900, 1.034999999999999920, -1.107666567701245830 ) ) ;
#3509 = CARTESIAN_POINT ( 'NONE',  ( 0.006863659973813226491, 1.035000000000000142, -1.196497692296500936 ) ) ;
#3510 = SURFACE_SIDE_STYLE ('',( #351 ) ) ;
#3511 = CARTESIAN_POINT ( 'NONE',  ( -0.1048791617787825647, 1.024999999999999911, 0.8636569804084183177 ) ) ;
#3512 =( NAMED_UNIT ( * ) SI_UNIT ( $, .STERADIAN. ) SOLID_ANGLE_UNIT ( ) );
#3513 = CARTESIAN_POINT ( 'NONE',  ( 0.8043269230769236611, 1.034999999999999920, -0.4615384615384615641 ) ) ;
#3514 = SURFACE_SIDE_STYLE ('',( #669 ) ) ;
#3515 = CARTESIAN_POINT ( 'NONE',  ( 0.2205949598000909728, 1.025000000000000133, -0.8411998290986865134 ) ) ;
#3516 = CARTESIAN_POINT ( 'NONE',  ( -0.3561700332716895567, 1.024999999999999911, 0.9356435630111530344 ) ) ;
#3517 =( NAMED_UNIT ( * ) SI_UNIT ( $, .STERADIAN. ) SOLID_ANGLE_UNIT ( ) );
#3518 = STYLED_ITEM ( 'NONE', ( #5450 ), #872 ) ;
#3519 = COLOUR_RGB ( '',0.4980392156862745168, 0.4980392156862745168, 0.4980392156862745168 ) ;
#3520 = CARTESIAN_POINT ( 'NONE',  ( -0.02713472773045475656, 1.024999999999999689, 0.8368925012777321815 ) ) ;
#3521 =( LENGTH_UNIT ( ) NAMED_UNIT ( * ) SI_UNIT ( .MILLI., .METRE. ) );
#3522 = CARTESIAN_POINT ( 'NONE',  ( 0.2663192763544285913, 1.034999999999999920, -0.7942354231409158860 ) ) ;
#3523 = CARTESIAN_POINT ( 'NONE',  ( 0.4531931899134608588, 1.034999999999999920, -1.200958137612798016 ) ) ;
#3524 = CARTESIAN_POINT ( 'NONE',  ( 0.3192084027038729621, 1.025000000000000133, 1.466000064178921702 ) ) ;
#3525 = VERTEX_POINT ( 'NONE', #2694 ) ;
#3526 = STYLED_ITEM ( 'NONE', ( #5958 ), #2337 ) ;
#3527 = CARTESIAN_POINT ( 'NONE',  ( 0.2690032743478595334, 1.035000000000000142, -1.114926609055453488 ) ) ;
#3528 = CARTESIAN_POINT ( 'NONE',  ( -0.1361177884615386025, 1.024999999999999911, 1.403846153846154410 ) ) ;
#3529 = DIRECTION ( 'NONE',  ( 0.000000000000000000, 0.000000000000000000, 1.000000000000000000 ) ) ;
#3530 = CARTESIAN_POINT ( 'NONE',  ( -0.1515877384849358411, 1.024999999999999911, 0.9414258259068329915 ) ) ;
#3531 = VECTOR ( 'NONE', #475, 1000.000000000000000 ) ;
#3532 = CARTESIAN_POINT ( 'NONE',  ( 0.8498006595324935075, 1.024999999999999911, -0.3893940706736460089 ) ) ;
#3533 = CARTESIAN_POINT ( 'NONE',  ( 0.5673076923076922906, 1.025000000000000133, 0.7500000000000002220 ) ) ;
#3534 = VERTEX_POINT ( 'NONE', #4749 ) ;
#3535 = FILL_AREA_STYLE_COLOUR ( '', #4952 ) ;
#3536 = CARTESIAN_POINT ( 'NONE',  ( -0.8168114866728102275, 1.024999999999999689, 1.406614822300993994 ) ) ;
#3537 = VECTOR ( 'NONE', #6339, 1000.000000000000000 ) ;
#3538 = CARTESIAN_POINT ( 'NONE',  ( 0.6791238268427108871, 1.034999999999999698, 1.036833623450326591 ) ) ;
#3539 = CARTESIAN_POINT ( 'NONE',  ( 0.2663192763544285913, 1.024999999999999911, -0.7942354231409158860 ) ) ;
#3540 = CARTESIAN_POINT ( 'NONE',  ( -0.4969438633981932418, 1.034999999999999920, 0.1457252904592511167 ) ) ;
#3541 = UNCERTAINTY_MEASURE_WITH_UNIT (LENGTH_MEASURE( 1.000000000000000082E-05 ), #3624, 'distance_accuracy_value', 'NONE');
#3542 = CARTESIAN_POINT ( 'NONE',  ( 0.04056952584390834116, 1.024999999999999689, 0.7533978999952610778 ) ) ;
#3543 = MECHANICAL_DESIGN_GEOMETRIC_PRESENTATION_REPRESENTATION (  '', ( #5975 ), #3863 ) ;
#3544 = ORIENTED_EDGE ( 'NONE', *, *, #888, .T. ) ;
#3545 = PRESENTATION_LAYER_ASSIGNMENT (  '', '', ( #3963 ) ) ;
#3546 = CARTESIAN_POINT ( 'NONE',  ( 0.3173076923076922351, 1.024999999999999911, 1.500000000000000444 ) ) ;
#3547 = CARTESIAN_POINT ( 'NONE',  ( 0.6791238268427108871, 1.034999999999999698, 1.036833623450326591 ) ) ;
#3548 = CARTESIAN_POINT ( 'NONE',  ( -0.0009427225515141211603, 1.024999999999999911, 0.7501485095022863980 ) ) ;
#3549 = SURFACE_STYLE_FILL_AREA ( #3108 ) ;
#3550 = CARTESIAN_POINT ( 'NONE',  ( 0.4521246565727102262, 1.034999999999999920, 0.7708032052688806868 ) ) ;
#3551 = VECTOR ( 'NONE', #4434, 1000.000000000000000 ) ;
#3552 = SURFACE_STYLE_FILL_AREA ( #1225 ) ;
#3553 = CARTESIAN_POINT ( 'NONE',  ( 0.3416981596097826701, 1.034999999999999920, -1.099075049680693139 ) ) ;
#3554 = CARTESIAN_POINT ( 'NONE',  ( -0.3516370337865993290, 1.025000000000000133, 0.3457236207892979141 ) ) ;
#3555 = FILL_AREA_STYLE ('',( #3421 ) ) ;
#3556 = CARTESIAN_POINT ( 'NONE',  ( -0.7945177219948019731, 1.034999999999999920, 0.8517178425193885349 ) ) ;
#3557 = CARTESIAN_POINT ( 'NONE',  ( 0.1660975507892901992, 1.024999999999999911, 1.113162156003708159 ) ) ;
#3558 = STYLED_ITEM ( 'NONE', ( #2491 ), #5240 ) ;
#3559 = PRESENTATION_STYLE_ASSIGNMENT (( #2423 ) ) ;
#3560 =( NAMED_UNIT ( * ) SI_UNIT ( $, .STERADIAN. ) SOLID_ANGLE_UNIT ( ) );
#3561 = SURFACE_STYLE_USAGE ( .BOTH. , #2451 ) ;
#3562 = CARTESIAN_POINT ( 'NONE',  ( -0.8264723557692307265, 1.024999999999999911, 1.433293269230769384 ) ) ;
#3563 = CARTESIAN_POINT ( 'NONE',  ( 0.6918228383741951149, 1.035000000000000142, 1.010118407490751880 ) ) ;
#3564 = CARTESIAN_POINT ( 'NONE',  ( 0.2960722398858498527, 1.024999999999999911, -0.7886821409754802836 ) ) ;
#3565 = CARTESIAN_POINT ( 'NONE',  ( -0.4516463204215797611, 1.024999999999999689, 0.7831533228634257604 ) ) ;
#3566 = VECTOR ( 'NONE', #3436, 1000.000000000000000 ) ;
#3567 = B_SPLINE_CURVE_WITH_KNOTS ( 'NONE', 3,
 ( #2433, #5963, #6352, #314, #3381, #331, #3876, #2888, #6398, #3406, #3513 ),
 .UNSPECIFIED., .F., .F.,
 ( 4, 1, 1, 1, 1, 1, 1, 1, 4 ),
 ( 0.000000000000000000, 0.1201183289450753061, 0.2482225052471394300, 0.3810992229538414655, 0.5122697488837058000, 0.6434402748135702454, 0.7704589569847414277, 0.8917409525509431001, 1.000000000000000000 ),
 .UNSPECIFIED. ) ;
#3568 = CARTESIAN_POINT ( 'NONE',  ( -0.1536681768224490985, 1.024999999999999689, 0.9660415190853475220 ) ) ;
#3569 = MECHANICAL_DESIGN_GEOMETRIC_PRESENTATION_REPRESENTATION (  '', ( #406 ), #2197 ) ;
#3570 = CARTESIAN_POINT ( 'NONE',  ( 0.3731240515489665510, 1.034999999999999698, -0.8134077580378032968 ) ) ;
#3571 = CARTESIAN_POINT ( 'NONE',  ( 0.2663192763544285913, 1.024999999999999911, -0.7942354231409158860 ) ) ;
#3572 = ORIENTED_EDGE ( 'NONE', *, *, #1312, .F. ) ;
#3573 = EDGE_LOOP ( 'NONE', ( #6220, #1263, #1556, #2720 ) ) ;
#3574 = FACE_OUTER_BOUND ( 'NONE', #5008, .T. ) ;
#3575 = CARTESIAN_POINT ( 'NONE',  ( 0.2141237892273745169, 1.035000000000000364, -1.265855689187115996 ) ) ;
#3576 = DIRECTION ( 'NONE',  ( 0.000000000000000000, 1.000000000000000000, 0.000000000000000000 ) ) ;
#3577 = ORIENTED_EDGE ( 'NONE', *, *, #2195, .T. ) ;
#3578 = CARTESIAN_POINT ( 'NONE',  ( 1.999999999999999112, 1.024999999999999911, -1.850000000000000977 ) ) ;
#3579 = CARTESIAN_POINT ( 'NONE',  ( 0.1091292488734788568, 1.025000000000000355, 1.023402570223236108 ) ) ;
#3580 = ORIENTED_EDGE ( 'NONE', *, *, #1025, .F. ) ;
#3581 =( GEOMETRIC_REPRESENTATION_CONTEXT ( 3 ) GLOBAL_UNCERTAINTY_ASSIGNED_CONTEXT ( ( #5484 ) ) GLOBAL_UNIT_ASSIGNED_CONTEXT ( ( #2858, #3037, #1193 ) ) REPRESENTATION_CONTEXT ( 'NONE', 'WORKASPACE' ) );
#3582 = CARTESIAN_POINT ( 'NONE',  ( -0.7130408653846154188, 1.024999999999999911, 1.403846153846154188 ) ) ;
#3583 = CARTESIAN_POINT ( 'NONE',  ( 0.3279068673665953004, 1.035000000000000142, 0.9531584188986652606 ) ) ;
#3584 = CARTESIAN_POINT ( 'NONE',  ( -0.08290435250120309352, 1.024999999999999689, 1.224482152663803225 ) ) ;
#3585 = DIRECTION ( 'NONE',  ( -0.9950371902099890420, 0.000000000000000000, -0.09950371902099883203 ) ) ;
#3586 = CARTESIAN_POINT ( 'NONE',  ( -0.01171875000000011796, 1.034999999999999920, 0.8365384615384620082 ) ) ;
#3587 = EDGE_LOOP ( 'NONE', ( #202, #5918, #4252, #1595 ) ) ;
#3588 = CARTESIAN_POINT ( 'NONE',  ( -0.5865384615384614531, 1.024999999999999911, 0.7500000000000002220 ) ) ;
#3589 = ADVANCED_FACE ( 'NONE', ( #1188 ), #1666, .F. ) ;
#3590 = CARTESIAN_POINT ( 'NONE',  ( -0.1484107361920903312, 1.034999999999999920, 0.9276918119063909396 ) ) ;
#3591 = CARTESIAN_POINT ( 'NONE',  ( 0.2307692307692306155, 1.034999999999999920, 1.403846153846154410 ) ) ;
#3592 = ORIENTED_EDGE ( 'NONE', *, *, #10, .F. ) ;
#3593 =( LENGTH_UNIT ( ) NAMED_UNIT ( * ) SI_UNIT ( .MILLI., .METRE. ) );
#3594 = VECTOR ( 'NONE', #4879, 1000.000000000000000 ) ;
#3595 = CARTESIAN_POINT ( 'NONE',  ( -0.5923076923076919797, 1.035000000000000142, -0.09104567307692308653 ) ) ;
#3596 = CARTESIAN_POINT ( 'NONE',  ( 0.2938315446458319991, 1.024999999999999911, -0.9909036396552924897 ) ) ;
#3597 = FILL_AREA_STYLE ('',( #528 ) ) ;
#3598 = CARTESIAN_POINT ( 'NONE',  ( 0.1246845277369785371, 1.025000000000000133, 0.9708214919927359299 ) ) ;
#3599 = COLOUR_RGB ( '',1.000000000000000000, 1.000000000000000000, 1.000000000000000000 ) ;
#3600 = CARTESIAN_POINT ( 'NONE',  ( 0.5652043269230768718, 1.024999999999999911, 0.8365384615384617861 ) ) ;
#3601 = CARTESIAN_POINT ( 'NONE',  ( 0.5107572115384620970, 1.035000000000000142, -0.02223557692307692041 ) ) ;
#3602 = CARTESIAN_POINT ( 'NONE',  ( -0.1709775200025005493, 1.034999999999999920, 1.304503635857037436 ) ) ;
#3603 = SURFACE_STYLE_FILL_AREA ( #5637 ) ;
#3604 = FILL_AREA_STYLE ('',( #2090 ) ) ;
#3605 = SURFACE_STYLE_FILL_AREA ( #5056 ) ;
#3606 = CARTESIAN_POINT ( 'NONE',  ( 0.5003004807692308376, 1.024999999999999911, 1.219501201923077316 ) ) ;
#3607 = CARTESIAN_POINT ( 'NONE',  ( 0.4940187244218740004, 1.034999999999999920, 1.224482152663802781 ) ) ;
#3608 = CARTESIAN_POINT ( 'NONE',  ( 0.1246907728019100853, 1.034999999999999920, 0.9454479468394777486 ) ) ;
#3609 = CARTESIAN_POINT ( 'NONE',  ( -0.3593822592349284473, 1.024999999999999467, 0.9148849069587252636 ) ) ;
#3610 = PRODUCT_RELATED_PRODUCT_CATEGORY ( 'part', '', ( #3038 ) ) ;
#3611 = CARTESIAN_POINT ( 'NONE',  ( 0.2621031612083700724, 1.024999999999999911, -0.02505928498801309953 ) ) ;
#3612 = ORIENTED_EDGE ( 'NONE', *, *, #560, .F. ) ;
#3613 = B_SPLINE_CURVE_WITH_KNOTS ( 'NONE', 3,
 ( #1694, #3732, #4781, #1255, #5716, #4761, #3249, #4827, #5735, #5235, #1727, #4272, #2762, #5218, #241, #5784, #6278, #1181, #2704 ),
 .UNSPECIFIED., .F., .F.,
 ( 4, 1, 1, 1, 1, 1, 1, 1, 1, 1, 1, 1, 1, 1, 1, 1, 4 ),
 ( 0.000000000000000000, 0.1114096600426612849, 0.2145263672558016255, 0.3094172254458341653, 0.3960871907990313745, 0.4742842164262462412, 0.5443738816396979097, 0.6064195628105362168, 0.6605816023749734311, 0.7097938180647576090, 0.7564506485918284229, 0.8007673253039321315, 0.8431682879413345821, 0.8842948685500490180, 0.9238845020552842735, 0.9623587101392159227, 1.000000000000000000 ),
 .UNSPECIFIED. ) ;
#3615 = LINE ( 'NONE', #4165, #2727 ) ;
#3614 = DIRECTION ( 'NONE',  ( -1.000000000000000000, 0.000000000000000000, 0.000000000000000000 ) ) ;
#3616 = CARTESIAN_POINT ( 'NONE',  ( -0.3824869941083212099, 1.025000000000000133, 1.067602144398379194 ) ) ;
#3617 = CARTESIAN_POINT ( 'NONE',  ( 0.3412806957652999573, 1.024999999999999911, 0.8912785242938491281 ) ) ;
#3618 = CARTESIAN_POINT ( 'NONE',  ( 0.3173076923076922351, 1.034999999999999920, 1.500000000000000222 ) ) ;
#3619 = ORIENTED_EDGE ( 'NONE', *, *, #5754, .T. ) ;
#3620 = LINE ( 'NONE', #429, #5956 ) ;
#3621 = COLOUR_RGB ( '',1.000000000000000000, 1.000000000000000000, 1.000000000000000000 ) ;
#3622 = STYLED_ITEM ( 'NONE', ( #4894 ), #2025 ) ;
#3623 = CARTESIAN_POINT ( 'NONE',  ( -0.5923076923076919797, 1.024999999999999689, -0.09104567307692308653 ) ) ;
#3624 =( LENGTH_UNIT ( ) NAMED_UNIT ( * ) SI_UNIT ( .MILLI., .METRE. ) );
#3625 = PLANE ( 'NONE',  #459 ) ;
#3626 = CARTESIAN_POINT ( 'NONE',  ( -0.6594614132106191295, 1.034999999999999920, 0.7572851291288785758 ) ) ;
#3627 = ORIENTED_EDGE ( 'NONE', *, *, #5847, .F. ) ;
#3628 = PRESENTATION_STYLE_ASSIGNMENT (( #4328 ) ) ;
#3629 = CARTESIAN_POINT ( 'NONE',  ( 0.3075481962512565115, 1.024999999999999467, 0.1204008754419296778 ) ) ;
#3630 = PRESENTATION_STYLE_ASSIGNMENT (( #5357 ) ) ;
#3631 = COLOUR_RGB ( '',1.000000000000000000, 1.000000000000000000, 1.000000000000000000 ) ;
#3632 = CARTESIAN_POINT ( 'NONE',  ( 0.3370346671733435717, 1.034999999999999920, 1.406614822300994438 ) ) ;
#3633 = FILL_AREA_STYLE_COLOUR ( '', #2662 ) ;
#3634 = EDGE_CURVE ( 'NONE', #5722, #53, #6090, .T. ) ;
#3635 =( GEOMETRIC_REPRESENTATION_CONTEXT ( 3 ) GLOBAL_UNCERTAINTY_ASSIGNED_CONTEXT ( ( #5350 ) ) GLOBAL_UNIT_ASSIGNED_CONTEXT ( ( #3675, #1033, #1131 ) ) REPRESENTATION_CONTEXT ( 'NONE', 'WORKASPACE' ) );
#3636 = PRESENTATION_LAYER_ASSIGNMENT (  '', '', ( #2843 ) ) ;
#3637 = CARTESIAN_POINT ( 'NONE',  ( 0.4232549001006278844, 1.035000000000000142, 0.9660415190853474110 ) ) ;
#3638 = CARTESIAN_POINT ( 'NONE',  ( -0.7059367106789888879, 1.034999999999999920, 1.263398958623645596 ) ) ;
#3639 = SURFACE_SIDE_STYLE ('',( #3549 ) ) ;
#3640 =( NAMED_UNIT ( * ) PLANE_ANGLE_UNIT ( ) SI_UNIT ( $, .RADIAN. ) );
#3641 = CARTESIAN_POINT ( 'NONE',  ( 0.5701670997292723753, 1.024999999999999911, 0.8366587838276426936 ) ) ;
#3642 = CARTESIAN_POINT ( 'NONE',  ( -0.6118870285339792492, 1.025000000000000133, 0.7505253949516117462 ) ) ;
#3643 = SURFACE_STYLE_FILL_AREA ( #2303 ) ;
#3644 = B_SPLINE_CURVE_WITH_KNOTS ( 'NONE', 3,
 ( #2652, #5171, #6206, #612, #3652, #648, #4145 ),
 .UNSPECIFIED., .F., .F.,
 ( 4, 1, 1, 1, 4 ),
 ( 0.000000000000000000, 0.2526433275832366543, 0.5044398525799862476, 0.7504068042814560080, 1.000000000000000000 ),
 .UNSPECIFIED. ) ;
#3645 = VECTOR ( 'NONE', #4132, 1000.000000000000000 ) ;
#3646 = EDGE_CURVE ( 'NONE', #5467, #2616, #4581, .T. ) ;
#3647 = CARTESIAN_POINT ( 'NONE',  ( -0.2831391832459439484, 1.034999999999999698, 0.1912586387461336357 ) ) ;
#3648 = CARTESIAN_POINT ( 'NONE',  ( -0.7595361534264861714, 1.034999999999999920, -0.002815824034507942268 ) ) ;
#3649 = CARTESIAN_POINT ( 'NONE',  ( -0.1400841346153841038, 1.024999999999999911, -0.9344951923076924016 ) ) ;
#3650 = SURFACE_STYLE_USAGE ( .BOTH. , #1127 ) ;
#3651 = ORIENTED_EDGE ( 'NONE', *, *, #2489, .T. ) ;
#3652 = CARTESIAN_POINT ( 'NONE',  ( -0.8316137394045788334, 1.024999999999999911, 1.449348915395678894 ) ) ;
#3653 = VECTOR ( 'NONE', #739, 1000.000000000000000 ) ;
#3654 = CARTESIAN_POINT ( 'NONE',  ( -0.7398370312623998579, 1.024999999999999911, 0.08450636470554295787 ) ) ;
#3655 = CARTESIAN_POINT ( 'NONE',  ( -0.1266930835313141712, 1.034999999999999920, -0.9446960006424259815 ) ) ;
#3656 = CARTESIAN_POINT ( 'NONE',  ( -0.4259157166336094980, 1.035000000000000142, 1.132741021815065530 ) ) ;
#3657 = CARTESIAN_POINT ( 'NONE',  ( -0.6942745351875394544, 1.034999999999999920, 1.378555665817289055 ) ) ;
#3658 = SURFACE_STYLE_FILL_AREA ( #5074 ) ;
#3659 = DIRECTION ( 'NONE',  ( 0.000000000000000000, 0.000000000000000000, -1.000000000000000000 ) ) ;
#3660 =( NAMED_UNIT ( * ) SI_UNIT ( $, .STERADIAN. ) SOLID_ANGLE_UNIT ( ) );
#3661 = CARTESIAN_POINT ( 'NONE',  ( 1.849999999999999645, 1.024999999999999911, 1.849999999999999423 ) ) ;
#3662 = DIRECTION ( 'NONE',  ( -1.000000000000000000, 0.000000000000000000, 3.516331370223257730E-16 ) ) ;
#3663 = FILL_AREA_STYLE ('',( #1986 ) ) ;
#3664 = ADVANCED_FACE ( 'NONE', ( #2691 ), #548, .T. ) ;
#3665 = EDGE_LOOP ( 'NONE', ( #5628, #3754, #555, #5301 ) ) ;
#3666 = EDGE_CURVE ( 'NONE', #5842, #3030, #1050, .T. ) ;
#3667 =( NAMED_UNIT ( * ) SI_UNIT ( $, .STERADIAN. ) SOLID_ANGLE_UNIT ( ) );
#3668 = SURFACE_SIDE_STYLE ('',( #1222 ) ) ;
#3669 = CARTESIAN_POINT ( 'NONE',  ( 0.08571969618865675489, 1.025000000000000355, 0.7644335898809591079 ) ) ;
#3670 = CARTESIAN_POINT ( 'NONE',  ( -0.5712790676093170150, 1.025000000000000355, 0.04666810681196591898 ) ) ;
#3671 = FILL_AREA_STYLE ('',( #1620 ) ) ;
#3672 = STYLED_ITEM ( 'NONE', ( #989 ), #1416 ) ;
#3673 = ORIENTED_EDGE ( 'NONE', *, *, #5192, .T. ) ;
#3674 = UNCERTAINTY_MEASURE_WITH_UNIT (LENGTH_MEASURE( 1.000000000000000082E-05 ), #4407, 'distance_accuracy_value', 'NONE');
#3675 =( LENGTH_UNIT ( ) NAMED_UNIT ( * ) SI_UNIT ( .MILLI., .METRE. ) );
#3676 = CARTESIAN_POINT ( 'NONE',  ( 0.1246845277369785371, 1.035000000000000142, 0.9708214919927359299 ) ) ;
#3677 = CARTESIAN_POINT ( 'NONE',  ( 0.7587114694767590484, 1.034999999999999920, 1.090131206510948969 ) ) ;
#3678 = ORIENTED_EDGE ( 'NONE', *, *, #5703, .F. ) ;
#3679 = CARTESIAN_POINT ( 'NONE',  ( 0.8013403303447494963, 1.035000000000000142, -0.2830949145059511451 ) ) ;
#3680 = EDGE_CURVE ( 'NONE', #1512, #2758, #1021, .T. ) ;
#3681 = CARTESIAN_POINT ( 'NONE',  ( 0.5230769230769236611, 1.024999999999999689, -1.066406250000000000 ) ) ;
#3682 = CARTESIAN_POINT ( 'NONE',  ( -0.5165652840014129943, 1.024999999999999689, -0.7812224859088601203 ) ) ;
#3683 = CARTESIAN_POINT ( 'NONE',  ( 0.6969651048187054387, 1.024999999999999689, 0.9216901571185674991 ) ) ;
#3684 = CARTESIAN_POINT ( 'NONE',  ( -0.8269230769230768718, 1.024999999999999911, 0.9615384615384615641 ) ) ;
#3685 =( NAMED_UNIT ( * ) SI_UNIT ( $, .STERADIAN. ) SOLID_ANGLE_UNIT ( ) );
#3686 = SURFACE_STYLE_FILL_AREA ( #1928 ) ;
#3687 = FILL_AREA_STYLE_COLOUR ( '', #3993 ) ;
#3688 = CARTESIAN_POINT ( 'NONE',  ( 0.7019230769230769829, 1.034999999999999920, 0.9579326923076925127 ) ) ;
#3689 = CARTESIAN_POINT ( 'NONE',  ( -0.5917129518049482062, 1.024999999999999911, -0.07157377934745505488 ) ) ;
#3690 = CARTESIAN_POINT ( 'NONE',  ( -0.4177972095128741348, 1.034999999999999920, 0.8091909101105898561 ) ) ;
#3691 = ORIENTED_EDGE ( 'NONE', *, *, #6290, .F. ) ;
#3692 = CARTESIAN_POINT ( 'NONE',  ( 0.2195110356128048001, 1.034999999999999920, -0.8931975061414779704 ) ) ;
#3693 = FACE_OUTER_BOUND ( 'NONE', #2332, .T. ) ;
#3694 = FILL_AREA_STYLE_COLOUR ( '', #4404 ) ;
#3695 =( LENGTH_UNIT ( ) NAMED_UNIT ( * ) SI_UNIT ( .MILLI., .METRE. ) );
#3696 = EDGE_CURVE ( 'NONE', #4565, #1601, #4769, .T. ) ;
#3697 = CARTESIAN_POINT ( 'NONE',  ( 0.6544772024941873934, 1.025000000000000133, 0.8631895418681122534 ) ) ;
#3698 = LINE ( 'NONE', #3342, #193 ) ;
#3699 = DIRECTION ( 'NONE',  ( -0.000000000000000000, -1.000000000000000000, -0.000000000000000000 ) ) ;
#3700 = MECHANICAL_DESIGN_GEOMETRIC_PRESENTATION_REPRESENTATION (  '', ( #3265 ), #6276 ) ;
#3701 = EDGE_LOOP ( 'NONE', ( #2659, #6388, #1743, #6347 ) ) ;
#3702 = FILL_AREA_STYLE ('',( #3687 ) ) ;
#3703 = CARTESIAN_POINT ( 'NONE',  ( 0.5174975620148425381, 1.034999999999999920, 0.7531031900268575496 ) ) ;
#3704 = SURFACE_STYLE_FILL_AREA ( #1553 ) ;
#3705 = FACE_OUTER_BOUND ( 'NONE', #2342, .T. ) ;
#3706 = CARTESIAN_POINT ( 'NONE',  ( 0.5107572115384620970, 1.035000000000000142, -0.02223557692307692041 ) ) ;
#3707 = SURFACE_SIDE_STYLE ('',( #5911 ) ) ;
#3708 = MECHANICAL_DESIGN_GEOMETRIC_PRESENTATION_REPRESENTATION (  '', ( #541 ), #2364 ) ;
#3709 =( NAMED_UNIT ( * ) PLANE_ANGLE_UNIT ( ) SI_UNIT ( $, .RADIAN. ) );
#3710 = CARTESIAN_POINT ( 'NONE',  ( -0.04838994535178251649, 1.035000000000000142, 1.195738238068862369 ) ) ;
#3711 = CARTESIAN_POINT ( 'NONE',  ( 0.8076923076923077094, 1.034999999999999920, 1.500000000000000222 ) ) ;
#3712 = ORIENTED_EDGE ( 'NONE', *, *, #1851, .T. ) ;
#3713 = EDGE_CURVE ( 'NONE', #4499, #2375, #1380, .T. ) ;
#3714 = CARTESIAN_POINT ( 'NONE',  ( 0.4215144230769235500, 1.034999999999999920, -1.232271634615384581 ) ) ;
#3715 = CARTESIAN_POINT ( 'NONE',  ( 0.3999451352814074045, 1.035000000000000142, -0.8413258239733425459 ) ) ;
#3716 = SURFACE_SIDE_STYLE ('',( #2717 ) ) ;
#3717 = CARTESIAN_POINT ( 'NONE',  ( -0.7831691428522710163, 1.025000000000000133, 0.8340822251097764761 ) ) ;
#3718 = COLOUR_RGB ( '',0.4980392156862745168, 0.4980392156862745168, 0.4980392156862745168 ) ;
#3719 = CARTESIAN_POINT ( 'NONE',  ( -0.6818022387018594088, 1.035000000000000142, 0.8636569804084180957 ) ) ;
#3720 = SURFACE_STYLE_FILL_AREA ( #2466 ) ;
#3721 = FILL_AREA_STYLE ('',( #2692 ) ) ;
#3722 = CARTESIAN_POINT ( 'NONE',  ( 0.2211538461538460343, 1.034999999999999920, 0.9570312500000004441 ) ) ;
#3723 = CARTESIAN_POINT ( 'NONE',  ( 0.8076923076923077094, 1.034999999999999920, 1.403846153846154188 ) ) ;
#3724 = VECTOR ( 'NONE', #6538, 1000.000000000000000 ) ;
#3725 = STYLED_ITEM ( 'NONE', ( #2805 ), #5606 ) ;
#3726 = CARTESIAN_POINT ( 'NONE',  ( -0.3593822592349284473, 1.034999999999999476, 0.9148849069587252636 ) ) ;
#3727 = CARTESIAN_POINT ( 'NONE',  ( 0.1248956125333308687, 1.025000000000000133, 0.9621975019446509236 ) ) ;
#3728 = DIRECTION ( 'NONE',  ( -1.000000000000000000, 0.000000000000000000, 0.000000000000000000 ) ) ;
#3729 = ORIENTED_EDGE ( 'NONE', *, *, #1728, .F. ) ;
#3730 = CARTESIAN_POINT ( 'NONE',  ( 0.3273737980769230727, 1.034999999999999920, 1.433293269230769384 ) ) ;
#3731 = VERTEX_POINT ( 'NONE', #1426 ) ;
#3732 = CARTESIAN_POINT ( 'NONE',  ( -0.6438953436732306468, 1.024999999999999911, 1.211378676326420933 ) ) ;
#3733 = CARTESIAN_POINT ( 'NONE',  ( -0.2596254240763162247, 1.024999999999999911, 1.494285306604468122 ) ) ;
#3734 = CARTESIAN_POINT ( 'NONE',  ( -0.7945177219948019731, 1.034999999999999920, 0.8517178425193885349 ) ) ;
#3735 = CARTESIAN_POINT ( 'NONE',  ( -0.6818022387018594088, 1.025000000000000133, 0.8636569804084180957 ) ) ;
#3736 = ORIENTED_EDGE ( 'NONE', *, *, #1789, .T. ) ;
#3737 =( GEOMETRIC_REPRESENTATION_CONTEXT ( 3 ) GLOBAL_UNCERTAINTY_ASSIGNED_CONTEXT ( ( #394 ) ) GLOBAL_UNIT_ASSIGNED_CONTEXT ( ( #2199, #645, #4204 ) ) REPRESENTATION_CONTEXT ( 'NONE', 'WORKASPACE' ) );
#3738 =( NAMED_UNIT ( * ) SI_UNIT ( $, .STERADIAN. ) SOLID_ANGLE_UNIT ( ) );
#3739 = EDGE_LOOP ( 'NONE', ( #5708, #1990, #5473, #3259, #2424, #1561, #5891, #517, #854, #2675, #225, #93, #2020 ) ) ;
#3740 = CARTESIAN_POINT ( 'NONE',  ( -0.4707154316245898418, 1.025000000000000133, 0.7728591684128818251 ) ) ;
#3741 = COLOUR_RGB ( '',1.000000000000000000, 1.000000000000000000, 1.000000000000000000 ) ;
#3742 = CARTESIAN_POINT ( 'NONE',  ( -0.8168114866728102275, 1.024999999999999689, 1.406614822300993994 ) ) ;
#3743 = MECHANICAL_DESIGN_GEOMETRIC_PRESENTATION_REPRESENTATION (  '', ( #3080 ), #4086 ) ;
#3744 = PRESENTATION_LAYER_ASSIGNMENT (  '', '', ( #4215 ) ) ;
#3745 = EDGE_CURVE ( 'NONE', #703, #5362, #4123, .T. ) ;
#3746 = PRESENTATION_STYLE_ASSIGNMENT (( #1239 ) ) ;
#3747 = DIRECTION ( 'NONE',  ( 1.000000000000000000, 0.000000000000000000, 0.000000000000000000 ) ) ;
#3748 = CARTESIAN_POINT ( 'NONE',  ( 0.5230769230769236611, 1.034999999999999920, -1.066406250000000000 ) ) ;
#3749 =( LENGTH_UNIT ( ) NAMED_UNIT ( * ) SI_UNIT ( .MILLI., .METRE. ) );
#3750 = CARTESIAN_POINT ( 'NONE',  ( -0.6464977844380425109, 1.025000000000000133, 0.8451883045114931825 ) ) ;
#3751 = PRESENTATION_STYLE_ASSIGNMENT (( #5524 ) ) ;
#3752 = CARTESIAN_POINT ( 'NONE',  ( 0.3348163529023472917, 1.025000000000000133, -1.038770230689263885 ) ) ;
#3753 = CARTESIAN_POINT ( 'NONE',  ( -0.3336405278139464303, 1.035000000000000364, -0.7476885298322695217 ) ) ;
#3754 = ORIENTED_EDGE ( 'NONE', *, *, #888, .F. ) ;
#3755 = COLOUR_RGB ( '',1.000000000000000000, 1.000000000000000000, 1.000000000000000000 ) ;
#3756 = CARTESIAN_POINT ( 'NONE',  ( -0.5609714026911809537, 1.025000000000000133, 0.7504378068874775209 ) ) ;
#3757 = CARTESIAN_POINT ( 'NONE',  ( -0.3461538461538462008, 1.034999999999999920, 1.500000000000000222 ) ) ;
#3758 = CARTESIAN_POINT ( 'NONE',  ( -0.6598274294242799654, 1.025000000000000133, 1.224482152663803003 ) ) ;
#3759 = VERTEX_POINT ( 'NONE', #3900 ) ;
#3760 = LINE ( 'NONE', #1330, #904 ) ;
#3761 = CARTESIAN_POINT ( 'NONE',  ( 0.5899939903846154188, 1.034999999999999920, 1.264723557692307931 ) ) ;
#3762 = DIRECTION ( 'NONE',  ( -0.000000000000000000, -1.000000000000000000, -0.000000000000000000 ) ) ;
#3763 = ORIENTED_EDGE ( 'NONE', *, *, #4779, .T. ) ;
#3764 = CARTESIAN_POINT ( 'NONE',  ( 0.5497883491926220945, 1.024999999999999689, 0.8368925012777318484 ) ) ;
#3765 = SURFACE_STYLE_USAGE ( .BOTH. , #2726 ) ;
#3766 = CYLINDRICAL_SURFACE ( 'NONE', #3349, 0.1500000000000001887 ) ;
#3767 = UNCERTAINTY_MEASURE_WITH_UNIT (LENGTH_MEASURE( 1.000000000000000082E-05 ), #6426, 'distance_accuracy_value', 'NONE');
#3768 = MECHANICAL_DESIGN_GEOMETRIC_PRESENTATION_REPRESENTATION (  '', ( #2629 ), #1488 ) ;
#3769 = CARTESIAN_POINT ( 'NONE',  ( -1.850000000000000089, 1.024999999999999911, -2.000000000000000888 ) ) ;
#3770 = MECHANICAL_DESIGN_GEOMETRIC_PRESENTATION_REPRESENTATION (  '', ( #2270 ), #587 ) ;
#3771 = FILL_AREA_STYLE ('',( #685 ) ) ;
#3772 = CARTESIAN_POINT ( 'NONE',  ( -0.5638521634615384359, 1.024999999999999689, 1.264723557692307931 ) ) ;
#3773 = VECTOR ( 'NONE', #3728, 1000.000000000000000 ) ;
#3774 = CARTESIAN_POINT ( 'NONE',  ( -0.1235576923076918271, 1.035000000000000142, -1.129507211538461675 ) ) ;
#3775 =( GEOMETRIC_REPRESENTATION_CONTEXT ( 3 ) GLOBAL_UNCERTAINTY_ASSIGNED_CONTEXT ( ( #3143 ) ) GLOBAL_UNIT_ASSIGNED_CONTEXT ( ( #3803, #5806, #2311 ) ) REPRESENTATION_CONTEXT ( 'NONE', 'WORKASPACE' ) );
#3776 = CARTESIAN_POINT ( 'NONE',  ( 0.7979415460872331112, 1.024999999999999245, 0.9498072415089909848 ) ) ;
#3777 = CARTESIAN_POINT ( 'NONE',  ( 1.849999999999999645, 1.024999999999999911, 2.000000000000000000 ) ) ;
#3778 =( NAMED_UNIT ( * ) SI_UNIT ( $, .STERADIAN. ) SOLID_ANGLE_UNIT ( ) );
#3779 = CARTESIAN_POINT ( 'NONE',  ( 0.5348747006388974157, 1.035000000000000142, 0.8385981092399692471 ) ) ;
#3780 = EDGE_CURVE ( 'NONE', #5214, #1522, #4068, .T. ) ;
#3781 = LINE ( 'NONE', #937, #4031 ) ;
#3782 = CARTESIAN_POINT ( 'NONE',  ( 0.5508732536577788386, 1.035000000000000142, -0.2345128082822559301 ) ) ;
#3783 = CARTESIAN_POINT ( 'NONE',  ( 1.849999999999999645, 1.024999999999999911, -2.000000000000000888 ) ) ;
#3784 =( LENGTH_UNIT ( ) NAMED_UNIT ( * ) SI_UNIT ( .MILLI., .METRE. ) );
#3785 = CARTESIAN_POINT ( 'NONE',  ( 0.8382453916543842753, 1.035000000000000364, -0.3426942379960157825 ) ) ;
#3786 = CARTESIAN_POINT ( 'NONE',  ( -0.6812626622298580958, 1.034999999999999920, 0.7631169127271655306 ) ) ;
#3787 = CARTESIAN_POINT ( 'NONE',  ( -0.4522385491860982931, 1.034999999999999698, 0.9708214919927355968 ) ) ;
#3788 = LINE ( 'NONE', #6408, #1179 ) ;
#3789 = CARTESIAN_POINT ( 'NONE',  ( 0.1660975507892901992, 1.034999999999999920, 1.113162156003708159 ) ) ;
#3790 = CARTESIAN_POINT ( 'NONE',  ( -0.3927084994808447416, 1.034999999999999698, 0.1873888445340720077 ) ) ;
#3791 = CARTESIAN_POINT ( 'NONE',  ( -0.3559759492377870815, 1.034999999999999920, 0.9644531001897752587 ) ) ;
#3792 =( LENGTH_UNIT ( ) NAMED_UNIT ( * ) SI_UNIT ( .MILLI., .METRE. ) );
#3793 = VERTEX_POINT ( 'NONE', #2348 ) ;
#3794 = VERTEX_POINT ( 'NONE', #4961 ) ;
#3795 = PRESENTATION_LAYER_ASSIGNMENT (  '', '', ( #2191 ) ) ;
#3796 = DIRECTION ( 'NONE',  ( -0.000000000000000000, -1.000000000000000000, -0.000000000000000000 ) ) ;
#3797 = FILL_AREA_STYLE ('',( #5761 ) ) ;
#3798 = ORIENTED_EDGE ( 'NONE', *, *, #5890, .T. ) ;
#3799 = CARTESIAN_POINT ( 'NONE',  ( 0.4620248136474141565, 1.025000000000000133, 0.8721003435082631539 ) ) ;
#3800 = ADVANCED_FACE ( 'NONE', ( #4200 ), #2867, .T. ) ;
#3801 = VERTEX_POINT ( 'NONE', #2359 ) ;
#3802 =( LENGTH_UNIT ( ) NAMED_UNIT ( * ) SI_UNIT ( .MILLI., .METRE. ) );
#3803 =( LENGTH_UNIT ( ) NAMED_UNIT ( * ) SI_UNIT ( .MILLI., .METRE. ) );
#3804 = ADVANCED_FACE ( 'NONE', ( #942 ), #5098, .T. ) ;
#3805 = CARTESIAN_POINT ( 'NONE',  ( -0.2495492788461539657, 1.034999999999999920, 1.433293269230769607 ) ) ;
#3806 = CARTESIAN_POINT ( 'NONE',  ( 0.6641375723274111076, 1.034999999999999698, 0.8715447404585627833 ) ) ;
#3807 =( NAMED_UNIT ( * ) PLANE_ANGLE_UNIT ( ) SI_UNIT ( $, .RADIAN. ) );
#3808 = ORIENTED_EDGE ( 'NONE', *, *, #2195, .F. ) ;
#3809 = CARTESIAN_POINT ( 'NONE',  ( -0.5349638473838986830, 1.034999999999999698, 1.111914594161550918 ) ) ;
#3810 = B_SPLINE_CURVE_WITH_KNOTS ( 'NONE', 3,
 ( #5472, #6030, #903, #3034, #4453, #6526, #392, #5981, #1418, #4979, #2961, #4612, #3579, #2067, #1581, #4037, #3598, #545, #1060 ),
 .UNSPECIFIED., .F., .F.,
 ( 4, 1, 1, 1, 1, 1, 1, 1, 1, 1, 1, 1, 1, 1, 1, 1, 4 ),
 ( 0.000000000000000000, 0.1114096600426611183, 0.2145263672558013757, 0.3094172254458344984, 0.3960871907990312080, 0.4742842164262463522, 0.5443738816396973546, 0.6064195628105359948, 0.6605816023749733201, 0.7097938180647574979, 0.7564506485918283119, 0.8007673253039319095, 0.8431682879413343601, 0.8842948685500483519, 0.9238845020552849396, 0.9623587101392159227, 1.000000000000000000 ),
 .UNSPECIFIED. ) ;
#3811 = CARTESIAN_POINT ( 'NONE',  ( 0.5708984756573782793, 1.024999999999999245, 1.280269342272169819 ) ) ;
#3812 = STYLED_ITEM ( 'NONE', ( #3830 ), #2917 ) ;
#3813 = DIRECTION ( 'NONE',  ( -1.106079984093971783E-13, 1.000000000000000000, 1.943139556023010686E-16 ) ) ;
#3814 = CARTESIAN_POINT ( 'NONE',  ( -0.1928609403983695125, 1.034999999999999920, 0.8183052022479981868 ) ) ;
#3815 = EDGE_CURVE ( 'NONE', #5091, #305, #2078, .T. ) ;
#3816 = CARTESIAN_POINT ( 'NONE',  ( -0.2743334047121316344, 1.034999999999999920, -1.025083165816942810 ) ) ;
#3817 = CARTESIAN_POINT ( 'NONE',  ( 0.7980769230769230171, 1.024999999999999467, 0.9570312500000002220 ) ) ;
#3818 = VERTEX_POINT ( 'NONE', #6304 ) ;
#3819 = STYLED_ITEM ( 'NONE', ( #2232 ), #6297 ) ;
#3820 = FILL_AREA_STYLE ('',( #4283 ) ) ;
#3821 = CARTESIAN_POINT ( 'NONE',  ( -0.5905545249870922664, 1.025000000000000133, -0.03364671067363699669 ) ) ;
#3822 = CARTESIAN_POINT ( 'NONE',  ( -0.7210733881017117319, 1.024999999999999911, 1.277465502956919075 ) ) ;
#3823 = EDGE_CURVE ( 'NONE', #1790, #4603, #3788, .T. ) ;
#3824 = PRESENTATION_STYLE_ASSIGNMENT (( #2688 ) ) ;
#3825 = ORIENTED_EDGE ( 'NONE', *, *, #3713, .T. ) ;
#3826 = CARTESIAN_POINT ( 'NONE',  ( -0.3106497177393194309, 1.034999999999999920, 0.1919601521312886416 ) ) ;
#3827 = CARTESIAN_POINT ( 'NONE',  ( 0.7505765765693429570, 1.024999999999999467, 0.8244472621065871420 ) ) ;
#3828 = CARTESIAN_POINT ( 'NONE',  ( -0.3713294895848328059, 1.025000000000000133, -0.9405298950300245986 ) ) ;
#3829 = CARTESIAN_POINT ( 'NONE',  ( 0.3501610619365932431, 1.035000000000000142, 1.380799805016254655 ) ) ;
#3830 = PRESENTATION_STYLE_ASSIGNMENT (( #5388 ) ) ;
#3831 = CARTESIAN_POINT ( 'NONE',  ( 0.8076923076923077094, 1.034999999999999920, 1.500000000000000222 ) ) ;
#3832 = CARTESIAN_POINT ( 'NONE',  ( 0.5101741086146089899, 1.024999999999999467, 1.331288948873510680 ) ) ;
#3833 = COLOUR_RGB ( '',0.6470588235294117974, 0.5176470588235293491, 0.000000000000000000 ) ;
#3835 = LINE ( 'NONE', #2107, #4636 ) ;
#3834 =( GEOMETRIC_REPRESENTATION_CONTEXT ( 3 ) GLOBAL_UNCERTAINTY_ASSIGNED_CONTEXT ( ( #3973 ) ) GLOBAL_UNIT_ASSIGNED_CONTEXT ( ( #6448, #5103, #1506 ) ) REPRESENTATION_CONTEXT ( 'NONE', 'WORKASPACE' ) );
#3836 = CARTESIAN_POINT ( 'NONE',  ( -0.2175946450717252956, 1.035000000000000364, 0.8517178425193889790 ) ) ;
#3837 = CARTESIAN_POINT ( 'NONE',  ( -0.3713294895848328059, 1.034999999999999920, -0.9405298950300245986 ) ) ;
#3838 = CARTESIAN_POINT ( 'NONE',  ( 0.7974563114786952234, 1.035000000000000364, 0.9793131793324549861 ) ) ;
#3839 = ORIENTED_EDGE ( 'NONE', *, *, #976, .T. ) ;
#3840 = VECTOR ( 'NONE', #6406, 1000.000000000000227 ) ;
#3841 = CARTESIAN_POINT ( 'NONE',  ( 0.7637620192307699174, 1.035000000000000142, -0.2397836538461539380 ) ) ;
#3842 = DIRECTION ( 'NONE',  ( 1.000000000000000000, -0.000000000000000000, 0.000000000000000000 ) ) ;
#3843 = CARTESIAN_POINT ( 'NONE',  ( 0.08571969618865675489, 1.035000000000000364, 0.7644335898809591079 ) ) ;
#3844 = CARTESIAN_POINT ( 'NONE',  ( 0.4531931899134608588, 1.034999999999999920, -1.200958137612798016 ) ) ;
#3845 = ORIENTED_EDGE ( 'NONE', *, *, #894, .F. ) ;
#3846 = CARTESIAN_POINT ( 'NONE',  ( -0.5886418269230768718, 1.034999999999999920, 0.8365384615384617861 ) ) ;
#3847 = CARTESIAN_POINT ( 'NONE',  ( 0.01716579795666443170, 1.024999999999999911, 0.8385928700513111123 ) ) ;
#3848 =( NAMED_UNIT ( * ) SI_UNIT ( $, .STERADIAN. ) SOLID_ANGLE_UNIT ( ) );
#3849 = CARTESIAN_POINT ( 'NONE',  ( -0.1741733479791433004, 1.024999999999999911, -1.098788724700767050 ) ) ;
#3850 = CARTESIAN_POINT ( 'NONE',  ( 0.3806335665248694045, 1.035000000000000142, 1.334250950148672343 ) ) ;
#3851 = ORIENTED_EDGE ( 'NONE', *, *, #1025, .T. ) ;
#3852 = STYLED_ITEM ( 'NONE', ( #6419 ), #2766 ) ;
#3853 = LINE ( 'NONE', #2932, #5073 ) ;
#3854 = CARTESIAN_POINT ( 'NONE',  ( -0.5537936130820210190, 1.024999999999999911, 1.130708011491501797 ) ) ;
#3855 = PRESENTATION_LAYER_ASSIGNMENT (  '', '', ( #3526 ) ) ;
#3856 = CARTESIAN_POINT ( 'NONE',  ( -0.01818546753848115580, 1.035000000000000142, 0.7501776304870999557 ) ) ;
#3857 = DIRECTION ( 'NONE',  ( 0.000000000000000000, 0.000000000000000000, -1.000000000000000000 ) ) ;
#3858 = PRESENTATION_STYLE_ASSIGNMENT (( #2579 ) ) ;
#3859 = CARTESIAN_POINT ( 'NONE',  ( -0.7654117154578047311, 1.034999999999999920, -0.1138913059815343520 ) ) ;
#3860 = CARTESIAN_POINT ( 'NONE',  ( 0.3635385003409744020, 1.034999999999999920, -1.082922609674822123 ) ) ;
#3861 = CARTESIAN_POINT ( 'NONE',  ( 0.05835173303678203860, 1.034999999999999920, 1.094640769511485701 ) ) ;
#3862 = CARTESIAN_POINT ( 'NONE',  ( 0.2175408176881483413, 1.035000000000000142, 0.9148849069587258187 ) ) ;
#3863 =( GEOMETRIC_REPRESENTATION_CONTEXT ( 3 ) GLOBAL_UNCERTAINTY_ASSIGNED_CONTEXT ( ( #1776 ) ) GLOBAL_UNIT_ASSIGNED_CONTEXT ( ( #5577, #2463, #4097 ) ) REPRESENTATION_CONTEXT ( 'NONE', 'WORKASPACE' ) );
#3864 = LINE ( 'NONE', #4971, #4520 ) ;
#3865 = SURFACE_SIDE_STYLE ('',( #4174 ) ) ;
#3866 = ORIENTED_EDGE ( 'NONE', *, *, #1639, .F. ) ;
#3867 = CARTESIAN_POINT ( 'NONE',  ( 0.4160778691295344833, 1.024999999999999467, -0.8630590810234309851 ) ) ;
#3868 = ADVANCED_FACE ( 'NONE', ( #2133 ), #4867, .T. ) ;
#3869 =( NAMED_UNIT ( * ) PLANE_ANGLE_UNIT ( ) SI_UNIT ( $, .RADIAN. ) );
#3870 = CARTESIAN_POINT ( 'NONE',  ( -0.1741733479791433004, 1.034999999999999920, -1.098788724700767050 ) ) ;
#3871 = SURFACE_STYLE_USAGE ( .BOTH. , #5406 ) ;
#3872 = CARTESIAN_POINT ( 'NONE',  ( -0.6253130222748592981, 1.034999999999999920, 1.195738238068861925 ) ) ;
#3873 = VERTEX_POINT ( 'NONE', #1390 ) ;
#3874 = CARTESIAN_POINT ( 'NONE',  ( 0.8243678017637242617, 1.024999999999999911, -0.4501949696066830375 ) ) ;
#3875 = ORIENTED_EDGE ( 'NONE', *, *, #6290, .T. ) ;
#3876 = CARTESIAN_POINT ( 'NONE',  ( 0.7377506108318956368, 1.035000000000000142, -0.3959859115656119699 ) ) ;
#3877 = CARTESIAN_POINT ( 'NONE',  ( -0.5243458283257840247, 1.035000000000000142, 0.3155960902458150308 ) ) ;
#3878 = CARTESIAN_POINT ( 'NONE',  ( -0.1247984203503666734, 1.034999999999999920, 0.7708032052688811309 ) ) ;
#3879 = CARTESIAN_POINT ( 'NONE',  ( -0.1247728563804208352, 1.024999999999999467, 0.3173738862081202372 ) ) ;
#3880 = ORIENTED_EDGE ( 'NONE', *, *, #1527, .F. ) ;
#3881 = CARTESIAN_POINT ( 'NONE',  ( 0.7835722909579158069, 1.034999999999999920, -0.2616051572647334345 ) ) ;
#3882 = CARTESIAN_POINT ( 'NONE',  ( -0.2596153846153848033, 1.024999999999999911, 1.500000000000000444 ) ) ;
#3883 = CARTESIAN_POINT ( 'NONE',  ( 0.6174926027669854767, 1.035000000000000142, 0.7533978999952609668 ) ) ;
#3884 = CARTESIAN_POINT ( 'NONE',  ( 0.2060915372002209978, 1.024999999999999689, 0.8759254739018299540 ) ) ;
#3885 = ORIENTED_EDGE ( 'NONE', *, *, #1632, .T. ) ;
#3886 = VERTEX_POINT ( 'NONE', #5452 ) ;
#3887 =( GEOMETRIC_REPRESENTATION_CONTEXT ( 3 ) GLOBAL_UNCERTAINTY_ASSIGNED_CONTEXT ( ( #3062 ) ) GLOBAL_UNIT_ASSIGNED_CONTEXT ( ( #2024, #529, #2540 ) ) REPRESENTATION_CONTEXT ( 'NONE', 'WORKASPACE' ) );
#3888 = SURFACE_STYLE_USAGE ( .BOTH. , #3865 ) ;
#3889 = CARTESIAN_POINT ( 'NONE',  ( 0.3951000138174065035, 1.024999999999999689, -0.8359141373746954429 ) ) ;
#3890 = DIRECTION ( 'NONE',  ( -0.09950371902099884591, 0.000000000000000000, 0.9950371902099891530 ) ) ;
#3891 = CARTESIAN_POINT ( 'NONE',  ( 0.7016138497249870820, 1.034999999999999920, 0.9454479468394775266 ) ) ;
#3892 = CARTESIAN_POINT ( 'NONE',  ( 0.2690032743478595334, 1.035000000000000142, -1.114926609055453488 ) ) ;
#3893 =( NAMED_UNIT ( * ) SI_UNIT ( $, .STERADIAN. ) SOLID_ANGLE_UNIT ( ) );
#3894 = B_SPLINE_CURVE_WITH_KNOTS ( 'NONE', 3,
 ( #228, #5223, #188, #4241, #5944, #2438, #4319, #5836, #6468, #5343, #5507, #5483, #423, #764, #3978, #4964, #5461 ),
 .UNSPECIFIED., .F., .F.,
 ( 4, 1, 1, 1, 1, 1, 1, 1, 1, 1, 1, 1, 1, 1, 4 ),
 ( 0.000000000000000000, 0.03823400782736947889, 0.07717573414553512146, 0.1170349461603469726, 0.1576552057782703575, 0.2411027273318871178, 0.3263483256620565709, 0.4139312541954155433, 0.5030804128686517940, 0.5926037346473302936, 0.6805751152739308862, 0.7664029669045011595, 0.8492810361086622351, 0.9279093386235662821, 1.000000000000000000 ),
 .UNSPECIFIED. ) ;
#3895 = COLOUR_RGB ( '',1.000000000000000000, 1.000000000000000000, 1.000000000000000000 ) ;
#3896 = CARTESIAN_POINT ( 'NONE',  ( -0.8346377511422808926, 1.035000000000000142, 1.466000064178921702 ) ) ;
#3897 = STYLED_ITEM ( 'NONE', ( #6457 ), #3804 ) ;
#3898 = CARTESIAN_POINT ( 'NONE',  ( 0.7388950688223768770, 1.024999999999999689, -0.2139691438659765965 ) ) ;
#3899 = CARTESIAN_POINT ( 'NONE',  ( -0.05942551490823435451, 1.034999999999999920, 0.7531031900268579937 ) ) ;
#3900 = CARTESIAN_POINT ( 'NONE',  ( -0.009615384615384716532, 1.024999999999999911, 0.7500000000000004441 ) ) ;
#3901 = CARTESIAN_POINT ( 'NONE',  ( 0.7430206277123668768, 1.034999999999999476, 1.113162156003707715 ) ) ;
#3902 = ADVANCED_FACE ( 'NONE', ( #462 ), #1057, .T. ) ;
#3903 = VECTOR ( 'NONE', #2971, 1000.000000000000000 ) ;
#3904 = FILL_AREA_STYLE_COLOUR ( '', #1446 ) ;
#3905 =( NAMED_UNIT ( * ) SI_UNIT ( $, .STERADIAN. ) SOLID_ANGLE_UNIT ( ) );
#3906 = CARTESIAN_POINT ( 'NONE',  ( -0.7209575719071996680, 1.035000000000000142, 0.9148738954979116489 ) ) ;
#3907 = CARTESIAN_POINT ( 'NONE',  ( 0.006501761106951204836, 1.024999999999999911, 1.270071547984030325 ) ) ;
#3908 = EDGE_LOOP ( 'NONE', ( #4691, #3416, #4939, #5924 ) ) ;
#3909 = LINE ( 'NONE', #3364, #2986 ) ;
#3910 = CARTESIAN_POINT ( 'NONE',  ( -0.5836790541168817015, 1.024999999999999911, 0.8366587838276424716 ) ) ;
#3911 = CARTESIAN_POINT ( 'NONE',  ( -0.03485701459109043915, 1.024999999999999911, -1.176676445359459144 ) ) ;
#3912 = ORIENTED_EDGE ( 'NONE', *, *, #414, .T. ) ;
#3913 = CARTESIAN_POINT ( 'NONE',  ( 0.2209471276852897070, 1.024999999999999689, 0.9644531001897752587 ) ) ;
#3914 = CARTESIAN_POINT ( 'NONE',  ( 0.3370346671733435717, 1.034999999999999920, 1.406614822300994438 ) ) ;
#3915 = PRESENTATION_STYLE_ASSIGNMENT (( #1663 ) ) ;
#3916 =( NAMED_UNIT ( * ) PLANE_ANGLE_UNIT ( ) SI_UNIT ( $, .RADIAN. ) );
#3917 = CARTESIAN_POINT ( 'NONE',  ( -0.6927154494785483507, 1.025000000000000133, -0.4721535821819479173 ) ) ;
#3918 = ORIENTED_EDGE ( 'NONE', *, *, #4093, .T. ) ;
#3919 = ORIENTED_EDGE ( 'NONE', *, *, #384, .F. ) ;
#3920 =( LENGTH_UNIT ( ) NAMED_UNIT ( * ) SI_UNIT ( .MILLI., .METRE. ) );
#3921 =( GEOMETRIC_REPRESENTATION_CONTEXT ( 3 ) GLOBAL_UNCERTAINTY_ASSIGNED_CONTEXT ( ( #5821 ) ) GLOBAL_UNIT_ASSIGNED_CONTEXT ( ( #1228, #3709, #2222 ) ) REPRESENTATION_CONTEXT ( 'NONE', 'WORKASPACE' ) );
#3922 =( NAMED_UNIT ( * ) SI_UNIT ( $, .STERADIAN. ) SOLID_ANGLE_UNIT ( ) );
#3923 = LINE ( 'NONE', #1993, #6054 ) ;
#3924 = PLANE ( 'NONE',  #1997 ) ;
#3925 = CARTESIAN_POINT ( 'NONE',  ( 0.003478855374109763882, 1.024999999999999911, -1.027473186548486295 ) ) ;
#3926 = CARTESIAN_POINT ( 'NONE',  ( 0.7587114694767590484, 1.024999999999999467, 1.090131206510948969 ) ) ;
#3927 = COLOUR_RGB ( '',1.000000000000000000, 1.000000000000000000, 1.000000000000000000 ) ;
#3928 = B_SPLINE_CURVE_WITH_KNOTS ( 'NONE', 3,
 ( #4712, #1674, #1582, #1135, #3145, #1090, #5138, #2089, #4129, #102, #3657, #4666, #1631 ),
 .UNSPECIFIED., .F., .F.,
 ( 4, 1, 1, 1, 1, 1, 1, 1, 1, 1, 4 ),
 ( 0.000000000000000000, 0.1241996726524872002, 0.2368296581100271803, 0.3394949853062829703, 0.4312535100312248071, 0.5114548721194182024, 0.5812230366234584222, 0.6404953748643703593, 0.6883082049320179419, 0.8503329734146883867, 0.9999999999999998890 ),
 .UNSPECIFIED. ) ;
#3929 = CARTESIAN_POINT ( 'NONE',  ( 0.7886984142923576524, 1.025000000000000355, 1.023495007546663116 ) ) ;
#3930 = ORIENTED_EDGE ( 'NONE', *, *, #5767, .F. ) ;
#3931 = SURFACE_STYLE_USAGE ( .BOTH. , #3299 ) ;
#3932 = CARTESIAN_POINT ( 'NONE',  ( 0.5371149441797241630, 1.024999999999999911, 1.308609899621552941 ) ) ;
#3933 = CARTESIAN_POINT ( 'NONE',  ( -0.02384577843869551197, 1.024999999999999911, 1.295053357843855446 ) ) ;
#3934 = UNCERTAINTY_MEASURE_WITH_UNIT (LENGTH_MEASURE( 1.000000000000000082E-05 ), #105, 'distance_accuracy_value', 'NONE');
#3935 = CARTESIAN_POINT ( 'NONE',  ( 0.4702497597294386655, 1.035000000000000142, -1.180198572257634027 ) ) ;
#3936 = CARTESIAN_POINT ( 'NONE',  ( 0.6369730754219823377, 1.024999999999999689, -0.3053373295392651787 ) ) ;
#3937 = CARTESIAN_POINT ( 'NONE',  ( -0.4808639857458591460, 1.024999999999999689, 0.8804506858141276648 ) ) ;
#3938 = CARTESIAN_POINT ( 'NONE',  ( 0.05896144353619249545, 1.035000000000000142, -1.218549679676853570 ) ) ;
#3939 = ADVANCED_FACE ( 'NONE', ( #5908 ), #1580, .T. ) ;
#3940 = CARTESIAN_POINT ( 'NONE',  ( 0.05698605073057927406, 1.024999999999999467, 1.226931528156839368 ) ) ;
#3941 = CARTESIAN_POINT ( 'NONE',  ( -0.09384299234681901802, 1.024999999999999911, 0.8565253071957876774 ) ) ;
#3942 = AXIS2_PLACEMENT_3D ( 'NONE', #6507, #2592, #57 ) ;
#3943 = CARTESIAN_POINT ( 'NONE',  ( 0.6641375723274111076, 1.024999999999999689, 0.8715447404585627833 ) ) ;
#3944 = STYLED_ITEM ( 'NONE', ( #915 ), #2060 ) ;
#3945 = B_SPLINE_CURVE_WITH_KNOTS ( 'NONE', 3,
 ( #6081, #570, #1538, #1606, #1086, #5155, #502, #5654, #2559, #3656, #3074, #5076, #5564, #4057, #1016, #4757, #5213, #5248, #2207 ),
 .UNSPECIFIED., .F., .F.,
 ( 4, 1, 1, 1, 1, 1, 1, 1, 1, 1, 1, 1, 1, 1, 1, 1, 4 ),
 ( 0.000000000000000000, 0.05794487546232589964, 0.1160176254256826689, 0.1748257843638406361, 0.2346830900793710206, 0.2968270303289142764, 0.3640613359637882573, 0.4361924240497391247, 0.5142601195414410187, 0.5569758971654885649, 0.6048559283836539846, 0.6576752010734879805, 0.7157505846619325318, 0.7788397991664557374, 0.8475011894738632146, 0.9212282309463235563, 1.000000000000000000 ),
 .UNSPECIFIED. ) ;
#3946 = CARTESIAN_POINT ( 'NONE',  ( 0.5759803543715629193, 1.024999999999999911, 0.7501485095022860650 ) ) ;
#3947 = CARTESIAN_POINT ( 'NONE',  ( -0.7653846153846148859, 1.024999999999999911, -0.09855769230769233225 ) ) ;
#3948 = CARTESIAN_POINT ( 'NONE',  ( 0.09605909117721764257, 1.035000000000000142, 0.8804506858141281089 ) ) ;
#3949 = CARTESIAN_POINT ( 'NONE',  ( 0.3593284318513517150, 1.024999999999999911, 0.8517178425193882019 ) ) ;
#3950 = CARTESIAN_POINT ( 'NONE',  ( 0.3025240384615390798, 1.034999999999999920, -0.7884615384615384359 ) ) ;
#3951 = CARTESIAN_POINT ( 'NONE',  ( 0.5434891144720701561, 1.034999999999999920, -0.04732094589271203244 ) ) ;
#3952 = CARTESIAN_POINT ( 'NONE',  ( 0.5371149441797241630, 1.024999999999999245, 1.308609899621552941 ) ) ;
#3953 = CARTESIAN_POINT ( 'NONE',  ( 0.08571969618865675489, 1.025000000000000133, 0.7644335898809591079 ) ) ;
#3954 = EDGE_CURVE ( 'NONE', #4395, #4534, #2574, .T. ) ;
#3955 = ORIENTED_EDGE ( 'NONE', *, *, #5399, .T. ) ;
#3956 =( GEOMETRIC_REPRESENTATION_CONTEXT ( 3 ) GLOBAL_UNCERTAINTY_ASSIGNED_CONTEXT ( ( #6379 ) ) GLOBAL_UNIT_ASSIGNED_CONTEXT ( ( #2664, #1117, #5217 ) ) REPRESENTATION_CONTEXT ( 'NONE', 'WORKASPACE' ) );
#3957 = SURFACE_STYLE_FILL_AREA ( #1402 ) ;
#3958 = CARTESIAN_POINT ( 'NONE',  ( 0.7279304372125445788, 1.025000000000000355, 1.132741021815065974 ) ) ;
#3959 =( NAMED_UNIT ( * ) SI_UNIT ( $, .STERADIAN. ) SOLID_ANGLE_UNIT ( ) );
#3960 = CARTESIAN_POINT ( 'NONE',  ( 0.4264246871617130008, 1.024999999999999689, -1.228171464447248118 ) ) ;
#3961 = EDGE_CURVE ( 'NONE', #7, #883, #2602, .T. ) ;
#3962 = ORIENTED_EDGE ( 'NONE', *, *, #95, .T. ) ;
#3963 = STYLED_ITEM ( 'NONE', ( #1628 ), #5853 ) ;
#3964 = CARTESIAN_POINT ( 'NONE',  ( -0.6942745351875394544, 1.024999999999999467, 1.378555665817289055 ) ) ;
#3965 =( NAMED_UNIT ( * ) PLANE_ANGLE_UNIT ( ) SI_UNIT ( $, .RADIAN. ) );
#3966 = CARTESIAN_POINT ( 'NONE',  ( 0.1660975507892901992, 1.024999999999999689, 1.113162156003708159 ) ) ;
#3967 = CARTESIAN_POINT ( 'NONE',  ( -0.01171875000000011796, 1.024999999999999911, 0.8365384615384620082 ) ) ;
#3968 = ORIENTED_EDGE ( 'NONE', *, *, #4824, .F. ) ;
#3969 = CARTESIAN_POINT ( 'NONE',  ( 0.6807072769067453732, 1.034999999999999698, 0.8900286707375894002 ) ) ;
#3970 = ORIENTED_EDGE ( 'NONE', *, *, #4690, .T. ) ;
#3971 = CARTESIAN_POINT ( 'NONE',  ( 0.6791238268427108871, 1.024999999999999689, 1.036833623450326591 ) ) ;
#3972 = CARTESIAN_POINT ( 'NONE',  ( 0.1227473827252340277, 1.035000000000000142, 0.9333452975440976740 ) ) ;
#3973 = UNCERTAINTY_MEASURE_WITH_UNIT (LENGTH_MEASURE( 1.000000000000000082E-05 ), #6448, 'distance_accuracy_value', 'NONE');
#3974 = CARTESIAN_POINT ( 'NONE',  ( 0.4230769230769230171, 1.024999999999999689, 0.9711538461538463674 ) ) ;
#3975 = ORIENTED_EDGE ( 'NONE', *, *, #3745, .F. ) ;
#3976 = CARTESIAN_POINT ( 'NONE',  ( -0.03496395161090221082, 1.034999999999999920, 0.7505253949516117462 ) ) ;
#3977 = CARTESIAN_POINT ( 'NONE',  ( -0.2596454693482048159, 1.034999999999999698, 1.482875074157175677 ) ) ;
#3978 = CARTESIAN_POINT ( 'NONE',  ( 0.5508732536577788386, 1.025000000000000133, -0.2345128082822559301 ) ) ;
#3979 = PRESENTATION_LAYER_ASSIGNMENT (  '', '', ( #1171 ) ) ;
#3980 = CARTESIAN_POINT ( 'NONE',  ( 0.7974563114786952234, 1.025000000000000355, 0.9793131793324549861 ) ) ;
#3981 = CARTESIAN_POINT ( 'NONE',  ( -0.3559046077589207435, 1.034999999999999920, 0.9498072415089910958 ) ) ;
#3982 = CARTESIAN_POINT ( 'NONE',  ( 0.3105257572970913649, 1.034999999999999920, -0.7889372591678415203 ) ) ;
#3983 = CARTESIAN_POINT ( 'NONE',  ( 0.5230769230769236611, 1.024999999999999689, -1.066406250000000000 ) ) ;
#3984 = AXIS2_PLACEMENT_3D ( 'NONE', #6155, #6179, #620 ) ;
#3985 = CARTESIAN_POINT ( 'NONE',  ( 0.2855155418569315651, 1.024999999999999911, -1.268854646174933931 ) ) ;
#3986 = CARTESIAN_POINT ( 'NONE',  ( 0.5708984756573782793, 1.034999999999999920, 1.280269342272169819 ) ) ;
#3987 = LINE ( 'NONE', #5482, #6197 ) ;
#3988 = CARTESIAN_POINT ( 'NONE',  ( 0.1510073602894673184, 1.024999999999999911, 1.132741021815065752 ) ) ;
#3989 = CARTESIAN_POINT ( 'NONE',  ( -0.1239584053553315218, 1.024999999999999467, 0.8814623108698971254 ) ) ;
#3990 = CARTESIAN_POINT ( 'NONE',  ( 0.5798702866813263412, 1.024999999999999689, 0.8368940373264448507 ) ) ;
#3991 = ORIENTED_EDGE ( 'NONE', *, *, #640, .T. ) ;
#3992 = CARTESIAN_POINT ( 'NONE',  ( -0.8316137394045788334, 1.034999999999999920, 1.449348915395678894 ) ) ;
#3993 = COLOUR_RGB ( '',1.000000000000000000, 1.000000000000000000, 1.000000000000000000 ) ;
#3994 = STYLED_ITEM ( 'NONE', ( #2357 ), #3868 ) ;
#3995 = PLANE ( 'NONE',  #3160 ) ;
#3996 = CARTESIAN_POINT ( 'NONE',  ( 0.1246907728019100853, 1.034999999999999920, 0.9454479468394777486 ) ) ;
#3997 = CARTESIAN_POINT ( 'NONE',  ( 0.4232549001006278844, 1.035000000000000142, 0.9660415190853474110 ) ) ;
#3998 = SURFACE_STYLE_USAGE ( .BOTH. , #4620 ) ;
#3999 = CARTESIAN_POINT ( 'NONE',  ( 0.6125160628963287612, 1.034999999999999920, 1.245493178173427085 ) ) ;
#4000 = CARTESIAN_POINT ( 'NONE',  ( 0.5899939903846154188, 1.034999999999999920, 1.264723557692307931 ) ) ;
#4001 = CARTESIAN_POINT ( 'NONE',  ( 0.06379714921873078093, 1.034999999999999698, 0.7580082180372673673 ) ) ;
#4002 = EDGE_CURVE ( 'NONE', #3159, #4693, #5457, .T. ) ;
#4003 = FILL_AREA_STYLE ('',( #4605 ) ) ;
#4004 = CARTESIAN_POINT ( 'NONE',  ( 0.1249999999999998890, 1.034999999999999920, 0.9579326923076927347 ) ) ;
#4005 =( LENGTH_UNIT ( ) NAMED_UNIT ( * ) SI_UNIT ( .MILLI., .METRE. ) );
#4006 = ORIENTED_EDGE ( 'NONE', *, *, #3815, .T. ) ;
#4007 = VECTOR ( 'NONE', #829, 1000.000000000000000 ) ;
#4008 = PRESENTATION_STYLE_ASSIGNMENT (( #4198 ) ) ;
#4009 = CARTESIAN_POINT ( 'NONE',  ( -0.6436720452315449759, 1.024999999999999689, 1.331288948873510680 ) ) ;
#4010 = CARTESIAN_POINT ( 'NONE',  ( 0.05896144353619249545, 1.024999999999999911, -1.218549679676853570 ) ) ;
#4011 = CARTESIAN_POINT ( 'NONE',  ( 0.1944360828147558562, 1.035000000000000142, 1.067602144398379416 ) ) ;
#4012 = CARTESIAN_POINT ( 'NONE',  ( 0.4817478639510269223, 1.024999999999999689, 1.234212003388962753 ) ) ;
#4013 = ORIENTED_EDGE ( 'NONE', *, *, #6505, .F. ) ;
#4014 = FILL_AREA_STYLE ('',( #5496 ) ) ;
#4015 = COLOUR_RGB ( '',1.000000000000000000, 1.000000000000000000, 1.000000000000000000 ) ;
#4016 =( LENGTH_UNIT ( ) NAMED_UNIT ( * ) SI_UNIT ( .MILLI., .METRE. ) );
#4017 = AXIS2_PLACEMENT_3D ( 'NONE', #5361, #2314, #6411 ) ;
#4018 = CARTESIAN_POINT ( 'NONE',  ( -1.604999999999999982, -1.024999999999999911, 1.625000000000000000 ) ) ;
#4019 = CARTESIAN_POINT ( 'NONE',  ( 0.7979415460872331112, 1.034999999999999698, 0.9498072415089909848 ) ) ;
#4020 = CARTESIAN_POINT ( 'NONE',  ( 0.5174975620148425381, 1.024999999999999911, 0.7531031900268575496 ) ) ;
#4021 = ORIENTED_EDGE ( 'NONE', *, *, #4216, .F. ) ;
#4022 = CARTESIAN_POINT ( 'NONE',  ( 0.3172776075748721114, 1.034999999999999698, 1.482875074157175455 ) ) ;
#4023 = CARTESIAN_POINT ( 'NONE',  ( -0.5778657994745910464, 1.025000000000000133, 0.7501485095022862870 ) ) ;
#4024 = UNCERTAINTY_MEASURE_WITH_UNIT (LENGTH_MEASURE( 1.000000000000000082E-05 ), #4064, 'distance_accuracy_value', 'NONE');
#4025 = APPLICATION_CONTEXT ( 'automotive_design' ) ;
#4026 = CARTESIAN_POINT ( 'NONE',  ( -0.1148982632756631039, 1.035000000000000142, 0.8721003435082631539 ) ) ;
#4027 = PRODUCT_DEFINITION ( 'UNKNOWN', '', #282, #397 ) ;
#4028 = CARTESIAN_POINT ( 'NONE',  ( 0.5285331315712945566, 1.034999999999999920, 1.195738238068862147 ) ) ;
#4029 = DIRECTION ( 'NONE',  ( 0.000000000000000000, 1.000000000000000000, 0.000000000000000000 ) ) ;
#4030 = CARTESIAN_POINT ( 'NONE',  ( -0.5537936130820210190, 1.034999999999999920, 1.130708011491501797 ) ) ;
#4031 = VECTOR ( 'NONE', #2944, 1000.000000000000000 ) ;
#4032 = STYLED_ITEM ( 'NONE', ( #3628 ), #1459 ) ;
#4033 = SURFACE_STYLE_FILL_AREA ( #5358 ) ;
#4034 = CARTESIAN_POINT ( 'NONE',  ( -0.5704213158161256514, 1.035000000000000142, 1.270071547984030103 ) ) ;
#4035 = DIRECTION ( 'NONE',  ( 0.9950371902099891530, 0.000000000000000000, 0.09950371902099879040 ) ) ;
#4036 = CARTESIAN_POINT ( 'NONE',  ( 0.2307692307692306155, 1.034999999999999920, 1.500000000000000444 ) ) ;
#4037 = CARTESIAN_POINT ( 'NONE',  ( 0.1225747516999135950, 1.024999999999999467, 0.9837818860903952967 ) ) ;
#4038 = AXIS2_PLACEMENT_3D ( 'NONE', #417, #5545, #6464 ) ;
#4039 = CARTESIAN_POINT ( 'NONE',  ( 0.01307091346153835265, 1.024999999999999911, 1.264723557692308153 ) ) ;
#4040 = B_SPLINE_CURVE_WITH_KNOTS ( 'NONE', 3,
 ( #4347, #3859, #2258, #748, #5796, #4372, #1337, #2280, #1846, #770, #6293, #3298, #253 ),
 .UNSPECIFIED., .F., .F.,
 ( 4, 1, 1, 1, 1, 1, 1, 1, 1, 1, 4 ),
 ( 0.000000000000000000, 0.05965404015766073015, 0.1202635358631139323, 0.1811445130252171687, 0.2433883343552048217, 0.3692420458399867100, 0.4961055646164548860, 0.6237287877357091670, 0.7512143821036587621, 0.8774268709322476933, 1.000000000000000000 ),
 .UNSPECIFIED. ) ;
#4041 = DIRECTION ( 'NONE',  ( -0.000000000000000000, -0.000000000000000000, -1.000000000000000000 ) ) ;
#4042 = CARTESIAN_POINT ( 'NONE',  ( 0.3656008041491505267, 1.024999999999999689, 1.355140911848129015 ) ) ;
#4043 = DIRECTION ( 'NONE',  ( -0.000000000000000000, -1.000000000000000000, -0.000000000000000000 ) ) ;
#4044 = CARTESIAN_POINT ( 'NONE',  ( 0.3025240384615390798, 1.024999999999999911, -0.7884615384615384359 ) ) ;
#4045 = B_SPLINE_CURVE_WITH_KNOTS ( 'NONE', 3,
 ( #6302, #1746, #5271, #2807, #4780, #2310, #4335, #200, #5829, #5334, #5317, #1809, #2829, #4309, #3267 ),
 .UNSPECIFIED., .F., .F.,
 ( 4, 1, 1, 1, 1, 1, 1, 1, 1, 1, 1, 1, 4 ),
 ( 0.000000000000000000, 0.1003881431397105894, 0.2044067930373087150, 0.3106860830942074214, 0.4221572938827999333, 0.4806854607703736071, 0.5432381544526684314, 0.6094995045645642540, 0.6795546087742242447, 0.7538412220511749862, 0.8316406764893861103, 0.9138127068095904804, 1.000000000000000000 ),
 .UNSPECIFIED. ) ;
#4046 = EDGE_CURVE ( 'NONE', #2821, #2946, #3112, .T. ) ;
#4047 = ADVANCED_FACE ( 'NONE', ( #4999 ), #4962, .T. ) ;
#4048 = ORIENTED_EDGE ( 'NONE', *, *, #5449, .F. ) ;
#4049 = CARTESIAN_POINT ( 'NONE',  ( -0.1515877384849358411, 1.024999999999999689, 0.9414258259068329915 ) ) ;
#4050 =( LENGTH_UNIT ( ) NAMED_UNIT ( * ) SI_UNIT ( .MILLI., .METRE. ) );
#4051 = CARTESIAN_POINT ( 'NONE',  ( 0.3273737980769230727, 1.024999999999999911, 1.433293269230769384 ) ) ;
#4052 = ORIENTED_EDGE ( 'NONE', *, *, #95, .F. ) ;
#4053 = ORIENTED_EDGE ( 'NONE', *, *, #1237, .T. ) ;
#4054 =( NAMED_UNIT ( * ) SI_UNIT ( $, .STERADIAN. ) SOLID_ANGLE_UNIT ( ) );
#4055 = CARTESIAN_POINT ( 'NONE',  ( 0.3551007412901766580, 1.025000000000000577, -1.069114892164733099 ) ) ;
#4056 = CARTESIAN_POINT ( 'NONE',  ( 0.2536308821443046813, 1.034999999999999920, -1.115244062865741181 ) ) ;
#4057 = CARTESIAN_POINT ( 'NONE',  ( -0.4826368000288684401, 1.034999999999999920, 1.192704292644374497 ) ) ;
#4058 = UNCERTAINTY_MEASURE_WITH_UNIT (LENGTH_MEASURE( 1.000000000000000082E-05 ), #660, 'distance_accuracy_value', 'NONE');
#4059 = VERTEX_POINT ( 'NONE', #2113 ) ;
#4060 = CARTESIAN_POINT ( 'NONE',  ( 0.7637620192307699174, 1.025000000000000133, -0.2397836538461539380 ) ) ;
#4061 = DIRECTION ( 'NONE',  ( 1.587691945485475270E-14, 1.000000000000000000, -2.805021757219675803E-14 ) ) ;
#4062 = CARTESIAN_POINT ( 'NONE',  ( 0.4215144230769235500, 1.034999999999999920, -1.232271634615384581 ) ) ;
#4063 = CARTESIAN_POINT ( 'NONE',  ( -0.7882453496970034390, 1.035000000000000142, 1.355140911848129237 ) ) ;
#4064 =( LENGTH_UNIT ( ) NAMED_UNIT ( * ) SI_UNIT ( .MILLI., .METRE. ) );
#4065 = CARTESIAN_POINT ( 'NONE',  ( -0.4664608461556046803, 1.024999999999999911, 0.9000261689353128425 ) ) ;
#4066 = CARTESIAN_POINT ( 'NONE',  ( 0.4115203108548788347, 1.034999999999999920, -1.238454280651613892 ) ) ;
#4067 = LINE ( 'NONE', #3252, #2299 ) ;
#4068 = B_SPLINE_CURVE_WITH_KNOTS ( 'NONE', 3,
 ( #6443, #3453, #3408, #2970, #1377, #886, #334, #2372, #4440, #4940, #5390, #4987, #3878, #1885, #5966, #2863, #3976, #5436, #4898 ),
 .UNSPECIFIED., .F., .F.,
 ( 4, 1, 1, 1, 1, 1, 1, 1, 1, 1, 1, 1, 1, 1, 1, 1, 4 ),
 ( 0.000000000000000000, 0.07067529020333013223, 0.1374926938441248525, 0.2014728253723050144, 0.2628693217722903874, 0.3225500865261559102, 0.3807372513385547386, 0.4382197368560123429, 0.4954874370602860845, 0.5534836796953477300, 0.6113462062294290345, 0.6706437388141555100, 0.7315869484227132125, 0.7941831937999380697, 0.8594451119347495949, 0.9282076353998098828, 0.9999999999999998890 ),
 .UNSPECIFIED. ) ;
#4069 = APPLICATION_CONTEXT ( 'automotive_design' ) ;
#4070 = CARTESIAN_POINT ( 'NONE',  ( 0.3929687500000005329, 1.034999999999999920, -0.8335336538461538547 ) ) ;
#4071 = CARTESIAN_POINT ( 'NONE',  ( 0.2826923076923082423, 1.034999999999999920, -0.9798677884615384359 ) ) ;
#4072 = FILL_AREA_STYLE ('',( #3090 ) ) ;
#4073 = CARTESIAN_POINT ( 'NONE',  ( -0.4830361866817420857, 1.034999999999999920, 1.050369067633049491 ) ) ;
#4074 = MECHANICAL_DESIGN_GEOMETRIC_PRESENTATION_REPRESENTATION (  '', ( #632 ), #2003 ) ;
#4075 = PRESENTATION_LAYER_ASSIGNMENT (  '', '', ( #2044 ) ) ;
#4076 = CARTESIAN_POINT ( 'NONE',  ( 0.2571514423076928235, 1.034999999999999920, -1.269230769230769162 ) ) ;
#4077 = DIRECTION ( 'NONE',  ( -0.000000000000000000, -1.000000000000000000, -0.000000000000000000 ) ) ;
#4078 = ORIENTED_EDGE ( 'NONE', *, *, #4675, .F. ) ;
#4079 = CARTESIAN_POINT ( 'NONE',  ( -0.1400841346153841038, 1.024999999999999911, -0.9344951923076924016 ) ) ;
#4080 = DIRECTION ( 'NONE',  ( 0.000000000000000000, 0.000000000000000000, -1.000000000000000000 ) ) ;
#4081 = SURFACE_STYLE_FILL_AREA ( #4003 ) ;
#4082 = CARTESIAN_POINT ( 'NONE',  ( -0.8316137394045788334, 1.024999999999999911, 1.449348915395678894 ) ) ;
#4083 = CARTESIAN_POINT ( 'NONE',  ( -0.1962895103982076894, 1.035000000000000142, 1.334250950148672565 ) ) ;
#4084 = EDGE_CURVE ( 'NONE', #5518, #1871, #6493, .T. ) ;
#4085 = VERTEX_POINT ( 'NONE', #4110 ) ;
#4086 =( GEOMETRIC_REPRESENTATION_CONTEXT ( 3 ) GLOBAL_UNCERTAINTY_ASSIGNED_CONTEXT ( ( #4258 ) ) GLOBAL_UNIT_ASSIGNED_CONTEXT ( ( #6390, #4910, #2399 ) ) REPRESENTATION_CONTEXT ( 'NONE', 'WORKASPACE' ) );
#4087 = DIRECTION ( 'NONE',  ( -0.000000000000000000, -1.000000000000000000, -0.000000000000000000 ) ) ;
#4088 = CARTESIAN_POINT ( 'NONE',  ( -0.6896756836715141059, 1.024999999999999911, 1.248891001546740709 ) ) ;
#4089 = CARTESIAN_POINT ( 'NONE',  ( 0.6000525407641328357, 1.025000000000000133, 1.130708011491502019 ) ) ;
#4090 = CARTESIAN_POINT ( 'NONE',  ( 0.1248955999743857903, 1.035000000000000142, 0.9537176434545550086 ) ) ;
#4091 = CARTESIAN_POINT ( 'NONE',  ( 0.4408052884615384359, 1.024999999999999245, 1.403846153846154188 ) ) ;
#4092 = B_SPLINE_CURVE_WITH_KNOTS ( 'NONE', 3,
 ( #5120, #3583, #4595, #6373, #4387, #1464, #2445, #4124, #4708, #4463, #4524, #2019, #3550, #1509, #5621, #6095, #4585, #6050, #3052 ),
 .UNSPECIFIED., .F., .F.,
 ( 4, 1, 1, 1, 1, 1, 1, 1, 1, 1, 1, 1, 1, 1, 1, 1, 4 ),
 ( 0.000000000000000000, 0.07067529020333015999, 0.1374926938441249080, 0.2014728253723051254, 0.2628693217722904985, 0.3225500865261559658, 0.3807372513385549606, 0.4382197368560125095, 0.4954874370602862510, 0.5534836796953479521, 0.6113462062294293675, 0.6706437388141557321, 0.7315869484227134345, 0.7941831937999382918, 0.8594451119347497059, 0.9282076353998099938, 1.000000000000000000 ),
 .UNSPECIFIED. ) ;
#4093 = EDGE_CURVE ( 'NONE', #6258, #3506, #1972, .T. ) ;
#4094 = ORIENTED_EDGE ( 'NONE', *, *, #2646, .T. ) ;
#4095 = CARTESIAN_POINT ( 'NONE',  ( -0.08213732640322227163, 1.024999999999999911, 0.8502074897336967529 ) ) ;
#4096 = CARTESIAN_POINT ( 'NONE',  ( 0.1598482128031670224, 1.024999999999999689, -1.095686546644943915 ) ) ;
#4097 =( NAMED_UNIT ( * ) SI_UNIT ( $, .STERADIAN. ) SOLID_ANGLE_UNIT ( ) );
#4098 = COLOUR_RGB ( '',0.4980392156862745168, 0.4980392156862745168, 0.4980392156862745168 ) ;
#4099 = LINE ( 'NONE', #6259, #4007 ) ;
#4100 = PLANE ( 'NONE',  #6424 ) ;
#4101 = ORIENTED_EDGE ( 'NONE', *, *, #6024, .T. ) ;
#4102 = CARTESIAN_POINT ( 'NONE',  ( -0.08712521564218052295, 1.035000000000000142, -1.149688886720175551 ) ) ;
#4103 = CARTESIAN_POINT ( 'NONE',  ( -0.1001450165801050368, 1.035000000000000142, 1.360971408330851062 ) ) ;
#4104 = CARTESIAN_POINT ( 'NONE',  ( 0.7637620192307699174, 1.035000000000000142, -0.2397836538461539380 ) ) ;
#4105 = CARTESIAN_POINT ( 'NONE',  ( -0.8269230769230769829, 1.034999999999999920, 0.9615384615384617861 ) ) ;
#4106 = DIRECTION ( 'NONE',  ( 0.000000000000000000, 2.805021757219675803E-14, 1.000000000000000000 ) ) ;
#4107 = CARTESIAN_POINT ( 'NONE',  ( 0.4830800845762579510, 1.034999999999999920, 0.8565253071957876774 ) ) ;
#4108 = CARTESIAN_POINT ( 'NONE',  ( 0.5003004807692308376, 1.024999999999999911, 1.219501201923077316 ) ) ;
#4109 =( NAMED_UNIT ( * ) SI_UNIT ( $, .STERADIAN. ) SOLID_ANGLE_UNIT ( ) );
#4110 = CARTESIAN_POINT ( 'NONE',  ( 1.849999999999999645, -1.024999999999999911, -2.000000000000000888 ) ) ;
#4111 = CARTESIAN_POINT ( 'NONE',  ( -0.5739758671648274024, 1.024999999999999911, 0.8368940373264448507 ) ) ;
#4112 = CARTESIAN_POINT ( 'NONE',  ( -0.3559046077589207435, 1.024999999999999911, 0.9498072415089910958 ) ) ;
#4113 = AXIS2_PLACEMENT_3D ( 'NONE', #1454, #887, #2943 ) ;
#4114 = VECTOR ( 'NONE', #3194, 1000.000000000000000 ) ;
#4115 = COLOUR_RGB ( '',1.000000000000000000, 1.000000000000000000, 1.000000000000000000 ) ;
#4116 = EDGE_CURVE ( 'NONE', #1494, #1199, #4674, .T. ) ;
#4117 = CARTESIAN_POINT ( 'NONE',  ( -0.4108255261337867559, 1.024999999999999911, 1.113162156003708159 ) ) ;
#4118 = CARTESIAN_POINT ( 'NONE',  ( 0.3412806957652999573, 1.034999999999999920, 0.8912785242938491281 ) ) ;
#4119 = MECHANICAL_DESIGN_GEOMETRIC_PRESENTATION_REPRESENTATION (  '', ( #3200 ), #1012 ) ;
#4120 = CARTESIAN_POINT ( 'NONE',  ( 0.8495653819259344486, 1.034999999999999920, -0.4017540928939037359 ) ) ;
#4121 = AXIS2_PLACEMENT_3D ( 'NONE', #1515, #4548, #4080 ) ;
#4122 = VERTEX_POINT ( 'NONE', #1657 ) ;
#4123 = LINE ( 'NONE', #2436, #2685 ) ;
#4124 = CARTESIAN_POINT ( 'NONE',  ( 0.3706770109938827829, 1.034999999999999920, 0.8340822251097768092 ) ) ;
#4125 = CARTESIAN_POINT ( 'NONE',  ( -0.4872227032127436352, 1.034999999999999920, -0.5084503787613618986 ) ) ;
#4126 = CARTESIAN_POINT ( 'NONE',  ( 0.1249999999999998890, 1.034999999999999920, 0.9579326923076927347 ) ) ;
#4127 = ORIENTED_EDGE ( 'NONE', *, *, #2795, .F. ) ;
#4128 = CARTESIAN_POINT ( 'NONE',  ( -0.07081068470351595256, 1.024999999999999911, 0.3014995578893299166 ) ) ;
#4129 = CARTESIAN_POINT ( 'NONE',  ( -0.6634831881607404780, 1.034999999999999920, 1.348635032081523466 ) ) ;
#4130 = EDGE_CURVE ( 'NONE', #5313, #5445, #453, .T. ) ;
#4131 = PLANE ( 'NONE',  #4411 ) ;
#4132 = DIRECTION ( 'NONE',  ( -0.000000000000000000, -1.000000000000000000, -0.000000000000000000 ) ) ;
#4133 = CARTESIAN_POINT ( 'NONE',  ( 0.7018186894564079070, 1.034999999999999920, 0.9621975019446505906 ) ) ;
#4134 = VERTEX_POINT ( 'NONE', #4135 ) ;
#4135 = CARTESIAN_POINT ( 'NONE',  ( -0.8365384615384615641, 1.034999999999999920, 1.500000000000000222 ) ) ;
#4136 = CARTESIAN_POINT ( 'NONE',  ( 1.500000000000003109, 1.034999999999999920, -1.650000000000001021 ) ) ;
#4137 = CARTESIAN_POINT ( 'NONE',  ( 0.1591258674102027093, 1.035000000000000142, 0.8091909101105899671 ) ) ;
#4138 = EDGE_LOOP ( 'NONE', ( #4210, #3808, #4897, #6146, #2774, #5559, #3866, #1373, #1526, #6084, #1259, #440, #4954 ) ) ;
#4139 = EDGE_CURVE ( 'NONE', #4935, #1516, #3613, .T. ) ;
#4140 = CARTESIAN_POINT ( 'NONE',  ( 0.4854209920678782542, 1.024999999999999467, -0.1830055520264644575 ) ) ;
#4141 = VERTEX_POINT ( 'NONE', #3783 ) ;
#4142 = CARTESIAN_POINT ( 'NONE',  ( 0.003478855374109763882, 1.024999999999999911, -1.027473186548486295 ) ) ;
#4143 = CARTESIAN_POINT ( 'NONE',  ( 0.5174975620148425381, 1.024999999999999911, 0.7531031900268575496 ) ) ;
#4144 = EDGE_LOOP ( 'NONE', ( #3056, #5587, #1160, #6415 ) ) ;
#4145 = CARTESIAN_POINT ( 'NONE',  ( -0.8264723557692307265, 1.024999999999999911, 1.433293269230769384 ) ) ;
#4146 = UNCERTAINTY_MEASURE_WITH_UNIT (LENGTH_MEASURE( 1.000000000000000082E-05 ), #1155, 'distance_accuracy_value', 'NONE');
#4147 = CARTESIAN_POINT ( 'NONE',  ( 0.006863659973813226491, 1.034999999999999920, -1.196497692296500936 ) ) ;
#4148 = CARTESIAN_POINT ( 'NONE',  ( -0.7642343878807488222, 1.024999999999999911, -0.04998063394649490676 ) ) ;
#4149 = SURFACE_STYLE_FILL_AREA ( #863 ) ;
#4150 = CARTESIAN_POINT ( 'NONE',  ( 0.1194637465900133533, 1.035000000000000142, 0.9969243262400653283 ) ) ;
#4151 = CARTESIAN_POINT ( 'NONE',  ( 0.7980769230769230171, 1.034999999999999920, 0.9570312500000002220 ) ) ;
#4152 = CARTESIAN_POINT ( 'NONE',  ( -1.604999999999999982, -1.075000000000000400, 1.574999999999999956 ) ) ;
#4153 = FACE_OUTER_BOUND ( 'NONE', #1347, .T. ) ;
#4154 = CARTESIAN_POINT ( 'NONE',  ( 0.6123197115384620970, 1.034999999999999920, -0.2848557692307692180 ) ) ;
#4155 = CARTESIAN_POINT ( 'NONE',  ( 0.2855155418569315651, 1.034999999999999920, -1.268854646174933931 ) ) ;
#4156 = CARTESIAN_POINT ( 'NONE',  ( -0.7242078780703772312, 1.034999999999999476, -0.3795226689951302634 ) ) ;
#4157 = CARTESIAN_POINT ( 'NONE',  ( -0.5638521634615384359, 1.034999999999999920, 1.264723557692307931 ) ) ;
#4158 = CARTESIAN_POINT ( 'NONE',  ( 0.2313020974749849246, 1.034999999999999032, -0.9172068903341110691 ) ) ;
#4159 = CARTESIAN_POINT ( 'NONE',  ( 0.4148695579704183012, 1.024999999999999689, -0.1300981908182175240 ) ) ;
#4160 = ORIENTED_EDGE ( 'NONE', *, *, #2131, .T. ) ;
#4162 = COLOUR_RGB ( '',1.000000000000000000, 1.000000000000000000, 1.000000000000000000 ) ;
#4161 = FILL_AREA_STYLE_COLOUR ( '', #652 ) ;
#4163 = CARTESIAN_POINT ( 'NONE',  ( 0.2536308821443046813, 1.024999999999999911, -1.115244062865741181 ) ) ;
#4164 = CARTESIAN_POINT ( 'NONE',  ( 0.2211538461538460343, 1.024999999999999689, 0.9570312500000004441 ) ) ;
#4165 = CARTESIAN_POINT ( 'NONE',  ( 0.7850000000000001421, -1.024999999999999689, 1.625000000000000000 ) ) ;
#4166 = CARTESIAN_POINT ( 'NONE',  ( 2.000000000000000444, -1.024999999999999911, 1.849999999999999423 ) ) ;
#4167 = ORIENTED_EDGE ( 'NONE', *, *, #2590, .F. ) ;
#4168 = COLOUR_RGB ( '',1.000000000000000000, 1.000000000000000000, 1.000000000000000000 ) ;
#4169 = PRESENTATION_LAYER_ASSIGNMENT (  '', '', ( #1578 ) ) ;
#4170 = EDGE_CURVE ( 'NONE', #4281, #3138, #4622, .T. ) ;
#4171 = CARTESIAN_POINT ( 'NONE',  ( -0.02214879560318189916, 1.034999999999999920, 1.172529277259951153 ) ) ;
#4172 = CARTESIAN_POINT ( 'NONE',  ( 0.7279304372125445788, 1.035000000000000364, 1.132741021815065974 ) ) ;
#4173 = ORIENTED_EDGE ( 'NONE', *, *, #2999, .T. ) ;
#4174 = SURFACE_STYLE_FILL_AREA ( #366 ) ;
#4175 = CARTESIAN_POINT ( 'NONE',  ( -0.4147596292107220695, 1.024999999999999911, -0.6422062183519512413 ) ) ;
#4176 = CARTESIAN_POINT ( 'NONE',  ( 0.3951000138174065035, 1.024999999999999911, -0.8359141373746954429 ) ) ;
#4177 = EDGE_CURVE ( 'NONE', #3793, #2787, #2925, .T. ) ;
#4178 = CARTESIAN_POINT ( 'NONE',  ( -0.7594458231531187042, 1.034999999999999920, 1.317561331180454154 ) ) ;
#4179 = CARTESIAN_POINT ( 'NONE',  ( -0.6818022387018594088, 1.025000000000000133, 0.8636569804084180957 ) ) ;
#4180 = ORIENTED_EDGE ( 'NONE', *, *, #5159, .F. ) ;
#4181 = FILL_AREA_STYLE_COLOUR ( '', #118 ) ;
#4182 = CARTESIAN_POINT ( 'NONE',  ( -0.8259392864795586098, 1.024999999999999911, 0.9531584188986651496 ) ) ;
#4183 = FACE_OUTER_BOUND ( 'NONE', #834, .T. ) ;
#4184 = SURFACE_STYLE_FILL_AREA ( #5839 ) ;
#4185 = CARTESIAN_POINT ( 'NONE',  ( -0.1425305974246232066, 1.024999999999999467, 0.1673196915983768962 ) ) ;
#4186 = CARTESIAN_POINT ( 'NONE',  ( -0.1400841346153841038, 1.034999999999999920, -0.9344951923076924016 ) ) ;
#4187 = CARTESIAN_POINT ( 'NONE',  ( 0.5419591253121749386, 1.024999999999999911, 0.7505253949516117462 ) ) ;
#4188 = UNCERTAINTY_MEASURE_WITH_UNIT (LENGTH_MEASURE( 1.000000000000000082E-05 ), #472, 'distance_accuracy_value', 'NONE');
#4189 =( LENGTH_UNIT ( ) NAMED_UNIT ( * ) SI_UNIT ( .MILLI., .METRE. ) );
#4190 = CARTESIAN_POINT ( 'NONE',  ( -0.07081068470351595256, 1.034999999999999920, 0.3014995578893299166 ) ) ;
#4191 = LINE ( 'NONE', #2429, #2043 ) ;
#4192 = CARTESIAN_POINT ( 'NONE',  ( -0.3905382497827223909, 1.035000000000000586, 0.8407290785386313248 ) ) ;
#4193 = LINE ( 'NONE', #149, #151 ) ;
#4194 = VECTOR ( 'NONE', #3762, 1000.000000000000000 ) ;
#4195 = CARTESIAN_POINT ( 'NONE',  ( 0.2769830466595592511, 1.034999999999999698, -0.9742509001420098791 ) ) ;
#4196 = CARTESIAN_POINT ( 'NONE',  ( 0.1227473827252340277, 1.025000000000000133, 0.9333452975440976740 ) ) ;
#4197 = VERTEX_POINT ( 'NONE', #693 ) ;
#4198 = SURFACE_STYLE_USAGE ( .BOTH. , #5631 ) ;
#4199 = FACE_OUTER_BOUND ( 'NONE', #2707, .T. ) ;
#4200 = FACE_OUTER_BOUND ( 'NONE', #1019, .T. ) ;
#4201 = CARTESIAN_POINT ( 'NONE',  ( -0.4169036892677493999, 1.025000000000000355, -0.8963014364629707798 ) ) ;
#4202 = CARTESIAN_POINT ( 'NONE',  ( 0.04351053239648314253, 1.034999999999999698, 0.8449640240426657956 ) ) ;
#4203 = CARTESIAN_POINT ( 'NONE',  ( -0.7945177219948019731, 1.024999999999999911, 0.8517178425193885349 ) ) ;
#4204 =( NAMED_UNIT ( * ) SI_UNIT ( $, .STERADIAN. ) SOLID_ANGLE_UNIT ( ) );
#4205 = SURFACE_STYLE_USAGE ( .BOTH. , #2603 ) ;
#4206 = CARTESIAN_POINT ( 'NONE',  ( 0.1430149535067584410, 1.025000000000000133, 0.7952156366747701322 ) ) ;
#4207 = SURFACE_SIDE_STYLE ('',( #4562 ) ) ;
#4208 = CARTESIAN_POINT ( 'NONE',  ( 0.8487085151183106912, 1.034999999999999920, -0.4154018049632465237 ) ) ;
#4209 =( GEOMETRIC_REPRESENTATION_CONTEXT ( 3 ) GLOBAL_UNCERTAINTY_ASSIGNED_CONTEXT ( ( #1591 ) ) GLOBAL_UNIT_ASSIGNED_CONTEXT ( ( #1018, #4596, #3560 ) ) REPRESENTATION_CONTEXT ( 'NONE', 'WORKASPACE' ) );
#4210 = ORIENTED_EDGE ( 'NONE', *, *, #5909, .F. ) ;
#4211 = CARTESIAN_POINT ( 'NONE',  ( -0.5778657994745910464, 1.035000000000000142, 0.7501485095022862870 ) ) ;
#4212 = CARTESIAN_POINT ( 'NONE',  ( 0.003478855374109763882, 1.034999999999999920, -1.027473186548486295 ) ) ;
#4213 = CARTESIAN_POINT ( 'NONE',  ( 0.2153846153846159794, 1.034999999999999920, -0.8756009615384615641 ) ) ;
#4214 = VERTEX_POINT ( 'NONE', #5252 ) ;
#4215 = STYLED_ITEM ( 'NONE', ( #3054 ), #6368 ) ;
#4216 = EDGE_CURVE ( 'NONE', #2495, #4327, #3176, .T. ) ;
#4217 = CARTESIAN_POINT ( 'NONE',  ( -0.6535456730769231282, 1.024999999999999911, 1.219501201923077316 ) ) ;
#4218 = CARTESIAN_POINT ( 'NONE',  ( -0.7285108154080124354, 1.024999999999999911, 0.9414258259068326584 ) ) ;
#4219 = DIRECTION ( 'NONE',  ( -0.000000000000000000, -1.000000000000000000, -0.000000000000000000 ) ) ;
#4220 = CARTESIAN_POINT ( 'NONE',  ( -0.07662259615384627021, 1.034999999999999920, 1.219501201923077538 ) ) ;
#4221 = EDGE_LOOP ( 'NONE', ( #3592, #3729, #3955, #3104 ) ) ;
#4222 = CARTESIAN_POINT ( 'NONE',  ( 0.7980769230769230171, 1.034999999999999920, 0.9570312500000002220 ) ) ;
#4223 = CARTESIAN_POINT ( 'NONE',  ( 0.3480931429538268729, 1.024999999999999245, -1.057696923497338348 ) ) ;
#4224 =( NAMED_UNIT ( * ) SI_UNIT ( $, .STERADIAN. ) SOLID_ANGLE_UNIT ( ) );
#4225 = CARTESIAN_POINT ( 'NONE',  ( -0.3651477395537966464, 1.025000000000000133, 1.023495007546663116 ) ) ;
#4226 = UNCERTAINTY_MEASURE_WITH_UNIT (LENGTH_MEASURE( 1.000000000000000082E-05 ), #3749, 'distance_accuracy_value', 'NONE');
#4227 = VECTOR ( 'NONE', #4763, 1000.000000000000000 ) ;
#4228 = ORIENTED_EDGE ( 'NONE', *, *, #3823, .T. ) ;
#4229 = B_SPLINE_CURVE_WITH_KNOTS ( 'NONE', 3,
 ( #4490, #5943, #359, #1959, #860, #1378, #1886, #402, #3951, #1427, #4989 ),
 .UNSPECIFIED., .F., .F.,
 ( 4, 1, 1, 1, 1, 1, 1, 1, 4 ),
 ( 0.000000000000000000, 0.1017995767110253663, 0.2201597004284417958, 0.3476280565145599688, 0.4803480972350018807, 0.6145541392524830338, 0.7501523226899439178, 0.8794241792208842279, 1.000000000000000000 ),
 .UNSPECIFIED. ) ;
#4230 = CARTESIAN_POINT ( 'NONE',  ( -0.1515877384849358411, 1.034999999999999920, 0.9414258259068329915 ) ) ;
#4231 = CARTESIAN_POINT ( 'NONE',  ( 0.2153846153846159794, 1.025000000000000133, -0.8756009615384615641 ) ) ;
#4232 = MECHANICAL_DESIGN_GEOMETRIC_PRESENTATION_REPRESENTATION (  '', ( #2191 ), #5499 ) ;
#4233 = LINE ( 'NONE', #2346, #5258 ) ;
#4234 = CARTESIAN_POINT ( 'NONE',  ( -0.7351063698627482434, 1.034999999999999698, 1.291137545940028941 ) ) ;
#4235 = CARTESIAN_POINT ( 'NONE',  ( -0.7155150525547808726, 1.024999999999999689, 0.9028740862858284366 ) ) ;
#4236 = EDGE_CURVE ( 'NONE', #4245, #2821, #1496, .T. ) ;
#4237 = VECTOR ( 'NONE', #3003, 1000.000000000000000 ) ;
#4238 = CARTESIAN_POINT ( 'NONE',  ( -0.6363485918313113165, 1.035000000000000364, 0.7531031900268578827 ) ) ;
#4239 = VECTOR ( 'NONE', #5826, 1000.000000000000000 ) ;
#4240 = CARTESIAN_POINT ( 'NONE',  ( -0.7285108154080124354, 1.034999999999999920, 0.9414258259068326584 ) ) ;
#4241 = CARTESIAN_POINT ( 'NONE',  ( -0.2415561252545030124, 1.024999999999999911, 0.1873539520022203253 ) ) ;
#4242 = VECTOR ( 'NONE', #5001, 1000.000000000000000 ) ;
#4243 = CARTESIAN_POINT ( 'NONE',  ( -0.5923076923076918687, 1.035000000000000142, -0.09104567307692307265 ) ) ;
#4244 = DIRECTION ( 'NONE',  ( 1.000000000000000000, 0.000000000000000000, -0.000000000000000000 ) ) ;
#4245 = VERTEX_POINT ( 'NONE', #2244 ) ;
#4246 =( GEOMETRIC_REPRESENTATION_CONTEXT ( 3 ) GLOBAL_UNCERTAINTY_ASSIGNED_CONTEXT ( ( #5867 ) ) GLOBAL_UNIT_ASSIGNED_CONTEXT ( ( #5603, #2000, #1558 ) ) REPRESENTATION_CONTEXT ( 'NONE', 'WORKASPACE' ) );
#4248 = COLOUR_RGB ( '',1.000000000000000000, 1.000000000000000000, 1.000000000000000000 ) ;
#4247 = CARTESIAN_POINT ( 'NONE',  ( -0.4177972095128741348, 1.024999999999999911, 0.8091909101105898561 ) ) ;
#4249 =( NAMED_UNIT ( * ) PLANE_ANGLE_UNIT ( ) SI_UNIT ( $, .RADIAN. ) );
#4250 = CARTESIAN_POINT ( 'NONE',  ( -0.3763053364479025942, 1.034999999999999920, -0.6965070309103450485 ) ) ;
#4251 = CARTESIAN_POINT ( 'NONE',  ( 0.4720439151442943904, 1.034999999999999698, 0.8636569804084177626 ) ) ;
#4252 = ORIENTED_EDGE ( 'NONE', *, *, #4866, .F. ) ;
#4253 = CARTESIAN_POINT ( 'NONE',  ( -0.2831391832459439484, 1.034999999999999698, 0.1912586387461336357 ) ) ;
#4254 = CARTESIAN_POINT ( 'NONE',  ( -0.3557692307692307820, 1.034999999999999920, 0.9570312500000002220 ) ) ;
#4255 = ORIENTED_EDGE ( 'NONE', *, *, #295, .F. ) ;
#4256 = CARTESIAN_POINT ( 'NONE',  ( -0.2495492788461539657, 1.024999999999999911, 1.433293269230769607 ) ) ;
#4257 = DIRECTION ( 'NONE',  ( 0.000000000000000000, 1.000000000000000000, 0.000000000000000000 ) ) ;
#4258 = UNCERTAINTY_MEASURE_WITH_UNIT (LENGTH_MEASURE( 1.000000000000000082E-05 ), #6390, 'distance_accuracy_value', 'NONE');
#4259 = CARTESIAN_POINT ( 'NONE',  ( 0.1510073602894673184, 1.035000000000000142, 1.132741021815065752 ) ) ;
#4260 = CARTESIAN_POINT ( 'NONE',  ( -0.2500000000000001110, 1.024999999999999911, 0.9615384615384620082 ) ) ;
#4261 = LINE ( 'NONE', #1682, #4114 ) ;
#4262 = PRESENTATION_LAYER_ASSIGNMENT (  '', '', ( #2912 ) ) ;
#4263 = B_SPLINE_CURVE_WITH_KNOTS ( 'NONE', 3,
 ( #6444, #1936, #5506, #5590, #981, #3044, #4065, #1547, #5529, #1502, #62, #5099, #16, #6039, #534, #1523, #4111, #1045, #6511 ),
 .UNSPECIFIED., .F., .F.,
 ( 4, 1, 1, 1, 1, 1, 1, 1, 1, 1, 1, 1, 1, 1, 1, 1, 4 ),
 ( 0.000000000000000000, 0.06176215676807093186, 0.1211739926536291034, 0.1794214068253154049, 0.2368434346502753529, 0.2943217954133982017, 0.3531909627945247765, 0.4127207064163247452, 0.4745221507037175046, 0.5370567441421365551, 0.5995913375805563827, 0.6623669793543065509, 0.7252456446794927070, 0.7903164461250805628, 0.8577243009540927998, 0.9272319523784934292, 1.000000000000000000 ),
 .UNSPECIFIED. ) ;
#4264 = CARTESIAN_POINT ( 'NONE',  ( -0.1533198614256517378, 1.034999999999999920, 0.9560362824859591768 ) ) ;
#4265 =( LENGTH_UNIT ( ) NAMED_UNIT ( * ) SI_UNIT ( .MILLI., .METRE. ) );
#4266 = CARTESIAN_POINT ( 'NONE',  ( -0.5026283188875922958, 1.034999999999999698, -0.4737855873020376807 ) ) ;
#4267 = CARTESIAN_POINT ( 'NONE',  ( 0.5652043269230768718, 1.024999999999999689, 0.8365384615384617861 ) ) ;
#4268 = ORIENTED_EDGE ( 'NONE', *, *, #1914, .T. ) ;
#4269 = ORIENTED_EDGE ( 'NONE', *, *, #6341, .T. ) ;
#4270 = CARTESIAN_POINT ( 'NONE',  ( -0.3242788461538456679, 1.034999999999999920, 0.1923076923076923184 ) ) ;
#4271 = ORIENTED_EDGE ( 'NONE', *, *, #640, .F. ) ;
#4272 = CARTESIAN_POINT ( 'NONE',  ( -0.4747223270034429676, 1.025000000000000133, 1.036833623450326813 ) ) ;
#4273 = CARTESIAN_POINT ( 'NONE',  ( -0.2596153846153847478, 1.024999999999999911, 1.500000000000000444 ) ) ;
#4274 = AXIS2_PLACEMENT_3D ( 'NONE', #128, #2174, #4782 ) ;
#4275 = CARTESIAN_POINT ( 'NONE',  ( -0.6331293773773475353, 1.024999999999999911, 0.8412040476659463639 ) ) ;
#4276 = CARTESIAN_POINT ( 'NONE',  ( 0.3348163529023472917, 1.035000000000000364, -1.038770230689263885 ) ) ;
#4277 = ORIENTED_EDGE ( 'NONE', *, *, #5038, .T. ) ;
#4278 = CARTESIAN_POINT ( 'NONE',  ( -0.4969438633981932418, 1.024999999999999911, 0.1457252904592511167 ) ) ;
#4279 = CARTESIAN_POINT ( 'NONE',  ( -0.3824869941083212099, 1.024999999999999911, 1.067602144398379194 ) ) ;
#4280 = MECHANICAL_DESIGN_GEOMETRIC_PRESENTATION_REPRESENTATION (  '', ( #3944 ), #4630 ) ;
#4281 = VERTEX_POINT ( 'NONE', #2884 ) ;
#4282 = ORIENTED_EDGE ( 'NONE', *, *, #3285, .F. ) ;
#4283 = FILL_AREA_STYLE_COLOUR ( '', #3741 ) ;
#4284 = CARTESIAN_POINT ( 'NONE',  ( 0.2153846153846159794, 1.025000000000000133, -0.8756009615384615641 ) ) ;
#4285 = CARTESIAN_POINT ( 'NONE',  ( -2.000000000000000000, 1.024999999999999911, 1.849999999999999423 ) ) ;
#4286 = CARTESIAN_POINT ( 'NONE',  ( 0.006863659973813226491, 1.024999999999999911, -1.196497692296500936 ) ) ;
#4287 = SURFACE_STYLE_USAGE ( .BOTH. , #6255 ) ;
#4288 = EDGE_CURVE ( 'NONE', #2369, #5313, #4591, .T. ) ;
#4289 = MECHANICAL_DESIGN_GEOMETRIC_PRESENTATION_REPRESENTATION (  '', ( #2053 ), #2718 ) ;
#4290 = CARTESIAN_POINT ( 'NONE',  ( -0.1573431819201525916, 1.024999999999999911, -0.9199207648865372899 ) ) ;
#4291 = EDGE_CURVE ( 'NONE', #3380, #2690, #6165, .T. ) ;
#4292 = FACE_OUTER_BOUND ( 'NONE', #6188, .T. ) ;
#4293 = CARTESIAN_POINT ( 'NONE',  ( 0.8076923076923077094, 1.024999999999999911, 1.403846153846154188 ) ) ;
#4294 = CARTESIAN_POINT ( 'NONE',  ( 0.5136576272134638632, 1.034999999999999920, -1.030311827663808133 ) ) ;
#4295 = SURFACE_SIDE_STYLE ('',( #3278 ) ) ;
#4296 = CARTESIAN_POINT ( 'NONE',  ( -0.6363485918313113165, 1.025000000000000355, 0.7531031900268578827 ) ) ;
#4297 = UNCERTAINTY_MEASURE_WITH_UNIT (LENGTH_MEASURE( 1.000000000000000082E-05 ), #132, 'distance_accuracy_value', 'NONE');
#4298 =( NAMED_UNIT ( * ) SI_UNIT ( $, .STERADIAN. ) SOLID_ANGLE_UNIT ( ) );
#4299 = CARTESIAN_POINT ( 'NONE',  ( -0.3763053364479025942, 1.024999999999999467, -0.6965070309103450485 ) ) ;
#4300 = CARTESIAN_POINT ( 'NONE',  ( -0.4399622348513769210, 1.034999999999999698, 1.149153048603420046 ) ) ;
#4301 =( NAMED_UNIT ( * ) PLANE_ANGLE_UNIT ( ) SI_UNIT ( $, .RADIAN. ) );
#4302 = ORIENTED_EDGE ( 'NONE', *, *, #2331, .T. ) ;
#4303 = ADVANCED_FACE ( 'NONE', ( #5153 ), #507, .T. ) ;
#4304 =( LENGTH_UNIT ( ) NAMED_UNIT ( * ) SI_UNIT ( .MILLI., .METRE. ) );
#4305 = SURFACE_SIDE_STYLE ('',( #4487 ) ) ;
#4306 = CARTESIAN_POINT ( 'NONE',  ( 0.4327727657444420672, 1.034999999999999920, 1.277465502956919075 ) ) ;
#4307 = FILL_AREA_STYLE_COLOUR ( '', #1236 ) ;
#4308 = B_SPLINE_CURVE_WITH_KNOTS ( 'NONE', 3,
 ( #707, #2681, #1690, #2655, #1706, #5760, #3207, #156, #4774, #5728, #1723, #670, #6192, #5266, #6253, #4230, #4264, #6209, #5228 ),
 .UNSPECIFIED., .F., .F.,
 ( 4, 1, 1, 1, 1, 1, 1, 1, 1, 1, 1, 1, 1, 1, 1, 1, 4 ),
 ( 0.000000000000000000, 0.07069648334337649831, 0.1383582132030685141, 0.2033698682591697782, 0.2657002133402298072, 0.3272558681973764538, 0.3865123433292943500, 0.4458582974819495504, 0.5051731438069390068, 0.5637797628070204681, 0.6223430642934396628, 0.6808235796100192694, 0.7397951568104399467, 0.8008011629883833304, 0.8642394615769080080, 0.9306310981734532417, 0.9999999999999998890 ),
 .UNSPECIFIED. ) ;
#4309 = CARTESIAN_POINT ( 'NONE',  ( -0.08290435250120309352, 1.034999999999999920, 1.224482152663803225 ) ) ;
#4310 = CARTESIAN_POINT ( 'NONE',  ( -0.1061710529872759573, 1.034999999999999920, -1.139577370660544764 ) ) ;
#4311 = ORIENTED_EDGE ( 'NONE', *, *, #1527, .T. ) ;
#4312 = EDGE_CURVE ( 'NONE', #699, #5445, #1174, .T. ) ;
#4313 = CARTESIAN_POINT ( 'NONE',  ( -0.2596454693482048159, 1.024999999999999689, 1.482875074157175677 ) ) ;
#4314 = CARTESIAN_POINT ( 'NONE',  ( 0.3656008041491505267, 1.034999999999999698, 1.355140911848129015 ) ) ;
#4315 = SURFACE_STYLE_FILL_AREA ( #5602 ) ;
#4316 = CARTESIAN_POINT ( 'NONE',  ( -0.4677938280495980150, 1.034999999999999920, 1.023402570223235886 ) ) ;
#4317 = B_SPLINE_CURVE_WITH_KNOTS ( 'NONE', 3,
 ( #4863, #5845, #724, #1740, #1290, #2282, #4349, #708, #5353, #3343, #772, #5305, #3300 ),
 .UNSPECIFIED., .F., .F.,
 ( 4, 1, 1, 1, 1, 1, 1, 1, 1, 1, 4 ),
 ( 0.000000000000000000, 0.1241996726524872002, 0.2368296581100271803, 0.3394949853062829703, 0.4312535100312248071, 0.5114548721194182024, 0.5812230366234584222, 0.6404953748643703593, 0.6883082049320179419, 0.8503329734146883867, 0.9999999999999998890 ),
 .UNSPECIFIED. ) ;
#4318 =( LENGTH_UNIT ( ) NAMED_UNIT ( * ) SI_UNIT ( .MILLI., .METRE. ) );
#4319 = CARTESIAN_POINT ( 'NONE',  ( -0.07117166630517686443, 1.024999999999999911, 0.1451154953134258796 ) ) ;
#4320 = ORIENTED_EDGE ( 'NONE', *, *, #2422, .F. ) ;
#4321 = CARTESIAN_POINT ( 'NONE',  ( -0.4751407425805740381, 1.035000000000000364, 0.1599192117716702610 ) ) ;
#4322 = CARTESIAN_POINT ( 'NONE',  ( -0.1043395853067812518, 1.035000000000000142, 0.7631169127271658637 ) ) ;
#4323 = CARTESIAN_POINT ( 'NONE',  ( 0.3929687500000005329, 1.024999999999999911, -0.8335336538461538547 ) ) ;
#4324 = SURFACE_STYLE_USAGE ( .BOTH. , #5881 ) ;
#4325 = FACE_OUTER_BOUND ( 'NONE', #5772, .T. ) ;
#4326 = CARTESIAN_POINT ( 'NONE',  ( 0.8280408709267160772, 1.024999999999999911, -0.3240397907080368456 ) ) ;
#4327 = VERTEX_POINT ( 'NONE', #1231 ) ;
#4328 = SURFACE_STYLE_USAGE ( .BOTH. , #4305 ) ;
#4329 = CARTESIAN_POINT ( 'NONE',  ( 0.5209897867619566192, 1.034999999999999920, -1.086931559160239980 ) ) ;
#4330 = PRESENTATION_STYLE_ASSIGNMENT (( #5292 ) ) ;
#4331 = CARTESIAN_POINT ( 'NONE',  ( -0.1709775200025005493, 1.024999999999999911, 1.304503635857037436 ) ) ;
#4332 = COLOUR_RGB ( '',1.000000000000000000, 1.000000000000000000, 1.000000000000000000 ) ;
#4333 = CARTESIAN_POINT ( 'NONE',  ( 0.5348747006388974157, 1.024999999999999911, 0.8385981092399692471 ) ) ;
#4334 = EDGE_CURVE ( 'NONE', #5136, #1254, #6403, .T. ) ;
#4335 = CARTESIAN_POINT ( 'NONE',  ( -0.1825227462300418046, 1.034999999999999920, 1.317561331180454154 ) ) ;
#4336 = CARTESIAN_POINT ( 'NONE',  ( 0.6626427731117336961, 1.034999999999999920, 0.7644335898809585528 ) ) ;
#4337 = CARTESIAN_POINT ( 'NONE',  ( -0.4568810490274483604, 1.035000000000000142, 0.9216901571185679432 ) ) ;
#4338 = CARTESIAN_POINT ( 'NONE',  ( 0.4327727657444420672, 1.024999999999999911, 1.277465502956919075 ) ) ;
#4339 = COLOUR_RGB ( '',1.000000000000000000, 1.000000000000000000, 1.000000000000000000 ) ;
#4340 = FILL_AREA_STYLE_COLOUR ( '', #1858 ) ;
#4341 = CARTESIAN_POINT ( 'NONE',  ( 0.4992838354678801882, 1.024999999999999245, 1.340513759941373451 ) ) ;
#4342 = CARTESIAN_POINT ( 'NONE',  ( -0.3594674135130906389, 1.035000000000000364, 0.1918791199386858659 ) ) ;
#4343 = CARTESIAN_POINT ( 'NONE',  ( -0.1400841346153841038, 1.034999999999999920, -0.9344951923076924016 ) ) ;
#4344 =( NAMED_UNIT ( * ) SI_UNIT ( $, .STERADIAN. ) SOLID_ANGLE_UNIT ( ) );
#4345 = CARTESIAN_POINT ( 'NONE',  ( -0.2308589069795600468, 1.035000000000000586, 0.3394991525899668239 ) ) ;
#4346 = STYLED_ITEM ( 'NONE', ( #1961 ), #842 ) ;
#4347 = CARTESIAN_POINT ( 'NONE',  ( -0.7653846153846148859, 1.034999999999999920, -0.09855769230769233225 ) ) ;
#4348 = CARTESIAN_POINT ( 'NONE',  ( 0.3551007412901766580, 1.035000000000000586, -1.069114892164733099 ) ) ;
#4349 = CARTESIAN_POINT ( 'NONE',  ( -0.6436720452315449759, 1.025000000000000133, 1.331288948873510680 ) ) ;
#4350 = ORIENTED_EDGE ( 'NONE', *, *, #2795, .T. ) ;
#4351 = EDGE_CURVE ( 'NONE', #2524, #4499, #5451, .T. ) ;
#4352 = MECHANICAL_DESIGN_GEOMETRIC_PRESENTATION_REPRESENTATION (  '', ( #2044 ), #165 ) ;
#4353 = CARTESIAN_POINT ( 'NONE',  ( -0.4568810490274483604, 1.035000000000000142, 0.9216901571185679432 ) ) ;
#4354 = SURFACE_SIDE_STYLE ('',( #4033 ) ) ;
#4355 = SURFACE_SIDE_STYLE ('',( #301 ) ) ;
#4356 = DIRECTION ( 'NONE',  ( 0.000000000000000000, -0.000000000000000000, 1.000000000000000000 ) ) ;
#4357 =( NAMED_UNIT ( * ) SI_UNIT ( $, .STERADIAN. ) SOLID_ANGLE_UNIT ( ) );
#4358 = CARTESIAN_POINT ( 'NONE',  ( 0.3656008041491505267, 1.024999999999999689, 1.355140911848129015 ) ) ;
#4359 = ORIENTED_EDGE ( 'NONE', *, *, #2241, .T. ) ;
#4360 = CARTESIAN_POINT ( 'NONE',  ( -0.5185713438862951108, 1.034999999999999920, 1.094640769511485479 ) ) ;
#4361 = VERTEX_POINT ( 'NONE', #5951 ) ;
#4362 = B_SPLINE_CURVE_WITH_KNOTS ( 'NONE', 3,
 ( #1420, #6440, #353, #3896, #3992, #2432, #4416 ),
 .UNSPECIFIED., .F., .F.,
 ( 4, 1, 1, 1, 4 ),
 ( 0.000000000000000000, 0.2526433275832366543, 0.5044398525799862476, 0.7504068042814560080, 1.000000000000000000 ),
 .UNSPECIFIED. ) ;
#4363 = DIRECTION ( 'NONE',  ( 2.644395542647578669E-16, -1.000000000000000000, 0.000000000000000000 ) ) ;
#4364 = PRESENTATION_LAYER_ASSIGNMENT (  '', '', ( #1062 ) ) ;
#4365 = CARTESIAN_POINT ( 'NONE',  ( 0.7388950688223768770, 1.034999999999999920, -0.2139691438659765965 ) ) ;
#4366 = CARTESIAN_POINT ( 'NONE',  ( -0.08253833628754228546, 1.024999999999999467, 0.7572851291288784648 ) ) ;
#4367 = ORIENTED_EDGE ( 'NONE', *, *, #3634, .T. ) ;
#4368 = CARTESIAN_POINT ( 'NONE',  ( -0.1361177884615386025, 1.024999999999999911, 1.403846153846154410 ) ) ;
#4369 = SURFACE_SIDE_STYLE ('',( #4801 ) ) ;
#4370 = ADVANCED_FACE ( 'NONE', ( #4755 ), #2752, .T. ) ;
#4371 = ADVANCED_FACE ( 'NONE', ( #5977 ), #6389, .F. ) ;
#4372 = CARTESIAN_POINT ( 'NONE',  ( -0.7439828851384415742, 1.035000000000000142, -0.3009824786210819614 ) ) ;
#4373 = CARTESIAN_POINT ( 'NONE',  ( -0.3242788461538456679, 1.024999999999999911, 0.1923076923076923184 ) ) ;
#4374 = CARTESIAN_POINT ( 'NONE',  ( -0.7253338131151673140, 1.034999999999999920, 0.9276918119063907175 ) ) ;
#4375 = CARTESIAN_POINT ( 'NONE',  ( 0.5230769230769236611, 1.034999999999999920, -1.066406250000000000 ) ) ;
#4376 = CARTESIAN_POINT ( 'NONE',  ( 0.2207530436513871208, 1.024999999999999689, 0.9356435630111534785 ) ) ;
#4377 = EDGE_CURVE ( 'NONE', #2375, #5393, #5144, .T. ) ;
#4378 = CARTESIAN_POINT ( 'NONE',  ( -0.1400841346153841038, 1.024999999999999911, -0.9344951923076924016 ) ) ;
#4379 = VERTEX_POINT ( 'NONE', #3601 ) ;
#4380 = CARTESIAN_POINT ( 'NONE',  ( -0.5334125445265935905, 1.024999999999999467, 0.8449640240426656845 ) ) ;
#4381 = CARTESIAN_POINT ( 'NONE',  ( 0.3999451352814074045, 1.024999999999999911, -0.8413258239733425459 ) ) ;
#4382 = CARTESIAN_POINT ( 'NONE',  ( 0.5759803543715629193, 1.024999999999999467, 0.7501485095022860650 ) ) ;
#4383 = PRESENTATION_STYLE_ASSIGNMENT (( #1617 ) ) ;
#4384 = CARTESIAN_POINT ( 'NONE',  ( -0.4591161513292428276, 1.024999999999999911, -0.8516618147757765156 ) ) ;
#4385 = FILL_AREA_STYLE ('',( #3375 ) ) ;
#4386 = CARTESIAN_POINT ( 'NONE',  ( 0.6436831158791836982, 1.024999999999999689, 0.8562443421471485072 ) ) ;
#4387 = CARTESIAN_POINT ( 'NONE',  ( 0.3412806957652999573, 1.034999999999999920, 0.8912785242938491281 ) ) ;
#4388 = LINE ( 'NONE', #4816, #5263 ) ;
#4389 = SURFACE_SIDE_STYLE ('',( #2021 ) ) ;
#4391 = LINE ( 'NONE', #4104, #1294 ) ;
#4390 = PRESENTATION_LAYER_ASSIGNMENT (  '', '', ( #3725 ) ) ;
#4392 = CARTESIAN_POINT ( 'NONE',  ( -0.1439618099055302580, 1.034999999999999920, 0.7800866347188734062 ) ) ;
#4393 = CARTESIAN_POINT ( 'NONE',  ( 0.2399004381831472132, 1.024999999999999911, -1.114948317319025106 ) ) ;
#4394 =( NAMED_UNIT ( * ) SI_UNIT ( $, .STERADIAN. ) SOLID_ANGLE_UNIT ( ) );
#4395 = VERTEX_POINT ( 'NONE', #5630 ) ;
#4396 = CARTESIAN_POINT ( 'NONE',  ( -0.2500000000000002220, 1.024999999999999911, 0.9615384615384616751 ) ) ;
#4397 = PRESENTATION_STYLE_ASSIGNMENT (( #1014 ) ) ;
#4398 =( LENGTH_UNIT ( ) NAMED_UNIT ( * ) SI_UNIT ( .MILLI., .METRE. ) );
#4399 = CARTESIAN_POINT ( 'NONE',  ( 0.1022007499196339181, 1.034999999999999698, 1.036833623450327035 ) ) ;
#4400 = DIRECTION ( 'NONE',  ( -0.000000000000000000, -1.000000000000000000, -0.000000000000000000 ) ) ;
#4401 = CARTESIAN_POINT ( 'NONE',  ( 0.2128136817681038628, 1.034999999999999920, 0.8949845457384369984 ) ) ;
#4402 = ORIENTED_EDGE ( 'NONE', *, *, #143, .F. ) ;
#4403 = ORIENTED_EDGE ( 'NONE', *, *, #258, .T. ) ;
#4404 = COLOUR_RGB ( '',1.000000000000000000, 1.000000000000000000, 1.000000000000000000 ) ;
#4405 =( NAMED_UNIT ( * ) PLANE_ANGLE_UNIT ( ) SI_UNIT ( $, .RADIAN. ) );
#4406 = CARTESIAN_POINT ( 'NONE',  ( 0.5186337150232300797, 1.024999999999999689, -1.044226880279282454 ) ) ;
#4407 =( LENGTH_UNIT ( ) NAMED_UNIT ( * ) SI_UNIT ( .MILLI., .METRE. ) );
#4408 = CARTESIAN_POINT ( 'NONE',  ( -0.5213818887181209671, 1.034999999999999920, 0.8499915930093842054 ) ) ;
#4409 = CARTESIAN_POINT ( 'NONE',  ( -0.1538461538461539935, 1.024999999999999911, 0.9711538461538465894 ) ) ;
#4410 = ORIENTED_EDGE ( 'NONE', *, *, #6477, .T. ) ;
#4411 = AXIS2_PLACEMENT_3D ( 'NONE', #5611, #5656, #4498 ) ;
#4412 = SURFACE_STYLE_FILL_AREA ( #2636 ) ;
#4413 = CARTESIAN_POINT ( 'NONE',  ( 0.6969651048187054387, 1.024999999999999689, 0.9216901571185674991 ) ) ;
#4414 = AXIS2_PLACEMENT_3D ( 'NONE', #1518, #4061, #4106 ) ;
#4415 = VECTOR ( 'NONE', #211, 1000.000000000000000 ) ;
#4416 = CARTESIAN_POINT ( 'NONE',  ( -0.8264723557692307265, 1.034999999999999920, 1.433293269230769384 ) ) ;
#4417 = DIRECTION ( 'NONE',  ( -0.000000000000000000, -1.000000000000000000, -0.000000000000000000 ) ) ;
#4418 = CARTESIAN_POINT ( 'NONE',  ( -0.2175946450717252956, 1.025000000000000355, 0.8517178425193889790 ) ) ;
#4419 = CARTESIAN_POINT ( 'NONE',  ( 0.2183820393925960390, 1.025000000000000133, -1.111100032772898594 ) ) ;
#4420 = CARTESIAN_POINT ( 'NONE',  ( 0.7279304372125445788, 1.035000000000000364, 1.132741021815065974 ) ) ;
#4421 = FACE_BOUND ( 'NONE', #2979, .T. ) ;
#4422 = EDGE_CURVE ( 'NONE', #3304, #401, #3477, .T. ) ;
#4423 = SURFACE_SIDE_STYLE ('',( #4149 ) ) ;
#4424 = DIRECTION ( 'NONE',  ( 0.000000000000000000, 0.000000000000000000, -1.000000000000000000 ) ) ;
#4425 = CARTESIAN_POINT ( 'NONE',  ( -0.5886418269230768718, 1.034999999999999920, 0.8365384615384617861 ) ) ;
#4426 = CARTESIAN_POINT ( 'NONE',  ( -0.08656011123766355064, 1.025000000000000133, 1.348635032081523910 ) ) ;
#4427 = UNCERTAINTY_MEASURE_WITH_UNIT (LENGTH_MEASURE( 1.000000000000000082E-05 ), #2985, 'distance_accuracy_value', 'NONE');
#4428 = EDGE_CURVE ( 'NONE', #4327, #2738, #861, .T. ) ;
#4429 =( GEOMETRIC_REPRESENTATION_CONTEXT ( 3 ) GLOBAL_UNCERTAINTY_ASSIGNED_CONTEXT ( ( #1815 ) ) GLOBAL_UNIT_ASSIGNED_CONTEXT ( ( #3155, #4651, #2576 ) ) REPRESENTATION_CONTEXT ( 'NONE', 'WORKASPACE' ) );
#4430 = PLANE ( 'NONE',  #1232 ) ;
#4431 = ORIENTED_EDGE ( 'NONE', *, *, #5315, .F. ) ;
#4432 = SURFACE_STYLE_USAGE ( .BOTH. , #367 ) ;
#4433 = DIRECTION ( 'NONE',  ( -0.000000000000000000, -1.000000000000000000, -0.000000000000000000 ) ) ;
#4434 = DIRECTION ( 'NONE',  ( -0.000000000000000000, -1.000000000000000000, -0.000000000000000000 ) ) ;
#4435 = CARTESIAN_POINT ( 'NONE',  ( 0.6925913694554859390, 1.035000000000000142, 0.9106923435533436084 ) ) ;
#4436 = CARTESIAN_POINT ( 'NONE',  ( -0.7653846153846148859, 1.024999999999999911, -0.09855769230769233225 ) ) ;
#4437 = EDGE_LOOP ( 'NONE', ( #4013, #3425, #1487, #3673 ) ) ;
#4438 = CARTESIAN_POINT ( 'NONE',  ( 0.7637620192307698064, 1.035000000000000142, -0.2397836538461539102 ) ) ;
#4439 = CARTESIAN_POINT ( 'NONE',  ( 0.1156682925324087202, 1.024999999999999911, 0.9106923435533438305 ) ) ;
#4440 = CARTESIAN_POINT ( 'NONE',  ( -0.1928609403983695125, 1.034999999999999920, 0.8183052022479981868 ) ) ;
#4441 = ORIENTED_EDGE ( 'NONE', *, *, #6115, .T. ) ;
#4442 = EDGE_LOOP ( 'NONE', ( #2536, #6394, #260, #1550 ) ) ;
#4443 =( NAMED_UNIT ( * ) SI_UNIT ( $, .STERADIAN. ) SOLID_ANGLE_UNIT ( ) );
#4444 = CARTESIAN_POINT ( 'NONE',  ( 0.4903629656854134322, 1.024999999999999911, 1.348635032081523466 ) ) ;
#4445 = CARTESIAN_POINT ( 'NONE',  ( -0.1361177884615386025, 1.024999999999999911, 1.403846153846154410 ) ) ;
#4446 = ORIENTED_EDGE ( 'NONE', *, *, #4351, .T. ) ;
#4447 = VERTEX_POINT ( 'NONE', #1566 ) ;
#4448 = ORIENTED_EDGE ( 'NONE', *, *, #2138, .F. ) ;
#4449 =( GEOMETRIC_REPRESENTATION_CONTEXT ( 3 ) GLOBAL_UNCERTAINTY_ASSIGNED_CONTEXT ( ( #5780 ) ) GLOBAL_UNIT_ASSIGNED_CONTEXT ( ( #4794, #2737, #4775 ) ) REPRESENTATION_CONTEXT ( 'NONE', 'WORKASPACE' ) );
#4450 = CARTESIAN_POINT ( 'NONE',  ( -0.4897085815187425806, 1.034999999999999920, 0.8715447404585627833 ) ) ;
#4451 = CARTESIAN_POINT ( 'NONE',  ( 0.5530772984843815854, 1.035000000000000142, 1.295053357843855446 ) ) ;
#4452 = CARTESIAN_POINT ( 'NONE',  ( 0.2211538461538460343, 1.034999999999999920, 0.9570312500000004441 ) ) ;
#4453 = CARTESIAN_POINT ( 'NONE',  ( 0.001818223322760980157, 1.024999999999999911, 1.150978442549882352 ) ) ;
#4454 = B_SPLINE_CURVE_WITH_KNOTS ( 'NONE', 3,
 ( #2969, #934, #445, #4488, #1985, #1401, #3949, #3494, #3429, #4960, #5058, #1452, #5460, #5035, #6466, #4020, #2994, #5527, #2412 ),
 .UNSPECIFIED., .F., .F.,
 ( 4, 1, 1, 1, 1, 1, 1, 1, 1, 1, 1, 1, 1, 1, 1, 1, 4 ),
 ( 0.000000000000000000, 0.07067529020333015999, 0.1374926938441249080, 0.2014728253723051254, 0.2628693217722904985, 0.3225500865261559658, 0.3807372513385549606, 0.4382197368560125095, 0.4954874370602862510, 0.5534836796953479521, 0.6113462062294293675, 0.6706437388141557321, 0.7315869484227134345, 0.7941831937999382918, 0.8594451119347497059, 0.9282076353998099938, 1.000000000000000000 ),
 .UNSPECIFIED. ) ;
#4455 = FACE_OUTER_BOUND ( 'NONE', #2817, .T. ) ;
#4456 = PRESENTATION_STYLE_ASSIGNMENT (( #3147 ) ) ;
#4457 = CARTESIAN_POINT ( 'NONE',  ( 0.5928747511549730120, 1.024999999999999689, 0.7504378068874770769 ) ) ;
#4458 = STYLED_ITEM ( 'NONE', ( #3186 ), #3589 ) ;
#4459 = CARTESIAN_POINT ( 'NONE',  ( 0.5214117085729133017, 1.025000000000000133, -0.03040106579908926840 ) ) ;
#4460 = ORIENTED_EDGE ( 'NONE', *, *, #3954, .F. ) ;
#4461 = CARTESIAN_POINT ( 'NONE',  ( 0.07755412557111047989, 1.034999999999999920, 0.8631895418681124754 ) ) ;
#4462 = PLANE ( 'NONE',  #5468 ) ;
#4463 = CARTESIAN_POINT ( 'NONE',  ( 0.3988491489814942614, 1.034999999999999698, 0.8038894595579940683 ) ) ;
#4464 = CARTESIAN_POINT ( 'NONE',  ( 0.2571514423076928235, 1.034999999999999920, -1.269230769230769162 ) ) ;
#4465 = DIRECTION ( 'NONE',  ( -0.000000000000000000, -1.000000000000000000, -0.000000000000000000 ) ) ;
#4466 = EDGE_CURVE ( 'NONE', #4700, #396, #6225, .T. ) ;
#4467 = CARTESIAN_POINT ( 'NONE',  ( -0.2175946450717252956, 1.025000000000000355, 0.8517178425193889790 ) ) ;
#4468 = CARTESIAN_POINT ( 'NONE',  ( 0.3025240384615390798, 1.024999999999999911, -0.7884615384615384359 ) ) ;
#4469 = DIRECTION ( 'NONE',  ( -0.000000000000000000, -1.000000000000000000, -0.000000000000000000 ) ) ;
#4470 = CARTESIAN_POINT ( 'NONE',  ( 0.6407202261418077915, 1.034999999999999698, 0.7580082180372670342 ) ) ;
#4471 = CARTESIAN_POINT ( 'NONE',  ( 0.5209897867619566192, 1.034999999999999920, -1.086931559160239980 ) ) ;
#4472 = EDGE_LOOP ( 'NONE', ( #5016, #5356, #5172, #732 ) ) ;
#4473 = CARTESIAN_POINT ( 'NONE',  ( 0.6203593329913960064, 1.024999999999999689, -0.2915349385491523559 ) ) ;
#4474 = CARTESIAN_POINT ( 'NONE',  ( 0.3612907688776517690, 1.024999999999999911, -1.259698088810414784 ) ) ;
#4475 = CARTESIAN_POINT ( 'NONE',  ( -0.06674896830846809015, 1.024999999999999911, 1.331288948873510458 ) ) ;
#4476 = VERTEX_POINT ( 'NONE', #221 ) ;
#4477 = CARTESIAN_POINT ( 'NONE',  ( -0.5101630379669703785, 1.034999999999999920, 0.8562443421471487293 ) ) ;
#4478 = DIRECTION ( 'NONE',  ( -0.000000000000000000, -1.000000000000000000, -0.000000000000000000 ) ) ;
#4479 = VECTOR ( 'NONE', #2604, 1000.000000000000000 ) ;
#4480 = PRESENTATION_STYLE_ASSIGNMENT (( #2001 ) ) ;
#4481 = CARTESIAN_POINT ( 'NONE',  ( 0.5940888748797414909, 1.034999999999999920, 0.8385928700513110012 ) ) ;
#4482 = CARTESIAN_POINT ( 'NONE',  ( -0.1917685378852437006, 1.025000000000000133, -0.8908502233264575798 ) ) ;
#4483 = CARTESIAN_POINT ( 'NONE',  ( 0.6994978286229907027, 1.024999999999999911, 0.9837818860903952967 ) ) ;
#4484 = VERTEX_POINT ( 'NONE', #6380 ) ;
#4485 = CARTESIAN_POINT ( 'NONE',  ( -1.499999999999996891, 1.034999999999999920, -1.650000000000000799 ) ) ;
#4486 = CARTESIAN_POINT ( 'NONE',  ( 0.1037841999836682377, 1.024999999999999689, 0.8900286707375897333 ) ) ;
#4487 = SURFACE_STYLE_FILL_AREA ( #3797 ) ;
#4488 = CARTESIAN_POINT ( 'NONE',  ( 0.3345879600521213804, 1.024999999999999911, 0.9132441222960760996 ) ) ;
#4489 = CARTESIAN_POINT ( 'NONE',  ( -0.1266930835313141712, 1.024999999999999911, -0.9446960006424259815 ) ) ;
#4490 = CARTESIAN_POINT ( 'NONE',  ( 0.7637620192307699174, 1.035000000000000142, -0.2397836538461539380 ) ) ;
#4491 = VECTOR ( 'NONE', #1180, 1000.000000000000000 ) ;
#4492 = B_SPLINE_CURVE_WITH_KNOTS ( 'NONE', 3,
 ( #4527, #4056, #4569, #2539, #2168, #5194, #5693, #6193, #4212, #5229, #1149, #3655, #6175 ),
 .UNSPECIFIED., .F., .F.,
 ( 4, 1, 1, 1, 1, 1, 1, 1, 1, 1, 4 ),
 ( 0.000000000000000000, 0.04398504629311398434, 0.09255174981888075747, 0.1471760916490177651, 0.2077162963000876994, 0.3374908720733645895, 0.4746268733997882627, 0.6145941873578287806, 0.7553687989046374840, 0.8864344517503219834, 1.000000000000000000 ),
 .UNSPECIFIED. ) ;
#4493 = CARTESIAN_POINT ( 'NONE',  ( 0.7978702046083667732, 1.024999999999999911, 0.9644531001897752587 ) ) ;
#4494 = CARTESIAN_POINT ( 'NONE',  ( 0.01307091346153835265, 1.034999999999999920, 1.264723557692308153 ) ) ;
#4495 = DIRECTION ( 'NONE',  ( 0.000000000000000000, 0.000000000000000000, -1.000000000000000000 ) ) ;
#4496 = CARTESIAN_POINT ( 'NONE',  ( -0.05428494132171902964, 1.025000000000000133, 1.320496778789090664 ) ) ;
#4497 = AXIS2_PLACEMENT_3D ( 'NONE', #797, #1893, #5043 ) ;
#4498 = DIRECTION ( 'NONE',  ( 1.000000000000000000, 0.000000000000000000, -0.000000000000000000 ) ) ;
#4499 = VERTEX_POINT ( 'NONE', #1841 ) ;
#4500 = FACE_OUTER_BOUND ( 'NONE', #2984, .T. ) ;
#4501 = DIRECTION ( 'NONE',  ( -0.000000000000000000, -1.000000000000000000, -0.000000000000000000 ) ) ;
#4502 = CARTESIAN_POINT ( 'NONE',  ( 0.5226381356013578561, 1.034999999999999920, 1.320496778789089998 ) ) ;
#4503 = CARTESIAN_POINT ( 'NONE',  ( 0.1817883925536819545, 1.024999999999999689, 1.090131206510949413 ) ) ;
#4504 = CARTESIAN_POINT ( 'NONE',  ( -0.1536681768224490985, 1.024999999999999911, 0.9660415190853475220 ) ) ;
#4505 = PRESENTATION_LAYER_ASSIGNMENT (  '', '', ( #1310 ) ) ;
#4506 = CARTESIAN_POINT ( 'NONE',  ( 0.1817883925536819545, 1.024999999999999911, 1.090131206510949413 ) ) ;
#4507 = EDGE_CURVE ( 'NONE', #5023, #393, #2624, .T. ) ;
#4508 = VECTOR ( 'NONE', #2570, 1000.000000000000000 ) ;
#4509 = SURFACE_STYLE_FILL_AREA ( #4660 ) ;
#4510 = CARTESIAN_POINT ( 'NONE',  ( 0.6493710974169384365, 1.024999999999999467, 1.078940445635439893 ) ) ;
#4511 =( NAMED_UNIT ( * ) PLANE_ANGLE_UNIT ( ) SI_UNIT ( $, .RADIAN. ) );
#4512 = CARTESIAN_POINT ( 'NONE',  ( -0.7649954426006994046, 1.035000000000000142, -0.08212192723225118784 ) ) ;
#4513 = SURFACE_STYLE_USAGE ( .BOTH. , #5011 ) ;
#4514 = SURFACE_STYLE_USAGE ( .BOTH. , #3495 ) ;
#4515 = CARTESIAN_POINT ( 'NONE',  ( 0.6712093538172856366, 1.024999999999999467, 1.192704292644374720 ) ) ;
#4516 = SURFACE_SIDE_STYLE ('',( #3174 ) ) ;
#4517 = UNCERTAINTY_MEASURE_WITH_UNIT (LENGTH_MEASURE( 1.000000000000000082E-05 ), #2009, 'distance_accuracy_value', 'NONE');
#4518 = CARTESIAN_POINT ( 'NONE',  ( 0.1062076452984871827, 1.024999999999999467, 0.7728591684128819361 ) ) ;
#4519 = EDGE_CURVE ( 'NONE', #4603, #2004, #4092, .T. ) ;
#4520 = VECTOR ( 'NONE', #5465, 1000.000000000000000 ) ;
#4521 = ADVANCED_FACE ( 'NONE', ( #2123 ), #572, .T. ) ;
#4522 = CARTESIAN_POINT ( 'NONE',  ( -0.04204837628417965739, 1.035000000000000142, 0.8385981092399695802 ) ) ;
#4523 = SURFACE_STYLE_USAGE ( .BOTH. , #2534 ) ;
#4524 = CARTESIAN_POINT ( 'NONE',  ( 0.4152000563056311155, 1.034999999999999920, 0.7911853970708486727 ) ) ;
#4525 = ORIENTED_EDGE ( 'NONE', *, *, #550, .F. ) ;
#4526 = CARTESIAN_POINT ( 'NONE',  ( 0.5371149441797241630, 1.034999999999999920, 1.308609899621552941 ) ) ;
#4527 = CARTESIAN_POINT ( 'NONE',  ( 0.2601562500000004219, 1.034999999999999920, -1.115384615384615419 ) ) ;
#4528 = ORIENTED_EDGE ( 'NONE', *, *, #3954, .T. ) ;
#4529 =( LENGTH_UNIT ( ) NAMED_UNIT ( * ) SI_UNIT ( .MILLI., .METRE. ) );
#4530 = CARTESIAN_POINT ( 'NONE',  ( -0.2113222727739264561, 1.024999999999999467, 1.355140911848129237 ) ) ;
#4531 = CARTESIAN_POINT ( 'NONE',  ( 0.3273737980769230727, 1.024999999999999911, 1.433293269230769384 ) ) ;
#4532 = CARTESIAN_POINT ( 'NONE',  ( 0.1246907728019100853, 1.024999999999999689, 0.9454479468394777486 ) ) ;
#4533 = DIRECTION ( 'NONE',  ( 0.000000000000000000, 0.000000000000000000, -1.000000000000000000 ) ) ;
#4534 = VERTEX_POINT ( 'NONE', #25 ) ;
#4535 = CARTESIAN_POINT ( 'NONE',  ( 0.3273737980769230727, 1.034999999999999920, 1.433293269230769384 ) ) ;
#4536 = ORIENTED_EDGE ( 'NONE', *, *, #5065, .T. ) ;
#4537 = CARTESIAN_POINT ( 'NONE',  ( -0.1148982632756631039, 1.024999999999999911, 0.8721003435082631539 ) ) ;
#4538 = CARTESIAN_POINT ( 'NONE',  ( 0.6918228383741951149, 1.035000000000000142, 1.010118407490751880 ) ) ;
#4539 = CARTESIAN_POINT ( 'NONE',  ( -0.5923076923076919797, 1.025000000000000133, -0.09104567307692308653 ) ) ;
#4540 = ORIENTED_EDGE ( 'NONE', *, *, #3680, .T. ) ;
#4541 = CARTESIAN_POINT ( 'NONE',  ( 0.3173076923076922351, 1.024999999999999911, 1.500000000000000222 ) ) ;
#4542 = EDGE_CURVE ( 'NONE', #15, #4122, #1072, .T. ) ;
#4543 = AXIS2_PLACEMENT_3D ( 'NONE', #6029, #6525, #5541 ) ;
#4544 = CARTESIAN_POINT ( 'NONE',  ( 0.2571514423076928235, 1.024999999999999911, -1.269230769230769162 ) ) ;
#4545 = CARTESIAN_POINT ( 'NONE',  ( 0.3143212458006600651, 1.024999999999999911, -1.011203171292209380 ) ) ;
#4546 = PRESENTATION_STYLE_ASSIGNMENT (( #3373 ) ) ;
#4547 = CARTESIAN_POINT ( 'NONE',  ( 0.1249999999999998890, 1.034999999999999920, 0.9579326923076927347 ) ) ;
#4548 = DIRECTION ( 'NONE',  ( -0.000000000000000000, -1.000000000000000000, -0.000000000000000000 ) ) ;
#4549 = CARTESIAN_POINT ( 'NONE',  ( -0.8346377511422808926, 1.035000000000000142, 1.466000064178921702 ) ) ;
#4550 = PRODUCT ( 'XFL4020-222MEB', 'XFL4020-222MEB', '', ( #493 ) ) ;
#4551 = ORIENTED_EDGE ( 'NONE', *, *, #2641, .F. ) ;
#4552 = AXIS2_PLACEMENT_3D ( 'NONE', #2826, #3393, #344 ) ;
#4553 = CARTESIAN_POINT ( 'NONE',  ( 0.4059455569205765446, 1.025000000000000133, 1.304503635857037214 ) ) ;
#4554 = FILL_AREA_STYLE_COLOUR ( '', #2583 ) ;
#4555 = CARTESIAN_POINT ( 'NONE',  ( 0.5547742813198949241, 1.024999999999999911, 1.172529277259950931 ) ) ;
#4556 = ADVANCED_FACE ( 'NONE', ( #6076, #3394, #4588, #2051, #2425, #4421 ), #4100, .T. ) ;
#4557 = CARTESIAN_POINT ( 'NONE',  ( 0.2156684110218179407, 1.024999999999999911, -0.8695632752520079389 ) ) ;
#4558 = CARTESIAN_POINT ( 'NONE',  ( 0.1430149535067584410, 1.035000000000000142, 0.7952156366747701322 ) ) ;
#4559 = EDGE_CURVE ( 'NONE', #4379, #4245, #2598, .T. ) ;
#4560 = ORIENTED_EDGE ( 'NONE', *, *, #5801, .T. ) ;
#4562 = SURFACE_STYLE_FILL_AREA ( #1191 ) ;
#4561 = DIRECTION ( 'NONE',  ( -0.000000000000000000, -1.000000000000000000, -0.000000000000000000 ) ) ;
#4563 = CARTESIAN_POINT ( 'NONE',  ( 0.5787413002458381417, 1.034999999999999920, 1.150978442549882352 ) ) ;
#4564 = CARTESIAN_POINT ( 'NONE',  ( -0.4928470730519666221, 1.034999999999999698, 1.064245337337988540 ) ) ;
#4565 = VERTEX_POINT ( 'NONE', #2553 ) ;
#4566 = FACE_OUTER_BOUND ( 'NONE', #2891, .T. ) ;
#4567 = CARTESIAN_POINT ( 'NONE',  ( -0.6634831881607404780, 1.024999999999999467, 1.348635032081523466 ) ) ;
#4568 = DIRECTION ( 'NONE',  ( 0.000000000000000000, 0.000000000000000000, 1.000000000000000000 ) ) ;
#4569 = CARTESIAN_POINT ( 'NONE',  ( 0.2399004381831472132, 1.034999999999999920, -1.114948317319025106 ) ) ;
#4570 = CARTESIAN_POINT ( 'NONE',  ( -0.7549970048646593712, 1.034999999999999698, 0.8038894595579940683 ) ) ;
#4571 = COLOUR_RGB ( '',0.6470588235294117974, 0.5176470588235293491, 0.000000000000000000 ) ;
#4572 = CARTESIAN_POINT ( 'NONE',  ( 0.5652043269230768718, 1.034999999999999920, 0.8365384615384617861 ) ) ;
#4573 = VECTOR ( 'NONE', #1801, 1000.000000000000000 ) ;
#4574 = CARTESIAN_POINT ( 'NONE',  ( -0.7849999999999999201, -1.024999999999999911, 1.625000000000000000 ) ) ;
#4575 = DIRECTION ( 'NONE',  ( -1.000000000000000000, -2.644395542647571766E-16, -0.000000000000000000 ) ) ;
#4576 = SURFACE_STYLE_USAGE ( .BOTH. , #3639 ) ;
#4577 = CARTESIAN_POINT ( 'NONE',  ( 0.1104622307674721499, 1.034999999999999920, 0.9000261689353128425 ) ) ;
#4578 = CARTESIAN_POINT ( 'NONE',  ( -0.5905545249870922664, 1.035000000000000142, -0.03364671067363699669 ) ) ;
#4579 = COLOUR_RGB ( '',1.000000000000000000, 1.000000000000000000, 1.000000000000000000 ) ;
#4580 = STYLED_ITEM ( 'NONE', ( #1762 ), #6172 ) ;
#4581 = B_SPLINE_CURVE_WITH_KNOTS ( 'NONE', 3,
 ( #4836, #1313, #6313, #1736, #3837, #5369, #3816, #1334, #1755, #746, #3774 ),
 .UNSPECIFIED., .F., .F.,
 ( 4, 1, 1, 1, 1, 1, 1, 1, 4 ),
 ( 0.000000000000000000, 0.1171740342864737716, 0.2417654799937159205, 0.3710161078446976290, 0.5008421377049936396, 0.6310231612783387956, 0.7592138442397812215, 0.8831154682939466039, 1.000000000000000000 ),
 .UNSPECIFIED. ) ;
#4582 = EDGE_CURVE ( 'NONE', #1161, #5930, #6015, .T. ) ;
#4583 = CARTESIAN_POINT ( 'NONE',  ( 0.1225747516999135950, 1.034999999999999476, 0.9837818860903952967 ) ) ;
#4584 = CARTESIAN_POINT ( 'NONE',  ( -0.4872227032127436352, 1.024999999999999911, -0.5084503787613618986 ) ) ;
#4585 = CARTESIAN_POINT ( 'NONE',  ( 0.5419591253121749386, 1.034999999999999920, 0.7505253949516117462 ) ) ;
#4586 = PRESENTATION_STYLE_ASSIGNMENT (( #3765 ) ) ;
#4587 = STYLED_ITEM ( 'NONE', ( #2677 ), #1246 ) ;
#4588 = FACE_BOUND ( 'NONE', #3192, .T. ) ;
#4589 = CARTESIAN_POINT ( 'NONE',  ( -0.5844380456911785204, 1.024999999999999467, -0.1985289288117806084 ) ) ;
#4590 = DIRECTION ( 'NONE',  ( 0.000000000000000000, 0.000000000000000000, -1.000000000000000000 ) ) ;
#4591 = LINE ( 'NONE', #1525, #5371 ) ;
#4592 =( NAMED_UNIT ( * ) SI_UNIT ( $, .STERADIAN. ) SOLID_ANGLE_UNIT ( ) );
#4593 = CARTESIAN_POINT ( 'NONE',  ( -0.6363485918313113165, 1.035000000000000364, 0.7531031900268578827 ) ) ;
#4594 = CARTESIAN_POINT ( 'NONE',  ( 0.2205332345556180185, 1.024999999999999689, 0.9793131793324545420 ) ) ;
#4595 = CARTESIAN_POINT ( 'NONE',  ( 0.3298207469964955507, 1.034999999999999920, 0.9368557672397974656 ) ) ;
#4596 =( NAMED_UNIT ( * ) PLANE_ANGLE_UNIT ( ) SI_UNIT ( $, .RADIAN. ) );
#4597 = ORIENTED_EDGE ( 'NONE', *, *, #3367, .F. ) ;
#4598 = SURFACE_SIDE_STYLE ('',( #2789 ) ) ;
#4599 = CARTESIAN_POINT ( 'NONE',  ( -0.6598274294242799654, 1.035000000000000142, 1.224482152663803003 ) ) ;
#4600 = DIRECTION ( 'NONE',  ( 0.000000000000000000, 0.000000000000000000, -1.000000000000000000 ) ) ;
#4601 =( LENGTH_UNIT ( ) NAMED_UNIT ( * ) SI_UNIT ( .MILLI., .METRE. ) );
#4602 = CARTESIAN_POINT ( 'NONE',  ( -0.4339081234163183476, 1.024999999999999911, 0.7952156366747696881 ) ) ;
#4603 = VERTEX_POINT ( 'NONE', #6144 ) ;
#4604 = ORIENTED_EDGE ( 'NONE', *, *, #755, .T. ) ;
#4605 = FILL_AREA_STYLE_COLOUR ( '', #811 ) ;
#4606 = CARTESIAN_POINT ( 'NONE',  ( 0.2536308821443046813, 1.034999999999999920, -1.115244062865741181 ) ) ;
#4607 = CARTESIAN_POINT ( 'NONE',  ( -0.5026283188875922958, 1.024999999999999689, -0.4737855873020376807 ) ) ;
#4608 = VERTEX_POINT ( 'NONE', #3723 ) ;
#4609 = ORIENTED_EDGE ( 'NONE', *, *, #5124, .T. ) ;
#4610 = CARTESIAN_POINT ( 'NONE',  ( -0.5243658366482211175, 1.024999999999999689, -0.4206875535002225774 ) ) ;
#4611 = SURFACE_STYLE_USAGE ( .BOTH. , #5540 ) ;
#4612 = CARTESIAN_POINT ( 'NONE',  ( 0.1022007499196339181, 1.024999999999999689, 1.036833623450327035 ) ) ;
#4613 = AXIS2_PLACEMENT_3D ( 'NONE', #5995, #518, #6495 ) ;
#4614 = ORIENTED_EDGE ( 'NONE', *, *, #5734, .T. ) ;
#4615 = CARTESIAN_POINT ( 'NONE',  ( 0.5035675598360680461, 1.024999999999999911, -1.008896259176364385 ) ) ;
#4616 = CARTESIAN_POINT ( 'NONE',  ( 0.5207167764688062084, 1.034999999999999920, 0.8412040476659464749 ) ) ;
#4617 =( LENGTH_UNIT ( ) NAMED_UNIT ( * ) SI_UNIT ( .MILLI., .METRE. ) );
#4618 = CARTESIAN_POINT ( 'NONE',  ( 0.6860523257965557287, 1.034999999999999920, 1.023402570223235664 ) ) ;
#4619 = DIRECTION ( 'NONE',  ( 0.000000000000000000, 0.000000000000000000, -1.000000000000000000 ) ) ;
#4620 = SURFACE_SIDE_STYLE ('',( #4621 ) ) ;
#4621 = SURFACE_STYLE_FILL_AREA ( #3663 ) ;
#4622 = B_SPLINE_CURVE_WITH_KNOTS ( 'NONE', 3,
 ( #3748, #2228, #2687, #2194, #4294, #6260, #201, #679, #713, #5750, #161, #4799, #3715, #3288, #656 ),
 .UNSPECIFIED., .F., .F.,
 ( 4, 1, 1, 1, 1, 1, 1, 1, 1, 1, 1, 1, 4 ),
 ( 0.000000000000000000, 0.03591997324286190507, 0.08120685519723139234, 0.1360147832088366426, 0.2010375103194009527, 0.3449822992729602023, 0.4991298974956019374, 0.6526645158108661526, 0.7986598545325869214, 0.8637593726083351298, 0.9189759817990864610, 0.9643592922044411653, 1.000000000000000000 ),
 .UNSPECIFIED. ) ;
#4623 = CARTESIAN_POINT ( 'NONE',  ( -0.3516370337865993290, 1.035000000000000142, 0.3457236207892979141 ) ) ;
#4624 = STYLED_ITEM ( 'NONE', ( #3746 ), #6335 ) ;
#4625 = CARTESIAN_POINT ( 'NONE',  ( -0.4259157166336094980, 1.025000000000000133, 1.132741021815065530 ) ) ;
#4626 = CARTESIAN_POINT ( 'NONE',  ( 0.04056952584390834116, 1.024999999999999911, 0.7533978999952610778 ) ) ;
#4627 = PRESENTATION_STYLE_ASSIGNMENT (( #3561 ) ) ;
#4628 =( GEOMETRIC_REPRESENTATION_CONTEXT ( 3 ) GLOBAL_UNCERTAINTY_ASSIGNED_CONTEXT ( ( #2077 ) ) GLOBAL_UNIT_ASSIGNED_CONTEXT ( ( #399, #6377, #5939 ) ) REPRESENTATION_CONTEXT ( 'NONE', 'WORKASPACE' ) );
#4629 = UNCERTAINTY_MEASURE_WITH_UNIT (LENGTH_MEASURE( 1.000000000000000082E-05 ), #1036, 'distance_accuracy_value', 'NONE');
#4630 =( GEOMETRIC_REPRESENTATION_CONTEXT ( 3 ) GLOBAL_UNCERTAINTY_ASSIGNED_CONTEXT ( ( #3332 ) ) GLOBAL_UNIT_ASSIGNED_CONTEXT ( ( #4016, #3039, #3512 ) ) REPRESENTATION_CONTEXT ( 'NONE', 'WORKASPACE' ) );
#4631 = CARTESIAN_POINT ( 'NONE',  ( -0.5433698671232168875, 1.024999999999999467, -0.3657578123004284198 ) ) ;
#4632 = CARTESIAN_POINT ( 'NONE',  ( -0.5243458283257840247, 1.024999999999999911, 0.3155960902458150308 ) ) ;
#4633 = ORIENTED_EDGE ( 'NONE', *, *, #6470, .T. ) ;
#4634 = CARTESIAN_POINT ( 'NONE',  ( 0.1249999999999998890, 1.024999999999999911, 0.9579326923076927347 ) ) ;
#4635 = CARTESIAN_POINT ( 'NONE',  ( -0.7386460975405226836, 1.034999999999999920, 0.7911853970708486727 ) ) ;
#4636 = VECTOR ( 'NONE', #4662, 1000.000000000000000 ) ;
#4637 = CARTESIAN_POINT ( 'NONE',  ( -0.1247728563804208352, 1.024999999999999689, 0.3173738862081202372 ) ) ;
#4638 = CARTESIAN_POINT ( 'NONE',  ( 0.8500000000000005329, 1.034999999999999920, -0.3948317307692308376 ) ) ;
#4639 = EDGE_CURVE ( 'NONE', #1790, #4657, #5365, .T. ) ;
#4640 = VERTEX_POINT ( 'NONE', #90 ) ;
#4641 = CARTESIAN_POINT ( 'NONE',  ( 0.5348747006388974157, 1.035000000000000142, 0.8385981092399692471 ) ) ;
#4642 = CARTESIAN_POINT ( 'NONE',  ( -0.7479005969255771991, 1.034999999999999920, 1.304503635857036992 ) ) ;
#4643 = CARTESIAN_POINT ( 'NONE',  ( 0.6963868235130904472, 1.025000000000000133, 0.9969243262400653283 ) ) ;
#4644 = CARTESIAN_POINT ( 'NONE',  ( -0.6531636197334607097, 1.035000000000000142, -0.5620760748862947409 ) ) ;
#4645 = FILL_AREA_STYLE_COLOUR ( '', #410 ) ;
#4646 = SURFACE_SIDE_STYLE ('',( #5288 ) ) ;
#4647 = EDGE_CURVE ( 'NONE', #3731, #3818, #3644, .T. ) ;
#4648 = CARTESIAN_POINT ( 'NONE',  ( -0.5886418269230768718, 1.034999999999999920, 0.8365384615384617861 ) ) ;
#4649 = ORIENTED_EDGE ( 'NONE', *, *, #3168, .F. ) ;
#4650 = ORIENTED_EDGE ( 'NONE', *, *, #216, .F. ) ;
#4651 =( NAMED_UNIT ( * ) PLANE_ANGLE_UNIT ( ) SI_UNIT ( $, .RADIAN. ) );
#4652 = CARTESIAN_POINT ( 'NONE',  ( -0.04953861286756244819, 1.034999999999999920, -0.9972354046471213485 ) ) ;
#4653 = CARTESIAN_POINT ( 'NONE',  ( 0.1252767565014969164, 1.024999999999999911, 0.7831533228634260935 ) ) ;
#4654 = LINE ( 'NONE', #4071, #1302 ) ;
#4655 = FACE_OUTER_BOUND ( 'NONE', #3701, .T. ) ;
#4656 = CARTESIAN_POINT ( 'NONE',  ( 0.2307692307692306155, 1.034999999999999920, 1.500000000000000444 ) ) ;
#4657 = VERTEX_POINT ( 'NONE', #6169 ) ;
#4658 = ORIENTED_EDGE ( 'NONE', *, *, #1583, .T. ) ;
#4659 = CARTESIAN_POINT ( 'NONE',  ( -0.03485701459109043915, 1.034999999999999920, -1.176676445359459144 ) ) ;
#4660 = FILL_AREA_STYLE ('',( #5651 ) ) ;
#4661 = PRODUCT_DEFINITION_CONTEXT ( 'detailed design', #4069, 'design' ) ;
#4662 = DIRECTION ( 'NONE',  ( -0.000000000000000000, -1.000000000000000000, -0.000000000000000000 ) ) ;
#4663 = CARTESIAN_POINT ( 'NONE',  ( 0.2160440078270891850, 1.024999999999999911, -0.8839159174884698711 ) ) ;
#4664 = CARTESIAN_POINT ( 'NONE',  ( 0.1248955999743857903, 1.025000000000000133, 0.9537176434545550086 ) ) ;
#4665 = SURFACE_STYLE_FILL_AREA ( #5752 ) ;
#4666 = CARTESIAN_POINT ( 'NONE',  ( -0.7069529773705758302, 1.034999999999999920, 1.395641797569606934 ) ) ;
#4667 = CARTESIAN_POINT ( 'NONE',  ( 1.849999999999999645, -1.024999999999999911, 2.000000000000000000 ) ) ;
#4668 = CARTESIAN_POINT ( 'NONE',  ( -0.7732125873212843947, 1.034999999999999698, 1.334250950148671899 ) ) ;
#4669 = CARTESIAN_POINT ( 'NONE',  ( -0.4591161513292428276, 1.024999999999999689, -0.8516618147757765156 ) ) ;
#4670 = CARTESIAN_POINT ( 'NONE',  ( -0.01171875000000011796, 1.034999999999999920, 0.8365384615384620082 ) ) ;
#4671 = CARTESIAN_POINT ( 'NONE',  ( -0.8045570349474158167, 1.024999999999999911, 0.8706527266382477759 ) ) ;
#4672 = COLOUR_RGB ( '',1.000000000000000000, 1.000000000000000000, 1.000000000000000000 ) ;
#4673 = SURFACE_STYLE_USAGE ( .BOTH. , #2573 ) ;
#4674 = CIRCLE ( 'NONE', #1398, 0.04999999999999991257 ) ;
#4675 = EDGE_CURVE ( 'NONE', #948, #5936, #451, .T. ) ;
#4676 = CARTESIAN_POINT ( 'NONE',  ( 0.3075481962512565115, 1.024999999999999245, 0.1204008754419296778 ) ) ;
#4677 = CARTESIAN_POINT ( 'NONE',  ( 0.1140217717651568069, 1.034999999999999698, -1.079663485806535261 ) ) ;
#4678 =( NAMED_UNIT ( * ) PLANE_ANGLE_UNIT ( ) SI_UNIT ( $, .RADIAN. ) );
#4679 = UNCERTAINTY_MEASURE_WITH_UNIT (LENGTH_MEASURE( 1.000000000000000082E-05 ), #5219, 'distance_accuracy_value', 'NONE');
#4680 = FILL_AREA_STYLE_COLOUR ( '', #4162 ) ;
#4681 =( LENGTH_UNIT ( ) NAMED_UNIT ( * ) SI_UNIT ( .MILLI., .METRE. ) );
#4682 = MECHANICAL_DESIGN_GEOMETRIC_PRESENTATION_REPRESENTATION (  '', ( #3526 ), #3070 ) ;
#4683 = SURFACE_SIDE_STYLE ('',( #2104 ) ) ;
#4684 = CARTESIAN_POINT ( 'NONE',  ( 0.09388689024133473060, 1.035000000000000142, 1.050369067633049713 ) ) ;
#4685 = CARTESIAN_POINT ( 'NONE',  ( 0.7978702046083667732, 1.034999999999999920, 0.9644531001897752587 ) ) ;
#4686 = ORIENTED_EDGE ( 'NONE', *, *, #4582, .F. ) ;
#4687 = STYLED_ITEM ( 'NONE', ( #1977 ), #3902 ) ;
#4688 = CARTESIAN_POINT ( 'NONE',  ( -0.01681074385713555303, 1.025000000000000133, 0.2822056425516642486 ) ) ;
#4689 = CARTESIAN_POINT ( 'NONE',  ( 0.5136576272134638632, 1.024999999999999911, -1.030311827663808133 ) ) ;
#4690 = EDGE_CURVE ( 'NONE', #1864, #5842, #5691, .T. ) ;
#4691 = ORIENTED_EDGE ( 'NONE', *, *, #5159, .T. ) ;
#4692 = CARTESIAN_POINT ( 'NONE',  ( 0.3911119599344423658, 1.024999999999999689, -1.251079475078177961 ) ) ;
#4693 = VERTEX_POINT ( 'NONE', #4166 ) ;
#4694 = CARTESIAN_POINT ( 'NONE',  ( -0.5555546696689843689, 1.024999999999999467, -0.7305463340797554439 ) ) ;
#4695 = SURFACE_SIDE_STYLE ('',( #3603 ) ) ;
#4696 = FILL_AREA_STYLE ('',( #5256 ) ) ;
#4697 = CARTESIAN_POINT ( 'NONE',  ( -0.5990513877927807762, 1.034999999999999920, 0.2773487647443848569 ) ) ;
#4698 = CARTESIAN_POINT ( 'NONE',  ( 0.2399004381831472132, 1.034999999999999920, -1.114948317319025106 ) ) ;
#4699 = CARTESIAN_POINT ( 'NONE',  ( 0.2207530436513871208, 1.024999999999999911, 0.9356435630111534785 ) ) ;
#4700 = VERTEX_POINT ( 'NONE', #3202 ) ;
#4701 = SURFACE_STYLE_USAGE ( .BOTH. , #1169 ) ;
#4702 = ORIENTED_EDGE ( 'NONE', *, *, #179, .T. ) ;
#4703 = VERTEX_POINT ( 'NONE', #1130 ) ;
#4704 =( NAMED_UNIT ( * ) PLANE_ANGLE_UNIT ( ) SI_UNIT ( $, .RADIAN. ) );
#4705 = FILL_AREA_STYLE ('',( #3243 ) ) ;
#4706 = SURFACE_STYLE_USAGE ( .BOTH. , #634 ) ;
#4707 = SURFACE_STYLE_USAGE ( .BOTH. , #5744 ) ;
#4708 = CARTESIAN_POINT ( 'NONE',  ( 0.3840621365247076646, 1.035000000000000364, 0.8183052022479979648 ) ) ;
#4709 = PRESENTATION_LAYER_ASSIGNMENT (  '', '', ( #4346 ) ) ;
#4710 = CARTESIAN_POINT ( 'NONE',  ( 0.7377506108318956368, 1.035000000000000142, -0.3959859115656119699 ) ) ;
#4711 = B_SPLINE_SURFACE_WITH_KNOTS ( 'NONE', 3, 1, ( 
 ( #3504, #2062 ),
 ( #3065, #3028 ),
 ( #23, #965 ),
 ( #3522, #3571 ),
 ( #2514, #520 ),
 ( #1029, #6094 ),
 ( #1008, #6049 ),
 ( #1554, #6020 ),
 ( #5597, #5042 ),
 ( #5511, #3050 ),
 ( #5996, #6518 ) ),
 .UNSPECIFIED., .F., .F., .F.,
 ( 4, 1, 1, 1, 1, 1, 1, 1, 4 ),
 ( 2, 2 ),
 ( 0.000000000000000000, 0.1390472363260269462, 0.2672817901977418975, 0.3883655965705407609, 0.5081835141449939641, 0.6286263012378519033, 0.7487570598606410055, 0.8695887494414636931, 1.000000000000000000 ),
 ( 0.000000000000000000, 1.000000000000000000 ),
 .UNSPECIFIED. ) ;
#4712 = CARTESIAN_POINT ( 'NONE',  ( -0.5638521634615384359, 1.034999999999999920, 1.264723557692307931 ) ) ;
#4713 = FACE_BOUND ( 'NONE', #1737, .T. ) ;
#4714 = LINE ( 'NONE', #4018, #5868 ) ;
#4715 = CARTESIAN_POINT ( 'NONE',  ( 0.3350132766199698242, 1.034999999999999920, -1.264866384183079395 ) ) ;
#4716 = DIRECTION ( 'NONE',  ( -0.000000000000000000, -1.000000000000000000, -0.000000000000000000 ) ) ;
#4717 = CARTESIAN_POINT ( 'NONE',  ( 0.08721449540433420800, 1.034999999999999698, 0.8715447404585627833 ) ) ;
#4718 = DIRECTION ( 'NONE',  ( 0.000000000000000000, 0.000000000000000000, 1.000000000000000000 ) ) ;
#4719 = CARTESIAN_POINT ( 'NONE',  ( -0.6438953436732306468, 1.034999999999999920, 1.211378676326420933 ) ) ;
#4720 = PRESENTATION_LAYER_ASSIGNMENT (  '', '', ( #4032 ) ) ;
#4721 = ORIENTED_EDGE ( 'NONE', *, *, #1270, .T. ) ;
#4722 = ADVANCED_FACE ( 'NONE', ( #613 ), #5225, .T. ) ;
#4723 = LINE ( 'NONE', #4186, #5500 ) ;
#4724 = CARTESIAN_POINT ( 'NONE',  ( 0.3840621365247076646, 1.025000000000000355, 0.8183052022479979648 ) ) ;
#4725 = CARTESIAN_POINT ( 'NONE',  ( -0.5608621531985421571, 1.034999999999999920, 0.07006620613971947797 ) ) ;
#4726 = CARTESIAN_POINT ( 'NONE',  ( -0.3169546318886115599, 1.034999999999999920, 0.3457911310544520833 ) ) ;
#4727 = B_SPLINE_SURFACE_WITH_KNOTS ( 'NONE', 3, 1, ( 
 ( #4000, #961 ),
 ( #5813, #2791 ),
 ( #270, #3811 ),
 ( #1799, #1280 ),
 ( #2296, #3952 ),
 ( #2816, #3335 ),
 ( #291, #3832 ),
 ( #786, #4341 ),
 ( #1913, #1428 ),
 ( #4990, #1937 ),
 ( #2972, #5967 ),
 ( #3476, #5549 ),
 ( #2033, #4091 ) ),
 .UNSPECIFIED., .F., .F., .F.,
 ( 4, 1, 1, 1, 1, 1, 1, 1, 1, 1, 4 ),
 ( 2, 2 ),
 ( 0.000000000000000000, 0.1241996726524872002, 0.2368296581100267917, 0.3394949853062829703, 0.4312535100312248071, 0.5114548721194182024, 0.5812230366234584222, 0.6404953748643703593, 0.6883082049320179419, 0.8503329734146882757, 1.000000000000000000 ),
 ( 0.000000000000000000, 1.000000000000000000 ),
 .UNSPECIFIED. ) ;
#4728 = ADVANCED_FACE ( 'NONE', ( #4500 ), #5149, .T. ) ;
#4729 = LINE ( 'NONE', #5886, #2318 ) ;
#4730 = MECHANICAL_DESIGN_GEOMETRIC_PRESENTATION_REPRESENTATION (  '', ( #1062 ), #1738 ) ;
#4731 = CIRCLE ( 'NONE', #4497, 0.04999999999999991257 ) ;
#4732 = CARTESIAN_POINT ( 'NONE',  ( -0.5778657994745910464, 1.025000000000000133, 0.7501485095022862870 ) ) ;
#4733 = ORIENTED_EDGE ( 'NONE', *, *, #2590, .T. ) ;
#4734 = CARTESIAN_POINT ( 'NONE',  ( 0.04195922953917772397, 1.024999999999999911, 1.111914594161551140 ) ) ;
#4735 = CARTESIAN_POINT ( 'NONE',  ( 0.6125160628963287612, 1.034999999999999920, 1.245493178173427085 ) ) ;
#4736 = VECTOR ( 'NONE', #4501, 1000.000000000000000 ) ;
#4737 = EDGE_CURVE ( 'NONE', #1601, #703, #3010, .T. ) ;
#4738 = CARTESIAN_POINT ( 'NONE',  ( 0.4264246871617130008, 1.024999999999999911, -1.228171464447248118 ) ) ;
#4739 = CARTESIAN_POINT ( 'NONE',  ( 0.1249999999999998890, 1.034999999999999920, 0.9579326923076927347 ) ) ;
#4740 = ORIENTED_EDGE ( 'NONE', *, *, #2131, .F. ) ;
#4741 = CARTESIAN_POINT ( 'NONE',  ( -0.4796274038461533773, 1.034999999999999920, -0.5255408653846154188 ) ) ;
#4742 = CARTESIAN_POINT ( 'NONE',  ( -0.7549970048646593712, 1.034999999999999698, 0.8038894595579940683 ) ) ;
#4743 = CARTESIAN_POINT ( 'NONE',  ( -0.7253338131151673140, 1.024999999999999911, 0.9276918119063907175 ) ) ;
#4744 = CARTESIAN_POINT ( 'NONE',  ( -0.2826914959039315556, 1.024999999999999467, 0.3450574798705117741 ) ) ;
#4745 = CARTESIAN_POINT ( 'NONE',  ( 0.3551007412901766580, 1.035000000000000586, -1.069114892164733099 ) ) ;
#4746 = CARTESIAN_POINT ( 'NONE',  ( -0.5608621531985421571, 1.024999999999999689, 0.07006620613971947797 ) ) ;
#4747 = CARTESIAN_POINT ( 'NONE',  ( -0.5005143199644048746, 1.024999999999999467, 1.209179511122381090 ) ) ;
#4748 = PRESENTATION_STYLE_ASSIGNMENT (( #4707 ) ) ;
#4749 = CARTESIAN_POINT ( 'NONE',  ( 0.3647235576923080758, 1.034999999999999920, -1.085036057692307709 ) ) ;
#4750 = B_SPLINE_SURFACE_WITH_KNOTS ( 'NONE', 3, 1, ( 
 ( #6232, #3236 ),
 ( #4764, #5319 ),
 ( #204, #183 ),
 ( #2706, #1749 ),
 ( #2742, #5786 ),
 ( #715, #1240 ),
 ( #3734, #681 ),
 ( #1696, #6281 ),
 ( #695, #1729 ),
 ( #4742, #3291 ),
 ( #1257, #2267 ),
 ( #6247, #243 ),
 ( #735, #3270 ),
 ( #3786, #6262 ),
 ( #223, #4830 ),
 ( #4238, #4296 ),
 ( #5809, #6308 ),
 ( #3310, #265 ),
 ( #1205, #5255 ) ),
 .UNSPECIFIED., .F., .F., .F.,
 ( 4, 1, 1, 1, 1, 1, 1, 1, 1, 1, 1, 1, 1, 1, 1, 1, 4 ),
 ( 2, 2 ),
 ( 0.000000000000000000, 0.07067529020333017387, 0.1374926938441249080, 0.2014728253723050977, 0.2628693217722904429, 0.3225500865261560213, 0.3807372513385547941, 0.4382197368560123429, 0.4954874370602860845, 0.5534836796953477300, 0.6113462062294291455, 0.6706437388141555100, 0.7315869484227132125, 0.7941831937999380697, 0.8594451119347494839, 0.9282076353998096607, 0.9999999999999998890 ),
 ( 0.000000000000000000, 1.000000000000000000 ),
 .UNSPECIFIED. ) ;
#4751 = COLOUR_RGB ( '',1.000000000000000000, 1.000000000000000000, 1.000000000000000000 ) ;
#4752 =( GEOMETRIC_REPRESENTATION_CONTEXT ( 3 ) GLOBAL_UNCERTAINTY_ASSIGNED_CONTEXT ( ( #705 ) ) GLOBAL_UNIT_ASSIGNED_CONTEXT ( ( #4398, #3479, #3905 ) ) REPRESENTATION_CONTEXT ( 'NONE', 'WORKASPACE' ) );
#4753 = CARTESIAN_POINT ( 'NONE',  ( -0.4973557692307689071, 1.025000000000000133, -0.8061899038461539657 ) ) ;
#4754 = CIRCLE ( 'NONE', #1287, 0.1499999999999997446 ) ;
#4755 = FACE_OUTER_BOUND ( 'NONE', #5348, .T. ) ;
#4756 = CARTESIAN_POINT ( 'NONE',  ( 0.7980769230769230171, 1.024999999999999467, 0.9570312500000002220 ) ) ;
#4757 = CARTESIAN_POINT ( 'NONE',  ( -0.5199370261924975978, 1.034999999999999920, 1.226931528156839590 ) ) ;
#4758 = PRESENTATION_LAYER_ASSIGNMENT (  '', '', ( #3518 ) ) ;
#4759 = CARTESIAN_POINT ( 'NONE',  ( 0.3173076923076922351, 1.034999999999999920, 1.500000000000000222 ) ) ;
#4760 = CARTESIAN_POINT ( 'NONE',  ( 0.6619532218267274448, 1.024999999999999689, -0.3271492266832871088 ) ) ;
#4761 = CARTESIAN_POINT ( 'NONE',  ( -0.5537936130820210190, 1.024999999999999911, 1.130708011491501797 ) ) ;
#4762 = ADVANCED_FACE ( 'NONE', ( #6071 ), #727, .T. ) ;
#4763 = DIRECTION ( 'NONE',  ( 0.000000000000000000, 0.000000000000000000, 1.000000000000000000 ) ) ;
#4764 = CARTESIAN_POINT ( 'NONE',  ( -0.8259392864795586098, 1.034999999999999920, 0.9531584188986651496 ) ) ;
#4765 = MECHANICAL_DESIGN_GEOMETRIC_PRESENTATION_REPRESENTATION (  '', ( #4624 ), #5419 ) ;
#4766 = UNCERTAINTY_MEASURE_WITH_UNIT (LENGTH_MEASURE( 1.000000000000000082E-05 ), #250, 'distance_accuracy_value', 'NONE');
#4767 = CARTESIAN_POINT ( 'NONE',  ( 0.03068762072057684698, 1.024999999999999911, 0.8412721904612346924 ) ) ;
#4768 = EDGE_LOOP ( 'NONE', ( #6243, #1449, #3206, #856 ) ) ;
#4769 = LINE ( 'NONE', #913, #1252 ) ;
#4770 = CARTESIAN_POINT ( 'NONE',  ( 0.2826923076923082423, 1.024999999999999689, -0.9798677884615384359 ) ) ;
#4771 = MECHANICAL_DESIGN_GEOMETRIC_PRESENTATION_REPRESENTATION (  '', ( #3812 ), #4628 ) ;
#4772 = CARTESIAN_POINT ( 'NONE',  ( -0.3563898423674587979, 1.035000000000000364, 0.9793131793324549861 ) ) ;
#4773 = VERTEX_POINT ( 'NONE', #230 ) ;
#4774 = CARTESIAN_POINT ( 'NONE',  ( -0.1048791617787825647, 1.034999999999999920, 0.8636569804084183177 ) ) ;
#4775 =( NAMED_UNIT ( * ) SI_UNIT ( $, .STERADIAN. ) SOLID_ANGLE_UNIT ( ) );
#4776 = EDGE_CURVE ( 'NONE', #53, #3043, #6062, .T. ) ;
#4777 = PRESENTATION_LAYER_ASSIGNMENT (  '', '', ( #3080 ) ) ;
#4778 = ORIENTED_EDGE ( 'NONE', *, *, #5697, .T. ) ;
#4779 = EDGE_CURVE ( 'NONE', #6275, #5822, #996, .T. ) ;
#4780 = CARTESIAN_POINT ( 'NONE',  ( -0.2113222727739264561, 1.034999999999999698, 1.355140911848129237 ) ) ;
#4781 = CARTESIAN_POINT ( 'NONE',  ( -0.6253130222748592981, 1.024999999999999911, 1.195738238068861925 ) ) ;
#4782 = DIRECTION ( 'NONE',  ( 0.000000000000000000, 1.000000000000000000, 0.000000000000000000 ) ) ;
#4783 = VERTEX_POINT ( 'NONE', #4343 ) ;
#4784 = CARTESIAN_POINT ( 'NONE',  ( -0.6331293773773475353, 1.034999999999999920, 0.8412040476659463639 ) ) ;
#4785 = ADVANCED_FACE ( 'NONE', ( #3385 ), #857, .T. ) ;
#4786 = CARTESIAN_POINT ( 'NONE',  ( 0.2044474720275805402, 1.034999999999999476, 1.045491749235682555 ) ) ;
#4787 = CARTESIAN_POINT ( 'NONE',  ( 0.8243678017637242617, 1.025000000000000133, -0.4501949696066830375 ) ) ;
#4788 = CARTESIAN_POINT ( 'NONE',  ( -0.4668181291219452578, 1.034999999999999920, 1.177012512762981800 ) ) ;
#4789 = CARTESIAN_POINT ( 'NONE',  ( -1.850000000000000089, 1.024999999999999911, -2.000000000000000888 ) ) ;
#4790 = ORIENTED_EDGE ( 'NONE', *, *, #1712, .T. ) ;
#4791 = CARTESIAN_POINT ( 'NONE',  ( -0.5363535510791684890, 1.034999999999999920, 0.7533978999952607447 ) ) ;
#4792 =( NAMED_UNIT ( * ) SI_UNIT ( $, .STERADIAN. ) SOLID_ANGLE_UNIT ( ) );
#4793 = CARTESIAN_POINT ( 'NONE',  ( -0.5918774928055327011, 1.034999999999999920, -0.1084899168210473192 ) ) ;
#4794 =( LENGTH_UNIT ( ) NAMED_UNIT ( * ) SI_UNIT ( .MILLI., .METRE. ) );
#4795 = FACE_OUTER_BOUND ( 'NONE', #1140, .T. ) ;
#4796 = CIRCLE ( 'NONE', #3942, 0.1499999999999997446 ) ;
#4797 = PRESENTATION_LAYER_ASSIGNMENT (  '', '', ( #4580 ) ) ;
#4798 = EDGE_LOOP ( 'NONE', ( #1625, #244, #1741, #5230 ) ) ;
#4799 = CARTESIAN_POINT ( 'NONE',  ( 0.4073648061912791829, 1.034999999999999920, -0.8510345657392508478 ) ) ;
#4800 = CARTESIAN_POINT ( 'NONE',  ( 0.4620248136474141565, 1.025000000000000355, 0.8721003435082631539 ) ) ;
#4801 = SURFACE_STYLE_FILL_AREA ( #841 ) ;
#4802 = FILL_AREA_STYLE ('',( #1716 ) ) ;
#4803 = FACE_OUTER_BOUND ( 'NONE', #768, .T. ) ;
#4804 = CARTESIAN_POINT ( 'NONE',  ( -0.4830361866817420857, 1.034999999999999920, 1.050369067633049491 ) ) ;
#4805 = MECHANICAL_DESIGN_GEOMETRIC_PRESENTATION_REPRESENTATION (  '', ( #1341 ), #3887 ) ;
#4806 = DIRECTION ( 'NONE',  ( -0.000000000000000000, -0.000000000000000000, -1.000000000000000000 ) ) ;
#4807 = FACE_OUTER_BOUND ( 'NONE', #1031, .T. ) ;
#4808 = CARTESIAN_POINT ( 'NONE',  ( -0.1400841346153841038, 1.024999999999999467, -0.9344951923076924016 ) ) ;
#4809 = CARTESIAN_POINT ( 'NONE',  ( -0.5413300909498250935, 1.024999999999999911, 1.245493178173427085 ) ) ;
#4810 = CARTESIAN_POINT ( 'NONE',  ( 0.3173076923076922351, 1.024999999999999911, 1.500000000000000444 ) ) ;
#4811 = VERTEX_POINT ( 'NONE', #5940 ) ;
#4812 = EDGE_LOOP ( 'NONE', ( #139, #6478, #993, #2178 ) ) ;
#4813 =( GEOMETRIC_REPRESENTATION_CONTEXT ( 3 ) GLOBAL_UNCERTAINTY_ASSIGNED_CONTEXT ( ( #5983 ) ) GLOBAL_UNIT_ASSIGNED_CONTEXT ( ( #3792, #4301, #4344 ) ) REPRESENTATION_CONTEXT ( 'NONE', 'WORKASPACE' ) );
#4814 = CARTESIAN_POINT ( 'NONE',  ( 0.8382453916543842753, 1.035000000000000364, -0.3426942379960157825 ) ) ;
#4815 = FACE_OUTER_BOUND ( 'NONE', #2121, .T. ) ;
#4817 = VECTOR ( 'NONE', #5696, 1000.000000000000114 ) ;
#4816 = CARTESIAN_POINT ( 'NONE',  ( 0.5107572115384620970, 1.035000000000000142, -0.02223557692307692041 ) ) ;
#4818 = CARTESIAN_POINT ( 'NONE',  ( -0.4519230769230769273, 1.024999999999999911, 0.9579326923076925127 ) ) ;
#4819 =( NAMED_UNIT ( * ) PLANE_ANGLE_UNIT ( ) SI_UNIT ( $, .RADIAN. ) );
#4820 = DIRECTION ( 'NONE',  ( -0.000000000000000000, -1.000000000000000000, -0.000000000000000000 ) ) ;
#4821 = CARTESIAN_POINT ( 'NONE',  ( -0.3336405278139464303, 1.035000000000000364, -0.7476885298322695217 ) ) ;
#4822 = CARTESIAN_POINT ( 'NONE',  ( 0.5497883491926220945, 1.034999999999999698, 0.8368925012777318484 ) ) ;
#4823 = ADVANCED_FACE ( 'NONE', ( #6217 ), #2908, .T. ) ;
#4824 = EDGE_CURVE ( 'NONE', #3525, #1764, #826, .T. ) ;
#4825 = COLOUR_RGB ( '',1.000000000000000000, 1.000000000000000000, 1.000000000000000000 ) ;
#4826 = DIRECTION ( 'NONE',  ( 0.000000000000000000, 0.000000000000000000, -1.000000000000000000 ) ) ;
#4827 = CARTESIAN_POINT ( 'NONE',  ( -0.5185713438862951108, 1.024999999999999911, 1.094640769511485479 ) ) ;
#4828 =( LENGTH_UNIT ( ) NAMED_UNIT ( * ) SI_UNIT ( .MILLI., .METRE. ) );
#4829 = CARTESIAN_POINT ( 'NONE',  ( -0.4522323041211668282, 1.035000000000000142, 0.9454479468394777486 ) ) ;
#4830 = CARTESIAN_POINT ( 'NONE',  ( -0.6594614132106191295, 1.024999999999999911, 0.7572851291288785758 ) ) ;
#4831 = EDGE_LOOP ( 'NONE', ( #191, #2259, #3473, #1991 ) ) ;
#4832 = SURFACE_STYLE_USAGE ( .BOTH. , #1818 ) ;
#4833 = SURFACE_STYLE_USAGE ( .BOTH. , #4516 ) ;
#4834 = FILL_AREA_STYLE ('',( #719 ) ) ;
#4835 = CARTESIAN_POINT ( 'NONE',  ( -0.3563898423674587979, 1.025000000000000133, 0.9793131793324549861 ) ) ;
#4836 = CARTESIAN_POINT ( 'NONE',  ( -0.4973557692307689071, 1.035000000000000142, -0.8061899038461539657 ) ) ;
#4837 = B_SPLINE_SURFACE_WITH_KNOTS ( 'NONE', 3, 1, ( 
 ( #1092, #3606 ),
 ( #2056, #5122 ),
 ( #5140, #2073 ),
 ( #2093, #4555 ),
 ( #59, #6531 ),
 ( #1611, #4089 ),
 ( #1588, #3083 ),
 ( #6111, #5634 ),
 ( #14, #3128 ),
 ( #2594, #1068 ),
 ( #554, #2545 ),
 ( #3538, #5660 ),
 ( #4618, #577 ),
 ( #3563, #513 ),
 ( #6133, #4643 ),
 ( #34, #80 ),
 ( #5163, #5613 ),
 ( #4133, #2112 ),
 ( #1521, #5096 ) ),
 .UNSPECIFIED., .F., .F., .F.,
 ( 4, 1, 1, 1, 1, 1, 1, 1, 1, 1, 1, 1, 1, 1, 1, 1, 4 ),
 ( 2, 2 ),
 ( 0.000000000000000000, 0.1114096600426610489, 0.2145263672558011536, 0.3094172254458339433, 0.3960871907990311525, 0.4742842164262457416, 0.5443738816396979097, 0.6064195628105359948, 0.6605816023749734311, 0.7097938180647574979, 0.7564506485918283119, 0.8007673253039319095, 0.8431682879413343601, 0.8842948685500490180, 0.9238845020552842735, 0.9623587101392159227, 1.000000000000000000 ),
 ( 0.000000000000000000, 1.000000000000000000 ),
 .UNSPECIFIED. ) ;
#4838 = SURFACE_SIDE_STYLE ('',( #5107 ) ) ;
#4839 = CARTESIAN_POINT ( 'NONE',  ( 0.2401513906992601421, 1.024999999999999911, -0.9317271042448359575 ) ) ;
#4840 = CARTESIAN_POINT ( 'NONE',  ( 0.04056952584390834116, 1.034999999999999920, 0.7533978999952610778 ) ) ;
#4841 = CARTESIAN_POINT ( 'NONE',  ( -1.604999999999999982, -1.024999999999999911, 1.624999999999999778 ) ) ;
#4842 = CARTESIAN_POINT ( 'NONE',  ( -0.7479005969255771991, 1.024999999999999911, 1.304503635857036992 ) ) ;
#4843 = COLOUR_RGB ( '',0.6470588235294117974, 0.5176470588235293491, 0.000000000000000000 ) ;
#4844 = STYLED_ITEM ( 'NONE', ( #47 ), #5403 ) ;
#4845 = ORIENTED_EDGE ( 'NONE', *, *, #2160, .T. ) ;
#4846 = CARTESIAN_POINT ( 'NONE',  ( 0.4890306126040769308, 1.024999999999999689, -0.9797866819997160803 ) ) ;
#4847 = CARTESIAN_POINT ( 'NONE',  ( 0.7360489443332798309, 1.035000000000000364, 0.8091909101105900781 ) ) ;
#4848 = CARTESIAN_POINT ( 'NONE',  ( -0.2743334047121316344, 1.025000000000000133, -1.025083165816942810 ) ) ;
#4849 = CARTESIAN_POINT ( 'NONE',  ( 0.3944003306930352060, 1.024999999999999689, 1.317561331180454154 ) ) ;
#4850 = CARTESIAN_POINT ( 'NONE',  ( -0.4747223270034429676, 1.035000000000000142, 1.036833623450326813 ) ) ;
#4851 = ORIENTED_EDGE ( 'NONE', *, *, #2378, .F. ) ;
#4852 = B_SPLINE_CURVE_WITH_KNOTS ( 'NONE', 3,
 ( #1432, #6429, #1848, #341, #3932, #2869, #2951, #2922, #4444, #4904, #1408, #2377, #3413 ),
 .UNSPECIFIED., .F., .F.,
 ( 4, 1, 1, 1, 1, 1, 1, 1, 1, 1, 4 ),
 ( 0.000000000000000000, 0.1241996726524872002, 0.2368296581100267917, 0.3394949853062829703, 0.4312535100312248071, 0.5114548721194182024, 0.5812230366234584222, 0.6404953748643703593, 0.6883082049320179419, 0.8503329734146882757, 1.000000000000000000 ),
 .UNSPECIFIED. ) ;
#4853 = CARTESIAN_POINT ( 'NONE',  ( 0.8113069937680609245, 1.024999999999999689, -0.4575876180247832603 ) ) ;
#4854 = CARTESIAN_POINT ( 'NONE',  ( 0.5003004807692308376, 1.034999999999999920, 1.219501201923077316 ) ) ;
#4855 = ORIENTED_EDGE ( 'NONE', *, *, #2449, .F. ) ;
#4856 = AXIS2_PLACEMENT_3D ( 'NONE', #3058, #1472, #5988 ) ;
#4857 = SURFACE_STYLE_USAGE ( .BOTH. , #6265 ) ;
#4858 = CARTESIAN_POINT ( 'NONE',  ( -0.1247984203503666734, 1.024999999999999911, 0.7708032052688811309 ) ) ;
#4859 = EDGE_CURVE ( 'NONE', #4811, #5528, #4982, .T. ) ;
#4860 = CARTESIAN_POINT ( 'NONE',  ( 0.3268078581907115088, 1.024999999999999689, -0.7899052677540470135 ) ) ;
#4861 = VERTEX_POINT ( 'NONE', #4108 ) ;
#4862 = DIRECTION ( 'NONE',  ( -0.000000000000000000, -1.000000000000000000, -0.000000000000000000 ) ) ;
#4863 = CARTESIAN_POINT ( 'NONE',  ( -0.5638521634615384359, 1.024999999999999911, 1.264723557692307931 ) ) ;
#4864 = CARTESIAN_POINT ( 'NONE',  ( -0.1235576923076918271, 1.025000000000000355, -1.129507211538461675 ) ) ;
#4865 = CARTESIAN_POINT ( 'NONE',  ( -0.7882453496970034390, 1.025000000000000133, 1.355140911848129237 ) ) ;
#4866 = EDGE_CURVE ( 'NONE', #401, #1980, #6148, .T. ) ;
#4867 = B_SPLINE_SURFACE_WITH_KNOTS ( 'NONE', 3, 1, ( 
 ( #2903, #2400 ),
 ( #5515, #6480 ),
 ( #2427, #950 ),
 ( #5932, #1976 ),
 ( #2929, #5953 ),
 ( #6456, #3483 ),
 ( #927, #4475 ),
 ( #1440, #1950 ),
 ( #2023, #5562 ),
 ( #4103, #5625 ),
 ( #6124, #3120 ),
 ( #2046, #6027 ),
 ( #5112, #3528 ) ),
 .UNSPECIFIED., .F., .F., .F.,
 ( 4, 1, 1, 1, 1, 1, 1, 1, 1, 1, 4 ),
 ( 2, 2 ),
 ( 0.000000000000000000, 0.1241996726524872002, 0.2368296581100276799, 0.3394949853062822487, 0.4312535100312247516, 0.5114548721194183134, 0.5812230366234584222, 0.6404953748643703593, 0.6883082049320180529, 0.8503329734146882757, 1.000000000000000000 ),
 ( 0.000000000000000000, 1.000000000000000000 ),
 .UNSPECIFIED. ) ;
#4868 = DIRECTION ( 'NONE',  ( 1.000000000000000000, 0.000000000000000000, 0.000000000000000000 ) ) ;
#4869 = CARTESIAN_POINT ( 'NONE',  ( 0.7837557416071432304, 1.025000000000000133, -0.4405436568411988385 ) ) ;
#4870 = CARTESIAN_POINT ( 'NONE',  ( 0.5136576272134638632, 1.034999999999999920, -1.030311827663808133 ) ) ;
#4871 = SURFACE_SIDE_STYLE ('',( #1615 ) ) ;
#4872 = CARTESIAN_POINT ( 'NONE',  ( -0.4848726345497612611, 1.025000000000000133, -0.8210339849193231121 ) ) ;
#4873 = CARTESIAN_POINT ( 'NONE',  ( 0.3305557299090917112, 1.024999999999999911, 1.424506378665186146 ) ) ;
#4874 = CARTESIAN_POINT ( 'NONE',  ( -0.2596153846153847478, 1.034999999999999920, 1.500000000000000444 ) ) ;
#4875 = FILL_AREA_STYLE_COLOUR ( '', #6425 ) ;
#4876 =( LENGTH_UNIT ( ) NAMED_UNIT ( * ) SI_UNIT ( .MILLI., .METRE. ) );
#4877 = CARTESIAN_POINT ( 'NONE',  ( -0.3859165284652604222, 1.035000000000000586, 0.3448924157040462735 ) ) ;
#4878 = ORIENTED_EDGE ( 'NONE', *, *, #5754, .F. ) ;
#4879 = DIRECTION ( 'NONE',  ( -0.000000000000000000, -1.000000000000000000, -0.000000000000000000 ) ) ;
#4880 = CARTESIAN_POINT ( 'NONE',  ( -0.4973557692307689071, 1.035000000000000142, -0.8061899038461539657 ) ) ;
#4881 = CARTESIAN_POINT ( 'NONE',  ( 0.7850000000000001421, -1.024999999999999689, 1.625000000000000000 ) ) ;
#4882 = LINE ( 'NONE', #1027, #3531 ) ;
#4883 = LINE ( 'NONE', #5563, #6046 ) ;
#4884 = CARTESIAN_POINT ( 'NONE',  ( 0.3501610619365932431, 1.035000000000000142, 1.380799805016254655 ) ) ;
#4885 = CARTESIAN_POINT ( 'NONE',  ( 0.002947209758249406085, 1.024999999999999911, 0.8368940373264450727 ) ) ;
#4886 = CARTESIAN_POINT ( 'NONE',  ( -0.08712521564218052295, 1.035000000000000364, -1.149688886720175551 ) ) ;
#4887 = ORIENTED_EDGE ( 'NONE', *, *, #633, .F. ) ;
#4888 = EDGE_CURVE ( 'NONE', #15, #4935, #6520, .T. ) ;
#4889 = CARTESIAN_POINT ( 'NONE',  ( 0.5673076923076922906, 1.024999999999999467, 0.7500000000000002220 ) ) ;
#4890 = CARTESIAN_POINT ( 'NONE',  ( 0.6436831158791836982, 1.034999999999999698, 0.8562443421471485072 ) ) ;
#4891 = ADVANCED_FACE ( 'NONE', ( #3469 ), #5274, .T. ) ;
#4892 = FACE_OUTER_BOUND ( 'NONE', #6239, .T. ) ;
#4893 =( GEOMETRIC_REPRESENTATION_CONTEXT ( 3 ) GLOBAL_UNCERTAINTY_ASSIGNED_CONTEXT ( ( #278 ) ) GLOBAL_UNIT_ASSIGNED_CONTEXT ( ( #5688, #6189, #3181 ) ) REPRESENTATION_CONTEXT ( 'NONE', 'WORKASPACE' ) );
#4894 = PRESENTATION_STYLE_ASSIGNMENT (( #1041 ) ) ;
#4895 = MECHANICAL_DESIGN_GEOMETRIC_PRESENTATION_REPRESENTATION (  '', ( #6000 ), #1013 ) ;
#4896 = B_SPLINE_CURVE_WITH_KNOTS ( 'NONE', 3,
 ( #4436, #2407, #2886, #1953, #1930, #855, #5899, #3917, #5476, #1374, #5987, #955, #5938 ),
 .UNSPECIFIED., .F., .F.,
 ( 4, 1, 1, 1, 1, 1, 1, 1, 1, 1, 4 ),
 ( 0.000000000000000000, 0.05965404015766073015, 0.1202635358631139323, 0.1811445130252171687, 0.2433883343552048217, 0.3692420458399867100, 0.4961055646164548860, 0.6237287877357091670, 0.7512143821036587621, 0.8774268709322476933, 1.000000000000000000 ),
 .UNSPECIFIED. ) ;
#4897 = ORIENTED_EDGE ( 'NONE', *, *, #1113, .F. ) ;
#4898 = CARTESIAN_POINT ( 'NONE',  ( -0.009615384615384716532, 1.034999999999999920, 0.7500000000000004441 ) ) ;
#4899 = CARTESIAN_POINT ( 'NONE',  ( -0.01681074385713555303, 1.035000000000000364, 0.2822056425516642486 ) ) ;
#4900 = MECHANICAL_DESIGN_GEOMETRIC_PRESENTATION_REPRESENTATION (  '', ( #6300 ), #5970 ) ;
#4901 = CARTESIAN_POINT ( 'NONE',  ( 0.2162151556468711877, 1.034999999999999920, -0.8579314103036175254 ) ) ;
#4902 = ORIENTED_EDGE ( 'NONE', *, *, #5890, .F. ) ;
#4903 = CARTESIAN_POINT ( 'NONE',  ( 0.2155848171870991814, 1.025000000000000133, -0.8781255115052709614 ) ) ;
#4904 = CARTESIAN_POINT ( 'NONE',  ( 0.4767780603429721542, 1.024999999999999911, 1.360971408330850618 ) ) ;
#4905 = CARTESIAN_POINT ( 'NONE',  ( -0.1061710529872759573, 1.024999999999999689, -1.139577370660544764 ) ) ;
#4906 = CARTESIAN_POINT ( 'NONE',  ( 0.2210184691641560728, 1.034999999999999698, 0.9498072415089913179 ) ) ;
#4907 = MECHANICAL_DESIGN_GEOMETRIC_PRESENTATION_REPRESENTATION (  '', ( #1362 ), #2776 ) ;
#4908 = PRESENTATION_LAYER_ASSIGNMENT (  '', '', ( #562 ) ) ;
#4909 = B_SPLINE_SURFACE_WITH_KNOTS ( 'NONE', 3, 1, ( 
 ( #6439, #5428 ),
 ( #5407, #6413 ),
 ( #2963, #3401 ),
 ( #4953, #352 ),
 ( #1419, #4413 ),
 ( #4435, #5984 ),
 ( #1394, #1348 ),
 ( #3969, #1903 ),
 ( #5455, #395 ),
 ( #2405, #3943 ),
 ( #4913, #930 ),
 ( #2987, #4386 ),
 ( #6483, #441 ),
 ( #5935, #2934 ),
 ( #906, #2430 ),
 ( #4481, #1444 ),
 ( #3487, #3990 ),
 ( #1861, #8 ),
 ( #4572, #3600 ) ),
 .UNSPECIFIED., .F., .F., .F.,
 ( 4, 1, 1, 1, 1, 1, 1, 1, 1, 1, 1, 1, 1, 1, 1, 1, 4 ),
 ( 2, 2 ),
 ( 0.000000000000000000, 0.06176215676807091104, 0.1211739926536290618, 0.1794214068253153216, 0.2368434346502752974, 0.2943217954133982017, 0.3531909627945244989, 0.4127207064163244676, 0.4745221507037177822, 0.5370567441421367771, 0.5995913375805556056, 0.6623669793543061068, 0.7252456446794918188, 0.7903164461250806738, 0.8577243009540927998, 0.9272319523784928741, 1.000000000000000000 ),
 ( 0.000000000000000000, 1.000000000000000000 ),
 .UNSPECIFIED. ) ;
#4910 =( NAMED_UNIT ( * ) PLANE_ANGLE_UNIT ( ) SI_UNIT ( $, .RADIAN. ) );
#4911 = CARTESIAN_POINT ( 'NONE',  ( 0.6807072769067453732, 1.034999999999999698, 0.8900286707375894002 ) ) ;
#4912 = CARTESIAN_POINT ( 'NONE',  ( 0.3573487925822035893, 1.024999999999999689, -1.089532582265993810 ) ) ;
#4913 = CARTESIAN_POINT ( 'NONE',  ( 0.6544772024941873934, 1.035000000000000142, 0.8631895418681122534 ) ) ;
#4914 = SURFACE_STYLE_FILL_AREA ( #6497 ) ;
#4915 = CARTESIAN_POINT ( 'NONE',  ( -0.2409956791037242974, 1.024999999999999911, -0.8446252017695189407 ) ) ;
#4916 = CARTESIAN_POINT ( 'NONE',  ( 0.7830146141232979806, 1.024999999999999911, 0.8759254739018295099 ) ) ;
#4917 = CARTESIAN_POINT ( 'NONE',  ( 0.7558993943418096384, 1.025000000000000133, -0.2316214222362033837 ) ) ;
#4918 = CARTESIAN_POINT ( 'NONE',  ( -0.1361177884615386025, 1.034999999999999920, 1.403846153846154410 ) ) ;
#4919 = CARTESIAN_POINT ( 'NONE',  ( -0.04953861286756244819, 1.024999999999999911, -0.9972354046471213485 ) ) ;
#4920 = B_SPLINE_SURFACE_WITH_KNOTS ( 'NONE', 3, 1, ( 
 ( #4452, #5027 ),
 ( #6481, #3913 ),
 ( #951, #6458 ),
 ( #3484, #3466 ),
 ( #438, #1978 ),
 ( #3013, #6502 ),
 ( #4011, #873 ),
 ( #5933, #4503 ),
 ( #2960, #3966 ),
 ( #1879, #3988 ),
 ( #1468, #928 ),
 ( #5516, #6437 ),
 ( #1368, #1441 ),
 ( #1391, #3443 ),
 ( #4931, #1899 ),
 ( #391, #3940 ),
 ( #4978, #5453 ),
 ( #1417, #2403 ),
 ( #5471, #2428 ) ),
 .UNSPECIFIED., .F., .F., .F.,
 ( 4, 1, 1, 1, 1, 1, 1, 1, 1, 1, 1, 1, 1, 1, 1, 1, 4 ),
 ( 2, 2 ),
 ( 0.000000000000000000, 0.05794487546232533065, 0.1160176254256832240, 0.1748257843638406361, 0.2346830900793710206, 0.2968270303289147760, 0.3640613359637882573, 0.4361924240497391247, 0.5142601195414410187, 0.5569758971654885649, 0.6048559283836539846, 0.6576752010734879805, 0.7157505846619325318, 0.7788397991664557374, 0.8475011894738632146, 0.9212282309463240004, 1.000000000000000000 ),
 ( 0.000000000000000000, 1.000000000000000000 ),
 .UNSPECIFIED. ) ;
#4921 = ORIENTED_EDGE ( 'NONE', *, *, #5354, .F. ) ;
#4922 = ADVANCED_FACE ( 'NONE', ( #4325 ), #897, .T. ) ;
#4923 = CARTESIAN_POINT ( 'NONE',  ( 0.7813705489506576063, 1.024999999999999689, 1.045491749235682333 ) ) ;
#4924 = DIRECTION ( 'NONE',  ( -0.000000000000000000, -1.000000000000000000, -0.000000000000000000 ) ) ;
#4925 = UNCERTAINTY_MEASURE_WITH_UNIT (LENGTH_MEASURE( 1.000000000000000082E-05 ), #1605, 'distance_accuracy_value', 'NONE');
#4926 = ORIENTED_EDGE ( 'NONE', *, *, #1235, .F. ) ;
#4927 = ORIENTED_EDGE ( 'NONE', *, *, #5533, .F. ) ;
#4928 = CARTESIAN_POINT ( 'NONE',  ( -0.5739758671648274024, 1.024999999999999689, 0.8368940373264448507 ) ) ;
#4929 = CARTESIAN_POINT ( 'NONE',  ( 0.2571514423076928235, 1.024999999999999911, -1.269230769230769162 ) ) ;
#4930 = CARTESIAN_POINT ( 'NONE',  ( -1.850000000000000089, -1.024999999999999911, -1.850000000000000977 ) ) ;
#4931 = CARTESIAN_POINT ( 'NONE',  ( 0.07640875695867181683, 1.034999999999999920, 1.209179511122381756 ) ) ;
#4932 = CARTESIAN_POINT ( 'NONE',  ( -0.3169546318886115599, 1.024999999999999911, 0.3457911310544520833 ) ) ;
#4933 = EDGE_LOOP ( 'NONE', ( #3798, #3447, #698, #232 ) ) ;
#4934 = SURFACE_STYLE_USAGE ( .BOTH. , #1952 ) ;
#4935 = VERTEX_POINT ( 'NONE', #4217 ) ;
#4936 = CARTESIAN_POINT ( 'NONE',  ( 0.7199380304298355071, 1.024999999999999911, 0.7952156366747696881 ) ) ;
#4937 = CARTESIAN_POINT ( 'NONE',  ( 0.5768030531107145586, 1.035000000000000142, -0.07437058000244567424 ) ) ;
#4938 = CARTESIAN_POINT ( 'NONE',  ( -0.2423351168709556303, 1.024999999999999911, 0.9132441222960763216 ) ) ;
#4939 = ORIENTED_EDGE ( 'NONE', *, *, #1789, .F. ) ;
#4940 = CARTESIAN_POINT ( 'NONE',  ( -0.1780739279415826659, 1.034999999999999920, 0.8038894595579944014 ) ) ;
#4941 = CARTESIAN_POINT ( 'NONE',  ( 0.5899939903846154188, 1.034999999999999920, 1.264723557692307931 ) ) ;
#4942 =( LENGTH_UNIT ( ) NAMED_UNIT ( * ) SI_UNIT ( .MILLI., .METRE. ) );
#4943 = FILL_AREA_STYLE_COLOUR ( '', #4168 ) ;
#4944 = CARTESIAN_POINT ( 'NONE',  ( -0.6189714532072565500, 1.034999999999999920, 0.8385981092399693582 ) ) ;
#4945 = FACE_OUTER_BOUND ( 'NONE', #5929, .T. ) ;
#4946 = SURFACE_SIDE_STYLE ('',( #3720 ) ) ;
#4947 = B_SPLINE_SURFACE_WITH_KNOTS ( 'NONE', 3, 1, ( 
 ( #6061, #2562 ),
 ( #56, #2069 ),
 ( #1563, #5093 ),
 ( #4549, #530 ),
 ( #547, #4082 ),
 ( #6504, #1470 ),
 ( #6031, #1541 ) ),
 .UNSPECIFIED., .F., .F., .F.,
 ( 4, 1, 1, 1, 4 ),
 ( 2, 2 ),
 ( 0.000000000000000000, 0.2526433275832366543, 0.5044398525799862476, 0.7504068042814560080, 1.000000000000000000 ),
 ( 0.000000000000000000, 1.000000000000000000 ),
 .UNSPECIFIED. ) ;
#4948 = CARTESIAN_POINT ( 'NONE',  ( -0.4731388769394087035, 1.035000000000000364, 0.8900286707375898443 ) ) ;
#4949 = CARTESIAN_POINT ( 'NONE',  ( 0.2362522088696082101, 1.025000000000000133, -1.268604448015735908 ) ) ;
#4950 = CARTESIAN_POINT ( 'NONE',  ( -0.4993689513519660728, 1.034999999999999698, 0.8631895418681121424 ) ) ;
#4951 = CARTESIAN_POINT ( 'NONE',  ( -0.1484107361920903312, 1.024999999999999911, 0.9276918119063909396 ) ) ;
#4952 = COLOUR_RGB ( '',0.6470588235294117974, 0.5176470588235293491, 0.000000000000000000 ) ;
#4953 = CARTESIAN_POINT ( 'NONE',  ( 0.6996704596483112049, 1.035000000000000142, 0.9333452975440976740 ) ) ;
#4954 = ORIENTED_EDGE ( 'NONE', *, *, #6341, .F. ) ;
#4955 = CARTESIAN_POINT ( 'NONE',  ( 0.6174926027669854767, 1.025000000000000133, 0.7533978999952609668 ) ) ;
#4956 = PRESENTATION_LAYER_ASSIGNMENT (  '', '', ( #158 ) ) ;
#4957 = SURFACE_STYLE_USAGE ( .BOTH. , #5478 ) ;
#4958 = CARTESIAN_POINT ( 'NONE',  ( 0.1104622307674721499, 1.024999999999999689, 0.9000261689353128425 ) ) ;
#4959 = UNCERTAINTY_MEASURE_WITH_UNIT (LENGTH_MEASURE( 1.000000000000000082E-05 ), #1261, 'distance_accuracy_value', 'NONE');
#4960 = CARTESIAN_POINT ( 'NONE',  ( 0.3988491489814942614, 1.024999999999999689, 0.8038894595579940683 ) ) ;
#4961 = CARTESIAN_POINT ( 'NONE',  ( -0.5865384615384614531, 1.034999999999999920, 0.7500000000000002220 ) ) ;
#4962 = B_SPLINE_SURFACE_WITH_KNOTS ( 'NONE', 3, 1, ( 
 ( #1612, #2617 ),
 ( #2156, #5680 ),
 ( #1137, #2643 ),
 ( #81, #1093 ),
 ( #601, #5183 ),
 ( #5141, #641 ),
 ( #4156, #3129 ),
 ( #1119, #148 ),
 ( #4644, #2075 ),
 ( #5198, #2595 ),
 ( #1589, #4694 ),
 ( #2567, #3682 ),
 ( #5164, #6160 ) ),
 .UNSPECIFIED., .F., .F., .F.,
 ( 4, 1, 1, 1, 1, 1, 1, 1, 1, 1, 4 ),
 ( 2, 2 ),
 ( 0.000000000000000000, 0.05965404015766073015, 0.1202635358631139323, 0.1811445130252171687, 0.2433883343552048217, 0.3692420458399867100, 0.4961055646164548860, 0.6237287877357091670, 0.7512143821036587621, 0.8774268709322476933, 1.000000000000000000 ),
 ( 0.000000000000000000, 1.000000000000000000 ),
 .UNSPECIFIED. ) ;
#4963 = CARTESIAN_POINT ( 'NONE',  ( 0.5899939903846154188, 1.024999999999999467, 1.264723557692307931 ) ) ;
#4964 = CARTESIAN_POINT ( 'NONE',  ( 0.5924385426592720938, 1.025000000000000133, -0.2685671670392585364 ) ) ;
#4965 = ORIENTED_EDGE ( 'NONE', *, *, #4177, .T. ) ;
#4966 = CARTESIAN_POINT ( 'NONE',  ( -0.08253833628754228546, 1.024999999999999467, 0.7572851291288784648 ) ) ;
#4968 = COLOUR_RGB ( '',1.000000000000000000, 1.000000000000000000, 1.000000000000000000 ) ;
#4967 = DIRECTION ( 'NONE',  ( -0.000000000000000000, -0.000000000000000000, -1.000000000000000000 ) ) ;
#4969 = PRODUCT_RELATED_PRODUCT_CATEGORY ( 'part', '', ( #4550 ) ) ;
#4970 = CARTESIAN_POINT ( 'NONE',  ( -0.5938550817833943007, 1.034999999999999698, 0.8366581879303759406 ) ) ;
#4971 = CARTESIAN_POINT ( 'NONE',  ( -0.2596153846153847478, 1.034999999999999920, 1.500000000000000444 ) ) ;
#4972 = ORIENTED_EDGE ( 'NONE', *, *, #3047, .T. ) ;
#4973 = ORIENTED_EDGE ( 'NONE', *, *, #4992, .F. ) ;
#4974 = PRESENTATION_LAYER_ASSIGNMENT (  '', '', ( #4624 ) ) ;
#4975 = SURFACE_STYLE_FILL_AREA ( #5586 ) ;
#4976 = CARTESIAN_POINT ( 'NONE',  ( -0.4993689513519660728, 1.034999999999999698, 0.8631895418681121424 ) ) ;
#4977 = CARTESIAN_POINT ( 'NONE',  ( 0.1119670840417978652, 1.035000000000000364, -1.238172269283417171 ) ) ;
#4978 = CARTESIAN_POINT ( 'NONE',  ( 0.03559298597325188940, 1.035000000000000142, 1.245493178173427529 ) ) ;
#4979 = CARTESIAN_POINT ( 'NONE',  ( 0.08407600387111015261, 1.025000000000000133, 1.064245337337989206 ) ) ;
#4980 = ORIENTED_EDGE ( 'NONE', *, *, #1851, .F. ) ;
#4981 = ORIENTED_EDGE ( 'NONE', *, *, #2160, .F. ) ;
#4982 = LINE ( 'NONE', #488, #3645 ) ;
#4983 = CARTESIAN_POINT ( 'NONE',  ( 0.4408052884615384359, 1.034999999999999920, 1.403846153846154188 ) ) ;
#4984 = CARTESIAN_POINT ( 'NONE',  ( 0.6459597251254767247, 1.035000000000000142, -0.1307696941625377529 ) ) ;
#4985 = CARTESIAN_POINT ( 'NONE',  ( -0.7653846153846148859, 1.024999999999999911, -0.09855769230769233225 ) ) ;
#4986 = ORIENTED_EDGE ( 'NONE', *, *, #1113, .T. ) ;
#4987 = CARTESIAN_POINT ( 'NONE',  ( -0.1439618099055302580, 1.034999999999999920, 0.7800866347188734062 ) ) ;
#4988 = B_SPLINE_SURFACE_WITH_KNOTS ( 'NONE', 3, 1, ( 
 ( #4648, #2622 ),
 ( #5617, #6164 ),
 ( #608, #1123 ),
 ( #1640, #5184 ),
 ( #4784, #4275 ),
 ( #682, #3750 ),
 ( #659, #1661 ),
 ( #6249, #6218 ),
 ( #3719, #3735 ),
 ( #5221, #1219 ),
 ( #152, #1683 ),
 ( #3273, #5771 ),
 ( #6263, #3217 ),
 ( #2216, #1185 ),
 ( #224, #4743 ),
 ( #4240, #697 ),
 ( #5704, #2177 ),
 ( #1730, #6233 ),
 ( #2708, #184 ) ),
 .UNSPECIFIED., .F., .F., .F.,
 ( 4, 1, 1, 1, 1, 1, 1, 1, 1, 1, 1, 1, 1, 1, 1, 1, 4 ),
 ( 2, 2 ),
 ( 0.000000000000000000, 0.07069648334337648443, 0.1383582132030687362, 0.2033698682591697504, 0.2657002133402300292, 0.3272558681973767314, 0.3865123433292945720, 0.4458582974819496059, 0.5051731438069391178, 0.5637797628070205791, 0.6223430642934398849, 0.6808235796100194914, 0.7397951568104399467, 0.8008011629883835525, 0.8642394615769081190, 0.9306310981734532417, 1.000000000000000000 ),
 ( 0.000000000000000000, 1.000000000000000000 ),
 .UNSPECIFIED. ) ;
#4989 = CARTESIAN_POINT ( 'NONE',  ( 0.5107572115384620970, 1.035000000000000142, -0.02223557692307692041 ) ) ;
#4990 = CARTESIAN_POINT ( 'NONE',  ( 0.4767780603429721542, 1.034999999999999920, 1.360971408330850618 ) ) ;
#4991 = CARTESIAN_POINT ( 'NONE',  ( 0.07755412557111047989, 1.024999999999999911, 0.8631895418681124754 ) ) ;
#4992 = EDGE_CURVE ( 'NONE', #3801, #4197, #6512, .T. ) ;
#4993 = STYLED_ITEM ( 'NONE', ( #5532 ), #4728 ) ;
#4994 = CARTESIAN_POINT ( 'NONE',  ( -0.7008814822784084075, 1.034999999999999920, 0.8814623108698969034 ) ) ;
#4995 = DIRECTION ( 'NONE',  ( 0.000000000000000000, 0.000000000000000000, 1.000000000000000000 ) ) ;
#4996 = CARTESIAN_POINT ( 'NONE',  ( 0.5209897867619566192, 1.024999999999999689, -1.086931559160239980 ) ) ;
#4997 = EDGE_CURVE ( 'NONE', #2220, #15, #3087, .T. ) ;
#4998 = LINE ( 'NONE', #3688, #3653 ) ;
#4999 = FACE_OUTER_BOUND ( 'NONE', #2192, .T. ) ;
#5000 = B_SPLINE_SURFACE_WITH_KNOTS ( 'NONE', 3, 1, ( 
 ( #1655, #2831 ),
 ( #2266, #4872 ),
 ( #6349, #4384 ),
 ( #1813, #1277 ),
 ( #2362, #3828 ),
 ( #3354, #2854 ),
 ( #5831, #4848 ),
 ( #5360, #308 ),
 ( #3870, #3849 ),
 ( #806, #6306 ),
 ( #3398, #5382 ) ),
 .UNSPECIFIED., .F., .F., .F.,
 ( 4, 1, 1, 1, 1, 1, 1, 1, 4 ),
 ( 2, 2 ),
 ( 0.000000000000000000, 0.1171740342864737716, 0.2417654799937159205, 0.3710161078446976290, 0.5008421377049936396, 0.6310231612783387956, 0.7592138442397812215, 0.8831154682939466039, 1.000000000000000000 ),
 ( 0.000000000000000000, 1.000000000000000000 ),
 .UNSPECIFIED. ) ;
#5001 = DIRECTION ( 'NONE',  ( -0.000000000000000000, -1.000000000000000000, -0.000000000000000000 ) ) ;
#5002 = SURFACE_STYLE_FILL_AREA ( #4072 ) ;
#5003 =( LENGTH_UNIT ( ) NAMED_UNIT ( * ) SI_UNIT ( .MILLI., .METRE. ) );
#5004 = CARTESIAN_POINT ( 'NONE',  ( 0.3269230769230769273, 1.034999999999999920, 0.9615384615384617861 ) ) ;
#5005 = CARTESIAN_POINT ( 'NONE',  ( 0.4817478639510269223, 1.034999999999999698, 1.234212003388962753 ) ) ;
#5006 = DIRECTION ( 'NONE',  ( 1.000000000000000000, 0.000000000000000000, 0.000000000000000000 ) ) ;
#5007 = CARTESIAN_POINT ( 'NONE',  ( 0.6352748099598589659, 1.024999999999999911, 1.094640769511485479 ) ) ;
#5008 = EDGE_LOOP ( 'NONE', ( #1038, #2841, #2610, #5794 ) ) ;
#5009 = CARTESIAN_POINT ( 'NONE',  ( 0.3305557299090917112, 1.024999999999999911, 1.424506378665186146 ) ) ;
#5010 = CARTESIAN_POINT ( 'NONE',  ( 0.07755412557111047989, 1.024999999999999689, 0.8631895418681124754 ) ) ;
#5011 = SURFACE_SIDE_STYLE ('',( #5069 ) ) ;
#5012 = CARTESIAN_POINT ( 'NONE',  ( -0.2500000000000002220, 1.024999999999999911, 0.9615384615384616751 ) ) ;
#5013 = CARTESIAN_POINT ( 'NONE',  ( -0.2577146742192040207, 1.034999999999999920, 1.466000064178921480 ) ) ;
#5014 = CARTESIAN_POINT ( 'NONE',  ( -1.850000000000000089, -1.024999999999999911, -2.000000000000000888 ) ) ;
#5015 = UNCERTAINTY_MEASURE_WITH_UNIT (LENGTH_MEASURE( 1.000000000000000082E-05 ), #5547, 'distance_accuracy_value', 'NONE');
#5016 = ORIENTED_EDGE ( 'NONE', *, *, #976, .F. ) ;
#5017 = CARTESIAN_POINT ( 'NONE',  ( 0.7587114694767590484, 1.024999999999999911, 1.090131206510948969 ) ) ;
#5018 = CARTESIAN_POINT ( 'NONE',  ( -0.5363535510791684890, 1.034999999999999920, 0.7533978999952607447 ) ) ;
#5019 = SURFACE_STYLE_USAGE ( .BOTH. , #3480 ) ;
#5020 = PRESENTATION_LAYER_ASSIGNMENT (  '', '', ( #2555 ) ) ;
#5021 = CARTESIAN_POINT ( 'NONE',  ( 0.6619532218267274448, 1.024999999999999467, -0.3271492266832871088 ) ) ;
#5022 = EDGE_CURVE ( 'NONE', #4447, #5842, #1646, .T. ) ;
#5023 = VERTEX_POINT ( 'NONE', #3730 ) ;
#5024 = PRESENTATION_LAYER_ASSIGNMENT (  '', '', ( #2629 ) ) ;
#5025 = STYLED_ITEM ( 'NONE', ( #2034 ), #2341 ) ;
#5026 = CARTESIAN_POINT ( 'NONE',  ( 0.3647235576923080758, 1.034999999999999920, -1.085036057692307709 ) ) ;
#5027 = CARTESIAN_POINT ( 'NONE',  ( 0.2211538461538460343, 1.024999999999999689, 0.9570312500000004441 ) ) ;
#5028 = CARTESIAN_POINT ( 'NONE',  ( 0.3268078581907115088, 1.024999999999999689, -0.7899052677540470135 ) ) ;
#5029 = CARTESIAN_POINT ( 'NONE',  ( 0.1510073602894673184, 1.025000000000000133, 1.132741021815065752 ) ) ;
#5030 = B_SPLINE_CURVE_WITH_KNOTS ( 'NONE', 3,
 ( #4396, #1889, #3433, #1381, #5509, #5971, #4467, #5925, #2919, #1460, #427, #6404, #5443, #6472, #4966, #378, #943, #2974, #1965 ),
 .UNSPECIFIED., .F., .F.,
 ( 4, 1, 1, 1, 1, 1, 1, 1, 1, 1, 1, 1, 1, 1, 1, 1, 4 ),
 ( 0.000000000000000000, 0.07067529020333013223, 0.1374926938441248525, 0.2014728253723050144, 0.2628693217722903874, 0.3225500865261559102, 0.3807372513385547386, 0.4382197368560123429, 0.4954874370602860845, 0.5534836796953477300, 0.6113462062294290345, 0.6706437388141555100, 0.7315869484227132125, 0.7941831937999380697, 0.8594451119347495949, 0.9282076353998098828, 0.9999999999999998890 ),
 .UNSPECIFIED. ) ;
#5031 = COLOUR_RGB ( '',0.6470588235294117974, 0.5176470588235293491, 0.000000000000000000 ) ;
#5032 = PRESENTATION_LAYER_ASSIGNMENT (  '', '', ( #5607 ) ) ;
#5033 = CARTESIAN_POINT ( 'NONE',  ( -0.3461538461538462008, 1.024999999999999911, 1.403846153846154188 ) ) ;
#5034 = SURFACE_SIDE_STYLE ('',( #1315 ) ) ;
#5035 = CARTESIAN_POINT ( 'NONE',  ( 0.4725834916162958144, 1.024999999999999911, 0.7631169127271655306 ) ) ;
#5036 = CARTESIAN_POINT ( 'NONE',  ( 0.2621031612083700724, 1.035000000000000142, -0.02505928498801309953 ) ) ;
#5037 = CARTESIAN_POINT ( 'NONE',  ( 0.7019230769230769829, 1.024999999999999911, 0.9579326923076925127 ) ) ;
#5038 = EDGE_CURVE ( 'NONE', #1601, #2230, #1869, .T. ) ;
#5039 = VECTOR ( 'NONE', #2619, 1000.000000000000000 ) ;
#5040 = CARTESIAN_POINT ( 'NONE',  ( -0.05620630045427086469, 1.035000000000000142, 0.8412040476659468080 ) ) ;
#5041 = CARTESIAN_POINT ( 'NONE',  ( -0.7849999999999999201, -1.024999999999999911, 1.624999999999999778 ) ) ;
#5042 = CARTESIAN_POINT ( 'NONE',  ( 0.2162151556468711877, 1.024999999999999911, -0.8579314103036175254 ) ) ;
#5043 = DIRECTION ( 'NONE',  ( 0.000000000000000000, 0.000000000000000000, -1.000000000000000000 ) ) ;
#5044 = CARTESIAN_POINT ( 'NONE',  ( -0.6253130222748592981, 1.034999999999999920, 1.195738238068861925 ) ) ;
#5045 = ORIENTED_EDGE ( 'NONE', *, *, #1235, .T. ) ;
#5046 = B_SPLINE_SURFACE_WITH_KNOTS ( 'NONE', 3, 1, ( 
 ( #6080, #1670 ),
 ( #5154, #1085 ),
 ( #3710, #3227 ),
 ( #4171, #2635 ),
 ( #5212, #1651 ),
 ( #99, #3139 ),
 ( #5653, #4734 ),
 ( #5710, #5674 ),
 ( #2682, #592 ),
 ( #3163, #6210 ),
 ( #4684, #3208 ),
 ( #1691, #121 ),
 ( #2148, #2698 ),
 ( #1626, #5730 ),
 ( #4150, #2656 ),
 ( #1109, #6226 ),
 ( #3676, #141 ),
 ( #177, #3727 ),
 ( #4126, #4634 ) ),
 .UNSPECIFIED., .F., .F., .F.,
 ( 4, 1, 1, 1, 1, 1, 1, 1, 1, 1, 1, 1, 1, 1, 1, 1, 4 ),
 ( 2, 2 ),
 ( 0.000000000000000000, 0.1114096600426611183, 0.2145263672558013757, 0.3094172254458344984, 0.3960871907990312080, 0.4742842164262463522, 0.5443738816396973546, 0.6064195628105359948, 0.6605816023749733201, 0.7097938180647574979, 0.7564506485918283119, 0.8007673253039319095, 0.8431682879413343601, 0.8842948685500483519, 0.9238845020552849396, 0.9623587101392159227, 1.000000000000000000 ),
 ( 0.000000000000000000, 1.000000000000000000 ),
 .UNSPECIFIED. ) ;
#5047 = FILL_AREA_STYLE_COLOUR ( '', #5803 ) ;
#5048 = CARTESIAN_POINT ( 'NONE',  ( 0.3480931429538268729, 1.024999999999999467, -1.057696923497338348 ) ) ;
#5049 = SURFACE_SIDE_STYLE ('',( #1942 ) ) ;
#5050 = CARTESIAN_POINT ( 'NONE',  ( -0.5923076923076919797, 1.035000000000000142, -0.09104567307692308653 ) ) ;
#5051 = UNCERTAINTY_MEASURE_WITH_UNIT (LENGTH_MEASURE( 1.000000000000000082E-05 ), #2380, 'distance_accuracy_value', 'NONE');
#5052 = CARTESIAN_POINT ( 'NONE',  ( 0.1245099311484084564, 1.025000000000000133, 1.162661105553342678 ) ) ;
#5053 = CARTESIAN_POINT ( 'NONE',  ( -0.2267620149864838508, 1.035000000000000142, 1.380799805016254878 ) ) ;
#5054 = MECHANICAL_DESIGN_GEOMETRIC_PRESENTATION_REPRESENTATION (  '', ( #4346 ), #5372 ) ;
#5055 = VERTEX_POINT ( 'NONE', #3327 ) ;
#5056 = FILL_AREA_STYLE ('',( #2991 ) ) ;
#5057 = CARTESIAN_POINT ( 'NONE',  ( -0.7595361534264861714, 1.024999999999999911, -0.002815824034507942268 ) ) ;
#5058 = CARTESIAN_POINT ( 'NONE',  ( 0.4152000563056311155, 1.024999999999999911, 0.7911853970708486727 ) ) ;
#5059 = B_SPLINE_SURFACE_WITH_KNOTS ( 'NONE', 3, 1, ( 
 ( #716, #1165 ),
 ( #4719, #267 ),
 ( #3872, #1770 ),
 ( #783, #310 ),
 ( #1305, #3357 ),
 ( #737, #3854 ),
 ( #3809, #5293 ),
 ( #4360, #2250 ),
 ( #5811, #3292 ),
 ( #2765, #3377 ),
 ( #4804, #1329 ),
 ( #4850, #1797 ),
 ( #4316, #1751 ),
 ( #2345, #245 ),
 ( #2269, #3311 ),
 ( #6372, #3333 ),
 ( #3787, #5383 ),
 ( #2788, #2294 ),
 ( #1837, #2814 ) ),
 .UNSPECIFIED., .F., .F., .F.,
 ( 4, 1, 1, 1, 1, 1, 1, 1, 1, 1, 1, 1, 1, 1, 1, 1, 4 ),
 ( 2, 2 ),
 ( 0.000000000000000000, 0.1114096600426612849, 0.2145263672558016255, 0.3094172254458341653, 0.3960871907990313745, 0.4742842164262462412, 0.5443738816396979097, 0.6064195628105362168, 0.6605816023749734311, 0.7097938180647576090, 0.7564506485918284229, 0.8007673253039321315, 0.8431682879413345821, 0.8842948685500490180, 0.9238845020552842735, 0.9623587101392159227, 1.000000000000000000 ),
 ( 0.000000000000000000, 1.000000000000000000 ),
 .UNSPECIFIED. ) ;
#5060 = FILL_AREA_STYLE_COLOUR ( '', #2554 ) ;
#5061 = CARTESIAN_POINT ( 'NONE',  ( 0.4215144230769235500, 1.034999999999999920, -1.232271634615384581 ) ) ;
#5062 = VECTOR ( 'NONE', #2154, 1000.000000000000000 ) ;
#5063 = ADVANCED_FACE ( 'NONE', ( #1387 ), #758, .F. ) ;
#5064 = ORIENTED_EDGE ( 'NONE', *, *, #2945, .T. ) ;
#5065 = EDGE_CURVE ( 'NONE', #1567, #6334, #4045, .T. ) ;
#5066 = CARTESIAN_POINT ( 'NONE',  ( -0.1239584053553315218, 1.034999999999999476, 0.8814623108698971254 ) ) ;
#5067 = CARTESIAN_POINT ( 'NONE',  ( 0.6963868235130904472, 1.035000000000000142, 0.9969243262400653283 ) ) ;
#5068 = CARTESIAN_POINT ( 'NONE',  ( -0.009615384615384716532, 1.024999999999999911, 0.7500000000000004441 ) ) ;
#5069 = SURFACE_STYLE_FILL_AREA ( #957 ) ;
#5070 = CARTESIAN_POINT ( 'NONE',  ( -0.6535456730769231282, 1.034999999999999920, 1.219501201923077316 ) ) ;
#5071 = MECHANICAL_DESIGN_GEOMETRIC_PRESENTATION_REPRESENTATION (  '', ( #4032 ), #1186 ) ;
#5072 = B_SPLINE_SURFACE_WITH_KNOTS ( 'NONE', 3, 1, ( 
 ( #867, #383 ),
 ( #1434, #3960 ),
 ( #5997, #6022 ),
 ( #3523, #5974 ),
 ( #3935, #1920 ),
 ( #893, #3007 ),
 ( #920, #5466 ),
 ( #2952, #946 ),
 ( #4471, #4996 ),
 ( #1945, #431 ),
 ( #6476, #3983 ) ),
 .UNSPECIFIED., .F., .F., .F.,
 ( 4, 1, 1, 1, 1, 1, 1, 1, 4 ),
 ( 2, 2 ),
 ( 0.000000000000000000, 0.09667456401900831331, 0.2200460203467192732, 0.3580523530425036016, 0.5030958817993885779, 0.6465867356323256043, 0.7842179938026717645, 0.9050398087554584192, 0.9999999999999998890 ),
 ( 0.000000000000000000, 1.000000000000000000 ),
 .UNSPECIFIED. ) ;
#5073 = VECTOR ( 'NONE', #2496, 1000.000000000000000 ) ;
#5074 = FILL_AREA_STYLE ('',( #2086 ) ) ;
#5075 = DIRECTION ( 'NONE',  ( 0.000000000000000000, 0.000000000000000000, -1.000000000000000000 ) ) ;
#5076 = CARTESIAN_POINT ( 'NONE',  ( -0.4524131457746682905, 1.035000000000000142, 1.162661105553342455 ) ) ;
#5077 = CARTESIAN_POINT ( 'NONE',  ( 0.8013403303447494963, 1.025000000000000133, -0.2830949145059511451 ) ) ;
#5078 = VECTOR ( 'NONE', #5572, 1000.000000000000114 ) ;
#5079 = COLOUR_RGB ( '',0.4980392156862745168, 0.4980392156862745168, 0.4980392156862745168 ) ;
#5080 = CARTESIAN_POINT ( 'NONE',  ( -0.1290136337559121549, 1.034999999999999920, 1.263398958623645596 ) ) ;
#5081 = CARTESIAN_POINT ( 'NONE',  ( 0.2571514423076928235, 1.034999999999999920, -1.269230769230769162 ) ) ;
#5082 = CARTESIAN_POINT ( 'NONE',  ( 0.3192084027038729621, 1.035000000000000142, 1.466000064178921702 ) ) ;
#5083 = CARTESIAN_POINT ( 'NONE',  ( -0.5363535510791684890, 1.024999999999999911, 0.7533978999952607447 ) ) ;
#5084 = CARTESIAN_POINT ( 'NONE',  ( 0.1430149535067584410, 1.024999999999999911, 0.7952156366747701322 ) ) ;
#5085 = LINE ( 'NONE', #1873, #3566 ) ;
#5086 = CARTESIAN_POINT ( 'NONE',  ( 0.6493710974169384365, 1.034999999999999476, 1.078940445635439893 ) ) ;
#5087 = CARTESIAN_POINT ( 'NONE',  ( -0.4796274038461533773, 1.024999999999999467, -0.5255408653846154188 ) ) ;
#5088 = CARTESIAN_POINT ( 'NONE',  ( -0.4522385491860982931, 1.034999999999999698, 0.9708214919927355968 ) ) ;
#5089 = SURFACE_STYLE_FILL_AREA ( #5866 ) ;
#5090 = CARTESIAN_POINT ( 'NONE',  ( -0.6770680935031819780, 1.024999999999999467, 1.360971408330850840 ) ) ;
#5091 = VERTEX_POINT ( 'NONE', #3761 ) ;
#5092 = ORIENTED_EDGE ( 'NONE', *, *, #473, .T. ) ;
#5093 = CARTESIAN_POINT ( 'NONE',  ( -0.8365685462712814102, 1.024999999999999689, 1.482875074157175455 ) ) ;
#5094 = CARTESIAN_POINT ( 'NONE',  ( -0.1962895103982076894, 1.024999999999999911, 1.334250950148672565 ) ) ;
#5095 = CARTESIAN_POINT ( 'NONE',  ( -1.850000000000000089, 1.024999999999999911, -2.000000000000000888 ) ) ;
#5096 = CARTESIAN_POINT ( 'NONE',  ( 0.7019230769230769829, 1.024999999999999911, 0.9579326923076925127 ) ) ;
#5097 = ORIENTED_EDGE ( 'NONE', *, *, #4647, .T. ) ;
#5098 = B_SPLINE_SURFACE_WITH_KNOTS ( 'NONE', 3, 1, ( 
 ( #1298, #2878 ),
 ( #262, #5852 ),
 ( #4310, #2830 ),
 ( #4886, #1274 ),
 ( #3371, #6501 ),
 ( #2470, #3911 ),
 ( #3509, #409 ),
 ( #3938, #4010 ),
 ( #4977, #901 ),
 ( #461, #3442 ),
 ( #6002, #5421 ),
 ( #3465, #970 ),
 ( #2446, #4949 ),
 ( #437, #1415 ),
 ( #2959, #4929 ) ),
 .UNSPECIFIED., .F., .F., .F.,
 ( 4, 1, 1, 1, 1, 1, 1, 1, 1, 1, 1, 1, 4 ),
 ( 2, 2 ),
 ( 0.000000000000000000, 0.04741350635443523226, 0.1000397465125186097, 0.1582439758605849178, 0.2216942561323725081, 0.3575016929472446536, 0.4971755172671906142, 0.6367312879952646831, 0.7722818284601444816, 0.8366453526860625489, 0.8958985570776435425, 0.9506979322711623936, 1.000000000000000000 ),
 ( 0.000000000000000000, 1.000000000000000000 ),
 .UNSPECIFIED. ) ;
#5099 = CARTESIAN_POINT ( 'NONE',  ( -0.5101630379669703785, 1.024999999999999911, 0.8562443421471487293 ) ) ;
#5100 = CARTESIAN_POINT ( 'NONE',  ( 0.8043269230769236611, 1.034999999999999920, -0.4615384615384615641 ) ) ;
#5101 =( GEOMETRIC_REPRESENTATION_CONTEXT ( 3 ) GLOBAL_UNCERTAINTY_ASSIGNED_CONTEXT ( ( #6500 ) ) GLOBAL_UNIT_ASSIGNED_CONTEXT ( ( #3136, #590, #96 ) ) REPRESENTATION_CONTEXT ( 'NONE', 'WORKASPACE' ) );
#5102 = B_SPLINE_CURVE_WITH_KNOTS ( 'NONE', 3,
 ( #157, #2609, #6241, #3245, #6319, #4821, #4250, #2223, #754, #5762, #1787 ),
 .UNSPECIFIED., .F., .F.,
 ( 4, 1, 1, 1, 1, 1, 1, 1, 4 ),
 ( 0.000000000000000000, 0.1264630745233724651, 0.2522466205712358134, 0.3779551316873580591, 0.5025970568683888473, 0.6268928064531410493, 0.7507601890909383346, 0.8748330682497765798, 1.000000000000000000 ),
 .UNSPECIFIED. ) ;
#5103 =( NAMED_UNIT ( * ) PLANE_ANGLE_UNIT ( ) SI_UNIT ( $, .RADIAN. ) );
#5104 = CARTESIAN_POINT ( 'NONE',  ( 0.5003004807692308376, 1.034999999999999920, 1.219501201923077316 ) ) ;
#5105 = ORIENTED_EDGE ( 'NONE', *, *, #6107, .T. ) ;
#5106 = FILL_AREA_STYLE_COLOUR ( '', #683 ) ;
#5107 = SURFACE_STYLE_FILL_AREA ( #3820 ) ;
#5108 = B_SPLINE_SURFACE_WITH_KNOTS ( 'NONE', 3, 1, ( 
 ( #6100, #6173 ),
 ( #4125, #1650 ),
 ( #6123, #2147 ),
 ( #1056, #4610 ),
 ( #5692, #4631 ),
 ( #6078, #3119 ),
 ( #3071, #26 ),
 ( #72, #4589 ),
 ( #5150, #3094 ),
 ( #2105, #49 ),
 ( #3595, #3623 ) ),
 .UNSPECIFIED., .F., .F., .F.,
 ( 4, 1, 1, 1, 1, 1, 1, 1, 4 ),
 ( 2, 2 ),
 ( 0.000000000000000000, 0.1240851874048755354, 0.2516831287137650808, 0.3805158425827885882, 0.5096002516413246086, 0.6374160462044770048, 0.7631891362247723576, 0.8842771068389632116, 1.000000000000000000 ),
 ( 0.000000000000000000, 1.000000000000000000 ),
 .UNSPECIFIED. ) ;
#5109 = STYLED_ITEM ( 'NONE', ( #2159 ), #3356 ) ;
#5110 = AXIS2_PLACEMENT_3D ( 'NONE', #4881, #5777, #3280 ) ;
#5111 = CARTESIAN_POINT ( 'NONE',  ( -0.7849999999999999201, -1.024999999999999911, 1.625000000000000000 ) ) ;
#5112 = CARTESIAN_POINT ( 'NONE',  ( -0.1361177884615386025, 1.034999999999999920, 1.403846153846154410 ) ) ;
#5113 = VECTOR ( 'NONE', #2214, 1000.000000000000000 ) ;
#5114 =( NAMED_UNIT ( * ) PLANE_ANGLE_UNIT ( ) SI_UNIT ( $, .RADIAN. ) );
#5115 = CARTESIAN_POINT ( 'NONE',  ( -0.5865384615384614531, 1.034999999999999920, 0.7500000000000002220 ) ) ;
#5116 =( NAMED_UNIT ( * ) PLANE_ANGLE_UNIT ( ) SI_UNIT ( $, .RADIAN. ) );
#5117 = CARTESIAN_POINT ( 'NONE',  ( -0.07662259615384627021, 1.034999999999999920, 1.219501201923077538 ) ) ;
#5118 = EDGE_CURVE ( 'NONE', #3409, #3046, #136, .T. ) ;
#5119 =( GEOMETRIC_REPRESENTATION_CONTEXT ( 3 ) GLOBAL_UNCERTAINTY_ASSIGNED_CONTEXT ( ( #1508 ) ) GLOBAL_UNIT_ASSIGNED_CONTEXT ( ( #6075, #987, #6521 ) ) REPRESENTATION_CONTEXT ( 'NONE', 'WORKASPACE' ) );
#5120 = CARTESIAN_POINT ( 'NONE',  ( 0.3269230769230769273, 1.034999999999999920, 0.9615384615384617861 ) ) ;
#5121 = CARTESIAN_POINT ( 'NONE',  ( -0.8036850919095607226, 1.025000000000000133, 1.380799805016254655 ) ) ;
#5122 = CARTESIAN_POINT ( 'NONE',  ( 0.5099508101729233189, 1.024999999999999911, 1.211378676326421155 ) ) ;
#5123 = CARTESIAN_POINT ( 'NONE',  ( 0.3911119599344423658, 1.034999999999999698, -1.251079475078177961 ) ) ;
#5124 = EDGE_CURVE ( 'NONE', #1510, #3166, #6070, .T. ) ;
#5125 = VERTEX_POINT ( 'NONE', #4293 ) ;
#5126 = CARTESIAN_POINT ( 'NONE',  ( -1.499999999999996891, 1.024999999999999911, -1.650000000000000799 ) ) ;
#5127 = CARTESIAN_POINT ( 'NONE',  ( 0.8076923076923079314, 1.024999999999999911, 1.500000000000000000 ) ) ;
#5128 = CARTESIAN_POINT ( 'NONE',  ( 0.4152000563056311155, 1.024999999999999911, 0.7911853970708486727 ) ) ;
#5129 = CARTESIAN_POINT ( 'NONE',  ( 0.3192084027038729621, 1.035000000000000142, 1.466000064178921702 ) ) ;
#5130 = ORIENTED_EDGE ( 'NONE', *, *, #6017, .F. ) ;
#5131 = CYLINDRICAL_SURFACE ( 'NONE', #1226, 0.04999999999999991257 ) ;
#5132 = SURFACE_STYLE_FILL_AREA ( #4705 ) ;
#5133 = UNCERTAINTY_MEASURE_WITH_UNIT (LENGTH_MEASURE( 1.000000000000000082E-05 ), #6185, 'distance_accuracy_value', 'NONE');
#5134 = CARTESIAN_POINT ( 'NONE',  ( 0.2307692307692305600, 1.024999999999999911, 1.500000000000000000 ) ) ;
#5135 =( NAMED_UNIT ( * ) SI_UNIT ( $, .STERADIAN. ) SOLID_ANGLE_UNIT ( ) );
#5136 = VERTEX_POINT ( 'NONE', #1253 ) ;
#5137 = LINE ( 'NONE', #5196, #5062 ) ;
#5138 = CARTESIAN_POINT ( 'NONE',  ( -0.6436720452315449759, 1.035000000000000142, 1.331288948873510680 ) ) ;
#5139 = CARTESIAN_POINT ( 'NONE',  ( -0.7732125873212843947, 1.034999999999999698, 1.334250950148671899 ) ) ;
#5140 = CARTESIAN_POINT ( 'NONE',  ( 0.5285331315712945566, 1.034999999999999920, 1.195738238068862147 ) ) ;
#5141 = CARTESIAN_POINT ( 'NONE',  ( -0.7439828851384415742, 1.035000000000000142, -0.3009824786210819614 ) ) ;
#5142 = LINE ( 'NONE', #3711, #3773 ) ;
#5143 = CARTESIAN_POINT ( 'NONE',  ( 0.01377140237181433309, 1.035000000000000364, 0.1112525291091422813 ) ) ;
#5144 = B_SPLINE_CURVE_WITH_KNOTS ( 'NONE', 3,
 ( #4378, #4290, #4482, #4915, #508, #5655, #3103, #4175, #3144, #2611, #2153 ),
 .UNSPECIFIED., .F., .F.,
 ( 4, 1, 1, 1, 1, 1, 1, 1, 4 ),
 ( 0.000000000000000000, 0.1264630745233724651, 0.2522466205712358134, 0.3779551316873580591, 0.5025970568683888473, 0.6268928064531410493, 0.7507601890909383346, 0.8748330682497765798, 1.000000000000000000 ),
 .UNSPECIFIED. ) ;
#5145 = PLANE ( 'NONE',  #3505 ) ;
#5146 = CARTESIAN_POINT ( 'NONE',  ( -0.4524131457746682905, 1.025000000000000133, 1.162661105553342455 ) ) ;
#5147 = CARTESIAN_POINT ( 'NONE',  ( 0.3706770109938827829, 1.034999999999999920, 0.8340822251097768092 ) ) ;
#5148 = CARTESIAN_POINT ( 'NONE',  ( 0.8076923076923077094, 1.024999999999999911, 1.500000000000000222 ) ) ;
#5149 = B_SPLINE_SURFACE_WITH_KNOTS ( 'NONE', 3, 1, ( 
 ( #6267, #2254 ),
 ( #3791, #6312 ),
 ( #4772, #4835 ),
 ( #5243, #3240 ),
 ( #1704, #4225 ),
 ( #3256, #1721 ),
 ( #5792, #4279 ),
 ( #2732, #1775 ),
 ( #6238, #5261 ),
 ( #743, #1754 ),
 ( #4300, #5322 ),
 ( #1192, #6251 ),
 ( #4788, #701 ),
 ( #2748, #5816 ),
 ( #2794, #4747 ),
 ( #272, #3276 ),
 ( #665, #4809 ),
 ( #2202, #5741 ),
 ( #2713, #3772 ) ),
 .UNSPECIFIED., .F., .F., .F.,
 ( 4, 1, 1, 1, 1, 1, 1, 1, 1, 1, 1, 1, 1, 1, 1, 1, 4 ),
 ( 2, 2 ),
 ( 0.000000000000000000, 0.05794487546232589964, 0.1160176254256826689, 0.1748257843638406361, 0.2346830900793710206, 0.2968270303289142764, 0.3640613359637882573, 0.4361924240497391247, 0.5142601195414410187, 0.5569758971654885649, 0.6048559283836539846, 0.6576752010734879805, 0.7157505846619325318, 0.7788397991664557374, 0.8475011894738632146, 0.9212282309463235563, 1.000000000000000000 ),
 ( 0.000000000000000000, 1.000000000000000000 ),
 .UNSPECIFIED. ) ;
#5150 = CARTESIAN_POINT ( 'NONE',  ( -0.5909971491421553980, 1.034999999999999920, -0.1441871441899060247 ) ) ;
#5151 = PRESENTATION_STYLE_ASSIGNMENT (( #1095 ) ) ;
#5152 = CARTESIAN_POINT ( 'NONE',  ( -0.6599501028923885348, 1.024999999999999689, 0.2256499305191311811 ) ) ;
#5153 = FACE_OUTER_BOUND ( 'NONE', #3239, .T. ) ;
#5154 = CARTESIAN_POINT ( 'NONE',  ( -0.06697226675015373332, 1.034999999999999920, 1.211378676326421155 ) ) ;
#5155 = CARTESIAN_POINT ( 'NONE',  ( -0.3724756048954960264, 1.034999999999999476, 1.045491749235682333 ) ) ;
#5156 = PRESENTATION_LAYER_ASSIGNMENT (  '', '', ( #2205 ) ) ;
#5157 = CARTESIAN_POINT ( 'NONE',  ( 0.2009946833897158780, 1.024999999999999911, 0.1830551119440699814 ) ) ;
#5158 = CARTESIAN_POINT ( 'NONE',  ( 0.5186337150232300797, 1.024999999999999911, -1.044226880279282454 ) ) ;
#5159 = EDGE_CURVE ( 'NONE', #3525, #1494, #1303, .T. ) ;
#5160 = PRESENTATION_STYLE_ASSIGNMENT (( #5825 ) ) ;
#5161 = CARTESIAN_POINT ( 'NONE',  ( 0.4253353384381411417, 1.034999999999999920, 0.9414258259068326584 ) ) ;
#5162 = CARTESIAN_POINT ( 'NONE',  ( 0.03068762072057684698, 1.024999999999999689, 0.8412721904612346924 ) ) ;
#5163 = CARTESIAN_POINT ( 'NONE',  ( 0.7016076046600554506, 1.034999999999999698, 0.9708214919927355968 ) ) ;
#5164 = CARTESIAN_POINT ( 'NONE',  ( -0.4973557692307689071, 1.035000000000000142, -0.8061899038461539657 ) ) ;
#5165 = CARTESIAN_POINT ( 'NONE',  ( 0.7016138497249870820, 1.024999999999999911, 0.9454479468394775266 ) ) ;
#5166 = DIRECTION ( 'NONE',  ( -0.000000000000000000, -1.000000000000000000, -0.000000000000000000 ) ) ;
#5167 =( NAMED_UNIT ( * ) SI_UNIT ( $, .STERADIAN. ) SOLID_ANGLE_UNIT ( ) );
#5168 = ORIENTED_EDGE ( 'NONE', *, *, #3646, .F. ) ;
#5169 = SURFACE_SIDE_STYLE ('',( #898 ) ) ;
#5170 = CARTESIAN_POINT ( 'NONE',  ( -0.1400841346153841038, 1.034999999999999920, -0.9344951923076924016 ) ) ;
#5171 = CARTESIAN_POINT ( 'NONE',  ( -0.8365485009993929300, 1.024999999999999911, 1.494285306604467900 ) ) ;
#5172 = ORIENTED_EDGE ( 'NONE', *, *, #218, .T. ) ;
#5173 = ORIENTED_EDGE ( 'NONE', *, *, #4859, .F. ) ;
#5174 = B_SPLINE_SURFACE_WITH_KNOTS ( 'NONE', 3, 1, ( 
 ( #984, #1528 ),
 ( #6018, #2037 ),
 ( #1481, #3520 ),
 ( #4522, #2532 ),
 ( #5040, #2016 ),
 ( #5534, #2462 ),
 ( #1992, #4095 ),
 ( #2483, #3089 ),
 ( #455, #3026 ),
 ( #4026, #4537 ),
 ( #5066, #5552 ),
 ( #6536, #1572 ),
 ( #2512, #5575 ),
 ( #39, #6045 ),
 ( #3590, #1051 ),
 ( #3048, #4049 ),
 ( #1006, #6072 ),
 ( #3063, #3568 ),
 ( #5595, #2551 ) ),
 .UNSPECIFIED., .F., .F., .F.,
 ( 4, 1, 1, 1, 1, 1, 1, 1, 1, 1, 1, 1, 1, 1, 1, 1, 4 ),
 ( 2, 2 ),
 ( 0.000000000000000000, 0.07069648334337649831, 0.1383582132030685141, 0.2033698682591697782, 0.2657002133402298072, 0.3272558681973764538, 0.3865123433292943500, 0.4458582974819495504, 0.5051731438069390068, 0.5637797628070204681, 0.6223430642934396628, 0.6808235796100192694, 0.7397951568104399467, 0.8008011629883833304, 0.8642394615769080080, 0.9306310981734532417, 0.9999999999999998890 ),
 ( 0.000000000000000000, 1.000000000000000000 ),
 .UNSPECIFIED. ) ;
#5175 = CARTESIAN_POINT ( 'NONE',  ( 0.2504346767130117279, 1.034999999999999920, -1.269029477025444441 ) ) ;
#5176 = SURFACE_SIDE_STYLE ('',( #4509 ) ) ;
#5177 =( NAMED_UNIT ( * ) SI_UNIT ( $, .STERADIAN. ) SOLID_ANGLE_UNIT ( ) );
#5178 = CARTESIAN_POINT ( 'NONE',  ( 0.6339091276536564790, 1.035000000000000142, 1.226931528156839590 ) ) ;
#5179 = ORIENTED_EDGE ( 'NONE', *, *, #4139, .T. ) ;
#5180 = PLANE ( 'NONE',  #3984 ) ;
#5181 = CARTESIAN_POINT ( 'NONE',  ( 0.4529646715677454472, 1.034999999999999920, 0.8814623108698970144 ) ) ;
#5182 = CARTESIAN_POINT ( 'NONE',  ( -0.6535456730769231282, 1.034999999999999920, 1.219501201923077316 ) ) ;
#5183 = CARTESIAN_POINT ( 'NONE',  ( -0.7560024200292642105, 1.024999999999999467, -0.2381135273256473617 ) ) ;
#5184 = CARTESIAN_POINT ( 'NONE',  ( -0.6189714532072565500, 1.024999999999999911, 0.8385981092399693582 ) ) ;
#5185 = ORIENTED_EDGE ( 'NONE', *, *, #5354, .T. ) ;
#5186 = CARTESIAN_POINT ( 'NONE',  ( -0.4356378398387115713, 1.034999999999999698, 0.3392601711691884403 ) ) ;
#5187 =( LENGTH_UNIT ( ) NAMED_UNIT ( * ) SI_UNIT ( .MILLI., .METRE. ) );
#5188 = CARTESIAN_POINT ( 'NONE',  ( 0.3279068673665953004, 1.025000000000000133, 0.9531584188986652606 ) ) ;
#5189 = CARTESIAN_POINT ( 'NONE',  ( 0.8500000000000005329, 1.034999999999999920, -0.3948317307692308376 ) ) ;
#5190 = ADVANCED_FACE ( 'NONE', ( #4815 ), #2893, .T. ) ;
#5191 =( GEOMETRIC_REPRESENTATION_CONTEXT ( 3 ) GLOBAL_UNCERTAINTY_ASSIGNED_CONTEXT ( ( #5690 ) ) GLOBAL_UNIT_ASSIGNED_CONTEXT ( ( #3920, #6441, #1352 ) ) REPRESENTATION_CONTEXT ( 'NONE', 'WORKASPACE' ) );
#5192 = EDGE_CURVE ( 'NONE', #1522, #3759, #205, .T. ) ;
#5193 = EDGE_LOOP ( 'NONE', ( #6462, #5972, #4228, #4302 ) ) ;
#5194 = CARTESIAN_POINT ( 'NONE',  ( 0.1598482128031670224, 1.034999999999999698, -1.095686546644943915 ) ) ;
#5195 = CARTESIAN_POINT ( 'NONE',  ( 0.7813705489506576063, 1.034999999999999698, 1.045491749235682333 ) ) ;
#5196 = CARTESIAN_POINT ( 'NONE',  ( 1.500000000000003109, 1.024999999999999911, -1.650000000000001021 ) ) ;
#5197 = EDGE_CURVE ( 'NONE', #4085, #396, #2813, .T. ) ;
#5198 = CARTESIAN_POINT ( 'NONE',  ( -0.6074319325474580866, 1.034999999999999920, -0.6487998170869914150 ) ) ;
#5199 = CARTESIAN_POINT ( 'NONE',  ( 0.5798702866813263412, 1.024999999999999689, 0.8368940373264448507 ) ) ;
#5200 = CYLINDRICAL_SURFACE ( 'NONE', #5742, 0.04999999999999991257 ) ;
#5201 = CARTESIAN_POINT ( 'NONE',  ( 0.2160440078270891850, 1.034999999999999698, -0.8839159174884698711 ) ) ;
#5202 = ORIENTED_EDGE ( 'NONE', *, *, #4334, .F. ) ;
#5203 = CARTESIAN_POINT ( 'NONE',  ( -0.7247408575763278904, 1.035000000000000142, 0.1240900372869518653 ) ) ;
#5204 = CARTESIAN_POINT ( 'NONE',  ( 0.3298207469964955507, 1.034999999999999920, 0.9368557672397974656 ) ) ;
#5205 = DIRECTION ( 'NONE',  ( 0.000000000000000000, 0.000000000000000000, -1.000000000000000000 ) ) ;
#5206 = FILL_AREA_STYLE_COLOUR ( '', #6522 ) ;
#5207 = UNCERTAINTY_MEASURE_WITH_UNIT (LENGTH_MEASURE( 1.000000000000000082E-05 ), #616, 'distance_accuracy_value', 'NONE');
#5208 = SURFACE_STYLE_USAGE ( .BOTH. , #3707 ) ;
#5209 = EDGE_LOOP ( 'NONE', ( #5739, #1998, #3297, #4402, #1672, #2497, #4649, #1089, #1531, #1910, #86, #4926, #3233 ) ) ;
#5210 = PRESENTATION_STYLE_ASSIGNMENT (( #469 ) ) ;
#5211 = CARTESIAN_POINT ( 'NONE',  ( -0.3905382497827223909, 1.025000000000000577, 0.8407290785386313248 ) ) ;
#5212 = CARTESIAN_POINT ( 'NONE',  ( 0.001818223322760980157, 1.034999999999999920, 1.150978442549882352 ) ) ;
#5213 = CARTESIAN_POINT ( 'NONE',  ( -0.5413300909498250935, 1.035000000000000142, 1.245493178173427085 ) ) ;
#5214 = VERTEX_POINT ( 'NONE', #6366 ) ;
#5215 = CARTESIAN_POINT ( 'NONE',  ( 0.7377506108318956368, 1.024999999999999911, -0.3959859115656119699 ) ) ;
#5216 = CARTESIAN_POINT ( 'NONE',  ( 0.3999451352814074045, 1.025000000000000133, -0.8413258239733425459 ) ) ;
#5217 =( NAMED_UNIT ( * ) SI_UNIT ( $, .STERADIAN. ) SOLID_ANGLE_UNIT ( ) );
#5218 = CARTESIAN_POINT ( 'NONE',  ( -0.4620233154719587954, 1.024999999999999689, 1.010118407490751657 ) ) ;
#5219 =( LENGTH_UNIT ( ) NAMED_UNIT ( * ) SI_UNIT ( .MILLI., .METRE. ) );
#5220 = CARTESIAN_POINT ( 'NONE',  ( 0.2155848171870991814, 1.035000000000000142, -0.8781255115052709614 ) ) ;
#5221 = CARTESIAN_POINT ( 'NONE',  ( -0.6918213401987398647, 1.034999999999999920, 0.8721003435082629318 ) ) ;
#5222 = CARTESIAN_POINT ( 'NONE',  ( 0.4230769230769230171, 1.034999999999999920, 0.9711538461538463674 ) ) ;
#5223 = CARTESIAN_POINT ( 'NONE',  ( -0.3106497177393194309, 1.024999999999999911, 0.1919601521312886416 ) ) ;
#5224 = PRESENTATION_LAYER_ASSIGNMENT (  '', '', ( #3200 ) ) ;
#5225 = PLANE ( 'NONE',  #5884 ) ;
#5226 = PRESENTATION_LAYER_ASSIGNMENT (  '', '', ( #5025 ) ) ;
#5227 = B_SPLINE_SURFACE_WITH_KNOTS ( 'NONE', 3, 1, ( 
 ( #1695, #4889 ),
 ( #849, #4382 ),
 ( #6391, #1856 ),
 ( #2312, #1834 ),
 ( #6369, #831 ),
 ( #4336, #5424 ),
 ( #326, #5359 ),
 ( #2338, #2904 ),
 ( #2810, #1366 ),
 ( #4847, #5336 ),
 ( #5830, #3827 ),
 ( #348, #779 ),
 ( #1812, #6348 ),
 ( #1878, #5404 ),
 ( #2382, #2880 ),
 ( #5910, #3397 ),
 ( #1647, #294 ),
 ( #4019, #3776 ),
 ( #360, #168 ) ),
 .UNSPECIFIED., .F., .F., .F.,
 ( 4, 1, 1, 1, 1, 1, 1, 1, 1, 1, 1, 1, 1, 1, 1, 1, 4 ),
 ( 2, 2 ),
 ( 0.000000000000000000, 0.07471189030450135771, 0.1455392023749086383, 0.2133390572509725469, 0.2786150735384710919, 0.3420941969414981743, 0.4038900759591956824, 0.4650633525655207268, 0.5265767363834863435, 0.5873283340287679399, 0.6463804557031436193, 0.7043453083753261623, 0.7616719489990788627, 0.8194178590468652601, 0.8780393997816821061, 0.9377955090070549948, 1.000000000000000000 ),
 ( 0.000000000000000000, 1.000000000000000000 ),
 .UNSPECIFIED. ) ;
#5228 = CARTESIAN_POINT ( 'NONE',  ( -0.1538461538461539935, 1.034999999999999920, 0.9711538461538465894 ) ) ;
#5229 = CARTESIAN_POINT ( 'NONE',  ( -0.04953861286756244819, 1.034999999999999920, -0.9972354046471213485 ) ) ;
#5230 = ORIENTED_EDGE ( 'NONE', *, *, #300, .T. ) ;
#5231 =( GEOMETRIC_REPRESENTATION_CONTEXT ( 3 ) GLOBAL_UNCERTAINTY_ASSIGNED_CONTEXT ( ( #1895 ) ) GLOBAL_UNIT_ASSIGNED_CONTEXT ( ( #4617, #6110, #3148 ) ) REPRESENTATION_CONTEXT ( 'NONE', 'WORKASPACE' ) );
#5232 = EDGE_CURVE ( 'NONE', #29, #2946, #4099, .T. ) ;
#5233 = CARTESIAN_POINT ( 'NONE',  ( 0.4858491144879618084, 1.025000000000000133, -1.156702550493418302 ) ) ;
#5234 = ORIENTED_EDGE ( 'NONE', *, *, #103, .F. ) ;
#5235 = CARTESIAN_POINT ( 'NONE',  ( -0.4928470730519666221, 1.024999999999999689, 1.064245337337988540 ) ) ;
#5236 = CARTESIAN_POINT ( 'NONE',  ( 0.5599910720627593319, 1.024999999999999911, 0.8366581879303758296 ) ) ;
#5237 =( NAMED_UNIT ( * ) SI_UNIT ( $, .STERADIAN. ) SOLID_ANGLE_UNIT ( ) );
#5238 = UNCERTAINTY_MEASURE_WITH_UNIT (LENGTH_MEASURE( 1.000000000000000082E-05 ), #3802, 'distance_accuracy_value', 'NONE');
#5239 = CARTESIAN_POINT ( 'NONE',  ( -1.999999999999999556, 1.024999999999999911, -1.850000000000000977 ) ) ;
#5240 = ADVANCED_FACE ( 'NONE', ( #4655 ), #4430, .T. ) ;
#5241 = CARTESIAN_POINT ( 'NONE',  ( 0.02074202968274620196, 1.034999999999999920, 1.258173606474872752 ) ) ;
#5242 = ORIENTED_EDGE ( 'NONE', *, *, #4334, .T. ) ;
#5243 = CARTESIAN_POINT ( 'NONE',  ( -0.3596203333734858121, 1.034999999999999476, 1.001524615184221645 ) ) ;
#5244 =( NAMED_UNIT ( * ) PLANE_ANGLE_UNIT ( ) SI_UNIT ( $, .RADIAN. ) );
#5245 = ORIENTED_EDGE ( 'NONE', *, *, #4170, .F. ) ;
#5246 = ORIENTED_EDGE ( 'NONE', *, *, #2460, .T. ) ;
#5247 = CARTESIAN_POINT ( 'NONE',  ( -0.5865384615384614531, 1.024999999999999911, 0.7500000000000002220 ) ) ;
#5248 = CARTESIAN_POINT ( 'NONE',  ( -0.5561810472403306838, 1.034999999999999920, 1.258173606474872086 ) ) ;
#5249 = PRESENTATION_STYLE_ASSIGNMENT (( #3998 ) ) ;
#5250 = CARTESIAN_POINT ( 'NONE',  ( -0.6720982898951269879, 1.035000000000000142, 1.234212003388963197 ) ) ;
#5251 = CARTESIAN_POINT ( 'NONE',  ( 0.7977342175872388363, 1.024999999999999911, -0.4548099921802073453 ) ) ;
#5252 = CARTESIAN_POINT ( 'NONE',  ( 0.4215144230769235500, 1.034999999999999920, -1.232271634615384581 ) ) ;
#5253 = CARTESIAN_POINT ( 'NONE',  ( -0.2596254240763162247, 1.034999999999999920, 1.494285306604468122 ) ) ;
#5254 = VERTEX_POINT ( 'NONE', #2537 ) ;
#5255 = CARTESIAN_POINT ( 'NONE',  ( -0.5865384615384614531, 1.024999999999999911, 0.7500000000000002220 ) ) ;
#5256 = FILL_AREA_STYLE_COLOUR ( '', #3599 ) ;
#5257 = STYLED_ITEM ( 'NONE', ( #2325 ), #1781 ) ;
#5258 = VECTOR ( 'NONE', #4417, 1000.000000000000000 ) ;
#5259 = CARTESIAN_POINT ( 'NONE',  ( 0.2938315446458319991, 1.024999999999999689, -0.9909036396552924897 ) ) ;
#5260 = CARTESIAN_POINT ( 'NONE',  ( -0.5923076923076918687, 1.024999999999999911, -0.09104567307692307265 ) ) ;
#5261 = CARTESIAN_POINT ( 'NONE',  ( -0.4108255261337867559, 1.024999999999999689, 1.113162156003708159 ) ) ;
#5262 = ORIENTED_EDGE ( 'NONE', *, *, #2899, .T. ) ;
#5263 = VECTOR ( 'NONE', #3796, 1000.000000000000000 ) ;
#5264 = MECHANICAL_DESIGN_GEOMETRIC_PRESENTATION_REPRESENTATION (  '', ( #5607 ), #5919 ) ;
#5265 = LINE ( 'NONE', #1537, #3368 ) ;
#5266 = CARTESIAN_POINT ( 'NONE',  ( -0.1440344949841227684, 1.034999999999999920, 0.9148738954979118709 ) ) ;
#5267 = CARTESIAN_POINT ( 'NONE',  ( -0.8036850919095607226, 1.025000000000000133, 1.380799805016254655 ) ) ;
#5268 = ORIENTED_EDGE ( 'NONE', *, *, #2041, .F. ) ;
#5269 = VECTOR ( 'NONE', #5685, 1000.000000000000000 ) ;
#5270 = PRESENTATION_STYLE_ASSIGNMENT (( #1172 ) ) ;
#5271 = CARTESIAN_POINT ( 'NONE',  ( -0.2398884097497334944, 1.034999999999999920, 1.406614822300994661 ) ) ;
#5272 = CARTESIAN_POINT ( 'NONE',  ( -0.7305912537455258038, 1.024999999999999911, 0.9660415190853473000 ) ) ;
#5273 = ORIENTED_EDGE ( 'NONE', *, *, #2899, .F. ) ;
#5274 = B_SPLINE_SURFACE_WITH_KNOTS ( 'NONE', 3, 1, ( 
 ( #1587, #3562 ),
 ( #5633, #33 ),
 ( #1565, #3536 ),
 ( #576, #5121 ),
 ( #4063, #3082 ),
 ( #5139, #79 ),
 ( #2055, #13 ),
 ( #4642, #2072 ),
 ( #2029, #532 ),
 ( #5569, #5588 ),
 ( #3638, #6065 ),
 ( #1610, #4088 ),
 ( #1043, #2092 ),
 ( #4599, #3127 ),
 ( #5715, #2135 ) ),
 .UNSPECIFIED., .F., .F., .F.,
 ( 4, 1, 1, 1, 1, 1, 1, 1, 1, 1, 1, 1, 4 ),
 ( 2, 2 ),
 ( 0.000000000000000000, 0.1003881431397105201, 0.2044067930373087427, 0.3106860830942073659, 0.4221572938827999333, 0.4806854607703737181, 0.5432381544526685424, 0.6094995045645642540, 0.6795546087742241337, 0.7538412220511750972, 0.8316406764893862213, 0.9138127068095905914, 1.000000000000000000 ),
 ( 0.000000000000000000, 1.000000000000000000 ),
 .UNSPECIFIED. ) ;
#5275 = CARTESIAN_POINT ( 'NONE',  ( 0.4830800845762579510, 1.024999999999999911, 0.8565253071957876774 ) ) ;
#5276 = VECTOR ( 'NONE', #4924, 1000.000000000000000 ) ;
#5277 = VECTOR ( 'NONE', #2852, 1000.000000000000000 ) ;
#5278 = CARTESIAN_POINT ( 'NONE',  ( 0.3647235576923080758, 1.024999999999999689, -1.085036057692307709 ) ) ;
#5279 = ORIENTED_EDGE ( 'NONE', *, *, #5847, .T. ) ;
#5280 = DIRECTION ( 'NONE',  ( -1.000000000000000000, -1.106079984093971783E-13, 0.000000000000000000 ) ) ;
#5281 = FILL_AREA_STYLE_COLOUR ( '', #4332 ) ;
#5282 = STYLED_ITEM ( 'NONE', ( #458 ), #452 ) ;
#5283 = MECHANICAL_DESIGN_GEOMETRIC_PRESENTATION_REPRESENTATION (  '', ( #5311 ), #3921 ) ;
#5284 = CARTESIAN_POINT ( 'NONE',  ( -0.5131259277043459521, 1.034999999999999698, 0.7580082180372671452 ) ) ;
#5285 =( NAMED_UNIT ( * ) PLANE_ANGLE_UNIT ( ) SI_UNIT ( $, .RADIAN. ) );
#5286 = CARTESIAN_POINT ( 'NONE',  ( -0.5923076923076919797, 1.035000000000000142, -0.09104567307692308653 ) ) ;
#5287 = CARTESIAN_POINT ( 'NONE',  ( 0.4720439151442943904, 1.024999999999999467, 0.8636569804084177626 ) ) ;
#5288 = SURFACE_STYLE_FILL_AREA ( #3131 ) ;
#5289 = SURFACE_STYLE_FILL_AREA ( #6469 ) ;
#5290 = CARTESIAN_POINT ( 'NONE',  ( -0.7130408653846154188, 1.024999999999999911, 1.403846153846154188 ) ) ;
#5291 = CARTESIAN_POINT ( 'NONE',  ( -0.07662259615384627021, 1.034999999999999920, 1.219501201923077538 ) ) ;
#5292 = SURFACE_STYLE_USAGE ( .BOTH. , #2231 ) ;
#5293 = CARTESIAN_POINT ( 'NONE',  ( -0.5349638473838986830, 1.024999999999999689, 1.111914594161550918 ) ) ;
#5294 = VERTEX_POINT ( 'NONE', #6479 ) ;
#5295 =( LENGTH_UNIT ( ) NAMED_UNIT ( * ) SI_UNIT ( .MILLI., .METRE. ) );
#5296 = CARTESIAN_POINT ( 'NONE',  ( 0.2117753373692803087, 1.035000000000000142, 1.023495007546662894 ) ) ;
#5297 = AXIS2_PLACEMENT_3D ( 'NONE', #839, #3427, #882 ) ;
#5298 = CARTESIAN_POINT ( 'NONE',  ( 0.8500000000000005329, 1.024999999999999911, -0.3948317307692308376 ) ) ;
#5299 = SURFACE_SIDE_STYLE ('',( #3552 ) ) ;
#5300 =( GEOMETRIC_REPRESENTATION_CONTEXT ( 3 ) GLOBAL_UNCERTAINTY_ASSIGNED_CONTEXT ( ( #606 ) ) GLOBAL_UNIT_ASSIGNED_CONTEXT ( ( #5187, #583, #1077 ) ) REPRESENTATION_CONTEXT ( 'NONE', 'WORKASPACE' ) );
#5301 = ORIENTED_EDGE ( 'NONE', *, *, #4639, .T. ) ;
#5302 = ADVANCED_FACE ( 'NONE', ( #3705 ), #740, .T. ) ;
#5303 = CARTESIAN_POINT ( 'NONE',  ( 0.8013403303447494963, 1.025000000000000133, -0.2830949145059511451 ) ) ;
#5304 = CARTESIAN_POINT ( 'NONE',  ( -0.3363150999152985099, 1.025000000000000133, 0.1921610990765486304 ) ) ;
#5305 = CARTESIAN_POINT ( 'NONE',  ( -0.7069529773705758302, 1.024999999999999911, 1.395641797569606934 ) ) ;
#5306 = CARTESIAN_POINT ( 'NONE',  ( 0.1560260836043374510, 1.024999999999999911, -1.252405169871649182 ) ) ;
#5307 = CARTESIAN_POINT ( 'NONE',  ( -0.2495492788461539657, 1.024999999999999911, 1.433293269230769607 ) ) ;
#5308 = CARTESIAN_POINT ( 'NONE',  ( 0.7850000000000001421, -1.075000000000000178, -1.574999999999998845 ) ) ;
#5309 = CARTESIAN_POINT ( 'NONE',  ( 0.4253353384381411417, 1.034999999999999920, 0.9414258259068326584 ) ) ;
#5310 = EDGE_CURVE ( 'NONE', #175, #3801, #18, .T. ) ;
#5311 = STYLED_ITEM ( 'NONE', ( #5270 ), #5441 ) ;
#5312 = MECHANICAL_DESIGN_GEOMETRIC_PRESENTATION_REPRESENTATION (  '', ( #4993 ), #5658 ) ;
#5313 = VERTEX_POINT ( 'NONE', #1466 ) ;
#5314 = UNCERTAINTY_MEASURE_WITH_UNIT (LENGTH_MEASURE( 1.000000000000000082E-05 ), #6058, 'distance_accuracy_value', 'NONE');
#5315 = EDGE_CURVE ( 'NONE', #3794, #5774, #728, .T. ) ;
#5316 = EDGE_LOOP ( 'NONE', ( #631, #4878, #4790, #3651 ) ) ;
#5317 = CARTESIAN_POINT ( 'NONE',  ( -0.1290136337559121549, 1.034999999999999920, 1.263398958623645596 ) ) ;
#5318 = SURFACE_SIDE_STYLE ('',( #5968 ) ) ;
#5319 = CARTESIAN_POINT ( 'NONE',  ( -0.8259392864795586098, 1.024999999999999911, 0.9531584188986651496 ) ) ;
#5320 = ORIENTED_EDGE ( 'NONE', *, *, #1237, .F. ) ;
#5321 = CARTESIAN_POINT ( 'NONE',  ( -0.3363150999152985099, 1.035000000000000364, 0.1921610990765486304 ) ) ;
#5322 = CARTESIAN_POINT ( 'NONE',  ( -0.4399622348513769210, 1.024999999999999467, 1.149153048603420046 ) ) ;
#5323 = CARTESIAN_POINT ( 'NONE',  ( 0.3501566273940918683, 1.034999999999999920, -0.7995306153542193206 ) ) ;
#5324 = CARTESIAN_POINT ( 'NONE',  ( -0.07081068470351595256, 1.024999999999999689, 0.3014995578893299166 ) ) ;
#5325 = CARTESIAN_POINT ( 'NONE',  ( 0.8013403303447494963, 1.035000000000000142, -0.2830949145059511451 ) ) ;
#5326 = CARTESIAN_POINT ( 'NONE',  ( 0.3143212458006600651, 1.034999999999999920, -1.011203171292209380 ) ) ;
#5327 = PLANE ( 'NONE',  #5110 ) ;
#5328 = CARTESIAN_POINT ( 'NONE',  ( 0.05896144353619249545, 1.024999999999999911, -1.218549679676853570 ) ) ;
#5329 = CARTESIAN_POINT ( 'NONE',  ( -0.2267620149864838508, 1.025000000000000133, 1.380799805016254878 ) ) ;
#5330 = CARTESIAN_POINT ( 'NONE',  ( 0.5207167764688062084, 1.034999999999999920, 0.8412040476659464749 ) ) ;
#5331 = LINE ( 'NONE', #603, #889 ) ;
#5332 = CARTESIAN_POINT ( 'NONE',  ( -0.1127526067484372341, 1.024999999999999467, 1.248891001546740709 ) ) ;
#5333 = ORIENTED_EDGE ( 'NONE', *, *, #1616, .F. ) ;
#5334 = CARTESIAN_POINT ( 'NONE',  ( -0.1441503111786348601, 1.034999999999999698, 1.277465502956919075 ) ) ;
#5335 = EDGE_CURVE ( 'NONE', #703, #6275, #2731, .T. ) ;
#5336 = CARTESIAN_POINT ( 'NONE',  ( 0.7360489443332798309, 1.024999999999999911, 0.8091909101105900781 ) ) ;
#5337 = LINE ( 'NONE', #814, #6499 ) ;
#5338 = CARTESIAN_POINT ( 'NONE',  ( -0.4519230769230769273, 1.034999999999999920, 0.9579326923076925127 ) ) ;
#5339 = CARTESIAN_POINT ( 'NONE',  ( 0.4187397839834055557, 1.024999999999999911, 1.291137545940029163 ) ) ;
#5340 = MECHANICAL_DESIGN_GEOMETRIC_PRESENTATION_REPRESENTATION (  '', ( #5025 ), #5758 ) ;
#5341 = B_SPLINE_CURVE_WITH_KNOTS ( 'NONE', 3,
 ( #1121, #5220, #5201, #109, #2645, #4158, #1163, #130, #643, #5702, #3173 ),
 .UNSPECIFIED., .F., .F.,
 ( 4, 1, 1, 1, 1, 1, 1, 1, 4 ),
 ( 0.000000000000000000, 0.05996688937102766931, 0.1375423895636743443, 0.2335473283895458108, 0.3496849205474031330, 0.4844921385367325639, 0.6373968565921700469, 0.8096962512820716773, 1.000000000000000000 ),
 .UNSPECIFIED. ) ;
#5342 = CARTESIAN_POINT ( 'NONE',  ( 0.8495653819259344486, 1.024999999999999689, -0.4017540928939037359 ) ) ;
#5343 = CARTESIAN_POINT ( 'NONE',  ( 0.1810024900132512493, 1.025000000000000133, 0.02458421164367133316 ) ) ;
#5344 =( NAMED_UNIT ( * ) SI_UNIT ( $, .STERADIAN. ) SOLID_ANGLE_UNIT ( ) );
#5345 = CARTESIAN_POINT ( 'NONE',  ( -0.3516370337865993290, 1.025000000000000133, 0.3457236207892979141 ) ) ;
#5346 = CARTESIAN_POINT ( 'NONE',  ( -0.06674896830846809015, 1.034999999999999920, 1.331288948873510458 ) ) ;
#5347 = FILL_AREA_STYLE_COLOUR ( '', #5874 ) ;
#5348 = EDGE_LOOP ( 'NONE', ( #638, #5422, #5064, #6012 ) ) ;
#5349 = MECHANICAL_DESIGN_GEOMETRIC_PRESENTATION_REPRESENTATION (  '', ( #4458 ), #3318 ) ;
#5350 = UNCERTAINTY_MEASURE_WITH_UNIT (LENGTH_MEASURE( 1.000000000000000082E-05 ), #3675, 'distance_accuracy_value', 'NONE');
#5351 = CARTESIAN_POINT ( 'NONE',  ( 0.8280408709267160772, 1.034999999999999920, -0.3240397907080368456 ) ) ;
#5352 = CARTESIAN_POINT ( 'NONE',  ( -0.3559046077589207435, 1.034999999999999920, 0.9498072415089910958 ) ) ;
#5353 = CARTESIAN_POINT ( 'NONE',  ( -0.6634831881607404780, 1.024999999999999911, 1.348635032081523466 ) ) ;
#5354 = EDGE_CURVE ( 'NONE', #3534, #2524, #2967, .T. ) ;
#5355 = CARTESIAN_POINT ( 'NONE',  ( 0.2601562500000004219, 1.034999999999999920, -1.115384615384615419 ) ) ;
#5356 = ORIENTED_EDGE ( 'NONE', *, *, #5657, .F. ) ;
#5357 = SURFACE_STYLE_USAGE ( .BOTH. , #2760 ) ;
#5358 = FILL_AREA_STYLE ('',( #802 ) ) ;
#5359 = CARTESIAN_POINT ( 'NONE',  ( 0.6831307222215643460, 1.024999999999999911, 0.7728591684128820471 ) ) ;
#5360 = CARTESIAN_POINT ( 'NONE',  ( -0.2241533231784429425, 1.034999999999999920, -1.063631701879000024 ) ) ;
#5361 = CARTESIAN_POINT ( 'NONE',  ( -0.3461538461538462008, 1.034999999999999920, 1.403846153846154188 ) ) ;
#5362 = VERTEX_POINT ( 'NONE', #5538 ) ;
#5363 = FACE_OUTER_BOUND ( 'NONE', #3665, .T. ) ;
#5364 = DIRECTION ( 'NONE',  ( -1.000000000000000000, 0.000000000000000000, 0.000000000000000000 ) ) ;
#5365 = LINE ( 'NONE', #1081, #1395 ) ;
#5366 = DIRECTION ( 'NONE',  ( 1.000000000000000000, 0.000000000000000000, 0.000000000000000000 ) ) ;
#5367 = CARTESIAN_POINT ( 'NONE',  ( -0.1573431819201525916, 1.034999999999999920, -0.9199207648865372899 ) ) ;
#5368 = CARTESIAN_POINT ( 'NONE',  ( -0.4356378398387115713, 1.034999999999999920, 0.3392601711691884403 ) ) ;
#5369 = CARTESIAN_POINT ( 'NONE',  ( -0.3236184157683018592, 1.034999999999999698, -0.9838377706742026385 ) ) ;
#5370 = CARTESIAN_POINT ( 'NONE',  ( 0.7886984142923576524, 1.035000000000000364, 1.023495007546663116 ) ) ;
#5371 = VECTOR ( 'NONE', #4465, 1000.000000000000000 ) ;
#5372 =( GEOMETRIC_REPRESENTATION_CONTEXT ( 3 ) GLOBAL_UNCERTAINTY_ASSIGNED_CONTEXT ( ( #5601 ) ) GLOBAL_UNIT_ASSIGNED_CONTEXT ( ( #350, #2906, #807 ) ) REPRESENTATION_CONTEXT ( 'NONE', 'WORKASPACE' ) );
#5373 = ADVANCED_FACE ( 'NONE', ( #2032 ), #2633, .F. ) ;
#5374 = CARTESIAN_POINT ( 'NONE',  ( 0.2663192763544285913, 1.034999999999999920, -0.7942354231409158860 ) ) ;
#5375 = CARTESIAN_POINT ( 'NONE',  ( 0.2313020974749849246, 1.024999999999999023, -0.9172068903341110691 ) ) ;
#5376 = DIRECTION ( 'NONE',  ( 1.000000000000000000, 0.000000000000000000, 0.000000000000000000 ) ) ;
#5377 = LINE ( 'NONE', #3591, #2132 ) ;
#5378 = PRESENTATION_LAYER_ASSIGNMENT (  '', '', ( #2225 ) ) ;
#5379 = PRESENTATION_LAYER_ASSIGNMENT (  '', '', ( #1621 ) ) ;
#5380 = CARTESIAN_POINT ( 'NONE',  ( 0.8043269230769236611, 1.024999999999999689, -0.4615384615384615641 ) ) ;
#5381 = FILL_AREA_STYLE_COLOUR ( '', #799 ) ;
#5382 = CARTESIAN_POINT ( 'NONE',  ( -0.1235576923076918271, 1.025000000000000355, -1.129507211538461675 ) ) ;
#5383 = CARTESIAN_POINT ( 'NONE',  ( -0.4522385491860982931, 1.024999999999999689, 0.9708214919927355968 ) ) ;
#5384 = B_SPLINE_CURVE_WITH_KNOTS ( 'NONE', 3,
 ( #5087, #4584, #4607, #1574, #986, #3005, #1994, #5536, #2485, #476, #4539 ),
 .UNSPECIFIED., .F., .F.,
 ( 4, 1, 1, 1, 1, 1, 1, 1, 4 ),
 ( 0.000000000000000000, 0.1240851874048755354, 0.2516831287137650808, 0.3805158425827885882, 0.5096002516413246086, 0.6374160462044770048, 0.7631891362247723576, 0.8842771068389632116, 1.000000000000000000 ),
 .UNSPECIFIED. ) ;
#5385 = FILL_AREA_STYLE ('',( #4340 ) ) ;
#5386 = ORIENTED_EDGE ( 'NONE', *, *, #4377, .F. ) ;
#5387 =( GEOMETRIC_REPRESENTATION_CONTEXT ( 3 ) GLOBAL_UNCERTAINTY_ASSIGNED_CONTEXT ( ( #3021 ) ) GLOBAL_UNIT_ASSIGNED_CONTEXT ( ( #4005, #1485, #6025 ) ) REPRESENTATION_CONTEXT ( 'NONE', 'WORKASPACE' ) );
#5388 = SURFACE_STYLE_USAGE ( .BOTH. , #4389 ) ;
#5389 = CARTESIAN_POINT ( 'NONE',  ( -0.1780739279415826659, 1.034999999999999920, 0.8038894595579944014 ) ) ;
#5390 = CARTESIAN_POINT ( 'NONE',  ( -0.1617230206174459228, 1.034999999999999698, 0.7911853970708487838 ) ) ;
#5391 =( NAMED_UNIT ( * ) PLANE_ANGLE_UNIT ( ) SI_UNIT ( $, .RADIAN. ) );
#5392 = VERTEX_POINT ( 'NONE', #5134 ) ;
#5393 = VERTEX_POINT ( 'NONE', #526 ) ;
#5394 = CARTESIAN_POINT ( 'NONE',  ( 0.8500000000000005329, 1.024999999999999911, -0.3948317307692308376 ) ) ;
#5395 = CARTESIAN_POINT ( 'NONE',  ( -0.7307692307692308376, 1.034999999999999920, 0.9711538461538463674 ) ) ;
#5396 = CARTESIAN_POINT ( 'NONE',  ( -0.01171875000000011796, 1.034999999999999920, 0.8365384615384620082 ) ) ;
#5397 = UNCERTAINTY_MEASURE_WITH_UNIT (LENGTH_MEASURE( 1.000000000000000082E-05 ), #1772, 'distance_accuracy_value', 'NONE');
#5398 = CARTESIAN_POINT ( 'NONE',  ( 0.2211538461538460343, 1.024999999999999689, 0.9570312500000004441 ) ) ;
#5399 = EDGE_CURVE ( 'NONE', #2616, #6303, #5748, .T. ) ;
#5400 = VERTEX_POINT ( 'NONE', #1107 ) ;
#5401 = FILL_AREA_STYLE ('',( #870 ) ) ;
#5402 = CARTESIAN_POINT ( 'NONE',  ( 0.4160778691295344833, 1.034999999999999698, -0.8630590810234309851 ) ) ;
#5403 = ADVANCED_FACE ( 'NONE', ( #4566 ), #5108, .T. ) ;
#5404 = CARTESIAN_POINT ( 'NONE',  ( 0.7830146141232979806, 1.024999999999999467, 0.8759254739018295099 ) ) ;
#5405 = CARTESIAN_POINT ( 'NONE',  ( 0.5940888748797414909, 1.034999999999999920, 0.8385928700513110012 ) ) ;
#5406 = SURFACE_SIDE_STYLE ('',( #2198 ) ) ;
#5407 = CARTESIAN_POINT ( 'NONE',  ( 0.7018186768974628009, 1.034999999999999920, 0.9537176434545547865 ) ) ;
#5408 = CARTESIAN_POINT ( 'NONE',  ( 0.7944638946112254629, 1.025000000000000133, 0.9148849069587257077 ) ) ;
#5409 = CARTESIAN_POINT ( 'NONE',  ( 0.5107572115384620970, 1.035000000000000364, -0.02223557692307692041 ) ) ;
#5410 = CARTESIAN_POINT ( 'NONE',  ( -0.1043395853067812518, 1.025000000000000133, 0.7631169127271658637 ) ) ;
#5411 = CARTESIAN_POINT ( 'NONE',  ( 1.605000000000000204, -1.024999999999999467, -1.625000000000000000 ) ) ;
#5412 = SURFACE_STYLE_FILL_AREA ( #2031 ) ;
#5413 = FACE_OUTER_BOUND ( 'NONE', #939, .T. ) ;
#5414 = CARTESIAN_POINT ( 'NONE',  ( 0.6712093538172856366, 1.024999999999999911, 1.192704292644374720 ) ) ;
#5415 = CARTESIAN_POINT ( 'NONE',  ( -0.3798942471436822510, 1.034999999999999698, 0.8579668031823561858 ) ) ;
#5416 = CARTESIAN_POINT ( 'NONE',  ( -0.6818022387018594088, 1.035000000000000142, 0.8636569804084180957 ) ) ;
#5417 = DIRECTION ( 'NONE',  ( 1.000000000000000000, 2.644395542647571766E-16, -0.000000000000000000 ) ) ;
#5418 = EDGE_LOOP ( 'NONE', ( #2186, #2293, #5848, #4721 ) ) ;
#5419 =( GEOMETRIC_REPRESENTATION_CONTEXT ( 3 ) GLOBAL_UNCERTAINTY_ASSIGNED_CONTEXT ( ( #3369 ) ) GLOBAL_UNIT_ASSIGNED_CONTEXT ( ( #3784, #2705, #6305 ) ) REPRESENTATION_CONTEXT ( 'NONE', 'WORKASPACE' ) );
#5420 = CARTESIAN_POINT ( 'NONE',  ( -0.4520274769486910538, 1.035000000000000142, 0.9537176434545550086 ) ) ;
#5421 = CARTESIAN_POINT ( 'NONE',  ( 0.1903382224432993153, 1.024999999999999689, -1.260782450121067821 ) ) ;
#5422 = ORIENTED_EDGE ( 'NONE', *, *, #755, .F. ) ;
#5423 = EDGE_CURVE ( 'NONE', #5822, #354, #990, .T. ) ;
#5424 = CARTESIAN_POINT ( 'NONE',  ( 0.6626427731117336961, 1.024999999999999467, 0.7644335898809585528 ) ) ;
#5425 = CARTESIAN_POINT ( 'NONE',  ( 0.3573487925822035893, 1.034999999999999920, -1.089532582265993810 ) ) ;
#5426 = VECTOR ( 'NONE', #6460, 1000.000000000000000 ) ;
#5427 =( GEOMETRIC_REPRESENTATION_CONTEXT ( 3 ) GLOBAL_UNCERTAINTY_ASSIGNED_CONTEXT ( ( #4297 ) ) GLOBAL_UNIT_ASSIGNED_CONTEXT ( ( #132, #3111, #5167 ) ) REPRESENTATION_CONTEXT ( 'NONE', 'WORKASPACE' ) );
#5428 = CARTESIAN_POINT ( 'NONE',  ( 0.7019230769230769829, 1.024999999999999911, 0.9579326923076925127 ) ) ;
#5429 = PRESENTATION_LAYER_ASSIGNMENT (  '', '', ( #877 ) ) ;
#5430 = B_SPLINE_CURVE_WITH_KNOTS ( 'NONE', 3,
 ( #2415, #6329, #6445, #403, #1455, #2458, #5991, #3455, #2997, #6491, #1308 ),
 .UNSPECIFIED., .F., .F.,
 ( 4, 1, 1, 1, 1, 1, 1, 1, 4 ),
 ( 0.000000000000000000, 0.1017995767110253663, 0.2201597004284417958, 0.3476280565145599688, 0.4803480972350018807, 0.6145541392524830338, 0.7501523226899439178, 0.8794241792208842279, 1.000000000000000000 ),
 .UNSPECIFIED. ) ;
#5431 = CARTESIAN_POINT ( 'NONE',  ( 0.7360489443332798309, 1.025000000000000355, 0.8091909101105900781 ) ) ;
#5432 = ORIENTED_EDGE ( 'NONE', *, *, #5767, .T. ) ;
#5433 = SURFACE_SIDE_STYLE ('',( #4184 ) ) ;
#5434 = VECTOR ( 'NONE', #5906, 1000.000000000000000 ) ;
#5435 = UNCERTAINTY_MEASURE_WITH_UNIT (LENGTH_MEASURE( 1.000000000000000082E-05 ), #2667, 'distance_accuracy_value', 'NONE');
#5436 = CARTESIAN_POINT ( 'NONE',  ( -0.01818546753848115580, 1.035000000000000142, 0.7501776304870999557 ) ) ;
#5437 = CARTESIAN_POINT ( 'NONE',  ( 0.6870280247242083194, 1.034999999999999920, 1.177012512762981800 ) ) ;
#5438 = VECTOR ( 'NONE', #6407, 1000.000000000000000 ) ;
#5439 = EDGE_CURVE ( 'NONE', #37, #650, #4308, .T. ) ;
#5440 = PRESENTATION_LAYER_ASSIGNMENT (  '', '', ( #4844 ) ) ;
#5441 = ADVANCED_FACE ( 'NONE', ( #2894 ), #2962, .T. ) ;
#5442 = PRESENTATION_LAYER_ASSIGNMENT (  '', '', ( #2591 ) ) ;
#5443 = CARTESIAN_POINT ( 'NONE',  ( -0.1247984203503666734, 1.024999999999999911, 0.7708032052688811309 ) ) ;
#5444 = ORIENTED_EDGE ( 'NONE', *, *, #5522, .T. ) ;
#5445 = VERTEX_POINT ( 'NONE', #5797 ) ;
#5446 = CARTESIAN_POINT ( 'NONE',  ( -0.6331293773773475353, 1.034999999999999920, 0.8412040476659463639 ) ) ;
#5447 = CARTESIAN_POINT ( 'NONE',  ( -0.1001450165801050368, 1.025000000000000133, 1.360971408330851062 ) ) ;
#5448 = FACE_OUTER_BOUND ( 'NONE', #6125, .T. ) ;
#5449 = EDGE_CURVE ( 'NONE', #5528, #4395, #3078, .T. ) ;
#5450 = PRESENTATION_STYLE_ASSIGNMENT (( #3871 ) ) ;
#5451 = LINE ( 'NONE', #5355, #6365 ) ;
#5452 = CARTESIAN_POINT ( 'NONE',  ( -1.999999999999999556, -1.024999999999999911, -1.850000000000000977 ) ) ;
#5453 = CARTESIAN_POINT ( 'NONE',  ( 0.03559298597325188940, 1.024999999999999911, 1.245493178173427529 ) ) ;
#5454 = CARTESIAN_POINT ( 'NONE',  ( 0.3929687500000005329, 1.024999999999999911, -0.8335336538461538547 ) ) ;
#5455 = CARTESIAN_POINT ( 'NONE',  ( 0.6729821681002947642, 1.035000000000000142, 0.8804506858141276648 ) ) ;
#5456 = LINE ( 'NONE', #1524, #5078 ) ;
#5457 = CIRCLE ( 'NONE', #5795, 0.1500000000000006051 ) ;
#5458 = CARTESIAN_POINT ( 'NONE',  ( 0.6459597251254767247, 1.024999999999999911, -0.1307696941625377529 ) ) ;
#5459 = CARTESIAN_POINT ( 'NONE',  ( -0.5633607858752271991, 1.024999999999999911, 0.2980271123610587769 ) ) ;
#5460 = CARTESIAN_POINT ( 'NONE',  ( 0.4521246565727102262, 1.024999999999999911, 0.7708032052688806868 ) ) ;
#5461 = CARTESIAN_POINT ( 'NONE',  ( 0.6123197115384620970, 1.024999999999999689, -0.2848557692307692180 ) ) ;
#5462 = VERTEX_POINT ( 'NONE', #233 ) ;
#5463 = CARTESIAN_POINT ( 'NONE',  ( -0.5865384615384614531, 1.034999999999999920, 0.7500000000000002220 ) ) ;
#5464 = CARTESIAN_POINT ( 'NONE',  ( -0.06697226675015373332, 1.034999999999999920, 1.211378676326421155 ) ) ;
#5465 = DIRECTION ( 'NONE',  ( -0.000000000000000000, -1.000000000000000000, -0.000000000000000000 ) ) ;
#5466 = CARTESIAN_POINT ( 'NONE',  ( 0.5009169445973420398, 1.024999999999999911, -1.132838265016181678 ) ) ;
#5467 = VERTEX_POINT ( 'NONE', #4880 ) ;
#5468 = AXIS2_PLACEMENT_3D ( 'NONE', #1957, #4533, #2011 ) ;
#5469 = CARTESIAN_POINT ( 'NONE',  ( -0.5101630379669703785, 1.034999999999999920, 0.8562443421471487293 ) ) ;
#5470 = CARTESIAN_POINT ( 'NONE',  ( 0.5834248380300282033, 1.034999999999999920, 1.270071547984030103 ) ) ;
#5471 = CARTESIAN_POINT ( 'NONE',  ( 0.01307091346153835265, 1.034999999999999920, 1.264723557692308153 ) ) ;
#5472 = CARTESIAN_POINT ( 'NONE',  ( -0.07662259615384627021, 1.024999999999999911, 1.219501201923077538 ) ) ;
#5473 = ORIENTED_EDGE ( 'NONE', *, *, #337, .F. ) ;
#5474 = DIRECTION ( 'NONE',  ( -1.000000000000000000, 0.000000000000000000, 0.000000000000000000 ) ) ;
#5475 = ORIENTED_EDGE ( 'NONE', *, *, #4170, .T. ) ;
#5476 = CARTESIAN_POINT ( 'NONE',  ( -0.6531636197334607097, 1.025000000000000133, -0.5620760748862947409 ) ) ;
#5477 = PRESENTATION_LAYER_ASSIGNMENT (  '', '', ( #1262 ) ) ;
#5478 = SURFACE_SIDE_STYLE ('',( #649 ) ) ;
#5479 = CARTESIAN_POINT ( 'NONE',  ( -0.7642343878807488222, 1.024999999999999911, -0.04998063394649490676 ) ) ;
#5480 = EDGE_LOOP ( 'NONE', ( #668, #3968, #510, #5857 ) ) ;
#5481 = DIRECTION ( 'NONE',  ( 1.000000000000000000, 0.000000000000000000, 0.000000000000000000 ) ) ;
#5482 = CARTESIAN_POINT ( 'NONE',  ( 1.999999999999999112, 1.024999999999999911, -1.850000000000000977 ) ) ;
#5483 = CARTESIAN_POINT ( 'NONE',  ( 0.3403532860644428726, 1.024999999999999689, -0.07696020405434063349 ) ) ;
#5484 = UNCERTAINTY_MEASURE_WITH_UNIT (LENGTH_MEASURE( 1.000000000000000082E-05 ), #2858, 'distance_accuracy_value', 'NONE');
#5485 = CARTESIAN_POINT ( 'NONE',  ( 0.1062076452984871827, 1.034999999999999698, 0.7728591684128819361 ) ) ;
#5486 = EDGE_CURVE ( 'NONE', #4693, #6203, #3909, .T. ) ;
#5487 = APPLICATION_CONTEXT ( 'automotive_design' ) ;
#5488 = CARTESIAN_POINT ( 'NONE',  ( -0.2546906624815021281, 1.024999999999999911, 1.449348915395679116 ) ) ;
#5489 =( NAMED_UNIT ( * ) SI_UNIT ( $, .STERADIAN. ) SOLID_ANGLE_UNIT ( ) );
#5490 = CARTESIAN_POINT ( 'NONE',  ( 0.5928747511549730120, 1.034999999999999698, 0.7504378068874770769 ) ) ;
#5491 = LINE ( 'NONE', #3250, #4227 ) ;
#5492 = CARTESIAN_POINT ( 'NONE',  ( -0.5704213158161256514, 1.024999999999999689, 1.270071547984030103 ) ) ;
#5493 = FILL_AREA_STYLE ('',( #3418 ) ) ;
#5494 = FILL_AREA_STYLE_COLOUR ( '', #6266 ) ;
#5495 = CARTESIAN_POINT ( 'NONE',  ( 0.3501566273940918683, 1.024999999999999911, -0.7995306153542193206 ) ) ;
#5496 = FILL_AREA_STYLE_COLOUR ( '', #5623 ) ;
#5497 = ORIENTED_EDGE ( 'NONE', *, *, #4216, .T. ) ;
#5498 = CARTESIAN_POINT ( 'NONE',  ( 0.6123197115384620970, 1.024999999999999689, -0.2848557692307692180 ) ) ;
#5499 =( GEOMETRIC_REPRESENTATION_CONTEXT ( 3 ) GLOBAL_UNCERTAINTY_ASSIGNED_CONTEXT ( ( #199 ) ) GLOBAL_UNIT_ASSIGNED_CONTEXT ( ( #1614, #2620, #2116 ) ) REPRESENTATION_CONTEXT ( 'NONE', 'WORKASPACE' ) );
#5500 = VECTOR ( 'NONE', #1076, 1000.000000000000000 ) ;
#5501 =( LENGTH_UNIT ( ) NAMED_UNIT ( * ) SI_UNIT ( .MILLI., .METRE. ) );
#5502 = COLOUR_RGB ( '',1.000000000000000000, 1.000000000000000000, 1.000000000000000000 ) ;
#5503 = CARTESIAN_POINT ( 'NONE',  ( 0.06676003895610660432, 1.024999999999999689, 0.8562443421471487293 ) ) ;
#5504 = CARTESIAN_POINT ( 'NONE',  ( 0.4230769230769230171, 1.034999999999999920, 0.9711538461538463674 ) ) ;
#5505 = CARTESIAN_POINT ( 'NONE',  ( -0.07117166630517686443, 1.034999999999999920, 0.1451154953134258796 ) ) ;
#5506 = CARTESIAN_POINT ( 'NONE',  ( -0.4522323041211668282, 1.025000000000000133, 0.9454479468394777486 ) ) ;
#5507 = CARTESIAN_POINT ( 'NONE',  ( 0.2621031612083700724, 1.025000000000000133, -0.02505928498801309953 ) ) ;
#5508 = B_SPLINE_CURVE_WITH_KNOTS ( 'NONE', 3,
 ( #1983, #5009, #1955, #932, #4042, #2476, #1499, #4553, #2966, #2503, #6036, #6529, #3040, #5568, #1520 ),
 .UNSPECIFIED., .F., .F.,
 ( 4, 1, 1, 1, 1, 1, 1, 1, 1, 1, 1, 1, 4 ),
 ( 0.000000000000000000, 0.1003881431397105894, 0.2044067930373087150, 0.3106860830942074214, 0.4221572938827999333, 0.4806854607703736071, 0.5432381544526684314, 0.6094995045645642540, 0.6795546087742240227, 0.7538412220511749862, 0.8316406764893861103, 0.9138127068095904804, 1.000000000000000000 ),
 .UNSPECIFIED. ) ;
#5509 = CARTESIAN_POINT ( 'NONE',  ( -0.2356423811577771921, 1.025000000000000355, 0.8912785242938495722 ) ) ;
#5510 = CARTESIAN_POINT ( 'NONE',  ( 0.3025240384615390798, 1.034999999999999920, -0.7884615384615384359 ) ) ;
#5511 = CARTESIAN_POINT ( 'NONE',  ( 0.2156684110218179407, 1.034999999999999920, -0.8695632752520079389 ) ) ;
#5512 =( NAMED_UNIT ( * ) SI_UNIT ( $, .STERADIAN. ) SOLID_ANGLE_UNIT ( ) );
#5513 = FILL_AREA_STYLE_COLOUR ( '', #214 ) ;
#5514 = CARTESIAN_POINT ( 'NONE',  ( -0.6312080182447957766, 1.034999999999999920, 1.320496778789089554 ) ) ;
#5515 = CARTESIAN_POINT ( 'NONE',  ( 0.006501761106951204836, 1.034999999999999920, 1.270071547984030325 ) ) ;
#5516 = CARTESIAN_POINT ( 'NONE',  ( 0.1245099311484084564, 1.035000000000000142, 1.162661105553342678 ) ) ;
#5517 = DIRECTION ( 'NONE',  ( -0.000000000000000000, -1.000000000000000000, -0.000000000000000000 ) ) ;
#5518 = VERTEX_POINT ( 'NONE', #4753 ) ;
#5519 = STYLED_ITEM ( 'NONE', ( #3751 ), #3100 ) ;
#5520 = COLOUR_RGB ( '',1.000000000000000000, 1.000000000000000000, 1.000000000000000000 ) ;
#5521 = CARTESIAN_POINT ( 'NONE',  ( 0.09428627689420837621, 1.024999999999999911, 1.192704292644374720 ) ) ;
#5522 = EDGE_CURVE ( 'NONE', #2068, #2666, #3698, .T. ) ;
#5523 = CARTESIAN_POINT ( 'NONE',  ( -0.3461538461538462008, 1.024999999999999911, 1.500000000000000222 ) ) ;
#5524 = SURFACE_STYLE_USAGE ( .BOTH. , #6486 ) ;
#5525 = CARTESIAN_POINT ( 'NONE',  ( -0.6849205315284643270, 1.035000000000000364, 0.1946866269890298318 ) ) ;
#5526 = PRESENTATION_LAYER_ASSIGNMENT (  '', '', ( #3819 ) ) ;
#5527 = CARTESIAN_POINT ( 'NONE',  ( 0.5587376093845957126, 1.025000000000000133, 0.7501776304870997336 ) ) ;
#5528 = VERTEX_POINT ( 'NONE', #1338 ) ;
#5529 = CARTESIAN_POINT ( 'NONE',  ( -0.4808639857458591460, 1.024999999999999911, 0.8804506858141276648 ) ) ;
#5530 = CARTESIAN_POINT ( 'NONE',  ( -0.4504852350230372782, 1.035000000000000364, 0.1716493857199549722 ) ) ;
#5531 = VECTOR ( 'NONE', #4478, 1000.000000000000000 ) ;
#5532 = PRESENTATION_STYLE_ASSIGNMENT (( #5757 ) ) ;
#5533 = EDGE_CURVE ( 'NONE', #4379, #2447, #4388, .T. ) ;
#5534 = CARTESIAN_POINT ( 'NONE',  ( -0.06957470751496550032, 1.034999999999999920, 0.8451883045114930715 ) ) ;
#5535 = CARTESIAN_POINT ( 'NONE',  ( 0.1248956125333308687, 1.035000000000000142, 0.9621975019446509236 ) ) ;
#5536 = CARTESIAN_POINT ( 'NONE',  ( -0.5844380456911785204, 1.024999999999999911, -0.1985289288117806084 ) ) ;
#5537 = CARTESIAN_POINT ( 'NONE',  ( -0.4620233154719587954, 1.034999999999999698, 1.010118407490751657 ) ) ;
#5538 = CARTESIAN_POINT ( 'NONE',  ( -1.499999999999996891, 1.034999999999999920, -1.650000000000000799 ) ) ;
#5539 = SURFACE_STYLE_FILL_AREA ( #2162 ) ;
#5540 = SURFACE_SIDE_STYLE ('',( #3404 ) ) ;
#5541 = DIRECTION ( 'NONE',  ( 0.000000000000000000, 0.000000000000000000, -1.000000000000000000 ) ) ;
#5542 = CARTESIAN_POINT ( 'NONE',  ( 0.8493852422833564342, 1.025000000000000133, -0.3780622130387988888 ) ) ;
#5543 = CARTESIAN_POINT ( 'NONE',  ( -0.1441503111786348601, 1.034999999999999698, 1.277465502956919075 ) ) ;
#5544 = ORIENTED_EDGE ( 'NONE', *, *, #2422, .T. ) ;
#5545 = DIRECTION ( 'NONE',  ( -1.000000000000000000, -0.000000000000000000, 0.000000000000000000 ) ) ;
#5546 = CARTESIAN_POINT ( 'NONE',  ( -0.7595361534264861714, 1.035000000000000142, -0.002815824034507942268 ) ) ;
#5547 =( LENGTH_UNIT ( ) NAMED_UNIT ( * ) SI_UNIT ( .MILLI., .METRE. ) );
#5548 = CARTESIAN_POINT ( 'NONE',  ( 0.1249999999999998890, 1.034999999999999920, 0.9579326923076927347 ) ) ;
#5549 = CARTESIAN_POINT ( 'NONE',  ( 0.4468931764755779690, 1.024999999999999245, 1.395641797569606934 ) ) ;
#5550 = DIRECTION ( 'NONE',  ( 0.000000000000000000, 0.000000000000000000, -1.000000000000000000 ) ) ;
#5551 = ORIENTED_EDGE ( 'NONE', *, *, #4422, .T. ) ;
#5552 = CARTESIAN_POINT ( 'NONE',  ( -0.1239584053553315218, 1.024999999999999245, 0.8814623108698971254 ) ) ;
#5553 = CARTESIAN_POINT ( 'NONE',  ( 0.3501566273940918683, 1.034999999999999920, -0.7995306153542193206 ) ) ;
#5554 = SURFACE_SIDE_STYLE ('',( #5002 ) ) ;
#5555 = CARTESIAN_POINT ( 'NONE',  ( -0.5751048536003156020, 1.035000000000000142, 1.150978442549882574 ) ) ;
#5556 = B_SPLINE_CURVE_WITH_KNOTS ( 'NONE', 3,
 ( #6383, #2895, #917, #6405, #3389, #2950, #340 ),
 .UNSPECIFIED., .F., .F.,
 ( 4, 1, 1, 1, 4 ),
 ( 0.000000000000000000, 0.2343467883413798969, 0.4973277816769109960, 0.7593319102577504864, 1.000000000000000000 ),
 .UNSPECIFIED. ) ;
#5557 = B_SPLINE_CURVE_WITH_KNOTS ( 'NONE', 3,
 ( #470, #6532, #4022, #5082, #6088, #3085, #4535 ),
 .UNSPECIFIED., .F., .F.,
 ( 4, 1, 1, 1, 4 ),
 ( 0.000000000000000000, 0.2526433275832366543, 0.5044398525799862476, 0.7504068042814560080, 1.000000000000000000 ),
 .UNSPECIFIED. ) ;
#5558 = EDGE_CURVE ( 'NONE', #2467, #3534, #2309, .T. ) ;
#5559 = ORIENTED_EDGE ( 'NONE', *, *, #2172, .F. ) ;
#5560 = MECHANICAL_DESIGN_GEOMETRIC_PRESENTATION_REPRESENTATION (  '', ( #5257 ), #2365 ) ;
#5561 = CARTESIAN_POINT ( 'NONE',  ( -0.6634831881607404780, 1.034999999999999920, 1.348635032081523466 ) ) ;
#5562 = CARTESIAN_POINT ( 'NONE',  ( -0.08656011123766355064, 1.025000000000000133, 1.348635032081523910 ) ) ;
#5563 = CARTESIAN_POINT ( 'NONE',  ( 0.7850000000000001421, -1.075000000000000178, 1.625000000000000000 ) ) ;
#5564 = CARTESIAN_POINT ( 'NONE',  ( -0.4668181291219452578, 1.034999999999999920, 1.177012512762981800 ) ) ;
#5565 = ORIENTED_EDGE ( 'NONE', *, *, #5335, .T. ) ;
#5566 = CARTESIAN_POINT ( 'NONE',  ( 0.7705333753552847664, 1.025000000000000133, -0.2472424698005582233 ) ) ;
#5567 = PRESENTATION_LAYER_ASSIGNMENT (  '', '', ( #6300 ) ) ;
#5568 = CARTESIAN_POINT ( 'NONE',  ( 0.4940187244218740004, 1.024999999999999911, 1.224482152663802781 ) ) ;
#5569 = CARTESIAN_POINT ( 'NONE',  ( -0.7210733881017117319, 1.034999999999999920, 1.277465502956919075 ) ) ;
#5570 = FILL_AREA_STYLE_COLOUR ( '', #4098 ) ;
#5571 =( NAMED_UNIT ( * ) PLANE_ANGLE_UNIT ( ) SI_UNIT ( $, .RADIAN. ) );
#5572 = DIRECTION ( 'NONE',  ( -0.9950371902099891530, 0.000000000000000000, -0.09950371902099880428 ) ) ;
#5573 = EDGE_CURVE ( 'NONE', #5936, #2473, #2828, .T. ) ;
#5574 = EDGE_LOOP ( 'NONE', ( #3123, #5333, #602, #3199 ) ) ;
#5575 = CARTESIAN_POINT ( 'NONE',  ( -0.1385919756317040841, 1.024999999999999245, 0.9028740862858287697 ) ) ;
#5576 = CARTESIAN_POINT ( 'NONE',  ( 0.6994978286229907027, 1.034999999999999920, 0.9837818860903952967 ) ) ;
#5577 =( LENGTH_UNIT ( ) NAMED_UNIT ( * ) SI_UNIT ( .MILLI., .METRE. ) );
#5578 = SURFACE_STYLE_USAGE ( .BOTH. , #477 ) ;
#5579 = ORIENTED_EDGE ( 'NONE', *, *, #607, .T. ) ;
#5580 = SURFACE_STYLE_FILL_AREA ( #4834 ) ;
#5581 = DIRECTION ( 'NONE',  ( -1.000000000000000000, 0.000000000000000000, 0.000000000000000000 ) ) ;
#5582 = CARTESIAN_POINT ( 'NONE',  ( -0.5951085444615579201, 1.034999999999999920, 0.7501776304870996226 ) ) ;
#5583 = SURFACE_STYLE_FILL_AREA ( #1995 ) ;
#5584 = CARTESIAN_POINT ( 'NONE',  ( 0.8163176086182266644, 1.024999999999999911, -0.3039265020748548873 ) ) ;
#5585 = CARTESIAN_POINT ( 'NONE',  ( 0.1246907728019100853, 1.024999999999999911, 0.9454479468394777486 ) ) ;
#5586 = FILL_AREA_STYLE ('',( #2052 ) ) ;
#5587 = ORIENTED_EDGE ( 'NONE', *, *, #478, .F. ) ;
#5588 = CARTESIAN_POINT ( 'NONE',  ( -0.7210733881017117319, 1.024999999999999911, 1.277465502956919075 ) ) ;
#5589 =( LENGTH_UNIT ( ) NAMED_UNIT ( * ) SI_UNIT ( .MILLI., .METRE. ) );
#5590 = CARTESIAN_POINT ( 'NONE',  ( -0.4541756941978427053, 1.024999999999999911, 0.9333452975440974519 ) ) ;
#5591 = CARTESIAN_POINT ( 'NONE',  ( -1.604999999999999982, -1.024999999999999911, -1.625000000000000000 ) ) ;
#5592 = VECTOR ( 'NONE', #51, 1000.000000000000000 ) ;
#5593 = B_SPLINE_CURVE_WITH_KNOTS ( 'NONE', 3,
 ( #954, #1039, #4594, #2522, #3102, #975, #6527, #4506, #3557, #5029, #1495, #5052, #465, #5521, #2472, #506, #6006, #3015, #4039 ),
 .UNSPECIFIED., .F., .F.,
 ( 4, 1, 1, 1, 1, 1, 1, 1, 1, 1, 1, 1, 1, 1, 1, 1, 4 ),
 ( 0.000000000000000000, 0.05794487546232533065, 0.1160176254256832240, 0.1748257843638406361, 0.2346830900793710206, 0.2968270303289147760, 0.3640613359637882573, 0.4361924240497391247, 0.5142601195414410187, 0.5569758971654885649, 0.6048559283836539846, 0.6576752010734879805, 0.7157505846619325318, 0.7788397991664557374, 0.8475011894738632146, 0.9212282309463240004, 1.000000000000000000 ),
 .UNSPECIFIED. ) ;
#5594 = ORIENTED_EDGE ( 'NONE', *, *, #6431, .T. ) ;
#5595 = CARTESIAN_POINT ( 'NONE',  ( -0.1538461538461539935, 1.034999999999999920, 0.9711538461538465894 ) ) ;
#5596 = CARTESIAN_POINT ( 'NONE',  ( 0.003478855374109763882, 1.034999999999999920, -1.027473186548486295 ) ) ;
#5597 = CARTESIAN_POINT ( 'NONE',  ( 0.2162151556468711877, 1.034999999999999920, -0.8579314103036175254 ) ) ;
#5598 = CARTESIAN_POINT ( 'NONE',  ( -0.5349638473838986830, 1.034999999999999698, 1.111914594161550918 ) ) ;
#5599 = MECHANICAL_DESIGN_GEOMETRIC_PRESENTATION_REPRESENTATION (  '', ( #166 ), #5787 ) ;
#5600 = ORIENTED_EDGE ( 'NONE', *, *, #1592, .F. ) ;
#5601 = UNCERTAINTY_MEASURE_WITH_UNIT (LENGTH_MEASURE( 1.000000000000000082E-05 ), #350, 'distance_accuracy_value', 'NONE');
#5602 = FILL_AREA_STYLE ('',( #5570 ) ) ;
#5603 =( LENGTH_UNIT ( ) NAMED_UNIT ( * ) SI_UNIT ( .MILLI., .METRE. ) );
#5604 = DIRECTION ( 'NONE',  ( -1.106079984094548093E-13, 1.000000000000000000, 1.943139555992545864E-16 ) ) ;
#5605 = CARTESIAN_POINT ( 'NONE',  ( -0.8259392864795586098, 1.034999999999999920, 0.9531584188986651496 ) ) ;
#5606 = ADVANCED_FACE ( 'NONE', ( #2482 ), #5200, .T. ) ;
#5607 = STYLED_ITEM ( 'NONE', ( #2361 ), #3419 ) ;
#5608 = CARTESIAN_POINT ( 'NONE',  ( 0.5107572115384620970, 1.025000000000000133, -0.02223557692307692041 ) ) ;
#5609 = SURFACE_STYLE_FILL_AREA ( #3029 ) ;
#5610 = CARTESIAN_POINT ( 'NONE',  ( -0.1581832929396715381, 1.034999999999999920, 1.291137545940029163 ) ) ;
#5611 = CARTESIAN_POINT ( 'NONE',  ( 0.8076923076923077094, 1.034999999999999920, 1.500000000000000222 ) ) ;
#5612 = CARTESIAN_POINT ( 'NONE',  ( 0.002947209758249406085, 1.024999999999999689, 0.8368940373264450727 ) ) ;
#5613 = CARTESIAN_POINT ( 'NONE',  ( 0.7016076046600554506, 1.024999999999999689, 0.9708214919927355968 ) ) ;
#5614 = CARTESIAN_POINT ( 'NONE',  ( -0.5938550817833943007, 1.024999999999999689, 0.8366581879303759406 ) ) ;
#5615 = PLANE ( 'NONE',  #512 ) ;
#5616 = CARTESIAN_POINT ( 'NONE',  ( -0.4032695772768110087, 1.024999999999999911, 0.8244472621065873641 ) ) ;
#5617 = CARTESIAN_POINT ( 'NONE',  ( -0.5938550817833943007, 1.034999999999999698, 0.8366581879303759406 ) ) ;
#5618 = CARTESIAN_POINT ( 'NONE',  ( 0.2009946833897158780, 1.035000000000000142, 0.1830551119440699814 ) ) ;
#5619 = CARTESIAN_POINT ( 'NONE',  ( -0.3563898423674587979, 1.025000000000000355, 0.9793131793324549861 ) ) ;
#5620 = CARTESIAN_POINT ( 'NONE',  ( 0.5673076923076922906, 1.034999999999999920, 0.7500000000000002220 ) ) ;
#5621 = CARTESIAN_POINT ( 'NONE',  ( 0.4943847406355347252, 1.034999999999999920, 0.7572851291288786868 ) ) ;
#5622 = ORIENTED_EDGE ( 'NONE', *, *, #1456, .T. ) ;
#5623 = COLOUR_RGB ( '',1.000000000000000000, 1.000000000000000000, 1.000000000000000000 ) ;
#5624 = CARTESIAN_POINT ( 'NONE',  ( 0.1903382224432993153, 1.034999999999999698, -1.260782450121067821 ) ) ;
#5625 = CARTESIAN_POINT ( 'NONE',  ( -0.1001450165801050368, 1.025000000000000133, 1.360971408330851062 ) ) ;
#5626 = DIRECTION ( 'NONE',  ( -0.000000000000000000, -1.000000000000000000, -0.000000000000000000 ) ) ;
#5627 = CARTESIAN_POINT ( 'NONE',  ( -0.8045570349474158167, 1.034999999999999920, 0.8706527266382477759 ) ) ;
#5628 = ORIENTED_EDGE ( 'NONE', *, *, #6343, .F. ) ;
#5629 = PRESENTATION_LAYER_ASSIGNMENT (  '', '', ( #2777 ) ) ;
#5630 = CARTESIAN_POINT ( 'NONE',  ( 0.2826923076923082423, 1.025000000000000133, -0.9798677884615384359 ) ) ;
#5631 = SURFACE_SIDE_STYLE ('',( #991 ) ) ;
#5632 =( NAMED_UNIT ( * ) PLANE_ANGLE_UNIT ( ) SI_UNIT ( $, .RADIAN. ) );
#5633 = CARTESIAN_POINT ( 'NONE',  ( -0.8232904239370620880, 1.034999999999999920, 1.424506378665185924 ) ) ;
#5634 = CARTESIAN_POINT ( 'NONE',  ( 0.6352748099598589659, 1.024999999999999911, 1.094640769511485479 ) ) ;
#5635 = ORIENTED_EDGE ( 'NONE', *, *, #1445, .F. ) ;
#5636 = CARTESIAN_POINT ( 'NONE',  ( -0.6331293773773475353, 1.024999999999999911, 0.8412040476659463639 ) ) ;
#5637 = FILL_AREA_STYLE ('',( #4181 ) ) ;
#5638 = CARTESIAN_POINT ( 'NONE',  ( -0.8125654580808538974, 1.024999999999999689, 0.8912785242938491281 ) ) ;
#5639 = ORIENTED_EDGE ( 'NONE', *, *, #3008, .F. ) ;
#5640 = CARTESIAN_POINT ( 'NONE',  ( -0.2415561252545030124, 1.024999999999999689, 0.1873539520022203253 ) ) ;
#5641 = B_SPLINE_CURVE_WITH_KNOTS ( 'NONE', 3,
 ( #5608, #2005, #637, #3629, #5157, #571, #1630, #4688, #4128, #4637, #2151, #1429, #2883, #4932, #5982 ),
 .UNSPECIFIED., .F., .F.,
 ( 4, 1, 1, 1, 1, 1, 1, 1, 1, 1, 1, 1, 4 ),
 ( 0.000000000000000000, 0.1318370034776482902, 0.2654279718549516498, 0.3981764695722172509, 0.5276235755538550842, 0.5908330824838330386, 0.6531078999939821106, 0.7143051940854342474, 0.7745186265763558398, 0.8332069383880363889, 0.8902383150910625487, 0.9457341290753531471, 1.000000000000000000 ),
 .UNSPECIFIED. ) ;
#5642 = CARTESIAN_POINT ( 'NONE',  ( 0.7637620192307699174, 1.035000000000000142, -0.2397836538461539380 ) ) ;
#5643 = CARTESIAN_POINT ( 'NONE',  ( -0.09784746123551664454, 1.024999999999999911, -0.9666695307625216005 ) ) ;
#5644 = CARTESIAN_POINT ( 'NONE',  ( 0.4943847406355347252, 1.024999999999999911, 0.7572851291288786868 ) ) ;
#5645 = ORIENTED_EDGE ( 'NONE', *, *, #2719, .T. ) ;
#5646 = CARTESIAN_POINT ( 'NONE',  ( -1.850000000000000089, 1.024999999999999911, -1.850000000000000977 ) ) ;
#5647 =( GEOMETRIC_REPRESENTATION_CONTEXT ( 3 ) GLOBAL_UNCERTAINTY_ASSIGNED_CONTEXT ( ( #789 ) ) GLOBAL_UNIT_ASSIGNED_CONTEXT ( ( #4601, #5571, #1568 ) ) REPRESENTATION_CONTEXT ( 'NONE', 'WORKASPACE' ) );
#5648 = PRESENTATION_LAYER_ASSIGNMENT (  '', '', ( #5519 ) ) ;
#5649 = PRESENTATION_LAYER_ASSIGNMENT (  '', '', ( #329 ) ) ;
#5650 = SURFACE_STYLE_USAGE ( .BOTH. , #2085 ) ;
#5651 = FILL_AREA_STYLE_COLOUR ( '', #1245 ) ;
#5652 = SURFACE_STYLE_FILL_AREA ( #2785 ) ;
#5653 = CARTESIAN_POINT ( 'NONE',  ( 0.04195922953917772397, 1.034999999999999920, 1.111914594161551140 ) ) ;
#5654 = CARTESIAN_POINT ( 'NONE',  ( -0.3951346843693947508, 1.034999999999999920, 1.090131206510948969 ) ) ;
#5655 = CARTESIAN_POINT ( 'NONE',  ( -0.3336405278139464303, 1.025000000000000355, -0.7476885298322695217 ) ) ;
#5656 = DIRECTION ( 'NONE',  ( 0.000000000000000000, -0.000000000000000000, 1.000000000000000000 ) ) ;
#5657 = EDGE_CURVE ( 'NONE', #3043, #2758, #657, .T. ) ;
#5658 =( GEOMETRIC_REPRESENTATION_CONTEXT ( 3 ) GLOBAL_UNCERTAINTY_ASSIGNED_CONTEXT ( ( #4959 ) ) GLOBAL_UNIT_ASSIGNED_CONTEXT ( ( #1261, #2274, #2772 ) ) REPRESENTATION_CONTEXT ( 'NONE', 'WORKASPACE' ) );
#5659 = CARTESIAN_POINT ( 'NONE',  ( 0.4947857505198550165, 1.035000000000000586, 0.8502074897336966419 ) ) ;
#5660 = CARTESIAN_POINT ( 'NONE',  ( 0.6791238268427108871, 1.024999999999999689, 1.036833623450326591 ) ) ;
#5661 = CARTESIAN_POINT ( 'NONE',  ( -0.4973557692307689071, 1.025000000000000133, -0.8061899038461539657 ) ) ;
#5662 = CARTESIAN_POINT ( 'NONE',  ( 0.06676003895610660432, 1.034999999999999920, 0.8562443421471487293 ) ) ;
#5663 = EDGE_CURVE ( 'NONE', #3794, #3793, #324, .T. ) ;
#5664 = CARTESIAN_POINT ( 'NONE',  ( 0.4148695579704183012, 1.034999999999999920, -0.1300981908182175240 ) ) ;
#5665 = EDGE_LOOP ( 'NONE', ( #2036, #2408, #2114, #5097, #4053, #5179, #516, #6212, #3362, #3991, #3084, #2218, #5856 ) ) ;
#5666 = LINE ( 'NONE', #1779, #5732 ) ;
#5667 = CARTESIAN_POINT ( 'NONE',  ( 0.1946089425212500224, 1.025000000000000133, -1.106241961477663294 ) ) ;
#5668 = CARTESIAN_POINT ( 'NONE',  ( 0.4521246565727102262, 1.034999999999999920, 0.7708032052688806868 ) ) ;
#5669 = CARTESIAN_POINT ( 'NONE',  ( 0.8243678017637242617, 1.035000000000000142, -0.4501949696066830375 ) ) ;
#5670 = ORIENTED_EDGE ( 'NONE', *, *, #1728, .T. ) ;
#5671 = CARTESIAN_POINT ( 'NONE',  ( 0.1200420278956285391, 1.024999999999999689, 0.9216901571185678321 ) ) ;
#5672 = CARTESIAN_POINT ( 'NONE',  ( -0.1179670287050066380, 1.034999999999999920, -1.132745265255430844 ) ) ;
#5673 = CARTESIAN_POINT ( 'NONE',  ( -0.4817377446529020890, 1.024999999999999911, 0.3293958269302679764 ) ) ;
#5674 = CARTESIAN_POINT ( 'NONE',  ( 0.05835173303678203860, 1.024999999999999911, 1.094640769511485701 ) ) ;
#5675 = CARTESIAN_POINT ( 'NONE',  ( 0.6712093538172856366, 1.034999999999999920, 1.192704292644374720 ) ) ;
#5676 = ORIENTED_EDGE ( 'NONE', *, *, #3488, .T. ) ;
#5677 = SURFACE_STYLE_FILL_AREA ( #2287 ) ;
#5678 = CARTESIAN_POINT ( 'NONE',  ( 0.5230769230769236611, 1.024999999999999689, -1.066406250000000000 ) ) ;
#5679 = CARTESIAN_POINT ( 'NONE',  ( 0.4215144230769235500, 1.024999999999999911, -1.232271634615384581 ) ) ;
#5680 = CARTESIAN_POINT ( 'NONE',  ( -0.7654117154578047311, 1.024999999999999689, -0.1138913059815343520 ) ) ;
#5681 = CARTESIAN_POINT ( 'NONE',  ( 0.2571514423076928235, 1.034999999999999920, -1.269230769230769162 ) ) ;
#5682 = CARTESIAN_POINT ( 'NONE',  ( 2.000000000000000444, 1.024999999999999911, 1.849999999999999423 ) ) ;
#5683 = CARTESIAN_POINT ( 'NONE',  ( -0.07117166630517686443, 1.024999999999999689, 0.1451154953134258796 ) ) ;
#5684 = CARTESIAN_POINT ( 'NONE',  ( 0.4111907834322256483, 1.035000000000000142, 0.05169397258592269701 ) ) ;
#5685 = DIRECTION ( 'NONE',  ( -0.000000000000000000, -1.000000000000000000, -0.000000000000000000 ) ) ;
#5686 = CARTESIAN_POINT ( 'NONE',  ( 0.4329612670175467803, 1.034999999999999920, 0.7800866347188735173 ) ) ;
#5687 = ORIENTED_EDGE ( 'NONE', *, *, #947, .F. ) ;
#5688 =( LENGTH_UNIT ( ) NAMED_UNIT ( * ) SI_UNIT ( .MILLI., .METRE. ) );
#5689 = CARTESIAN_POINT ( 'NONE',  ( 0.4777149341076136757, 1.034999999999999920, 0.002298804109529391411 ) ) ;
#5690 = UNCERTAINTY_MEASURE_WITH_UNIT (LENGTH_MEASURE( 1.000000000000000082E-05 ), #3920, 'distance_accuracy_value', 'NONE');
#5691 = LINE ( 'NONE', #5148, #1963 ) ;
#5692 = CARTESIAN_POINT ( 'NONE',  ( -0.5433698671232168875, 1.034999999999999920, -0.3657578123004284198 ) ) ;
#5693 = CARTESIAN_POINT ( 'NONE',  ( 0.1140217717651568069, 1.034999999999999698, -1.079663485806535261 ) ) ;
#5694 = CARTESIAN_POINT ( 'NONE',  ( 0.2155848171870991814, 1.025000000000000355, -0.8781255115052709614 ) ) ;
#5695 = PRESENTATION_LAYER_ASSIGNMENT (  '', '', ( #4687 ) ) ;
#5696 = DIRECTION ( 'NONE',  ( -0.9950371902099891530, 0.000000000000000000, -0.09950371902099880428 ) ) ;
#5697 = EDGE_CURVE ( 'NONE', #4476, #7, #4729, .T. ) ;
#5698 = LINE ( 'NONE', #5907, #686 ) ;
#5699 = CARTESIAN_POINT ( 'NONE',  ( -0.8036850919095607226, 1.035000000000000142, 1.380799805016254655 ) ) ;
#5700 = CARTESIAN_POINT ( 'NONE',  ( -0.6918213401987398647, 1.024999999999999911, 0.8721003435082629318 ) ) ;
#5701 = DIRECTION ( 'NONE',  ( 0.000000000000000000, 0.000000000000000000, -1.000000000000000000 ) ) ;
#5702 = CARTESIAN_POINT ( 'NONE',  ( 0.2769830466595592511, 1.034999999999999698, -0.9742509001420098791 ) ) ;
#5703 = EDGE_CURVE ( 'NONE', #4534, #4499, #5556, .T. ) ;
#5704 = CARTESIAN_POINT ( 'NONE',  ( -0.7302429383487287762, 1.034999999999999698, 0.9560362824859588438 ) ) ;
#5705 = CARTESIAN_POINT ( 'NONE',  ( 0.4777149341076136757, 1.024999999999999689, 0.002298804109529391411 ) ) ;
#5706 = FILL_AREA_STYLE_COLOUR ( '', #941 ) ;
#5707 = CARTESIAN_POINT ( 'NONE',  ( -0.01681074385713555303, 1.035000000000000142, 0.2822056425516642486 ) ) ;
#5708 = ORIENTED_EDGE ( 'NONE', *, *, #4776, .F. ) ;
#5709 = CARTESIAN_POINT ( 'NONE',  ( -0.3641093951549729812, 1.025000000000000133, 0.8949845457384372205 ) ) ;
#5710 = CARTESIAN_POINT ( 'NONE',  ( 0.05835173303678203860, 1.034999999999999920, 1.094640769511485701 ) ) ;
#5711 = CARTESIAN_POINT ( 'NONE',  ( 0.2521919065189246467, 1.034999999999999920, -0.9469047407815436301 ) ) ;
#5712 = EDGE_LOOP ( 'NONE', ( #6282, #5676, #78, #268, #1220, #1966, #1686, #3423, #1114, #749, #4845, #862, #5769, #1641, #4528, #559, #3825, #2395, #4403, #1194, #2700, #2042 ) ) ;
#5713 = VERTEX_POINT ( 'NONE', #4468 ) ;
#5714 = CARTESIAN_POINT ( 'NONE',  ( 0.8493852422833564342, 1.035000000000000142, -0.3780622130387988888 ) ) ;
#5715 = CARTESIAN_POINT ( 'NONE',  ( -0.6535456730769231282, 1.034999999999999920, 1.219501201923077316 ) ) ;
#5716 = CARTESIAN_POINT ( 'NONE',  ( -0.5751048536003156020, 1.025000000000000133, 1.150978442549882574 ) ) ;
#5717 = EDGE_CURVE ( 'NONE', #1562, #5136, #1534, .T. ) ;
#5718 = CARTESIAN_POINT ( 'NONE',  ( 0.03068762072057684698, 1.034999999999999920, 0.8412721904612346924 ) ) ;
#5719 = CARTESIAN_POINT ( 'NONE',  ( 0.4408052884615384359, 1.024999999999999911, 1.403846153846154188 ) ) ;
#5720 = AXIS2_PLACEMENT_3D ( 'NONE', #792, #2949, #6447 ) ;
#5721 = UNCERTAINTY_MEASURE_WITH_UNIT (LENGTH_MEASURE( 1.000000000000000082E-05 ), #5819, 'distance_accuracy_value', 'NONE');
#5722 = VERTEX_POINT ( 'NONE', #4494 ) ;
#5723 = MECHANICAL_DESIGN_GEOMETRIC_PRESENTATION_REPRESENTATION (  '', ( #2876 ), #246 ) ;
#5724 = CARTESIAN_POINT ( 'NONE',  ( -0.07081068470351595256, 1.035000000000000142, 0.3014995578893299166 ) ) ;
#5725 = CARTESIAN_POINT ( 'NONE',  ( 0.09428627689420837621, 1.034999999999999920, 1.192704292644374720 ) ) ;
#5726 = PRESENTATION_STYLE_ASSIGNMENT (( #4673 ) ) ;
#5727 = STYLED_ITEM ( 'NONE', ( #1405 ), #4371 ) ;
#5728 = CARTESIAN_POINT ( 'NONE',  ( -0.1148982632756631039, 1.035000000000000142, 0.8721003435082631539 ) ) ;
#5729 = ORIENTED_EDGE ( 'NONE', *, *, #745, .F. ) ;
#5730 = CARTESIAN_POINT ( 'NONE',  ( 0.1148997614511178683, 1.024999999999999689, 1.010118407490752102 ) ) ;
#5731 = CARTESIAN_POINT ( 'NONE',  ( 0.2160440078270891850, 1.034999999999999698, -0.8839159174884698711 ) ) ;
#5732 = VECTOR ( 'NONE', #767, 1000.000000000000000 ) ;
#5733 = CARTESIAN_POINT ( 'NONE',  ( 0.7126393670829229698, 1.035000000000000142, -0.3732416529636379821 ) ) ;
#5734 = EDGE_CURVE ( 'NONE', #120, #4141, #129, .T. ) ;
#5735 = CARTESIAN_POINT ( 'NONE',  ( -0.5044750564292153072, 1.025000000000000133, 1.078940445635440559 ) ) ;
#5736 = ADVANCED_FACE ( 'NONE', ( #2396 ), #864, .T. ) ;
#5737 = CARTESIAN_POINT ( 'NONE',  ( 0.5073483694081114548, 1.024999999999999689, 0.8451883045114928494 ) ) ;
#5738 =( LENGTH_UNIT ( ) NAMED_UNIT ( * ) SI_UNIT ( .MILLI., .METRE. ) );
#5739 = ORIENTED_EDGE ( 'NONE', *, *, #1964, .F. ) ;
#5740 = VECTOR ( 'NONE', #1794, 1000.000000000000000 ) ;
#5741 = CARTESIAN_POINT ( 'NONE',  ( -0.5561810472403306838, 1.024999999999999689, 1.258173606474872086 ) ) ;
#5742 = AXIS2_PLACEMENT_3D ( 'NONE', #1248, #3842, #2975 ) ;
#5743 = CARTESIAN_POINT ( 'NONE',  ( -0.4339081234163183476, 1.034999999999999920, 0.7952156366747696881 ) ) ;
#5744 = SURFACE_SIDE_STYLE ('',( #4412 ) ) ;
#5745 = ORIENTED_EDGE ( 'NONE', *, *, #2014, .F. ) ;
#5746 = LINE ( 'NONE', #1900, #1722 ) ;
#5747 = AXIS2_PLACEMENT_3D ( 'NONE', #5111, #542, #2608 ) ;
#5748 = B_SPLINE_CURVE_WITH_KNOTS ( 'NONE', 3,
 ( #119, #5672, #2064, #4102, #6149, #4659, #4147, #2556, #1623, #614, #5624, #3575, #568, #5175, #4076 ),
 .UNSPECIFIED., .F., .F.,
 ( 4, 1, 1, 1, 1, 1, 1, 1, 1, 1, 1, 1, 4 ),
 ( 0.000000000000000000, 0.04741350635443523226, 0.1000397465125186097, 0.1582439758605849178, 0.2216942561323725081, 0.3575016929472446536, 0.4971755172671906142, 0.6367312879952646831, 0.7722818284601444816, 0.8366453526860625489, 0.8958985570776435425, 0.9506979322711623936, 1.000000000000000000 ),
 .UNSPECIFIED. ) ;
#5749 = CARTESIAN_POINT ( 'NONE',  ( 0.4115203108548788347, 1.024999999999999911, -1.238454280651613892 ) ) ;
#5750 = CARTESIAN_POINT ( 'NONE',  ( 0.4295204489710672813, 1.034999999999999698, -0.8827832612608561558 ) ) ;
#5751 = CARTESIAN_POINT ( 'NONE',  ( 0.4253353384381411417, 1.024999999999999911, 0.9414258259068326584 ) ) ;
#5752 = FILL_AREA_STYLE ('',( #1218 ) ) ;
#5753 = SURFACE_STYLE_USAGE ( .BOTH. , #1718 ) ;
#5754 = EDGE_CURVE ( 'NONE', #3138, #5055, #2026, .T. ) ;
#5755 =( LENGTH_UNIT ( ) NAMED_UNIT ( * ) SI_UNIT ( .MILLI., .METRE. ) );
#5756 = PRESENTATION_LAYER_ASSIGNMENT (  '', '', ( #5109 ) ) ;
#5757 = SURFACE_STYLE_USAGE ( .BOTH. , #1209 ) ;
#5758 =( GEOMETRIC_REPRESENTATION_CONTEXT ( 3 ) GLOBAL_UNCERTAINTY_ASSIGNED_CONTEXT ( ( #5314 ) ) GLOBAL_UNIT_ASSIGNED_CONTEXT ( ( #6058, #75, #1559 ) ) REPRESENTATION_CONTEXT ( 'NONE', 'WORKASPACE' ) );
#5759 = PRESENTATION_STYLE_ASSIGNMENT (( #42 ) ) ;
#5760 = CARTESIAN_POINT ( 'NONE',  ( -0.06957470751496550032, 1.034999999999999920, 0.8451883045114930715 ) ) ;
#5761 = FILL_AREA_STYLE_COLOUR ( '', #1079 ) ;
#5762 = CARTESIAN_POINT ( 'NONE',  ( -0.4695860310905232149, 1.035000000000000142, -0.5455223592266811306 ) ) ;
#5763 = CARTESIAN_POINT ( 'NONE',  ( -0.7594458231531187042, 1.024999999999999911, 1.317561331180454154 ) ) ;
#5764 = EDGE_CURVE ( 'NONE', #1385, #3046, #4882, .T. ) ;
#5765 = ORIENTED_EDGE ( 'NONE', *, *, #3161, .T. ) ;
#5766 =( GEOMETRIC_REPRESENTATION_CONTEXT ( 3 ) GLOBAL_UNCERTAINTY_ASSIGNED_CONTEXT ( ( #2292 ) ) GLOBAL_UNIT_ASSIGNED_CONTEXT ( ( #4681, #2693, #2163 ) ) REPRESENTATION_CONTEXT ( 'NONE', 'WORKASPACE' ) );
#5767 = EDGE_CURVE ( 'NONE', #1510, #2473, #5879, .T. ) ;
#5768 = CARTESIAN_POINT ( 'NONE',  ( -0.1995286036472132540, 1.035000000000000142, 0.1803566934286314760 ) ) ;
#5769 = ORIENTED_EDGE ( 'NONE', *, *, #6156, .T. ) ;
#5770 = CARTESIAN_POINT ( 'NONE',  ( -0.7307692307692308376, 1.024999999999999911, 0.9711538461538463674 ) ) ;
#5771 = CARTESIAN_POINT ( 'NONE',  ( -0.7089247792254714797, 1.024999999999999911, 0.8916546614439557761 ) ) ;
#5772 = EDGE_LOOP ( 'NONE', ( #1421, #3187, #5092, #385 ) ) ;
#5773 = CARTESIAN_POINT ( 'NONE',  ( 0.8043269230769236611, 1.024999999999999689, -0.4615384615384615641 ) ) ;
#5774 = VERTEX_POINT ( 'NONE', #3502 ) ;
#5775 = ORIENTED_EDGE ( 'NONE', *, *, #258, .F. ) ;
#5776 = CARTESIAN_POINT ( 'NONE',  ( -0.5820100102219785132, 1.024999999999999689, 0.01254943713729734199 ) ) ;
#5777 = DIRECTION ( 'NONE',  ( 1.000000000000000000, 0.000000000000000000, -0.000000000000000000 ) ) ;
#5778 = CARTESIAN_POINT ( 'NONE',  ( 0.4449213746206823750, 1.034999999999999698, 0.8916546614439554430 ) ) ;
#5779 = ADVANCED_FACE ( 'NONE', ( #6207 ), #5174, .T. ) ;
#5780 = UNCERTAINTY_MEASURE_WITH_UNIT (LENGTH_MEASURE( 1.000000000000000082E-05 ), #4794, 'distance_accuracy_value', 'NONE');
#5781 = SURFACE_STYLE_FILL_AREA ( #1276 ) ;
#5782 = COLOUR_RGB ( '',1.000000000000000000, 1.000000000000000000, 1.000000000000000000 ) ;
#5783 = CARTESIAN_POINT ( 'NONE',  ( -1.850000000000000089, -1.024999999999999911, -2.000000000000000888 ) ) ;
#5784 = CARTESIAN_POINT ( 'NONE',  ( -0.4543483252231629854, 1.024999999999999911, 0.9837818860903955187 ) ) ;
#5785 = CARTESIAN_POINT ( 'NONE',  ( 0.4232549001006278844, 1.025000000000000133, 0.9660415190853474110 ) ) ;
#5786 = CARTESIAN_POINT ( 'NONE',  ( -0.8125654580808538974, 1.024999999999999689, 0.8912785242938491281 ) ) ;
#5787 =( GEOMETRIC_REPRESENTATION_CONTEXT ( 3 ) GLOBAL_UNCERTAINTY_ASSIGNED_CONTEXT ( ( #4024 ) ) GLOBAL_UNIT_ASSIGNED_CONTEXT ( ( #4064, #1546, #4109 ) ) REPRESENTATION_CONTEXT ( 'NONE', 'WORKASPACE' ) );
#5788 = VECTOR ( 'NONE', #4219, 1000.000000000000000 ) ;
#5789 = CARTESIAN_POINT ( 'NONE',  ( 0.8113069937680609245, 1.034999999999999920, -0.4575876180247832603 ) ) ;
#5790 = CARTESIAN_POINT ( 'NONE',  ( 0.2205332345556180185, 1.034999999999999698, 0.9793131793324545420 ) ) ;
#5791 = CARTESIAN_POINT ( 'NONE',  ( -0.3594674135130906389, 1.025000000000000133, 0.1918791199386858659 ) ) ;
#5792 = CARTESIAN_POINT ( 'NONE',  ( -0.3824869941083212099, 1.035000000000000142, 1.067602144398379194 ) ) ;
#5793 = CARTESIAN_POINT ( 'NONE',  ( -0.03980813274335292390, 1.034999999999999920, 1.308609899621553163 ) ) ;
#5794 = ORIENTED_EDGE ( 'NONE', *, *, #983, .T. ) ;
#5795 = AXIS2_PLACEMENT_3D ( 'NONE', #27, #3576, #527 ) ;
#5796 = CARTESIAN_POINT ( 'NONE',  ( -0.7560024200292642105, 1.034999999999999698, -0.2381135273256473617 ) ) ;
#5797 = CARTESIAN_POINT ( 'NONE',  ( -0.7307692307692308376, 1.024999999999999911, 0.9711538461538463674 ) ) ;
#5798 = CARTESIAN_POINT ( 'NONE',  ( 0.1252767565014969164, 1.034999999999999920, 0.7831533228634260935 ) ) ;
#5799 = CARTESIAN_POINT ( 'NONE',  ( 0.2141237892273745169, 1.025000000000000355, -1.265855689187115996 ) ) ;
#5800 = CARTESIAN_POINT ( 'NONE',  ( 0.5073483694081114548, 1.024999999999999467, 0.8451883045114928494 ) ) ;
#5801 = EDGE_CURVE ( 'NONE', #4783, #2375, #4723, .T. ) ;
#5802 = PRESENTATION_STYLE_ASSIGNMENT (( #247 ) ) ;
#5803 = COLOUR_RGB ( '',0.6470588235294117974, 0.5176470588235293491, 0.000000000000000000 ) ;
#5804 = SURFACE_STYLE_FILL_AREA ( #3597 ) ;
#5805 = CARTESIAN_POINT ( 'NONE',  ( -0.4519230769230769829, 1.035000000000000142, 0.9579326923076926237 ) ) ;
#5806 =( NAMED_UNIT ( * ) PLANE_ANGLE_UNIT ( ) SI_UNIT ( $, .RADIAN. ) );
#5807 = SURFACE_STYLE_USAGE ( .BOTH. , #4295 ) ;
#5808 = CARTESIAN_POINT ( 'NONE',  ( 1.500000000000003109, 1.024999999999999911, -1.550000000000000711 ) ) ;
#5809 = CARTESIAN_POINT ( 'NONE',  ( -0.6118870285339792492, 1.035000000000000142, 0.7505253949516117462 ) ) ;
#5810 = VECTOR ( 'NONE', #4041, 1000.000000000000000 ) ;
#5811 = CARTESIAN_POINT ( 'NONE',  ( -0.5044750564292153072, 1.035000000000000142, 1.078940445635440559 ) ) ;
#5812 = CARTESIAN_POINT ( 'NONE',  ( 0.8391768866871927024, 1.024999999999999911, -0.4340823287024250243 ) ) ;
#5813 = CARTESIAN_POINT ( 'NONE',  ( 0.5834248380300282033, 1.034999999999999920, 1.270071547984030103 ) ) ;
#5814 = VERTEX_POINT ( 'NONE', #5642 ) ;
#5815 = CARTESIAN_POINT ( 'NONE',  ( 0.8113069937680609245, 1.024999999999999911, -0.4575876180247832603 ) ) ;
#5816 = CARTESIAN_POINT ( 'NONE',  ( -0.4826368000288684401, 1.024999999999999689, 1.192704292644374497 ) ) ;
#5817 = PRESENTATION_STYLE_ASSIGNMENT (( #2566 ) ) ;
#5818 =( GEOMETRIC_REPRESENTATION_CONTEXT ( 3 ) GLOBAL_UNCERTAINTY_ASSIGNED_CONTEXT ( ( #5051 ) ) GLOBAL_UNIT_ASSIGNED_CONTEXT ( ( #2380, #4405, #1364 ) ) REPRESENTATION_CONTEXT ( 'NONE', 'WORKASPACE' ) );
#5819 =( LENGTH_UNIT ( ) NAMED_UNIT ( * ) SI_UNIT ( .MILLI., .METRE. ) );
#5820 = ADVANCED_FACE ( 'NONE', ( #3693 ), #5145, .F. ) ;
#5821 = UNCERTAINTY_MEASURE_WITH_UNIT (LENGTH_MEASURE( 1.000000000000000082E-05 ), #1228, 'distance_accuracy_value', 'NONE');
#5822 = VERTEX_POINT ( 'NONE', #5126 ) ;
#5823 = CARTESIAN_POINT ( 'NONE',  ( -0.5923076923076919797, 1.025000000000000133, -0.09104567307692308653 ) ) ;
#5824 = CARTESIAN_POINT ( 'NONE',  ( 0.2060915372002209978, 1.034999999999999920, 0.8759254739018299540 ) ) ;
#5825 = SURFACE_STYLE_USAGE ( .BOTH. , #1806 ) ;
#5826 = DIRECTION ( 'NONE',  ( -1.000000000000000000, 0.000000000000000000, 0.000000000000000000 ) ) ;
#5827 = CARTESIAN_POINT ( 'NONE',  ( 0.4328885819389543532, 1.034999999999999920, 0.9148738954979116489 ) ) ;
#5828 = VECTOR ( 'NONE', #5166, 1000.000000000000000 ) ;
#5829 = CARTESIAN_POINT ( 'NONE',  ( -0.1581832929396715381, 1.034999999999999920, 1.291137545940029163 ) ) ;
#5830 = CARTESIAN_POINT ( 'NONE',  ( 0.7505765765693429570, 1.034999999999999920, 0.8244472621065871420 ) ) ;
#5831 = CARTESIAN_POINT ( 'NONE',  ( -0.2743334047121316344, 1.035000000000000142, -1.025083165816942810 ) ) ;
#5832 = CARTESIAN_POINT ( 'NONE',  ( 0.4327727657444420672, 1.034999999999999920, 1.277465502956919075 ) ) ;
#5833 = LINE ( 'NONE', #892, #2203 ) ;
#5834 = B_SPLINE_CURVE_WITH_KNOTS ( 'NONE', 3,
 ( #4425, #4970, #3435, #4944, #5446, #1872, #6361, #5865, #5416, #1918, #4994, #6449, #361, #3906, #4374, #380, #891, #1943, #5395 ),
 .UNSPECIFIED., .F., .F.,
 ( 4, 1, 1, 1, 1, 1, 1, 1, 1, 1, 1, 1, 1, 1, 1, 1, 4 ),
 ( 0.000000000000000000, 0.07069648334337648443, 0.1383582132030687362, 0.2033698682591697504, 0.2657002133402300292, 0.3272558681973767314, 0.3865123433292945720, 0.4458582974819496059, 0.5051731438069391178, 0.5637797628070205791, 0.6223430642934398849, 0.6808235796100194914, 0.7397951568104399467, 0.8008011629883835525, 0.8642394615769081190, 0.9306310981734532417, 1.000000000000000000 ),
 .UNSPECIFIED. ) ;
#5835 =( NAMED_UNIT ( * ) SI_UNIT ( $, .STERADIAN. ) SOLID_ANGLE_UNIT ( ) );
#5836 = CARTESIAN_POINT ( 'NONE',  ( 0.01377140237181433309, 1.025000000000000355, 0.1112525291091422813 ) ) ;
#5837 = PRESENTATION_LAYER_ASSIGNMENT (  '', '', ( #1702 ) ) ;
#5838 =( NAMED_UNIT ( * ) SI_UNIT ( $, .STERADIAN. ) SOLID_ANGLE_UNIT ( ) );
#5839 = FILL_AREA_STYLE ('',( #1840 ) ) ;
#5840 = EDGE_CURVE ( 'NONE', #5091, #4773, #500, .T. ) ;
#5841 = FILL_AREA_STYLE_COLOUR ( '', #6178 ) ;
#5842 = VERTEX_POINT ( 'NONE', #3546 ) ;
#5843 = MECHANICAL_DESIGN_GEOMETRIC_PRESENTATION_REPRESENTATION (  '', ( #3819 ), #2926 ) ;
#5844 = CARTESIAN_POINT ( 'NONE',  ( 0.7705333753552847664, 1.025000000000000133, -0.2472424698005582233 ) ) ;
#5845 = CARTESIAN_POINT ( 'NONE',  ( -0.5704213158161256514, 1.025000000000000133, 1.270071547984030103 ) ) ;
#5846 = CARTESIAN_POINT ( 'NONE',  ( -0.07662259615384627021, 1.024999999999999911, 1.219501201923077538 ) ) ;
#5847 = EDGE_CURVE ( 'NONE', #4245, #29, #921, .T. ) ;
#5848 = ORIENTED_EDGE ( 'NONE', *, *, #4542, .T. ) ;
#5849 = ORIENTED_EDGE ( 'NONE', *, *, #4046, .F. ) ;
#5850 = CARTESIAN_POINT ( 'NONE',  ( 0.3403532860644428726, 1.034999999999999698, -0.07696020405434063349 ) ) ;
#5851 = CARTESIAN_POINT ( 'NONE',  ( 0.8043269230769236611, 1.034999999999999920, -0.4615384615384615641 ) ) ;
#5852 = CARTESIAN_POINT ( 'NONE',  ( -0.1179670287050066380, 1.024999999999999911, -1.132745265255430844 ) ) ;
#5853 = ADVANCED_FACE ( 'NONE', ( #3219 ), #3077, .T. ) ;
#5854 = SURFACE_STYLE_USAGE ( .BOTH. , #4871 ) ;
#5855 = CARTESIAN_POINT ( 'NONE',  ( 0.3647235576923080758, 1.034999999999999920, -1.085036057692307709 ) ) ;
#5856 = ORIENTED_EDGE ( 'NONE', *, *, #1445, .T. ) ;
#5857 = ORIENTED_EDGE ( 'NONE', *, *, #216, .T. ) ;
#5858 =( NAMED_UNIT ( * ) PLANE_ANGLE_UNIT ( ) SI_UNIT ( $, .RADIAN. ) );
#5859 = CARTESIAN_POINT ( 'NONE',  ( -0.2409956791037242974, 1.024999999999999467, -0.8446252017695189407 ) ) ;
#5860 = CARTESIAN_POINT ( 'NONE',  ( -0.4817377446529020890, 1.035000000000000142, 0.3293958269302679764 ) ) ;
#5861 = ORIENTED_EDGE ( 'NONE', *, *, #4559, .F. ) ;
#5862 = CARTESIAN_POINT ( 'NONE',  ( -0.1247728563804208352, 1.034999999999999920, 0.3173738862081202372 ) ) ;
#5863 = CARTESIAN_POINT ( 'NONE',  ( 0.2507567214230724262, 1.034999999999999920, -0.8015831361758598561 ) ) ;
#5864 = CARTESIAN_POINT ( 'NONE',  ( -0.5712790676093170150, 1.025000000000000355, 0.04666810681196591898 ) ) ;
#5865 = CARTESIAN_POINT ( 'NONE',  ( -0.6707660692698956817, 1.034999999999999254, 0.8565253071957872333 ) ) ;
#5866 = FILL_AREA_STYLE ('',( #2755 ) ) ;
#5867 = UNCERTAINTY_MEASURE_WITH_UNIT (LENGTH_MEASURE( 1.000000000000000082E-05 ), #5603, 'distance_accuracy_value', 'NONE');
#5868 = VECTOR ( 'NONE', #2054, 1000.000000000000000 ) ;
#5869 = ORIENTED_EDGE ( 'NONE', *, *, #473, .F. ) ;
#5870 = CARTESIAN_POINT ( 'NONE',  ( -0.009615384615384716532, 1.034999999999999920, 0.7500000000000004441 ) ) ;
#5871 = CARTESIAN_POINT ( 'NONE',  ( 0.5229012429291436392, 1.024999999999999689, -1.063179206688315004 ) ) ;
#5872 = EDGE_CURVE ( 'NONE', #2455, #3159, #5666, .T. ) ;
#5873 =( LENGTH_UNIT ( ) NAMED_UNIT ( * ) SI_UNIT ( .MILLI., .METRE. ) );
#5874 = COLOUR_RGB ( '',1.000000000000000000, 1.000000000000000000, 1.000000000000000000 ) ;
#5875 = CARTESIAN_POINT ( 'NONE',  ( 0.4059455569205765446, 1.035000000000000142, 1.304503635857037214 ) ) ;
#5876 = STYLED_ITEM ( 'NONE', ( #3915 ), #1844 ) ;
#5877 = B_SPLINE_CURVE_WITH_KNOTS ( 'NONE', 3,
 ( #6066, #3060, #6214, #4760, #6199, #3191, #1158, #1714, #1678, #5251, #2722 ),
 .UNSPECIFIED., .F., .F.,
 ( 4, 1, 1, 1, 1, 1, 1, 1, 4 ),
 ( 0.000000000000000000, 0.1201183289450753061, 0.2482225052471394300, 0.3810992229538414655, 0.5122697488837058000, 0.6434402748135702454, 0.7704589569847414277, 0.8917409525509431001, 1.000000000000000000 ),
 .UNSPECIFIED. ) ;
#5878 = CARTESIAN_POINT ( 'NONE',  ( -0.5638521634615384359, 1.024999999999999911, 1.264723557692307931 ) ) ;
#5879 = LINE ( 'NONE', #21, #2175 ) ;
#5880 = CARTESIAN_POINT ( 'NONE',  ( -0.1439618099055302580, 1.024999999999999911, 0.7800866347188734062 ) ) ;
#5881 = SURFACE_SIDE_STYLE ('',( #1931 ) ) ;
#5882 = ADVANCED_FACE ( 'NONE', ( #1845 ), #2276, .T. ) ;
#5883 = EDGE_LOOP ( 'NONE', ( #3258, #3009, #1689, #5262 ) ) ;
#5884 = AXIS2_PLACEMENT_3D ( 'NONE', #4656, #720, #4244 ) ;
#5885 = CARTESIAN_POINT ( 'NONE',  ( 0.2153846153846159794, 1.034999999999999920, -0.8756009615384615641 ) ) ;
#5886 = CARTESIAN_POINT ( 'NONE',  ( -0.7849999999999999201, -1.075000000000000400, 1.625000000000000000 ) ) ;
#5887 = CARTESIAN_POINT ( 'NONE',  ( 0.08407600387111015261, 1.035000000000000142, 1.064245337337989206 ) ) ;
#5888 = CARTESIAN_POINT ( 'NONE',  ( 0.7976761205744642425, 1.034999999999999920, 0.9356435630111532564 ) ) ;
#5889 = CARTESIAN_POINT ( 'NONE',  ( 0.1970288297793945653, 1.024999999999999689, 0.8579668031823564078 ) ) ;
#5890 = EDGE_CURVE ( 'NONE', #6203, #4085, #123, .T. ) ;
#5891 = ORIENTED_EDGE ( 'NONE', *, *, #5439, .F. ) ;
#5892 = CARTESIAN_POINT ( 'NONE',  ( -0.5101630379669703785, 1.024999999999999689, 0.8562443421471487293 ) ) ;
#5893 = CARTESIAN_POINT ( 'NONE',  ( 0.5035675598360680461, 1.024999999999999689, -1.008896259176364385 ) ) ;
#5894 = FILL_AREA_STYLE ('',( #6409 ) ) ;
#5895 = CARTESIAN_POINT ( 'NONE',  ( 0.5798702866813263412, 1.034999999999999698, 0.8368940373264448507 ) ) ;
#5896 = CARTESIAN_POINT ( 'NONE',  ( 0.3647235576923080758, 1.024999999999999689, -1.085036057692307709 ) ) ;
#5897 = EDGE_LOOP ( 'NONE', ( #5849, #3345, #5279, #5923 ) ) ;
#5898 = PLANE ( 'NONE',  #741 ) ;
#5899 = CARTESIAN_POINT ( 'NONE',  ( -0.7242078780703772312, 1.024999999999999467, -0.3795226689951302634 ) ) ;
#5900 = CARTESIAN_POINT ( 'NONE',  ( -0.2356423811577771921, 1.025000000000000355, 0.8912785242938495722 ) ) ;
#5901 = CARTESIAN_POINT ( 'NONE',  ( 0.2536308821443046813, 1.024999999999999911, -1.115244062865741181 ) ) ;
#5902 = CARTESIAN_POINT ( 'NONE',  ( 0.6870280247242083194, 1.024999999999999467, 1.177012512762981800 ) ) ;
#5903 = STYLED_ITEM ( 'NONE', ( #6427 ), #5373 ) ;
#5904 =( NAMED_UNIT ( * ) PLANE_ANGLE_UNIT ( ) SI_UNIT ( $, .RADIAN. ) );
#5905 = CARTESIAN_POINT ( 'NONE',  ( -0.3905382497827223909, 1.035000000000000586, 0.8407290785386313248 ) ) ;
#5906 = DIRECTION ( 'NONE',  ( -1.000000000000000000, -0.000000000000000000, -0.000000000000000000 ) ) ;
#5907 = CARTESIAN_POINT ( 'NONE',  ( -1.499999999999996891, 1.034999999999999920, -1.550000000000000711 ) ) ;
#5908 = FACE_OUTER_BOUND ( 'NONE', #61, .T. ) ;
#5909 = EDGE_CURVE ( 'NONE', #1195, #1385, #5337, .T. ) ;
#5910 = CARTESIAN_POINT ( 'NONE',  ( 0.7944638946112254629, 1.035000000000000142, 0.9148849069587257077 ) ) ;
#5911 = SURFACE_STYLE_FILL_AREA ( #138 ) ;
#5912 = CARTESIAN_POINT ( 'NONE',  ( -0.5334125445265935905, 1.034999999999999698, 0.8449640240426656845 ) ) ;
#5913 = SURFACE_STYLE_USAGE ( .BOTH. , #2384 ) ;
#5914 =( NAMED_UNIT ( * ) SI_UNIT ( $, .STERADIAN. ) SOLID_ANGLE_UNIT ( ) );
#5915 = ORIENTED_EDGE ( 'NONE', *, *, #6470, .F. ) ;
#5916 = B_SPLINE_CURVE_WITH_KNOTS ( 'NONE', 3,
 ( #2898, #3907, #2394, #3933, #866, #4496, #5949, #381, #4426, #5447, #5928, #1409, #4445 ),
 .UNSPECIFIED., .F., .F.,
 ( 4, 1, 1, 1, 1, 1, 1, 1, 1, 1, 4 ),
 ( 0.000000000000000000, 0.1241996726524872002, 0.2368296581100276799, 0.3394949853062822487, 0.4312535100312247516, 0.5114548721194183134, 0.5812230366234584222, 0.6404953748643703593, 0.6883082049320180529, 0.8503329734146882757, 1.000000000000000000 ),
 .UNSPECIFIED. ) ;
#5917 = CARTESIAN_POINT ( 'NONE',  ( 0.7976761205744642425, 1.024999999999999911, 0.9356435630111532564 ) ) ;
#5918 = ORIENTED_EDGE ( 'NONE', *, *, #6107, .F. ) ;
#5919 =( GEOMETRIC_REPRESENTATION_CONTEXT ( 3 ) GLOBAL_UNCERTAINTY_ASSIGNED_CONTEXT ( ( #2978 ) ) GLOBAL_UNIT_ASSIGNED_CONTEXT ( ( #4529, #5116, #2049 ) ) REPRESENTATION_CONTEXT ( 'NONE', 'WORKASPACE' ) );
#5920 = CARTESIAN_POINT ( 'NONE',  ( 0.5214117085729133017, 1.035000000000000364, -0.03040106579908926840 ) ) ;
#5921 = CARTESIAN_POINT ( 'NONE',  ( -0.2423351168709556303, 1.034999999999999920, 0.9132441222960763216 ) ) ;
#5922 = CARTESIAN_POINT ( 'NONE',  ( 0.7014330080714856752, 1.024999999999999467, 1.162661105553342678 ) ) ;
#5923 = ORIENTED_EDGE ( 'NONE', *, *, #5232, .T. ) ;
#5924 = ORIENTED_EDGE ( 'NONE', *, *, #1073, .T. ) ;
#5925 = CARTESIAN_POINT ( 'NONE',  ( -0.2062460659291941723, 1.024999999999999689, 0.8340822251097764761 ) ) ;
#5926 = CARTESIAN_POINT ( 'NONE',  ( 1.849999999999999645, 1.024999999999999911, -1.850000000000000977 ) ) ;
#5927 = CARTESIAN_POINT ( 'NONE',  ( -0.07662259615384627021, 1.034999999999999920, 1.219501201923077538 ) ) ;
#5928 = CARTESIAN_POINT ( 'NONE',  ( -0.1173514582644627630, 1.024999999999999911, 1.378555665817289499 ) ) ;
#5929 = EDGE_LOOP ( 'NONE', ( #3118, #1286, #2778, #46 ) ) ;
#5930 = VERTEX_POINT ( 'NONE', #2179 ) ;
#5931 = CARTESIAN_POINT ( 'NONE',  ( -0.5462354562025001359, 1.035000000000000364, 0.8412721904612345813 ) ) ;
#5932 = CARTESIAN_POINT ( 'NONE',  ( -0.02384577843869551197, 1.034999999999999920, 1.295053357843855446 ) ) ;
#5933 = CARTESIAN_POINT ( 'NONE',  ( 0.1817883925536819545, 1.034999999999999920, 1.090131206510949413 ) ) ;
#5934 = DIRECTION ( 'NONE',  ( -0.000000000000000000, -1.000000000000000000, -0.000000000000000000 ) ) ;
#5935 = CARTESIAN_POINT ( 'NONE',  ( 0.6204336093195601531, 1.034999999999999698, 0.8449640240426656845 ) ) ;
#5936 = VERTEX_POINT ( 'NONE', #1335 ) ;
#5937 = LINE ( 'NONE', #2671, #6117 ) ;
#5938 = CARTESIAN_POINT ( 'NONE',  ( -0.4973557692307689071, 1.025000000000000133, -0.8061899038461539657 ) ) ;
#5939 =( NAMED_UNIT ( * ) SI_UNIT ( $, .STERADIAN. ) SOLID_ANGLE_UNIT ( ) );
#5940 = CARTESIAN_POINT ( 'NONE',  ( 0.2153846153846159794, 1.034999999999999920, -0.8756009615384615641 ) ) ;
#5941 =( LENGTH_UNIT ( ) NAMED_UNIT ( * ) SI_UNIT ( .MILLI., .METRE. ) );
#5942 = CARTESIAN_POINT ( 'NONE',  ( 0.1598482128031670224, 1.024999999999999689, -1.095686546644943915 ) ) ;
#5943 = CARTESIAN_POINT ( 'NONE',  ( 0.7558993943418096384, 1.035000000000000142, -0.2316214222362033837 ) ) ;
#5944 = CARTESIAN_POINT ( 'NONE',  ( -0.1995286036472132540, 1.025000000000000133, 0.1803566934286314760 ) ) ;
#5945 = ADVANCED_FACE ( 'NONE', ( #2475 ), #3101, .T. ) ;
#5946 = CARTESIAN_POINT ( 'NONE',  ( 0.000000000000000000, 0.000000000000000000, 0.000000000000000000 ) ) ;
#5947 = CARTESIAN_POINT ( 'NONE',  ( -0.3708315397228558741, 1.035000000000000142, 0.8759254739018296210 ) ) ;
#5948 = CARTESIAN_POINT ( 'NONE',  ( 0.3929687500000005329, 1.034999999999999920, -0.8335336538461538547 ) ) ;
#5949 = CARTESIAN_POINT ( 'NONE',  ( -0.06674896830846809015, 1.024999999999999911, 1.331288948873510458 ) ) ;
#5950 = ORIENTED_EDGE ( 'NONE', *, *, #103, .T. ) ;
#5951 = CARTESIAN_POINT ( 'NONE',  ( 0.8043269230769236611, 1.024999999999999689, -0.4615384615384615641 ) ) ;
#5952 = CARTESIAN_POINT ( 'NONE',  ( -0.5597572789664123638, 1.034999999999999920, 0.8385928700513111123 ) ) ;
#5953 = CARTESIAN_POINT ( 'NONE',  ( -0.03980813274335292390, 1.024999999999999911, 1.308609899621553163 ) ) ;
#5954 = EDGE_LOOP ( 'NONE', ( #539, #1001, #3970, #3372, #4972, #3035, #1075, #644, #636, #1026, #625, #2402, #908 ) ) ;
#5955 = CARTESIAN_POINT ( 'NONE',  ( -0.5886418269230768718, 1.034999999999999920, 0.8365384615384617861 ) ) ;
#5956 = VECTOR ( 'NONE', #1968, 1000.000000000000000 ) ;
#5957 = AXIS2_PLACEMENT_3D ( 'NONE', #3126, #4087, #3659 ) ;
#5958 = PRESENTATION_STYLE_ASSIGNMENT (( #1951 ) ) ;
#5959 = CARTESIAN_POINT ( 'NONE',  ( -1.604999999999999982, -1.024999999999999911, -1.625000000000000000 ) ) ;
#5960 = EDGE_CURVE ( 'NONE', #1199, #3380, #971, .T. ) ;
#5961 = CARTESIAN_POINT ( 'NONE',  ( 0.6918228383741951149, 1.025000000000000133, 1.010118407490751880 ) ) ;
#5962 = ORIENTED_EDGE ( 'NONE', *, *, #4291, .T. ) ;
#5963 = CARTESIAN_POINT ( 'NONE',  ( 0.6203593329913960064, 1.034999999999999920, -0.2915349385491523559 ) ) ;
#5964 = CARTESIAN_POINT ( 'NONE',  ( 0.1249999999999999167, 1.035000000000000142, 0.9579326923076928457 ) ) ;
#5965 = CARTESIAN_POINT ( 'NONE',  ( -1.604999999999999982, -1.024999999999999911, 1.625000000000000000 ) ) ;
#5966 = CARTESIAN_POINT ( 'NONE',  ( -0.08253833628754228546, 1.034999999999999476, 0.7572851291288784648 ) ) ;
#5967 = CARTESIAN_POINT ( 'NONE',  ( 0.4595716186586141228, 1.024999999999999023, 1.378555665817288833 ) ) ;
#5968 = SURFACE_STYLE_FILL_AREA ( #3309 ) ;
#5969 = EDGE_CURVE ( 'NONE', #2286, #2455, #1543, .T. ) ;
#5970 =( GEOMETRIC_REPRESENTATION_CONTEXT ( 3 ) GLOBAL_UNCERTAINTY_ASSIGNED_CONTEXT ( ( #2588 ) ) GLOBAL_UNIT_ASSIGNED_CONTEXT ( ( #444, #956, #3922 ) ) REPRESENTATION_CONTEXT ( 'NONE', 'WORKASPACE' ) );
#5971 = CARTESIAN_POINT ( 'NONE',  ( -0.2276339580243389726, 1.024999999999999689, 0.8706527266382478869 ) ) ;
#5972 = ORIENTED_EDGE ( 'NONE', *, *, #4639, .F. ) ;
#5973 = CARTESIAN_POINT ( 'NONE',  ( 0.7739519067024717147, 1.034999999999999920, 0.8579668031823564078 ) ) ;
#5974 = CARTESIAN_POINT ( 'NONE',  ( 0.4531931899134608588, 1.024999999999999689, -1.200958137612798016 ) ) ;
#5975 = STYLED_ITEM ( 'NONE', ( #3025 ), #186 ) ;
#5976 = ORIENTED_EDGE ( 'NONE', *, *, #1829, .T. ) ;
#5977 = FACE_OUTER_BOUND ( 'NONE', #312, .T. ) ;
#5978 = CARTESIAN_POINT ( 'NONE',  ( -0.6545623183782736110, 1.024999999999999467, 1.340513759941373451 ) ) ;
#5979 = CARTESIAN_POINT ( 'NONE',  ( 0.4468931764755779690, 1.034999999999999920, 1.395641797569606934 ) ) ;
#5980 = CARTESIAN_POINT ( 'NONE',  ( -0.5836790541168817015, 1.035000000000000142, 0.8366587838276424716 ) ) ;
#5981 = CARTESIAN_POINT ( 'NONE',  ( 0.05835173303678203860, 1.024999999999999911, 1.094640769511485701 ) ) ;
#5982 = CARTESIAN_POINT ( 'NONE',  ( -0.3338942307692303046, 1.024999999999999911, 0.3461538461538462563 ) ) ;
#5983 = UNCERTAINTY_MEASURE_WITH_UNIT (LENGTH_MEASURE( 1.000000000000000082E-05 ), #3792, 'distance_accuracy_value', 'NONE');
#5984 = CARTESIAN_POINT ( 'NONE',  ( 0.6925913694554859390, 1.025000000000000133, 0.9106923435533436084 ) ) ;
#5985 = VECTOR ( 'NONE', #3086, 1000.000000000000000 ) ;
#5986 = PRESENTATION_STYLE_ASSIGNMENT (( #6513 ) ) ;
#5987 = CARTESIAN_POINT ( 'NONE',  ( -0.5555546696689843689, 1.024999999999999689, -0.7305463340797554439 ) ) ;
#5988 = DIRECTION ( 'NONE',  ( -1.000000000000000000, -2.644395542647571766E-16, 0.000000000000000000 ) ) ;
#5989 = CARTESIAN_POINT ( 'NONE',  ( 0.1227473827252340277, 1.024999999999999911, 0.9333452975440976740 ) ) ;
#5990 = CARTESIAN_POINT ( 'NONE',  ( 0.6712093538172856366, 1.034999999999999920, 1.192704292644374720 ) ) ;
#5991 = CARTESIAN_POINT ( 'NONE',  ( 0.6113314052326520587, 1.024999999999999689, -0.1023239656277363518 ) ) ;
#5992 = SURFACE_SIDE_STYLE ('',( #5289 ) ) ;
#5993 = B_SPLINE_CURVE_WITH_KNOTS ( 'NONE', 3,
 ( #599, #3081, #1116, #4641, #4616, #1586, #5659, #4107, #1634, #6157, #5181, #1564, #32, #2071, #552, #5161, #2134, #3637, #6086 ),
 .UNSPECIFIED., .F., .F.,
 ( 4, 1, 1, 1, 1, 1, 1, 1, 1, 1, 1, 1, 1, 1, 1, 1, 4 ),
 ( 0.000000000000000000, 0.07069648334337651219, 0.1383582132030683198, 0.2033698682591697782, 0.2657002133402295851, 0.3272558681973763983, 0.3865123433292942390, 0.4458582974819494393, 0.5051731438069388958, 0.5637797628070202460, 0.6223430642934396628, 0.6808235796100192694, 0.7397951568104398357, 0.8008011629883834415, 0.8642394615769080080, 0.9306310981734532417, 1.000000000000000000 ),
 .UNSPECIFIED. ) ;
#5994 = CARTESIAN_POINT ( 'NONE',  ( 0.6870280247242083194, 1.024999999999999911, 1.177012512762981800 ) ) ;
#5995 = CARTESIAN_POINT ( 'NONE',  ( -0.3461538461538462008, 1.034999999999999920, 1.500000000000000222 ) ) ;
#5996 = CARTESIAN_POINT ( 'NONE',  ( 0.2153846153846159794, 1.034999999999999920, -0.8756009615384615641 ) ) ;
#5997 = CARTESIAN_POINT ( 'NONE',  ( 0.4376011954984548313, 1.034999999999999920, -1.218838853150802537 ) ) ;
#5998 = ORIENTED_EDGE ( 'NONE', *, *, #3457, .F. ) ;
#5999 = EDGE_CURVE ( 'NONE', #3340, #1567, #1688, .T. ) ;
#6000 = STYLED_ITEM ( 'NONE', ( #4480 ), #2401 ) ;
#6001 = CARTESIAN_POINT ( 'NONE',  ( -0.7069529773705758302, 1.024999999999999467, 1.395641797569606934 ) ) ;
#6002 = CARTESIAN_POINT ( 'NONE',  ( 0.1903382224432993153, 1.034999999999999920, -1.260782450121067821 ) ) ;
#6003 = CARTESIAN_POINT ( 'NONE',  ( -0.5462354562025001359, 1.035000000000000364, 0.8412721904612345813 ) ) ;
#6004 = CARTESIAN_POINT ( 'NONE',  ( -0.1385919756317040841, 1.024999999999999467, 0.9028740862858287697 ) ) ;
#6005 = ORIENTED_EDGE ( 'NONE', *, *, #3285, .T. ) ;
#6006 = CARTESIAN_POINT ( 'NONE',  ( 0.03559298597325188940, 1.025000000000000133, 1.245493178173427529 ) ) ;
#6007 = CARTESIAN_POINT ( 'NONE',  ( -0.1441503111786348601, 1.024999999999999467, 1.277465502956919075 ) ) ;
#6008 =( GEOMETRIC_REPRESENTATION_CONTEXT ( 3 ) GLOBAL_UNCERTAINTY_ASSIGNED_CONTEXT ( ( #480 ) ) GLOBAL_UNIT_ASSIGNED_CONTEXT ( ( #5003, #3965, #2983 ) ) REPRESENTATION_CONTEXT ( 'NONE', 'WORKASPACE' ) );
#6009 =( NAMED_UNIT ( * ) PLANE_ANGLE_UNIT ( ) SI_UNIT ( $, .RADIAN. ) );
#6010 = CARTESIAN_POINT ( 'NONE',  ( -0.7247408575763278904, 1.025000000000000133, 0.1240900372869518653 ) ) ;
#6011 = DIRECTION ( 'NONE',  ( 1.000000000000000000, -0.000000000000000000, -0.000000000000000000 ) ) ;
#6012 = ORIENTED_EDGE ( 'NONE', *, *, #582, .T. ) ;
#6013 = CARTESIAN_POINT ( 'NONE',  ( 0.2162151556468711877, 1.024999999999999911, -0.8579314103036175254 ) ) ;
#6014 = CARTESIAN_POINT ( 'NONE',  ( -0.3242788461538456679, 1.034999999999999920, 0.1923076923076923184 ) ) ;
#6015 = B_SPLINE_CURVE_WITH_KNOTS ( 'NONE', 3,
 ( #6222, #2606, #5669, #2630, #4208, #4120, #5189 ),
 .UNSPECIFIED., .F., .F.,
 ( 4, 1, 1, 1, 4 ),
 ( 0.000000000000000000, 0.2801255546166575572, 0.5241588868393993739, 0.7586449302000993766, 1.000000000000000000 ),
 .UNSPECIFIED. ) ;
#6016 = EDGE_LOOP ( 'NONE', ( #5320, #499, #1463, #3067 ) ) ;
#6017 = EDGE_CURVE ( 'NONE', #5814, #4379, #4229, .T. ) ;
#6018 = CARTESIAN_POINT ( 'NONE',  ( -0.01693200486031759197, 1.034999999999999920, 0.8366581879303760516 ) ) ;
#6019 = DIRECTION ( 'NONE',  ( -0.000000000000000000, -1.000000000000000000, -0.000000000000000000 ) ) ;
#6020 = CARTESIAN_POINT ( 'NONE',  ( 0.2205949598000909728, 1.025000000000000133, -0.8411998290986865134 ) ) ;
#6021 = ORIENTED_EDGE ( 'NONE', *, *, #6477, .F. ) ;
#6022 = CARTESIAN_POINT ( 'NONE',  ( 0.4376011954984548313, 1.024999999999999689, -1.218838853150802537 ) ) ;
#6023 = CARTESIAN_POINT ( 'NONE',  ( -0.4677938280495980150, 1.034999999999999920, 1.023402570223235886 ) ) ;
#6024 = EDGE_CURVE ( 'NONE', #706, #120, #3987, .T. ) ;
#6025 =( NAMED_UNIT ( * ) SI_UNIT ( $, .STERADIAN. ) SOLID_ANGLE_UNIT ( ) );
#6026 = CARTESIAN_POINT ( 'NONE',  ( -0.6007688553617724914, 1.024999999999999245, 1.295053357843854336 ) ) ;
#6027 = CARTESIAN_POINT ( 'NONE',  ( -0.1300299004474990694, 1.025000000000000133, 1.395641797569607379 ) ) ;
#6028 = LINE ( 'NONE', #4741, #879 ) ;
#6029 = CARTESIAN_POINT ( 'NONE',  ( -1.604999999999999982, -1.025000000000000577, 1.574999999999999956 ) ) ;
#6030 = CARTESIAN_POINT ( 'NONE',  ( -0.06697226675015373332, 1.024999999999999911, 1.211378676326421155 ) ) ;
#6031 = CARTESIAN_POINT ( 'NONE',  ( -0.8264723557692307265, 1.034999999999999920, 1.433293269230769384 ) ) ;
#6032 = MECHANICAL_DESIGN_GEOMETRIC_PRESENTATION_REPRESENTATION (  '', ( #3558 ), #5818 ) ;
#6033 = ORIENTED_EDGE ( 'NONE', *, *, #337, .T. ) ;
#6034 = CARTESIAN_POINT ( 'NONE',  ( -0.09517521297205010222, 1.024999999999999467, 1.234212003388962753 ) ) ;
#6035 = STYLED_ITEM ( 'NONE', ( #4586 ), #809 ) ;
#6036 = CARTESIAN_POINT ( 'NONE',  ( 0.4479094431671649668, 1.025000000000000133, 1.263398958623645596 ) ) ;
#6037 = CARTESIAN_POINT ( 'NONE',  ( -0.7398370312623998579, 1.035000000000000142, 0.08450636470554295787 ) ) ;
#6038 = DIRECTION ( 'NONE',  ( -0.000000000000000000, 0.000000000000000000, -1.000000000000000000 ) ) ;
#6039 = CARTESIAN_POINT ( 'NONE',  ( -0.5334125445265935905, 1.024999999999999689, 0.8449640240426656845 ) ) ;
#6040 = CARTESIAN_POINT ( 'NONE',  ( -0.5923076923076919797, 1.035000000000000142, -0.09104567307692308653 ) ) ;
#6041 =( NAMED_UNIT ( * ) PLANE_ANGLE_UNIT ( ) SI_UNIT ( $, .RADIAN. ) );
#6042 = B_SPLINE_CURVE_WITH_KNOTS ( 'NONE', 3,
 ( #4638, #3124, #5714, #597, #3785, #125, #2663, #3679, #2612, #1608, #734 ),
 .UNSPECIFIED., .F., .F.,
 ( 4, 1, 1, 1, 1, 1, 1, 1, 4 ),
 ( 0.000000000000000000, 0.08982226816897592725, 0.1871858735996305978, 0.2931954017053314820, 0.4089337604228172607, 0.5383757029064345501, 0.6787602136966732758, 0.8331740874230403326, 1.000000000000000000 ),
 .UNSPECIFIED. ) ;
#6043 = EDGE_CURVE ( 'NONE', #1516, #5313, #4263, .T. ) ;
#6044 = PRESENTATION_STYLE_ASSIGNMENT (( #963 ) ) ;
#6046 = VECTOR ( 'NONE', #3184, 1000.000000000000000 ) ;
#6045 = CARTESIAN_POINT ( 'NONE',  ( -0.1440344949841227684, 1.024999999999999689, 0.9148738954979118709 ) ) ;
#6047 = PRESENTATION_LAYER_ASSIGNMENT (  '', '', ( #3265 ) ) ;
#6048 = DIRECTION ( 'NONE',  ( -0.000000000000000000, -1.000000000000000000, -0.000000000000000000 ) ) ;
#6049 = CARTESIAN_POINT ( 'NONE',  ( 0.2277829839342950524, 1.024999999999999689, -0.8259784870660605849 ) ) ;
#6050 = CARTESIAN_POINT ( 'NONE',  ( 0.5587376093845957126, 1.035000000000000142, 0.7501776304870997336 ) ) ;
#6051 = MECHANICAL_DESIGN_GEOMETRIC_PRESENTATION_REPRESENTATION (  '', ( #3672 ), #2307 ) ;
#6052 = CARTESIAN_POINT ( 'NONE',  ( -0.1441503111786348601, 1.024999999999999689, 1.277465502956919075 ) ) ;
#6053 = ORIENTED_EDGE ( 'NONE', *, *, #4428, .T. ) ;
#6054 = VECTOR ( 'NONE', #6019, 1000.000000000000000 ) ;
#6055 = SURFACE_STYLE_FILL_AREA ( #1999 ) ;
#6056 = FACE_OUTER_BOUND ( 'NONE', #3739, .T. ) ;
#6057 = CARTESIAN_POINT ( 'NONE',  ( 0.3117942002809458990, 1.024999999999999689, -1.267440639392174884 ) ) ;
#6058 =( LENGTH_UNIT ( ) NAMED_UNIT ( * ) SI_UNIT ( .MILLI., .METRE. ) );
#6059 = CARTESIAN_POINT ( 'NONE',  ( -0.8240254068496583040, 1.034999999999999698, 0.9368557672397974656 ) ) ;
#6060 = ORIENTED_EDGE ( 'NONE', *, *, #5872, .T. ) ;
#6061 = CARTESIAN_POINT ( 'NONE',  ( -0.8365384615384615641, 1.034999999999999920, 1.500000000000000222 ) ) ;
#6062 = LINE ( 'NONE', #4918, #2421 ) ;
#6063 = CARTESIAN_POINT ( 'NONE',  ( -0.1290136337559121549, 1.024999999999999689, 1.263398958623645596 ) ) ;
#6064 = CARTESIAN_POINT ( 'NONE',  ( -0.1538461538461539935, 1.034999999999999920, 0.9711538461538465894 ) ) ;
#6065 = CARTESIAN_POINT ( 'NONE',  ( -0.7059367106789888879, 1.024999999999999911, 1.263398958623645596 ) ) ;
#6066 = CARTESIAN_POINT ( 'NONE',  ( 0.6123197115384620970, 1.024999999999999689, -0.2848557692307692180 ) ) ;
#6067 = CARTESIAN_POINT ( 'NONE',  ( 0.1156682925324087202, 1.035000000000000142, 0.9106923435533438305 ) ) ;
#6068 = CARTESIAN_POINT ( 'NONE',  ( -0.4707154316245898418, 1.025000000000000133, 0.7728591684128818251 ) ) ;
#6069 = CYLINDRICAL_SURFACE ( 'NONE', #4121, 0.1499999999999999667 ) ;
#6070 = B_SPLINE_CURVE_WITH_KNOTS ( 'NONE', 3,
 ( #4270, #3826, #4253, #1726, #5768, #2263, #2227, #2739, #6277, #3287, #240, #5850, #1792, #1273, #3782, #730, #777 ),
 .UNSPECIFIED., .F., .F.,
 ( 4, 1, 1, 1, 1, 1, 1, 1, 1, 1, 1, 1, 1, 1, 4 ),
 ( 0.000000000000000000, 0.03823400782736947889, 0.07717573414553512146, 0.1170349461603469726, 0.1576552057782703575, 0.2411027273318871178, 0.3263483256620565709, 0.4139312541954155433, 0.5030804128686517940, 0.5926037346473302936, 0.6805751152739308862, 0.7664029669045011595, 0.8492810361086622351, 0.9279093386235662821, 1.000000000000000000 ),
 .UNSPECIFIED. ) ;
#6071 = FACE_OUTER_BOUND ( 'NONE', #4437, .T. ) ;
#6072 = CARTESIAN_POINT ( 'NONE',  ( -0.1533198614256517378, 1.024999999999999689, 0.9560362824859591768 ) ) ;
#6073 = CARTESIAN_POINT ( 'NONE',  ( 0.1246845277369785371, 1.035000000000000142, 0.9708214919927359299 ) ) ;
#6074 = PLANE ( 'NONE',  #3088 ) ;
#6075 =( LENGTH_UNIT ( ) NAMED_UNIT ( * ) SI_UNIT ( .MILLI., .METRE. ) );
#6076 = FACE_BOUND ( 'NONE', #5712, .T. ) ;
#6077 = UNCERTAINTY_MEASURE_WITH_UNIT (LENGTH_MEASURE( 1.000000000000000082E-05 ), #4318, 'distance_accuracy_value', 'NONE');
#6078 = CARTESIAN_POINT ( 'NONE',  ( -0.5604149365682948858, 1.034999999999999920, -0.3101462130629180081 ) ) ;
#6079 = CARTESIAN_POINT ( 'NONE',  ( 0.3635385003409744020, 1.024999999999999911, -1.082922609674822123 ) ) ;
#6080 = CARTESIAN_POINT ( 'NONE',  ( -0.07662259615384627021, 1.034999999999999920, 1.219501201923077538 ) ) ;
#6081 = CARTESIAN_POINT ( 'NONE',  ( -0.3557692307692307820, 1.034999999999999920, 0.9570312500000002220 ) ) ;
#6082 = FILL_AREA_STYLE_COLOUR ( '', #227 ) ;
#6083 = CARTESIAN_POINT ( 'NONE',  ( -0.2398884097497334944, 1.034999999999999920, 1.406614822300994661 ) ) ;
#6084 = ORIENTED_EDGE ( 'NONE', *, *, #4997, .F. ) ;
#6085 = VECTOR ( 'NONE', #2914, 1000.000000000000000 ) ;
#6086 = CARTESIAN_POINT ( 'NONE',  ( 0.4230769230769230171, 1.034999999999999920, 0.9711538461538463674 ) ) ;
#6087 = CARTESIAN_POINT ( 'NONE',  ( -0.01171875000000011796, 1.024999999999999689, 0.8365384615384620082 ) ) ;
#6088 = CARTESIAN_POINT ( 'NONE',  ( 0.3222324144415747993, 1.034999999999999920, 1.449348915395678894 ) ) ;
#6089 = CARTESIAN_POINT ( 'NONE',  ( -0.5917129518049482062, 1.034999999999999920, -0.07157377934745505488 ) ) ;
#6090 = B_SPLINE_CURVE_WITH_KNOTS ( 'NONE', 3,
 ( #172, #6354, #2256, #790, #5793, #2750, #5346, #1802, #2298, #317, #231, #3317, #1244 ),
 .UNSPECIFIED., .F., .F.,
 ( 4, 1, 1, 1, 1, 1, 1, 1, 1, 1, 4 ),
 ( 0.000000000000000000, 0.1241996726524872002, 0.2368296581100276799, 0.3394949853062822487, 0.4312535100312247516, 0.5114548721194183134, 0.5812230366234584222, 0.6404953748643703593, 0.6883082049320180529, 0.8503329734146882757, 1.000000000000000000 ),
 .UNSPECIFIED. ) ;
#6091 = ORIENTED_EDGE ( 'NONE', *, *, #1745, .T. ) ;
#6092 = APPLICATION_PROTOCOL_DEFINITION ( 'draft international standard', 'automotive_design', 1998, #4069 ) ;
#6093 =( NAMED_UNIT ( * ) PLANE_ANGLE_UNIT ( ) SI_UNIT ( $, .RADIAN. ) );
#6094 = CARTESIAN_POINT ( 'NONE',  ( 0.2381260191214930044, 1.024999999999999689, -0.8127853324200386975 ) ) ;
#6095 = CARTESIAN_POINT ( 'NONE',  ( 0.5174975620148425381, 1.034999999999999920, 0.7531031900268575496 ) ) ;
#6096 = ORIENTED_EDGE ( 'NONE', *, *, #2489, .F. ) ;
#6097 = PRESENTATION_LAYER_ASSIGNMENT (  '', '', ( #2319 ) ) ;
#6098 = MECHANICAL_DESIGN_GEOMETRIC_PRESENTATION_REPRESENTATION (  '', ( #5876 ), #5300 ) ;
#6099 = ORIENTED_EDGE ( 'NONE', *, *, #5486, .F. ) ;
#6100 = CARTESIAN_POINT ( 'NONE',  ( -0.4796274038461533773, 1.034999999999999920, -0.5255408653846154188 ) ) ;
#6101 = SURFACE_SIDE_STYLE ('',( #4315 ) ) ;
#6102 = ORIENTED_EDGE ( 'NONE', *, *, #582, .F. ) ;
#6103 = SURFACE_SIDE_STYLE ('',( #5804 ) ) ;
#6104 = ORIENTED_EDGE ( 'NONE', *, *, #607, .F. ) ;
#6105 = CARTESIAN_POINT ( 'NONE',  ( 0.8500000000000005329, 1.024999999999999911, -0.3948317307692308376 ) ) ;
#6106 = CARTESIAN_POINT ( 'NONE',  ( -0.8365384615384615641, 1.034999999999999920, 1.500000000000000222 ) ) ;
#6107 = EDGE_CURVE ( 'NONE', #1980, #2455, #574, .T. ) ;
#6108 = PRESENTATION_LAYER_ASSIGNMENT (  '', '', ( #4993 ) ) ;
#6109 =( NAMED_UNIT ( * ) SI_UNIT ( $, .STERADIAN. ) SOLID_ANGLE_UNIT ( ) );
#6110 =( NAMED_UNIT ( * ) PLANE_ANGLE_UNIT ( ) SI_UNIT ( $, .RADIAN. ) );
#6111 = CARTESIAN_POINT ( 'NONE',  ( 0.6352748099598589659, 1.034999999999999920, 1.094640769511485479 ) ) ;
#6112 = CARTESIAN_POINT ( 'NONE',  ( -0.2241533231784429425, 1.024999999999999689, -1.063631701879000024 ) ) ;
#6113 = CARTESIAN_POINT ( 'NONE',  ( 0.4408052884615384359, 1.034999999999999920, 1.403846153846154188 ) ) ;
#6114 = CARTESIAN_POINT ( 'NONE',  ( -0.5486251326171897036, 1.034999999999999920, 0.09188366501596632874 ) ) ;
#6115 = EDGE_CURVE ( 'NONE', #3886, #2286, #2304, .T. ) ;
#6116 =( NAMED_UNIT ( * ) PLANE_ANGLE_UNIT ( ) SI_UNIT ( $, .RADIAN. ) );
#6117 = VECTOR ( 'NONE', #1697, 1000.000000000000000 ) ;
#6118 = DIRECTION ( 'NONE',  ( -0.000000000000000000, -1.000000000000000000, -0.000000000000000000 ) ) ;
#6119 = CARTESIAN_POINT ( 'NONE',  ( -0.3596203333734858121, 1.024999999999999467, 1.001524615184221645 ) ) ;
#6120 = CARTESIAN_POINT ( 'NONE',  ( 0.3593284318513517150, 1.024999999999999911, 0.8517178425193882019 ) ) ;
#6121 = UNCERTAINTY_MEASURE_WITH_UNIT (LENGTH_MEASURE( 1.000000000000000082E-05 ), #3695, 'distance_accuracy_value', 'NONE');
#6122 = CARTESIAN_POINT ( 'NONE',  ( 0.3172776075748721114, 1.024999999999999689, 1.482875074157175455 ) ) ;
#6123 = CARTESIAN_POINT ( 'NONE',  ( -0.5026283188875922958, 1.034999999999999698, -0.4737855873020376807 ) ) ;
#6124 = CARTESIAN_POINT ( 'NONE',  ( -0.1173514582644627630, 1.034999999999999920, 1.378555665817289499 ) ) ;
#6125 = EDGE_LOOP ( 'NONE', ( #4048, #5173, #3388, #6091 ) ) ;
#6126 = PLANE ( 'NONE',  #1705 ) ;
#6127 = CARTESIAN_POINT ( 'NONE',  ( -0.7208848868286070743, 1.034999999999999698, 0.7800866347188732952 ) ) ;
#6128 = DIRECTION ( 'NONE',  ( 0.000000000000000000, 0.000000000000000000, 1.000000000000000000 ) ) ;
#6129 = CARTESIAN_POINT ( 'NONE',  ( 0.4890306126040769308, 1.024999999999999911, -0.9797866819997160803 ) ) ;
#6130 = ORIENTED_EDGE ( 'NONE', *, *, #1486, .F. ) ;
#6131 = SURFACE_STYLE_USAGE ( .BOTH. , #4598 ) ;
#6132 = CARTESIAN_POINT ( 'NONE',  ( 0.7850000000000001421, -1.075000000000000178, 1.574999999999999956 ) ) ;
#6133 = CARTESIAN_POINT ( 'NONE',  ( 0.6963868235130904472, 1.035000000000000142, 0.9969243262400653283 ) ) ;
#6134 = CARTESIAN_POINT ( 'NONE',  ( -0.6464977844380425109, 1.025000000000000133, 0.8451883045114931825 ) ) ;
#6135 = CARTESIAN_POINT ( 'NONE',  ( 0.6436831158791836982, 1.024999999999999689, 0.8562443421471485072 ) ) ;
#6136 = CARTESIAN_POINT ( 'NONE',  ( -0.5865384615384614531, 1.024999999999999911, 0.7500000000000002220 ) ) ;
#6137 = B_SPLINE_CURVE_WITH_KNOTS ( 'NONE', 3,
 ( #2289, #3498, #1804, #5374, #5863, #1264, #1757, #1317, #4901, #339, #5885 ),
 .UNSPECIFIED., .F., .F.,
 ( 4, 1, 1, 1, 1, 1, 1, 1, 4 ),
 ( 0.000000000000000000, 0.1390472363260269462, 0.2672817901977418975, 0.3883655965705407609, 0.5081835141449939641, 0.6286263012378519033, 0.7487570598606410055, 0.8695887494414636931, 1.000000000000000000 ),
 .UNSPECIFIED. ) ;
#6138 = CARTESIAN_POINT ( 'NONE',  ( 0.6123197115384620970, 1.024999999999999689, -0.2848557692307692180 ) ) ;
#6139 = ORIENTED_EDGE ( 'NONE', *, *, #598, .F. ) ;
#6140 =( LENGTH_UNIT ( ) NAMED_UNIT ( * ) SI_UNIT ( .MILLI., .METRE. ) );
#6141 = CARTESIAN_POINT ( 'NONE',  ( 0.1946089425212500224, 1.035000000000000142, -1.106241961477663294 ) ) ;
#6142 = CARTESIAN_POINT ( 'NONE',  ( 0.3345879600521213804, 1.034999999999999920, 0.9132441222960760996 ) ) ;
#6143 = VECTOR ( 'NONE', #2474, 1000.000000000000000 ) ;
#6144 = CARTESIAN_POINT ( 'NONE',  ( 0.3269230769230769273, 1.034999999999999920, 0.9615384615384617861 ) ) ;
#6145 = MECHANICAL_DESIGN_GEOMETRIC_PRESENTATION_REPRESENTATION (  '', ( #2083 ), #2672 ) ;
#6146 = ORIENTED_EDGE ( 'NONE', *, *, #5663, .F. ) ;
#6147 = FACE_OUTER_BOUND ( 'NONE', #4768, .T. ) ;
#6148 = CIRCLE ( 'NONE', #1585, 0.1500000000000001887 ) ;
#6149 = CARTESIAN_POINT ( 'NONE',  ( -0.06617652215147054595, 1.034999999999999920, -1.160870314755158672 ) ) ;
#6150 = CARTESIAN_POINT ( 'NONE',  ( -0.7649954426006994046, 1.024999999999999911, -0.08212192723225118784 ) ) ;
#6151 = CARTESIAN_POINT ( 'NONE',  ( -0.1235576923076918271, 1.035000000000000142, -1.129507211538461675 ) ) ;
#6152 = CARTESIAN_POINT ( 'NONE',  ( -0.8125654580808538974, 1.034999999999999698, 0.8912785242938491281 ) ) ;
#6153 = PRESENTATION_LAYER_ASSIGNMENT (  '', '', ( #4458 ) ) ;
#6154 = CARTESIAN_POINT ( 'NONE',  ( -1.999999999999999556, 1.024999999999999911, -1.850000000000000977 ) ) ;
#6155 = CARTESIAN_POINT ( 'NONE',  ( -0.2575560412400347277, 1.034999999999999920, 1.466193585245457287 ) ) ;
#6156 = EDGE_CURVE ( 'NONE', #5713, #5528, #6452, .T. ) ;
#6157 = CARTESIAN_POINT ( 'NONE',  ( 0.4620248136474141565, 1.035000000000000364, 0.8721003435082631539 ) ) ;
#6158 = CARTESIAN_POINT ( 'NONE',  ( 0.03068762072057684698, 1.034999999999999920, 0.8412721904612346924 ) ) ;
#6159 = CARTESIAN_POINT ( 'NONE',  ( -1.849999999999999645, 1.024999999999999911, 1.849999999999999423 ) ) ;
#6160 = CARTESIAN_POINT ( 'NONE',  ( -0.4973557692307689071, 1.024999999999999911, -0.8061899038461539657 ) ) ;
#6161 = CARTESIAN_POINT ( 'NONE',  ( 0.6925913694554859390, 1.025000000000000133, 0.9106923435533436084 ) ) ;
#6162 = EDGE_CURVE ( 'NONE', #4447, #5023, #5557, .T. ) ;
#6163 = FACE_OUTER_BOUND ( 'NONE', #3051, .T. ) ;
#6164 = CARTESIAN_POINT ( 'NONE',  ( -0.5938550817833943007, 1.024999999999999689, 0.8366581879303759406 ) ) ;
#6165 = CIRCLE ( 'NONE', #3122, 0.04999999999999991257 ) ;
#6166 = CARTESIAN_POINT ( 'NONE',  ( -0.6599501028923885348, 1.034999999999999698, 0.2256499305191311811 ) ) ;
#6167 = CARTESIAN_POINT ( 'NONE',  ( -0.3559759492377870815, 1.024999999999999911, 0.9644531001897752587 ) ) ;
#6168 = CARTESIAN_POINT ( 'NONE',  ( 0.3269230769230769273, 1.034999999999999920, 0.9615384615384617861 ) ) ;
#6169 = CARTESIAN_POINT ( 'NONE',  ( 0.4230769230769230171, 1.024999999999999689, 0.9711538461538463674 ) ) ;
#6170 = UNCERTAINTY_MEASURE_WITH_UNIT (LENGTH_MEASURE( 1.000000000000000082E-05 ), #1619, 'distance_accuracy_value', 'NONE');
#6171 = LINE ( 'NONE', #2354, #6299 ) ;
#6172 = ADVANCED_FACE ( 'NONE', ( #4153 ), #5615, .T. ) ;
#6173 = CARTESIAN_POINT ( 'NONE',  ( -0.4796274038461533773, 1.024999999999999467, -0.5255408653846154188 ) ) ;
#6174 = CARTESIAN_POINT ( 'NONE',  ( -0.5633607858752271991, 1.024999999999999911, 0.2980271123610587769 ) ) ;
#6175 = CARTESIAN_POINT ( 'NONE',  ( -0.1400841346153841038, 1.034999999999999920, -0.9344951923076924016 ) ) ;
#6176 = CARTESIAN_POINT ( 'NONE',  ( 0.6533318338817487581, 1.034999999999999698, 1.209179511122381312 ) ) ;
#6177 = ORIENTED_EDGE ( 'NONE', *, *, #3961, .T. ) ;
#6178 = COLOUR_RGB ( '',1.000000000000000000, 1.000000000000000000, 1.000000000000000000 ) ;
#6179 = DIRECTION ( 'NONE',  ( 0.000000000000000000, 1.000000000000000000, 0.000000000000000000 ) ) ;
#6180 = CARTESIAN_POINT ( 'NONE',  ( 0.4115203108548788347, 1.034999999999999920, -1.238454280651613892 ) ) ;
#6181 = ORIENTED_EDGE ( 'NONE', *, *, #6043, .F. ) ;
#6182 = CARTESIAN_POINT ( 'NONE',  ( -0.1400985703205436250, 1.024999999999999911, -1.119468603191276168 ) ) ;
#6183 = CARTESIAN_POINT ( 'NONE',  ( 0.01716579795666443170, 1.034999999999999920, 0.8385928700513111123 ) ) ;
#6184 = CARTESIAN_POINT ( 'NONE',  ( -1.849999999999999645, 1.024999999999999911, 2.000000000000000000 ) ) ;
#6185 =( LENGTH_UNIT ( ) NAMED_UNIT ( * ) SI_UNIT ( .MILLI., .METRE. ) );
#6186 = CARTESIAN_POINT ( 'NONE',  ( 0.1102579278943475599, 1.024999999999999911, 0.2288260439057090145 ) ) ;
#6187 =( NAMED_UNIT ( * ) SI_UNIT ( $, .STERADIAN. ) SOLID_ANGLE_UNIT ( ) );
#6188 = EDGE_LOOP ( 'NONE', ( #3919, #3930, #4609, #4604 ) ) ;
#6189 =( NAMED_UNIT ( * ) PLANE_ANGLE_UNIT ( ) SI_UNIT ( $, .RADIAN. ) );
#6190 = CARTESIAN_POINT ( 'NONE',  ( 0.2009946833897158780, 1.034999999999999920, 0.1830551119440699814 ) ) ;
#6191 = EDGE_CURVE ( 'NONE', #2495, #37, #3440, .T. ) ;
#6192 = CARTESIAN_POINT ( 'NONE',  ( -0.1385919756317040841, 1.034999999999999476, 0.9028740862858287697 ) ) ;
#6193 = CARTESIAN_POINT ( 'NONE',  ( 0.05883690797237183662, 1.034999999999999920, -1.055260754117563593 ) ) ;
#6194 = CARTESIAN_POINT ( 'NONE',  ( 0.6870280247242083194, 1.034999999999999920, 1.177012512762981800 ) ) ;
#6195 = CARTESIAN_POINT ( 'NONE',  ( 0.4160778691295344833, 1.024999999999999689, -0.8630590810234309851 ) ) ;
#6196 = EDGE_CURVE ( 'NONE', #170, #1744, #3306, .T. ) ;
#6197 = VECTOR ( 'NONE', #376, 1000.000000000000000 ) ;
#6198 = CARTESIAN_POINT ( 'NONE',  ( -0.8264723557692307265, 1.034999999999999920, 1.433293269230769384 ) ) ;
#6199 = CARTESIAN_POINT ( 'NONE',  ( 0.6873969098756016471, 1.025000000000000133, -0.3498868159651466470 ) ) ;
#6200 = CARTESIAN_POINT ( 'NONE',  ( -0.2743334047121316344, 1.024999999999999911, -1.025083165816942810 ) ) ;
#6201 =( NAMED_UNIT ( * ) PLANE_ANGLE_UNIT ( ) SI_UNIT ( $, .RADIAN. ) );
#6202 = CARTESIAN_POINT ( 'NONE',  ( -0.1538461538461539935, 1.034999999999999920, 0.9711538461538465894 ) ) ;
#6203 = VERTEX_POINT ( 'NONE', #3172 ) ;
#6204 = PRESENTATION_STYLE_ASSIGNMENT (( #4324 ) ) ;
#6205 = CARTESIAN_POINT ( 'NONE',  ( 0.4521246565727102262, 1.024999999999999911, 0.7708032052688806868 ) ) ;
#6206 = CARTESIAN_POINT ( 'NONE',  ( -0.8365685462712814102, 1.024999999999999689, 1.482875074157175455 ) ) ;
#6207 = FACE_OUTER_BOUND ( 'NONE', #433, .T. ) ;
#6208 = PRESENTATION_STYLE_ASSIGNMENT (( #497 ) ) ;
#6209 = CARTESIAN_POINT ( 'NONE',  ( -0.1536681768224490985, 1.034999999999999920, 0.9660415190853475220 ) ) ;
#6210 = CARTESIAN_POINT ( 'NONE',  ( 0.08407600387111015261, 1.025000000000000133, 1.064245337337989206 ) ) ;
#6211 = CARTESIAN_POINT ( 'NONE',  ( 0.2769830466595592511, 1.024999999999999911, -0.9742509001420098791 ) ) ;
#6212 = ORIENTED_EDGE ( 'NONE', *, *, #4130, .T. ) ;
#6213 = CARTESIAN_POINT ( 'NONE',  ( 0.2669692883178034215, 1.034999999999999920, -1.269100579367465675 ) ) ;
#6214 = CARTESIAN_POINT ( 'NONE',  ( 0.6369730754219823377, 1.024999999999999911, -0.3053373295392651787 ) ) ;
#6215 = ORIENTED_EDGE ( 'NONE', *, *, #6298, .F. ) ;
#6216 = CARTESIAN_POINT ( 'NONE',  ( 0.002947209758249406085, 1.034999999999999920, 0.8368940373264450727 ) ) ;
#6217 = FACE_OUTER_BOUND ( 'NONE', #1633, .T. ) ;
#6218 = CARTESIAN_POINT ( 'NONE',  ( -0.6707660692698956817, 1.024999999999999245, 0.8565253071957872333 ) ) ;
#6219 = FILL_AREA_STYLE ('',( #1719 ) ) ;
#6220 = ORIENTED_EDGE ( 'NONE', *, *, #424, .F. ) ;
#6221 = CARTESIAN_POINT ( 'NONE',  ( -0.5905545249870922664, 1.035000000000000364, -0.03364671067363699669 ) ) ;
#6222 = CARTESIAN_POINT ( 'NONE',  ( 0.8043269230769236611, 1.034999999999999920, -0.4615384615384615641 ) ) ;
#6223 =( GEOMETRIC_REPRESENTATION_CONTEXT ( 3 ) GLOBAL_UNCERTAINTY_ASSIGNED_CONTEXT ( ( #6077 ) ) GLOBAL_UNIT_ASSIGNED_CONTEXT ( ( #4318, #5858, #5835 ) ) REPRESENTATION_CONTEXT ( 'NONE', 'WORKASPACE' ) );
#6224 = CARTESIAN_POINT ( 'NONE',  ( -0.3798942471436822510, 1.034999999999999698, 0.8579668031823561858 ) ) ;
#6225 = LINE ( 'NONE', #5095, #365 ) ;
#6226 = CARTESIAN_POINT ( 'NONE',  ( 0.1225747516999135950, 1.024999999999999467, 0.9837818860903952967 ) ) ;
#6227 = DIRECTION ( 'NONE',  ( 3.516331370223257730E-16, 0.000000000000000000, 1.000000000000000000 ) ) ;
#6228 = EDGE_CURVE ( 'NONE', #1567, #5136, #1367, .T. ) ;
#6229 = CARTESIAN_POINT ( 'NONE',  ( 0.3117942002809458990, 1.034999999999999698, -1.267440639392174884 ) ) ;
#6230 = CARTESIAN_POINT ( 'NONE',  ( -0.7253338131151673140, 1.024999999999999911, 0.9276918119063907175 ) ) ;
#6231 = CARTESIAN_POINT ( 'NONE',  ( 0.4529646715677454472, 1.024999999999999911, 0.8814623108698970144 ) ) ;
#6232 = CARTESIAN_POINT ( 'NONE',  ( -0.8269230769230769829, 1.034999999999999920, 0.9615384615384617861 ) ) ;
#6233 = CARTESIAN_POINT ( 'NONE',  ( -0.7305912537455258038, 1.024999999999999911, 0.9660415190853473000 ) ) ;
#6234 = CARTESIAN_POINT ( 'NONE',  ( 0.06676003895610660432, 1.024999999999999911, 0.8562443421471487293 ) ) ;
#6235 = EDGE_LOOP ( 'NONE', ( #3678, #4282, #5185, #4446 ) ) ;
#6236 = CARTESIAN_POINT ( 'NONE',  ( 0.2209471276852897070, 1.034999999999999920, 0.9644531001897752587 ) ) ;
#6237 = CARTESIAN_POINT ( 'NONE',  ( -0.5712790676093170150, 1.035000000000000586, 0.04666810681196591898 ) ) ;
#6238 = CARTESIAN_POINT ( 'NONE',  ( -0.4108255261337867559, 1.034999999999999920, 1.113162156003708159 ) ) ;
#6239 = EDGE_LOOP ( 'NONE', ( #4350, #5962, #4167, #2210 ) ) ;
#6240 = CARTESIAN_POINT ( 'NONE',  ( -0.4912033807344199365, 1.034999999999999920, 0.7644335898809586638 ) ) ;
#6241 = CARTESIAN_POINT ( 'NONE',  ( -0.1917685378852437006, 1.035000000000000142, -0.8908502233264575798 ) ) ;
#6242 = CARTESIAN_POINT ( 'NONE',  ( 0.7014330080714856752, 1.034999999999999920, 1.162661105553342678 ) ) ;
#6243 = ORIENTED_EDGE ( 'NONE', *, *, #3680, .F. ) ;
#6244 = CARTESIAN_POINT ( 'NONE',  ( 0.4376011954984548313, 1.024999999999999911, -1.218838853150802537 ) ) ;
#6245 = EDGE_CURVE ( 'NONE', #1438, #4703, #31, .T. ) ;
#6246 = CARTESIAN_POINT ( 'NONE',  ( 0.2571514423076928235, 1.034999999999999920, -1.269230769230769162 ) ) ;
#6247 = CARTESIAN_POINT ( 'NONE',  ( -0.7208848868286070743, 1.034999999999999698, 0.7800866347188732952 ) ) ;
#6248 = ORIENTED_EDGE ( 'NONE', *, *, #3961, .F. ) ;
#6249 = CARTESIAN_POINT ( 'NONE',  ( -0.6707660692698956817, 1.034999999999999254, 0.8565253071957872333 ) ) ;
#6250 = SURFACE_STYLE_USAGE ( .BOTH. , #2217 ) ;
#6251 = CARTESIAN_POINT ( 'NONE',  ( -0.4524131457746682905, 1.024999999999999911, 1.162661105553342455 ) ) ;
#6252 = LINE ( 'NONE', #3769, #2872 ) ;
#6253 = CARTESIAN_POINT ( 'NONE',  ( -0.1484107361920903312, 1.034999999999999920, 0.9276918119063909396 ) ) ;
#6254 = CARTESIAN_POINT ( 'NONE',  ( -0.5433698671232168875, 1.034999999999999920, -0.3657578123004284198 ) ) ;
#6255 = SURFACE_SIDE_STYLE ('',( #3643 ) ) ;
#6256 = FACE_OUTER_BOUND ( 'NONE', #196, .T. ) ;
#6257 = UNCERTAINTY_MEASURE_WITH_UNIT (LENGTH_MEASURE( 1.000000000000000082E-05 ), #4050, 'distance_accuracy_value', 'NONE');
#6258 = VERTEX_POINT ( 'NONE', #4157 ) ;
#6259 = CARTESIAN_POINT ( 'NONE',  ( -0.7653846153846148859, 1.034999999999999920, -0.09855769230769233225 ) ) ;
#6260 = CARTESIAN_POINT ( 'NONE',  ( 0.5035675598360680461, 1.034999999999999920, -1.008896259176364385 ) ) ;
#6261 = CARTESIAN_POINT ( 'NONE',  ( -0.2596454693482048159, 1.034999999999999698, 1.482875074157175677 ) ) ;
#6262 = CARTESIAN_POINT ( 'NONE',  ( -0.6812626622298580958, 1.024999999999999911, 0.7631169127271655306 ) ) ;
#6263 = CARTESIAN_POINT ( 'NONE',  ( -0.7155150525547808726, 1.034999999999999698, 0.9028740862858284366 ) ) ;
#6264 = CARTESIAN_POINT ( 'NONE',  ( 0.05698605073057927406, 1.034999999999999698, 1.226931528156839368 ) ) ;
#6265 = SURFACE_SIDE_STYLE ('',( #5580 ) ) ;
#6266 = COLOUR_RGB ( '',1.000000000000000000, 1.000000000000000000, 1.000000000000000000 ) ;
#6267 = CARTESIAN_POINT ( 'NONE',  ( -0.3557692307692307820, 1.034999999999999920, 0.9570312500000002220 ) ) ;
#6268 = ORIENTED_EDGE ( 'NONE', *, *, #4312, .T. ) ;
#6269 = ADVANCED_FACE ( 'NONE', ( #3135 ), #2973, .T. ) ;
#6270 = CLOSED_SHELL ( 'NONE', ( #4556, #1049, #4371, #1379, #769, #6269, #1416, #3165, #3589, #6371, #1316, #186, #5373, #1459, #3000, #3356, #2917, #5606, #6297, #1877, #2401, #5302, #4728, #5441, #804, #3939, #3234, #5190, #3313, #4891, #3419, #5736, #809, #2341, #1275, #3868, #2337, #4303, #4762, #6368, #5779, #4823, #2618, #2060, #6335, #4722, #2775, #2185, #6172, #452, #5945, #6402, #285, #5882, #1246, #3386, #1343, #872, #4521, #3171, #3902, #2844, #1915, #4370, #3196, #2842, #5403, #2879, #1844, #842, #319, #1216, #192, #3664, #3800, #2766, #4922, #3804, #2213, #4047, #4785, #5853, #2918, #6436, #2025, #5820, #3100, #5063, #1781, #5240 ) ) ;
#6271 = CARTESIAN_POINT ( 'NONE',  ( 0.2242582968817667943, 1.025000000000000133, -0.9044005330044534441 ) ) ;
#6272 = CARTESIAN_POINT ( 'NONE',  ( 0.01595167423189602571, 1.034999999999999920, 0.7504378068874776320 ) ) ;
#6273 = CARTESIAN_POINT ( 'NONE',  ( -0.01171875000000011796, 1.024999999999999911, 0.8365384615384620082 ) ) ;
#6274 = CARTESIAN_POINT ( 'NONE',  ( 0.4830800845762579510, 1.024999999999999689, 0.8565253071957876774 ) ) ;
#6275 = VERTEX_POINT ( 'NONE', #1636 ) ;
#6276 =( GEOMETRIC_REPRESENTATION_CONTEXT ( 3 ) GLOBAL_UNCERTAINTY_ASSIGNED_CONTEXT ( ( #3493 ) ) GLOBAL_UNIT_ASSIGNED_CONTEXT ( ( #4942, #1406, #4443 ) ) REPRESENTATION_CONTEXT ( 'NONE', 'WORKASPACE' ) );
#6277 = CARTESIAN_POINT ( 'NONE',  ( 0.09788400270781720536, 1.034999999999999920, 0.07050238987258904133 ) ) ;
#6278 = CARTESIAN_POINT ( 'NONE',  ( -0.4522385491860982931, 1.024999999999999689, 0.9708214919927355968 ) ) ;
#6279 = CARTESIAN_POINT ( 'NONE',  ( -0.2546906624815021281, 1.034999999999999920, 1.449348915395679116 ) ) ;
#6280 = CARTESIAN_POINT ( 'NONE',  ( 0.4688939157507855948, 1.024999999999999911, -0.9446510893511390616 ) ) ;
#6281 = CARTESIAN_POINT ( 'NONE',  ( -0.7831691428522710163, 1.025000000000000133, 0.8340822251097764761 ) ) ;
#6282 = ORIENTED_EDGE ( 'NONE', *, *, #2850, .T. ) ;
#6283 = COLOUR_RGB ( '',1.000000000000000000, 1.000000000000000000, 1.000000000000000000 ) ;
#6284 = VECTOR ( 'NONE', #4820, 1000.000000000000000 ) ;
#6285 = CARTESIAN_POINT ( 'NONE',  ( -0.4826368000288684401, 1.024999999999999911, 1.192704292644374497 ) ) ;
#6286 = CARTESIAN_POINT ( 'NONE',  ( 0.4408052884615384359, 1.034999999999999920, 1.403846153846154188 ) ) ;
#6287 = MECHANICAL_DESIGN_GEOMETRIC_PRESENTATION_REPRESENTATION (  '', ( #5519 ), #2448 ) ;
#6288 = CARTESIAN_POINT ( 'NONE',  ( -0.1917685378852437006, 1.035000000000000142, -0.8908502233264575798 ) ) ;
#6289 = CARTESIAN_POINT ( 'NONE',  ( -0.2500000000000001110, 1.034999999999999920, 0.9615384615384620082 ) ) ;
#6290 = EDGE_CURVE ( 'NONE', #650, #3113, #5331, .T. ) ;
#6291 = SURFACE_SIDE_STYLE ('',( #850 ) ) ;
#6292 = LINE ( 'NONE', #4220, #5828 ) ;
#6293 = CARTESIAN_POINT ( 'NONE',  ( -0.5555546696689843689, 1.034999999999999698, -0.7305463340797554439 ) ) ;
#6294 = CARTESIAN_POINT ( 'NONE',  ( -0.3557692307692307820, 1.024999999999999911, 0.9570312500000002220 ) ) ;
#6295 = CARTESIAN_POINT ( 'NONE',  ( 0.2362522088696082101, 1.025000000000000133, -1.268604448015735908 ) ) ;
#6296 = CARTESIAN_POINT ( 'NONE',  ( -0.7059367106789888879, 1.024999999999999911, 1.263398958623645596 ) ) ;
#6297 = ADVANCED_FACE ( 'NONE', ( #4795 ), #1536, .T. ) ;
#6298 = EDGE_CURVE ( 'NONE', #113, #5393, #6028, .T. ) ;
#6299 = VECTOR ( 'NONE', #5417, 1000.000000000000000 ) ;
#6300 = STYLED_ITEM ( 'NONE', ( #2257 ), #4823 ) ;
#6301 = EDGE_CURVE ( 'NONE', #6303, #175, #1922, .T. ) ;
#6302 = CARTESIAN_POINT ( 'NONE',  ( -0.2495492788461539657, 1.034999999999999920, 1.433293269230769607 ) ) ;
#6303 = VERTEX_POINT ( 'NONE', #6246 ) ;
#6304 = CARTESIAN_POINT ( 'NONE',  ( -0.8264723557692307265, 1.024999999999999911, 1.433293269230769384 ) ) ;
#6305 =( NAMED_UNIT ( * ) SI_UNIT ( $, .STERADIAN. ) SOLID_ANGLE_UNIT ( ) );
#6306 = CARTESIAN_POINT ( 'NONE',  ( -0.1400985703205436250, 1.025000000000000133, -1.119468603191276168 ) ) ;
#6307 = MECHANICAL_DESIGN_GEOMETRIC_PRESENTATION_REPRESENTATION (  '', ( #3963 ), #1596 ) ;
#6308 = CARTESIAN_POINT ( 'NONE',  ( -0.6118870285339792492, 1.025000000000000133, 0.7505253949516117462 ) ) ;
#6309 =( NAMED_UNIT ( * ) SI_UNIT ( $, .STERADIAN. ) SOLID_ANGLE_UNIT ( ) );
#6310 = ORIENTED_EDGE ( 'NONE', *, *, #540, .F. ) ;
#6311 = CARTESIAN_POINT ( 'NONE',  ( -0.4147596292107220695, 1.024999999999999467, -0.6422062183519512413 ) ) ;
#6312 = CARTESIAN_POINT ( 'NONE',  ( -0.3559759492377870815, 1.024999999999999689, 0.9644531001897752587 ) ) ;
#6313 = CARTESIAN_POINT ( 'NONE',  ( -0.4591161513292428276, 1.034999999999999698, -0.8516618147757765156 ) ) ;
#6314 = SURFACE_STYLE_USAGE ( .BOTH. , #4369 ) ;
#6315 = ORIENTED_EDGE ( 'NONE', *, *, #1964, .T. ) ;
#6316 = CARTESIAN_POINT ( 'NONE',  ( -0.7130408653846154188, 1.034999999999999920, 1.403846153846154188 ) ) ;
#6317 = CARTESIAN_POINT ( 'NONE',  ( -0.3927084994808447416, 1.024999999999999467, 0.1873888445340720077 ) ) ;
#6318 = CARTESIAN_POINT ( 'NONE',  ( 0.1430149535067584410, 1.035000000000000142, 0.7952156366747701322 ) ) ;
#6319 = CARTESIAN_POINT ( 'NONE',  ( -0.2884295631976929175, 1.034999999999999476, -0.7970381332304498079 ) ) ;
#6320 = CARTESIAN_POINT ( 'NONE',  ( -0.6535456730769231282, 1.024999999999999911, 1.219501201923077316 ) ) ;
#6321 = LINE ( 'NONE', #3341, #2709 ) ;
#6322 = DIRECTION ( 'NONE',  ( -0.000000000000000000, -1.000000000000000000, -0.000000000000000000 ) ) ;
#6323 = CARTESIAN_POINT ( 'NONE',  ( 0.5225040702412534488, 1.034999999999999920, -1.055883598833726289 ) ) ;
#6324 = CARTESIAN_POINT ( 'NONE',  ( -0.4664608461556046803, 1.034999999999999920, 0.9000261689353128425 ) ) ;
#6325 = CARTESIAN_POINT ( 'NONE',  ( 0.4479094431671649668, 1.025000000000000133, 1.263398958623645596 ) ) ;
#6326 = STYLED_ITEM ( 'NONE', ( #5802 ), #1877 ) ;
#6327 = B_SPLINE_CURVE_WITH_KNOTS ( 'NONE', 3,
 ( #3684, #4182, #604, #2096, #5638, #4671, #4203, #3717, #2176, #1637, #3151, #83, #1659, #2137, #658, #579, #3642, #1138, #6136 ),
 .UNSPECIFIED., .F., .F.,
 ( 4, 1, 1, 1, 1, 1, 1, 1, 1, 1, 1, 1, 1, 1, 1, 1, 4 ),
 ( 0.000000000000000000, 0.07067529020333017387, 0.1374926938441249080, 0.2014728253723050977, 0.2628693217722904429, 0.3225500865261560213, 0.3807372513385547941, 0.4382197368560123429, 0.4954874370602860845, 0.5534836796953477300, 0.6113462062294291455, 0.6706437388141555100, 0.7315869484227132125, 0.7941831937999380697, 0.8594451119347494839, 0.9282076353998096607, 0.9999999999999998890 ),
 .UNSPECIFIED. ) ;
#6328 = CARTESIAN_POINT ( 'NONE',  ( 0.8500000000000005329, 1.024999999999999689, -0.3948317307692308376 ) ) ;
#6329 = CARTESIAN_POINT ( 'NONE',  ( 0.7558993943418096384, 1.025000000000000133, -0.2316214222362033837 ) ) ;
#6330 = CARTESIAN_POINT ( 'NONE',  ( -0.4231165145142969375, 1.024999999999999911, 0.1811361825164377326 ) ) ;
#6331 =( NAMED_UNIT ( * ) SI_UNIT ( $, .STERADIAN. ) SOLID_ANGLE_UNIT ( ) );
#6332 = CARTESIAN_POINT ( 'NONE',  ( 0.3731240515489665510, 1.024999999999999689, -0.8134077580378032968 ) ) ;
#6333 = CARTESIAN_POINT ( 'NONE',  ( 0.7978702046083667732, 1.034999999999999920, 0.9644531001897752587 ) ) ;
#6334 = VERTEX_POINT ( 'NONE', #5291 ) ;
#6335 = ADVANCED_FACE ( 'NONE', ( #4945 ), #824, .T. ) ;
#6336 = PRESENTATION_LAYER_ASSIGNMENT (  '', '', ( #338 ) ) ;
#6337 = CARTESIAN_POINT ( 'NONE',  ( 0.8493852422833564342, 1.025000000000000133, -0.3780622130387988888 ) ) ;
#6338 = FILL_AREA_STYLE ('',( #1758 ) ) ;
#6339 = DIRECTION ( 'NONE',  ( -0.000000000000000000, -1.000000000000000000, -0.000000000000000000 ) ) ;
#6340 = CARTESIAN_POINT ( 'NONE',  ( -0.2113222727739264561, 1.024999999999999689, 1.355140911848129237 ) ) ;
#6341 = EDGE_CURVE ( 'NONE', #1385, #1438, #5491, .T. ) ;
#6342 = VECTOR ( 'NONE', #709, 1000.000000000000000 ) ;
#6343 = EDGE_CURVE ( 'NONE', #1744, #4657, #1295, .T. ) ;
#6344 = CARTESIAN_POINT ( 'NONE',  ( -0.5836790541168817015, 1.035000000000000142, 0.8366587838276424716 ) ) ;
#6345 = CARTESIAN_POINT ( 'NONE',  ( 0.7977342175872388363, 1.034999999999999920, -0.4548099921802073453 ) ) ;
#6346 = CARTESIAN_POINT ( 'NONE',  ( 0.3951000138174065035, 1.034999999999999920, -0.8359141373746954429 ) ) ;
#6347 = ORIENTED_EDGE ( 'NONE', *, *, #3696, .T. ) ;
#6348 = CARTESIAN_POINT ( 'NONE',  ( 0.7739519067024717147, 1.024999999999999467, 0.8579668031823564078 ) ) ;
#6349 = CARTESIAN_POINT ( 'NONE',  ( -0.4591161513292428276, 1.034999999999999920, -0.8516618147757765156 ) ) ;
#6350 =( NAMED_UNIT ( * ) PLANE_ANGLE_UNIT ( ) SI_UNIT ( $, .RADIAN. ) );
#6351 = COLOUR_RGB ( '',1.000000000000000000, 1.000000000000000000, 1.000000000000000000 ) ;
#6352 = CARTESIAN_POINT ( 'NONE',  ( 0.6369730754219823377, 1.034999999999999920, -0.3053373295392651787 ) ) ;
#6353 = CARTESIAN_POINT ( 'NONE',  ( -0.1617230206174459228, 1.034999999999999698, 0.7911853970708487838 ) ) ;
#6354 = CARTESIAN_POINT ( 'NONE',  ( 0.006501761106951204836, 1.034999999999999920, 1.270071547984030325 ) ) ;
#6355 = CARTESIAN_POINT ( 'NONE',  ( 0.7813705489506576063, 1.024999999999999245, 1.045491749235682333 ) ) ;
#6356 = PRESENTATION_LAYER_ASSIGNMENT (  '', '', ( #6035 ) ) ;
#6357 = CARTESIAN_POINT ( 'NONE',  ( 0.7637620192307699174, 1.025000000000000133, -0.2397836538461539380 ) ) ;
#6358 = ORIENTED_EDGE ( 'NONE', *, *, #5118, .F. ) ;
#6359 = ORIENTED_EDGE ( 'NONE', *, *, #6156, .F. ) ;
#6360 = CARTESIAN_POINT ( 'NONE',  ( -0.4231165145142969375, 1.024999999999999911, 0.1811361825164377326 ) ) ;
#6361 = CARTESIAN_POINT ( 'NONE',  ( -0.6590604033262992267, 1.035000000000000364, 0.8502074897336965309 ) ) ;
#6362 = CARTESIAN_POINT ( 'NONE',  ( 0.1863848271403546752, 1.025000000000000133, 0.8407290785386316578 ) ) ;
#6363 = PRESENTATION_STYLE_ASSIGNMENT (( #190 ) ) ;
#6364 = LINE ( 'NONE', #5591, #2600 ) ;
#6365 = VECTOR ( 'NONE', #302, 1000.000000000000000 ) ;
#6366 = CARTESIAN_POINT ( 'NONE',  ( -0.2500000000000001110, 1.034999999999999920, 0.9615384615384620082 ) ) ;
#6367 = CARTESIAN_POINT ( 'NONE',  ( 0.5136576272134638632, 1.024999999999999689, -1.030311827663808133 ) ) ;
#6368 = ADVANCED_FACE ( 'NONE', ( #492 ), #733, .T. ) ;
#6369 = CARTESIAN_POINT ( 'NONE',  ( 0.6407202261418077915, 1.034999999999999698, 0.7580082180372670342 ) ) ;
#6370 = DIRECTION ( 'NONE',  ( -0.9950371902099890420, 0.000000000000000000, -0.09950371902099883203 ) ) ;
#6371 = ADVANCED_FACE ( 'NONE', ( #4713, #2715, #3212 ), #3330, .F. ) ;
#6372 = CARTESIAN_POINT ( 'NONE',  ( -0.4543483252231629854, 1.034999999999999920, 0.9837818860903955187 ) ) ;
#6373 = CARTESIAN_POINT ( 'NONE',  ( 0.3345879600521213804, 1.034999999999999920, 0.9132441222960760996 ) ) ;
#6374 = LINE ( 'NONE', #456, #3724 ) ;
#6375 = B_SPLINE_CURVE_WITH_KNOTS ( 'NONE', 3,
 ( #1785, #2754, #6272, #4840, #3321, #3843, #255, #5798, #6318, #2736, #794, #1266, #2781, #5824, #1828, #2800, #751, #1230, #3261 ),
 .UNSPECIFIED., .F., .F.,
 ( 4, 1, 1, 1, 1, 1, 1, 1, 1, 1, 1, 1, 1, 1, 1, 1, 4 ),
 ( 0.000000000000000000, 0.07471189030450103852, 0.1455392023749084995, 0.2133390572509725469, 0.2786150735384709809, 0.3420941969414982298, 0.4038900759591955714, 0.4650633525655206157, 0.5265767363834864545, 0.5873283340287679399, 0.6463804557031437303, 0.7043453083753261623, 0.7616719489990788627, 0.8194178590468652601, 0.8780393997816821061, 0.9377955090070549948, 1.000000000000000000 ),
 .UNSPECIFIED. ) ;
#6376 = FILL_AREA_STYLE ('',( #4875 ) ) ;
#6377 =( NAMED_UNIT ( * ) PLANE_ANGLE_UNIT ( ) SI_UNIT ( $, .RADIAN. ) );
#6378 = CARTESIAN_POINT ( 'NONE',  ( -0.3516370337865993290, 1.035000000000000364, 0.3457236207892979141 ) ) ;
#6379 = UNCERTAINTY_MEASURE_WITH_UNIT (LENGTH_MEASURE( 1.000000000000000082E-05 ), #2664, 'distance_accuracy_value', 'NONE');
#6380 = CARTESIAN_POINT ( 'NONE',  ( 0.3269230769230766498, 1.024999999999999911, 0.9615384615384617861 ) ) ;
#6381 = CARTESIAN_POINT ( 'NONE',  ( -0.01681074385713555303, 1.024999999999999911, 0.2822056425516642486 ) ) ;
#6382 = ORIENTED_EDGE ( 'NONE', *, *, #2378, .T. ) ;
#6383 = CARTESIAN_POINT ( 'NONE',  ( 0.3647235576923080758, 1.024999999999999689, -1.085036057692307709 ) ) ;
#6384 = CARTESIAN_POINT ( 'NONE',  ( 0.09388689024133473060, 1.035000000000000142, 1.050369067633049713 ) ) ;
#6385 = CARTESIAN_POINT ( 'NONE',  ( 0.7980769230769230171, 1.034999999999999920, 0.9570312500000002220 ) ) ;
#6386 = CARTESIAN_POINT ( 'NONE',  ( 0.2175408176881483413, 1.024999999999999911, 0.9148849069587258187 ) ) ;
#6387 = ORIENTED_EDGE ( 'NONE', *, *, #1312, .T. ) ;
#6388 = ORIENTED_EDGE ( 'NONE', *, *, #3745, .T. ) ;
#6389 = PLANE ( 'NONE',  #4552 ) ;
#6390 =( LENGTH_UNIT ( ) NAMED_UNIT ( * ) SI_UNIT ( .MILLI., .METRE. ) );
#6391 = CARTESIAN_POINT ( 'NONE',  ( 0.5928747511549730120, 1.034999999999999698, 0.7504378068874770769 ) ) ;
#6392 = CARTESIAN_POINT ( 'NONE',  ( 0.6324642651280327765, 1.035000000000000142, 0.8499915930093840943 ) ) ;
#6393 = CARTESIAN_POINT ( 'NONE',  ( 0.3305557299090917112, 1.034999999999999920, 1.424506378665186146 ) ) ;
#6394 = ORIENTED_EDGE ( 'NONE', *, *, #2331, .F. ) ;
#6395 = FILL_AREA_STYLE ('',( #3468 ) ) ;
#6396 = VERTEX_POINT ( 'NONE', #1326 ) ;
#6397 = CARTESIAN_POINT ( 'NONE',  ( 0.6626427731117336961, 1.024999999999999911, 0.7644335898809585528 ) ) ;
#6398 = CARTESIAN_POINT ( 'NONE',  ( 0.7837557416071432304, 1.035000000000000364, -0.4405436568411988385 ) ) ;
#6399 = CARTESIAN_POINT ( 'NONE',  ( -0.2356423811577771921, 1.035000000000000364, 0.8912785242938495722 ) ) ;
#6400 = ORIENTED_EDGE ( 'NONE', *, *, #5573, .F. ) ;
#6401 = CARTESIAN_POINT ( 'NONE',  ( -0.2596254240763162247, 1.034999999999999920, 1.494285306604468122 ) ) ;
#6402 = ADVANCED_FACE ( 'NONE', ( #4455 ), #5227, .T. ) ;
#6403 = B_SPLINE_CURVE_WITH_KNOTS ( 'NONE', 3,
 ( #5307, #256, #2238, #5329, #6340, #2283, #3323, #4331, #796, #6052, #2873, #5332, #2804, #774, #1293 ),
 .UNSPECIFIED., .F., .F.,
 ( 4, 1, 1, 1, 1, 1, 1, 1, 1, 1, 1, 1, 4 ),
 ( 0.000000000000000000, 0.1003881431397105894, 0.2044067930373087150, 0.3106860830942074214, 0.4221572938827999333, 0.4806854607703736071, 0.5432381544526684314, 0.6094995045645642540, 0.6795546087742242447, 0.7538412220511749862, 0.8316406764893861103, 0.9138127068095904804, 1.000000000000000000 ),
 .UNSPECIFIED. ) ;
#6404 = CARTESIAN_POINT ( 'NONE',  ( -0.1439618099055302580, 1.024999999999999911, 0.7800866347188734062 ) ) ;
#6405 = CARTESIAN_POINT ( 'NONE',  ( 0.3149709885803871900, 1.024999999999999911, -1.107666567701245830 ) ) ;
#6406 = DIRECTION ( 'NONE',  ( -0.9950371902099890420, 0.000000000000000000, -0.09950371902099883203 ) ) ;
#6407 = DIRECTION ( 'NONE',  ( -1.000000000000000000, -0.000000000000000000, -0.000000000000000000 ) ) ;
#6408 = CARTESIAN_POINT ( 'NONE',  ( 0.4230769230769230171, 1.034999999999999920, 0.9711538461538463674 ) ) ;
#6409 = FILL_AREA_STYLE_COLOUR ( '', #2964 ) ;
#6410 = FILL_AREA_STYLE ('',( #5494 ) ) ;
#6411 = DIRECTION ( 'NONE',  ( 0.000000000000000000, 0.000000000000000000, -1.000000000000000000 ) ) ;
#6412 =( GEOMETRIC_REPRESENTATION_CONTEXT ( 3 ) GLOBAL_UNCERTAINTY_ASSIGNED_CONTEXT ( ( #91 ) ) GLOBAL_UNIT_ASSIGNED_CONTEXT ( ( #1372, #3916, #5914 ) ) REPRESENTATION_CONTEXT ( 'NONE', 'WORKASPACE' ) );
#6413 = CARTESIAN_POINT ( 'NONE',  ( 0.7018186768974628009, 1.024999999999999911, 0.9537176434545547865 ) ) ;
#6414 = MECHANICAL_DESIGN_GEOMETRIC_PRESENTATION_REPRESENTATION (  '', ( #3622 ), #4209 ) ;
#6415 = ORIENTED_EDGE ( 'NONE', *, *, #1122, .T. ) ;
#6416 = B_SPLINE_CURVE_WITH_KNOTS ( 'NONE', 3,
 ( #5068, #3548, #2039, #4626, #584, #3669, #3198, #4653, #4206, #69, #2605, #2674, #2627, #1142, #1644, #2120, #4699, #154, #4164 ),
 .UNSPECIFIED., .F., .F.,
 ( 4, 1, 1, 1, 1, 1, 1, 1, 1, 1, 1, 1, 1, 1, 1, 1, 4 ),
 ( 0.000000000000000000, 0.07471189030450103852, 0.1455392023749084995, 0.2133390572509725469, 0.2786150735384709809, 0.3420941969414982298, 0.4038900759591955714, 0.4650633525655206157, 0.5265767363834864545, 0.5873283340287679399, 0.6463804557031437303, 0.7043453083753261623, 0.7616719489990788627, 0.8194178590468652601, 0.8780393997816821061, 0.9377955090070549948, 1.000000000000000000 ),
 .UNSPECIFIED. ) ;
#6417 = CARTESIAN_POINT ( 'NONE',  ( 0.6188823064622549497, 1.024999999999999911, 1.111914594161550918 ) ) ;
#6418 = FILL_AREA_STYLE ('',( #2253 ) ) ;
#6419 = PRESENTATION_STYLE_ASSIGNMENT (( #2465 ) ) ;
#6420 = CARTESIAN_POINT ( 'NONE',  ( -0.2276339580243389726, 1.024999999999999689, 0.8706527266382478869 ) ) ;
#6421 = CARTESIAN_POINT ( 'NONE',  ( -0.2546906624815021281, 1.034999999999999920, 1.449348915395679116 ) ) ;
#6422 = EDGE_CURVE ( 'NONE', #336, #4811, #6137, .T. ) ;
#6423 = EDGE_LOOP ( 'NONE', ( #593, #5687, #4160, #5246 ) ) ;
#6424 = AXIS2_PLACEMENT_3D ( 'NONE', #5646, #2122, #586 ) ;
#6425 = COLOUR_RGB ( '',0.6470588235294117974, 0.5176470588235293491, 0.000000000000000000 ) ;
#6426 =( LENGTH_UNIT ( ) NAMED_UNIT ( * ) SI_UNIT ( .MILLI., .METRE. ) );
#6427 = PRESENTATION_STYLE_ASSIGNMENT (( #5650 ) ) ;
#6428 = SURFACE_SIDE_STYLE ('',( #1061 ) ) ;
#6429 = CARTESIAN_POINT ( 'NONE',  ( 0.5834248380300282033, 1.024999999999999911, 1.270071547984030103 ) ) ;
#6430 = CARTESIAN_POINT ( 'NONE',  ( 0.5759803543715629193, 1.034999999999999920, 0.7501485095022860650 ) ) ;
#6431 = EDGE_CURVE ( 'NONE', #53, #1512, #6321, .T. ) ;
#6432 = EDGE_LOOP ( 'NONE', ( #2928, #5551, #1350, #320, #5544, #4101, #4614, #2907 ) ) ;
#6433 = COLOUR_RGB ( '',1.000000000000000000, 1.000000000000000000, 1.000000000000000000 ) ;
#6434 = CARTESIAN_POINT ( 'NONE',  ( -0.5886418269230768718, 1.024999999999999689, 0.8365384615384617861 ) ) ;
#6435 = DIRECTION ( 'NONE',  ( -0.9950371902099890420, 0.000000000000000000, -0.09950371902099883203 ) ) ;
#6436 = ADVANCED_FACE ( 'NONE', ( #2784 ), #837, .T. ) ;
#6437 = CARTESIAN_POINT ( 'NONE',  ( 0.1245099311484084564, 1.024999999999999911, 1.162661105553342678 ) ) ;
#6438 = CARTESIAN_POINT ( 'NONE',  ( -0.06957470751496550032, 1.024999999999999911, 0.8451883045114930715 ) ) ;
#6439 = CARTESIAN_POINT ( 'NONE',  ( 0.7019230769230769829, 1.034999999999999920, 0.9579326923076925127 ) ) ;
#6440 = CARTESIAN_POINT ( 'NONE',  ( -0.8365485009993929300, 1.034999999999999920, 1.494285306604467900 ) ) ;
#6441 =( NAMED_UNIT ( * ) PLANE_ANGLE_UNIT ( ) SI_UNIT ( $, .RADIAN. ) );
#6442 = CARTESIAN_POINT ( 'NONE',  ( 0.1248955999743857903, 1.024999999999999911, 0.9537176434545550086 ) ) ;
#6443 = CARTESIAN_POINT ( 'NONE',  ( -0.2500000000000001110, 1.034999999999999920, 0.9615384615384620082 ) ) ;
#6444 = CARTESIAN_POINT ( 'NONE',  ( -0.4519230769230769273, 1.024999999999999911, 0.9579326923076925127 ) ) ;
#6445 = CARTESIAN_POINT ( 'NONE',  ( 0.7388950688223768770, 1.024999999999999689, -0.2139691438659765965 ) ) ;
#6446 = SURFACE_STYLE_FILL_AREA ( #4802 ) ;
#6447 = DIRECTION ( 'NONE',  ( 1.000000000000000000, 0.000000000000000000, 0.000000000000000000 ) ) ;
#6448 =( LENGTH_UNIT ( ) NAMED_UNIT ( * ) SI_UNIT ( .MILLI., .METRE. ) );
#6449 = CARTESIAN_POINT ( 'NONE',  ( -0.7089247792254714797, 1.034999999999999920, 0.8916546614439557761 ) ) ;
#6450 = CARTESIAN_POINT ( 'NONE',  ( 0.7019230769230769829, 1.024999999999999911, 0.9579326923076925127 ) ) ;
#6451 = CARTESIAN_POINT ( 'NONE',  ( 0.6203593329913960064, 1.034999999999999920, -0.2915349385491523559 ) ) ;
#6452 = B_SPLINE_CURVE_WITH_KNOTS ( 'NONE', 3,
 ( #4044, #3564, #557, #3539, #1070, #2568, #2479, #3515, #6013, #4557, #3023 ),
 .UNSPECIFIED., .F., .F.,
 ( 4, 1, 1, 1, 1, 1, 1, 1, 4 ),
 ( 0.000000000000000000, 0.1390472363260269462, 0.2672817901977418975, 0.3883655965705407609, 0.5081835141449939641, 0.6286263012378519033, 0.7487570598606410055, 0.8695887494414636931, 1.000000000000000000 ),
 .UNSPECIFIED. ) ;
#6453 = MECHANICAL_DESIGN_GEOMETRIC_PRESENTATION_REPRESENTATION (  '', ( #4587 ), #4449 ) ;
#6454 = CARTESIAN_POINT ( 'NONE',  ( -0.6167312096664295806, 1.024999999999999467, 1.308609899621553385 ) ) ;
#6455 = ORIENTED_EDGE ( 'NONE', *, *, #259, .T. ) ;
#6456 = CARTESIAN_POINT ( 'NONE',  ( -0.05428494132171902964, 1.035000000000000142, 1.320496778789090664 ) ) ;
#6457 = PRESENTATION_STYLE_ASSIGNMENT (( #3352 ) ) ;
#6458 = CARTESIAN_POINT ( 'NONE',  ( 0.2205332345556180185, 1.024999999999999467, 0.9793131793324545420 ) ) ;
#6459 = CARTESIAN_POINT ( 'NONE',  ( -0.1440344949841227684, 1.024999999999999911, 0.9148738954979118709 ) ) ;
#6460 = DIRECTION ( 'NONE',  ( -0.000000000000000000, -1.000000000000000000, -0.000000000000000000 ) ) ;
#6461 = CARTESIAN_POINT ( 'NONE',  ( 0.6407202261418077915, 1.024999999999999689, 0.7580082180372670342 ) ) ;
#6462 = ORIENTED_EDGE ( 'NONE', *, *, #1549, .F. ) ;
#6463 = MECHANICAL_DESIGN_GEOMETRIC_PRESENTATION_REPRESENTATION (  '', ( #54 ), #4813 ) ;
#6464 = DIRECTION ( 'NONE',  ( 0.000000000000000000, 0.000000000000000000, -1.000000000000000000 ) ) ;
#6465 = CARTESIAN_POINT ( 'NONE',  ( 0.1249999999999999167, 1.024999999999999911, 0.9579326923076928457 ) ) ;
#6466 = CARTESIAN_POINT ( 'NONE',  ( 0.4943847406355347252, 1.024999999999999911, 0.7572851291288786868 ) ) ;
#6467 = CARTESIAN_POINT ( 'NONE',  ( 0.3025240384615390798, 1.024999999999999911, -0.7884615384615384359 ) ) ;
#6468 = CARTESIAN_POINT ( 'NONE',  ( 0.09788400270781720536, 1.024999999999999911, 0.07050238987258904133 ) ) ;
#6469 = FILL_AREA_STYLE ('',( #2481 ) ) ;
#6470 = EDGE_CURVE ( 'NONE', #29, #5467, #4040, .T. ) ;
#6471 = EDGE_LOOP ( 'NONE', ( #3075, #566, #4269, #1065 ) ) ;
#6472 = CARTESIAN_POINT ( 'NONE',  ( -0.1043395853067812518, 1.025000000000000133, 0.7631169127271658637 ) ) ;
#6473 = CARTESIAN_POINT ( 'NONE',  ( -0.3593822592349284473, 1.034999999999999476, 0.9148849069587252636 ) ) ;
#6474 = CARTESIAN_POINT ( 'NONE',  ( 0.01307091346153835265, 1.034999999999999920, 1.264723557692308153 ) ) ;
#6475 = CARTESIAN_POINT ( 'NONE',  ( 0.7830146141232979806, 1.034999999999999920, 0.8759254739018295099 ) ) ;
#6476 = CARTESIAN_POINT ( 'NONE',  ( 0.5230769230769236611, 1.034999999999999920, -1.066406250000000000 ) ) ;
#6477 = EDGE_CURVE ( 'NONE', #1195, #3409, #1040, .T. ) ;
#6478 = ORIENTED_EDGE ( 'NONE', *, *, #1583, .F. ) ;
#6479 = CARTESIAN_POINT ( 'NONE',  ( 0.8500000000000005329, 1.024999999999999911, -0.3948317307692308376 ) ) ;
#6480 = CARTESIAN_POINT ( 'NONE',  ( 0.006501761106951204836, 1.024999999999999911, 1.270071547984030325 ) ) ;
#6481 = CARTESIAN_POINT ( 'NONE',  ( 0.2209471276852897070, 1.034999999999999920, 0.9644531001897752587 ) ) ;
#6482 = CARTESIAN_POINT ( 'NONE',  ( -0.1148982632756631039, 1.025000000000000133, 0.8721003435082631539 ) ) ;
#6483 = CARTESIAN_POINT ( 'NONE',  ( 0.6324642651280327765, 1.035000000000000142, 0.8499915930093840943 ) ) ;
#6484 = SHAPE_DEFINITION_REPRESENTATION ( #98, #2680 ) ;
#6485 = CARTESIAN_POINT ( 'NONE',  ( 0.6831307222215643460, 1.025000000000000355, 0.7728591684128820471 ) ) ;
#6486 = SURFACE_SIDE_STYLE ('',( #3605 ) ) ;
#6487 = EDGE_LOOP ( 'NONE', ( #4733, #5950, #4180, #2856 ) ) ;
#6488 = CARTESIAN_POINT ( 'NONE',  ( 0.05554118820495588388, 1.024999999999999911, 0.8499915930093845384 ) ) ;
#6489 = CARTESIAN_POINT ( 'NONE',  ( 0.5508732536577788386, 1.035000000000000142, -0.2345128082822559301 ) ) ;
#6490 = CARTESIAN_POINT ( 'NONE',  ( 0.7587114694767590484, 1.034999999999999920, 1.090131206510948969 ) ) ;
#6491 = CARTESIAN_POINT ( 'NONE',  ( 0.5214117085729133017, 1.025000000000000133, -0.03040106579908926840 ) ) ;
#6492 = CYLINDRICAL_SURFACE ( 'NONE', #5297, 0.04999999999999991257 ) ;
#6493 = B_SPLINE_CURVE_WITH_KNOTS ( 'NONE', 3,
 ( #5661, #3149, #4669, #4201, #578, #1159, #6200, #6112, #2665, #6182, #107 ),
 .UNSPECIFIED., .F., .F.,
 ( 4, 1, 1, 1, 1, 1, 1, 1, 4 ),
 ( 0.000000000000000000, 0.1171740342864737716, 0.2417654799937159205, 0.3710161078446976290, 0.5008421377049936396, 0.6310231612783387956, 0.7592138442397812215, 0.8831154682939466039, 1.000000000000000000 ),
 .UNSPECIFIED. ) ;
#6494 = CARTESIAN_POINT ( 'NONE',  ( 0.6339091276536564790, 1.025000000000000133, 1.226931528156839590 ) ) ;
#6495 = DIRECTION ( 'NONE',  ( 1.000000000000000000, 0.000000000000000000, -0.000000000000000000 ) ) ;
#6496 = CARTESIAN_POINT ( 'NONE',  ( 0.5099508101729233189, 1.034999999999999920, 1.211378676326421155 ) ) ;
#6497 = FILL_AREA_STYLE ('',( #3481 ) ) ;
#6498 = ORIENTED_EDGE ( 'NONE', *, *, #5038, .F. ) ;
#6499 = VECTOR ( 'NONE', #2820, 1000.000000000000000 ) ;
#6500 = UNCERTAINTY_MEASURE_WITH_UNIT (LENGTH_MEASURE( 1.000000000000000082E-05 ), #3136, 'distance_accuracy_value', 'NONE');
#6501 = CARTESIAN_POINT ( 'NONE',  ( -0.06617652215147054595, 1.024999999999999911, -1.160870314755158672 ) ) ;
#6502 = CARTESIAN_POINT ( 'NONE',  ( 0.2044474720275805402, 1.024999999999999245, 1.045491749235682555 ) ) ;
#6503 = CARTESIAN_POINT ( 'NONE',  ( 0.4940187244218740004, 1.034999999999999920, 1.224482152663802781 ) ) ;
#6504 = CARTESIAN_POINT ( 'NONE',  ( -0.8281944903926312662, 1.034999999999999698, 1.438671195898516331 ) ) ;
#6505 = EDGE_CURVE ( 'NONE', #3218, #3759, #5030, .T. ) ;
#6506 = CARTESIAN_POINT ( 'NONE',  ( 0.7979415460872331112, 1.024999999999999689, 0.9498072415089909848 ) ) ;
#6507 = CARTESIAN_POINT ( 'NONE',  ( -1.850000000000000089, 1.024999999999999911, -1.850000000000000977 ) ) ;
#6508 = FILL_AREA_STYLE_COLOUR ( '', #4825 ) ;
#6509 = LINE ( 'NONE', #2237, #3840 ) ;
#6510 = DIRECTION ( 'NONE',  ( 1.000000000000000000, 0.000000000000000000, -0.000000000000000000 ) ) ;
#6511 = CARTESIAN_POINT ( 'NONE',  ( -0.5886418269230768718, 1.025000000000000133, 0.8365384615384617861 ) ) ;
#6512 = B_SPLINE_CURVE_WITH_KNOTS ( 'NONE', 3,
 ( #5679, #4738, #6244, #3169, #3190, #5233, #126, #106, #2703, #3232, #3681 ),
 .UNSPECIFIED., .F., .F.,
 ( 4, 1, 1, 1, 1, 1, 1, 1, 4 ),
 ( 0.000000000000000000, 0.09667456401900831331, 0.2200460203467192732, 0.3580523530425036016, 0.5030958817993885779, 0.6465867356323256043, 0.7842179938026717645, 0.9050398087554584192, 0.9999999999999998890 ),
 .UNSPECIFIED. ) ;
#6513 = SURFACE_STYLE_USAGE ( .BOTH. , #5992 ) ;
#6514 = EDGE_CURVE ( 'NONE', #2666, #4773, #2501, .T. ) ;
#6515 = EDGE_LOOP ( 'NONE', ( #2797, #2575, #5045, #2729 ) ) ;
#6516 =( NAMED_UNIT ( * ) SI_UNIT ( $, .STERADIAN. ) SOLID_ANGLE_UNIT ( ) );
#6517 = CARTESIAN_POINT ( 'NONE',  ( 0.6860523257965557287, 1.034999999999999920, 1.023402570223235664 ) ) ;
#6518 = CARTESIAN_POINT ( 'NONE',  ( 0.2153846153846159794, 1.024999999999999911, -0.8756009615384615641 ) ) ;
#6519 = CIRCLE ( 'NONE', #1731, 0.04999999999999991257 ) ;
#6520 = LINE ( 'NONE', #999, #1164 ) ;
#6521 =( NAMED_UNIT ( * ) SI_UNIT ( $, .STERADIAN. ) SOLID_ANGLE_UNIT ( ) );
#6522 = COLOUR_RGB ( '',1.000000000000000000, 1.000000000000000000, 1.000000000000000000 ) ;
#6523 = CARTESIAN_POINT ( 'NONE',  ( 0.2874816416264610042, 1.034999999999999254, -1.113969992589462388 ) ) ;
#6524 = CARTESIAN_POINT ( 'NONE',  ( 0.3647235576923080758, 1.024999999999999689, -1.085036057692307709 ) ) ;
#6525 = DIRECTION ( 'NONE',  ( -1.000000000000000000, -0.000000000000000000, 0.000000000000000000 ) ) ;
#6526 = CARTESIAN_POINT ( 'NONE',  ( 0.02312946384105593958, 1.024999999999999689, 1.130708011491502019 ) ) ;
#6527 = CARTESIAN_POINT ( 'NONE',  ( 0.1944360828147558562, 1.025000000000000133, 1.067602144398379416 ) ) ;
#6528 = CARTESIAN_POINT ( 'NONE',  ( -0.08290435250120309352, 1.034999999999999920, 1.224482152663803225 ) ) ;
#6529 = CARTESIAN_POINT ( 'NONE',  ( 0.4641704701746396378, 1.024999999999999467, 1.248891001546740487 ) ) ;
#6530 = CARTESIAN_POINT ( 'NONE',  ( -0.7653846153846148859, 1.035000000000000142, -0.09855769230769233225 ) ) ;
#6531 = CARTESIAN_POINT ( 'NONE',  ( 0.5787413002458381417, 1.024999999999999911, 1.150978442549882352 ) ) ;
#6532 = CARTESIAN_POINT ( 'NONE',  ( 0.3172976528467607582, 1.034999999999999920, 1.494285306604467900 ) ) ;
#6533 = CARTESIAN_POINT ( 'NONE',  ( -0.3363150999152985099, 1.035000000000000142, 0.1921610990765486304 ) ) ;
#6534 = CARTESIAN_POINT ( 'NONE',  ( 0.01595167423189602571, 1.024999999999999689, 0.7504378068874776320 ) ) ;
#6535 = B_SPLINE_CURVE_WITH_KNOTS ( 'NONE', 3,
 ( #5338, #349, #4829, #1767, #4337, #2290, #6324, #3331, #287, #2383, #4950, #4477, #4408, #5912, #6003, #1926, #2905, #5980, #902 ),
 .UNSPECIFIED., .F., .F.,
 ( 4, 1, 1, 1, 1, 1, 1, 1, 1, 1, 1, 1, 1, 1, 1, 1, 4 ),
 ( 0.000000000000000000, 0.06176215676807093186, 0.1211739926536291034, 0.1794214068253154049, 0.2368434346502753529, 0.2943217954133982017, 0.3531909627945247765, 0.4127207064163247452, 0.4745221507037175046, 0.5370567441421365551, 0.5995913375805563827, 0.6623669793543065509, 0.7252456446794927070, 0.7903164461250805628, 0.8577243009540927998, 0.9272319523784934292, 1.000000000000000000 ),
 .UNSPECIFIED. ) ;
#6536 = CARTESIAN_POINT ( 'NONE',  ( -0.1320017023023945801, 1.035000000000000142, 0.8916546614439557761 ) ) ;
#6537 = CARTESIAN_POINT ( 'NONE',  ( 0.6188823064622549497, 1.034999999999999920, 1.111914594161550918 ) ) ;
#6538 = DIRECTION ( 'NONE',  ( -1.000000000000000000, -2.644395542647571273E-16, 0.000000000000000000 ) ) ;
#6539 = FILL_AREA_STYLE_COLOUR ( '', #2744 ) ;
#6540 = ORIENTED_EDGE ( 'NONE', *, *, #1, .F. ) ;
ENDSEC;
END-ISO-10303-21;
